ISO-10303-21;
HEADER;
FILE_DESCRIPTION((''),'2;1');
FILE_NAME('605ZZ_EA015','2025-12-19T16:14:44',('qinghui.yi'),(''),
'CREO PARAMETRIC BY PTC INC, 2019164','CREO PARAMETRIC BY PTC INC, 2019164','');
FILE_SCHEMA(('CONFIG_CONTROL_DESIGN','SHAPE_APPEARANCE_LAYERS_GROUPS'));
ENDSEC;
DATA;
#204=CARTESIAN_POINT('',(2.367260724315E0,0.E0,-5.59375E0));
#205=DIRECTION('',(0.E0,-1.E0,0.E0));
#206=DIRECTION('',(-7.808688094421E-1,0.E0,6.246950475556E-1));
#207=AXIS2_PLACEMENT_3D('',#204,#205,#206);
#209=CARTESIAN_POINT('',(2.210623081338E0,0.E0,0.E0));
#210=DIRECTION('',(1.E0,0.E0,0.E0));
#211=DIRECTION('',(0.E0,0.E0,1.E0));
#212=AXIS2_PLACEMENT_3D('',#209,#210,#211);
#214=CARTESIAN_POINT('',(2.210623081338E0,0.E0,0.E0));
#215=DIRECTION('',(1.E0,0.E0,0.E0));
#216=DIRECTION('',(0.E0,0.E0,-1.E0));
#217=AXIS2_PLACEMENT_3D('',#214,#215,#216);
#219=CARTESIAN_POINT('',(2.367260724315E0,0.E0,5.59375E0));
#220=DIRECTION('',(0.E0,1.E0,0.E0));
#221=DIRECTION('',(-7.808688094421E-1,0.E0,-6.246950475556E-1));
#222=AXIS2_PLACEMENT_3D('',#219,#220,#221);
#224=DIRECTION('',(-6.246950475541E-1,0.E0,7.808688094433E-1));
#225=VECTOR('',#224,3.163281059352E-1);
#226=CARTESIAN_POINT('',(2.408231682518E0,0.E0,5.221429134143E0));
#227=LINE('',#226,#225);
#228=DIRECTION('',(-6.246950475541E-1,0.E0,-7.808688094433E-1));
#229=VECTOR('',#228,3.163281059352E-1);
#230=CARTESIAN_POINT('',(2.408231682518E0,0.E0,-5.221429134143E0));
#231=LINE('',#230,#229);
#232=CARTESIAN_POINT('',(2.408231682518E0,0.E0,0.E0));
#233=DIRECTION('',(-1.E0,0.E0,0.E0));
#234=DIRECTION('',(0.E0,0.E0,-1.E0));
#235=AXIS2_PLACEMENT_3D('',#232,#233,#234);
#237=CARTESIAN_POINT('',(2.2E0,0.E0,5.054843788128E0));
#238=DIRECTION('',(0.E0,1.E0,0.E0));
#239=DIRECTION('',(7.808688094419E-1,0.E0,6.246950475558E-1));
#240=AXIS2_PLACEMENT_3D('',#237,#238,#239);
#242=CARTESIAN_POINT('',(2.2E0,0.E0,-5.054843788128E0));
#243=DIRECTION('',(0.E0,-1.E0,0.E0));
#244=DIRECTION('',(7.808688094419E-1,0.E0,-6.246950475558E-1));
#245=AXIS2_PLACEMENT_3D('',#242,#243,#244);
#247=CARTESIAN_POINT('',(2.408231682518E0,0.E0,0.E0));
#248=DIRECTION('',(-1.E0,0.E0,0.E0));
#249=DIRECTION('',(0.E0,0.E0,1.E0));
#250=AXIS2_PLACEMENT_3D('',#247,#248,#249);
#252=CARTESIAN_POINT('',(2.466666666667E0,0.E0,0.E0));
#253=DIRECTION('',(-1.E0,0.E0,0.E0));
#254=DIRECTION('',(0.E0,0.E0,1.E0));
#255=AXIS2_PLACEMENT_3D('',#252,#253,#254);
#257=CARTESIAN_POINT('',(2.466666666667E0,0.E0,0.E0));
#258=DIRECTION('',(-1.E0,0.E0,0.E0));
#259=DIRECTION('',(0.E0,0.E0,-1.E0));
#260=AXIS2_PLACEMENT_3D('',#257,#258,#259);
#262=CARTESIAN_POINT('',(2.466666666667E0,0.E0,0.E0));
#263=DIRECTION('',(1.E0,0.E0,0.E0));
#264=DIRECTION('',(0.E0,0.E0,-1.E0));
#265=AXIS2_PLACEMENT_3D('',#262,#263,#264);
#267=CARTESIAN_POINT('',(2.466666666667E0,0.E0,0.E0));
#268=DIRECTION('',(1.E0,0.E0,0.E0));
#269=DIRECTION('',(0.E0,0.E0,1.E0));
#270=AXIS2_PLACEMENT_3D('',#267,#268,#269);
#272=DIRECTION('',(1.E0,0.E0,0.E0));
#273=VECTOR('',#272,6.666666666700E-2);
#274=CARTESIAN_POINT('',(2.4E0,0.E0,3.85E0));
#275=LINE('',#274,#273);
#276=CARTESIAN_POINT('',(2.4E0,0.E0,0.E0));
#277=DIRECTION('',(1.E0,0.E0,0.E0));
#278=DIRECTION('',(0.E0,0.E0,-1.E0));
#279=AXIS2_PLACEMENT_3D('',#276,#277,#278);
#281=CARTESIAN_POINT('',(2.4E0,0.E0,0.E0));
#282=DIRECTION('',(1.E0,0.E0,0.E0));
#283=DIRECTION('',(0.E0,0.E0,1.E0));
#284=AXIS2_PLACEMENT_3D('',#281,#282,#283);
#286=CARTESIAN_POINT('',(2.4E0,0.E0,0.E0));
#287=DIRECTION('',(-1.E0,0.E0,0.E0));
#288=DIRECTION('',(0.E0,0.E0,1.E0));
#289=AXIS2_PLACEMENT_3D('',#286,#287,#288);
#291=CARTESIAN_POINT('',(2.4E0,0.E0,0.E0));
#292=DIRECTION('',(-1.E0,0.E0,0.E0));
#293=DIRECTION('',(0.E0,0.E0,-1.E0));
#294=AXIS2_PLACEMENT_3D('',#291,#292,#293);
#296=CARTESIAN_POINT('',(2.356173761889E0,0.E0,0.E0));
#297=DIRECTION('',(1.E0,0.E0,0.E0));
#298=DIRECTION('',(0.E0,0.E0,-1.E0));
#299=AXIS2_PLACEMENT_3D('',#296,#297,#298);
#301=CARTESIAN_POINT('',(2.2E0,0.E0,5.054843788128E0));
#302=DIRECTION('',(0.E0,1.E0,0.E0));
#303=DIRECTION('',(7.808688094435E-1,0.E0,6.246950475538E-1));
#304=AXIS2_PLACEMENT_3D('',#301,#302,#303);
#306=DIRECTION('',(-6.246950475539E-1,0.E0,-7.808688094434E-1));
#307=VECTOR('',#306,3.163281059366E-1);
#308=CARTESIAN_POINT('',(2.356173761889E0,0.E0,-5.179782797639E0));
#309=LINE('',#308,#307);
#310=DIRECTION('',(-6.246950475539E-1,0.E0,7.808688094434E-1));
#311=VECTOR('',#310,3.163281059366E-1);
#312=CARTESIAN_POINT('',(2.356173761889E0,0.E0,5.179782797639E0));
#313=LINE('',#312,#311);
#314=CARTESIAN_POINT('',(2.158565160708E0,0.E0,0.E0));
#315=DIRECTION('',(-1.E0,0.E0,0.E0));
#316=DIRECTION('',(0.E0,0.E0,-1.E0));
#317=AXIS2_PLACEMENT_3D('',#314,#315,#316);
#319=CARTESIAN_POINT('',(2.367260724315E0,0.E0,5.59375E0));
#320=DIRECTION('',(0.E0,1.E0,0.E0));
#321=DIRECTION('',(-7.808688094441E-1,0.E0,-6.246950475531E-1));
#322=AXIS2_PLACEMENT_3D('',#319,#320,#321);
#324=CARTESIAN_POINT('',(2.1E0,0.E0,0.E0));
#325=DIRECTION('',(1.E0,0.E0,0.E0));
#326=DIRECTION('',(0.E0,0.E0,-1.E0));
#327=AXIS2_PLACEMENT_3D('',#324,#325,#326);
#329=CARTESIAN_POINT('',(2.1E0,0.E0,0.E0));
#330=DIRECTION('',(1.E0,0.E0,0.E0));
#331=DIRECTION('',(0.E0,0.E0,1.E0));
#332=AXIS2_PLACEMENT_3D('',#329,#330,#331);
#334=CARTESIAN_POINT('',(2.1E0,0.E0,0.E0));
#335=DIRECTION('',(1.E0,0.E0,0.E0));
#336=DIRECTION('',(0.E0,0.E0,-1.E0));
#337=AXIS2_PLACEMENT_3D('',#334,#335,#336);
#339=CARTESIAN_POINT('',(2.1E0,0.E0,0.E0));
#340=DIRECTION('',(1.E0,0.E0,0.E0));
#341=DIRECTION('',(0.E0,0.E0,1.E0));
#342=AXIS2_PLACEMENT_3D('',#339,#340,#341);
#344=CARTESIAN_POINT('',(2.158565160708E0,0.E0,0.E0));
#345=DIRECTION('',(-1.E0,0.E0,0.E0));
#346=DIRECTION('',(0.E0,0.E0,1.E0));
#347=AXIS2_PLACEMENT_3D('',#344,#345,#346);
#349=CARTESIAN_POINT('',(2.367260724315E0,0.E0,-5.59375E0));
#350=DIRECTION('',(0.E0,-1.E0,0.E0));
#351=DIRECTION('',(-7.808688094441E-1,0.E0,6.246950475531E-1));
#352=AXIS2_PLACEMENT_3D('',#349,#350,#351);
#354=DIRECTION('',(-1.E0,0.E0,0.E0));
#355=VECTOR('',#354,1.163250300240E0);
#356=CARTESIAN_POINT('',(2.1E0,0.E0,-5.5E0));
#357=LINE('',#356,#355);
#358=DIRECTION('',(-1.E0,0.E0,0.E0));
#359=VECTOR('',#358,1.163250300240E0);
#360=CARTESIAN_POINT('',(2.1E0,0.E0,5.5E0));
#361=LINE('',#360,#359);
#362=CARTESIAN_POINT('',(9.367496997598E-1,0.E0,0.E0));
#363=DIRECTION('',(-1.E0,0.E0,0.E0));
#364=DIRECTION('',(0.E0,0.E0,-1.E0));
#365=AXIS2_PLACEMENT_3D('',#362,#363,#364);
#367=CARTESIAN_POINT('',(0.E0,0.E0,4.75E0));
#368=DIRECTION('',(0.E0,-1.E0,0.E0));
#369=DIRECTION('',(7.806247497998E-1,0.E0,6.25E-1));
#370=AXIS2_PLACEMENT_3D('',#367,#368,#369);
#372=CARTESIAN_POINT('',(0.E0,0.E0,4.75E0));
#373=DIRECTION('',(0.E0,-1.E0,0.E0));
#374=DIRECTION('',(0.E0,0.E0,1.E0));
#375=AXIS2_PLACEMENT_3D('',#372,#373,#374);
#377=CARTESIAN_POINT('',(-9.367496997598E-1,0.E0,0.E0));
#378=DIRECTION('',(1.E0,0.E0,0.E0));
#379=DIRECTION('',(0.E0,0.E0,1.E0));
#380=AXIS2_PLACEMENT_3D('',#377,#378,#379);
#382=CARTESIAN_POINT('',(0.E0,0.E0,-4.75E0));
#383=DIRECTION('',(0.E0,1.E0,0.E0));
#384=DIRECTION('',(0.E0,0.E0,-1.E0));
#385=AXIS2_PLACEMENT_3D('',#382,#383,#384);
#387=CARTESIAN_POINT('',(-9.367496997598E-1,0.E0,0.E0));
#388=DIRECTION('',(1.E0,0.E0,0.E0));
#389=DIRECTION('',(0.E0,0.E0,-1.E0));
#390=AXIS2_PLACEMENT_3D('',#387,#388,#389);
#392=CARTESIAN_POINT('',(9.367496997598E-1,0.E0,0.E0));
#393=DIRECTION('',(-1.E0,0.E0,0.E0));
#394=DIRECTION('',(0.E0,0.E0,1.E0));
#395=AXIS2_PLACEMENT_3D('',#392,#393,#394);
#397=CARTESIAN_POINT('',(0.E0,0.E0,-4.75E0));
#398=DIRECTION('',(0.E0,1.E0,0.E0));
#399=DIRECTION('',(7.806247497998E-1,0.E0,-6.25E-1));
#400=AXIS2_PLACEMENT_3D('',#397,#398,#399);
#402=DIRECTION('',(-1.E0,0.E0,0.E0));
#403=VECTOR('',#402,1.163250300240E0);
#404=CARTESIAN_POINT('',(-9.367496997598E-1,0.E0,-5.5E0));
#405=LINE('',#404,#403);
#406=DIRECTION('',(-1.E0,0.E0,0.E0));
#407=VECTOR('',#406,1.163250300240E0);
#408=CARTESIAN_POINT('',(-9.367496997598E-1,0.E0,5.5E0));
#409=LINE('',#408,#407);
#410=CARTESIAN_POINT('',(-2.1E0,0.E0,0.E0));
#411=DIRECTION('',(-1.E0,0.E0,0.E0));
#412=DIRECTION('',(0.E0,0.E0,1.E0));
#413=AXIS2_PLACEMENT_3D('',#410,#411,#412);
#415=CARTESIAN_POINT('',(-2.1E0,0.E0,0.E0));
#416=DIRECTION('',(-1.E0,0.E0,0.E0));
#417=DIRECTION('',(0.E0,0.E0,-1.E0));
#418=AXIS2_PLACEMENT_3D('',#415,#416,#417);
#420=CARTESIAN_POINT('',(-2.1E0,0.E0,0.E0));
#421=DIRECTION('',(-1.E0,0.E0,0.E0));
#422=DIRECTION('',(0.E0,0.E0,1.E0));
#423=AXIS2_PLACEMENT_3D('',#420,#421,#422);
#425=CARTESIAN_POINT('',(-2.1E0,0.E0,0.E0));
#426=DIRECTION('',(-1.E0,0.E0,0.E0));
#427=DIRECTION('',(0.E0,0.E0,-1.E0));
#428=AXIS2_PLACEMENT_3D('',#425,#426,#427);
#430=CARTESIAN_POINT('',(-2.158565160708E0,0.E0,0.E0));
#431=DIRECTION('',(1.E0,0.E0,0.E0));
#432=DIRECTION('',(0.E0,0.E0,-1.E0));
#433=AXIS2_PLACEMENT_3D('',#430,#431,#432);
#435=CARTESIAN_POINT('',(-2.367260724315E0,0.E0,5.59375E0));
#436=DIRECTION('',(0.E0,-1.E0,0.E0));
#437=DIRECTION('',(7.808688094441E-1,0.E0,-6.246950475531E-1));
#438=AXIS2_PLACEMENT_3D('',#435,#436,#437);
#440=CARTESIAN_POINT('',(-2.158565160708E0,0.E0,0.E0));
#441=DIRECTION('',(1.E0,0.E0,0.E0));
#442=DIRECTION('',(0.E0,0.E0,1.E0));
#443=AXIS2_PLACEMENT_3D('',#440,#441,#442);
#445=CARTESIAN_POINT('',(-2.367260724315E0,0.E0,-5.59375E0));
#446=DIRECTION('',(0.E0,1.E0,0.E0));
#447=DIRECTION('',(7.808688094441E-1,0.E0,6.246950475531E-1));
#448=AXIS2_PLACEMENT_3D('',#445,#446,#447);
#450=DIRECTION('',(6.246950475539E-1,0.E0,-7.808688094434E-1));
#451=VECTOR('',#450,3.163281059366E-1);
#452=CARTESIAN_POINT('',(-2.356173761889E0,0.E0,-5.179782797639E0));
#453=LINE('',#452,#451);
#454=CARTESIAN_POINT('',(-2.356173761889E0,0.E0,0.E0));
#455=DIRECTION('',(-1.E0,0.E0,0.E0));
#456=DIRECTION('',(0.E0,0.E0,-1.E0));
#457=AXIS2_PLACEMENT_3D('',#454,#455,#456);
#459=CARTESIAN_POINT('',(-2.2E0,0.E0,5.054843788128E0));
#460=DIRECTION('',(0.E0,-1.E0,0.E0));
#461=DIRECTION('',(-7.808688094435E-1,0.E0,6.246950475538E-1));
#462=AXIS2_PLACEMENT_3D('',#459,#460,#461);
#464=CARTESIAN_POINT('',(-2.2E0,0.E0,-5.054843788128E0));
#465=DIRECTION('',(0.E0,1.E0,0.E0));
#466=DIRECTION('',(-7.808688094435E-1,0.E0,-6.246950475538E-1));
#467=AXIS2_PLACEMENT_3D('',#464,#465,#466);
#469=CARTESIAN_POINT('',(-2.356173761889E0,0.E0,0.E0));
#470=DIRECTION('',(-1.E0,0.E0,0.E0));
#471=DIRECTION('',(0.E0,0.E0,1.E0));
#472=AXIS2_PLACEMENT_3D('',#469,#470,#471);
#474=CARTESIAN_POINT('',(-2.4E0,0.E0,0.E0));
#475=DIRECTION('',(-1.E0,0.E0,0.E0));
#476=DIRECTION('',(0.E0,0.E0,1.E0));
#477=AXIS2_PLACEMENT_3D('',#474,#475,#476);
#479=CARTESIAN_POINT('',(-2.4E0,0.E0,0.E0));
#480=DIRECTION('',(-1.E0,0.E0,0.E0));
#481=DIRECTION('',(0.E0,0.E0,-1.E0));
#482=AXIS2_PLACEMENT_3D('',#479,#480,#481);
#484=CARTESIAN_POINT('',(-2.4E0,0.E0,0.E0));
#485=DIRECTION('',(1.E0,0.E0,0.E0));
#486=DIRECTION('',(0.E0,0.E0,-1.E0));
#487=AXIS2_PLACEMENT_3D('',#484,#485,#486);
#489=CARTESIAN_POINT('',(-2.4E0,0.E0,0.E0));
#490=DIRECTION('',(1.E0,0.E0,0.E0));
#491=DIRECTION('',(0.E0,0.E0,1.E0));
#492=AXIS2_PLACEMENT_3D('',#489,#490,#491);
#494=DIRECTION('',(-1.E0,0.E0,0.E0));
#495=VECTOR('',#494,6.666666666700E-2);
#496=CARTESIAN_POINT('',(-2.4E0,0.E0,-3.85E0));
#497=LINE('',#496,#495);
#498=DIRECTION('',(-1.E0,0.E0,0.E0));
#499=VECTOR('',#498,6.666666666700E-2);
#500=CARTESIAN_POINT('',(-2.4E0,0.E0,3.85E0));
#501=LINE('',#500,#499);
#502=CARTESIAN_POINT('',(-2.466666666667E0,0.E0,0.E0));
#503=DIRECTION('',(1.E0,0.E0,0.E0));
#504=DIRECTION('',(0.E0,0.E0,-1.E0));
#505=AXIS2_PLACEMENT_3D('',#502,#503,#504);
#507=CARTESIAN_POINT('',(-2.466666666667E0,0.E0,0.E0));
#508=DIRECTION('',(1.E0,0.E0,0.E0));
#509=DIRECTION('',(0.E0,0.E0,1.E0));
#510=AXIS2_PLACEMENT_3D('',#507,#508,#509);
#512=CARTESIAN_POINT('',(-2.466666666667E0,0.E0,0.E0));
#513=DIRECTION('',(-1.E0,0.E0,0.E0));
#514=DIRECTION('',(0.E0,0.E0,1.E0));
#515=AXIS2_PLACEMENT_3D('',#512,#513,#514);
#517=CARTESIAN_POINT('',(-2.466666666667E0,0.E0,0.E0));
#518=DIRECTION('',(-1.E0,0.E0,0.E0));
#519=DIRECTION('',(0.E0,0.E0,-1.E0));
#520=AXIS2_PLACEMENT_3D('',#517,#518,#519);
#522=CARTESIAN_POINT('',(-2.408231682518E0,0.E0,0.E0));
#523=DIRECTION('',(1.E0,0.E0,0.E0));
#524=DIRECTION('',(0.E0,0.E0,-1.E0));
#525=AXIS2_PLACEMENT_3D('',#522,#523,#524);
#527=CARTESIAN_POINT('',(-2.2E0,0.E0,5.054843788128E0));
#528=DIRECTION('',(0.E0,-1.E0,0.E0));
#529=DIRECTION('',(-7.808688094419E-1,0.E0,6.246950475558E-1));
#530=AXIS2_PLACEMENT_3D('',#527,#528,#529);
#532=DIRECTION('',(6.246950475541E-1,0.E0,-7.808688094433E-1));
#533=VECTOR('',#532,3.163281059352E-1);
#534=CARTESIAN_POINT('',(-2.408231682518E0,0.E0,-5.221429134143E0));
#535=LINE('',#534,#533);
#536=DIRECTION('',(6.246950475541E-1,0.E0,7.808688094433E-1));
#537=VECTOR('',#536,3.163281059352E-1);
#538=CARTESIAN_POINT('',(-2.408231682518E0,0.E0,5.221429134143E0));
#539=LINE('',#538,#537);
#540=CARTESIAN_POINT('',(-2.210623081338E0,0.E0,0.E0));
#541=DIRECTION('',(-1.E0,0.E0,0.E0));
#542=DIRECTION('',(0.E0,0.E0,-1.E0));
#543=AXIS2_PLACEMENT_3D('',#540,#541,#542);
#545=CARTESIAN_POINT('',(-2.367260724315E0,0.E0,5.59375E0));
#546=DIRECTION('',(0.E0,-1.E0,0.E0));
#547=DIRECTION('',(7.808688094421E-1,0.E0,-6.246950475556E-1));
#548=AXIS2_PLACEMENT_3D('',#545,#546,#547);
#550=CARTESIAN_POINT('',(-2.367260724315E0,0.E0,-5.59375E0));
#551=DIRECTION('',(0.E0,1.E0,0.E0));
#552=DIRECTION('',(7.808688094421E-1,0.E0,6.246950475556E-1));
#553=AXIS2_PLACEMENT_3D('',#550,#551,#552);
#555=CARTESIAN_POINT('',(-2.210623081338E0,0.E0,0.E0));
#556=DIRECTION('',(-1.E0,0.E0,0.E0));
#557=DIRECTION('',(0.E0,0.E0,1.E0));
#558=AXIS2_PLACEMENT_3D('',#555,#556,#557);
#560=CARTESIAN_POINT('',(-2.166666666667E0,0.E0,0.E0));
#561=DIRECTION('',(1.E0,0.E0,0.E0));
#562=DIRECTION('',(0.E0,0.E0,-1.E0));
#563=AXIS2_PLACEMENT_3D('',#560,#561,#562);
#565=CARTESIAN_POINT('',(-2.166666666667E0,0.E0,0.E0));
#566=DIRECTION('',(1.E0,0.E0,0.E0));
#567=DIRECTION('',(0.E0,0.E0,1.E0));
#568=AXIS2_PLACEMENT_3D('',#565,#566,#567);
#570=CARTESIAN_POINT('',(-2.166666666667E0,0.E0,0.E0));
#571=DIRECTION('',(-1.E0,0.E0,0.E0));
#572=DIRECTION('',(0.E0,0.E0,1.E0));
#573=AXIS2_PLACEMENT_3D('',#570,#571,#572);
#575=CARTESIAN_POINT('',(-2.166666666667E0,0.E0,0.E0));
#576=DIRECTION('',(-1.E0,0.E0,0.E0));
#577=DIRECTION('',(0.E0,0.E0,-1.E0));
#578=AXIS2_PLACEMENT_3D('',#575,#576,#577);
#580=CARTESIAN_POINT('',(-2.2E0,0.E0,-5.6875E0));
#581=DIRECTION('',(0.E0,1.E0,0.E0));
#582=DIRECTION('',(1.E0,0.E0,0.E0));
#583=AXIS2_PLACEMENT_3D('',#580,#581,#582);
#585=CARTESIAN_POINT('',(-2.221450608885E0,0.E0,0.E0));
#586=DIRECTION('',(1.E0,0.E0,0.E0));
#587=DIRECTION('',(0.E0,0.E0,-1.E0));
#588=AXIS2_PLACEMENT_3D('',#585,#586,#587);
#590=CARTESIAN_POINT('',(-2.2E0,0.E0,5.6875E0));
#591=DIRECTION('',(0.E0,1.E0,0.E0));
#592=DIRECTION('',(-6.435182665527E-1,0.E0,7.654307549432E-1));
#593=AXIS2_PLACEMENT_3D('',#590,#591,#592);
#595=CARTESIAN_POINT('',(-2.221450608885E0,0.E0,0.E0));
#596=DIRECTION('',(1.E0,0.E0,0.E0));
#597=DIRECTION('',(0.E0,0.E0,1.E0));
#598=AXIS2_PLACEMENT_3D('',#595,#596,#597);
#600=DIRECTION('',(7.654307549444E-1,0.E0,-6.435182665513E-1));
#601=VECTOR('',#600,1.772180859844E-1);
#602=CARTESIAN_POINT('',(-2.357098782230E0,0.E0,-5.598971283004E0));
#603=LINE('',#602,#601);
#604=CARTESIAN_POINT('',(-2.357098782230E0,0.E0,0.E0));
#605=DIRECTION('',(-1.E0,0.E0,0.E0));
#606=DIRECTION('',(0.E0,0.E0,-1.E0));
#607=AXIS2_PLACEMENT_3D('',#604,#605,#606);
#609=DIRECTION('',(-6.435182665521E-1,-1.037888162278E-14,7.654307549438E-1));
#610=VECTOR('',#609,6.666666666662E-2);
#611=CARTESIAN_POINT('',(-2.357098782230E0,0.E0,5.598971283004E0));
#612=LINE('',#611,#610);
#613=CARTESIAN_POINT('',(-2.4E0,0.E0,0.E0));
#614=DIRECTION('',(-1.E0,0.E0,0.E0));
#615=DIRECTION('',(0.E0,0.E0,-1.E0));
#616=AXIS2_PLACEMENT_3D('',#613,#614,#615);
#618=DIRECTION('',(-1.E0,0.E0,0.E0));
#619=VECTOR('',#618,1.E-1);
#620=CARTESIAN_POINT('',(-2.4E0,0.E0,5.65E0));
#621=LINE('',#620,#619);
#622=CARTESIAN_POINT('',(-2.4E0,0.E0,0.E0));
#623=DIRECTION('',(-1.E0,0.E0,0.E0));
#624=DIRECTION('',(0.E0,0.E0,1.E0));
#625=AXIS2_PLACEMENT_3D('',#622,#623,#624);
#627=DIRECTION('',(-1.E0,0.E0,0.E0));
#628=VECTOR('',#627,1.E-1);
#629=CARTESIAN_POINT('',(-2.4E0,0.E0,-5.65E0));
#630=LINE('',#629,#628);
#631=CARTESIAN_POINT('',(-2.357098782230E0,0.E0,0.E0));
#632=DIRECTION('',(-1.E0,0.E0,0.E0));
#633=DIRECTION('',(0.E0,0.E0,1.E0));
#634=AXIS2_PLACEMENT_3D('',#631,#632,#633);
#636=DIRECTION('',(-6.435182665521E-1,1.037888162278E-14,-7.654307549438E-1));
#637=VECTOR('',#636,6.666666666662E-2);
#638=CARTESIAN_POINT('',(-2.357098782230E0,0.E0,-5.598971283004E0));
#639=LINE('',#638,#637);
#640=DIRECTION('',(7.654307549444E-1,0.E0,6.435182665513E-1));
#641=VECTOR('',#640,1.772180859844E-1);
#642=CARTESIAN_POINT('',(-2.357098782230E0,0.E0,5.598971283004E0));
#643=LINE('',#642,#641);
#644=CARTESIAN_POINT('',(-2.5E0,0.E0,0.E0));
#645=DIRECTION('',(1.E0,0.E0,0.E0));
#646=DIRECTION('',(0.E0,0.E0,-1.E0));
#647=AXIS2_PLACEMENT_3D('',#644,#645,#646);
#649=CARTESIAN_POINT('',(-2.5E0,0.E0,0.E0));
#650=DIRECTION('',(1.E0,0.E0,0.E0));
#651=DIRECTION('',(0.E0,0.E0,1.E0));
#652=AXIS2_PLACEMENT_3D('',#649,#650,#651);
#654=CARTESIAN_POINT('',(-2.5E0,0.E0,0.E0));
#655=DIRECTION('',(-1.E0,0.E0,0.E0));
#656=DIRECTION('',(0.E0,0.E0,1.E0));
#657=AXIS2_PLACEMENT_3D('',#654,#655,#656);
#659=CARTESIAN_POINT('',(-2.5E0,0.E0,0.E0));
#660=DIRECTION('',(-1.E0,0.E0,0.E0));
#661=DIRECTION('',(0.E0,0.E0,-1.E0));
#662=AXIS2_PLACEMENT_3D('',#659,#660,#661);
#664=CARTESIAN_POINT('',(-2.3E0,0.E0,0.E0));
#665=DIRECTION('',(1.E0,0.E0,0.E0));
#666=DIRECTION('',(0.E0,0.E0,-1.E0));
#667=AXIS2_PLACEMENT_3D('',#664,#665,#666);
#669=CARTESIAN_POINT('',(-2.3E0,0.E0,6.8E0));
#670=DIRECTION('',(0.E0,-1.E0,0.E0));
#671=DIRECTION('',(0.E0,0.E0,1.E0));
#672=AXIS2_PLACEMENT_3D('',#669,#670,#671);
#674=DIRECTION('',(-1.E0,0.E0,0.E0));
#675=VECTOR('',#674,4.6E0);
#676=CARTESIAN_POINT('',(2.3E0,0.E0,7.E0));
#677=LINE('',#676,#675);
#678=CARTESIAN_POINT('',(2.3E0,0.E0,6.8E0));
#679=DIRECTION('',(0.E0,-1.E0,0.E0));
#680=DIRECTION('',(1.E0,0.E0,0.E0));
#681=AXIS2_PLACEMENT_3D('',#678,#679,#680);
#683=CARTESIAN_POINT('',(2.3E0,0.E0,0.E0));
#684=DIRECTION('',(-1.E0,0.E0,0.E0));
#685=DIRECTION('',(0.E0,0.E0,1.E0));
#686=AXIS2_PLACEMENT_3D('',#683,#684,#685);
#688=CARTESIAN_POINT('',(2.5E0,0.E0,0.E0));
#689=DIRECTION('',(-1.E0,0.E0,0.E0));
#690=DIRECTION('',(0.E0,0.E0,1.E0));
#691=AXIS2_PLACEMENT_3D('',#688,#689,#690);
#693=CARTESIAN_POINT('',(2.5E0,0.E0,0.E0));
#694=DIRECTION('',(-1.E0,0.E0,0.E0));
#695=DIRECTION('',(0.E0,0.E0,-1.E0));
#696=AXIS2_PLACEMENT_3D('',#693,#694,#695);
#698=CARTESIAN_POINT('',(2.5E0,0.E0,0.E0));
#699=DIRECTION('',(1.E0,0.E0,0.E0));
#700=DIRECTION('',(0.E0,0.E0,-1.E0));
#701=AXIS2_PLACEMENT_3D('',#698,#699,#700);
#703=CARTESIAN_POINT('',(2.5E0,0.E0,0.E0));
#704=DIRECTION('',(1.E0,0.E0,0.E0));
#705=DIRECTION('',(0.E0,0.E0,1.E0));
#706=AXIS2_PLACEMENT_3D('',#703,#704,#705);
#708=CARTESIAN_POINT('',(2.3E0,0.E0,-6.8E0));
#709=DIRECTION('',(0.E0,1.E0,0.E0));
#710=DIRECTION('',(1.E0,0.E0,0.E0));
#711=AXIS2_PLACEMENT_3D('',#708,#709,#710);
#713=CARTESIAN_POINT('',(2.3E0,0.E0,0.E0));
#714=DIRECTION('',(-1.E0,0.E0,0.E0));
#715=DIRECTION('',(0.E0,0.E0,-1.E0));
#716=AXIS2_PLACEMENT_3D('',#713,#714,#715);
#718=DIRECTION('',(-1.E0,0.E0,0.E0));
#719=VECTOR('',#718,4.6E0);
#720=CARTESIAN_POINT('',(2.3E0,0.E0,-7.E0));
#721=LINE('',#720,#719);
#722=CARTESIAN_POINT('',(-2.3E0,0.E0,-6.8E0));
#723=DIRECTION('',(0.E0,1.E0,0.E0));
#724=DIRECTION('',(0.E0,0.E0,-1.E0));
#725=AXIS2_PLACEMENT_3D('',#722,#723,#724);
#727=CARTESIAN_POINT('',(-2.3E0,0.E0,0.E0));
#728=DIRECTION('',(1.E0,0.E0,0.E0));
#729=DIRECTION('',(0.E0,0.E0,1.E0));
#730=AXIS2_PLACEMENT_3D('',#727,#728,#729);
#732=CARTESIAN_POINT('',(2.4E0,0.E0,0.E0));
#733=DIRECTION('',(-1.E0,0.E0,0.E0));
#734=DIRECTION('',(0.E0,0.E0,1.E0));
#735=AXIS2_PLACEMENT_3D('',#732,#733,#734);
#737=DIRECTION('',(-1.E0,0.E0,0.E0));
#738=VECTOR('',#737,1.E-1);
#739=CARTESIAN_POINT('',(2.5E0,0.E0,-5.65E0));
#740=LINE('',#739,#738);
#741=DIRECTION('',(6.435182665521E-1,0.E0,7.654307549438E-1));
#742=VECTOR('',#741,6.666666666662E-2);
#743=CARTESIAN_POINT('',(2.357098782230E0,0.E0,5.598971283004E0));
#744=LINE('',#743,#742);
#745=DIRECTION('',(6.435182665521E-1,0.E0,-7.654307549438E-1));
#746=VECTOR('',#745,6.666666666662E-2);
#747=CARTESIAN_POINT('',(2.357098782230E0,0.E0,-5.598971283004E0));
#748=LINE('',#747,#746);
#749=CARTESIAN_POINT('',(2.4E0,0.E0,0.E0));
#750=DIRECTION('',(-1.E0,0.E0,0.E0));
#751=DIRECTION('',(0.E0,0.E0,-1.E0));
#752=AXIS2_PLACEMENT_3D('',#749,#750,#751);
#754=DIRECTION('',(-1.E0,0.E0,0.E0));
#755=VECTOR('',#754,1.E-1);
#756=CARTESIAN_POINT('',(2.5E0,0.E0,5.65E0));
#757=LINE('',#756,#755);
#758=DIRECTION('',(-7.654307549444E-1,0.E0,6.435182665513E-1));
#759=VECTOR('',#758,1.772180859844E-1);
#760=CARTESIAN_POINT('',(2.357098782230E0,0.E0,5.598971283004E0));
#761=LINE('',#760,#759);
#762=CARTESIAN_POINT('',(2.357098782230E0,0.E0,0.E0));
#763=DIRECTION('',(-1.E0,0.E0,0.E0));
#764=DIRECTION('',(0.E0,0.E0,-1.E0));
#765=AXIS2_PLACEMENT_3D('',#762,#763,#764);
#767=CARTESIAN_POINT('',(2.357098782230E0,0.E0,0.E0));
#768=DIRECTION('',(-1.E0,0.E0,0.E0));
#769=DIRECTION('',(0.E0,0.E0,1.E0));
#770=AXIS2_PLACEMENT_3D('',#767,#768,#769);
#772=DIRECTION('',(-7.654307549444E-1,0.E0,-6.435182665513E-1));
#773=VECTOR('',#772,1.772180859844E-1);
#774=CARTESIAN_POINT('',(2.357098782230E0,0.E0,-5.598971283004E0));
#775=LINE('',#774,#773);
#776=CARTESIAN_POINT('',(2.2E0,0.E0,5.6875E0));
#777=DIRECTION('',(0.E0,1.E0,0.E0));
#778=DIRECTION('',(-1.E0,0.E0,0.E0));
#779=AXIS2_PLACEMENT_3D('',#776,#777,#778);
#781=CARTESIAN_POINT('',(2.221450608885E0,0.E0,0.E0));
#782=DIRECTION('',(-1.E0,0.E0,0.E0));
#783=DIRECTION('',(0.E0,0.E0,1.E0));
#784=AXIS2_PLACEMENT_3D('',#781,#782,#783);
#786=CARTESIAN_POINT('',(2.2E0,0.E0,-5.6875E0));
#787=DIRECTION('',(0.E0,1.E0,0.E0));
#788=DIRECTION('',(6.435182665527E-1,0.E0,-7.654307549432E-1));
#789=AXIS2_PLACEMENT_3D('',#786,#787,#788);
#791=CARTESIAN_POINT('',(2.166666666667E0,0.E0,0.E0));
#792=DIRECTION('',(-1.E0,0.E0,0.E0));
#793=DIRECTION('',(0.E0,0.E0,1.E0));
#794=AXIS2_PLACEMENT_3D('',#791,#792,#793);
#796=CARTESIAN_POINT('',(2.166666666667E0,0.E0,0.E0));
#797=DIRECTION('',(-1.E0,0.E0,0.E0));
#798=DIRECTION('',(0.E0,0.E0,-1.E0));
#799=AXIS2_PLACEMENT_3D('',#796,#797,#798);
#801=CARTESIAN_POINT('',(2.166666666667E0,0.E0,0.E0));
#802=DIRECTION('',(1.E0,0.E0,0.E0));
#803=DIRECTION('',(0.E0,0.E0,-1.E0));
#804=AXIS2_PLACEMENT_3D('',#801,#802,#803);
#806=CARTESIAN_POINT('',(2.166666666667E0,0.E0,0.E0));
#807=DIRECTION('',(1.E0,0.E0,0.E0));
#808=DIRECTION('',(0.E0,0.E0,1.E0));
#809=AXIS2_PLACEMENT_3D('',#806,#807,#808);
#811=CARTESIAN_POINT('',(2.221450608885E0,0.E0,0.E0));
#812=DIRECTION('',(-1.E0,0.E0,0.E0));
#813=DIRECTION('',(0.E0,0.E0,-1.E0));
#814=AXIS2_PLACEMENT_3D('',#811,#812,#813);
#816=CARTESIAN_POINT('',(-2.2E0,0.E0,-5.054843788128E0));
#817=DIRECTION('',(0.E0,1.E0,0.E0));
#818=DIRECTION('',(-7.808688094419E-1,0.E0,-6.246950475558E-1));
#819=AXIS2_PLACEMENT_3D('',#816,#817,#818);
#821=CARTESIAN_POINT('',(-2.408231682518E0,0.E0,0.E0));
#822=DIRECTION('',(1.E0,0.E0,0.E0));
#823=DIRECTION('',(0.E0,0.E0,1.E0));
#824=AXIS2_PLACEMENT_3D('',#821,#822,#823);
#826=DIRECTION('',(6.246950475539E-1,0.E0,7.808688094434E-1));
#827=VECTOR('',#826,3.163281059366E-1);
#828=CARTESIAN_POINT('',(-2.356173761889E0,0.E0,5.179782797639E0));
#829=LINE('',#828,#827);
#830=CARTESIAN_POINT('',(2.2E0,0.E0,-5.054843788128E0));
#831=DIRECTION('',(0.E0,-1.E0,0.E0));
#832=DIRECTION('',(7.808688094435E-1,0.E0,-6.246950475538E-1));
#833=AXIS2_PLACEMENT_3D('',#830,#831,#832);
#835=CARTESIAN_POINT('',(2.356173761889E0,0.E0,0.E0));
#836=DIRECTION('',(1.E0,0.E0,0.E0));
#837=DIRECTION('',(0.E0,0.E0,1.E0));
#838=AXIS2_PLACEMENT_3D('',#835,#836,#837);
#840=DIRECTION('',(1.E0,0.E0,0.E0));
#841=VECTOR('',#840,6.666666666700E-2);
#842=CARTESIAN_POINT('',(2.4E0,0.E0,-3.85E0));
#843=LINE('',#842,#841);
#844=CARTESIAN_POINT('',(2.1E0,0.E0,-5.5E0));
#845=CARTESIAN_POINT('',(9.367496997598E-1,0.E0,-5.5E0));
#846=VERTEX_POINT('',#844);
#847=VERTEX_POINT('',#845);
#848=CARTESIAN_POINT('',(9.367496997598E-1,0.E0,5.5E0));
#849=VERTEX_POINT('',#848);
#850=CARTESIAN_POINT('',(2.1E0,0.E0,5.5E0));
#851=VERTEX_POINT('',#850);
#852=CARTESIAN_POINT('',(2.5E0,0.E0,5.65E0));
#853=CARTESIAN_POINT('',(2.5E0,0.E0,-5.65E0));
#854=VERTEX_POINT('',#852);
#855=VERTEX_POINT('',#853);
#856=CARTESIAN_POINT('',(2.5E0,0.E0,6.8E0));
#857=CARTESIAN_POINT('',(2.5E0,0.E0,-6.8E0));
#858=VERTEX_POINT('',#856);
#859=VERTEX_POINT('',#857);
#860=CARTESIAN_POINT('',(2.3E0,0.E0,7.E0));
#861=VERTEX_POINT('',#860);
#862=CARTESIAN_POINT('',(2.3E0,0.E0,-7.E0));
#863=VERTEX_POINT('',#862);
#864=CARTESIAN_POINT('',(-2.3E0,0.E0,-7.E0));
#865=VERTEX_POINT('',#864);
#866=CARTESIAN_POINT('',(-2.3E0,0.E0,7.E0));
#867=VERTEX_POINT('',#866);
#868=CARTESIAN_POINT('',(-2.5E0,0.E0,6.8E0));
#869=VERTEX_POINT('',#868);
#870=CARTESIAN_POINT('',(-2.5E0,0.E0,-6.8E0));
#871=VERTEX_POINT('',#870);
#872=CARTESIAN_POINT('',(-2.5E0,0.E0,5.65E0));
#873=CARTESIAN_POINT('',(-2.5E0,0.E0,-5.65E0));
#874=VERTEX_POINT('',#872);
#875=VERTEX_POINT('',#873);
#876=CARTESIAN_POINT('',(-2.1E0,0.E0,5.5E0));
#877=CARTESIAN_POINT('',(-2.1E0,0.E0,-5.5E0));
#878=VERTEX_POINT('',#876);
#879=VERTEX_POINT('',#877);
#880=CARTESIAN_POINT('',(-9.367496997598E-1,0.E0,-5.5E0));
#881=VERTEX_POINT('',#880);
#882=CARTESIAN_POINT('',(-9.367496997598E-1,0.E0,5.5E0));
#883=VERTEX_POINT('',#882);
#884=CARTESIAN_POINT('',(0.E0,0.E0,5.95E0));
#885=VERTEX_POINT('',#884);
#886=CARTESIAN_POINT('',(0.E0,0.E0,-5.95E0));
#887=VERTEX_POINT('',#886);
#888=CARTESIAN_POINT('',(-2.357098782230E0,0.E0,-5.598971283004E0));
#889=CARTESIAN_POINT('',(-2.357098782230E0,0.E0,5.598971283004E0));
#890=VERTEX_POINT('',#888);
#891=VERTEX_POINT('',#889);
#892=CARTESIAN_POINT('',(-2.221450608885E0,0.E0,-5.713014358498E0));
#893=VERTEX_POINT('',#892);
#894=CARTESIAN_POINT('',(-2.221450608885E0,0.E0,5.713014358498E0));
#895=VERTEX_POINT('',#894);
#896=CARTESIAN_POINT('',(-2.158565160708E0,0.E0,-5.426793549115E0));
#897=CARTESIAN_POINT('',(-2.158565160708E0,0.E0,5.426793549115E0));
#898=VERTEX_POINT('',#896);
#899=VERTEX_POINT('',#897);
#900=CARTESIAN_POINT('',(-2.356173761889E0,0.E0,5.179782797639E0));
#901=VERTEX_POINT('',#900);
#902=CARTESIAN_POINT('',(-2.356173761889E0,0.E0,-5.179782797639E0));
#903=VERTEX_POINT('',#902);
#904=CARTESIAN_POINT('',(-2.4E0,0.E0,5.054843788128E0));
#905=VERTEX_POINT('',#904);
#906=CARTESIAN_POINT('',(-2.4E0,0.E0,-5.054843788128E0));
#907=VERTEX_POINT('',#906);
#908=CARTESIAN_POINT('',(-2.4E0,0.E0,-3.85E0));
#909=CARTESIAN_POINT('',(-2.4E0,0.E0,3.85E0));
#910=VERTEX_POINT('',#908);
#911=VERTEX_POINT('',#909);
#912=CARTESIAN_POINT('',(-2.466666666667E0,0.E0,-3.85E0));
#913=VERTEX_POINT('',#912);
#914=CARTESIAN_POINT('',(-2.466666666667E0,0.E0,3.85E0));
#915=VERTEX_POINT('',#914);
#916=CARTESIAN_POINT('',(-2.466666666667E0,0.E0,-5.054843788128E0));
#917=CARTESIAN_POINT('',(-2.466666666667E0,0.E0,5.054843788128E0));
#918=VERTEX_POINT('',#916);
#919=VERTEX_POINT('',#917);
#920=CARTESIAN_POINT('',(-2.408231682518E0,0.E0,-5.221429134143E0));
#921=CARTESIAN_POINT('',(-2.408231682518E0,0.E0,5.221429134143E0));
#922=VERTEX_POINT('',#920);
#923=VERTEX_POINT('',#921);
#924=CARTESIAN_POINT('',(-2.210623081338E0,0.E0,-5.468439885618E0));
#925=VERTEX_POINT('',#924);
#926=CARTESIAN_POINT('',(-2.210623081338E0,0.E0,5.468439885618E0));
#927=VERTEX_POINT('',#926);
#928=CARTESIAN_POINT('',(-2.166666666667E0,0.E0,5.59375E0));
#929=VERTEX_POINT('',#928);
#930=CARTESIAN_POINT('',(-2.166666666667E0,0.E0,-5.59375E0));
#931=VERTEX_POINT('',#930);
#932=CARTESIAN_POINT('',(-2.166666666667E0,0.E0,-5.6875E0));
#933=CARTESIAN_POINT('',(-2.166666666667E0,0.E0,5.6875E0));
#934=VERTEX_POINT('',#932);
#935=VERTEX_POINT('',#933);
#936=CARTESIAN_POINT('',(-2.4E0,0.E0,5.65E0));
#937=CARTESIAN_POINT('',(-2.4E0,0.E0,-5.65E0));
#938=VERTEX_POINT('',#936);
#939=VERTEX_POINT('',#937);
#940=CARTESIAN_POINT('',(-2.1E0,0.E0,5.59375E0));
#941=CARTESIAN_POINT('',(-2.1E0,0.E0,-5.59375E0));
#942=VERTEX_POINT('',#940);
#943=VERTEX_POINT('',#941);
#944=CARTESIAN_POINT('',(2.408231682518E0,0.E0,-5.221429134143E0));
#945=CARTESIAN_POINT('',(2.466666666667E0,0.E0,-5.054843788128E0));
#946=VERTEX_POINT('',#944);
#947=VERTEX_POINT('',#945);
#948=CARTESIAN_POINT('',(2.466666666667E0,0.E0,5.054843788128E0));
#949=VERTEX_POINT('',#948);
#950=CARTESIAN_POINT('',(2.408231682518E0,0.E0,5.221429134143E0));
#951=VERTEX_POINT('',#950);
#952=CARTESIAN_POINT('',(2.210623081338E0,0.E0,-5.468439885618E0));
#953=VERTEX_POINT('',#952);
#954=CARTESIAN_POINT('',(2.210623081338E0,0.E0,5.468439885618E0));
#955=VERTEX_POINT('',#954);
#956=CARTESIAN_POINT('',(2.166666666667E0,0.E0,5.59375E0));
#957=VERTEX_POINT('',#956);
#958=CARTESIAN_POINT('',(2.166666666667E0,0.E0,-5.59375E0));
#959=VERTEX_POINT('',#958);
#960=CARTESIAN_POINT('',(2.166666666667E0,0.E0,5.6875E0));
#961=CARTESIAN_POINT('',(2.166666666667E0,0.E0,-5.6875E0));
#962=VERTEX_POINT('',#960);
#963=VERTEX_POINT('',#961);
#964=CARTESIAN_POINT('',(2.221450608885E0,0.E0,5.713014358498E0));
#965=CARTESIAN_POINT('',(2.221450608885E0,0.E0,-5.713014358498E0));
#966=VERTEX_POINT('',#964);
#967=VERTEX_POINT('',#965);
#968=CARTESIAN_POINT('',(2.357098782230E0,0.E0,5.598971283004E0));
#969=VERTEX_POINT('',#968);
#970=CARTESIAN_POINT('',(2.357098782230E0,0.E0,-5.598971283004E0));
#971=VERTEX_POINT('',#970);
#972=CARTESIAN_POINT('',(2.158565160708E0,0.E0,5.426793549115E0));
#973=CARTESIAN_POINT('',(2.158565160708E0,0.E0,-5.426793549115E0));
#974=VERTEX_POINT('',#972);
#975=VERTEX_POINT('',#973);
#976=CARTESIAN_POINT('',(2.356173761889E0,0.E0,5.179782797639E0));
#977=VERTEX_POINT('',#976);
#978=CARTESIAN_POINT('',(2.356173761889E0,0.E0,-5.179782797639E0));
#979=VERTEX_POINT('',#978);
#980=CARTESIAN_POINT('',(2.4E0,0.E0,5.054843788128E0));
#981=VERTEX_POINT('',#980);
#982=CARTESIAN_POINT('',(2.4E0,0.E0,-5.054843788128E0));
#983=VERTEX_POINT('',#982);
#984=CARTESIAN_POINT('',(2.4E0,0.E0,3.85E0));
#985=CARTESIAN_POINT('',(2.4E0,0.E0,-3.85E0));
#986=VERTEX_POINT('',#984);
#987=VERTEX_POINT('',#985);
#988=CARTESIAN_POINT('',(2.466666666667E0,0.E0,3.85E0));
#989=VERTEX_POINT('',#988);
#990=CARTESIAN_POINT('',(2.466666666667E0,0.E0,-3.85E0));
#991=VERTEX_POINT('',#990);
#992=CARTESIAN_POINT('',(2.1E0,0.E0,-5.59375E0));
#993=CARTESIAN_POINT('',(2.1E0,0.E0,5.59375E0));
#994=VERTEX_POINT('',#992);
#995=VERTEX_POINT('',#993);
#996=CARTESIAN_POINT('',(2.4E0,0.E0,-5.65E0));
#997=CARTESIAN_POINT('',(2.4E0,0.E0,5.65E0));
#998=VERTEX_POINT('',#996);
#999=VERTEX_POINT('',#997);
#1000=CARTESIAN_POINT('',(2.367260724315E0,0.E0,0.E0));
#1001=DIRECTION('',(1.E0,0.E0,0.E0));
#1002=DIRECTION('',(0.E0,0.E0,1.E0));
#1003=AXIS2_PLACEMENT_3D('',#1000,#1001,#1002);
#1004=TOROIDAL_SURFACE('',#1003,5.59375E0,2.005940576482E-1);
#1006=ORIENTED_EDGE('',*,*,#1005,.T.);
#1008=ORIENTED_EDGE('',*,*,#1007,.F.);
#1010=ORIENTED_EDGE('',*,*,#1009,.F.);
#1012=ORIENTED_EDGE('',*,*,#1011,.T.);
#1013=EDGE_LOOP('',(#1006,#1008,#1010,#1012));
#1014=FACE_OUTER_BOUND('',#1013,.F.);
#1015=ADVANCED_FACE('',(#1014),#1004,.F.);
#1016=CARTESIAN_POINT('',(2.367260724315E0,0.E0,0.E0));
#1017=DIRECTION('',(1.E0,0.E0,0.E0));
#1018=DIRECTION('',(0.E0,0.E0,1.E0));
#1019=AXIS2_PLACEMENT_3D('',#1016,#1017,#1018);
#1020=TOROIDAL_SURFACE('',#1019,5.59375E0,2.005940576482E-1);
#1022=ORIENTED_EDGE('',*,*,#1021,.T.);
#1023=ORIENTED_EDGE('',*,*,#1009,.T.);
#1025=ORIENTED_EDGE('',*,*,#1024,.F.);
#1026=ORIENTED_EDGE('',*,*,#1005,.F.);
#1027=EDGE_LOOP('',(#1022,#1023,#1025,#1026));
#1028=FACE_OUTER_BOUND('',#1027,.F.);
#1029=ADVANCED_FACE('',(#1028),#1020,.F.);
#1030=CARTESIAN_POINT('',(2.309427381928E0,0.E0,0.E0));
#1031=DIRECTION('',(-1.E0,0.E0,0.E0));
#1032=DIRECTION('',(0.E0,0.E0,-1.E0));
#1033=AXIS2_PLACEMENT_3D('',#1030,#1031,#1032);
#1034=CONICAL_SURFACE('',#1033,5.344934509881E0,5.134019174591E1);
#1036=ORIENTED_EDGE('',*,*,#1035,.T.);
#1037=ORIENTED_EDGE('',*,*,#1021,.F.);
#1039=ORIENTED_EDGE('',*,*,#1038,.F.);
#1041=ORIENTED_EDGE('',*,*,#1040,.F.);
#1042=EDGE_LOOP('',(#1036,#1037,#1039,#1041));
#1043=FACE_OUTER_BOUND('',#1042,.F.);
#1044=ADVANCED_FACE('',(#1043),#1034,.T.);
#1045=CARTESIAN_POINT('',(2.309427381928E0,0.E0,0.E0));
#1046=DIRECTION('',(-1.E0,0.E0,0.E0));
#1047=DIRECTION('',(0.E0,0.E0,-1.E0));
#1048=AXIS2_PLACEMENT_3D('',#1045,#1046,#1047);
#1049=CONICAL_SURFACE('',#1048,5.344934509881E0,5.134019174591E1);
#1051=ORIENTED_EDGE('',*,*,#1050,.F.);
#1052=ORIENTED_EDGE('',*,*,#1038,.T.);
#1053=ORIENTED_EDGE('',*,*,#1011,.F.);
#1054=ORIENTED_EDGE('',*,*,#1035,.F.);
#1055=EDGE_LOOP('',(#1051,#1052,#1053,#1054));
#1056=FACE_OUTER_BOUND('',#1055,.F.);
#1057=ADVANCED_FACE('',(#1056),#1049,.T.);
#1058=CARTESIAN_POINT('',(2.2E0,0.E0,0.E0));
#1059=DIRECTION('',(1.E0,0.E0,0.E0));
#1060=DIRECTION('',(0.E0,0.E0,1.E0));
#1061=AXIS2_PLACEMENT_3D('',#1058,#1059,#1060);
#1062=TOROIDAL_SURFACE('',#1061,5.054843788128E0,2.666666666667E-1);
#1063=ORIENTED_EDGE('',*,*,#1050,.T.);
#1065=ORIENTED_EDGE('',*,*,#1064,.T.);
#1067=ORIENTED_EDGE('',*,*,#1066,.F.);
#1069=ORIENTED_EDGE('',*,*,#1068,.F.);
#1070=EDGE_LOOP('',(#1063,#1065,#1067,#1069));
#1071=FACE_OUTER_BOUND('',#1070,.F.);
#1072=ADVANCED_FACE('',(#1071),#1062,.T.);
#1073=CARTESIAN_POINT('',(2.2E0,0.E0,0.E0));
#1074=DIRECTION('',(1.E0,0.E0,0.E0));
#1075=DIRECTION('',(0.E0,0.E0,1.E0));
#1076=AXIS2_PLACEMENT_3D('',#1073,#1074,#1075);
#1077=TOROIDAL_SURFACE('',#1076,5.054843788128E0,2.666666666667E-1);
#1078=ORIENTED_EDGE('',*,*,#1068,.T.);
#1080=ORIENTED_EDGE('',*,*,#1079,.F.);
#1081=ORIENTED_EDGE('',*,*,#1064,.F.);
#1082=ORIENTED_EDGE('',*,*,#1040,.T.);
#1083=EDGE_LOOP('',(#1078,#1080,#1081,#1082));
#1084=FACE_OUTER_BOUND('',#1083,.F.);
#1085=ADVANCED_FACE('',(#1084),#1077,.T.);
#1086=CARTESIAN_POINT('',(2.466666666667E0,5.054843788128E0,0.E0));
#1087=DIRECTION('',(-1.E0,0.E0,0.E0));
#1088=DIRECTION('',(0.E0,0.E0,-1.E0));
#1089=AXIS2_PLACEMENT_3D('',#1086,#1087,#1088);
#1090=PLANE('',#1089);
#1091=ORIENTED_EDGE('',*,*,#1079,.T.);
#1092=ORIENTED_EDGE('',*,*,#1066,.T.);
#1093=EDGE_LOOP('',(#1091,#1092));
#1094=FACE_OUTER_BOUND('',#1093,.F.);
#1096=ORIENTED_EDGE('',*,*,#1095,.T.);
#1098=ORIENTED_EDGE('',*,*,#1097,.T.);
#1099=EDGE_LOOP('',(#1096,#1098));
#1100=FACE_BOUND('',#1099,.F.);
#1101=ADVANCED_FACE('',(#1094,#1100),#1090,.F.);
#1102=CARTESIAN_POINT('',(0.E0,0.E0,0.E0));
#1103=DIRECTION('',(1.E0,0.E0,0.E0));
#1104=DIRECTION('',(0.E0,0.E0,1.E0));
#1105=AXIS2_PLACEMENT_3D('',#1102,#1103,#1104);
#1106=CYLINDRICAL_SURFACE('',#1105,3.85E0);
#1108=ORIENTED_EDGE('',*,*,#1107,.F.);
#1110=ORIENTED_EDGE('',*,*,#1109,.T.);
#1111=ORIENTED_EDGE('',*,*,#1095,.F.);
#1113=ORIENTED_EDGE('',*,*,#1112,.F.);
#1114=EDGE_LOOP('',(#1108,#1110,#1111,#1113));
#1115=FACE_OUTER_BOUND('',#1114,.F.);
#1116=ADVANCED_FACE('',(#1115),#1106,.F.);
#1117=CARTESIAN_POINT('',(2.4E0,5.054843788128E0,0.E0));
#1118=DIRECTION('',(-1.E0,0.E0,0.E0));
#1119=DIRECTION('',(0.E0,0.E0,-1.E0));
#1120=AXIS2_PLACEMENT_3D('',#1117,#1118,#1119);
#1121=PLANE('',#1120);
#1123=ORIENTED_EDGE('',*,*,#1122,.T.);
#1125=ORIENTED_EDGE('',*,*,#1124,.T.);
#1126=EDGE_LOOP('',(#1123,#1125));
#1127=FACE_OUTER_BOUND('',#1126,.F.);
#1128=ORIENTED_EDGE('',*,*,#1107,.T.);
#1130=ORIENTED_EDGE('',*,*,#1129,.T.);
#1131=EDGE_LOOP('',(#1128,#1130));
#1132=FACE_BOUND('',#1131,.F.);
#1133=ADVANCED_FACE('',(#1127,#1132),#1121,.T.);
#1134=CARTESIAN_POINT('',(2.2E0,0.E0,0.E0));
#1135=DIRECTION('',(1.E0,0.E0,0.E0));
#1136=DIRECTION('',(0.E0,0.E0,1.E0));
#1137=AXIS2_PLACEMENT_3D('',#1134,#1135,#1136);
#1138=TOROIDAL_SURFACE('',#1137,5.054843788128E0,2.E-1);
#1140=ORIENTED_EDGE('',*,*,#1139,.T.);
#1142=ORIENTED_EDGE('',*,*,#1141,.T.);
#1143=ORIENTED_EDGE('',*,*,#1122,.F.);
#1145=ORIENTED_EDGE('',*,*,#1144,.F.);
#1146=EDGE_LOOP('',(#1140,#1142,#1143,#1145));
#1147=FACE_OUTER_BOUND('',#1146,.F.);
#1148=ADVANCED_FACE('',(#1147),#1138,.F.);
#1149=CARTESIAN_POINT('',(2.257369461298E0,0.E0,0.E0));
#1150=DIRECTION('',(-1.E0,0.E0,0.E0));
#1151=DIRECTION('',(0.E0,0.E0,-1.E0));
#1152=AXIS2_PLACEMENT_3D('',#1149,#1150,#1151);
#1153=CONICAL_SURFACE('',#1152,5.303288173377E0,5.134019174591E1);
#1154=ORIENTED_EDGE('',*,*,#1139,.F.);
#1156=ORIENTED_EDGE('',*,*,#1155,.T.);
#1158=ORIENTED_EDGE('',*,*,#1157,.F.);
#1160=ORIENTED_EDGE('',*,*,#1159,.F.);
#1161=EDGE_LOOP('',(#1154,#1156,#1158,#1160));
#1162=FACE_OUTER_BOUND('',#1161,.F.);
#1163=ADVANCED_FACE('',(#1162),#1153,.F.);
#1164=CARTESIAN_POINT('',(2.257369461298E0,0.E0,0.E0));
#1165=DIRECTION('',(-1.E0,0.E0,0.E0));
#1166=DIRECTION('',(0.E0,0.E0,-1.E0));
#1167=AXIS2_PLACEMENT_3D('',#1164,#1165,#1166);
#1168=CONICAL_SURFACE('',#1167,5.303288173377E0,5.134019174591E1);
#1169=ORIENTED_EDGE('',*,*,#1159,.T.);
#1171=ORIENTED_EDGE('',*,*,#1170,.F.);
#1172=ORIENTED_EDGE('',*,*,#1155,.F.);
#1174=ORIENTED_EDGE('',*,*,#1173,.F.);
#1175=EDGE_LOOP('',(#1169,#1171,#1172,#1174));
#1176=FACE_OUTER_BOUND('',#1175,.F.);
#1177=ADVANCED_FACE('',(#1176),#1168,.F.);
#1178=CARTESIAN_POINT('',(2.367260724315E0,0.E0,0.E0));
#1179=DIRECTION('',(1.E0,0.E0,0.E0));
#1180=DIRECTION('',(0.E0,0.E0,1.E0));
#1181=AXIS2_PLACEMENT_3D('',#1178,#1179,#1180);
#1182=TOROIDAL_SURFACE('',#1181,5.59375E0,2.672607243148E-1);
#1184=ORIENTED_EDGE('',*,*,#1183,.T.);
#1186=ORIENTED_EDGE('',*,*,#1185,.F.);
#1187=ORIENTED_EDGE('',*,*,#1170,.T.);
#1189=ORIENTED_EDGE('',*,*,#1188,.T.);
#1190=EDGE_LOOP('',(#1184,#1186,#1187,#1189));
#1191=FACE_OUTER_BOUND('',#1190,.F.);
#1192=ADVANCED_FACE('',(#1191),#1182,.T.);
#1193=CARTESIAN_POINT('',(2.1E0,5.5E0,0.E0));
#1194=DIRECTION('',(-1.E0,0.E0,0.E0));
#1195=DIRECTION('',(0.E0,0.E0,1.E0));
#1196=AXIS2_PLACEMENT_3D('',#1193,#1194,#1195);
#1197=PLANE('',#1196);
#1199=ORIENTED_EDGE('',*,*,#1198,.F.);
#1200=ORIENTED_EDGE('',*,*,#1183,.F.);
#1201=EDGE_LOOP('',(#1199,#1200));
#1202=FACE_OUTER_BOUND('',#1201,.F.);
#1204=ORIENTED_EDGE('',*,*,#1203,.T.);
#1206=ORIENTED_EDGE('',*,*,#1205,.T.);
#1207=EDGE_LOOP('',(#1204,#1206));
#1208=FACE_BOUND('',#1207,.F.);
#1209=ADVANCED_FACE('',(#1202,#1208),#1197,.F.);
#1210=CARTESIAN_POINT('',(2.367260724315E0,0.E0,0.E0));
#1211=DIRECTION('',(1.E0,0.E0,0.E0));
#1212=DIRECTION('',(0.E0,0.E0,1.E0));
#1213=AXIS2_PLACEMENT_3D('',#1210,#1211,#1212);
#1214=TOROIDAL_SURFACE('',#1213,5.59375E0,2.672607243148E-1);
#1215=ORIENTED_EDGE('',*,*,#1198,.T.);
#1216=ORIENTED_EDGE('',*,*,#1188,.F.);
#1217=ORIENTED_EDGE('',*,*,#1157,.T.);
#1218=ORIENTED_EDGE('',*,*,#1185,.T.);
#1219=EDGE_LOOP('',(#1215,#1216,#1217,#1218));
#1220=FACE_OUTER_BOUND('',#1219,.F.);
#1221=ADVANCED_FACE('',(#1220),#1214,.T.);
#1222=CARTESIAN_POINT('',(0.E0,0.E0,0.E0));
#1223=DIRECTION('',(-1.E0,0.E0,0.E0));
#1224=DIRECTION('',(0.E0,0.E0,1.E0));
#1225=AXIS2_PLACEMENT_3D('',#1222,#1223,#1224);
#1226=CYLINDRICAL_SURFACE('',#1225,5.5E0);
#1228=ORIENTED_EDGE('',*,*,#1227,.T.);
#1230=ORIENTED_EDGE('',*,*,#1229,.F.);
#1232=ORIENTED_EDGE('',*,*,#1231,.F.);
#1233=ORIENTED_EDGE('',*,*,#1203,.F.);
#1234=EDGE_LOOP('',(#1228,#1230,#1232,#1233));
#1235=FACE_OUTER_BOUND('',#1234,.F.);
#1236=ADVANCED_FACE('',(#1235),#1226,.F.);
#1237=CARTESIAN_POINT('',(0.E0,0.E0,0.E0));
#1238=DIRECTION('',(-1.E0,0.E0,0.E0));
#1239=DIRECTION('',(0.E0,0.E0,1.E0));
#1240=AXIS2_PLACEMENT_3D('',#1237,#1238,#1239);
#1241=CYLINDRICAL_SURFACE('',#1240,5.5E0);
#1242=ORIENTED_EDGE('',*,*,#1205,.F.);
#1243=ORIENTED_EDGE('',*,*,#1231,.T.);
#1245=ORIENTED_EDGE('',*,*,#1244,.F.);
#1246=ORIENTED_EDGE('',*,*,#1227,.F.);
#1247=EDGE_LOOP('',(#1242,#1243,#1245,#1246));
#1248=FACE_OUTER_BOUND('',#1247,.F.);
#1249=ADVANCED_FACE('',(#1248),#1241,.F.);
#1250=CARTESIAN_POINT('',(0.E0,0.E0,0.E0));
#1251=DIRECTION('',(-1.E0,0.E0,0.E0));
#1252=DIRECTION('',(0.E0,0.E0,1.E0));
#1253=AXIS2_PLACEMENT_3D('',#1250,#1251,#1252);
#1254=TOROIDAL_SURFACE('',#1253,4.75E0,1.2E0);
#1255=ORIENTED_EDGE('',*,*,#1244,.T.);
#1257=ORIENTED_EDGE('',*,*,#1256,.T.);
#1259=ORIENTED_EDGE('',*,*,#1258,.T.);
#1261=ORIENTED_EDGE('',*,*,#1260,.T.);
#1263=ORIENTED_EDGE('',*,*,#1262,.F.);
#1265=ORIENTED_EDGE('',*,*,#1264,.F.);
#1266=EDGE_LOOP('',(#1255,#1257,#1259,#1261,#1263,#1265));
#1267=FACE_OUTER_BOUND('',#1266,.F.);
#1268=ADVANCED_FACE('',(#1267),#1254,.F.);
#1269=CARTESIAN_POINT('',(0.E0,0.E0,0.E0));
#1270=DIRECTION('',(-1.E0,0.E0,0.E0));
#1271=DIRECTION('',(0.E0,0.E0,1.E0));
#1272=AXIS2_PLACEMENT_3D('',#1269,#1270,#1271);
#1273=TOROIDAL_SURFACE('',#1272,4.75E0,1.2E0);
#1274=ORIENTED_EDGE('',*,*,#1262,.T.);
#1276=ORIENTED_EDGE('',*,*,#1275,.T.);
#1277=ORIENTED_EDGE('',*,*,#1258,.F.);
#1278=ORIENTED_EDGE('',*,*,#1256,.F.);
#1279=ORIENTED_EDGE('',*,*,#1229,.T.);
#1280=ORIENTED_EDGE('',*,*,#1264,.T.);
#1281=EDGE_LOOP('',(#1274,#1276,#1277,#1278,#1279,#1280));
#1282=FACE_OUTER_BOUND('',#1281,.F.);
#1283=ADVANCED_FACE('',(#1282),#1273,.F.);
#1284=CARTESIAN_POINT('',(0.E0,0.E0,0.E0));
#1285=DIRECTION('',(-1.E0,0.E0,0.E0));
#1286=DIRECTION('',(0.E0,0.E0,1.E0));
#1287=AXIS2_PLACEMENT_3D('',#1284,#1285,#1286);
#1288=CYLINDRICAL_SURFACE('',#1287,5.5E0);
#1290=ORIENTED_EDGE('',*,*,#1289,.T.);
#1292=ORIENTED_EDGE('',*,*,#1291,.F.);
#1294=ORIENTED_EDGE('',*,*,#1293,.F.);
#1295=ORIENTED_EDGE('',*,*,#1275,.F.);
#1296=EDGE_LOOP('',(#1290,#1292,#1294,#1295));
#1297=FACE_OUTER_BOUND('',#1296,.F.);
#1298=ADVANCED_FACE('',(#1297),#1288,.F.);
#1299=CARTESIAN_POINT('',(0.E0,0.E0,0.E0));
#1300=DIRECTION('',(-1.E0,0.E0,0.E0));
#1301=DIRECTION('',(0.E0,0.E0,1.E0));
#1302=AXIS2_PLACEMENT_3D('',#1299,#1300,#1301);
#1303=CYLINDRICAL_SURFACE('',#1302,5.5E0);
#1304=ORIENTED_EDGE('',*,*,#1260,.F.);
#1305=ORIENTED_EDGE('',*,*,#1293,.T.);
#1307=ORIENTED_EDGE('',*,*,#1306,.F.);
#1308=ORIENTED_EDGE('',*,*,#1289,.F.);
#1309=EDGE_LOOP('',(#1304,#1305,#1307,#1308));
#1310=FACE_OUTER_BOUND('',#1309,.F.);
#1311=ADVANCED_FACE('',(#1310),#1303,.F.);
#1312=CARTESIAN_POINT('',(-2.1E0,5.5E0,0.E0));
#1313=DIRECTION('',(1.E0,0.E0,0.E0));
#1314=DIRECTION('',(0.E0,0.E0,-1.E0));
#1315=AXIS2_PLACEMENT_3D('',#1312,#1313,#1314);
#1316=PLANE('',#1315);
#1318=ORIENTED_EDGE('',*,*,#1317,.F.);
#1320=ORIENTED_EDGE('',*,*,#1319,.F.);
#1321=EDGE_LOOP('',(#1318,#1320));
#1322=FACE_OUTER_BOUND('',#1321,.F.);
#1323=ORIENTED_EDGE('',*,*,#1291,.T.);
#1324=ORIENTED_EDGE('',*,*,#1306,.T.);
#1325=EDGE_LOOP('',(#1323,#1324));
#1326=FACE_BOUND('',#1325,.F.);
#1327=ADVANCED_FACE('',(#1322,#1326),#1316,.F.);
#1328=CARTESIAN_POINT('',(-2.367260724315E0,0.E0,0.E0));
#1329=DIRECTION('',(-1.E0,0.E0,0.E0));
#1330=DIRECTION('',(0.E0,0.E0,1.E0));
#1331=AXIS2_PLACEMENT_3D('',#1328,#1329,#1330);
#1332=TOROIDAL_SURFACE('',#1331,5.59375E0,2.672607243148E-1);
#1333=ORIENTED_EDGE('',*,*,#1317,.T.);
#1335=ORIENTED_EDGE('',*,*,#1334,.F.);
#1337=ORIENTED_EDGE('',*,*,#1336,.T.);
#1339=ORIENTED_EDGE('',*,*,#1338,.T.);
#1340=EDGE_LOOP('',(#1333,#1335,#1337,#1339));
#1341=FACE_OUTER_BOUND('',#1340,.F.);
#1342=ADVANCED_FACE('',(#1341),#1332,.T.);
#1343=CARTESIAN_POINT('',(-2.367260724315E0,0.E0,0.E0));
#1344=DIRECTION('',(-1.E0,0.E0,0.E0));
#1345=DIRECTION('',(0.E0,0.E0,1.E0));
#1346=AXIS2_PLACEMENT_3D('',#1343,#1344,#1345);
#1347=TOROIDAL_SURFACE('',#1346,5.59375E0,2.672607243148E-1);
#1348=ORIENTED_EDGE('',*,*,#1319,.T.);
#1349=ORIENTED_EDGE('',*,*,#1338,.F.);
#1351=ORIENTED_EDGE('',*,*,#1350,.T.);
#1352=ORIENTED_EDGE('',*,*,#1334,.T.);
#1353=EDGE_LOOP('',(#1348,#1349,#1351,#1352));
#1354=FACE_OUTER_BOUND('',#1353,.F.);
#1355=ADVANCED_FACE('',(#1354),#1347,.T.);
#1356=CARTESIAN_POINT('',(-2.257369461298E0,0.E0,0.E0));
#1357=DIRECTION('',(1.E0,0.E0,0.E0));
#1358=DIRECTION('',(0.E0,0.E0,-1.E0));
#1359=AXIS2_PLACEMENT_3D('',#1356,#1357,#1358);
#1360=CONICAL_SURFACE('',#1359,5.303288173377E0,5.134019174591E1);
#1362=ORIENTED_EDGE('',*,*,#1361,.F.);
#1364=ORIENTED_EDGE('',*,*,#1363,.T.);
#1365=ORIENTED_EDGE('',*,*,#1350,.F.);
#1367=ORIENTED_EDGE('',*,*,#1366,.F.);
#1368=EDGE_LOOP('',(#1362,#1364,#1365,#1367));
#1369=FACE_OUTER_BOUND('',#1368,.F.);
#1370=ADVANCED_FACE('',(#1369),#1360,.F.);
#1371=CARTESIAN_POINT('',(-2.2E0,0.E0,0.E0));
#1372=DIRECTION('',(-1.E0,0.E0,0.E0));
#1373=DIRECTION('',(0.E0,0.E0,1.E0));
#1374=AXIS2_PLACEMENT_3D('',#1371,#1372,#1373);
#1375=TOROIDAL_SURFACE('',#1374,5.054843788128E0,2.E-1);
#1376=ORIENTED_EDGE('',*,*,#1361,.T.);
#1378=ORIENTED_EDGE('',*,*,#1377,.T.);
#1380=ORIENTED_EDGE('',*,*,#1379,.F.);
#1382=ORIENTED_EDGE('',*,*,#1381,.F.);
#1383=EDGE_LOOP('',(#1376,#1378,#1380,#1382));
#1384=FACE_OUTER_BOUND('',#1383,.F.);
#1385=ADVANCED_FACE('',(#1384),#1375,.F.);
#1386=CARTESIAN_POINT('',(-2.2E0,0.E0,0.E0));
#1387=DIRECTION('',(-1.E0,0.E0,0.E0));
#1388=DIRECTION('',(0.E0,0.E0,1.E0));
#1389=AXIS2_PLACEMENT_3D('',#1386,#1387,#1388);
#1390=TOROIDAL_SURFACE('',#1389,5.054843788128E0,2.E-1);
#1391=ORIENTED_EDGE('',*,*,#1381,.T.);
#1393=ORIENTED_EDGE('',*,*,#1392,.F.);
#1394=ORIENTED_EDGE('',*,*,#1377,.F.);
#1396=ORIENTED_EDGE('',*,*,#1395,.T.);
#1397=EDGE_LOOP('',(#1391,#1393,#1394,#1396));
#1398=FACE_OUTER_BOUND('',#1397,.F.);
#1399=ADVANCED_FACE('',(#1398),#1390,.F.);
#1400=CARTESIAN_POINT('',(-2.4E0,5.054843788128E0,0.E0));
#1401=DIRECTION('',(1.E0,0.E0,0.E0));
#1402=DIRECTION('',(0.E0,0.E0,-1.E0));
#1403=AXIS2_PLACEMENT_3D('',#1400,#1401,#1402);
#1404=PLANE('',#1403);
#1405=ORIENTED_EDGE('',*,*,#1392,.T.);
#1406=ORIENTED_EDGE('',*,*,#1379,.T.);
#1407=EDGE_LOOP('',(#1405,#1406));
#1408=FACE_OUTER_BOUND('',#1407,.F.);
#1410=ORIENTED_EDGE('',*,*,#1409,.T.);
#1412=ORIENTED_EDGE('',*,*,#1411,.T.);
#1413=EDGE_LOOP('',(#1410,#1412));
#1414=FACE_BOUND('',#1413,.F.);
#1415=ADVANCED_FACE('',(#1408,#1414),#1404,.T.);
#1416=CARTESIAN_POINT('',(0.E0,0.E0,0.E0));
#1417=DIRECTION('',(-1.E0,0.E0,0.E0));
#1418=DIRECTION('',(0.E0,0.E0,1.E0));
#1419=AXIS2_PLACEMENT_3D('',#1416,#1417,#1418);
#1420=CYLINDRICAL_SURFACE('',#1419,3.85E0);
#1422=ORIENTED_EDGE('',*,*,#1421,.T.);
#1424=ORIENTED_EDGE('',*,*,#1423,.F.);
#1426=ORIENTED_EDGE('',*,*,#1425,.F.);
#1427=ORIENTED_EDGE('',*,*,#1409,.F.);
#1428=EDGE_LOOP('',(#1422,#1424,#1426,#1427));
#1429=FACE_OUTER_BOUND('',#1428,.F.);
#1430=ADVANCED_FACE('',(#1429),#1420,.F.);
#1431=CARTESIAN_POINT('',(0.E0,0.E0,0.E0));
#1432=DIRECTION('',(-1.E0,0.E0,0.E0));
#1433=DIRECTION('',(0.E0,0.E0,1.E0));
#1434=AXIS2_PLACEMENT_3D('',#1431,#1432,#1433);
#1435=CYLINDRICAL_SURFACE('',#1434,3.85E0);
#1436=ORIENTED_EDGE('',*,*,#1411,.F.);
#1437=ORIENTED_EDGE('',*,*,#1425,.T.);
#1439=ORIENTED_EDGE('',*,*,#1438,.F.);
#1440=ORIENTED_EDGE('',*,*,#1421,.F.);
#1441=EDGE_LOOP('',(#1436,#1437,#1439,#1440));
#1442=FACE_OUTER_BOUND('',#1441,.F.);
#1443=ADVANCED_FACE('',(#1442),#1435,.F.);
#1444=CARTESIAN_POINT('',(-2.466666666667E0,5.054843788128E0,0.E0));
#1445=DIRECTION('',(1.E0,0.E0,0.E0));
#1446=DIRECTION('',(0.E0,0.E0,-1.E0));
#1447=AXIS2_PLACEMENT_3D('',#1444,#1445,#1446);
#1448=PLANE('',#1447);
#1450=ORIENTED_EDGE('',*,*,#1449,.T.);
#1452=ORIENTED_EDGE('',*,*,#1451,.T.);
#1453=EDGE_LOOP('',(#1450,#1452));
#1454=FACE_OUTER_BOUND('',#1453,.F.);
#1455=ORIENTED_EDGE('',*,*,#1423,.T.);
#1456=ORIENTED_EDGE('',*,*,#1438,.T.);
#1457=EDGE_LOOP('',(#1455,#1456));
#1458=FACE_BOUND('',#1457,.F.);
#1459=ADVANCED_FACE('',(#1454,#1458),#1448,.F.);
#1460=CARTESIAN_POINT('',(-2.2E0,0.E0,0.E0));
#1461=DIRECTION('',(-1.E0,0.E0,0.E0));
#1462=DIRECTION('',(0.E0,0.E0,1.E0));
#1463=AXIS2_PLACEMENT_3D('',#1460,#1461,#1462);
#1464=TOROIDAL_SURFACE('',#1463,5.054843788128E0,2.666666666667E-1);
#1466=ORIENTED_EDGE('',*,*,#1465,.T.);
#1468=ORIENTED_EDGE('',*,*,#1467,.T.);
#1469=ORIENTED_EDGE('',*,*,#1449,.F.);
#1471=ORIENTED_EDGE('',*,*,#1470,.F.);
#1472=EDGE_LOOP('',(#1466,#1468,#1469,#1471));
#1473=FACE_OUTER_BOUND('',#1472,.F.);
#1474=ADVANCED_FACE('',(#1473),#1464,.T.);
#1475=CARTESIAN_POINT('',(-2.309427381928E0,0.E0,0.E0));
#1476=DIRECTION('',(1.E0,0.E0,0.E0));
#1477=DIRECTION('',(0.E0,0.E0,-1.E0));
#1478=AXIS2_PLACEMENT_3D('',#1475,#1476,#1477);
#1479=CONICAL_SURFACE('',#1478,5.344934509881E0,5.134019174591E1);
#1480=ORIENTED_EDGE('',*,*,#1465,.F.);
#1482=ORIENTED_EDGE('',*,*,#1481,.T.);
#1484=ORIENTED_EDGE('',*,*,#1483,.F.);
#1486=ORIENTED_EDGE('',*,*,#1485,.F.);
#1487=EDGE_LOOP('',(#1480,#1482,#1484,#1486));
#1488=FACE_OUTER_BOUND('',#1487,.F.);
#1489=ADVANCED_FACE('',(#1488),#1479,.T.);
#1490=CARTESIAN_POINT('',(-2.309427381928E0,0.E0,0.E0));
#1491=DIRECTION('',(1.E0,0.E0,0.E0));
#1492=DIRECTION('',(0.E0,0.E0,-1.E0));
#1493=AXIS2_PLACEMENT_3D('',#1490,#1491,#1492);
#1494=CONICAL_SURFACE('',#1493,5.344934509881E0,5.134019174591E1);
#1495=ORIENTED_EDGE('',*,*,#1485,.T.);
#1497=ORIENTED_EDGE('',*,*,#1496,.F.);
#1498=ORIENTED_EDGE('',*,*,#1481,.F.);
#1500=ORIENTED_EDGE('',*,*,#1499,.F.);
#1501=EDGE_LOOP('',(#1495,#1497,#1498,#1500));
#1502=FACE_OUTER_BOUND('',#1501,.F.);
#1503=ADVANCED_FACE('',(#1502),#1494,.T.);
#1504=CARTESIAN_POINT('',(-2.367260724315E0,0.E0,0.E0));
#1505=DIRECTION('',(-1.E0,0.E0,0.E0));
#1506=DIRECTION('',(0.E0,0.E0,1.E0));
#1507=AXIS2_PLACEMENT_3D('',#1504,#1505,#1506);
#1508=TOROIDAL_SURFACE('',#1507,5.59375E0,2.005940576482E-1);
#1509=ORIENTED_EDGE('',*,*,#1496,.T.);
#1511=ORIENTED_EDGE('',*,*,#1510,.T.);
#1513=ORIENTED_EDGE('',*,*,#1512,.F.);
#1515=ORIENTED_EDGE('',*,*,#1514,.F.);
#1516=EDGE_LOOP('',(#1509,#1511,#1513,#1515));
#1517=FACE_OUTER_BOUND('',#1516,.F.);
#1518=ADVANCED_FACE('',(#1517),#1508,.F.);
#1519=CARTESIAN_POINT('',(-2.367260724315E0,0.E0,0.E0));
#1520=DIRECTION('',(-1.E0,0.E0,0.E0));
#1521=DIRECTION('',(0.E0,0.E0,1.E0));
#1522=AXIS2_PLACEMENT_3D('',#1519,#1520,#1521);
#1523=TOROIDAL_SURFACE('',#1522,5.59375E0,2.005940576482E-1);
#1524=ORIENTED_EDGE('',*,*,#1514,.T.);
#1526=ORIENTED_EDGE('',*,*,#1525,.F.);
#1527=ORIENTED_EDGE('',*,*,#1510,.F.);
#1528=ORIENTED_EDGE('',*,*,#1483,.T.);
#1529=EDGE_LOOP('',(#1524,#1526,#1527,#1528));
#1530=FACE_OUTER_BOUND('',#1529,.F.);
#1531=ADVANCED_FACE('',(#1530),#1523,.F.);
#1532=CARTESIAN_POINT('',(-2.166666666667E0,5.59375E0,0.E0));
#1533=DIRECTION('',(1.E0,0.E0,0.E0));
#1534=DIRECTION('',(0.E0,0.E0,-1.E0));
#1535=AXIS2_PLACEMENT_3D('',#1532,#1533,#1534);
#1536=PLANE('',#1535);
#1538=ORIENTED_EDGE('',*,*,#1537,.T.);
#1540=ORIENTED_EDGE('',*,*,#1539,.T.);
#1541=EDGE_LOOP('',(#1538,#1540));
#1542=FACE_OUTER_BOUND('',#1541,.F.);
#1543=ORIENTED_EDGE('',*,*,#1525,.T.);
#1544=ORIENTED_EDGE('',*,*,#1512,.T.);
#1545=EDGE_LOOP('',(#1543,#1544));
#1546=FACE_BOUND('',#1545,.F.);
#1547=ADVANCED_FACE('',(#1542,#1546),#1536,.F.);
#1548=CARTESIAN_POINT('',(-2.2E0,0.E0,0.E0));
#1549=DIRECTION('',(-1.E0,0.E0,0.E0));
#1550=DIRECTION('',(0.E0,0.E0,1.E0));
#1551=AXIS2_PLACEMENT_3D('',#1548,#1549,#1550);
#1552=TOROIDAL_SURFACE('',#1551,5.6875E0,3.333333333333E-2);
#1554=ORIENTED_EDGE('',*,*,#1553,.T.);
#1556=ORIENTED_EDGE('',*,*,#1555,.T.);
#1558=ORIENTED_EDGE('',*,*,#1557,.T.);
#1559=ORIENTED_EDGE('',*,*,#1537,.F.);
#1560=EDGE_LOOP('',(#1554,#1556,#1558,#1559));
#1561=FACE_OUTER_BOUND('',#1560,.F.);
#1562=ADVANCED_FACE('',(#1561),#1552,.F.);
#1563=CARTESIAN_POINT('',(-2.2E0,0.E0,0.E0));
#1564=DIRECTION('',(-1.E0,0.E0,0.E0));
#1565=DIRECTION('',(0.E0,0.E0,1.E0));
#1566=AXIS2_PLACEMENT_3D('',#1563,#1564,#1565);
#1567=TOROIDAL_SURFACE('',#1566,5.6875E0,3.333333333333E-2);
#1568=ORIENTED_EDGE('',*,*,#1539,.F.);
#1569=ORIENTED_EDGE('',*,*,#1557,.F.);
#1571=ORIENTED_EDGE('',*,*,#1570,.T.);
#1572=ORIENTED_EDGE('',*,*,#1553,.F.);
#1573=EDGE_LOOP('',(#1568,#1569,#1571,#1572));
#1574=FACE_OUTER_BOUND('',#1573,.F.);
#1575=ADVANCED_FACE('',(#1574),#1567,.F.);
#1576=CARTESIAN_POINT('',(-2.289274695557E0,0.E0,0.E0));
#1577=DIRECTION('',(1.E0,0.E0,0.E0));
#1578=DIRECTION('',(0.E0,0.E0,-1.E0));
#1579=AXIS2_PLACEMENT_3D('',#1576,#1577,#1578);
#1580=CONICAL_SURFACE('',#1579,5.655992820751E0,4.005467088404E1);
#1582=ORIENTED_EDGE('',*,*,#1581,.F.);
#1584=ORIENTED_EDGE('',*,*,#1583,.T.);
#1585=ORIENTED_EDGE('',*,*,#1570,.F.);
#1587=ORIENTED_EDGE('',*,*,#1586,.F.);
#1588=EDGE_LOOP('',(#1582,#1584,#1585,#1587));
#1589=FACE_OUTER_BOUND('',#1588,.F.);
#1590=ADVANCED_FACE('',(#1589),#1580,.F.);
#1591=CARTESIAN_POINT('',(-2.378549391115E0,0.E0,0.E0));
#1592=DIRECTION('',(-1.E0,0.E0,0.E0));
#1593=DIRECTION('',(0.E0,0.E0,1.E0));
#1594=AXIS2_PLACEMENT_3D('',#1591,#1592,#1593);
#1595=CONICAL_SURFACE('',#1594,5.624485641502E0,4.994532911596E1);
#1597=ORIENTED_EDGE('',*,*,#1596,.F.);
#1599=ORIENTED_EDGE('',*,*,#1598,.F.);
#1600=ORIENTED_EDGE('',*,*,#1581,.T.);
#1602=ORIENTED_EDGE('',*,*,#1601,.T.);
#1603=EDGE_LOOP('',(#1597,#1599,#1600,#1602));
#1604=FACE_OUTER_BOUND('',#1603,.F.);
#1605=ADVANCED_FACE('',(#1604),#1595,.F.);
#1606=CARTESIAN_POINT('',(0.E0,0.E0,0.E0));
#1607=DIRECTION('',(-1.E0,0.E0,0.E0));
#1608=DIRECTION('',(0.E0,0.E0,1.E0));
#1609=AXIS2_PLACEMENT_3D('',#1606,#1607,#1608);
#1610=CYLINDRICAL_SURFACE('',#1609,5.65E0);
#1611=ORIENTED_EDGE('',*,*,#1596,.T.);
#1613=ORIENTED_EDGE('',*,*,#1612,.T.);
#1615=ORIENTED_EDGE('',*,*,#1614,.F.);
#1617=ORIENTED_EDGE('',*,*,#1616,.F.);
#1618=EDGE_LOOP('',(#1611,#1613,#1615,#1617));
#1619=FACE_OUTER_BOUND('',#1618,.F.);
#1620=ADVANCED_FACE('',(#1619),#1610,.F.);
#1621=CARTESIAN_POINT('',(0.E0,0.E0,0.E0));
#1622=DIRECTION('',(-1.E0,0.E0,0.E0));
#1623=DIRECTION('',(0.E0,0.E0,1.E0));
#1624=AXIS2_PLACEMENT_3D('',#1621,#1622,#1623);
#1625=CYLINDRICAL_SURFACE('',#1624,5.65E0);
#1627=ORIENTED_EDGE('',*,*,#1626,.T.);
#1628=ORIENTED_EDGE('',*,*,#1616,.T.);
#1630=ORIENTED_EDGE('',*,*,#1629,.F.);
#1631=ORIENTED_EDGE('',*,*,#1612,.F.);
#1632=EDGE_LOOP('',(#1627,#1628,#1630,#1631));
#1633=FACE_OUTER_BOUND('',#1632,.F.);
#1634=ADVANCED_FACE('',(#1633),#1625,.F.);
#1635=CARTESIAN_POINT('',(-2.378549391115E0,0.E0,0.E0));
#1636=DIRECTION('',(-1.E0,0.E0,0.E0));
#1637=DIRECTION('',(0.E0,0.E0,1.E0));
#1638=AXIS2_PLACEMENT_3D('',#1635,#1636,#1637);
#1639=CONICAL_SURFACE('',#1638,5.624485641502E0,4.994532911596E1);
#1640=ORIENTED_EDGE('',*,*,#1626,.F.);
#1641=ORIENTED_EDGE('',*,*,#1601,.F.);
#1643=ORIENTED_EDGE('',*,*,#1642,.T.);
#1644=ORIENTED_EDGE('',*,*,#1598,.T.);
#1645=EDGE_LOOP('',(#1640,#1641,#1643,#1644));
#1646=FACE_OUTER_BOUND('',#1645,.F.);
#1647=ADVANCED_FACE('',(#1646),#1639,.F.);
#1648=CARTESIAN_POINT('',(-2.289274695557E0,0.E0,0.E0));
#1649=DIRECTION('',(1.E0,0.E0,0.E0));
#1650=DIRECTION('',(0.E0,0.E0,-1.E0));
#1651=AXIS2_PLACEMENT_3D('',#1648,#1649,#1650);
#1652=CONICAL_SURFACE('',#1651,5.655992820751E0,4.005467088404E1);
#1653=ORIENTED_EDGE('',*,*,#1586,.T.);
#1654=ORIENTED_EDGE('',*,*,#1555,.F.);
#1655=ORIENTED_EDGE('',*,*,#1583,.F.);
#1656=ORIENTED_EDGE('',*,*,#1642,.F.);
#1657=EDGE_LOOP('',(#1653,#1654,#1655,#1656));
#1658=FACE_OUTER_BOUND('',#1657,.F.);
#1659=ADVANCED_FACE('',(#1658),#1652,.F.);
#1660=CARTESIAN_POINT('',(-2.5E0,5.65E0,0.E0));
#1661=DIRECTION('',(1.E0,0.E0,0.E0));
#1662=DIRECTION('',(0.E0,0.E0,-1.E0));
#1663=AXIS2_PLACEMENT_3D('',#1660,#1661,#1662);
#1664=PLANE('',#1663);
#1666=ORIENTED_EDGE('',*,*,#1665,.T.);
#1668=ORIENTED_EDGE('',*,*,#1667,.T.);
#1669=EDGE_LOOP('',(#1666,#1668));
#1670=FACE_OUTER_BOUND('',#1669,.F.);
#1671=ORIENTED_EDGE('',*,*,#1629,.T.);
#1672=ORIENTED_EDGE('',*,*,#1614,.T.);
#1673=EDGE_LOOP('',(#1671,#1672));
#1674=FACE_BOUND('',#1673,.F.);
#1675=ADVANCED_FACE('',(#1670,#1674),#1664,.F.);
#1676=CARTESIAN_POINT('',(-2.3E0,0.E0,0.E0));
#1677=DIRECTION('',(-1.E0,0.E0,0.E0));
#1678=DIRECTION('',(0.E0,0.E0,1.E0));
#1679=AXIS2_PLACEMENT_3D('',#1676,#1677,#1678);
#1680=TOROIDAL_SURFACE('',#1679,6.8E0,2.E-1);
#1682=ORIENTED_EDGE('',*,*,#1681,.T.);
#1684=ORIENTED_EDGE('',*,*,#1683,.T.);
#1685=ORIENTED_EDGE('',*,*,#1665,.F.);
#1687=ORIENTED_EDGE('',*,*,#1686,.F.);
#1688=EDGE_LOOP('',(#1682,#1684,#1685,#1687));
#1689=FACE_OUTER_BOUND('',#1688,.F.);
#1690=ADVANCED_FACE('',(#1689),#1680,.T.);
#1691=CARTESIAN_POINT('',(0.E0,0.E0,0.E0));
#1692=DIRECTION('',(-1.E0,0.E0,0.E0));
#1693=DIRECTION('',(0.E0,0.E0,1.E0));
#1694=AXIS2_PLACEMENT_3D('',#1691,#1692,#1693);
#1695=CYLINDRICAL_SURFACE('',#1694,7.E0);
#1697=ORIENTED_EDGE('',*,*,#1696,.F.);
#1699=ORIENTED_EDGE('',*,*,#1698,.T.);
#1700=ORIENTED_EDGE('',*,*,#1681,.F.);
#1702=ORIENTED_EDGE('',*,*,#1701,.F.);
#1703=EDGE_LOOP('',(#1697,#1699,#1700,#1702));
#1704=FACE_OUTER_BOUND('',#1703,.F.);
#1705=ADVANCED_FACE('',(#1704),#1695,.T.);
#1706=CARTESIAN_POINT('',(2.3E0,0.E0,0.E0));
#1707=DIRECTION('',(-1.E0,0.E0,0.E0));
#1708=DIRECTION('',(0.E0,0.E0,1.E0));
#1709=AXIS2_PLACEMENT_3D('',#1706,#1707,#1708);
#1710=TOROIDAL_SURFACE('',#1709,6.8E0,2.E-1);
#1712=ORIENTED_EDGE('',*,*,#1711,.F.);
#1714=ORIENTED_EDGE('',*,*,#1713,.T.);
#1715=ORIENTED_EDGE('',*,*,#1696,.T.);
#1717=ORIENTED_EDGE('',*,*,#1716,.F.);
#1718=EDGE_LOOP('',(#1712,#1714,#1715,#1717));
#1719=FACE_OUTER_BOUND('',#1718,.F.);
#1720=ADVANCED_FACE('',(#1719),#1710,.T.);
#1721=CARTESIAN_POINT('',(2.5E0,6.8E0,0.E0));
#1722=DIRECTION('',(-1.E0,0.E0,0.E0));
#1723=DIRECTION('',(0.E0,0.E0,1.E0));
#1724=AXIS2_PLACEMENT_3D('',#1721,#1722,#1723);
#1725=PLANE('',#1724);
#1726=ORIENTED_EDGE('',*,*,#1711,.T.);
#1728=ORIENTED_EDGE('',*,*,#1727,.T.);
#1729=EDGE_LOOP('',(#1726,#1728));
#1730=FACE_OUTER_BOUND('',#1729,.F.);
#1732=ORIENTED_EDGE('',*,*,#1731,.T.);
#1734=ORIENTED_EDGE('',*,*,#1733,.T.);
#1735=EDGE_LOOP('',(#1732,#1734));
#1736=FACE_BOUND('',#1735,.F.);
#1737=ADVANCED_FACE('',(#1730,#1736),#1725,.F.);
#1738=CARTESIAN_POINT('',(2.3E0,0.E0,0.E0));
#1739=DIRECTION('',(-1.E0,0.E0,0.E0));
#1740=DIRECTION('',(0.E0,0.E0,1.E0));
#1741=AXIS2_PLACEMENT_3D('',#1738,#1739,#1740);
#1742=TOROIDAL_SURFACE('',#1741,6.8E0,2.E-1);
#1743=ORIENTED_EDGE('',*,*,#1716,.T.);
#1745=ORIENTED_EDGE('',*,*,#1744,.T.);
#1746=ORIENTED_EDGE('',*,*,#1713,.F.);
#1747=ORIENTED_EDGE('',*,*,#1727,.F.);
#1748=EDGE_LOOP('',(#1743,#1745,#1746,#1747));
#1749=FACE_OUTER_BOUND('',#1748,.F.);
#1750=ADVANCED_FACE('',(#1749),#1742,.T.);
#1751=CARTESIAN_POINT('',(0.E0,0.E0,0.E0));
#1752=DIRECTION('',(-1.E0,0.E0,0.E0));
#1753=DIRECTION('',(0.E0,0.E0,1.E0));
#1754=AXIS2_PLACEMENT_3D('',#1751,#1752,#1753);
#1755=CYLINDRICAL_SURFACE('',#1754,7.E0);
#1756=ORIENTED_EDGE('',*,*,#1701,.T.);
#1758=ORIENTED_EDGE('',*,*,#1757,.F.);
#1759=ORIENTED_EDGE('',*,*,#1698,.F.);
#1760=ORIENTED_EDGE('',*,*,#1744,.F.);
#1761=EDGE_LOOP('',(#1756,#1758,#1759,#1760));
#1762=FACE_OUTER_BOUND('',#1761,.F.);
#1763=ADVANCED_FACE('',(#1762),#1755,.T.);
#1764=CARTESIAN_POINT('',(-2.3E0,0.E0,0.E0));
#1765=DIRECTION('',(-1.E0,0.E0,0.E0));
#1766=DIRECTION('',(0.E0,0.E0,1.E0));
#1767=AXIS2_PLACEMENT_3D('',#1764,#1765,#1766);
#1768=TOROIDAL_SURFACE('',#1767,6.8E0,2.E-1);
#1769=ORIENTED_EDGE('',*,*,#1686,.T.);
#1770=ORIENTED_EDGE('',*,*,#1667,.F.);
#1771=ORIENTED_EDGE('',*,*,#1683,.F.);
#1772=ORIENTED_EDGE('',*,*,#1757,.T.);
#1773=EDGE_LOOP('',(#1769,#1770,#1771,#1772));
#1774=FACE_OUTER_BOUND('',#1773,.F.);
#1775=ADVANCED_FACE('',(#1774),#1768,.T.);
#1776=CARTESIAN_POINT('',(0.E0,0.E0,0.E0));
#1777=DIRECTION('',(-1.E0,0.E0,0.E0));
#1778=DIRECTION('',(0.E0,0.E0,1.E0));
#1779=AXIS2_PLACEMENT_3D('',#1776,#1777,#1778);
#1780=CYLINDRICAL_SURFACE('',#1779,5.65E0);
#1782=ORIENTED_EDGE('',*,*,#1781,.F.);
#1784=ORIENTED_EDGE('',*,*,#1783,.F.);
#1785=ORIENTED_EDGE('',*,*,#1731,.F.);
#1787=ORIENTED_EDGE('',*,*,#1786,.T.);
#1788=EDGE_LOOP('',(#1782,#1784,#1785,#1787));
#1789=FACE_OUTER_BOUND('',#1788,.F.);
#1790=ADVANCED_FACE('',(#1789),#1780,.F.);
#1791=CARTESIAN_POINT('',(2.378549391115E0,0.E0,0.E0));
#1792=DIRECTION('',(1.E0,0.E0,0.E0));
#1793=DIRECTION('',(0.E0,0.E0,1.E0));
#1794=AXIS2_PLACEMENT_3D('',#1791,#1792,#1793);
#1795=CONICAL_SURFACE('',#1794,5.624485641502E0,4.994532911596E1);
#1796=ORIENTED_EDGE('',*,*,#1781,.T.);
#1798=ORIENTED_EDGE('',*,*,#1797,.F.);
#1800=ORIENTED_EDGE('',*,*,#1799,.F.);
#1802=ORIENTED_EDGE('',*,*,#1801,.T.);
#1803=EDGE_LOOP('',(#1796,#1798,#1800,#1802));
#1804=FACE_OUTER_BOUND('',#1803,.F.);
#1805=ADVANCED_FACE('',(#1804),#1795,.F.);
#1806=CARTESIAN_POINT('',(2.378549391115E0,0.E0,0.E0));
#1807=DIRECTION('',(1.E0,0.E0,0.E0));
#1808=DIRECTION('',(0.E0,0.E0,1.E0));
#1809=AXIS2_PLACEMENT_3D('',#1806,#1807,#1808);
#1810=CONICAL_SURFACE('',#1809,5.624485641502E0,4.994532911596E1);
#1812=ORIENTED_EDGE('',*,*,#1811,.T.);
#1813=ORIENTED_EDGE('',*,*,#1801,.F.);
#1815=ORIENTED_EDGE('',*,*,#1814,.F.);
#1816=ORIENTED_EDGE('',*,*,#1797,.T.);
#1817=EDGE_LOOP('',(#1812,#1813,#1815,#1816));
#1818=FACE_OUTER_BOUND('',#1817,.F.);
#1819=ADVANCED_FACE('',(#1818),#1810,.F.);
#1820=CARTESIAN_POINT('',(0.E0,0.E0,0.E0));
#1821=DIRECTION('',(-1.E0,0.E0,0.E0));
#1822=DIRECTION('',(0.E0,0.E0,1.E0));
#1823=AXIS2_PLACEMENT_3D('',#1820,#1821,#1822);
#1824=CYLINDRICAL_SURFACE('',#1823,5.65E0);
#1825=ORIENTED_EDGE('',*,*,#1811,.F.);
#1826=ORIENTED_EDGE('',*,*,#1786,.F.);
#1827=ORIENTED_EDGE('',*,*,#1733,.F.);
#1828=ORIENTED_EDGE('',*,*,#1783,.T.);
#1829=EDGE_LOOP('',(#1825,#1826,#1827,#1828));
#1830=FACE_OUTER_BOUND('',#1829,.F.);
#1831=ADVANCED_FACE('',(#1830),#1824,.F.);
#1832=CARTESIAN_POINT('',(2.289274695557E0,0.E0,0.E0));
#1833=DIRECTION('',(-1.E0,0.E0,0.E0));
#1834=DIRECTION('',(0.E0,0.E0,-1.E0));
#1835=AXIS2_PLACEMENT_3D('',#1832,#1833,#1834);
#1836=CONICAL_SURFACE('',#1835,5.655992820751E0,4.005467088404E1);
#1838=ORIENTED_EDGE('',*,*,#1837,.T.);
#1840=ORIENTED_EDGE('',*,*,#1839,.F.);
#1842=ORIENTED_EDGE('',*,*,#1841,.F.);
#1843=ORIENTED_EDGE('',*,*,#1814,.T.);
#1844=EDGE_LOOP('',(#1838,#1840,#1842,#1843));
#1845=FACE_OUTER_BOUND('',#1844,.F.);
#1846=ADVANCED_FACE('',(#1845),#1836,.F.);
#1847=CARTESIAN_POINT('',(2.289274695557E0,0.E0,0.E0));
#1848=DIRECTION('',(-1.E0,0.E0,0.E0));
#1849=DIRECTION('',(0.E0,0.E0,-1.E0));
#1850=AXIS2_PLACEMENT_3D('',#1847,#1848,#1849);
#1851=CONICAL_SURFACE('',#1850,5.655992820751E0,4.005467088404E1);
#1852=ORIENTED_EDGE('',*,*,#1799,.T.);
#1853=ORIENTED_EDGE('',*,*,#1841,.T.);
#1855=ORIENTED_EDGE('',*,*,#1854,.F.);
#1856=ORIENTED_EDGE('',*,*,#1837,.F.);
#1857=EDGE_LOOP('',(#1852,#1853,#1855,#1856));
#1858=FACE_OUTER_BOUND('',#1857,.F.);
#1859=ADVANCED_FACE('',(#1858),#1851,.F.);
#1860=CARTESIAN_POINT('',(2.2E0,0.E0,0.E0));
#1861=DIRECTION('',(1.E0,0.E0,0.E0));
#1862=DIRECTION('',(0.E0,0.E0,1.E0));
#1863=AXIS2_PLACEMENT_3D('',#1860,#1861,#1862);
#1864=TOROIDAL_SURFACE('',#1863,5.6875E0,3.333333333333E-2);
#1866=ORIENTED_EDGE('',*,*,#1865,.F.);
#1868=ORIENTED_EDGE('',*,*,#1867,.T.);
#1869=ORIENTED_EDGE('',*,*,#1854,.T.);
#1871=ORIENTED_EDGE('',*,*,#1870,.T.);
#1872=EDGE_LOOP('',(#1866,#1868,#1869,#1871));
#1873=FACE_OUTER_BOUND('',#1872,.F.);
#1874=ADVANCED_FACE('',(#1873),#1864,.F.);
#1875=CARTESIAN_POINT('',(2.166666666667E0,5.59375E0,0.E0));
#1876=DIRECTION('',(-1.E0,0.E0,0.E0));
#1877=DIRECTION('',(0.E0,0.E0,-1.E0));
#1878=AXIS2_PLACEMENT_3D('',#1875,#1876,#1877);
#1879=PLANE('',#1878);
#1880=ORIENTED_EDGE('',*,*,#1865,.T.);
#1882=ORIENTED_EDGE('',*,*,#1881,.T.);
#1883=EDGE_LOOP('',(#1880,#1882));
#1884=FACE_OUTER_BOUND('',#1883,.F.);
#1885=ORIENTED_EDGE('',*,*,#1024,.T.);
#1886=ORIENTED_EDGE('',*,*,#1007,.T.);
#1887=EDGE_LOOP('',(#1885,#1886));
#1888=FACE_BOUND('',#1887,.F.);
#1889=ADVANCED_FACE('',(#1884,#1888),#1879,.F.);
#1890=CARTESIAN_POINT('',(2.2E0,0.E0,0.E0));
#1891=DIRECTION('',(1.E0,0.E0,0.E0));
#1892=DIRECTION('',(0.E0,0.E0,1.E0));
#1893=AXIS2_PLACEMENT_3D('',#1890,#1891,#1892);
#1894=TOROIDAL_SURFACE('',#1893,5.6875E0,3.333333333333E-2);
#1895=ORIENTED_EDGE('',*,*,#1870,.F.);
#1896=ORIENTED_EDGE('',*,*,#1839,.T.);
#1897=ORIENTED_EDGE('',*,*,#1867,.F.);
#1898=ORIENTED_EDGE('',*,*,#1881,.F.);
#1899=EDGE_LOOP('',(#1895,#1896,#1897,#1898));
#1900=FACE_OUTER_BOUND('',#1899,.F.);
#1901=ADVANCED_FACE('',(#1900),#1894,.F.);
#1902=CARTESIAN_POINT('',(-2.2E0,0.E0,0.E0));
#1903=DIRECTION('',(-1.E0,0.E0,0.E0));
#1904=DIRECTION('',(0.E0,0.E0,1.E0));
#1905=AXIS2_PLACEMENT_3D('',#1902,#1903,#1904);
#1906=TOROIDAL_SURFACE('',#1905,5.054843788128E0,2.666666666667E-1);
#1907=ORIENTED_EDGE('',*,*,#1470,.T.);
#1908=ORIENTED_EDGE('',*,*,#1451,.F.);
#1909=ORIENTED_EDGE('',*,*,#1467,.F.);
#1910=ORIENTED_EDGE('',*,*,#1499,.T.);
#1911=EDGE_LOOP('',(#1907,#1908,#1909,#1910));
#1912=FACE_OUTER_BOUND('',#1911,.F.);
#1913=ADVANCED_FACE('',(#1912),#1906,.T.);
#1914=CARTESIAN_POINT('',(-2.257369461298E0,0.E0,0.E0));
#1915=DIRECTION('',(1.E0,0.E0,0.E0));
#1916=DIRECTION('',(0.E0,0.E0,-1.E0));
#1917=AXIS2_PLACEMENT_3D('',#1914,#1915,#1916);
#1918=CONICAL_SURFACE('',#1917,5.303288173377E0,5.134019174591E1);
#1919=ORIENTED_EDGE('',*,*,#1366,.T.);
#1920=ORIENTED_EDGE('',*,*,#1336,.F.);
#1921=ORIENTED_EDGE('',*,*,#1363,.F.);
#1922=ORIENTED_EDGE('',*,*,#1395,.F.);
#1923=EDGE_LOOP('',(#1919,#1920,#1921,#1922));
#1924=FACE_OUTER_BOUND('',#1923,.F.);
#1925=ADVANCED_FACE('',(#1924),#1918,.F.);
#1926=CARTESIAN_POINT('',(2.2E0,0.E0,0.E0));
#1927=DIRECTION('',(1.E0,0.E0,0.E0));
#1928=DIRECTION('',(0.E0,0.E0,1.E0));
#1929=AXIS2_PLACEMENT_3D('',#1926,#1927,#1928);
#1930=TOROIDAL_SURFACE('',#1929,5.054843788128E0,2.E-1);
#1931=ORIENTED_EDGE('',*,*,#1144,.T.);
#1932=ORIENTED_EDGE('',*,*,#1124,.F.);
#1933=ORIENTED_EDGE('',*,*,#1141,.F.);
#1934=ORIENTED_EDGE('',*,*,#1173,.T.);
#1935=EDGE_LOOP('',(#1931,#1932,#1933,#1934));
#1936=FACE_OUTER_BOUND('',#1935,.F.);
#1937=ADVANCED_FACE('',(#1936),#1930,.F.);
#1938=CARTESIAN_POINT('',(0.E0,0.E0,0.E0));
#1939=DIRECTION('',(1.E0,0.E0,0.E0));
#1940=DIRECTION('',(0.E0,0.E0,1.E0));
#1941=AXIS2_PLACEMENT_3D('',#1938,#1939,#1940);
#1942=CYLINDRICAL_SURFACE('',#1941,3.85E0);
#1943=ORIENTED_EDGE('',*,*,#1112,.T.);
#1944=ORIENTED_EDGE('',*,*,#1097,.F.);
#1945=ORIENTED_EDGE('',*,*,#1109,.F.);
#1946=ORIENTED_EDGE('',*,*,#1129,.F.);
#1947=EDGE_LOOP('',(#1943,#1944,#1945,#1946));
#1948=FACE_OUTER_BOUND('',#1947,.F.);
#1949=ADVANCED_FACE('',(#1948),#1942,.F.);
#1950=CLOSED_SHELL('',(#1015,#1029,#1044,#1057,#1072,#1085,#1101,#1116,#1133,
#1148,#1163,#1177,#1192,#1209,#1221,#1236,#1249,#1268,#1283,#1298,#1311,#1327,
#1342,#1355,#1370,#1385,#1399,#1415,#1430,#1443,#1459,#1474,#1489,#1503,#1518,
#1531,#1547,#1562,#1575,#1590,#1605,#1620,#1634,#1647,#1659,#1675,#1690,#1705,
#1720,#1737,#1750,#1763,#1775,#1790,#1805,#1819,#1831,#1846,#1859,#1874,#1889,
#1901,#1913,#1925,#1937,#1949));
#1951=MANIFOLD_SOLID_BREP('',#1950);
#1952=DIRECTION('',(-1.E0,0.E0,0.E0));
#1953=VECTOR('',#1952,4.6E0);
#1954=CARTESIAN_POINT('',(2.3E0,0.E0,2.5E0));
#1955=LINE('',#1954,#1953);
#1956=CARTESIAN_POINT('',(2.3E0,0.E0,-2.7E0));
#1957=DIRECTION('',(0.E0,1.E0,0.E0));
#1958=DIRECTION('',(0.E0,0.E0,1.E0));
#1959=AXIS2_PLACEMENT_3D('',#1956,#1957,#1958);
#1961=CARTESIAN_POINT('',(2.3E0,0.E0,0.E0));
#1962=DIRECTION('',(1.E0,0.E0,0.E0));
#1963=DIRECTION('',(0.E0,0.E0,1.E0));
#1964=AXIS2_PLACEMENT_3D('',#1961,#1962,#1963);
#1966=CARTESIAN_POINT('',(2.3E0,0.E0,0.E0));
#1967=DIRECTION('',(1.E0,0.E0,0.E0));
#1968=DIRECTION('',(0.E0,0.E0,-1.E0));
#1969=AXIS2_PLACEMENT_3D('',#1966,#1967,#1968);
#1971=CARTESIAN_POINT('',(2.3E0,0.E0,2.7E0));
#1972=DIRECTION('',(0.E0,-1.E0,0.E0));
#1973=DIRECTION('',(0.E0,0.E0,-1.E0));
#1974=AXIS2_PLACEMENT_3D('',#1971,#1972,#1973);
#1976=DIRECTION('',(-1.E0,0.E0,0.E0));
#1977=VECTOR('',#1976,4.6E0);
#1978=CARTESIAN_POINT('',(2.3E0,0.E0,-2.5E0));
#1979=LINE('',#1978,#1977);
#1980=CARTESIAN_POINT('',(-2.3E0,0.E0,2.7E0));
#1981=DIRECTION('',(0.E0,-1.E0,0.E0));
#1982=DIRECTION('',(-1.E0,0.E0,0.E0));
#1983=AXIS2_PLACEMENT_3D('',#1980,#1981,#1982);
#1985=CARTESIAN_POINT('',(-2.3E0,0.E0,0.E0));
#1986=DIRECTION('',(-1.E0,0.E0,0.E0));
#1987=DIRECTION('',(0.E0,0.E0,1.E0));
#1988=AXIS2_PLACEMENT_3D('',#1985,#1986,#1987);
#1990=CARTESIAN_POINT('',(-2.5E0,0.E0,0.E0));
#1991=DIRECTION('',(1.E0,0.E0,0.E0));
#1992=DIRECTION('',(0.E0,0.E0,-1.E0));
#1993=AXIS2_PLACEMENT_3D('',#1990,#1991,#1992);
#1995=CARTESIAN_POINT('',(-2.5E0,0.E0,0.E0));
#1996=DIRECTION('',(1.E0,0.E0,0.E0));
#1997=DIRECTION('',(0.E0,0.E0,1.E0));
#1998=AXIS2_PLACEMENT_3D('',#1995,#1996,#1997);
#2000=CARTESIAN_POINT('',(-2.5E0,0.E0,0.E0));
#2001=DIRECTION('',(-1.E0,0.E0,0.E0));
#2002=DIRECTION('',(0.E0,0.E0,1.E0));
#2003=AXIS2_PLACEMENT_3D('',#2000,#2001,#2002);
#2005=CARTESIAN_POINT('',(-2.5E0,0.E0,0.E0));
#2006=DIRECTION('',(-1.E0,0.E0,0.E0));
#2007=DIRECTION('',(0.E0,0.E0,-1.E0));
#2008=AXIS2_PLACEMENT_3D('',#2005,#2006,#2007);
#2010=DIRECTION('',(-1.E0,0.E0,0.E0));
#2011=VECTOR('',#2010,4.E-1);
#2012=CARTESIAN_POINT('',(-2.1E0,0.E0,3.8125E0));
#2013=LINE('',#2012,#2011);
#2014=CARTESIAN_POINT('',(-2.1E0,0.E0,0.E0));
#2015=DIRECTION('',(1.E0,0.E0,0.E0));
#2016=DIRECTION('',(0.E0,0.E0,-1.E0));
#2017=AXIS2_PLACEMENT_3D('',#2014,#2015,#2016);
#2019=CARTESIAN_POINT('',(-2.1E0,0.E0,0.E0));
#2020=DIRECTION('',(1.E0,0.E0,0.E0));
#2021=DIRECTION('',(0.E0,0.E0,1.E0));
#2022=AXIS2_PLACEMENT_3D('',#2019,#2020,#2021);
#2024=CARTESIAN_POINT('',(-2.1E0,0.E0,0.E0));
#2025=DIRECTION('',(-1.E0,0.E0,0.E0));
#2026=DIRECTION('',(0.E0,0.E0,1.E0));
#2027=AXIS2_PLACEMENT_3D('',#2024,#2025,#2026);
#2029=CARTESIAN_POINT('',(-2.1E0,0.E0,0.E0));
#2030=DIRECTION('',(-1.E0,0.E0,0.E0));
#2031=DIRECTION('',(0.E0,0.E0,-1.E0));
#2032=AXIS2_PLACEMENT_3D('',#2029,#2030,#2031);
#2034=DIRECTION('',(-1.E0,0.E0,0.E0));
#2035=VECTOR('',#2034,1.163250300240E0);
#2036=CARTESIAN_POINT('',(-9.367496997598E-1,0.E0,4.E0));
#2037=LINE('',#2036,#2035);
#2038=CARTESIAN_POINT('',(-9.367496997598E-1,0.E0,0.E0));
#2039=DIRECTION('',(-1.E0,0.E0,0.E0));
#2040=DIRECTION('',(0.E0,0.E0,1.E0));
#2041=AXIS2_PLACEMENT_3D('',#2038,#2039,#2040);
#2043=CARTESIAN_POINT('',(0.E0,0.E0,-4.75E0));
#2044=DIRECTION('',(0.E0,1.E0,0.E0));
#2045=DIRECTION('',(-7.806247497998E-1,0.E0,6.25E-1));
#2046=AXIS2_PLACEMENT_3D('',#2043,#2044,#2045);
#2048=CARTESIAN_POINT('',(-9.367496997598E-1,0.E0,0.E0));
#2049=DIRECTION('',(-1.E0,0.E0,0.E0));
#2050=DIRECTION('',(0.E0,0.E0,-1.E0));
#2051=AXIS2_PLACEMENT_3D('',#2048,#2049,#2050);
#2053=CARTESIAN_POINT('',(0.E0,0.E0,4.75E0));
#2054=DIRECTION('',(0.E0,-1.E0,0.E0));
#2055=DIRECTION('',(-7.806247497998E-1,0.E0,-6.25E-1));
#2056=AXIS2_PLACEMENT_3D('',#2053,#2054,#2055);
#2058=DIRECTION('',(-1.E0,0.E0,0.E0));
#2059=VECTOR('',#2058,1.163250300240E0);
#2060=CARTESIAN_POINT('',(-9.367496997598E-1,0.E0,-4.E0));
#2061=LINE('',#2060,#2059);
#2062=CARTESIAN_POINT('',(0.E0,0.E0,0.E0));
#2063=DIRECTION('',(-1.E0,0.E0,0.E0));
#2064=DIRECTION('',(0.E0,0.E0,-1.E0));
#2065=AXIS2_PLACEMENT_3D('',#2062,#2063,#2064);
#2067=CARTESIAN_POINT('',(0.E0,0.E0,4.75E0));
#2068=DIRECTION('',(0.E0,-1.E0,0.E0));
#2069=DIRECTION('',(0.E0,0.E0,-1.E0));
#2070=AXIS2_PLACEMENT_3D('',#2067,#2068,#2069);
#2072=CARTESIAN_POINT('',(9.367496997598E-1,0.E0,0.E0));
#2073=DIRECTION('',(1.E0,0.E0,0.E0));
#2074=DIRECTION('',(0.E0,0.E0,1.E0));
#2075=AXIS2_PLACEMENT_3D('',#2072,#2073,#2074);
#2077=CARTESIAN_POINT('',(0.E0,0.E0,0.E0));
#2078=DIRECTION('',(-1.E0,0.E0,0.E0));
#2079=DIRECTION('',(0.E0,0.E0,1.E0));
#2080=AXIS2_PLACEMENT_3D('',#2077,#2078,#2079);
#2082=CARTESIAN_POINT('',(0.E0,0.E0,-4.75E0));
#2083=DIRECTION('',(0.E0,1.E0,0.E0));
#2084=DIRECTION('',(0.E0,0.E0,1.E0));
#2085=AXIS2_PLACEMENT_3D('',#2082,#2083,#2084);
#2087=CARTESIAN_POINT('',(9.367496997598E-1,0.E0,0.E0));
#2088=DIRECTION('',(1.E0,0.E0,0.E0));
#2089=DIRECTION('',(0.E0,0.E0,-1.E0));
#2090=AXIS2_PLACEMENT_3D('',#2087,#2088,#2089);
#2092=DIRECTION('',(-1.E0,0.E0,0.E0));
#2093=VECTOR('',#2092,1.163250300240E0);
#2094=CARTESIAN_POINT('',(2.1E0,0.E0,4.E0));
#2095=LINE('',#2094,#2093);
#2096=CARTESIAN_POINT('',(2.1E0,0.E0,0.E0));
#2097=DIRECTION('',(-1.E0,0.E0,0.E0));
#2098=DIRECTION('',(0.E0,0.E0,1.E0));
#2099=AXIS2_PLACEMENT_3D('',#2096,#2097,#2098);
#2101=CARTESIAN_POINT('',(2.1E0,0.E0,0.E0));
#2102=DIRECTION('',(-1.E0,0.E0,0.E0));
#2103=DIRECTION('',(0.E0,0.E0,-1.E0));
#2104=AXIS2_PLACEMENT_3D('',#2101,#2102,#2103);
#2106=CARTESIAN_POINT('',(2.1E0,0.E0,0.E0));
#2107=DIRECTION('',(1.E0,0.E0,0.E0));
#2108=DIRECTION('',(0.E0,0.E0,-1.E0));
#2109=AXIS2_PLACEMENT_3D('',#2106,#2107,#2108);
#2111=CARTESIAN_POINT('',(2.1E0,0.E0,0.E0));
#2112=DIRECTION('',(1.E0,0.E0,0.E0));
#2113=DIRECTION('',(0.E0,0.E0,1.E0));
#2114=AXIS2_PLACEMENT_3D('',#2111,#2112,#2113);
#2116=DIRECTION('',(-1.E0,0.E0,0.E0));
#2117=VECTOR('',#2116,1.163250300240E0);
#2118=CARTESIAN_POINT('',(2.1E0,0.E0,-4.E0));
#2119=LINE('',#2118,#2117);
#2120=DIRECTION('',(-1.E0,0.E0,0.E0));
#2121=VECTOR('',#2120,4.E-1);
#2122=CARTESIAN_POINT('',(2.5E0,0.E0,3.8125E0));
#2123=LINE('',#2122,#2121);
#2124=CARTESIAN_POINT('',(2.5E0,0.E0,0.E0));
#2125=DIRECTION('',(-1.E0,0.E0,0.E0));
#2126=DIRECTION('',(0.E0,0.E0,1.E0));
#2127=AXIS2_PLACEMENT_3D('',#2124,#2125,#2126);
#2129=CARTESIAN_POINT('',(2.5E0,0.E0,0.E0));
#2130=DIRECTION('',(-1.E0,0.E0,0.E0));
#2131=DIRECTION('',(0.E0,0.E0,-1.E0));
#2132=AXIS2_PLACEMENT_3D('',#2129,#2130,#2131);
#2134=CARTESIAN_POINT('',(2.5E0,0.E0,0.E0));
#2135=DIRECTION('',(1.E0,0.E0,0.E0));
#2136=DIRECTION('',(0.E0,0.E0,-1.E0));
#2137=AXIS2_PLACEMENT_3D('',#2134,#2135,#2136);
#2139=CARTESIAN_POINT('',(2.5E0,0.E0,0.E0));
#2140=DIRECTION('',(1.E0,0.E0,0.E0));
#2141=DIRECTION('',(0.E0,0.E0,1.E0));
#2142=AXIS2_PLACEMENT_3D('',#2139,#2140,#2141);
#2144=DIRECTION('',(-1.E0,0.E0,0.E0));
#2145=VECTOR('',#2144,4.E-1);
#2146=CARTESIAN_POINT('',(2.5E0,0.E0,-3.8125E0));
#2147=LINE('',#2146,#2145);
#2148=DIRECTION('',(-1.E0,0.E0,0.E0));
#2149=VECTOR('',#2148,4.E-1);
#2150=CARTESIAN_POINT('',(-2.1E0,0.E0,-3.8125E0));
#2151=LINE('',#2150,#2149);
#2152=CARTESIAN_POINT('',(-2.3E0,0.E0,-2.7E0));
#2153=DIRECTION('',(0.E0,1.E0,0.E0));
#2154=DIRECTION('',(-1.E0,0.E0,0.E0));
#2155=AXIS2_PLACEMENT_3D('',#2152,#2153,#2154);
#2157=CARTESIAN_POINT('',(-2.3E0,0.E0,0.E0));
#2158=DIRECTION('',(-1.E0,0.E0,0.E0));
#2159=DIRECTION('',(0.E0,0.E0,-1.E0));
#2160=AXIS2_PLACEMENT_3D('',#2157,#2158,#2159);
#2162=CARTESIAN_POINT('',(0.E0,0.E0,-3.55E0));
#2163=CARTESIAN_POINT('',(0.E0,0.E0,3.55E0));
#2164=VERTEX_POINT('',#2162);
#2165=VERTEX_POINT('',#2163);
#2166=CARTESIAN_POINT('',(9.367496997598E-1,0.E0,4.E0));
#2167=VERTEX_POINT('',#2166);
#2168=CARTESIAN_POINT('',(9.367496997598E-1,0.E0,-4.E0));
#2169=VERTEX_POINT('',#2168);
#2170=CARTESIAN_POINT('',(-9.367496997598E-1,0.E0,-4.E0));
#2171=VERTEX_POINT('',#2170);
#2172=CARTESIAN_POINT('',(-9.367496997598E-1,0.E0,4.E0));
#2173=VERTEX_POINT('',#2172);
#2174=CARTESIAN_POINT('',(-2.1E0,0.E0,4.E0));
#2175=VERTEX_POINT('',#2174);
#2176=CARTESIAN_POINT('',(-2.1E0,0.E0,-4.E0));
#2177=VERTEX_POINT('',#2176);
#2178=CARTESIAN_POINT('',(-2.1E0,0.E0,3.8125E0));
#2179=CARTESIAN_POINT('',(-2.1E0,0.E0,-3.8125E0));
#2180=VERTEX_POINT('',#2178);
#2181=VERTEX_POINT('',#2179);
#2182=CARTESIAN_POINT('',(-2.5E0,0.E0,3.8125E0));
#2183=VERTEX_POINT('',#2182);
#2184=CARTESIAN_POINT('',(-2.5E0,0.E0,-3.8125E0));
#2185=VERTEX_POINT('',#2184);
#2186=CARTESIAN_POINT('',(-2.5E0,0.E0,2.7E0));
#2187=CARTESIAN_POINT('',(-2.5E0,0.E0,-2.7E0));
#2188=VERTEX_POINT('',#2186);
#2189=VERTEX_POINT('',#2187);
#2190=CARTESIAN_POINT('',(-2.3E0,0.E0,2.5E0));
#2191=VERTEX_POINT('',#2190);
#2192=CARTESIAN_POINT('',(-2.3E0,0.E0,-2.5E0));
#2193=VERTEX_POINT('',#2192);
#2194=CARTESIAN_POINT('',(2.3E0,0.E0,2.5E0));
#2195=CARTESIAN_POINT('',(2.3E0,0.E0,-2.5E0));
#2196=VERTEX_POINT('',#2194);
#2197=VERTEX_POINT('',#2195);
#2198=CARTESIAN_POINT('',(2.5E0,0.E0,-2.7E0));
#2199=VERTEX_POINT('',#2198);
#2200=CARTESIAN_POINT('',(2.5E0,0.E0,2.7E0));
#2201=VERTEX_POINT('',#2200);
#2202=CARTESIAN_POINT('',(2.5E0,0.E0,3.8125E0));
#2203=CARTESIAN_POINT('',(2.5E0,0.E0,-3.8125E0));
#2204=VERTEX_POINT('',#2202);
#2205=VERTEX_POINT('',#2203);
#2206=CARTESIAN_POINT('',(2.1E0,0.E0,3.8125E0));
#2207=VERTEX_POINT('',#2206);
#2208=CARTESIAN_POINT('',(2.1E0,0.E0,-3.8125E0));
#2209=VERTEX_POINT('',#2208);
#2210=CARTESIAN_POINT('',(2.1E0,0.E0,4.E0));
#2211=CARTESIAN_POINT('',(2.1E0,0.E0,-4.E0));
#2212=VERTEX_POINT('',#2210);
#2213=VERTEX_POINT('',#2211);
#2214=CARTESIAN_POINT('',(0.E0,0.E0,0.E0));
#2215=DIRECTION('',(-1.E0,0.E0,0.E0));
#2216=DIRECTION('',(0.E0,0.E0,1.E0));
#2217=AXIS2_PLACEMENT_3D('',#2214,#2215,#2216);
#2218=CYLINDRICAL_SURFACE('',#2217,2.5E0);
#2220=ORIENTED_EDGE('',*,*,#2219,.F.);
#2222=ORIENTED_EDGE('',*,*,#2221,.T.);
#2224=ORIENTED_EDGE('',*,*,#2223,.F.);
#2226=ORIENTED_EDGE('',*,*,#2225,.F.);
#2227=EDGE_LOOP('',(#2220,#2222,#2224,#2226));
#2228=FACE_OUTER_BOUND('',#2227,.F.);
#2229=ADVANCED_FACE('',(#2228),#2218,.F.);
#2230=CARTESIAN_POINT('',(2.3E0,0.E0,0.E0));
#2231=DIRECTION('',(-1.E0,0.E0,0.E0));
#2232=DIRECTION('',(0.E0,0.E0,1.E0));
#2233=AXIS2_PLACEMENT_3D('',#2230,#2231,#2232);
#2234=TOROIDAL_SURFACE('',#2233,2.7E0,2.E-1);
#2236=ORIENTED_EDGE('',*,*,#2235,.T.);
#2238=ORIENTED_EDGE('',*,*,#2237,.F.);
#2240=ORIENTED_EDGE('',*,*,#2239,.F.);
#2241=ORIENTED_EDGE('',*,*,#2219,.T.);
#2242=EDGE_LOOP('',(#2236,#2238,#2240,#2241));
#2243=FACE_OUTER_BOUND('',#2242,.F.);
#2244=ADVANCED_FACE('',(#2243),#2234,.T.);
#2245=CARTESIAN_POINT('',(2.3E0,0.E0,0.E0));
#2246=DIRECTION('',(-1.E0,0.E0,0.E0));
#2247=DIRECTION('',(0.E0,0.E0,1.E0));
#2248=AXIS2_PLACEMENT_3D('',#2245,#2246,#2247);
#2249=TOROIDAL_SURFACE('',#2248,2.7E0,2.E-1);
#2251=ORIENTED_EDGE('',*,*,#2250,.T.);
#2252=ORIENTED_EDGE('',*,*,#2239,.T.);
#2254=ORIENTED_EDGE('',*,*,#2253,.F.);
#2255=ORIENTED_EDGE('',*,*,#2235,.F.);
#2256=EDGE_LOOP('',(#2251,#2252,#2254,#2255));
#2257=FACE_OUTER_BOUND('',#2256,.F.);
#2258=ADVANCED_FACE('',(#2257),#2249,.T.);
#2259=CARTESIAN_POINT('',(0.E0,0.E0,0.E0));
#2260=DIRECTION('',(-1.E0,0.E0,0.E0));
#2261=DIRECTION('',(0.E0,0.E0,1.E0));
#2262=AXIS2_PLACEMENT_3D('',#2259,#2260,#2261);
#2263=CYLINDRICAL_SURFACE('',#2262,2.5E0);
#2264=ORIENTED_EDGE('',*,*,#2225,.T.);
#2266=ORIENTED_EDGE('',*,*,#2265,.F.);
#2267=ORIENTED_EDGE('',*,*,#2221,.F.);
#2268=ORIENTED_EDGE('',*,*,#2250,.F.);
#2269=EDGE_LOOP('',(#2264,#2266,#2267,#2268));
#2270=FACE_OUTER_BOUND('',#2269,.F.);
#2271=ADVANCED_FACE('',(#2270),#2263,.F.);
#2272=CARTESIAN_POINT('',(-2.3E0,0.E0,0.E0));
#2273=DIRECTION('',(-1.E0,0.E0,0.E0));
#2274=DIRECTION('',(0.E0,0.E0,1.E0));
#2275=AXIS2_PLACEMENT_3D('',#2272,#2273,#2274);
#2276=TOROIDAL_SURFACE('',#2275,2.7E0,2.E-1);
#2278=ORIENTED_EDGE('',*,*,#2277,.F.);
#2280=ORIENTED_EDGE('',*,*,#2279,.T.);
#2281=ORIENTED_EDGE('',*,*,#2265,.T.);
#2283=ORIENTED_EDGE('',*,*,#2282,.F.);
#2284=EDGE_LOOP('',(#2278,#2280,#2281,#2283));
#2285=FACE_OUTER_BOUND('',#2284,.F.);
#2286=ADVANCED_FACE('',(#2285),#2276,.T.);
#2287=CARTESIAN_POINT('',(-2.5E0,3.8125E0,0.E0));
#2288=DIRECTION('',(1.E0,0.E0,0.E0));
#2289=DIRECTION('',(0.E0,0.E0,-1.E0));
#2290=AXIS2_PLACEMENT_3D('',#2287,#2288,#2289);
#2291=PLANE('',#2290);
#2293=ORIENTED_EDGE('',*,*,#2292,.T.);
#2295=ORIENTED_EDGE('',*,*,#2294,.T.);
#2296=EDGE_LOOP('',(#2293,#2295));
#2297=FACE_OUTER_BOUND('',#2296,.F.);
#2298=ORIENTED_EDGE('',*,*,#2277,.T.);
#2300=ORIENTED_EDGE('',*,*,#2299,.T.);
#2301=EDGE_LOOP('',(#2298,#2300));
#2302=FACE_BOUND('',#2301,.F.);
#2303=ADVANCED_FACE('',(#2297,#2302),#2291,.F.);
#2304=CARTESIAN_POINT('',(0.E0,0.E0,0.E0));
#2305=DIRECTION('',(-1.E0,0.E0,0.E0));
#2306=DIRECTION('',(0.E0,0.E0,1.E0));
#2307=AXIS2_PLACEMENT_3D('',#2304,#2305,#2306);
#2308=CYLINDRICAL_SURFACE('',#2307,3.8125E0);
#2310=ORIENTED_EDGE('',*,*,#2309,.F.);
#2312=ORIENTED_EDGE('',*,*,#2311,.T.);
#2313=ORIENTED_EDGE('',*,*,#2292,.F.);
#2315=ORIENTED_EDGE('',*,*,#2314,.F.);
#2316=EDGE_LOOP('',(#2310,#2312,#2313,#2315));
#2317=FACE_OUTER_BOUND('',#2316,.F.);
#2318=ADVANCED_FACE('',(#2317),#2308,.T.);
#2319=CARTESIAN_POINT('',(-2.1E0,3.8125E0,0.E0));
#2320=DIRECTION('',(1.E0,0.E0,0.E0));
#2321=DIRECTION('',(0.E0,0.E0,-1.E0));
#2322=AXIS2_PLACEMENT_3D('',#2319,#2320,#2321);
#2323=PLANE('',#2322);
#2325=ORIENTED_EDGE('',*,*,#2324,.T.);
#2327=ORIENTED_EDGE('',*,*,#2326,.T.);
#2328=EDGE_LOOP('',(#2325,#2327));
#2329=FACE_OUTER_BOUND('',#2328,.F.);
#2330=ORIENTED_EDGE('',*,*,#2309,.T.);
#2332=ORIENTED_EDGE('',*,*,#2331,.T.);
#2333=EDGE_LOOP('',(#2330,#2332));
#2334=FACE_BOUND('',#2333,.F.);
#2335=ADVANCED_FACE('',(#2329,#2334),#2323,.F.);
#2336=CARTESIAN_POINT('',(0.E0,0.E0,0.E0));
#2337=DIRECTION('',(-1.E0,0.E0,0.E0));
#2338=DIRECTION('',(0.E0,0.E0,1.E0));
#2339=AXIS2_PLACEMENT_3D('',#2336,#2337,#2338);
#2340=CYLINDRICAL_SURFACE('',#2339,4.E0);
#2342=ORIENTED_EDGE('',*,*,#2341,.F.);
#2344=ORIENTED_EDGE('',*,*,#2343,.T.);
#2345=ORIENTED_EDGE('',*,*,#2324,.F.);
#2347=ORIENTED_EDGE('',*,*,#2346,.F.);
#2348=EDGE_LOOP('',(#2342,#2344,#2345,#2347));
#2349=FACE_OUTER_BOUND('',#2348,.F.);
#2350=ADVANCED_FACE('',(#2349),#2340,.T.);
#2351=CARTESIAN_POINT('',(0.E0,0.E0,0.E0));
#2352=DIRECTION('',(-1.E0,0.E0,0.E0));
#2353=DIRECTION('',(0.E0,0.E0,1.E0));
#2354=AXIS2_PLACEMENT_3D('',#2351,#2352,#2353);
#2355=TOROIDAL_SURFACE('',#2354,4.75E0,1.2E0);
#2357=ORIENTED_EDGE('',*,*,#2356,.F.);
#2358=ORIENTED_EDGE('',*,*,#2341,.T.);
#2360=ORIENTED_EDGE('',*,*,#2359,.T.);
#2362=ORIENTED_EDGE('',*,*,#2361,.F.);
#2363=EDGE_LOOP('',(#2357,#2358,#2360,#2362));
#2364=FACE_OUTER_BOUND('',#2363,.F.);
#2365=ADVANCED_FACE('',(#2364),#2355,.F.);
#2366=CARTESIAN_POINT('',(0.E0,0.E0,0.E0));
#2367=DIRECTION('',(-1.E0,0.E0,0.E0));
#2368=DIRECTION('',(0.E0,0.E0,1.E0));
#2369=AXIS2_PLACEMENT_3D('',#2366,#2367,#2368);
#2370=TOROIDAL_SURFACE('',#2369,4.75E0,1.2E0);
#2371=ORIENTED_EDGE('',*,*,#2359,.F.);
#2373=ORIENTED_EDGE('',*,*,#2372,.T.);
#2374=ORIENTED_EDGE('',*,*,#2356,.T.);
#2376=ORIENTED_EDGE('',*,*,#2375,.F.);
#2377=EDGE_LOOP('',(#2371,#2373,#2374,#2376));
#2378=FACE_OUTER_BOUND('',#2377,.F.);
#2379=ADVANCED_FACE('',(#2378),#2370,.F.);
#2380=CARTESIAN_POINT('',(0.E0,0.E0,0.E0));
#2381=DIRECTION('',(-1.E0,0.E0,0.E0));
#2382=DIRECTION('',(0.E0,0.E0,1.E0));
#2383=AXIS2_PLACEMENT_3D('',#2380,#2381,#2382);
#2384=CYLINDRICAL_SURFACE('',#2383,4.E0);
#2385=ORIENTED_EDGE('',*,*,#2346,.T.);
#2386=ORIENTED_EDGE('',*,*,#2326,.F.);
#2387=ORIENTED_EDGE('',*,*,#2343,.F.);
#2388=ORIENTED_EDGE('',*,*,#2372,.F.);
#2389=EDGE_LOOP('',(#2385,#2386,#2387,#2388));
#2390=FACE_OUTER_BOUND('',#2389,.F.);
#2391=ADVANCED_FACE('',(#2390),#2384,.T.);
#2392=CARTESIAN_POINT('',(0.E0,0.E0,0.E0));
#2393=DIRECTION('',(-1.E0,0.E0,0.E0));
#2394=DIRECTION('',(0.E0,0.E0,1.E0));
#2395=AXIS2_PLACEMENT_3D('',#2392,#2393,#2394);
#2396=TOROIDAL_SURFACE('',#2395,4.75E0,1.2E0);
#2397=ORIENTED_EDGE('',*,*,#2375,.T.);
#2399=ORIENTED_EDGE('',*,*,#2398,.T.);
#2401=ORIENTED_EDGE('',*,*,#2400,.T.);
#2403=ORIENTED_EDGE('',*,*,#2402,.F.);
#2404=EDGE_LOOP('',(#2397,#2399,#2401,#2403));
#2405=FACE_OUTER_BOUND('',#2404,.F.);
#2406=ADVANCED_FACE('',(#2405),#2396,.F.);
#2407=CARTESIAN_POINT('',(0.E0,0.E0,0.E0));
#2408=DIRECTION('',(-1.E0,0.E0,0.E0));
#2409=DIRECTION('',(0.E0,0.E0,1.E0));
#2410=AXIS2_PLACEMENT_3D('',#2407,#2408,#2409);
#2411=TOROIDAL_SURFACE('',#2410,4.75E0,1.2E0);
#2412=ORIENTED_EDGE('',*,*,#2361,.T.);
#2413=ORIENTED_EDGE('',*,*,#2402,.T.);
#2415=ORIENTED_EDGE('',*,*,#2414,.T.);
#2416=ORIENTED_EDGE('',*,*,#2398,.F.);
#2417=EDGE_LOOP('',(#2412,#2413,#2415,#2416));
#2418=FACE_OUTER_BOUND('',#2417,.F.);
#2419=ADVANCED_FACE('',(#2418),#2411,.F.);
#2420=CARTESIAN_POINT('',(0.E0,0.E0,0.E0));
#2421=DIRECTION('',(-1.E0,0.E0,0.E0));
#2422=DIRECTION('',(0.E0,0.E0,1.E0));
#2423=AXIS2_PLACEMENT_3D('',#2420,#2421,#2422);
#2424=CYLINDRICAL_SURFACE('',#2423,4.E0);
#2426=ORIENTED_EDGE('',*,*,#2425,.F.);
#2428=ORIENTED_EDGE('',*,*,#2427,.T.);
#2429=ORIENTED_EDGE('',*,*,#2414,.F.);
#2431=ORIENTED_EDGE('',*,*,#2430,.F.);
#2432=EDGE_LOOP('',(#2426,#2428,#2429,#2431));
#2433=FACE_OUTER_BOUND('',#2432,.F.);
#2434=ADVANCED_FACE('',(#2433),#2424,.T.);
#2435=CARTESIAN_POINT('',(2.1E0,3.8125E0,0.E0));
#2436=DIRECTION('',(-1.E0,0.E0,0.E0));
#2437=DIRECTION('',(0.E0,0.E0,1.E0));
#2438=AXIS2_PLACEMENT_3D('',#2435,#2436,#2437);
#2439=PLANE('',#2438);
#2440=ORIENTED_EDGE('',*,*,#2425,.T.);
#2442=ORIENTED_EDGE('',*,*,#2441,.T.);
#2443=EDGE_LOOP('',(#2440,#2442));
#2444=FACE_OUTER_BOUND('',#2443,.F.);
#2446=ORIENTED_EDGE('',*,*,#2445,.T.);
#2448=ORIENTED_EDGE('',*,*,#2447,.T.);
#2449=EDGE_LOOP('',(#2446,#2448));
#2450=FACE_BOUND('',#2449,.F.);
#2451=ADVANCED_FACE('',(#2444,#2450),#2439,.F.);
#2452=CARTESIAN_POINT('',(0.E0,0.E0,0.E0));
#2453=DIRECTION('',(-1.E0,0.E0,0.E0));
#2454=DIRECTION('',(0.E0,0.E0,1.E0));
#2455=AXIS2_PLACEMENT_3D('',#2452,#2453,#2454);
#2456=CYLINDRICAL_SURFACE('',#2455,4.E0);
#2457=ORIENTED_EDGE('',*,*,#2430,.T.);
#2458=ORIENTED_EDGE('',*,*,#2400,.F.);
#2459=ORIENTED_EDGE('',*,*,#2427,.F.);
#2460=ORIENTED_EDGE('',*,*,#2441,.F.);
#2461=EDGE_LOOP('',(#2457,#2458,#2459,#2460));
#2462=FACE_OUTER_BOUND('',#2461,.F.);
#2463=ADVANCED_FACE('',(#2462),#2456,.T.);
#2464=CARTESIAN_POINT('',(0.E0,0.E0,0.E0));
#2465=DIRECTION('',(-1.E0,0.E0,0.E0));
#2466=DIRECTION('',(0.E0,0.E0,1.E0));
#2467=AXIS2_PLACEMENT_3D('',#2464,#2465,#2466);
#2468=CYLINDRICAL_SURFACE('',#2467,3.8125E0);
#2470=ORIENTED_EDGE('',*,*,#2469,.F.);
#2472=ORIENTED_EDGE('',*,*,#2471,.T.);
#2473=ORIENTED_EDGE('',*,*,#2445,.F.);
#2475=ORIENTED_EDGE('',*,*,#2474,.F.);
#2476=EDGE_LOOP('',(#2470,#2472,#2473,#2475));
#2477=FACE_OUTER_BOUND('',#2476,.F.);
#2478=ADVANCED_FACE('',(#2477),#2468,.T.);
#2479=CARTESIAN_POINT('',(2.5E0,3.8125E0,0.E0));
#2480=DIRECTION('',(-1.E0,0.E0,0.E0));
#2481=DIRECTION('',(0.E0,0.E0,1.E0));
#2482=AXIS2_PLACEMENT_3D('',#2479,#2480,#2481);
#2483=PLANE('',#2482);
#2484=ORIENTED_EDGE('',*,*,#2469,.T.);
#2486=ORIENTED_EDGE('',*,*,#2485,.T.);
#2487=EDGE_LOOP('',(#2484,#2486));
#2488=FACE_OUTER_BOUND('',#2487,.F.);
#2489=ORIENTED_EDGE('',*,*,#2253,.T.);
#2490=ORIENTED_EDGE('',*,*,#2237,.T.);
#2491=EDGE_LOOP('',(#2489,#2490));
#2492=FACE_BOUND('',#2491,.F.);
#2493=ADVANCED_FACE('',(#2488,#2492),#2483,.F.);
#2494=CARTESIAN_POINT('',(0.E0,0.E0,0.E0));
#2495=DIRECTION('',(-1.E0,0.E0,0.E0));
#2496=DIRECTION('',(0.E0,0.E0,1.E0));
#2497=AXIS2_PLACEMENT_3D('',#2494,#2495,#2496);
#2498=CYLINDRICAL_SURFACE('',#2497,3.8125E0);
#2499=ORIENTED_EDGE('',*,*,#2474,.T.);
#2500=ORIENTED_EDGE('',*,*,#2447,.F.);
#2501=ORIENTED_EDGE('',*,*,#2471,.F.);
#2502=ORIENTED_EDGE('',*,*,#2485,.F.);
#2503=EDGE_LOOP('',(#2499,#2500,#2501,#2502));
#2504=FACE_OUTER_BOUND('',#2503,.F.);
#2505=ADVANCED_FACE('',(#2504),#2498,.T.);
#2506=CARTESIAN_POINT('',(0.E0,0.E0,0.E0));
#2507=DIRECTION('',(-1.E0,0.E0,0.E0));
#2508=DIRECTION('',(0.E0,0.E0,1.E0));
#2509=AXIS2_PLACEMENT_3D('',#2506,#2507,#2508);
#2510=CYLINDRICAL_SURFACE('',#2509,3.8125E0);
#2511=ORIENTED_EDGE('',*,*,#2314,.T.);
#2512=ORIENTED_EDGE('',*,*,#2294,.F.);
#2513=ORIENTED_EDGE('',*,*,#2311,.F.);
#2514=ORIENTED_EDGE('',*,*,#2331,.F.);
#2515=EDGE_LOOP('',(#2511,#2512,#2513,#2514));
#2516=FACE_OUTER_BOUND('',#2515,.F.);
#2517=ADVANCED_FACE('',(#2516),#2510,.T.);
#2518=CARTESIAN_POINT('',(-2.3E0,0.E0,0.E0));
#2519=DIRECTION('',(-1.E0,0.E0,0.E0));
#2520=DIRECTION('',(0.E0,0.E0,1.E0));
#2521=AXIS2_PLACEMENT_3D('',#2518,#2519,#2520);
#2522=TOROIDAL_SURFACE('',#2521,2.7E0,2.E-1);
#2523=ORIENTED_EDGE('',*,*,#2282,.T.);
#2524=ORIENTED_EDGE('',*,*,#2223,.T.);
#2525=ORIENTED_EDGE('',*,*,#2279,.F.);
#2526=ORIENTED_EDGE('',*,*,#2299,.F.);
#2527=EDGE_LOOP('',(#2523,#2524,#2525,#2526));
#2528=FACE_OUTER_BOUND('',#2527,.F.);
#2529=ADVANCED_FACE('',(#2528),#2522,.T.);
#2530=CLOSED_SHELL('',(#2229,#2244,#2258,#2271,#2286,#2303,#2318,#2335,#2350,
#2365,#2379,#2391,#2406,#2419,#2434,#2451,#2463,#2478,#2493,#2505,#2517,#2529));
#2531=MANIFOLD_SOLID_BREP('',#2530);
#2533=DIMENSIONAL_EXPONENTS(0.E0,0.E0,0.E0,0.E0,0.E0,0.E0,0.E0);
#2535=PLANE_ANGLE_MEASURE_WITH_UNIT(PLANE_ANGLE_MEASURE(1.745329251994E-2),
#2534);
#2536=(CONVERSION_BASED_UNIT('DEGREE',#2535)NAMED_UNIT(*)PLANE_ANGLE_UNIT());
#2538=UNCERTAINTY_MEASURE_WITH_UNIT(LENGTH_MEASURE(5.E-3),#2532,'closure',
'Maximum model space distance between geometric entities at asserted connectivities');
#2539=(GEOMETRIC_REPRESENTATION_CONTEXT(3)GLOBAL_UNCERTAINTY_ASSIGNED_CONTEXT((
#2538))GLOBAL_UNIT_ASSIGNED_CONTEXT((#2532,#2536,#2537))REPRESENTATION_CONTEXT(
'ID1','3'));
#2541=APPLICATION_CONTEXT(
'CONFIGURATION CONTROLLED 3D DESIGNS OF MECHANICAL PARTS AND ASSEMBLIES');
#2542=APPLICATION_PROTOCOL_DEFINITION('international standard',
'config_control_design',1994,#2541);
#2543=DESIGN_CONTEXT('',#2541,'design');
#2544=MECHANICAL_CONTEXT('',#2541,'mechanical');
#2545=PRODUCT('605ZZ_EA015','605ZZ_EA015','NOT SPECIFIED',(#2544));
#2546=PRODUCT_DEFINITION_FORMATION_WITH_SPECIFIED_SOURCE('1','LAST_VERSION',
#2545,.MADE.);
#2550=PRODUCT_CATEGORY('part','');
#2551=PRODUCT_RELATED_PRODUCT_CATEGORY('detail','',(#2545));
#2552=PRODUCT_CATEGORY_RELATIONSHIP('','',#2550,#2551);
#2553=SECURITY_CLASSIFICATION_LEVEL('unclassified');
#2554=SECURITY_CLASSIFICATION('','',#2553);
#2555=CC_DESIGN_SECURITY_CLASSIFICATION(#2554,(#2546));
#2556=APPROVAL_STATUS('approved');
#2557=APPROVAL(#2556,'');
#2558=CC_DESIGN_APPROVAL(#2557,(#2554,#2546,#2547));
#2559=CALENDAR_DATE(125,19,12);
#2560=COORDINATED_UNIVERSAL_TIME_OFFSET(8,0,.AHEAD.);
#2561=LOCAL_TIME(16,14,4.4E1,#2560);
#2562=DATE_AND_TIME(#2559,#2561);
#2563=APPROVAL_DATE_TIME(#2562,#2557);
#2564=DATE_TIME_ROLE('creation_date');
#2565=CC_DESIGN_DATE_AND_TIME_ASSIGNMENT(#2562,#2564,(#2547));
#2566=DATE_TIME_ROLE('classification_date');
#2567=CC_DESIGN_DATE_AND_TIME_ASSIGNMENT(#2562,#2566,(#2554));
#2568=PERSON('UNSPECIFIED','UNSPECIFIED',$,$,$,$);
#2569=ORGANIZATION('UNSPECIFIED','UNSPECIFIED','UNSPECIFIED');
#2570=PERSON_AND_ORGANIZATION(#2568,#2569);
#2571=APPROVAL_ROLE('approver');
#2572=APPROVAL_PERSON_ORGANIZATION(#2570,#2557,#2571);
#2573=PERSON_AND_ORGANIZATION_ROLE('creator');
#2574=CC_DESIGN_PERSON_AND_ORGANIZATION_ASSIGNMENT(#2570,#2573,(#2546,#2547));
#2575=PERSON_AND_ORGANIZATION_ROLE('design_supplier');
#2576=CC_DESIGN_PERSON_AND_ORGANIZATION_ASSIGNMENT(#2570,#2575,(#2546));
#2577=PERSON_AND_ORGANIZATION_ROLE('classification_officer');
#2578=CC_DESIGN_PERSON_AND_ORGANIZATION_ASSIGNMENT(#2570,#2577,(#2554));
#2579=PERSON_AND_ORGANIZATION_ROLE('design_owner');
#2580=CC_DESIGN_PERSON_AND_ORGANIZATION_ASSIGNMENT(#2570,#2579,(#2545));
#1=DRAUGHTING_PRE_DEFINED_COLOUR('black');
#2=COLOUR_RGB('',0.E0,0.E0,4.7E-1);
#3=COLOUR_RGB('',0.E0,0.E0,6.E-1);
#4=COLOUR_RGB('',0.E0,0.E0,8.E-1);
#5=COLOUR_RGB('',0.E0,2.745098039216E-2,7.019607843137E-1);
#6=COLOUR_RGB('',0.E0,3.137254901961E-2,3.411764705882E-1);
#7=COLOUR_RGB('',0.E0,2.E-1,1.E0);
#8=COLOUR_RGB('',0.E0,3.3E-1,0.E0);
#9=COLOUR_RGB('',0.E0,3.3E-1,3.3E-1);
#10=COLOUR_RGB('',0.E0,4.E-1,0.E0);
#11=COLOUR_RGB('',0.E0,4.E-1,4.E-1);
#12=COLOUR_RGB('',0.E0,4.E-1,1.E0);
#13=COLOUR_RGB('',0.E0,5.019607843137E-1,5.019607843137E-1);
#14=COLOUR_RGB('',0.E0,6.E-1,0.E0);
#15=COLOUR_RGB('',0.E0,6.E-1,6.E-1);
#16=COLOUR_RGB('',0.E0,6.E-1,1.E0);
#17=COLOUR_RGB('',0.E0,8.E-1,0.E0);
#18=COLOUR_RGB('',0.E0,8.E-1,8.E-1);
#19=COLOUR_RGB('',0.E0,8.E-1,1.E0);
#20=COLOUR_RGB('',0.E0,9.3E-1,0.E0);
#21=COLOUR_RGB('',0.E0,9.3E-1,9.3E-1);
#22=DRAUGHTING_PRE_DEFINED_COLOUR('green');
#23=COLOUR_RGB('',0.E0,1.E0,2.E-1);
#24=COLOUR_RGB('',0.E0,1.E0,4.E-1);
#25=COLOUR_RGB('',0.E0,1.E0,6.E-1);
#26=COLOUR_RGB('',0.E0,1.E0,8.E-1);
#27=DRAUGHTING_PRE_DEFINED_COLOUR('cyan');
#28=COLOUR_RGB('',3.1E-2,2.E-1,6.27E-1);
#29=COLOUR_RGB('',3.529411764706E-2,5.137254901961E-1,1.725490196078E-1);
#30=COLOUR_RGB('',6.6667E-2,5.17647E-1,6.39216E-1);
#31=COLOUR_RGB('',7.E-2,7.E-2,1.E0);
#32=COLOUR_RGB('',7.E-2,6.E-1,3.E-1);
#33=COLOUR_RGB('',8.E-2,1.E-1,1.1E-1);
#34=COLOUR_RGB('',9.803921568627E-2,9.803921568627E-2,4.392156862745E-1);
#35=COLOUR_RGB('',1.019607843137E-1,6.313725490196E-1,5.019607843137E-1);
#36=COLOUR_RGB('',1.176470588235E-1,5.647058823529E-1,1.E0);
#37=COLOUR_RGB('',1.254901960784E-1,6.980392156863E-1,6.666666666667E-1);
#38=COLOUR_RGB('',1.333333333333E-1,5.450980392157E-1,1.333333333333E-1);
#39=COLOUR_RGB('',1.450980392157E-1,3.529411764706E-2,0.E0);
#40=COLOUR_RGB('',1.686274509804E-1,1.686274509804E-1,1.803921568627E-1);
#41=COLOUR_RGB('',1.803921568627E-1,5.450980392157E-1,3.411764705882E-1);
#42=COLOUR_RGB('',1.9E-1,2.3E-1,3.1E-1);
#43=COLOUR_RGB('',1.960784313725E-1,8.039215686275E-1,1.960784313725E-1);
#44=COLOUR_RGB('',2.E-1,1.E0,0.E0);
#45=COLOUR_RGB('',2.E-1,1.E0,2.E-1);
#46=COLOUR_RGB('',2.E-1,1.E0,1.E0);
#47=COLOUR_RGB('',2.313725490196E-1,3.803921568627E-1,5.607843137255E-1);
#48=COLOUR_RGB('',2.352941176471E-1,7.019607843137E-1,4.431372549020E-1);
#49=COLOUR_RGB('',2.431372549020E-1,8.784313725490E-1,8.156862745098E-1);
#50=COLOUR_RGB('',2.470588235294E-1,5.921568627451E-1,6.313725490196E-1);
#51=COLOUR_RGB('',2.5098E-1,2.35294E-1,8.62745E-1);
#52=COLOUR_RGB('',2.549019607843E-1,4.117647058824E-1,1.E0);
#53=COLOUR_RGB('',2.58824E-1,7.80392E-1,8.86275E-1);
#54=COLOUR_RGB('',2.7E-1,0.E0,4.E-1);
#55=COLOUR_RGB('',2.7E-1,2.7E-1,0.E0);
#56=COLOUR_RGB('',2.7E-1,2.7E-1,1.E0);
#57=COLOUR_RGB('',2.745098039216E-1,5.098039215686E-1,7.058823529412E-1);
#58=COLOUR_RGB('',2.784313725490E-1,2.784313725490E-1,2.784313725490E-1);
#59=COLOUR_RGB('',2.823529411765E-1,2.392156862745E-1,5.450980392157E-1);
#60=COLOUR_RGB('',3.13725E-1,4.70588E-1,1.96078E-1);
#61=COLOUR_RGB('',3.2549E-1,4.98039E-1,9.84314E-1);
#62=COLOUR_RGB('',3.254901960784E-1,5.764705882353E-1,8.117647058824E-1);
#63=COLOUR_RGB('',3.3E-1,0.E0,0.E0);
#64=COLOUR_RGB('',3.3E-1,0.E0,3.3E-1);
#65=COLOUR_RGB('',3.3E-1,0.E0,5.3E-1);
#66=COLOUR_RGB('',3.450980392157E-1,3.647058823529E-1,3.725490196078E-1);
#67=COLOUR_RGB('',3.725490196078E-1,6.196078431373E-1,6.274509803922E-1);
#68=COLOUR_RGB('',3.803921568627E-1,4.392156862745E-1,5.960784313725E-1);
#69=COLOUR_RGB('',3.882352941176E-1,4.392156862745E-1,4.901960784314E-1);
#70=COLOUR_RGB('',3.921568627451E-1,5.843137254902E-1,9.294117647059E-1);
#71=COLOUR_RGB('',3.96078E-1,7.13725E-1,1.E0);
#72=COLOUR_RGB('',4.E-1,0.E0,4.E-1);
#73=COLOUR_RGB('',4.E-1,0.E0,6.7E-1);
#74=COLOUR_RGB('',4.E-1,1.3E-1,0.E0);
#75=COLOUR_RGB('',4.E-1,4.E-1,0.E0);
#76=COLOUR_RGB('',4.E-1,4.E-1,1.E0);
#77=COLOUR_RGB('',4.E-1,8.039215686275E-1,6.666666666667E-1);
#78=COLOUR_RGB('',4.E-1,1.E0,0.E0);
#79=COLOUR_RGB('',4.E-1,1.E0,4.E-1);
#80=COLOUR_RGB('',4.E-1,1.E0,1.E0);
#81=COLOUR_RGB('',4.156862745098E-1,3.529411764706E-1,8.039215686275E-1);
#82=COLOUR_RGB('',4.196078431373E-1,5.568627450980E-1,1.372549019608E-1);
#83=COLOUR_RGB('',4.666666666667E-1,5.333333333333E-1,6.E-1);
#84=COLOUR_RGB('',4.7E-1,0.E0,0.E0);
#85=COLOUR_RGB('',4.7E-1,0.E0,8.E-1);
#86=COLOUR_RGB('',4.7E-1,2.E-1,7.E-2);
#87=COLOUR_RGB('',4.823529411765E-1,4.078431372549E-1,9.333333333333E-1);
#88=COLOUR_RGB('',4.980392156863E-1,1.E0,8.313725490196E-1);
#89=COLOUR_RGB('',5.019607843137E-1,0.E0,5.019607843137E-1);
#90=COLOUR_RGB('',5.019607843137E-1,5.019607843137E-1,0.E0);
#91=COLOUR_RGB('',5.01961E-1,5.01961E-1,5.01961E-1);
#92=COLOUR_RGB('',5.098039215686E-1,3.960784313725E-1,1.058823529412E-1);
#93=COLOUR_RGB('',5.3E-1,0.E0,9.3E-1);
#94=COLOUR_RGB('',5.3E-1,2.7E-1,1.3E-1);
#95=COLOUR_RGB('',5.3E-1,5.3E-1,1.E0);
#96=COLOUR_RGB('',5.294117647059E-1,8.078431372549E-1,9.215686274510E-1);
#97=COLOUR_RGB('',5.411764705882E-1,1.686274509804E-1,8.862745098039E-1);
#98=COLOUR_RGB('',5.5E-1,6.5E-1,7.3E-1);
#99=COLOUR_RGB('',5.607843137255E-1,7.372549019608E-1,5.607843137255E-1);
#100=COLOUR_RGB('',5.68627E-1,9.37255E-1,9.37255E-1);
#101=COLOUR_RGB('',5.725490196078E-1,6.117647058824E-1,6.313725490196E-1);
#102=COLOUR_RGB('',5.764705882353E-1,4.392156862745E-1,8.588235294118E-1);
#103=COLOUR_RGB('',5.803921568627E-1,0.E0,8.274509803922E-1);
#104=COLOUR_RGB('',5.88235E-1,2.35294E-1,1.56863E-1);
#105=COLOUR_RGB('',6.E-1,0.E0,6.E-1);
#106=COLOUR_RGB('',6.E-1,1.960784313725E-1,8.E-1);
#107=COLOUR_RGB('',6.E-1,2.E-1,1.E0);
#108=COLOUR_RGB('',6.E-1,3.3E-1,2.E-1);
#109=COLOUR_RGB('',6.E-1,6.E-1,0.E0);
#110=COLOUR_RGB('',6.E-1,1.E0,6.E-1);
#111=COLOUR_RGB('',6.E-1,1.E0,1.E0);
#112=COLOUR_RGB('',6.27451E-1,4.70588E-1,3.52941E-1);
#113=COLOUR_RGB('',6.627450980392E-1,6.627450980392E-1,6.627450980392E-1);
#114=COLOUR_RGB('',6.66667E-1,8.23529E-1,1.96078E-1);
#115=COLOUR_RGB('',6.66667E-1,8.23529E-1,5.88235E-1);
#116=COLOUR_RGB('',6.7E-1,0.E0,0.E0);
#117=COLOUR_RGB('',6.7E-1,4.E-1,2.7E-1);
#118=COLOUR_RGB('',6.7E-1,4.E-1,1.E0);
#119=COLOUR_RGB('',6.7E-1,6.7E-1,1.E0);
#120=COLOUR_RGB('',6.7E-1,1.E0,0.E0);
#121=COLOUR_RGB('',6.784313725490E-1,8.117647058824E-1,1.E0);
#122=COLOUR_RGB('',6.784313725490E-1,8.470588235294E-1,9.019607843137E-1);
#123=COLOUR_RGB('',6.784313725490E-1,1.E0,1.843137254902E-1);
#124=COLOUR_RGB('',6.862745098039E-1,6.823529411765E-1,7.607843137255E-1);
#125=COLOUR_RGB('',6.980392156863E-1,1.333333333333E-1,1.333333333333E-1);
#126=COLOUR_RGB('',7.17647E-1,1.68627E-1,4.43137E-1);
#127=COLOUR_RGB('',7.215686274510E-1,5.254901960784E-1,4.313725490196E-2);
#128=COLOUR_RGB('',7.294117647059E-1,2.705882352941E-1,1.E0);
#129=COLOUR_RGB('',7.294117647059E-1,3.333333333333E-1,8.274509803922E-1);
#130=COLOUR_RGB('',7.294117647059E-1,4.E-1,0.E0);
#131=COLOUR_RGB('',7.3E-1,4.7E-1,3.3E-1);
#132=COLOUR_RGB('',7.372549019608E-1,5.607843137255E-1,5.607843137255E-1);
#133=COLOUR_RGB('',7.411764705882E-1,7.176470588235E-1,4.196078431373E-1);
#134=COLOUR_RGB('',7.803921568627E-1,8.235294117647E-2,5.215686274510E-1);
#135=COLOUR_RGB('',8.E-1,0.E0,8.E-1);
#136=COLOUR_RGB('',8.E-1,5.3E-1,4.E-1);
#137=COLOUR_RGB('',8.E-1,6.E-1,1.E0);
#138=COLOUR_RGB('',8.E-1,8.E-1,0.E0);
#139=COLOUR_RGB('',8.E-1,8.E-1,1.E0);
#140=COLOUR_RGB('',8.E-1,1.E0,8.E-1);
#141=COLOUR_RGB('',8.E-1,1.E0,1.E0);
#142=COLOUR_RGB('',8.039215686275E-1,3.607843137255E-1,3.607843137255E-1);
#143=COLOUR_RGB('',8.03922E-1,5.88235E-1,1.96078E-1);
#144=COLOUR_RGB('',8.196078431373E-1,7.098039215686E-1,5.490196078431E-2);
#145=COLOUR_RGB('',8.235294117647E-1,4.117647058824E-1,1.176470588235E-1);
#146=COLOUR_RGB('',8.235294117647E-1,7.058823529412E-1,5.490196078431E-1);
#147=COLOUR_RGB('',8.274509803922E-1,8.274509803922E-1,8.274509803922E-1);
#148=COLOUR_RGB('',8.392156862745E-1,8.E-1,7.137254901961E-1);
#149=COLOUR_RGB('',8.431372549020E-1,8.980392156863E-1,9.333333333333E-1);
#150=COLOUR_RGB('',8.549019607843E-1,6.470588235294E-1,1.254901960784E-1);
#151=COLOUR_RGB('',8.588235294118E-1,4.392156862745E-1,5.764705882353E-1);
#152=COLOUR_RGB('',8.627450980392E-1,7.843137254902E-2,2.352941176471E-1);
#153=COLOUR_RGB('',8.666666666667E-1,6.274509803922E-1,8.666666666667E-1);
#154=COLOUR_RGB('',8.7E-1,0.E0,0.E0);
#155=COLOUR_RGB('',8.7E-1,6.E-1,4.7E-1);
#156=COLOUR_RGB('',8.98039E-1,6.07843E-1,1.E0);
#157=COLOUR_RGB('',9.E-1,8.3E-1,1.2E-1);
#158=COLOUR_RGB('',9.09804E-1,3.68627E-1,8.19608E-1);
#159=COLOUR_RGB('',9.3E-1,0.E0,9.3E-1);
#160=COLOUR_RGB('',9.3E-1,6.7E-1,5.3E-1);
#161=COLOUR_RGB('',9.3E-1,8.E-1,1.E0);
#162=COLOUR_RGB('',9.3E-1,9.3E-1,0.E0);
#163=COLOUR_RGB('',9.3E-1,1.E0,9.3E-1);
#164=COLOUR_RGB('',9.3E-1,1.E0,1.E0);
#165=COLOUR_RGB('',9.333333333333E-1,5.098039215686E-1,9.333333333333E-1);
#166=COLOUR_RGB('',9.333333333333E-1,9.098039215686E-1,6.666666666667E-1);
#167=COLOUR_RGB('',9.411764705882E-1,9.019607843137E-1,5.490196078431E-1);
#168=COLOUR_RGB('',9.568627450980E-1,6.431372549020E-1,3.764705882353E-1);
#169=DRAUGHTING_PRE_DEFINED_COLOUR('red');
#170=COLOUR_RGB('',1.E0,0.E0,2.705882352941E-1);
#171=COLOUR_RGB('',1.E0,0.E0,4.705882352941E-1);
#172=COLOUR_RGB('',1.E0,0.E0,7.803921568627E-1);
#173=DRAUGHTING_PRE_DEFINED_COLOUR('magenta');
#174=COLOUR_RGB('',1.E0,3.1E-2,3.1E-2);
#175=COLOUR_RGB('',1.E0,7.E-2,7.E-2);
#176=COLOUR_RGB('',1.E0,7.843137254902E-2,5.764705882353E-1);
#177=COLOUR_RGB('',1.E0,2.E-1,1.E0);
#178=COLOUR_RGB('',1.E0,2.7E-1,0.E0);
#179=COLOUR_RGB('',1.E0,2.7E-1,2.7E-1);
#180=COLOUR_RGB('',1.E0,3.882352941176E-1,2.784313725490E-1);
#181=COLOUR_RGB('',1.E0,4.E-1,1.E0);
#182=COLOUR_RGB('',1.E0,4.117647058824E-1,7.058823529412E-1);
#183=COLOUR_RGB('',1.E0,4.7E-1,0.E0);
#184=COLOUR_RGB('',1.E0,4.7E-1,4.7E-1);
#185=COLOUR_RGB('',1.E0,4.980392156863E-1,3.137254901961E-1);
#186=COLOUR_RGB('',1.E0,6.E-1,1.E0);
#187=COLOUR_RGB('',1.E0,6.7E-1,0.E0);
#188=COLOUR_RGB('',1.E0,6.7E-1,6.7E-1);
#189=COLOUR_RGB('',1.E0,7.3E-1,6.E-1);
#190=COLOUR_RGB('',1.E0,7.686274509804E-1,5.882352941176E-2);
#191=COLOUR_RGB('',1.E0,8.E-1,8.E-1);
#192=COLOUR_RGB('',1.E0,8.E-1,1.E0);
#193=COLOUR_RGB('',1.E0,8.7E-1,0.E0);
#194=COLOUR_RGB('',1.E0,9.215686274510E-1,8.039215686275E-1);
#195=COLOUR_RGB('',1.E0,9.3E-1,9.3E-1);
#196=COLOUR_RGB('',1.E0,9.3E-1,1.E0);
#197=DRAUGHTING_PRE_DEFINED_COLOUR('yellow');
#198=COLOUR_RGB('',1.E0,1.E0,1.3E-1);
#199=COLOUR_RGB('',1.E0,1.E0,3.3E-1);
#200=COLOUR_RGB('',1.E0,1.E0,5.3E-1);
#201=COLOUR_RGB('',1.E0,1.E0,7.3E-1);
#202=COLOUR_RGB('',1.E0,1.E0,9.3E-1);
#203=DRAUGHTING_PRE_DEFINED_COLOUR('white');
#208=CIRCLE('',#207,2.005940576482E-1);
#213=CIRCLE('',#212,5.468439885618E0);
#218=CIRCLE('',#217,5.468439885618E0);
#223=CIRCLE('',#222,2.005940576482E-1);
#236=CIRCLE('',#235,5.221429134143E0);
#241=CIRCLE('',#240,2.666666666667E-1);
#246=CIRCLE('',#245,2.666666666667E-1);
#251=CIRCLE('',#250,5.221429134143E0);
#256=CIRCLE('',#255,5.054843788128E0);
#261=CIRCLE('',#260,5.054843788128E0);
#266=CIRCLE('',#265,3.85E0);
#271=CIRCLE('',#270,3.85E0);
#280=CIRCLE('',#279,5.054843788128E0);
#285=CIRCLE('',#284,5.054843788128E0);
#290=CIRCLE('',#289,3.85E0);
#295=CIRCLE('',#294,3.85E0);
#300=CIRCLE('',#299,5.179782797639E0);
#305=CIRCLE('',#304,2.E-1);
#318=CIRCLE('',#317,5.426793549115E0);
#323=CIRCLE('',#322,2.672607243148E-1);
#328=CIRCLE('',#327,5.59375E0);
#333=CIRCLE('',#332,5.59375E0);
#338=CIRCLE('',#337,5.5E0);
#343=CIRCLE('',#342,5.5E0);
#348=CIRCLE('',#347,5.426793549115E0);
#353=CIRCLE('',#352,2.672607243148E-1);
#366=CIRCLE('',#365,5.5E0);
#371=CIRCLE('',#370,1.2E0);
#376=CIRCLE('',#375,1.2E0);
#381=CIRCLE('',#380,5.5E0);
#386=CIRCLE('',#385,1.2E0);
#391=CIRCLE('',#390,5.5E0);
#396=CIRCLE('',#395,5.5E0);
#401=CIRCLE('',#400,1.2E0);
#414=CIRCLE('',#413,5.59375E0);
#419=CIRCLE('',#418,5.59375E0);
#424=CIRCLE('',#423,5.5E0);
#429=CIRCLE('',#428,5.5E0);
#434=CIRCLE('',#433,5.426793549115E0);
#439=CIRCLE('',#438,2.672607243148E-1);
#444=CIRCLE('',#443,5.426793549115E0);
#449=CIRCLE('',#448,2.672607243148E-1);
#458=CIRCLE('',#457,5.179782797639E0);
#463=CIRCLE('',#462,2.E-1);
#468=CIRCLE('',#467,2.E-1);
#473=CIRCLE('',#472,5.179782797639E0);
#478=CIRCLE('',#477,5.054843788128E0);
#483=CIRCLE('',#482,5.054843788128E0);
#488=CIRCLE('',#487,3.85E0);
#493=CIRCLE('',#492,3.85E0);
#506=CIRCLE('',#505,5.054843788128E0);
#511=CIRCLE('',#510,5.054843788128E0);
#516=CIRCLE('',#515,3.85E0);
#521=CIRCLE('',#520,3.85E0);
#526=CIRCLE('',#525,5.221429134143E0);
#531=CIRCLE('',#530,2.666666666667E-1);
#544=CIRCLE('',#543,5.468439885618E0);
#549=CIRCLE('',#548,2.005940576482E-1);
#554=CIRCLE('',#553,2.005940576482E-1);
#559=CIRCLE('',#558,5.468439885618E0);
#564=CIRCLE('',#563,5.6875E0);
#569=CIRCLE('',#568,5.6875E0);
#574=CIRCLE('',#573,5.59375E0);
#579=CIRCLE('',#578,5.59375E0);
#584=CIRCLE('',#583,3.333333333333E-2);
#589=CIRCLE('',#588,5.713014358498E0);
#594=CIRCLE('',#593,3.333333333333E-2);
#599=CIRCLE('',#598,5.713014358498E0);
#608=CIRCLE('',#607,5.598971283004E0);
#617=CIRCLE('',#616,5.65E0);
#626=CIRCLE('',#625,5.65E0);
#635=CIRCLE('',#634,5.598971283004E0);
#648=CIRCLE('',#647,6.8E0);
#653=CIRCLE('',#652,6.8E0);
#658=CIRCLE('',#657,5.65E0);
#663=CIRCLE('',#662,5.65E0);
#668=CIRCLE('',#667,7.E0);
#673=CIRCLE('',#672,2.E-1);
#682=CIRCLE('',#681,2.E-1);
#687=CIRCLE('',#686,7.E0);
#692=CIRCLE('',#691,6.8E0);
#697=CIRCLE('',#696,6.8E0);
#702=CIRCLE('',#701,5.65E0);
#707=CIRCLE('',#706,5.65E0);
#712=CIRCLE('',#711,2.E-1);
#717=CIRCLE('',#716,7.E0);
#726=CIRCLE('',#725,2.E-1);
#731=CIRCLE('',#730,7.E0);
#736=CIRCLE('',#735,5.65E0);
#753=CIRCLE('',#752,5.65E0);
#766=CIRCLE('',#765,5.598971283004E0);
#771=CIRCLE('',#770,5.598971283004E0);
#780=CIRCLE('',#779,3.333333333333E-2);
#785=CIRCLE('',#784,5.713014358498E0);
#790=CIRCLE('',#789,3.333333333333E-2);
#795=CIRCLE('',#794,5.6875E0);
#800=CIRCLE('',#799,5.6875E0);
#805=CIRCLE('',#804,5.59375E0);
#810=CIRCLE('',#809,5.59375E0);
#815=CIRCLE('',#814,5.713014358498E0);
#820=CIRCLE('',#819,2.666666666667E-1);
#825=CIRCLE('',#824,5.221429134143E0);
#834=CIRCLE('',#833,2.E-1);
#839=CIRCLE('',#838,5.179782797639E0);
#1005=EDGE_CURVE('',#953,#959,#208,.T.);
#1007=EDGE_CURVE('',#957,#959,#810,.T.);
#1009=EDGE_CURVE('',#955,#957,#223,.T.);
#1011=EDGE_CURVE('',#955,#953,#213,.T.);
#1021=EDGE_CURVE('',#953,#955,#218,.T.);
#1024=EDGE_CURVE('',#959,#957,#805,.T.);
#1035=EDGE_CURVE('',#951,#955,#227,.T.);
#1038=EDGE_CURVE('',#946,#953,#231,.T.);
#1040=EDGE_CURVE('',#951,#946,#251,.T.);
#1050=EDGE_CURVE('',#946,#951,#236,.T.);
#1064=EDGE_CURVE('',#951,#949,#241,.T.);
#1066=EDGE_CURVE('',#947,#949,#261,.T.);
#1068=EDGE_CURVE('',#946,#947,#246,.T.);
#1079=EDGE_CURVE('',#949,#947,#256,.T.);
#1095=EDGE_CURVE('',#991,#989,#266,.T.);
#1097=EDGE_CURVE('',#989,#991,#271,.T.);
#1107=EDGE_CURVE('',#986,#987,#290,.T.);
#1109=EDGE_CURVE('',#986,#989,#275,.T.);
#1112=EDGE_CURVE('',#987,#991,#843,.T.);
#1122=EDGE_CURVE('',#983,#981,#280,.T.);
#1124=EDGE_CURVE('',#981,#983,#285,.T.);
#1129=EDGE_CURVE('',#987,#986,#295,.T.);
#1139=EDGE_CURVE('',#979,#977,#300,.T.);
#1141=EDGE_CURVE('',#977,#981,#305,.T.);
#1144=EDGE_CURVE('',#979,#983,#834,.T.);
#1155=EDGE_CURVE('',#979,#975,#309,.T.);
#1157=EDGE_CURVE('',#974,#975,#348,.T.);
#1159=EDGE_CURVE('',#977,#974,#313,.T.);
#1170=EDGE_CURVE('',#975,#974,#318,.T.);
#1173=EDGE_CURVE('',#977,#979,#839,.T.);
#1183=EDGE_CURVE('',#995,#994,#333,.T.);
#1185=EDGE_CURVE('',#975,#994,#353,.T.);
#1188=EDGE_CURVE('',#974,#995,#323,.T.);
#1198=EDGE_CURVE('',#994,#995,#328,.T.);
#1203=EDGE_CURVE('',#846,#851,#338,.T.);
#1205=EDGE_CURVE('',#851,#846,#343,.T.);
#1227=EDGE_CURVE('',#846,#847,#357,.T.);
#1229=EDGE_CURVE('',#849,#847,#396,.T.);
#1231=EDGE_CURVE('',#851,#849,#361,.T.);
#1244=EDGE_CURVE('',#847,#849,#366,.T.);
#1256=EDGE_CURVE('',#849,#885,#371,.T.);
#1258=EDGE_CURVE('',#885,#883,#376,.T.);
#1260=EDGE_CURVE('',#883,#881,#381,.T.);
#1262=EDGE_CURVE('',#887,#881,#386,.T.);
#1264=EDGE_CURVE('',#847,#887,#401,.T.);
#1275=EDGE_CURVE('',#881,#883,#391,.T.);
#1289=EDGE_CURVE('',#881,#879,#405,.T.);
#1291=EDGE_CURVE('',#878,#879,#424,.T.);
#1293=EDGE_CURVE('',#883,#878,#409,.T.);
#1306=EDGE_CURVE('',#879,#878,#429,.T.);
#1317=EDGE_CURVE('',#942,#943,#414,.T.);
#1319=EDGE_CURVE('',#943,#942,#419,.T.);
#1334=EDGE_CURVE('',#898,#943,#449,.T.);
#1336=EDGE_CURVE('',#898,#899,#434,.T.);
#1338=EDGE_CURVE('',#899,#942,#439,.T.);
#1350=EDGE_CURVE('',#899,#898,#444,.T.);
#1361=EDGE_CURVE('',#903,#901,#458,.T.);
#1363=EDGE_CURVE('',#903,#898,#453,.T.);
#1366=EDGE_CURVE('',#901,#899,#829,.T.);
#1377=EDGE_CURVE('',#901,#905,#463,.T.);
#1379=EDGE_CURVE('',#907,#905,#483,.T.);
#1381=EDGE_CURVE('',#903,#907,#468,.T.);
#1392=EDGE_CURVE('',#905,#907,#478,.T.);
#1395=EDGE_CURVE('',#901,#903,#473,.T.);
#1409=EDGE_CURVE('',#910,#911,#488,.T.);
#1411=EDGE_CURVE('',#911,#910,#493,.T.);
#1421=EDGE_CURVE('',#910,#913,#497,.T.);
#1423=EDGE_CURVE('',#915,#913,#516,.T.);
#1425=EDGE_CURVE('',#911,#915,#501,.T.);
#1438=EDGE_CURVE('',#913,#915,#521,.T.);
#1449=EDGE_CURVE('',#918,#919,#506,.T.);
#1451=EDGE_CURVE('',#919,#918,#511,.T.);
#1465=EDGE_CURVE('',#922,#923,#526,.T.);
#1467=EDGE_CURVE('',#923,#919,#531,.T.);
#1470=EDGE_CURVE('',#922,#918,#820,.T.);
#1481=EDGE_CURVE('',#922,#925,#535,.T.);
#1483=EDGE_CURVE('',#927,#925,#559,.T.);
#1485=EDGE_CURVE('',#923,#927,#539,.T.);
#1496=EDGE_CURVE('',#925,#927,#544,.T.);
#1499=EDGE_CURVE('',#923,#922,#825,.T.);
#1510=EDGE_CURVE('',#927,#929,#549,.T.);
#1512=EDGE_CURVE('',#931,#929,#579,.T.);
#1514=EDGE_CURVE('',#925,#931,#554,.T.);
#1525=EDGE_CURVE('',#929,#931,#574,.T.);
#1537=EDGE_CURVE('',#934,#935,#564,.T.);
#1539=EDGE_CURVE('',#935,#934,#569,.T.);
#1553=EDGE_CURVE('',#934,#893,#584,.T.);
#1555=EDGE_CURVE('',#893,#895,#589,.T.);
#1557=EDGE_CURVE('',#895,#935,#594,.T.);
#1570=EDGE_CURVE('',#895,#893,#599,.T.);
#1581=EDGE_CURVE('',#890,#891,#608,.T.);
#1583=EDGE_CURVE('',#890,#893,#603,.T.);
#1586=EDGE_CURVE('',#891,#895,#643,.T.);
#1596=EDGE_CURVE('',#939,#938,#617,.T.);
#1598=EDGE_CURVE('',#890,#939,#639,.T.);
#1601=EDGE_CURVE('',#891,#938,#612,.T.);
#1612=EDGE_CURVE('',#938,#874,#621,.T.);
#1614=EDGE_CURVE('',#875,#874,#663,.T.);
#1616=EDGE_CURVE('',#939,#875,#630,.T.);
#1626=EDGE_CURVE('',#938,#939,#626,.T.);
#1629=EDGE_CURVE('',#874,#875,#658,.T.);
#1642=EDGE_CURVE('',#891,#890,#635,.T.);
#1665=EDGE_CURVE('',#871,#869,#648,.T.);
#1667=EDGE_CURVE('',#869,#871,#653,.T.);
#1681=EDGE_CURVE('',#865,#867,#668,.T.);
#1683=EDGE_CURVE('',#867,#869,#673,.T.);
#1686=EDGE_CURVE('',#865,#871,#726,.T.);
#1696=EDGE_CURVE('',#861,#863,#687,.T.);
#1698=EDGE_CURVE('',#861,#867,#677,.T.);
#1701=EDGE_CURVE('',#863,#865,#721,.T.);
#1711=EDGE_CURVE('',#858,#859,#692,.T.);
#1713=EDGE_CURVE('',#858,#861,#682,.T.);
#1716=EDGE_CURVE('',#859,#863,#712,.T.);
#1727=EDGE_CURVE('',#859,#858,#697,.T.);
#1731=EDGE_CURVE('',#855,#854,#702,.T.);
#1733=EDGE_CURVE('',#854,#855,#707,.T.);
#1744=EDGE_CURVE('',#863,#861,#717,.T.);
#1757=EDGE_CURVE('',#867,#865,#731,.T.);
#1781=EDGE_CURVE('',#999,#998,#736,.T.);
#1783=EDGE_CURVE('',#854,#999,#757,.T.);
#1786=EDGE_CURVE('',#855,#998,#740,.T.);
#1797=EDGE_CURVE('',#971,#998,#748,.T.);
#1799=EDGE_CURVE('',#969,#971,#771,.T.);
#1801=EDGE_CURVE('',#969,#999,#744,.T.);
#1811=EDGE_CURVE('',#998,#999,#753,.T.);
#1814=EDGE_CURVE('',#971,#969,#766,.T.);
#1837=EDGE_CURVE('',#969,#966,#761,.T.);
#1839=EDGE_CURVE('',#967,#966,#815,.T.);
#1841=EDGE_CURVE('',#971,#967,#775,.T.);
#1854=EDGE_CURVE('',#966,#967,#785,.T.);
#1865=EDGE_CURVE('',#962,#963,#795,.T.);
#1867=EDGE_CURVE('',#962,#966,#780,.T.);
#1870=EDGE_CURVE('',#967,#963,#790,.T.);
#1881=EDGE_CURVE('',#963,#962,#800,.T.);
#1960=CIRCLE('',#1959,2.E-1);
#1965=CIRCLE('',#1964,2.5E0);
#1970=CIRCLE('',#1969,2.5E0);
#1975=CIRCLE('',#1974,2.E-1);
#1984=CIRCLE('',#1983,2.E-1);
#1989=CIRCLE('',#1988,2.5E0);
#1994=CIRCLE('',#1993,3.8125E0);
#1999=CIRCLE('',#1998,3.8125E0);
#2004=CIRCLE('',#2003,2.7E0);
#2009=CIRCLE('',#2008,2.7E0);
#2018=CIRCLE('',#2017,4.E0);
#2023=CIRCLE('',#2022,4.E0);
#2028=CIRCLE('',#2027,3.8125E0);
#2033=CIRCLE('',#2032,3.8125E0);
#2042=CIRCLE('',#2041,4.E0);
#2047=CIRCLE('',#2046,1.2E0);
#2052=CIRCLE('',#2051,4.E0);
#2057=CIRCLE('',#2056,1.2E0);
#2066=CIRCLE('',#2065,3.55E0);
#2071=CIRCLE('',#2070,1.2E0);
#2076=CIRCLE('',#2075,4.E0);
#2081=CIRCLE('',#2080,3.55E0);
#2086=CIRCLE('',#2085,1.2E0);
#2091=CIRCLE('',#2090,4.E0);
#2100=CIRCLE('',#2099,4.E0);
#2105=CIRCLE('',#2104,4.E0);
#2110=CIRCLE('',#2109,3.8125E0);
#2115=CIRCLE('',#2114,3.8125E0);
#2128=CIRCLE('',#2127,3.8125E0);
#2133=CIRCLE('',#2132,3.8125E0);
#2138=CIRCLE('',#2137,2.7E0);
#2143=CIRCLE('',#2142,2.7E0);
#2156=CIRCLE('',#2155,2.E-1);
#2161=CIRCLE('',#2160,2.5E0);
#2219=EDGE_CURVE('',#2196,#2197,#1965,.T.);
#2221=EDGE_CURVE('',#2196,#2191,#1955,.T.);
#2223=EDGE_CURVE('',#2193,#2191,#2161,.T.);
#2225=EDGE_CURVE('',#2197,#2193,#1979,.T.);
#2235=EDGE_CURVE('',#2197,#2199,#1960,.T.);
#2237=EDGE_CURVE('',#2201,#2199,#2143,.T.);
#2239=EDGE_CURVE('',#2196,#2201,#1975,.T.);
#2250=EDGE_CURVE('',#2197,#2196,#1970,.T.);
#2253=EDGE_CURVE('',#2199,#2201,#2138,.T.);
#2265=EDGE_CURVE('',#2191,#2193,#1989,.T.);
#2277=EDGE_CURVE('',#2188,#2189,#2004,.T.);
#2279=EDGE_CURVE('',#2188,#2191,#1984,.T.);
#2282=EDGE_CURVE('',#2189,#2193,#2156,.T.);
#2292=EDGE_CURVE('',#2185,#2183,#1994,.T.);
#2294=EDGE_CURVE('',#2183,#2185,#1999,.T.);
#2299=EDGE_CURVE('',#2189,#2188,#2009,.T.);
#2309=EDGE_CURVE('',#2180,#2181,#2028,.T.);
#2311=EDGE_CURVE('',#2180,#2183,#2013,.T.);
#2314=EDGE_CURVE('',#2181,#2185,#2151,.T.);
#2324=EDGE_CURVE('',#2177,#2175,#2018,.T.);
#2326=EDGE_CURVE('',#2175,#2177,#2023,.T.);
#2331=EDGE_CURVE('',#2181,#2180,#2033,.T.);
#2341=EDGE_CURVE('',#2173,#2171,#2042,.T.);
#2343=EDGE_CURVE('',#2173,#2175,#2037,.T.);
#2346=EDGE_CURVE('',#2171,#2177,#2061,.T.);
#2356=EDGE_CURVE('',#2173,#2165,#2057,.T.);
#2359=EDGE_CURVE('',#2171,#2164,#2047,.T.);
#2361=EDGE_CURVE('',#2165,#2164,#2081,.T.);
#2372=EDGE_CURVE('',#2171,#2173,#2052,.T.);
#2375=EDGE_CURVE('',#2164,#2165,#2066,.T.);
#2398=EDGE_CURVE('',#2165,#2167,#2071,.T.);
#2400=EDGE_CURVE('',#2167,#2169,#2076,.T.);
#2402=EDGE_CURVE('',#2164,#2169,#2086,.T.);
#2414=EDGE_CURVE('',#2169,#2167,#2091,.T.);
#2425=EDGE_CURVE('',#2212,#2213,#2100,.T.);
#2427=EDGE_CURVE('',#2212,#2167,#2095,.T.);
#2430=EDGE_CURVE('',#2213,#2169,#2119,.T.);
#2441=EDGE_CURVE('',#2213,#2212,#2105,.T.);
#2445=EDGE_CURVE('',#2209,#2207,#2110,.T.);
#2447=EDGE_CURVE('',#2207,#2209,#2115,.T.);
#2469=EDGE_CURVE('',#2204,#2205,#2128,.T.);
#2471=EDGE_CURVE('',#2204,#2207,#2123,.T.);
#2474=EDGE_CURVE('',#2205,#2209,#2147,.T.);
#2485=EDGE_CURVE('',#2205,#2204,#2133,.T.);
#2532=(LENGTH_UNIT()NAMED_UNIT(*)SI_UNIT(.MILLI.,.METRE.));
#2534=(NAMED_UNIT(*)PLANE_ANGLE_UNIT()SI_UNIT($,.RADIAN.));
#2537=(NAMED_UNIT(*)SI_UNIT($,.STERADIAN.)SOLID_ANGLE_UNIT());
#2540=ADVANCED_BREP_SHAPE_REPRESENTATION('',(#1951,#2531),#2539);
#2547=PRODUCT_DEFINITION('design','',#2546,#2543);
#2548=PRODUCT_DEFINITION_SHAPE('','SHAPE FOR 605ZZ_EA015.',#2547);
#2549=SHAPE_DEFINITION_REPRESENTATION(#2548,#2540);
ENDSEC;
END-ISO-10303-21;
