ISO-10303-21;
HEADER;
FILE_DESCRIPTION((''),'2;1');
FILE_NAME('609ZZ-EA031','2025-12-19T16:29:27',('qinghui.yi'),(''),
'CREO PARAMETRIC BY PTC INC, 2019164','CREO PARAMETRIC BY PTC INC, 2019164','');
FILE_SCHEMA(('CONFIG_CONTROL_DESIGN','SHAPE_APPEARANCE_LAYERS_GROUPS'));
ENDSEC;
DATA;
#204=DIRECTION('',(-1.E0,0.E0,0.E0));
#205=VECTOR('',#204,4.E-1);
#206=CARTESIAN_POINT('',(-1.319839718918E1,-2.570068613716E0,2.442633037561E1));
#207=LINE('',#206,#205);
#208=CARTESIAN_POINT('',(-1.359839718918E1,3.298757550160E0,2.685107354927E1));
#209=DIRECTION('',(-1.E0,0.E0,0.E0));
#210=DIRECTION('',(0.E0,9.242245927363E-1,3.818493186866E-1));
#211=AXIS2_PLACEMENT_3D('',#208,#209,#210);
#213=CARTESIAN_POINT('',(-1.359839718918E1,3.298757550160E0,2.685107354927E1));
#214=DIRECTION('',(-1.E0,0.E0,0.E0));
#215=DIRECTION('',(0.E0,-9.242245927363E-1,-3.818493186866E-1));
#216=AXIS2_PLACEMENT_3D('',#213,#214,#215);
#218=CARTESIAN_POINT('',(-1.359839718918E1,3.298757550160E0,2.685107354927E1));
#219=DIRECTION('',(1.E0,0.E0,0.E0));
#220=DIRECTION('',(0.E0,-9.242245927363E-1,-3.818493186866E-1));
#221=AXIS2_PLACEMENT_3D('',#218,#219,#220);
#223=CARTESIAN_POINT('',(-1.359839718918E1,3.298757550160E0,2.685107354927E1));
#224=DIRECTION('',(1.E0,0.E0,0.E0));
#225=DIRECTION('',(0.E0,9.242245927363E-1,3.818493186866E-1));
#226=AXIS2_PLACEMENT_3D('',#223,#224,#225);
#228=DIRECTION('',(-8.E-1,5.545347556418E-1,2.291095912120E-1));
#229=VECTOR('',#228,7.5E-1);
#230=CARTESIAN_POINT('',(-1.299839718918E1,-4.788207636283E0,2.350989201076E1));
#231=LINE('',#230,#229);
#232=DIRECTION('',(-8.E-1,-5.545347556418E-1,-2.291095912120E-1));
#233=VECTOR('',#232,7.5E-1);
#234=CARTESIAN_POINT('',(-1.299839718918E1,1.138572273660E1,3.019225508778E1));
#235=LINE('',#234,#233);
#236=CARTESIAN_POINT('',(-1.299839718918E1,3.298757550160E0,2.685107354927E1));
#237=DIRECTION('',(-1.E0,0.E0,0.E0));
#238=DIRECTION('',(0.E0,9.242245927363E-1,3.818493186866E-1));
#239=AXIS2_PLACEMENT_3D('',#236,#237,#238);
#241=CARTESIAN_POINT('',(-1.299839718918E1,3.298757550160E0,2.685107354927E1));
#242=DIRECTION('',(-1.E0,0.E0,0.E0));
#243=DIRECTION('',(0.E0,-9.242245927363E-1,-3.818493186866E-1));
#244=AXIS2_PLACEMENT_3D('',#241,#242,#243);
#246=CARTESIAN_POINT('',(-1.299839718918E1,3.298757550160E0,2.685107354927E1));
#247=DIRECTION('',(1.E0,0.E0,0.E0));
#248=DIRECTION('',(0.E0,-9.242245927363E-1,-3.818493186866E-1));
#249=AXIS2_PLACEMENT_3D('',#246,#247,#248);
#251=CARTESIAN_POINT('',(-1.299839718918E1,3.298757550160E0,2.685107354927E1));
#252=DIRECTION('',(1.E0,0.E0,0.E0));
#253=DIRECTION('',(0.E0,9.242245927363E-1,3.818493186866E-1));
#254=AXIS2_PLACEMENT_3D('',#251,#252,#253);
#256=DIRECTION('',(-1.E0,0.E0,1.578983857245E-14));
#257=VECTOR('',#256,4.5E-1);
#258=CARTESIAN_POINT('',(-1.299839718918E1,1.189404626261E1,3.040227221306E1));
#259=LINE('',#258,#257);
#260=DIRECTION('',(-1.E0,0.E0,0.E0));
#261=VECTOR('',#260,4.5E-1);
#262=CARTESIAN_POINT('',(-1.299839718918E1,-5.296531162288E0,2.329987488549E1));
#263=LINE('',#262,#261);
#264=CARTESIAN_POINT('',(-1.344839718918E1,-5.111686243741E0,2.337624474922E1));
#265=DIRECTION('',(0.E0,3.818493186866E-1,-9.242245927363E-1));
#266=DIRECTION('',(0.E0,-9.242245927363E-1,-3.818493186866E-1));
#267=AXIS2_PLACEMENT_3D('',#264,#265,#266);
#269=CARTESIAN_POINT('',(-1.344839718918E1,3.298757550160E0,2.685107354927E1));
#270=DIRECTION('',(1.E0,0.E0,0.E0));
#271=DIRECTION('',(0.E0,9.242245927363E-1,3.818493186866E-1));
#272=AXIS2_PLACEMENT_3D('',#269,#270,#271);
#274=CARTESIAN_POINT('',(-1.344839718918E1,3.298757550160E0,2.685107354927E1));
#275=DIRECTION('',(1.E0,0.E0,0.E0));
#276=DIRECTION('',(0.E0,-9.242245927363E-1,-3.818493186866E-1));
#277=AXIS2_PLACEMENT_3D('',#274,#275,#276);
#279=CARTESIAN_POINT('',(-1.344839718918E1,3.298757550160E0,2.685107354927E1));
#280=DIRECTION('',(1.E0,0.E0,0.E0));
#281=DIRECTION('',(0.E0,9.242245927363E-1,3.818493186866E-1));
#282=AXIS2_PLACEMENT_3D('',#279,#280,#281);
#284=CARTESIAN_POINT('',(-1.344839718918E1,3.298757550160E0,2.685107354927E1));
#285=DIRECTION('',(-1.E0,0.E0,0.E0));
#286=DIRECTION('',(0.E0,9.242245927363E-1,3.818493186866E-1));
#287=AXIS2_PLACEMENT_3D('',#284,#285,#286);
#289=CARTESIAN_POINT('',(-1.344839718918E1,3.298757550160E0,2.685107354927E1));
#290=DIRECTION('',(-1.E0,0.E0,0.E0));
#291=DIRECTION('',(0.E0,-9.242245927363E-1,-3.818493186866E-1));
#292=AXIS2_PLACEMENT_3D('',#289,#290,#291);
#294=CARTESIAN_POINT('',(-1.344839718918E1,1.170920134406E1,3.032590234932E1));
#295=DIRECTION('',(0.E0,-3.818493186866E-1,9.242245927363E-1));
#296=DIRECTION('',(0.E0,9.242245927363E-1,3.818493186866E-1));
#297=AXIS2_PLACEMENT_3D('',#294,#295,#296);
#299=CARTESIAN_POINT('',(-1.344839718918E1,3.298757550160E0,2.685107354927E1));
#300=DIRECTION('',(1.E0,0.E0,0.E0));
#301=DIRECTION('',(0.E0,-9.242245927363E-1,-3.818493186866E-1));
#302=AXIS2_PLACEMENT_3D('',#299,#300,#301);
#304=CARTESIAN_POINT('',(-1.344839718918E1,-5.111686243741E0,2.337624474922E1));
#305=DIRECTION('',(0.E0,3.818493186866E-1,-9.242245927363E-1));
#306=DIRECTION('',(0.E0,-9.242245927363E-1,-3.818493186866E-1));
#307=AXIS2_PLACEMENT_3D('',#304,#305,#306);
#309=CARTESIAN_POINT('',(-1.344839718918E1,3.298757550160E0,2.685107354927E1));
#310=DIRECTION('',(-1.E0,0.E0,0.E0));
#311=DIRECTION('',(0.E0,9.242245927363E-1,3.818493186866E-1));
#312=AXIS2_PLACEMENT_3D('',#309,#310,#311);
#314=CARTESIAN_POINT('',(-1.344839718918E1,1.170920134406E1,3.032590234932E1));
#315=DIRECTION('',(0.E0,-3.818493186866E-1,9.242245927363E-1));
#316=DIRECTION('',(0.E0,9.242245927363E-1,3.818493186866E-1));
#317=AXIS2_PLACEMENT_3D('',#314,#315,#316);
#319=CARTESIAN_POINT('',(-1.344839718918E1,3.298757550160E0,2.685107354927E1));
#320=DIRECTION('',(-1.E0,0.E0,0.E0));
#321=DIRECTION('',(0.E0,-9.242245927363E-1,-3.818493186866E-1));
#322=AXIS2_PLACEMENT_3D('',#319,#320,#321);
#324=DIRECTION('',(-1.E0,0.E0,0.E0));
#325=VECTOR('',#324,6.5E-1);
#326=CARTESIAN_POINT('',(-1.279839718918E1,1.207889118115E1,3.047864207679E1));
#327=LINE('',#326,#325);
#328=CARTESIAN_POINT('',(-1.279839718918E1,3.298757550160E0,2.685107354927E1));
#329=DIRECTION('',(-1.E0,0.E0,0.E0));
#330=DIRECTION('',(0.E0,0.E0,1.E0));
#331=AXIS2_PLACEMENT_3D('',#328,#329,#330);
#333=CARTESIAN_POINT('',(-1.279839718918E1,3.298757550160E0,2.685107354927E1));
#334=DIRECTION('',(-1.E0,0.E0,0.E0));
#335=DIRECTION('',(0.E0,0.E0,-1.E0));
#336=AXIS2_PLACEMENT_3D('',#333,#334,#335);
#338=CARTESIAN_POINT('',(-1.279839718918E1,3.298757550160E0,2.685107354927E1));
#339=DIRECTION('',(1.E0,0.E0,0.E0));
#340=DIRECTION('',(0.E0,9.242245927363E-1,3.818493186866E-1));
#341=AXIS2_PLACEMENT_3D('',#338,#339,#340);
#343=CARTESIAN_POINT('',(-1.279839718918E1,3.298757550160E0,2.685107354927E1));
#344=DIRECTION('',(1.E0,0.E0,0.E0));
#345=DIRECTION('',(0.E0,-9.242245927363E-1,-3.818493186866E-1));
#346=AXIS2_PLACEMENT_3D('',#343,#344,#345);
#348=DIRECTION('',(1.E0,0.E0,0.E0));
#349=VECTOR('',#348,4.E-1);
#350=CARTESIAN_POINT('',(-1.319839718918E1,3.298757550160E0,1.700107354927E1));
#351=LINE('',#350,#349);
#352=DIRECTION('',(1.E0,0.E0,-1.776356839400E-14));
#353=VECTOR('',#352,4.E-1);
#354=CARTESIAN_POINT('',(-1.319839718918E1,3.298757550160E0,3.670107354927E1));
#355=LINE('',#354,#353);
#356=CARTESIAN_POINT('',(-1.344346982755E1,3.298757550160E0,2.685107354927E1));
#357=DIRECTION('',(-1.E0,0.E0,0.E0));
#358=DIRECTION('',(0.E0,0.E0,-1.E0));
#359=AXIS2_PLACEMENT_3D('',#356,#357,#358);
#361=DIRECTION('',(-5.735764363510E-1,0.E0,8.191520442890E-1));
#362=VECTOR('',#361,4.272711060665E-1);
#363=CARTESIAN_POINT('',(-1.319839718918E1,3.298757550160E0,1.700107354927E1));
#364=LINE('',#363,#362);
#365=CARTESIAN_POINT('',(-1.319839718918E1,3.298757550160E0,2.685107354927E1));
#366=DIRECTION('',(1.E0,0.E0,0.E0));
#367=DIRECTION('',(0.E0,0.E0,1.E0));
#368=AXIS2_PLACEMENT_3D('',#365,#366,#367);
#370=DIRECTION('',(1.E0,0.E0,0.E0));
#371=VECTOR('',#370,3.549273616266E-1);
#372=CARTESIAN_POINT('',(-1.379839718918E1,3.298757550160E0,3.635107354927E1));
#373=LINE('',#372,#371);
#374=DIRECTION('',(1.E0,0.E0,1.000969230019E-14));
#375=VECTOR('',#374,3.549273616266E-1);
#376=CARTESIAN_POINT('',(-1.379839718918E1,3.298757550160E0,1.735107354927E1));
#377=LINE('',#376,#375);
#378=CARTESIAN_POINT('',(-1.379839718918E1,3.298757550160E0,2.685107354927E1));
#379=DIRECTION('',(-1.E0,0.E0,0.E0));
#380=DIRECTION('',(0.E0,0.E0,-1.E0));
#381=AXIS2_PLACEMENT_3D('',#378,#379,#380);
#383=CARTESIAN_POINT('',(-1.379839718918E1,3.298757550160E0,2.685107354927E1));
#384=DIRECTION('',(-1.E0,0.E0,0.E0));
#385=DIRECTION('',(0.E0,0.E0,1.E0));
#386=AXIS2_PLACEMENT_3D('',#383,#384,#385);
#388=CARTESIAN_POINT('',(-1.379839718918E1,3.298757550160E0,2.685107354927E1));
#389=DIRECTION('',(1.E0,0.E0,0.E0));
#390=DIRECTION('',(0.E0,0.E0,-1.E0));
#391=AXIS2_PLACEMENT_3D('',#388,#389,#390);
#393=CARTESIAN_POINT('',(-1.379839718918E1,3.298757550160E0,2.685107354927E1));
#394=DIRECTION('',(1.E0,0.E0,0.E0));
#395=DIRECTION('',(0.E0,0.E0,1.E0));
#396=AXIS2_PLACEMENT_3D('',#393,#394,#395);
#398=CARTESIAN_POINT('',(-1.349839718918E1,3.298757550160E0,3.855107354927E1));
#399=DIRECTION('',(0.E0,-1.E0,0.E0));
#400=DIRECTION('',(0.E0,0.E0,1.E0));
#401=AXIS2_PLACEMENT_3D('',#398,#399,#400);
#403=CARTESIAN_POINT('',(-1.349839718918E1,3.298757550160E0,2.685107354927E1));
#404=DIRECTION('',(-1.E0,0.E0,0.E0));
#405=DIRECTION('',(0.E0,0.E0,-1.E0));
#406=AXIS2_PLACEMENT_3D('',#403,#404,#405);
#408=CARTESIAN_POINT('',(-1.349839718918E1,3.298757550160E0,1.515107354927E1));
#409=DIRECTION('',(0.E0,1.E0,0.E0));
#410=DIRECTION('',(0.E0,0.E0,-1.E0));
#411=AXIS2_PLACEMENT_3D('',#408,#409,#410);
#413=CARTESIAN_POINT('',(-1.349839718918E1,3.298757550160E0,2.685107354927E1));
#414=DIRECTION('',(-1.E0,0.E0,0.E0));
#415=DIRECTION('',(0.E0,0.E0,1.E0));
#416=AXIS2_PLACEMENT_3D('',#413,#414,#415);
#418=DIRECTION('',(1.E0,0.E0,0.E0));
#419=VECTOR('',#418,6.4E0);
#420=CARTESIAN_POINT('',(-1.349839718918E1,3.298757550160E0,3.885107354927E1));
#421=LINE('',#420,#419);
#422=CARTESIAN_POINT('',(-7.098397189176E0,3.298757550160E0,3.855107354927E1));
#423=DIRECTION('',(0.E0,1.E0,0.E0));
#424=DIRECTION('',(0.E0,0.E0,1.E0));
#425=AXIS2_PLACEMENT_3D('',#422,#423,#424);
#427=CARTESIAN_POINT('',(-7.098397189176E0,3.298757550160E0,2.685107354927E1));
#428=DIRECTION('',(1.E0,0.E0,0.E0));
#429=DIRECTION('',(0.E0,0.E0,-1.E0));
#430=AXIS2_PLACEMENT_3D('',#427,#428,#429);
#432=CARTESIAN_POINT('',(-6.798397189176E0,3.298757550160E0,2.685107354927E1));
#433=DIRECTION('',(1.E0,0.E0,0.E0));
#434=DIRECTION('',(0.E0,0.E0,1.E0));
#435=AXIS2_PLACEMENT_3D('',#432,#433,#434);
#437=CARTESIAN_POINT('',(-6.798397189176E0,3.298757550160E0,2.685107354927E1));
#438=DIRECTION('',(1.E0,0.E0,0.E0));
#439=DIRECTION('',(0.E0,0.E0,-1.E0));
#440=AXIS2_PLACEMENT_3D('',#437,#438,#439);
#442=CARTESIAN_POINT('',(-6.798397189176E0,3.298757550160E0,2.685107354927E1));
#443=DIRECTION('',(-1.E0,0.E0,0.E0));
#444=DIRECTION('',(0.E0,0.E0,1.E0));
#445=AXIS2_PLACEMENT_3D('',#442,#443,#444);
#447=CARTESIAN_POINT('',(-6.798397189176E0,3.298757550160E0,2.685107354927E1));
#448=DIRECTION('',(-1.E0,0.E0,0.E0));
#449=DIRECTION('',(0.E0,0.E0,-1.E0));
#450=AXIS2_PLACEMENT_3D('',#447,#448,#449);
#452=CARTESIAN_POINT('',(-7.098397189176E0,3.298757550160E0,1.515107354927E1));
#453=DIRECTION('',(0.E0,-1.E0,0.E0));
#454=DIRECTION('',(0.E0,0.E0,-1.E0));
#455=AXIS2_PLACEMENT_3D('',#452,#453,#454);
#457=CARTESIAN_POINT('',(-7.098397189176E0,3.298757550160E0,2.685107354927E1));
#458=DIRECTION('',(1.E0,0.E0,0.E0));
#459=DIRECTION('',(0.E0,0.E0,1.E0));
#460=AXIS2_PLACEMENT_3D('',#457,#458,#459);
#462=DIRECTION('',(1.E0,0.E0,0.E0));
#463=VECTOR('',#462,6.4E0);
#464=CARTESIAN_POINT('',(-1.349839718918E1,3.298757550160E0,1.485107354927E1));
#465=LINE('',#464,#463);
#466=DIRECTION('',(1.E0,0.E0,0.E0));
#467=VECTOR('',#466,3.549273616266E-1);
#468=CARTESIAN_POINT('',(-7.153324550802E0,3.298757550160E0,1.735107354927E1));
#469=LINE('',#468,#467);
#470=DIRECTION('',(1.E0,0.E0,-2.001938460038E-14));
#471=VECTOR('',#470,3.549273616266E-1);
#472=CARTESIAN_POINT('',(-7.153324550802E0,3.298757550160E0,3.635107354927E1));
#473=LINE('',#472,#471);
#474=CARTESIAN_POINT('',(-7.153324550802E0,3.298757550160E0,2.685107354927E1));
#475=DIRECTION('',(1.E0,0.E0,0.E0));
#476=DIRECTION('',(0.E0,0.E0,1.E0));
#477=AXIS2_PLACEMENT_3D('',#474,#475,#476);
#479=DIRECTION('',(5.735764363510E-1,0.E0,-8.191520442890E-1));
#480=VECTOR('',#479,4.272711060665E-1);
#481=CARTESIAN_POINT('',(-7.398397189176E0,3.298757550160E0,3.670107354927E1));
#482=LINE('',#481,#480);
#483=CARTESIAN_POINT('',(-7.398397189176E0,3.298757550160E0,2.685107354927E1));
#484=DIRECTION('',(-1.E0,0.E0,0.E0));
#485=DIRECTION('',(0.E0,0.E0,-1.E0));
#486=AXIS2_PLACEMENT_3D('',#483,#484,#485);
#488=DIRECTION('',(5.735764363510E-1,0.E0,8.191520442890E-1));
#489=VECTOR('',#488,4.272711060665E-1);
#490=CARTESIAN_POINT('',(-7.398397189176E0,3.298757550160E0,1.700107354927E1));
#491=LINE('',#490,#489);
#492=CARTESIAN_POINT('',(-7.398397189176E0,3.298757550160E0,2.685107354927E1));
#493=DIRECTION('',(-1.E0,0.E0,0.E0));
#494=DIRECTION('',(0.E0,0.E0,1.E0));
#495=AXIS2_PLACEMENT_3D('',#492,#493,#494);
#497=CARTESIAN_POINT('',(-7.153324550802E0,3.298757550160E0,2.685107354927E1));
#498=DIRECTION('',(1.E0,0.E0,0.E0));
#499=DIRECTION('',(0.E0,0.E0,-1.E0));
#500=AXIS2_PLACEMENT_3D('',#497,#498,#499);
#502=DIRECTION('',(1.E0,0.E0,0.E0));
#503=VECTOR('',#502,4.E-1);
#504=CARTESIAN_POINT('',(-7.798397189176E0,3.298757550160E0,1.700107354927E1));
#505=LINE('',#504,#503);
#506=DIRECTION('',(1.E0,0.E0,0.E0));
#507=VECTOR('',#506,4.E-1);
#508=CARTESIAN_POINT('',(-7.798397189176E0,3.298757550160E0,3.670107354927E1));
#509=LINE('',#508,#507);
#510=CARTESIAN_POINT('',(-7.798397189176E0,3.298757550160E0,2.685107354927E1));
#511=DIRECTION('',(1.E0,0.E0,0.E0));
#512=DIRECTION('',(0.E0,0.E0,-1.E0));
#513=AXIS2_PLACEMENT_3D('',#510,#511,#512);
#515=CARTESIAN_POINT('',(-7.798397189176E0,3.298757550160E0,2.685107354927E1));
#516=DIRECTION('',(1.E0,0.E0,0.E0));
#517=DIRECTION('',(0.E0,0.E0,1.E0));
#518=AXIS2_PLACEMENT_3D('',#515,#516,#517);
#520=CARTESIAN_POINT('',(-7.798397189176E0,3.298757550160E0,2.685107354927E1));
#521=DIRECTION('',(-1.E0,0.E0,0.E0));
#522=DIRECTION('',(0.E0,0.E0,-1.E0));
#523=AXIS2_PLACEMENT_3D('',#520,#521,#522);
#525=CARTESIAN_POINT('',(-7.798397189176E0,3.298757550160E0,2.685107354927E1));
#526=DIRECTION('',(-1.E0,0.E0,0.E0));
#527=DIRECTION('',(0.E0,0.E0,1.E0));
#528=AXIS2_PLACEMENT_3D('',#525,#526,#527);
#530=DIRECTION('',(1.E0,0.E0,0.E0));
#531=VECTOR('',#530,6.5E-1);
#532=CARTESIAN_POINT('',(-7.798397189176E0,3.298757550160E0,1.735107354927E1));
#533=LINE('',#532,#531);
#534=DIRECTION('',(1.E0,0.E0,1.093142670400E-14));
#535=VECTOR('',#534,6.5E-1);
#536=CARTESIAN_POINT('',(-7.798397189176E0,3.298757550160E0,3.635107354927E1));
#537=LINE('',#536,#535);
#538=CARTESIAN_POINT('',(-7.148397189176E0,3.298757550160E0,3.595107354927E1));
#539=DIRECTION('',(0.E0,1.E0,0.E0));
#540=DIRECTION('',(0.E0,0.E0,1.E0));
#541=AXIS2_PLACEMENT_3D('',#538,#539,#540);
#543=CARTESIAN_POINT('',(-7.148397189176E0,3.298757550160E0,2.685107354927E1));
#544=DIRECTION('',(1.E0,0.E0,0.E0));
#545=DIRECTION('',(0.E0,0.E0,-1.E0));
#546=AXIS2_PLACEMENT_3D('',#543,#544,#545);
#548=CARTESIAN_POINT('',(-7.148397189176E0,3.298757550160E0,2.685107354927E1));
#549=DIRECTION('',(-1.E0,0.E0,0.E0));
#550=DIRECTION('',(0.E0,0.E0,1.E0));
#551=AXIS2_PLACEMENT_3D('',#548,#549,#550);
#553=CARTESIAN_POINT('',(-7.148397189176E0,3.298757550160E0,2.685107354927E1));
#554=DIRECTION('',(-1.E0,0.E0,0.E0));
#555=DIRECTION('',(0.E0,0.E0,-1.E0));
#556=AXIS2_PLACEMENT_3D('',#553,#554,#555);
#558=CARTESIAN_POINT('',(-7.148397189176E0,3.298757550160E0,2.685107354927E1));
#559=DIRECTION('',(1.E0,0.E0,0.E0));
#560=DIRECTION('',(0.E0,0.E0,-1.E0));
#561=AXIS2_PLACEMENT_3D('',#558,#559,#560);
#563=CARTESIAN_POINT('',(-7.148397189176E0,3.298757550160E0,2.685107354927E1));
#564=DIRECTION('',(1.E0,0.E0,0.E0));
#565=DIRECTION('',(0.E0,0.E0,1.E0));
#566=AXIS2_PLACEMENT_3D('',#563,#564,#565);
#568=CARTESIAN_POINT('',(-7.148397189176E0,3.298757550160E0,1.775107354927E1));
#569=DIRECTION('',(0.E0,-1.E0,0.E0));
#570=DIRECTION('',(0.E0,0.E0,-1.E0));
#571=AXIS2_PLACEMENT_3D('',#568,#569,#570);
#573=CARTESIAN_POINT('',(-7.148397189176E0,3.298757550160E0,2.685107354927E1));
#574=DIRECTION('',(-1.E0,0.E0,0.E0));
#575=DIRECTION('',(0.E0,0.E0,1.E0));
#576=AXIS2_PLACEMENT_3D('',#573,#574,#575);
#578=CARTESIAN_POINT('',(-7.148397189176E0,3.298757550160E0,3.595107354927E1));
#579=DIRECTION('',(0.E0,1.E0,0.E0));
#580=DIRECTION('',(0.E0,0.E0,1.E0));
#581=AXIS2_PLACEMENT_3D('',#578,#579,#580);
#583=CARTESIAN_POINT('',(-7.148397189176E0,3.298757550160E0,2.685107354927E1));
#584=DIRECTION('',(-1.E0,0.E0,0.E0));
#585=DIRECTION('',(0.E0,0.E0,-1.E0));
#586=AXIS2_PLACEMENT_3D('',#583,#584,#585);
#588=DIRECTION('',(1.E0,0.E0,1.578983857245E-14));
#589=VECTOR('',#588,4.5E-1);
#590=CARTESIAN_POINT('',(-7.598397189176E0,3.298757550160E0,3.615107354927E1));
#591=LINE('',#590,#589);
#592=DIRECTION('',(1.E0,0.E0,0.E0));
#593=VECTOR('',#592,4.5E-1);
#594=CARTESIAN_POINT('',(-7.598397189176E0,3.298757550160E0,1.755107354927E1));
#595=LINE('',#594,#593);
#596=CARTESIAN_POINT('',(-7.598397189176E0,3.298757550160E0,2.685107354927E1));
#597=DIRECTION('',(1.E0,0.E0,0.E0));
#598=DIRECTION('',(0.E0,0.E0,-1.E0));
#599=AXIS2_PLACEMENT_3D('',#596,#597,#598);
#601=CARTESIAN_POINT('',(-7.598397189176E0,3.298757550160E0,2.685107354927E1));
#602=DIRECTION('',(1.E0,0.E0,0.E0));
#603=DIRECTION('',(0.E0,0.E0,1.E0));
#604=AXIS2_PLACEMENT_3D('',#601,#602,#603);
#606=CARTESIAN_POINT('',(-7.598397189176E0,3.298757550160E0,2.685107354927E1));
#607=DIRECTION('',(-1.E0,0.E0,0.E0));
#608=DIRECTION('',(0.E0,0.E0,1.E0));
#609=AXIS2_PLACEMENT_3D('',#606,#607,#608);
#611=CARTESIAN_POINT('',(-7.598397189176E0,3.298757550160E0,2.685107354927E1));
#612=DIRECTION('',(-1.E0,0.E0,0.E0));
#613=DIRECTION('',(0.E0,0.E0,-1.E0));
#614=AXIS2_PLACEMENT_3D('',#611,#612,#613);
#616=DIRECTION('',(8.E-1,0.E0,-6.E-1));
#617=VECTOR('',#616,7.5E-1);
#618=CARTESIAN_POINT('',(-7.598397189176E0,3.298757550160E0,3.560107354927E1));
#619=LINE('',#618,#617);
#620=CARTESIAN_POINT('',(-6.998397189176E0,3.298757550160E0,2.685107354927E1));
#621=DIRECTION('',(1.E0,0.E0,0.E0));
#622=DIRECTION('',(0.E0,0.E0,-1.E0));
#623=AXIS2_PLACEMENT_3D('',#620,#621,#622);
#625=CARTESIAN_POINT('',(-6.998397189176E0,3.298757550160E0,2.685107354927E1));
#626=DIRECTION('',(1.E0,0.E0,0.E0));
#627=DIRECTION('',(0.E0,0.E0,1.E0));
#628=AXIS2_PLACEMENT_3D('',#625,#626,#627);
#630=CARTESIAN_POINT('',(-6.998397189176E0,3.298757550160E0,2.685107354927E1));
#631=DIRECTION('',(-1.E0,0.E0,0.E0));
#632=DIRECTION('',(0.E0,0.E0,1.E0));
#633=AXIS2_PLACEMENT_3D('',#630,#631,#632);
#635=CARTESIAN_POINT('',(-6.998397189176E0,3.298757550160E0,2.685107354927E1));
#636=DIRECTION('',(-1.E0,0.E0,0.E0));
#637=DIRECTION('',(0.E0,0.E0,-1.E0));
#638=AXIS2_PLACEMENT_3D('',#635,#636,#637);
#640=DIRECTION('',(8.E-1,0.E0,6.E-1));
#641=VECTOR('',#640,7.5E-1);
#642=CARTESIAN_POINT('',(-7.598397189176E0,3.298757550160E0,1.810107354927E1));
#643=LINE('',#642,#641);
#644=DIRECTION('',(1.E0,0.E0,0.E0));
#645=VECTOR('',#644,4.E-1);
#646=CARTESIAN_POINT('',(-7.398397189176E0,3.298757550160E0,2.050107354927E1));
#647=LINE('',#646,#645);
#648=DIRECTION('',(1.E0,0.E0,0.E0));
#649=VECTOR('',#648,4.E-1);
#650=CARTESIAN_POINT('',(-7.398397189176E0,3.298757550160E0,3.320107354927E1));
#651=LINE('',#650,#649);
#652=CARTESIAN_POINT('',(-7.398397189176E0,3.298757550160E0,2.685107354927E1));
#653=DIRECTION('',(-1.E0,0.E0,0.E0));
#654=DIRECTION('',(0.E0,0.E0,1.E0));
#655=AXIS2_PLACEMENT_3D('',#652,#653,#654);
#657=CARTESIAN_POINT('',(-7.398397189176E0,3.298757550160E0,2.685107354927E1));
#658=DIRECTION('',(-1.E0,0.E0,0.E0));
#659=DIRECTION('',(0.E0,0.E0,-1.E0));
#660=AXIS2_PLACEMENT_3D('',#657,#658,#659);
#662=CARTESIAN_POINT('',(-7.398397189176E0,3.298757550160E0,2.685107354927E1));
#663=DIRECTION('',(1.E0,0.E0,0.E0));
#664=DIRECTION('',(0.E0,0.E0,-1.E0));
#665=AXIS2_PLACEMENT_3D('',#662,#663,#664);
#667=CARTESIAN_POINT('',(-7.398397189176E0,3.298757550160E0,2.685107354927E1));
#668=DIRECTION('',(1.E0,0.E0,0.E0));
#669=DIRECTION('',(0.E0,0.E0,1.E0));
#670=AXIS2_PLACEMENT_3D('',#667,#668,#669);
#672=DIRECTION('',(1.E0,0.E0,0.E0));
#673=VECTOR('',#672,2.E-1);
#674=CARTESIAN_POINT('',(-7.398397189176E0,3.298757550160E0,3.340107354927E1));
#675=LINE('',#674,#673);
#676=CARTESIAN_POINT('',(-7.198397189176E0,3.298757550160E0,2.685107354927E1));
#677=DIRECTION('',(-1.E0,0.E0,0.E0));
#678=DIRECTION('',(0.E0,0.E0,1.E0));
#679=AXIS2_PLACEMENT_3D('',#676,#677,#678);
#681=CARTESIAN_POINT('',(-7.198397189176E0,3.298757550160E0,2.685107354927E1));
#682=DIRECTION('',(-1.E0,0.E0,0.E0));
#683=DIRECTION('',(0.E0,0.E0,-1.E0));
#684=AXIS2_PLACEMENT_3D('',#681,#682,#683);
#686=CARTESIAN_POINT('',(-7.198397189176E0,3.298757550160E0,2.685107354927E1));
#687=DIRECTION('',(1.E0,0.E0,0.E0));
#688=DIRECTION('',(0.E0,0.E0,-1.E0));
#689=AXIS2_PLACEMENT_3D('',#686,#687,#688);
#691=CARTESIAN_POINT('',(-7.198397189176E0,3.298757550160E0,2.685107354927E1));
#692=DIRECTION('',(1.E0,0.E0,0.E0));
#693=DIRECTION('',(0.E0,0.E0,1.E0));
#694=AXIS2_PLACEMENT_3D('',#691,#692,#693);
#696=DIRECTION('',(8.E-1,0.E0,6.E-1));
#697=VECTOR('',#696,7.5E-1);
#698=CARTESIAN_POINT('',(-7.798397189176E0,3.298757550160E0,1.820107354927E1));
#699=LINE('',#698,#697);
#700=DIRECTION('',(8.E-1,0.E0,-6.E-1));
#701=VECTOR('',#700,7.5E-1);
#702=CARTESIAN_POINT('',(-7.798397189176E0,3.298757550160E0,3.550107354927E1));
#703=LINE('',#702,#701);
#704=CARTESIAN_POINT('',(-7.798397189176E0,3.298757550160E0,2.685107354927E1));
#705=DIRECTION('',(1.E0,0.E0,0.E0));
#706=DIRECTION('',(0.E0,0.E0,-1.E0));
#707=AXIS2_PLACEMENT_3D('',#704,#705,#706);
#709=CARTESIAN_POINT('',(-7.798397189176E0,3.298757550160E0,2.685107354927E1));
#710=DIRECTION('',(1.E0,0.E0,0.E0));
#711=DIRECTION('',(0.E0,0.E0,1.E0));
#712=AXIS2_PLACEMENT_3D('',#709,#710,#711);
#714=CARTESIAN_POINT('',(-7.798397189176E0,3.298757550160E0,2.685107354927E1));
#715=DIRECTION('',(-1.E0,0.E0,0.E0));
#716=DIRECTION('',(0.E0,0.E0,1.E0));
#717=AXIS2_PLACEMENT_3D('',#714,#715,#716);
#719=DIRECTION('',(1.E0,0.E0,0.E0));
#720=VECTOR('',#719,1.116743787290E0);
#721=CARTESIAN_POINT('',(-8.915140976466E0,3.298757550160E0,1.790107354927E1));
#722=LINE('',#721,#720);
#723=CARTESIAN_POINT('',(-7.798397189176E0,3.298757550160E0,2.685107354927E1));
#724=DIRECTION('',(-1.E0,0.E0,0.E0));
#725=DIRECTION('',(0.E0,0.E0,-1.E0));
#726=AXIS2_PLACEMENT_3D('',#723,#724,#725);
#728=DIRECTION('',(1.E0,0.E0,0.E0));
#729=VECTOR('',#728,1.116743787290E0);
#730=CARTESIAN_POINT('',(-8.915140976466E0,3.298757550160E0,3.580107354927E1));
#731=LINE('',#730,#729);
#732=CARTESIAN_POINT('',(-8.915140976466E0,3.298757550160E0,2.685107354927E1));
#733=DIRECTION('',(1.E0,0.E0,0.E0));
#734=DIRECTION('',(0.E0,0.E0,1.E0));
#735=AXIS2_PLACEMENT_3D('',#732,#733,#734);
#737=CARTESIAN_POINT('',(-1.029839718918E1,3.298757550160E0,3.427457354927E1));
#738=DIRECTION('',(0.E0,1.E0,0.E0));
#739=DIRECTION('',(0.E0,0.E0,1.E0));
#740=AXIS2_PLACEMENT_3D('',#737,#738,#739);
#742=CARTESIAN_POINT('',(-1.029839718918E1,3.298757550160E0,3.427457354927E1));
#743=DIRECTION('',(0.E0,1.E0,0.E0));
#744=DIRECTION('',(-6.714835984028E-1,0.E0,7.410194174757E-1));
#745=AXIS2_PLACEMENT_3D('',#742,#743,#744);
#747=CARTESIAN_POINT('',(-1.168165340189E1,3.298757550160E0,2.685107354927E1));
#748=DIRECTION('',(-1.E0,0.E0,0.E0));
#749=DIRECTION('',(0.E0,0.E0,-1.E0));
#750=AXIS2_PLACEMENT_3D('',#747,#748,#749);
#752=CARTESIAN_POINT('',(-1.029839718918E1,3.298757550160E0,1.942757354927E1));
#753=DIRECTION('',(0.E0,-1.E0,0.E0));
#754=DIRECTION('',(-6.714835984028E-1,0.E0,-7.410194174757E-1));
#755=AXIS2_PLACEMENT_3D('',#752,#753,#754);
#757=CARTESIAN_POINT('',(-1.168165340189E1,3.298757550160E0,2.685107354927E1));
#758=DIRECTION('',(-1.E0,0.E0,0.E0));
#759=DIRECTION('',(0.E0,0.E0,1.E0));
#760=AXIS2_PLACEMENT_3D('',#757,#758,#759);
#762=CARTESIAN_POINT('',(-8.915140976466E0,3.298757550160E0,2.685107354927E1));
#763=DIRECTION('',(1.E0,0.E0,0.E0));
#764=DIRECTION('',(0.E0,0.E0,-1.E0));
#765=AXIS2_PLACEMENT_3D('',#762,#763,#764);
#767=CARTESIAN_POINT('',(-1.029839718918E1,3.298757550160E0,1.942757354927E1));
#768=DIRECTION('',(0.E0,-1.E0,0.E0));
#769=DIRECTION('',(0.E0,0.E0,-1.E0));
#770=AXIS2_PLACEMENT_3D('',#767,#768,#769);
#772=CARTESIAN_POINT('',(-1.279839718918E1,3.298757550160E0,2.685107354927E1));
#773=DIRECTION('',(-1.E0,0.E0,0.E0));
#774=DIRECTION('',(0.E0,0.E0,1.E0));
#775=AXIS2_PLACEMENT_3D('',#772,#773,#774);
#777=DIRECTION('',(1.E0,0.E0,0.E0));
#778=VECTOR('',#777,1.116743787290E0);
#779=CARTESIAN_POINT('',(-1.279839718918E1,3.298757550160E0,1.790107354927E1));
#780=LINE('',#779,#778);
#781=CARTESIAN_POINT('',(-1.279839718918E1,3.298757550160E0,2.685107354927E1));
#782=DIRECTION('',(-1.E0,0.E0,0.E0));
#783=DIRECTION('',(0.E0,9.242245927363E-1,3.818493186866E-1));
#784=AXIS2_PLACEMENT_3D('',#781,#782,#783);
#786=CARTESIAN_POINT('',(-1.279839718918E1,3.298757550160E0,2.685107354927E1));
#787=DIRECTION('',(-1.E0,0.E0,0.E0));
#788=DIRECTION('',(0.E0,-9.242245927363E-1,-3.818493186866E-1));
#789=AXIS2_PLACEMENT_3D('',#786,#787,#788);
#791=CARTESIAN_POINT('',(-1.279839718918E1,3.298757550160E0,2.685107354927E1));
#792=DIRECTION('',(-1.E0,0.E0,0.E0));
#793=DIRECTION('',(0.E0,0.E0,-1.E0));
#794=AXIS2_PLACEMENT_3D('',#791,#792,#793);
#796=DIRECTION('',(1.E0,0.E0,0.E0));
#797=VECTOR('',#796,1.116743787290E0);
#798=CARTESIAN_POINT('',(-1.279839718918E1,3.298757550160E0,3.580107354927E1));
#799=LINE('',#798,#797);
#800=DIRECTION('',(-8.E-1,-5.545347556418E-1,-2.291095912119E-1));
#801=VECTOR('',#800,7.5E-1);
#802=CARTESIAN_POINT('',(-1.279839718918E1,1.129330027733E1,3.015407015591E1));
#803=LINE('',#802,#801);
#804=DIRECTION('',(-8.E-1,5.545347556418E-1,2.291095912120E-1));
#805=VECTOR('',#804,7.5E-1);
#806=CARTESIAN_POINT('',(-1.279839718918E1,-4.695785177009E0,2.354807694263E1));
#807=LINE('',#806,#805);
#808=CARTESIAN_POINT('',(-1.339839718918E1,3.298757550160E0,2.685107354927E1));
#809=DIRECTION('',(1.E0,0.E0,0.E0));
#810=DIRECTION('',(0.E0,-9.242245927363E-1,-3.818493186866E-1));
#811=AXIS2_PLACEMENT_3D('',#808,#809,#810);
#813=CARTESIAN_POINT('',(-1.339839718918E1,3.298757550160E0,2.685107354927E1));
#814=DIRECTION('',(1.E0,0.E0,0.E0));
#815=DIRECTION('',(0.E0,9.242245927363E-1,3.818493186866E-1));
#816=AXIS2_PLACEMENT_3D('',#813,#814,#815);
#818=CARTESIAN_POINT('',(-1.339839718918E1,3.298757550160E0,2.685107354927E1));
#819=DIRECTION('',(-1.E0,0.E0,0.E0));
#820=DIRECTION('',(0.E0,9.242245927363E-1,3.818493186866E-1));
#821=AXIS2_PLACEMENT_3D('',#818,#819,#820);
#823=CARTESIAN_POINT('',(-1.339839718918E1,3.298757550160E0,2.685107354927E1));
#824=DIRECTION('',(-1.E0,0.E0,0.E0));
#825=DIRECTION('',(0.E0,-9.242245927363E-1,-3.818493186866E-1));
#826=AXIS2_PLACEMENT_3D('',#823,#824,#825);
#828=DIRECTION('',(-1.E0,0.E0,0.E0));
#829=VECTOR('',#828,2.E-1);
#830=CARTESIAN_POINT('',(-1.319839718918E1,-2.754913532263E0,2.434996051187E1));
#831=LINE('',#830,#829);
#832=DIRECTION('',(-1.E0,0.E0,0.E0));
#833=VECTOR('',#832,2.E-1);
#834=CARTESIAN_POINT('',(-1.319839718918E1,9.352428632583E0,2.935218658667E1));
#835=LINE('',#834,#833);
#836=CARTESIAN_POINT('',(-1.319839718918E1,3.298757550160E0,2.685107354927E1));
#837=DIRECTION('',(1.E0,0.E0,0.E0));
#838=DIRECTION('',(0.E0,-9.242245927363E-1,-3.818493186866E-1));
#839=AXIS2_PLACEMENT_3D('',#836,#837,#838);
#841=CARTESIAN_POINT('',(-1.319839718918E1,3.298757550160E0,2.685107354927E1));
#842=DIRECTION('',(1.E0,0.E0,0.E0));
#843=DIRECTION('',(0.E0,9.242245927363E-1,3.818493186866E-1));
#844=AXIS2_PLACEMENT_3D('',#841,#842,#843);
#846=CARTESIAN_POINT('',(-1.319839718918E1,3.298757550160E0,2.685107354927E1));
#847=DIRECTION('',(-1.E0,0.E0,0.E0));
#848=DIRECTION('',(0.E0,9.242245927363E-1,3.818493186866E-1));
#849=AXIS2_PLACEMENT_3D('',#846,#847,#848);
#851=CARTESIAN_POINT('',(-1.319839718918E1,3.298757550160E0,2.685107354927E1));
#852=DIRECTION('',(-1.E0,0.E0,0.E0));
#853=DIRECTION('',(0.E0,-9.242245927363E-1,-3.818493186866E-1));
#854=AXIS2_PLACEMENT_3D('',#851,#852,#853);
#856=DIRECTION('',(-1.E0,0.E0,0.E0));
#857=VECTOR('',#856,4.E-1);
#858=CARTESIAN_POINT('',(-1.319839718918E1,9.167583714035E0,2.927581672293E1));
#859=LINE('',#858,#857);
#860=DIRECTION('',(1.E0,0.E0,0.E0));
#861=VECTOR('',#860,2.E-1);
#862=CARTESIAN_POINT('',(-7.398397189176E0,3.298757550160E0,2.030107354927E1));
#863=LINE('',#862,#861);
#864=CARTESIAN_POINT('',(-7.148397189176E0,3.298757550160E0,1.775107354927E1));
#865=DIRECTION('',(0.E0,-1.E0,0.E0));
#866=DIRECTION('',(0.E0,0.E0,-1.E0));
#867=AXIS2_PLACEMENT_3D('',#864,#865,#866);
#869=CARTESIAN_POINT('',(-7.148397189176E0,3.298757550160E0,2.685107354927E1));
#870=DIRECTION('',(1.E0,0.E0,0.E0));
#871=DIRECTION('',(0.E0,0.E0,1.E0));
#872=AXIS2_PLACEMENT_3D('',#869,#870,#871);
#874=DIRECTION('',(-5.735764363510E-1,0.E0,-8.191520442890E-1));
#875=VECTOR('',#874,4.272711060665E-1);
#876=CARTESIAN_POINT('',(-1.319839718918E1,3.298757550160E0,3.670107354927E1));
#877=LINE('',#876,#875);
#878=CARTESIAN_POINT('',(-1.319839718918E1,3.298757550160E0,2.685107354927E1));
#879=DIRECTION('',(1.E0,0.E0,0.E0));
#880=DIRECTION('',(0.E0,0.E0,-1.E0));
#881=AXIS2_PLACEMENT_3D('',#878,#879,#880);
#883=CARTESIAN_POINT('',(-1.344346982755E1,3.298757550160E0,2.685107354927E1));
#884=DIRECTION('',(-1.E0,0.E0,0.E0));
#885=DIRECTION('',(0.E0,0.E0,1.E0));
#886=AXIS2_PLACEMENT_3D('',#883,#884,#885);
#888=DIRECTION('',(-1.E0,0.E0,0.E0));
#889=VECTOR('',#888,6.5E-1);
#890=CARTESIAN_POINT('',(-1.279839718918E1,-5.481376080835E0,2.322350502175E1));
#891=LINE('',#890,#889);
#892=CARTESIAN_POINT('',(-7.098397189176E0,3.298757550160E0,3.885107354927E1));
#893=CARTESIAN_POINT('',(-6.798397189176E0,3.298757550160E0,3.855107354927E1));
#894=VERTEX_POINT('',#892);
#895=VERTEX_POINT('',#893);
#896=CARTESIAN_POINT('',(-1.279839718918E1,3.298757550160E0,1.700107354927E1));
#897=CARTESIAN_POINT('',(-1.279839718918E1,3.298757550160E0,3.670107354927E1));
#898=VERTEX_POINT('',#896);
#899=VERTEX_POINT('',#897);
#900=CARTESIAN_POINT('',(-1.349839718918E1,3.298757550160E0,3.885107354927E1));
#901=CARTESIAN_POINT('',(-1.379839718918E1,3.298757550160E0,3.855107354927E1));
#902=VERTEX_POINT('',#900);
#903=VERTEX_POINT('',#901);
#904=CARTESIAN_POINT('',(-7.798397189176E0,3.298757550160E0,1.700107354927E1));
#905=CARTESIAN_POINT('',(-7.398397189176E0,3.298757550160E0,1.700107354927E1));
#906=VERTEX_POINT('',#904);
#907=VERTEX_POINT('',#905);
#908=CARTESIAN_POINT('',(-1.379839718918E1,3.298757550160E0,1.515107354927E1));
#909=VERTEX_POINT('',#908);
#910=CARTESIAN_POINT('',(-7.798397189176E0,3.298757550160E0,3.670107354927E1));
#911=VERTEX_POINT('',#910);
#912=CARTESIAN_POINT('',(-7.398397189176E0,3.298757550160E0,3.670107354927E1));
#913=VERTEX_POINT('',#912);
#914=CARTESIAN_POINT('',(-6.798397189176E0,3.298757550160E0,1.515107354927E1));
#915=VERTEX_POINT('',#914);
#916=CARTESIAN_POINT('',(-7.098397189176E0,3.298757550160E0,1.485107354927E1));
#917=VERTEX_POINT('',#916);
#918=CARTESIAN_POINT('',(-1.349839718918E1,3.298757550160E0,1.485107354927E1));
#919=VERTEX_POINT('',#918);
#920=CARTESIAN_POINT('',(-6.798397189176E0,3.298757550160E0,3.635107354927E1));
#921=CARTESIAN_POINT('',(-6.798397189176E0,3.298757550160E0,1.735107354927E1));
#922=VERTEX_POINT('',#920);
#923=VERTEX_POINT('',#921);
#924=CARTESIAN_POINT('',(-1.344346982755E1,3.298757550160E0,3.635107354927E1));
#925=CARTESIAN_POINT('',(-1.344346982755E1,3.298757550160E0,1.735107354927E1));
#926=VERTEX_POINT('',#924);
#927=VERTEX_POINT('',#925);
#928=CARTESIAN_POINT('',(-1.319839718918E1,3.298757550160E0,3.670107354927E1));
#929=VERTEX_POINT('',#928);
#930=CARTESIAN_POINT('',(-7.153324550802E0,3.298757550160E0,1.735107354927E1));
#931=VERTEX_POINT('',#930);
#932=CARTESIAN_POINT('',(-1.379839718918E1,3.298757550160E0,1.735107354927E1));
#933=CARTESIAN_POINT('',(-1.379839718918E1,3.298757550160E0,3.635107354927E1));
#934=VERTEX_POINT('',#932);
#935=VERTEX_POINT('',#933);
#936=CARTESIAN_POINT('',(-7.153324550802E0,3.298757550160E0,3.635107354927E1));
#937=VERTEX_POINT('',#936);
#938=CARTESIAN_POINT('',(-1.168165340189E1,3.298757550160E0,1.790107354927E1));
#939=CARTESIAN_POINT('',(-1.168165340189E1,3.298757550160E0,3.580107354927E1));
#940=VERTEX_POINT('',#938);
#941=VERTEX_POINT('',#939);
#942=CARTESIAN_POINT('',(-1.319839718918E1,3.298757550160E0,1.700107354927E1));
#943=VERTEX_POINT('',#942);
#944=CARTESIAN_POINT('',(-8.915140976466E0,3.298757550160E0,1.790107354927E1));
#945=CARTESIAN_POINT('',(-8.915140976466E0,3.298757550160E0,3.580107354927E1));
#946=VERTEX_POINT('',#944);
#947=VERTEX_POINT('',#945);
#948=CARTESIAN_POINT('',(-1.029839718918E1,3.298757550160E0,3.633457354927E1));
#949=VERTEX_POINT('',#948);
#950=CARTESIAN_POINT('',(-1.029839718918E1,3.298757550160E0,1.736757354927E1));
#951=VERTEX_POINT('',#950);
#952=CARTESIAN_POINT('',(-6.998397189176E0,3.298757550160E0,3.320107354927E1));
#953=CARTESIAN_POINT('',(-6.998397189176E0,3.298757550160E0,2.050107354927E1));
#954=VERTEX_POINT('',#952);
#955=VERTEX_POINT('',#953);
#956=CARTESIAN_POINT('',(-7.598397189176E0,3.298757550160E0,3.615107354927E1));
#957=CARTESIAN_POINT('',(-7.598397189176E0,3.298757550160E0,1.755107354927E1));
#958=VERTEX_POINT('',#956);
#959=VERTEX_POINT('',#957);
#960=CARTESIAN_POINT('',(-7.798397189176E0,3.298757550160E0,1.820107354927E1));
#961=CARTESIAN_POINT('',(-7.798397189176E0,3.298757550160E0,3.550107354927E1));
#962=VERTEX_POINT('',#960);
#963=VERTEX_POINT('',#961);
#964=CARTESIAN_POINT('',(-6.998397189176E0,3.298757550160E0,3.515107354927E1));
#965=CARTESIAN_POINT('',(-6.998397189176E0,3.298757550160E0,1.855107354927E1));
#966=VERTEX_POINT('',#964);
#967=VERTEX_POINT('',#965);
#968=CARTESIAN_POINT('',(-7.198397189176E0,3.298757550160E0,3.340107354927E1));
#969=CARTESIAN_POINT('',(-7.198397189176E0,3.298757550160E0,2.030107354927E1));
#970=VERTEX_POINT('',#968);
#971=VERTEX_POINT('',#969);
#972=CARTESIAN_POINT('',(-7.398397189176E0,3.298757550160E0,2.030107354927E1));
#973=CARTESIAN_POINT('',(-7.398397189176E0,3.298757550160E0,3.340107354927E1));
#974=VERTEX_POINT('',#972);
#975=VERTEX_POINT('',#973);
#976=CARTESIAN_POINT('',(-7.398397189176E0,3.298757550160E0,2.050107354927E1));
#977=CARTESIAN_POINT('',(-7.398397189176E0,3.298757550160E0,3.320107354927E1));
#978=VERTEX_POINT('',#976);
#979=VERTEX_POINT('',#977);
#980=CARTESIAN_POINT('',(-7.148397189176E0,3.298757550160E0,3.635107354927E1));
#981=CARTESIAN_POINT('',(-7.148397189176E0,3.298757550160E0,3.555107354927E1));
#982=VERTEX_POINT('',#980);
#983=VERTEX_POINT('',#981);
#984=CARTESIAN_POINT('',(-7.148397189176E0,3.298757550160E0,1.735107354927E1));
#985=CARTESIAN_POINT('',(-7.148397189176E0,3.298757550160E0,1.815107354927E1));
#986=VERTEX_POINT('',#984);
#987=VERTEX_POINT('',#985);
#988=CARTESIAN_POINT('',(-7.148397189176E0,3.298757550160E0,3.615107354927E1));
#989=CARTESIAN_POINT('',(-7.148397189176E0,3.298757550160E0,3.575107354927E1));
#990=VERTEX_POINT('',#988);
#991=VERTEX_POINT('',#989);
#992=CARTESIAN_POINT('',(-7.148397189176E0,3.298757550160E0,1.755107354927E1));
#993=VERTEX_POINT('',#992);
#994=CARTESIAN_POINT('',(-7.198397189176E0,3.298757550160E0,1.865107354927E1));
#995=CARTESIAN_POINT('',(-7.198397189176E0,3.298757550160E0,3.505107354927E1));
#996=VERTEX_POINT('',#994);
#997=VERTEX_POINT('',#995);
#998=CARTESIAN_POINT('',(-7.598397189176E0,3.298757550160E0,3.560107354927E1));
#999=VERTEX_POINT('',#998);
#1000=CARTESIAN_POINT('',(-7.148397189176E0,3.298757550160E0,1.795107354927E1));
#1001=VERTEX_POINT('',#1000);
#1002=CARTESIAN_POINT('',(-7.598397189176E0,3.298757550160E0,1.810107354927E1));
#1003=VERTEX_POINT('',#1002);
#1004=CARTESIAN_POINT('',(-7.798397189176E0,3.298757550160E0,3.580107354927E1));
#1005=CARTESIAN_POINT('',(-7.798397189176E0,3.298757550160E0,1.790107354927E1));
#1006=VERTEX_POINT('',#1004);
#1007=VERTEX_POINT('',#1005);
#1008=CARTESIAN_POINT('',(-7.798397189176E0,3.298757550160E0,1.735107354927E1));
#1009=CARTESIAN_POINT('',(-7.798397189176E0,3.298757550160E0,3.635107354927E1));
#1010=VERTEX_POINT('',#1008);
#1011=VERTEX_POINT('',#1009);
#1012=CARTESIAN_POINT('',(-1.359839718918E1,-2.570068613716E0,
2.442633037561E1));
#1013=CARTESIAN_POINT('',(-1.359839718918E1,9.167583714035E0,2.927581672293E1));
#1014=VERTEX_POINT('',#1012);
#1015=VERTEX_POINT('',#1013);
#1016=CARTESIAN_POINT('',(-1.299839718918E1,-5.296531162288E0,
2.329987488549E1));
#1017=CARTESIAN_POINT('',(-1.299839718918E1,1.189404626261E1,3.040227221306E1));
#1018=VERTEX_POINT('',#1016);
#1019=VERTEX_POINT('',#1017);
#1020=CARTESIAN_POINT('',(-1.279839718918E1,1.129330027733E1,3.015407015591E1));
#1021=CARTESIAN_POINT('',(-1.279839718918E1,-4.695785177009E0,
2.354807694263E1));
#1022=VERTEX_POINT('',#1020);
#1023=VERTEX_POINT('',#1021);
#1024=CARTESIAN_POINT('',(-1.359839718918E1,-4.372306569552E0,
2.368172420417E1));
#1025=CARTESIAN_POINT('',(-1.359839718918E1,1.096982166987E1,3.002042289437E1));
#1026=VERTEX_POINT('',#1024);
#1027=VERTEX_POINT('',#1025);
#1028=CARTESIAN_POINT('',(-1.339839718918E1,-2.754913532263E0,
2.434996051187E1));
#1029=CARTESIAN_POINT('',(-1.339839718918E1,9.352428632583E0,2.935218658667E1));
#1030=VERTEX_POINT('',#1028);
#1031=VERTEX_POINT('',#1029);
#1032=CARTESIAN_POINT('',(-1.319839718918E1,9.352428632583E0,2.935218658667E1));
#1033=CARTESIAN_POINT('',(-1.319839718918E1,-2.754913532263E0,
2.434996051187E1));
#1034=VERTEX_POINT('',#1032);
#1035=VERTEX_POINT('',#1033);
#1036=CARTESIAN_POINT('',(-1.319839718918E1,9.167583714035E0,2.927581672293E1));
#1037=CARTESIAN_POINT('',(-1.319839718918E1,-2.570068613716E0,
2.442633037561E1));
#1038=VERTEX_POINT('',#1036);
#1039=VERTEX_POINT('',#1037);
#1040=CARTESIAN_POINT('',(-1.344839718918E1,-5.481376080835E0,
2.322350502175E1));
#1041=CARTESIAN_POINT('',(-1.344839718918E1,-4.741996406646E0,
2.352898447670E1));
#1042=VERTEX_POINT('',#1040);
#1043=VERTEX_POINT('',#1041);
#1044=CARTESIAN_POINT('',(-1.344839718918E1,1.207889118115E1,3.047864207679E1));
#1045=CARTESIAN_POINT('',(-1.344839718918E1,1.133951150697E1,3.017316262184E1));
#1046=VERTEX_POINT('',#1044);
#1047=VERTEX_POINT('',#1045);
#1048=CARTESIAN_POINT('',(-1.344839718918E1,-5.296531162288E0,
2.329987488549E1));
#1049=CARTESIAN_POINT('',(-1.344839718918E1,-4.926841325193E0,
2.345261461296E1));
#1050=VERTEX_POINT('',#1048);
#1051=VERTEX_POINT('',#1049);
#1052=CARTESIAN_POINT('',(-1.344839718918E1,1.189404626261E1,3.040227221306E1));
#1053=VERTEX_POINT('',#1052);
#1054=CARTESIAN_POINT('',(-1.339839718918E1,1.087739921060E1,2.998223796250E1));
#1055=CARTESIAN_POINT('',(-1.339839718918E1,-4.279884110278E0,
2.371990913604E1));
#1056=VERTEX_POINT('',#1054);
#1057=VERTEX_POINT('',#1055);
#1058=CARTESIAN_POINT('',(-1.299839718918E1,-4.788207636283E0,
2.350989201076E1));
#1059=VERTEX_POINT('',#1058);
#1060=CARTESIAN_POINT('',(-1.344839718918E1,1.152435642551E1,3.024953248558E1));
#1061=VERTEX_POINT('',#1060);
#1062=CARTESIAN_POINT('',(-1.299839718918E1,1.138572273660E1,3.019225508778E1));
#1063=VERTEX_POINT('',#1062);
#1064=CARTESIAN_POINT('',(-1.279839718918E1,3.298757550160E0,3.580107354927E1));
#1065=CARTESIAN_POINT('',(-1.279839718918E1,3.298757550160E0,1.790107354927E1));
#1066=VERTEX_POINT('',#1064);
#1067=VERTEX_POINT('',#1065);
#1068=CARTESIAN_POINT('',(-1.279839718918E1,1.207889118115E1,3.047864207679E1));
#1069=CARTESIAN_POINT('',(-1.279839718918E1,-5.481376080835E0,
2.322350502175E1));
#1070=VERTEX_POINT('',#1068);
#1071=VERTEX_POINT('',#1069);
#1072=CARTESIAN_POINT('',(6.455756973062E0,3.298757550160E0,2.685107354927E1));
#1073=DIRECTION('',(1.E0,0.E0,0.E0));
#1074=DIRECTION('',(0.E0,-9.242245927363E-1,-3.818493186866E-1));
#1075=AXIS2_PLACEMENT_3D('',#1072,#1073,#1074);
#1076=CYLINDRICAL_SURFACE('',#1075,6.35E0);
#1078=ORIENTED_EDGE('',*,*,#1077,.T.);
#1080=ORIENTED_EDGE('',*,*,#1079,.F.);
#1082=ORIENTED_EDGE('',*,*,#1081,.T.);
#1084=ORIENTED_EDGE('',*,*,#1083,.T.);
#1085=EDGE_LOOP('',(#1078,#1080,#1082,#1084));
#1086=FACE_OUTER_BOUND('',#1085,.F.);
#1087=ADVANCED_FACE('',(#1086),#1076,.F.);
#1088=CARTESIAN_POINT('',(-1.359839718918E1,9.167583714035E0,2.927581672293E1));
#1089=DIRECTION('',(1.E0,0.E0,0.E0));
#1090=DIRECTION('',(0.E0,-9.242245927363E-1,-3.818493186866E-1));
#1091=AXIS2_PLACEMENT_3D('',#1088,#1089,#1090);
#1092=PLANE('',#1091);
#1094=ORIENTED_EDGE('',*,*,#1093,.F.);
#1096=ORIENTED_EDGE('',*,*,#1095,.F.);
#1097=EDGE_LOOP('',(#1094,#1096));
#1098=FACE_OUTER_BOUND('',#1097,.F.);
#1100=ORIENTED_EDGE('',*,*,#1099,.F.);
#1101=ORIENTED_EDGE('',*,*,#1077,.F.);
#1102=EDGE_LOOP('',(#1100,#1101));
#1103=FACE_BOUND('',#1102,.F.);
#1104=ADVANCED_FACE('',(#1098,#1103),#1092,.F.);
#1105=CARTESIAN_POINT('',(-1.329839718918E1,3.298757550160E0,2.685107354927E1));
#1106=DIRECTION('',(1.E0,0.E0,0.E0));
#1107=DIRECTION('',(0.E0,-9.242245927363E-1,-3.818493186866E-1));
#1108=AXIS2_PLACEMENT_3D('',#1105,#1106,#1107);
#1109=CONICAL_SURFACE('',#1108,8.525E0,3.686989764584E1);
#1110=ORIENTED_EDGE('',*,*,#1093,.T.);
#1112=ORIENTED_EDGE('',*,*,#1111,.F.);
#1114=ORIENTED_EDGE('',*,*,#1113,.T.);
#1116=ORIENTED_EDGE('',*,*,#1115,.T.);
#1117=EDGE_LOOP('',(#1110,#1112,#1114,#1116));
#1118=FACE_OUTER_BOUND('',#1117,.F.);
#1119=ADVANCED_FACE('',(#1118),#1109,.T.);
#1120=CARTESIAN_POINT('',(-1.329839718918E1,3.298757550160E0,2.685107354927E1));
#1121=DIRECTION('',(1.E0,0.E0,0.E0));
#1122=DIRECTION('',(0.E0,-9.242245927363E-1,-3.818493186866E-1));
#1123=AXIS2_PLACEMENT_3D('',#1120,#1121,#1122);
#1124=CONICAL_SURFACE('',#1123,8.525E0,3.686989764584E1);
#1125=ORIENTED_EDGE('',*,*,#1115,.F.);
#1127=ORIENTED_EDGE('',*,*,#1126,.T.);
#1128=ORIENTED_EDGE('',*,*,#1111,.T.);
#1129=ORIENTED_EDGE('',*,*,#1095,.T.);
#1130=EDGE_LOOP('',(#1125,#1127,#1128,#1129));
#1131=FACE_OUTER_BOUND('',#1130,.F.);
#1132=ADVANCED_FACE('',(#1131),#1124,.T.);
#1133=CARTESIAN_POINT('',(-1.299839718918E1,1.138572273660E1,3.019225508778E1));
#1134=DIRECTION('',(1.E0,0.E0,0.E0));
#1135=DIRECTION('',(0.E0,-9.242245927363E-1,-3.818493186866E-1));
#1136=AXIS2_PLACEMENT_3D('',#1133,#1134,#1135);
#1137=PLANE('',#1136);
#1139=ORIENTED_EDGE('',*,*,#1138,.F.);
#1141=ORIENTED_EDGE('',*,*,#1140,.F.);
#1142=EDGE_LOOP('',(#1139,#1141));
#1143=FACE_OUTER_BOUND('',#1142,.F.);
#1144=ORIENTED_EDGE('',*,*,#1113,.F.);
#1145=ORIENTED_EDGE('',*,*,#1126,.F.);
#1146=EDGE_LOOP('',(#1144,#1145));
#1147=FACE_BOUND('',#1146,.F.);
#1148=ADVANCED_FACE('',(#1143,#1147),#1137,.F.);
#1149=CARTESIAN_POINT('',(6.455756973062E0,3.298757550160E0,2.685107354927E1));
#1150=DIRECTION('',(1.E0,0.E0,0.E0));
#1151=DIRECTION('',(0.E0,-9.242245927363E-1,-3.818493186866E-1));
#1152=AXIS2_PLACEMENT_3D('',#1149,#1150,#1151);
#1153=CYLINDRICAL_SURFACE('',#1152,9.3E0);
#1155=ORIENTED_EDGE('',*,*,#1154,.F.);
#1156=ORIENTED_EDGE('',*,*,#1138,.T.);
#1158=ORIENTED_EDGE('',*,*,#1157,.T.);
#1160=ORIENTED_EDGE('',*,*,#1159,.T.);
#1161=EDGE_LOOP('',(#1155,#1156,#1158,#1160));
#1162=FACE_OUTER_BOUND('',#1161,.F.);
#1163=ADVANCED_FACE('',(#1162),#1153,.F.);
#1164=CARTESIAN_POINT('',(6.455756973062E0,3.298757550160E0,2.685107354927E1));
#1165=DIRECTION('',(1.E0,0.E0,0.E0));
#1166=DIRECTION('',(0.E0,-9.242245927363E-1,-3.818493186866E-1));
#1167=AXIS2_PLACEMENT_3D('',#1164,#1165,#1166);
#1168=CYLINDRICAL_SURFACE('',#1167,9.3E0);
#1170=ORIENTED_EDGE('',*,*,#1169,.T.);
#1171=ORIENTED_EDGE('',*,*,#1157,.F.);
#1172=ORIENTED_EDGE('',*,*,#1140,.T.);
#1173=ORIENTED_EDGE('',*,*,#1154,.T.);
#1174=EDGE_LOOP('',(#1170,#1171,#1172,#1173));
#1175=FACE_OUTER_BOUND('',#1174,.F.);
#1176=ADVANCED_FACE('',(#1175),#1168,.F.);
#1177=CARTESIAN_POINT('',(-1.344839718918E1,3.298757550160E0,2.685107354927E1));
#1178=DIRECTION('',(1.E0,0.E0,0.E0));
#1179=DIRECTION('',(0.E0,-9.242245927363E-1,-3.818493186866E-1));
#1180=AXIS2_PLACEMENT_3D('',#1177,#1178,#1179);
#1181=TOROIDAL_SURFACE('',#1180,9.1E0,2.E-1);
#1183=ORIENTED_EDGE('',*,*,#1182,.T.);
#1185=ORIENTED_EDGE('',*,*,#1184,.F.);
#1186=ORIENTED_EDGE('',*,*,#1169,.F.);
#1188=ORIENTED_EDGE('',*,*,#1187,.T.);
#1189=EDGE_LOOP('',(#1183,#1185,#1186,#1188));
#1190=FACE_OUTER_BOUND('',#1189,.F.);
#1191=ADVANCED_FACE('',(#1190),#1181,.F.);
#1192=CARTESIAN_POINT('',(-1.344839718918E1,1.152435642551E1,3.024953248558E1));
#1193=DIRECTION('',(-1.E0,0.E0,0.E0));
#1194=DIRECTION('',(0.E0,9.242245927363E-1,3.818493186866E-1));
#1195=AXIS2_PLACEMENT_3D('',#1192,#1193,#1194);
#1196=PLANE('',#1195);
#1198=ORIENTED_EDGE('',*,*,#1197,.F.);
#1199=ORIENTED_EDGE('',*,*,#1182,.F.);
#1200=EDGE_LOOP('',(#1198,#1199));
#1201=FACE_OUTER_BOUND('',#1200,.F.);
#1203=ORIENTED_EDGE('',*,*,#1202,.F.);
#1205=ORIENTED_EDGE('',*,*,#1204,.F.);
#1206=EDGE_LOOP('',(#1203,#1205));
#1207=FACE_BOUND('',#1206,.F.);
#1208=ADVANCED_FACE('',(#1201,#1207),#1196,.F.);
#1209=CARTESIAN_POINT('',(-1.344839718918E1,3.298757550160E0,2.685107354927E1));
#1210=DIRECTION('',(1.E0,0.E0,0.E0));
#1211=DIRECTION('',(0.E0,-9.242245927363E-1,-3.818493186866E-1));
#1212=AXIS2_PLACEMENT_3D('',#1209,#1210,#1211);
#1213=TOROIDAL_SURFACE('',#1212,9.1E0,2.E-1);
#1214=ORIENTED_EDGE('',*,*,#1187,.F.);
#1215=ORIENTED_EDGE('',*,*,#1159,.F.);
#1216=ORIENTED_EDGE('',*,*,#1184,.T.);
#1217=ORIENTED_EDGE('',*,*,#1197,.T.);
#1218=EDGE_LOOP('',(#1214,#1215,#1216,#1217));
#1219=FACE_OUTER_BOUND('',#1218,.F.);
#1220=ADVANCED_FACE('',(#1219),#1213,.F.);
#1221=CARTESIAN_POINT('',(-1.344839718918E1,3.298757550160E0,2.685107354927E1));
#1222=DIRECTION('',(1.E0,0.E0,0.E0));
#1223=DIRECTION('',(0.E0,-9.242245927363E-1,-3.818493186866E-1));
#1224=AXIS2_PLACEMENT_3D('',#1221,#1222,#1223);
#1225=TOROIDAL_SURFACE('',#1224,9.1E0,4.E-1);
#1226=ORIENTED_EDGE('',*,*,#1202,.T.);
#1228=ORIENTED_EDGE('',*,*,#1227,.F.);
#1230=ORIENTED_EDGE('',*,*,#1229,.F.);
#1232=ORIENTED_EDGE('',*,*,#1231,.T.);
#1233=EDGE_LOOP('',(#1226,#1228,#1230,#1232));
#1234=FACE_OUTER_BOUND('',#1233,.F.);
#1235=ADVANCED_FACE('',(#1234),#1225,.T.);
#1236=CARTESIAN_POINT('',(-1.344839718918E1,3.298757550160E0,2.685107354927E1));
#1237=DIRECTION('',(1.E0,0.E0,0.E0));
#1238=DIRECTION('',(0.E0,-9.242245927363E-1,-3.818493186866E-1));
#1239=AXIS2_PLACEMENT_3D('',#1236,#1237,#1238);
#1240=TOROIDAL_SURFACE('',#1239,9.1E0,4.E-1);
#1241=ORIENTED_EDGE('',*,*,#1231,.F.);
#1243=ORIENTED_EDGE('',*,*,#1242,.F.);
#1244=ORIENTED_EDGE('',*,*,#1227,.T.);
#1245=ORIENTED_EDGE('',*,*,#1204,.T.);
#1246=EDGE_LOOP('',(#1241,#1243,#1244,#1245));
#1247=FACE_OUTER_BOUND('',#1246,.F.);
#1248=ADVANCED_FACE('',(#1247),#1240,.T.);
#1249=CARTESIAN_POINT('',(6.455756973062E0,3.298757550160E0,2.685107354927E1));
#1250=DIRECTION('',(1.E0,0.E0,0.E0));
#1251=DIRECTION('',(0.E0,-9.242245927363E-1,-3.818493186866E-1));
#1252=AXIS2_PLACEMENT_3D('',#1249,#1250,#1251);
#1253=CYLINDRICAL_SURFACE('',#1252,9.5E0);
#1255=ORIENTED_EDGE('',*,*,#1254,.T.);
#1257=ORIENTED_EDGE('',*,*,#1256,.T.);
#1258=ORIENTED_EDGE('',*,*,#1242,.T.);
#1260=ORIENTED_EDGE('',*,*,#1259,.F.);
#1261=EDGE_LOOP('',(#1255,#1257,#1258,#1260));
#1262=FACE_OUTER_BOUND('',#1261,.F.);
#1263=ADVANCED_FACE('',(#1262),#1253,.T.);
#1264=CARTESIAN_POINT('',(-1.279839718918E1,3.298757550160E0,1.700107354927E1));
#1265=DIRECTION('',(1.E0,0.E0,0.E0));
#1266=DIRECTION('',(0.E0,0.E0,-1.E0));
#1267=AXIS2_PLACEMENT_3D('',#1264,#1265,#1266);
#1268=PLANE('',#1267);
#1270=ORIENTED_EDGE('',*,*,#1269,.F.);
#1272=ORIENTED_EDGE('',*,*,#1271,.F.);
#1273=EDGE_LOOP('',(#1270,#1272));
#1274=FACE_OUTER_BOUND('',#1273,.F.);
#1275=ORIENTED_EDGE('',*,*,#1254,.F.);
#1277=ORIENTED_EDGE('',*,*,#1276,.F.);
#1278=EDGE_LOOP('',(#1275,#1277));
#1279=FACE_BOUND('',#1278,.F.);
#1280=ADVANCED_FACE('',(#1274,#1279),#1268,.F.);
#1281=CARTESIAN_POINT('',(-1.531858074427E1,3.298757550160E0,2.685107354927E1));
#1282=DIRECTION('',(-1.E0,0.E0,0.E0));
#1283=DIRECTION('',(0.E0,0.E0,1.E0));
#1284=AXIS2_PLACEMENT_3D('',#1281,#1282,#1283);
#1285=CYLINDRICAL_SURFACE('',#1284,9.85E0);
#1287=ORIENTED_EDGE('',*,*,#1286,.F.);
#1289=ORIENTED_EDGE('',*,*,#1288,.T.);
#1291=ORIENTED_EDGE('',*,*,#1290,.T.);
#1292=ORIENTED_EDGE('',*,*,#1269,.T.);
#1293=EDGE_LOOP('',(#1287,#1289,#1291,#1292));
#1294=FACE_OUTER_BOUND('',#1293,.F.);
#1295=ADVANCED_FACE('',(#1294),#1285,.F.);
#1296=CARTESIAN_POINT('',(-1.531858074427E1,3.298757550160E0,2.685107354927E1));
#1297=DIRECTION('',(-1.E0,0.E0,0.E0));
#1298=DIRECTION('',(0.E0,0.E0,1.E0));
#1299=AXIS2_PLACEMENT_3D('',#1296,#1297,#1298);
#1300=CYLINDRICAL_SURFACE('',#1299,9.85E0);
#1301=ORIENTED_EDGE('',*,*,#1271,.T.);
#1302=ORIENTED_EDGE('',*,*,#1290,.F.);
#1304=ORIENTED_EDGE('',*,*,#1303,.T.);
#1305=ORIENTED_EDGE('',*,*,#1286,.T.);
#1306=EDGE_LOOP('',(#1301,#1302,#1304,#1305));
#1307=FACE_OUTER_BOUND('',#1306,.F.);
#1308=ADVANCED_FACE('',(#1307),#1300,.F.);
#1309=CARTESIAN_POINT('',(-1.332093350836E1,3.298757550160E0,2.685107354927E1));
#1310=DIRECTION('',(1.E0,0.E0,0.E0));
#1311=DIRECTION('',(0.E0,0.E0,-1.E0));
#1312=AXIS2_PLACEMENT_3D('',#1309,#1310,#1311);
#1313=CONICAL_SURFACE('',#1312,9.675E0,5.5E1);
#1315=ORIENTED_EDGE('',*,*,#1314,.F.);
#1317=ORIENTED_EDGE('',*,*,#1316,.F.);
#1318=ORIENTED_EDGE('',*,*,#1303,.F.);
#1320=ORIENTED_EDGE('',*,*,#1319,.T.);
#1321=EDGE_LOOP('',(#1315,#1317,#1318,#1320));
#1322=FACE_OUTER_BOUND('',#1321,.F.);
#1323=ADVANCED_FACE('',(#1322),#1313,.F.);
#1324=CARTESIAN_POINT('',(-1.531858074427E1,3.298757550160E0,2.685107354927E1));
#1325=DIRECTION('',(-1.E0,0.E0,0.E0));
#1326=DIRECTION('',(0.E0,0.E0,1.E0));
#1327=AXIS2_PLACEMENT_3D('',#1324,#1325,#1326);
#1328=CYLINDRICAL_SURFACE('',#1327,9.5E0);
#1329=ORIENTED_EDGE('',*,*,#1314,.T.);
#1331=ORIENTED_EDGE('',*,*,#1330,.F.);
#1333=ORIENTED_EDGE('',*,*,#1332,.T.);
#1335=ORIENTED_EDGE('',*,*,#1334,.T.);
#1336=EDGE_LOOP('',(#1329,#1331,#1333,#1335));
#1337=FACE_OUTER_BOUND('',#1336,.F.);
#1338=ADVANCED_FACE('',(#1337),#1328,.F.);
#1339=CARTESIAN_POINT('',(-1.531858074427E1,3.298757550160E0,2.685107354927E1));
#1340=DIRECTION('',(-1.E0,0.E0,0.E0));
#1341=DIRECTION('',(0.E0,0.E0,1.E0));
#1342=AXIS2_PLACEMENT_3D('',#1339,#1340,#1341);
#1343=CYLINDRICAL_SURFACE('',#1342,9.5E0);
#1344=ORIENTED_EDGE('',*,*,#1334,.F.);
#1346=ORIENTED_EDGE('',*,*,#1345,.T.);
#1347=ORIENTED_EDGE('',*,*,#1330,.T.);
#1349=ORIENTED_EDGE('',*,*,#1348,.T.);
#1350=EDGE_LOOP('',(#1344,#1346,#1347,#1349));
#1351=FACE_OUTER_BOUND('',#1350,.F.);
#1352=ADVANCED_FACE('',(#1351),#1343,.F.);
#1353=CARTESIAN_POINT('',(-1.379839718918E1,3.298757550160E0,1.485107354927E1));
#1354=DIRECTION('',(1.E0,0.E0,0.E0));
#1355=DIRECTION('',(0.E0,0.E0,-1.E0));
#1356=AXIS2_PLACEMENT_3D('',#1353,#1354,#1355);
#1357=PLANE('',#1356);
#1359=ORIENTED_EDGE('',*,*,#1358,.F.);
#1361=ORIENTED_EDGE('',*,*,#1360,.F.);
#1362=EDGE_LOOP('',(#1359,#1361));
#1363=FACE_OUTER_BOUND('',#1362,.F.);
#1364=ORIENTED_EDGE('',*,*,#1345,.F.);
#1365=ORIENTED_EDGE('',*,*,#1332,.F.);
#1366=EDGE_LOOP('',(#1364,#1365));
#1367=FACE_BOUND('',#1366,.F.);
#1368=ADVANCED_FACE('',(#1363,#1367),#1357,.F.);
#1369=CARTESIAN_POINT('',(-1.349839718918E1,3.298757550160E0,2.685107354927E1));
#1370=DIRECTION('',(1.E0,0.E0,0.E0));
#1371=DIRECTION('',(0.E0,0.E0,-1.E0));
#1372=AXIS2_PLACEMENT_3D('',#1369,#1370,#1371);
#1373=TOROIDAL_SURFACE('',#1372,1.17E1,3.E-1);
#1375=ORIENTED_EDGE('',*,*,#1374,.F.);
#1377=ORIENTED_EDGE('',*,*,#1376,.F.);
#1379=ORIENTED_EDGE('',*,*,#1378,.T.);
#1380=ORIENTED_EDGE('',*,*,#1358,.T.);
#1381=EDGE_LOOP('',(#1375,#1377,#1379,#1380));
#1382=FACE_OUTER_BOUND('',#1381,.F.);
#1383=ADVANCED_FACE('',(#1382),#1373,.T.);
#1384=CARTESIAN_POINT('',(-1.349839718918E1,3.298757550160E0,2.685107354927E1));
#1385=DIRECTION('',(1.E0,0.E0,0.E0));
#1386=DIRECTION('',(0.E0,0.E0,-1.E0));
#1387=AXIS2_PLACEMENT_3D('',#1384,#1385,#1386);
#1388=TOROIDAL_SURFACE('',#1387,1.17E1,3.E-1);
#1389=ORIENTED_EDGE('',*,*,#1360,.T.);
#1390=ORIENTED_EDGE('',*,*,#1378,.F.);
#1392=ORIENTED_EDGE('',*,*,#1391,.F.);
#1393=ORIENTED_EDGE('',*,*,#1374,.T.);
#1394=EDGE_LOOP('',(#1389,#1390,#1392,#1393));
#1395=FACE_OUTER_BOUND('',#1394,.F.);
#1396=ADVANCED_FACE('',(#1395),#1388,.T.);
#1397=CARTESIAN_POINT('',(-1.531858074427E1,3.298757550160E0,2.685107354927E1));
#1398=DIRECTION('',(-1.E0,0.E0,0.E0));
#1399=DIRECTION('',(0.E0,0.E0,1.E0));
#1400=AXIS2_PLACEMENT_3D('',#1397,#1398,#1399);
#1401=CYLINDRICAL_SURFACE('',#1400,1.2E1);
#1403=ORIENTED_EDGE('',*,*,#1402,.T.);
#1405=ORIENTED_EDGE('',*,*,#1404,.F.);
#1406=ORIENTED_EDGE('',*,*,#1391,.T.);
#1408=ORIENTED_EDGE('',*,*,#1407,.T.);
#1409=EDGE_LOOP('',(#1403,#1405,#1406,#1408));
#1410=FACE_OUTER_BOUND('',#1409,.F.);
#1411=ADVANCED_FACE('',(#1410),#1401,.T.);
#1412=CARTESIAN_POINT('',(-7.098397189176E0,3.298757550160E0,2.685107354927E1));
#1413=DIRECTION('',(-1.E0,0.E0,0.E0));
#1414=DIRECTION('',(0.E0,0.E0,1.E0));
#1415=AXIS2_PLACEMENT_3D('',#1412,#1413,#1414);
#1416=TOROIDAL_SURFACE('',#1415,1.17E1,3.E-1);
#1418=ORIENTED_EDGE('',*,*,#1417,.T.);
#1420=ORIENTED_EDGE('',*,*,#1419,.F.);
#1421=ORIENTED_EDGE('',*,*,#1402,.F.);
#1423=ORIENTED_EDGE('',*,*,#1422,.T.);
#1424=EDGE_LOOP('',(#1418,#1420,#1421,#1423));
#1425=FACE_OUTER_BOUND('',#1424,.F.);
#1426=ADVANCED_FACE('',(#1425),#1416,.T.);
#1427=CARTESIAN_POINT('',(-6.798397189176E0,3.298757550160E0,1.485107354927E1));
#1428=DIRECTION('',(-1.E0,0.E0,0.E0));
#1429=DIRECTION('',(0.E0,0.E0,1.E0));
#1430=AXIS2_PLACEMENT_3D('',#1427,#1428,#1429);
#1431=PLANE('',#1430);
#1433=ORIENTED_EDGE('',*,*,#1432,.F.);
#1434=ORIENTED_EDGE('',*,*,#1417,.F.);
#1435=EDGE_LOOP('',(#1433,#1434));
#1436=FACE_OUTER_BOUND('',#1435,.F.);
#1438=ORIENTED_EDGE('',*,*,#1437,.F.);
#1440=ORIENTED_EDGE('',*,*,#1439,.F.);
#1441=EDGE_LOOP('',(#1438,#1440));
#1442=FACE_BOUND('',#1441,.F.);
#1443=ADVANCED_FACE('',(#1436,#1442),#1431,.F.);
#1444=CARTESIAN_POINT('',(-7.098397189176E0,3.298757550160E0,2.685107354927E1));
#1445=DIRECTION('',(-1.E0,0.E0,0.E0));
#1446=DIRECTION('',(0.E0,0.E0,1.E0));
#1447=AXIS2_PLACEMENT_3D('',#1444,#1445,#1446);
#1448=TOROIDAL_SURFACE('',#1447,1.17E1,3.E-1);
#1449=ORIENTED_EDGE('',*,*,#1422,.F.);
#1451=ORIENTED_EDGE('',*,*,#1450,.F.);
#1452=ORIENTED_EDGE('',*,*,#1419,.T.);
#1453=ORIENTED_EDGE('',*,*,#1432,.T.);
#1454=EDGE_LOOP('',(#1449,#1451,#1452,#1453));
#1455=FACE_OUTER_BOUND('',#1454,.F.);
#1456=ADVANCED_FACE('',(#1455),#1448,.T.);
#1457=CARTESIAN_POINT('',(-1.531858074427E1,3.298757550160E0,2.685107354927E1));
#1458=DIRECTION('',(-1.E0,0.E0,0.E0));
#1459=DIRECTION('',(0.E0,0.E0,1.E0));
#1460=AXIS2_PLACEMENT_3D('',#1457,#1458,#1459);
#1461=CYLINDRICAL_SURFACE('',#1460,1.2E1);
#1462=ORIENTED_EDGE('',*,*,#1407,.F.);
#1463=ORIENTED_EDGE('',*,*,#1376,.T.);
#1464=ORIENTED_EDGE('',*,*,#1404,.T.);
#1465=ORIENTED_EDGE('',*,*,#1450,.T.);
#1466=EDGE_LOOP('',(#1462,#1463,#1464,#1465));
#1467=FACE_OUTER_BOUND('',#1466,.F.);
#1468=ADVANCED_FACE('',(#1467),#1461,.T.);
#1469=CARTESIAN_POINT('',(-1.531858074427E1,3.298757550160E0,2.685107354927E1));
#1470=DIRECTION('',(-1.E0,0.E0,0.E0));
#1471=DIRECTION('',(0.E0,0.E0,1.E0));
#1472=AXIS2_PLACEMENT_3D('',#1469,#1470,#1471);
#1473=CYLINDRICAL_SURFACE('',#1472,9.5E0);
#1475=ORIENTED_EDGE('',*,*,#1474,.F.);
#1477=ORIENTED_EDGE('',*,*,#1476,.T.);
#1479=ORIENTED_EDGE('',*,*,#1478,.T.);
#1480=ORIENTED_EDGE('',*,*,#1437,.T.);
#1481=EDGE_LOOP('',(#1475,#1477,#1479,#1480));
#1482=FACE_OUTER_BOUND('',#1481,.F.);
#1483=ADVANCED_FACE('',(#1482),#1473,.F.);
#1484=CARTESIAN_POINT('',(-1.531858074427E1,3.298757550160E0,2.685107354927E1));
#1485=DIRECTION('',(-1.E0,0.E0,0.E0));
#1486=DIRECTION('',(0.E0,0.E0,1.E0));
#1487=AXIS2_PLACEMENT_3D('',#1484,#1485,#1486);
#1488=CYLINDRICAL_SURFACE('',#1487,9.5E0);
#1489=ORIENTED_EDGE('',*,*,#1439,.T.);
#1490=ORIENTED_EDGE('',*,*,#1478,.F.);
#1492=ORIENTED_EDGE('',*,*,#1491,.T.);
#1493=ORIENTED_EDGE('',*,*,#1474,.T.);
#1494=EDGE_LOOP('',(#1489,#1490,#1492,#1493));
#1495=FACE_OUTER_BOUND('',#1494,.F.);
#1496=ADVANCED_FACE('',(#1495),#1488,.F.);
#1497=CARTESIAN_POINT('',(-7.275860869989E0,3.298757550160E0,2.685107354927E1));
#1498=DIRECTION('',(-1.E0,0.E0,0.E0));
#1499=DIRECTION('',(0.E0,0.E0,1.E0));
#1500=AXIS2_PLACEMENT_3D('',#1497,#1498,#1499);
#1501=CONICAL_SURFACE('',#1500,9.675E0,5.5E1);
#1502=ORIENTED_EDGE('',*,*,#1491,.F.);
#1504=ORIENTED_EDGE('',*,*,#1503,.F.);
#1506=ORIENTED_EDGE('',*,*,#1505,.F.);
#1508=ORIENTED_EDGE('',*,*,#1507,.T.);
#1509=EDGE_LOOP('',(#1502,#1504,#1506,#1508));
#1510=FACE_OUTER_BOUND('',#1509,.F.);
#1511=ADVANCED_FACE('',(#1510),#1501,.F.);
#1512=CARTESIAN_POINT('',(-7.275860869989E0,3.298757550160E0,2.685107354927E1));
#1513=DIRECTION('',(-1.E0,0.E0,0.E0));
#1514=DIRECTION('',(0.E0,0.E0,1.E0));
#1515=AXIS2_PLACEMENT_3D('',#1512,#1513,#1514);
#1516=CONICAL_SURFACE('',#1515,9.675E0,5.5E1);
#1517=ORIENTED_EDGE('',*,*,#1507,.F.);
#1519=ORIENTED_EDGE('',*,*,#1518,.F.);
#1520=ORIENTED_EDGE('',*,*,#1503,.T.);
#1521=ORIENTED_EDGE('',*,*,#1476,.F.);
#1522=EDGE_LOOP('',(#1517,#1519,#1520,#1521));
#1523=FACE_OUTER_BOUND('',#1522,.F.);
#1524=ADVANCED_FACE('',(#1523),#1516,.F.);
#1525=CARTESIAN_POINT('',(-1.531858074427E1,3.298757550160E0,2.685107354927E1));
#1526=DIRECTION('',(-1.E0,0.E0,0.E0));
#1527=DIRECTION('',(0.E0,0.E0,1.E0));
#1528=AXIS2_PLACEMENT_3D('',#1525,#1526,#1527);
#1529=CYLINDRICAL_SURFACE('',#1528,9.85E0);
#1531=ORIENTED_EDGE('',*,*,#1530,.F.);
#1533=ORIENTED_EDGE('',*,*,#1532,.T.);
#1535=ORIENTED_EDGE('',*,*,#1534,.T.);
#1536=ORIENTED_EDGE('',*,*,#1518,.T.);
#1537=EDGE_LOOP('',(#1531,#1533,#1535,#1536));
#1538=FACE_OUTER_BOUND('',#1537,.F.);
#1539=ADVANCED_FACE('',(#1538),#1529,.F.);
#1540=CARTESIAN_POINT('',(-1.531858074427E1,3.298757550160E0,2.685107354927E1));
#1541=DIRECTION('',(-1.E0,0.E0,0.E0));
#1542=DIRECTION('',(0.E0,0.E0,1.E0));
#1543=AXIS2_PLACEMENT_3D('',#1540,#1541,#1542);
#1544=CYLINDRICAL_SURFACE('',#1543,9.85E0);
#1545=ORIENTED_EDGE('',*,*,#1505,.T.);
#1546=ORIENTED_EDGE('',*,*,#1534,.F.);
#1548=ORIENTED_EDGE('',*,*,#1547,.T.);
#1549=ORIENTED_EDGE('',*,*,#1530,.T.);
#1550=EDGE_LOOP('',(#1545,#1546,#1548,#1549));
#1551=FACE_OUTER_BOUND('',#1550,.F.);
#1552=ADVANCED_FACE('',(#1551),#1544,.F.);
#1553=CARTESIAN_POINT('',(-7.798397189176E0,3.298757550160E0,1.700107354927E1));
#1554=DIRECTION('',(-1.E0,0.E0,0.E0));
#1555=DIRECTION('',(0.E0,0.E0,1.E0));
#1556=AXIS2_PLACEMENT_3D('',#1553,#1554,#1555);
#1557=PLANE('',#1556);
#1558=ORIENTED_EDGE('',*,*,#1532,.F.);
#1559=ORIENTED_EDGE('',*,*,#1547,.F.);
#1560=EDGE_LOOP('',(#1558,#1559));
#1561=FACE_OUTER_BOUND('',#1560,.F.);
#1563=ORIENTED_EDGE('',*,*,#1562,.F.);
#1565=ORIENTED_EDGE('',*,*,#1564,.F.);
#1566=EDGE_LOOP('',(#1563,#1565));
#1567=FACE_BOUND('',#1566,.F.);
#1568=ADVANCED_FACE('',(#1561,#1567),#1557,.F.);
#1569=CARTESIAN_POINT('',(-2.705255135141E1,3.298757550160E0,2.685107354927E1));
#1570=DIRECTION('',(-1.E0,0.E0,0.E0));
#1571=DIRECTION('',(0.E0,0.E0,1.E0));
#1572=AXIS2_PLACEMENT_3D('',#1569,#1570,#1571);
#1573=CYLINDRICAL_SURFACE('',#1572,9.5E0);
#1574=ORIENTED_EDGE('',*,*,#1562,.T.);
#1576=ORIENTED_EDGE('',*,*,#1575,.T.);
#1578=ORIENTED_EDGE('',*,*,#1577,.T.);
#1580=ORIENTED_EDGE('',*,*,#1579,.F.);
#1581=EDGE_LOOP('',(#1574,#1576,#1578,#1580));
#1582=FACE_OUTER_BOUND('',#1581,.F.);
#1583=ADVANCED_FACE('',(#1582),#1573,.T.);
#1584=CARTESIAN_POINT('',(-2.705255135141E1,3.298757550160E0,2.685107354927E1));
#1585=DIRECTION('',(-1.E0,0.E0,0.E0));
#1586=DIRECTION('',(0.E0,0.E0,1.E0));
#1587=AXIS2_PLACEMENT_3D('',#1584,#1585,#1586);
#1588=CYLINDRICAL_SURFACE('',#1587,9.5E0);
#1589=ORIENTED_EDGE('',*,*,#1564,.T.);
#1590=ORIENTED_EDGE('',*,*,#1579,.T.);
#1592=ORIENTED_EDGE('',*,*,#1591,.T.);
#1593=ORIENTED_EDGE('',*,*,#1575,.F.);
#1594=EDGE_LOOP('',(#1589,#1590,#1592,#1593));
#1595=FACE_OUTER_BOUND('',#1594,.F.);
#1596=ADVANCED_FACE('',(#1595),#1588,.T.);
#1597=CARTESIAN_POINT('',(-7.148397189176E0,3.298757550160E0,2.685107354927E1));
#1598=DIRECTION('',(-1.E0,0.E0,0.E0));
#1599=DIRECTION('',(0.E0,0.E0,1.E0));
#1600=AXIS2_PLACEMENT_3D('',#1597,#1598,#1599);
#1601=TOROIDAL_SURFACE('',#1600,9.1E0,4.E-1);
#1603=ORIENTED_EDGE('',*,*,#1602,.T.);
#1605=ORIENTED_EDGE('',*,*,#1604,.F.);
#1606=ORIENTED_EDGE('',*,*,#1591,.F.);
#1608=ORIENTED_EDGE('',*,*,#1607,.T.);
#1609=EDGE_LOOP('',(#1603,#1605,#1606,#1608));
#1610=FACE_OUTER_BOUND('',#1609,.F.);
#1611=ADVANCED_FACE('',(#1610),#1601,.T.);
#1612=CARTESIAN_POINT('',(-7.148397189176E0,3.298757550160E0,1.795107354927E1));
#1613=DIRECTION('',(1.E0,0.E0,0.E0));
#1614=DIRECTION('',(0.E0,0.E0,-1.E0));
#1615=AXIS2_PLACEMENT_3D('',#1612,#1613,#1614);
#1616=PLANE('',#1615);
#1618=ORIENTED_EDGE('',*,*,#1617,.F.);
#1620=ORIENTED_EDGE('',*,*,#1619,.F.);
#1621=EDGE_LOOP('',(#1618,#1620));
#1622=FACE_OUTER_BOUND('',#1621,.F.);
#1623=ORIENTED_EDGE('',*,*,#1602,.F.);
#1625=ORIENTED_EDGE('',*,*,#1624,.F.);
#1626=EDGE_LOOP('',(#1623,#1625));
#1627=FACE_BOUND('',#1626,.F.);
#1628=ADVANCED_FACE('',(#1622,#1627),#1616,.F.);
#1629=CARTESIAN_POINT('',(-7.148397189176E0,3.298757550160E0,2.685107354927E1));
#1630=DIRECTION('',(-1.E0,0.E0,0.E0));
#1631=DIRECTION('',(0.E0,0.E0,1.E0));
#1632=AXIS2_PLACEMENT_3D('',#1629,#1630,#1631);
#1633=TOROIDAL_SURFACE('',#1632,9.1E0,2.E-1);
#1635=ORIENTED_EDGE('',*,*,#1634,.F.);
#1637=ORIENTED_EDGE('',*,*,#1636,.F.);
#1639=ORIENTED_EDGE('',*,*,#1638,.T.);
#1640=ORIENTED_EDGE('',*,*,#1617,.T.);
#1641=EDGE_LOOP('',(#1635,#1637,#1639,#1640));
#1642=FACE_OUTER_BOUND('',#1641,.F.);
#1643=ADVANCED_FACE('',(#1642),#1633,.F.);
#1644=CARTESIAN_POINT('',(-7.148397189176E0,3.298757550160E0,2.685107354927E1));
#1645=DIRECTION('',(-1.E0,0.E0,0.E0));
#1646=DIRECTION('',(0.E0,0.E0,1.E0));
#1647=AXIS2_PLACEMENT_3D('',#1644,#1645,#1646);
#1648=TOROIDAL_SURFACE('',#1647,9.1E0,2.E-1);
#1649=ORIENTED_EDGE('',*,*,#1619,.T.);
#1650=ORIENTED_EDGE('',*,*,#1638,.F.);
#1652=ORIENTED_EDGE('',*,*,#1651,.F.);
#1653=ORIENTED_EDGE('',*,*,#1634,.T.);
#1654=EDGE_LOOP('',(#1649,#1650,#1652,#1653));
#1655=FACE_OUTER_BOUND('',#1654,.F.);
#1656=ADVANCED_FACE('',(#1655),#1648,.F.);
#1657=CARTESIAN_POINT('',(-2.705255135141E1,3.298757550160E0,2.685107354927E1));
#1658=DIRECTION('',(-1.E0,0.E0,0.E0));
#1659=DIRECTION('',(0.E0,0.E0,1.E0));
#1660=AXIS2_PLACEMENT_3D('',#1657,#1658,#1659);
#1661=CYLINDRICAL_SURFACE('',#1660,9.3E0);
#1662=ORIENTED_EDGE('',*,*,#1651,.T.);
#1664=ORIENTED_EDGE('',*,*,#1663,.F.);
#1666=ORIENTED_EDGE('',*,*,#1665,.T.);
#1668=ORIENTED_EDGE('',*,*,#1667,.T.);
#1669=EDGE_LOOP('',(#1662,#1664,#1666,#1668));
#1670=FACE_OUTER_BOUND('',#1669,.F.);
#1671=ADVANCED_FACE('',(#1670),#1661,.F.);
#1672=CARTESIAN_POINT('',(-2.705255135141E1,3.298757550160E0,2.685107354927E1));
#1673=DIRECTION('',(-1.E0,0.E0,0.E0));
#1674=DIRECTION('',(0.E0,0.E0,1.E0));
#1675=AXIS2_PLACEMENT_3D('',#1672,#1673,#1674);
#1676=CYLINDRICAL_SURFACE('',#1675,9.3E0);
#1677=ORIENTED_EDGE('',*,*,#1667,.F.);
#1679=ORIENTED_EDGE('',*,*,#1678,.T.);
#1680=ORIENTED_EDGE('',*,*,#1663,.T.);
#1681=ORIENTED_EDGE('',*,*,#1636,.T.);
#1682=EDGE_LOOP('',(#1677,#1679,#1680,#1681));
#1683=FACE_OUTER_BOUND('',#1682,.F.);
#1684=ADVANCED_FACE('',(#1683),#1676,.F.);
#1685=CARTESIAN_POINT('',(-7.598397189176E0,3.298757550160E0,1.810107354927E1));
#1686=DIRECTION('',(-1.E0,0.E0,0.E0));
#1687=DIRECTION('',(0.E0,0.E0,1.E0));
#1688=AXIS2_PLACEMENT_3D('',#1685,#1686,#1687);
#1689=PLANE('',#1688);
#1690=ORIENTED_EDGE('',*,*,#1678,.F.);
#1691=ORIENTED_EDGE('',*,*,#1665,.F.);
#1692=EDGE_LOOP('',(#1690,#1691));
#1693=FACE_OUTER_BOUND('',#1692,.F.);
#1695=ORIENTED_EDGE('',*,*,#1694,.F.);
#1697=ORIENTED_EDGE('',*,*,#1696,.F.);
#1698=EDGE_LOOP('',(#1695,#1697));
#1699=FACE_BOUND('',#1698,.F.);
#1700=ADVANCED_FACE('',(#1693,#1699),#1689,.F.);
#1701=CARTESIAN_POINT('',(-7.298397189176E0,3.298757550160E0,2.685107354927E1));
#1702=DIRECTION('',(-1.E0,0.E0,0.E0));
#1703=DIRECTION('',(0.E0,0.E0,1.E0));
#1704=AXIS2_PLACEMENT_3D('',#1701,#1702,#1703);
#1705=CONICAL_SURFACE('',#1704,8.525E0,3.686989764584E1);
#1707=ORIENTED_EDGE('',*,*,#1706,.T.);
#1709=ORIENTED_EDGE('',*,*,#1708,.F.);
#1710=ORIENTED_EDGE('',*,*,#1694,.T.);
#1712=ORIENTED_EDGE('',*,*,#1711,.T.);
#1713=EDGE_LOOP('',(#1707,#1709,#1710,#1712));
#1714=FACE_OUTER_BOUND('',#1713,.F.);
#1715=ADVANCED_FACE('',(#1714),#1705,.T.);
#1716=CARTESIAN_POINT('',(-6.998397189176E0,3.298757550160E0,2.050107354927E1));
#1717=DIRECTION('',(-1.E0,0.E0,0.E0));
#1718=DIRECTION('',(0.E0,0.E0,1.E0));
#1719=AXIS2_PLACEMENT_3D('',#1716,#1717,#1718);
#1720=PLANE('',#1719);
#1721=ORIENTED_EDGE('',*,*,#1706,.F.);
#1723=ORIENTED_EDGE('',*,*,#1722,.F.);
#1724=EDGE_LOOP('',(#1721,#1723));
#1725=FACE_OUTER_BOUND('',#1724,.F.);
#1727=ORIENTED_EDGE('',*,*,#1726,.F.);
#1729=ORIENTED_EDGE('',*,*,#1728,.F.);
#1730=EDGE_LOOP('',(#1727,#1729));
#1731=FACE_BOUND('',#1730,.F.);
#1732=ADVANCED_FACE('',(#1725,#1731),#1720,.F.);
#1733=CARTESIAN_POINT('',(-7.298397189176E0,3.298757550160E0,2.685107354927E1));
#1734=DIRECTION('',(-1.E0,0.E0,0.E0));
#1735=DIRECTION('',(0.E0,0.E0,1.E0));
#1736=AXIS2_PLACEMENT_3D('',#1733,#1734,#1735);
#1737=CONICAL_SURFACE('',#1736,8.525E0,3.686989764584E1);
#1738=ORIENTED_EDGE('',*,*,#1711,.F.);
#1739=ORIENTED_EDGE('',*,*,#1696,.T.);
#1740=ORIENTED_EDGE('',*,*,#1708,.T.);
#1741=ORIENTED_EDGE('',*,*,#1722,.T.);
#1742=EDGE_LOOP('',(#1738,#1739,#1740,#1741));
#1743=FACE_OUTER_BOUND('',#1742,.F.);
#1744=ADVANCED_FACE('',(#1743),#1737,.T.);
#1745=CARTESIAN_POINT('',(-2.705255135141E1,3.298757550160E0,2.685107354927E1));
#1746=DIRECTION('',(-1.E0,0.E0,0.E0));
#1747=DIRECTION('',(0.E0,0.E0,1.E0));
#1748=AXIS2_PLACEMENT_3D('',#1745,#1746,#1747);
#1749=CYLINDRICAL_SURFACE('',#1748,6.35E0);
#1751=ORIENTED_EDGE('',*,*,#1750,.F.);
#1753=ORIENTED_EDGE('',*,*,#1752,.T.);
#1755=ORIENTED_EDGE('',*,*,#1754,.T.);
#1756=ORIENTED_EDGE('',*,*,#1726,.T.);
#1757=EDGE_LOOP('',(#1751,#1753,#1755,#1756));
#1758=FACE_OUTER_BOUND('',#1757,.F.);
#1759=ADVANCED_FACE('',(#1758),#1749,.F.);
#1760=CARTESIAN_POINT('',(-2.705255135141E1,3.298757550160E0,2.685107354927E1));
#1761=DIRECTION('',(-1.E0,0.E0,0.E0));
#1762=DIRECTION('',(0.E0,0.E0,1.E0));
#1763=AXIS2_PLACEMENT_3D('',#1760,#1761,#1762);
#1764=CYLINDRICAL_SURFACE('',#1763,6.35E0);
#1765=ORIENTED_EDGE('',*,*,#1728,.T.);
#1766=ORIENTED_EDGE('',*,*,#1754,.F.);
#1768=ORIENTED_EDGE('',*,*,#1767,.T.);
#1769=ORIENTED_EDGE('',*,*,#1750,.T.);
#1770=EDGE_LOOP('',(#1765,#1766,#1768,#1769));
#1771=FACE_OUTER_BOUND('',#1770,.F.);
#1772=ADVANCED_FACE('',(#1771),#1764,.F.);
#1773=CARTESIAN_POINT('',(-7.398397189176E0,3.298757550160E0,2.030107354927E1));
#1774=DIRECTION('',(1.E0,0.E0,0.E0));
#1775=DIRECTION('',(0.E0,0.E0,-1.E0));
#1776=AXIS2_PLACEMENT_3D('',#1773,#1774,#1775);
#1777=PLANE('',#1776);
#1779=ORIENTED_EDGE('',*,*,#1778,.F.);
#1781=ORIENTED_EDGE('',*,*,#1780,.F.);
#1782=EDGE_LOOP('',(#1779,#1781));
#1783=FACE_OUTER_BOUND('',#1782,.F.);
#1784=ORIENTED_EDGE('',*,*,#1752,.F.);
#1785=ORIENTED_EDGE('',*,*,#1767,.F.);
#1786=EDGE_LOOP('',(#1784,#1785));
#1787=FACE_BOUND('',#1786,.F.);
#1788=ADVANCED_FACE('',(#1783,#1787),#1777,.F.);
#1789=CARTESIAN_POINT('',(-2.705255135141E1,3.298757550160E0,2.685107354927E1));
#1790=DIRECTION('',(-1.E0,0.E0,0.E0));
#1791=DIRECTION('',(0.E0,0.E0,1.E0));
#1792=AXIS2_PLACEMENT_3D('',#1789,#1790,#1791);
#1793=CYLINDRICAL_SURFACE('',#1792,6.55E0);
#1795=ORIENTED_EDGE('',*,*,#1794,.T.);
#1797=ORIENTED_EDGE('',*,*,#1796,.F.);
#1798=ORIENTED_EDGE('',*,*,#1778,.T.);
#1800=ORIENTED_EDGE('',*,*,#1799,.T.);
#1801=EDGE_LOOP('',(#1795,#1797,#1798,#1800));
#1802=FACE_OUTER_BOUND('',#1801,.F.);
#1803=ADVANCED_FACE('',(#1802),#1793,.T.);
#1804=CARTESIAN_POINT('',(-7.198397189176E0,3.298757550160E0,1.865107354927E1));
#1805=DIRECTION('',(1.E0,0.E0,0.E0));
#1806=DIRECTION('',(0.E0,0.E0,-1.E0));
#1807=AXIS2_PLACEMENT_3D('',#1804,#1805,#1806);
#1808=PLANE('',#1807);
#1810=ORIENTED_EDGE('',*,*,#1809,.F.);
#1812=ORIENTED_EDGE('',*,*,#1811,.F.);
#1813=EDGE_LOOP('',(#1810,#1812));
#1814=FACE_OUTER_BOUND('',#1813,.F.);
#1815=ORIENTED_EDGE('',*,*,#1794,.F.);
#1817=ORIENTED_EDGE('',*,*,#1816,.F.);
#1818=EDGE_LOOP('',(#1815,#1817));
#1819=FACE_BOUND('',#1818,.F.);
#1820=ADVANCED_FACE('',(#1814,#1819),#1808,.F.);
#1821=CARTESIAN_POINT('',(-7.498397189176E0,3.298757550160E0,2.685107354927E1));
#1822=DIRECTION('',(-1.E0,0.E0,0.E0));
#1823=DIRECTION('',(0.E0,0.E0,1.E0));
#1824=AXIS2_PLACEMENT_3D('',#1821,#1822,#1823);
#1825=CONICAL_SURFACE('',#1824,8.425E0,3.686989764584E1);
#1827=ORIENTED_EDGE('',*,*,#1826,.F.);
#1829=ORIENTED_EDGE('',*,*,#1828,.T.);
#1831=ORIENTED_EDGE('',*,*,#1830,.T.);
#1832=ORIENTED_EDGE('',*,*,#1809,.T.);
#1833=EDGE_LOOP('',(#1827,#1829,#1831,#1832));
#1834=FACE_OUTER_BOUND('',#1833,.F.);
#1835=ADVANCED_FACE('',(#1834),#1825,.F.);
#1836=CARTESIAN_POINT('',(-7.498397189176E0,3.298757550160E0,2.685107354927E1));
#1837=DIRECTION('',(-1.E0,0.E0,0.E0));
#1838=DIRECTION('',(0.E0,0.E0,1.E0));
#1839=AXIS2_PLACEMENT_3D('',#1836,#1837,#1838);
#1840=CONICAL_SURFACE('',#1839,8.425E0,3.686989764584E1);
#1841=ORIENTED_EDGE('',*,*,#1811,.T.);
#1842=ORIENTED_EDGE('',*,*,#1830,.F.);
#1844=ORIENTED_EDGE('',*,*,#1843,.T.);
#1845=ORIENTED_EDGE('',*,*,#1826,.T.);
#1846=EDGE_LOOP('',(#1841,#1842,#1844,#1845));
#1847=FACE_OUTER_BOUND('',#1846,.F.);
#1848=ADVANCED_FACE('',(#1847),#1840,.F.);
#1849=CARTESIAN_POINT('',(-7.798397189176E0,3.298757550160E0,1.735107354927E1));
#1850=DIRECTION('',(1.E0,0.E0,0.E0));
#1851=DIRECTION('',(0.E0,0.E0,-1.E0));
#1852=AXIS2_PLACEMENT_3D('',#1849,#1850,#1851);
#1853=PLANE('',#1852);
#1855=ORIENTED_EDGE('',*,*,#1854,.F.);
#1857=ORIENTED_EDGE('',*,*,#1856,.F.);
#1858=EDGE_LOOP('',(#1855,#1857));
#1859=FACE_OUTER_BOUND('',#1858,.F.);
#1860=ORIENTED_EDGE('',*,*,#1828,.F.);
#1861=ORIENTED_EDGE('',*,*,#1843,.F.);
#1862=EDGE_LOOP('',(#1860,#1861));
#1863=FACE_BOUND('',#1862,.F.);
#1864=ADVANCED_FACE('',(#1859,#1863),#1853,.F.);
#1865=CARTESIAN_POINT('',(-1.531858074427E1,3.298757550160E0,2.685107354927E1));
#1866=DIRECTION('',(-1.E0,0.E0,0.E0));
#1867=DIRECTION('',(0.E0,0.E0,1.E0));
#1868=AXIS2_PLACEMENT_3D('',#1865,#1866,#1867);
#1869=CYLINDRICAL_SURFACE('',#1868,8.95E0);
#1870=ORIENTED_EDGE('',*,*,#1854,.T.);
#1872=ORIENTED_EDGE('',*,*,#1871,.F.);
#1874=ORIENTED_EDGE('',*,*,#1873,.T.);
#1876=ORIENTED_EDGE('',*,*,#1875,.T.);
#1877=EDGE_LOOP('',(#1870,#1872,#1874,#1876));
#1878=FACE_OUTER_BOUND('',#1877,.F.);
#1879=ADVANCED_FACE('',(#1878),#1869,.F.);
#1880=CARTESIAN_POINT('',(-1.531858074427E1,3.298757550160E0,2.685107354927E1));
#1881=DIRECTION('',(-1.E0,0.E0,0.E0));
#1882=DIRECTION('',(0.E0,0.E0,1.E0));
#1883=AXIS2_PLACEMENT_3D('',#1880,#1881,#1882);
#1884=CYLINDRICAL_SURFACE('',#1883,8.95E0);
#1885=ORIENTED_EDGE('',*,*,#1856,.T.);
#1886=ORIENTED_EDGE('',*,*,#1875,.F.);
#1888=ORIENTED_EDGE('',*,*,#1887,.T.);
#1889=ORIENTED_EDGE('',*,*,#1871,.T.);
#1890=EDGE_LOOP('',(#1885,#1886,#1888,#1889));
#1891=FACE_OUTER_BOUND('',#1890,.F.);
#1892=ADVANCED_FACE('',(#1891),#1884,.F.);
#1893=CARTESIAN_POINT('',(-1.029839718918E1,3.298757550160E0,2.685107354927E1));
#1894=DIRECTION('',(-1.E0,0.E0,0.E0));
#1895=DIRECTION('',(0.E0,0.E0,1.E0));
#1896=AXIS2_PLACEMENT_3D('',#1893,#1894,#1895);
#1897=TOROIDAL_SURFACE('',#1896,7.4235E0,2.06E0);
#1898=ORIENTED_EDGE('',*,*,#1887,.F.);
#1900=ORIENTED_EDGE('',*,*,#1899,.F.);
#1902=ORIENTED_EDGE('',*,*,#1901,.F.);
#1904=ORIENTED_EDGE('',*,*,#1903,.F.);
#1906=ORIENTED_EDGE('',*,*,#1905,.T.);
#1908=ORIENTED_EDGE('',*,*,#1907,.T.);
#1909=EDGE_LOOP('',(#1898,#1900,#1902,#1904,#1906,#1908));
#1910=FACE_OUTER_BOUND('',#1909,.F.);
#1911=ADVANCED_FACE('',(#1910),#1897,.F.);
#1912=CARTESIAN_POINT('',(-1.029839718918E1,3.298757550160E0,2.685107354927E1));
#1913=DIRECTION('',(-1.E0,0.E0,0.E0));
#1914=DIRECTION('',(0.E0,0.E0,1.E0));
#1915=AXIS2_PLACEMENT_3D('',#1912,#1913,#1914);
#1916=TOROIDAL_SURFACE('',#1915,7.4235E0,2.06E0);
#1917=ORIENTED_EDGE('',*,*,#1905,.F.);
#1919=ORIENTED_EDGE('',*,*,#1918,.F.);
#1920=ORIENTED_EDGE('',*,*,#1901,.T.);
#1921=ORIENTED_EDGE('',*,*,#1899,.T.);
#1922=ORIENTED_EDGE('',*,*,#1873,.F.);
#1923=ORIENTED_EDGE('',*,*,#1907,.F.);
#1924=EDGE_LOOP('',(#1917,#1919,#1920,#1921,#1922,#1923));
#1925=FACE_OUTER_BOUND('',#1924,.F.);
#1926=ADVANCED_FACE('',(#1925),#1916,.F.);
#1927=CARTESIAN_POINT('',(-1.531858074427E1,3.298757550160E0,2.685107354927E1));
#1928=DIRECTION('',(-1.E0,0.E0,0.E0));
#1929=DIRECTION('',(0.E0,0.E0,1.E0));
#1930=AXIS2_PLACEMENT_3D('',#1927,#1928,#1929);
#1931=CYLINDRICAL_SURFACE('',#1930,8.95E0);
#1933=ORIENTED_EDGE('',*,*,#1932,.F.);
#1935=ORIENTED_EDGE('',*,*,#1934,.T.);
#1936=ORIENTED_EDGE('',*,*,#1918,.T.);
#1938=ORIENTED_EDGE('',*,*,#1937,.F.);
#1939=EDGE_LOOP('',(#1933,#1935,#1936,#1938));
#1940=FACE_OUTER_BOUND('',#1939,.F.);
#1941=ADVANCED_FACE('',(#1940),#1931,.F.);
#1942=CARTESIAN_POINT('',(-1.279839718918E1,1.207889118115E1,3.047864207679E1));
#1943=DIRECTION('',(-1.E0,0.E0,0.E0));
#1944=DIRECTION('',(0.E0,9.242245927363E-1,3.818493186866E-1));
#1945=AXIS2_PLACEMENT_3D('',#1942,#1943,#1944);
#1946=PLANE('',#1945);
#1947=ORIENTED_EDGE('',*,*,#1932,.T.);
#1949=ORIENTED_EDGE('',*,*,#1948,.T.);
#1950=EDGE_LOOP('',(#1947,#1949));
#1951=FACE_OUTER_BOUND('',#1950,.F.);
#1953=ORIENTED_EDGE('',*,*,#1952,.F.);
#1955=ORIENTED_EDGE('',*,*,#1954,.F.);
#1956=EDGE_LOOP('',(#1953,#1955));
#1957=FACE_BOUND('',#1956,.F.);
#1958=ADVANCED_FACE('',(#1951,#1957),#1946,.F.);
#1959=CARTESIAN_POINT('',(-1.531858074427E1,3.298757550160E0,2.685107354927E1));
#1960=DIRECTION('',(-1.E0,0.E0,0.E0));
#1961=DIRECTION('',(0.E0,0.E0,1.E0));
#1962=AXIS2_PLACEMENT_3D('',#1959,#1960,#1961);
#1963=CYLINDRICAL_SURFACE('',#1962,8.95E0);
#1964=ORIENTED_EDGE('',*,*,#1948,.F.);
#1965=ORIENTED_EDGE('',*,*,#1937,.T.);
#1966=ORIENTED_EDGE('',*,*,#1903,.T.);
#1967=ORIENTED_EDGE('',*,*,#1934,.F.);
#1968=EDGE_LOOP('',(#1964,#1965,#1966,#1967));
#1969=FACE_OUTER_BOUND('',#1968,.F.);
#1970=ADVANCED_FACE('',(#1969),#1963,.F.);
#1971=CARTESIAN_POINT('',(-1.309839718918E1,3.298757550160E0,2.685107354927E1));
#1972=DIRECTION('',(1.E0,0.E0,0.E0));
#1973=DIRECTION('',(0.E0,-9.242245927363E-1,-3.818493186866E-1));
#1974=AXIS2_PLACEMENT_3D('',#1971,#1972,#1973);
#1975=CONICAL_SURFACE('',#1974,8.425E0,3.686989764584E1);
#1977=ORIENTED_EDGE('',*,*,#1976,.F.);
#1978=ORIENTED_EDGE('',*,*,#1952,.T.);
#1980=ORIENTED_EDGE('',*,*,#1979,.T.);
#1982=ORIENTED_EDGE('',*,*,#1981,.T.);
#1983=EDGE_LOOP('',(#1977,#1978,#1980,#1982));
#1984=FACE_OUTER_BOUND('',#1983,.F.);
#1985=ADVANCED_FACE('',(#1984),#1975,.F.);
#1986=CARTESIAN_POINT('',(-1.309839718918E1,3.298757550160E0,2.685107354927E1));
#1987=DIRECTION('',(1.E0,0.E0,0.E0));
#1988=DIRECTION('',(0.E0,-9.242245927363E-1,-3.818493186866E-1));
#1989=AXIS2_PLACEMENT_3D('',#1986,#1987,#1988);
#1990=CONICAL_SURFACE('',#1989,8.425E0,3.686989764584E1);
#1992=ORIENTED_EDGE('',*,*,#1991,.T.);
#1993=ORIENTED_EDGE('',*,*,#1979,.F.);
#1994=ORIENTED_EDGE('',*,*,#1954,.T.);
#1995=ORIENTED_EDGE('',*,*,#1976,.T.);
#1996=EDGE_LOOP('',(#1992,#1993,#1994,#1995));
#1997=FACE_OUTER_BOUND('',#1996,.F.);
#1998=ADVANCED_FACE('',(#1997),#1990,.F.);
#1999=CARTESIAN_POINT('',(-1.339839718918E1,1.087739921060E1,2.998223796250E1));
#2000=DIRECTION('',(-1.E0,0.E0,0.E0));
#2001=DIRECTION('',(0.E0,9.242245927363E-1,3.818493186866E-1));
#2002=AXIS2_PLACEMENT_3D('',#1999,#2000,#2001);
#2003=PLANE('',#2002);
#2004=ORIENTED_EDGE('',*,*,#1981,.F.);
#2005=ORIENTED_EDGE('',*,*,#1991,.F.);
#2006=EDGE_LOOP('',(#2004,#2005));
#2007=FACE_OUTER_BOUND('',#2006,.F.);
#2009=ORIENTED_EDGE('',*,*,#2008,.F.);
#2011=ORIENTED_EDGE('',*,*,#2010,.F.);
#2012=EDGE_LOOP('',(#2009,#2011));
#2013=FACE_BOUND('',#2012,.F.);
#2014=ADVANCED_FACE('',(#2007,#2013),#2003,.F.);
#2015=CARTESIAN_POINT('',(6.455756973062E0,3.298757550160E0,2.685107354927E1));
#2016=DIRECTION('',(1.E0,0.E0,0.E0));
#2017=DIRECTION('',(0.E0,-9.242245927363E-1,-3.818493186866E-1));
#2018=AXIS2_PLACEMENT_3D('',#2015,#2016,#2017);
#2019=CYLINDRICAL_SURFACE('',#2018,6.55E0);
#2020=ORIENTED_EDGE('',*,*,#2008,.T.);
#2022=ORIENTED_EDGE('',*,*,#2021,.F.);
#2024=ORIENTED_EDGE('',*,*,#2023,.T.);
#2026=ORIENTED_EDGE('',*,*,#2025,.T.);
#2027=EDGE_LOOP('',(#2020,#2022,#2024,#2026));
#2028=FACE_OUTER_BOUND('',#2027,.F.);
#2029=ADVANCED_FACE('',(#2028),#2019,.T.);
#2030=CARTESIAN_POINT('',(6.455756973062E0,3.298757550160E0,2.685107354927E1));
#2031=DIRECTION('',(1.E0,0.E0,0.E0));
#2032=DIRECTION('',(0.E0,-9.242245927363E-1,-3.818493186866E-1));
#2033=AXIS2_PLACEMENT_3D('',#2030,#2031,#2032);
#2034=CYLINDRICAL_SURFACE('',#2033,6.55E0);
#2035=ORIENTED_EDGE('',*,*,#2025,.F.);
#2037=ORIENTED_EDGE('',*,*,#2036,.T.);
#2038=ORIENTED_EDGE('',*,*,#2021,.T.);
#2039=ORIENTED_EDGE('',*,*,#2010,.T.);
#2040=EDGE_LOOP('',(#2035,#2037,#2038,#2039));
#2041=FACE_OUTER_BOUND('',#2040,.F.);
#2042=ADVANCED_FACE('',(#2041),#2034,.T.);
#2043=CARTESIAN_POINT('',(-1.319839718918E1,9.352428632583E0,2.935218658667E1));
#2044=DIRECTION('',(-1.E0,0.E0,0.E0));
#2045=DIRECTION('',(0.E0,9.242245927363E-1,3.818493186866E-1));
#2046=AXIS2_PLACEMENT_3D('',#2043,#2044,#2045);
#2047=PLANE('',#2046);
#2048=ORIENTED_EDGE('',*,*,#2023,.F.);
#2049=ORIENTED_EDGE('',*,*,#2036,.F.);
#2050=EDGE_LOOP('',(#2048,#2049));
#2051=FACE_OUTER_BOUND('',#2050,.F.);
#2053=ORIENTED_EDGE('',*,*,#2052,.F.);
#2054=ORIENTED_EDGE('',*,*,#1081,.F.);
#2055=EDGE_LOOP('',(#2053,#2054));
#2056=FACE_BOUND('',#2055,.F.);
#2057=ADVANCED_FACE('',(#2051,#2056),#2047,.F.);
#2058=CARTESIAN_POINT('',(6.455756973062E0,3.298757550160E0,2.685107354927E1));
#2059=DIRECTION('',(1.E0,0.E0,0.E0));
#2060=DIRECTION('',(0.E0,-9.242245927363E-1,-3.818493186866E-1));
#2061=AXIS2_PLACEMENT_3D('',#2058,#2059,#2060);
#2062=CYLINDRICAL_SURFACE('',#2061,6.35E0);
#2063=ORIENTED_EDGE('',*,*,#1083,.F.);
#2064=ORIENTED_EDGE('',*,*,#2052,.T.);
#2065=ORIENTED_EDGE('',*,*,#1079,.T.);
#2066=ORIENTED_EDGE('',*,*,#1099,.T.);
#2067=EDGE_LOOP('',(#2063,#2064,#2065,#2066));
#2068=FACE_OUTER_BOUND('',#2067,.F.);
#2069=ADVANCED_FACE('',(#2068),#2062,.F.);
#2070=CARTESIAN_POINT('',(-2.705255135141E1,3.298757550160E0,2.685107354927E1));
#2071=DIRECTION('',(-1.E0,0.E0,0.E0));
#2072=DIRECTION('',(0.E0,0.E0,1.E0));
#2073=AXIS2_PLACEMENT_3D('',#2070,#2071,#2072);
#2074=CYLINDRICAL_SURFACE('',#2073,6.55E0);
#2075=ORIENTED_EDGE('',*,*,#1799,.F.);
#2076=ORIENTED_EDGE('',*,*,#1780,.T.);
#2077=ORIENTED_EDGE('',*,*,#1796,.T.);
#2078=ORIENTED_EDGE('',*,*,#1816,.T.);
#2079=EDGE_LOOP('',(#2075,#2076,#2077,#2078));
#2080=FACE_OUTER_BOUND('',#2079,.F.);
#2081=ADVANCED_FACE('',(#2080),#2074,.T.);
#2082=CARTESIAN_POINT('',(-7.148397189176E0,3.298757550160E0,2.685107354927E1));
#2083=DIRECTION('',(-1.E0,0.E0,0.E0));
#2084=DIRECTION('',(0.E0,0.E0,1.E0));
#2085=AXIS2_PLACEMENT_3D('',#2082,#2083,#2084);
#2086=TOROIDAL_SURFACE('',#2085,9.1E0,4.E-1);
#2087=ORIENTED_EDGE('',*,*,#1607,.F.);
#2088=ORIENTED_EDGE('',*,*,#1577,.F.);
#2089=ORIENTED_EDGE('',*,*,#1604,.T.);
#2090=ORIENTED_EDGE('',*,*,#1624,.T.);
#2091=EDGE_LOOP('',(#2087,#2088,#2089,#2090));
#2092=FACE_OUTER_BOUND('',#2091,.F.);
#2093=ADVANCED_FACE('',(#2092),#2086,.T.);
#2094=CARTESIAN_POINT('',(-1.332093350836E1,3.298757550160E0,2.685107354927E1));
#2095=DIRECTION('',(1.E0,0.E0,0.E0));
#2096=DIRECTION('',(0.E0,0.E0,-1.E0));
#2097=AXIS2_PLACEMENT_3D('',#2094,#2095,#2096);
#2098=CONICAL_SURFACE('',#2097,9.675E0,5.5E1);
#2099=ORIENTED_EDGE('',*,*,#1319,.F.);
#2100=ORIENTED_EDGE('',*,*,#1288,.F.);
#2101=ORIENTED_EDGE('',*,*,#1316,.T.);
#2102=ORIENTED_EDGE('',*,*,#1348,.F.);
#2103=EDGE_LOOP('',(#2099,#2100,#2101,#2102));
#2104=FACE_OUTER_BOUND('',#2103,.F.);
#2105=ADVANCED_FACE('',(#2104),#2098,.F.);
#2106=CARTESIAN_POINT('',(6.455756973062E0,3.298757550160E0,2.685107354927E1));
#2107=DIRECTION('',(1.E0,0.E0,0.E0));
#2108=DIRECTION('',(0.E0,-9.242245927363E-1,-3.818493186866E-1));
#2109=AXIS2_PLACEMENT_3D('',#2106,#2107,#2108);
#2110=CYLINDRICAL_SURFACE('',#2109,9.5E0);
#2111=ORIENTED_EDGE('',*,*,#1276,.T.);
#2112=ORIENTED_EDGE('',*,*,#1259,.T.);
#2113=ORIENTED_EDGE('',*,*,#1229,.T.);
#2114=ORIENTED_EDGE('',*,*,#1256,.F.);
#2115=EDGE_LOOP('',(#2111,#2112,#2113,#2114));
#2116=FACE_OUTER_BOUND('',#2115,.F.);
#2117=ADVANCED_FACE('',(#2116),#2110,.T.);
#2118=CLOSED_SHELL('',(#1087,#1104,#1119,#1132,#1148,#1163,#1176,#1191,#1208,
#1220,#1235,#1248,#1263,#1280,#1295,#1308,#1323,#1338,#1352,#1368,#1383,#1396,
#1411,#1426,#1443,#1456,#1468,#1483,#1496,#1511,#1524,#1539,#1552,#1568,#1583,
#1596,#1611,#1628,#1643,#1656,#1671,#1684,#1700,#1715,#1732,#1744,#1759,#1772,
#1788,#1803,#1820,#1835,#1848,#1864,#1879,#1892,#1911,#1926,#1941,#1958,#1970,
#1985,#1998,#2014,#2029,#2042,#2057,#2069,#2081,#2093,#2105,#2117));
#2119=MANIFOLD_SOLID_BREP('',#2118);
#2120=CARTESIAN_POINT('',(-7.098397189176E0,3.298757550160E0,2.685107354927E1));
#2121=DIRECTION('',(-1.E0,0.E0,0.E0));
#2122=DIRECTION('',(0.E0,0.E0,1.E0));
#2123=AXIS2_PLACEMENT_3D('',#2120,#2121,#2122);
#2125=CARTESIAN_POINT('',(-7.098397189176E0,3.298757550160E0,3.165107354927E1));
#2126=DIRECTION('',(0.E0,1.E0,0.E0));
#2127=DIRECTION('',(1.E0,0.E0,0.E0));
#2128=AXIS2_PLACEMENT_3D('',#2125,#2126,#2127);
#2130=DIRECTION('',(1.E0,0.E0,0.E0));
#2131=VECTOR('',#2130,6.4E0);
#2132=CARTESIAN_POINT('',(-1.349839718918E1,3.298757550160E0,2.235107354927E1));
#2133=LINE('',#2132,#2131);
#2134=DIRECTION('',(1.E0,0.E0,0.E0));
#2135=VECTOR('',#2134,6.4E0);
#2136=CARTESIAN_POINT('',(-1.349839718918E1,3.298757550160E0,3.135107354927E1));
#2137=LINE('',#2136,#2135);
#2138=CARTESIAN_POINT('',(-7.098397189176E0,3.298757550160E0,2.205107354927E1));
#2139=DIRECTION('',(0.E0,-1.E0,0.E0));
#2140=DIRECTION('',(1.E0,0.E0,0.E0));
#2141=AXIS2_PLACEMENT_3D('',#2138,#2139,#2140);
#2143=CARTESIAN_POINT('',(-7.098397189176E0,3.298757550160E0,2.685107354927E1));
#2144=DIRECTION('',(-1.E0,0.E0,0.E0));
#2145=DIRECTION('',(0.E0,0.E0,-1.E0));
#2146=AXIS2_PLACEMENT_3D('',#2143,#2144,#2145);
#2148=CARTESIAN_POINT('',(-6.798397189176E0,3.298757550160E0,2.685107354927E1));
#2149=DIRECTION('',(1.E0,0.E0,0.E0));
#2150=DIRECTION('',(0.E0,0.E0,1.E0));
#2151=AXIS2_PLACEMENT_3D('',#2148,#2149,#2150);
#2153=CARTESIAN_POINT('',(-6.798397189176E0,3.298757550160E0,2.685107354927E1));
#2154=DIRECTION('',(1.E0,0.E0,0.E0));
#2155=DIRECTION('',(0.E0,0.E0,-1.E0));
#2156=AXIS2_PLACEMENT_3D('',#2153,#2154,#2155);
#2158=CARTESIAN_POINT('',(-6.798397189176E0,3.298757550160E0,2.685107354927E1));
#2159=DIRECTION('',(-1.E0,0.E0,0.E0));
#2160=DIRECTION('',(0.E0,0.E0,1.E0));
#2161=AXIS2_PLACEMENT_3D('',#2158,#2159,#2160);
#2163=CARTESIAN_POINT('',(-6.798397189176E0,3.298757550160E0,2.685107354927E1));
#2164=DIRECTION('',(-1.E0,0.E0,0.E0));
#2165=DIRECTION('',(0.E0,0.E0,-1.E0));
#2166=AXIS2_PLACEMENT_3D('',#2163,#2164,#2165);
#2168=CARTESIAN_POINT('',(-6.898397189176E0,3.298757550160E0,2.075107354927E1));
#2169=DIRECTION('',(0.E0,-1.E0,0.E0));
#2170=DIRECTION('',(0.E0,0.E0,-1.E0));
#2171=AXIS2_PLACEMENT_3D('',#2168,#2169,#2170);
#2173=CARTESIAN_POINT('',(-6.898397189176E0,3.298757550160E0,2.685107354927E1));
#2174=DIRECTION('',(1.E0,0.E0,0.E0));
#2175=DIRECTION('',(0.E0,0.E0,1.E0));
#2176=AXIS2_PLACEMENT_3D('',#2173,#2174,#2175);
#2178=CARTESIAN_POINT('',(-6.898397189176E0,3.298757550160E0,3.295107354927E1));
#2179=DIRECTION('',(0.E0,1.E0,0.E0));
#2180=DIRECTION('',(0.E0,0.E0,1.E0));
#2181=AXIS2_PLACEMENT_3D('',#2178,#2179,#2180);
#2183=CARTESIAN_POINT('',(-6.898397189176E0,3.298757550160E0,2.685107354927E1));
#2184=DIRECTION('',(1.E0,0.E0,0.E0));
#2185=DIRECTION('',(0.E0,0.E0,-1.E0));
#2186=AXIS2_PLACEMENT_3D('',#2183,#2184,#2185);
#2188=DIRECTION('',(1.E0,0.E0,0.E0));
#2189=VECTOR('',#2188,1.825033392233E0);
#2190=CARTESIAN_POINT('',(-8.723430581409E0,3.298757550160E0,3.305107354927E1));
#2191=LINE('',#2190,#2189);
#2192=DIRECTION('',(1.E0,0.E0,0.E0));
#2193=VECTOR('',#2192,1.825033392233E0);
#2194=CARTESIAN_POINT('',(-8.723430581409E0,3.298757550160E0,2.065107354927E1));
#2195=LINE('',#2194,#2193);
#2196=CARTESIAN_POINT('',(-1.024796977408E1,3.298757550160E0,2.685107354927E1));
#2197=DIRECTION('',(1.E0,0.E0,0.E0));
#2198=DIRECTION('',(0.E0,0.E0,1.E0));
#2199=AXIS2_PLACEMENT_3D('',#2196,#2197,#2198);
#2201=CARTESIAN_POINT('',(-1.024796977408E1,3.298757550160E0,3.440657354927E1));
#2202=DIRECTION('',(0.E0,1.E0,0.E0));
#2203=DIRECTION('',(7.473231336639E-1,0.E0,-6.644607843137E-1));
#2204=AXIS2_PLACEMENT_3D('',#2201,#2202,#2203);
#2206=CARTESIAN_POINT('',(-8.723430581409E0,3.298757550160E0,2.685107354927E1));
#2207=DIRECTION('',(-1.E0,0.E0,0.E0));
#2208=DIRECTION('',(0.E0,0.E0,-1.E0));
#2209=AXIS2_PLACEMENT_3D('',#2206,#2207,#2208);
#2211=CARTESIAN_POINT('',(-1.177250896676E1,3.298757550160E0,2.685107354927E1));
#2212=DIRECTION('',(1.E0,0.E0,0.E0));
#2213=DIRECTION('',(0.E0,0.E0,1.E0));
#2214=AXIS2_PLACEMENT_3D('',#2211,#2212,#2213);
#2216=CARTESIAN_POINT('',(-1.024796977408E1,3.298757550160E0,3.440657354927E1));
#2217=DIRECTION('',(0.E0,1.E0,0.E0));
#2218=DIRECTION('',(0.E0,0.E0,-1.E0));
#2219=AXIS2_PLACEMENT_3D('',#2216,#2217,#2218);
#2221=CARTESIAN_POINT('',(-1.177250896676E1,3.298757550160E0,2.685107354927E1));
#2222=DIRECTION('',(1.E0,0.E0,0.E0));
#2223=DIRECTION('',(0.E0,0.E0,-1.E0));
#2224=AXIS2_PLACEMENT_3D('',#2221,#2222,#2223);
#2226=CARTESIAN_POINT('',(-1.024796977408E1,3.298757550160E0,1.929557354927E1));
#2227=DIRECTION('',(0.E0,-1.E0,0.E0));
#2228=DIRECTION('',(0.E0,0.E0,1.E0));
#2229=AXIS2_PLACEMENT_3D('',#2226,#2227,#2228);
#2231=DIRECTION('',(1.E0,0.E0,0.E0));
#2232=VECTOR('',#2231,1.925888222418E0);
#2233=CARTESIAN_POINT('',(-1.369839718918E1,3.298757550160E0,3.305107354927E1));
#2234=LINE('',#2233,#2232);
#2235=DIRECTION('',(1.E0,0.E0,0.E0));
#2236=VECTOR('',#2235,1.925888222418E0);
#2237=CARTESIAN_POINT('',(-1.369839718918E1,3.298757550160E0,2.065107354927E1));
#2238=LINE('',#2237,#2236);
#2239=CARTESIAN_POINT('',(-1.369839718918E1,3.298757550160E0,3.295107354927E1));
#2240=DIRECTION('',(0.E0,-1.E0,0.E0));
#2241=DIRECTION('',(0.E0,0.E0,1.E0));
#2242=AXIS2_PLACEMENT_3D('',#2239,#2240,#2241);
#2244=CARTESIAN_POINT('',(-1.369839718918E1,3.298757550160E0,2.685107354927E1));
#2245=DIRECTION('',(-1.E0,0.E0,0.E0));
#2246=DIRECTION('',(0.E0,0.E0,-1.E0));
#2247=AXIS2_PLACEMENT_3D('',#2244,#2245,#2246);
#2249=CARTESIAN_POINT('',(-1.369839718918E1,3.298757550160E0,2.075107354927E1));
#2250=DIRECTION('',(0.E0,1.E0,0.E0));
#2251=DIRECTION('',(0.E0,0.E0,-1.E0));
#2252=AXIS2_PLACEMENT_3D('',#2249,#2250,#2251);
#2254=CARTESIAN_POINT('',(-1.369839718918E1,3.298757550160E0,2.685107354927E1));
#2255=DIRECTION('',(-1.E0,0.E0,0.E0));
#2256=DIRECTION('',(0.E0,0.E0,1.E0));
#2257=AXIS2_PLACEMENT_3D('',#2254,#2255,#2256);
#2259=CARTESIAN_POINT('',(-1.379839718918E1,3.298757550160E0,2.685107354927E1));
#2260=DIRECTION('',(-1.E0,0.E0,0.E0));
#2261=DIRECTION('',(0.E0,0.E0,-1.E0));
#2262=AXIS2_PLACEMENT_3D('',#2259,#2260,#2261);
#2264=CARTESIAN_POINT('',(-1.379839718918E1,3.298757550160E0,2.685107354927E1));
#2265=DIRECTION('',(-1.E0,0.E0,0.E0));
#2266=DIRECTION('',(0.E0,0.E0,1.E0));
#2267=AXIS2_PLACEMENT_3D('',#2264,#2265,#2266);
#2269=CARTESIAN_POINT('',(-1.379839718918E1,3.298757550160E0,2.685107354927E1));
#2270=DIRECTION('',(1.E0,0.E0,0.E0));
#2271=DIRECTION('',(0.E0,0.E0,-1.E0));
#2272=AXIS2_PLACEMENT_3D('',#2269,#2270,#2271);
#2274=CARTESIAN_POINT('',(-1.379839718918E1,3.298757550160E0,2.685107354927E1));
#2275=DIRECTION('',(1.E0,0.E0,0.E0));
#2276=DIRECTION('',(0.E0,0.E0,1.E0));
#2277=AXIS2_PLACEMENT_3D('',#2274,#2275,#2276);
#2279=CARTESIAN_POINT('',(-1.349839718918E1,3.298757550160E0,2.685107354927E1));
#2280=DIRECTION('',(1.E0,0.E0,0.E0));
#2281=DIRECTION('',(0.E0,0.E0,-1.E0));
#2282=AXIS2_PLACEMENT_3D('',#2279,#2280,#2281);
#2284=CARTESIAN_POINT('',(-1.349839718918E1,3.298757550160E0,2.205107354927E1));
#2285=DIRECTION('',(0.E0,1.E0,0.E0));
#2286=DIRECTION('',(-1.E0,0.E0,0.E0));
#2287=AXIS2_PLACEMENT_3D('',#2284,#2285,#2286);
#2289=CARTESIAN_POINT('',(-1.349839718918E1,3.298757550160E0,3.165107354927E1));
#2290=DIRECTION('',(0.E0,-1.E0,0.E0));
#2291=DIRECTION('',(-1.E0,0.E0,0.E0));
#2292=AXIS2_PLACEMENT_3D('',#2289,#2290,#2291);
#2294=CARTESIAN_POINT('',(-1.349839718918E1,3.298757550160E0,2.685107354927E1));
#2295=DIRECTION('',(1.E0,0.E0,0.E0));
#2296=DIRECTION('',(0.E0,0.E0,1.E0));
#2297=AXIS2_PLACEMENT_3D('',#2294,#2295,#2296);
#2299=CARTESIAN_POINT('',(-1.024796977408E1,3.298757550160E0,2.685107354927E1));
#2300=DIRECTION('',(1.E0,0.E0,0.E0));
#2301=DIRECTION('',(0.E0,0.E0,-1.E0));
#2302=AXIS2_PLACEMENT_3D('',#2299,#2300,#2301);
#2304=CARTESIAN_POINT('',(-1.024796977408E1,3.298757550160E0,1.929557354927E1));
#2305=DIRECTION('',(0.E0,-1.E0,0.E0));
#2306=DIRECTION('',(7.473231336639E-1,0.E0,6.644607843137E-1));
#2307=AXIS2_PLACEMENT_3D('',#2304,#2305,#2306);
#2309=CARTESIAN_POINT('',(-8.723430581409E0,3.298757550160E0,2.685107354927E1));
#2310=DIRECTION('',(-1.E0,0.E0,0.E0));
#2311=DIRECTION('',(0.E0,0.E0,1.E0));
#2312=AXIS2_PLACEMENT_3D('',#2309,#2310,#2311);
#2314=CARTESIAN_POINT('',(-1.379839718918E1,3.298757550160E0,2.205107354927E1));
#2315=CARTESIAN_POINT('',(-1.349839718918E1,3.298757550160E0,2.235107354927E1));
#2316=VERTEX_POINT('',#2314);
#2317=VERTEX_POINT('',#2315);
#2318=CARTESIAN_POINT('',(-1.379839718918E1,3.298757550160E0,3.295107354927E1));
#2319=CARTESIAN_POINT('',(-1.379839718918E1,3.298757550160E0,2.075107354927E1));
#2320=VERTEX_POINT('',#2318);
#2321=VERTEX_POINT('',#2319);
#2322=CARTESIAN_POINT('',(-1.369839718918E1,3.298757550160E0,3.305107354927E1));
#2323=CARTESIAN_POINT('',(-1.177250896676E1,3.298757550160E0,3.305107354927E1));
#2324=VERTEX_POINT('',#2322);
#2325=VERTEX_POINT('',#2323);
#2326=CARTESIAN_POINT('',(-1.024796977408E1,3.298757550160E0,2.133557354927E1));
#2327=CARTESIAN_POINT('',(-1.177250896676E1,3.298757550160E0,2.065107354927E1));
#2328=VERTEX_POINT('',#2326);
#2329=VERTEX_POINT('',#2327);
#2330=CARTESIAN_POINT('',(-6.798397189176E0,3.298757550160E0,2.205107354927E1));
#2331=CARTESIAN_POINT('',(-6.798397189176E0,3.298757550160E0,3.165107354927E1));
#2332=VERTEX_POINT('',#2330);
#2333=VERTEX_POINT('',#2331);
#2334=CARTESIAN_POINT('',(-1.349839718918E1,3.298757550160E0,3.135107354927E1));
#2335=CARTESIAN_POINT('',(-7.098397189176E0,3.298757550160E0,3.135107354927E1));
#2336=VERTEX_POINT('',#2334);
#2337=VERTEX_POINT('',#2335);
#2338=CARTESIAN_POINT('',(-8.723430581409E0,3.298757550160E0,3.305107354927E1));
#2339=CARTESIAN_POINT('',(-1.024796977408E1,3.298757550160E0,3.236657354927E1));
#2340=VERTEX_POINT('',#2338);
#2341=VERTEX_POINT('',#2339);
#2342=CARTESIAN_POINT('',(-7.098397189176E0,3.298757550160E0,2.235107354927E1));
#2343=VERTEX_POINT('',#2342);
#2344=CARTESIAN_POINT('',(-6.798397189176E0,3.298757550160E0,3.295107354927E1));
#2345=CARTESIAN_POINT('',(-6.798397189176E0,3.298757550160E0,2.075107354927E1));
#2346=VERTEX_POINT('',#2344);
#2347=VERTEX_POINT('',#2345);
#2348=CARTESIAN_POINT('',(-8.723430581409E0,3.298757550160E0,2.065107354927E1));
#2349=VERTEX_POINT('',#2348);
#2350=CARTESIAN_POINT('',(-6.898397189176E0,3.298757550160E0,2.065107354927E1));
#2351=VERTEX_POINT('',#2350);
#2352=CARTESIAN_POINT('',(-1.379839718918E1,3.298757550160E0,3.165107354927E1));
#2353=VERTEX_POINT('',#2352);
#2354=CARTESIAN_POINT('',(-6.898397189176E0,3.298757550160E0,3.305107354927E1));
#2355=VERTEX_POINT('',#2354);
#2356=CARTESIAN_POINT('',(-1.369839718918E1,3.298757550160E0,2.065107354927E1));
#2357=VERTEX_POINT('',#2356);
#2358=CARTESIAN_POINT('',(-7.098397189176E0,3.298757550160E0,2.685107354927E1));
#2359=DIRECTION('',(-1.E0,0.E0,0.E0));
#2360=DIRECTION('',(0.E0,0.E0,1.E0));
#2361=AXIS2_PLACEMENT_3D('',#2358,#2359,#2360);
#2362=TOROIDAL_SURFACE('',#2361,4.8E0,3.E-1);
#2364=ORIENTED_EDGE('',*,*,#2363,.F.);
#2366=ORIENTED_EDGE('',*,*,#2365,.F.);
#2368=ORIENTED_EDGE('',*,*,#2367,.T.);
#2370=ORIENTED_EDGE('',*,*,#2369,.T.);
#2371=EDGE_LOOP('',(#2364,#2366,#2368,#2370));
#2372=FACE_OUTER_BOUND('',#2371,.F.);
#2373=ADVANCED_FACE('',(#2372),#2362,.T.);
#2374=CARTESIAN_POINT('',(-2.978440011424E1,3.298757550160E0,2.685107354927E1));
#2375=DIRECTION('',(-1.E0,0.E0,0.E0));
#2376=DIRECTION('',(0.E0,0.E0,1.E0));
#2377=AXIS2_PLACEMENT_3D('',#2374,#2375,#2376);
#2378=CYLINDRICAL_SURFACE('',#2377,4.5E0);
#2380=ORIENTED_EDGE('',*,*,#2379,.F.);
#2382=ORIENTED_EDGE('',*,*,#2381,.T.);
#2384=ORIENTED_EDGE('',*,*,#2383,.T.);
#2385=ORIENTED_EDGE('',*,*,#2363,.T.);
#2386=EDGE_LOOP('',(#2380,#2382,#2384,#2385));
#2387=FACE_OUTER_BOUND('',#2386,.F.);
#2388=ADVANCED_FACE('',(#2387),#2378,.F.);
#2389=CARTESIAN_POINT('',(-2.978440011424E1,3.298757550160E0,2.685107354927E1));
#2390=DIRECTION('',(-1.E0,0.E0,0.E0));
#2391=DIRECTION('',(0.E0,0.E0,1.E0));
#2392=AXIS2_PLACEMENT_3D('',#2389,#2390,#2391);
#2393=CYLINDRICAL_SURFACE('',#2392,4.5E0);
#2395=ORIENTED_EDGE('',*,*,#2394,.T.);
#2396=ORIENTED_EDGE('',*,*,#2383,.F.);
#2398=ORIENTED_EDGE('',*,*,#2397,.T.);
#2399=ORIENTED_EDGE('',*,*,#2379,.T.);
#2400=EDGE_LOOP('',(#2395,#2396,#2398,#2399));
#2401=FACE_OUTER_BOUND('',#2400,.F.);
#2402=ADVANCED_FACE('',(#2401),#2393,.F.);
#2403=CARTESIAN_POINT('',(-7.098397189176E0,3.298757550160E0,2.685107354927E1));
#2404=DIRECTION('',(-1.E0,0.E0,0.E0));
#2405=DIRECTION('',(0.E0,0.E0,1.E0));
#2406=AXIS2_PLACEMENT_3D('',#2403,#2404,#2405);
#2407=TOROIDAL_SURFACE('',#2406,4.8E0,3.E-1);
#2408=ORIENTED_EDGE('',*,*,#2369,.F.);
#2410=ORIENTED_EDGE('',*,*,#2409,.T.);
#2411=ORIENTED_EDGE('',*,*,#2365,.T.);
#2412=ORIENTED_EDGE('',*,*,#2394,.F.);
#2413=EDGE_LOOP('',(#2408,#2410,#2411,#2412));
#2414=FACE_OUTER_BOUND('',#2413,.F.);
#2415=ADVANCED_FACE('',(#2414),#2407,.T.);
#2416=CARTESIAN_POINT('',(-6.798397189176E0,3.298757550160E0,2.235107354927E1));
#2417=DIRECTION('',(-1.E0,0.E0,0.E0));
#2418=DIRECTION('',(0.E0,0.E0,1.E0));
#2419=AXIS2_PLACEMENT_3D('',#2416,#2417,#2418);
#2420=PLANE('',#2419);
#2422=ORIENTED_EDGE('',*,*,#2421,.F.);
#2424=ORIENTED_EDGE('',*,*,#2423,.F.);
#2425=EDGE_LOOP('',(#2422,#2424));
#2426=FACE_OUTER_BOUND('',#2425,.F.);
#2427=ORIENTED_EDGE('',*,*,#2367,.F.);
#2428=ORIENTED_EDGE('',*,*,#2409,.F.);
#2429=EDGE_LOOP('',(#2427,#2428));
#2430=FACE_BOUND('',#2429,.F.);
#2431=ADVANCED_FACE('',(#2426,#2430),#2420,.F.);
#2432=CARTESIAN_POINT('',(-6.898397189176E0,3.298757550160E0,2.685107354927E1));
#2433=DIRECTION('',(-1.E0,0.E0,0.E0));
#2434=DIRECTION('',(0.E0,0.E0,1.E0));
#2435=AXIS2_PLACEMENT_3D('',#2432,#2433,#2434);
#2436=TOROIDAL_SURFACE('',#2435,6.1E0,1.E-1);
#2438=ORIENTED_EDGE('',*,*,#2437,.F.);
#2440=ORIENTED_EDGE('',*,*,#2439,.F.);
#2442=ORIENTED_EDGE('',*,*,#2441,.T.);
#2443=ORIENTED_EDGE('',*,*,#2421,.T.);
#2444=EDGE_LOOP('',(#2438,#2440,#2442,#2443));
#2445=FACE_OUTER_BOUND('',#2444,.F.);
#2446=ADVANCED_FACE('',(#2445),#2436,.T.);
#2447=CARTESIAN_POINT('',(-6.898397189176E0,3.298757550160E0,2.685107354927E1));
#2448=DIRECTION('',(-1.E0,0.E0,0.E0));
#2449=DIRECTION('',(0.E0,0.E0,1.E0));
#2450=AXIS2_PLACEMENT_3D('',#2447,#2448,#2449);
#2451=TOROIDAL_SURFACE('',#2450,6.1E0,1.E-1);
#2452=ORIENTED_EDGE('',*,*,#2423,.T.);
#2453=ORIENTED_EDGE('',*,*,#2441,.F.);
#2455=ORIENTED_EDGE('',*,*,#2454,.F.);
#2456=ORIENTED_EDGE('',*,*,#2437,.T.);
#2457=EDGE_LOOP('',(#2452,#2453,#2455,#2456));
#2458=FACE_OUTER_BOUND('',#2457,.F.);
#2459=ADVANCED_FACE('',(#2458),#2451,.T.);
#2460=CARTESIAN_POINT('',(-2.978440011424E1,3.298757550160E0,2.685107354927E1));
#2461=DIRECTION('',(-1.E0,0.E0,0.E0));
#2462=DIRECTION('',(0.E0,0.E0,1.E0));
#2463=AXIS2_PLACEMENT_3D('',#2460,#2461,#2462);
#2464=CYLINDRICAL_SURFACE('',#2463,6.2E0);
#2465=ORIENTED_EDGE('',*,*,#2454,.T.);
#2467=ORIENTED_EDGE('',*,*,#2466,.F.);
#2469=ORIENTED_EDGE('',*,*,#2468,.T.);
#2471=ORIENTED_EDGE('',*,*,#2470,.T.);
#2472=EDGE_LOOP('',(#2465,#2467,#2469,#2471));
#2473=FACE_OUTER_BOUND('',#2472,.F.);
#2474=ADVANCED_FACE('',(#2473),#2464,.T.);
#2475=CARTESIAN_POINT('',(-2.978440011424E1,3.298757550160E0,2.685107354927E1));
#2476=DIRECTION('',(-1.E0,0.E0,0.E0));
#2477=DIRECTION('',(0.E0,0.E0,1.E0));
#2478=AXIS2_PLACEMENT_3D('',#2475,#2476,#2477);
#2479=CYLINDRICAL_SURFACE('',#2478,6.2E0);
#2480=ORIENTED_EDGE('',*,*,#2470,.F.);
#2482=ORIENTED_EDGE('',*,*,#2481,.T.);
#2483=ORIENTED_EDGE('',*,*,#2466,.T.);
#2484=ORIENTED_EDGE('',*,*,#2439,.T.);
#2485=EDGE_LOOP('',(#2480,#2482,#2483,#2484));
#2486=FACE_OUTER_BOUND('',#2485,.F.);
#2487=ADVANCED_FACE('',(#2486),#2479,.T.);
#2488=CARTESIAN_POINT('',(-1.024796977408E1,3.298757550160E0,2.685107354927E1));
#2489=DIRECTION('',(-1.E0,0.E0,0.E0));
#2490=DIRECTION('',(0.E0,0.E0,1.E0));
#2491=AXIS2_PLACEMENT_3D('',#2488,#2489,#2490);
#2492=TOROIDAL_SURFACE('',#2491,7.5555E0,2.04E0);
#2494=ORIENTED_EDGE('',*,*,#2493,.F.);
#2496=ORIENTED_EDGE('',*,*,#2495,.F.);
#2497=ORIENTED_EDGE('',*,*,#2481,.F.);
#2499=ORIENTED_EDGE('',*,*,#2498,.T.);
#2500=EDGE_LOOP('',(#2494,#2496,#2497,#2499));
#2501=FACE_OUTER_BOUND('',#2500,.F.);
#2502=ADVANCED_FACE('',(#2501),#2492,.F.);
#2503=CARTESIAN_POINT('',(-1.024796977408E1,3.298757550160E0,2.685107354927E1));
#2504=DIRECTION('',(-1.E0,0.E0,0.E0));
#2505=DIRECTION('',(0.E0,0.E0,1.E0));
#2506=AXIS2_PLACEMENT_3D('',#2503,#2504,#2505);
#2507=TOROIDAL_SURFACE('',#2506,7.5555E0,2.04E0);
#2509=ORIENTED_EDGE('',*,*,#2508,.T.);
#2511=ORIENTED_EDGE('',*,*,#2510,.F.);
#2513=ORIENTED_EDGE('',*,*,#2512,.F.);
#2514=ORIENTED_EDGE('',*,*,#2493,.T.);
#2515=EDGE_LOOP('',(#2509,#2511,#2513,#2514));
#2516=FACE_OUTER_BOUND('',#2515,.F.);
#2517=ADVANCED_FACE('',(#2516),#2507,.F.);
#2518=CARTESIAN_POINT('',(-1.024796977408E1,3.298757550160E0,2.685107354927E1));
#2519=DIRECTION('',(-1.E0,0.E0,0.E0));
#2520=DIRECTION('',(0.E0,0.E0,1.E0));
#2521=AXIS2_PLACEMENT_3D('',#2518,#2519,#2520);
#2522=TOROIDAL_SURFACE('',#2521,7.5555E0,2.04E0);
#2523=ORIENTED_EDGE('',*,*,#2512,.T.);
#2525=ORIENTED_EDGE('',*,*,#2524,.F.);
#2526=ORIENTED_EDGE('',*,*,#2508,.F.);
#2528=ORIENTED_EDGE('',*,*,#2527,.T.);
#2529=EDGE_LOOP('',(#2523,#2525,#2526,#2528));
#2530=FACE_OUTER_BOUND('',#2529,.F.);
#2531=ADVANCED_FACE('',(#2530),#2522,.F.);
#2532=CARTESIAN_POINT('',(-2.978440011424E1,3.298757550160E0,2.685107354927E1));
#2533=DIRECTION('',(-1.E0,0.E0,0.E0));
#2534=DIRECTION('',(0.E0,0.E0,1.E0));
#2535=AXIS2_PLACEMENT_3D('',#2532,#2533,#2534);
#2536=CYLINDRICAL_SURFACE('',#2535,6.2E0);
#2537=ORIENTED_EDGE('',*,*,#2524,.T.);
#2539=ORIENTED_EDGE('',*,*,#2538,.F.);
#2541=ORIENTED_EDGE('',*,*,#2540,.T.);
#2543=ORIENTED_EDGE('',*,*,#2542,.T.);
#2544=EDGE_LOOP('',(#2537,#2539,#2541,#2543));
#2545=FACE_OUTER_BOUND('',#2544,.F.);
#2546=ADVANCED_FACE('',(#2545),#2536,.T.);
#2547=CARTESIAN_POINT('',(-2.978440011424E1,3.298757550160E0,2.685107354927E1));
#2548=DIRECTION('',(-1.E0,0.E0,0.E0));
#2549=DIRECTION('',(0.E0,0.E0,1.E0));
#2550=AXIS2_PLACEMENT_3D('',#2547,#2548,#2549);
#2551=CYLINDRICAL_SURFACE('',#2550,6.2E0);
#2552=ORIENTED_EDGE('',*,*,#2542,.F.);
#2554=ORIENTED_EDGE('',*,*,#2553,.T.);
#2555=ORIENTED_EDGE('',*,*,#2538,.T.);
#2556=ORIENTED_EDGE('',*,*,#2510,.T.);
#2557=EDGE_LOOP('',(#2552,#2554,#2555,#2556));
#2558=FACE_OUTER_BOUND('',#2557,.F.);
#2559=ADVANCED_FACE('',(#2558),#2551,.T.);
#2560=CARTESIAN_POINT('',(-1.369839718918E1,3.298757550160E0,2.685107354927E1));
#2561=DIRECTION('',(1.E0,0.E0,0.E0));
#2562=DIRECTION('',(0.E0,0.E0,-1.E0));
#2563=AXIS2_PLACEMENT_3D('',#2560,#2561,#2562);
#2564=TOROIDAL_SURFACE('',#2563,6.1E0,1.E-1);
#2566=ORIENTED_EDGE('',*,*,#2565,.F.);
#2567=ORIENTED_EDGE('',*,*,#2553,.F.);
#2569=ORIENTED_EDGE('',*,*,#2568,.T.);
#2571=ORIENTED_EDGE('',*,*,#2570,.T.);
#2572=EDGE_LOOP('',(#2566,#2567,#2569,#2571));
#2573=FACE_OUTER_BOUND('',#2572,.F.);
#2574=ADVANCED_FACE('',(#2573),#2564,.T.);
#2575=CARTESIAN_POINT('',(-1.369839718918E1,3.298757550160E0,2.685107354927E1));
#2576=DIRECTION('',(1.E0,0.E0,0.E0));
#2577=DIRECTION('',(0.E0,0.E0,-1.E0));
#2578=AXIS2_PLACEMENT_3D('',#2575,#2576,#2577);
#2579=TOROIDAL_SURFACE('',#2578,6.1E0,1.E-1);
#2581=ORIENTED_EDGE('',*,*,#2580,.T.);
#2582=ORIENTED_EDGE('',*,*,#2568,.F.);
#2583=ORIENTED_EDGE('',*,*,#2540,.F.);
#2584=ORIENTED_EDGE('',*,*,#2565,.T.);
#2585=EDGE_LOOP('',(#2581,#2582,#2583,#2584));
#2586=FACE_OUTER_BOUND('',#2585,.F.);
#2587=ADVANCED_FACE('',(#2586),#2579,.T.);
#2588=CARTESIAN_POINT('',(-1.379839718918E1,3.298757550160E0,2.065107354927E1));
#2589=DIRECTION('',(1.E0,0.E0,0.E0));
#2590=DIRECTION('',(0.E0,0.E0,-1.E0));
#2591=AXIS2_PLACEMENT_3D('',#2588,#2589,#2590);
#2592=PLANE('',#2591);
#2593=ORIENTED_EDGE('',*,*,#2570,.F.);
#2594=ORIENTED_EDGE('',*,*,#2580,.F.);
#2595=EDGE_LOOP('',(#2593,#2594));
#2596=FACE_OUTER_BOUND('',#2595,.F.);
#2598=ORIENTED_EDGE('',*,*,#2597,.F.);
#2600=ORIENTED_EDGE('',*,*,#2599,.F.);
#2601=EDGE_LOOP('',(#2598,#2600));
#2602=FACE_BOUND('',#2601,.F.);
#2603=ADVANCED_FACE('',(#2596,#2602),#2592,.F.);
#2604=CARTESIAN_POINT('',(-1.349839718918E1,3.298757550160E0,2.685107354927E1));
#2605=DIRECTION('',(1.E0,0.E0,0.E0));
#2606=DIRECTION('',(0.E0,0.E0,-1.E0));
#2607=AXIS2_PLACEMENT_3D('',#2604,#2605,#2606);
#2608=TOROIDAL_SURFACE('',#2607,4.8E0,3.E-1);
#2609=ORIENTED_EDGE('',*,*,#2381,.F.);
#2611=ORIENTED_EDGE('',*,*,#2610,.F.);
#2612=ORIENTED_EDGE('',*,*,#2597,.T.);
#2614=ORIENTED_EDGE('',*,*,#2613,.T.);
#2615=EDGE_LOOP('',(#2609,#2611,#2612,#2614));
#2616=FACE_OUTER_BOUND('',#2615,.F.);
#2617=ADVANCED_FACE('',(#2616),#2608,.T.);
#2618=CARTESIAN_POINT('',(-1.349839718918E1,3.298757550160E0,2.685107354927E1));
#2619=DIRECTION('',(1.E0,0.E0,0.E0));
#2620=DIRECTION('',(0.E0,0.E0,-1.E0));
#2621=AXIS2_PLACEMENT_3D('',#2618,#2619,#2620);
#2622=TOROIDAL_SURFACE('',#2621,4.8E0,3.E-1);
#2623=ORIENTED_EDGE('',*,*,#2613,.F.);
#2624=ORIENTED_EDGE('',*,*,#2599,.T.);
#2625=ORIENTED_EDGE('',*,*,#2610,.T.);
#2626=ORIENTED_EDGE('',*,*,#2397,.F.);
#2627=EDGE_LOOP('',(#2623,#2624,#2625,#2626));
#2628=FACE_OUTER_BOUND('',#2627,.F.);
#2629=ADVANCED_FACE('',(#2628),#2622,.T.);
#2630=CARTESIAN_POINT('',(-1.024796977408E1,3.298757550160E0,2.685107354927E1));
#2631=DIRECTION('',(-1.E0,0.E0,0.E0));
#2632=DIRECTION('',(0.E0,0.E0,1.E0));
#2633=AXIS2_PLACEMENT_3D('',#2630,#2631,#2632);
#2634=TOROIDAL_SURFACE('',#2633,7.5555E0,2.04E0);
#2635=ORIENTED_EDGE('',*,*,#2527,.F.);
#2636=ORIENTED_EDGE('',*,*,#2498,.F.);
#2637=ORIENTED_EDGE('',*,*,#2468,.F.);
#2638=ORIENTED_EDGE('',*,*,#2495,.T.);
#2639=EDGE_LOOP('',(#2635,#2636,#2637,#2638));
#2640=FACE_OUTER_BOUND('',#2639,.F.);
#2641=ADVANCED_FACE('',(#2640),#2634,.F.);
#2642=CLOSED_SHELL('',(#2373,#2388,#2402,#2415,#2431,#2446,#2459,#2474,#2487,
#2502,#2517,#2531,#2546,#2559,#2574,#2587,#2603,#2617,#2629,#2641));
#2643=MANIFOLD_SOLID_BREP('',#2642);
#2645=DIMENSIONAL_EXPONENTS(0.E0,0.E0,0.E0,0.E0,0.E0,0.E0,0.E0);
#2647=PLANE_ANGLE_MEASURE_WITH_UNIT(PLANE_ANGLE_MEASURE(1.745329251994E-2),
#2646);
#2648=(CONVERSION_BASED_UNIT('DEGREE',#2647)NAMED_UNIT(*)PLANE_ANGLE_UNIT());
#2650=UNCERTAINTY_MEASURE_WITH_UNIT(LENGTH_MEASURE(5.E-3),#2644,'closure',
'Maximum model space distance between geometric entities at asserted connectivities');
#2651=(GEOMETRIC_REPRESENTATION_CONTEXT(3)GLOBAL_UNCERTAINTY_ASSIGNED_CONTEXT((
#2650))GLOBAL_UNIT_ASSIGNED_CONTEXT((#2644,#2648,#2649))REPRESENTATION_CONTEXT(
'ID1','3'));
#2653=APPLICATION_CONTEXT(
'CONFIGURATION CONTROLLED 3D DESIGNS OF MECHANICAL PARTS AND ASSEMBLIES');
#2654=APPLICATION_PROTOCOL_DEFINITION('international standard',
'config_control_design',1994,#2653);
#2655=DESIGN_CONTEXT('',#2653,'design');
#2656=MECHANICAL_CONTEXT('',#2653,'mechanical');
#2657=PRODUCT('609ZZ-EA031','609ZZ-EA031','NOT SPECIFIED',(#2656));
#2658=PRODUCT_DEFINITION_FORMATION_WITH_SPECIFIED_SOURCE('1','LAST_VERSION',
#2657,.MADE.);
#2662=PRODUCT_CATEGORY('part','');
#2663=PRODUCT_RELATED_PRODUCT_CATEGORY('detail','',(#2657));
#2664=PRODUCT_CATEGORY_RELATIONSHIP('','',#2662,#2663);
#2665=SECURITY_CLASSIFICATION_LEVEL('unclassified');
#2666=SECURITY_CLASSIFICATION('','',#2665);
#2667=CC_DESIGN_SECURITY_CLASSIFICATION(#2666,(#2658));
#2668=APPROVAL_STATUS('approved');
#2669=APPROVAL(#2668,'');
#2670=CC_DESIGN_APPROVAL(#2669,(#2666,#2658,#2659));
#2671=CALENDAR_DATE(125,19,12);
#2672=COORDINATED_UNIVERSAL_TIME_OFFSET(8,0,.AHEAD.);
#2673=LOCAL_TIME(16,29,2.7E1,#2672);
#2674=DATE_AND_TIME(#2671,#2673);
#2675=APPROVAL_DATE_TIME(#2674,#2669);
#2676=DATE_TIME_ROLE('creation_date');
#2677=CC_DESIGN_DATE_AND_TIME_ASSIGNMENT(#2674,#2676,(#2659));
#2678=DATE_TIME_ROLE('classification_date');
#2679=CC_DESIGN_DATE_AND_TIME_ASSIGNMENT(#2674,#2678,(#2666));
#2680=PERSON('UNSPECIFIED','UNSPECIFIED',$,$,$,$);
#2681=ORGANIZATION('UNSPECIFIED','UNSPECIFIED','UNSPECIFIED');
#2682=PERSON_AND_ORGANIZATION(#2680,#2681);
#2683=APPROVAL_ROLE('approver');
#2684=APPROVAL_PERSON_ORGANIZATION(#2682,#2669,#2683);
#2685=PERSON_AND_ORGANIZATION_ROLE('creator');
#2686=CC_DESIGN_PERSON_AND_ORGANIZATION_ASSIGNMENT(#2682,#2685,(#2658,#2659));
#2687=PERSON_AND_ORGANIZATION_ROLE('design_supplier');
#2688=CC_DESIGN_PERSON_AND_ORGANIZATION_ASSIGNMENT(#2682,#2687,(#2658));
#2689=PERSON_AND_ORGANIZATION_ROLE('classification_officer');
#2690=CC_DESIGN_PERSON_AND_ORGANIZATION_ASSIGNMENT(#2682,#2689,(#2666));
#2691=PERSON_AND_ORGANIZATION_ROLE('design_owner');
#2692=CC_DESIGN_PERSON_AND_ORGANIZATION_ASSIGNMENT(#2682,#2691,(#2657));
#1=DRAUGHTING_PRE_DEFINED_COLOUR('black');
#2=COLOUR_RGB('',0.E0,0.E0,4.7E-1);
#3=COLOUR_RGB('',0.E0,0.E0,6.E-1);
#4=COLOUR_RGB('',0.E0,0.E0,8.E-1);
#5=COLOUR_RGB('',0.E0,2.745098039216E-2,7.019607843137E-1);
#6=COLOUR_RGB('',0.E0,3.137254901961E-2,3.411764705882E-1);
#7=COLOUR_RGB('',0.E0,2.E-1,1.E0);
#8=COLOUR_RGB('',0.E0,3.3E-1,0.E0);
#9=COLOUR_RGB('',0.E0,3.3E-1,3.3E-1);
#10=COLOUR_RGB('',0.E0,4.E-1,0.E0);
#11=COLOUR_RGB('',0.E0,4.E-1,4.E-1);
#12=COLOUR_RGB('',0.E0,4.E-1,1.E0);
#13=COLOUR_RGB('',0.E0,5.019607843137E-1,5.019607843137E-1);
#14=COLOUR_RGB('',0.E0,6.E-1,0.E0);
#15=COLOUR_RGB('',0.E0,6.E-1,6.E-1);
#16=COLOUR_RGB('',0.E0,6.E-1,1.E0);
#17=COLOUR_RGB('',0.E0,8.E-1,0.E0);
#18=COLOUR_RGB('',0.E0,8.E-1,8.E-1);
#19=COLOUR_RGB('',0.E0,8.E-1,1.E0);
#20=COLOUR_RGB('',0.E0,9.3E-1,0.E0);
#21=COLOUR_RGB('',0.E0,9.3E-1,9.3E-1);
#22=DRAUGHTING_PRE_DEFINED_COLOUR('green');
#23=COLOUR_RGB('',0.E0,1.E0,2.E-1);
#24=COLOUR_RGB('',0.E0,1.E0,4.E-1);
#25=COLOUR_RGB('',0.E0,1.E0,6.E-1);
#26=COLOUR_RGB('',0.E0,1.E0,8.E-1);
#27=DRAUGHTING_PRE_DEFINED_COLOUR('cyan');
#28=COLOUR_RGB('',3.1E-2,2.E-1,6.27E-1);
#29=COLOUR_RGB('',3.529411764706E-2,5.137254901961E-1,1.725490196078E-1);
#30=COLOUR_RGB('',6.6667E-2,5.17647E-1,6.39216E-1);
#31=COLOUR_RGB('',7.E-2,7.E-2,1.E0);
#32=COLOUR_RGB('',7.E-2,6.E-1,3.E-1);
#33=COLOUR_RGB('',8.E-2,1.E-1,1.1E-1);
#34=COLOUR_RGB('',9.803921568627E-2,9.803921568627E-2,4.392156862745E-1);
#35=COLOUR_RGB('',1.019607843137E-1,6.313725490196E-1,5.019607843137E-1);
#36=COLOUR_RGB('',1.176470588235E-1,5.647058823529E-1,1.E0);
#37=COLOUR_RGB('',1.254901960784E-1,6.980392156863E-1,6.666666666667E-1);
#38=COLOUR_RGB('',1.333333333333E-1,5.450980392157E-1,1.333333333333E-1);
#39=COLOUR_RGB('',1.450980392157E-1,3.529411764706E-2,0.E0);
#40=COLOUR_RGB('',1.686274509804E-1,1.686274509804E-1,1.803921568627E-1);
#41=COLOUR_RGB('',1.803921568627E-1,5.450980392157E-1,3.411764705882E-1);
#42=COLOUR_RGB('',1.9E-1,2.3E-1,3.1E-1);
#43=COLOUR_RGB('',1.960784313725E-1,8.039215686275E-1,1.960784313725E-1);
#44=COLOUR_RGB('',2.E-1,1.E0,0.E0);
#45=COLOUR_RGB('',2.E-1,1.E0,2.E-1);
#46=COLOUR_RGB('',2.E-1,1.E0,1.E0);
#47=COLOUR_RGB('',2.313725490196E-1,3.803921568627E-1,5.607843137255E-1);
#48=COLOUR_RGB('',2.352941176471E-1,7.019607843137E-1,4.431372549020E-1);
#49=COLOUR_RGB('',2.431372549020E-1,8.784313725490E-1,8.156862745098E-1);
#50=COLOUR_RGB('',2.470588235294E-1,5.921568627451E-1,6.313725490196E-1);
#51=COLOUR_RGB('',2.5098E-1,2.35294E-1,8.62745E-1);
#52=COLOUR_RGB('',2.549019607843E-1,4.117647058824E-1,1.E0);
#53=COLOUR_RGB('',2.58824E-1,7.80392E-1,8.86275E-1);
#54=COLOUR_RGB('',2.7E-1,0.E0,4.E-1);
#55=COLOUR_RGB('',2.7E-1,2.7E-1,0.E0);
#56=COLOUR_RGB('',2.7E-1,2.7E-1,1.E0);
#57=COLOUR_RGB('',2.745098039216E-1,5.098039215686E-1,7.058823529412E-1);
#58=COLOUR_RGB('',2.784313725490E-1,2.784313725490E-1,2.784313725490E-1);
#59=COLOUR_RGB('',2.823529411765E-1,2.392156862745E-1,5.450980392157E-1);
#60=COLOUR_RGB('',3.13725E-1,4.70588E-1,1.96078E-1);
#61=COLOUR_RGB('',3.2549E-1,4.98039E-1,9.84314E-1);
#62=COLOUR_RGB('',3.254901960784E-1,5.764705882353E-1,8.117647058824E-1);
#63=COLOUR_RGB('',3.3E-1,0.E0,0.E0);
#64=COLOUR_RGB('',3.3E-1,0.E0,3.3E-1);
#65=COLOUR_RGB('',3.3E-1,0.E0,5.3E-1);
#66=COLOUR_RGB('',3.450980392157E-1,3.647058823529E-1,3.725490196078E-1);
#67=COLOUR_RGB('',3.725490196078E-1,6.196078431373E-1,6.274509803922E-1);
#68=COLOUR_RGB('',3.803921568627E-1,4.392156862745E-1,5.960784313725E-1);
#69=COLOUR_RGB('',3.882352941176E-1,4.392156862745E-1,4.901960784314E-1);
#70=COLOUR_RGB('',3.921568627451E-1,5.843137254902E-1,9.294117647059E-1);
#71=COLOUR_RGB('',3.96078E-1,7.13725E-1,1.E0);
#72=COLOUR_RGB('',4.E-1,0.E0,4.E-1);
#73=COLOUR_RGB('',4.E-1,0.E0,6.7E-1);
#74=COLOUR_RGB('',4.E-1,1.3E-1,0.E0);
#75=COLOUR_RGB('',4.E-1,4.E-1,0.E0);
#76=COLOUR_RGB('',4.E-1,4.E-1,1.E0);
#77=COLOUR_RGB('',4.E-1,8.039215686275E-1,6.666666666667E-1);
#78=COLOUR_RGB('',4.E-1,1.E0,0.E0);
#79=COLOUR_RGB('',4.E-1,1.E0,4.E-1);
#80=COLOUR_RGB('',4.E-1,1.E0,1.E0);
#81=COLOUR_RGB('',4.156862745098E-1,3.529411764706E-1,8.039215686275E-1);
#82=COLOUR_RGB('',4.196078431373E-1,5.568627450980E-1,1.372549019608E-1);
#83=COLOUR_RGB('',4.666666666667E-1,5.333333333333E-1,6.E-1);
#84=COLOUR_RGB('',4.7E-1,0.E0,0.E0);
#85=COLOUR_RGB('',4.7E-1,0.E0,8.E-1);
#86=COLOUR_RGB('',4.7E-1,2.E-1,7.E-2);
#87=COLOUR_RGB('',4.823529411765E-1,4.078431372549E-1,9.333333333333E-1);
#88=COLOUR_RGB('',4.980392156863E-1,1.E0,8.313725490196E-1);
#89=COLOUR_RGB('',5.019607843137E-1,0.E0,5.019607843137E-1);
#90=COLOUR_RGB('',5.019607843137E-1,5.019607843137E-1,0.E0);
#91=COLOUR_RGB('',5.01961E-1,5.01961E-1,5.01961E-1);
#92=COLOUR_RGB('',5.098039215686E-1,3.960784313725E-1,1.058823529412E-1);
#93=COLOUR_RGB('',5.3E-1,0.E0,9.3E-1);
#94=COLOUR_RGB('',5.3E-1,2.7E-1,1.3E-1);
#95=COLOUR_RGB('',5.3E-1,5.3E-1,1.E0);
#96=COLOUR_RGB('',5.294117647059E-1,8.078431372549E-1,9.215686274510E-1);
#97=COLOUR_RGB('',5.411764705882E-1,1.686274509804E-1,8.862745098039E-1);
#98=COLOUR_RGB('',5.5E-1,6.5E-1,7.3E-1);
#99=COLOUR_RGB('',5.607843137255E-1,7.372549019608E-1,5.607843137255E-1);
#100=COLOUR_RGB('',5.68627E-1,9.37255E-1,9.37255E-1);
#101=COLOUR_RGB('',5.725490196078E-1,6.117647058824E-1,6.313725490196E-1);
#102=COLOUR_RGB('',5.764705882353E-1,4.392156862745E-1,8.588235294118E-1);
#103=COLOUR_RGB('',5.803921568627E-1,0.E0,8.274509803922E-1);
#104=COLOUR_RGB('',5.88235E-1,2.35294E-1,1.56863E-1);
#105=COLOUR_RGB('',6.E-1,0.E0,6.E-1);
#106=COLOUR_RGB('',6.E-1,1.960784313725E-1,8.E-1);
#107=COLOUR_RGB('',6.E-1,2.E-1,1.E0);
#108=COLOUR_RGB('',6.E-1,3.3E-1,2.E-1);
#109=COLOUR_RGB('',6.E-1,6.E-1,0.E0);
#110=COLOUR_RGB('',6.E-1,1.E0,6.E-1);
#111=COLOUR_RGB('',6.E-1,1.E0,1.E0);
#112=COLOUR_RGB('',6.27451E-1,4.70588E-1,3.52941E-1);
#113=COLOUR_RGB('',6.627450980392E-1,6.627450980392E-1,6.627450980392E-1);
#114=COLOUR_RGB('',6.66667E-1,8.23529E-1,1.96078E-1);
#115=COLOUR_RGB('',6.66667E-1,8.23529E-1,5.88235E-1);
#116=COLOUR_RGB('',6.7E-1,0.E0,0.E0);
#117=COLOUR_RGB('',6.7E-1,4.E-1,2.7E-1);
#118=COLOUR_RGB('',6.7E-1,4.E-1,1.E0);
#119=COLOUR_RGB('',6.7E-1,6.7E-1,1.E0);
#120=COLOUR_RGB('',6.7E-1,1.E0,0.E0);
#121=COLOUR_RGB('',6.784313725490E-1,8.117647058824E-1,1.E0);
#122=COLOUR_RGB('',6.784313725490E-1,8.470588235294E-1,9.019607843137E-1);
#123=COLOUR_RGB('',6.784313725490E-1,1.E0,1.843137254902E-1);
#124=COLOUR_RGB('',6.862745098039E-1,6.823529411765E-1,7.607843137255E-1);
#125=COLOUR_RGB('',6.980392156863E-1,1.333333333333E-1,1.333333333333E-1);
#126=COLOUR_RGB('',7.17647E-1,1.68627E-1,4.43137E-1);
#127=COLOUR_RGB('',7.215686274510E-1,5.254901960784E-1,4.313725490196E-2);
#128=COLOUR_RGB('',7.294117647059E-1,2.705882352941E-1,1.E0);
#129=COLOUR_RGB('',7.294117647059E-1,3.333333333333E-1,8.274509803922E-1);
#130=COLOUR_RGB('',7.294117647059E-1,4.E-1,0.E0);
#131=COLOUR_RGB('',7.3E-1,4.7E-1,3.3E-1);
#132=COLOUR_RGB('',7.372549019608E-1,5.607843137255E-1,5.607843137255E-1);
#133=COLOUR_RGB('',7.411764705882E-1,7.176470588235E-1,4.196078431373E-1);
#134=COLOUR_RGB('',7.803921568627E-1,8.235294117647E-2,5.215686274510E-1);
#135=COLOUR_RGB('',8.E-1,0.E0,8.E-1);
#136=COLOUR_RGB('',8.E-1,5.3E-1,4.E-1);
#137=COLOUR_RGB('',8.E-1,6.E-1,1.E0);
#138=COLOUR_RGB('',8.E-1,8.E-1,0.E0);
#139=COLOUR_RGB('',8.E-1,8.E-1,1.E0);
#140=COLOUR_RGB('',8.E-1,1.E0,8.E-1);
#141=COLOUR_RGB('',8.E-1,1.E0,1.E0);
#142=COLOUR_RGB('',8.039215686275E-1,3.607843137255E-1,3.607843137255E-1);
#143=COLOUR_RGB('',8.03922E-1,5.88235E-1,1.96078E-1);
#144=COLOUR_RGB('',8.196078431373E-1,7.098039215686E-1,5.490196078431E-2);
#145=COLOUR_RGB('',8.235294117647E-1,4.117647058824E-1,1.176470588235E-1);
#146=COLOUR_RGB('',8.235294117647E-1,7.058823529412E-1,5.490196078431E-1);
#147=COLOUR_RGB('',8.274509803922E-1,8.274509803922E-1,8.274509803922E-1);
#148=COLOUR_RGB('',8.392156862745E-1,8.E-1,7.137254901961E-1);
#149=COLOUR_RGB('',8.431372549020E-1,8.980392156863E-1,9.333333333333E-1);
#150=COLOUR_RGB('',8.549019607843E-1,6.470588235294E-1,1.254901960784E-1);
#151=COLOUR_RGB('',8.588235294118E-1,4.392156862745E-1,5.764705882353E-1);
#152=COLOUR_RGB('',8.627450980392E-1,7.843137254902E-2,2.352941176471E-1);
#153=COLOUR_RGB('',8.666666666667E-1,6.274509803922E-1,8.666666666667E-1);
#154=COLOUR_RGB('',8.7E-1,0.E0,0.E0);
#155=COLOUR_RGB('',8.7E-1,6.E-1,4.7E-1);
#156=COLOUR_RGB('',8.98039E-1,6.07843E-1,1.E0);
#157=COLOUR_RGB('',9.E-1,8.3E-1,1.2E-1);
#158=COLOUR_RGB('',9.09804E-1,3.68627E-1,8.19608E-1);
#159=COLOUR_RGB('',9.3E-1,0.E0,9.3E-1);
#160=COLOUR_RGB('',9.3E-1,6.7E-1,5.3E-1);
#161=COLOUR_RGB('',9.3E-1,8.E-1,1.E0);
#162=COLOUR_RGB('',9.3E-1,9.3E-1,0.E0);
#163=COLOUR_RGB('',9.3E-1,1.E0,9.3E-1);
#164=COLOUR_RGB('',9.3E-1,1.E0,1.E0);
#165=COLOUR_RGB('',9.333333333333E-1,5.098039215686E-1,9.333333333333E-1);
#166=COLOUR_RGB('',9.333333333333E-1,9.098039215686E-1,6.666666666667E-1);
#167=COLOUR_RGB('',9.411764705882E-1,9.019607843137E-1,5.490196078431E-1);
#168=COLOUR_RGB('',9.568627450980E-1,6.431372549020E-1,3.764705882353E-1);
#169=DRAUGHTING_PRE_DEFINED_COLOUR('red');
#170=COLOUR_RGB('',1.E0,0.E0,2.705882352941E-1);
#171=COLOUR_RGB('',1.E0,0.E0,4.705882352941E-1);
#172=COLOUR_RGB('',1.E0,0.E0,7.803921568627E-1);
#173=DRAUGHTING_PRE_DEFINED_COLOUR('magenta');
#174=COLOUR_RGB('',1.E0,3.1E-2,3.1E-2);
#175=COLOUR_RGB('',1.E0,7.E-2,7.E-2);
#176=COLOUR_RGB('',1.E0,7.843137254902E-2,5.764705882353E-1);
#177=COLOUR_RGB('',1.E0,2.E-1,1.E0);
#178=COLOUR_RGB('',1.E0,2.7E-1,0.E0);
#179=COLOUR_RGB('',1.E0,2.7E-1,2.7E-1);
#180=COLOUR_RGB('',1.E0,3.882352941176E-1,2.784313725490E-1);
#181=COLOUR_RGB('',1.E0,4.E-1,1.E0);
#182=COLOUR_RGB('',1.E0,4.117647058824E-1,7.058823529412E-1);
#183=COLOUR_RGB('',1.E0,4.7E-1,0.E0);
#184=COLOUR_RGB('',1.E0,4.7E-1,4.7E-1);
#185=COLOUR_RGB('',1.E0,4.980392156863E-1,3.137254901961E-1);
#186=COLOUR_RGB('',1.E0,6.E-1,1.E0);
#187=COLOUR_RGB('',1.E0,6.7E-1,0.E0);
#188=COLOUR_RGB('',1.E0,6.7E-1,6.7E-1);
#189=COLOUR_RGB('',1.E0,7.3E-1,6.E-1);
#190=COLOUR_RGB('',1.E0,7.686274509804E-1,5.882352941176E-2);
#191=COLOUR_RGB('',1.E0,8.E-1,8.E-1);
#192=COLOUR_RGB('',1.E0,8.E-1,1.E0);
#193=COLOUR_RGB('',1.E0,8.7E-1,0.E0);
#194=COLOUR_RGB('',1.E0,9.215686274510E-1,8.039215686275E-1);
#195=COLOUR_RGB('',1.E0,9.3E-1,9.3E-1);
#196=COLOUR_RGB('',1.E0,9.3E-1,1.E0);
#197=DRAUGHTING_PRE_DEFINED_COLOUR('yellow');
#198=COLOUR_RGB('',1.E0,1.E0,1.3E-1);
#199=COLOUR_RGB('',1.E0,1.E0,3.3E-1);
#200=COLOUR_RGB('',1.E0,1.E0,5.3E-1);
#201=COLOUR_RGB('',1.E0,1.E0,7.3E-1);
#202=COLOUR_RGB('',1.E0,1.E0,9.3E-1);
#203=DRAUGHTING_PRE_DEFINED_COLOUR('white');
#212=CIRCLE('',#211,8.3E0);
#217=CIRCLE('',#216,8.3E0);
#222=CIRCLE('',#221,6.35E0);
#227=CIRCLE('',#226,6.35E0);
#240=CIRCLE('',#239,9.3E0);
#245=CIRCLE('',#244,9.3E0);
#250=CIRCLE('',#249,8.75E0);
#255=CIRCLE('',#254,8.75E0);
#268=CIRCLE('',#267,2.E-1);
#273=CIRCLE('',#272,9.3E0);
#278=CIRCLE('',#277,8.9E0);
#283=CIRCLE('',#282,8.9E0);
#288=CIRCLE('',#287,8.7E0);
#293=CIRCLE('',#292,8.7E0);
#298=CIRCLE('',#297,2.E-1);
#303=CIRCLE('',#302,9.3E0);
#308=CIRCLE('',#307,4.E-1);
#313=CIRCLE('',#312,9.5E0);
#318=CIRCLE('',#317,4.E-1);
#323=CIRCLE('',#322,9.5E0);
#332=CIRCLE('',#331,9.85E0);
#337=CIRCLE('',#336,9.85E0);
#342=CIRCLE('',#341,9.5E0);
#347=CIRCLE('',#346,9.5E0);
#360=CIRCLE('',#359,9.5E0);
#369=CIRCLE('',#368,9.85E0);
#382=CIRCLE('',#381,1.17E1);
#387=CIRCLE('',#386,1.17E1);
#392=CIRCLE('',#391,9.5E0);
#397=CIRCLE('',#396,9.5E0);
#402=CIRCLE('',#401,3.E-1);
#407=CIRCLE('',#406,1.2E1);
#412=CIRCLE('',#411,3.E-1);
#417=CIRCLE('',#416,1.2E1);
#426=CIRCLE('',#425,3.E-1);
#431=CIRCLE('',#430,1.2E1);
#436=CIRCLE('',#435,1.17E1);
#441=CIRCLE('',#440,1.17E1);
#446=CIRCLE('',#445,9.5E0);
#451=CIRCLE('',#450,9.5E0);
#456=CIRCLE('',#455,3.E-1);
#461=CIRCLE('',#460,1.2E1);
#478=CIRCLE('',#477,9.5E0);
#487=CIRCLE('',#486,9.85E0);
#496=CIRCLE('',#495,9.85E0);
#501=CIRCLE('',#500,9.5E0);
#514=CIRCLE('',#513,9.85E0);
#519=CIRCLE('',#518,9.85E0);
#524=CIRCLE('',#523,9.5E0);
#529=CIRCLE('',#528,9.5E0);
#542=CIRCLE('',#541,4.E-1);
#547=CIRCLE('',#546,9.5E0);
#552=CIRCLE('',#551,8.9E0);
#557=CIRCLE('',#556,8.9E0);
#562=CIRCLE('',#561,8.7E0);
#567=CIRCLE('',#566,8.7E0);
#572=CIRCLE('',#571,2.E-1);
#577=CIRCLE('',#576,9.3E0);
#582=CIRCLE('',#581,2.E-1);
#587=CIRCLE('',#586,9.3E0);
#600=CIRCLE('',#599,9.3E0);
#605=CIRCLE('',#604,9.3E0);
#610=CIRCLE('',#609,8.75E0);
#615=CIRCLE('',#614,8.75E0);
#624=CIRCLE('',#623,8.3E0);
#629=CIRCLE('',#628,8.3E0);
#634=CIRCLE('',#633,6.35E0);
#639=CIRCLE('',#638,6.35E0);
#656=CIRCLE('',#655,6.55E0);
#661=CIRCLE('',#660,6.55E0);
#666=CIRCLE('',#665,6.35E0);
#671=CIRCLE('',#670,6.35E0);
#680=CIRCLE('',#679,8.2E0);
#685=CIRCLE('',#684,8.2E0);
#690=CIRCLE('',#689,6.55E0);
#695=CIRCLE('',#694,6.55E0);
#708=CIRCLE('',#707,8.65E0);
#713=CIRCLE('',#712,8.65E0);
#718=CIRCLE('',#717,8.95E0);
#727=CIRCLE('',#726,8.95E0);
#736=CIRCLE('',#735,8.95E0);
#741=CIRCLE('',#740,2.06E0);
#746=CIRCLE('',#745,2.06E0);
#751=CIRCLE('',#750,8.95E0);
#756=CIRCLE('',#755,2.06E0);
#761=CIRCLE('',#760,8.95E0);
#766=CIRCLE('',#765,8.95E0);
#771=CIRCLE('',#770,2.06E0);
#776=CIRCLE('',#775,8.95E0);
#785=CIRCLE('',#784,8.65E0);
#790=CIRCLE('',#789,8.65E0);
#795=CIRCLE('',#794,8.95E0);
#812=CIRCLE('',#811,8.2E0);
#817=CIRCLE('',#816,8.2E0);
#822=CIRCLE('',#821,6.55E0);
#827=CIRCLE('',#826,6.55E0);
#840=CIRCLE('',#839,6.55E0);
#845=CIRCLE('',#844,6.55E0);
#850=CIRCLE('',#849,6.35E0);
#855=CIRCLE('',#854,6.35E0);
#868=CIRCLE('',#867,4.E-1);
#873=CIRCLE('',#872,9.5E0);
#882=CIRCLE('',#881,9.85E0);
#887=CIRCLE('',#886,9.5E0);
#1077=EDGE_CURVE('',#1015,#1014,#227,.T.);
#1079=EDGE_CURVE('',#1039,#1014,#207,.T.);
#1081=EDGE_CURVE('',#1039,#1038,#855,.T.);
#1083=EDGE_CURVE('',#1038,#1015,#859,.T.);
#1093=EDGE_CURVE('',#1027,#1026,#212,.T.);
#1095=EDGE_CURVE('',#1026,#1027,#217,.T.);
#1099=EDGE_CURVE('',#1014,#1015,#222,.T.);
#1111=EDGE_CURVE('',#1059,#1026,#231,.T.);
#1113=EDGE_CURVE('',#1059,#1063,#250,.T.);
#1115=EDGE_CURVE('',#1063,#1027,#235,.T.);
#1126=EDGE_CURVE('',#1063,#1059,#255,.T.);
#1138=EDGE_CURVE('',#1019,#1018,#240,.T.);
#1140=EDGE_CURVE('',#1018,#1019,#245,.T.);
#1154=EDGE_CURVE('',#1019,#1053,#259,.T.);
#1157=EDGE_CURVE('',#1018,#1050,#263,.T.);
#1159=EDGE_CURVE('',#1050,#1053,#303,.T.);
#1169=EDGE_CURVE('',#1053,#1050,#273,.T.);
#1182=EDGE_CURVE('',#1061,#1051,#283,.T.);
#1184=EDGE_CURVE('',#1050,#1051,#268,.T.);
#1187=EDGE_CURVE('',#1053,#1061,#298,.T.);
#1197=EDGE_CURVE('',#1051,#1061,#278,.T.);
#1202=EDGE_CURVE('',#1047,#1043,#288,.T.);
#1204=EDGE_CURVE('',#1043,#1047,#293,.T.);
#1227=EDGE_CURVE('',#1042,#1043,#308,.T.);
#1229=EDGE_CURVE('',#1046,#1042,#313,.T.);
#1231=EDGE_CURVE('',#1046,#1047,#318,.T.);
#1242=EDGE_CURVE('',#1042,#1046,#323,.T.);
#1254=EDGE_CURVE('',#1070,#1071,#342,.T.);
#1256=EDGE_CURVE('',#1071,#1042,#891,.T.);
#1259=EDGE_CURVE('',#1070,#1046,#327,.T.);
#1269=EDGE_CURVE('',#899,#898,#332,.T.);
#1271=EDGE_CURVE('',#898,#899,#337,.T.);
#1276=EDGE_CURVE('',#1071,#1070,#347,.T.);
#1286=EDGE_CURVE('',#943,#898,#351,.T.);
#1288=EDGE_CURVE('',#943,#929,#882,.T.);
#1290=EDGE_CURVE('',#929,#899,#355,.T.);
#1303=EDGE_CURVE('',#929,#943,#369,.T.);
#1314=EDGE_CURVE('',#927,#926,#360,.T.);
#1316=EDGE_CURVE('',#943,#927,#364,.T.);
#1319=EDGE_CURVE('',#929,#926,#877,.T.);
#1330=EDGE_CURVE('',#935,#926,#373,.T.);
#1332=EDGE_CURVE('',#935,#934,#397,.T.);
#1334=EDGE_CURVE('',#934,#927,#377,.T.);
#1345=EDGE_CURVE('',#934,#935,#392,.T.);
#1348=EDGE_CURVE('',#926,#927,#887,.T.);
#1358=EDGE_CURVE('',#909,#903,#382,.T.);
#1360=EDGE_CURVE('',#903,#909,#387,.T.);
#1374=EDGE_CURVE('',#902,#903,#402,.T.);
#1376=EDGE_CURVE('',#919,#902,#407,.T.);
#1378=EDGE_CURVE('',#919,#909,#412,.T.);
#1391=EDGE_CURVE('',#902,#919,#417,.T.);
#1402=EDGE_CURVE('',#917,#894,#431,.T.);
#1404=EDGE_CURVE('',#902,#894,#421,.T.);
#1407=EDGE_CURVE('',#919,#917,#465,.T.);
#1417=EDGE_CURVE('',#915,#895,#441,.T.);
#1419=EDGE_CURVE('',#894,#895,#426,.T.);
#1422=EDGE_CURVE('',#917,#915,#456,.T.);
#1432=EDGE_CURVE('',#895,#915,#436,.T.);
#1437=EDGE_CURVE('',#922,#923,#446,.T.);
#1439=EDGE_CURVE('',#923,#922,#451,.T.);
#1450=EDGE_CURVE('',#894,#917,#461,.T.);
#1474=EDGE_CURVE('',#931,#923,#469,.T.);
#1476=EDGE_CURVE('',#931,#937,#501,.T.);
#1478=EDGE_CURVE('',#937,#922,#473,.T.);
#1491=EDGE_CURVE('',#937,#931,#478,.T.);
#1503=EDGE_CURVE('',#913,#937,#482,.T.);
#1505=EDGE_CURVE('',#907,#913,#487,.T.);
#1507=EDGE_CURVE('',#907,#931,#491,.T.);
#1518=EDGE_CURVE('',#913,#907,#496,.T.);
#1530=EDGE_CURVE('',#906,#907,#505,.T.);
#1532=EDGE_CURVE('',#906,#911,#514,.T.);
#1534=EDGE_CURVE('',#911,#913,#509,.T.);
#1547=EDGE_CURVE('',#911,#906,#519,.T.);
#1562=EDGE_CURVE('',#1010,#1011,#524,.T.);
#1564=EDGE_CURVE('',#1011,#1010,#529,.T.);
#1575=EDGE_CURVE('',#1011,#982,#537,.T.);
#1577=EDGE_CURVE('',#982,#986,#873,.T.);
#1579=EDGE_CURVE('',#1010,#986,#533,.T.);
#1591=EDGE_CURVE('',#986,#982,#547,.T.);
#1602=EDGE_CURVE('',#987,#983,#562,.T.);
#1604=EDGE_CURVE('',#982,#983,#542,.T.);
#1607=EDGE_CURVE('',#986,#987,#868,.T.);
#1617=EDGE_CURVE('',#991,#1001,#552,.T.);
#1619=EDGE_CURVE('',#1001,#991,#557,.T.);
#1624=EDGE_CURVE('',#983,#987,#567,.T.);
#1634=EDGE_CURVE('',#993,#1001,#572,.T.);
#1636=EDGE_CURVE('',#990,#993,#577,.T.);
#1638=EDGE_CURVE('',#990,#991,#582,.T.);
#1651=EDGE_CURVE('',#993,#990,#587,.T.);
#1663=EDGE_CURVE('',#958,#990,#591,.T.);
#1665=EDGE_CURVE('',#958,#959,#605,.T.);
#1667=EDGE_CURVE('',#959,#993,#595,.T.);
#1678=EDGE_CURVE('',#959,#958,#600,.T.);
#1694=EDGE_CURVE('',#999,#1003,#610,.T.);
#1696=EDGE_CURVE('',#1003,#999,#615,.T.);
#1706=EDGE_CURVE('',#967,#966,#624,.T.);
#1708=EDGE_CURVE('',#999,#966,#619,.T.);
#1711=EDGE_CURVE('',#1003,#967,#643,.T.);
#1722=EDGE_CURVE('',#966,#967,#629,.T.);
#1726=EDGE_CURVE('',#954,#955,#634,.T.);
#1728=EDGE_CURVE('',#955,#954,#639,.T.);
#1750=EDGE_CURVE('',#978,#955,#647,.T.);
#1752=EDGE_CURVE('',#978,#979,#666,.T.);
#1754=EDGE_CURVE('',#979,#954,#651,.T.);
#1767=EDGE_CURVE('',#979,#978,#671,.T.);
#1778=EDGE_CURVE('',#975,#974,#656,.T.);
#1780=EDGE_CURVE('',#974,#975,#661,.T.);
#1794=EDGE_CURVE('',#971,#970,#690,.T.);
#1796=EDGE_CURVE('',#975,#970,#675,.T.);
#1799=EDGE_CURVE('',#974,#971,#863,.T.);
#1809=EDGE_CURVE('',#997,#996,#680,.T.);
#1811=EDGE_CURVE('',#996,#997,#685,.T.);
#1816=EDGE_CURVE('',#970,#971,#695,.T.);
#1826=EDGE_CURVE('',#962,#996,#699,.T.);
#1828=EDGE_CURVE('',#962,#963,#708,.T.);
#1830=EDGE_CURVE('',#963,#997,#703,.T.);
#1843=EDGE_CURVE('',#963,#962,#713,.T.);
#1854=EDGE_CURVE('',#1006,#1007,#718,.T.);
#1856=EDGE_CURVE('',#1007,#1006,#727,.T.);
#1871=EDGE_CURVE('',#946,#1007,#722,.T.);
#1873=EDGE_CURVE('',#946,#947,#766,.T.);
#1875=EDGE_CURVE('',#947,#1006,#731,.T.);
#1887=EDGE_CURVE('',#947,#946,#736,.T.);
#1899=EDGE_CURVE('',#949,#947,#741,.T.);
#1901=EDGE_CURVE('',#941,#949,#746,.T.);
#1903=EDGE_CURVE('',#940,#941,#751,.T.);
#1905=EDGE_CURVE('',#940,#951,#756,.T.);
#1907=EDGE_CURVE('',#951,#946,#771,.T.);
#1918=EDGE_CURVE('',#941,#940,#761,.T.);
#1932=EDGE_CURVE('',#1066,#1067,#776,.T.);
#1934=EDGE_CURVE('',#1066,#941,#799,.T.);
#1937=EDGE_CURVE('',#1067,#940,#780,.T.);
#1948=EDGE_CURVE('',#1067,#1066,#795,.T.);
#1952=EDGE_CURVE('',#1022,#1023,#785,.T.);
#1954=EDGE_CURVE('',#1023,#1022,#790,.T.);
#1976=EDGE_CURVE('',#1022,#1056,#803,.T.);
#1979=EDGE_CURVE('',#1023,#1057,#807,.T.);
#1981=EDGE_CURVE('',#1057,#1056,#812,.T.);
#1991=EDGE_CURVE('',#1056,#1057,#817,.T.);
#2008=EDGE_CURVE('',#1031,#1030,#822,.T.);
#2010=EDGE_CURVE('',#1030,#1031,#827,.T.);
#2021=EDGE_CURVE('',#1035,#1030,#831,.T.);
#2023=EDGE_CURVE('',#1035,#1034,#840,.T.);
#2025=EDGE_CURVE('',#1034,#1031,#835,.T.);
#2036=EDGE_CURVE('',#1034,#1035,#845,.T.);
#2052=EDGE_CURVE('',#1038,#1039,#850,.T.);
#2124=CIRCLE('',#2123,4.5E0);
#2129=CIRCLE('',#2128,3.E-1);
#2142=CIRCLE('',#2141,3.E-1);
#2147=CIRCLE('',#2146,4.5E0);
#2152=CIRCLE('',#2151,6.1E0);
#2157=CIRCLE('',#2156,6.1E0);
#2162=CIRCLE('',#2161,4.8E0);
#2167=CIRCLE('',#2166,4.8E0);
#2172=CIRCLE('',#2171,1.E-1);
#2177=CIRCLE('',#2176,6.2E0);
#2182=CIRCLE('',#2181,1.E-1);
#2187=CIRCLE('',#2186,6.2E0);
#2200=CIRCLE('',#2199,5.5155E0);
#2205=CIRCLE('',#2204,2.04E0);
#2210=CIRCLE('',#2209,6.2E0);
#2215=CIRCLE('',#2214,6.2E0);
#2220=CIRCLE('',#2219,2.04E0);
#2225=CIRCLE('',#2224,6.2E0);
#2230=CIRCLE('',#2229,2.04E0);
#2243=CIRCLE('',#2242,1.E-1);
#2248=CIRCLE('',#2247,6.2E0);
#2253=CIRCLE('',#2252,1.E-1);
#2258=CIRCLE('',#2257,6.2E0);
#2263=CIRCLE('',#2262,6.1E0);
#2268=CIRCLE('',#2267,6.1E0);
#2273=CIRCLE('',#2272,4.8E0);
#2278=CIRCLE('',#2277,4.8E0);
#2283=CIRCLE('',#2282,4.5E0);
#2288=CIRCLE('',#2287,3.E-1);
#2293=CIRCLE('',#2292,3.E-1);
#2298=CIRCLE('',#2297,4.5E0);
#2303=CIRCLE('',#2302,5.5155E0);
#2308=CIRCLE('',#2307,2.04E0);
#2313=CIRCLE('',#2312,6.2E0);
#2363=EDGE_CURVE('',#2337,#2343,#2124,.T.);
#2365=EDGE_CURVE('',#2333,#2337,#2129,.T.);
#2367=EDGE_CURVE('',#2333,#2332,#2162,.T.);
#2369=EDGE_CURVE('',#2332,#2343,#2142,.T.);
#2379=EDGE_CURVE('',#2317,#2343,#2133,.T.);
#2381=EDGE_CURVE('',#2317,#2336,#2283,.T.);
#2383=EDGE_CURVE('',#2336,#2337,#2137,.T.);
#2394=EDGE_CURVE('',#2343,#2337,#2147,.T.);
#2397=EDGE_CURVE('',#2336,#2317,#2298,.T.);
#2409=EDGE_CURVE('',#2332,#2333,#2167,.T.);
#2421=EDGE_CURVE('',#2346,#2347,#2152,.T.);
#2423=EDGE_CURVE('',#2347,#2346,#2157,.T.);
#2437=EDGE_CURVE('',#2351,#2347,#2172,.T.);
#2439=EDGE_CURVE('',#2355,#2351,#2177,.T.);
#2441=EDGE_CURVE('',#2355,#2346,#2182,.T.);
#2454=EDGE_CURVE('',#2351,#2355,#2187,.T.);
#2466=EDGE_CURVE('',#2340,#2355,#2191,.T.);
#2468=EDGE_CURVE('',#2340,#2349,#2313,.T.);
#2470=EDGE_CURVE('',#2349,#2351,#2195,.T.);
#2481=EDGE_CURVE('',#2349,#2340,#2210,.T.);
#2493=EDGE_CURVE('',#2341,#2328,#2200,.T.);
#2495=EDGE_CURVE('',#2340,#2341,#2205,.T.);
#2498=EDGE_CURVE('',#2349,#2328,#2308,.T.);
#2508=EDGE_CURVE('',#2328,#2329,#2230,.T.);
#2510=EDGE_CURVE('',#2325,#2329,#2215,.T.);
#2512=EDGE_CURVE('',#2341,#2325,#2220,.T.);
#2524=EDGE_CURVE('',#2329,#2325,#2225,.T.);
#2527=EDGE_CURVE('',#2328,#2341,#2303,.T.);
#2538=EDGE_CURVE('',#2324,#2325,#2234,.T.);
#2540=EDGE_CURVE('',#2324,#2357,#2258,.T.);
#2542=EDGE_CURVE('',#2357,#2329,#2238,.T.);
#2553=EDGE_CURVE('',#2357,#2324,#2248,.T.);
#2565=EDGE_CURVE('',#2324,#2320,#2243,.T.);
#2568=EDGE_CURVE('',#2357,#2321,#2253,.T.);
#2570=EDGE_CURVE('',#2321,#2320,#2263,.T.);
#2580=EDGE_CURVE('',#2320,#2321,#2268,.T.);
#2597=EDGE_CURVE('',#2316,#2353,#2273,.T.);
#2599=EDGE_CURVE('',#2353,#2316,#2278,.T.);
#2610=EDGE_CURVE('',#2316,#2317,#2288,.T.);
#2613=EDGE_CURVE('',#2353,#2336,#2293,.T.);
#2644=(LENGTH_UNIT()NAMED_UNIT(*)SI_UNIT(.MILLI.,.METRE.));
#2646=(NAMED_UNIT(*)PLANE_ANGLE_UNIT()SI_UNIT($,.RADIAN.));
#2649=(NAMED_UNIT(*)SI_UNIT($,.STERADIAN.)SOLID_ANGLE_UNIT());
#2652=ADVANCED_BREP_SHAPE_REPRESENTATION('',(#2119,#2643),#2651);
#2659=PRODUCT_DEFINITION('design','',#2658,#2655);
#2660=PRODUCT_DEFINITION_SHAPE('','SHAPE FOR 609ZZ-EA031.',#2659);
#2661=SHAPE_DEFINITION_REPRESENTATION(#2660,#2652);
ENDSEC;
END-ISO-10303-21;
