ISO-10303-21;
HEADER;
FILE_DESCRIPTION((''),'2;1');
FILE_NAME('6004ZZ_-_EA041','2025-12-19T11:17:55',('qinghui.yi'),(''),
'CREO PARAMETRIC BY PTC INC, 2019164','CREO PARAMETRIC BY PTC INC, 2019164','');
FILE_SCHEMA(('CONFIG_CONTROL_DESIGN','SHAPE_APPEARANCE_LAYERS_GROUPS'));
ENDSEC;
DATA;
#208=CARTESIAN_POINT('',(5.5E0,0.E0,-1.386666666667E1));
#209=DIRECTION('',(0.E0,-1.E0,0.E0));
#210=DIRECTION('',(1.E0,0.E0,0.E0));
#211=AXIS2_PLACEMENT_3D('',#208,#209,#210);
#213=CARTESIAN_POINT('',(5.5E0,0.E0,0.E0));
#214=DIRECTION('',(1.E0,0.E0,0.E0));
#215=DIRECTION('',(0.E0,0.E0,-1.E0));
#216=AXIS2_PLACEMENT_3D('',#213,#214,#215);
#218=CARTESIAN_POINT('',(5.5E0,0.E0,1.386666666667E1));
#219=DIRECTION('',(0.E0,1.E0,0.E0));
#220=DIRECTION('',(1.E0,0.E0,0.E0));
#221=AXIS2_PLACEMENT_3D('',#218,#219,#220);
#223=CARTESIAN_POINT('',(5.5E0,0.E0,0.E0));
#224=DIRECTION('',(1.E0,0.E0,0.E0));
#225=DIRECTION('',(0.E0,0.E0,1.E0));
#226=AXIS2_PLACEMENT_3D('',#223,#224,#225);
#228=CARTESIAN_POINT('',(5.9E0,0.E0,0.E0));
#229=DIRECTION('',(-1.E0,0.E0,0.E0));
#230=DIRECTION('',(0.E0,0.E0,1.E0));
#231=AXIS2_PLACEMENT_3D('',#228,#229,#230);
#233=CARTESIAN_POINT('',(5.9E0,0.E0,0.E0));
#234=DIRECTION('',(-1.E0,0.E0,0.E0));
#235=DIRECTION('',(0.E0,0.E0,-1.E0));
#236=AXIS2_PLACEMENT_3D('',#233,#234,#235);
#238=CARTESIAN_POINT('',(5.9E0,0.E0,0.E0));
#239=DIRECTION('',(1.E0,0.E0,0.E0));
#240=DIRECTION('',(0.E0,0.E0,-1.E0));
#241=AXIS2_PLACEMENT_3D('',#238,#239,#240);
#243=CARTESIAN_POINT('',(5.9E0,0.E0,0.E0));
#244=DIRECTION('',(1.E0,0.E0,0.E0));
#245=DIRECTION('',(0.E0,0.E0,1.E0));
#246=AXIS2_PLACEMENT_3D('',#243,#244,#245);
#248=CARTESIAN_POINT('',(5.5E0,0.E0,-1.633489673078E1));
#249=DIRECTION('',(0.E0,-1.E0,0.E0));
#250=DIRECTION('',(7.135639703671E-1,0.E0,-7.005900799996E-1));
#251=AXIS2_PLACEMENT_3D('',#248,#249,#250);
#253=CARTESIAN_POINT('',(5.785425588147E0,0.E0,0.E0));
#254=DIRECTION('',(-1.E0,0.E0,0.E0));
#255=DIRECTION('',(0.E0,0.E0,1.E0));
#256=AXIS2_PLACEMENT_3D('',#253,#254,#255);
#258=CARTESIAN_POINT('',(5.785425588147E0,0.E0,0.E0));
#259=DIRECTION('',(-1.E0,0.E0,0.E0));
#260=DIRECTION('',(0.E0,0.E0,-1.E0));
#261=AXIS2_PLACEMENT_3D('',#258,#259,#260);
#263=CARTESIAN_POINT('',(5.5E0,0.E0,1.633489673078E1));
#264=DIRECTION('',(0.E0,1.E0,0.E0));
#265=DIRECTION('',(7.135639703671E-1,0.E0,7.005900799996E-1));
#266=AXIS2_PLACEMENT_3D('',#263,#264,#265);
#268=DIRECTION('',(-7.005900799992E-1,0.E0,-7.135639703676E-1));
#269=VECTOR('',#268,1.121091506386E0);
#270=CARTESIAN_POINT('',(5.785425588146E0,0.E0,-1.661513276278E1));
#271=LINE('',#270,#269);
#272=DIRECTION('',(-7.005900799992E-1,0.E0,7.135639703676E-1));
#273=VECTOR('',#272,1.121091506386E0);
#274=CARTESIAN_POINT('',(5.785425588146E0,0.E0,1.661513276278E1));
#275=LINE('',#274,#273);
#276=CARTESIAN_POINT('',(5.E0,0.E0,0.E0));
#277=DIRECTION('',(-1.E0,0.E0,0.E0));
#278=DIRECTION('',(0.E0,0.E0,1.E0));
#279=AXIS2_PLACEMENT_3D('',#276,#277,#278);
#281=CARTESIAN_POINT('',(5.E0,0.E0,0.E0));
#282=DIRECTION('',(-1.E0,0.E0,0.E0));
#283=DIRECTION('',(0.E0,0.E0,-1.E0));
#284=AXIS2_PLACEMENT_3D('',#281,#282,#283);
#286=CARTESIAN_POINT('',(5.E0,0.E0,0.E0));
#287=DIRECTION('',(1.E0,0.E0,0.E0));
#288=DIRECTION('',(0.E0,0.E0,1.E0));
#289=AXIS2_PLACEMENT_3D('',#286,#287,#288);
#291=CARTESIAN_POINT('',(5.E0,0.E0,0.E0));
#292=DIRECTION('',(1.E0,0.E0,0.E0));
#293=DIRECTION('',(0.E0,0.E0,-1.E0));
#294=AXIS2_PLACEMENT_3D('',#291,#292,#293);
#296=DIRECTION('',(1.E0,0.E0,3.574522303508E-12));
#297=VECTOR('',#296,2.812733802539E-1);
#298=CARTESIAN_POINT('',(5.E0,0.E0,1.823333333333E1));
#299=LINE('',#298,#297);
#300=DIRECTION('',(1.E0,0.E0,-3.574522303508E-12));
#301=VECTOR('',#300,2.812733802539E-1);
#302=CARTESIAN_POINT('',(5.E0,0.E0,-1.823333333333E1));
#303=LINE('',#302,#301);
#304=DIRECTION('',(-4.788521306830E-1,0.E0,8.778955729131E-1));
#305=VECTOR('',#304,5.077715845529E-1);
#306=CARTESIAN_POINT('',(5.524420885417E0,0.E0,1.778756290720E1));
#307=LINE('',#306,#305);
#308=CARTESIAN_POINT('',(5.281273380257E0,0.E0,0.E0));
#309=DIRECTION('',(1.E0,0.E0,0.E0));
#310=DIRECTION('',(0.E0,0.E0,1.E0));
#311=AXIS2_PLACEMENT_3D('',#308,#309,#310);
#313=CARTESIAN_POINT('',(5.524420885418E0,0.E0,0.E0));
#314=DIRECTION('',(-1.E0,0.E0,0.E0));
#315=DIRECTION('',(0.E0,0.E0,-1.E0));
#316=AXIS2_PLACEMENT_3D('',#313,#314,#315);
#318=CARTESIAN_POINT('',(5.524420885418E0,0.E0,0.E0));
#319=DIRECTION('',(-1.E0,0.E0,0.E0));
#320=DIRECTION('',(0.E0,0.E0,1.E0));
#321=AXIS2_PLACEMENT_3D('',#318,#319,#320);
#323=DIRECTION('',(-4.788521306830E-1,0.E0,-8.778955729131E-1));
#324=VECTOR('',#323,5.077715845529E-1);
#325=CARTESIAN_POINT('',(5.524420885417E0,0.E0,-1.778756290720E1));
#326=LINE('',#325,#324);
#327=CARTESIAN_POINT('',(5.281273380257E0,0.E0,0.E0));
#328=DIRECTION('',(1.E0,0.E0,0.E0));
#329=DIRECTION('',(0.E0,0.E0,-1.E0));
#330=AXIS2_PLACEMENT_3D('',#327,#328,#329);
#332=CARTESIAN_POINT('',(5.699999999986E0,0.E0,0.E0));
#333=DIRECTION('',(-1.E0,0.E0,0.E0));
#334=DIRECTION('',(0.E0,0.E0,1.E0));
#335=AXIS2_PLACEMENT_3D('',#332,#333,#334);
#337=DIRECTION('',(8.778955729126E-1,0.E0,4.788521306838E-1));
#338=VECTOR('',#337,1.999999999839E-1);
#339=CARTESIAN_POINT('',(5.524420885417E0,0.E0,1.778756290720E1));
#340=LINE('',#339,#338);
#341=DIRECTION('',(-1.E0,0.E0,0.E0));
#342=VECTOR('',#341,3.000000000144E-1);
#343=CARTESIAN_POINT('',(6.E0,0.E0,-1.788333333333E1));
#344=LINE('',#343,#342);
#345=DIRECTION('',(-1.E0,0.E0,0.E0));
#346=VECTOR('',#345,3.000000000144E-1);
#347=CARTESIAN_POINT('',(6.E0,0.E0,1.788333333333E1));
#348=LINE('',#347,#346);
#349=CARTESIAN_POINT('',(5.699999999986E0,0.E0,0.E0));
#350=DIRECTION('',(1.E0,0.E0,0.E0));
#351=DIRECTION('',(0.E0,0.E0,1.E0));
#352=AXIS2_PLACEMENT_3D('',#349,#350,#351);
#354=DIRECTION('',(8.778955729126E-1,0.E0,-4.788521306838E-1));
#355=VECTOR('',#354,1.999999999839E-1);
#356=CARTESIAN_POINT('',(5.524420885417E0,0.E0,-1.778756290720E1));
#357=LINE('',#356,#355);
#358=CARTESIAN_POINT('',(6.E0,0.E0,0.E0));
#359=DIRECTION('',(-1.E0,0.E0,0.E0));
#360=DIRECTION('',(0.E0,0.E0,1.E0));
#361=AXIS2_PLACEMENT_3D('',#358,#359,#360);
#363=CARTESIAN_POINT('',(6.E0,0.E0,0.E0));
#364=DIRECTION('',(-1.E0,0.E0,0.E0));
#365=DIRECTION('',(0.E0,0.E0,-1.E0));
#366=AXIS2_PLACEMENT_3D('',#363,#364,#365);
#368=CARTESIAN_POINT('',(6.E0,0.E0,0.E0));
#369=DIRECTION('',(1.E0,0.E0,0.E0));
#370=DIRECTION('',(0.E0,0.E0,-1.E0));
#371=AXIS2_PLACEMENT_3D('',#368,#369,#370);
#373=CARTESIAN_POINT('',(6.E0,0.E0,0.E0));
#374=DIRECTION('',(1.E0,0.E0,0.E0));
#375=DIRECTION('',(0.E0,0.E0,1.E0));
#376=AXIS2_PLACEMENT_3D('',#373,#374,#375);
#378=CARTESIAN_POINT('',(5.4E0,0.E0,2.04E1));
#379=DIRECTION('',(0.E0,-1.E0,0.E0));
#380=DIRECTION('',(1.E0,0.E0,0.E0));
#381=AXIS2_PLACEMENT_3D('',#378,#379,#380);
#383=CARTESIAN_POINT('',(5.4E0,0.E0,0.E0));
#384=DIRECTION('',(-1.E0,0.E0,0.E0));
#385=DIRECTION('',(0.E0,0.E0,1.E0));
#386=AXIS2_PLACEMENT_3D('',#383,#384,#385);
#388=CARTESIAN_POINT('',(5.4E0,0.E0,-2.04E1));
#389=DIRECTION('',(0.E0,1.E0,0.E0));
#390=DIRECTION('',(1.E0,0.E0,0.E0));
#391=AXIS2_PLACEMENT_3D('',#388,#389,#390);
#393=CARTESIAN_POINT('',(5.4E0,0.E0,0.E0));
#394=DIRECTION('',(-1.E0,0.E0,0.E0));
#395=DIRECTION('',(0.E0,0.E0,-1.E0));
#396=AXIS2_PLACEMENT_3D('',#393,#394,#395);
#398=DIRECTION('',(-1.E0,0.E0,0.E0));
#399=VECTOR('',#398,1.08E1);
#400=CARTESIAN_POINT('',(5.4E0,0.E0,-2.1E1));
#401=LINE('',#400,#399);
#402=DIRECTION('',(-1.E0,0.E0,0.E0));
#403=VECTOR('',#402,1.08E1);
#404=CARTESIAN_POINT('',(5.4E0,0.E0,2.1E1));
#405=LINE('',#404,#403);
#406=CARTESIAN_POINT('',(-5.4E0,0.E0,0.E0));
#407=DIRECTION('',(1.E0,0.E0,0.E0));
#408=DIRECTION('',(0.E0,0.E0,-1.E0));
#409=AXIS2_PLACEMENT_3D('',#406,#407,#408);
#411=CARTESIAN_POINT('',(-5.4E0,0.E0,2.04E1));
#412=DIRECTION('',(0.E0,-1.E0,0.E0));
#413=DIRECTION('',(0.E0,0.E0,1.E0));
#414=AXIS2_PLACEMENT_3D('',#411,#412,#413);
#416=CARTESIAN_POINT('',(-5.4E0,0.E0,-2.04E1));
#417=DIRECTION('',(0.E0,1.E0,0.E0));
#418=DIRECTION('',(0.E0,0.E0,-1.E0));
#419=AXIS2_PLACEMENT_3D('',#416,#417,#418);
#421=CARTESIAN_POINT('',(-5.4E0,0.E0,0.E0));
#422=DIRECTION('',(1.E0,0.E0,0.E0));
#423=DIRECTION('',(0.E0,0.E0,1.E0));
#424=AXIS2_PLACEMENT_3D('',#421,#422,#423);
#426=CARTESIAN_POINT('',(-6.E0,0.E0,0.E0));
#427=DIRECTION('',(1.E0,0.E0,0.E0));
#428=DIRECTION('',(0.E0,0.E0,-1.E0));
#429=AXIS2_PLACEMENT_3D('',#426,#427,#428);
#431=CARTESIAN_POINT('',(-6.E0,0.E0,0.E0));
#432=DIRECTION('',(1.E0,0.E0,0.E0));
#433=DIRECTION('',(0.E0,0.E0,1.E0));
#434=AXIS2_PLACEMENT_3D('',#431,#432,#433);
#436=CARTESIAN_POINT('',(-6.E0,0.E0,0.E0));
#437=DIRECTION('',(-1.E0,0.E0,0.E0));
#438=DIRECTION('',(0.E0,0.E0,1.E0));
#439=AXIS2_PLACEMENT_3D('',#436,#437,#438);
#441=CARTESIAN_POINT('',(-6.E0,0.E0,0.E0));
#442=DIRECTION('',(-1.E0,0.E0,0.E0));
#443=DIRECTION('',(0.E0,0.E0,-1.E0));
#444=AXIS2_PLACEMENT_3D('',#441,#442,#443);
#446=DIRECTION('',(-1.E0,0.E0,0.E0));
#447=VECTOR('',#446,3.000000000144E-1);
#448=CARTESIAN_POINT('',(-5.699999999986E0,0.E0,-1.788333333333E1));
#449=LINE('',#448,#447);
#450=CARTESIAN_POINT('',(-5.699999999986E0,0.E0,0.E0));
#451=DIRECTION('',(-1.E0,0.E0,0.E0));
#452=DIRECTION('',(0.E0,0.E0,1.E0));
#453=AXIS2_PLACEMENT_3D('',#450,#451,#452);
#455=CARTESIAN_POINT('',(-5.524420885418E0,0.E0,0.E0));
#456=DIRECTION('',(-1.E0,0.E0,0.E0));
#457=DIRECTION('',(0.E0,0.E0,1.E0));
#458=AXIS2_PLACEMENT_3D('',#455,#456,#457);
#460=DIRECTION('',(-8.778955729126E-1,1.095038346326E-14,-4.788521306838E-1));
#461=VECTOR('',#460,1.999999999839E-1);
#462=CARTESIAN_POINT('',(-5.524420885417E0,0.E0,-1.778756290720E1));
#463=LINE('',#462,#461);
#464=CARTESIAN_POINT('',(-5.699999999986E0,0.E0,0.E0));
#465=DIRECTION('',(-1.E0,0.E0,0.E0));
#466=DIRECTION('',(0.E0,0.E0,-1.E0));
#467=AXIS2_PLACEMENT_3D('',#464,#465,#466);
#469=CARTESIAN_POINT('',(-5.524420885418E0,0.E0,0.E0));
#470=DIRECTION('',(-1.E0,0.E0,0.E0));
#471=DIRECTION('',(0.E0,0.E0,-1.E0));
#472=AXIS2_PLACEMENT_3D('',#469,#470,#471);
#474=DIRECTION('',(-8.778955729126E-1,-1.095038346326E-14,4.788521306838E-1));
#475=VECTOR('',#474,1.999999999839E-1);
#476=CARTESIAN_POINT('',(-5.524420885417E0,0.E0,1.778756290720E1));
#477=LINE('',#476,#475);
#478=DIRECTION('',(-1.E0,0.E0,0.E0));
#479=VECTOR('',#478,3.000000000144E-1);
#480=CARTESIAN_POINT('',(-5.699999999986E0,0.E0,1.788333333333E1));
#481=LINE('',#480,#479);
#482=DIRECTION('',(4.788521306830E-1,0.E0,-8.778955729131E-1));
#483=VECTOR('',#482,5.077715845529E-1);
#484=CARTESIAN_POINT('',(-5.524420885417E0,0.E0,-1.778756290720E1));
#485=LINE('',#484,#483);
#486=CARTESIAN_POINT('',(-5.281273380257E0,0.E0,0.E0));
#487=DIRECTION('',(-1.E0,0.E0,0.E0));
#488=DIRECTION('',(0.E0,0.E0,-1.E0));
#489=AXIS2_PLACEMENT_3D('',#486,#487,#488);
#491=DIRECTION('',(4.788521306830E-1,0.E0,8.778955729131E-1));
#492=VECTOR('',#491,5.077715845529E-1);
#493=CARTESIAN_POINT('',(-5.524420885417E0,0.E0,1.778756290720E1));
#494=LINE('',#493,#492);
#495=CARTESIAN_POINT('',(-5.281273380257E0,0.E0,0.E0));
#496=DIRECTION('',(-1.E0,0.E0,0.E0));
#497=DIRECTION('',(0.E0,0.E0,1.E0));
#498=AXIS2_PLACEMENT_3D('',#495,#496,#497);
#500=DIRECTION('',(-1.E0,0.E0,-3.574522303508E-12));
#501=VECTOR('',#500,2.812733802539E-1);
#502=CARTESIAN_POINT('',(-5.E0,0.E0,-1.823333333333E1));
#503=LINE('',#502,#501);
#504=DIRECTION('',(-1.E0,0.E0,3.574522303508E-12));
#505=VECTOR('',#504,2.812733802539E-1);
#506=CARTESIAN_POINT('',(-5.E0,0.E0,1.823333333333E1));
#507=LINE('',#506,#505);
#508=CARTESIAN_POINT('',(-5.E0,0.E0,0.E0));
#509=DIRECTION('',(1.E0,0.E0,0.E0));
#510=DIRECTION('',(0.E0,0.E0,-1.E0));
#511=AXIS2_PLACEMENT_3D('',#508,#509,#510);
#513=CARTESIAN_POINT('',(-5.E0,0.E0,0.E0));
#514=DIRECTION('',(1.E0,0.E0,0.E0));
#515=DIRECTION('',(0.E0,0.E0,1.E0));
#516=AXIS2_PLACEMENT_3D('',#513,#514,#515);
#518=CARTESIAN_POINT('',(-5.E0,0.E0,0.E0));
#519=DIRECTION('',(-1.E0,0.E0,0.E0));
#520=DIRECTION('',(0.E0,0.E0,-1.E0));
#521=AXIS2_PLACEMENT_3D('',#518,#519,#520);
#523=CARTESIAN_POINT('',(-5.E0,0.E0,0.E0));
#524=DIRECTION('',(-1.E0,0.E0,0.E0));
#525=DIRECTION('',(0.E0,0.E0,1.E0));
#526=AXIS2_PLACEMENT_3D('',#523,#524,#525);
#528=DIRECTION('',(7.005900799992E-1,0.E0,7.135639703676E-1));
#529=VECTOR('',#528,1.121091506386E0);
#530=CARTESIAN_POINT('',(-5.785425588146E0,0.E0,1.661513276278E1));
#531=LINE('',#530,#529);
#532=DIRECTION('',(7.005900799992E-1,0.E0,-7.135639703676E-1));
#533=VECTOR('',#532,1.121091506386E0);
#534=CARTESIAN_POINT('',(-5.785425588146E0,0.E0,-1.661513276278E1));
#535=LINE('',#534,#533);
#536=CARTESIAN_POINT('',(-5.785425588147E0,0.E0,0.E0));
#537=DIRECTION('',(1.E0,0.E0,0.E0));
#538=DIRECTION('',(0.E0,0.E0,-1.E0));
#539=AXIS2_PLACEMENT_3D('',#536,#537,#538);
#541=CARTESIAN_POINT('',(-5.5E0,0.E0,1.633489673078E1));
#542=DIRECTION('',(0.E0,-1.E0,0.E0));
#543=DIRECTION('',(-7.135639703671E-1,0.E0,7.005900799996E-1));
#544=AXIS2_PLACEMENT_3D('',#541,#542,#543);
#546=CARTESIAN_POINT('',(-5.5E0,0.E0,-1.633489673078E1));
#547=DIRECTION('',(0.E0,1.E0,0.E0));
#548=DIRECTION('',(-7.135639703671E-1,0.E0,-7.005900799996E-1));
#549=AXIS2_PLACEMENT_3D('',#546,#547,#548);
#551=CARTESIAN_POINT('',(-5.785425588147E0,0.E0,0.E0));
#552=DIRECTION('',(1.E0,0.E0,0.E0));
#553=DIRECTION('',(0.E0,0.E0,1.E0));
#554=AXIS2_PLACEMENT_3D('',#551,#552,#553);
#556=CARTESIAN_POINT('',(-5.9E0,0.E0,0.E0));
#557=DIRECTION('',(1.E0,0.E0,0.E0));
#558=DIRECTION('',(0.E0,0.E0,-1.E0));
#559=AXIS2_PLACEMENT_3D('',#556,#557,#558);
#561=CARTESIAN_POINT('',(-5.9E0,0.E0,0.E0));
#562=DIRECTION('',(1.E0,0.E0,0.E0));
#563=DIRECTION('',(0.E0,0.E0,1.E0));
#564=AXIS2_PLACEMENT_3D('',#561,#562,#563);
#566=CARTESIAN_POINT('',(-5.9E0,0.E0,0.E0));
#567=DIRECTION('',(-1.E0,0.E0,0.E0));
#568=DIRECTION('',(0.E0,0.E0,1.E0));
#569=AXIS2_PLACEMENT_3D('',#566,#567,#568);
#571=CARTESIAN_POINT('',(-5.9E0,0.E0,0.E0));
#572=DIRECTION('',(-1.E0,0.E0,0.E0));
#573=DIRECTION('',(0.E0,0.E0,-1.E0));
#574=AXIS2_PLACEMENT_3D('',#571,#572,#573);
#576=CARTESIAN_POINT('',(-5.5E0,0.E0,1.386666666667E1));
#577=DIRECTION('',(0.E0,-1.E0,0.E0));
#578=DIRECTION('',(-1.E0,0.E0,0.E0));
#579=AXIS2_PLACEMENT_3D('',#576,#577,#578);
#581=CARTESIAN_POINT('',(-5.5E0,0.E0,0.E0));
#582=DIRECTION('',(-1.E0,0.E0,0.E0));
#583=DIRECTION('',(0.E0,0.E0,1.E0));
#584=AXIS2_PLACEMENT_3D('',#581,#582,#583);
#586=CARTESIAN_POINT('',(-5.5E0,0.E0,-1.386666666667E1));
#587=DIRECTION('',(0.E0,1.E0,0.E0));
#588=DIRECTION('',(-1.E0,0.E0,0.E0));
#589=AXIS2_PLACEMENT_3D('',#586,#587,#588);
#591=CARTESIAN_POINT('',(-5.5E0,0.E0,0.E0));
#592=DIRECTION('',(-1.E0,0.E0,0.E0));
#593=DIRECTION('',(0.E0,0.E0,-1.E0));
#594=AXIS2_PLACEMENT_3D('',#591,#592,#593);
#596=CARTESIAN_POINT('',(-4.8E0,0.E0,0.E0));
#597=DIRECTION('',(-1.E0,0.E0,0.E0));
#598=DIRECTION('',(0.E0,0.E0,-1.E0));
#599=AXIS2_PLACEMENT_3D('',#596,#597,#598);
#601=DIRECTION('',(-1.E0,0.E0,0.E0));
#602=VECTOR('',#601,7.E-1);
#603=CARTESIAN_POINT('',(-4.8E0,0.E0,1.346666666667E1));
#604=LINE('',#603,#602);
#605=CARTESIAN_POINT('',(-4.8E0,0.E0,0.E0));
#606=DIRECTION('',(-1.E0,0.E0,0.E0));
#607=DIRECTION('',(0.E0,0.E0,1.E0));
#608=AXIS2_PLACEMENT_3D('',#605,#606,#607);
#610=CARTESIAN_POINT('',(-4.8E0,0.E0,0.E0));
#611=DIRECTION('',(-1.E0,0.E0,0.E0));
#612=DIRECTION('',(0.E0,0.E0,-1.E0));
#613=AXIS2_PLACEMENT_3D('',#610,#611,#612);
#615=CARTESIAN_POINT('',(-4.8E0,0.E0,0.E0));
#616=DIRECTION('',(-1.E0,0.E0,0.E0));
#617=DIRECTION('',(0.E0,0.E0,1.E0));
#618=AXIS2_PLACEMENT_3D('',#615,#616,#617);
#620=DIRECTION('',(-1.E0,0.E0,0.E0));
#621=VECTOR('',#620,7.E-1);
#622=CARTESIAN_POINT('',(-4.8E0,0.E0,-1.346666666667E1));
#623=LINE('',#622,#621);
#624=DIRECTION('',(-1.E0,0.E0,0.E0));
#625=VECTOR('',#624,6.E-1);
#626=CARTESIAN_POINT('',(-4.8E0,0.E0,1.256666666667E1));
#627=LINE('',#626,#625);
#628=DIRECTION('',(-1.E0,0.E0,0.E0));
#629=VECTOR('',#628,6.E-1);
#630=CARTESIAN_POINT('',(-4.8E0,0.E0,-1.256666666667E1));
#631=LINE('',#630,#629);
#632=DIRECTION('',(-4.788521306806E-1,0.E0,-8.778955729144E-1));
#633=VECTOR('',#632,6.264982043071E-1);
#634=CARTESIAN_POINT('',(-5.4E0,0.E0,-1.256666666667E1));
#635=LINE('',#634,#633);
#636=CARTESIAN_POINT('',(-5.7E0,0.E0,0.E0));
#637=DIRECTION('',(-1.E0,0.E0,0.E0));
#638=DIRECTION('',(0.E0,0.E0,-1.E0));
#639=AXIS2_PLACEMENT_3D('',#636,#637,#638);
#641=CARTESIAN_POINT('',(-5.4E0,0.E0,0.E0));
#642=DIRECTION('',(1.E0,0.E0,0.E0));
#643=DIRECTION('',(0.E0,0.E0,1.E0));
#644=AXIS2_PLACEMENT_3D('',#641,#642,#643);
#646=CARTESIAN_POINT('',(-5.4E0,0.E0,0.E0));
#647=DIRECTION('',(1.E0,0.E0,0.E0));
#648=DIRECTION('',(0.E0,0.E0,-1.E0));
#649=AXIS2_PLACEMENT_3D('',#646,#647,#648);
#651=DIRECTION('',(-4.788521306806E-1,0.E0,8.778955729144E-1));
#652=VECTOR('',#651,6.264982043071E-1);
#653=CARTESIAN_POINT('',(-5.4E0,0.E0,1.256666666667E1));
#654=LINE('',#653,#652);
#655=CARTESIAN_POINT('',(-5.7E0,0.E0,0.E0));
#656=DIRECTION('',(-1.E0,0.E0,0.E0));
#657=DIRECTION('',(0.E0,0.E0,1.E0));
#658=AXIS2_PLACEMENT_3D('',#655,#656,#657);
#660=DIRECTION('',(-1.E0,0.E0,2.368475785867E-14));
#661=VECTOR('',#660,3.E-1);
#662=CARTESIAN_POINT('',(-5.7E0,0.E0,1.311666666667E1));
#663=LINE('',#662,#661);
#664=DIRECTION('',(-1.E0,0.E0,-2.368475785867E-14));
#665=VECTOR('',#664,3.E-1);
#666=CARTESIAN_POINT('',(-5.7E0,0.E0,-1.311666666667E1));
#667=LINE('',#666,#665);
#668=CARTESIAN_POINT('',(-6.E0,0.E0,0.E0));
#669=DIRECTION('',(1.E0,0.E0,0.E0));
#670=DIRECTION('',(0.E0,0.E0,-1.E0));
#671=AXIS2_PLACEMENT_3D('',#668,#669,#670);
#673=CARTESIAN_POINT('',(-6.E0,0.E0,0.E0));
#674=DIRECTION('',(1.E0,0.E0,0.E0));
#675=DIRECTION('',(0.E0,0.E0,1.E0));
#676=AXIS2_PLACEMENT_3D('',#673,#674,#675);
#678=CARTESIAN_POINT('',(-6.E0,0.E0,0.E0));
#679=DIRECTION('',(-1.E0,0.E0,0.E0));
#680=DIRECTION('',(0.E0,0.E0,1.E0));
#681=AXIS2_PLACEMENT_3D('',#678,#679,#680);
#683=CARTESIAN_POINT('',(-6.E0,0.E0,0.E0));
#684=DIRECTION('',(-1.E0,0.E0,0.E0));
#685=DIRECTION('',(0.E0,0.E0,-1.E0));
#686=AXIS2_PLACEMENT_3D('',#683,#684,#685);
#688=CARTESIAN_POINT('',(-5.4E0,0.E0,1.06E1));
#689=DIRECTION('',(0.E0,-1.E0,0.E0));
#690=DIRECTION('',(-1.E0,0.E0,0.E0));
#691=AXIS2_PLACEMENT_3D('',#688,#689,#690);
#693=CARTESIAN_POINT('',(-5.4E0,0.E0,0.E0));
#694=DIRECTION('',(-1.E0,0.E0,0.E0));
#695=DIRECTION('',(0.E0,0.E0,1.E0));
#696=AXIS2_PLACEMENT_3D('',#693,#694,#695);
#698=CARTESIAN_POINT('',(-5.4E0,0.E0,-1.06E1));
#699=DIRECTION('',(0.E0,1.E0,0.E0));
#700=DIRECTION('',(-1.E0,0.E0,0.E0));
#701=AXIS2_PLACEMENT_3D('',#698,#699,#700);
#703=CARTESIAN_POINT('',(-5.4E0,0.E0,0.E0));
#704=DIRECTION('',(-1.E0,0.E0,0.E0));
#705=DIRECTION('',(0.E0,0.E0,-1.E0));
#706=AXIS2_PLACEMENT_3D('',#703,#704,#705);
#708=DIRECTION('',(-1.E0,0.E0,0.E0));
#709=VECTOR('',#708,1.08E1);
#710=CARTESIAN_POINT('',(5.4E0,0.E0,1.E1));
#711=LINE('',#710,#709);
#712=CARTESIAN_POINT('',(5.4E0,0.E0,-1.06E1));
#713=DIRECTION('',(0.E0,1.E0,0.E0));
#714=DIRECTION('',(0.E0,0.E0,1.E0));
#715=AXIS2_PLACEMENT_3D('',#712,#713,#714);
#717=CARTESIAN_POINT('',(5.4E0,0.E0,0.E0));
#718=DIRECTION('',(1.E0,0.E0,0.E0));
#719=DIRECTION('',(0.E0,0.E0,1.E0));
#720=AXIS2_PLACEMENT_3D('',#717,#718,#719);
#722=CARTESIAN_POINT('',(5.4E0,0.E0,0.E0));
#723=DIRECTION('',(1.E0,0.E0,0.E0));
#724=DIRECTION('',(0.E0,0.E0,-1.E0));
#725=AXIS2_PLACEMENT_3D('',#722,#723,#724);
#727=CARTESIAN_POINT('',(5.4E0,0.E0,1.06E1));
#728=DIRECTION('',(0.E0,-1.E0,0.E0));
#729=DIRECTION('',(0.E0,0.E0,-1.E0));
#730=AXIS2_PLACEMENT_3D('',#727,#728,#729);
#732=DIRECTION('',(-1.E0,0.E0,0.E0));
#733=VECTOR('',#732,1.08E1);
#734=CARTESIAN_POINT('',(5.4E0,0.E0,-1.E1));
#735=LINE('',#734,#733);
#736=CARTESIAN_POINT('',(6.E0,0.E0,0.E0));
#737=DIRECTION('',(-1.E0,0.E0,0.E0));
#738=DIRECTION('',(0.E0,0.E0,1.E0));
#739=AXIS2_PLACEMENT_3D('',#736,#737,#738);
#741=CARTESIAN_POINT('',(6.E0,0.E0,0.E0));
#742=DIRECTION('',(-1.E0,0.E0,0.E0));
#743=DIRECTION('',(0.E0,0.E0,-1.E0));
#744=AXIS2_PLACEMENT_3D('',#741,#742,#743);
#746=CARTESIAN_POINT('',(6.E0,0.E0,0.E0));
#747=DIRECTION('',(1.E0,0.E0,0.E0));
#748=DIRECTION('',(0.E0,0.E0,-1.E0));
#749=AXIS2_PLACEMENT_3D('',#746,#747,#748);
#751=CARTESIAN_POINT('',(6.E0,0.E0,0.E0));
#752=DIRECTION('',(1.E0,0.E0,0.E0));
#753=DIRECTION('',(0.E0,0.E0,1.E0));
#754=AXIS2_PLACEMENT_3D('',#751,#752,#753);
#756=DIRECTION('',(-1.E0,0.E0,-2.368475785867E-14));
#757=VECTOR('',#756,3.E-1);
#758=CARTESIAN_POINT('',(6.E0,0.E0,1.311666666667E1));
#759=LINE('',#758,#757);
#760=DIRECTION('',(-1.E0,0.E0,2.368475785867E-14));
#761=VECTOR('',#760,3.E-1);
#762=CARTESIAN_POINT('',(6.E0,0.E0,-1.311666666667E1));
#763=LINE('',#762,#761);
#764=DIRECTION('',(4.788521306806E-1,0.E0,8.778955729144E-1));
#765=VECTOR('',#764,6.264982043071E-1);
#766=CARTESIAN_POINT('',(5.4E0,0.E0,1.256666666667E1));
#767=LINE('',#766,#765);
#768=CARTESIAN_POINT('',(5.7E0,0.E0,0.E0));
#769=DIRECTION('',(1.E0,0.E0,0.E0));
#770=DIRECTION('',(0.E0,0.E0,1.E0));
#771=AXIS2_PLACEMENT_3D('',#768,#769,#770);
#773=CARTESIAN_POINT('',(5.4E0,0.E0,0.E0));
#774=DIRECTION('',(-1.E0,0.E0,0.E0));
#775=DIRECTION('',(0.E0,0.E0,-1.E0));
#776=AXIS2_PLACEMENT_3D('',#773,#774,#775);
#778=CARTESIAN_POINT('',(5.4E0,0.E0,0.E0));
#779=DIRECTION('',(-1.E0,0.E0,0.E0));
#780=DIRECTION('',(0.E0,0.E0,1.E0));
#781=AXIS2_PLACEMENT_3D('',#778,#779,#780);
#783=DIRECTION('',(4.788521306806E-1,0.E0,-8.778955729144E-1));
#784=VECTOR('',#783,6.264982043071E-1);
#785=CARTESIAN_POINT('',(5.4E0,0.E0,-1.256666666667E1));
#786=LINE('',#785,#784);
#787=CARTESIAN_POINT('',(5.7E0,0.E0,0.E0));
#788=DIRECTION('',(1.E0,0.E0,0.E0));
#789=DIRECTION('',(0.E0,0.E0,-1.E0));
#790=AXIS2_PLACEMENT_3D('',#787,#788,#789);
#792=DIRECTION('',(-1.E0,0.E0,0.E0));
#793=VECTOR('',#792,6.E-1);
#794=CARTESIAN_POINT('',(5.4E0,0.E0,1.256666666667E1));
#795=LINE('',#794,#793);
#796=DIRECTION('',(-1.E0,0.E0,0.E0));
#797=VECTOR('',#796,6.E-1);
#798=CARTESIAN_POINT('',(5.4E0,0.E0,-1.256666666667E1));
#799=LINE('',#798,#797);
#800=CARTESIAN_POINT('',(4.8E0,0.E0,0.E0));
#801=DIRECTION('',(1.E0,0.E0,0.E0));
#802=DIRECTION('',(0.E0,0.E0,-1.E0));
#803=AXIS2_PLACEMENT_3D('',#800,#801,#802);
#805=CARTESIAN_POINT('',(4.8E0,0.E0,0.E0));
#806=DIRECTION('',(1.E0,0.E0,0.E0));
#807=DIRECTION('',(0.E0,0.E0,1.E0));
#808=AXIS2_PLACEMENT_3D('',#805,#806,#807);
#810=CARTESIAN_POINT('',(4.8E0,0.E0,0.E0));
#811=DIRECTION('',(1.E0,0.E0,0.E0));
#812=DIRECTION('',(0.E0,0.E0,-1.E0));
#813=AXIS2_PLACEMENT_3D('',#810,#811,#812);
#815=DIRECTION('',(1.E0,0.E0,0.E0));
#816=VECTOR('',#815,7.E-1);
#817=CARTESIAN_POINT('',(4.8E0,0.E0,1.346666666667E1));
#818=LINE('',#817,#816);
#819=CARTESIAN_POINT('',(4.8E0,0.E0,0.E0));
#820=DIRECTION('',(1.E0,0.E0,0.E0));
#821=DIRECTION('',(0.E0,0.E0,1.E0));
#822=AXIS2_PLACEMENT_3D('',#819,#820,#821);
#824=DIRECTION('',(1.E0,0.E0,0.E0));
#825=VECTOR('',#824,7.E-1);
#826=CARTESIAN_POINT('',(4.8E0,0.E0,-1.346666666667E1));
#827=LINE('',#826,#825);
#828=CARTESIAN_POINT('',(5.9E0,0.E0,-1.386666666667E1));
#829=CARTESIAN_POINT('',(5.5E0,0.E0,-1.346666666667E1));
#830=VERTEX_POINT('',#828);
#831=VERTEX_POINT('',#829);
#832=CARTESIAN_POINT('',(5.5E0,0.E0,1.346666666667E1));
#833=VERTEX_POINT('',#832);
#834=CARTESIAN_POINT('',(5.9E0,0.E0,1.386666666667E1));
#835=VERTEX_POINT('',#834);
#836=CARTESIAN_POINT('',(5.9E0,0.E0,1.633489673078E1));
#837=CARTESIAN_POINT('',(5.9E0,0.E0,-1.633489673078E1));
#838=VERTEX_POINT('',#836);
#839=VERTEX_POINT('',#837);
#840=CARTESIAN_POINT('',(5.785425588147E0,0.E0,-1.661513276278E1));
#841=VERTEX_POINT('',#840);
#842=CARTESIAN_POINT('',(5.785425588147E0,0.E0,1.661513276278E1));
#843=VERTEX_POINT('',#842);
#844=CARTESIAN_POINT('',(5.000000000001E0,0.E0,-1.741510326922E1));
#845=VERTEX_POINT('',#844);
#846=CARTESIAN_POINT('',(5.E0,0.E0,1.741510326922E1));
#847=VERTEX_POINT('',#846);
#848=CARTESIAN_POINT('',(5.E0,0.E0,1.823333333333E1));
#849=CARTESIAN_POINT('',(5.E0,0.E0,-1.823333333333E1));
#850=VERTEX_POINT('',#848);
#851=VERTEX_POINT('',#849);
#852=CARTESIAN_POINT('',(5.281273380254E0,0.E0,1.823333333333E1));
#853=VERTEX_POINT('',#852);
#854=CARTESIAN_POINT('',(5.281273380257E0,0.E0,-1.823333333333E1));
#855=VERTEX_POINT('',#854);
#856=CARTESIAN_POINT('',(5.524420885417E0,0.E0,1.778756290720E1));
#857=VERTEX_POINT('',#856);
#858=CARTESIAN_POINT('',(5.524420885417E0,0.E0,-1.778756290720E1));
#859=VERTEX_POINT('',#858);
#860=CARTESIAN_POINT('',(-5.785425588147E0,0.E0,-1.661513276278E1));
#861=CARTESIAN_POINT('',(-5.9E0,0.E0,-1.633489673078E1));
#862=VERTEX_POINT('',#860);
#863=VERTEX_POINT('',#861);
#864=CARTESIAN_POINT('',(-5.9E0,0.E0,1.633489673078E1));
#865=VERTEX_POINT('',#864);
#866=CARTESIAN_POINT('',(-5.785425588147E0,0.E0,1.661513276278E1));
#867=VERTEX_POINT('',#866);
#868=CARTESIAN_POINT('',(-5.000000000001E0,0.E0,-1.741510326922E1));
#869=VERTEX_POINT('',#868);
#870=CARTESIAN_POINT('',(-5.E0,0.E0,1.741510326922E1));
#871=VERTEX_POINT('',#870);
#872=CARTESIAN_POINT('',(-5.E0,0.E0,-1.823333333333E1));
#873=CARTESIAN_POINT('',(-5.E0,0.E0,1.823333333333E1));
#874=VERTEX_POINT('',#872);
#875=VERTEX_POINT('',#873);
#876=CARTESIAN_POINT('',(-5.281273380254E0,0.E0,-1.823333333333E1));
#877=VERTEX_POINT('',#876);
#878=CARTESIAN_POINT('',(-5.281273380257E0,0.E0,1.823333333333E1));
#879=VERTEX_POINT('',#878);
#880=CARTESIAN_POINT('',(-5.524420885418E0,0.E0,-1.778756290720E1));
#881=CARTESIAN_POINT('',(-5.524420885418E0,0.E0,1.778756290720E1));
#882=VERTEX_POINT('',#880);
#883=VERTEX_POINT('',#881);
#884=CARTESIAN_POINT('',(-5.5E0,0.E0,1.346666666667E1));
#885=CARTESIAN_POINT('',(-5.5E0,0.E0,-1.346666666667E1));
#886=VERTEX_POINT('',#884);
#887=VERTEX_POINT('',#885);
#888=CARTESIAN_POINT('',(-5.9E0,0.E0,-1.386666666667E1));
#889=VERTEX_POINT('',#888);
#890=CARTESIAN_POINT('',(-5.9E0,0.E0,1.386666666667E1));
#891=VERTEX_POINT('',#890);
#892=CARTESIAN_POINT('',(6.E0,0.E0,2.04E1));
#893=CARTESIAN_POINT('',(6.E0,0.E0,-2.04E1));
#894=VERTEX_POINT('',#892);
#895=VERTEX_POINT('',#893);
#896=CARTESIAN_POINT('',(6.E0,0.E0,-1.788333333333E1));
#897=CARTESIAN_POINT('',(6.E0,0.E0,1.788333333333E1));
#898=VERTEX_POINT('',#896);
#899=VERTEX_POINT('',#897);
#900=CARTESIAN_POINT('',(5.4E0,0.E0,2.1E1));
#901=VERTEX_POINT('',#900);
#902=CARTESIAN_POINT('',(5.4E0,0.E0,-2.1E1));
#903=VERTEX_POINT('',#902);
#904=CARTESIAN_POINT('',(-5.4E0,0.E0,-2.1E1));
#905=VERTEX_POINT('',#904);
#906=CARTESIAN_POINT('',(-5.4E0,0.E0,2.1E1));
#907=VERTEX_POINT('',#906);
#908=CARTESIAN_POINT('',(-6.E0,0.E0,2.04E1));
#909=VERTEX_POINT('',#908);
#910=CARTESIAN_POINT('',(-6.E0,0.E0,-2.04E1));
#911=VERTEX_POINT('',#910);
#912=CARTESIAN_POINT('',(-6.E0,0.E0,1.788333333333E1));
#913=CARTESIAN_POINT('',(-6.E0,0.E0,-1.788333333333E1));
#914=VERTEX_POINT('',#912);
#915=VERTEX_POINT('',#913);
#916=CARTESIAN_POINT('',(5.699999999986E0,0.E0,1.788333333333E1));
#917=CARTESIAN_POINT('',(5.699999999986E0,0.E0,-1.788333333333E1));
#918=VERTEX_POINT('',#916);
#919=VERTEX_POINT('',#917);
#920=CARTESIAN_POINT('',(-5.699999999986E0,0.E0,-1.788333333333E1));
#921=CARTESIAN_POINT('',(-5.699999999986E0,0.E0,1.788333333333E1));
#922=VERTEX_POINT('',#920);
#923=VERTEX_POINT('',#921);
#924=CARTESIAN_POINT('',(-4.8E0,0.E0,1.256666666667E1));
#925=CARTESIAN_POINT('',(-4.8E0,0.E0,-1.256666666667E1));
#926=VERTEX_POINT('',#924);
#927=VERTEX_POINT('',#925);
#928=CARTESIAN_POINT('',(-5.4E0,0.E0,1.256666666667E1));
#929=VERTEX_POINT('',#928);
#930=CARTESIAN_POINT('',(-5.4E0,0.E0,-1.256666666667E1));
#931=VERTEX_POINT('',#930);
#932=CARTESIAN_POINT('',(4.8E0,0.E0,-1.256666666667E1));
#933=CARTESIAN_POINT('',(4.8E0,0.E0,1.256666666667E1));
#934=VERTEX_POINT('',#932);
#935=VERTEX_POINT('',#933);
#936=CARTESIAN_POINT('',(5.4E0,0.E0,1.256666666667E1));
#937=CARTESIAN_POINT('',(5.4E0,0.E0,-1.256666666667E1));
#938=VERTEX_POINT('',#936);
#939=VERTEX_POINT('',#937);
#940=CARTESIAN_POINT('',(5.7E0,0.E0,-1.311666666667E1));
#941=VERTEX_POINT('',#940);
#942=CARTESIAN_POINT('',(5.7E0,0.E0,1.311666666667E1));
#943=VERTEX_POINT('',#942);
#944=CARTESIAN_POINT('',(6.E0,0.E0,-1.311666666667E1));
#945=VERTEX_POINT('',#944);
#946=CARTESIAN_POINT('',(6.E0,0.E0,1.311666666667E1));
#947=VERTEX_POINT('',#946);
#948=CARTESIAN_POINT('',(6.E0,0.E0,-1.06E1));
#949=CARTESIAN_POINT('',(6.E0,0.E0,1.06E1));
#950=VERTEX_POINT('',#948);
#951=VERTEX_POINT('',#949);
#952=CARTESIAN_POINT('',(5.4E0,0.E0,-1.E1));
#953=CARTESIAN_POINT('',(5.4E0,0.E0,1.E1));
#954=VERTEX_POINT('',#952);
#955=VERTEX_POINT('',#953);
#956=CARTESIAN_POINT('',(-5.4E0,0.E0,-1.E1));
#957=VERTEX_POINT('',#956);
#958=CARTESIAN_POINT('',(-5.4E0,0.E0,1.E1));
#959=VERTEX_POINT('',#958);
#960=CARTESIAN_POINT('',(-6.E0,0.E0,-1.06E1));
#961=VERTEX_POINT('',#960);
#962=CARTESIAN_POINT('',(-6.E0,0.E0,1.06E1));
#963=VERTEX_POINT('',#962);
#964=CARTESIAN_POINT('',(-6.E0,0.E0,-1.311666666667E1));
#965=CARTESIAN_POINT('',(-6.E0,0.E0,1.311666666667E1));
#966=VERTEX_POINT('',#964);
#967=VERTEX_POINT('',#965);
#968=CARTESIAN_POINT('',(-5.7E0,0.E0,1.311666666667E1));
#969=CARTESIAN_POINT('',(-5.7E0,0.E0,-1.311666666667E1));
#970=VERTEX_POINT('',#968);
#971=VERTEX_POINT('',#969);
#972=CARTESIAN_POINT('',(4.8E0,0.E0,-1.346666666667E1));
#973=CARTESIAN_POINT('',(4.8E0,0.E0,1.346666666667E1));
#974=VERTEX_POINT('',#972);
#975=VERTEX_POINT('',#973);
#976=CARTESIAN_POINT('',(-4.8E0,0.E0,1.346666666667E1));
#977=CARTESIAN_POINT('',(-4.8E0,0.E0,-1.346666666667E1));
#978=VERTEX_POINT('',#976);
#979=VERTEX_POINT('',#977);
#980=CARTESIAN_POINT('',(5.5E0,0.E0,0.E0));
#981=DIRECTION('',(1.E0,0.E0,0.E0));
#982=DIRECTION('',(0.E0,0.E0,1.E0));
#983=AXIS2_PLACEMENT_3D('',#980,#981,#982);
#984=TOROIDAL_SURFACE('',#983,1.386666666667E1,4.E-1);
#986=ORIENTED_EDGE('',*,*,#985,.T.);
#988=ORIENTED_EDGE('',*,*,#987,.T.);
#990=ORIENTED_EDGE('',*,*,#989,.F.);
#992=ORIENTED_EDGE('',*,*,#991,.F.);
#993=EDGE_LOOP('',(#986,#988,#990,#992));
#994=FACE_OUTER_BOUND('',#993,.F.);
#995=ADVANCED_FACE('',(#994),#984,.T.);
#996=FILL_AREA_STYLE_COLOUR('',#96);
#997=FILL_AREA_STYLE('',(#996));
#998=SURFACE_STYLE_FILL_AREA(#997);
#999=SURFACE_SIDE_STYLE('',(#998));
#1000=SURFACE_STYLE_USAGE(.BOTH.,#999);
#1001=PRESENTATION_STYLE_ASSIGNMENT((#1000));
#1002=STYLED_ITEM('',(#1001),#995);
#1003=CARTESIAN_POINT('',(5.5E0,0.E0,0.E0));
#1004=DIRECTION('',(1.E0,0.E0,0.E0));
#1005=DIRECTION('',(0.E0,0.E0,1.E0));
#1006=AXIS2_PLACEMENT_3D('',#1003,#1004,#1005);
#1007=TOROIDAL_SURFACE('',#1006,1.386666666667E1,4.E-1);
#1009=ORIENTED_EDGE('',*,*,#1008,.F.);
#1010=ORIENTED_EDGE('',*,*,#989,.T.);
#1012=ORIENTED_EDGE('',*,*,#1011,.T.);
#1013=ORIENTED_EDGE('',*,*,#985,.F.);
#1014=EDGE_LOOP('',(#1009,#1010,#1012,#1013));
#1015=FACE_OUTER_BOUND('',#1014,.F.);
#1016=ADVANCED_FACE('',(#1015),#1007,.T.);
#1017=FILL_AREA_STYLE_COLOUR('',#96);
#1018=FILL_AREA_STYLE('',(#1017));
#1019=SURFACE_STYLE_FILL_AREA(#1018);
#1020=SURFACE_SIDE_STYLE('',(#1019));
#1021=SURFACE_STYLE_USAGE(.BOTH.,#1020);
#1022=PRESENTATION_STYLE_ASSIGNMENT((#1021));
#1023=STYLED_ITEM('',(#1022),#1016);
#1024=CARTESIAN_POINT('',(5.9E0,1.633489673078E1,0.E0));
#1025=DIRECTION('',(-1.E0,0.E0,0.E0));
#1026=DIRECTION('',(0.E0,0.E0,-1.E0));
#1027=AXIS2_PLACEMENT_3D('',#1024,#1025,#1026);
#1028=PLANE('',#1027);
#1030=ORIENTED_EDGE('',*,*,#1029,.T.);
#1032=ORIENTED_EDGE('',*,*,#1031,.T.);
#1033=EDGE_LOOP('',(#1030,#1032));
#1034=FACE_OUTER_BOUND('',#1033,.F.);
#1035=ORIENTED_EDGE('',*,*,#991,.T.);
#1036=ORIENTED_EDGE('',*,*,#1008,.T.);
#1037=EDGE_LOOP('',(#1035,#1036));
#1038=FACE_BOUND('',#1037,.F.);
#1039=ADVANCED_FACE('',(#1034,#1038),#1028,.F.);
#1040=FILL_AREA_STYLE_COLOUR('',#96);
#1041=FILL_AREA_STYLE('',(#1040));
#1042=SURFACE_STYLE_FILL_AREA(#1041);
#1043=SURFACE_SIDE_STYLE('',(#1042));
#1044=SURFACE_STYLE_USAGE(.BOTH.,#1043);
#1045=PRESENTATION_STYLE_ASSIGNMENT((#1044));
#1046=STYLED_ITEM('',(#1045),#1039);
#1047=CARTESIAN_POINT('',(5.5E0,0.E0,0.E0));
#1048=DIRECTION('',(1.E0,0.E0,0.E0));
#1049=DIRECTION('',(0.E0,0.E0,1.E0));
#1050=AXIS2_PLACEMENT_3D('',#1047,#1048,#1049);
#1051=TOROIDAL_SURFACE('',#1050,1.633489673078E1,4.E-1);
#1053=ORIENTED_EDGE('',*,*,#1052,.T.);
#1054=ORIENTED_EDGE('',*,*,#1029,.F.);
#1056=ORIENTED_EDGE('',*,*,#1055,.F.);
#1058=ORIENTED_EDGE('',*,*,#1057,.T.);
#1059=EDGE_LOOP('',(#1053,#1054,#1056,#1058));
#1060=FACE_OUTER_BOUND('',#1059,.F.);
#1061=ADVANCED_FACE('',(#1060),#1051,.T.);
#1062=FILL_AREA_STYLE_COLOUR('',#96);
#1063=FILL_AREA_STYLE('',(#1062));
#1064=SURFACE_STYLE_FILL_AREA(#1063);
#1065=SURFACE_SIDE_STYLE('',(#1064));
#1066=SURFACE_STYLE_USAGE(.BOTH.,#1065);
#1067=PRESENTATION_STYLE_ASSIGNMENT((#1066));
#1068=STYLED_ITEM('',(#1067),#1061);
#1069=CARTESIAN_POINT('',(5.5E0,0.E0,0.E0));
#1070=DIRECTION('',(1.E0,0.E0,0.E0));
#1071=DIRECTION('',(0.E0,0.E0,1.E0));
#1072=AXIS2_PLACEMENT_3D('',#1069,#1070,#1071);
#1073=TOROIDAL_SURFACE('',#1072,1.633489673078E1,4.E-1);
#1075=ORIENTED_EDGE('',*,*,#1074,.T.);
#1076=ORIENTED_EDGE('',*,*,#1055,.T.);
#1077=ORIENTED_EDGE('',*,*,#1031,.F.);
#1078=ORIENTED_EDGE('',*,*,#1052,.F.);
#1079=EDGE_LOOP('',(#1075,#1076,#1077,#1078));
#1080=FACE_OUTER_BOUND('',#1079,.F.);
#1081=ADVANCED_FACE('',(#1080),#1073,.T.);
#1082=FILL_AREA_STYLE_COLOUR('',#96);
#1083=FILL_AREA_STYLE('',(#1082));
#1084=SURFACE_STYLE_FILL_AREA(#1083);
#1085=SURFACE_SIDE_STYLE('',(#1084));
#1086=SURFACE_STYLE_USAGE(.BOTH.,#1085);
#1087=PRESENTATION_STYLE_ASSIGNMENT((#1086));
#1088=STYLED_ITEM('',(#1087),#1081);
#1089=CARTESIAN_POINT('',(5.392712794073E0,0.E0,0.E0));
#1090=DIRECTION('',(-1.E0,0.E0,0.E0));
#1091=DIRECTION('',(0.E0,0.E0,-1.E0));
#1092=AXIS2_PLACEMENT_3D('',#1089,#1090,#1091);
#1093=CONICAL_SURFACE('',#1092,1.701511801600E1,4.552563460646E1);
#1094=ORIENTED_EDGE('',*,*,#1074,.F.);
#1096=ORIENTED_EDGE('',*,*,#1095,.T.);
#1098=ORIENTED_EDGE('',*,*,#1097,.F.);
#1100=ORIENTED_EDGE('',*,*,#1099,.F.);
#1101=EDGE_LOOP('',(#1094,#1096,#1098,#1100));
#1102=FACE_OUTER_BOUND('',#1101,.F.);
#1103=ADVANCED_FACE('',(#1102),#1093,.T.);
#1104=FILL_AREA_STYLE_COLOUR('',#96);
#1105=FILL_AREA_STYLE('',(#1104));
#1106=SURFACE_STYLE_FILL_AREA(#1105);
#1107=SURFACE_SIDE_STYLE('',(#1106));
#1108=SURFACE_STYLE_USAGE(.BOTH.,#1107);
#1109=PRESENTATION_STYLE_ASSIGNMENT((#1108));
#1110=STYLED_ITEM('',(#1109),#1103);
#1111=CARTESIAN_POINT('',(5.392712794073E0,0.E0,0.E0));
#1112=DIRECTION('',(-1.E0,0.E0,0.E0));
#1113=DIRECTION('',(0.E0,0.E0,-1.E0));
#1114=AXIS2_PLACEMENT_3D('',#1111,#1112,#1113);
#1115=CONICAL_SURFACE('',#1114,1.701511801600E1,4.552563460646E1);
#1116=ORIENTED_EDGE('',*,*,#1099,.T.);
#1118=ORIENTED_EDGE('',*,*,#1117,.F.);
#1119=ORIENTED_EDGE('',*,*,#1095,.F.);
#1120=ORIENTED_EDGE('',*,*,#1057,.F.);
#1121=EDGE_LOOP('',(#1116,#1118,#1119,#1120));
#1122=FACE_OUTER_BOUND('',#1121,.F.);
#1123=ADVANCED_FACE('',(#1122),#1115,.T.);
#1124=FILL_AREA_STYLE_COLOUR('',#96);
#1125=FILL_AREA_STYLE('',(#1124));
#1126=SURFACE_STYLE_FILL_AREA(#1125);
#1127=SURFACE_SIDE_STYLE('',(#1126));
#1128=SURFACE_STYLE_USAGE(.BOTH.,#1127);
#1129=PRESENTATION_STYLE_ASSIGNMENT((#1128));
#1130=STYLED_ITEM('',(#1129),#1123);
#1131=CARTESIAN_POINT('',(5.E0,1.843333333333E1,0.E0));
#1132=DIRECTION('',(-1.E0,0.E0,0.E0));
#1133=DIRECTION('',(0.E0,0.E0,-1.E0));
#1134=AXIS2_PLACEMENT_3D('',#1131,#1132,#1133);
#1135=PLANE('',#1134);
#1137=ORIENTED_EDGE('',*,*,#1136,.T.);
#1139=ORIENTED_EDGE('',*,*,#1138,.T.);
#1140=EDGE_LOOP('',(#1137,#1139));
#1141=FACE_OUTER_BOUND('',#1140,.F.);
#1142=ORIENTED_EDGE('',*,*,#1097,.T.);
#1143=ORIENTED_EDGE('',*,*,#1117,.T.);
#1144=EDGE_LOOP('',(#1142,#1143));
#1145=FACE_BOUND('',#1144,.F.);
#1146=ADVANCED_FACE('',(#1141,#1145),#1135,.F.);
#1147=FILL_AREA_STYLE_COLOUR('',#96);
#1148=FILL_AREA_STYLE('',(#1147));
#1149=SURFACE_STYLE_FILL_AREA(#1148);
#1150=SURFACE_SIDE_STYLE('',(#1149));
#1151=SURFACE_STYLE_USAGE(.BOTH.,#1150);
#1152=PRESENTATION_STYLE_ASSIGNMENT((#1151));
#1153=STYLED_ITEM('',(#1152),#1146);
#1154=CARTESIAN_POINT('',(0.E0,0.E0,0.E0));
#1155=DIRECTION('',(1.E0,0.E0,0.E0));
#1156=DIRECTION('',(0.E0,0.E0,1.E0));
#1157=AXIS2_PLACEMENT_3D('',#1154,#1155,#1156);
#1158=CYLINDRICAL_SURFACE('',#1157,1.823333333333E1);
#1159=ORIENTED_EDGE('',*,*,#1136,.F.);
#1161=ORIENTED_EDGE('',*,*,#1160,.T.);
#1163=ORIENTED_EDGE('',*,*,#1162,.F.);
#1165=ORIENTED_EDGE('',*,*,#1164,.F.);
#1166=EDGE_LOOP('',(#1159,#1161,#1163,#1165));
#1167=FACE_OUTER_BOUND('',#1166,.F.);
#1168=ADVANCED_FACE('',(#1167),#1158,.F.);
#1169=FILL_AREA_STYLE_COLOUR('',#96);
#1170=FILL_AREA_STYLE('',(#1169));
#1171=SURFACE_STYLE_FILL_AREA(#1170);
#1172=SURFACE_SIDE_STYLE('',(#1171));
#1173=SURFACE_STYLE_USAGE(.BOTH.,#1172);
#1174=PRESENTATION_STYLE_ASSIGNMENT((#1173));
#1175=STYLED_ITEM('',(#1174),#1168);
#1176=CARTESIAN_POINT('',(0.E0,0.E0,0.E0));
#1177=DIRECTION('',(1.E0,0.E0,0.E0));
#1178=DIRECTION('',(0.E0,0.E0,1.E0));
#1179=AXIS2_PLACEMENT_3D('',#1176,#1177,#1178);
#1180=CYLINDRICAL_SURFACE('',#1179,1.823333333333E1);
#1181=ORIENTED_EDGE('',*,*,#1164,.T.);
#1183=ORIENTED_EDGE('',*,*,#1182,.F.);
#1184=ORIENTED_EDGE('',*,*,#1160,.F.);
#1185=ORIENTED_EDGE('',*,*,#1138,.F.);
#1186=EDGE_LOOP('',(#1181,#1183,#1184,#1185));
#1187=FACE_OUTER_BOUND('',#1186,.F.);
#1188=ADVANCED_FACE('',(#1187),#1180,.F.);
#1189=FILL_AREA_STYLE_COLOUR('',#96);
#1190=FILL_AREA_STYLE('',(#1189));
#1191=SURFACE_STYLE_FILL_AREA(#1190);
#1192=SURFACE_SIDE_STYLE('',(#1191));
#1193=SURFACE_STYLE_USAGE(.BOTH.,#1192);
#1194=PRESENTATION_STYLE_ASSIGNMENT((#1193));
#1195=STYLED_ITEM('',(#1194),#1188);
#1196=CARTESIAN_POINT('',(5.402847132837E0,0.E0,0.E0));
#1197=DIRECTION('',(-1.E0,0.E0,0.E0));
#1198=DIRECTION('',(0.E0,0.E0,-1.E0));
#1199=AXIS2_PLACEMENT_3D('',#1196,#1197,#1198);
#1200=CONICAL_SURFACE('',#1199,1.801044812027E1,6.138954033403E1);
#1202=ORIENTED_EDGE('',*,*,#1201,.T.);
#1203=ORIENTED_EDGE('',*,*,#1182,.T.);
#1205=ORIENTED_EDGE('',*,*,#1204,.F.);
#1207=ORIENTED_EDGE('',*,*,#1206,.T.);
#1208=EDGE_LOOP('',(#1202,#1203,#1205,#1207));
#1209=FACE_OUTER_BOUND('',#1208,.F.);
#1210=ADVANCED_FACE('',(#1209),#1200,.F.);
#1211=FILL_AREA_STYLE_COLOUR('',#96);
#1212=FILL_AREA_STYLE('',(#1211));
#1213=SURFACE_STYLE_FILL_AREA(#1212);
#1214=SURFACE_SIDE_STYLE('',(#1213));
#1215=SURFACE_STYLE_USAGE(.BOTH.,#1214);
#1216=PRESENTATION_STYLE_ASSIGNMENT((#1215));
#1217=STYLED_ITEM('',(#1216),#1210);
#1218=CARTESIAN_POINT('',(5.402847132837E0,0.E0,0.E0));
#1219=DIRECTION('',(-1.E0,0.E0,0.E0));
#1220=DIRECTION('',(0.E0,0.E0,-1.E0));
#1221=AXIS2_PLACEMENT_3D('',#1218,#1219,#1220);
#1222=CONICAL_SURFACE('',#1221,1.801044812027E1,6.138954033403E1);
#1224=ORIENTED_EDGE('',*,*,#1223,.T.);
#1225=ORIENTED_EDGE('',*,*,#1204,.T.);
#1226=ORIENTED_EDGE('',*,*,#1162,.T.);
#1227=ORIENTED_EDGE('',*,*,#1201,.F.);
#1228=EDGE_LOOP('',(#1224,#1225,#1226,#1227));
#1229=FACE_OUTER_BOUND('',#1228,.F.);
#1230=ADVANCED_FACE('',(#1229),#1222,.F.);
#1231=FILL_AREA_STYLE_COLOUR('',#96);
#1232=FILL_AREA_STYLE('',(#1231));
#1233=SURFACE_STYLE_FILL_AREA(#1232);
#1234=SURFACE_SIDE_STYLE('',(#1233));
#1235=SURFACE_STYLE_USAGE(.BOTH.,#1234);
#1236=PRESENTATION_STYLE_ASSIGNMENT((#1235));
#1237=STYLED_ITEM('',(#1236),#1230);
#1238=CARTESIAN_POINT('',(5.612210442701E0,0.E0,0.E0));
#1239=DIRECTION('',(1.E0,0.E0,0.E0));
#1240=DIRECTION('',(0.E0,0.E0,1.E0));
#1241=AXIS2_PLACEMENT_3D('',#1238,#1239,#1240);
#1242=CONICAL_SURFACE('',#1241,1.783544812027E1,2.861045966597E1);
#1244=ORIENTED_EDGE('',*,*,#1243,.T.);
#1246=ORIENTED_EDGE('',*,*,#1245,.F.);
#1247=ORIENTED_EDGE('',*,*,#1223,.F.);
#1249=ORIENTED_EDGE('',*,*,#1248,.T.);
#1250=EDGE_LOOP('',(#1244,#1246,#1247,#1249));
#1251=FACE_OUTER_BOUND('',#1250,.F.);
#1252=ADVANCED_FACE('',(#1251),#1242,.F.);
#1253=FILL_AREA_STYLE_COLOUR('',#96);
#1254=FILL_AREA_STYLE('',(#1253));
#1255=SURFACE_STYLE_FILL_AREA(#1254);
#1256=SURFACE_SIDE_STYLE('',(#1255));
#1257=SURFACE_STYLE_USAGE(.BOTH.,#1256);
#1258=PRESENTATION_STYLE_ASSIGNMENT((#1257));
#1259=STYLED_ITEM('',(#1258),#1252);
#1260=CARTESIAN_POINT('',(0.E0,0.E0,0.E0));
#1261=DIRECTION('',(-1.E0,0.E0,0.E0));
#1262=DIRECTION('',(0.E0,0.E0,1.E0));
#1263=AXIS2_PLACEMENT_3D('',#1260,#1261,#1262);
#1264=CYLINDRICAL_SURFACE('',#1263,1.788333333333E1);
#1265=ORIENTED_EDGE('',*,*,#1243,.F.);
#1267=ORIENTED_EDGE('',*,*,#1266,.F.);
#1269=ORIENTED_EDGE('',*,*,#1268,.F.);
#1271=ORIENTED_EDGE('',*,*,#1270,.T.);
#1272=EDGE_LOOP('',(#1265,#1267,#1269,#1271));
#1273=FACE_OUTER_BOUND('',#1272,.F.);
#1274=ADVANCED_FACE('',(#1273),#1264,.F.);
#1275=FILL_AREA_STYLE_COLOUR('',#98);
#1276=FILL_AREA_STYLE('',(#1275));
#1277=SURFACE_STYLE_FILL_AREA(#1276);
#1278=SURFACE_SIDE_STYLE('',(#1277));
#1279=SURFACE_STYLE_USAGE(.BOTH.,#1278);
#1280=PRESENTATION_STYLE_ASSIGNMENT((#1279));
#1281=STYLED_ITEM('',(#1280),#1274);
#1282=CARTESIAN_POINT('',(0.E0,0.E0,0.E0));
#1283=DIRECTION('',(-1.E0,0.E0,0.E0));
#1284=DIRECTION('',(0.E0,0.E0,1.E0));
#1285=AXIS2_PLACEMENT_3D('',#1282,#1283,#1284);
#1286=CYLINDRICAL_SURFACE('',#1285,1.788333333333E1);
#1288=ORIENTED_EDGE('',*,*,#1287,.T.);
#1289=ORIENTED_EDGE('',*,*,#1270,.F.);
#1291=ORIENTED_EDGE('',*,*,#1290,.F.);
#1292=ORIENTED_EDGE('',*,*,#1266,.T.);
#1293=EDGE_LOOP('',(#1288,#1289,#1291,#1292));
#1294=FACE_OUTER_BOUND('',#1293,.F.);
#1295=ADVANCED_FACE('',(#1294),#1286,.F.);
#1296=FILL_AREA_STYLE_COLOUR('',#98);
#1297=FILL_AREA_STYLE('',(#1296));
#1298=SURFACE_STYLE_FILL_AREA(#1297);
#1299=SURFACE_SIDE_STYLE('',(#1298));
#1300=SURFACE_STYLE_USAGE(.BOTH.,#1299);
#1301=PRESENTATION_STYLE_ASSIGNMENT((#1300));
#1302=STYLED_ITEM('',(#1301),#1295);
#1303=CARTESIAN_POINT('',(5.612210442701E0,0.E0,0.E0));
#1304=DIRECTION('',(1.E0,0.E0,0.E0));
#1305=DIRECTION('',(0.E0,0.E0,1.E0));
#1306=AXIS2_PLACEMENT_3D('',#1303,#1304,#1305);
#1307=CONICAL_SURFACE('',#1306,1.783544812027E1,2.861045966597E1);
#1308=ORIENTED_EDGE('',*,*,#1287,.F.);
#1309=ORIENTED_EDGE('',*,*,#1248,.F.);
#1310=ORIENTED_EDGE('',*,*,#1206,.F.);
#1311=ORIENTED_EDGE('',*,*,#1245,.T.);
#1312=EDGE_LOOP('',(#1308,#1309,#1310,#1311));
#1313=FACE_OUTER_BOUND('',#1312,.F.);
#1314=ADVANCED_FACE('',(#1313),#1307,.F.);
#1315=FILL_AREA_STYLE_COLOUR('',#96);
#1316=FILL_AREA_STYLE('',(#1315));
#1317=SURFACE_STYLE_FILL_AREA(#1316);
#1318=SURFACE_SIDE_STYLE('',(#1317));
#1319=SURFACE_STYLE_USAGE(.BOTH.,#1318);
#1320=PRESENTATION_STYLE_ASSIGNMENT((#1319));
#1321=STYLED_ITEM('',(#1320),#1314);
#1322=CARTESIAN_POINT('',(6.E0,2.04E1,0.E0));
#1323=DIRECTION('',(-1.E0,0.E0,0.E0));
#1324=DIRECTION('',(0.E0,0.E0,1.E0));
#1325=AXIS2_PLACEMENT_3D('',#1322,#1323,#1324);
#1326=PLANE('',#1325);
#1328=ORIENTED_EDGE('',*,*,#1327,.T.);
#1330=ORIENTED_EDGE('',*,*,#1329,.T.);
#1331=EDGE_LOOP('',(#1328,#1330));
#1332=FACE_OUTER_BOUND('',#1331,.F.);
#1333=ORIENTED_EDGE('',*,*,#1268,.T.);
#1334=ORIENTED_EDGE('',*,*,#1290,.T.);
#1335=EDGE_LOOP('',(#1333,#1334));
#1336=FACE_BOUND('',#1335,.F.);
#1337=ADVANCED_FACE('',(#1332,#1336),#1326,.F.);
#1338=FILL_AREA_STYLE_COLOUR('',#98);
#1339=FILL_AREA_STYLE('',(#1338));
#1340=SURFACE_STYLE_FILL_AREA(#1339);
#1341=SURFACE_SIDE_STYLE('',(#1340));
#1342=SURFACE_STYLE_USAGE(.BOTH.,#1341);
#1343=PRESENTATION_STYLE_ASSIGNMENT((#1342));
#1344=STYLED_ITEM('',(#1343),#1337);
#1345=CARTESIAN_POINT('',(5.4E0,0.E0,0.E0));
#1346=DIRECTION('',(-1.E0,0.E0,0.E0));
#1347=DIRECTION('',(0.E0,0.E0,1.E0));
#1348=AXIS2_PLACEMENT_3D('',#1345,#1346,#1347);
#1349=TOROIDAL_SURFACE('',#1348,2.04E1,6.E-1);
#1350=ORIENTED_EDGE('',*,*,#1327,.F.);
#1352=ORIENTED_EDGE('',*,*,#1351,.T.);
#1354=ORIENTED_EDGE('',*,*,#1353,.T.);
#1356=ORIENTED_EDGE('',*,*,#1355,.F.);
#1357=EDGE_LOOP('',(#1350,#1352,#1354,#1356));
#1358=FACE_OUTER_BOUND('',#1357,.F.);
#1359=ADVANCED_FACE('',(#1358),#1349,.T.);
#1360=FILL_AREA_STYLE_COLOUR('',#98);
#1361=FILL_AREA_STYLE('',(#1360));
#1362=SURFACE_STYLE_FILL_AREA(#1361);
#1363=SURFACE_SIDE_STYLE('',(#1362));
#1364=SURFACE_STYLE_USAGE(.BOTH.,#1363);
#1365=PRESENTATION_STYLE_ASSIGNMENT((#1364));
#1366=STYLED_ITEM('',(#1365),#1359);
#1367=CARTESIAN_POINT('',(5.4E0,0.E0,0.E0));
#1368=DIRECTION('',(-1.E0,0.E0,0.E0));
#1369=DIRECTION('',(0.E0,0.E0,1.E0));
#1370=AXIS2_PLACEMENT_3D('',#1367,#1368,#1369);
#1371=TOROIDAL_SURFACE('',#1370,2.04E1,6.E-1);
#1372=ORIENTED_EDGE('',*,*,#1355,.T.);
#1374=ORIENTED_EDGE('',*,*,#1373,.T.);
#1375=ORIENTED_EDGE('',*,*,#1351,.F.);
#1376=ORIENTED_EDGE('',*,*,#1329,.F.);
#1377=EDGE_LOOP('',(#1372,#1374,#1375,#1376));
#1378=FACE_OUTER_BOUND('',#1377,.F.);
#1379=ADVANCED_FACE('',(#1378),#1371,.T.);
#1380=FILL_AREA_STYLE_COLOUR('',#98);
#1381=FILL_AREA_STYLE('',(#1380));
#1382=SURFACE_STYLE_FILL_AREA(#1381);
#1383=SURFACE_SIDE_STYLE('',(#1382));
#1384=SURFACE_STYLE_USAGE(.BOTH.,#1383);
#1385=PRESENTATION_STYLE_ASSIGNMENT((#1384));
#1386=STYLED_ITEM('',(#1385),#1379);
#1387=CARTESIAN_POINT('',(0.E0,0.E0,0.E0));
#1388=DIRECTION('',(-1.E0,0.E0,0.E0));
#1389=DIRECTION('',(0.E0,0.E0,1.E0));
#1390=AXIS2_PLACEMENT_3D('',#1387,#1388,#1389);
#1391=CYLINDRICAL_SURFACE('',#1390,2.1E1);
#1393=ORIENTED_EDGE('',*,*,#1392,.T.);
#1395=ORIENTED_EDGE('',*,*,#1394,.F.);
#1397=ORIENTED_EDGE('',*,*,#1396,.F.);
#1398=ORIENTED_EDGE('',*,*,#1373,.F.);
#1399=EDGE_LOOP('',(#1393,#1395,#1397,#1398));
#1400=FACE_OUTER_BOUND('',#1399,.F.);
#1401=ADVANCED_FACE('',(#1400),#1391,.T.);
#1402=FILL_AREA_STYLE_COLOUR('',#98);
#1403=FILL_AREA_STYLE('',(#1402));
#1404=SURFACE_STYLE_FILL_AREA(#1403);
#1405=SURFACE_SIDE_STYLE('',(#1404));
#1406=SURFACE_STYLE_USAGE(.BOTH.,#1405);
#1407=PRESENTATION_STYLE_ASSIGNMENT((#1406));
#1408=STYLED_ITEM('',(#1407),#1401);
#1409=CARTESIAN_POINT('',(0.E0,0.E0,0.E0));
#1410=DIRECTION('',(-1.E0,0.E0,0.E0));
#1411=DIRECTION('',(0.E0,0.E0,1.E0));
#1412=AXIS2_PLACEMENT_3D('',#1409,#1410,#1411);
#1413=CYLINDRICAL_SURFACE('',#1412,2.1E1);
#1414=ORIENTED_EDGE('',*,*,#1353,.F.);
#1415=ORIENTED_EDGE('',*,*,#1396,.T.);
#1417=ORIENTED_EDGE('',*,*,#1416,.F.);
#1418=ORIENTED_EDGE('',*,*,#1392,.F.);
#1419=EDGE_LOOP('',(#1414,#1415,#1417,#1418));
#1420=FACE_OUTER_BOUND('',#1419,.F.);
#1421=ADVANCED_FACE('',(#1420),#1413,.T.);
#1422=FILL_AREA_STYLE_COLOUR('',#98);
#1423=FILL_AREA_STYLE('',(#1422));
#1424=SURFACE_STYLE_FILL_AREA(#1423);
#1425=SURFACE_SIDE_STYLE('',(#1424));
#1426=SURFACE_STYLE_USAGE(.BOTH.,#1425);
#1427=PRESENTATION_STYLE_ASSIGNMENT((#1426));
#1428=STYLED_ITEM('',(#1427),#1421);
#1429=CARTESIAN_POINT('',(-5.4E0,0.E0,0.E0));
#1430=DIRECTION('',(-1.E0,0.E0,0.E0));
#1431=DIRECTION('',(0.E0,0.E0,1.E0));
#1432=AXIS2_PLACEMENT_3D('',#1429,#1430,#1431);
#1433=TOROIDAL_SURFACE('',#1432,2.04E1,6.E-1);
#1434=ORIENTED_EDGE('',*,*,#1416,.T.);
#1436=ORIENTED_EDGE('',*,*,#1435,.T.);
#1438=ORIENTED_EDGE('',*,*,#1437,.F.);
#1440=ORIENTED_EDGE('',*,*,#1439,.F.);
#1441=EDGE_LOOP('',(#1434,#1436,#1438,#1440));
#1442=FACE_OUTER_BOUND('',#1441,.F.);
#1443=ADVANCED_FACE('',(#1442),#1433,.T.);
#1444=FILL_AREA_STYLE_COLOUR('',#98);
#1445=FILL_AREA_STYLE('',(#1444));
#1446=SURFACE_STYLE_FILL_AREA(#1445);
#1447=SURFACE_SIDE_STYLE('',(#1446));
#1448=SURFACE_STYLE_USAGE(.BOTH.,#1447);
#1449=PRESENTATION_STYLE_ASSIGNMENT((#1448));
#1450=STYLED_ITEM('',(#1449),#1443);
#1451=CARTESIAN_POINT('',(-5.4E0,0.E0,0.E0));
#1452=DIRECTION('',(-1.E0,0.E0,0.E0));
#1453=DIRECTION('',(0.E0,0.E0,1.E0));
#1454=AXIS2_PLACEMENT_3D('',#1451,#1452,#1453);
#1455=TOROIDAL_SURFACE('',#1454,2.04E1,6.E-1);
#1456=ORIENTED_EDGE('',*,*,#1439,.T.);
#1458=ORIENTED_EDGE('',*,*,#1457,.F.);
#1459=ORIENTED_EDGE('',*,*,#1435,.F.);
#1460=ORIENTED_EDGE('',*,*,#1394,.T.);
#1461=EDGE_LOOP('',(#1456,#1458,#1459,#1460));
#1462=FACE_OUTER_BOUND('',#1461,.F.);
#1463=ADVANCED_FACE('',(#1462),#1455,.T.);
#1464=FILL_AREA_STYLE_COLOUR('',#98);
#1465=FILL_AREA_STYLE('',(#1464));
#1466=SURFACE_STYLE_FILL_AREA(#1465);
#1467=SURFACE_SIDE_STYLE('',(#1466));
#1468=SURFACE_STYLE_USAGE(.BOTH.,#1467);
#1469=PRESENTATION_STYLE_ASSIGNMENT((#1468));
#1470=STYLED_ITEM('',(#1469),#1463);
#1471=CARTESIAN_POINT('',(-6.E0,1.788333333333E1,0.E0));
#1472=DIRECTION('',(1.E0,0.E0,0.E0));
#1473=DIRECTION('',(0.E0,0.E0,-1.E0));
#1474=AXIS2_PLACEMENT_3D('',#1471,#1472,#1473);
#1475=PLANE('',#1474);
#1476=ORIENTED_EDGE('',*,*,#1437,.T.);
#1477=ORIENTED_EDGE('',*,*,#1457,.T.);
#1478=EDGE_LOOP('',(#1476,#1477));
#1479=FACE_OUTER_BOUND('',#1478,.F.);
#1481=ORIENTED_EDGE('',*,*,#1480,.T.);
#1483=ORIENTED_EDGE('',*,*,#1482,.T.);
#1484=EDGE_LOOP('',(#1481,#1483));
#1485=FACE_BOUND('',#1484,.F.);
#1486=ADVANCED_FACE('',(#1479,#1485),#1475,.F.);
#1487=FILL_AREA_STYLE_COLOUR('',#98);
#1488=FILL_AREA_STYLE('',(#1487));
#1489=SURFACE_STYLE_FILL_AREA(#1488);
#1490=SURFACE_SIDE_STYLE('',(#1489));
#1491=SURFACE_STYLE_USAGE(.BOTH.,#1490);
#1492=PRESENTATION_STYLE_ASSIGNMENT((#1491));
#1493=STYLED_ITEM('',(#1492),#1486);
#1494=CARTESIAN_POINT('',(0.E0,0.E0,0.E0));
#1495=DIRECTION('',(-1.E0,0.E0,0.E0));
#1496=DIRECTION('',(0.E0,0.E0,1.E0));
#1497=AXIS2_PLACEMENT_3D('',#1494,#1495,#1496);
#1498=CYLINDRICAL_SURFACE('',#1497,1.788333333333E1);
#1500=ORIENTED_EDGE('',*,*,#1499,.T.);
#1502=ORIENTED_EDGE('',*,*,#1501,.T.);
#1503=ORIENTED_EDGE('',*,*,#1480,.F.);
#1505=ORIENTED_EDGE('',*,*,#1504,.F.);
#1506=EDGE_LOOP('',(#1500,#1502,#1503,#1505));
#1507=FACE_OUTER_BOUND('',#1506,.F.);
#1508=ADVANCED_FACE('',(#1507),#1498,.F.);
#1509=FILL_AREA_STYLE_COLOUR('',#98);
#1510=FILL_AREA_STYLE('',(#1509));
#1511=SURFACE_STYLE_FILL_AREA(#1510);
#1512=SURFACE_SIDE_STYLE('',(#1511));
#1513=SURFACE_STYLE_USAGE(.BOTH.,#1512);
#1514=PRESENTATION_STYLE_ASSIGNMENT((#1513));
#1515=STYLED_ITEM('',(#1514),#1508);
#1516=CARTESIAN_POINT('',(-5.612210442701E0,0.E0,0.E0));
#1517=DIRECTION('',(-1.E0,0.E0,0.E0));
#1518=DIRECTION('',(0.E0,0.E0,1.E0));
#1519=AXIS2_PLACEMENT_3D('',#1516,#1517,#1518);
#1520=CONICAL_SURFACE('',#1519,1.783544812027E1,2.861045966597E1);
#1521=ORIENTED_EDGE('',*,*,#1499,.F.);
#1523=ORIENTED_EDGE('',*,*,#1522,.F.);
#1525=ORIENTED_EDGE('',*,*,#1524,.T.);
#1527=ORIENTED_EDGE('',*,*,#1526,.T.);
#1528=EDGE_LOOP('',(#1521,#1523,#1525,#1527));
#1529=FACE_OUTER_BOUND('',#1528,.F.);
#1530=ADVANCED_FACE('',(#1529),#1520,.F.);
#1531=FILL_AREA_STYLE_COLOUR('',#97);
#1532=FILL_AREA_STYLE('',(#1531));
#1533=SURFACE_STYLE_FILL_AREA(#1532);
#1534=SURFACE_SIDE_STYLE('',(#1533));
#1535=SURFACE_STYLE_USAGE(.BOTH.,#1534);
#1536=PRESENTATION_STYLE_ASSIGNMENT((#1535));
#1537=STYLED_ITEM('',(#1536),#1530);
#1538=CARTESIAN_POINT('',(-5.612210442701E0,0.E0,0.E0));
#1539=DIRECTION('',(-1.E0,0.E0,0.E0));
#1540=DIRECTION('',(0.E0,0.E0,1.E0));
#1541=AXIS2_PLACEMENT_3D('',#1538,#1539,#1540);
#1542=CONICAL_SURFACE('',#1541,1.783544812027E1,2.861045966597E1);
#1544=ORIENTED_EDGE('',*,*,#1543,.F.);
#1545=ORIENTED_EDGE('',*,*,#1526,.F.);
#1547=ORIENTED_EDGE('',*,*,#1546,.T.);
#1548=ORIENTED_EDGE('',*,*,#1522,.T.);
#1549=EDGE_LOOP('',(#1544,#1545,#1547,#1548));
#1550=FACE_OUTER_BOUND('',#1549,.F.);
#1551=ADVANCED_FACE('',(#1550),#1542,.F.);
#1552=FILL_AREA_STYLE_COLOUR('',#97);
#1553=FILL_AREA_STYLE('',(#1552));
#1554=SURFACE_STYLE_FILL_AREA(#1553);
#1555=SURFACE_SIDE_STYLE('',(#1554));
#1556=SURFACE_STYLE_USAGE(.BOTH.,#1555);
#1557=PRESENTATION_STYLE_ASSIGNMENT((#1556));
#1558=STYLED_ITEM('',(#1557),#1551);
#1559=CARTESIAN_POINT('',(0.E0,0.E0,0.E0));
#1560=DIRECTION('',(-1.E0,0.E0,0.E0));
#1561=DIRECTION('',(0.E0,0.E0,1.E0));
#1562=AXIS2_PLACEMENT_3D('',#1559,#1560,#1561);
#1563=CYLINDRICAL_SURFACE('',#1562,1.788333333333E1);
#1564=ORIENTED_EDGE('',*,*,#1543,.T.);
#1565=ORIENTED_EDGE('',*,*,#1504,.T.);
#1566=ORIENTED_EDGE('',*,*,#1482,.F.);
#1567=ORIENTED_EDGE('',*,*,#1501,.F.);
#1568=EDGE_LOOP('',(#1564,#1565,#1566,#1567));
#1569=FACE_OUTER_BOUND('',#1568,.F.);
#1570=ADVANCED_FACE('',(#1569),#1563,.F.);
#1571=FILL_AREA_STYLE_COLOUR('',#98);
#1572=FILL_AREA_STYLE('',(#1571));
#1573=SURFACE_STYLE_FILL_AREA(#1572);
#1574=SURFACE_SIDE_STYLE('',(#1573));
#1575=SURFACE_STYLE_USAGE(.BOTH.,#1574);
#1576=PRESENTATION_STYLE_ASSIGNMENT((#1575));
#1577=STYLED_ITEM('',(#1576),#1570);
#1578=CARTESIAN_POINT('',(-5.402847132837E0,0.E0,0.E0));
#1579=DIRECTION('',(1.E0,0.E0,0.E0));
#1580=DIRECTION('',(0.E0,0.E0,-1.E0));
#1581=AXIS2_PLACEMENT_3D('',#1578,#1579,#1580);
#1582=CONICAL_SURFACE('',#1581,1.801044812027E1,6.138954033403E1);
#1583=ORIENTED_EDGE('',*,*,#1546,.F.);
#1585=ORIENTED_EDGE('',*,*,#1584,.T.);
#1587=ORIENTED_EDGE('',*,*,#1586,.T.);
#1589=ORIENTED_EDGE('',*,*,#1588,.F.);
#1590=EDGE_LOOP('',(#1583,#1585,#1587,#1589));
#1591=FACE_OUTER_BOUND('',#1590,.F.);
#1592=ADVANCED_FACE('',(#1591),#1582,.F.);
#1593=FILL_AREA_STYLE_COLOUR('',#97);
#1594=FILL_AREA_STYLE('',(#1593));
#1595=SURFACE_STYLE_FILL_AREA(#1594);
#1596=SURFACE_SIDE_STYLE('',(#1595));
#1597=SURFACE_STYLE_USAGE(.BOTH.,#1596);
#1598=PRESENTATION_STYLE_ASSIGNMENT((#1597));
#1599=STYLED_ITEM('',(#1598),#1592);
#1600=CARTESIAN_POINT('',(-5.402847132837E0,0.E0,0.E0));
#1601=DIRECTION('',(1.E0,0.E0,0.E0));
#1602=DIRECTION('',(0.E0,0.E0,-1.E0));
#1603=AXIS2_PLACEMENT_3D('',#1600,#1601,#1602);
#1604=CONICAL_SURFACE('',#1603,1.801044812027E1,6.138954033403E1);
#1605=ORIENTED_EDGE('',*,*,#1588,.T.);
#1607=ORIENTED_EDGE('',*,*,#1606,.T.);
#1608=ORIENTED_EDGE('',*,*,#1584,.F.);
#1609=ORIENTED_EDGE('',*,*,#1524,.F.);
#1610=EDGE_LOOP('',(#1605,#1607,#1608,#1609));
#1611=FACE_OUTER_BOUND('',#1610,.F.);
#1612=ADVANCED_FACE('',(#1611),#1604,.F.);
#1613=FILL_AREA_STYLE_COLOUR('',#97);
#1614=FILL_AREA_STYLE('',(#1613));
#1615=SURFACE_STYLE_FILL_AREA(#1614);
#1616=SURFACE_SIDE_STYLE('',(#1615));
#1617=SURFACE_STYLE_USAGE(.BOTH.,#1616);
#1618=PRESENTATION_STYLE_ASSIGNMENT((#1617));
#1619=STYLED_ITEM('',(#1618),#1612);
#1620=CARTESIAN_POINT('',(0.E0,0.E0,0.E0));
#1621=DIRECTION('',(-1.E0,0.E0,0.E0));
#1622=DIRECTION('',(0.E0,0.E0,1.E0));
#1623=AXIS2_PLACEMENT_3D('',#1620,#1621,#1622);
#1624=CYLINDRICAL_SURFACE('',#1623,1.823333333333E1);
#1626=ORIENTED_EDGE('',*,*,#1625,.T.);
#1627=ORIENTED_EDGE('',*,*,#1606,.F.);
#1629=ORIENTED_EDGE('',*,*,#1628,.F.);
#1631=ORIENTED_EDGE('',*,*,#1630,.F.);
#1632=EDGE_LOOP('',(#1626,#1627,#1629,#1631));
#1633=FACE_OUTER_BOUND('',#1632,.F.);
#1634=ADVANCED_FACE('',(#1633),#1624,.F.);
#1635=FILL_AREA_STYLE_COLOUR('',#97);
#1636=FILL_AREA_STYLE('',(#1635));
#1637=SURFACE_STYLE_FILL_AREA(#1636);
#1638=SURFACE_SIDE_STYLE('',(#1637));
#1639=SURFACE_STYLE_USAGE(.BOTH.,#1638);
#1640=PRESENTATION_STYLE_ASSIGNMENT((#1639));
#1641=STYLED_ITEM('',(#1640),#1634);
#1642=CARTESIAN_POINT('',(0.E0,0.E0,0.E0));
#1643=DIRECTION('',(-1.E0,0.E0,0.E0));
#1644=DIRECTION('',(0.E0,0.E0,1.E0));
#1645=AXIS2_PLACEMENT_3D('',#1642,#1643,#1644);
#1646=CYLINDRICAL_SURFACE('',#1645,1.823333333333E1);
#1648=ORIENTED_EDGE('',*,*,#1647,.F.);
#1649=ORIENTED_EDGE('',*,*,#1628,.T.);
#1650=ORIENTED_EDGE('',*,*,#1586,.F.);
#1651=ORIENTED_EDGE('',*,*,#1625,.F.);
#1652=EDGE_LOOP('',(#1648,#1649,#1650,#1651));
#1653=FACE_OUTER_BOUND('',#1652,.F.);
#1654=ADVANCED_FACE('',(#1653),#1646,.F.);
#1655=FILL_AREA_STYLE_COLOUR('',#97);
#1656=FILL_AREA_STYLE('',(#1655));
#1657=SURFACE_STYLE_FILL_AREA(#1656);
#1658=SURFACE_SIDE_STYLE('',(#1657));
#1659=SURFACE_STYLE_USAGE(.BOTH.,#1658);
#1660=PRESENTATION_STYLE_ASSIGNMENT((#1659));
#1661=STYLED_ITEM('',(#1660),#1654);
#1662=CARTESIAN_POINT('',(-5.E0,1.843333333333E1,0.E0));
#1663=DIRECTION('',(1.E0,0.E0,0.E0));
#1664=DIRECTION('',(0.E0,0.E0,-1.E0));
#1665=AXIS2_PLACEMENT_3D('',#1662,#1663,#1664);
#1666=PLANE('',#1665);
#1667=ORIENTED_EDGE('',*,*,#1630,.T.);
#1668=ORIENTED_EDGE('',*,*,#1647,.T.);
#1669=EDGE_LOOP('',(#1667,#1668));
#1670=FACE_OUTER_BOUND('',#1669,.F.);
#1672=ORIENTED_EDGE('',*,*,#1671,.T.);
#1674=ORIENTED_EDGE('',*,*,#1673,.T.);
#1675=EDGE_LOOP('',(#1672,#1674));
#1676=FACE_BOUND('',#1675,.F.);
#1677=ADVANCED_FACE('',(#1670,#1676),#1666,.F.);
#1678=FILL_AREA_STYLE_COLOUR('',#97);
#1679=FILL_AREA_STYLE('',(#1678));
#1680=SURFACE_STYLE_FILL_AREA(#1679);
#1681=SURFACE_SIDE_STYLE('',(#1680));
#1682=SURFACE_STYLE_USAGE(.BOTH.,#1681);
#1683=PRESENTATION_STYLE_ASSIGNMENT((#1682));
#1684=STYLED_ITEM('',(#1683),#1677);
#1685=CARTESIAN_POINT('',(-5.392712794073E0,0.E0,0.E0));
#1686=DIRECTION('',(1.E0,0.E0,0.E0));
#1687=DIRECTION('',(0.E0,0.E0,-1.E0));
#1688=AXIS2_PLACEMENT_3D('',#1685,#1686,#1687);
#1689=CONICAL_SURFACE('',#1688,1.701511801600E1,4.552563460646E1);
#1691=ORIENTED_EDGE('',*,*,#1690,.T.);
#1692=ORIENTED_EDGE('',*,*,#1671,.F.);
#1694=ORIENTED_EDGE('',*,*,#1693,.F.);
#1696=ORIENTED_EDGE('',*,*,#1695,.F.);
#1697=EDGE_LOOP('',(#1691,#1692,#1694,#1696));
#1698=FACE_OUTER_BOUND('',#1697,.F.);
#1699=ADVANCED_FACE('',(#1698),#1689,.T.);
#1700=FILL_AREA_STYLE_COLOUR('',#97);
#1701=FILL_AREA_STYLE('',(#1700));
#1702=SURFACE_STYLE_FILL_AREA(#1701);
#1703=SURFACE_SIDE_STYLE('',(#1702));
#1704=SURFACE_STYLE_USAGE(.BOTH.,#1703);
#1705=PRESENTATION_STYLE_ASSIGNMENT((#1704));
#1706=STYLED_ITEM('',(#1705),#1699);
#1707=CARTESIAN_POINT('',(-5.392712794073E0,0.E0,0.E0));
#1708=DIRECTION('',(1.E0,0.E0,0.E0));
#1709=DIRECTION('',(0.E0,0.E0,-1.E0));
#1710=AXIS2_PLACEMENT_3D('',#1707,#1708,#1709);
#1711=CONICAL_SURFACE('',#1710,1.701511801600E1,4.552563460646E1);
#1713=ORIENTED_EDGE('',*,*,#1712,.F.);
#1714=ORIENTED_EDGE('',*,*,#1693,.T.);
#1715=ORIENTED_EDGE('',*,*,#1673,.F.);
#1716=ORIENTED_EDGE('',*,*,#1690,.F.);
#1717=EDGE_LOOP('',(#1713,#1714,#1715,#1716));
#1718=FACE_OUTER_BOUND('',#1717,.F.);
#1719=ADVANCED_FACE('',(#1718),#1711,.T.);
#1720=FILL_AREA_STYLE_COLOUR('',#97);
#1721=FILL_AREA_STYLE('',(#1720));
#1722=SURFACE_STYLE_FILL_AREA(#1721);
#1723=SURFACE_SIDE_STYLE('',(#1722));
#1724=SURFACE_STYLE_USAGE(.BOTH.,#1723);
#1725=PRESENTATION_STYLE_ASSIGNMENT((#1724));
#1726=STYLED_ITEM('',(#1725),#1719);
#1727=CARTESIAN_POINT('',(-5.5E0,0.E0,0.E0));
#1728=DIRECTION('',(-1.E0,0.E0,0.E0));
#1729=DIRECTION('',(0.E0,0.E0,1.E0));
#1730=AXIS2_PLACEMENT_3D('',#1727,#1728,#1729);
#1731=TOROIDAL_SURFACE('',#1730,1.633489673078E1,4.E-1);
#1732=ORIENTED_EDGE('',*,*,#1712,.T.);
#1734=ORIENTED_EDGE('',*,*,#1733,.T.);
#1736=ORIENTED_EDGE('',*,*,#1735,.F.);
#1738=ORIENTED_EDGE('',*,*,#1737,.F.);
#1739=EDGE_LOOP('',(#1732,#1734,#1736,#1738));
#1740=FACE_OUTER_BOUND('',#1739,.F.);
#1741=ADVANCED_FACE('',(#1740),#1731,.T.);
#1742=FILL_AREA_STYLE_COLOUR('',#97);
#1743=FILL_AREA_STYLE('',(#1742));
#1744=SURFACE_STYLE_FILL_AREA(#1743);
#1745=SURFACE_SIDE_STYLE('',(#1744));
#1746=SURFACE_STYLE_USAGE(.BOTH.,#1745);
#1747=PRESENTATION_STYLE_ASSIGNMENT((#1746));
#1748=STYLED_ITEM('',(#1747),#1741);
#1749=CARTESIAN_POINT('',(-5.5E0,0.E0,0.E0));
#1750=DIRECTION('',(-1.E0,0.E0,0.E0));
#1751=DIRECTION('',(0.E0,0.E0,1.E0));
#1752=AXIS2_PLACEMENT_3D('',#1749,#1750,#1751);
#1753=TOROIDAL_SURFACE('',#1752,1.633489673078E1,4.E-1);
#1754=ORIENTED_EDGE('',*,*,#1737,.T.);
#1756=ORIENTED_EDGE('',*,*,#1755,.F.);
#1757=ORIENTED_EDGE('',*,*,#1733,.F.);
#1758=ORIENTED_EDGE('',*,*,#1695,.T.);
#1759=EDGE_LOOP('',(#1754,#1756,#1757,#1758));
#1760=FACE_OUTER_BOUND('',#1759,.F.);
#1761=ADVANCED_FACE('',(#1760),#1753,.T.);
#1762=FILL_AREA_STYLE_COLOUR('',#97);
#1763=FILL_AREA_STYLE('',(#1762));
#1764=SURFACE_STYLE_FILL_AREA(#1763);
#1765=SURFACE_SIDE_STYLE('',(#1764));
#1766=SURFACE_STYLE_USAGE(.BOTH.,#1765);
#1767=PRESENTATION_STYLE_ASSIGNMENT((#1766));
#1768=STYLED_ITEM('',(#1767),#1761);
#1769=CARTESIAN_POINT('',(-5.9E0,1.633489673078E1,0.E0));
#1770=DIRECTION('',(1.E0,0.E0,0.E0));
#1771=DIRECTION('',(0.E0,0.E0,-1.E0));
#1772=AXIS2_PLACEMENT_3D('',#1769,#1770,#1771);
#1773=PLANE('',#1772);
#1774=ORIENTED_EDGE('',*,*,#1735,.T.);
#1775=ORIENTED_EDGE('',*,*,#1755,.T.);
#1776=EDGE_LOOP('',(#1774,#1775));
#1777=FACE_OUTER_BOUND('',#1776,.F.);
#1779=ORIENTED_EDGE('',*,*,#1778,.T.);
#1781=ORIENTED_EDGE('',*,*,#1780,.T.);
#1782=EDGE_LOOP('',(#1779,#1781));
#1783=FACE_BOUND('',#1782,.F.);
#1784=ADVANCED_FACE('',(#1777,#1783),#1773,.F.);
#1785=FILL_AREA_STYLE_COLOUR('',#97);
#1786=FILL_AREA_STYLE('',(#1785));
#1787=SURFACE_STYLE_FILL_AREA(#1786);
#1788=SURFACE_SIDE_STYLE('',(#1787));
#1789=SURFACE_STYLE_USAGE(.BOTH.,#1788);
#1790=PRESENTATION_STYLE_ASSIGNMENT((#1789));
#1791=STYLED_ITEM('',(#1790),#1784);
#1792=CARTESIAN_POINT('',(-5.5E0,0.E0,0.E0));
#1793=DIRECTION('',(-1.E0,0.E0,0.E0));
#1794=DIRECTION('',(0.E0,0.E0,1.E0));
#1795=AXIS2_PLACEMENT_3D('',#1792,#1793,#1794);
#1796=TOROIDAL_SURFACE('',#1795,1.386666666667E1,4.E-1);
#1797=ORIENTED_EDGE('',*,*,#1778,.F.);
#1799=ORIENTED_EDGE('',*,*,#1798,.T.);
#1801=ORIENTED_EDGE('',*,*,#1800,.T.);
#1803=ORIENTED_EDGE('',*,*,#1802,.F.);
#1804=EDGE_LOOP('',(#1797,#1799,#1801,#1803));
#1805=FACE_OUTER_BOUND('',#1804,.F.);
#1806=ADVANCED_FACE('',(#1805),#1796,.T.);
#1807=FILL_AREA_STYLE_COLOUR('',#97);
#1808=FILL_AREA_STYLE('',(#1807));
#1809=SURFACE_STYLE_FILL_AREA(#1808);
#1810=SURFACE_SIDE_STYLE('',(#1809));
#1811=SURFACE_STYLE_USAGE(.BOTH.,#1810);
#1812=PRESENTATION_STYLE_ASSIGNMENT((#1811));
#1813=STYLED_ITEM('',(#1812),#1806);
#1814=CARTESIAN_POINT('',(-5.5E0,0.E0,0.E0));
#1815=DIRECTION('',(-1.E0,0.E0,0.E0));
#1816=DIRECTION('',(0.E0,0.E0,1.E0));
#1817=AXIS2_PLACEMENT_3D('',#1814,#1815,#1816);
#1818=TOROIDAL_SURFACE('',#1817,1.386666666667E1,4.E-1);
#1819=ORIENTED_EDGE('',*,*,#1802,.T.);
#1821=ORIENTED_EDGE('',*,*,#1820,.T.);
#1822=ORIENTED_EDGE('',*,*,#1798,.F.);
#1823=ORIENTED_EDGE('',*,*,#1780,.F.);
#1824=EDGE_LOOP('',(#1819,#1821,#1822,#1823));
#1825=FACE_OUTER_BOUND('',#1824,.F.);
#1826=ADVANCED_FACE('',(#1825),#1818,.T.);
#1827=FILL_AREA_STYLE_COLOUR('',#97);
#1828=FILL_AREA_STYLE('',(#1827));
#1829=SURFACE_STYLE_FILL_AREA(#1828);
#1830=SURFACE_SIDE_STYLE('',(#1829));
#1831=SURFACE_STYLE_USAGE(.BOTH.,#1830);
#1832=PRESENTATION_STYLE_ASSIGNMENT((#1831));
#1833=STYLED_ITEM('',(#1832),#1826);
#1834=CARTESIAN_POINT('',(0.E0,0.E0,0.E0));
#1835=DIRECTION('',(-1.E0,0.E0,0.E0));
#1836=DIRECTION('',(0.E0,0.E0,1.E0));
#1837=AXIS2_PLACEMENT_3D('',#1834,#1835,#1836);
#1838=CYLINDRICAL_SURFACE('',#1837,1.346666666667E1);
#1840=ORIENTED_EDGE('',*,*,#1839,.T.);
#1842=ORIENTED_EDGE('',*,*,#1841,.T.);
#1843=ORIENTED_EDGE('',*,*,#1820,.F.);
#1845=ORIENTED_EDGE('',*,*,#1844,.F.);
#1846=EDGE_LOOP('',(#1840,#1842,#1843,#1845));
#1847=FACE_OUTER_BOUND('',#1846,.F.);
#1848=ADVANCED_FACE('',(#1847),#1838,.F.);
#1849=FILL_AREA_STYLE_COLOUR('',#97);
#1850=FILL_AREA_STYLE('',(#1849));
#1851=SURFACE_STYLE_FILL_AREA(#1850);
#1852=SURFACE_SIDE_STYLE('',(#1851));
#1853=SURFACE_STYLE_USAGE(.BOTH.,#1852);
#1854=PRESENTATION_STYLE_ASSIGNMENT((#1853));
#1855=STYLED_ITEM('',(#1854),#1848);
#1856=CARTESIAN_POINT('',(-4.8E0,1.366666666667E1,0.E0));
#1857=DIRECTION('',(1.E0,0.E0,0.E0));
#1858=DIRECTION('',(0.E0,0.E0,-1.E0));
#1859=AXIS2_PLACEMENT_3D('',#1856,#1857,#1858);
#1860=PLANE('',#1859);
#1862=ORIENTED_EDGE('',*,*,#1861,.F.);
#1863=ORIENTED_EDGE('',*,*,#1839,.F.);
#1864=EDGE_LOOP('',(#1862,#1863));
#1865=FACE_OUTER_BOUND('',#1864,.F.);
#1867=ORIENTED_EDGE('',*,*,#1866,.T.);
#1869=ORIENTED_EDGE('',*,*,#1868,.T.);
#1870=EDGE_LOOP('',(#1867,#1869));
#1871=FACE_BOUND('',#1870,.F.);
#1872=ADVANCED_FACE('',(#1865,#1871),#1860,.F.);
#1873=FILL_AREA_STYLE_COLOUR('',#99);
#1874=FILL_AREA_STYLE('',(#1873));
#1875=SURFACE_STYLE_FILL_AREA(#1874);
#1876=SURFACE_SIDE_STYLE('',(#1875));
#1877=SURFACE_STYLE_USAGE(.BOTH.,#1876);
#1878=PRESENTATION_STYLE_ASSIGNMENT((#1877));
#1879=STYLED_ITEM('',(#1878),#1872);
#1880=CARTESIAN_POINT('',(0.E0,0.E0,0.E0));
#1881=DIRECTION('',(-1.E0,0.E0,0.E0));
#1882=DIRECTION('',(0.E0,0.E0,1.E0));
#1883=AXIS2_PLACEMENT_3D('',#1880,#1881,#1882);
#1884=CYLINDRICAL_SURFACE('',#1883,1.346666666667E1);
#1885=ORIENTED_EDGE('',*,*,#1861,.T.);
#1886=ORIENTED_EDGE('',*,*,#1844,.T.);
#1887=ORIENTED_EDGE('',*,*,#1800,.F.);
#1888=ORIENTED_EDGE('',*,*,#1841,.F.);
#1889=EDGE_LOOP('',(#1885,#1886,#1887,#1888));
#1890=FACE_OUTER_BOUND('',#1889,.F.);
#1891=ADVANCED_FACE('',(#1890),#1884,.F.);
#1892=FILL_AREA_STYLE_COLOUR('',#97);
#1893=FILL_AREA_STYLE('',(#1892));
#1894=SURFACE_STYLE_FILL_AREA(#1893);
#1895=SURFACE_SIDE_STYLE('',(#1894));
#1896=SURFACE_STYLE_USAGE(.BOTH.,#1895);
#1897=PRESENTATION_STYLE_ASSIGNMENT((#1896));
#1898=STYLED_ITEM('',(#1897),#1891);
#1899=CARTESIAN_POINT('',(0.E0,0.E0,0.E0));
#1900=DIRECTION('',(-1.E0,0.E0,0.E0));
#1901=DIRECTION('',(0.E0,0.E0,1.E0));
#1902=AXIS2_PLACEMENT_3D('',#1899,#1900,#1901);
#1903=CYLINDRICAL_SURFACE('',#1902,1.256666666667E1);
#1904=ORIENTED_EDGE('',*,*,#1866,.F.);
#1906=ORIENTED_EDGE('',*,*,#1905,.T.);
#1908=ORIENTED_EDGE('',*,*,#1907,.F.);
#1910=ORIENTED_EDGE('',*,*,#1909,.F.);
#1911=EDGE_LOOP('',(#1904,#1906,#1908,#1910));
#1912=FACE_OUTER_BOUND('',#1911,.F.);
#1913=ADVANCED_FACE('',(#1912),#1903,.T.);
#1914=FILL_AREA_STYLE_COLOUR('',#99);
#1915=FILL_AREA_STYLE('',(#1914));
#1916=SURFACE_STYLE_FILL_AREA(#1915);
#1917=SURFACE_SIDE_STYLE('',(#1916));
#1918=SURFACE_STYLE_USAGE(.BOTH.,#1917);
#1919=PRESENTATION_STYLE_ASSIGNMENT((#1918));
#1920=STYLED_ITEM('',(#1919),#1913);
#1921=CARTESIAN_POINT('',(0.E0,0.E0,0.E0));
#1922=DIRECTION('',(-1.E0,0.E0,0.E0));
#1923=DIRECTION('',(0.E0,0.E0,1.E0));
#1924=AXIS2_PLACEMENT_3D('',#1921,#1922,#1923);
#1925=CYLINDRICAL_SURFACE('',#1924,1.256666666667E1);
#1926=ORIENTED_EDGE('',*,*,#1909,.T.);
#1928=ORIENTED_EDGE('',*,*,#1927,.F.);
#1929=ORIENTED_EDGE('',*,*,#1905,.F.);
#1930=ORIENTED_EDGE('',*,*,#1868,.F.);
#1931=EDGE_LOOP('',(#1926,#1928,#1929,#1930));
#1932=FACE_OUTER_BOUND('',#1931,.F.);
#1933=ADVANCED_FACE('',(#1932),#1925,.T.);
#1934=FILL_AREA_STYLE_COLOUR('',#99);
#1935=FILL_AREA_STYLE('',(#1934));
#1936=SURFACE_STYLE_FILL_AREA(#1935);
#1937=SURFACE_SIDE_STYLE('',(#1936));
#1938=SURFACE_STYLE_USAGE(.BOTH.,#1937);
#1939=PRESENTATION_STYLE_ASSIGNMENT((#1938));
#1940=STYLED_ITEM('',(#1939),#1933);
#1941=CARTESIAN_POINT('',(-5.55E0,0.E0,0.E0));
#1942=DIRECTION('',(-1.E0,0.E0,0.E0));
#1943=DIRECTION('',(0.E0,0.E0,1.E0));
#1944=AXIS2_PLACEMENT_3D('',#1941,#1942,#1943);
#1945=CONICAL_SURFACE('',#1944,1.284166666667E1,6.138954033403E1);
#1947=ORIENTED_EDGE('',*,*,#1946,.T.);
#1949=ORIENTED_EDGE('',*,*,#1948,.T.);
#1951=ORIENTED_EDGE('',*,*,#1950,.F.);
#1952=ORIENTED_EDGE('',*,*,#1927,.T.);
#1953=EDGE_LOOP('',(#1947,#1949,#1951,#1952));
#1954=FACE_OUTER_BOUND('',#1953,.F.);
#1955=ADVANCED_FACE('',(#1954),#1945,.T.);
#1956=FILL_AREA_STYLE_COLOUR('',#99);
#1957=FILL_AREA_STYLE('',(#1956));
#1958=SURFACE_STYLE_FILL_AREA(#1957);
#1959=SURFACE_SIDE_STYLE('',(#1958));
#1960=SURFACE_STYLE_USAGE(.BOTH.,#1959);
#1961=PRESENTATION_STYLE_ASSIGNMENT((#1960));
#1962=STYLED_ITEM('',(#1961),#1955);
#1963=CARTESIAN_POINT('',(-5.55E0,0.E0,0.E0));
#1964=DIRECTION('',(-1.E0,0.E0,0.E0));
#1965=DIRECTION('',(0.E0,0.E0,1.E0));
#1966=AXIS2_PLACEMENT_3D('',#1963,#1964,#1965);
#1967=CONICAL_SURFACE('',#1966,1.284166666667E1,6.138954033403E1);
#1968=ORIENTED_EDGE('',*,*,#1907,.T.);
#1969=ORIENTED_EDGE('',*,*,#1950,.T.);
#1971=ORIENTED_EDGE('',*,*,#1970,.T.);
#1972=ORIENTED_EDGE('',*,*,#1946,.F.);
#1973=EDGE_LOOP('',(#1968,#1969,#1971,#1972));
#1974=FACE_OUTER_BOUND('',#1973,.F.);
#1975=ADVANCED_FACE('',(#1974),#1967,.T.);
#1976=FILL_AREA_STYLE_COLOUR('',#99);
#1977=FILL_AREA_STYLE('',(#1976));
#1978=SURFACE_STYLE_FILL_AREA(#1977);
#1979=SURFACE_SIDE_STYLE('',(#1978));
#1980=SURFACE_STYLE_USAGE(.BOTH.,#1979);
#1981=PRESENTATION_STYLE_ASSIGNMENT((#1980));
#1982=STYLED_ITEM('',(#1981),#1975);
#1983=CARTESIAN_POINT('',(0.E0,0.E0,0.E0));
#1984=DIRECTION('',(-1.E0,0.E0,0.E0));
#1985=DIRECTION('',(0.E0,0.E0,1.E0));
#1986=AXIS2_PLACEMENT_3D('',#1983,#1984,#1985);
#1987=CYLINDRICAL_SURFACE('',#1986,1.311666666667E1);
#1988=ORIENTED_EDGE('',*,*,#1970,.F.);
#1990=ORIENTED_EDGE('',*,*,#1989,.T.);
#1992=ORIENTED_EDGE('',*,*,#1991,.F.);
#1994=ORIENTED_EDGE('',*,*,#1993,.F.);
#1995=EDGE_LOOP('',(#1988,#1990,#1992,#1994));
#1996=FACE_OUTER_BOUND('',#1995,.F.);
#1997=ADVANCED_FACE('',(#1996),#1987,.T.);
#1998=FILL_AREA_STYLE_COLOUR('',#99);
#1999=FILL_AREA_STYLE('',(#1998));
#2000=SURFACE_STYLE_FILL_AREA(#1999);
#2001=SURFACE_SIDE_STYLE('',(#2000));
#2002=SURFACE_STYLE_USAGE(.BOTH.,#2001);
#2003=PRESENTATION_STYLE_ASSIGNMENT((#2002));
#2004=STYLED_ITEM('',(#2003),#1997);
#2005=CARTESIAN_POINT('',(0.E0,0.E0,0.E0));
#2006=DIRECTION('',(-1.E0,0.E0,0.E0));
#2007=DIRECTION('',(0.E0,0.E0,1.E0));
#2008=AXIS2_PLACEMENT_3D('',#2005,#2006,#2007);
#2009=CYLINDRICAL_SURFACE('',#2008,1.311666666667E1);
#2010=ORIENTED_EDGE('',*,*,#1993,.T.);
#2012=ORIENTED_EDGE('',*,*,#2011,.F.);
#2013=ORIENTED_EDGE('',*,*,#1989,.F.);
#2014=ORIENTED_EDGE('',*,*,#1948,.F.);
#2015=EDGE_LOOP('',(#2010,#2012,#2013,#2014));
#2016=FACE_OUTER_BOUND('',#2015,.F.);
#2017=ADVANCED_FACE('',(#2016),#2009,.T.);
#2018=FILL_AREA_STYLE_COLOUR('',#99);
#2019=FILL_AREA_STYLE('',(#2018));
#2020=SURFACE_STYLE_FILL_AREA(#2019);
#2021=SURFACE_SIDE_STYLE('',(#2020));
#2022=SURFACE_STYLE_USAGE(.BOTH.,#2021);
#2023=PRESENTATION_STYLE_ASSIGNMENT((#2022));
#2024=STYLED_ITEM('',(#2023),#2017);
#2025=CARTESIAN_POINT('',(-6.E0,1.311666666667E1,0.E0));
#2026=DIRECTION('',(1.E0,0.E0,0.E0));
#2027=DIRECTION('',(0.E0,0.E0,-1.E0));
#2028=AXIS2_PLACEMENT_3D('',#2025,#2026,#2027);
#2029=PLANE('',#2028);
#2030=ORIENTED_EDGE('',*,*,#1991,.T.);
#2031=ORIENTED_EDGE('',*,*,#2011,.T.);
#2032=EDGE_LOOP('',(#2030,#2031));
#2033=FACE_OUTER_BOUND('',#2032,.F.);
#2035=ORIENTED_EDGE('',*,*,#2034,.T.);
#2037=ORIENTED_EDGE('',*,*,#2036,.T.);
#2038=EDGE_LOOP('',(#2035,#2037));
#2039=FACE_BOUND('',#2038,.F.);
#2040=ADVANCED_FACE('',(#2033,#2039),#2029,.F.);
#2041=FILL_AREA_STYLE_COLOUR('',#99);
#2042=FILL_AREA_STYLE('',(#2041));
#2043=SURFACE_STYLE_FILL_AREA(#2042);
#2044=SURFACE_SIDE_STYLE('',(#2043));
#2045=SURFACE_STYLE_USAGE(.BOTH.,#2044);
#2046=PRESENTATION_STYLE_ASSIGNMENT((#2045));
#2047=STYLED_ITEM('',(#2046),#2040);
#2048=CARTESIAN_POINT('',(-5.4E0,0.E0,0.E0));
#2049=DIRECTION('',(-1.E0,0.E0,0.E0));
#2050=DIRECTION('',(0.E0,0.E0,1.E0));
#2051=AXIS2_PLACEMENT_3D('',#2048,#2049,#2050);
#2052=TOROIDAL_SURFACE('',#2051,1.06E1,6.E-1);
#2053=ORIENTED_EDGE('',*,*,#2034,.F.);
#2055=ORIENTED_EDGE('',*,*,#2054,.T.);
#2057=ORIENTED_EDGE('',*,*,#2056,.T.);
#2059=ORIENTED_EDGE('',*,*,#2058,.F.);
#2060=EDGE_LOOP('',(#2053,#2055,#2057,#2059));
#2061=FACE_OUTER_BOUND('',#2060,.F.);
#2062=ADVANCED_FACE('',(#2061),#2052,.T.);
#2063=FILL_AREA_STYLE_COLOUR('',#99);
#2064=FILL_AREA_STYLE('',(#2063));
#2065=SURFACE_STYLE_FILL_AREA(#2064);
#2066=SURFACE_SIDE_STYLE('',(#2065));
#2067=SURFACE_STYLE_USAGE(.BOTH.,#2066);
#2068=PRESENTATION_STYLE_ASSIGNMENT((#2067));
#2069=STYLED_ITEM('',(#2068),#2062);
#2070=CARTESIAN_POINT('',(-5.4E0,0.E0,0.E0));
#2071=DIRECTION('',(-1.E0,0.E0,0.E0));
#2072=DIRECTION('',(0.E0,0.E0,1.E0));
#2073=AXIS2_PLACEMENT_3D('',#2070,#2071,#2072);
#2074=TOROIDAL_SURFACE('',#2073,1.06E1,6.E-1);
#2075=ORIENTED_EDGE('',*,*,#2058,.T.);
#2077=ORIENTED_EDGE('',*,*,#2076,.T.);
#2078=ORIENTED_EDGE('',*,*,#2054,.F.);
#2079=ORIENTED_EDGE('',*,*,#2036,.F.);
#2080=EDGE_LOOP('',(#2075,#2077,#2078,#2079));
#2081=FACE_OUTER_BOUND('',#2080,.F.);
#2082=ADVANCED_FACE('',(#2081),#2074,.T.);
#2083=FILL_AREA_STYLE_COLOUR('',#99);
#2084=FILL_AREA_STYLE('',(#2083));
#2085=SURFACE_STYLE_FILL_AREA(#2084);
#2086=SURFACE_SIDE_STYLE('',(#2085));
#2087=SURFACE_STYLE_USAGE(.BOTH.,#2086);
#2088=PRESENTATION_STYLE_ASSIGNMENT((#2087));
#2089=STYLED_ITEM('',(#2088),#2082);
#2090=CARTESIAN_POINT('',(0.E0,0.E0,0.E0));
#2091=DIRECTION('',(-1.E0,0.E0,0.E0));
#2092=DIRECTION('',(0.E0,0.E0,1.E0));
#2093=AXIS2_PLACEMENT_3D('',#2090,#2091,#2092);
#2094=CYLINDRICAL_SURFACE('',#2093,1.E1);
#2096=ORIENTED_EDGE('',*,*,#2095,.F.);
#2098=ORIENTED_EDGE('',*,*,#2097,.T.);
#2099=ORIENTED_EDGE('',*,*,#2076,.F.);
#2101=ORIENTED_EDGE('',*,*,#2100,.F.);
#2102=EDGE_LOOP('',(#2096,#2098,#2099,#2101));
#2103=FACE_OUTER_BOUND('',#2102,.F.);
#2104=ADVANCED_FACE('',(#2103),#2094,.F.);
#2105=FILL_AREA_STYLE_COLOUR('',#99);
#2106=FILL_AREA_STYLE('',(#2105));
#2107=SURFACE_STYLE_FILL_AREA(#2106);
#2108=SURFACE_SIDE_STYLE('',(#2107));
#2109=SURFACE_STYLE_USAGE(.BOTH.,#2108);
#2110=PRESENTATION_STYLE_ASSIGNMENT((#2109));
#2111=STYLED_ITEM('',(#2110),#2104);
#2112=CARTESIAN_POINT('',(5.4E0,0.E0,0.E0));
#2113=DIRECTION('',(-1.E0,0.E0,0.E0));
#2114=DIRECTION('',(0.E0,0.E0,1.E0));
#2115=AXIS2_PLACEMENT_3D('',#2112,#2113,#2114);
#2116=TOROIDAL_SURFACE('',#2115,1.06E1,6.E-1);
#2118=ORIENTED_EDGE('',*,*,#2117,.T.);
#2120=ORIENTED_EDGE('',*,*,#2119,.F.);
#2122=ORIENTED_EDGE('',*,*,#2121,.F.);
#2123=ORIENTED_EDGE('',*,*,#2095,.T.);
#2124=EDGE_LOOP('',(#2118,#2120,#2122,#2123));
#2125=FACE_OUTER_BOUND('',#2124,.F.);
#2126=ADVANCED_FACE('',(#2125),#2116,.T.);
#2127=FILL_AREA_STYLE_COLOUR('',#99);
#2128=FILL_AREA_STYLE('',(#2127));
#2129=SURFACE_STYLE_FILL_AREA(#2128);
#2130=SURFACE_SIDE_STYLE('',(#2129));
#2131=SURFACE_STYLE_USAGE(.BOTH.,#2130);
#2132=PRESENTATION_STYLE_ASSIGNMENT((#2131));
#2133=STYLED_ITEM('',(#2132),#2126);
#2134=CARTESIAN_POINT('',(5.4E0,0.E0,0.E0));
#2135=DIRECTION('',(-1.E0,0.E0,0.E0));
#2136=DIRECTION('',(0.E0,0.E0,1.E0));
#2137=AXIS2_PLACEMENT_3D('',#2134,#2135,#2136);
#2138=TOROIDAL_SURFACE('',#2137,1.06E1,6.E-1);
#2140=ORIENTED_EDGE('',*,*,#2139,.T.);
#2141=ORIENTED_EDGE('',*,*,#2121,.T.);
#2143=ORIENTED_EDGE('',*,*,#2142,.F.);
#2144=ORIENTED_EDGE('',*,*,#2117,.F.);
#2145=EDGE_LOOP('',(#2140,#2141,#2143,#2144));
#2146=FACE_OUTER_BOUND('',#2145,.F.);
#2147=ADVANCED_FACE('',(#2146),#2138,.T.);
#2148=FILL_AREA_STYLE_COLOUR('',#99);
#2149=FILL_AREA_STYLE('',(#2148));
#2150=SURFACE_STYLE_FILL_AREA(#2149);
#2151=SURFACE_SIDE_STYLE('',(#2150));
#2152=SURFACE_STYLE_USAGE(.BOTH.,#2151);
#2153=PRESENTATION_STYLE_ASSIGNMENT((#2152));
#2154=STYLED_ITEM('',(#2153),#2147);
#2155=CARTESIAN_POINT('',(0.E0,0.E0,0.E0));
#2156=DIRECTION('',(-1.E0,0.E0,0.E0));
#2157=DIRECTION('',(0.E0,0.E0,1.E0));
#2158=AXIS2_PLACEMENT_3D('',#2155,#2156,#2157);
#2159=CYLINDRICAL_SURFACE('',#2158,1.E1);
#2160=ORIENTED_EDGE('',*,*,#2100,.T.);
#2161=ORIENTED_EDGE('',*,*,#2056,.F.);
#2162=ORIENTED_EDGE('',*,*,#2097,.F.);
#2163=ORIENTED_EDGE('',*,*,#2139,.F.);
#2164=EDGE_LOOP('',(#2160,#2161,#2162,#2163));
#2165=FACE_OUTER_BOUND('',#2164,.F.);
#2166=ADVANCED_FACE('',(#2165),#2159,.F.);
#2167=FILL_AREA_STYLE_COLOUR('',#99);
#2168=FILL_AREA_STYLE('',(#2167));
#2169=SURFACE_STYLE_FILL_AREA(#2168);
#2170=SURFACE_SIDE_STYLE('',(#2169));
#2171=SURFACE_STYLE_USAGE(.BOTH.,#2170);
#2172=PRESENTATION_STYLE_ASSIGNMENT((#2171));
#2173=STYLED_ITEM('',(#2172),#2166);
#2174=CARTESIAN_POINT('',(6.E0,1.311666666667E1,0.E0));
#2175=DIRECTION('',(-1.E0,0.E0,0.E0));
#2176=DIRECTION('',(0.E0,0.E0,1.E0));
#2177=AXIS2_PLACEMENT_3D('',#2174,#2175,#2176);
#2178=PLANE('',#2177);
#2180=ORIENTED_EDGE('',*,*,#2179,.T.);
#2182=ORIENTED_EDGE('',*,*,#2181,.T.);
#2183=EDGE_LOOP('',(#2180,#2182));
#2184=FACE_OUTER_BOUND('',#2183,.F.);
#2185=ORIENTED_EDGE('',*,*,#2142,.T.);
#2186=ORIENTED_EDGE('',*,*,#2119,.T.);
#2187=EDGE_LOOP('',(#2185,#2186));
#2188=FACE_BOUND('',#2187,.F.);
#2189=ADVANCED_FACE('',(#2184,#2188),#2178,.F.);
#2190=FILL_AREA_STYLE_COLOUR('',#99);
#2191=FILL_AREA_STYLE('',(#2190));
#2192=SURFACE_STYLE_FILL_AREA(#2191);
#2193=SURFACE_SIDE_STYLE('',(#2192));
#2194=SURFACE_STYLE_USAGE(.BOTH.,#2193);
#2195=PRESENTATION_STYLE_ASSIGNMENT((#2194));
#2196=STYLED_ITEM('',(#2195),#2189);
#2197=CARTESIAN_POINT('',(0.E0,0.E0,0.E0));
#2198=DIRECTION('',(-1.E0,0.E0,0.E0));
#2199=DIRECTION('',(0.E0,0.E0,1.E0));
#2200=AXIS2_PLACEMENT_3D('',#2197,#2198,#2199);
#2201=CYLINDRICAL_SURFACE('',#2200,1.311666666667E1);
#2202=ORIENTED_EDGE('',*,*,#2179,.F.);
#2204=ORIENTED_EDGE('',*,*,#2203,.T.);
#2206=ORIENTED_EDGE('',*,*,#2205,.F.);
#2208=ORIENTED_EDGE('',*,*,#2207,.F.);
#2209=EDGE_LOOP('',(#2202,#2204,#2206,#2208));
#2210=FACE_OUTER_BOUND('',#2209,.F.);
#2211=ADVANCED_FACE('',(#2210),#2201,.T.);
#2212=FILL_AREA_STYLE_COLOUR('',#99);
#2213=FILL_AREA_STYLE('',(#2212));
#2214=SURFACE_STYLE_FILL_AREA(#2213);
#2215=SURFACE_SIDE_STYLE('',(#2214));
#2216=SURFACE_STYLE_USAGE(.BOTH.,#2215);
#2217=PRESENTATION_STYLE_ASSIGNMENT((#2216));
#2218=STYLED_ITEM('',(#2217),#2211);
#2219=CARTESIAN_POINT('',(0.E0,0.E0,0.E0));
#2220=DIRECTION('',(-1.E0,0.E0,0.E0));
#2221=DIRECTION('',(0.E0,0.E0,1.E0));
#2222=AXIS2_PLACEMENT_3D('',#2219,#2220,#2221);
#2223=CYLINDRICAL_SURFACE('',#2222,1.311666666667E1);
#2224=ORIENTED_EDGE('',*,*,#2207,.T.);
#2226=ORIENTED_EDGE('',*,*,#2225,.F.);
#2227=ORIENTED_EDGE('',*,*,#2203,.F.);
#2228=ORIENTED_EDGE('',*,*,#2181,.F.);
#2229=EDGE_LOOP('',(#2224,#2226,#2227,#2228));
#2230=FACE_OUTER_BOUND('',#2229,.F.);
#2231=ADVANCED_FACE('',(#2230),#2223,.T.);
#2232=FILL_AREA_STYLE_COLOUR('',#99);
#2233=FILL_AREA_STYLE('',(#2232));
#2234=SURFACE_STYLE_FILL_AREA(#2233);
#2235=SURFACE_SIDE_STYLE('',(#2234));
#2236=SURFACE_STYLE_USAGE(.BOTH.,#2235);
#2237=PRESENTATION_STYLE_ASSIGNMENT((#2236));
#2238=STYLED_ITEM('',(#2237),#2231);
#2239=CARTESIAN_POINT('',(5.55E0,0.E0,0.E0));
#2240=DIRECTION('',(1.E0,0.E0,0.E0));
#2241=DIRECTION('',(0.E0,0.E0,-1.E0));
#2242=AXIS2_PLACEMENT_3D('',#2239,#2240,#2241);
#2243=CONICAL_SURFACE('',#2242,1.284166666667E1,6.138954033403E1);
#2245=ORIENTED_EDGE('',*,*,#2244,.T.);
#2246=ORIENTED_EDGE('',*,*,#2225,.T.);
#2248=ORIENTED_EDGE('',*,*,#2247,.F.);
#2250=ORIENTED_EDGE('',*,*,#2249,.T.);
#2251=EDGE_LOOP('',(#2245,#2246,#2248,#2250));
#2252=FACE_OUTER_BOUND('',#2251,.F.);
#2253=ADVANCED_FACE('',(#2252),#2243,.T.);
#2254=FILL_AREA_STYLE_COLOUR('',#99);
#2255=FILL_AREA_STYLE('',(#2254));
#2256=SURFACE_STYLE_FILL_AREA(#2255);
#2257=SURFACE_SIDE_STYLE('',(#2256));
#2258=SURFACE_STYLE_USAGE(.BOTH.,#2257);
#2259=PRESENTATION_STYLE_ASSIGNMENT((#2258));
#2260=STYLED_ITEM('',(#2259),#2253);
#2261=CARTESIAN_POINT('',(5.55E0,0.E0,0.E0));
#2262=DIRECTION('',(1.E0,0.E0,0.E0));
#2263=DIRECTION('',(0.E0,0.E0,-1.E0));
#2264=AXIS2_PLACEMENT_3D('',#2261,#2262,#2263);
#2265=CONICAL_SURFACE('',#2264,1.284166666667E1,6.138954033403E1);
#2267=ORIENTED_EDGE('',*,*,#2266,.T.);
#2268=ORIENTED_EDGE('',*,*,#2247,.T.);
#2269=ORIENTED_EDGE('',*,*,#2205,.T.);
#2270=ORIENTED_EDGE('',*,*,#2244,.F.);
#2271=EDGE_LOOP('',(#2267,#2268,#2269,#2270));
#2272=FACE_OUTER_BOUND('',#2271,.F.);
#2273=ADVANCED_FACE('',(#2272),#2265,.T.);
#2274=FILL_AREA_STYLE_COLOUR('',#99);
#2275=FILL_AREA_STYLE('',(#2274));
#2276=SURFACE_STYLE_FILL_AREA(#2275);
#2277=SURFACE_SIDE_STYLE('',(#2276));
#2278=SURFACE_STYLE_USAGE(.BOTH.,#2277);
#2279=PRESENTATION_STYLE_ASSIGNMENT((#2278));
#2280=STYLED_ITEM('',(#2279),#2273);
#2281=CARTESIAN_POINT('',(0.E0,0.E0,0.E0));
#2282=DIRECTION('',(-1.E0,0.E0,0.E0));
#2283=DIRECTION('',(0.E0,0.E0,1.E0));
#2284=AXIS2_PLACEMENT_3D('',#2281,#2282,#2283);
#2285=CYLINDRICAL_SURFACE('',#2284,1.256666666667E1);
#2286=ORIENTED_EDGE('',*,*,#2266,.F.);
#2288=ORIENTED_EDGE('',*,*,#2287,.T.);
#2290=ORIENTED_EDGE('',*,*,#2289,.F.);
#2292=ORIENTED_EDGE('',*,*,#2291,.F.);
#2293=EDGE_LOOP('',(#2286,#2288,#2290,#2292));
#2294=FACE_OUTER_BOUND('',#2293,.F.);
#2295=ADVANCED_FACE('',(#2294),#2285,.T.);
#2296=FILL_AREA_STYLE_COLOUR('',#99);
#2297=FILL_AREA_STYLE('',(#2296));
#2298=SURFACE_STYLE_FILL_AREA(#2297);
#2299=SURFACE_SIDE_STYLE('',(#2298));
#2300=SURFACE_STYLE_USAGE(.BOTH.,#2299);
#2301=PRESENTATION_STYLE_ASSIGNMENT((#2300));
#2302=STYLED_ITEM('',(#2301),#2295);
#2303=CARTESIAN_POINT('',(0.E0,0.E0,0.E0));
#2304=DIRECTION('',(-1.E0,0.E0,0.E0));
#2305=DIRECTION('',(0.E0,0.E0,1.E0));
#2306=AXIS2_PLACEMENT_3D('',#2303,#2304,#2305);
#2307=CYLINDRICAL_SURFACE('',#2306,1.256666666667E1);
#2308=ORIENTED_EDGE('',*,*,#2291,.T.);
#2310=ORIENTED_EDGE('',*,*,#2309,.F.);
#2311=ORIENTED_EDGE('',*,*,#2287,.F.);
#2312=ORIENTED_EDGE('',*,*,#2249,.F.);
#2313=EDGE_LOOP('',(#2308,#2310,#2311,#2312));
#2314=FACE_OUTER_BOUND('',#2313,.F.);
#2315=ADVANCED_FACE('',(#2314),#2307,.T.);
#2316=FILL_AREA_STYLE_COLOUR('',#99);
#2317=FILL_AREA_STYLE('',(#2316));
#2318=SURFACE_STYLE_FILL_AREA(#2317);
#2319=SURFACE_SIDE_STYLE('',(#2318));
#2320=SURFACE_STYLE_USAGE(.BOTH.,#2319);
#2321=PRESENTATION_STYLE_ASSIGNMENT((#2320));
#2322=STYLED_ITEM('',(#2321),#2315);
#2323=CARTESIAN_POINT('',(4.8E0,1.366666666667E1,0.E0));
#2324=DIRECTION('',(-1.E0,0.E0,0.E0));
#2325=DIRECTION('',(0.E0,0.E0,1.E0));
#2326=AXIS2_PLACEMENT_3D('',#2323,#2324,#2325);
#2327=PLANE('',#2326);
#2329=ORIENTED_EDGE('',*,*,#2328,.F.);
#2331=ORIENTED_EDGE('',*,*,#2330,.F.);
#2332=EDGE_LOOP('',(#2329,#2331));
#2333=FACE_OUTER_BOUND('',#2332,.F.);
#2334=ORIENTED_EDGE('',*,*,#2289,.T.);
#2335=ORIENTED_EDGE('',*,*,#2309,.T.);
#2336=EDGE_LOOP('',(#2334,#2335));
#2337=FACE_BOUND('',#2336,.F.);
#2338=ADVANCED_FACE('',(#2333,#2337),#2327,.F.);
#2339=FILL_AREA_STYLE_COLOUR('',#99);
#2340=FILL_AREA_STYLE('',(#2339));
#2341=SURFACE_STYLE_FILL_AREA(#2340);
#2342=SURFACE_SIDE_STYLE('',(#2341));
#2343=SURFACE_STYLE_USAGE(.BOTH.,#2342);
#2344=PRESENTATION_STYLE_ASSIGNMENT((#2343));
#2345=STYLED_ITEM('',(#2344),#2338);
#2346=CARTESIAN_POINT('',(0.E0,0.E0,0.E0));
#2347=DIRECTION('',(1.E0,0.E0,0.E0));
#2348=DIRECTION('',(0.E0,0.E0,1.E0));
#2349=AXIS2_PLACEMENT_3D('',#2346,#2347,#2348);
#2350=CYLINDRICAL_SURFACE('',#2349,1.346666666667E1);
#2351=ORIENTED_EDGE('',*,*,#2328,.T.);
#2353=ORIENTED_EDGE('',*,*,#2352,.T.);
#2354=ORIENTED_EDGE('',*,*,#987,.F.);
#2356=ORIENTED_EDGE('',*,*,#2355,.F.);
#2357=EDGE_LOOP('',(#2351,#2353,#2354,#2356));
#2358=FACE_OUTER_BOUND('',#2357,.F.);
#2359=ADVANCED_FACE('',(#2358),#2350,.F.);
#2360=FILL_AREA_STYLE_COLOUR('',#96);
#2361=FILL_AREA_STYLE('',(#2360));
#2362=SURFACE_STYLE_FILL_AREA(#2361);
#2363=SURFACE_SIDE_STYLE('',(#2362));
#2364=SURFACE_STYLE_USAGE(.BOTH.,#2363);
#2365=PRESENTATION_STYLE_ASSIGNMENT((#2364));
#2366=STYLED_ITEM('',(#2365),#2359);
#2367=CARTESIAN_POINT('',(0.E0,0.E0,0.E0));
#2368=DIRECTION('',(1.E0,0.E0,0.E0));
#2369=DIRECTION('',(0.E0,0.E0,1.E0));
#2370=AXIS2_PLACEMENT_3D('',#2367,#2368,#2369);
#2371=CYLINDRICAL_SURFACE('',#2370,1.346666666667E1);
#2372=ORIENTED_EDGE('',*,*,#2330,.T.);
#2373=ORIENTED_EDGE('',*,*,#2355,.T.);
#2374=ORIENTED_EDGE('',*,*,#1011,.F.);
#2375=ORIENTED_EDGE('',*,*,#2352,.F.);
#2376=EDGE_LOOP('',(#2372,#2373,#2374,#2375));
#2377=FACE_OUTER_BOUND('',#2376,.F.);
#2378=ADVANCED_FACE('',(#2377),#2371,.F.);
#2379=FILL_AREA_STYLE_COLOUR('',#96);
#2380=FILL_AREA_STYLE('',(#2379));
#2381=SURFACE_STYLE_FILL_AREA(#2380);
#2382=SURFACE_SIDE_STYLE('',(#2381));
#2383=SURFACE_STYLE_USAGE(.BOTH.,#2382);
#2384=PRESENTATION_STYLE_ASSIGNMENT((#2383));
#2385=STYLED_ITEM('',(#2384),#2378);
#2386=CLOSED_SHELL('',(#995,#1016,#1039,#1061,#1081,#1103,#1123,#1146,#1168,
#1188,#1210,#1230,#1252,#1274,#1295,#1314,#1337,#1359,#1379,#1401,#1421,#1443,
#1463,#1486,#1508,#1530,#1551,#1570,#1592,#1612,#1634,#1654,#1677,#1699,#1719,
#1741,#1761,#1784,#1806,#1826,#1848,#1872,#1891,#1913,#1933,#1955,#1975,#1997,
#2017,#2040,#2062,#2082,#2104,#2126,#2147,#2166,#2189,#2211,#2231,#2253,#2273,
#2295,#2315,#2338,#2359,#2378));
#2387=MANIFOLD_SOLID_BREP('',#2386);
#2389=DIMENSIONAL_EXPONENTS(0.E0,0.E0,0.E0,0.E0,0.E0,0.E0,0.E0);
#2391=PLANE_ANGLE_MEASURE_WITH_UNIT(PLANE_ANGLE_MEASURE(1.745329251994E-2),
#2390);
#2392=(CONVERSION_BASED_UNIT('DEGREE',#2391)NAMED_UNIT(*)PLANE_ANGLE_UNIT());
#2394=UNCERTAINTY_MEASURE_WITH_UNIT(LENGTH_MEASURE(5.E-3),#2388,'closure',
'Maximum model space distance between geometric entities at asserted connectivities');
#2395=(GEOMETRIC_REPRESENTATION_CONTEXT(3)GLOBAL_UNCERTAINTY_ASSIGNED_CONTEXT((
#2394))GLOBAL_UNIT_ASSIGNED_CONTEXT((#2388,#2392,#2393))REPRESENTATION_CONTEXT(
'ID1','3'));
#2397=MECHANICAL_DESIGN_GEOMETRIC_PRESENTATION_REPRESENTATION('',(#1002,#1023,
#1046,#1068,#1088,#1110,#1130,#1153,#1175,#1195,#1217,#1237,#1259,#1281,#1302,
#1321,#1344,#1366,#1386,#1408,#1428,#1450,#1470,#1493,#1515,#1537,#1558,#1577,
#1599,#1619,#1641,#1661,#1684,#1706,#1726,#1748,#1768,#1791,#1813,#1833,#1855,
#1879,#1898,#1920,#1940,#1962,#1982,#2004,#2024,#2047,#2069,#2089,#2111,#2133,
#2154,#2173,#2196,#2218,#2238,#2260,#2280,#2302,#2322,#2345,#2366,#2385),#2395);
#2398=APPLICATION_CONTEXT(
'CONFIGURATION CONTROLLED 3D DESIGNS OF MECHANICAL PARTS AND ASSEMBLIES');
#2399=APPLICATION_PROTOCOL_DEFINITION('international standard',
'config_control_design',1994,#2398);
#2400=DESIGN_CONTEXT('',#2398,'design');
#2401=MECHANICAL_CONTEXT('',#2398,'mechanical');
#2402=PRODUCT('6004ZZ_-_EA041','6004ZZ_-_EA041','NOT SPECIFIED',(#2401));
#2403=PRODUCT_DEFINITION_FORMATION_WITH_SPECIFIED_SOURCE('1','LAST_VERSION',
#2402,.MADE.);
#2407=PRODUCT_CATEGORY('part','');
#2408=PRODUCT_RELATED_PRODUCT_CATEGORY('detail','',(#2402));
#2409=PRODUCT_CATEGORY_RELATIONSHIP('','',#2407,#2408);
#2410=SECURITY_CLASSIFICATION_LEVEL('unclassified');
#2411=SECURITY_CLASSIFICATION('','',#2410);
#2412=CC_DESIGN_SECURITY_CLASSIFICATION(#2411,(#2403));
#2413=APPROVAL_STATUS('approved');
#2414=APPROVAL(#2413,'');
#2415=CC_DESIGN_APPROVAL(#2414,(#2411,#2403,#2404));
#2416=CALENDAR_DATE(125,19,12);
#2417=COORDINATED_UNIVERSAL_TIME_OFFSET(8,0,.AHEAD.);
#2418=LOCAL_TIME(11,17,5.5E1,#2417);
#2419=DATE_AND_TIME(#2416,#2418);
#2420=APPROVAL_DATE_TIME(#2419,#2414);
#2421=DATE_TIME_ROLE('creation_date');
#2422=CC_DESIGN_DATE_AND_TIME_ASSIGNMENT(#2419,#2421,(#2404));
#2423=DATE_TIME_ROLE('classification_date');
#2424=CC_DESIGN_DATE_AND_TIME_ASSIGNMENT(#2419,#2423,(#2411));
#2425=PERSON('UNSPECIFIED','UNSPECIFIED',$,$,$,$);
#2426=ORGANIZATION('UNSPECIFIED','UNSPECIFIED','UNSPECIFIED');
#2427=PERSON_AND_ORGANIZATION(#2425,#2426);
#2428=APPROVAL_ROLE('approver');
#2429=APPROVAL_PERSON_ORGANIZATION(#2427,#2414,#2428);
#2430=PERSON_AND_ORGANIZATION_ROLE('creator');
#2431=CC_DESIGN_PERSON_AND_ORGANIZATION_ASSIGNMENT(#2427,#2430,(#2403,#2404));
#2432=PERSON_AND_ORGANIZATION_ROLE('design_supplier');
#2433=CC_DESIGN_PERSON_AND_ORGANIZATION_ASSIGNMENT(#2427,#2432,(#2403));
#2434=PERSON_AND_ORGANIZATION_ROLE('classification_officer');
#2435=CC_DESIGN_PERSON_AND_ORGANIZATION_ASSIGNMENT(#2427,#2434,(#2411));
#2436=PERSON_AND_ORGANIZATION_ROLE('design_owner');
#2437=CC_DESIGN_PERSON_AND_ORGANIZATION_ASSIGNMENT(#2427,#2436,(#2402));
#1=DRAUGHTING_PRE_DEFINED_COLOUR('black');
#2=COLOUR_RGB('',0.E0,0.E0,4.7E-1);
#3=COLOUR_RGB('',0.E0,0.E0,6.E-1);
#4=COLOUR_RGB('',0.E0,0.E0,8.E-1);
#5=COLOUR_RGB('',0.E0,2.745098039216E-2,7.019607843137E-1);
#6=COLOUR_RGB('',0.E0,3.137254901961E-2,3.411764705882E-1);
#7=COLOUR_RGB('',0.E0,2.E-1,1.E0);
#8=COLOUR_RGB('',0.E0,3.3E-1,0.E0);
#9=COLOUR_RGB('',0.E0,3.3E-1,3.3E-1);
#10=COLOUR_RGB('',0.E0,4.E-1,0.E0);
#11=COLOUR_RGB('',0.E0,4.E-1,4.E-1);
#12=COLOUR_RGB('',0.E0,4.E-1,1.E0);
#13=COLOUR_RGB('',0.E0,5.019607843137E-1,5.019607843137E-1);
#14=COLOUR_RGB('',0.E0,6.E-1,0.E0);
#15=COLOUR_RGB('',0.E0,6.E-1,6.E-1);
#16=COLOUR_RGB('',0.E0,6.E-1,1.E0);
#17=COLOUR_RGB('',0.E0,8.E-1,0.E0);
#18=COLOUR_RGB('',0.E0,8.E-1,8.E-1);
#19=COLOUR_RGB('',0.E0,8.E-1,1.E0);
#20=COLOUR_RGB('',0.E0,9.3E-1,0.E0);
#21=COLOUR_RGB('',0.E0,9.3E-1,9.3E-1);
#22=DRAUGHTING_PRE_DEFINED_COLOUR('green');
#23=COLOUR_RGB('',0.E0,1.E0,2.E-1);
#24=COLOUR_RGB('',0.E0,1.E0,4.E-1);
#25=COLOUR_RGB('',0.E0,1.E0,6.E-1);
#26=COLOUR_RGB('',0.E0,1.E0,8.E-1);
#27=DRAUGHTING_PRE_DEFINED_COLOUR('cyan');
#28=COLOUR_RGB('',3.1E-2,2.E-1,6.27E-1);
#29=COLOUR_RGB('',3.529411764706E-2,5.137254901961E-1,1.725490196078E-1);
#30=COLOUR_RGB('',6.6667E-2,5.17647E-1,6.39216E-1);
#31=COLOUR_RGB('',7.E-2,7.E-2,1.E0);
#32=COLOUR_RGB('',7.E-2,6.E-1,3.E-1);
#33=COLOUR_RGB('',8.E-2,1.E-1,1.1E-1);
#34=COLOUR_RGB('',9.803921568627E-2,9.803921568627E-2,4.392156862745E-1);
#35=COLOUR_RGB('',1.019607843137E-1,6.313725490196E-1,5.019607843137E-1);
#36=COLOUR_RGB('',1.176470588235E-1,5.647058823529E-1,1.E0);
#37=COLOUR_RGB('',1.254901960784E-1,6.980392156863E-1,6.666666666667E-1);
#38=COLOUR_RGB('',1.333333333333E-1,5.450980392157E-1,1.333333333333E-1);
#39=COLOUR_RGB('',1.450980392157E-1,3.529411764706E-2,0.E0);
#40=COLOUR_RGB('',1.686274509804E-1,1.686274509804E-1,1.803921568627E-1);
#41=COLOUR_RGB('',1.803921568627E-1,5.450980392157E-1,3.411764705882E-1);
#42=COLOUR_RGB('',1.9E-1,2.3E-1,3.1E-1);
#43=COLOUR_RGB('',1.960784313725E-1,8.039215686275E-1,1.960784313725E-1);
#44=COLOUR_RGB('',2.E-1,1.E0,0.E0);
#45=COLOUR_RGB('',2.E-1,1.E0,2.E-1);
#46=COLOUR_RGB('',2.E-1,1.E0,1.E0);
#47=COLOUR_RGB('',2.313725490196E-1,3.803921568627E-1,5.607843137255E-1);
#48=COLOUR_RGB('',2.352941176471E-1,7.019607843137E-1,4.431372549020E-1);
#49=COLOUR_RGB('',2.431372549020E-1,8.784313725490E-1,8.156862745098E-1);
#50=COLOUR_RGB('',2.470588235294E-1,5.921568627451E-1,6.313725490196E-1);
#51=COLOUR_RGB('',2.5098E-1,2.35294E-1,8.62745E-1);
#52=COLOUR_RGB('',2.549019607843E-1,4.117647058824E-1,1.E0);
#53=COLOUR_RGB('',2.58824E-1,7.80392E-1,8.86275E-1);
#54=COLOUR_RGB('',2.7E-1,0.E0,4.E-1);
#55=COLOUR_RGB('',2.7E-1,2.7E-1,0.E0);
#56=COLOUR_RGB('',2.7E-1,2.7E-1,1.E0);
#57=COLOUR_RGB('',2.745098039216E-1,5.098039215686E-1,7.058823529412E-1);
#58=COLOUR_RGB('',2.784313725490E-1,2.784313725490E-1,2.784313725490E-1);
#59=COLOUR_RGB('',2.823529411765E-1,2.392156862745E-1,5.450980392157E-1);
#60=COLOUR_RGB('',3.13725E-1,4.70588E-1,1.96078E-1);
#61=COLOUR_RGB('',3.2549E-1,4.98039E-1,9.84314E-1);
#62=COLOUR_RGB('',3.254901960784E-1,5.764705882353E-1,8.117647058824E-1);
#63=COLOUR_RGB('',3.3E-1,0.E0,0.E0);
#64=COLOUR_RGB('',3.3E-1,0.E0,3.3E-1);
#65=COLOUR_RGB('',3.3E-1,0.E0,5.3E-1);
#66=COLOUR_RGB('',3.450980392157E-1,3.647058823529E-1,3.725490196078E-1);
#67=COLOUR_RGB('',3.725490196078E-1,6.196078431373E-1,6.274509803922E-1);
#68=COLOUR_RGB('',3.803921568627E-1,4.392156862745E-1,5.960784313725E-1);
#69=COLOUR_RGB('',3.882352941176E-1,4.392156862745E-1,4.901960784314E-1);
#70=COLOUR_RGB('',3.921568627451E-1,5.843137254902E-1,9.294117647059E-1);
#71=COLOUR_RGB('',3.96078E-1,7.13725E-1,1.E0);
#72=COLOUR_RGB('',4.E-1,0.E0,4.E-1);
#73=COLOUR_RGB('',4.E-1,0.E0,6.7E-1);
#74=COLOUR_RGB('',4.E-1,1.3E-1,0.E0);
#75=COLOUR_RGB('',4.E-1,4.E-1,0.E0);
#76=COLOUR_RGB('',4.E-1,4.E-1,1.E0);
#77=COLOUR_RGB('',4.E-1,8.039215686275E-1,6.666666666667E-1);
#78=COLOUR_RGB('',4.E-1,1.E0,0.E0);
#79=COLOUR_RGB('',4.E-1,1.E0,4.E-1);
#80=COLOUR_RGB('',4.E-1,1.E0,1.E0);
#81=COLOUR_RGB('',4.156862745098E-1,3.529411764706E-1,8.039215686275E-1);
#82=COLOUR_RGB('',4.196078431373E-1,5.568627450980E-1,1.372549019608E-1);
#83=COLOUR_RGB('',4.666666666667E-1,5.333333333333E-1,6.E-1);
#84=COLOUR_RGB('',4.7E-1,0.E0,0.E0);
#85=COLOUR_RGB('',4.7E-1,0.E0,8.E-1);
#86=COLOUR_RGB('',4.7E-1,2.E-1,7.E-2);
#87=COLOUR_RGB('',4.823529411765E-1,4.078431372549E-1,9.333333333333E-1);
#88=COLOUR_RGB('',4.980392156863E-1,1.E0,8.313725490196E-1);
#89=COLOUR_RGB('',5.019607843137E-1,0.E0,5.019607843137E-1);
#90=COLOUR_RGB('',5.019607843137E-1,5.019607843137E-1,0.E0);
#91=COLOUR_RGB('',5.01961E-1,5.01961E-1,5.01961E-1);
#92=COLOUR_RGB('',5.098039215686E-1,3.960784313725E-1,1.058823529412E-1);
#93=COLOUR_RGB('',5.3E-1,0.E0,9.3E-1);
#94=COLOUR_RGB('',5.3E-1,2.7E-1,1.3E-1);
#95=COLOUR_RGB('',5.3E-1,5.3E-1,1.E0);
#96=COLOUR_RGB('',5.294117647059E-1,5.490196078431E-1,5.490196078431E-1);
#97=COLOUR_RGB('',5.294117647059E-1,5.490196078431E-1,5.490196078431E-1);
#98=COLOUR_RGB('',5.294117647059E-1,5.490196078431E-1,5.490196078431E-1);
#99=COLOUR_RGB('',5.294117647059E-1,5.490196078431E-1,5.490196078431E-1);
#100=COLOUR_RGB('',5.294117647059E-1,8.078431372549E-1,9.215686274510E-1);
#101=COLOUR_RGB('',5.411764705882E-1,1.686274509804E-1,8.862745098039E-1);
#102=COLOUR_RGB('',5.5E-1,6.5E-1,7.3E-1);
#103=COLOUR_RGB('',5.607843137255E-1,7.372549019608E-1,5.607843137255E-1);
#104=COLOUR_RGB('',5.68627E-1,9.37255E-1,9.37255E-1);
#105=COLOUR_RGB('',5.725490196078E-1,6.117647058824E-1,6.313725490196E-1);
#106=COLOUR_RGB('',5.764705882353E-1,4.392156862745E-1,8.588235294118E-1);
#107=COLOUR_RGB('',5.803921568627E-1,0.E0,8.274509803922E-1);
#108=COLOUR_RGB('',5.88235E-1,2.35294E-1,1.56863E-1);
#109=COLOUR_RGB('',6.E-1,0.E0,6.E-1);
#110=COLOUR_RGB('',6.E-1,1.960784313725E-1,8.E-1);
#111=COLOUR_RGB('',6.E-1,2.E-1,1.E0);
#112=COLOUR_RGB('',6.E-1,3.3E-1,2.E-1);
#113=COLOUR_RGB('',6.E-1,6.E-1,0.E0);
#114=COLOUR_RGB('',6.E-1,1.E0,6.E-1);
#115=COLOUR_RGB('',6.E-1,1.E0,1.E0);
#116=COLOUR_RGB('',6.27451E-1,4.70588E-1,3.52941E-1);
#117=COLOUR_RGB('',6.627450980392E-1,6.627450980392E-1,6.627450980392E-1);
#118=COLOUR_RGB('',6.66667E-1,8.23529E-1,1.96078E-1);
#119=COLOUR_RGB('',6.66667E-1,8.23529E-1,5.88235E-1);
#120=COLOUR_RGB('',6.7E-1,0.E0,0.E0);
#121=COLOUR_RGB('',6.7E-1,4.E-1,2.7E-1);
#122=COLOUR_RGB('',6.7E-1,4.E-1,1.E0);
#123=COLOUR_RGB('',6.7E-1,6.7E-1,1.E0);
#124=COLOUR_RGB('',6.7E-1,1.E0,0.E0);
#125=COLOUR_RGB('',6.784313725490E-1,8.117647058824E-1,1.E0);
#126=COLOUR_RGB('',6.784313725490E-1,8.470588235294E-1,9.019607843137E-1);
#127=COLOUR_RGB('',6.784313725490E-1,1.E0,1.843137254902E-1);
#128=COLOUR_RGB('',6.862745098039E-1,6.823529411765E-1,7.607843137255E-1);
#129=COLOUR_RGB('',6.980392156863E-1,1.333333333333E-1,1.333333333333E-1);
#130=COLOUR_RGB('',7.17647E-1,1.68627E-1,4.43137E-1);
#131=COLOUR_RGB('',7.215686274510E-1,5.254901960784E-1,4.313725490196E-2);
#132=COLOUR_RGB('',7.294117647059E-1,2.705882352941E-1,1.E0);
#133=COLOUR_RGB('',7.294117647059E-1,3.333333333333E-1,8.274509803922E-1);
#134=COLOUR_RGB('',7.294117647059E-1,4.E-1,0.E0);
#135=COLOUR_RGB('',7.3E-1,4.7E-1,3.3E-1);
#136=COLOUR_RGB('',7.372549019608E-1,5.607843137255E-1,5.607843137255E-1);
#137=COLOUR_RGB('',7.411764705882E-1,7.176470588235E-1,4.196078431373E-1);
#138=COLOUR_RGB('',7.803921568627E-1,8.235294117647E-2,5.215686274510E-1);
#139=COLOUR_RGB('',8.E-1,0.E0,8.E-1);
#140=COLOUR_RGB('',8.E-1,5.3E-1,4.E-1);
#141=COLOUR_RGB('',8.E-1,6.E-1,1.E0);
#142=COLOUR_RGB('',8.E-1,8.E-1,0.E0);
#143=COLOUR_RGB('',8.E-1,8.E-1,1.E0);
#144=COLOUR_RGB('',8.E-1,1.E0,8.E-1);
#145=COLOUR_RGB('',8.E-1,1.E0,1.E0);
#146=COLOUR_RGB('',8.039215686275E-1,3.607843137255E-1,3.607843137255E-1);
#147=COLOUR_RGB('',8.03922E-1,5.88235E-1,1.96078E-1);
#148=COLOUR_RGB('',8.196078431373E-1,7.098039215686E-1,5.490196078431E-2);
#149=COLOUR_RGB('',8.235294117647E-1,4.117647058824E-1,1.176470588235E-1);
#150=COLOUR_RGB('',8.235294117647E-1,7.058823529412E-1,5.490196078431E-1);
#151=COLOUR_RGB('',8.274509803922E-1,8.274509803922E-1,8.274509803922E-1);
#152=COLOUR_RGB('',8.392156862745E-1,8.E-1,7.137254901961E-1);
#153=COLOUR_RGB('',8.431372549020E-1,8.980392156863E-1,9.333333333333E-1);
#154=COLOUR_RGB('',8.549019607843E-1,6.470588235294E-1,1.254901960784E-1);
#155=COLOUR_RGB('',8.588235294118E-1,4.392156862745E-1,5.764705882353E-1);
#156=COLOUR_RGB('',8.627450980392E-1,7.843137254902E-2,2.352941176471E-1);
#157=COLOUR_RGB('',8.666666666667E-1,6.274509803922E-1,8.666666666667E-1);
#158=COLOUR_RGB('',8.7E-1,0.E0,0.E0);
#159=COLOUR_RGB('',8.7E-1,6.E-1,4.7E-1);
#160=COLOUR_RGB('',8.98039E-1,6.07843E-1,1.E0);
#161=COLOUR_RGB('',9.E-1,8.3E-1,1.2E-1);
#162=COLOUR_RGB('',9.09804E-1,3.68627E-1,8.19608E-1);
#163=COLOUR_RGB('',9.3E-1,0.E0,9.3E-1);
#164=COLOUR_RGB('',9.3E-1,6.7E-1,5.3E-1);
#165=COLOUR_RGB('',9.3E-1,8.E-1,1.E0);
#166=COLOUR_RGB('',9.3E-1,9.3E-1,0.E0);
#167=COLOUR_RGB('',9.3E-1,1.E0,9.3E-1);
#168=COLOUR_RGB('',9.3E-1,1.E0,1.E0);
#169=COLOUR_RGB('',9.333333333333E-1,5.098039215686E-1,9.333333333333E-1);
#170=COLOUR_RGB('',9.333333333333E-1,9.098039215686E-1,6.666666666667E-1);
#171=COLOUR_RGB('',9.411764705882E-1,9.019607843137E-1,5.490196078431E-1);
#172=COLOUR_RGB('',9.568627450980E-1,6.431372549020E-1,3.764705882353E-1);
#173=DRAUGHTING_PRE_DEFINED_COLOUR('red');
#174=COLOUR_RGB('',1.E0,0.E0,2.705882352941E-1);
#175=COLOUR_RGB('',1.E0,0.E0,4.705882352941E-1);
#176=COLOUR_RGB('',1.E0,0.E0,7.803921568627E-1);
#177=DRAUGHTING_PRE_DEFINED_COLOUR('magenta');
#178=COLOUR_RGB('',1.E0,3.1E-2,3.1E-2);
#179=COLOUR_RGB('',1.E0,7.E-2,7.E-2);
#180=COLOUR_RGB('',1.E0,7.843137254902E-2,5.764705882353E-1);
#181=COLOUR_RGB('',1.E0,2.E-1,1.E0);
#182=COLOUR_RGB('',1.E0,2.7E-1,0.E0);
#183=COLOUR_RGB('',1.E0,2.7E-1,2.7E-1);
#184=COLOUR_RGB('',1.E0,3.882352941176E-1,2.784313725490E-1);
#185=COLOUR_RGB('',1.E0,4.E-1,1.E0);
#186=COLOUR_RGB('',1.E0,4.117647058824E-1,7.058823529412E-1);
#187=COLOUR_RGB('',1.E0,4.7E-1,0.E0);
#188=COLOUR_RGB('',1.E0,4.7E-1,4.7E-1);
#189=COLOUR_RGB('',1.E0,4.980392156863E-1,3.137254901961E-1);
#190=COLOUR_RGB('',1.E0,6.E-1,1.E0);
#191=COLOUR_RGB('',1.E0,6.7E-1,0.E0);
#192=COLOUR_RGB('',1.E0,6.7E-1,6.7E-1);
#193=COLOUR_RGB('',1.E0,7.3E-1,6.E-1);
#194=COLOUR_RGB('',1.E0,7.686274509804E-1,5.882352941176E-2);
#195=COLOUR_RGB('',1.E0,8.E-1,8.E-1);
#196=COLOUR_RGB('',1.E0,8.E-1,1.E0);
#197=COLOUR_RGB('',1.E0,8.7E-1,0.E0);
#198=COLOUR_RGB('',1.E0,9.215686274510E-1,8.039215686275E-1);
#199=COLOUR_RGB('',1.E0,9.3E-1,9.3E-1);
#200=COLOUR_RGB('',1.E0,9.3E-1,1.E0);
#201=DRAUGHTING_PRE_DEFINED_COLOUR('yellow');
#202=COLOUR_RGB('',1.E0,1.E0,1.3E-1);
#203=COLOUR_RGB('',1.E0,1.E0,3.3E-1);
#204=COLOUR_RGB('',1.E0,1.E0,5.3E-1);
#205=COLOUR_RGB('',1.E0,1.E0,7.3E-1);
#206=COLOUR_RGB('',1.E0,1.E0,9.3E-1);
#207=DRAUGHTING_PRE_DEFINED_COLOUR('white');
#212=CIRCLE('',#211,4.E-1);
#217=CIRCLE('',#216,1.346666666667E1);
#222=CIRCLE('',#221,4.E-1);
#227=CIRCLE('',#226,1.346666666667E1);
#232=CIRCLE('',#231,1.633489673078E1);
#237=CIRCLE('',#236,1.633489673078E1);
#242=CIRCLE('',#241,1.386666666667E1);
#247=CIRCLE('',#246,1.386666666667E1);
#252=CIRCLE('',#251,4.E-1);
#257=CIRCLE('',#256,1.661513276278E1);
#262=CIRCLE('',#261,1.661513276278E1);
#267=CIRCLE('',#266,4.E-1);
#280=CIRCLE('',#279,1.823333333333E1);
#285=CIRCLE('',#284,1.823333333333E1);
#290=CIRCLE('',#289,1.741510326922E1);
#295=CIRCLE('',#294,1.741510326922E1);
#312=CIRCLE('',#311,1.823333333333E1);
#317=CIRCLE('',#316,1.778756290720E1);
#322=CIRCLE('',#321,1.778756290720E1);
#331=CIRCLE('',#330,1.823333333333E1);
#336=CIRCLE('',#335,1.788333333333E1);
#353=CIRCLE('',#352,1.788333333333E1);
#362=CIRCLE('',#361,2.04E1);
#367=CIRCLE('',#366,2.04E1);
#372=CIRCLE('',#371,1.788333333333E1);
#377=CIRCLE('',#376,1.788333333333E1);
#382=CIRCLE('',#381,6.E-1);
#387=CIRCLE('',#386,2.1E1);
#392=CIRCLE('',#391,6.E-1);
#397=CIRCLE('',#396,2.1E1);
#410=CIRCLE('',#409,2.1E1);
#415=CIRCLE('',#414,6.E-1);
#420=CIRCLE('',#419,6.E-1);
#425=CIRCLE('',#424,2.1E1);
#430=CIRCLE('',#429,2.04E1);
#435=CIRCLE('',#434,2.04E1);
#440=CIRCLE('',#439,1.788333333333E1);
#445=CIRCLE('',#444,1.788333333333E1);
#454=CIRCLE('',#453,1.788333333333E1);
#459=CIRCLE('',#458,1.778756290720E1);
#468=CIRCLE('',#467,1.788333333333E1);
#473=CIRCLE('',#472,1.778756290720E1);
#490=CIRCLE('',#489,1.823333333333E1);
#499=CIRCLE('',#498,1.823333333333E1);
#512=CIRCLE('',#511,1.823333333333E1);
#517=CIRCLE('',#516,1.823333333333E1);
#522=CIRCLE('',#521,1.741510326922E1);
#527=CIRCLE('',#526,1.741510326922E1);
#540=CIRCLE('',#539,1.661513276278E1);
#545=CIRCLE('',#544,4.E-1);
#550=CIRCLE('',#549,4.E-1);
#555=CIRCLE('',#554,1.661513276278E1);
#560=CIRCLE('',#559,1.633489673078E1);
#565=CIRCLE('',#564,1.633489673078E1);
#570=CIRCLE('',#569,1.386666666667E1);
#575=CIRCLE('',#574,1.386666666667E1);
#580=CIRCLE('',#579,4.E-1);
#585=CIRCLE('',#584,1.346666666667E1);
#590=CIRCLE('',#589,4.E-1);
#595=CIRCLE('',#594,1.346666666667E1);
#600=CIRCLE('',#599,1.346666666667E1);
#609=CIRCLE('',#608,1.256666666667E1);
#614=CIRCLE('',#613,1.256666666667E1);
#619=CIRCLE('',#618,1.346666666667E1);
#640=CIRCLE('',#639,1.311666666667E1);
#645=CIRCLE('',#644,1.256666666667E1);
#650=CIRCLE('',#649,1.256666666667E1);
#659=CIRCLE('',#658,1.311666666667E1);
#672=CIRCLE('',#671,1.311666666667E1);
#677=CIRCLE('',#676,1.311666666667E1);
#682=CIRCLE('',#681,1.06E1);
#687=CIRCLE('',#686,1.06E1);
#692=CIRCLE('',#691,6.E-1);
#697=CIRCLE('',#696,1.E1);
#702=CIRCLE('',#701,6.E-1);
#707=CIRCLE('',#706,1.E1);
#716=CIRCLE('',#715,6.E-1);
#721=CIRCLE('',#720,1.E1);
#726=CIRCLE('',#725,1.E1);
#731=CIRCLE('',#730,6.E-1);
#740=CIRCLE('',#739,1.311666666667E1);
#745=CIRCLE('',#744,1.311666666667E1);
#750=CIRCLE('',#749,1.06E1);
#755=CIRCLE('',#754,1.06E1);
#772=CIRCLE('',#771,1.311666666667E1);
#777=CIRCLE('',#776,1.256666666667E1);
#782=CIRCLE('',#781,1.256666666667E1);
#791=CIRCLE('',#790,1.311666666667E1);
#804=CIRCLE('',#803,1.256666666667E1);
#809=CIRCLE('',#808,1.256666666667E1);
#814=CIRCLE('',#813,1.346666666667E1);
#823=CIRCLE('',#822,1.346666666667E1);
#985=EDGE_CURVE('',#830,#831,#212,.T.);
#987=EDGE_CURVE('',#831,#833,#217,.T.);
#989=EDGE_CURVE('',#835,#833,#222,.T.);
#991=EDGE_CURVE('',#830,#835,#242,.T.);
#1008=EDGE_CURVE('',#835,#830,#247,.T.);
#1011=EDGE_CURVE('',#833,#831,#227,.T.);
#1029=EDGE_CURVE('',#838,#839,#232,.T.);
#1031=EDGE_CURVE('',#839,#838,#237,.T.);
#1052=EDGE_CURVE('',#841,#839,#252,.T.);
#1055=EDGE_CURVE('',#843,#838,#267,.T.);
#1057=EDGE_CURVE('',#843,#841,#257,.T.);
#1074=EDGE_CURVE('',#841,#843,#262,.T.);
#1095=EDGE_CURVE('',#841,#845,#271,.T.);
#1097=EDGE_CURVE('',#847,#845,#290,.T.);
#1099=EDGE_CURVE('',#843,#847,#275,.T.);
#1117=EDGE_CURVE('',#845,#847,#295,.T.);
#1136=EDGE_CURVE('',#850,#851,#280,.T.);
#1138=EDGE_CURVE('',#851,#850,#285,.T.);
#1160=EDGE_CURVE('',#850,#853,#299,.T.);
#1162=EDGE_CURVE('',#855,#853,#331,.T.);
#1164=EDGE_CURVE('',#851,#855,#303,.T.);
#1182=EDGE_CURVE('',#853,#855,#312,.T.);
#1201=EDGE_CURVE('',#857,#853,#307,.T.);
#1204=EDGE_CURVE('',#859,#855,#326,.T.);
#1206=EDGE_CURVE('',#859,#857,#317,.T.);
#1223=EDGE_CURVE('',#857,#859,#322,.T.);
#1243=EDGE_CURVE('',#918,#919,#336,.T.);
#1245=EDGE_CURVE('',#859,#919,#357,.T.);
#1248=EDGE_CURVE('',#857,#918,#340,.T.);
#1266=EDGE_CURVE('',#899,#918,#348,.T.);
#1268=EDGE_CURVE('',#898,#899,#372,.T.);
#1270=EDGE_CURVE('',#898,#919,#344,.T.);
#1287=EDGE_CURVE('',#918,#919,#353,.T.);
#1290=EDGE_CURVE('',#899,#898,#377,.T.);
#1327=EDGE_CURVE('',#894,#895,#362,.T.);
#1329=EDGE_CURVE('',#895,#894,#367,.T.);
#1351=EDGE_CURVE('',#894,#901,#382,.T.);
#1353=EDGE_CURVE('',#901,#903,#387,.T.);
#1355=EDGE_CURVE('',#895,#903,#392,.T.);
#1373=EDGE_CURVE('',#903,#901,#397,.T.);
#1392=EDGE_CURVE('',#903,#905,#401,.T.);
#1394=EDGE_CURVE('',#907,#905,#425,.T.);
#1396=EDGE_CURVE('',#901,#907,#405,.T.);
#1416=EDGE_CURVE('',#905,#907,#410,.T.);
#1435=EDGE_CURVE('',#907,#909,#415,.T.);
#1437=EDGE_CURVE('',#911,#909,#430,.T.);
#1439=EDGE_CURVE('',#905,#911,#420,.T.);
#1457=EDGE_CURVE('',#909,#911,#435,.T.);
#1480=EDGE_CURVE('',#914,#915,#440,.T.);
#1482=EDGE_CURVE('',#915,#914,#445,.T.);
#1499=EDGE_CURVE('',#923,#922,#454,.T.);
#1501=EDGE_CURVE('',#922,#915,#449,.T.);
#1504=EDGE_CURVE('',#923,#914,#481,.T.);
#1522=EDGE_CURVE('',#883,#923,#477,.T.);
#1524=EDGE_CURVE('',#883,#882,#459,.T.);
#1526=EDGE_CURVE('',#882,#922,#463,.T.);
#1543=EDGE_CURVE('',#922,#923,#468,.T.);
#1546=EDGE_CURVE('',#882,#883,#473,.T.);
#1584=EDGE_CURVE('',#882,#877,#485,.T.);
#1586=EDGE_CURVE('',#877,#879,#490,.T.);
#1588=EDGE_CURVE('',#883,#879,#494,.T.);
#1606=EDGE_CURVE('',#879,#877,#499,.T.);
#1625=EDGE_CURVE('',#874,#877,#503,.T.);
#1628=EDGE_CURVE('',#875,#879,#507,.T.);
#1630=EDGE_CURVE('',#874,#875,#512,.T.);
#1647=EDGE_CURVE('',#875,#874,#517,.T.);
#1671=EDGE_CURVE('',#869,#871,#522,.T.);
#1673=EDGE_CURVE('',#871,#869,#527,.T.);
#1690=EDGE_CURVE('',#867,#871,#531,.T.);
#1693=EDGE_CURVE('',#862,#869,#535,.T.);
#1695=EDGE_CURVE('',#867,#862,#555,.T.);
#1712=EDGE_CURVE('',#862,#867,#540,.T.);
#1733=EDGE_CURVE('',#867,#865,#545,.T.);
#1735=EDGE_CURVE('',#863,#865,#560,.T.);
#1737=EDGE_CURVE('',#862,#863,#550,.T.);
#1755=EDGE_CURVE('',#865,#863,#565,.T.);
#1778=EDGE_CURVE('',#891,#889,#570,.T.);
#1780=EDGE_CURVE('',#889,#891,#575,.T.);
#1798=EDGE_CURVE('',#891,#886,#580,.T.);
#1800=EDGE_CURVE('',#886,#887,#585,.T.);
#1802=EDGE_CURVE('',#889,#887,#590,.T.);
#1820=EDGE_CURVE('',#887,#886,#595,.T.);
#1839=EDGE_CURVE('',#979,#978,#600,.T.);
#1841=EDGE_CURVE('',#978,#886,#604,.T.);
#1844=EDGE_CURVE('',#979,#887,#623,.T.);
#1861=EDGE_CURVE('',#978,#979,#619,.T.);
#1866=EDGE_CURVE('',#926,#927,#609,.T.);
#1868=EDGE_CURVE('',#927,#926,#614,.T.);
#1905=EDGE_CURVE('',#926,#929,#627,.T.);
#1907=EDGE_CURVE('',#931,#929,#650,.T.);
#1909=EDGE_CURVE('',#927,#931,#631,.T.);
#1927=EDGE_CURVE('',#929,#931,#645,.T.);
#1946=EDGE_CURVE('',#931,#971,#635,.T.);
#1948=EDGE_CURVE('',#971,#970,#640,.T.);
#1950=EDGE_CURVE('',#929,#970,#654,.T.);
#1970=EDGE_CURVE('',#970,#971,#659,.T.);
#1989=EDGE_CURVE('',#970,#967,#663,.T.);
#1991=EDGE_CURVE('',#966,#967,#672,.T.);
#1993=EDGE_CURVE('',#971,#966,#667,.T.);
#2011=EDGE_CURVE('',#967,#966,#677,.T.);
#2034=EDGE_CURVE('',#963,#961,#682,.T.);
#2036=EDGE_CURVE('',#961,#963,#687,.T.);
#2054=EDGE_CURVE('',#963,#959,#692,.T.);
#2056=EDGE_CURVE('',#959,#957,#697,.T.);
#2058=EDGE_CURVE('',#961,#957,#702,.T.);
#2076=EDGE_CURVE('',#957,#959,#707,.T.);
#2095=EDGE_CURVE('',#955,#954,#721,.T.);
#2097=EDGE_CURVE('',#955,#959,#711,.T.);
#2100=EDGE_CURVE('',#954,#957,#735,.T.);
#2117=EDGE_CURVE('',#954,#950,#716,.T.);
#2119=EDGE_CURVE('',#951,#950,#755,.T.);
#2121=EDGE_CURVE('',#955,#951,#731,.T.);
#2139=EDGE_CURVE('',#954,#955,#726,.T.);
#2142=EDGE_CURVE('',#950,#951,#750,.T.);
#2179=EDGE_CURVE('',#947,#945,#740,.T.);
#2181=EDGE_CURVE('',#945,#947,#745,.T.);
#2203=EDGE_CURVE('',#947,#943,#759,.T.);
#2205=EDGE_CURVE('',#941,#943,#791,.T.);
#2207=EDGE_CURVE('',#945,#941,#763,.T.);
#2225=EDGE_CURVE('',#943,#941,#772,.T.);
#2244=EDGE_CURVE('',#938,#943,#767,.T.);
#2247=EDGE_CURVE('',#939,#941,#786,.T.);
#2249=EDGE_CURVE('',#939,#938,#777,.T.);
#2266=EDGE_CURVE('',#938,#939,#782,.T.);
#2287=EDGE_CURVE('',#938,#935,#795,.T.);
#2289=EDGE_CURVE('',#934,#935,#804,.T.);
#2291=EDGE_CURVE('',#939,#934,#799,.T.);
#2309=EDGE_CURVE('',#935,#934,#809,.T.);
#2328=EDGE_CURVE('',#974,#975,#814,.T.);
#2330=EDGE_CURVE('',#975,#974,#823,.T.);
#2352=EDGE_CURVE('',#975,#833,#818,.T.);
#2355=EDGE_CURVE('',#974,#831,#827,.T.);
#2388=(LENGTH_UNIT()NAMED_UNIT(*)SI_UNIT(.MILLI.,.METRE.));
#2390=(NAMED_UNIT(*)PLANE_ANGLE_UNIT()SI_UNIT($,.RADIAN.));
#2393=(NAMED_UNIT(*)SI_UNIT($,.STERADIAN.)SOLID_ANGLE_UNIT());
#2396=ADVANCED_BREP_SHAPE_REPRESENTATION('',(#2387),#2395);
#2404=PRODUCT_DEFINITION('design','',#2403,#2400);
#2405=PRODUCT_DEFINITION_SHAPE('','SHAPE FOR 6004ZZ_-_EA041.',#2404);
#2406=SHAPE_DEFINITION_REPRESENTATION(#2405,#2396);
ENDSEC;
END-ISO-10303-21;
