ISO-10303-21;
HEADER;
FILE_DESCRIPTION((''),'2;1');
FILE_NAME('6001ZZ_-_EA035','2025-12-19T11:46:01',('qinghui.yi'),(''),
'CREO PARAMETRIC BY PTC INC, 2019164','CREO PARAMETRIC BY PTC INC, 2019164','');
FILE_SCHEMA(('CONFIG_CONTROL_DESIGN','SHAPE_APPEARANCE_LAYERS_GROUPS'));
ENDSEC;
DATA;
#204=CARTESIAN_POINT('',(-8.698830561936E0,4.378436998982E0,2.318263539527E0));
#205=DIRECTION('',(-1.E0,0.E0,0.E0));
#206=DIRECTION('',(0.E0,0.E0,1.E0));
#207=AXIS2_PLACEMENT_3D('',#204,#205,#206);
#209=CARTESIAN_POINT('',(-8.698830561936E0,4.378436998982E0,-5.981736460473E0));
#210=DIRECTION('',(0.E0,-1.E0,0.E0));
#211=DIRECTION('',(0.E0,0.E0,-1.E0));
#212=AXIS2_PLACEMENT_3D('',#209,#210,#211);
#214=CARTESIAN_POINT('',(-8.598830561936E0,4.378436998982E0,2.318263539527E0));
#215=DIRECTION('',(-1.E0,0.E0,0.E0));
#216=DIRECTION('',(0.E0,0.E0,-1.E0));
#217=AXIS2_PLACEMENT_3D('',#214,#215,#216);
#219=CARTESIAN_POINT('',(-8.598830561936E0,4.378436998982E0,2.318263539527E0));
#220=DIRECTION('',(-1.E0,0.E0,0.E0));
#221=DIRECTION('',(0.E0,0.E0,1.E0));
#222=AXIS2_PLACEMENT_3D('',#219,#220,#221);
#224=CARTESIAN_POINT('',(-8.598830561936E0,4.378436998982E0,2.318263539527E0));
#225=DIRECTION('',(1.E0,0.E0,0.E0));
#226=DIRECTION('',(0.E0,0.E0,-1.E0));
#227=AXIS2_PLACEMENT_3D('',#224,#225,#226);
#229=CARTESIAN_POINT('',(-8.598830561936E0,4.378436998982E0,2.318263539527E0));
#230=DIRECTION('',(1.E0,0.E0,0.E0));
#231=DIRECTION('',(0.E0,0.E0,1.E0));
#232=AXIS2_PLACEMENT_3D('',#229,#230,#231);
#234=CARTESIAN_POINT('',(-8.698830561936E0,4.378436998982E0,2.318263539527E0));
#235=DIRECTION('',(-1.E0,0.E0,0.E0));
#236=DIRECTION('',(0.E0,0.E0,-1.E0));
#237=AXIS2_PLACEMENT_3D('',#234,#235,#236);
#239=CARTESIAN_POINT('',(-8.698830561936E0,4.378436998982E0,1.061826353953E1));
#240=DIRECTION('',(0.E0,1.E0,0.E0));
#241=DIRECTION('',(0.E0,0.E0,1.E0));
#242=AXIS2_PLACEMENT_3D('',#239,#240,#241);
#244=DIRECTION('',(1.E0,0.E0,4.201452568443E-13));
#245=VECTOR('',#244,2.088611651253E0);
#246=CARTESIAN_POINT('',(-1.078744221319E1,4.378436998982E0,1.071826353953E1));
#247=LINE('',#246,#245);
#248=DIRECTION('',(1.E0,0.E0,-4.192947603730E-13));
#249=VECTOR('',#248,2.088611651253E0);
#250=CARTESIAN_POINT('',(-1.078744221319E1,4.378436998982E0,-6.081736460472E0));
#251=LINE('',#250,#249);
#252=CARTESIAN_POINT('',(-1.078744221319E1,4.378436998982E0,2.318263539527E0));
#253=DIRECTION('',(1.E0,0.E0,0.E0));
#254=DIRECTION('',(0.E0,0.E0,-1.E0));
#255=AXIS2_PLACEMENT_3D('',#252,#253,#254);
#257=CARTESIAN_POINT('',(-1.259883056194E1,4.378436998982E0,1.242676353953E1));
#258=DIRECTION('',(0.E0,1.E0,0.E0));
#259=DIRECTION('',(7.274652003020E-1,0.E0,-6.861445783140E-1));
#260=AXIS2_PLACEMENT_3D('',#257,#258,#259);
#262=CARTESIAN_POINT('',(-1.259883056194E1,4.378436998982E0,1.242676353953E1));
#263=DIRECTION('',(0.E0,1.E0,0.E0));
#264=DIRECTION('',(0.E0,0.E0,-1.E0));
#265=AXIS2_PLACEMENT_3D('',#262,#263,#264);
#267=CARTESIAN_POINT('',(-1.441021891069E1,4.378436998982E0,2.318263539527E0));
#268=DIRECTION('',(-1.E0,0.E0,0.E0));
#269=DIRECTION('',(0.E0,0.E0,1.E0));
#270=AXIS2_PLACEMENT_3D('',#267,#268,#269);
#272=CARTESIAN_POINT('',(-1.259883056194E1,4.378436998982E0,2.318263539527E0));
#273=DIRECTION('',(1.E0,0.E0,0.E0));
#274=DIRECTION('',(0.E0,0.E0,-1.E0));
#275=AXIS2_PLACEMENT_3D('',#272,#273,#274);
#277=CARTESIAN_POINT('',(-1.259883056194E1,4.378436998982E0,-7.790236460473E0));
#278=DIRECTION('',(0.E0,-1.E0,0.E0));
#279=DIRECTION('',(0.E0,0.E0,1.E0));
#280=AXIS2_PLACEMENT_3D('',#277,#278,#279);
#282=CARTESIAN_POINT('',(-1.441021891069E1,4.378436998982E0,2.318263539527E0));
#283=DIRECTION('',(-1.E0,0.E0,0.E0));
#284=DIRECTION('',(0.E0,0.E0,-1.E0));
#285=AXIS2_PLACEMENT_3D('',#282,#283,#284);
#287=CARTESIAN_POINT('',(-1.259883056194E1,4.378436998982E0,2.318263539527E0));
#288=DIRECTION('',(1.E0,0.E0,0.E0));
#289=DIRECTION('',(0.E0,0.E0,1.E0));
#290=AXIS2_PLACEMENT_3D('',#287,#288,#289);
#292=DIRECTION('',(1.E0,0.E0,-4.201452568451E-13));
#293=VECTOR('',#292,2.088611651249E0);
#294=CARTESIAN_POINT('',(-1.649883056194E1,4.378436998982E0,1.071826353953E1));
#295=LINE('',#294,#293);
#296=DIRECTION('',(1.E0,0.E0,4.192947603738E-13));
#297=VECTOR('',#296,2.088611651249E0);
#298=CARTESIAN_POINT('',(-1.649883056194E1,4.378436998982E0,-6.081736460473E0));
#299=LINE('',#298,#297);
#300=CARTESIAN_POINT('',(-1.649883056194E1,4.378436998982E0,2.318263539527E0));
#301=DIRECTION('',(1.E0,0.E0,0.E0));
#302=DIRECTION('',(0.E0,0.E0,-1.E0));
#303=AXIS2_PLACEMENT_3D('',#300,#301,#302);
#305=CARTESIAN_POINT('',(-1.649883056194E1,4.378436998982E0,1.061826353953E1));
#306=DIRECTION('',(0.E0,-1.E0,0.E0));
#307=DIRECTION('',(0.E0,0.E0,1.E0));
#308=AXIS2_PLACEMENT_3D('',#305,#306,#307);
#310=CARTESIAN_POINT('',(-1.659883056194E1,4.378436998982E0,2.318263539527E0));
#311=DIRECTION('',(1.E0,0.E0,0.E0));
#312=DIRECTION('',(0.E0,0.E0,1.E0));
#313=AXIS2_PLACEMENT_3D('',#310,#311,#312);
#315=CARTESIAN_POINT('',(-1.659883056194E1,4.378436998982E0,2.318263539527E0));
#316=DIRECTION('',(1.E0,0.E0,0.E0));
#317=DIRECTION('',(0.E0,0.E0,-1.E0));
#318=AXIS2_PLACEMENT_3D('',#315,#316,#317);
#320=CARTESIAN_POINT('',(-1.659883056194E1,4.378436998982E0,2.318263539527E0));
#321=DIRECTION('',(-1.E0,0.E0,0.E0));
#322=DIRECTION('',(0.E0,0.E0,1.E0));
#323=AXIS2_PLACEMENT_3D('',#320,#321,#322);
#325=CARTESIAN_POINT('',(-1.659883056194E1,4.378436998982E0,2.318263539527E0));
#326=DIRECTION('',(-1.E0,0.E0,0.E0));
#327=DIRECTION('',(0.E0,0.E0,-1.E0));
#328=AXIS2_PLACEMENT_3D('',#325,#326,#327);
#330=CARTESIAN_POINT('',(-1.649883056194E1,4.378436998982E0,2.318263539527E0));
#331=DIRECTION('',(1.E0,0.E0,0.E0));
#332=DIRECTION('',(0.E0,0.E0,1.E0));
#333=AXIS2_PLACEMENT_3D('',#330,#331,#332);
#335=CARTESIAN_POINT('',(-1.649883056194E1,4.378436998982E0,-5.981736460473E0));
#336=DIRECTION('',(0.E0,1.E0,0.E0));
#337=DIRECTION('',(0.E0,0.E0,-1.E0));
#338=AXIS2_PLACEMENT_3D('',#335,#336,#337);
#340=CARTESIAN_POINT('',(-1.629883056194E1,4.378436998982E0,2.318263539527E0));
#341=DIRECTION('',(-1.E0,0.E0,0.E0));
#342=DIRECTION('',(0.E0,0.E0,1.E0));
#343=AXIS2_PLACEMENT_3D('',#340,#341,#342);
#345=CARTESIAN_POINT('',(-1.629883056194E1,4.378436998982E0,8.618263539527E0));
#346=DIRECTION('',(0.E0,-1.E0,0.E0));
#347=DIRECTION('',(-1.E0,0.E0,0.E0));
#348=AXIS2_PLACEMENT_3D('',#345,#346,#347);
#350=DIRECTION('',(1.E0,0.E0,0.E0));
#351=VECTOR('',#350,7.400000000004E0);
#352=CARTESIAN_POINT('',(-1.629883056194E1,4.378436998982E0,8.318263539527E0));
#353=LINE('',#352,#351);
#354=DIRECTION('',(1.E0,0.E0,0.E0));
#355=VECTOR('',#354,7.400000000004E0);
#356=CARTESIAN_POINT('',(-1.629883056194E1,4.378436998982E0,-3.681736460473E0));
#357=LINE('',#356,#355);
#358=CARTESIAN_POINT('',(-8.898830561936E0,4.378436998982E0,8.618263539527E0));
#359=DIRECTION('',(0.E0,1.E0,0.E0));
#360=DIRECTION('',(1.E0,0.E0,0.E0));
#361=AXIS2_PLACEMENT_3D('',#358,#359,#360);
#363=CARTESIAN_POINT('',(-8.898830561936E0,4.378436998982E0,2.318263539527E0));
#364=DIRECTION('',(1.E0,0.E0,0.E0));
#365=DIRECTION('',(0.E0,0.E0,1.E0));
#366=AXIS2_PLACEMENT_3D('',#363,#364,#365);
#368=CARTESIAN_POINT('',(-8.898830561936E0,4.378436998982E0,2.318263539527E0));
#369=DIRECTION('',(1.E0,0.E0,0.E0));
#370=DIRECTION('',(0.E0,0.E0,-1.E0));
#371=AXIS2_PLACEMENT_3D('',#368,#369,#370);
#373=CARTESIAN_POINT('',(-8.898830561936E0,4.378436998982E0,-3.981736460473E0));
#374=DIRECTION('',(0.E0,-1.E0,0.E0));
#375=DIRECTION('',(1.E0,0.E0,0.E0));
#376=AXIS2_PLACEMENT_3D('',#373,#374,#375);
#378=CARTESIAN_POINT('',(-1.629883056194E1,4.378436998982E0,-3.981736460473E0));
#379=DIRECTION('',(0.E0,1.E0,0.E0));
#380=DIRECTION('',(-1.E0,0.E0,0.E0));
#381=AXIS2_PLACEMENT_3D('',#378,#379,#380);
#383=CARTESIAN_POINT('',(-1.629883056194E1,4.378436998982E0,2.318263539527E0));
#384=DIRECTION('',(-1.E0,0.E0,0.E0));
#385=DIRECTION('',(0.E0,0.E0,-1.E0));
#386=AXIS2_PLACEMENT_3D('',#383,#384,#385);
#388=CARTESIAN_POINT('',(-1.078744221319E1,4.378436998982E0,2.318263539527E0));
#389=DIRECTION('',(1.E0,0.E0,0.E0));
#390=DIRECTION('',(0.E0,0.E0,1.E0));
#391=AXIS2_PLACEMENT_3D('',#388,#389,#390);
#393=CARTESIAN_POINT('',(-1.259883056194E1,4.378436998982E0,-7.790236460473E0));
#394=DIRECTION('',(0.E0,-1.E0,0.E0));
#395=DIRECTION('',(7.274652003020E-1,0.E0,6.861445783140E-1));
#396=AXIS2_PLACEMENT_3D('',#393,#394,#395);
#398=CARTESIAN_POINT('',(-1.649883056194E1,4.378436998982E0,1.071826353953E1));
#399=CARTESIAN_POINT('',(-1.659883056194E1,4.378436998982E0,1.061826353953E1));
#400=VERTEX_POINT('',#398);
#401=VERTEX_POINT('',#399);
#402=CARTESIAN_POINT('',(-1.649883056194E1,4.378436998982E0,-6.081736460473E0));
#403=VERTEX_POINT('',#402);
#404=CARTESIAN_POINT('',(-1.659883056194E1,4.378436998982E0,-5.981736460473E0));
#405=VERTEX_POINT('',#404);
#406=CARTESIAN_POINT('',(-1.659883056194E1,4.378436998982E0,8.618263539527E0));
#407=CARTESIAN_POINT('',(-1.659883056194E1,4.378436998982E0,-3.981736460473E0));
#408=VERTEX_POINT('',#406);
#409=VERTEX_POINT('',#407);
#410=CARTESIAN_POINT('',(-1.629883056194E1,4.378436998982E0,8.318263539527E0));
#411=CARTESIAN_POINT('',(-1.629883056194E1,4.378436998982E0,-3.681736460473E0));
#412=VERTEX_POINT('',#410);
#413=VERTEX_POINT('',#411);
#414=CARTESIAN_POINT('',(-8.898830561936E0,4.378436998982E0,-3.681736460473E0));
#415=VERTEX_POINT('',#414);
#416=CARTESIAN_POINT('',(-8.898830561936E0,4.378436998982E0,8.318263539527E0));
#417=VERTEX_POINT('',#416);
#418=CARTESIAN_POINT('',(-8.598830561936E0,4.378436998982E0,-3.981736460473E0));
#419=VERTEX_POINT('',#418);
#420=CARTESIAN_POINT('',(-8.598830561936E0,4.378436998982E0,8.618263539527E0));
#421=VERTEX_POINT('',#420);
#422=CARTESIAN_POINT('',(-8.598830561936E0,4.378436998982E0,-5.981736460473E0));
#423=CARTESIAN_POINT('',(-8.598830561936E0,4.378436998982E0,1.061826353953E1));
#424=VERTEX_POINT('',#422);
#425=VERTEX_POINT('',#423);
#426=CARTESIAN_POINT('',(-8.698830561936E0,4.378436998982E0,-6.081736460473E0));
#427=VERTEX_POINT('',#426);
#428=CARTESIAN_POINT('',(-8.698830561936E0,4.378436998982E0,1.071826353953E1));
#429=VERTEX_POINT('',#428);
#430=CARTESIAN_POINT('',(-1.078744221319E1,4.378436998982E0,1.071826353953E1));
#431=VERTEX_POINT('',#430);
#432=CARTESIAN_POINT('',(-1.078744221319E1,4.378436998982E0,-6.081736460473E0));
#433=VERTEX_POINT('',#432);
#434=CARTESIAN_POINT('',(-1.259883056194E1,4.378436998982E0,9.936763539527E0));
#435=CARTESIAN_POINT('',(-1.259883056194E1,4.378436998982E0,-5.300236460473E0));
#436=VERTEX_POINT('',#434);
#437=VERTEX_POINT('',#435);
#438=CARTESIAN_POINT('',(-1.441021891069E1,4.378436998982E0,-6.081736460471E0));
#439=VERTEX_POINT('',#438);
#440=CARTESIAN_POINT('',(-1.441021891069E1,4.378436998982E0,1.071826353953E1));
#441=VERTEX_POINT('',#440);
#442=CARTESIAN_POINT('',(-8.698830561936E0,4.378436998982E0,2.318263539527E0));
#443=DIRECTION('',(-1.E0,0.E0,0.E0));
#444=DIRECTION('',(0.E0,0.E0,1.E0));
#445=AXIS2_PLACEMENT_3D('',#442,#443,#444);
#446=TOROIDAL_SURFACE('',#445,8.3E0,1.E-1);
#448=ORIENTED_EDGE('',*,*,#447,.F.);
#450=ORIENTED_EDGE('',*,*,#449,.F.);
#452=ORIENTED_EDGE('',*,*,#451,.T.);
#454=ORIENTED_EDGE('',*,*,#453,.T.);
#455=EDGE_LOOP('',(#448,#450,#452,#454));
#456=FACE_OUTER_BOUND('',#455,.F.);
#457=ADVANCED_FACE('',(#456),#446,.T.);
#458=CARTESIAN_POINT('',(-8.598830561936E0,4.378436998982E0,-3.681736460473E0));
#459=DIRECTION('',(-1.E0,0.E0,0.E0));
#460=DIRECTION('',(0.E0,0.E0,1.E0));
#461=AXIS2_PLACEMENT_3D('',#458,#459,#460);
#462=PLANE('',#461);
#464=ORIENTED_EDGE('',*,*,#463,.T.);
#465=ORIENTED_EDGE('',*,*,#447,.T.);
#466=EDGE_LOOP('',(#464,#465));
#467=FACE_OUTER_BOUND('',#466,.F.);
#469=ORIENTED_EDGE('',*,*,#468,.T.);
#471=ORIENTED_EDGE('',*,*,#470,.T.);
#472=EDGE_LOOP('',(#469,#471));
#473=FACE_BOUND('',#472,.F.);
#474=ADVANCED_FACE('',(#467,#473),#462,.F.);
#475=CARTESIAN_POINT('',(-8.698830561936E0,4.378436998982E0,2.318263539527E0));
#476=DIRECTION('',(-1.E0,0.E0,0.E0));
#477=DIRECTION('',(0.E0,0.E0,1.E0));
#478=AXIS2_PLACEMENT_3D('',#475,#476,#477);
#479=TOROIDAL_SURFACE('',#478,8.3E0,1.E-1);
#480=ORIENTED_EDGE('',*,*,#453,.F.);
#482=ORIENTED_EDGE('',*,*,#481,.T.);
#483=ORIENTED_EDGE('',*,*,#449,.T.);
#484=ORIENTED_EDGE('',*,*,#463,.F.);
#485=EDGE_LOOP('',(#480,#482,#483,#484));
#486=FACE_OUTER_BOUND('',#485,.F.);
#487=ADVANCED_FACE('',(#486),#479,.T.);
#488=CARTESIAN_POINT('',(-3.158483348700E1,4.378436998982E0,2.318263539527E0));
#489=DIRECTION('',(-1.E0,0.E0,0.E0));
#490=DIRECTION('',(0.E0,0.E0,1.E0));
#491=AXIS2_PLACEMENT_3D('',#488,#489,#490);
#492=CYLINDRICAL_SURFACE('',#491,8.4E0);
#494=ORIENTED_EDGE('',*,*,#493,.F.);
#496=ORIENTED_EDGE('',*,*,#495,.F.);
#498=ORIENTED_EDGE('',*,*,#497,.T.);
#499=ORIENTED_EDGE('',*,*,#481,.F.);
#500=EDGE_LOOP('',(#494,#496,#498,#499));
#501=FACE_OUTER_BOUND('',#500,.F.);
#502=ADVANCED_FACE('',(#501),#492,.T.);
#503=CARTESIAN_POINT('',(-3.158483348700E1,4.378436998982E0,2.318263539527E0));
#504=DIRECTION('',(-1.E0,0.E0,0.E0));
#505=DIRECTION('',(0.E0,0.E0,1.E0));
#506=AXIS2_PLACEMENT_3D('',#503,#504,#505);
#507=CYLINDRICAL_SURFACE('',#506,8.4E0);
#508=ORIENTED_EDGE('',*,*,#451,.F.);
#509=ORIENTED_EDGE('',*,*,#497,.F.);
#511=ORIENTED_EDGE('',*,*,#510,.F.);
#512=ORIENTED_EDGE('',*,*,#493,.T.);
#513=EDGE_LOOP('',(#508,#509,#511,#512));
#514=FACE_OUTER_BOUND('',#513,.F.);
#515=ADVANCED_FACE('',(#514),#507,.T.);
#516=CARTESIAN_POINT('',(-1.259883056194E1,4.378436998982E0,2.318263539527E0));
#517=DIRECTION('',(-1.E0,0.E0,0.E0));
#518=DIRECTION('',(0.E0,0.E0,1.E0));
#519=AXIS2_PLACEMENT_3D('',#516,#517,#518);
#520=TOROIDAL_SURFACE('',#519,1.01085E1,2.49E0);
#522=ORIENTED_EDGE('',*,*,#521,.F.);
#524=ORIENTED_EDGE('',*,*,#523,.F.);
#525=ORIENTED_EDGE('',*,*,#510,.T.);
#527=ORIENTED_EDGE('',*,*,#526,.T.);
#528=EDGE_LOOP('',(#522,#524,#525,#527));
#529=FACE_OUTER_BOUND('',#528,.F.);
#530=ADVANCED_FACE('',(#529),#520,.F.);
#531=CARTESIAN_POINT('',(-1.259883056194E1,4.378436998982E0,2.318263539527E0));
#532=DIRECTION('',(-1.E0,0.E0,0.E0));
#533=DIRECTION('',(0.E0,0.E0,1.E0));
#534=AXIS2_PLACEMENT_3D('',#531,#532,#533);
#535=TOROIDAL_SURFACE('',#534,1.01085E1,2.49E0);
#537=ORIENTED_EDGE('',*,*,#536,.T.);
#539=ORIENTED_EDGE('',*,*,#538,.T.);
#541=ORIENTED_EDGE('',*,*,#540,.F.);
#542=ORIENTED_EDGE('',*,*,#521,.T.);
#543=EDGE_LOOP('',(#537,#539,#541,#542));
#544=FACE_OUTER_BOUND('',#543,.F.);
#545=ADVANCED_FACE('',(#544),#535,.F.);
#546=CARTESIAN_POINT('',(-1.259883056194E1,4.378436998982E0,2.318263539527E0));
#547=DIRECTION('',(-1.E0,0.E0,0.E0));
#548=DIRECTION('',(0.E0,0.E0,1.E0));
#549=AXIS2_PLACEMENT_3D('',#546,#547,#548);
#550=TOROIDAL_SURFACE('',#549,1.01085E1,2.49E0);
#551=ORIENTED_EDGE('',*,*,#540,.T.);
#553=ORIENTED_EDGE('',*,*,#552,.T.);
#554=ORIENTED_EDGE('',*,*,#536,.F.);
#556=ORIENTED_EDGE('',*,*,#555,.T.);
#557=EDGE_LOOP('',(#551,#553,#554,#556));
#558=FACE_OUTER_BOUND('',#557,.F.);
#559=ADVANCED_FACE('',(#558),#550,.F.);
#560=CARTESIAN_POINT('',(-3.158483348700E1,4.378436998982E0,2.318263539527E0));
#561=DIRECTION('',(-1.E0,0.E0,0.E0));
#562=DIRECTION('',(0.E0,0.E0,1.E0));
#563=AXIS2_PLACEMENT_3D('',#560,#561,#562);
#564=CYLINDRICAL_SURFACE('',#563,8.4E0);
#566=ORIENTED_EDGE('',*,*,#565,.F.);
#568=ORIENTED_EDGE('',*,*,#567,.F.);
#570=ORIENTED_EDGE('',*,*,#569,.T.);
#571=ORIENTED_EDGE('',*,*,#552,.F.);
#572=EDGE_LOOP('',(#566,#568,#570,#571));
#573=FACE_OUTER_BOUND('',#572,.F.);
#574=ADVANCED_FACE('',(#573),#564,.T.);
#575=CARTESIAN_POINT('',(-3.158483348700E1,4.378436998982E0,2.318263539527E0));
#576=DIRECTION('',(-1.E0,0.E0,0.E0));
#577=DIRECTION('',(0.E0,0.E0,1.E0));
#578=AXIS2_PLACEMENT_3D('',#575,#576,#577);
#579=CYLINDRICAL_SURFACE('',#578,8.4E0);
#580=ORIENTED_EDGE('',*,*,#538,.F.);
#581=ORIENTED_EDGE('',*,*,#569,.F.);
#583=ORIENTED_EDGE('',*,*,#582,.F.);
#584=ORIENTED_EDGE('',*,*,#565,.T.);
#585=EDGE_LOOP('',(#580,#581,#583,#584));
#586=FACE_OUTER_BOUND('',#585,.F.);
#587=ADVANCED_FACE('',(#586),#579,.T.);
#588=CARTESIAN_POINT('',(-1.649883056194E1,4.378436998982E0,2.318263539527E0));
#589=DIRECTION('',(1.E0,0.E0,0.E0));
#590=DIRECTION('',(0.E0,0.E0,-1.E0));
#591=AXIS2_PLACEMENT_3D('',#588,#589,#590);
#592=TOROIDAL_SURFACE('',#591,8.3E0,1.E-1);
#594=ORIENTED_EDGE('',*,*,#593,.F.);
#596=ORIENTED_EDGE('',*,*,#595,.F.);
#597=ORIENTED_EDGE('',*,*,#582,.T.);
#599=ORIENTED_EDGE('',*,*,#598,.T.);
#600=EDGE_LOOP('',(#594,#596,#597,#599));
#601=FACE_OUTER_BOUND('',#600,.F.);
#602=ADVANCED_FACE('',(#601),#592,.T.);
#603=CARTESIAN_POINT('',(-1.659883056194E1,4.378436998982E0,-6.081736460473E0));
#604=DIRECTION('',(1.E0,0.E0,0.E0));
#605=DIRECTION('',(0.E0,0.E0,-1.E0));
#606=AXIS2_PLACEMENT_3D('',#603,#604,#605);
#607=PLANE('',#606);
#609=ORIENTED_EDGE('',*,*,#608,.T.);
#610=ORIENTED_EDGE('',*,*,#593,.T.);
#611=EDGE_LOOP('',(#609,#610));
#612=FACE_OUTER_BOUND('',#611,.F.);
#614=ORIENTED_EDGE('',*,*,#613,.T.);
#616=ORIENTED_EDGE('',*,*,#615,.T.);
#617=EDGE_LOOP('',(#614,#616));
#618=FACE_BOUND('',#617,.F.);
#619=ADVANCED_FACE('',(#612,#618),#607,.F.);
#620=CARTESIAN_POINT('',(-1.649883056194E1,4.378436998982E0,2.318263539527E0));
#621=DIRECTION('',(1.E0,0.E0,0.E0));
#622=DIRECTION('',(0.E0,0.E0,-1.E0));
#623=AXIS2_PLACEMENT_3D('',#620,#621,#622);
#624=TOROIDAL_SURFACE('',#623,8.3E0,1.E-1);
#625=ORIENTED_EDGE('',*,*,#598,.F.);
#626=ORIENTED_EDGE('',*,*,#567,.T.);
#627=ORIENTED_EDGE('',*,*,#595,.T.);
#628=ORIENTED_EDGE('',*,*,#608,.F.);
#629=EDGE_LOOP('',(#625,#626,#627,#628));
#630=FACE_OUTER_BOUND('',#629,.F.);
#631=ADVANCED_FACE('',(#630),#624,.T.);
#632=CARTESIAN_POINT('',(-1.629883056194E1,4.378436998982E0,2.318263539527E0));
#633=DIRECTION('',(1.E0,0.E0,0.E0));
#634=DIRECTION('',(0.E0,0.E0,-1.E0));
#635=AXIS2_PLACEMENT_3D('',#632,#633,#634);
#636=TOROIDAL_SURFACE('',#635,6.3E0,3.E-1);
#638=ORIENTED_EDGE('',*,*,#637,.T.);
#640=ORIENTED_EDGE('',*,*,#639,.F.);
#641=ORIENTED_EDGE('',*,*,#613,.F.);
#643=ORIENTED_EDGE('',*,*,#642,.T.);
#644=EDGE_LOOP('',(#638,#640,#641,#643));
#645=FACE_OUTER_BOUND('',#644,.F.);
#646=ADVANCED_FACE('',(#645),#636,.T.);
#647=CARTESIAN_POINT('',(-3.158483348700E1,4.378436998982E0,2.318263539527E0));
#648=DIRECTION('',(-1.E0,0.E0,0.E0));
#649=DIRECTION('',(0.E0,0.E0,1.E0));
#650=AXIS2_PLACEMENT_3D('',#647,#648,#649);
#651=CYLINDRICAL_SURFACE('',#650,6.E0);
#653=ORIENTED_EDGE('',*,*,#652,.F.);
#654=ORIENTED_EDGE('',*,*,#637,.F.);
#656=ORIENTED_EDGE('',*,*,#655,.T.);
#658=ORIENTED_EDGE('',*,*,#657,.F.);
#659=EDGE_LOOP('',(#653,#654,#656,#658));
#660=FACE_OUTER_BOUND('',#659,.F.);
#661=ADVANCED_FACE('',(#660),#651,.F.);
#662=CARTESIAN_POINT('',(-3.158483348700E1,4.378436998982E0,2.318263539527E0));
#663=DIRECTION('',(-1.E0,0.E0,0.E0));
#664=DIRECTION('',(0.E0,0.E0,1.E0));
#665=AXIS2_PLACEMENT_3D('',#662,#663,#664);
#666=CYLINDRICAL_SURFACE('',#665,6.E0);
#668=ORIENTED_EDGE('',*,*,#667,.F.);
#669=ORIENTED_EDGE('',*,*,#655,.F.);
#671=ORIENTED_EDGE('',*,*,#670,.F.);
#672=ORIENTED_EDGE('',*,*,#652,.T.);
#673=EDGE_LOOP('',(#668,#669,#671,#672));
#674=FACE_OUTER_BOUND('',#673,.F.);
#675=ADVANCED_FACE('',(#674),#666,.F.);
#676=CARTESIAN_POINT('',(-8.898830561936E0,4.378436998982E0,2.318263539527E0));
#677=DIRECTION('',(-1.E0,0.E0,0.E0));
#678=DIRECTION('',(0.E0,0.E0,1.E0));
#679=AXIS2_PLACEMENT_3D('',#676,#677,#678);
#680=TOROIDAL_SURFACE('',#679,6.3E0,3.E-1);
#682=ORIENTED_EDGE('',*,*,#681,.F.);
#683=ORIENTED_EDGE('',*,*,#470,.F.);
#685=ORIENTED_EDGE('',*,*,#684,.T.);
#686=ORIENTED_EDGE('',*,*,#667,.T.);
#687=EDGE_LOOP('',(#682,#683,#685,#686));
#688=FACE_OUTER_BOUND('',#687,.F.);
#689=ADVANCED_FACE('',(#688),#680,.T.);
#690=CARTESIAN_POINT('',(-8.898830561936E0,4.378436998982E0,2.318263539527E0));
#691=DIRECTION('',(-1.E0,0.E0,0.E0));
#692=DIRECTION('',(0.E0,0.E0,1.E0));
#693=AXIS2_PLACEMENT_3D('',#690,#691,#692);
#694=TOROIDAL_SURFACE('',#693,6.3E0,3.E-1);
#695=ORIENTED_EDGE('',*,*,#657,.T.);
#696=ORIENTED_EDGE('',*,*,#684,.F.);
#697=ORIENTED_EDGE('',*,*,#468,.F.);
#698=ORIENTED_EDGE('',*,*,#681,.T.);
#699=EDGE_LOOP('',(#695,#696,#697,#698));
#700=FACE_OUTER_BOUND('',#699,.F.);
#701=ADVANCED_FACE('',(#700),#694,.T.);
#702=CARTESIAN_POINT('',(-1.629883056194E1,4.378436998982E0,2.318263539527E0));
#703=DIRECTION('',(1.E0,0.E0,0.E0));
#704=DIRECTION('',(0.E0,0.E0,-1.E0));
#705=AXIS2_PLACEMENT_3D('',#702,#703,#704);
#706=TOROIDAL_SURFACE('',#705,6.3E0,3.E-1);
#707=ORIENTED_EDGE('',*,*,#642,.F.);
#708=ORIENTED_EDGE('',*,*,#615,.F.);
#709=ORIENTED_EDGE('',*,*,#639,.T.);
#710=ORIENTED_EDGE('',*,*,#670,.T.);
#711=EDGE_LOOP('',(#707,#708,#709,#710));
#712=FACE_OUTER_BOUND('',#711,.F.);
#713=ADVANCED_FACE('',(#712),#706,.T.);
#714=CARTESIAN_POINT('',(-1.259883056194E1,4.378436998982E0,2.318263539527E0));
#715=DIRECTION('',(-1.E0,0.E0,0.E0));
#716=DIRECTION('',(0.E0,0.E0,1.E0));
#717=AXIS2_PLACEMENT_3D('',#714,#715,#716);
#718=TOROIDAL_SURFACE('',#717,1.01085E1,2.49E0);
#719=ORIENTED_EDGE('',*,*,#555,.F.);
#720=ORIENTED_EDGE('',*,*,#526,.F.);
#721=ORIENTED_EDGE('',*,*,#495,.T.);
#722=ORIENTED_EDGE('',*,*,#523,.T.);
#723=EDGE_LOOP('',(#719,#720,#721,#722));
#724=FACE_OUTER_BOUND('',#723,.F.);
#725=ADVANCED_FACE('',(#724),#718,.F.);
#726=CLOSED_SHELL('',(#457,#474,#487,#502,#515,#530,#545,#559,#574,#587,#602,
#619,#631,#646,#661,#675,#689,#701,#713,#725));
#727=MANIFOLD_SOLID_BREP('',#726);
#728=DIRECTION('',(8.268506558334E-1,0.E0,-5.624215438156E-1));
#729=VECTOR('',#728,9.675265954656E-1);
#730=CARTESIAN_POINT('',(-9.548830561934E0,4.378436998982E0,1.391826353953E1));
#731=LINE('',#730,#729);
#732=DIRECTION('',(8.268506558334E-1,0.E0,5.624215438156E-1));
#733=VECTOR('',#732,9.675265954656E-1);
#734=CARTESIAN_POINT('',(-9.548830561934E0,4.378436998982E0,-9.281736460476E0));
#735=LINE('',#734,#733);
#736=CARTESIAN_POINT('',(-8.748830561936E0,4.378436998982E0,2.318263539527E0));
#737=DIRECTION('',(-1.E0,0.E0,0.E0));
#738=DIRECTION('',(0.E0,0.E0,1.E0));
#739=AXIS2_PLACEMENT_3D('',#736,#737,#738);
#741=CARTESIAN_POINT('',(-8.748830561936E0,4.378436998982E0,2.318263539527E0));
#742=DIRECTION('',(-1.E0,0.E0,0.E0));
#743=DIRECTION('',(0.E0,0.E0,-1.E0));
#744=AXIS2_PLACEMENT_3D('',#741,#742,#743);
#746=CARTESIAN_POINT('',(-8.748830561936E0,4.378436998982E0,2.318263539527E0));
#747=DIRECTION('',(1.E0,0.E0,0.E0));
#748=DIRECTION('',(0.E0,0.E0,-1.E0));
#749=AXIS2_PLACEMENT_3D('',#746,#747,#748);
#751=CARTESIAN_POINT('',(-8.748830561936E0,4.378436998982E0,2.318263539527E0));
#752=DIRECTION('',(1.E0,0.E0,0.E0));
#753=DIRECTION('',(0.E0,0.E0,1.E0));
#754=AXIS2_PLACEMENT_3D('',#751,#752,#753);
#756=DIRECTION('',(1.E0,0.E0,0.E0));
#757=VECTOR('',#756,5.E-1);
#758=CARTESIAN_POINT('',(-9.248830561936E0,4.378436998982E0,1.086826353953E1));
#759=LINE('',#758,#757);
#760=DIRECTION('',(1.E0,0.E0,0.E0));
#761=VECTOR('',#760,5.E-1);
#762=CARTESIAN_POINT('',(-9.248830561936E0,4.378436998982E0,-6.231736460473E0));
#763=LINE('',#762,#761);
#764=CARTESIAN_POINT('',(-9.248830561936E0,4.378436998982E0,2.318263539527E0));
#765=DIRECTION('',(1.E0,0.E0,0.E0));
#766=DIRECTION('',(0.E0,0.E0,-1.E0));
#767=AXIS2_PLACEMENT_3D('',#764,#765,#766);
#769=CARTESIAN_POINT('',(-9.248830561936E0,4.378436998982E0,2.318263539527E0));
#770=DIRECTION('',(1.E0,0.E0,0.E0));
#771=DIRECTION('',(0.E0,0.E0,1.E0));
#772=AXIS2_PLACEMENT_3D('',#769,#770,#771);
#774=CARTESIAN_POINT('',(-9.248830561936E0,4.378436998982E0,2.318263539527E0));
#775=DIRECTION('',(-1.E0,0.E0,0.E0));
#776=DIRECTION('',(0.E0,0.E0,1.E0));
#777=AXIS2_PLACEMENT_3D('',#774,#775,#776);
#779=CARTESIAN_POINT('',(-9.248830561936E0,4.378436998982E0,2.318263539527E0));
#780=DIRECTION('',(-1.E0,0.E0,0.E0));
#781=DIRECTION('',(0.E0,0.E0,-1.E0));
#782=AXIS2_PLACEMENT_3D('',#779,#780,#781);
#784=DIRECTION('',(1.E0,0.E0,0.E0));
#785=VECTOR('',#784,3.E-1);
#786=CARTESIAN_POINT('',(-9.248830561936E0,4.378436998982E0,-6.431736460473E0));
#787=LINE('',#786,#785);
#788=CARTESIAN_POINT('',(-8.948830561936E0,4.378436998982E0,2.318263539527E0));
#789=DIRECTION('',(1.E0,0.E0,0.E0));
#790=DIRECTION('',(0.E0,0.E0,-1.E0));
#791=AXIS2_PLACEMENT_3D('',#788,#789,#790);
#793=CARTESIAN_POINT('',(-8.948830561936E0,4.378436998982E0,2.318263539527E0));
#794=DIRECTION('',(1.E0,0.E0,0.E0));
#795=DIRECTION('',(0.E0,0.E0,1.E0));
#796=AXIS2_PLACEMENT_3D('',#793,#794,#795);
#798=CARTESIAN_POINT('',(-8.948830561936E0,4.378436998982E0,2.318263539527E0));
#799=DIRECTION('',(-1.E0,0.E0,0.E0));
#800=DIRECTION('',(0.E0,0.E0,1.E0));
#801=AXIS2_PLACEMENT_3D('',#798,#799,#800);
#803=CARTESIAN_POINT('',(-8.948830561936E0,4.378436998982E0,2.318263539527E0));
#804=DIRECTION('',(-1.E0,0.E0,0.E0));
#805=DIRECTION('',(0.E0,0.E0,-1.E0));
#806=AXIS2_PLACEMENT_3D('',#803,#804,#805);
#808=DIRECTION('',(8.268506558334E-1,0.E0,-5.624215438156E-1));
#809=VECTOR('',#808,9.675265954656E-1);
#810=CARTESIAN_POINT('',(-9.748830561935E0,4.378436998982E0,1.381242134103E1));
#811=LINE('',#810,#809);
#812=CARTESIAN_POINT('',(-9.748830561936E0,4.378436998982E0,2.318263539527E0));
#813=DIRECTION('',(-1.E0,0.E0,0.E0));
#814=DIRECTION('',(0.E0,0.E0,-1.E0));
#815=AXIS2_PLACEMENT_3D('',#812,#813,#814);
#817=CARTESIAN_POINT('',(-9.748830561936E0,4.378436998982E0,2.318263539527E0));
#818=DIRECTION('',(-1.E0,0.E0,0.E0));
#819=DIRECTION('',(0.E0,0.E0,1.E0));
#820=AXIS2_PLACEMENT_3D('',#817,#818,#819);
#822=CARTESIAN_POINT('',(-9.748830561936E0,4.378436998982E0,2.318263539527E0));
#823=DIRECTION('',(1.E0,0.E0,0.E0));
#824=DIRECTION('',(0.E0,0.E0,-1.E0));
#825=AXIS2_PLACEMENT_3D('',#822,#823,#824);
#827=CARTESIAN_POINT('',(-9.748830561936E0,4.378436998982E0,2.318263539527E0));
#828=DIRECTION('',(1.E0,0.E0,0.E0));
#829=DIRECTION('',(0.E0,0.E0,1.E0));
#830=AXIS2_PLACEMENT_3D('',#827,#828,#829);
#832=DIRECTION('',(8.268506558334E-1,0.E0,5.624215438156E-1));
#833=VECTOR('',#832,9.675265954656E-1);
#834=CARTESIAN_POINT('',(-9.748830561935E0,4.378436998982E0,-9.175894261975E0));
#835=LINE('',#834,#833);
#836=DIRECTION('',(1.E0,0.E0,2.393755767271E-13));
#837=VECTOR('',#836,6.530298704843E-1);
#838=CARTESIAN_POINT('',(-1.040186043242E1,4.378436998982E0,1.346826353953E1));
#839=LINE('',#838,#837);
#840=DIRECTION('',(1.E0,0.E0,-2.393755767271E-13));
#841=VECTOR('',#840,6.530298704843E-1);
#842=CARTESIAN_POINT('',(-1.040186043242E1,4.378436998982E0,-8.831736460473E0));
#843=LINE('',#842,#841);
#844=CARTESIAN_POINT('',(-1.040186043242E1,4.378436998982E0,2.318263539527E0));
#845=DIRECTION('',(-1.E0,0.E0,0.E0));
#846=DIRECTION('',(0.E0,0.E0,-1.E0));
#847=AXIS2_PLACEMENT_3D('',#844,#845,#846);
#849=CARTESIAN_POINT('',(-1.479580069146E1,4.378436998982E0,2.318263539527E0));
#850=DIRECTION('',(1.E0,0.E0,0.E0));
#851=DIRECTION('',(0.E0,0.E0,1.E0));
#852=AXIS2_PLACEMENT_3D('',#849,#850,#851);
#854=CARTESIAN_POINT('',(-1.259883056194E1,4.378436998982E0,-7.498236460473E0));
#855=DIRECTION('',(0.E0,1.E0,0.E0));
#856=DIRECTION('',(8.548521904745E-1,0.E0,-5.188715953306E-1));
#857=AXIS2_PLACEMENT_3D('',#854,#855,#856);
#859=CARTESIAN_POINT('',(-1.259883056194E1,4.378436998982E0,-7.498236460473E0));
#860=DIRECTION('',(0.E0,1.E0,0.E0));
#861=DIRECTION('',(0.E0,0.E0,-1.E0));
#862=AXIS2_PLACEMENT_3D('',#859,#860,#861);
#864=CARTESIAN_POINT('',(-1.479580069146E1,4.378436998982E0,2.318263539527E0));
#865=DIRECTION('',(1.E0,0.E0,0.E0));
#866=DIRECTION('',(0.E0,0.E0,-1.E0));
#867=AXIS2_PLACEMENT_3D('',#864,#865,#866);
#869=CARTESIAN_POINT('',(-1.259883056194E1,4.378436998982E0,1.213476353953E1));
#870=DIRECTION('',(0.E0,1.E0,0.E0));
#871=DIRECTION('',(-8.548521904745E-1,0.E0,5.188715953306E-1));
#872=AXIS2_PLACEMENT_3D('',#869,#870,#871);
#874=CARTESIAN_POINT('',(-1.259883056194E1,4.378436998982E0,1.213476353953E1));
#875=DIRECTION('',(0.E0,1.E0,0.E0));
#876=DIRECTION('',(0.E0,0.E0,1.E0));
#877=AXIS2_PLACEMENT_3D('',#874,#875,#876);
#879=CARTESIAN_POINT('',(-1.040186043242E1,4.378436998982E0,2.318263539527E0));
#880=DIRECTION('',(-1.E0,0.E0,0.E0));
#881=DIRECTION('',(0.E0,0.E0,1.E0));
#882=AXIS2_PLACEMENT_3D('',#879,#880,#881);
#884=DIRECTION('',(1.E0,0.E0,-2.393755767286E-13));
#885=VECTOR('',#884,6.530298704803E-1);
#886=CARTESIAN_POINT('',(-1.544883056194E1,4.378436998982E0,1.346826353953E1));
#887=LINE('',#886,#885);
#888=DIRECTION('',(1.E0,0.E0,2.393755767286E-13));
#889=VECTOR('',#888,6.530298704803E-1);
#890=CARTESIAN_POINT('',(-1.544883056194E1,4.378436998982E0,-8.831736460473E0));
#891=LINE('',#890,#889);
#892=CARTESIAN_POINT('',(-1.544883056194E1,4.378436998982E0,2.318263539527E0));
#893=DIRECTION('',(1.E0,0.E0,0.E0));
#894=DIRECTION('',(0.E0,9.242245927363E-1,3.818493186867E-1));
#895=AXIS2_PLACEMENT_3D('',#892,#893,#894);
#897=CARTESIAN_POINT('',(-1.544883056194E1,4.378436998982E0,2.318263539527E0));
#898=DIRECTION('',(1.E0,0.E0,0.E0));
#899=DIRECTION('',(0.E0,-9.242245927363E-1,-3.818493186866E-1));
#900=AXIS2_PLACEMENT_3D('',#897,#898,#899);
#902=CARTESIAN_POINT('',(-1.544883056194E1,4.378436998982E0,2.318263539527E0));
#903=DIRECTION('',(-1.E0,0.E0,0.E0));
#904=DIRECTION('',(0.E0,0.E0,1.E0));
#905=AXIS2_PLACEMENT_3D('',#902,#903,#904);
#907=CARTESIAN_POINT('',(-1.544883056194E1,4.378436998982E0,2.318263539527E0));
#908=DIRECTION('',(-1.E0,0.E0,0.E0));
#909=DIRECTION('',(0.E0,0.E0,-1.E0));
#910=AXIS2_PLACEMENT_3D('',#907,#908,#909);
#912=DIRECTION('',(-8.268506558334E-1,-5.198038222791E-1,-2.147602833206E-1));
#913=VECTOR('',#912,9.675265954656E-1);
#914=CARTESIAN_POINT('',(-1.544883056194E1,1.500162031192E1,6.707299864908E0));
#915=LINE('',#914,#913);
#916=DIRECTION('',(-8.268506558334E-1,5.198038222790E-1,2.147602833207E-1));
#917=VECTOR('',#916,9.675265954656E-1);
#918=CARTESIAN_POINT('',(-1.544883056194E1,-6.244746313958E0,
-2.070772785853E0));
#919=LINE('',#918,#917);
#920=CARTESIAN_POINT('',(-1.624883056194E1,4.378436998982E0,2.318263539527E0));
#921=DIRECTION('',(-1.E0,0.E0,0.E0));
#922=DIRECTION('',(0.E0,9.242245927363E-1,3.818493186867E-1));
#923=AXIS2_PLACEMENT_3D('',#920,#921,#922);
#925=CARTESIAN_POINT('',(-1.624883056194E1,4.378436998982E0,2.318263539527E0));
#926=DIRECTION('',(-1.E0,0.E0,0.E0));
#927=DIRECTION('',(0.E0,-9.242245927363E-1,-3.818493186866E-1));
#928=AXIS2_PLACEMENT_3D('',#925,#926,#927);
#930=CARTESIAN_POINT('',(-1.624883056194E1,4.378436998982E0,2.318263539527E0));
#931=DIRECTION('',(1.E0,0.E0,0.E0));
#932=DIRECTION('',(0.E0,-9.242245927363E-1,-3.818493186866E-1));
#933=AXIS2_PLACEMENT_3D('',#930,#931,#932);
#935=CARTESIAN_POINT('',(-1.624883056194E1,4.378436998982E0,2.318263539527E0));
#936=DIRECTION('',(1.E0,0.E0,0.E0));
#937=DIRECTION('',(0.E0,9.242245927362E-1,3.818493186868E-1));
#938=AXIS2_PLACEMENT_3D('',#935,#936,#937);
#940=DIRECTION('',(-1.E0,-1.835568734047E-13,-8.289665250535E-14));
#941=VECTOR('',#940,3.E-1);
#942=CARTESIAN_POINT('',(-1.594883056194E1,1.246540218542E1,5.659445078037E0));
#943=LINE('',#942,#941);
#944=DIRECTION('',(-1.E0,0.E0,0.E0));
#945=VECTOR('',#944,3.E-1);
#946=CARTESIAN_POINT('',(-1.594883056194E1,-3.708528187461E0,
-1.022917998981E0));
#947=LINE('',#946,#945);
#948=CARTESIAN_POINT('',(-1.594883056194E1,4.378436998982E0,2.318263539527E0));
#949=DIRECTION('',(-1.E0,0.E0,0.E0));
#950=DIRECTION('',(0.E0,9.242245927362E-1,3.818493186868E-1));
#951=AXIS2_PLACEMENT_3D('',#948,#949,#950);
#953=CARTESIAN_POINT('',(-1.594883056194E1,4.378436998982E0,2.318263539527E0));
#954=DIRECTION('',(-1.E0,0.E0,0.E0));
#955=DIRECTION('',(0.E0,-9.242245927363E-1,-3.818493186866E-1));
#956=AXIS2_PLACEMENT_3D('',#953,#954,#955);
#958=CARTESIAN_POINT('',(-1.594883056194E1,4.378436998982E0,2.318263539527E0));
#959=DIRECTION('',(1.E0,0.E0,0.E0));
#960=DIRECTION('',(0.E0,-9.242245927363E-1,-3.818493186866E-1));
#961=AXIS2_PLACEMENT_3D('',#958,#959,#960);
#963=CARTESIAN_POINT('',(-1.594883056194E1,4.378436998982E0,2.318263539527E0));
#964=DIRECTION('',(1.E0,0.E0,0.E0));
#965=DIRECTION('',(0.E0,9.242245927363E-1,3.818493186865E-1));
#966=AXIS2_PLACEMENT_3D('',#963,#964,#965);
#968=DIRECTION('',(-1.E0,0.E0,1.776356839400E-14));
#969=VECTOR('',#968,5.E-1);
#970=CARTESIAN_POINT('',(-1.594883056194E1,-3.523683268913E0,
-9.465481352434E-1));
#971=LINE('',#970,#969);
#972=DIRECTION('',(-1.E0,-7.460698725481E-14,-3.907985046681E-14));
#973=VECTOR('',#972,5.E-1);
#974=CARTESIAN_POINT('',(-1.594883056194E1,1.228055726688E1,5.583075214296E0));
#975=LINE('',#974,#973);
#976=CARTESIAN_POINT('',(-1.644883056194E1,4.378436998982E0,2.318263539527E0));
#977=DIRECTION('',(1.E0,0.E0,0.E0));
#978=DIRECTION('',(0.E0,-9.242245927363E-1,-3.818493186866E-1));
#979=AXIS2_PLACEMENT_3D('',#976,#977,#978);
#981=CARTESIAN_POINT('',(-1.644883056194E1,4.378436998982E0,2.318263539527E0));
#982=DIRECTION('',(1.E0,0.E0,0.E0));
#983=DIRECTION('',(0.E0,9.242245927363E-1,3.818493186866E-1));
#984=AXIS2_PLACEMENT_3D('',#981,#982,#983);
#986=CARTESIAN_POINT('',(-1.644883056194E1,4.378436998982E0,2.318263539527E0));
#987=DIRECTION('',(-1.E0,0.E0,0.E0));
#988=DIRECTION('',(0.E0,9.242245927363E-1,3.818493186865E-1));
#989=AXIS2_PLACEMENT_3D('',#986,#987,#988);
#991=CARTESIAN_POINT('',(-1.644883056194E1,4.378436998982E0,2.318263539527E0));
#992=DIRECTION('',(-1.E0,0.E0,0.E0));
#993=DIRECTION('',(0.E0,-9.242245927363E-1,-3.818493186866E-1));
#994=AXIS2_PLACEMENT_3D('',#991,#992,#993);
#996=DIRECTION('',(-8.268506558334E-1,-5.198038222792E-1,-2.147602833203E-1));
#997=VECTOR('',#996,9.675265954656E-1);
#998=CARTESIAN_POINT('',(-1.564883056194E1,1.509944227472E1,6.747715636293E0));
#999=LINE('',#998,#997);
#1000=DIRECTION('',(-8.268506558334E-1,5.198038222791E-1,2.147602833205E-1));
#1001=VECTOR('',#1000,9.675265954656E-1);
#1002=CARTESIAN_POINT('',(-1.564883056194E1,-6.342568276761E0,
-2.111188557238E0));
#1003=LINE('',#1002,#1001);
#1004=CARTESIAN_POINT('',(-1.564883056194E1,4.378436998982E0,2.318263539527E0));
#1005=DIRECTION('',(1.E0,0.E0,0.E0));
#1006=DIRECTION('',(0.E0,-9.242245927363E-1,-3.818493186866E-1));
#1007=AXIS2_PLACEMENT_3D('',#1004,#1005,#1006);
#1009=CARTESIAN_POINT('',(-1.564883056194E1,4.378436998982E0,2.318263539527E0));
#1010=DIRECTION('',(1.E0,0.E0,0.E0));
#1011=DIRECTION('',(0.E0,9.242245927363E-1,3.818493186866E-1));
#1012=AXIS2_PLACEMENT_3D('',#1009,#1010,#1011);
#1014=CARTESIAN_POINT('',(-1.564883056194E1,4.378436998982E0,2.318263539527E0));
#1015=DIRECTION('',(-1.E0,0.E0,0.E0));
#1016=DIRECTION('',(0.E0,9.242245927363E-1,3.818493186865E-1));
#1017=AXIS2_PLACEMENT_3D('',#1014,#1015,#1016);
#1019=CARTESIAN_POINT('',(-1.564883056194E1,4.378436998982E0,2.318263539527E0));
#1020=DIRECTION('',(-1.E0,0.E0,0.E0));
#1021=DIRECTION('',(0.E0,-9.242245927363E-1,-3.818493186866E-1));
#1022=AXIS2_PLACEMENT_3D('',#1019,#1020,#1021);
#1024=DIRECTION('',(-1.E0,0.E0,0.E0));
#1025=VECTOR('',#1024,5.E-1);
#1026=CARTESIAN_POINT('',(-1.564883056194E1,-6.989525491674E0,
-2.378483080318E0));
#1027=LINE('',#1026,#1025);
#1028=DIRECTION('',(-1.E0,-1.225686219186E-12,2.970068635477E-12));
#1029=VECTOR('',#1028,5.E-1);
#1030=CARTESIAN_POINT('',(-1.564883056194E1,1.574639948964E1,7.015010159372E0));
#1031=LINE('',#1030,#1029);
#1032=CARTESIAN_POINT('',(-1.631549722861E1,4.378436998982E0,2.318263539527E0));
#1033=DIRECTION('',(1.E0,0.E0,0.E0));
#1034=DIRECTION('',(0.E0,9.242245927362E-1,3.818493186867E-1));
#1035=AXIS2_PLACEMENT_3D('',#1032,#1033,#1034);
#1037=CARTESIAN_POINT('',(-1.614883056194E1,4.378436998982E0,2.318263539527E0));
#1038=DIRECTION('',(-1.E0,0.E0,0.E0));
#1039=DIRECTION('',(0.E0,-9.242245927363E-1,-3.818493186866E-1));
#1040=AXIS2_PLACEMENT_3D('',#1037,#1038,#1039);
#1042=CARTESIAN_POINT('',(-1.614883056194E1,1.551534334145E1,6.919547829703E0));
#1043=DIRECTION('',(0.E0,-3.818493186868E-1,9.242245927362E-1));
#1044=DIRECTION('',(0.E0,9.242245927362E-1,3.818493186868E-1));
#1045=AXIS2_PLACEMENT_3D('',#1042,#1043,#1044);
#1047=DIRECTION('',(-6.666666666620E-1,-6.888763386156E-1,-2.846136779168E-1));
#1048=VECTOR('',#1047,1.999999999989E-1);
#1049=CARTESIAN_POINT('',(-1.631549722861E1,1.534312425680E1,6.848394410225E0));
#1050=LINE('',#1049,#1048);
#1051=CARTESIAN_POINT('',(-1.614883056194E1,4.378436998982E0,2.318263539527E0));
#1052=DIRECTION('',(1.E0,0.E0,0.E0));
#1053=DIRECTION('',(0.E0,9.242245927364E-1,3.818493186865E-1));
#1054=AXIS2_PLACEMENT_3D('',#1051,#1052,#1053);
#1056=CARTESIAN_POINT('',(-1.614883056194E1,-6.758469343490E0,
-2.283020750647E0));
#1057=DIRECTION('',(0.E0,3.818493186866E-1,-9.242245927363E-1));
#1058=DIRECTION('',(0.E0,-9.242245927363E-1,-3.818493186866E-1));
#1059=AXIS2_PLACEMENT_3D('',#1056,#1057,#1058);
#1061=CARTESIAN_POINT('',(-1.644883056194E1,4.378436998982E0,2.318263539527E0));
#1062=DIRECTION('',(-1.E0,0.E0,0.E0));
#1063=DIRECTION('',(0.E0,-9.242245927363E-1,-3.818493186866E-1));
#1064=AXIS2_PLACEMENT_3D('',#1061,#1062,#1063);
#1066=CARTESIAN_POINT('',(-1.644883056194E1,4.378436998982E0,2.318263539527E0));
#1067=DIRECTION('',(-1.E0,0.E0,0.E0));
#1068=DIRECTION('',(0.E0,9.242245927362E-1,3.818493186867E-1));
#1069=AXIS2_PLACEMENT_3D('',#1066,#1067,#1068);
#1071=CARTESIAN_POINT('',(-1.614883056194E1,4.378436998982E0,2.318263539527E0));
#1072=DIRECTION('',(1.E0,0.E0,0.E0));
#1073=DIRECTION('',(0.E0,-9.242245927363E-1,-3.818493186866E-1));
#1074=AXIS2_PLACEMENT_3D('',#1071,#1072,#1073);
#1076=CARTESIAN_POINT('',(-1.614883056194E1,1.551534334145E1,6.919547829703E0));
#1077=DIRECTION('',(0.E0,-3.818493186868E-1,9.242245927362E-1));
#1078=DIRECTION('',(0.E0,9.242245927362E-1,3.818493186868E-1));
#1079=AXIS2_PLACEMENT_3D('',#1076,#1077,#1078);
#1081=DIRECTION('',(-6.666666666620E-1,6.888763386156E-1,2.846136779167E-1));
#1082=VECTOR('',#1081,1.999999999989E-1);
#1083=CARTESIAN_POINT('',(-1.631549722861E1,-6.586250258840E0,
-2.211867331169E0));
#1084=LINE('',#1083,#1082);
#1085=CARTESIAN_POINT('',(-1.614883056194E1,4.378436998982E0,2.318263539527E0));
#1086=DIRECTION('',(-1.E0,0.E0,0.E0));
#1087=DIRECTION('',(0.E0,9.242245927363E-1,3.818493186866E-1));
#1088=AXIS2_PLACEMENT_3D('',#1085,#1086,#1087);
#1090=CARTESIAN_POINT('',(-1.614883056194E1,-6.758469343490E0,
-2.283020750647E0));
#1091=DIRECTION('',(0.E0,3.818493186866E-1,-9.242245927363E-1));
#1092=DIRECTION('',(0.E0,-9.242245927363E-1,-3.818493186866E-1));
#1093=AXIS2_PLACEMENT_3D('',#1090,#1091,#1092);
#1095=CARTESIAN_POINT('',(-1.631549722861E1,4.378436998982E0,2.318263539527E0));
#1096=DIRECTION('',(1.E0,0.E0,0.E0));
#1097=DIRECTION('',(0.E0,-9.242245927363E-1,-3.818493186866E-1));
#1098=AXIS2_PLACEMENT_3D('',#1095,#1096,#1097);
#1100=DIRECTION('',(-1.E0,-1.032824619480E-12,2.499587838299E-12));
#1101=VECTOR('',#1100,7.E-1);
#1102=CARTESIAN_POINT('',(-1.544883056194E1,1.593124440819E1,7.091380023108E0));
#1103=LINE('',#1102,#1101);
#1104=CARTESIAN_POINT('',(-1.544883056194E1,4.378436998982E0,2.318263539527E0));
#1105=DIRECTION('',(1.E0,0.E0,0.E0));
#1106=DIRECTION('',(0.E0,0.E0,-1.E0));
#1107=AXIS2_PLACEMENT_3D('',#1104,#1105,#1106);
#1109=CARTESIAN_POINT('',(-1.544883056194E1,4.378436998982E0,2.318263539527E0));
#1110=DIRECTION('',(1.E0,0.E0,0.E0));
#1111=DIRECTION('',(0.E0,0.E0,1.E0));
#1112=AXIS2_PLACEMENT_3D('',#1109,#1110,#1111);
#1114=CARTESIAN_POINT('',(-1.544883056194E1,4.378436998982E0,2.318263539527E0));
#1115=DIRECTION('',(-1.E0,0.E0,0.E0));
#1116=DIRECTION('',(0.E0,9.242245927363E-1,3.818493186866E-1));
#1117=AXIS2_PLACEMENT_3D('',#1114,#1115,#1116);
#1119=CARTESIAN_POINT('',(-1.544883056194E1,4.378436998982E0,2.318263539527E0));
#1120=DIRECTION('',(-1.E0,0.E0,0.E0));
#1121=DIRECTION('',(0.E0,-9.242245927363E-1,-3.818493186866E-1));
#1122=AXIS2_PLACEMENT_3D('',#1119,#1120,#1121);
#1124=DIRECTION('',(1.E0,0.E0,-1.414625992127E-12));
#1125=VECTOR('',#1124,5.499999999911E-1);
#1126=CARTESIAN_POINT('',(-1.599883056193E1,4.378436998982E0,1.516826353953E1));
#1127=LINE('',#1126,#1125);
#1128=DIRECTION('',(1.E0,0.E0,1.421085471543E-12));
#1129=VECTOR('',#1128,5.499999999911E-1);
#1130=CARTESIAN_POINT('',(-1.599883056193E1,4.378436998982E0,
-1.053173646047E1));
#1131=LINE('',#1130,#1129);
#1132=CARTESIAN_POINT('',(-1.624390320031E1,4.378436998982E0,2.318263539527E0));
#1133=DIRECTION('',(1.E0,0.E0,0.E0));
#1134=DIRECTION('',(0.E0,0.E0,1.E0));
#1135=AXIS2_PLACEMENT_3D('',#1132,#1133,#1134);
#1137=CARTESIAN_POINT('',(-1.599883056193E1,4.378436998982E0,2.318263539527E0));
#1138=DIRECTION('',(-1.E0,0.E0,0.E0));
#1139=DIRECTION('',(0.E0,0.E0,-1.E0));
#1140=AXIS2_PLACEMENT_3D('',#1137,#1138,#1139);
#1142=DIRECTION('',(-5.735764363562E-1,0.E0,-8.191520442854E-1));
#1143=VECTOR('',#1142,4.272711060703E-1);
#1144=CARTESIAN_POINT('',(-1.599883056193E1,4.378436998982E0,1.516826353953E1));
#1145=LINE('',#1144,#1143);
#1146=DIRECTION('',(1.E0,0.E0,2.187117767564E-12));
#1147=VECTOR('',#1146,3.549273616311E-1);
#1148=CARTESIAN_POINT('',(-1.659883056194E1,4.378436998982E0,
-1.018173646047E1));
#1149=LINE('',#1148,#1147);
#1150=DIRECTION('',(1.E0,0.E0,-2.182112921414E-12));
#1151=VECTOR('',#1150,3.549273616311E-1);
#1152=CARTESIAN_POINT('',(-1.659883056194E1,4.378436998982E0,1.481826353953E1));
#1153=LINE('',#1152,#1151);
#1154=CARTESIAN_POINT('',(-1.659883056194E1,4.378436998982E0,2.318263539527E0));
#1155=DIRECTION('',(1.E0,0.E0,0.E0));
#1156=DIRECTION('',(0.E0,0.E0,1.E0));
#1157=AXIS2_PLACEMENT_3D('',#1154,#1155,#1156);
#1159=CARTESIAN_POINT('',(-1.659883056194E1,4.378436998982E0,2.318263539527E0));
#1160=DIRECTION('',(1.E0,0.E0,0.E0));
#1161=DIRECTION('',(0.E0,0.E0,-1.E0));
#1162=AXIS2_PLACEMENT_3D('',#1159,#1160,#1161);
#1164=CARTESIAN_POINT('',(-1.659883056194E1,4.378436998982E0,2.318263539527E0));
#1165=DIRECTION('',(-1.E0,0.E0,0.E0));
#1166=DIRECTION('',(0.E0,0.E0,1.E0));
#1167=AXIS2_PLACEMENT_3D('',#1164,#1165,#1166);
#1169=CARTESIAN_POINT('',(-1.659883056194E1,4.378436998982E0,2.318263539527E0));
#1170=DIRECTION('',(-1.E0,0.E0,0.E0));
#1171=DIRECTION('',(0.E0,0.E0,-1.E0));
#1172=AXIS2_PLACEMENT_3D('',#1169,#1170,#1171);
#1174=CARTESIAN_POINT('',(-1.629883056194E1,4.378436998982E0,2.318263539527E0));
#1175=DIRECTION('',(1.E0,0.E0,0.E0));
#1176=DIRECTION('',(0.E0,0.E0,1.E0));
#1177=AXIS2_PLACEMENT_3D('',#1174,#1175,#1176);
#1179=CARTESIAN_POINT('',(-1.629883056194E1,4.378436998982E0,
-1.138173646047E1));
#1180=DIRECTION('',(0.E0,1.E0,0.E0));
#1181=DIRECTION('',(0.E0,0.E0,-1.E0));
#1182=AXIS2_PLACEMENT_3D('',#1179,#1180,#1181);
#1184=CARTESIAN_POINT('',(-1.629883056194E1,4.378436998982E0,2.318263539527E0));
#1185=DIRECTION('',(1.E0,0.E0,0.E0));
#1186=DIRECTION('',(0.E0,0.E0,-1.E0));
#1187=AXIS2_PLACEMENT_3D('',#1184,#1185,#1186);
#1189=CARTESIAN_POINT('',(-1.629883056194E1,4.378436998982E0,1.601826353953E1));
#1190=DIRECTION('',(0.E0,-1.E0,0.E0));
#1191=DIRECTION('',(0.E0,0.E0,1.E0));
#1192=AXIS2_PLACEMENT_3D('',#1189,#1190,#1191);
#1194=DIRECTION('',(1.E0,0.E0,0.E0));
#1195=VECTOR('',#1194,7.400000000004E0);
#1196=CARTESIAN_POINT('',(-1.629883056194E1,4.378436998982E0,
-1.168173646047E1));
#1197=LINE('',#1196,#1195);
#1198=CARTESIAN_POINT('',(-8.898830561936E0,4.378436998982E0,2.318263539527E0));
#1199=DIRECTION('',(-1.E0,0.E0,0.E0));
#1200=DIRECTION('',(0.E0,0.E0,1.E0));
#1201=AXIS2_PLACEMENT_3D('',#1198,#1199,#1200);
#1203=CARTESIAN_POINT('',(-8.898830561936E0,4.378436998982E0,
-1.138173646047E1));
#1204=DIRECTION('',(0.E0,-1.E0,0.E0));
#1205=DIRECTION('',(0.E0,0.E0,-1.E0));
#1206=AXIS2_PLACEMENT_3D('',#1203,#1204,#1205);
#1208=CARTESIAN_POINT('',(-8.598830561936E0,4.378436998982E0,2.318263539527E0));
#1209=DIRECTION('',(-1.E0,0.E0,0.E0));
#1210=DIRECTION('',(0.E0,0.E0,-1.E0));
#1211=AXIS2_PLACEMENT_3D('',#1208,#1209,#1210);
#1213=CARTESIAN_POINT('',(-8.598830561936E0,4.378436998982E0,2.318263539527E0));
#1214=DIRECTION('',(-1.E0,0.E0,0.E0));
#1215=DIRECTION('',(0.E0,0.E0,1.E0));
#1216=AXIS2_PLACEMENT_3D('',#1213,#1214,#1215);
#1218=CARTESIAN_POINT('',(-8.598830561936E0,4.378436998982E0,2.318263539527E0));
#1219=DIRECTION('',(1.E0,0.E0,0.E0));
#1220=DIRECTION('',(0.E0,0.E0,-1.E0));
#1221=AXIS2_PLACEMENT_3D('',#1218,#1219,#1220);
#1223=CARTESIAN_POINT('',(-8.598830561936E0,4.378436998982E0,2.318263539527E0));
#1224=DIRECTION('',(1.E0,0.E0,0.E0));
#1225=DIRECTION('',(0.E0,0.E0,1.E0));
#1226=AXIS2_PLACEMENT_3D('',#1223,#1224,#1225);
#1228=CARTESIAN_POINT('',(-8.898830561936E0,4.378436998982E0,2.318263539527E0));
#1229=DIRECTION('',(-1.E0,0.E0,0.E0));
#1230=DIRECTION('',(0.E0,0.E0,-1.E0));
#1231=AXIS2_PLACEMENT_3D('',#1228,#1229,#1230);
#1233=CARTESIAN_POINT('',(-8.898830561936E0,4.378436998982E0,1.601826353953E1));
#1234=DIRECTION('',(0.E0,1.E0,0.E0));
#1235=DIRECTION('',(0.E0,0.E0,1.E0));
#1236=AXIS2_PLACEMENT_3D('',#1233,#1234,#1235);
#1238=DIRECTION('',(1.E0,0.E0,0.E0));
#1239=VECTOR('',#1238,7.400000000004E0);
#1240=CARTESIAN_POINT('',(-1.629883056194E1,4.378436998982E0,1.631826353953E1));
#1241=LINE('',#1240,#1239);
#1242=DIRECTION('',(1.E0,0.E0,2.001938460035E-13));
#1243=VECTOR('',#1242,3.549273616271E-1);
#1244=CARTESIAN_POINT('',(-8.953757923563E0,4.378436998982E0,1.481826353953E1));
#1245=LINE('',#1244,#1243);
#1246=DIRECTION('',(1.E0,0.E0,-2.051986921536E-13));
#1247=VECTOR('',#1246,3.549273616271E-1);
#1248=CARTESIAN_POINT('',(-8.953757923563E0,4.378436998982E0,
-1.018173646047E1));
#1249=LINE('',#1248,#1247);
#1250=CARTESIAN_POINT('',(-8.953757923563E0,4.378436998982E0,2.318263539527E0));
#1251=DIRECTION('',(-1.E0,0.E0,0.E0));
#1252=DIRECTION('',(0.E0,0.E0,-1.E0));
#1253=AXIS2_PLACEMENT_3D('',#1250,#1251,#1252);
#1255=CARTESIAN_POINT('',(-9.198830561937E0,4.378436998982E0,2.318263539527E0));
#1256=DIRECTION('',(1.E0,0.E0,0.E0));
#1257=DIRECTION('',(0.E0,0.E0,1.E0));
#1258=AXIS2_PLACEMENT_3D('',#1255,#1256,#1257);
#1260=DIRECTION('',(5.735764363515E-1,0.E0,8.191520442887E-1));
#1261=VECTOR('',#1260,4.272711060669E-1);
#1262=CARTESIAN_POINT('',(-9.198830561937E0,4.378436998982E0,
-1.053173646047E1));
#1263=LINE('',#1262,#1261);
#1264=CARTESIAN_POINT('',(-9.198830561937E0,4.378436998982E0,2.318263539527E0));
#1265=DIRECTION('',(1.E0,0.E0,0.E0));
#1266=DIRECTION('',(0.E0,0.E0,-1.E0));
#1267=AXIS2_PLACEMENT_3D('',#1264,#1265,#1266);
#1269=DIRECTION('',(5.735764363515E-1,0.E0,-8.191520442887E-1));
#1270=VECTOR('',#1269,4.272711060669E-1);
#1271=CARTESIAN_POINT('',(-9.198830561937E0,4.378436998982E0,1.516826353953E1));
#1272=LINE('',#1271,#1270);
#1273=CARTESIAN_POINT('',(-8.953757923563E0,4.378436998982E0,2.318263539527E0));
#1274=DIRECTION('',(-1.E0,0.E0,0.E0));
#1275=DIRECTION('',(0.E0,0.E0,1.E0));
#1276=AXIS2_PLACEMENT_3D('',#1273,#1274,#1275);
#1278=DIRECTION('',(1.E0,0.E0,1.195003691962E-13));
#1279=VECTOR('',#1278,5.499999999991E-1);
#1280=CARTESIAN_POINT('',(-9.748830561936E0,4.378436998982E0,1.516826353953E1));
#1281=LINE('',#1280,#1279);
#1282=DIRECTION('',(1.E0,0.E0,-1.162706294882E-13));
#1283=VECTOR('',#1282,5.499999999991E-1);
#1284=CARTESIAN_POINT('',(-9.748830561936E0,4.378436998982E0,
-1.053173646047E1));
#1285=LINE('',#1284,#1283);
#1286=CARTESIAN_POINT('',(-9.748830561936E0,4.378436998982E0,2.318263539527E0));
#1287=DIRECTION('',(-1.E0,0.E0,0.E0));
#1288=DIRECTION('',(0.E0,0.E0,1.E0));
#1289=AXIS2_PLACEMENT_3D('',#1286,#1287,#1288);
#1291=CARTESIAN_POINT('',(-9.748830561936E0,4.378436998982E0,2.318263539527E0));
#1292=DIRECTION('',(-1.E0,0.E0,0.E0));
#1293=DIRECTION('',(0.E0,0.E0,-1.E0));
#1294=AXIS2_PLACEMENT_3D('',#1291,#1292,#1293);
#1296=CARTESIAN_POINT('',(-9.748830561936E0,4.378436998982E0,2.318263539527E0));
#1297=DIRECTION('',(1.E0,0.E0,0.E0));
#1298=DIRECTION('',(0.E0,0.E0,-1.E0));
#1299=AXIS2_PLACEMENT_3D('',#1296,#1297,#1298);
#1301=CARTESIAN_POINT('',(-9.748830561936E0,4.378436998982E0,2.318263539527E0));
#1302=DIRECTION('',(1.E0,0.E0,0.E0));
#1303=DIRECTION('',(0.E0,0.E0,1.E0));
#1304=AXIS2_PLACEMENT_3D('',#1301,#1302,#1303);
#1306=DIRECTION('',(1.E0,0.E0,0.E0));
#1307=VECTOR('',#1306,7.E-1);
#1308=CARTESIAN_POINT('',(-9.748830561936E0,4.378436998982E0,
-1.018173646047E1));
#1309=LINE('',#1308,#1307);
#1310=DIRECTION('',(1.E0,0.E0,0.E0));
#1311=VECTOR('',#1310,7.E-1);
#1312=CARTESIAN_POINT('',(-9.748830561936E0,4.378436998982E0,1.481826353953E1));
#1313=LINE('',#1312,#1311);
#1314=CARTESIAN_POINT('',(-9.048830561936E0,4.378436998982E0,2.318263539527E0));
#1315=DIRECTION('',(-1.E0,0.E0,0.E0));
#1316=DIRECTION('',(0.E0,0.E0,-1.E0));
#1317=AXIS2_PLACEMENT_3D('',#1314,#1315,#1316);
#1319=CARTESIAN_POINT('',(-9.048830561936E0,4.378436998982E0,1.436826353953E1));
#1320=DIRECTION('',(0.E0,1.E0,0.E0));
#1321=DIRECTION('',(0.E0,0.E0,1.E0));
#1322=AXIS2_PLACEMENT_3D('',#1319,#1320,#1321);
#1324=CARTESIAN_POINT('',(-8.748830561933E0,4.378436998982E0,2.318263539527E0));
#1325=DIRECTION('',(1.E0,0.E0,0.E0));
#1326=DIRECTION('',(0.E0,0.E0,1.E0));
#1327=AXIS2_PLACEMENT_3D('',#1324,#1325,#1326);
#1329=CARTESIAN_POINT('',(-8.748830561933E0,4.378436998982E0,2.318263539527E0));
#1330=DIRECTION('',(1.E0,0.E0,0.E0));
#1331=DIRECTION('',(0.E0,0.E0,-1.E0));
#1332=AXIS2_PLACEMENT_3D('',#1329,#1330,#1331);
#1334=CARTESIAN_POINT('',(-9.048830561936E0,4.378436998982E0,2.318263539527E0));
#1335=DIRECTION('',(-1.E0,0.E0,0.E0));
#1336=DIRECTION('',(0.E0,0.E0,1.E0));
#1337=AXIS2_PLACEMENT_3D('',#1334,#1335,#1336);
#1339=CARTESIAN_POINT('',(-9.048830561936E0,4.378436998982E0,
-9.731736460473E0));
#1340=DIRECTION('',(0.E0,-1.E0,0.E0));
#1341=DIRECTION('',(0.E0,0.E0,-1.E0));
#1342=AXIS2_PLACEMENT_3D('',#1339,#1340,#1341);
#1344=DIRECTION('',(6.666666666662E-1,0.E0,-7.453559925003E-1));
#1345=VECTOR('',#1344,1.999999999999E-1);
#1346=CARTESIAN_POINT('',(-8.882163895267E0,4.378436998982E0,1.418192454141E1));
#1347=LINE('',#1346,#1345);
#1348=DIRECTION('',(6.666666666662E-1,-1.776356839401E-14,7.453559925003E-1));
#1349=VECTOR('',#1348,1.999999999999E-1);
#1350=CARTESIAN_POINT('',(-8.882163895267E0,4.378436998982E0,
-9.545397462352E0));
#1351=LINE('',#1350,#1349);
#1352=CARTESIAN_POINT('',(-8.882163895266E0,4.378436998982E0,2.318263539527E0));
#1353=DIRECTION('',(-1.E0,0.E0,0.E0));
#1354=DIRECTION('',(0.E0,0.E0,-1.E0));
#1355=AXIS2_PLACEMENT_3D('',#1352,#1353,#1354);
#1357=CARTESIAN_POINT('',(-9.048830561936E0,4.378436998982E0,2.318263539527E0));
#1358=DIRECTION('',(1.E0,0.E0,0.E0));
#1359=DIRECTION('',(0.E0,0.E0,1.E0));
#1360=AXIS2_PLACEMENT_3D('',#1357,#1358,#1359);
#1362=CARTESIAN_POINT('',(-9.048830561936E0,4.378436998982E0,
-9.731736460473E0));
#1363=DIRECTION('',(0.E0,-1.E0,0.E0));
#1364=DIRECTION('',(0.E0,0.E0,-1.E0));
#1365=AXIS2_PLACEMENT_3D('',#1362,#1363,#1364);
#1367=CARTESIAN_POINT('',(-9.048830561936E0,4.378436998982E0,2.318263539527E0));
#1368=DIRECTION('',(1.E0,0.E0,0.E0));
#1369=DIRECTION('',(0.E0,0.E0,-1.E0));
#1370=AXIS2_PLACEMENT_3D('',#1367,#1368,#1369);
#1372=CARTESIAN_POINT('',(-9.048830561936E0,4.378436998982E0,1.436826353953E1));
#1373=DIRECTION('',(0.E0,1.E0,0.E0));
#1374=DIRECTION('',(0.E0,0.E0,1.E0));
#1375=AXIS2_PLACEMENT_3D('',#1372,#1373,#1374);
#1377=CARTESIAN_POINT('',(-8.882163895266E0,4.378436998982E0,2.318263539527E0));
#1378=DIRECTION('',(-1.E0,0.E0,0.E0));
#1379=DIRECTION('',(0.E0,0.E0,1.E0));
#1380=AXIS2_PLACEMENT_3D('',#1377,#1378,#1379);
#1382=DIRECTION('',(1.E0,0.E0,0.E0));
#1383=VECTOR('',#1382,5.E-1);
#1384=CARTESIAN_POINT('',(-9.548830561936E0,4.378436998982E0,1.461826353953E1));
#1385=LINE('',#1384,#1383);
#1386=DIRECTION('',(1.E0,0.E0,0.E0));
#1387=VECTOR('',#1386,5.E-1);
#1388=CARTESIAN_POINT('',(-9.548830561936E0,4.378436998982E0,
-9.981736460473E0));
#1389=LINE('',#1388,#1387);
#1390=CARTESIAN_POINT('',(-9.548830561936E0,4.378436998982E0,2.318263539527E0));
#1391=DIRECTION('',(-1.E0,0.E0,0.E0));
#1392=DIRECTION('',(0.E0,0.E0,1.E0));
#1393=AXIS2_PLACEMENT_3D('',#1390,#1391,#1392);
#1395=CARTESIAN_POINT('',(-9.548830561936E0,4.378436998982E0,2.318263539527E0));
#1396=DIRECTION('',(-1.E0,0.E0,0.E0));
#1397=DIRECTION('',(0.E0,0.E0,-1.E0));
#1398=AXIS2_PLACEMENT_3D('',#1395,#1396,#1397);
#1400=CARTESIAN_POINT('',(-9.548830561936E0,4.378436998982E0,2.318263539527E0));
#1401=DIRECTION('',(1.E0,0.E0,0.E0));
#1402=DIRECTION('',(0.E0,0.E0,-1.E0));
#1403=AXIS2_PLACEMENT_3D('',#1400,#1401,#1402);
#1405=CARTESIAN_POINT('',(-9.548830561936E0,4.378436998982E0,2.318263539527E0));
#1406=DIRECTION('',(1.E0,0.E0,0.E0));
#1407=DIRECTION('',(0.E0,0.E0,1.E0));
#1408=AXIS2_PLACEMENT_3D('',#1405,#1406,#1407);
#1410=CARTESIAN_POINT('',(-1.599883056193E1,4.378436998982E0,2.318263539527E0));
#1411=DIRECTION('',(-1.E0,0.E0,0.E0));
#1412=DIRECTION('',(0.E0,0.E0,1.E0));
#1413=AXIS2_PLACEMENT_3D('',#1410,#1411,#1412);
#1415=DIRECTION('',(-5.735764363562E-1,0.E0,8.191520442854E-1));
#1416=VECTOR('',#1415,4.272711060703E-1);
#1417=CARTESIAN_POINT('',(-1.599883056193E1,4.378436998982E0,
-1.053173646047E1));
#1418=LINE('',#1417,#1416);
#1419=CARTESIAN_POINT('',(-1.624390320031E1,4.378436998982E0,2.318263539527E0));
#1420=DIRECTION('',(1.E0,0.E0,0.E0));
#1421=DIRECTION('',(0.E0,0.E0,-1.E0));
#1422=AXIS2_PLACEMENT_3D('',#1419,#1420,#1421);
#1424=DIRECTION('',(-1.E0,0.E0,0.E0));
#1425=VECTOR('',#1424,7.E-1);
#1426=CARTESIAN_POINT('',(-1.544883056194E1,-7.174370410222E0,
-2.454852944056E0));
#1427=LINE('',#1426,#1425);
#1428=DIRECTION('',(1.E0,0.E0,0.E0));
#1429=VECTOR('',#1428,3.E-1);
#1430=CARTESIAN_POINT('',(-9.248830561936E0,4.378436998982E0,1.106826353953E1));
#1431=LINE('',#1430,#1429);
#1432=CARTESIAN_POINT('',(-8.953757923563E0,4.378436998982E0,
-1.018173646047E1));
#1433=CARTESIAN_POINT('',(-8.953757923563E0,4.378436998982E0,1.481826353953E1));
#1434=VERTEX_POINT('',#1432);
#1435=VERTEX_POINT('',#1433);
#1436=CARTESIAN_POINT('',(-9.198830561937E0,4.378436998982E0,1.516826353953E1));
#1437=VERTEX_POINT('',#1436);
#1438=CARTESIAN_POINT('',(-9.198830561937E0,4.378436998982E0,
-1.053173646047E1));
#1439=VERTEX_POINT('',#1438);
#1440=CARTESIAN_POINT('',(-8.598830561936E0,4.378436998982E0,1.481826353953E1));
#1441=CARTESIAN_POINT('',(-8.598830561936E0,4.378436998982E0,
-1.018173646047E1));
#1442=VERTEX_POINT('',#1440);
#1443=VERTEX_POINT('',#1441);
#1444=CARTESIAN_POINT('',(-8.598830561936E0,4.378436998982E0,
-1.138173646047E1));
#1445=CARTESIAN_POINT('',(-8.598830561936E0,4.378436998982E0,1.601826353953E1));
#1446=VERTEX_POINT('',#1444);
#1447=VERTEX_POINT('',#1445);
#1448=CARTESIAN_POINT('',(-8.898830561936E0,4.378436998982E0,
-1.168173646047E1));
#1449=VERTEX_POINT('',#1448);
#1450=CARTESIAN_POINT('',(-8.898830561936E0,4.378436998982E0,1.631826353953E1));
#1451=VERTEX_POINT('',#1450);
#1452=CARTESIAN_POINT('',(-1.629883056194E1,4.378436998982E0,1.631826353953E1));
#1453=VERTEX_POINT('',#1452);
#1454=CARTESIAN_POINT('',(-1.629883056194E1,4.378436998982E0,
-1.168173646047E1));
#1455=VERTEX_POINT('',#1454);
#1456=CARTESIAN_POINT('',(-1.659883056194E1,4.378436998982E0,1.601826353953E1));
#1457=VERTEX_POINT('',#1456);
#1458=CARTESIAN_POINT('',(-1.659883056194E1,4.378436998982E0,
-1.138173646047E1));
#1459=VERTEX_POINT('',#1458);
#1460=CARTESIAN_POINT('',(-1.659883056194E1,4.378436998982E0,1.481826353953E1));
#1461=CARTESIAN_POINT('',(-1.659883056194E1,4.378436998982E0,
-1.018173646047E1));
#1462=VERTEX_POINT('',#1460);
#1463=VERTEX_POINT('',#1461);
#1464=CARTESIAN_POINT('',(-1.624390320031E1,4.378436998982E0,
-1.018173646047E1));
#1465=VERTEX_POINT('',#1464);
#1466=CARTESIAN_POINT('',(-1.624390320031E1,4.378436998982E0,1.481826353953E1));
#1467=VERTEX_POINT('',#1466);
#1468=CARTESIAN_POINT('',(-1.599883056193E1,4.378436998982E0,
-1.053173646047E1));
#1469=VERTEX_POINT('',#1468);
#1470=CARTESIAN_POINT('',(-1.599883056193E1,4.378436998982E0,1.516826353953E1));
#1471=VERTEX_POINT('',#1470);
#1472=CARTESIAN_POINT('',(-1.544883056194E1,4.378436998982E0,
-1.053173646047E1));
#1473=VERTEX_POINT('',#1472);
#1474=CARTESIAN_POINT('',(-1.544883056194E1,4.378436998982E0,1.516826353953E1));
#1475=VERTEX_POINT('',#1474);
#1476=CARTESIAN_POINT('',(-1.544883056194E1,1.593124440819E1,7.091380023110E0));
#1477=CARTESIAN_POINT('',(-1.544883056194E1,-7.174370410222E0,
-2.454852944056E0));
#1478=VERTEX_POINT('',#1476);
#1479=VERTEX_POINT('',#1477);
#1480=CARTESIAN_POINT('',(-1.614883056194E1,1.593124440819E1,7.091380023110E0));
#1481=VERTEX_POINT('',#1480);
#1482=CARTESIAN_POINT('',(-1.614883056194E1,-7.174370410222E0,
-2.454852944056E0));
#1483=VERTEX_POINT('',#1482);
#1484=CARTESIAN_POINT('',(-1.644883056194E1,1.520534898908E1,6.791471674642E0));
#1485=VERTEX_POINT('',#1484);
#1486=CARTESIAN_POINT('',(-1.644883056194E1,-6.448474991117E0,
-2.154944595586E0));
#1487=VERTEX_POINT('',#1486);
#1488=CARTESIAN_POINT('',(-1.631549722861E1,1.534312425680E1,6.848394410225E0));
#1489=VERTEX_POINT('',#1488);
#1490=CARTESIAN_POINT('',(-1.631549722861E1,-6.586250258838E0,
-2.211867331168E0));
#1491=VERTEX_POINT('',#1490);
#1492=CARTESIAN_POINT('',(-1.614883056194E1,-6.989525491674E0,
-2.378483080318E0));
#1493=VERTEX_POINT('',#1492);
#1494=CARTESIAN_POINT('',(-1.614883056194E1,1.574639948964E1,7.015010159372E0));
#1495=VERTEX_POINT('',#1494);
#1496=CARTESIAN_POINT('',(-1.564883056194E1,1.574639948964E1,7.015010159372E0));
#1497=VERTEX_POINT('',#1496);
#1498=CARTESIAN_POINT('',(-1.564883056194E1,-6.989525491674E0,
-2.378483080318E0));
#1499=VERTEX_POINT('',#1498);
#1500=CARTESIAN_POINT('',(-1.564883056194E1,1.509944227473E1,6.747715636293E0));
#1501=CARTESIAN_POINT('',(-1.564883056194E1,-6.342568276764E0,
-2.111188557239E0));
#1502=VERTEX_POINT('',#1500);
#1503=VERTEX_POINT('',#1501);
#1504=CARTESIAN_POINT('',(-1.644883056194E1,-5.839644254279E0,
-1.903402271475E0));
#1505=CARTESIAN_POINT('',(-1.644883056194E1,1.459651825224E1,6.539929350529E0));
#1506=VERTEX_POINT('',#1504);
#1507=VERTEX_POINT('',#1505);
#1508=CARTESIAN_POINT('',(-1.644883056194E1,1.228055726688E1,5.583075214297E0));
#1509=CARTESIAN_POINT('',(-1.644883056194E1,-3.523683268913E0,
-9.465481352434E-1));
#1510=VERTEX_POINT('',#1508);
#1511=VERTEX_POINT('',#1509);
#1512=CARTESIAN_POINT('',(-1.594883056194E1,1.228055726688E1,5.583075214296E0));
#1513=VERTEX_POINT('',#1512);
#1514=CARTESIAN_POINT('',(-1.594883056194E1,-3.523683268913E0,
-9.465481352434E-1));
#1515=VERTEX_POINT('',#1514);
#1516=CARTESIAN_POINT('',(-1.594883056194E1,1.246540218542E1,5.659445078036E0));
#1517=CARTESIAN_POINT('',(-1.594883056194E1,-3.708528187461E0,
-1.022917998981E0));
#1518=VERTEX_POINT('',#1516);
#1519=VERTEX_POINT('',#1517);
#1520=CARTESIAN_POINT('',(-1.624883056194E1,-3.708528187461E0,
-1.022917998981E0));
#1521=CARTESIAN_POINT('',(-1.624883056194E1,1.246540218542E1,5.659445078036E0));
#1522=VERTEX_POINT('',#1520);
#1523=VERTEX_POINT('',#1521);
#1524=CARTESIAN_POINT('',(-1.624883056194E1,1.449869628944E1,6.499513579145E0));
#1525=CARTESIAN_POINT('',(-1.624883056194E1,-5.741822291476E0,
-1.862986500089E0));
#1526=VERTEX_POINT('',#1524);
#1527=VERTEX_POINT('',#1525);
#1528=CARTESIAN_POINT('',(-1.544883056194E1,-6.244746313961E0,
-2.070772785854E0));
#1529=CARTESIAN_POINT('',(-1.544883056194E1,1.500162031192E1,6.707299864909E0));
#1530=VERTEX_POINT('',#1528);
#1531=VERTEX_POINT('',#1529);
#1532=CARTESIAN_POINT('',(-1.544883056194E1,4.378436998982E0,1.346826353953E1));
#1533=CARTESIAN_POINT('',(-1.544883056194E1,4.378436998982E0,
-8.831736460473E0));
#1534=VERTEX_POINT('',#1532);
#1535=VERTEX_POINT('',#1533);
#1536=CARTESIAN_POINT('',(-1.479580069146E1,4.378436998982E0,
-8.831736460473E0));
#1537=VERTEX_POINT('',#1536);
#1538=CARTESIAN_POINT('',(-1.479580069146E1,4.378436998982E0,1.346826353953E1));
#1539=VERTEX_POINT('',#1538);
#1540=CARTESIAN_POINT('',(-1.040186043242E1,4.378436998982E0,
-8.831736460473E0));
#1541=CARTESIAN_POINT('',(-1.040186043242E1,4.378436998982E0,1.346826353953E1));
#1542=VERTEX_POINT('',#1540);
#1543=VERTEX_POINT('',#1541);
#1544=CARTESIAN_POINT('',(-1.259883056194E1,4.378436998982E0,1.470476353953E1));
#1545=VERTEX_POINT('',#1544);
#1546=CARTESIAN_POINT('',(-1.259883056194E1,4.378436998982E0,
-1.006823646047E1));
#1547=VERTEX_POINT('',#1546);
#1548=CARTESIAN_POINT('',(-9.748830561936E0,4.378436998982E0,1.346826353953E1));
#1549=CARTESIAN_POINT('',(-9.748830561936E0,4.378436998982E0,
-8.831736460473E0));
#1550=VERTEX_POINT('',#1548);
#1551=VERTEX_POINT('',#1549);
#1552=CARTESIAN_POINT('',(-9.748830561936E0,4.378436998982E0,
-9.175894261977E0));
#1553=CARTESIAN_POINT('',(-9.748830561936E0,4.378436998982E0,1.381242134103E1));
#1554=VERTEX_POINT('',#1552);
#1555=VERTEX_POINT('',#1553);
#1556=CARTESIAN_POINT('',(-8.948830561938E0,4.378436998982E0,
-8.631736460470E0));
#1557=VERTEX_POINT('',#1556);
#1558=CARTESIAN_POINT('',(-8.948830561936E0,4.378436998982E0,1.326826353952E1));
#1559=VERTEX_POINT('',#1558);
#1560=CARTESIAN_POINT('',(-8.948830561936E0,4.378436998982E0,1.106826353953E1));
#1561=CARTESIAN_POINT('',(-8.948830561936E0,4.378436998982E0,
-6.431736460473E0));
#1562=VERTEX_POINT('',#1560);
#1563=VERTEX_POINT('',#1561);
#1564=CARTESIAN_POINT('',(-9.248830561936E0,4.378436998982E0,1.106826353953E1));
#1565=VERTEX_POINT('',#1564);
#1566=CARTESIAN_POINT('',(-9.248830561936E0,4.378436998982E0,
-6.431736460473E0));
#1567=VERTEX_POINT('',#1566);
#1568=CARTESIAN_POINT('',(-9.248830561936E0,4.378436998982E0,1.086826353953E1));
#1569=CARTESIAN_POINT('',(-9.248830561936E0,4.378436998982E0,
-6.231736460473E0));
#1570=VERTEX_POINT('',#1568);
#1571=VERTEX_POINT('',#1569);
#1572=CARTESIAN_POINT('',(-8.748830561936E0,4.378436998982E0,
-6.231736460473E0));
#1573=VERTEX_POINT('',#1572);
#1574=CARTESIAN_POINT('',(-8.748830561936E0,4.378436998982E0,1.086826353953E1));
#1575=VERTEX_POINT('',#1574);
#1576=CARTESIAN_POINT('',(-8.748830561936E0,4.378436998982E0,1.337410573802E1));
#1577=CARTESIAN_POINT('',(-8.748830561936E0,4.378436998982E0,
-8.737578658969E0));
#1578=VERTEX_POINT('',#1576);
#1579=VERTEX_POINT('',#1577);
#1580=CARTESIAN_POINT('',(-9.548830561934E0,4.378436998982E0,1.391826353953E1));
#1581=VERTEX_POINT('',#1580);
#1582=CARTESIAN_POINT('',(-9.548830561936E0,4.378436998982E0,
-9.281736460479E0));
#1583=VERTEX_POINT('',#1582);
#1584=CARTESIAN_POINT('',(-9.548830561936E0,4.378436998982E0,1.461826353953E1));
#1585=CARTESIAN_POINT('',(-9.548830561936E0,4.378436998982E0,
-9.981736460473E0));
#1586=VERTEX_POINT('',#1584);
#1587=VERTEX_POINT('',#1585);
#1588=CARTESIAN_POINT('',(-9.048830561936E0,4.378436998982E0,
-9.981736460473E0));
#1589=VERTEX_POINT('',#1588);
#1590=CARTESIAN_POINT('',(-9.048830561936E0,4.378436998982E0,1.461826353953E1));
#1591=VERTEX_POINT('',#1590);
#1592=CARTESIAN_POINT('',(-8.882163895266E0,4.378436998982E0,
-9.545397462351E0));
#1593=CARTESIAN_POINT('',(-8.882163895266E0,4.378436998982E0,1.418192454140E1));
#1594=VERTEX_POINT('',#1592);
#1595=VERTEX_POINT('',#1593);
#1596=CARTESIAN_POINT('',(-8.748830561933E0,4.378436998982E0,1.403285334290E1));
#1597=CARTESIAN_POINT('',(-8.748830561933E0,4.378436998982E0,
-9.396326263851E0));
#1598=VERTEX_POINT('',#1596);
#1599=VERTEX_POINT('',#1597);
#1600=CARTESIAN_POINT('',(-9.048830561936E0,4.378436998982E0,
-1.018173646047E1));
#1601=VERTEX_POINT('',#1600);
#1602=CARTESIAN_POINT('',(-9.048830561936E0,4.378436998982E0,1.481826353953E1));
#1603=VERTEX_POINT('',#1602);
#1604=CARTESIAN_POINT('',(-9.748830561936E0,4.378436998982E0,
-1.018173646047E1));
#1605=CARTESIAN_POINT('',(-9.748830561936E0,4.378436998982E0,1.481826353953E1));
#1606=VERTEX_POINT('',#1604);
#1607=VERTEX_POINT('',#1605);
#1608=CARTESIAN_POINT('',(-9.748830561936E0,4.378436998982E0,1.516826353953E1));
#1609=CARTESIAN_POINT('',(-9.748830561936E0,4.378436998982E0,
-1.053173646047E1));
#1610=VERTEX_POINT('',#1608);
#1611=VERTEX_POINT('',#1609);
#1612=CARTESIAN_POINT('',(-9.148830561936E0,4.378436998982E0,2.318263539527E0));
#1613=DIRECTION('',(-1.E0,0.E0,0.E0));
#1614=DIRECTION('',(0.E0,0.E0,1.E0));
#1615=AXIS2_PLACEMENT_3D('',#1612,#1613,#1614);
#1616=CONICAL_SURFACE('',#1615,1.132792109925E1,3.422342961060E1);
#1618=ORIENTED_EDGE('',*,*,#1617,.F.);
#1620=ORIENTED_EDGE('',*,*,#1619,.F.);
#1622=ORIENTED_EDGE('',*,*,#1621,.T.);
#1624=ORIENTED_EDGE('',*,*,#1623,.F.);
#1625=EDGE_LOOP('',(#1618,#1620,#1622,#1624));
#1626=FACE_OUTER_BOUND('',#1625,.F.);
#1627=ADVANCED_FACE('',(#1626),#1616,.T.);
#1628=CARTESIAN_POINT('',(-9.148830561936E0,4.378436998982E0,2.318263539527E0));
#1629=DIRECTION('',(-1.E0,0.E0,0.E0));
#1630=DIRECTION('',(0.E0,0.E0,1.E0));
#1631=AXIS2_PLACEMENT_3D('',#1628,#1629,#1630);
#1632=CONICAL_SURFACE('',#1631,1.132792109925E1,3.422342961060E1);
#1634=ORIENTED_EDGE('',*,*,#1633,.F.);
#1635=ORIENTED_EDGE('',*,*,#1621,.F.);
#1637=ORIENTED_EDGE('',*,*,#1636,.F.);
#1638=ORIENTED_EDGE('',*,*,#1617,.T.);
#1639=EDGE_LOOP('',(#1634,#1635,#1637,#1638));
#1640=FACE_OUTER_BOUND('',#1639,.F.);
#1641=ADVANCED_FACE('',(#1640),#1632,.T.);
#1642=CARTESIAN_POINT('',(-8.748830561936E0,4.378436998982E0,
-6.231736460473E0));
#1643=DIRECTION('',(-1.E0,0.E0,0.E0));
#1644=DIRECTION('',(0.E0,0.E0,1.E0));
#1645=AXIS2_PLACEMENT_3D('',#1642,#1643,#1644);
#1646=PLANE('',#1645);
#1647=ORIENTED_EDGE('',*,*,#1633,.T.);
#1648=ORIENTED_EDGE('',*,*,#1623,.T.);
#1649=EDGE_LOOP('',(#1647,#1648));
#1650=FACE_OUTER_BOUND('',#1649,.F.);
#1652=ORIENTED_EDGE('',*,*,#1651,.T.);
#1654=ORIENTED_EDGE('',*,*,#1653,.T.);
#1655=EDGE_LOOP('',(#1652,#1654));
#1656=FACE_BOUND('',#1655,.F.);
#1657=ADVANCED_FACE('',(#1650,#1656),#1646,.F.);
#1658=CARTESIAN_POINT('',(-2.895298472417E1,4.378436998982E0,2.318263539527E0));
#1659=DIRECTION('',(-1.E0,0.E0,0.E0));
#1660=DIRECTION('',(0.E0,0.E0,1.E0));
#1661=AXIS2_PLACEMENT_3D('',#1658,#1659,#1660);
#1662=CYLINDRICAL_SURFACE('',#1661,8.55E0);
#1664=ORIENTED_EDGE('',*,*,#1663,.F.);
#1666=ORIENTED_EDGE('',*,*,#1665,.F.);
#1668=ORIENTED_EDGE('',*,*,#1667,.T.);
#1669=ORIENTED_EDGE('',*,*,#1651,.F.);
#1670=EDGE_LOOP('',(#1664,#1666,#1668,#1669));
#1671=FACE_OUTER_BOUND('',#1670,.F.);
#1672=ADVANCED_FACE('',(#1671),#1662,.F.);
#1673=CARTESIAN_POINT('',(-2.895298472417E1,4.378436998982E0,2.318263539527E0));
#1674=DIRECTION('',(-1.E0,0.E0,0.E0));
#1675=DIRECTION('',(0.E0,0.E0,1.E0));
#1676=AXIS2_PLACEMENT_3D('',#1673,#1674,#1675);
#1677=CYLINDRICAL_SURFACE('',#1676,8.55E0);
#1678=ORIENTED_EDGE('',*,*,#1653,.F.);
#1679=ORIENTED_EDGE('',*,*,#1667,.F.);
#1681=ORIENTED_EDGE('',*,*,#1680,.F.);
#1682=ORIENTED_EDGE('',*,*,#1663,.T.);
#1683=EDGE_LOOP('',(#1678,#1679,#1681,#1682));
#1684=FACE_OUTER_BOUND('',#1683,.F.);
#1685=ADVANCED_FACE('',(#1684),#1677,.F.);
#1686=CARTESIAN_POINT('',(-9.248830561936E0,4.378436998982E0,
-6.431736460473E0));
#1687=DIRECTION('',(1.E0,0.E0,0.E0));
#1688=DIRECTION('',(0.E0,0.E0,-1.E0));
#1689=AXIS2_PLACEMENT_3D('',#1686,#1687,#1688);
#1690=PLANE('',#1689);
#1692=ORIENTED_EDGE('',*,*,#1691,.T.);
#1694=ORIENTED_EDGE('',*,*,#1693,.T.);
#1695=EDGE_LOOP('',(#1692,#1694));
#1696=FACE_OUTER_BOUND('',#1695,.F.);
#1697=ORIENTED_EDGE('',*,*,#1665,.T.);
#1698=ORIENTED_EDGE('',*,*,#1680,.T.);
#1699=EDGE_LOOP('',(#1697,#1698));
#1700=FACE_BOUND('',#1699,.F.);
#1701=ADVANCED_FACE('',(#1696,#1700),#1690,.F.);
#1702=CARTESIAN_POINT('',(-2.895298472417E1,4.378436998982E0,2.318263539527E0));
#1703=DIRECTION('',(-1.E0,0.E0,0.E0));
#1704=DIRECTION('',(0.E0,0.E0,1.E0));
#1705=AXIS2_PLACEMENT_3D('',#1702,#1703,#1704);
#1706=CYLINDRICAL_SURFACE('',#1705,8.75E0);
#1708=ORIENTED_EDGE('',*,*,#1707,.F.);
#1710=ORIENTED_EDGE('',*,*,#1709,.F.);
#1711=ORIENTED_EDGE('',*,*,#1691,.F.);
#1713=ORIENTED_EDGE('',*,*,#1712,.T.);
#1714=EDGE_LOOP('',(#1708,#1710,#1711,#1713));
#1715=FACE_OUTER_BOUND('',#1714,.F.);
#1716=ADVANCED_FACE('',(#1715),#1706,.T.);
#1717=CARTESIAN_POINT('',(-8.948830561936E0,4.378436998982E0,
-8.631736460473E0));
#1718=DIRECTION('',(1.E0,0.E0,0.E0));
#1719=DIRECTION('',(0.E0,0.E0,-1.E0));
#1720=AXIS2_PLACEMENT_3D('',#1717,#1718,#1719);
#1721=PLANE('',#1720);
#1723=ORIENTED_EDGE('',*,*,#1722,.T.);
#1725=ORIENTED_EDGE('',*,*,#1724,.T.);
#1726=EDGE_LOOP('',(#1723,#1725));
#1727=FACE_OUTER_BOUND('',#1726,.F.);
#1728=ORIENTED_EDGE('',*,*,#1707,.T.);
#1730=ORIENTED_EDGE('',*,*,#1729,.T.);
#1731=EDGE_LOOP('',(#1728,#1730));
#1732=FACE_BOUND('',#1731,.F.);
#1733=ADVANCED_FACE('',(#1727,#1732),#1721,.F.);
#1734=CARTESIAN_POINT('',(-9.348830561936E0,4.378436998982E0,2.318263539527E0));
#1735=DIRECTION('',(-1.E0,0.E0,0.E0));
#1736=DIRECTION('',(0.E0,0.E0,1.E0));
#1737=AXIS2_PLACEMENT_3D('',#1734,#1735,#1736);
#1738=CONICAL_SURFACE('',#1737,1.122207890075E1,3.422342961060E1);
#1740=ORIENTED_EDGE('',*,*,#1739,.F.);
#1742=ORIENTED_EDGE('',*,*,#1741,.T.);
#1743=ORIENTED_EDGE('',*,*,#1722,.F.);
#1745=ORIENTED_EDGE('',*,*,#1744,.F.);
#1746=EDGE_LOOP('',(#1740,#1742,#1743,#1745));
#1747=FACE_OUTER_BOUND('',#1746,.F.);
#1748=ADVANCED_FACE('',(#1747),#1738,.F.);
#1749=CARTESIAN_POINT('',(-9.748830561936E0,4.378436998982E0,
-1.053173646047E1));
#1750=DIRECTION('',(-1.E0,0.E0,0.E0));
#1751=DIRECTION('',(0.E0,0.E0,1.E0));
#1752=AXIS2_PLACEMENT_3D('',#1749,#1750,#1751);
#1753=PLANE('',#1752);
#1755=ORIENTED_EDGE('',*,*,#1754,.T.);
#1756=ORIENTED_EDGE('',*,*,#1739,.T.);
#1757=EDGE_LOOP('',(#1755,#1756));
#1758=FACE_OUTER_BOUND('',#1757,.F.);
#1760=ORIENTED_EDGE('',*,*,#1759,.T.);
#1762=ORIENTED_EDGE('',*,*,#1761,.T.);
#1763=EDGE_LOOP('',(#1760,#1762));
#1764=FACE_BOUND('',#1763,.F.);
#1765=ADVANCED_FACE('',(#1758,#1764),#1753,.F.);
#1766=CARTESIAN_POINT('',(-9.348830561936E0,4.378436998982E0,2.318263539527E0));
#1767=DIRECTION('',(-1.E0,0.E0,0.E0));
#1768=DIRECTION('',(0.E0,0.E0,1.E0));
#1769=AXIS2_PLACEMENT_3D('',#1766,#1767,#1768);
#1770=CONICAL_SURFACE('',#1769,1.122207890075E1,3.422342961060E1);
#1771=ORIENTED_EDGE('',*,*,#1754,.F.);
#1772=ORIENTED_EDGE('',*,*,#1744,.T.);
#1773=ORIENTED_EDGE('',*,*,#1724,.F.);
#1774=ORIENTED_EDGE('',*,*,#1741,.F.);
#1775=EDGE_LOOP('',(#1771,#1772,#1773,#1774));
#1776=FACE_OUTER_BOUND('',#1775,.F.);
#1777=ADVANCED_FACE('',(#1776),#1770,.F.);
#1778=CARTESIAN_POINT('',(-1.811901411703E1,4.378436998982E0,2.318263539527E0));
#1779=DIRECTION('',(-1.E0,0.E0,0.E0));
#1780=DIRECTION('',(0.E0,0.E0,1.E0));
#1781=AXIS2_PLACEMENT_3D('',#1778,#1779,#1780);
#1782=CYLINDRICAL_SURFACE('',#1781,1.115E1);
#1784=ORIENTED_EDGE('',*,*,#1783,.F.);
#1786=ORIENTED_EDGE('',*,*,#1785,.F.);
#1788=ORIENTED_EDGE('',*,*,#1787,.T.);
#1789=ORIENTED_EDGE('',*,*,#1759,.F.);
#1790=EDGE_LOOP('',(#1784,#1786,#1788,#1789));
#1791=FACE_OUTER_BOUND('',#1790,.F.);
#1792=ADVANCED_FACE('',(#1791),#1782,.F.);
#1793=CARTESIAN_POINT('',(-1.811901411703E1,4.378436998982E0,2.318263539527E0));
#1794=DIRECTION('',(-1.E0,0.E0,0.E0));
#1795=DIRECTION('',(0.E0,0.E0,1.E0));
#1796=AXIS2_PLACEMENT_3D('',#1793,#1794,#1795);
#1797=CYLINDRICAL_SURFACE('',#1796,1.115E1);
#1798=ORIENTED_EDGE('',*,*,#1761,.F.);
#1799=ORIENTED_EDGE('',*,*,#1787,.F.);
#1801=ORIENTED_EDGE('',*,*,#1800,.F.);
#1802=ORIENTED_EDGE('',*,*,#1783,.T.);
#1803=EDGE_LOOP('',(#1798,#1799,#1801,#1802));
#1804=FACE_OUTER_BOUND('',#1803,.F.);
#1805=ADVANCED_FACE('',(#1804),#1797,.F.);
#1806=CARTESIAN_POINT('',(-1.259883056194E1,4.378436998982E0,2.318263539527E0));
#1807=DIRECTION('',(-1.E0,0.E0,0.E0));
#1808=DIRECTION('',(0.E0,0.E0,1.E0));
#1809=AXIS2_PLACEMENT_3D('',#1806,#1807,#1808);
#1810=TOROIDAL_SURFACE('',#1809,9.8165E0,2.57E0);
#1811=ORIENTED_EDGE('',*,*,#1800,.T.);
#1813=ORIENTED_EDGE('',*,*,#1812,.F.);
#1815=ORIENTED_EDGE('',*,*,#1814,.F.);
#1817=ORIENTED_EDGE('',*,*,#1816,.T.);
#1819=ORIENTED_EDGE('',*,*,#1818,.F.);
#1821=ORIENTED_EDGE('',*,*,#1820,.F.);
#1822=EDGE_LOOP('',(#1811,#1813,#1815,#1817,#1819,#1821));
#1823=FACE_OUTER_BOUND('',#1822,.F.);
#1824=ADVANCED_FACE('',(#1823),#1810,.F.);
#1825=CARTESIAN_POINT('',(-1.259883056194E1,4.378436998982E0,2.318263539527E0));
#1826=DIRECTION('',(-1.E0,0.E0,0.E0));
#1827=DIRECTION('',(0.E0,0.E0,1.E0));
#1828=AXIS2_PLACEMENT_3D('',#1825,#1826,#1827);
#1829=TOROIDAL_SURFACE('',#1828,9.8165E0,2.57E0);
#1830=ORIENTED_EDGE('',*,*,#1820,.T.);
#1831=ORIENTED_EDGE('',*,*,#1818,.T.);
#1833=ORIENTED_EDGE('',*,*,#1832,.T.);
#1834=ORIENTED_EDGE('',*,*,#1814,.T.);
#1835=ORIENTED_EDGE('',*,*,#1812,.T.);
#1836=ORIENTED_EDGE('',*,*,#1785,.T.);
#1837=EDGE_LOOP('',(#1830,#1831,#1833,#1834,#1835,#1836));
#1838=FACE_OUTER_BOUND('',#1837,.F.);
#1839=ADVANCED_FACE('',(#1838),#1829,.F.);
#1840=CARTESIAN_POINT('',(-1.811901411703E1,4.378436998982E0,2.318263539527E0));
#1841=DIRECTION('',(-1.E0,0.E0,0.E0));
#1842=DIRECTION('',(0.E0,0.E0,1.E0));
#1843=AXIS2_PLACEMENT_3D('',#1840,#1841,#1842);
#1844=CYLINDRICAL_SURFACE('',#1843,1.115E1);
#1846=ORIENTED_EDGE('',*,*,#1845,.F.);
#1848=ORIENTED_EDGE('',*,*,#1847,.F.);
#1850=ORIENTED_EDGE('',*,*,#1849,.T.);
#1851=ORIENTED_EDGE('',*,*,#1832,.F.);
#1852=EDGE_LOOP('',(#1846,#1848,#1850,#1851));
#1853=FACE_OUTER_BOUND('',#1852,.F.);
#1854=ADVANCED_FACE('',(#1853),#1844,.F.);
#1855=CARTESIAN_POINT('',(-1.811901411703E1,4.378436998982E0,2.318263539527E0));
#1856=DIRECTION('',(-1.E0,0.E0,0.E0));
#1857=DIRECTION('',(0.E0,0.E0,1.E0));
#1858=AXIS2_PLACEMENT_3D('',#1855,#1856,#1857);
#1859=CYLINDRICAL_SURFACE('',#1858,1.115E1);
#1860=ORIENTED_EDGE('',*,*,#1816,.F.);
#1861=ORIENTED_EDGE('',*,*,#1849,.F.);
#1863=ORIENTED_EDGE('',*,*,#1862,.F.);
#1864=ORIENTED_EDGE('',*,*,#1845,.T.);
#1865=EDGE_LOOP('',(#1860,#1861,#1863,#1864));
#1866=FACE_OUTER_BOUND('',#1865,.F.);
#1867=ADVANCED_FACE('',(#1866),#1859,.F.);
#1868=CARTESIAN_POINT('',(-1.544883056194E1,4.378436998982E0,
-1.053173646047E1));
#1869=DIRECTION('',(1.E0,0.E0,0.E0));
#1870=DIRECTION('',(0.E0,0.E0,-1.E0));
#1871=AXIS2_PLACEMENT_3D('',#1868,#1869,#1870);
#1872=PLANE('',#1871);
#1874=ORIENTED_EDGE('',*,*,#1873,.T.);
#1876=ORIENTED_EDGE('',*,*,#1875,.T.);
#1877=EDGE_LOOP('',(#1874,#1876));
#1878=FACE_OUTER_BOUND('',#1877,.F.);
#1879=ORIENTED_EDGE('',*,*,#1847,.T.);
#1880=ORIENTED_EDGE('',*,*,#1862,.T.);
#1881=EDGE_LOOP('',(#1879,#1880));
#1882=FACE_BOUND('',#1881,.F.);
#1883=ADVANCED_FACE('',(#1878,#1882),#1872,.F.);
#1884=CARTESIAN_POINT('',(-1.584883056194E1,4.378436998982E0,2.318263539527E0));
#1885=DIRECTION('',(1.E0,0.E0,0.E0));
#1886=DIRECTION('',(0.E0,-9.242245927363E-1,-3.818493186866E-1));
#1887=AXIS2_PLACEMENT_3D('',#1884,#1885,#1886);
#1888=CONICAL_SURFACE('',#1887,1.122207890075E1,3.422342961060E1);
#1889=ORIENTED_EDGE('',*,*,#1873,.F.);
#1891=ORIENTED_EDGE('',*,*,#1890,.T.);
#1893=ORIENTED_EDGE('',*,*,#1892,.F.);
#1895=ORIENTED_EDGE('',*,*,#1894,.F.);
#1896=EDGE_LOOP('',(#1889,#1891,#1893,#1895));
#1897=FACE_OUTER_BOUND('',#1896,.F.);
#1898=ADVANCED_FACE('',(#1897),#1888,.F.);
#1899=CARTESIAN_POINT('',(-1.584883056194E1,4.378436998982E0,2.318263539527E0));
#1900=DIRECTION('',(1.E0,0.E0,0.E0));
#1901=DIRECTION('',(0.E0,-9.242245927363E-1,-3.818493186866E-1));
#1902=AXIS2_PLACEMENT_3D('',#1899,#1900,#1901);
#1903=CONICAL_SURFACE('',#1902,1.122207890075E1,3.422342961060E1);
#1904=ORIENTED_EDGE('',*,*,#1875,.F.);
#1905=ORIENTED_EDGE('',*,*,#1894,.T.);
#1907=ORIENTED_EDGE('',*,*,#1906,.F.);
#1908=ORIENTED_EDGE('',*,*,#1890,.F.);
#1909=EDGE_LOOP('',(#1904,#1905,#1907,#1908));
#1910=FACE_OUTER_BOUND('',#1909,.F.);
#1911=ADVANCED_FACE('',(#1910),#1903,.F.);
#1912=CARTESIAN_POINT('',(-1.624883056194E1,1.449869628944E1,6.499513579146E0));
#1913=DIRECTION('',(-1.E0,0.E0,0.E0));
#1914=DIRECTION('',(0.E0,9.242245927363E-1,3.818493186866E-1));
#1915=AXIS2_PLACEMENT_3D('',#1912,#1913,#1914);
#1916=PLANE('',#1915);
#1917=ORIENTED_EDGE('',*,*,#1906,.T.);
#1918=ORIENTED_EDGE('',*,*,#1892,.T.);
#1919=EDGE_LOOP('',(#1917,#1918));
#1920=FACE_OUTER_BOUND('',#1919,.F.);
#1922=ORIENTED_EDGE('',*,*,#1921,.T.);
#1924=ORIENTED_EDGE('',*,*,#1923,.T.);
#1925=EDGE_LOOP('',(#1922,#1924));
#1926=FACE_BOUND('',#1925,.F.);
#1927=ADVANCED_FACE('',(#1920,#1926),#1916,.F.);
#1928=CARTESIAN_POINT('',(3.755323600302E0,4.378436998982E0,2.318263539527E0));
#1929=DIRECTION('',(1.E0,0.E0,0.E0));
#1930=DIRECTION('',(0.E0,-9.242245927363E-1,-3.818493186866E-1));
#1931=AXIS2_PLACEMENT_3D('',#1928,#1929,#1930);
#1932=CYLINDRICAL_SURFACE('',#1931,8.75E0);
#1933=ORIENTED_EDGE('',*,*,#1921,.F.);
#1935=ORIENTED_EDGE('',*,*,#1934,.F.);
#1937=ORIENTED_EDGE('',*,*,#1936,.F.);
#1939=ORIENTED_EDGE('',*,*,#1938,.T.);
#1940=EDGE_LOOP('',(#1933,#1935,#1937,#1939));
#1941=FACE_OUTER_BOUND('',#1940,.F.);
#1942=ADVANCED_FACE('',(#1941),#1932,.T.);
#1943=CARTESIAN_POINT('',(3.755323600302E0,4.378436998982E0,2.318263539527E0));
#1944=DIRECTION('',(1.E0,0.E0,0.E0));
#1945=DIRECTION('',(0.E0,-9.242245927363E-1,-3.818493186866E-1));
#1946=AXIS2_PLACEMENT_3D('',#1943,#1944,#1945);
#1947=CYLINDRICAL_SURFACE('',#1946,8.75E0);
#1948=ORIENTED_EDGE('',*,*,#1938,.F.);
#1950=ORIENTED_EDGE('',*,*,#1949,.F.);
#1951=ORIENTED_EDGE('',*,*,#1934,.T.);
#1952=ORIENTED_EDGE('',*,*,#1923,.F.);
#1953=EDGE_LOOP('',(#1948,#1950,#1951,#1952));
#1954=FACE_OUTER_BOUND('',#1953,.F.);
#1955=ADVANCED_FACE('',(#1954),#1947,.T.);
#1956=CARTESIAN_POINT('',(-1.594883056194E1,1.246540218542E1,5.659445078035E0));
#1957=DIRECTION('',(-1.E0,0.E0,0.E0));
#1958=DIRECTION('',(0.E0,9.242245927363E-1,3.818493186866E-1));
#1959=AXIS2_PLACEMENT_3D('',#1956,#1957,#1958);
#1960=PLANE('',#1959);
#1961=ORIENTED_EDGE('',*,*,#1936,.T.);
#1962=ORIENTED_EDGE('',*,*,#1949,.T.);
#1963=EDGE_LOOP('',(#1961,#1962));
#1964=FACE_OUTER_BOUND('',#1963,.F.);
#1966=ORIENTED_EDGE('',*,*,#1965,.T.);
#1968=ORIENTED_EDGE('',*,*,#1967,.T.);
#1969=EDGE_LOOP('',(#1966,#1968));
#1970=FACE_BOUND('',#1969,.F.);
#1971=ADVANCED_FACE('',(#1964,#1970),#1960,.F.);
#1972=CARTESIAN_POINT('',(3.755323600302E0,4.378436998982E0,2.318263539527E0));
#1973=DIRECTION('',(1.E0,0.E0,0.E0));
#1974=DIRECTION('',(0.E0,-9.242245927363E-1,-3.818493186866E-1));
#1975=AXIS2_PLACEMENT_3D('',#1972,#1973,#1974);
#1976=CYLINDRICAL_SURFACE('',#1975,8.55E0);
#1978=ORIENTED_EDGE('',*,*,#1977,.F.);
#1979=ORIENTED_EDGE('',*,*,#1965,.F.);
#1981=ORIENTED_EDGE('',*,*,#1980,.T.);
#1983=ORIENTED_EDGE('',*,*,#1982,.F.);
#1984=EDGE_LOOP('',(#1978,#1979,#1981,#1983));
#1985=FACE_OUTER_BOUND('',#1984,.F.);
#1986=ADVANCED_FACE('',(#1985),#1976,.F.);
#1987=CARTESIAN_POINT('',(3.755323600302E0,4.378436998982E0,2.318263539527E0));
#1988=DIRECTION('',(1.E0,0.E0,0.E0));
#1989=DIRECTION('',(0.E0,-9.242245927363E-1,-3.818493186866E-1));
#1990=AXIS2_PLACEMENT_3D('',#1987,#1988,#1989);
#1991=CYLINDRICAL_SURFACE('',#1990,8.55E0);
#1993=ORIENTED_EDGE('',*,*,#1992,.F.);
#1994=ORIENTED_EDGE('',*,*,#1980,.F.);
#1995=ORIENTED_EDGE('',*,*,#1967,.F.);
#1996=ORIENTED_EDGE('',*,*,#1977,.T.);
#1997=EDGE_LOOP('',(#1993,#1994,#1995,#1996));
#1998=FACE_OUTER_BOUND('',#1997,.F.);
#1999=ADVANCED_FACE('',(#1998),#1991,.F.);
#2000=CARTESIAN_POINT('',(-1.644883056194E1,1.228055726688E1,5.583075214298E0));
#2001=DIRECTION('',(1.E0,0.E0,0.E0));
#2002=DIRECTION('',(0.E0,-9.242245927363E-1,-3.818493186866E-1));
#2003=AXIS2_PLACEMENT_3D('',#2000,#2001,#2002);
#2004=PLANE('',#2003);
#2006=ORIENTED_EDGE('',*,*,#2005,.T.);
#2008=ORIENTED_EDGE('',*,*,#2007,.T.);
#2009=EDGE_LOOP('',(#2006,#2008));
#2010=FACE_OUTER_BOUND('',#2009,.F.);
#2011=ORIENTED_EDGE('',*,*,#1982,.T.);
#2012=ORIENTED_EDGE('',*,*,#1992,.T.);
#2013=EDGE_LOOP('',(#2011,#2012));
#2014=FACE_BOUND('',#2013,.F.);
#2015=ADVANCED_FACE('',(#2010,#2014),#2004,.F.);
#2016=CARTESIAN_POINT('',(-1.604883056194E1,4.378436998982E0,2.318263539527E0));
#2017=DIRECTION('',(1.E0,0.E0,0.E0));
#2018=DIRECTION('',(0.E0,-9.242245927363E-1,-3.818493186866E-1));
#2019=AXIS2_PLACEMENT_3D('',#2016,#2017,#2018);
#2020=CONICAL_SURFACE('',#2019,1.132792109925E1,3.422342961060E1);
#2021=ORIENTED_EDGE('',*,*,#2005,.F.);
#2023=ORIENTED_EDGE('',*,*,#2022,.F.);
#2025=ORIENTED_EDGE('',*,*,#2024,.F.);
#2027=ORIENTED_EDGE('',*,*,#2026,.T.);
#2028=EDGE_LOOP('',(#2021,#2023,#2025,#2027));
#2029=FACE_OUTER_BOUND('',#2028,.F.);
#2030=ADVANCED_FACE('',(#2029),#2020,.T.);
#2031=CARTESIAN_POINT('',(-1.604883056194E1,4.378436998982E0,2.318263539527E0));
#2032=DIRECTION('',(1.E0,0.E0,0.E0));
#2033=DIRECTION('',(0.E0,-9.242245927363E-1,-3.818493186866E-1));
#2034=AXIS2_PLACEMENT_3D('',#2031,#2032,#2033);
#2035=CONICAL_SURFACE('',#2034,1.132792109925E1,3.422342961060E1);
#2036=ORIENTED_EDGE('',*,*,#2026,.F.);
#2038=ORIENTED_EDGE('',*,*,#2037,.F.);
#2039=ORIENTED_EDGE('',*,*,#2022,.T.);
#2040=ORIENTED_EDGE('',*,*,#2007,.F.);
#2041=EDGE_LOOP('',(#2036,#2038,#2039,#2040));
#2042=FACE_OUTER_BOUND('',#2041,.F.);
#2043=ADVANCED_FACE('',(#2042),#2035,.T.);
#2044=CARTESIAN_POINT('',(-1.564883056194E1,1.509944227472E1,6.747715636292E0));
#2045=DIRECTION('',(1.E0,0.E0,0.E0));
#2046=DIRECTION('',(0.E0,-9.242245927363E-1,-3.818493186866E-1));
#2047=AXIS2_PLACEMENT_3D('',#2044,#2045,#2046);
#2048=PLANE('',#2047);
#2050=ORIENTED_EDGE('',*,*,#2049,.T.);
#2052=ORIENTED_EDGE('',*,*,#2051,.T.);
#2053=EDGE_LOOP('',(#2050,#2052));
#2054=FACE_OUTER_BOUND('',#2053,.F.);
#2055=ORIENTED_EDGE('',*,*,#2024,.T.);
#2056=ORIENTED_EDGE('',*,*,#2037,.T.);
#2057=EDGE_LOOP('',(#2055,#2056));
#2058=FACE_BOUND('',#2057,.F.);
#2059=ADVANCED_FACE('',(#2054,#2058),#2048,.F.);
#2060=CARTESIAN_POINT('',(3.755323600302E0,4.378436998982E0,2.318263539527E0));
#2061=DIRECTION('',(1.E0,0.E0,0.E0));
#2062=DIRECTION('',(0.E0,-9.242245927363E-1,-3.818493186866E-1));
#2063=AXIS2_PLACEMENT_3D('',#2060,#2061,#2062);
#2064=CYLINDRICAL_SURFACE('',#2063,1.23E1);
#2066=ORIENTED_EDGE('',*,*,#2065,.F.);
#2067=ORIENTED_EDGE('',*,*,#2049,.F.);
#2069=ORIENTED_EDGE('',*,*,#2068,.T.);
#2071=ORIENTED_EDGE('',*,*,#2070,.F.);
#2072=EDGE_LOOP('',(#2066,#2067,#2069,#2071));
#2073=FACE_OUTER_BOUND('',#2072,.F.);
#2074=ADVANCED_FACE('',(#2073),#2064,.F.);
#2075=CARTESIAN_POINT('',(3.755323600302E0,4.378436998982E0,2.318263539527E0));
#2076=DIRECTION('',(1.E0,0.E0,0.E0));
#2077=DIRECTION('',(0.E0,-9.242245927363E-1,-3.818493186866E-1));
#2078=AXIS2_PLACEMENT_3D('',#2075,#2076,#2077);
#2079=CYLINDRICAL_SURFACE('',#2078,1.23E1);
#2081=ORIENTED_EDGE('',*,*,#2080,.F.);
#2082=ORIENTED_EDGE('',*,*,#2068,.F.);
#2083=ORIENTED_EDGE('',*,*,#2051,.F.);
#2084=ORIENTED_EDGE('',*,*,#2065,.T.);
#2085=EDGE_LOOP('',(#2081,#2082,#2083,#2084));
#2086=FACE_OUTER_BOUND('',#2085,.F.);
#2087=ADVANCED_FACE('',(#2086),#2079,.F.);
#2088=CARTESIAN_POINT('',(-1.614883056194E1,4.378436998982E0,2.318263539527E0));
#2089=DIRECTION('',(1.E0,0.E0,0.E0));
#2090=DIRECTION('',(0.E0,-9.242245927363E-1,-3.818493186866E-1));
#2091=AXIS2_PLACEMENT_3D('',#2088,#2089,#2090);
#2092=TOROIDAL_SURFACE('',#2091,1.205E1,2.5E-1);
#2094=ORIENTED_EDGE('',*,*,#2093,.T.);
#2096=ORIENTED_EDGE('',*,*,#2095,.F.);
#2097=ORIENTED_EDGE('',*,*,#2080,.T.);
#2099=ORIENTED_EDGE('',*,*,#2098,.T.);
#2100=EDGE_LOOP('',(#2094,#2096,#2097,#2099));
#2101=FACE_OUTER_BOUND('',#2100,.F.);
#2102=ADVANCED_FACE('',(#2101),#2092,.F.);
#2103=CARTESIAN_POINT('',(-1.638216389527E1,4.378436998982E0,2.318263539527E0));
#2104=DIRECTION('',(1.E0,0.E0,0.E0));
#2105=DIRECTION('',(0.E0,-9.242245927363E-1,-3.818493186866E-1));
#2106=AXIS2_PLACEMENT_3D('',#2103,#2104,#2105);
#2107=CONICAL_SURFACE('',#2106,1.178912540263E1,4.818968510422E1);
#2109=ORIENTED_EDGE('',*,*,#2108,.F.);
#2111=ORIENTED_EDGE('',*,*,#2110,.F.);
#2112=ORIENTED_EDGE('',*,*,#2093,.F.);
#2114=ORIENTED_EDGE('',*,*,#2113,.T.);
#2115=EDGE_LOOP('',(#2109,#2111,#2112,#2114));
#2116=FACE_OUTER_BOUND('',#2115,.F.);
#2117=ADVANCED_FACE('',(#2116),#2107,.F.);
#2118=CARTESIAN_POINT('',(-1.614883056194E1,4.378436998982E0,2.318263539527E0));
#2119=DIRECTION('',(1.E0,0.E0,0.E0));
#2120=DIRECTION('',(0.E0,-9.242245927363E-1,-3.818493186866E-1));
#2121=AXIS2_PLACEMENT_3D('',#2118,#2119,#2120);
#2122=TOROIDAL_SURFACE('',#2121,1.205E1,4.5E-1);
#2124=ORIENTED_EDGE('',*,*,#2123,.F.);
#2126=ORIENTED_EDGE('',*,*,#2125,.T.);
#2128=ORIENTED_EDGE('',*,*,#2127,.T.);
#2129=ORIENTED_EDGE('',*,*,#2108,.T.);
#2130=EDGE_LOOP('',(#2124,#2126,#2128,#2129));
#2131=FACE_OUTER_BOUND('',#2130,.F.);
#2132=ADVANCED_FACE('',(#2131),#2122,.T.);
#2133=CARTESIAN_POINT('',(-1.614883056194E1,4.378436998982E0,2.318263539527E0));
#2134=DIRECTION('',(1.E0,0.E0,0.E0));
#2135=DIRECTION('',(0.E0,-9.242245927363E-1,-3.818493186866E-1));
#2136=AXIS2_PLACEMENT_3D('',#2133,#2134,#2135);
#2137=TOROIDAL_SURFACE('',#2136,1.205E1,4.5E-1);
#2139=ORIENTED_EDGE('',*,*,#2138,.T.);
#2140=ORIENTED_EDGE('',*,*,#2127,.F.);
#2142=ORIENTED_EDGE('',*,*,#2141,.T.);
#2143=ORIENTED_EDGE('',*,*,#2123,.T.);
#2144=EDGE_LOOP('',(#2139,#2140,#2142,#2143));
#2145=FACE_OUTER_BOUND('',#2144,.F.);
#2146=ADVANCED_FACE('',(#2145),#2137,.T.);
#2147=CARTESIAN_POINT('',(-1.638216389527E1,4.378436998982E0,2.318263539527E0));
#2148=DIRECTION('',(1.E0,0.E0,0.E0));
#2149=DIRECTION('',(0.E0,-9.242245927363E-1,-3.818493186866E-1));
#2150=AXIS2_PLACEMENT_3D('',#2147,#2148,#2149);
#2151=CONICAL_SURFACE('',#2150,1.178912540263E1,4.818968510422E1);
#2152=ORIENTED_EDGE('',*,*,#2113,.F.);
#2154=ORIENTED_EDGE('',*,*,#2153,.F.);
#2155=ORIENTED_EDGE('',*,*,#2110,.T.);
#2156=ORIENTED_EDGE('',*,*,#2138,.F.);
#2157=EDGE_LOOP('',(#2152,#2154,#2155,#2156));
#2158=FACE_OUTER_BOUND('',#2157,.F.);
#2159=ADVANCED_FACE('',(#2158),#2151,.F.);
#2160=CARTESIAN_POINT('',(-1.614883056194E1,4.378436998982E0,2.318263539527E0));
#2161=DIRECTION('',(1.E0,0.E0,0.E0));
#2162=DIRECTION('',(0.E0,-9.242245927363E-1,-3.818493186866E-1));
#2163=AXIS2_PLACEMENT_3D('',#2160,#2161,#2162);
#2164=TOROIDAL_SURFACE('',#2163,1.205E1,2.5E-1);
#2165=ORIENTED_EDGE('',*,*,#2098,.F.);
#2166=ORIENTED_EDGE('',*,*,#2070,.T.);
#2167=ORIENTED_EDGE('',*,*,#2095,.T.);
#2168=ORIENTED_EDGE('',*,*,#2153,.T.);
#2169=EDGE_LOOP('',(#2165,#2166,#2167,#2168));
#2170=FACE_OUTER_BOUND('',#2169,.F.);
#2171=ADVANCED_FACE('',(#2170),#2164,.F.);
#2172=CARTESIAN_POINT('',(3.755323600302E0,4.378436998982E0,2.318263539527E0));
#2173=DIRECTION('',(1.E0,0.E0,0.E0));
#2174=DIRECTION('',(0.E0,-9.242245927363E-1,-3.818493186866E-1));
#2175=AXIS2_PLACEMENT_3D('',#2172,#2173,#2174);
#2176=CYLINDRICAL_SURFACE('',#2175,1.25E1);
#2178=ORIENTED_EDGE('',*,*,#2177,.F.);
#2180=ORIENTED_EDGE('',*,*,#2179,.T.);
#2181=ORIENTED_EDGE('',*,*,#2141,.F.);
#2183=ORIENTED_EDGE('',*,*,#2182,.F.);
#2184=EDGE_LOOP('',(#2178,#2180,#2181,#2183));
#2185=FACE_OUTER_BOUND('',#2184,.F.);
#2186=ADVANCED_FACE('',(#2185),#2176,.T.);
#2187=CARTESIAN_POINT('',(-1.544883056194E1,4.378436998982E0,
-1.053173646047E1));
#2188=DIRECTION('',(1.E0,0.E0,0.E0));
#2189=DIRECTION('',(0.E0,0.E0,-1.E0));
#2190=AXIS2_PLACEMENT_3D('',#2187,#2188,#2189);
#2191=PLANE('',#2190);
#2193=ORIENTED_EDGE('',*,*,#2192,.T.);
#2195=ORIENTED_EDGE('',*,*,#2194,.T.);
#2196=EDGE_LOOP('',(#2193,#2195));
#2197=FACE_OUTER_BOUND('',#2196,.F.);
#2198=ORIENTED_EDGE('',*,*,#2177,.T.);
#2200=ORIENTED_EDGE('',*,*,#2199,.T.);
#2201=EDGE_LOOP('',(#2198,#2200));
#2202=FACE_BOUND('',#2201,.F.);
#2203=ADVANCED_FACE('',(#2197,#2202),#2191,.F.);
#2204=CARTESIAN_POINT('',(-1.811901411703E1,4.378436998982E0,2.318263539527E0));
#2205=DIRECTION('',(-1.E0,0.E0,0.E0));
#2206=DIRECTION('',(0.E0,0.E0,1.E0));
#2207=AXIS2_PLACEMENT_3D('',#2204,#2205,#2206);
#2208=CYLINDRICAL_SURFACE('',#2207,1.285E1);
#2210=ORIENTED_EDGE('',*,*,#2209,.F.);
#2212=ORIENTED_EDGE('',*,*,#2211,.F.);
#2214=ORIENTED_EDGE('',*,*,#2213,.T.);
#2215=ORIENTED_EDGE('',*,*,#2192,.F.);
#2216=EDGE_LOOP('',(#2210,#2212,#2214,#2215));
#2217=FACE_OUTER_BOUND('',#2216,.F.);
#2218=ADVANCED_FACE('',(#2217),#2208,.F.);
#2219=CARTESIAN_POINT('',(-1.811901411703E1,4.378436998982E0,2.318263539527E0));
#2220=DIRECTION('',(-1.E0,0.E0,0.E0));
#2221=DIRECTION('',(0.E0,0.E0,1.E0));
#2222=AXIS2_PLACEMENT_3D('',#2219,#2220,#2221);
#2223=CYLINDRICAL_SURFACE('',#2222,1.285E1);
#2224=ORIENTED_EDGE('',*,*,#2194,.F.);
#2225=ORIENTED_EDGE('',*,*,#2213,.F.);
#2227=ORIENTED_EDGE('',*,*,#2226,.F.);
#2228=ORIENTED_EDGE('',*,*,#2209,.T.);
#2229=EDGE_LOOP('',(#2224,#2225,#2227,#2228));
#2230=FACE_OUTER_BOUND('',#2229,.F.);
#2231=ADVANCED_FACE('',(#2230),#2223,.F.);
#2232=CARTESIAN_POINT('',(-1.612136688112E1,4.378436998982E0,2.318263539527E0));
#2233=DIRECTION('',(1.E0,0.E0,0.E0));
#2234=DIRECTION('',(0.E0,0.E0,-1.E0));
#2235=AXIS2_PLACEMENT_3D('',#2232,#2233,#2234);
#2236=CONICAL_SURFACE('',#2235,1.2675E1,5.5E1);
#2238=ORIENTED_EDGE('',*,*,#2237,.T.);
#2240=ORIENTED_EDGE('',*,*,#2239,.F.);
#2241=ORIENTED_EDGE('',*,*,#2226,.T.);
#2243=ORIENTED_EDGE('',*,*,#2242,.T.);
#2244=EDGE_LOOP('',(#2238,#2240,#2241,#2243));
#2245=FACE_OUTER_BOUND('',#2244,.F.);
#2246=ADVANCED_FACE('',(#2245),#2236,.F.);
#2247=CARTESIAN_POINT('',(-1.811901411703E1,4.378436998982E0,2.318263539527E0));
#2248=DIRECTION('',(-1.E0,0.E0,0.E0));
#2249=DIRECTION('',(0.E0,0.E0,1.E0));
#2250=AXIS2_PLACEMENT_3D('',#2247,#2248,#2249);
#2251=CYLINDRICAL_SURFACE('',#2250,1.25E1);
#2252=ORIENTED_EDGE('',*,*,#2237,.F.);
#2254=ORIENTED_EDGE('',*,*,#2253,.F.);
#2256=ORIENTED_EDGE('',*,*,#2255,.F.);
#2258=ORIENTED_EDGE('',*,*,#2257,.T.);
#2259=EDGE_LOOP('',(#2252,#2254,#2256,#2258));
#2260=FACE_OUTER_BOUND('',#2259,.F.);
#2261=ADVANCED_FACE('',(#2260),#2251,.F.);
#2262=CARTESIAN_POINT('',(-1.811901411703E1,4.378436998982E0,2.318263539527E0));
#2263=DIRECTION('',(-1.E0,0.E0,0.E0));
#2264=DIRECTION('',(0.E0,0.E0,1.E0));
#2265=AXIS2_PLACEMENT_3D('',#2262,#2263,#2264);
#2266=CYLINDRICAL_SURFACE('',#2265,1.25E1);
#2267=ORIENTED_EDGE('',*,*,#2257,.F.);
#2269=ORIENTED_EDGE('',*,*,#2268,.F.);
#2270=ORIENTED_EDGE('',*,*,#2253,.T.);
#2272=ORIENTED_EDGE('',*,*,#2271,.F.);
#2273=EDGE_LOOP('',(#2267,#2269,#2270,#2272));
#2274=FACE_OUTER_BOUND('',#2273,.F.);
#2275=ADVANCED_FACE('',(#2274),#2266,.F.);
#2276=CARTESIAN_POINT('',(-1.659883056194E1,4.378436998982E0,
-1.168173646047E1));
#2277=DIRECTION('',(1.E0,0.E0,0.E0));
#2278=DIRECTION('',(0.E0,0.E0,-1.E0));
#2279=AXIS2_PLACEMENT_3D('',#2276,#2277,#2278);
#2280=PLANE('',#2279);
#2282=ORIENTED_EDGE('',*,*,#2281,.T.);
#2284=ORIENTED_EDGE('',*,*,#2283,.T.);
#2285=EDGE_LOOP('',(#2282,#2284));
#2286=FACE_OUTER_BOUND('',#2285,.F.);
#2287=ORIENTED_EDGE('',*,*,#2268,.T.);
#2288=ORIENTED_EDGE('',*,*,#2255,.T.);
#2289=EDGE_LOOP('',(#2287,#2288));
#2290=FACE_BOUND('',#2289,.F.);
#2291=ADVANCED_FACE('',(#2286,#2290),#2280,.F.);
#2292=CARTESIAN_POINT('',(-1.629883056194E1,4.378436998982E0,2.318263539527E0));
#2293=DIRECTION('',(1.E0,0.E0,0.E0));
#2294=DIRECTION('',(0.E0,0.E0,-1.E0));
#2295=AXIS2_PLACEMENT_3D('',#2292,#2293,#2294);
#2296=TOROIDAL_SURFACE('',#2295,1.37E1,3.E-1);
#2298=ORIENTED_EDGE('',*,*,#2297,.F.);
#2300=ORIENTED_EDGE('',*,*,#2299,.T.);
#2302=ORIENTED_EDGE('',*,*,#2301,.T.);
#2303=ORIENTED_EDGE('',*,*,#2281,.F.);
#2304=EDGE_LOOP('',(#2298,#2300,#2302,#2303));
#2305=FACE_OUTER_BOUND('',#2304,.F.);
#2306=ADVANCED_FACE('',(#2305),#2296,.T.);
#2307=CARTESIAN_POINT('',(-1.629883056194E1,4.378436998982E0,2.318263539527E0));
#2308=DIRECTION('',(1.E0,0.E0,0.E0));
#2309=DIRECTION('',(0.E0,0.E0,-1.E0));
#2310=AXIS2_PLACEMENT_3D('',#2307,#2308,#2309);
#2311=TOROIDAL_SURFACE('',#2310,1.37E1,3.E-1);
#2312=ORIENTED_EDGE('',*,*,#2283,.F.);
#2313=ORIENTED_EDGE('',*,*,#2301,.F.);
#2315=ORIENTED_EDGE('',*,*,#2314,.T.);
#2316=ORIENTED_EDGE('',*,*,#2297,.T.);
#2317=EDGE_LOOP('',(#2312,#2313,#2315,#2316));
#2318=FACE_OUTER_BOUND('',#2317,.F.);
#2319=ADVANCED_FACE('',(#2318),#2311,.T.);
#2320=CARTESIAN_POINT('',(-1.811901411703E1,4.378436998982E0,2.318263539527E0));
#2321=DIRECTION('',(-1.E0,0.E0,0.E0));
#2322=DIRECTION('',(0.E0,0.E0,1.E0));
#2323=AXIS2_PLACEMENT_3D('',#2320,#2321,#2322);
#2324=CYLINDRICAL_SURFACE('',#2323,1.4E1);
#2326=ORIENTED_EDGE('',*,*,#2325,.F.);
#2328=ORIENTED_EDGE('',*,*,#2327,.F.);
#2329=ORIENTED_EDGE('',*,*,#2314,.F.);
#2331=ORIENTED_EDGE('',*,*,#2330,.T.);
#2332=EDGE_LOOP('',(#2326,#2328,#2329,#2331));
#2333=FACE_OUTER_BOUND('',#2332,.F.);
#2334=ADVANCED_FACE('',(#2333),#2324,.T.);
#2335=CARTESIAN_POINT('',(-8.898830561936E0,4.378436998982E0,2.318263539527E0));
#2336=DIRECTION('',(-1.E0,0.E0,0.E0));
#2337=DIRECTION('',(0.E0,0.E0,1.E0));
#2338=AXIS2_PLACEMENT_3D('',#2335,#2336,#2337);
#2339=TOROIDAL_SURFACE('',#2338,1.37E1,3.E-1);
#2341=ORIENTED_EDGE('',*,*,#2340,.F.);
#2343=ORIENTED_EDGE('',*,*,#2342,.F.);
#2344=ORIENTED_EDGE('',*,*,#2325,.T.);
#2346=ORIENTED_EDGE('',*,*,#2345,.T.);
#2347=EDGE_LOOP('',(#2341,#2343,#2344,#2346));
#2348=FACE_OUTER_BOUND('',#2347,.F.);
#2349=ADVANCED_FACE('',(#2348),#2339,.T.);
#2350=CARTESIAN_POINT('',(-8.598830561936E0,4.378436998982E0,
-1.168173646047E1));
#2351=DIRECTION('',(-1.E0,0.E0,0.E0));
#2352=DIRECTION('',(0.E0,0.E0,1.E0));
#2353=AXIS2_PLACEMENT_3D('',#2350,#2351,#2352);
#2354=PLANE('',#2353);
#2356=ORIENTED_EDGE('',*,*,#2355,.T.);
#2357=ORIENTED_EDGE('',*,*,#2340,.T.);
#2358=EDGE_LOOP('',(#2356,#2357));
#2359=FACE_OUTER_BOUND('',#2358,.F.);
#2361=ORIENTED_EDGE('',*,*,#2360,.T.);
#2363=ORIENTED_EDGE('',*,*,#2362,.T.);
#2364=EDGE_LOOP('',(#2361,#2363));
#2365=FACE_BOUND('',#2364,.F.);
#2366=ADVANCED_FACE('',(#2359,#2365),#2354,.F.);
#2367=CARTESIAN_POINT('',(-8.898830561936E0,4.378436998982E0,2.318263539527E0));
#2368=DIRECTION('',(-1.E0,0.E0,0.E0));
#2369=DIRECTION('',(0.E0,0.E0,1.E0));
#2370=AXIS2_PLACEMENT_3D('',#2367,#2368,#2369);
#2371=TOROIDAL_SURFACE('',#2370,1.37E1,3.E-1);
#2372=ORIENTED_EDGE('',*,*,#2345,.F.);
#2374=ORIENTED_EDGE('',*,*,#2373,.T.);
#2375=ORIENTED_EDGE('',*,*,#2342,.T.);
#2376=ORIENTED_EDGE('',*,*,#2355,.F.);
#2377=EDGE_LOOP('',(#2372,#2374,#2375,#2376));
#2378=FACE_OUTER_BOUND('',#2377,.F.);
#2379=ADVANCED_FACE('',(#2378),#2371,.T.);
#2380=CARTESIAN_POINT('',(-1.811901411703E1,4.378436998982E0,2.318263539527E0));
#2381=DIRECTION('',(-1.E0,0.E0,0.E0));
#2382=DIRECTION('',(0.E0,0.E0,1.E0));
#2383=AXIS2_PLACEMENT_3D('',#2380,#2381,#2382);
#2384=CYLINDRICAL_SURFACE('',#2383,1.4E1);
#2385=ORIENTED_EDGE('',*,*,#2330,.F.);
#2386=ORIENTED_EDGE('',*,*,#2299,.F.);
#2387=ORIENTED_EDGE('',*,*,#2327,.T.);
#2388=ORIENTED_EDGE('',*,*,#2373,.F.);
#2389=EDGE_LOOP('',(#2385,#2386,#2387,#2388));
#2390=FACE_OUTER_BOUND('',#2389,.F.);
#2391=ADVANCED_FACE('',(#2390),#2384,.T.);
#2392=CARTESIAN_POINT('',(-1.811901411703E1,4.378436998982E0,2.318263539527E0));
#2393=DIRECTION('',(-1.E0,0.E0,0.E0));
#2394=DIRECTION('',(0.E0,0.E0,1.E0));
#2395=AXIS2_PLACEMENT_3D('',#2392,#2393,#2394);
#2396=CYLINDRICAL_SURFACE('',#2395,1.25E1);
#2398=ORIENTED_EDGE('',*,*,#2397,.F.);
#2400=ORIENTED_EDGE('',*,*,#2399,.F.);
#2402=ORIENTED_EDGE('',*,*,#2401,.T.);
#2403=ORIENTED_EDGE('',*,*,#2360,.F.);
#2404=EDGE_LOOP('',(#2398,#2400,#2402,#2403));
#2405=FACE_OUTER_BOUND('',#2404,.F.);
#2406=ADVANCED_FACE('',(#2405),#2396,.F.);
#2407=CARTESIAN_POINT('',(-1.811901411703E1,4.378436998982E0,2.318263539527E0));
#2408=DIRECTION('',(-1.E0,0.E0,0.E0));
#2409=DIRECTION('',(0.E0,0.E0,1.E0));
#2410=AXIS2_PLACEMENT_3D('',#2407,#2408,#2409);
#2411=CYLINDRICAL_SURFACE('',#2410,1.25E1);
#2412=ORIENTED_EDGE('',*,*,#2362,.F.);
#2413=ORIENTED_EDGE('',*,*,#2401,.F.);
#2415=ORIENTED_EDGE('',*,*,#2414,.F.);
#2416=ORIENTED_EDGE('',*,*,#2397,.T.);
#2417=EDGE_LOOP('',(#2412,#2413,#2415,#2416));
#2418=FACE_OUTER_BOUND('',#2417,.F.);
#2419=ADVANCED_FACE('',(#2418),#2411,.F.);
#2420=CARTESIAN_POINT('',(-9.076294242750E0,4.378436998982E0,2.318263539527E0));
#2421=DIRECTION('',(-1.E0,0.E0,0.E0));
#2422=DIRECTION('',(0.E0,0.E0,1.E0));
#2423=AXIS2_PLACEMENT_3D('',#2420,#2421,#2422);
#2424=CONICAL_SURFACE('',#2423,1.2675E1,5.5E1);
#2425=ORIENTED_EDGE('',*,*,#2414,.T.);
#2427=ORIENTED_EDGE('',*,*,#2426,.F.);
#2429=ORIENTED_EDGE('',*,*,#2428,.T.);
#2431=ORIENTED_EDGE('',*,*,#2430,.T.);
#2432=EDGE_LOOP('',(#2425,#2427,#2429,#2431));
#2433=FACE_OUTER_BOUND('',#2432,.F.);
#2434=ADVANCED_FACE('',(#2433),#2424,.F.);
#2435=CARTESIAN_POINT('',(-9.076294242750E0,4.378436998982E0,2.318263539527E0));
#2436=DIRECTION('',(-1.E0,0.E0,0.E0));
#2437=DIRECTION('',(0.E0,0.E0,1.E0));
#2438=AXIS2_PLACEMENT_3D('',#2435,#2436,#2437);
#2439=CONICAL_SURFACE('',#2438,1.2675E1,5.5E1);
#2440=ORIENTED_EDGE('',*,*,#2430,.F.);
#2442=ORIENTED_EDGE('',*,*,#2441,.T.);
#2443=ORIENTED_EDGE('',*,*,#2426,.T.);
#2444=ORIENTED_EDGE('',*,*,#2399,.T.);
#2445=EDGE_LOOP('',(#2440,#2442,#2443,#2444));
#2446=FACE_OUTER_BOUND('',#2445,.F.);
#2447=ADVANCED_FACE('',(#2446),#2439,.F.);
#2448=CARTESIAN_POINT('',(-1.811901411703E1,4.378436998982E0,2.318263539527E0));
#2449=DIRECTION('',(-1.E0,0.E0,0.E0));
#2450=DIRECTION('',(0.E0,0.E0,1.E0));
#2451=AXIS2_PLACEMENT_3D('',#2448,#2449,#2450);
#2452=CYLINDRICAL_SURFACE('',#2451,1.285E1);
#2454=ORIENTED_EDGE('',*,*,#2453,.F.);
#2456=ORIENTED_EDGE('',*,*,#2455,.F.);
#2458=ORIENTED_EDGE('',*,*,#2457,.T.);
#2459=ORIENTED_EDGE('',*,*,#2441,.F.);
#2460=EDGE_LOOP('',(#2454,#2456,#2458,#2459));
#2461=FACE_OUTER_BOUND('',#2460,.F.);
#2462=ADVANCED_FACE('',(#2461),#2452,.F.);
#2463=CARTESIAN_POINT('',(-1.811901411703E1,4.378436998982E0,2.318263539527E0));
#2464=DIRECTION('',(-1.E0,0.E0,0.E0));
#2465=DIRECTION('',(0.E0,0.E0,1.E0));
#2466=AXIS2_PLACEMENT_3D('',#2463,#2464,#2465);
#2467=CYLINDRICAL_SURFACE('',#2466,1.285E1);
#2468=ORIENTED_EDGE('',*,*,#2428,.F.);
#2469=ORIENTED_EDGE('',*,*,#2457,.F.);
#2471=ORIENTED_EDGE('',*,*,#2470,.F.);
#2472=ORIENTED_EDGE('',*,*,#2453,.T.);
#2473=EDGE_LOOP('',(#2468,#2469,#2471,#2472));
#2474=FACE_OUTER_BOUND('',#2473,.F.);
#2475=ADVANCED_FACE('',(#2474),#2467,.F.);
#2476=CARTESIAN_POINT('',(-9.748830561936E0,4.378436998982E0,
-1.053173646047E1));
#2477=DIRECTION('',(-1.E0,0.E0,0.E0));
#2478=DIRECTION('',(0.E0,0.E0,1.E0));
#2479=AXIS2_PLACEMENT_3D('',#2476,#2477,#2478);
#2480=PLANE('',#2479);
#2481=ORIENTED_EDGE('',*,*,#2455,.T.);
#2482=ORIENTED_EDGE('',*,*,#2470,.T.);
#2483=EDGE_LOOP('',(#2481,#2482));
#2484=FACE_OUTER_BOUND('',#2483,.F.);
#2486=ORIENTED_EDGE('',*,*,#2485,.T.);
#2488=ORIENTED_EDGE('',*,*,#2487,.T.);
#2489=EDGE_LOOP('',(#2486,#2488));
#2490=FACE_BOUND('',#2489,.F.);
#2491=ADVANCED_FACE('',(#2484,#2490),#2480,.F.);
#2492=CARTESIAN_POINT('',(-2.895298472417E1,4.378436998982E0,2.318263539527E0));
#2493=DIRECTION('',(-1.E0,0.E0,0.E0));
#2494=DIRECTION('',(0.E0,0.E0,1.E0));
#2495=AXIS2_PLACEMENT_3D('',#2492,#2493,#2494);
#2496=CYLINDRICAL_SURFACE('',#2495,1.25E1);
#2497=ORIENTED_EDGE('',*,*,#2485,.F.);
#2499=ORIENTED_EDGE('',*,*,#2498,.T.);
#2501=ORIENTED_EDGE('',*,*,#2500,.F.);
#2503=ORIENTED_EDGE('',*,*,#2502,.F.);
#2504=EDGE_LOOP('',(#2497,#2499,#2501,#2503));
#2505=FACE_OUTER_BOUND('',#2504,.F.);
#2506=ADVANCED_FACE('',(#2505),#2496,.T.);
#2507=CARTESIAN_POINT('',(-2.895298472417E1,4.378436998982E0,2.318263539527E0));
#2508=DIRECTION('',(-1.E0,0.E0,0.E0));
#2509=DIRECTION('',(0.E0,0.E0,1.E0));
#2510=AXIS2_PLACEMENT_3D('',#2507,#2508,#2509);
#2511=CYLINDRICAL_SURFACE('',#2510,1.25E1);
#2512=ORIENTED_EDGE('',*,*,#2487,.F.);
#2513=ORIENTED_EDGE('',*,*,#2502,.T.);
#2515=ORIENTED_EDGE('',*,*,#2514,.F.);
#2516=ORIENTED_EDGE('',*,*,#2498,.F.);
#2517=EDGE_LOOP('',(#2512,#2513,#2515,#2516));
#2518=FACE_OUTER_BOUND('',#2517,.F.);
#2519=ADVANCED_FACE('',(#2518),#2511,.T.);
#2520=CARTESIAN_POINT('',(-9.048830561936E0,4.378436998982E0,2.318263539527E0));
#2521=DIRECTION('',(-1.E0,0.E0,0.E0));
#2522=DIRECTION('',(0.E0,0.E0,1.E0));
#2523=AXIS2_PLACEMENT_3D('',#2520,#2521,#2522);
#2524=TOROIDAL_SURFACE('',#2523,1.205E1,4.5E-1);
#2526=ORIENTED_EDGE('',*,*,#2525,.F.);
#2527=ORIENTED_EDGE('',*,*,#2514,.T.);
#2529=ORIENTED_EDGE('',*,*,#2528,.T.);
#2531=ORIENTED_EDGE('',*,*,#2530,.T.);
#2532=EDGE_LOOP('',(#2526,#2527,#2529,#2531));
#2533=FACE_OUTER_BOUND('',#2532,.F.);
#2534=ADVANCED_FACE('',(#2533),#2524,.T.);
#2535=CARTESIAN_POINT('',(-9.048830561936E0,4.378436998982E0,2.318263539527E0));
#2536=DIRECTION('',(-1.E0,0.E0,0.E0));
#2537=DIRECTION('',(0.E0,0.E0,1.E0));
#2538=AXIS2_PLACEMENT_3D('',#2535,#2536,#2537);
#2539=TOROIDAL_SURFACE('',#2538,1.205E1,4.5E-1);
#2541=ORIENTED_EDGE('',*,*,#2540,.T.);
#2542=ORIENTED_EDGE('',*,*,#2528,.F.);
#2543=ORIENTED_EDGE('',*,*,#2500,.T.);
#2544=ORIENTED_EDGE('',*,*,#2525,.T.);
#2545=EDGE_LOOP('',(#2541,#2542,#2543,#2544));
#2546=FACE_OUTER_BOUND('',#2545,.F.);
#2547=ADVANCED_FACE('',(#2546),#2539,.T.);
#2548=CARTESIAN_POINT('',(-8.815497228601E0,4.378436998982E0,2.318263539527E0));
#2549=DIRECTION('',(-1.E0,0.E0,0.E0));
#2550=DIRECTION('',(0.E0,0.E0,1.E0));
#2551=AXIS2_PLACEMENT_3D('',#2548,#2549,#2550);
#2552=CONICAL_SURFACE('',#2551,1.178912540263E1,4.818968510422E1);
#2554=ORIENTED_EDGE('',*,*,#2553,.F.);
#2556=ORIENTED_EDGE('',*,*,#2555,.F.);
#2558=ORIENTED_EDGE('',*,*,#2557,.T.);
#2559=ORIENTED_EDGE('',*,*,#2540,.F.);
#2560=EDGE_LOOP('',(#2554,#2556,#2558,#2559));
#2561=FACE_OUTER_BOUND('',#2560,.F.);
#2562=ADVANCED_FACE('',(#2561),#2552,.F.);
#2563=CARTESIAN_POINT('',(-8.815497228601E0,4.378436998982E0,2.318263539527E0));
#2564=DIRECTION('',(-1.E0,0.E0,0.E0));
#2565=DIRECTION('',(0.E0,0.E0,1.E0));
#2566=AXIS2_PLACEMENT_3D('',#2563,#2564,#2565);
#2567=CONICAL_SURFACE('',#2566,1.178912540263E1,4.818968510422E1);
#2568=ORIENTED_EDGE('',*,*,#2530,.F.);
#2569=ORIENTED_EDGE('',*,*,#2557,.F.);
#2571=ORIENTED_EDGE('',*,*,#2570,.F.);
#2572=ORIENTED_EDGE('',*,*,#2553,.T.);
#2573=EDGE_LOOP('',(#2568,#2569,#2571,#2572));
#2574=FACE_OUTER_BOUND('',#2573,.F.);
#2575=ADVANCED_FACE('',(#2574),#2567,.F.);
#2576=CARTESIAN_POINT('',(-9.048830561936E0,4.378436998982E0,2.318263539527E0));
#2577=DIRECTION('',(-1.E0,0.E0,0.E0));
#2578=DIRECTION('',(0.E0,0.E0,1.E0));
#2579=AXIS2_PLACEMENT_3D('',#2576,#2577,#2578);
#2580=TOROIDAL_SURFACE('',#2579,1.205E1,2.5E-1);
#2581=ORIENTED_EDGE('',*,*,#2570,.T.);
#2583=ORIENTED_EDGE('',*,*,#2582,.F.);
#2585=ORIENTED_EDGE('',*,*,#2584,.T.);
#2587=ORIENTED_EDGE('',*,*,#2586,.T.);
#2588=EDGE_LOOP('',(#2581,#2583,#2585,#2587));
#2589=FACE_OUTER_BOUND('',#2588,.F.);
#2590=ADVANCED_FACE('',(#2589),#2580,.F.);
#2591=CARTESIAN_POINT('',(-9.048830561936E0,4.378436998982E0,2.318263539527E0));
#2592=DIRECTION('',(-1.E0,0.E0,0.E0));
#2593=DIRECTION('',(0.E0,0.E0,1.E0));
#2594=AXIS2_PLACEMENT_3D('',#2591,#2592,#2593);
#2595=TOROIDAL_SURFACE('',#2594,1.205E1,2.5E-1);
#2596=ORIENTED_EDGE('',*,*,#2586,.F.);
#2598=ORIENTED_EDGE('',*,*,#2597,.T.);
#2599=ORIENTED_EDGE('',*,*,#2582,.T.);
#2600=ORIENTED_EDGE('',*,*,#2555,.T.);
#2601=EDGE_LOOP('',(#2596,#2598,#2599,#2600));
#2602=FACE_OUTER_BOUND('',#2601,.F.);
#2603=ADVANCED_FACE('',(#2602),#2595,.F.);
#2604=CARTESIAN_POINT('',(-2.895298472417E1,4.378436998982E0,2.318263539527E0));
#2605=DIRECTION('',(-1.E0,0.E0,0.E0));
#2606=DIRECTION('',(0.E0,0.E0,1.E0));
#2607=AXIS2_PLACEMENT_3D('',#2604,#2605,#2606);
#2608=CYLINDRICAL_SURFACE('',#2607,1.23E1);
#2610=ORIENTED_EDGE('',*,*,#2609,.F.);
#2612=ORIENTED_EDGE('',*,*,#2611,.F.);
#2614=ORIENTED_EDGE('',*,*,#2613,.T.);
#2615=ORIENTED_EDGE('',*,*,#2597,.F.);
#2616=EDGE_LOOP('',(#2610,#2612,#2614,#2615));
#2617=FACE_OUTER_BOUND('',#2616,.F.);
#2618=ADVANCED_FACE('',(#2617),#2608,.F.);
#2619=CARTESIAN_POINT('',(-2.895298472417E1,4.378436998982E0,2.318263539527E0));
#2620=DIRECTION('',(-1.E0,0.E0,0.E0));
#2621=DIRECTION('',(0.E0,0.E0,1.E0));
#2622=AXIS2_PLACEMENT_3D('',#2619,#2620,#2621);
#2623=CYLINDRICAL_SURFACE('',#2622,1.23E1);
#2624=ORIENTED_EDGE('',*,*,#2584,.F.);
#2625=ORIENTED_EDGE('',*,*,#2613,.F.);
#2627=ORIENTED_EDGE('',*,*,#2626,.F.);
#2628=ORIENTED_EDGE('',*,*,#2609,.T.);
#2629=EDGE_LOOP('',(#2624,#2625,#2627,#2628));
#2630=FACE_OUTER_BOUND('',#2629,.F.);
#2631=ADVANCED_FACE('',(#2630),#2623,.F.);
#2632=CARTESIAN_POINT('',(-9.548830561936E0,4.378436998982E0,
-9.281736460473E0));
#2633=DIRECTION('',(-1.E0,0.E0,0.E0));
#2634=DIRECTION('',(0.E0,0.E0,1.E0));
#2635=AXIS2_PLACEMENT_3D('',#2632,#2633,#2634);
#2636=PLANE('',#2635);
#2637=ORIENTED_EDGE('',*,*,#2611,.T.);
#2638=ORIENTED_EDGE('',*,*,#2626,.T.);
#2639=EDGE_LOOP('',(#2637,#2638));
#2640=FACE_OUTER_BOUND('',#2639,.F.);
#2641=ORIENTED_EDGE('',*,*,#1636,.T.);
#2642=ORIENTED_EDGE('',*,*,#1619,.T.);
#2643=EDGE_LOOP('',(#2641,#2642));
#2644=FACE_BOUND('',#2643,.F.);
#2645=ADVANCED_FACE('',(#2640,#2644),#2636,.F.);
#2646=CARTESIAN_POINT('',(-1.612136688112E1,4.378436998982E0,2.318263539527E0));
#2647=DIRECTION('',(1.E0,0.E0,0.E0));
#2648=DIRECTION('',(0.E0,0.E0,-1.E0));
#2649=AXIS2_PLACEMENT_3D('',#2646,#2647,#2648);
#2650=CONICAL_SURFACE('',#2649,1.2675E1,5.5E1);
#2651=ORIENTED_EDGE('',*,*,#2242,.F.);
#2652=ORIENTED_EDGE('',*,*,#2211,.T.);
#2653=ORIENTED_EDGE('',*,*,#2239,.T.);
#2654=ORIENTED_EDGE('',*,*,#2271,.T.);
#2655=EDGE_LOOP('',(#2651,#2652,#2653,#2654));
#2656=FACE_OUTER_BOUND('',#2655,.F.);
#2657=ADVANCED_FACE('',(#2656),#2650,.F.);
#2658=CARTESIAN_POINT('',(3.755323600302E0,4.378436998982E0,2.318263539527E0));
#2659=DIRECTION('',(1.E0,0.E0,0.E0));
#2660=DIRECTION('',(0.E0,-9.242245927363E-1,-3.818493186866E-1));
#2661=AXIS2_PLACEMENT_3D('',#2658,#2659,#2660);
#2662=CYLINDRICAL_SURFACE('',#2661,1.25E1);
#2663=ORIENTED_EDGE('',*,*,#2199,.F.);
#2664=ORIENTED_EDGE('',*,*,#2182,.T.);
#2665=ORIENTED_EDGE('',*,*,#2125,.F.);
#2666=ORIENTED_EDGE('',*,*,#2179,.F.);
#2667=EDGE_LOOP('',(#2663,#2664,#2665,#2666));
#2668=FACE_OUTER_BOUND('',#2667,.F.);
#2669=ADVANCED_FACE('',(#2668),#2662,.T.);
#2670=CARTESIAN_POINT('',(-2.895298472417E1,4.378436998982E0,2.318263539527E0));
#2671=DIRECTION('',(-1.E0,0.E0,0.E0));
#2672=DIRECTION('',(0.E0,0.E0,1.E0));
#2673=AXIS2_PLACEMENT_3D('',#2670,#2671,#2672);
#2674=CYLINDRICAL_SURFACE('',#2673,8.75E0);
#2675=ORIENTED_EDGE('',*,*,#1712,.F.);
#2676=ORIENTED_EDGE('',*,*,#1693,.F.);
#2677=ORIENTED_EDGE('',*,*,#1709,.T.);
#2678=ORIENTED_EDGE('',*,*,#1729,.F.);
#2679=EDGE_LOOP('',(#2675,#2676,#2677,#2678));
#2680=FACE_OUTER_BOUND('',#2679,.F.);
#2681=ADVANCED_FACE('',(#2680),#2674,.T.);
#2682=CLOSED_SHELL('',(#1627,#1641,#1657,#1672,#1685,#1701,#1716,#1733,#1748,
#1765,#1777,#1792,#1805,#1824,#1839,#1854,#1867,#1883,#1898,#1911,#1927,#1942,
#1955,#1971,#1986,#1999,#2015,#2030,#2043,#2059,#2074,#2087,#2102,#2117,#2132,
#2146,#2159,#2171,#2186,#2203,#2218,#2231,#2246,#2261,#2275,#2291,#2306,#2319,
#2334,#2349,#2366,#2379,#2391,#2406,#2419,#2434,#2447,#2462,#2475,#2491,#2506,
#2519,#2534,#2547,#2562,#2575,#2590,#2603,#2618,#2631,#2645,#2657,#2669,#2681));
#2683=MANIFOLD_SOLID_BREP('',#2682);
#2685=DIMENSIONAL_EXPONENTS(0.E0,0.E0,0.E0,0.E0,0.E0,0.E0,0.E0);
#2687=PLANE_ANGLE_MEASURE_WITH_UNIT(PLANE_ANGLE_MEASURE(1.745329251994E-2),
#2686);
#2688=(CONVERSION_BASED_UNIT('DEGREE',#2687)NAMED_UNIT(*)PLANE_ANGLE_UNIT());
#2690=UNCERTAINTY_MEASURE_WITH_UNIT(LENGTH_MEASURE(5.E-3),#2684,'closure',
'Maximum model space distance between geometric entities at asserted connectivities');
#2691=(GEOMETRIC_REPRESENTATION_CONTEXT(3)GLOBAL_UNCERTAINTY_ASSIGNED_CONTEXT((
#2690))GLOBAL_UNIT_ASSIGNED_CONTEXT((#2684,#2688,#2689))REPRESENTATION_CONTEXT(
'ID1','3'));
#2693=APPLICATION_CONTEXT(
'CONFIGURATION CONTROLLED 3D DESIGNS OF MECHANICAL PARTS AND ASSEMBLIES');
#2694=APPLICATION_PROTOCOL_DEFINITION('international standard',
'config_control_design',1994,#2693);
#2695=DESIGN_CONTEXT('',#2693,'design');
#2696=MECHANICAL_CONTEXT('',#2693,'mechanical');
#2697=PRODUCT('6001ZZ_-_EA035','6001ZZ_-_EA035','NOT SPECIFIED',(#2696));
#2698=PRODUCT_DEFINITION_FORMATION_WITH_SPECIFIED_SOURCE('1','LAST_VERSION',
#2697,.MADE.);
#2702=PRODUCT_CATEGORY('part','');
#2703=PRODUCT_RELATED_PRODUCT_CATEGORY('detail','',(#2697));
#2704=PRODUCT_CATEGORY_RELATIONSHIP('','',#2702,#2703);
#2705=SECURITY_CLASSIFICATION_LEVEL('unclassified');
#2706=SECURITY_CLASSIFICATION('','',#2705);
#2707=CC_DESIGN_SECURITY_CLASSIFICATION(#2706,(#2698));
#2708=APPROVAL_STATUS('approved');
#2709=APPROVAL(#2708,'');
#2710=CC_DESIGN_APPROVAL(#2709,(#2706,#2698,#2699));
#2711=CALENDAR_DATE(125,19,12);
#2712=COORDINATED_UNIVERSAL_TIME_OFFSET(8,0,.AHEAD.);
#2713=LOCAL_TIME(11,46,1.E0,#2712);
#2714=DATE_AND_TIME(#2711,#2713);
#2715=APPROVAL_DATE_TIME(#2714,#2709);
#2716=DATE_TIME_ROLE('creation_date');
#2717=CC_DESIGN_DATE_AND_TIME_ASSIGNMENT(#2714,#2716,(#2699));
#2718=DATE_TIME_ROLE('classification_date');
#2719=CC_DESIGN_DATE_AND_TIME_ASSIGNMENT(#2714,#2718,(#2706));
#2720=PERSON('UNSPECIFIED','UNSPECIFIED',$,$,$,$);
#2721=ORGANIZATION('UNSPECIFIED','UNSPECIFIED','UNSPECIFIED');
#2722=PERSON_AND_ORGANIZATION(#2720,#2721);
#2723=APPROVAL_ROLE('approver');
#2724=APPROVAL_PERSON_ORGANIZATION(#2722,#2709,#2723);
#2725=PERSON_AND_ORGANIZATION_ROLE('creator');
#2726=CC_DESIGN_PERSON_AND_ORGANIZATION_ASSIGNMENT(#2722,#2725,(#2698,#2699));
#2727=PERSON_AND_ORGANIZATION_ROLE('design_supplier');
#2728=CC_DESIGN_PERSON_AND_ORGANIZATION_ASSIGNMENT(#2722,#2727,(#2698));
#2729=PERSON_AND_ORGANIZATION_ROLE('classification_officer');
#2730=CC_DESIGN_PERSON_AND_ORGANIZATION_ASSIGNMENT(#2722,#2729,(#2706));
#2731=PERSON_AND_ORGANIZATION_ROLE('design_owner');
#2732=CC_DESIGN_PERSON_AND_ORGANIZATION_ASSIGNMENT(#2722,#2731,(#2697));
#1=DRAUGHTING_PRE_DEFINED_COLOUR('black');
#2=COLOUR_RGB('',0.E0,0.E0,4.7E-1);
#3=COLOUR_RGB('',0.E0,0.E0,6.E-1);
#4=COLOUR_RGB('',0.E0,0.E0,8.E-1);
#5=COLOUR_RGB('',0.E0,2.745098039216E-2,7.019607843137E-1);
#6=COLOUR_RGB('',0.E0,3.137254901961E-2,3.411764705882E-1);
#7=COLOUR_RGB('',0.E0,2.E-1,1.E0);
#8=COLOUR_RGB('',0.E0,3.3E-1,0.E0);
#9=COLOUR_RGB('',0.E0,3.3E-1,3.3E-1);
#10=COLOUR_RGB('',0.E0,4.E-1,0.E0);
#11=COLOUR_RGB('',0.E0,4.E-1,4.E-1);
#12=COLOUR_RGB('',0.E0,4.E-1,1.E0);
#13=COLOUR_RGB('',0.E0,5.019607843137E-1,5.019607843137E-1);
#14=COLOUR_RGB('',0.E0,6.E-1,0.E0);
#15=COLOUR_RGB('',0.E0,6.E-1,6.E-1);
#16=COLOUR_RGB('',0.E0,6.E-1,1.E0);
#17=COLOUR_RGB('',0.E0,8.E-1,0.E0);
#18=COLOUR_RGB('',0.E0,8.E-1,8.E-1);
#19=COLOUR_RGB('',0.E0,8.E-1,1.E0);
#20=COLOUR_RGB('',0.E0,9.3E-1,0.E0);
#21=COLOUR_RGB('',0.E0,9.3E-1,9.3E-1);
#22=DRAUGHTING_PRE_DEFINED_COLOUR('green');
#23=COLOUR_RGB('',0.E0,1.E0,2.E-1);
#24=COLOUR_RGB('',0.E0,1.E0,4.E-1);
#25=COLOUR_RGB('',0.E0,1.E0,6.E-1);
#26=COLOUR_RGB('',0.E0,1.E0,8.E-1);
#27=DRAUGHTING_PRE_DEFINED_COLOUR('cyan');
#28=COLOUR_RGB('',3.1E-2,2.E-1,6.27E-1);
#29=COLOUR_RGB('',3.529411764706E-2,5.137254901961E-1,1.725490196078E-1);
#30=COLOUR_RGB('',6.6667E-2,5.17647E-1,6.39216E-1);
#31=COLOUR_RGB('',7.E-2,7.E-2,1.E0);
#32=COLOUR_RGB('',7.E-2,6.E-1,3.E-1);
#33=COLOUR_RGB('',8.E-2,1.E-1,1.1E-1);
#34=COLOUR_RGB('',9.803921568627E-2,9.803921568627E-2,4.392156862745E-1);
#35=COLOUR_RGB('',1.019607843137E-1,6.313725490196E-1,5.019607843137E-1);
#36=COLOUR_RGB('',1.176470588235E-1,5.647058823529E-1,1.E0);
#37=COLOUR_RGB('',1.254901960784E-1,6.980392156863E-1,6.666666666667E-1);
#38=COLOUR_RGB('',1.333333333333E-1,5.450980392157E-1,1.333333333333E-1);
#39=COLOUR_RGB('',1.450980392157E-1,3.529411764706E-2,0.E0);
#40=COLOUR_RGB('',1.686274509804E-1,1.686274509804E-1,1.803921568627E-1);
#41=COLOUR_RGB('',1.803921568627E-1,5.450980392157E-1,3.411764705882E-1);
#42=COLOUR_RGB('',1.9E-1,2.3E-1,3.1E-1);
#43=COLOUR_RGB('',1.960784313725E-1,8.039215686275E-1,1.960784313725E-1);
#44=COLOUR_RGB('',2.E-1,1.E0,0.E0);
#45=COLOUR_RGB('',2.E-1,1.E0,2.E-1);
#46=COLOUR_RGB('',2.E-1,1.E0,1.E0);
#47=COLOUR_RGB('',2.313725490196E-1,3.803921568627E-1,5.607843137255E-1);
#48=COLOUR_RGB('',2.352941176471E-1,7.019607843137E-1,4.431372549020E-1);
#49=COLOUR_RGB('',2.431372549020E-1,8.784313725490E-1,8.156862745098E-1);
#50=COLOUR_RGB('',2.470588235294E-1,5.921568627451E-1,6.313725490196E-1);
#51=COLOUR_RGB('',2.5098E-1,2.35294E-1,8.62745E-1);
#52=COLOUR_RGB('',2.549019607843E-1,4.117647058824E-1,1.E0);
#53=COLOUR_RGB('',2.58824E-1,7.80392E-1,8.86275E-1);
#54=COLOUR_RGB('',2.7E-1,0.E0,4.E-1);
#55=COLOUR_RGB('',2.7E-1,2.7E-1,0.E0);
#56=COLOUR_RGB('',2.7E-1,2.7E-1,1.E0);
#57=COLOUR_RGB('',2.745098039216E-1,5.098039215686E-1,7.058823529412E-1);
#58=COLOUR_RGB('',2.784313725490E-1,2.784313725490E-1,2.784313725490E-1);
#59=COLOUR_RGB('',2.823529411765E-1,2.392156862745E-1,5.450980392157E-1);
#60=COLOUR_RGB('',3.13725E-1,4.70588E-1,1.96078E-1);
#61=COLOUR_RGB('',3.2549E-1,4.98039E-1,9.84314E-1);
#62=COLOUR_RGB('',3.254901960784E-1,5.764705882353E-1,8.117647058824E-1);
#63=COLOUR_RGB('',3.3E-1,0.E0,0.E0);
#64=COLOUR_RGB('',3.3E-1,0.E0,3.3E-1);
#65=COLOUR_RGB('',3.3E-1,0.E0,5.3E-1);
#66=COLOUR_RGB('',3.450980392157E-1,3.647058823529E-1,3.725490196078E-1);
#67=COLOUR_RGB('',3.725490196078E-1,6.196078431373E-1,6.274509803922E-1);
#68=COLOUR_RGB('',3.803921568627E-1,4.392156862745E-1,5.960784313725E-1);
#69=COLOUR_RGB('',3.882352941176E-1,4.392156862745E-1,4.901960784314E-1);
#70=COLOUR_RGB('',3.921568627451E-1,5.843137254902E-1,9.294117647059E-1);
#71=COLOUR_RGB('',3.96078E-1,7.13725E-1,1.E0);
#72=COLOUR_RGB('',4.E-1,0.E0,4.E-1);
#73=COLOUR_RGB('',4.E-1,0.E0,6.7E-1);
#74=COLOUR_RGB('',4.E-1,1.3E-1,0.E0);
#75=COLOUR_RGB('',4.E-1,4.E-1,0.E0);
#76=COLOUR_RGB('',4.E-1,4.E-1,1.E0);
#77=COLOUR_RGB('',4.E-1,8.039215686275E-1,6.666666666667E-1);
#78=COLOUR_RGB('',4.E-1,1.E0,0.E0);
#79=COLOUR_RGB('',4.E-1,1.E0,4.E-1);
#80=COLOUR_RGB('',4.E-1,1.E0,1.E0);
#81=COLOUR_RGB('',4.156862745098E-1,3.529411764706E-1,8.039215686275E-1);
#82=COLOUR_RGB('',4.196078431373E-1,5.568627450980E-1,1.372549019608E-1);
#83=COLOUR_RGB('',4.666666666667E-1,5.333333333333E-1,6.E-1);
#84=COLOUR_RGB('',4.7E-1,0.E0,0.E0);
#85=COLOUR_RGB('',4.7E-1,0.E0,8.E-1);
#86=COLOUR_RGB('',4.7E-1,2.E-1,7.E-2);
#87=COLOUR_RGB('',4.823529411765E-1,4.078431372549E-1,9.333333333333E-1);
#88=COLOUR_RGB('',4.980392156863E-1,1.E0,8.313725490196E-1);
#89=COLOUR_RGB('',5.019607843137E-1,0.E0,5.019607843137E-1);
#90=COLOUR_RGB('',5.019607843137E-1,5.019607843137E-1,0.E0);
#91=COLOUR_RGB('',5.01961E-1,5.01961E-1,5.01961E-1);
#92=COLOUR_RGB('',5.098039215686E-1,3.960784313725E-1,1.058823529412E-1);
#93=COLOUR_RGB('',5.3E-1,0.E0,9.3E-1);
#94=COLOUR_RGB('',5.3E-1,2.7E-1,1.3E-1);
#95=COLOUR_RGB('',5.3E-1,5.3E-1,1.E0);
#96=COLOUR_RGB('',5.294117647059E-1,8.078431372549E-1,9.215686274510E-1);
#97=COLOUR_RGB('',5.411764705882E-1,1.686274509804E-1,8.862745098039E-1);
#98=COLOUR_RGB('',5.5E-1,6.5E-1,7.3E-1);
#99=COLOUR_RGB('',5.607843137255E-1,7.372549019608E-1,5.607843137255E-1);
#100=COLOUR_RGB('',5.68627E-1,9.37255E-1,9.37255E-1);
#101=COLOUR_RGB('',5.725490196078E-1,6.117647058824E-1,6.313725490196E-1);
#102=COLOUR_RGB('',5.764705882353E-1,4.392156862745E-1,8.588235294118E-1);
#103=COLOUR_RGB('',5.803921568627E-1,0.E0,8.274509803922E-1);
#104=COLOUR_RGB('',5.88235E-1,2.35294E-1,1.56863E-1);
#105=COLOUR_RGB('',6.E-1,0.E0,6.E-1);
#106=COLOUR_RGB('',6.E-1,1.960784313725E-1,8.E-1);
#107=COLOUR_RGB('',6.E-1,2.E-1,1.E0);
#108=COLOUR_RGB('',6.E-1,3.3E-1,2.E-1);
#109=COLOUR_RGB('',6.E-1,6.E-1,0.E0);
#110=COLOUR_RGB('',6.E-1,1.E0,6.E-1);
#111=COLOUR_RGB('',6.E-1,1.E0,1.E0);
#112=COLOUR_RGB('',6.27451E-1,4.70588E-1,3.52941E-1);
#113=COLOUR_RGB('',6.627450980392E-1,6.627450980392E-1,6.627450980392E-1);
#114=COLOUR_RGB('',6.66667E-1,8.23529E-1,1.96078E-1);
#115=COLOUR_RGB('',6.66667E-1,8.23529E-1,5.88235E-1);
#116=COLOUR_RGB('',6.7E-1,0.E0,0.E0);
#117=COLOUR_RGB('',6.7E-1,4.E-1,2.7E-1);
#118=COLOUR_RGB('',6.7E-1,4.E-1,1.E0);
#119=COLOUR_RGB('',6.7E-1,6.7E-1,1.E0);
#120=COLOUR_RGB('',6.7E-1,1.E0,0.E0);
#121=COLOUR_RGB('',6.784313725490E-1,8.117647058824E-1,1.E0);
#122=COLOUR_RGB('',6.784313725490E-1,8.470588235294E-1,9.019607843137E-1);
#123=COLOUR_RGB('',6.784313725490E-1,1.E0,1.843137254902E-1);
#124=COLOUR_RGB('',6.862745098039E-1,6.823529411765E-1,7.607843137255E-1);
#125=COLOUR_RGB('',6.980392156863E-1,1.333333333333E-1,1.333333333333E-1);
#126=COLOUR_RGB('',7.17647E-1,1.68627E-1,4.43137E-1);
#127=COLOUR_RGB('',7.215686274510E-1,5.254901960784E-1,4.313725490196E-2);
#128=COLOUR_RGB('',7.294117647059E-1,2.705882352941E-1,1.E0);
#129=COLOUR_RGB('',7.294117647059E-1,3.333333333333E-1,8.274509803922E-1);
#130=COLOUR_RGB('',7.294117647059E-1,4.E-1,0.E0);
#131=COLOUR_RGB('',7.3E-1,4.7E-1,3.3E-1);
#132=COLOUR_RGB('',7.372549019608E-1,5.607843137255E-1,5.607843137255E-1);
#133=COLOUR_RGB('',7.411764705882E-1,7.176470588235E-1,4.196078431373E-1);
#134=COLOUR_RGB('',7.803921568627E-1,8.235294117647E-2,5.215686274510E-1);
#135=COLOUR_RGB('',8.E-1,0.E0,8.E-1);
#136=COLOUR_RGB('',8.E-1,5.3E-1,4.E-1);
#137=COLOUR_RGB('',8.E-1,6.E-1,1.E0);
#138=COLOUR_RGB('',8.E-1,8.E-1,0.E0);
#139=COLOUR_RGB('',8.E-1,8.E-1,1.E0);
#140=COLOUR_RGB('',8.E-1,1.E0,8.E-1);
#141=COLOUR_RGB('',8.E-1,1.E0,1.E0);
#142=COLOUR_RGB('',8.039215686275E-1,3.607843137255E-1,3.607843137255E-1);
#143=COLOUR_RGB('',8.03922E-1,5.88235E-1,1.96078E-1);
#144=COLOUR_RGB('',8.196078431373E-1,7.098039215686E-1,5.490196078431E-2);
#145=COLOUR_RGB('',8.235294117647E-1,4.117647058824E-1,1.176470588235E-1);
#146=COLOUR_RGB('',8.235294117647E-1,7.058823529412E-1,5.490196078431E-1);
#147=COLOUR_RGB('',8.274509803922E-1,8.274509803922E-1,8.274509803922E-1);
#148=COLOUR_RGB('',8.392156862745E-1,8.E-1,7.137254901961E-1);
#149=COLOUR_RGB('',8.431372549020E-1,8.980392156863E-1,9.333333333333E-1);
#150=COLOUR_RGB('',8.549019607843E-1,6.470588235294E-1,1.254901960784E-1);
#151=COLOUR_RGB('',8.588235294118E-1,4.392156862745E-1,5.764705882353E-1);
#152=COLOUR_RGB('',8.627450980392E-1,7.843137254902E-2,2.352941176471E-1);
#153=COLOUR_RGB('',8.666666666667E-1,6.274509803922E-1,8.666666666667E-1);
#154=COLOUR_RGB('',8.7E-1,0.E0,0.E0);
#155=COLOUR_RGB('',8.7E-1,6.E-1,4.7E-1);
#156=COLOUR_RGB('',8.98039E-1,6.07843E-1,1.E0);
#157=COLOUR_RGB('',9.E-1,8.3E-1,1.2E-1);
#158=COLOUR_RGB('',9.09804E-1,3.68627E-1,8.19608E-1);
#159=COLOUR_RGB('',9.3E-1,0.E0,9.3E-1);
#160=COLOUR_RGB('',9.3E-1,6.7E-1,5.3E-1);
#161=COLOUR_RGB('',9.3E-1,8.E-1,1.E0);
#162=COLOUR_RGB('',9.3E-1,9.3E-1,0.E0);
#163=COLOUR_RGB('',9.3E-1,1.E0,9.3E-1);
#164=COLOUR_RGB('',9.3E-1,1.E0,1.E0);
#165=COLOUR_RGB('',9.333333333333E-1,5.098039215686E-1,9.333333333333E-1);
#166=COLOUR_RGB('',9.333333333333E-1,9.098039215686E-1,6.666666666667E-1);
#167=COLOUR_RGB('',9.411764705882E-1,9.019607843137E-1,5.490196078431E-1);
#168=COLOUR_RGB('',9.568627450980E-1,6.431372549020E-1,3.764705882353E-1);
#169=DRAUGHTING_PRE_DEFINED_COLOUR('red');
#170=COLOUR_RGB('',1.E0,0.E0,2.705882352941E-1);
#171=COLOUR_RGB('',1.E0,0.E0,4.705882352941E-1);
#172=COLOUR_RGB('',1.E0,0.E0,7.803921568627E-1);
#173=DRAUGHTING_PRE_DEFINED_COLOUR('magenta');
#174=COLOUR_RGB('',1.E0,3.1E-2,3.1E-2);
#175=COLOUR_RGB('',1.E0,7.E-2,7.E-2);
#176=COLOUR_RGB('',1.E0,7.843137254902E-2,5.764705882353E-1);
#177=COLOUR_RGB('',1.E0,2.E-1,1.E0);
#178=COLOUR_RGB('',1.E0,2.7E-1,0.E0);
#179=COLOUR_RGB('',1.E0,2.7E-1,2.7E-1);
#180=COLOUR_RGB('',1.E0,3.882352941176E-1,2.784313725490E-1);
#181=COLOUR_RGB('',1.E0,4.E-1,1.E0);
#182=COLOUR_RGB('',1.E0,4.117647058824E-1,7.058823529412E-1);
#183=COLOUR_RGB('',1.E0,4.7E-1,0.E0);
#184=COLOUR_RGB('',1.E0,4.7E-1,4.7E-1);
#185=COLOUR_RGB('',1.E0,4.980392156863E-1,3.137254901961E-1);
#186=COLOUR_RGB('',1.E0,6.E-1,1.E0);
#187=COLOUR_RGB('',1.E0,6.7E-1,0.E0);
#188=COLOUR_RGB('',1.E0,6.7E-1,6.7E-1);
#189=COLOUR_RGB('',1.E0,7.3E-1,6.E-1);
#190=COLOUR_RGB('',1.E0,7.686274509804E-1,5.882352941176E-2);
#191=COLOUR_RGB('',1.E0,8.E-1,8.E-1);
#192=COLOUR_RGB('',1.E0,8.E-1,1.E0);
#193=COLOUR_RGB('',1.E0,8.7E-1,0.E0);
#194=COLOUR_RGB('',1.E0,9.215686274510E-1,8.039215686275E-1);
#195=COLOUR_RGB('',1.E0,9.3E-1,9.3E-1);
#196=COLOUR_RGB('',1.E0,9.3E-1,1.E0);
#197=DRAUGHTING_PRE_DEFINED_COLOUR('yellow');
#198=COLOUR_RGB('',1.E0,1.E0,1.3E-1);
#199=COLOUR_RGB('',1.E0,1.E0,3.3E-1);
#200=COLOUR_RGB('',1.E0,1.E0,5.3E-1);
#201=COLOUR_RGB('',1.E0,1.E0,7.3E-1);
#202=COLOUR_RGB('',1.E0,1.E0,9.3E-1);
#203=DRAUGHTING_PRE_DEFINED_COLOUR('white');
#208=CIRCLE('',#207,8.4E0);
#213=CIRCLE('',#212,1.E-1);
#218=CIRCLE('',#217,8.3E0);
#223=CIRCLE('',#222,8.3E0);
#228=CIRCLE('',#227,6.3E0);
#233=CIRCLE('',#232,6.3E0);
#238=CIRCLE('',#237,8.4E0);
#243=CIRCLE('',#242,1.E-1);
#256=CIRCLE('',#255,8.4E0);
#261=CIRCLE('',#260,2.49E0);
#266=CIRCLE('',#265,2.49E0);
#271=CIRCLE('',#270,8.4E0);
#276=CIRCLE('',#275,7.6185E0);
#281=CIRCLE('',#280,2.49E0);
#286=CIRCLE('',#285,8.4E0);
#291=CIRCLE('',#290,7.6185E0);
#304=CIRCLE('',#303,8.4E0);
#309=CIRCLE('',#308,1.E-1);
#314=CIRCLE('',#313,8.3E0);
#319=CIRCLE('',#318,8.3E0);
#324=CIRCLE('',#323,6.3E0);
#329=CIRCLE('',#328,6.3E0);
#334=CIRCLE('',#333,8.4E0);
#339=CIRCLE('',#338,1.E-1);
#344=CIRCLE('',#343,6.E0);
#349=CIRCLE('',#348,3.E-1);
#362=CIRCLE('',#361,3.E-1);
#367=CIRCLE('',#366,6.E0);
#372=CIRCLE('',#371,6.E0);
#377=CIRCLE('',#376,3.E-1);
#382=CIRCLE('',#381,3.E-1);
#387=CIRCLE('',#386,6.E0);
#392=CIRCLE('',#391,8.4E0);
#397=CIRCLE('',#396,2.49E0);
#447=EDGE_CURVE('',#425,#424,#223,.T.);
#449=EDGE_CURVE('',#429,#425,#243,.T.);
#451=EDGE_CURVE('',#429,#427,#208,.T.);
#453=EDGE_CURVE('',#427,#424,#213,.T.);
#463=EDGE_CURVE('',#424,#425,#218,.T.);
#468=EDGE_CURVE('',#419,#421,#228,.T.);
#470=EDGE_CURVE('',#421,#419,#233,.T.);
#481=EDGE_CURVE('',#427,#429,#238,.T.);
#493=EDGE_CURVE('',#433,#427,#251,.T.);
#495=EDGE_CURVE('',#431,#433,#392,.T.);
#497=EDGE_CURVE('',#431,#429,#247,.T.);
#510=EDGE_CURVE('',#433,#431,#256,.T.);
#521=EDGE_CURVE('',#437,#436,#276,.T.);
#523=EDGE_CURVE('',#433,#437,#397,.T.);
#526=EDGE_CURVE('',#431,#436,#261,.T.);
#536=EDGE_CURVE('',#436,#441,#266,.T.);
#538=EDGE_CURVE('',#441,#439,#271,.T.);
#540=EDGE_CURVE('',#437,#439,#281,.T.);
#552=EDGE_CURVE('',#439,#441,#286,.T.);
#555=EDGE_CURVE('',#436,#437,#291,.T.);
#565=EDGE_CURVE('',#403,#439,#299,.T.);
#567=EDGE_CURVE('',#400,#403,#334,.T.);
#569=EDGE_CURVE('',#400,#441,#295,.T.);
#582=EDGE_CURVE('',#403,#400,#304,.T.);
#593=EDGE_CURVE('',#405,#401,#319,.T.);
#595=EDGE_CURVE('',#403,#405,#339,.T.);
#598=EDGE_CURVE('',#400,#401,#309,.T.);
#608=EDGE_CURVE('',#401,#405,#314,.T.);
#613=EDGE_CURVE('',#408,#409,#324,.T.);
#615=EDGE_CURVE('',#409,#408,#329,.T.);
#637=EDGE_CURVE('',#412,#413,#344,.T.);
#639=EDGE_CURVE('',#409,#413,#382,.T.);
#642=EDGE_CURVE('',#408,#412,#349,.T.);
#652=EDGE_CURVE('',#413,#415,#357,.T.);
#655=EDGE_CURVE('',#412,#417,#353,.T.);
#657=EDGE_CURVE('',#415,#417,#372,.T.);
#667=EDGE_CURVE('',#417,#415,#367,.T.);
#670=EDGE_CURVE('',#413,#412,#387,.T.);
#681=EDGE_CURVE('',#419,#415,#377,.T.);
#684=EDGE_CURVE('',#421,#417,#362,.T.);
#740=CIRCLE('',#739,1.105584219850E1);
#745=CIRCLE('',#744,1.105584219850E1);
#750=CIRCLE('',#749,8.55E0);
#755=CIRCLE('',#754,8.55E0);
#768=CIRCLE('',#767,8.75E0);
#773=CIRCLE('',#772,8.75E0);
#778=CIRCLE('',#777,8.55E0);
#783=CIRCLE('',#782,8.55E0);
#792=CIRCLE('',#791,1.094999999999E1);
#797=CIRCLE('',#796,1.094999999999E1);
#802=CIRCLE('',#801,8.75E0);
#807=CIRCLE('',#806,8.75E0);
#816=CIRCLE('',#815,1.149415780150E1);
#821=CIRCLE('',#820,1.149415780150E1);
#826=CIRCLE('',#825,1.115E1);
#831=CIRCLE('',#830,1.115E1);
#848=CIRCLE('',#847,1.115E1);
#853=CIRCLE('',#852,1.115E1);
#858=CIRCLE('',#857,2.57E0);
#863=CIRCLE('',#862,2.57E0);
#868=CIRCLE('',#867,1.115E1);
#873=CIRCLE('',#872,2.57E0);
#878=CIRCLE('',#877,2.57E0);
#883=CIRCLE('',#882,1.115E1);
#896=CIRCLE('',#895,1.149415780150E1);
#901=CIRCLE('',#900,1.149415780150E1);
#906=CIRCLE('',#905,1.115E1);
#911=CIRCLE('',#910,1.115E1);
#924=CIRCLE('',#923,1.095E1);
#929=CIRCLE('',#928,1.095E1);
#934=CIRCLE('',#933,8.75E0);
#939=CIRCLE('',#938,8.75E0);
#952=CIRCLE('',#951,8.75E0);
#957=CIRCLE('',#956,8.75E0);
#962=CIRCLE('',#961,8.55E0);
#967=CIRCLE('',#966,8.55E0);
#980=CIRCLE('',#979,1.105584219850E1);
#985=CIRCLE('',#984,1.105584219850E1);
#990=CIRCLE('',#989,8.55E0);
#995=CIRCLE('',#994,8.55E0);
#1008=CIRCLE('',#1007,1.23E1);
#1013=CIRCLE('',#1012,1.23E1);
#1018=CIRCLE('',#1017,1.16E1);
#1023=CIRCLE('',#1022,1.16E1);
#1036=CIRCLE('',#1035,1.186366100188E1);
#1041=CIRCLE('',#1040,1.23E1);
#1046=CIRCLE('',#1045,2.5E-1);
#1055=CIRCLE('',#1054,1.25E1);
#1060=CIRCLE('',#1059,4.5E-1);
#1065=CIRCLE('',#1064,1.171458980338E1);
#1070=CIRCLE('',#1069,1.171458980338E1);
#1075=CIRCLE('',#1074,1.25E1);
#1080=CIRCLE('',#1079,4.5E-1);
#1089=CIRCLE('',#1088,1.23E1);
#1094=CIRCLE('',#1093,2.5E-1);
#1099=CIRCLE('',#1098,1.186366100188E1);
#1108=CIRCLE('',#1107,1.285E1);
#1113=CIRCLE('',#1112,1.285E1);
#1118=CIRCLE('',#1117,1.25E1);
#1123=CIRCLE('',#1122,1.25E1);
#1136=CIRCLE('',#1135,1.25E1);
#1141=CIRCLE('',#1140,1.285E1);
#1158=CIRCLE('',#1157,1.37E1);
#1163=CIRCLE('',#1162,1.37E1);
#1168=CIRCLE('',#1167,1.25E1);
#1173=CIRCLE('',#1172,1.25E1);
#1178=CIRCLE('',#1177,1.4E1);
#1183=CIRCLE('',#1182,3.E-1);
#1188=CIRCLE('',#1187,1.4E1);
#1193=CIRCLE('',#1192,3.E-1);
#1202=CIRCLE('',#1201,1.4E1);
#1207=CIRCLE('',#1206,3.E-1);
#1212=CIRCLE('',#1211,1.37E1);
#1217=CIRCLE('',#1216,1.37E1);
#1222=CIRCLE('',#1221,1.25E1);
#1227=CIRCLE('',#1226,1.25E1);
#1232=CIRCLE('',#1231,1.4E1);
#1237=CIRCLE('',#1236,3.E-1);
#1254=CIRCLE('',#1253,1.25E1);
#1259=CIRCLE('',#1258,1.285E1);
#1268=CIRCLE('',#1267,1.285E1);
#1277=CIRCLE('',#1276,1.25E1);
#1290=CIRCLE('',#1289,1.285E1);
#1295=CIRCLE('',#1294,1.285E1);
#1300=CIRCLE('',#1299,1.25E1);
#1305=CIRCLE('',#1304,1.25E1);
#1318=CIRCLE('',#1317,1.25E1);
#1323=CIRCLE('',#1322,4.5E-1);
#1328=CIRCLE('',#1327,1.171458980338E1);
#1333=CIRCLE('',#1332,1.171458980338E1);
#1338=CIRCLE('',#1337,1.25E1);
#1343=CIRCLE('',#1342,4.5E-1);
#1356=CIRCLE('',#1355,1.186366100188E1);
#1361=CIRCLE('',#1360,1.23E1);
#1366=CIRCLE('',#1365,2.5E-1);
#1371=CIRCLE('',#1370,1.23E1);
#1376=CIRCLE('',#1375,2.5E-1);
#1381=CIRCLE('',#1380,1.186366100188E1);
#1394=CIRCLE('',#1393,1.23E1);
#1399=CIRCLE('',#1398,1.23E1);
#1404=CIRCLE('',#1403,1.160000000001E1);
#1409=CIRCLE('',#1408,1.160000000001E1);
#1414=CIRCLE('',#1413,1.285E1);
#1423=CIRCLE('',#1422,1.25E1);
#1617=EDGE_CURVE('',#1583,#1579,#735,.T.);
#1619=EDGE_CURVE('',#1581,#1583,#1409,.T.);
#1621=EDGE_CURVE('',#1581,#1578,#731,.T.);
#1623=EDGE_CURVE('',#1579,#1578,#745,.T.);
#1633=EDGE_CURVE('',#1578,#1579,#740,.T.);
#1636=EDGE_CURVE('',#1583,#1581,#1404,.T.);
#1651=EDGE_CURVE('',#1573,#1575,#750,.T.);
#1653=EDGE_CURVE('',#1575,#1573,#755,.T.);
#1663=EDGE_CURVE('',#1571,#1573,#763,.T.);
#1665=EDGE_CURVE('',#1570,#1571,#778,.T.);
#1667=EDGE_CURVE('',#1570,#1575,#759,.T.);
#1680=EDGE_CURVE('',#1571,#1570,#783,.T.);
#1691=EDGE_CURVE('',#1567,#1565,#768,.T.);
#1693=EDGE_CURVE('',#1565,#1567,#773,.T.);
#1707=EDGE_CURVE('',#1562,#1563,#802,.T.);
#1709=EDGE_CURVE('',#1565,#1562,#1431,.T.);
#1712=EDGE_CURVE('',#1567,#1563,#787,.T.);
#1722=EDGE_CURVE('',#1557,#1559,#792,.T.);
#1724=EDGE_CURVE('',#1559,#1557,#797,.T.);
#1729=EDGE_CURVE('',#1563,#1562,#807,.T.);
#1739=EDGE_CURVE('',#1555,#1554,#821,.T.);
#1741=EDGE_CURVE('',#1555,#1559,#811,.T.);
#1744=EDGE_CURVE('',#1554,#1557,#835,.T.);
#1754=EDGE_CURVE('',#1554,#1555,#816,.T.);
#1759=EDGE_CURVE('',#1551,#1550,#826,.T.);
#1761=EDGE_CURVE('',#1550,#1551,#831,.T.);
#1783=EDGE_CURVE('',#1542,#1551,#843,.T.);
#1785=EDGE_CURVE('',#1543,#1542,#883,.T.);
#1787=EDGE_CURVE('',#1543,#1550,#839,.T.);
#1800=EDGE_CURVE('',#1542,#1543,#848,.T.);
#1812=EDGE_CURVE('',#1545,#1543,#878,.T.);
#1814=EDGE_CURVE('',#1539,#1545,#873,.T.);
#1816=EDGE_CURVE('',#1539,#1537,#853,.T.);
#1818=EDGE_CURVE('',#1547,#1537,#863,.T.);
#1820=EDGE_CURVE('',#1542,#1547,#858,.T.);
#1832=EDGE_CURVE('',#1537,#1539,#868,.T.);
#1845=EDGE_CURVE('',#1535,#1537,#891,.T.);
#1847=EDGE_CURVE('',#1534,#1535,#906,.T.);
#1849=EDGE_CURVE('',#1534,#1539,#887,.T.);
#1862=EDGE_CURVE('',#1535,#1534,#911,.T.);
#1873=EDGE_CURVE('',#1531,#1530,#896,.T.);
#1875=EDGE_CURVE('',#1530,#1531,#901,.T.);
#1890=EDGE_CURVE('',#1531,#1526,#915,.T.);
#1892=EDGE_CURVE('',#1527,#1526,#929,.T.);
#1894=EDGE_CURVE('',#1530,#1527,#919,.T.);
#1906=EDGE_CURVE('',#1526,#1527,#924,.T.);
#1921=EDGE_CURVE('',#1522,#1523,#934,.T.);
#1923=EDGE_CURVE('',#1523,#1522,#939,.T.);
#1934=EDGE_CURVE('',#1519,#1522,#947,.T.);
#1936=EDGE_CURVE('',#1518,#1519,#952,.T.);
#1938=EDGE_CURVE('',#1518,#1523,#943,.T.);
#1949=EDGE_CURVE('',#1519,#1518,#957,.T.);
#1965=EDGE_CURVE('',#1515,#1513,#962,.T.);
#1967=EDGE_CURVE('',#1513,#1515,#967,.T.);
#1977=EDGE_CURVE('',#1513,#1510,#975,.T.);
#1980=EDGE_CURVE('',#1515,#1511,#971,.T.);
#1982=EDGE_CURVE('',#1510,#1511,#990,.T.);
#1992=EDGE_CURVE('',#1511,#1510,#995,.T.);
#2005=EDGE_CURVE('',#1506,#1507,#980,.T.);
#2007=EDGE_CURVE('',#1507,#1506,#985,.T.);
#2022=EDGE_CURVE('',#1503,#1506,#1003,.T.);
#2024=EDGE_CURVE('',#1502,#1503,#1018,.T.);
#2026=EDGE_CURVE('',#1502,#1507,#999,.T.);
#2037=EDGE_CURVE('',#1503,#1502,#1023,.T.);
#2049=EDGE_CURVE('',#1499,#1497,#1008,.T.);
#2051=EDGE_CURVE('',#1497,#1499,#1013,.T.);
#2065=EDGE_CURVE('',#1497,#1495,#1031,.T.);
#2068=EDGE_CURVE('',#1499,#1493,#1027,.T.);
#2070=EDGE_CURVE('',#1495,#1493,#1089,.T.);
#2080=EDGE_CURVE('',#1493,#1495,#1041,.T.);
#2093=EDGE_CURVE('',#1489,#1491,#1036,.T.);
#2095=EDGE_CURVE('',#1493,#1491,#1094,.T.);
#2098=EDGE_CURVE('',#1495,#1489,#1046,.T.);
#2108=EDGE_CURVE('',#1487,#1485,#1065,.T.);
#2110=EDGE_CURVE('',#1491,#1487,#1084,.T.);
#2113=EDGE_CURVE('',#1489,#1485,#1050,.T.);
#2123=EDGE_CURVE('',#1481,#1485,#1080,.T.);
#2125=EDGE_CURVE('',#1481,#1483,#1055,.T.);
#2127=EDGE_CURVE('',#1483,#1487,#1060,.T.);
#2138=EDGE_CURVE('',#1485,#1487,#1070,.T.);
#2141=EDGE_CURVE('',#1483,#1481,#1075,.T.);
#2153=EDGE_CURVE('',#1491,#1489,#1099,.T.);
#2177=EDGE_CURVE('',#1478,#1479,#1118,.T.);
#2179=EDGE_CURVE('',#1478,#1481,#1103,.T.);
#2182=EDGE_CURVE('',#1479,#1483,#1427,.T.);
#2192=EDGE_CURVE('',#1473,#1475,#1108,.T.);
#2194=EDGE_CURVE('',#1475,#1473,#1113,.T.);
#2199=EDGE_CURVE('',#1479,#1478,#1123,.T.);
#2209=EDGE_CURVE('',#1469,#1473,#1131,.T.);
#2211=EDGE_CURVE('',#1471,#1469,#1414,.T.);
#2213=EDGE_CURVE('',#1471,#1475,#1127,.T.);
#2226=EDGE_CURVE('',#1469,#1471,#1141,.T.);
#2237=EDGE_CURVE('',#1467,#1465,#1136,.T.);
#2239=EDGE_CURVE('',#1469,#1465,#1418,.T.);
#2242=EDGE_CURVE('',#1471,#1467,#1145,.T.);
#2253=EDGE_CURVE('',#1462,#1467,#1153,.T.);
#2255=EDGE_CURVE('',#1463,#1462,#1173,.T.);
#2257=EDGE_CURVE('',#1463,#1465,#1149,.T.);
#2268=EDGE_CURVE('',#1462,#1463,#1168,.T.);
#2271=EDGE_CURVE('',#1465,#1467,#1423,.T.);
#2281=EDGE_CURVE('',#1457,#1459,#1158,.T.);
#2283=EDGE_CURVE('',#1459,#1457,#1163,.T.);
#2297=EDGE_CURVE('',#1453,#1457,#1193,.T.);
#2299=EDGE_CURVE('',#1453,#1455,#1178,.T.);
#2301=EDGE_CURVE('',#1455,#1459,#1183,.T.);
#2314=EDGE_CURVE('',#1455,#1453,#1188,.T.);
#2325=EDGE_CURVE('',#1451,#1449,#1202,.T.);
#2327=EDGE_CURVE('',#1453,#1451,#1241,.T.);
#2330=EDGE_CURVE('',#1455,#1449,#1197,.T.);
#2340=EDGE_CURVE('',#1447,#1446,#1217,.T.);
#2342=EDGE_CURVE('',#1451,#1447,#1237,.T.);
#2345=EDGE_CURVE('',#1449,#1446,#1207,.T.);
#2355=EDGE_CURVE('',#1446,#1447,#1212,.T.);
#2360=EDGE_CURVE('',#1443,#1442,#1222,.T.);
#2362=EDGE_CURVE('',#1442,#1443,#1227,.T.);
#2373=EDGE_CURVE('',#1449,#1451,#1232,.T.);
#2397=EDGE_CURVE('',#1434,#1443,#1249,.T.);
#2399=EDGE_CURVE('',#1435,#1434,#1277,.T.);
#2401=EDGE_CURVE('',#1435,#1442,#1245,.T.);
#2414=EDGE_CURVE('',#1434,#1435,#1254,.T.);
#2426=EDGE_CURVE('',#1437,#1435,#1272,.T.);
#2428=EDGE_CURVE('',#1437,#1439,#1259,.T.);
#2430=EDGE_CURVE('',#1439,#1434,#1263,.T.);
#2441=EDGE_CURVE('',#1439,#1437,#1268,.T.);
#2453=EDGE_CURVE('',#1611,#1439,#1285,.T.);
#2455=EDGE_CURVE('',#1610,#1611,#1290,.T.);
#2457=EDGE_CURVE('',#1610,#1437,#1281,.T.);
#2470=EDGE_CURVE('',#1611,#1610,#1295,.T.);
#2485=EDGE_CURVE('',#1606,#1607,#1300,.T.);
#2487=EDGE_CURVE('',#1607,#1606,#1305,.T.);
#2498=EDGE_CURVE('',#1606,#1601,#1309,.T.);
#2500=EDGE_CURVE('',#1603,#1601,#1338,.T.);
#2502=EDGE_CURVE('',#1607,#1603,#1313,.T.);
#2514=EDGE_CURVE('',#1601,#1603,#1318,.T.);
#2525=EDGE_CURVE('',#1601,#1599,#1343,.T.);
#2528=EDGE_CURVE('',#1603,#1598,#1323,.T.);
#2530=EDGE_CURVE('',#1598,#1599,#1328,.T.);
#2540=EDGE_CURVE('',#1599,#1598,#1333,.T.);
#2553=EDGE_CURVE('',#1594,#1599,#1351,.T.);
#2555=EDGE_CURVE('',#1595,#1594,#1381,.T.);
#2557=EDGE_CURVE('',#1595,#1598,#1347,.T.);
#2570=EDGE_CURVE('',#1594,#1595,#1356,.T.);
#2582=EDGE_CURVE('',#1591,#1595,#1376,.T.);
#2584=EDGE_CURVE('',#1591,#1589,#1361,.T.);
#2586=EDGE_CURVE('',#1589,#1594,#1366,.T.);
#2597=EDGE_CURVE('',#1589,#1591,#1371,.T.);
#2609=EDGE_CURVE('',#1587,#1589,#1389,.T.);
#2611=EDGE_CURVE('',#1586,#1587,#1394,.T.);
#2613=EDGE_CURVE('',#1586,#1591,#1385,.T.);
#2626=EDGE_CURVE('',#1587,#1586,#1399,.T.);
#2684=(LENGTH_UNIT()NAMED_UNIT(*)SI_UNIT(.MILLI.,.METRE.));
#2686=(NAMED_UNIT(*)PLANE_ANGLE_UNIT()SI_UNIT($,.RADIAN.));
#2689=(NAMED_UNIT(*)SI_UNIT($,.STERADIAN.)SOLID_ANGLE_UNIT());
#2692=ADVANCED_BREP_SHAPE_REPRESENTATION('',(#727,#2683),#2691);
#2699=PRODUCT_DEFINITION('design','',#2698,#2695);
#2700=PRODUCT_DEFINITION_SHAPE('','SHAPE FOR 6001ZZ_-_EA035.',#2699);
#2701=SHAPE_DEFINITION_REPRESENTATION(#2700,#2692);
ENDSEC;
END-ISO-10303-21;
