ISO-10303-21;
HEADER;
FILE_DESCRIPTION((''),'2;1');
FILE_NAME('606ZZ_EA019','2025-12-19T16:15:59',('qinghui.yi'),(''),
'CREO PARAMETRIC BY PTC INC, 2019164','CREO PARAMETRIC BY PTC INC, 2019164','');
FILE_SCHEMA(('CONFIG_CONTROL_DESIGN','SHAPE_APPEARANCE_LAYERS_GROUPS'));
ENDSEC;
DATA;
#204=CARTESIAN_POINT('',(-2.4E0,0.E0,0.E0));
#205=DIRECTION('',(1.E0,0.E0,0.E0));
#206=DIRECTION('',(0.E0,0.E0,-1.E0));
#207=AXIS2_PLACEMENT_3D('',#204,#205,#206);
#209=CARTESIAN_POINT('',(-2.4E0,0.E0,0.E0));
#210=DIRECTION('',(1.E0,0.E0,0.E0));
#211=DIRECTION('',(0.E0,0.E0,1.E0));
#212=AXIS2_PLACEMENT_3D('',#209,#210,#211);
#214=CARTESIAN_POINT('',(-2.4E0,0.E0,0.E0));
#215=DIRECTION('',(-1.E0,0.E0,0.E0));
#216=DIRECTION('',(0.E0,0.E0,1.E0));
#217=AXIS2_PLACEMENT_3D('',#214,#215,#216);
#219=CARTESIAN_POINT('',(-2.4E0,0.E0,0.E0));
#220=DIRECTION('',(-1.E0,0.E0,0.E0));
#221=DIRECTION('',(0.E0,0.E0,-1.E0));
#222=AXIS2_PLACEMENT_3D('',#219,#220,#221);
#224=DIRECTION('',(-1.E0,0.E0,1.019037155903E-13));
#225=VECTOR('',#224,1.255083700294E0);
#226=CARTESIAN_POINT('',(-1.144916299706E0,0.E0,4.833333333333E0));
#227=LINE('',#226,#225);
#228=CARTESIAN_POINT('',(-1.144916299707E0,0.E0,0.E0));
#229=DIRECTION('',(-1.E0,0.E0,0.E0));
#230=DIRECTION('',(0.E0,0.E0,1.E0));
#231=AXIS2_PLACEMENT_3D('',#228,#229,#230);
#233=CARTESIAN_POINT('',(0.E0,0.E0,-5.75E0));
#234=DIRECTION('',(0.E0,1.E0,0.E0));
#235=DIRECTION('',(-7.806247497996E-1,0.E0,6.250000000003E-1));
#236=AXIS2_PLACEMENT_3D('',#233,#234,#235);
#238=CARTESIAN_POINT('',(-1.144916299707E0,0.E0,0.E0));
#239=DIRECTION('',(-1.E0,0.E0,0.E0));
#240=DIRECTION('',(0.E0,0.E0,-1.E0));
#241=AXIS2_PLACEMENT_3D('',#238,#239,#240);
#243=CARTESIAN_POINT('',(0.E0,0.E0,5.75E0));
#244=DIRECTION('',(0.E0,-1.E0,0.E0));
#245=DIRECTION('',(-7.806247497996E-1,0.E0,-6.250000000003E-1));
#246=AXIS2_PLACEMENT_3D('',#243,#244,#245);
#248=DIRECTION('',(-1.E0,0.E0,-1.019037155903E-13));
#249=VECTOR('',#248,1.255083700294E0);
#250=CARTESIAN_POINT('',(-1.144916299706E0,0.E0,-4.833333333333E0));
#251=LINE('',#250,#249);
#252=CARTESIAN_POINT('',(0.E0,0.E0,0.E0));
#253=DIRECTION('',(-1.E0,0.E0,0.E0));
#254=DIRECTION('',(0.E0,0.E0,-1.E0));
#255=AXIS2_PLACEMENT_3D('',#252,#253,#254);
#257=CARTESIAN_POINT('',(0.E0,0.E0,5.75E0));
#258=DIRECTION('',(0.E0,-1.E0,0.E0));
#259=DIRECTION('',(0.E0,0.E0,-1.E0));
#260=AXIS2_PLACEMENT_3D('',#257,#258,#259);
#262=CARTESIAN_POINT('',(1.144916299707E0,0.E0,0.E0));
#263=DIRECTION('',(1.E0,0.E0,0.E0));
#264=DIRECTION('',(0.E0,0.E0,1.E0));
#265=AXIS2_PLACEMENT_3D('',#262,#263,#264);
#267=CARTESIAN_POINT('',(0.E0,0.E0,0.E0));
#268=DIRECTION('',(-1.E0,0.E0,0.E0));
#269=DIRECTION('',(0.E0,0.E0,1.E0));
#270=AXIS2_PLACEMENT_3D('',#267,#268,#269);
#272=CARTESIAN_POINT('',(0.E0,0.E0,-5.75E0));
#273=DIRECTION('',(0.E0,1.E0,0.E0));
#274=DIRECTION('',(0.E0,0.E0,1.E0));
#275=AXIS2_PLACEMENT_3D('',#272,#273,#274);
#277=CARTESIAN_POINT('',(1.144916299707E0,0.E0,0.E0));
#278=DIRECTION('',(1.E0,0.E0,0.E0));
#279=DIRECTION('',(0.E0,0.E0,-1.E0));
#280=AXIS2_PLACEMENT_3D('',#277,#278,#279);
#282=DIRECTION('',(-1.E0,0.E0,-1.033190449735E-13));
#283=VECTOR('',#282,1.255083700294E0);
#284=CARTESIAN_POINT('',(2.4E0,0.E0,4.833333333333E0));
#285=LINE('',#284,#283);
#286=CARTESIAN_POINT('',(2.4E0,0.E0,0.E0));
#287=DIRECTION('',(-1.E0,0.E0,0.E0));
#288=DIRECTION('',(0.E0,0.E0,1.E0));
#289=AXIS2_PLACEMENT_3D('',#286,#287,#288);
#291=CARTESIAN_POINT('',(2.4E0,0.E0,0.E0));
#292=DIRECTION('',(-1.E0,0.E0,0.E0));
#293=DIRECTION('',(0.E0,0.E0,-1.E0));
#294=AXIS2_PLACEMENT_3D('',#291,#292,#293);
#296=CARTESIAN_POINT('',(2.4E0,0.E0,0.E0));
#297=DIRECTION('',(1.E0,0.E0,0.E0));
#298=DIRECTION('',(0.E0,0.E0,-1.E0));
#299=AXIS2_PLACEMENT_3D('',#296,#297,#298);
#301=CARTESIAN_POINT('',(2.4E0,0.E0,0.E0));
#302=DIRECTION('',(1.E0,0.E0,0.E0));
#303=DIRECTION('',(0.E0,0.E0,1.E0));
#304=AXIS2_PLACEMENT_3D('',#301,#302,#303);
#306=DIRECTION('',(-1.E0,0.E0,1.026113802819E-13));
#307=VECTOR('',#306,1.255083700294E0);
#308=CARTESIAN_POINT('',(2.4E0,0.E0,-4.833333333333E0));
#309=LINE('',#308,#307);
#310=DIRECTION('',(-1.E0,0.E0,0.E0));
#311=VECTOR('',#310,6.E-1);
#312=CARTESIAN_POINT('',(3.E0,0.E0,4.604166666667E0));
#313=LINE('',#312,#311);
#314=CARTESIAN_POINT('',(3.E0,0.E0,0.E0));
#315=DIRECTION('',(-1.E0,0.E0,0.E0));
#316=DIRECTION('',(0.E0,0.E0,1.E0));
#317=AXIS2_PLACEMENT_3D('',#314,#315,#316);
#319=CARTESIAN_POINT('',(3.E0,0.E0,0.E0));
#320=DIRECTION('',(-1.E0,0.E0,0.E0));
#321=DIRECTION('',(0.E0,0.E0,-1.E0));
#322=AXIS2_PLACEMENT_3D('',#319,#320,#321);
#324=CARTESIAN_POINT('',(3.E0,0.E0,0.E0));
#325=DIRECTION('',(1.E0,0.E0,0.E0));
#326=DIRECTION('',(0.E0,0.E0,-1.E0));
#327=AXIS2_PLACEMENT_3D('',#324,#325,#326);
#329=CARTESIAN_POINT('',(3.E0,0.E0,0.E0));
#330=DIRECTION('',(1.E0,0.E0,0.E0));
#331=DIRECTION('',(0.E0,0.E0,1.E0));
#332=AXIS2_PLACEMENT_3D('',#329,#330,#331);
#334=DIRECTION('',(-1.E0,0.E0,0.E0));
#335=VECTOR('',#334,6.E-1);
#336=CARTESIAN_POINT('',(3.E0,0.E0,-4.604166666667E0));
#337=LINE('',#336,#335);
#338=CARTESIAN_POINT('',(2.7E0,0.E0,0.E0));
#339=DIRECTION('',(1.E0,0.E0,0.E0));
#340=DIRECTION('',(0.E0,0.E0,-1.E0));
#341=AXIS2_PLACEMENT_3D('',#338,#339,#340);
#343=CARTESIAN_POINT('',(2.7E0,0.E0,3.3E0));
#344=DIRECTION('',(0.E0,-1.E0,0.E0));
#345=DIRECTION('',(0.E0,0.E0,-1.E0));
#346=AXIS2_PLACEMENT_3D('',#343,#344,#345);
#348=DIRECTION('',(-1.E0,0.E0,0.E0));
#349=VECTOR('',#348,5.4E0);
#350=CARTESIAN_POINT('',(2.7E0,0.E0,-3.E0));
#351=LINE('',#350,#349);
#352=DIRECTION('',(-1.E0,0.E0,0.E0));
#353=VECTOR('',#352,5.4E0);
#354=CARTESIAN_POINT('',(2.7E0,0.E0,3.E0));
#355=LINE('',#354,#353);
#356=CARTESIAN_POINT('',(2.7E0,0.E0,-3.3E0));
#357=DIRECTION('',(0.E0,1.E0,0.E0));
#358=DIRECTION('',(0.E0,0.E0,1.E0));
#359=AXIS2_PLACEMENT_3D('',#356,#357,#358);
#361=CARTESIAN_POINT('',(2.7E0,0.E0,0.E0));
#362=DIRECTION('',(1.E0,0.E0,0.E0));
#363=DIRECTION('',(0.E0,0.E0,1.E0));
#364=AXIS2_PLACEMENT_3D('',#361,#362,#363);
#366=CARTESIAN_POINT('',(-2.7E0,0.E0,-3.3E0));
#367=DIRECTION('',(0.E0,1.E0,0.E0));
#368=DIRECTION('',(-1.E0,0.E0,0.E0));
#369=AXIS2_PLACEMENT_3D('',#366,#367,#368);
#371=CARTESIAN_POINT('',(-2.7E0,0.E0,0.E0));
#372=DIRECTION('',(-1.E0,0.E0,0.E0));
#373=DIRECTION('',(0.E0,0.E0,-1.E0));
#374=AXIS2_PLACEMENT_3D('',#371,#372,#373);
#376=CARTESIAN_POINT('',(-2.7E0,0.E0,3.3E0));
#377=DIRECTION('',(0.E0,-1.E0,0.E0));
#378=DIRECTION('',(-1.E0,0.E0,0.E0));
#379=AXIS2_PLACEMENT_3D('',#376,#377,#378);
#381=CARTESIAN_POINT('',(-2.7E0,0.E0,0.E0));
#382=DIRECTION('',(-1.E0,0.E0,0.E0));
#383=DIRECTION('',(0.E0,0.E0,1.E0));
#384=AXIS2_PLACEMENT_3D('',#381,#382,#383);
#386=CARTESIAN_POINT('',(-3.E0,0.E0,0.E0));
#387=DIRECTION('',(1.E0,0.E0,0.E0));
#388=DIRECTION('',(0.E0,0.E0,-1.E0));
#389=AXIS2_PLACEMENT_3D('',#386,#387,#388);
#391=CARTESIAN_POINT('',(-3.E0,0.E0,0.E0));
#392=DIRECTION('',(1.E0,0.E0,0.E0));
#393=DIRECTION('',(0.E0,0.E0,1.E0));
#394=AXIS2_PLACEMENT_3D('',#391,#392,#393);
#396=CARTESIAN_POINT('',(-3.E0,0.E0,0.E0));
#397=DIRECTION('',(-1.E0,0.E0,0.E0));
#398=DIRECTION('',(0.E0,0.E0,1.E0));
#399=AXIS2_PLACEMENT_3D('',#396,#397,#398);
#401=CARTESIAN_POINT('',(-3.E0,0.E0,0.E0));
#402=DIRECTION('',(-1.E0,0.E0,0.E0));
#403=DIRECTION('',(0.E0,0.E0,-1.E0));
#404=AXIS2_PLACEMENT_3D('',#401,#402,#403);
#406=DIRECTION('',(-1.E0,0.E0,0.E0));
#407=VECTOR('',#406,6.E-1);
#408=CARTESIAN_POINT('',(-2.4E0,0.E0,4.604166666667E0));
#409=LINE('',#408,#407);
#410=DIRECTION('',(-1.E0,0.E0,0.E0));
#411=VECTOR('',#410,6.E-1);
#412=CARTESIAN_POINT('',(-2.4E0,0.E0,-4.604166666667E0));
#413=LINE('',#412,#411);
#414=CARTESIAN_POINT('',(3.E0,0.E0,-4.604166666667E0));
#415=CARTESIAN_POINT('',(2.4E0,0.E0,-4.604166666667E0));
#416=VERTEX_POINT('',#414);
#417=VERTEX_POINT('',#415);
#418=CARTESIAN_POINT('',(2.4E0,0.E0,4.604166666667E0));
#419=VERTEX_POINT('',#418);
#420=CARTESIAN_POINT('',(3.E0,0.E0,4.604166666667E0));
#421=VERTEX_POINT('',#420);
#422=CARTESIAN_POINT('',(3.E0,0.E0,-3.3E0));
#423=CARTESIAN_POINT('',(3.E0,0.E0,3.3E0));
#424=VERTEX_POINT('',#422);
#425=VERTEX_POINT('',#423);
#426=CARTESIAN_POINT('',(2.7E0,0.E0,-3.E0));
#427=CARTESIAN_POINT('',(2.7E0,0.E0,3.E0));
#428=VERTEX_POINT('',#426);
#429=VERTEX_POINT('',#427);
#430=CARTESIAN_POINT('',(-2.7E0,0.E0,-3.E0));
#431=VERTEX_POINT('',#430);
#432=CARTESIAN_POINT('',(-2.7E0,0.E0,3.E0));
#433=VERTEX_POINT('',#432);
#434=CARTESIAN_POINT('',(-3.E0,0.E0,-3.3E0));
#435=VERTEX_POINT('',#434);
#436=CARTESIAN_POINT('',(-3.E0,0.E0,3.3E0));
#437=VERTEX_POINT('',#436);
#438=CARTESIAN_POINT('',(-3.E0,0.E0,-4.604166666667E0));
#439=CARTESIAN_POINT('',(-3.E0,0.E0,4.604166666667E0));
#440=VERTEX_POINT('',#438);
#441=VERTEX_POINT('',#439);
#442=CARTESIAN_POINT('',(-2.4E0,0.E0,4.604166666667E0));
#443=CARTESIAN_POINT('',(-2.4E0,0.E0,-4.604166666667E0));
#444=VERTEX_POINT('',#442);
#445=VERTEX_POINT('',#443);
#446=CARTESIAN_POINT('',(-2.4E0,0.E0,-4.833333333333E0));
#447=CARTESIAN_POINT('',(-2.4E0,0.E0,4.833333333333E0));
#448=VERTEX_POINT('',#446);
#449=VERTEX_POINT('',#447);
#450=CARTESIAN_POINT('',(-1.144916299707E0,0.E0,4.833333333333E0));
#451=CARTESIAN_POINT('',(-1.144916299707E0,0.E0,-4.833333333333E0));
#452=VERTEX_POINT('',#450);
#453=VERTEX_POINT('',#451);
#454=CARTESIAN_POINT('',(0.E0,0.E0,4.283333333333E0));
#455=VERTEX_POINT('',#454);
#456=CARTESIAN_POINT('',(0.E0,0.E0,-4.283333333333E0));
#457=VERTEX_POINT('',#456);
#458=CARTESIAN_POINT('',(1.144916299706E0,0.E0,4.833333333333E0));
#459=VERTEX_POINT('',#458);
#460=CARTESIAN_POINT('',(1.144916299707E0,0.E0,-4.833333333333E0));
#461=VERTEX_POINT('',#460);
#462=CARTESIAN_POINT('',(2.4E0,0.E0,4.833333333333E0));
#463=CARTESIAN_POINT('',(2.4E0,0.E0,-4.833333333333E0));
#464=VERTEX_POINT('',#462);
#465=VERTEX_POINT('',#463);
#466=CARTESIAN_POINT('',(-2.4E0,4.604166666667E0,0.E0));
#467=DIRECTION('',(1.E0,0.E0,0.E0));
#468=DIRECTION('',(0.E0,0.E0,-1.E0));
#469=AXIS2_PLACEMENT_3D('',#466,#467,#468);
#470=PLANE('',#469);
#472=ORIENTED_EDGE('',*,*,#471,.T.);
#474=ORIENTED_EDGE('',*,*,#473,.T.);
#475=EDGE_LOOP('',(#472,#474));
#476=FACE_OUTER_BOUND('',#475,.F.);
#478=ORIENTED_EDGE('',*,*,#477,.T.);
#480=ORIENTED_EDGE('',*,*,#479,.T.);
#481=EDGE_LOOP('',(#478,#480));
#482=FACE_BOUND('',#481,.F.);
#483=ADVANCED_FACE('',(#476,#482),#470,.F.);
#484=CARTESIAN_POINT('',(0.E0,0.E0,0.E0));
#485=DIRECTION('',(-1.E0,0.E0,0.E0));
#486=DIRECTION('',(0.E0,0.E0,1.E0));
#487=AXIS2_PLACEMENT_3D('',#484,#485,#486);
#488=CYLINDRICAL_SURFACE('',#487,4.833333333333E0);
#490=ORIENTED_EDGE('',*,*,#489,.F.);
#492=ORIENTED_EDGE('',*,*,#491,.T.);
#493=ORIENTED_EDGE('',*,*,#471,.F.);
#495=ORIENTED_EDGE('',*,*,#494,.F.);
#496=EDGE_LOOP('',(#490,#492,#493,#495));
#497=FACE_OUTER_BOUND('',#496,.F.);
#498=ADVANCED_FACE('',(#497),#488,.T.);
#499=CARTESIAN_POINT('',(0.E0,0.E0,0.E0));
#500=DIRECTION('',(-1.E0,0.E0,0.E0));
#501=DIRECTION('',(0.E0,0.E0,1.E0));
#502=AXIS2_PLACEMENT_3D('',#499,#500,#501);
#503=TOROIDAL_SURFACE('',#502,5.75E0,1.466666666667E0);
#505=ORIENTED_EDGE('',*,*,#504,.F.);
#506=ORIENTED_EDGE('',*,*,#489,.T.);
#508=ORIENTED_EDGE('',*,*,#507,.T.);
#510=ORIENTED_EDGE('',*,*,#509,.F.);
#511=EDGE_LOOP('',(#505,#506,#508,#510));
#512=FACE_OUTER_BOUND('',#511,.F.);
#513=ADVANCED_FACE('',(#512),#503,.F.);
#514=CARTESIAN_POINT('',(0.E0,0.E0,0.E0));
#515=DIRECTION('',(-1.E0,0.E0,0.E0));
#516=DIRECTION('',(0.E0,0.E0,1.E0));
#517=AXIS2_PLACEMENT_3D('',#514,#515,#516);
#518=TOROIDAL_SURFACE('',#517,5.75E0,1.466666666667E0);
#519=ORIENTED_EDGE('',*,*,#507,.F.);
#521=ORIENTED_EDGE('',*,*,#520,.T.);
#522=ORIENTED_EDGE('',*,*,#504,.T.);
#524=ORIENTED_EDGE('',*,*,#523,.F.);
#525=EDGE_LOOP('',(#519,#521,#522,#524));
#526=FACE_OUTER_BOUND('',#525,.F.);
#527=ADVANCED_FACE('',(#526),#518,.F.);
#528=CARTESIAN_POINT('',(0.E0,0.E0,0.E0));
#529=DIRECTION('',(-1.E0,0.E0,0.E0));
#530=DIRECTION('',(0.E0,0.E0,1.E0));
#531=AXIS2_PLACEMENT_3D('',#528,#529,#530);
#532=CYLINDRICAL_SURFACE('',#531,4.833333333333E0);
#533=ORIENTED_EDGE('',*,*,#494,.T.);
#534=ORIENTED_EDGE('',*,*,#473,.F.);
#535=ORIENTED_EDGE('',*,*,#491,.F.);
#536=ORIENTED_EDGE('',*,*,#520,.F.);
#537=EDGE_LOOP('',(#533,#534,#535,#536));
#538=FACE_OUTER_BOUND('',#537,.F.);
#539=ADVANCED_FACE('',(#538),#532,.T.);
#540=CARTESIAN_POINT('',(0.E0,0.E0,0.E0));
#541=DIRECTION('',(-1.E0,0.E0,0.E0));
#542=DIRECTION('',(0.E0,0.E0,1.E0));
#543=AXIS2_PLACEMENT_3D('',#540,#541,#542);
#544=TOROIDAL_SURFACE('',#543,5.75E0,1.466666666667E0);
#545=ORIENTED_EDGE('',*,*,#523,.T.);
#547=ORIENTED_EDGE('',*,*,#546,.T.);
#549=ORIENTED_EDGE('',*,*,#548,.T.);
#551=ORIENTED_EDGE('',*,*,#550,.F.);
#552=EDGE_LOOP('',(#545,#547,#549,#551));
#553=FACE_OUTER_BOUND('',#552,.F.);
#554=ADVANCED_FACE('',(#553),#544,.F.);
#555=CARTESIAN_POINT('',(0.E0,0.E0,0.E0));
#556=DIRECTION('',(-1.E0,0.E0,0.E0));
#557=DIRECTION('',(0.E0,0.E0,1.E0));
#558=AXIS2_PLACEMENT_3D('',#555,#556,#557);
#559=TOROIDAL_SURFACE('',#558,5.75E0,1.466666666667E0);
#560=ORIENTED_EDGE('',*,*,#509,.T.);
#561=ORIENTED_EDGE('',*,*,#550,.T.);
#563=ORIENTED_EDGE('',*,*,#562,.T.);
#564=ORIENTED_EDGE('',*,*,#546,.F.);
#565=EDGE_LOOP('',(#560,#561,#563,#564));
#566=FACE_OUTER_BOUND('',#565,.F.);
#567=ADVANCED_FACE('',(#566),#559,.F.);
#568=CARTESIAN_POINT('',(0.E0,0.E0,0.E0));
#569=DIRECTION('',(-1.E0,0.E0,0.E0));
#570=DIRECTION('',(0.E0,0.E0,1.E0));
#571=AXIS2_PLACEMENT_3D('',#568,#569,#570);
#572=CYLINDRICAL_SURFACE('',#571,4.833333333333E0);
#574=ORIENTED_EDGE('',*,*,#573,.F.);
#576=ORIENTED_EDGE('',*,*,#575,.T.);
#577=ORIENTED_EDGE('',*,*,#562,.F.);
#579=ORIENTED_EDGE('',*,*,#578,.F.);
#580=EDGE_LOOP('',(#574,#576,#577,#579));
#581=FACE_OUTER_BOUND('',#580,.F.);
#582=ADVANCED_FACE('',(#581),#572,.T.);
#583=CARTESIAN_POINT('',(2.4E0,4.604166666667E0,0.E0));
#584=DIRECTION('',(-1.E0,0.E0,0.E0));
#585=DIRECTION('',(0.E0,0.E0,1.E0));
#586=AXIS2_PLACEMENT_3D('',#583,#584,#585);
#587=PLANE('',#586);
#588=ORIENTED_EDGE('',*,*,#573,.T.);
#590=ORIENTED_EDGE('',*,*,#589,.T.);
#591=EDGE_LOOP('',(#588,#590));
#592=FACE_OUTER_BOUND('',#591,.F.);
#594=ORIENTED_EDGE('',*,*,#593,.T.);
#596=ORIENTED_EDGE('',*,*,#595,.T.);
#597=EDGE_LOOP('',(#594,#596));
#598=FACE_BOUND('',#597,.F.);
#599=ADVANCED_FACE('',(#592,#598),#587,.F.);
#600=CARTESIAN_POINT('',(0.E0,0.E0,0.E0));
#601=DIRECTION('',(-1.E0,0.E0,0.E0));
#602=DIRECTION('',(0.E0,0.E0,1.E0));
#603=AXIS2_PLACEMENT_3D('',#600,#601,#602);
#604=CYLINDRICAL_SURFACE('',#603,4.833333333333E0);
#605=ORIENTED_EDGE('',*,*,#578,.T.);
#606=ORIENTED_EDGE('',*,*,#548,.F.);
#607=ORIENTED_EDGE('',*,*,#575,.F.);
#608=ORIENTED_EDGE('',*,*,#589,.F.);
#609=EDGE_LOOP('',(#605,#606,#607,#608));
#610=FACE_OUTER_BOUND('',#609,.F.);
#611=ADVANCED_FACE('',(#610),#604,.T.);
#612=CARTESIAN_POINT('',(0.E0,0.E0,0.E0));
#613=DIRECTION('',(-1.E0,0.E0,0.E0));
#614=DIRECTION('',(0.E0,0.E0,1.E0));
#615=AXIS2_PLACEMENT_3D('',#612,#613,#614);
#616=CYLINDRICAL_SURFACE('',#615,4.604166666667E0);
#618=ORIENTED_EDGE('',*,*,#617,.F.);
#620=ORIENTED_EDGE('',*,*,#619,.T.);
#621=ORIENTED_EDGE('',*,*,#593,.F.);
#623=ORIENTED_EDGE('',*,*,#622,.F.);
#624=EDGE_LOOP('',(#618,#620,#621,#623));
#625=FACE_OUTER_BOUND('',#624,.F.);
#626=ADVANCED_FACE('',(#625),#616,.T.);
#627=CARTESIAN_POINT('',(3.E0,4.604166666667E0,0.E0));
#628=DIRECTION('',(-1.E0,0.E0,0.E0));
#629=DIRECTION('',(0.E0,0.E0,1.E0));
#630=AXIS2_PLACEMENT_3D('',#627,#628,#629);
#631=PLANE('',#630);
#632=ORIENTED_EDGE('',*,*,#617,.T.);
#634=ORIENTED_EDGE('',*,*,#633,.T.);
#635=EDGE_LOOP('',(#632,#634));
#636=FACE_OUTER_BOUND('',#635,.F.);
#638=ORIENTED_EDGE('',*,*,#637,.T.);
#640=ORIENTED_EDGE('',*,*,#639,.T.);
#641=EDGE_LOOP('',(#638,#640));
#642=FACE_BOUND('',#641,.F.);
#643=ADVANCED_FACE('',(#636,#642),#631,.F.);
#644=CARTESIAN_POINT('',(0.E0,0.E0,0.E0));
#645=DIRECTION('',(-1.E0,0.E0,0.E0));
#646=DIRECTION('',(0.E0,0.E0,1.E0));
#647=AXIS2_PLACEMENT_3D('',#644,#645,#646);
#648=CYLINDRICAL_SURFACE('',#647,4.604166666667E0);
#649=ORIENTED_EDGE('',*,*,#622,.T.);
#650=ORIENTED_EDGE('',*,*,#595,.F.);
#651=ORIENTED_EDGE('',*,*,#619,.F.);
#652=ORIENTED_EDGE('',*,*,#633,.F.);
#653=EDGE_LOOP('',(#649,#650,#651,#652));
#654=FACE_OUTER_BOUND('',#653,.F.);
#655=ADVANCED_FACE('',(#654),#648,.T.);
#656=CARTESIAN_POINT('',(2.7E0,0.E0,0.E0));
#657=DIRECTION('',(-1.E0,0.E0,0.E0));
#658=DIRECTION('',(0.E0,0.E0,1.E0));
#659=AXIS2_PLACEMENT_3D('',#656,#657,#658);
#660=TOROIDAL_SURFACE('',#659,3.3E0,3.E-1);
#662=ORIENTED_EDGE('',*,*,#661,.T.);
#664=ORIENTED_EDGE('',*,*,#663,.T.);
#665=ORIENTED_EDGE('',*,*,#637,.F.);
#667=ORIENTED_EDGE('',*,*,#666,.F.);
#668=EDGE_LOOP('',(#662,#664,#665,#667));
#669=FACE_OUTER_BOUND('',#668,.F.);
#670=ADVANCED_FACE('',(#669),#660,.T.);
#671=CARTESIAN_POINT('',(0.E0,0.E0,0.E0));
#672=DIRECTION('',(-1.E0,0.E0,0.E0));
#673=DIRECTION('',(0.E0,0.E0,1.E0));
#674=AXIS2_PLACEMENT_3D('',#671,#672,#673);
#675=CYLINDRICAL_SURFACE('',#674,3.E0);
#677=ORIENTED_EDGE('',*,*,#676,.T.);
#679=ORIENTED_EDGE('',*,*,#678,.F.);
#681=ORIENTED_EDGE('',*,*,#680,.F.);
#682=ORIENTED_EDGE('',*,*,#661,.F.);
#683=EDGE_LOOP('',(#677,#679,#681,#682));
#684=FACE_OUTER_BOUND('',#683,.F.);
#685=ADVANCED_FACE('',(#684),#675,.F.);
#686=CARTESIAN_POINT('',(0.E0,0.E0,0.E0));
#687=DIRECTION('',(-1.E0,0.E0,0.E0));
#688=DIRECTION('',(0.E0,0.E0,1.E0));
#689=AXIS2_PLACEMENT_3D('',#686,#687,#688);
#690=CYLINDRICAL_SURFACE('',#689,3.E0);
#692=ORIENTED_EDGE('',*,*,#691,.F.);
#693=ORIENTED_EDGE('',*,*,#680,.T.);
#695=ORIENTED_EDGE('',*,*,#694,.F.);
#696=ORIENTED_EDGE('',*,*,#676,.F.);
#697=EDGE_LOOP('',(#692,#693,#695,#696));
#698=FACE_OUTER_BOUND('',#697,.F.);
#699=ADVANCED_FACE('',(#698),#690,.F.);
#700=CARTESIAN_POINT('',(2.7E0,0.E0,0.E0));
#701=DIRECTION('',(-1.E0,0.E0,0.E0));
#702=DIRECTION('',(0.E0,0.E0,1.E0));
#703=AXIS2_PLACEMENT_3D('',#700,#701,#702);
#704=TOROIDAL_SURFACE('',#703,3.3E0,3.E-1);
#705=ORIENTED_EDGE('',*,*,#666,.T.);
#706=ORIENTED_EDGE('',*,*,#639,.F.);
#707=ORIENTED_EDGE('',*,*,#663,.F.);
#708=ORIENTED_EDGE('',*,*,#691,.T.);
#709=EDGE_LOOP('',(#705,#706,#707,#708));
#710=FACE_OUTER_BOUND('',#709,.F.);
#711=ADVANCED_FACE('',(#710),#704,.T.);
#712=CARTESIAN_POINT('',(-2.7E0,0.E0,0.E0));
#713=DIRECTION('',(-1.E0,0.E0,0.E0));
#714=DIRECTION('',(0.E0,0.E0,1.E0));
#715=AXIS2_PLACEMENT_3D('',#712,#713,#714);
#716=TOROIDAL_SURFACE('',#715,3.3E0,3.E-1);
#718=ORIENTED_EDGE('',*,*,#717,.T.);
#719=ORIENTED_EDGE('',*,*,#694,.T.);
#721=ORIENTED_EDGE('',*,*,#720,.F.);
#723=ORIENTED_EDGE('',*,*,#722,.F.);
#724=EDGE_LOOP('',(#718,#719,#721,#723));
#725=FACE_OUTER_BOUND('',#724,.F.);
#726=ADVANCED_FACE('',(#725),#716,.T.);
#727=CARTESIAN_POINT('',(-2.7E0,0.E0,0.E0));
#728=DIRECTION('',(-1.E0,0.E0,0.E0));
#729=DIRECTION('',(0.E0,0.E0,1.E0));
#730=AXIS2_PLACEMENT_3D('',#727,#728,#729);
#731=TOROIDAL_SURFACE('',#730,3.3E0,3.E-1);
#733=ORIENTED_EDGE('',*,*,#732,.F.);
#734=ORIENTED_EDGE('',*,*,#720,.T.);
#735=ORIENTED_EDGE('',*,*,#678,.T.);
#736=ORIENTED_EDGE('',*,*,#717,.F.);
#737=EDGE_LOOP('',(#733,#734,#735,#736));
#738=FACE_OUTER_BOUND('',#737,.F.);
#739=ADVANCED_FACE('',(#738),#731,.T.);
#740=CARTESIAN_POINT('',(-3.E0,4.604166666667E0,0.E0));
#741=DIRECTION('',(1.E0,0.E0,0.E0));
#742=DIRECTION('',(0.E0,0.E0,-1.E0));
#743=AXIS2_PLACEMENT_3D('',#740,#741,#742);
#744=PLANE('',#743);
#746=ORIENTED_EDGE('',*,*,#745,.T.);
#748=ORIENTED_EDGE('',*,*,#747,.T.);
#749=EDGE_LOOP('',(#746,#748));
#750=FACE_OUTER_BOUND('',#749,.F.);
#751=ORIENTED_EDGE('',*,*,#732,.T.);
#752=ORIENTED_EDGE('',*,*,#722,.T.);
#753=EDGE_LOOP('',(#751,#752));
#754=FACE_BOUND('',#753,.F.);
#755=ADVANCED_FACE('',(#750,#754),#744,.F.);
#756=CARTESIAN_POINT('',(0.E0,0.E0,0.E0));
#757=DIRECTION('',(-1.E0,0.E0,0.E0));
#758=DIRECTION('',(0.E0,0.E0,1.E0));
#759=AXIS2_PLACEMENT_3D('',#756,#757,#758);
#760=CYLINDRICAL_SURFACE('',#759,4.604166666667E0);
#761=ORIENTED_EDGE('',*,*,#477,.F.);
#763=ORIENTED_EDGE('',*,*,#762,.T.);
#764=ORIENTED_EDGE('',*,*,#745,.F.);
#766=ORIENTED_EDGE('',*,*,#765,.F.);
#767=EDGE_LOOP('',(#761,#763,#764,#766));
#768=FACE_OUTER_BOUND('',#767,.F.);
#769=ADVANCED_FACE('',(#768),#760,.T.);
#770=CARTESIAN_POINT('',(0.E0,0.E0,0.E0));
#771=DIRECTION('',(-1.E0,0.E0,0.E0));
#772=DIRECTION('',(0.E0,0.E0,1.E0));
#773=AXIS2_PLACEMENT_3D('',#770,#771,#772);
#774=CYLINDRICAL_SURFACE('',#773,4.604166666667E0);
#775=ORIENTED_EDGE('',*,*,#765,.T.);
#776=ORIENTED_EDGE('',*,*,#747,.F.);
#777=ORIENTED_EDGE('',*,*,#762,.F.);
#778=ORIENTED_EDGE('',*,*,#479,.F.);
#779=EDGE_LOOP('',(#775,#776,#777,#778));
#780=FACE_OUTER_BOUND('',#779,.F.);
#781=ADVANCED_FACE('',(#780),#774,.T.);
#782=CLOSED_SHELL('',(#483,#498,#513,#527,#539,#554,#567,#582,#599,#611,#626,
#643,#655,#670,#685,#699,#711,#726,#739,#755,#769,#781));
#783=MANIFOLD_SOLID_BREP('',#782);
#784=CARTESIAN_POINT('',(1.144916299707E0,0.E0,0.E0));
#785=DIRECTION('',(-1.E0,0.E0,0.E0));
#786=DIRECTION('',(0.E0,0.E0,-1.E0));
#787=AXIS2_PLACEMENT_3D('',#784,#785,#786);
#789=CARTESIAN_POINT('',(0.E0,0.E0,5.75E0));
#790=DIRECTION('',(0.E0,-1.E0,0.E0));
#791=DIRECTION('',(7.806247497996E-1,0.E0,6.250000000003E-1));
#792=AXIS2_PLACEMENT_3D('',#789,#790,#791);
#794=CARTESIAN_POINT('',(-1.144916299707E0,0.E0,0.E0));
#795=DIRECTION('',(1.E0,0.E0,0.E0));
#796=DIRECTION('',(0.E0,0.E0,1.E0));
#797=AXIS2_PLACEMENT_3D('',#794,#795,#796);
#799=CARTESIAN_POINT('',(0.E0,0.E0,-5.75E0));
#800=DIRECTION('',(0.E0,-1.E0,0.E0));
#801=DIRECTION('',(-7.806247497996E-1,0.E0,-6.250000000003E-1));
#802=AXIS2_PLACEMENT_3D('',#799,#800,#801);
#804=DIRECTION('',(-1.E0,0.E0,1.047343743567E-13));
#805=VECTOR('',#804,1.255083700294E0);
#806=CARTESIAN_POINT('',(2.4E0,0.E0,6.666666666667E0));
#807=LINE('',#806,#805);
#808=CARTESIAN_POINT('',(2.4E0,0.E0,0.E0));
#809=DIRECTION('',(1.E0,0.E0,0.E0));
#810=DIRECTION('',(0.E0,0.E0,-1.E0));
#811=AXIS2_PLACEMENT_3D('',#808,#809,#810);
#813=CARTESIAN_POINT('',(2.4E0,0.E0,0.E0));
#814=DIRECTION('',(1.E0,0.E0,0.E0));
#815=DIRECTION('',(0.E0,0.E0,1.E0));
#816=AXIS2_PLACEMENT_3D('',#813,#814,#815);
#818=CARTESIAN_POINT('',(2.400000000001E0,0.E0,0.E0));
#819=DIRECTION('',(1.E0,0.E0,0.E0));
#820=DIRECTION('',(0.E0,0.E0,-1.E0));
#821=AXIS2_PLACEMENT_3D('',#818,#819,#820);
#823=CARTESIAN_POINT('',(2.480275946667E0,0.E0,0.E0));
#824=DIRECTION('',(-1.E0,0.E0,0.E0));
#825=DIRECTION('',(0.E0,0.E0,1.E0));
#826=AXIS2_PLACEMENT_3D('',#823,#824,#825);
#828=CARTESIAN_POINT('',(2.680257852931E0,0.E0,-6.78125E0));
#829=DIRECTION('',(0.E0,-1.E0,0.E0));
#830=DIRECTION('',(-7.135639703697E-1,0.E0,7.005900799970E-1));
#831=AXIS2_PLACEMENT_3D('',#828,#829,#830);
#833=CARTESIAN_POINT('',(2.400000000001E0,0.E0,0.E0));
#834=DIRECTION('',(1.E0,0.E0,0.E0));
#835=DIRECTION('',(0.E0,0.E0,1.E0));
#836=AXIS2_PLACEMENT_3D('',#833,#834,#835);
#838=CARTESIAN_POINT('',(2.480275946667E0,0.E0,0.E0));
#839=DIRECTION('',(-1.E0,0.E0,0.E0));
#840=DIRECTION('',(0.E0,0.E0,-1.E0));
#841=AXIS2_PLACEMENT_3D('',#838,#839,#840);
#843=CARTESIAN_POINT('',(2.680257852931E0,0.E0,6.78125E0));
#844=DIRECTION('',(0.E0,1.E0,0.E0));
#845=DIRECTION('',(-7.135639703697E-1,0.E0,-7.005900799970E-1));
#846=AXIS2_PLACEMENT_3D('',#843,#844,#845);
#848=DIRECTION('',(-7.005900799980E-1,0.E0,7.135639703687E-1));
#849=VECTOR('',#848,4.459624198626E-1);
#850=CARTESIAN_POINT('',(2.792712794074E0,0.E0,6.266681413443E0));
#851=LINE('',#850,#849);
#852=DIRECTION('',(-7.005900799980E-1,0.E0,-7.135639703687E-1));
#853=VECTOR('',#852,4.459624198626E-1);
#854=CARTESIAN_POINT('',(2.792712794074E0,0.E0,-6.266681413443E0));
#855=LINE('',#854,#853);
#856=CARTESIAN_POINT('',(2.792712794074E0,0.E0,0.E0));
#857=DIRECTION('',(1.E0,0.E0,0.E0));
#858=DIRECTION('',(0.E0,0.E0,-1.E0));
#859=AXIS2_PLACEMENT_3D('',#856,#857,#858);
#861=CARTESIAN_POINT('',(2.65E0,0.E0,6.126563397444E0));
#862=DIRECTION('',(0.E0,1.E0,0.E0));
#863=DIRECTION('',(7.135639703709E-1,0.E0,7.005900799958E-1));
#864=AXIS2_PLACEMENT_3D('',#861,#862,#863);
#866=CARTESIAN_POINT('',(2.65E0,0.E0,-6.126563397444E0));
#867=DIRECTION('',(0.E0,-1.E0,0.E0));
#868=DIRECTION('',(7.135639703709E-1,0.E0,-7.005900799958E-1));
#869=AXIS2_PLACEMENT_3D('',#866,#867,#868);
#871=CARTESIAN_POINT('',(2.792712794074E0,0.E0,0.E0));
#872=DIRECTION('',(1.E0,0.E0,0.E0));
#873=DIRECTION('',(0.E0,0.E0,1.E0));
#874=AXIS2_PLACEMENT_3D('',#871,#872,#873);
#876=CARTESIAN_POINT('',(2.85E0,0.E0,0.E0));
#877=DIRECTION('',(1.E0,0.E0,0.E0));
#878=DIRECTION('',(0.E0,0.E0,-1.E0));
#879=AXIS2_PLACEMENT_3D('',#876,#877,#878);
#881=CARTESIAN_POINT('',(2.85E0,0.E0,0.E0));
#882=DIRECTION('',(1.E0,0.E0,0.E0));
#883=DIRECTION('',(0.E0,0.E0,1.E0));
#884=AXIS2_PLACEMENT_3D('',#881,#882,#883);
#886=CARTESIAN_POINT('',(2.85E0,0.E0,0.E0));
#887=DIRECTION('',(-1.E0,0.E0,0.E0));
#888=DIRECTION('',(0.E0,0.E0,1.E0));
#889=AXIS2_PLACEMENT_3D('',#886,#887,#888);
#891=CARTESIAN_POINT('',(2.85E0,0.E0,0.E0));
#892=DIRECTION('',(-1.E0,0.E0,0.E0));
#893=DIRECTION('',(0.E0,0.E0,-1.E0));
#894=AXIS2_PLACEMENT_3D('',#891,#892,#893);
#896=DIRECTION('',(1.E0,0.E0,0.E0));
#897=VECTOR('',#896,1.E-1);
#898=CARTESIAN_POINT('',(2.85E0,0.E0,4.65E0));
#899=LINE('',#898,#897);
#900=DIRECTION('',(1.E0,0.E0,0.E0));
#901=VECTOR('',#900,1.E-1);
#902=CARTESIAN_POINT('',(2.85E0,0.E0,-4.65E0));
#903=LINE('',#902,#901);
#904=CARTESIAN_POINT('',(2.95E0,0.E0,0.E0));
#905=DIRECTION('',(-1.E0,0.E0,0.E0));
#906=DIRECTION('',(0.E0,0.E0,1.E0));
#907=AXIS2_PLACEMENT_3D('',#904,#905,#906);
#909=CARTESIAN_POINT('',(2.95E0,0.E0,0.E0));
#910=DIRECTION('',(-1.E0,0.E0,0.E0));
#911=DIRECTION('',(0.E0,0.E0,-1.E0));
#912=AXIS2_PLACEMENT_3D('',#909,#910,#911);
#914=CARTESIAN_POINT('',(2.95E0,0.E0,0.E0));
#915=DIRECTION('',(1.E0,0.E0,0.E0));
#916=DIRECTION('',(0.E0,0.E0,-1.E0));
#917=AXIS2_PLACEMENT_3D('',#914,#915,#916);
#919=CARTESIAN_POINT('',(2.95E0,0.E0,0.E0));
#920=DIRECTION('',(1.E0,0.E0,0.E0));
#921=DIRECTION('',(0.E0,0.E0,1.E0));
#922=AXIS2_PLACEMENT_3D('',#919,#920,#921);
#924=CARTESIAN_POINT('',(2.65E0,0.E0,-6.126563397444E0));
#925=DIRECTION('',(0.E0,-1.E0,0.E0));
#926=DIRECTION('',(7.135639703700E-1,0.E0,-7.005900799967E-1));
#927=AXIS2_PLACEMENT_3D('',#924,#925,#926);
#929=CARTESIAN_POINT('',(2.864069191111E0,0.E0,0.E0));
#930=DIRECTION('',(-1.E0,0.E0,0.E0));
#931=DIRECTION('',(0.E0,0.E0,1.E0));
#932=AXIS2_PLACEMENT_3D('',#929,#930,#931);
#934=CARTESIAN_POINT('',(2.864069191111E0,0.E0,0.E0));
#935=DIRECTION('',(-1.E0,0.E0,0.E0));
#936=DIRECTION('',(0.E0,0.E0,-1.E0));
#937=AXIS2_PLACEMENT_3D('',#934,#935,#936);
#939=CARTESIAN_POINT('',(2.65E0,0.E0,6.126563397444E0));
#940=DIRECTION('',(0.E0,1.E0,0.E0));
#941=DIRECTION('',(7.135639703700E-1,0.E0,7.005900799967E-1));
#942=AXIS2_PLACEMENT_3D('',#939,#940,#941);
#944=DIRECTION('',(-7.005900799980E-1,0.E0,-7.135639703687E-1));
#945=VECTOR('',#944,4.459624198626E-1);
#946=CARTESIAN_POINT('',(2.864069191111E0,0.E0,-6.336740421443E0));
#947=LINE('',#946,#945);
#948=DIRECTION('',(-7.005900799980E-1,0.E0,7.135639703687E-1));
#949=VECTOR('',#948,4.459624198626E-1);
#950=CARTESIAN_POINT('',(2.864069191111E0,0.E0,6.336740421443E0));
#951=LINE('',#950,#949);
#952=CARTESIAN_POINT('',(2.551632343704E0,0.E0,0.E0));
#953=DIRECTION('',(1.E0,0.E0,0.E0));
#954=DIRECTION('',(0.E0,0.E0,-1.E0));
#955=AXIS2_PLACEMENT_3D('',#952,#953,#954);
#957=CARTESIAN_POINT('',(2.680257852931E0,0.E0,6.78125E0));
#958=DIRECTION('',(0.E0,1.E0,0.E0));
#959=DIRECTION('',(-7.135639703704E-1,0.E0,-7.005900799963E-1));
#960=AXIS2_PLACEMENT_3D('',#957,#958,#959);
#962=CARTESIAN_POINT('',(2.680257852931E0,0.E0,-6.78125E0));
#963=DIRECTION('',(0.E0,-1.E0,0.E0));
#964=DIRECTION('',(-7.135639703704E-1,0.E0,7.005900799963E-1));
#965=AXIS2_PLACEMENT_3D('',#962,#963,#964);
#967=CARTESIAN_POINT('',(2.551632343704E0,0.E0,0.E0));
#968=DIRECTION('',(1.E0,0.E0,0.E0));
#969=DIRECTION('',(0.E0,0.E0,1.E0));
#970=AXIS2_PLACEMENT_3D('',#967,#968,#969);
#972=CARTESIAN_POINT('',(2.5E0,0.E0,0.E0));
#973=DIRECTION('',(-1.E0,0.E0,0.E0));
#974=DIRECTION('',(0.E0,0.E0,1.E0));
#975=AXIS2_PLACEMENT_3D('',#972,#973,#974);
#977=CARTESIAN_POINT('',(2.5E0,0.E0,0.E0));
#978=DIRECTION('',(-1.E0,0.E0,0.E0));
#979=DIRECTION('',(0.E0,0.E0,-1.E0));
#980=AXIS2_PLACEMENT_3D('',#977,#978,#979);
#982=CARTESIAN_POINT('',(2.500000000001E0,0.E0,0.E0));
#983=DIRECTION('',(1.E0,0.E0,0.E0));
#984=DIRECTION('',(0.E0,0.E0,-1.E0));
#985=AXIS2_PLACEMENT_3D('',#982,#983,#984);
#987=CARTESIAN_POINT('',(2.500000000001E0,0.E0,0.E0));
#988=DIRECTION('',(1.E0,0.E0,0.E0));
#989=DIRECTION('',(0.E0,0.E0,1.E0));
#990=AXIS2_PLACEMENT_3D('',#987,#988,#989);
#992=CARTESIAN_POINT('',(2.55E0,0.E0,6.895833333333E0));
#993=DIRECTION('',(0.E0,1.E0,0.E0));
#994=DIRECTION('',(-1.E0,0.E0,0.E0));
#995=AXIS2_PLACEMENT_3D('',#992,#993,#994);
#997=CARTESIAN_POINT('',(2.55E0,0.E0,6.895833333333E0));
#998=DIRECTION('',(0.E0,1.E0,0.E0));
#999=DIRECTION('',(0.E0,0.E0,1.E0));
#1000=AXIS2_PLACEMENT_3D('',#997,#998,#999);
#1002=CARTESIAN_POINT('',(2.580994187646E0,0.E0,0.E0));
#1003=DIRECTION('',(-1.E0,0.E0,0.E0));
#1004=DIRECTION('',(0.E0,0.E0,1.E0));
#1005=AXIS2_PLACEMENT_3D('',#1002,#1003,#1004);
#1007=CARTESIAN_POINT('',(2.55E0,0.E0,-6.895833333333E0));
#1008=DIRECTION('',(0.E0,-1.E0,0.E0));
#1009=DIRECTION('',(0.E0,0.E0,-1.E0));
#1010=AXIS2_PLACEMENT_3D('',#1007,#1008,#1009);
#1012=CARTESIAN_POINT('',(2.580994187646E0,0.E0,0.E0));
#1013=DIRECTION('',(-1.E0,0.E0,0.E0));
#1014=DIRECTION('',(0.E0,0.E0,-1.E0));
#1015=AXIS2_PLACEMENT_3D('',#1012,#1013,#1014);
#1017=CARTESIAN_POINT('',(2.55E0,0.E0,-6.895833333333E0));
#1018=DIRECTION('',(0.E0,-1.E0,0.E0));
#1019=DIRECTION('',(-1.E0,0.E0,0.E0));
#1020=AXIS2_PLACEMENT_3D('',#1017,#1018,#1019);
#1022=DIRECTION('',(-7.846936554321E-1,0.E0,6.198837529123E-1));
#1023=VECTOR('',#1022,2.638194353045E-1);
#1024=CARTESIAN_POINT('',(2.788011624709E0,0.E0,6.771530634457E0));
#1025=LINE('',#1024,#1023);
#1026=CARTESIAN_POINT('',(2.788011624709E0,0.E0,0.E0));
#1027=DIRECTION('',(-1.E0,0.E0,0.E0));
#1028=DIRECTION('',(0.E0,0.E0,-1.E0));
#1029=AXIS2_PLACEMENT_3D('',#1026,#1027,#1028);
#1031=CARTESIAN_POINT('',(2.788011624709E0,0.E0,0.E0));
#1032=DIRECTION('',(-1.E0,0.E0,0.E0));
#1033=DIRECTION('',(0.E0,0.E0,1.E0));
#1034=AXIS2_PLACEMENT_3D('',#1031,#1032,#1033);
#1036=DIRECTION('',(-7.846936554321E-1,0.E0,-6.198837529123E-1));
#1037=VECTOR('',#1036,2.638194353045E-1);
#1038=CARTESIAN_POINT('',(2.788011624709E0,0.E0,-6.771530634457E0));
#1039=LINE('',#1038,#1037);
#1040=CARTESIAN_POINT('',(2.85E0,0.E0,0.E0));
#1041=DIRECTION('',(-1.E0,0.E0,0.E0));
#1042=DIRECTION('',(0.E0,0.E0,1.E0));
#1043=AXIS2_PLACEMENT_3D('',#1040,#1041,#1042);
#1045=DIRECTION('',(6.198837529125E-1,0.E0,7.846936554319E-1));
#1046=VECTOR('',#1045,9.999999999986E-2);
#1047=CARTESIAN_POINT('',(2.788011624709E0,0.E0,6.771530634457E0));
#1048=LINE('',#1047,#1046);
#1049=DIRECTION('',(-1.E0,0.E0,0.E0));
#1050=VECTOR('',#1049,1.5E-1);
#1051=CARTESIAN_POINT('',(3.E0,0.E0,-6.85E0));
#1052=LINE('',#1051,#1050);
#1053=DIRECTION('',(-1.E0,0.E0,0.E0));
#1054=VECTOR('',#1053,1.5E-1);
#1055=CARTESIAN_POINT('',(3.E0,0.E0,6.85E0));
#1056=LINE('',#1055,#1054);
#1057=CARTESIAN_POINT('',(2.85E0,0.E0,0.E0));
#1058=DIRECTION('',(1.E0,0.E0,0.E0));
#1059=DIRECTION('',(0.E0,0.E0,1.E0));
#1060=AXIS2_PLACEMENT_3D('',#1057,#1058,#1059);
#1062=DIRECTION('',(6.198837529125E-1,0.E0,-7.846936554319E-1));
#1063=VECTOR('',#1062,9.999999999986E-2);
#1064=CARTESIAN_POINT('',(2.788011624709E0,0.E0,-6.771530634457E0));
#1065=LINE('',#1064,#1063);
#1066=CARTESIAN_POINT('',(3.E0,0.E0,0.E0));
#1067=DIRECTION('',(-1.E0,0.E0,0.E0));
#1068=DIRECTION('',(0.E0,0.E0,1.E0));
#1069=AXIS2_PLACEMENT_3D('',#1066,#1067,#1068);
#1071=CARTESIAN_POINT('',(3.E0,0.E0,0.E0));
#1072=DIRECTION('',(-1.E0,0.E0,0.E0));
#1073=DIRECTION('',(0.E0,0.E0,-1.E0));
#1074=AXIS2_PLACEMENT_3D('',#1071,#1072,#1073);
#1076=CARTESIAN_POINT('',(3.E0,0.E0,0.E0));
#1077=DIRECTION('',(1.E0,0.E0,0.E0));
#1078=DIRECTION('',(0.E0,0.E0,-1.E0));
#1079=AXIS2_PLACEMENT_3D('',#1076,#1077,#1078);
#1081=CARTESIAN_POINT('',(3.E0,0.E0,0.E0));
#1082=DIRECTION('',(1.E0,0.E0,0.E0));
#1083=DIRECTION('',(0.E0,0.E0,1.E0));
#1084=AXIS2_PLACEMENT_3D('',#1081,#1082,#1083);
#1086=CARTESIAN_POINT('',(2.7E0,0.E0,8.2E0));
#1087=DIRECTION('',(0.E0,-1.E0,0.E0));
#1088=DIRECTION('',(1.E0,0.E0,0.E0));
#1089=AXIS2_PLACEMENT_3D('',#1086,#1087,#1088);
#1091=CARTESIAN_POINT('',(2.7E0,0.E0,0.E0));
#1092=DIRECTION('',(-1.E0,0.E0,0.E0));
#1093=DIRECTION('',(0.E0,0.E0,1.E0));
#1094=AXIS2_PLACEMENT_3D('',#1091,#1092,#1093);
#1096=CARTESIAN_POINT('',(2.7E0,0.E0,-8.2E0));
#1097=DIRECTION('',(0.E0,1.E0,0.E0));
#1098=DIRECTION('',(1.E0,0.E0,0.E0));
#1099=AXIS2_PLACEMENT_3D('',#1096,#1097,#1098);
#1101=CARTESIAN_POINT('',(2.7E0,0.E0,0.E0));
#1102=DIRECTION('',(-1.E0,0.E0,0.E0));
#1103=DIRECTION('',(0.E0,0.E0,-1.E0));
#1104=AXIS2_PLACEMENT_3D('',#1101,#1102,#1103);
#1106=DIRECTION('',(-1.E0,0.E0,0.E0));
#1107=VECTOR('',#1106,5.4E0);
#1108=CARTESIAN_POINT('',(2.7E0,0.E0,-8.5E0));
#1109=LINE('',#1108,#1107);
#1110=DIRECTION('',(-1.E0,0.E0,0.E0));
#1111=VECTOR('',#1110,5.4E0);
#1112=CARTESIAN_POINT('',(2.7E0,0.E0,8.5E0));
#1113=LINE('',#1112,#1111);
#1114=CARTESIAN_POINT('',(-2.7E0,0.E0,0.E0));
#1115=DIRECTION('',(1.E0,0.E0,0.E0));
#1116=DIRECTION('',(0.E0,0.E0,-1.E0));
#1117=AXIS2_PLACEMENT_3D('',#1114,#1115,#1116);
#1119=CARTESIAN_POINT('',(-2.7E0,0.E0,8.2E0));
#1120=DIRECTION('',(0.E0,-1.E0,0.E0));
#1121=DIRECTION('',(0.E0,0.E0,1.E0));
#1122=AXIS2_PLACEMENT_3D('',#1119,#1120,#1121);
#1124=CARTESIAN_POINT('',(-2.7E0,0.E0,-8.2E0));
#1125=DIRECTION('',(0.E0,1.E0,0.E0));
#1126=DIRECTION('',(0.E0,0.E0,-1.E0));
#1127=AXIS2_PLACEMENT_3D('',#1124,#1125,#1126);
#1129=CARTESIAN_POINT('',(-2.7E0,0.E0,0.E0));
#1130=DIRECTION('',(1.E0,0.E0,0.E0));
#1131=DIRECTION('',(0.E0,0.E0,1.E0));
#1132=AXIS2_PLACEMENT_3D('',#1129,#1130,#1131);
#1134=CARTESIAN_POINT('',(-3.E0,0.E0,0.E0));
#1135=DIRECTION('',(1.E0,0.E0,0.E0));
#1136=DIRECTION('',(0.E0,0.E0,-1.E0));
#1137=AXIS2_PLACEMENT_3D('',#1134,#1135,#1136);
#1139=CARTESIAN_POINT('',(-3.E0,0.E0,0.E0));
#1140=DIRECTION('',(1.E0,0.E0,0.E0));
#1141=DIRECTION('',(0.E0,0.E0,1.E0));
#1142=AXIS2_PLACEMENT_3D('',#1139,#1140,#1141);
#1144=CARTESIAN_POINT('',(-3.E0,0.E0,0.E0));
#1145=DIRECTION('',(-1.E0,0.E0,0.E0));
#1146=DIRECTION('',(0.E0,0.E0,1.E0));
#1147=AXIS2_PLACEMENT_3D('',#1144,#1145,#1146);
#1149=CARTESIAN_POINT('',(-3.E0,0.E0,0.E0));
#1150=DIRECTION('',(-1.E0,0.E0,0.E0));
#1151=DIRECTION('',(0.E0,0.E0,-1.E0));
#1152=AXIS2_PLACEMENT_3D('',#1149,#1150,#1151);
#1154=DIRECTION('',(-1.E0,0.E0,0.E0));
#1155=VECTOR('',#1154,1.5E-1);
#1156=CARTESIAN_POINT('',(-2.85E0,0.E0,-6.85E0));
#1157=LINE('',#1156,#1155);
#1158=CARTESIAN_POINT('',(-2.85E0,0.E0,0.E0));
#1159=DIRECTION('',(-1.E0,0.E0,0.E0));
#1160=DIRECTION('',(0.E0,0.E0,1.E0));
#1161=AXIS2_PLACEMENT_3D('',#1158,#1159,#1160);
#1163=CARTESIAN_POINT('',(-2.788011624709E0,0.E0,0.E0));
#1164=DIRECTION('',(-1.E0,0.E0,0.E0));
#1165=DIRECTION('',(0.E0,0.E0,1.E0));
#1166=AXIS2_PLACEMENT_3D('',#1163,#1164,#1165);
#1168=DIRECTION('',(-6.198837529125E-1,0.E0,-7.846936554319E-1));
#1169=VECTOR('',#1168,9.999999999986E-2);
#1170=CARTESIAN_POINT('',(-2.788011624709E0,0.E0,-6.771530634457E0));
#1171=LINE('',#1170,#1169);
#1172=CARTESIAN_POINT('',(-2.85E0,0.E0,0.E0));
#1173=DIRECTION('',(-1.E0,0.E0,0.E0));
#1174=DIRECTION('',(0.E0,0.E0,-1.E0));
#1175=AXIS2_PLACEMENT_3D('',#1172,#1173,#1174);
#1177=CARTESIAN_POINT('',(-2.788011624709E0,0.E0,0.E0));
#1178=DIRECTION('',(-1.E0,0.E0,0.E0));
#1179=DIRECTION('',(0.E0,0.E0,-1.E0));
#1180=AXIS2_PLACEMENT_3D('',#1177,#1178,#1179);
#1182=DIRECTION('',(-6.198837529125E-1,0.E0,7.846936554319E-1));
#1183=VECTOR('',#1182,9.999999999986E-2);
#1184=CARTESIAN_POINT('',(-2.788011624709E0,0.E0,6.771530634457E0));
#1185=LINE('',#1184,#1183);
#1186=DIRECTION('',(-1.E0,0.E0,0.E0));
#1187=VECTOR('',#1186,1.5E-1);
#1188=CARTESIAN_POINT('',(-2.85E0,0.E0,6.85E0));
#1189=LINE('',#1188,#1187);
#1190=DIRECTION('',(7.846936554321E-1,0.E0,-6.198837529123E-1));
#1191=VECTOR('',#1190,2.638194353045E-1);
#1192=CARTESIAN_POINT('',(-2.788011624709E0,0.E0,-6.771530634457E0));
#1193=LINE('',#1192,#1191);
#1194=DIRECTION('',(7.846936554321E-1,0.E0,6.198837529123E-1));
#1195=VECTOR('',#1194,2.638194353045E-1);
#1196=CARTESIAN_POINT('',(-2.788011624709E0,0.E0,6.771530634457E0));
#1197=LINE('',#1196,#1195);
#1198=CARTESIAN_POINT('',(-2.55E0,0.E0,-6.895833333333E0));
#1199=DIRECTION('',(0.E0,1.E0,0.E0));
#1200=DIRECTION('',(0.E0,0.E0,-1.E0));
#1201=AXIS2_PLACEMENT_3D('',#1198,#1199,#1200);
#1203=CARTESIAN_POINT('',(-2.580994187646E0,0.E0,0.E0));
#1204=DIRECTION('',(1.E0,0.E0,0.E0));
#1205=DIRECTION('',(0.E0,0.E0,-1.E0));
#1206=AXIS2_PLACEMENT_3D('',#1203,#1204,#1205);
#1208=CARTESIAN_POINT('',(-2.55E0,0.E0,-6.895833333333E0));
#1209=DIRECTION('',(0.E0,1.E0,0.E0));
#1210=DIRECTION('',(1.E0,0.E0,0.E0));
#1211=AXIS2_PLACEMENT_3D('',#1208,#1209,#1210);
#1213=CARTESIAN_POINT('',(-2.55E0,0.E0,6.895833333333E0));
#1214=DIRECTION('',(0.E0,-1.E0,0.E0));
#1215=DIRECTION('',(1.E0,0.E0,0.E0));
#1216=AXIS2_PLACEMENT_3D('',#1213,#1214,#1215);
#1218=CARTESIAN_POINT('',(-2.55E0,0.E0,6.895833333333E0));
#1219=DIRECTION('',(0.E0,-1.E0,0.E0));
#1220=DIRECTION('',(0.E0,0.E0,1.E0));
#1221=AXIS2_PLACEMENT_3D('',#1218,#1219,#1220);
#1223=CARTESIAN_POINT('',(-2.580994187646E0,0.E0,0.E0));
#1224=DIRECTION('',(1.E0,0.E0,0.E0));
#1225=DIRECTION('',(0.E0,0.E0,1.E0));
#1226=AXIS2_PLACEMENT_3D('',#1223,#1224,#1225);
#1228=CARTESIAN_POINT('',(-2.5E0,0.E0,0.E0));
#1229=DIRECTION('',(1.E0,0.E0,0.E0));
#1230=DIRECTION('',(0.E0,0.E0,-1.E0));
#1231=AXIS2_PLACEMENT_3D('',#1228,#1229,#1230);
#1233=CARTESIAN_POINT('',(-2.5E0,0.E0,0.E0));
#1234=DIRECTION('',(1.E0,0.E0,0.E0));
#1235=DIRECTION('',(0.E0,0.E0,1.E0));
#1236=AXIS2_PLACEMENT_3D('',#1233,#1234,#1235);
#1238=CARTESIAN_POINT('',(-2.500000000001E0,0.E0,0.E0));
#1239=DIRECTION('',(-1.E0,0.E0,0.E0));
#1240=DIRECTION('',(0.E0,0.E0,1.E0));
#1241=AXIS2_PLACEMENT_3D('',#1238,#1239,#1240);
#1243=CARTESIAN_POINT('',(-2.500000000001E0,0.E0,0.E0));
#1244=DIRECTION('',(-1.E0,0.E0,0.E0));
#1245=DIRECTION('',(0.E0,0.E0,-1.E0));
#1246=AXIS2_PLACEMENT_3D('',#1243,#1244,#1245);
#1248=CARTESIAN_POINT('',(-2.680257852931E0,0.E0,-6.78125E0));
#1249=DIRECTION('',(0.E0,1.E0,0.E0));
#1250=DIRECTION('',(7.135639703704E-1,0.E0,7.005900799963E-1));
#1251=AXIS2_PLACEMENT_3D('',#1248,#1249,#1250);
#1253=CARTESIAN_POINT('',(-2.551632343704E0,0.E0,0.E0));
#1254=DIRECTION('',(-1.E0,0.E0,0.E0));
#1255=DIRECTION('',(0.E0,0.E0,1.E0));
#1256=AXIS2_PLACEMENT_3D('',#1253,#1254,#1255);
#1258=CARTESIAN_POINT('',(-2.551632343704E0,0.E0,0.E0));
#1259=DIRECTION('',(-1.E0,0.E0,0.E0));
#1260=DIRECTION('',(0.E0,0.E0,-1.E0));
#1261=AXIS2_PLACEMENT_3D('',#1258,#1259,#1260);
#1263=CARTESIAN_POINT('',(-2.680257852931E0,0.E0,6.78125E0));
#1264=DIRECTION('',(0.E0,-1.E0,0.E0));
#1265=DIRECTION('',(7.135639703704E-1,0.E0,-7.005900799963E-1));
#1266=AXIS2_PLACEMENT_3D('',#1263,#1264,#1265);
#1268=DIRECTION('',(7.005900799980E-1,0.E0,7.135639703687E-1));
#1269=VECTOR('',#1268,4.459624198626E-1);
#1270=CARTESIAN_POINT('',(-2.864069191111E0,0.E0,6.336740421443E0));
#1271=LINE('',#1270,#1269);
#1272=DIRECTION('',(7.005900799980E-1,0.E0,-7.135639703687E-1));
#1273=VECTOR('',#1272,4.459624198626E-1);
#1274=CARTESIAN_POINT('',(-2.864069191111E0,0.E0,-6.336740421443E0));
#1275=LINE('',#1274,#1273);
#1276=CARTESIAN_POINT('',(-2.864069191111E0,0.E0,0.E0));
#1277=DIRECTION('',(1.E0,0.E0,0.E0));
#1278=DIRECTION('',(0.E0,0.E0,-1.E0));
#1279=AXIS2_PLACEMENT_3D('',#1276,#1277,#1278);
#1281=CARTESIAN_POINT('',(-2.65E0,0.E0,6.126563397444E0));
#1282=DIRECTION('',(0.E0,-1.E0,0.E0));
#1283=DIRECTION('',(-7.135639703700E-1,0.E0,7.005900799967E-1));
#1284=AXIS2_PLACEMENT_3D('',#1281,#1282,#1283);
#1286=CARTESIAN_POINT('',(-2.65E0,0.E0,-6.126563397444E0));
#1287=DIRECTION('',(0.E0,1.E0,0.E0));
#1288=DIRECTION('',(-7.135639703700E-1,0.E0,-7.005900799967E-1));
#1289=AXIS2_PLACEMENT_3D('',#1286,#1287,#1288);
#1291=CARTESIAN_POINT('',(-2.864069191111E0,0.E0,0.E0));
#1292=DIRECTION('',(1.E0,0.E0,0.E0));
#1293=DIRECTION('',(0.E0,0.E0,1.E0));
#1294=AXIS2_PLACEMENT_3D('',#1291,#1292,#1293);
#1296=CARTESIAN_POINT('',(-2.95E0,0.E0,0.E0));
#1297=DIRECTION('',(1.E0,0.E0,0.E0));
#1298=DIRECTION('',(0.E0,0.E0,-1.E0));
#1299=AXIS2_PLACEMENT_3D('',#1296,#1297,#1298);
#1301=CARTESIAN_POINT('',(-2.95E0,0.E0,0.E0));
#1302=DIRECTION('',(1.E0,0.E0,0.E0));
#1303=DIRECTION('',(0.E0,0.E0,1.E0));
#1304=AXIS2_PLACEMENT_3D('',#1301,#1302,#1303);
#1306=CARTESIAN_POINT('',(-2.95E0,0.E0,0.E0));
#1307=DIRECTION('',(-1.E0,0.E0,0.E0));
#1308=DIRECTION('',(0.E0,0.E0,1.E0));
#1309=AXIS2_PLACEMENT_3D('',#1306,#1307,#1308);
#1311=CARTESIAN_POINT('',(-2.95E0,0.E0,0.E0));
#1312=DIRECTION('',(-1.E0,0.E0,0.E0));
#1313=DIRECTION('',(0.E0,0.E0,-1.E0));
#1314=AXIS2_PLACEMENT_3D('',#1311,#1312,#1313);
#1316=DIRECTION('',(-1.E0,0.E0,0.E0));
#1317=VECTOR('',#1316,1.E-1);
#1318=CARTESIAN_POINT('',(-2.85E0,0.E0,-4.65E0));
#1319=LINE('',#1318,#1317);
#1320=DIRECTION('',(-1.E0,0.E0,0.E0));
#1321=VECTOR('',#1320,1.E-1);
#1322=CARTESIAN_POINT('',(-2.85E0,0.E0,4.65E0));
#1323=LINE('',#1322,#1321);
#1324=CARTESIAN_POINT('',(-2.85E0,0.E0,0.E0));
#1325=DIRECTION('',(-1.E0,0.E0,0.E0));
#1326=DIRECTION('',(0.E0,0.E0,1.E0));
#1327=AXIS2_PLACEMENT_3D('',#1324,#1325,#1326);
#1329=CARTESIAN_POINT('',(-2.85E0,0.E0,0.E0));
#1330=DIRECTION('',(-1.E0,0.E0,0.E0));
#1331=DIRECTION('',(0.E0,0.E0,-1.E0));
#1332=AXIS2_PLACEMENT_3D('',#1329,#1330,#1331);
#1334=CARTESIAN_POINT('',(-2.85E0,0.E0,0.E0));
#1335=DIRECTION('',(1.E0,0.E0,0.E0));
#1336=DIRECTION('',(0.E0,0.E0,-1.E0));
#1337=AXIS2_PLACEMENT_3D('',#1334,#1335,#1336);
#1339=CARTESIAN_POINT('',(-2.85E0,0.E0,0.E0));
#1340=DIRECTION('',(1.E0,0.E0,0.E0));
#1341=DIRECTION('',(0.E0,0.E0,1.E0));
#1342=AXIS2_PLACEMENT_3D('',#1339,#1340,#1341);
#1344=CARTESIAN_POINT('',(-2.65E0,0.E0,-6.126563397444E0));
#1345=DIRECTION('',(0.E0,1.E0,0.E0));
#1346=DIRECTION('',(-7.135639703709E-1,0.E0,-7.005900799958E-1));
#1347=AXIS2_PLACEMENT_3D('',#1344,#1345,#1346);
#1349=CARTESIAN_POINT('',(-2.792712794074E0,0.E0,0.E0));
#1350=DIRECTION('',(-1.E0,0.E0,0.E0));
#1351=DIRECTION('',(0.E0,0.E0,1.E0));
#1352=AXIS2_PLACEMENT_3D('',#1349,#1350,#1351);
#1354=CARTESIAN_POINT('',(-2.792712794074E0,0.E0,0.E0));
#1355=DIRECTION('',(-1.E0,0.E0,0.E0));
#1356=DIRECTION('',(0.E0,0.E0,-1.E0));
#1357=AXIS2_PLACEMENT_3D('',#1354,#1355,#1356);
#1359=CARTESIAN_POINT('',(-2.65E0,0.E0,6.126563397444E0));
#1360=DIRECTION('',(0.E0,-1.E0,0.E0));
#1361=DIRECTION('',(-7.135639703709E-1,0.E0,7.005900799958E-1));
#1362=AXIS2_PLACEMENT_3D('',#1359,#1360,#1361);
#1364=DIRECTION('',(7.005900799980E-1,0.E0,-7.135639703687E-1));
#1365=VECTOR('',#1364,4.459624198626E-1);
#1366=CARTESIAN_POINT('',(-2.792712794074E0,0.E0,-6.266681413443E0));
#1367=LINE('',#1366,#1365);
#1368=DIRECTION('',(7.005900799980E-1,0.E0,7.135639703687E-1));
#1369=VECTOR('',#1368,4.459624198626E-1);
#1370=CARTESIAN_POINT('',(-2.792712794074E0,0.E0,6.266681413443E0));
#1371=LINE('',#1370,#1369);
#1372=CARTESIAN_POINT('',(-2.400000000001E0,0.E0,0.E0));
#1373=DIRECTION('',(-1.E0,0.E0,0.E0));
#1374=DIRECTION('',(0.E0,0.E0,1.E0));
#1375=AXIS2_PLACEMENT_3D('',#1372,#1373,#1374);
#1377=CARTESIAN_POINT('',(-2.480275946667E0,0.E0,0.E0));
#1378=DIRECTION('',(1.E0,0.E0,0.E0));
#1379=DIRECTION('',(0.E0,0.E0,-1.E0));
#1380=AXIS2_PLACEMENT_3D('',#1377,#1378,#1379);
#1382=CARTESIAN_POINT('',(-2.680257852931E0,0.E0,6.78125E0));
#1383=DIRECTION('',(0.E0,-1.E0,0.E0));
#1384=DIRECTION('',(7.135639703697E-1,0.E0,-7.005900799970E-1));
#1385=AXIS2_PLACEMENT_3D('',#1382,#1383,#1384);
#1387=CARTESIAN_POINT('',(-2.4E0,0.E0,0.E0));
#1388=DIRECTION('',(-1.E0,0.E0,0.E0));
#1389=DIRECTION('',(0.E0,0.E0,1.E0));
#1390=AXIS2_PLACEMENT_3D('',#1387,#1388,#1389);
#1392=CARTESIAN_POINT('',(-2.4E0,0.E0,0.E0));
#1393=DIRECTION('',(-1.E0,0.E0,0.E0));
#1394=DIRECTION('',(0.E0,0.E0,-1.E0));
#1395=AXIS2_PLACEMENT_3D('',#1392,#1393,#1394);
#1397=CARTESIAN_POINT('',(-2.400000000001E0,0.E0,0.E0));
#1398=DIRECTION('',(-1.E0,0.E0,0.E0));
#1399=DIRECTION('',(0.E0,0.E0,-1.E0));
#1400=AXIS2_PLACEMENT_3D('',#1397,#1398,#1399);
#1402=CARTESIAN_POINT('',(-2.480275946667E0,0.E0,0.E0));
#1403=DIRECTION('',(1.E0,0.E0,0.E0));
#1404=DIRECTION('',(0.E0,0.E0,1.E0));
#1405=AXIS2_PLACEMENT_3D('',#1402,#1403,#1404);
#1407=CARTESIAN_POINT('',(-2.680257852931E0,0.E0,-6.78125E0));
#1408=DIRECTION('',(0.E0,1.E0,0.E0));
#1409=DIRECTION('',(7.135639703697E-1,0.E0,7.005900799970E-1));
#1410=AXIS2_PLACEMENT_3D('',#1407,#1408,#1409);
#1412=DIRECTION('',(-1.E0,0.E0,1.047343743567E-13));
#1413=VECTOR('',#1412,1.255083700294E0);
#1414=CARTESIAN_POINT('',(-1.144916299706E0,0.E0,-6.666666666667E0));
#1415=LINE('',#1414,#1413);
#1416=DIRECTION('',(-1.E0,0.E0,-1.047343743567E-13));
#1417=VECTOR('',#1416,1.255083700294E0);
#1418=CARTESIAN_POINT('',(-1.144916299706E0,0.E0,6.666666666667E0));
#1419=LINE('',#1418,#1417);
#1420=CARTESIAN_POINT('',(-1.144916299707E0,0.E0,0.E0));
#1421=DIRECTION('',(1.E0,0.E0,0.E0));
#1422=DIRECTION('',(0.E0,0.E0,-1.E0));
#1423=AXIS2_PLACEMENT_3D('',#1420,#1421,#1422);
#1425=CARTESIAN_POINT('',(1.144916299707E0,0.E0,0.E0));
#1426=DIRECTION('',(-1.E0,0.E0,0.E0));
#1427=DIRECTION('',(0.E0,0.E0,1.E0));
#1428=AXIS2_PLACEMENT_3D('',#1425,#1426,#1427);
#1430=DIRECTION('',(-1.E0,0.E0,-1.047343743567E-13));
#1431=VECTOR('',#1430,1.255083700294E0);
#1432=CARTESIAN_POINT('',(2.4E0,0.E0,-6.666666666667E0));
#1433=LINE('',#1432,#1431);
#1434=CARTESIAN_POINT('',(-2.551632343704E0,0.E0,-6.654963136395E0));
#1435=CARTESIAN_POINT('',(-2.551632343704E0,0.E0,6.654963136395E0));
#1436=VERTEX_POINT('',#1434);
#1437=VERTEX_POINT('',#1435);
#1438=CARTESIAN_POINT('',(-2.500000000001E0,0.E0,6.78125E0));
#1439=VERTEX_POINT('',#1438);
#1440=CARTESIAN_POINT('',(-2.500000000001E0,0.E0,-6.78125E0));
#1441=VERTEX_POINT('',#1440);
#1442=CARTESIAN_POINT('',(-2.864069191111E0,0.E0,6.336740421443E0));
#1443=VERTEX_POINT('',#1442);
#1444=CARTESIAN_POINT('',(-2.864069191111E0,0.E0,-6.336740421443E0));
#1445=VERTEX_POINT('',#1444);
#1446=CARTESIAN_POINT('',(-2.95E0,0.E0,6.126563397444E0));
#1447=VERTEX_POINT('',#1446);
#1448=CARTESIAN_POINT('',(-2.95E0,0.E0,-6.126563397444E0));
#1449=VERTEX_POINT('',#1448);
#1450=CARTESIAN_POINT('',(-2.95E0,0.E0,4.65E0));
#1451=CARTESIAN_POINT('',(-2.95E0,0.E0,-4.65E0));
#1452=VERTEX_POINT('',#1450);
#1453=VERTEX_POINT('',#1451);
#1454=CARTESIAN_POINT('',(-2.85E0,0.E0,-4.65E0));
#1455=VERTEX_POINT('',#1454);
#1456=CARTESIAN_POINT('',(-2.85E0,0.E0,4.65E0));
#1457=VERTEX_POINT('',#1456);
#1458=CARTESIAN_POINT('',(-2.85E0,0.E0,6.126563397444E0));
#1459=CARTESIAN_POINT('',(-2.85E0,0.E0,-6.126563397444E0));
#1460=VERTEX_POINT('',#1458);
#1461=VERTEX_POINT('',#1459);
#1462=CARTESIAN_POINT('',(-2.792712794074E0,0.E0,-6.266681413443E0));
#1463=VERTEX_POINT('',#1462);
#1464=CARTESIAN_POINT('',(-2.792712794074E0,0.E0,6.266681413443E0));
#1465=VERTEX_POINT('',#1464);
#1466=CARTESIAN_POINT('',(-2.480275946666E0,0.E0,-6.584904128395E0));
#1467=VERTEX_POINT('',#1466);
#1468=CARTESIAN_POINT('',(-2.480275946667E0,0.E0,6.584904128395E0));
#1469=VERTEX_POINT('',#1468);
#1470=CARTESIAN_POINT('',(-2.788011624709E0,0.E0,6.771530634457E0));
#1471=CARTESIAN_POINT('',(-2.788011624709E0,0.E0,-6.771530634457E0));
#1472=VERTEX_POINT('',#1470);
#1473=VERTEX_POINT('',#1471);
#1474=CARTESIAN_POINT('',(-2.580994187646E0,0.E0,-6.935068016105E0));
#1475=VERTEX_POINT('',#1474);
#1476=CARTESIAN_POINT('',(-2.580994187646E0,0.E0,6.935068016105E0));
#1477=VERTEX_POINT('',#1476);
#1478=CARTESIAN_POINT('',(-2.55E0,0.E0,-6.945833333333E0));
#1479=VERTEX_POINT('',#1478);
#1480=CARTESIAN_POINT('',(-2.55E0,0.E0,6.945833333333E0));
#1481=VERTEX_POINT('',#1480);
#1482=CARTESIAN_POINT('',(-2.5E0,0.E0,6.895833333333E0));
#1483=VERTEX_POINT('',#1482);
#1484=CARTESIAN_POINT('',(-2.5E0,0.E0,-6.895833333333E0));
#1485=VERTEX_POINT('',#1484);
#1486=CARTESIAN_POINT('',(2.788011624709E0,0.E0,6.771530634457E0));
#1487=CARTESIAN_POINT('',(2.788011624709E0,0.E0,-6.771530634457E0));
#1488=VERTEX_POINT('',#1486);
#1489=VERTEX_POINT('',#1487);
#1490=CARTESIAN_POINT('',(2.580994187646E0,0.E0,-6.935068016105E0));
#1491=VERTEX_POINT('',#1490);
#1492=CARTESIAN_POINT('',(2.580994187646E0,0.E0,6.935068016105E0));
#1493=VERTEX_POINT('',#1492);
#1494=CARTESIAN_POINT('',(2.480275946667E0,0.E0,6.584904128395E0));
#1495=CARTESIAN_POINT('',(2.480275946667E0,0.E0,-6.584904128395E0));
#1496=VERTEX_POINT('',#1494);
#1497=VERTEX_POINT('',#1495);
#1498=CARTESIAN_POINT('',(2.792712794074E0,0.E0,6.266681413443E0));
#1499=VERTEX_POINT('',#1498);
#1500=CARTESIAN_POINT('',(2.792712794074E0,0.E0,-6.266681413443E0));
#1501=VERTEX_POINT('',#1500);
#1502=CARTESIAN_POINT('',(2.85E0,0.E0,6.126563397444E0));
#1503=VERTEX_POINT('',#1502);
#1504=CARTESIAN_POINT('',(2.85E0,0.E0,-6.126563397444E0));
#1505=VERTEX_POINT('',#1504);
#1506=CARTESIAN_POINT('',(2.85E0,0.E0,4.65E0));
#1507=CARTESIAN_POINT('',(2.85E0,0.E0,-4.65E0));
#1508=VERTEX_POINT('',#1506);
#1509=VERTEX_POINT('',#1507);
#1510=CARTESIAN_POINT('',(2.95E0,0.E0,4.65E0));
#1511=VERTEX_POINT('',#1510);
#1512=CARTESIAN_POINT('',(2.95E0,0.E0,-4.65E0));
#1513=VERTEX_POINT('',#1512);
#1514=CARTESIAN_POINT('',(2.95E0,0.E0,6.126563397444E0));
#1515=CARTESIAN_POINT('',(2.95E0,0.E0,-6.126563397444E0));
#1516=VERTEX_POINT('',#1514);
#1517=VERTEX_POINT('',#1515);
#1518=CARTESIAN_POINT('',(2.864069191111E0,0.E0,-6.336740421443E0));
#1519=VERTEX_POINT('',#1518);
#1520=CARTESIAN_POINT('',(2.864069191111E0,0.E0,6.336740421443E0));
#1521=VERTEX_POINT('',#1520);
#1522=CARTESIAN_POINT('',(2.551632343703E0,0.E0,-6.654963136395E0));
#1523=VERTEX_POINT('',#1522);
#1524=CARTESIAN_POINT('',(2.551632343704E0,0.E0,6.654963136395E0));
#1525=VERTEX_POINT('',#1524);
#1526=CARTESIAN_POINT('',(2.500000000001E0,0.E0,6.78125E0));
#1527=VERTEX_POINT('',#1526);
#1528=CARTESIAN_POINT('',(2.500000000001E0,0.E0,-6.78125E0));
#1529=VERTEX_POINT('',#1528);
#1530=CARTESIAN_POINT('',(2.5E0,0.E0,6.895833333333E0));
#1531=CARTESIAN_POINT('',(2.5E0,0.E0,-6.895833333333E0));
#1532=VERTEX_POINT('',#1530);
#1533=VERTEX_POINT('',#1531);
#1534=CARTESIAN_POINT('',(2.55E0,0.E0,6.945833333333E0));
#1535=VERTEX_POINT('',#1534);
#1536=CARTESIAN_POINT('',(2.55E0,0.E0,-6.945833333333E0));
#1537=VERTEX_POINT('',#1536);
#1538=CARTESIAN_POINT('',(-1.144916299706E0,0.E0,-6.666666666667E0));
#1539=CARTESIAN_POINT('',(-2.4E0,0.E0,-6.666666666667E0));
#1540=VERTEX_POINT('',#1538);
#1541=VERTEX_POINT('',#1539);
#1542=CARTESIAN_POINT('',(-2.4E0,0.E0,6.666666666667E0));
#1543=VERTEX_POINT('',#1542);
#1544=CARTESIAN_POINT('',(-1.144916299706E0,0.E0,6.666666666667E0));
#1545=VERTEX_POINT('',#1544);
#1546=CARTESIAN_POINT('',(1.144916299707E0,0.E0,-6.666666666667E0));
#1547=CARTESIAN_POINT('',(1.144916299707E0,0.E0,6.666666666667E0));
#1548=VERTEX_POINT('',#1546);
#1549=VERTEX_POINT('',#1547);
#1550=CARTESIAN_POINT('',(2.4E0,0.E0,6.666666666667E0));
#1551=CARTESIAN_POINT('',(2.4E0,0.E0,-6.666666666667E0));
#1552=VERTEX_POINT('',#1550);
#1553=VERTEX_POINT('',#1551);
#1554=CARTESIAN_POINT('',(3.E0,0.E0,6.85E0));
#1555=CARTESIAN_POINT('',(3.E0,0.E0,-6.85E0));
#1556=VERTEX_POINT('',#1554);
#1557=VERTEX_POINT('',#1555);
#1558=CARTESIAN_POINT('',(3.E0,0.E0,8.2E0));
#1559=CARTESIAN_POINT('',(3.E0,0.E0,-8.2E0));
#1560=VERTEX_POINT('',#1558);
#1561=VERTEX_POINT('',#1559);
#1562=CARTESIAN_POINT('',(2.7E0,0.E0,8.5E0));
#1563=VERTEX_POINT('',#1562);
#1564=CARTESIAN_POINT('',(2.7E0,0.E0,-8.5E0));
#1565=VERTEX_POINT('',#1564);
#1566=CARTESIAN_POINT('',(-2.7E0,0.E0,-8.5E0));
#1567=VERTEX_POINT('',#1566);
#1568=CARTESIAN_POINT('',(-2.7E0,0.E0,8.5E0));
#1569=VERTEX_POINT('',#1568);
#1570=CARTESIAN_POINT('',(-3.E0,0.E0,8.2E0));
#1571=VERTEX_POINT('',#1570);
#1572=CARTESIAN_POINT('',(-3.E0,0.E0,-8.2E0));
#1573=VERTEX_POINT('',#1572);
#1574=CARTESIAN_POINT('',(-3.E0,0.E0,6.85E0));
#1575=CARTESIAN_POINT('',(-3.E0,0.E0,-6.85E0));
#1576=VERTEX_POINT('',#1574);
#1577=VERTEX_POINT('',#1575);
#1578=CARTESIAN_POINT('',(-2.400000000001E0,0.E0,6.78125E0));
#1579=CARTESIAN_POINT('',(-2.400000000001E0,0.E0,-6.78125E0));
#1580=VERTEX_POINT('',#1578);
#1581=VERTEX_POINT('',#1579);
#1582=CARTESIAN_POINT('',(-2.85E0,0.E0,-6.85E0));
#1583=CARTESIAN_POINT('',(-2.85E0,0.E0,6.85E0));
#1584=VERTEX_POINT('',#1582);
#1585=VERTEX_POINT('',#1583);
#1586=CARTESIAN_POINT('',(2.85E0,0.E0,6.85E0));
#1587=CARTESIAN_POINT('',(2.85E0,0.E0,-6.85E0));
#1588=VERTEX_POINT('',#1586);
#1589=VERTEX_POINT('',#1587);
#1590=CARTESIAN_POINT('',(2.400000000001E0,0.E0,-6.78125E0));
#1591=CARTESIAN_POINT('',(2.400000000001E0,0.E0,6.78125E0));
#1592=VERTEX_POINT('',#1590);
#1593=VERTEX_POINT('',#1591);
#1594=CARTESIAN_POINT('',(0.E0,0.E0,0.E0));
#1595=DIRECTION('',(-1.E0,0.E0,0.E0));
#1596=DIRECTION('',(0.E0,0.E0,1.E0));
#1597=AXIS2_PLACEMENT_3D('',#1594,#1595,#1596);
#1598=TOROIDAL_SURFACE('',#1597,5.75E0,1.466666666667E0);
#1600=ORIENTED_EDGE('',*,*,#1599,.T.);
#1602=ORIENTED_EDGE('',*,*,#1601,.T.);
#1604=ORIENTED_EDGE('',*,*,#1603,.T.);
#1606=ORIENTED_EDGE('',*,*,#1605,.T.);
#1607=EDGE_LOOP('',(#1600,#1602,#1604,#1606));
#1608=FACE_OUTER_BOUND('',#1607,.F.);
#1609=ADVANCED_FACE('',(#1608),#1598,.F.);
#1610=CARTESIAN_POINT('',(0.E0,0.E0,0.E0));
#1611=DIRECTION('',(-1.E0,0.E0,0.E0));
#1612=DIRECTION('',(0.E0,0.E0,1.E0));
#1613=AXIS2_PLACEMENT_3D('',#1610,#1611,#1612);
#1614=CYLINDRICAL_SURFACE('',#1613,6.666666666667E0);
#1616=ORIENTED_EDGE('',*,*,#1615,.F.);
#1618=ORIENTED_EDGE('',*,*,#1617,.T.);
#1619=ORIENTED_EDGE('',*,*,#1599,.F.);
#1621=ORIENTED_EDGE('',*,*,#1620,.F.);
#1622=EDGE_LOOP('',(#1616,#1618,#1619,#1621));
#1623=FACE_OUTER_BOUND('',#1622,.F.);
#1624=ADVANCED_FACE('',(#1623),#1614,.F.);
#1625=CARTESIAN_POINT('',(2.4E0,6.666666666667E0,0.E0));
#1626=DIRECTION('',(-1.E0,0.E0,0.E0));
#1627=DIRECTION('',(0.E0,0.E0,1.E0));
#1628=AXIS2_PLACEMENT_3D('',#1625,#1626,#1627);
#1629=PLANE('',#1628);
#1631=ORIENTED_EDGE('',*,*,#1630,.F.);
#1633=ORIENTED_EDGE('',*,*,#1632,.F.);
#1634=EDGE_LOOP('',(#1631,#1633));
#1635=FACE_OUTER_BOUND('',#1634,.F.);
#1637=ORIENTED_EDGE('',*,*,#1636,.T.);
#1638=ORIENTED_EDGE('',*,*,#1615,.T.);
#1639=EDGE_LOOP('',(#1637,#1638));
#1640=FACE_BOUND('',#1639,.F.);
#1641=ADVANCED_FACE('',(#1635,#1640),#1629,.F.);
#1642=CARTESIAN_POINT('',(2.680257852931E0,0.E0,0.E0));
#1643=DIRECTION('',(1.E0,0.E0,0.E0));
#1644=DIRECTION('',(0.E0,0.E0,1.E0));
#1645=AXIS2_PLACEMENT_3D('',#1642,#1643,#1644);
#1646=TOROIDAL_SURFACE('',#1645,6.78125E0,2.802578529305E-1);
#1647=ORIENTED_EDGE('',*,*,#1630,.T.);
#1649=ORIENTED_EDGE('',*,*,#1648,.F.);
#1651=ORIENTED_EDGE('',*,*,#1650,.T.);
#1653=ORIENTED_EDGE('',*,*,#1652,.T.);
#1654=EDGE_LOOP('',(#1647,#1649,#1651,#1653));
#1655=FACE_OUTER_BOUND('',#1654,.F.);
#1656=ADVANCED_FACE('',(#1655),#1646,.T.);
#1657=CARTESIAN_POINT('',(2.680257852931E0,0.E0,0.E0));
#1658=DIRECTION('',(1.E0,0.E0,0.E0));
#1659=DIRECTION('',(0.E0,0.E0,1.E0));
#1660=AXIS2_PLACEMENT_3D('',#1657,#1658,#1659);
#1661=TOROIDAL_SURFACE('',#1660,6.78125E0,2.802578529305E-1);
#1662=ORIENTED_EDGE('',*,*,#1632,.T.);
#1663=ORIENTED_EDGE('',*,*,#1652,.F.);
#1665=ORIENTED_EDGE('',*,*,#1664,.T.);
#1666=ORIENTED_EDGE('',*,*,#1648,.T.);
#1667=EDGE_LOOP('',(#1662,#1663,#1665,#1666));
#1668=FACE_OUTER_BOUND('',#1667,.F.);
#1669=ADVANCED_FACE('',(#1668),#1661,.T.);
#1670=CARTESIAN_POINT('',(2.636494370370E0,0.E0,0.E0));
#1671=DIRECTION('',(-1.E0,0.E0,0.E0));
#1672=DIRECTION('',(0.E0,0.E0,-1.E0));
#1673=AXIS2_PLACEMENT_3D('',#1670,#1671,#1672);
#1674=CONICAL_SURFACE('',#1673,6.425792770919E0,4.552563460646E1);
#1676=ORIENTED_EDGE('',*,*,#1675,.T.);
#1677=ORIENTED_EDGE('',*,*,#1664,.F.);
#1679=ORIENTED_EDGE('',*,*,#1678,.F.);
#1681=ORIENTED_EDGE('',*,*,#1680,.F.);
#1682=EDGE_LOOP('',(#1676,#1677,#1679,#1681));
#1683=FACE_OUTER_BOUND('',#1682,.F.);
#1684=ADVANCED_FACE('',(#1683),#1674,.F.);
#1685=CARTESIAN_POINT('',(2.636494370370E0,0.E0,0.E0));
#1686=DIRECTION('',(-1.E0,0.E0,0.E0));
#1687=DIRECTION('',(0.E0,0.E0,-1.E0));
#1688=AXIS2_PLACEMENT_3D('',#1685,#1686,#1687);
#1689=CONICAL_SURFACE('',#1688,6.425792770919E0,4.552563460646E1);
#1691=ORIENTED_EDGE('',*,*,#1690,.F.);
#1692=ORIENTED_EDGE('',*,*,#1678,.T.);
#1693=ORIENTED_EDGE('',*,*,#1650,.F.);
#1694=ORIENTED_EDGE('',*,*,#1675,.F.);
#1695=EDGE_LOOP('',(#1691,#1692,#1693,#1694));
#1696=FACE_OUTER_BOUND('',#1695,.F.);
#1697=ADVANCED_FACE('',(#1696),#1689,.F.);
#1698=CARTESIAN_POINT('',(2.65E0,0.E0,0.E0));
#1699=DIRECTION('',(1.E0,0.E0,0.E0));
#1700=DIRECTION('',(0.E0,0.E0,1.E0));
#1701=AXIS2_PLACEMENT_3D('',#1698,#1699,#1700);
#1702=TOROIDAL_SURFACE('',#1701,6.126563397444E0,2.E-1);
#1703=ORIENTED_EDGE('',*,*,#1690,.T.);
#1705=ORIENTED_EDGE('',*,*,#1704,.T.);
#1707=ORIENTED_EDGE('',*,*,#1706,.F.);
#1709=ORIENTED_EDGE('',*,*,#1708,.F.);
#1710=EDGE_LOOP('',(#1703,#1705,#1707,#1709));
#1711=FACE_OUTER_BOUND('',#1710,.F.);
#1712=ADVANCED_FACE('',(#1711),#1702,.F.);
#1713=CARTESIAN_POINT('',(2.65E0,0.E0,0.E0));
#1714=DIRECTION('',(1.E0,0.E0,0.E0));
#1715=DIRECTION('',(0.E0,0.E0,1.E0));
#1716=AXIS2_PLACEMENT_3D('',#1713,#1714,#1715);
#1717=TOROIDAL_SURFACE('',#1716,6.126563397444E0,2.E-1);
#1718=ORIENTED_EDGE('',*,*,#1708,.T.);
#1720=ORIENTED_EDGE('',*,*,#1719,.F.);
#1721=ORIENTED_EDGE('',*,*,#1704,.F.);
#1722=ORIENTED_EDGE('',*,*,#1680,.T.);
#1723=EDGE_LOOP('',(#1718,#1720,#1721,#1722));
#1724=FACE_OUTER_BOUND('',#1723,.F.);
#1725=ADVANCED_FACE('',(#1724),#1717,.F.);
#1726=CARTESIAN_POINT('',(2.85E0,6.126563397444E0,0.E0));
#1727=DIRECTION('',(-1.E0,0.E0,0.E0));
#1728=DIRECTION('',(0.E0,0.E0,-1.E0));
#1729=AXIS2_PLACEMENT_3D('',#1726,#1727,#1728);
#1730=PLANE('',#1729);
#1731=ORIENTED_EDGE('',*,*,#1706,.T.);
#1732=ORIENTED_EDGE('',*,*,#1719,.T.);
#1733=EDGE_LOOP('',(#1731,#1732));
#1734=FACE_OUTER_BOUND('',#1733,.F.);
#1736=ORIENTED_EDGE('',*,*,#1735,.T.);
#1738=ORIENTED_EDGE('',*,*,#1737,.T.);
#1739=EDGE_LOOP('',(#1736,#1738));
#1740=FACE_BOUND('',#1739,.F.);
#1741=ADVANCED_FACE('',(#1734,#1740),#1730,.T.);
#1742=CARTESIAN_POINT('',(0.E0,0.E0,0.E0));
#1743=DIRECTION('',(1.E0,0.E0,0.E0));
#1744=DIRECTION('',(0.E0,0.E0,1.E0));
#1745=AXIS2_PLACEMENT_3D('',#1742,#1743,#1744);
#1746=CYLINDRICAL_SURFACE('',#1745,4.65E0);
#1747=ORIENTED_EDGE('',*,*,#1735,.F.);
#1749=ORIENTED_EDGE('',*,*,#1748,.T.);
#1751=ORIENTED_EDGE('',*,*,#1750,.F.);
#1753=ORIENTED_EDGE('',*,*,#1752,.F.);
#1754=EDGE_LOOP('',(#1747,#1749,#1751,#1753));
#1755=FACE_OUTER_BOUND('',#1754,.F.);
#1756=ADVANCED_FACE('',(#1755),#1746,.F.);
#1757=CARTESIAN_POINT('',(0.E0,0.E0,0.E0));
#1758=DIRECTION('',(1.E0,0.E0,0.E0));
#1759=DIRECTION('',(0.E0,0.E0,1.E0));
#1760=AXIS2_PLACEMENT_3D('',#1757,#1758,#1759);
#1761=CYLINDRICAL_SURFACE('',#1760,4.65E0);
#1762=ORIENTED_EDGE('',*,*,#1752,.T.);
#1764=ORIENTED_EDGE('',*,*,#1763,.F.);
#1765=ORIENTED_EDGE('',*,*,#1748,.F.);
#1766=ORIENTED_EDGE('',*,*,#1737,.F.);
#1767=EDGE_LOOP('',(#1762,#1764,#1765,#1766));
#1768=FACE_OUTER_BOUND('',#1767,.F.);
#1769=ADVANCED_FACE('',(#1768),#1761,.F.);
#1770=CARTESIAN_POINT('',(2.95E0,6.126563397444E0,0.E0));
#1771=DIRECTION('',(-1.E0,0.E0,0.E0));
#1772=DIRECTION('',(0.E0,0.E0,-1.E0));
#1773=AXIS2_PLACEMENT_3D('',#1770,#1771,#1772);
#1774=PLANE('',#1773);
#1776=ORIENTED_EDGE('',*,*,#1775,.T.);
#1778=ORIENTED_EDGE('',*,*,#1777,.T.);
#1779=EDGE_LOOP('',(#1776,#1778));
#1780=FACE_OUTER_BOUND('',#1779,.F.);
#1781=ORIENTED_EDGE('',*,*,#1750,.T.);
#1782=ORIENTED_EDGE('',*,*,#1763,.T.);
#1783=EDGE_LOOP('',(#1781,#1782));
#1784=FACE_BOUND('',#1783,.F.);
#1785=ADVANCED_FACE('',(#1780,#1784),#1774,.F.);
#1786=CARTESIAN_POINT('',(2.65E0,0.E0,0.E0));
#1787=DIRECTION('',(1.E0,0.E0,0.E0));
#1788=DIRECTION('',(0.E0,0.E0,1.E0));
#1789=AXIS2_PLACEMENT_3D('',#1786,#1787,#1788);
#1790=TOROIDAL_SURFACE('',#1789,6.126563397444E0,3.E-1);
#1792=ORIENTED_EDGE('',*,*,#1791,.T.);
#1793=ORIENTED_EDGE('',*,*,#1775,.F.);
#1795=ORIENTED_EDGE('',*,*,#1794,.F.);
#1797=ORIENTED_EDGE('',*,*,#1796,.T.);
#1798=EDGE_LOOP('',(#1792,#1793,#1795,#1797));
#1799=FACE_OUTER_BOUND('',#1798,.F.);
#1800=ADVANCED_FACE('',(#1799),#1790,.T.);
#1801=CARTESIAN_POINT('',(2.65E0,0.E0,0.E0));
#1802=DIRECTION('',(1.E0,0.E0,0.E0));
#1803=DIRECTION('',(0.E0,0.E0,1.E0));
#1804=AXIS2_PLACEMENT_3D('',#1801,#1802,#1803);
#1805=TOROIDAL_SURFACE('',#1804,6.126563397444E0,3.E-1);
#1807=ORIENTED_EDGE('',*,*,#1806,.T.);
#1808=ORIENTED_EDGE('',*,*,#1794,.T.);
#1809=ORIENTED_EDGE('',*,*,#1777,.F.);
#1810=ORIENTED_EDGE('',*,*,#1791,.F.);
#1811=EDGE_LOOP('',(#1807,#1808,#1809,#1810));
#1812=FACE_OUTER_BOUND('',#1811,.F.);
#1813=ADVANCED_FACE('',(#1812),#1805,.T.);
#1814=CARTESIAN_POINT('',(2.707850767407E0,0.E0,0.E0));
#1815=DIRECTION('',(-1.E0,0.E0,0.E0));
#1816=DIRECTION('',(0.E0,0.E0,-1.E0));
#1817=AXIS2_PLACEMENT_3D('',#1814,#1815,#1816);
#1818=CONICAL_SURFACE('',#1817,6.495851778919E0,4.552563460646E1);
#1819=ORIENTED_EDGE('',*,*,#1806,.F.);
#1821=ORIENTED_EDGE('',*,*,#1820,.T.);
#1823=ORIENTED_EDGE('',*,*,#1822,.F.);
#1825=ORIENTED_EDGE('',*,*,#1824,.F.);
#1826=EDGE_LOOP('',(#1819,#1821,#1823,#1825));
#1827=FACE_OUTER_BOUND('',#1826,.F.);
#1828=ADVANCED_FACE('',(#1827),#1818,.T.);
#1829=CARTESIAN_POINT('',(2.707850767407E0,0.E0,0.E0));
#1830=DIRECTION('',(-1.E0,0.E0,0.E0));
#1831=DIRECTION('',(0.E0,0.E0,-1.E0));
#1832=AXIS2_PLACEMENT_3D('',#1829,#1830,#1831);
#1833=CONICAL_SURFACE('',#1832,6.495851778919E0,4.552563460646E1);
#1834=ORIENTED_EDGE('',*,*,#1824,.T.);
#1836=ORIENTED_EDGE('',*,*,#1835,.F.);
#1837=ORIENTED_EDGE('',*,*,#1820,.F.);
#1838=ORIENTED_EDGE('',*,*,#1796,.F.);
#1839=EDGE_LOOP('',(#1834,#1836,#1837,#1838));
#1840=FACE_OUTER_BOUND('',#1839,.F.);
#1841=ADVANCED_FACE('',(#1840),#1833,.T.);
#1842=CARTESIAN_POINT('',(2.680257852931E0,0.E0,0.E0));
#1843=DIRECTION('',(1.E0,0.E0,0.E0));
#1844=DIRECTION('',(0.E0,0.E0,1.E0));
#1845=AXIS2_PLACEMENT_3D('',#1842,#1843,#1844);
#1846=TOROIDAL_SURFACE('',#1845,6.78125E0,1.802578529305E-1);
#1847=ORIENTED_EDGE('',*,*,#1835,.T.);
#1849=ORIENTED_EDGE('',*,*,#1848,.T.);
#1851=ORIENTED_EDGE('',*,*,#1850,.F.);
#1853=ORIENTED_EDGE('',*,*,#1852,.F.);
#1854=EDGE_LOOP('',(#1847,#1849,#1851,#1853));
#1855=FACE_OUTER_BOUND('',#1854,.F.);
#1856=ADVANCED_FACE('',(#1855),#1846,.F.);
#1857=CARTESIAN_POINT('',(2.680257852931E0,0.E0,0.E0));
#1858=DIRECTION('',(1.E0,0.E0,0.E0));
#1859=DIRECTION('',(0.E0,0.E0,1.E0));
#1860=AXIS2_PLACEMENT_3D('',#1857,#1858,#1859);
#1861=TOROIDAL_SURFACE('',#1860,6.78125E0,1.802578529305E-1);
#1862=ORIENTED_EDGE('',*,*,#1852,.T.);
#1864=ORIENTED_EDGE('',*,*,#1863,.F.);
#1865=ORIENTED_EDGE('',*,*,#1848,.F.);
#1866=ORIENTED_EDGE('',*,*,#1822,.T.);
#1867=EDGE_LOOP('',(#1862,#1864,#1865,#1866));
#1868=FACE_OUTER_BOUND('',#1867,.F.);
#1869=ADVANCED_FACE('',(#1868),#1861,.F.);
#1870=CARTESIAN_POINT('',(2.5E0,6.78125E0,0.E0));
#1871=DIRECTION('',(-1.E0,0.E0,0.E0));
#1872=DIRECTION('',(0.E0,0.E0,-1.E0));
#1873=AXIS2_PLACEMENT_3D('',#1870,#1871,#1872);
#1874=PLANE('',#1873);
#1876=ORIENTED_EDGE('',*,*,#1875,.T.);
#1878=ORIENTED_EDGE('',*,*,#1877,.T.);
#1879=EDGE_LOOP('',(#1876,#1878));
#1880=FACE_OUTER_BOUND('',#1879,.F.);
#1881=ORIENTED_EDGE('',*,*,#1850,.T.);
#1882=ORIENTED_EDGE('',*,*,#1863,.T.);
#1883=EDGE_LOOP('',(#1881,#1882));
#1884=FACE_BOUND('',#1883,.F.);
#1885=ADVANCED_FACE('',(#1880,#1884),#1874,.F.);
#1886=CARTESIAN_POINT('',(2.55E0,0.E0,0.E0));
#1887=DIRECTION('',(1.E0,0.E0,0.E0));
#1888=DIRECTION('',(0.E0,0.E0,1.E0));
#1889=AXIS2_PLACEMENT_3D('',#1886,#1887,#1888);
#1890=TOROIDAL_SURFACE('',#1889,6.895833333333E0,5.E-2);
#1891=ORIENTED_EDGE('',*,*,#1875,.F.);
#1893=ORIENTED_EDGE('',*,*,#1892,.T.);
#1895=ORIENTED_EDGE('',*,*,#1894,.T.);
#1897=ORIENTED_EDGE('',*,*,#1896,.T.);
#1899=ORIENTED_EDGE('',*,*,#1898,.F.);
#1901=ORIENTED_EDGE('',*,*,#1900,.F.);
#1902=EDGE_LOOP('',(#1891,#1893,#1895,#1897,#1899,#1901));
#1903=FACE_OUTER_BOUND('',#1902,.F.);
#1904=ADVANCED_FACE('',(#1903),#1890,.F.);
#1905=CARTESIAN_POINT('',(2.55E0,0.E0,0.E0));
#1906=DIRECTION('',(1.E0,0.E0,0.E0));
#1907=DIRECTION('',(0.E0,0.E0,1.E0));
#1908=AXIS2_PLACEMENT_3D('',#1905,#1906,#1907);
#1909=TOROIDAL_SURFACE('',#1908,6.895833333333E0,5.E-2);
#1910=ORIENTED_EDGE('',*,*,#1898,.T.);
#1912=ORIENTED_EDGE('',*,*,#1911,.T.);
#1913=ORIENTED_EDGE('',*,*,#1894,.F.);
#1914=ORIENTED_EDGE('',*,*,#1892,.F.);
#1915=ORIENTED_EDGE('',*,*,#1877,.F.);
#1916=ORIENTED_EDGE('',*,*,#1900,.T.);
#1917=EDGE_LOOP('',(#1910,#1912,#1913,#1914,#1915,#1916));
#1918=FACE_OUTER_BOUND('',#1917,.F.);
#1919=ADVANCED_FACE('',(#1918),#1909,.F.);
#1920=CARTESIAN_POINT('',(2.684502906177E0,0.E0,0.E0));
#1921=DIRECTION('',(-1.E0,0.E0,0.E0));
#1922=DIRECTION('',(0.E0,0.E0,-1.E0));
#1923=AXIS2_PLACEMENT_3D('',#1920,#1921,#1922);
#1924=CONICAL_SURFACE('',#1923,6.853299325281E0,3.830764599257E1);
#1926=ORIENTED_EDGE('',*,*,#1925,.T.);
#1927=ORIENTED_EDGE('',*,*,#1911,.F.);
#1929=ORIENTED_EDGE('',*,*,#1928,.F.);
#1931=ORIENTED_EDGE('',*,*,#1930,.T.);
#1932=EDGE_LOOP('',(#1926,#1927,#1929,#1931));
#1933=FACE_OUTER_BOUND('',#1932,.F.);
#1934=ADVANCED_FACE('',(#1933),#1924,.F.);
#1935=CARTESIAN_POINT('',(2.684502906177E0,0.E0,0.E0));
#1936=DIRECTION('',(-1.E0,0.E0,0.E0));
#1937=DIRECTION('',(0.E0,0.E0,-1.E0));
#1938=AXIS2_PLACEMENT_3D('',#1935,#1936,#1937);
#1939=CONICAL_SURFACE('',#1938,6.853299325281E0,3.830764599257E1);
#1941=ORIENTED_EDGE('',*,*,#1940,.T.);
#1942=ORIENTED_EDGE('',*,*,#1928,.T.);
#1943=ORIENTED_EDGE('',*,*,#1896,.F.);
#1944=ORIENTED_EDGE('',*,*,#1925,.F.);
#1945=EDGE_LOOP('',(#1941,#1942,#1943,#1944));
#1946=FACE_OUTER_BOUND('',#1945,.F.);
#1947=ADVANCED_FACE('',(#1946),#1939,.F.);
#1948=CARTESIAN_POINT('',(2.819005812354E0,0.E0,0.E0));
#1949=DIRECTION('',(1.E0,0.E0,0.E0));
#1950=DIRECTION('',(0.E0,0.E0,1.E0));
#1951=AXIS2_PLACEMENT_3D('',#1948,#1949,#1950);
#1952=CONICAL_SURFACE('',#1951,6.810765317228E0,5.169235400743E1);
#1954=ORIENTED_EDGE('',*,*,#1953,.T.);
#1956=ORIENTED_EDGE('',*,*,#1955,.F.);
#1957=ORIENTED_EDGE('',*,*,#1940,.F.);
#1959=ORIENTED_EDGE('',*,*,#1958,.T.);
#1960=EDGE_LOOP('',(#1954,#1956,#1957,#1959));
#1961=FACE_OUTER_BOUND('',#1960,.F.);
#1962=ADVANCED_FACE('',(#1961),#1952,.F.);
#1963=CARTESIAN_POINT('',(0.E0,0.E0,0.E0));
#1964=DIRECTION('',(-1.E0,0.E0,0.E0));
#1965=DIRECTION('',(0.E0,0.E0,1.E0));
#1966=AXIS2_PLACEMENT_3D('',#1963,#1964,#1965);
#1967=CYLINDRICAL_SURFACE('',#1966,6.85E0);
#1968=ORIENTED_EDGE('',*,*,#1953,.F.);
#1970=ORIENTED_EDGE('',*,*,#1969,.F.);
#1972=ORIENTED_EDGE('',*,*,#1971,.F.);
#1974=ORIENTED_EDGE('',*,*,#1973,.T.);
#1975=EDGE_LOOP('',(#1968,#1970,#1972,#1974));
#1976=FACE_OUTER_BOUND('',#1975,.F.);
#1977=ADVANCED_FACE('',(#1976),#1967,.F.);
#1978=CARTESIAN_POINT('',(0.E0,0.E0,0.E0));
#1979=DIRECTION('',(-1.E0,0.E0,0.E0));
#1980=DIRECTION('',(0.E0,0.E0,1.E0));
#1981=AXIS2_PLACEMENT_3D('',#1978,#1979,#1980);
#1982=CYLINDRICAL_SURFACE('',#1981,6.85E0);
#1984=ORIENTED_EDGE('',*,*,#1983,.T.);
#1985=ORIENTED_EDGE('',*,*,#1973,.F.);
#1987=ORIENTED_EDGE('',*,*,#1986,.F.);
#1988=ORIENTED_EDGE('',*,*,#1969,.T.);
#1989=EDGE_LOOP('',(#1984,#1985,#1987,#1988));
#1990=FACE_OUTER_BOUND('',#1989,.F.);
#1991=ADVANCED_FACE('',(#1990),#1982,.F.);
#1992=CARTESIAN_POINT('',(2.819005812354E0,0.E0,0.E0));
#1993=DIRECTION('',(1.E0,0.E0,0.E0));
#1994=DIRECTION('',(0.E0,0.E0,1.E0));
#1995=AXIS2_PLACEMENT_3D('',#1992,#1993,#1994);
#1996=CONICAL_SURFACE('',#1995,6.810765317228E0,5.169235400743E1);
#1997=ORIENTED_EDGE('',*,*,#1983,.F.);
#1998=ORIENTED_EDGE('',*,*,#1958,.F.);
#1999=ORIENTED_EDGE('',*,*,#1930,.F.);
#2000=ORIENTED_EDGE('',*,*,#1955,.T.);
#2001=EDGE_LOOP('',(#1997,#1998,#1999,#2000));
#2002=FACE_OUTER_BOUND('',#2001,.F.);
#2003=ADVANCED_FACE('',(#2002),#1996,.F.);
#2004=CARTESIAN_POINT('',(3.E0,8.2E0,0.E0));
#2005=DIRECTION('',(-1.E0,0.E0,0.E0));
#2006=DIRECTION('',(0.E0,0.E0,1.E0));
#2007=AXIS2_PLACEMENT_3D('',#2004,#2005,#2006);
#2008=PLANE('',#2007);
#2010=ORIENTED_EDGE('',*,*,#2009,.T.);
#2012=ORIENTED_EDGE('',*,*,#2011,.T.);
#2013=EDGE_LOOP('',(#2010,#2012));
#2014=FACE_OUTER_BOUND('',#2013,.F.);
#2015=ORIENTED_EDGE('',*,*,#1971,.T.);
#2016=ORIENTED_EDGE('',*,*,#1986,.T.);
#2017=EDGE_LOOP('',(#2015,#2016));
#2018=FACE_BOUND('',#2017,.F.);
#2019=ADVANCED_FACE('',(#2014,#2018),#2008,.F.);
#2020=CARTESIAN_POINT('',(2.7E0,0.E0,0.E0));
#2021=DIRECTION('',(-1.E0,0.E0,0.E0));
#2022=DIRECTION('',(0.E0,0.E0,1.E0));
#2023=AXIS2_PLACEMENT_3D('',#2020,#2021,#2022);
#2024=TOROIDAL_SURFACE('',#2023,8.2E0,3.E-1);
#2025=ORIENTED_EDGE('',*,*,#2009,.F.);
#2027=ORIENTED_EDGE('',*,*,#2026,.T.);
#2029=ORIENTED_EDGE('',*,*,#2028,.T.);
#2031=ORIENTED_EDGE('',*,*,#2030,.F.);
#2032=EDGE_LOOP('',(#2025,#2027,#2029,#2031));
#2033=FACE_OUTER_BOUND('',#2032,.F.);
#2034=ADVANCED_FACE('',(#2033),#2024,.T.);
#2035=CARTESIAN_POINT('',(2.7E0,0.E0,0.E0));
#2036=DIRECTION('',(-1.E0,0.E0,0.E0));
#2037=DIRECTION('',(0.E0,0.E0,1.E0));
#2038=AXIS2_PLACEMENT_3D('',#2035,#2036,#2037);
#2039=TOROIDAL_SURFACE('',#2038,8.2E0,3.E-1);
#2040=ORIENTED_EDGE('',*,*,#2030,.T.);
#2042=ORIENTED_EDGE('',*,*,#2041,.T.);
#2043=ORIENTED_EDGE('',*,*,#2026,.F.);
#2044=ORIENTED_EDGE('',*,*,#2011,.F.);
#2045=EDGE_LOOP('',(#2040,#2042,#2043,#2044));
#2046=FACE_OUTER_BOUND('',#2045,.F.);
#2047=ADVANCED_FACE('',(#2046),#2039,.T.);
#2048=CARTESIAN_POINT('',(0.E0,0.E0,0.E0));
#2049=DIRECTION('',(-1.E0,0.E0,0.E0));
#2050=DIRECTION('',(0.E0,0.E0,1.E0));
#2051=AXIS2_PLACEMENT_3D('',#2048,#2049,#2050);
#2052=CYLINDRICAL_SURFACE('',#2051,8.5E0);
#2054=ORIENTED_EDGE('',*,*,#2053,.T.);
#2056=ORIENTED_EDGE('',*,*,#2055,.F.);
#2058=ORIENTED_EDGE('',*,*,#2057,.F.);
#2059=ORIENTED_EDGE('',*,*,#2041,.F.);
#2060=EDGE_LOOP('',(#2054,#2056,#2058,#2059));
#2061=FACE_OUTER_BOUND('',#2060,.F.);
#2062=ADVANCED_FACE('',(#2061),#2052,.T.);
#2063=CARTESIAN_POINT('',(0.E0,0.E0,0.E0));
#2064=DIRECTION('',(-1.E0,0.E0,0.E0));
#2065=DIRECTION('',(0.E0,0.E0,1.E0));
#2066=AXIS2_PLACEMENT_3D('',#2063,#2064,#2065);
#2067=CYLINDRICAL_SURFACE('',#2066,8.5E0);
#2068=ORIENTED_EDGE('',*,*,#2028,.F.);
#2069=ORIENTED_EDGE('',*,*,#2057,.T.);
#2071=ORIENTED_EDGE('',*,*,#2070,.F.);
#2072=ORIENTED_EDGE('',*,*,#2053,.F.);
#2073=EDGE_LOOP('',(#2068,#2069,#2071,#2072));
#2074=FACE_OUTER_BOUND('',#2073,.F.);
#2075=ADVANCED_FACE('',(#2074),#2067,.T.);
#2076=CARTESIAN_POINT('',(-2.7E0,0.E0,0.E0));
#2077=DIRECTION('',(-1.E0,0.E0,0.E0));
#2078=DIRECTION('',(0.E0,0.E0,1.E0));
#2079=AXIS2_PLACEMENT_3D('',#2076,#2077,#2078);
#2080=TOROIDAL_SURFACE('',#2079,8.2E0,3.E-1);
#2081=ORIENTED_EDGE('',*,*,#2070,.T.);
#2083=ORIENTED_EDGE('',*,*,#2082,.T.);
#2085=ORIENTED_EDGE('',*,*,#2084,.F.);
#2087=ORIENTED_EDGE('',*,*,#2086,.F.);
#2088=EDGE_LOOP('',(#2081,#2083,#2085,#2087));
#2089=FACE_OUTER_BOUND('',#2088,.F.);
#2090=ADVANCED_FACE('',(#2089),#2080,.T.);
#2091=CARTESIAN_POINT('',(-2.7E0,0.E0,0.E0));
#2092=DIRECTION('',(-1.E0,0.E0,0.E0));
#2093=DIRECTION('',(0.E0,0.E0,1.E0));
#2094=AXIS2_PLACEMENT_3D('',#2091,#2092,#2093);
#2095=TOROIDAL_SURFACE('',#2094,8.2E0,3.E-1);
#2096=ORIENTED_EDGE('',*,*,#2086,.T.);
#2098=ORIENTED_EDGE('',*,*,#2097,.F.);
#2099=ORIENTED_EDGE('',*,*,#2082,.F.);
#2100=ORIENTED_EDGE('',*,*,#2055,.T.);
#2101=EDGE_LOOP('',(#2096,#2098,#2099,#2100));
#2102=FACE_OUTER_BOUND('',#2101,.F.);
#2103=ADVANCED_FACE('',(#2102),#2095,.T.);
#2104=CARTESIAN_POINT('',(-3.E0,6.85E0,0.E0));
#2105=DIRECTION('',(1.E0,0.E0,0.E0));
#2106=DIRECTION('',(0.E0,0.E0,-1.E0));
#2107=AXIS2_PLACEMENT_3D('',#2104,#2105,#2106);
#2108=PLANE('',#2107);
#2109=ORIENTED_EDGE('',*,*,#2084,.T.);
#2110=ORIENTED_EDGE('',*,*,#2097,.T.);
#2111=EDGE_LOOP('',(#2109,#2110));
#2112=FACE_OUTER_BOUND('',#2111,.F.);
#2114=ORIENTED_EDGE('',*,*,#2113,.T.);
#2116=ORIENTED_EDGE('',*,*,#2115,.T.);
#2117=EDGE_LOOP('',(#2114,#2116));
#2118=FACE_BOUND('',#2117,.F.);
#2119=ADVANCED_FACE('',(#2112,#2118),#2108,.F.);
#2120=CARTESIAN_POINT('',(0.E0,0.E0,0.E0));
#2121=DIRECTION('',(-1.E0,0.E0,0.E0));
#2122=DIRECTION('',(0.E0,0.E0,1.E0));
#2123=AXIS2_PLACEMENT_3D('',#2120,#2121,#2122);
#2124=CYLINDRICAL_SURFACE('',#2123,6.85E0);
#2126=ORIENTED_EDGE('',*,*,#2125,.T.);
#2128=ORIENTED_EDGE('',*,*,#2127,.T.);
#2129=ORIENTED_EDGE('',*,*,#2113,.F.);
#2131=ORIENTED_EDGE('',*,*,#2130,.F.);
#2132=EDGE_LOOP('',(#2126,#2128,#2129,#2131));
#2133=FACE_OUTER_BOUND('',#2132,.F.);
#2134=ADVANCED_FACE('',(#2133),#2124,.F.);
#2135=CARTESIAN_POINT('',(-2.819005812354E0,0.E0,0.E0));
#2136=DIRECTION('',(-1.E0,0.E0,0.E0));
#2137=DIRECTION('',(0.E0,0.E0,1.E0));
#2138=AXIS2_PLACEMENT_3D('',#2135,#2136,#2137);
#2139=CONICAL_SURFACE('',#2138,6.810765317228E0,5.169235400743E1);
#2140=ORIENTED_EDGE('',*,*,#2125,.F.);
#2142=ORIENTED_EDGE('',*,*,#2141,.F.);
#2144=ORIENTED_EDGE('',*,*,#2143,.T.);
#2146=ORIENTED_EDGE('',*,*,#2145,.T.);
#2147=EDGE_LOOP('',(#2140,#2142,#2144,#2146));
#2148=FACE_OUTER_BOUND('',#2147,.F.);
#2149=ADVANCED_FACE('',(#2148),#2139,.F.);
#2150=CARTESIAN_POINT('',(-2.819005812354E0,0.E0,0.E0));
#2151=DIRECTION('',(-1.E0,0.E0,0.E0));
#2152=DIRECTION('',(0.E0,0.E0,1.E0));
#2153=AXIS2_PLACEMENT_3D('',#2150,#2151,#2152);
#2154=CONICAL_SURFACE('',#2153,6.810765317228E0,5.169235400743E1);
#2156=ORIENTED_EDGE('',*,*,#2155,.F.);
#2157=ORIENTED_EDGE('',*,*,#2145,.F.);
#2159=ORIENTED_EDGE('',*,*,#2158,.T.);
#2160=ORIENTED_EDGE('',*,*,#2141,.T.);
#2161=EDGE_LOOP('',(#2156,#2157,#2159,#2160));
#2162=FACE_OUTER_BOUND('',#2161,.F.);
#2163=ADVANCED_FACE('',(#2162),#2154,.F.);
#2164=CARTESIAN_POINT('',(0.E0,0.E0,0.E0));
#2165=DIRECTION('',(-1.E0,0.E0,0.E0));
#2166=DIRECTION('',(0.E0,0.E0,1.E0));
#2167=AXIS2_PLACEMENT_3D('',#2164,#2165,#2166);
#2168=CYLINDRICAL_SURFACE('',#2167,6.85E0);
#2169=ORIENTED_EDGE('',*,*,#2155,.T.);
#2170=ORIENTED_EDGE('',*,*,#2130,.T.);
#2171=ORIENTED_EDGE('',*,*,#2115,.F.);
#2172=ORIENTED_EDGE('',*,*,#2127,.F.);
#2173=EDGE_LOOP('',(#2169,#2170,#2171,#2172));
#2174=FACE_OUTER_BOUND('',#2173,.F.);
#2175=ADVANCED_FACE('',(#2174),#2168,.F.);
#2176=CARTESIAN_POINT('',(-2.684502906177E0,0.E0,0.E0));
#2177=DIRECTION('',(1.E0,0.E0,0.E0));
#2178=DIRECTION('',(0.E0,0.E0,-1.E0));
#2179=AXIS2_PLACEMENT_3D('',#2176,#2177,#2178);
#2180=CONICAL_SURFACE('',#2179,6.853299325281E0,3.830764599257E1);
#2181=ORIENTED_EDGE('',*,*,#2158,.F.);
#2183=ORIENTED_EDGE('',*,*,#2182,.T.);
#2185=ORIENTED_EDGE('',*,*,#2184,.F.);
#2187=ORIENTED_EDGE('',*,*,#2186,.F.);
#2188=EDGE_LOOP('',(#2181,#2183,#2185,#2187));
#2189=FACE_OUTER_BOUND('',#2188,.F.);
#2190=ADVANCED_FACE('',(#2189),#2180,.F.);
#2191=CARTESIAN_POINT('',(-2.684502906177E0,0.E0,0.E0));
#2192=DIRECTION('',(1.E0,0.E0,0.E0));
#2193=DIRECTION('',(0.E0,0.E0,-1.E0));
#2194=AXIS2_PLACEMENT_3D('',#2191,#2192,#2193);
#2195=CONICAL_SURFACE('',#2194,6.853299325281E0,3.830764599257E1);
#2196=ORIENTED_EDGE('',*,*,#2186,.T.);
#2198=ORIENTED_EDGE('',*,*,#2197,.F.);
#2199=ORIENTED_EDGE('',*,*,#2182,.F.);
#2200=ORIENTED_EDGE('',*,*,#2143,.F.);
#2201=EDGE_LOOP('',(#2196,#2198,#2199,#2200));
#2202=FACE_OUTER_BOUND('',#2201,.F.);
#2203=ADVANCED_FACE('',(#2202),#2195,.F.);
#2204=CARTESIAN_POINT('',(-2.55E0,0.E0,0.E0));
#2205=DIRECTION('',(-1.E0,0.E0,0.E0));
#2206=DIRECTION('',(0.E0,0.E0,1.E0));
#2207=AXIS2_PLACEMENT_3D('',#2204,#2205,#2206);
#2208=TOROIDAL_SURFACE('',#2207,6.895833333333E0,5.E-2);
#2210=ORIENTED_EDGE('',*,*,#2209,.T.);
#2211=ORIENTED_EDGE('',*,*,#2197,.T.);
#2213=ORIENTED_EDGE('',*,*,#2212,.F.);
#2215=ORIENTED_EDGE('',*,*,#2214,.F.);
#2217=ORIENTED_EDGE('',*,*,#2216,.F.);
#2219=ORIENTED_EDGE('',*,*,#2218,.T.);
#2220=EDGE_LOOP('',(#2210,#2211,#2213,#2215,#2217,#2219));
#2221=FACE_OUTER_BOUND('',#2220,.F.);
#2222=ADVANCED_FACE('',(#2221),#2208,.F.);
#2223=CARTESIAN_POINT('',(-2.55E0,0.E0,0.E0));
#2224=DIRECTION('',(-1.E0,0.E0,0.E0));
#2225=DIRECTION('',(0.E0,0.E0,1.E0));
#2226=AXIS2_PLACEMENT_3D('',#2223,#2224,#2225);
#2227=TOROIDAL_SURFACE('',#2226,6.895833333333E0,5.E-2);
#2229=ORIENTED_EDGE('',*,*,#2228,.F.);
#2230=ORIENTED_EDGE('',*,*,#2214,.T.);
#2231=ORIENTED_EDGE('',*,*,#2212,.T.);
#2232=ORIENTED_EDGE('',*,*,#2184,.T.);
#2233=ORIENTED_EDGE('',*,*,#2209,.F.);
#2234=ORIENTED_EDGE('',*,*,#2218,.F.);
#2235=EDGE_LOOP('',(#2229,#2230,#2231,#2232,#2233,#2234));
#2236=FACE_OUTER_BOUND('',#2235,.F.);
#2237=ADVANCED_FACE('',(#2236),#2227,.F.);
#2238=CARTESIAN_POINT('',(-2.5E0,6.78125E0,0.E0));
#2239=DIRECTION('',(1.E0,0.E0,0.E0));
#2240=DIRECTION('',(0.E0,0.E0,-1.E0));
#2241=AXIS2_PLACEMENT_3D('',#2238,#2239,#2240);
#2242=PLANE('',#2241);
#2243=ORIENTED_EDGE('',*,*,#2216,.T.);
#2244=ORIENTED_EDGE('',*,*,#2228,.T.);
#2245=EDGE_LOOP('',(#2243,#2244));
#2246=FACE_OUTER_BOUND('',#2245,.F.);
#2248=ORIENTED_EDGE('',*,*,#2247,.T.);
#2250=ORIENTED_EDGE('',*,*,#2249,.T.);
#2251=EDGE_LOOP('',(#2248,#2250));
#2252=FACE_BOUND('',#2251,.F.);
#2253=ADVANCED_FACE('',(#2246,#2252),#2242,.F.);
#2254=CARTESIAN_POINT('',(-2.680257852931E0,0.E0,0.E0));
#2255=DIRECTION('',(-1.E0,0.E0,0.E0));
#2256=DIRECTION('',(0.E0,0.E0,1.E0));
#2257=AXIS2_PLACEMENT_3D('',#2254,#2255,#2256);
#2258=TOROIDAL_SURFACE('',#2257,6.78125E0,1.802578529305E-1);
#2260=ORIENTED_EDGE('',*,*,#2259,.T.);
#2261=ORIENTED_EDGE('',*,*,#2247,.F.);
#2263=ORIENTED_EDGE('',*,*,#2262,.F.);
#2265=ORIENTED_EDGE('',*,*,#2264,.T.);
#2266=EDGE_LOOP('',(#2260,#2261,#2263,#2265));
#2267=FACE_OUTER_BOUND('',#2266,.F.);
#2268=ADVANCED_FACE('',(#2267),#2258,.F.);
#2269=CARTESIAN_POINT('',(-2.680257852931E0,0.E0,0.E0));
#2270=DIRECTION('',(-1.E0,0.E0,0.E0));
#2271=DIRECTION('',(0.E0,0.E0,1.E0));
#2272=AXIS2_PLACEMENT_3D('',#2269,#2270,#2271);
#2273=TOROIDAL_SURFACE('',#2272,6.78125E0,1.802578529305E-1);
#2275=ORIENTED_EDGE('',*,*,#2274,.T.);
#2276=ORIENTED_EDGE('',*,*,#2262,.T.);
#2277=ORIENTED_EDGE('',*,*,#2249,.F.);
#2278=ORIENTED_EDGE('',*,*,#2259,.F.);
#2279=EDGE_LOOP('',(#2275,#2276,#2277,#2278));
#2280=FACE_OUTER_BOUND('',#2279,.F.);
#2281=ADVANCED_FACE('',(#2280),#2273,.F.);
#2282=CARTESIAN_POINT('',(-2.707850767407E0,0.E0,0.E0));
#2283=DIRECTION('',(1.E0,0.E0,0.E0));
#2284=DIRECTION('',(0.E0,0.E0,-1.E0));
#2285=AXIS2_PLACEMENT_3D('',#2282,#2283,#2284);
#2286=CONICAL_SURFACE('',#2285,6.495851778919E0,4.552563460646E1);
#2288=ORIENTED_EDGE('',*,*,#2287,.T.);
#2289=ORIENTED_EDGE('',*,*,#2274,.F.);
#2291=ORIENTED_EDGE('',*,*,#2290,.F.);
#2293=ORIENTED_EDGE('',*,*,#2292,.F.);
#2294=EDGE_LOOP('',(#2288,#2289,#2291,#2293));
#2295=FACE_OUTER_BOUND('',#2294,.F.);
#2296=ADVANCED_FACE('',(#2295),#2286,.T.);
#2297=CARTESIAN_POINT('',(-2.707850767407E0,0.E0,0.E0));
#2298=DIRECTION('',(1.E0,0.E0,0.E0));
#2299=DIRECTION('',(0.E0,0.E0,-1.E0));
#2300=AXIS2_PLACEMENT_3D('',#2297,#2298,#2299);
#2301=CONICAL_SURFACE('',#2300,6.495851778919E0,4.552563460646E1);
#2303=ORIENTED_EDGE('',*,*,#2302,.F.);
#2304=ORIENTED_EDGE('',*,*,#2290,.T.);
#2305=ORIENTED_EDGE('',*,*,#2264,.F.);
#2306=ORIENTED_EDGE('',*,*,#2287,.F.);
#2307=EDGE_LOOP('',(#2303,#2304,#2305,#2306));
#2308=FACE_OUTER_BOUND('',#2307,.F.);
#2309=ADVANCED_FACE('',(#2308),#2301,.T.);
#2310=CARTESIAN_POINT('',(-2.65E0,0.E0,0.E0));
#2311=DIRECTION('',(-1.E0,0.E0,0.E0));
#2312=DIRECTION('',(0.E0,0.E0,1.E0));
#2313=AXIS2_PLACEMENT_3D('',#2310,#2311,#2312);
#2314=TOROIDAL_SURFACE('',#2313,6.126563397444E0,3.E-1);
#2315=ORIENTED_EDGE('',*,*,#2302,.T.);
#2317=ORIENTED_EDGE('',*,*,#2316,.T.);
#2319=ORIENTED_EDGE('',*,*,#2318,.F.);
#2321=ORIENTED_EDGE('',*,*,#2320,.F.);
#2322=EDGE_LOOP('',(#2315,#2317,#2319,#2321));
#2323=FACE_OUTER_BOUND('',#2322,.F.);
#2324=ADVANCED_FACE('',(#2323),#2314,.T.);
#2325=CARTESIAN_POINT('',(-2.65E0,0.E0,0.E0));
#2326=DIRECTION('',(-1.E0,0.E0,0.E0));
#2327=DIRECTION('',(0.E0,0.E0,1.E0));
#2328=AXIS2_PLACEMENT_3D('',#2325,#2326,#2327);
#2329=TOROIDAL_SURFACE('',#2328,6.126563397444E0,3.E-1);
#2330=ORIENTED_EDGE('',*,*,#2320,.T.);
#2332=ORIENTED_EDGE('',*,*,#2331,.F.);
#2333=ORIENTED_EDGE('',*,*,#2316,.F.);
#2334=ORIENTED_EDGE('',*,*,#2292,.T.);
#2335=EDGE_LOOP('',(#2330,#2332,#2333,#2334));
#2336=FACE_OUTER_BOUND('',#2335,.F.);
#2337=ADVANCED_FACE('',(#2336),#2329,.T.);
#2338=CARTESIAN_POINT('',(-2.95E0,6.126563397444E0,0.E0));
#2339=DIRECTION('',(1.E0,0.E0,0.E0));
#2340=DIRECTION('',(0.E0,0.E0,-1.E0));
#2341=AXIS2_PLACEMENT_3D('',#2338,#2339,#2340);
#2342=PLANE('',#2341);
#2343=ORIENTED_EDGE('',*,*,#2318,.T.);
#2344=ORIENTED_EDGE('',*,*,#2331,.T.);
#2345=EDGE_LOOP('',(#2343,#2344));
#2346=FACE_OUTER_BOUND('',#2345,.F.);
#2348=ORIENTED_EDGE('',*,*,#2347,.T.);
#2350=ORIENTED_EDGE('',*,*,#2349,.T.);
#2351=EDGE_LOOP('',(#2348,#2350));
#2352=FACE_BOUND('',#2351,.F.);
#2353=ADVANCED_FACE('',(#2346,#2352),#2342,.F.);
#2354=CARTESIAN_POINT('',(0.E0,0.E0,0.E0));
#2355=DIRECTION('',(-1.E0,0.E0,0.E0));
#2356=DIRECTION('',(0.E0,0.E0,1.E0));
#2357=AXIS2_PLACEMENT_3D('',#2354,#2355,#2356);
#2358=CYLINDRICAL_SURFACE('',#2357,4.65E0);
#2360=ORIENTED_EDGE('',*,*,#2359,.T.);
#2361=ORIENTED_EDGE('',*,*,#2347,.F.);
#2363=ORIENTED_EDGE('',*,*,#2362,.F.);
#2365=ORIENTED_EDGE('',*,*,#2364,.F.);
#2366=EDGE_LOOP('',(#2360,#2361,#2363,#2365));
#2367=FACE_OUTER_BOUND('',#2366,.F.);
#2368=ADVANCED_FACE('',(#2367),#2358,.F.);
#2369=CARTESIAN_POINT('',(0.E0,0.E0,0.E0));
#2370=DIRECTION('',(-1.E0,0.E0,0.E0));
#2371=DIRECTION('',(0.E0,0.E0,1.E0));
#2372=AXIS2_PLACEMENT_3D('',#2369,#2370,#2371);
#2373=CYLINDRICAL_SURFACE('',#2372,4.65E0);
#2375=ORIENTED_EDGE('',*,*,#2374,.F.);
#2376=ORIENTED_EDGE('',*,*,#2362,.T.);
#2377=ORIENTED_EDGE('',*,*,#2349,.F.);
#2378=ORIENTED_EDGE('',*,*,#2359,.F.);
#2379=EDGE_LOOP('',(#2375,#2376,#2377,#2378));
#2380=FACE_OUTER_BOUND('',#2379,.F.);
#2381=ADVANCED_FACE('',(#2380),#2373,.F.);
#2382=CARTESIAN_POINT('',(-2.85E0,6.126563397444E0,0.E0));
#2383=DIRECTION('',(1.E0,0.E0,0.E0));
#2384=DIRECTION('',(0.E0,0.E0,-1.E0));
#2385=AXIS2_PLACEMENT_3D('',#2382,#2383,#2384);
#2386=PLANE('',#2385);
#2388=ORIENTED_EDGE('',*,*,#2387,.T.);
#2390=ORIENTED_EDGE('',*,*,#2389,.T.);
#2391=EDGE_LOOP('',(#2388,#2390));
#2392=FACE_OUTER_BOUND('',#2391,.F.);
#2393=ORIENTED_EDGE('',*,*,#2364,.T.);
#2394=ORIENTED_EDGE('',*,*,#2374,.T.);
#2395=EDGE_LOOP('',(#2393,#2394));
#2396=FACE_BOUND('',#2395,.F.);
#2397=ADVANCED_FACE('',(#2392,#2396),#2386,.T.);
#2398=CARTESIAN_POINT('',(-2.65E0,0.E0,0.E0));
#2399=DIRECTION('',(-1.E0,0.E0,0.E0));
#2400=DIRECTION('',(0.E0,0.E0,1.E0));
#2401=AXIS2_PLACEMENT_3D('',#2398,#2399,#2400);
#2402=TOROIDAL_SURFACE('',#2401,6.126563397444E0,2.E-1);
#2404=ORIENTED_EDGE('',*,*,#2403,.T.);
#2405=ORIENTED_EDGE('',*,*,#2387,.F.);
#2407=ORIENTED_EDGE('',*,*,#2406,.F.);
#2409=ORIENTED_EDGE('',*,*,#2408,.T.);
#2410=EDGE_LOOP('',(#2404,#2405,#2407,#2409));
#2411=FACE_OUTER_BOUND('',#2410,.F.);
#2412=ADVANCED_FACE('',(#2411),#2402,.F.);
#2413=CARTESIAN_POINT('',(-2.65E0,0.E0,0.E0));
#2414=DIRECTION('',(-1.E0,0.E0,0.E0));
#2415=DIRECTION('',(0.E0,0.E0,1.E0));
#2416=AXIS2_PLACEMENT_3D('',#2413,#2414,#2415);
#2417=TOROIDAL_SURFACE('',#2416,6.126563397444E0,2.E-1);
#2419=ORIENTED_EDGE('',*,*,#2418,.T.);
#2420=ORIENTED_EDGE('',*,*,#2406,.T.);
#2421=ORIENTED_EDGE('',*,*,#2389,.F.);
#2422=ORIENTED_EDGE('',*,*,#2403,.F.);
#2423=EDGE_LOOP('',(#2419,#2420,#2421,#2422));
#2424=FACE_OUTER_BOUND('',#2423,.F.);
#2425=ADVANCED_FACE('',(#2424),#2417,.F.);
#2426=CARTESIAN_POINT('',(-2.636494370370E0,0.E0,0.E0));
#2427=DIRECTION('',(1.E0,0.E0,0.E0));
#2428=DIRECTION('',(0.E0,0.E0,-1.E0));
#2429=AXIS2_PLACEMENT_3D('',#2426,#2427,#2428);
#2430=CONICAL_SURFACE('',#2429,6.425792770919E0,4.552563460646E1);
#2431=ORIENTED_EDGE('',*,*,#2418,.F.);
#2433=ORIENTED_EDGE('',*,*,#2432,.T.);
#2435=ORIENTED_EDGE('',*,*,#2434,.F.);
#2437=ORIENTED_EDGE('',*,*,#2436,.F.);
#2438=EDGE_LOOP('',(#2431,#2433,#2435,#2437));
#2439=FACE_OUTER_BOUND('',#2438,.F.);
#2440=ADVANCED_FACE('',(#2439),#2430,.F.);
#2441=CARTESIAN_POINT('',(-2.636494370370E0,0.E0,0.E0));
#2442=DIRECTION('',(1.E0,0.E0,0.E0));
#2443=DIRECTION('',(0.E0,0.E0,-1.E0));
#2444=AXIS2_PLACEMENT_3D('',#2441,#2442,#2443);
#2445=CONICAL_SURFACE('',#2444,6.425792770919E0,4.552563460646E1);
#2446=ORIENTED_EDGE('',*,*,#2436,.T.);
#2448=ORIENTED_EDGE('',*,*,#2447,.F.);
#2449=ORIENTED_EDGE('',*,*,#2432,.F.);
#2450=ORIENTED_EDGE('',*,*,#2408,.F.);
#2451=EDGE_LOOP('',(#2446,#2448,#2449,#2450));
#2452=FACE_OUTER_BOUND('',#2451,.F.);
#2453=ADVANCED_FACE('',(#2452),#2445,.F.);
#2454=CARTESIAN_POINT('',(-2.680257852931E0,0.E0,0.E0));
#2455=DIRECTION('',(-1.E0,0.E0,0.E0));
#2456=DIRECTION('',(0.E0,0.E0,1.E0));
#2457=AXIS2_PLACEMENT_3D('',#2454,#2455,#2456);
#2458=TOROIDAL_SURFACE('',#2457,6.78125E0,2.802578529305E-1);
#2460=ORIENTED_EDGE('',*,*,#2459,.T.);
#2462=ORIENTED_EDGE('',*,*,#2461,.F.);
#2463=ORIENTED_EDGE('',*,*,#2447,.T.);
#2465=ORIENTED_EDGE('',*,*,#2464,.T.);
#2466=EDGE_LOOP('',(#2460,#2462,#2463,#2465));
#2467=FACE_OUTER_BOUND('',#2466,.F.);
#2468=ADVANCED_FACE('',(#2467),#2458,.T.);
#2469=CARTESIAN_POINT('',(-2.4E0,6.666666666667E0,0.E0));
#2470=DIRECTION('',(1.E0,0.E0,0.E0));
#2471=DIRECTION('',(0.E0,0.E0,-1.E0));
#2472=AXIS2_PLACEMENT_3D('',#2469,#2470,#2471);
#2473=PLANE('',#2472);
#2474=ORIENTED_EDGE('',*,*,#2459,.F.);
#2476=ORIENTED_EDGE('',*,*,#2475,.F.);
#2477=EDGE_LOOP('',(#2474,#2476));
#2478=FACE_OUTER_BOUND('',#2477,.F.);
#2480=ORIENTED_EDGE('',*,*,#2479,.T.);
#2482=ORIENTED_EDGE('',*,*,#2481,.T.);
#2483=EDGE_LOOP('',(#2480,#2482));
#2484=FACE_BOUND('',#2483,.F.);
#2485=ADVANCED_FACE('',(#2478,#2484),#2473,.F.);
#2486=CARTESIAN_POINT('',(-2.680257852931E0,0.E0,0.E0));
#2487=DIRECTION('',(-1.E0,0.E0,0.E0));
#2488=DIRECTION('',(0.E0,0.E0,1.E0));
#2489=AXIS2_PLACEMENT_3D('',#2486,#2487,#2488);
#2490=TOROIDAL_SURFACE('',#2489,6.78125E0,2.802578529305E-1);
#2491=ORIENTED_EDGE('',*,*,#2475,.T.);
#2492=ORIENTED_EDGE('',*,*,#2464,.F.);
#2493=ORIENTED_EDGE('',*,*,#2434,.T.);
#2494=ORIENTED_EDGE('',*,*,#2461,.T.);
#2495=EDGE_LOOP('',(#2491,#2492,#2493,#2494));
#2496=FACE_OUTER_BOUND('',#2495,.F.);
#2497=ADVANCED_FACE('',(#2496),#2490,.T.);
#2498=CARTESIAN_POINT('',(0.E0,0.E0,0.E0));
#2499=DIRECTION('',(-1.E0,0.E0,0.E0));
#2500=DIRECTION('',(0.E0,0.E0,1.E0));
#2501=AXIS2_PLACEMENT_3D('',#2498,#2499,#2500);
#2502=CYLINDRICAL_SURFACE('',#2501,6.666666666667E0);
#2504=ORIENTED_EDGE('',*,*,#2503,.T.);
#2505=ORIENTED_EDGE('',*,*,#2479,.F.);
#2507=ORIENTED_EDGE('',*,*,#2506,.F.);
#2509=ORIENTED_EDGE('',*,*,#2508,.F.);
#2510=EDGE_LOOP('',(#2504,#2505,#2507,#2509));
#2511=FACE_OUTER_BOUND('',#2510,.F.);
#2512=ADVANCED_FACE('',(#2511),#2502,.F.);
#2513=CARTESIAN_POINT('',(0.E0,0.E0,0.E0));
#2514=DIRECTION('',(-1.E0,0.E0,0.E0));
#2515=DIRECTION('',(0.E0,0.E0,1.E0));
#2516=AXIS2_PLACEMENT_3D('',#2513,#2514,#2515);
#2517=CYLINDRICAL_SURFACE('',#2516,6.666666666667E0);
#2518=ORIENTED_EDGE('',*,*,#1603,.F.);
#2519=ORIENTED_EDGE('',*,*,#2506,.T.);
#2520=ORIENTED_EDGE('',*,*,#2481,.F.);
#2521=ORIENTED_EDGE('',*,*,#2503,.F.);
#2522=EDGE_LOOP('',(#2518,#2519,#2520,#2521));
#2523=FACE_OUTER_BOUND('',#2522,.F.);
#2524=ADVANCED_FACE('',(#2523),#2517,.F.);
#2525=CARTESIAN_POINT('',(0.E0,0.E0,0.E0));
#2526=DIRECTION('',(-1.E0,0.E0,0.E0));
#2527=DIRECTION('',(0.E0,0.E0,1.E0));
#2528=AXIS2_PLACEMENT_3D('',#2525,#2526,#2527);
#2529=TOROIDAL_SURFACE('',#2528,5.75E0,1.466666666667E0);
#2530=ORIENTED_EDGE('',*,*,#1605,.F.);
#2531=ORIENTED_EDGE('',*,*,#2508,.T.);
#2532=ORIENTED_EDGE('',*,*,#1601,.F.);
#2534=ORIENTED_EDGE('',*,*,#2533,.T.);
#2535=EDGE_LOOP('',(#2530,#2531,#2532,#2534));
#2536=FACE_OUTER_BOUND('',#2535,.F.);
#2537=ADVANCED_FACE('',(#2536),#2529,.F.);
#2538=CARTESIAN_POINT('',(0.E0,0.E0,0.E0));
#2539=DIRECTION('',(-1.E0,0.E0,0.E0));
#2540=DIRECTION('',(0.E0,0.E0,1.E0));
#2541=AXIS2_PLACEMENT_3D('',#2538,#2539,#2540);
#2542=CYLINDRICAL_SURFACE('',#2541,6.666666666667E0);
#2543=ORIENTED_EDGE('',*,*,#1620,.T.);
#2544=ORIENTED_EDGE('',*,*,#2533,.F.);
#2545=ORIENTED_EDGE('',*,*,#1617,.F.);
#2546=ORIENTED_EDGE('',*,*,#1636,.F.);
#2547=EDGE_LOOP('',(#2543,#2544,#2545,#2546));
#2548=FACE_OUTER_BOUND('',#2547,.F.);
#2549=ADVANCED_FACE('',(#2548),#2542,.F.);
#2550=CLOSED_SHELL('',(#1609,#1624,#1641,#1656,#1669,#1684,#1697,#1712,#1725,
#1741,#1756,#1769,#1785,#1800,#1813,#1828,#1841,#1856,#1869,#1885,#1904,#1919,
#1934,#1947,#1962,#1977,#1991,#2003,#2019,#2034,#2047,#2062,#2075,#2090,#2103,
#2119,#2134,#2149,#2163,#2175,#2190,#2203,#2222,#2237,#2253,#2268,#2281,#2296,
#2309,#2324,#2337,#2353,#2368,#2381,#2397,#2412,#2425,#2440,#2453,#2468,#2485,
#2497,#2512,#2524,#2537,#2549));
#2551=MANIFOLD_SOLID_BREP('',#2550);
#2553=DIMENSIONAL_EXPONENTS(0.E0,0.E0,0.E0,0.E0,0.E0,0.E0,0.E0);
#2555=PLANE_ANGLE_MEASURE_WITH_UNIT(PLANE_ANGLE_MEASURE(1.745329251994E-2),
#2554);
#2556=(CONVERSION_BASED_UNIT('DEGREE',#2555)NAMED_UNIT(*)PLANE_ANGLE_UNIT());
#2558=UNCERTAINTY_MEASURE_WITH_UNIT(LENGTH_MEASURE(5.E-3),#2552,'closure',
'Maximum model space distance between geometric entities at asserted connectivities');
#2559=(GEOMETRIC_REPRESENTATION_CONTEXT(3)GLOBAL_UNCERTAINTY_ASSIGNED_CONTEXT((
#2558))GLOBAL_UNIT_ASSIGNED_CONTEXT((#2552,#2556,#2557))REPRESENTATION_CONTEXT(
'ID1','3'));
#2561=APPLICATION_CONTEXT(
'CONFIGURATION CONTROLLED 3D DESIGNS OF MECHANICAL PARTS AND ASSEMBLIES');
#2562=APPLICATION_PROTOCOL_DEFINITION('international standard',
'config_control_design',1994,#2561);
#2563=DESIGN_CONTEXT('',#2561,'design');
#2564=MECHANICAL_CONTEXT('',#2561,'mechanical');
#2565=PRODUCT('606ZZ_EA019','606ZZ_EA019','NOT SPECIFIED',(#2564));
#2566=PRODUCT_DEFINITION_FORMATION_WITH_SPECIFIED_SOURCE('1','LAST_VERSION',
#2565,.MADE.);
#2570=PRODUCT_CATEGORY('part','');
#2571=PRODUCT_RELATED_PRODUCT_CATEGORY('detail','',(#2565));
#2572=PRODUCT_CATEGORY_RELATIONSHIP('','',#2570,#2571);
#2573=SECURITY_CLASSIFICATION_LEVEL('unclassified');
#2574=SECURITY_CLASSIFICATION('','',#2573);
#2575=CC_DESIGN_SECURITY_CLASSIFICATION(#2574,(#2566));
#2576=APPROVAL_STATUS('approved');
#2577=APPROVAL(#2576,'');
#2578=CC_DESIGN_APPROVAL(#2577,(#2574,#2566,#2567));
#2579=CALENDAR_DATE(125,19,12);
#2580=COORDINATED_UNIVERSAL_TIME_OFFSET(8,0,.AHEAD.);
#2581=LOCAL_TIME(16,15,5.9E1,#2580);
#2582=DATE_AND_TIME(#2579,#2581);
#2583=APPROVAL_DATE_TIME(#2582,#2577);
#2584=DATE_TIME_ROLE('creation_date');
#2585=CC_DESIGN_DATE_AND_TIME_ASSIGNMENT(#2582,#2584,(#2567));
#2586=DATE_TIME_ROLE('classification_date');
#2587=CC_DESIGN_DATE_AND_TIME_ASSIGNMENT(#2582,#2586,(#2574));
#2588=PERSON('UNSPECIFIED','UNSPECIFIED',$,$,$,$);
#2589=ORGANIZATION('UNSPECIFIED','UNSPECIFIED','UNSPECIFIED');
#2590=PERSON_AND_ORGANIZATION(#2588,#2589);
#2591=APPROVAL_ROLE('approver');
#2592=APPROVAL_PERSON_ORGANIZATION(#2590,#2577,#2591);
#2593=PERSON_AND_ORGANIZATION_ROLE('creator');
#2594=CC_DESIGN_PERSON_AND_ORGANIZATION_ASSIGNMENT(#2590,#2593,(#2566,#2567));
#2595=PERSON_AND_ORGANIZATION_ROLE('design_supplier');
#2596=CC_DESIGN_PERSON_AND_ORGANIZATION_ASSIGNMENT(#2590,#2595,(#2566));
#2597=PERSON_AND_ORGANIZATION_ROLE('classification_officer');
#2598=CC_DESIGN_PERSON_AND_ORGANIZATION_ASSIGNMENT(#2590,#2597,(#2574));
#2599=PERSON_AND_ORGANIZATION_ROLE('design_owner');
#2600=CC_DESIGN_PERSON_AND_ORGANIZATION_ASSIGNMENT(#2590,#2599,(#2565));
#1=DRAUGHTING_PRE_DEFINED_COLOUR('black');
#2=COLOUR_RGB('',0.E0,0.E0,4.7E-1);
#3=COLOUR_RGB('',0.E0,0.E0,6.E-1);
#4=COLOUR_RGB('',0.E0,0.E0,8.E-1);
#5=COLOUR_RGB('',0.E0,2.745098039216E-2,7.019607843137E-1);
#6=COLOUR_RGB('',0.E0,3.137254901961E-2,3.411764705882E-1);
#7=COLOUR_RGB('',0.E0,2.E-1,1.E0);
#8=COLOUR_RGB('',0.E0,3.3E-1,0.E0);
#9=COLOUR_RGB('',0.E0,3.3E-1,3.3E-1);
#10=COLOUR_RGB('',0.E0,4.E-1,0.E0);
#11=COLOUR_RGB('',0.E0,4.E-1,4.E-1);
#12=COLOUR_RGB('',0.E0,4.E-1,1.E0);
#13=COLOUR_RGB('',0.E0,5.019607843137E-1,5.019607843137E-1);
#14=COLOUR_RGB('',0.E0,6.E-1,0.E0);
#15=COLOUR_RGB('',0.E0,6.E-1,6.E-1);
#16=COLOUR_RGB('',0.E0,6.E-1,1.E0);
#17=COLOUR_RGB('',0.E0,8.E-1,0.E0);
#18=COLOUR_RGB('',0.E0,8.E-1,8.E-1);
#19=COLOUR_RGB('',0.E0,8.E-1,1.E0);
#20=COLOUR_RGB('',0.E0,9.3E-1,0.E0);
#21=COLOUR_RGB('',0.E0,9.3E-1,9.3E-1);
#22=DRAUGHTING_PRE_DEFINED_COLOUR('green');
#23=COLOUR_RGB('',0.E0,1.E0,2.E-1);
#24=COLOUR_RGB('',0.E0,1.E0,4.E-1);
#25=COLOUR_RGB('',0.E0,1.E0,6.E-1);
#26=COLOUR_RGB('',0.E0,1.E0,8.E-1);
#27=DRAUGHTING_PRE_DEFINED_COLOUR('cyan');
#28=COLOUR_RGB('',3.1E-2,2.E-1,6.27E-1);
#29=COLOUR_RGB('',3.529411764706E-2,5.137254901961E-1,1.725490196078E-1);
#30=COLOUR_RGB('',6.6667E-2,5.17647E-1,6.39216E-1);
#31=COLOUR_RGB('',7.E-2,7.E-2,1.E0);
#32=COLOUR_RGB('',7.E-2,6.E-1,3.E-1);
#33=COLOUR_RGB('',8.E-2,1.E-1,1.1E-1);
#34=COLOUR_RGB('',9.803921568627E-2,9.803921568627E-2,4.392156862745E-1);
#35=COLOUR_RGB('',1.019607843137E-1,6.313725490196E-1,5.019607843137E-1);
#36=COLOUR_RGB('',1.176470588235E-1,5.647058823529E-1,1.E0);
#37=COLOUR_RGB('',1.254901960784E-1,6.980392156863E-1,6.666666666667E-1);
#38=COLOUR_RGB('',1.333333333333E-1,5.450980392157E-1,1.333333333333E-1);
#39=COLOUR_RGB('',1.450980392157E-1,3.529411764706E-2,0.E0);
#40=COLOUR_RGB('',1.686274509804E-1,1.686274509804E-1,1.803921568627E-1);
#41=COLOUR_RGB('',1.803921568627E-1,5.450980392157E-1,3.411764705882E-1);
#42=COLOUR_RGB('',1.9E-1,2.3E-1,3.1E-1);
#43=COLOUR_RGB('',1.960784313725E-1,8.039215686275E-1,1.960784313725E-1);
#44=COLOUR_RGB('',2.E-1,1.E0,0.E0);
#45=COLOUR_RGB('',2.E-1,1.E0,2.E-1);
#46=COLOUR_RGB('',2.E-1,1.E0,1.E0);
#47=COLOUR_RGB('',2.313725490196E-1,3.803921568627E-1,5.607843137255E-1);
#48=COLOUR_RGB('',2.352941176471E-1,7.019607843137E-1,4.431372549020E-1);
#49=COLOUR_RGB('',2.431372549020E-1,8.784313725490E-1,8.156862745098E-1);
#50=COLOUR_RGB('',2.470588235294E-1,5.921568627451E-1,6.313725490196E-1);
#51=COLOUR_RGB('',2.5098E-1,2.35294E-1,8.62745E-1);
#52=COLOUR_RGB('',2.549019607843E-1,4.117647058824E-1,1.E0);
#53=COLOUR_RGB('',2.58824E-1,7.80392E-1,8.86275E-1);
#54=COLOUR_RGB('',2.7E-1,0.E0,4.E-1);
#55=COLOUR_RGB('',2.7E-1,2.7E-1,0.E0);
#56=COLOUR_RGB('',2.7E-1,2.7E-1,1.E0);
#57=COLOUR_RGB('',2.745098039216E-1,5.098039215686E-1,7.058823529412E-1);
#58=COLOUR_RGB('',2.784313725490E-1,2.784313725490E-1,2.784313725490E-1);
#59=COLOUR_RGB('',2.823529411765E-1,2.392156862745E-1,5.450980392157E-1);
#60=COLOUR_RGB('',3.13725E-1,4.70588E-1,1.96078E-1);
#61=COLOUR_RGB('',3.2549E-1,4.98039E-1,9.84314E-1);
#62=COLOUR_RGB('',3.254901960784E-1,5.764705882353E-1,8.117647058824E-1);
#63=COLOUR_RGB('',3.3E-1,0.E0,0.E0);
#64=COLOUR_RGB('',3.3E-1,0.E0,3.3E-1);
#65=COLOUR_RGB('',3.3E-1,0.E0,5.3E-1);
#66=COLOUR_RGB('',3.450980392157E-1,3.647058823529E-1,3.725490196078E-1);
#67=COLOUR_RGB('',3.725490196078E-1,6.196078431373E-1,6.274509803922E-1);
#68=COLOUR_RGB('',3.803921568627E-1,4.392156862745E-1,5.960784313725E-1);
#69=COLOUR_RGB('',3.882352941176E-1,4.392156862745E-1,4.901960784314E-1);
#70=COLOUR_RGB('',3.921568627451E-1,5.843137254902E-1,9.294117647059E-1);
#71=COLOUR_RGB('',3.96078E-1,7.13725E-1,1.E0);
#72=COLOUR_RGB('',4.E-1,0.E0,4.E-1);
#73=COLOUR_RGB('',4.E-1,0.E0,6.7E-1);
#74=COLOUR_RGB('',4.E-1,1.3E-1,0.E0);
#75=COLOUR_RGB('',4.E-1,4.E-1,0.E0);
#76=COLOUR_RGB('',4.E-1,4.E-1,1.E0);
#77=COLOUR_RGB('',4.E-1,8.039215686275E-1,6.666666666667E-1);
#78=COLOUR_RGB('',4.E-1,1.E0,0.E0);
#79=COLOUR_RGB('',4.E-1,1.E0,4.E-1);
#80=COLOUR_RGB('',4.E-1,1.E0,1.E0);
#81=COLOUR_RGB('',4.156862745098E-1,3.529411764706E-1,8.039215686275E-1);
#82=COLOUR_RGB('',4.196078431373E-1,5.568627450980E-1,1.372549019608E-1);
#83=COLOUR_RGB('',4.666666666667E-1,5.333333333333E-1,6.E-1);
#84=COLOUR_RGB('',4.7E-1,0.E0,0.E0);
#85=COLOUR_RGB('',4.7E-1,0.E0,8.E-1);
#86=COLOUR_RGB('',4.7E-1,2.E-1,7.E-2);
#87=COLOUR_RGB('',4.823529411765E-1,4.078431372549E-1,9.333333333333E-1);
#88=COLOUR_RGB('',4.980392156863E-1,1.E0,8.313725490196E-1);
#89=COLOUR_RGB('',5.019607843137E-1,0.E0,5.019607843137E-1);
#90=COLOUR_RGB('',5.019607843137E-1,5.019607843137E-1,0.E0);
#91=COLOUR_RGB('',5.01961E-1,5.01961E-1,5.01961E-1);
#92=COLOUR_RGB('',5.098039215686E-1,3.960784313725E-1,1.058823529412E-1);
#93=COLOUR_RGB('',5.3E-1,0.E0,9.3E-1);
#94=COLOUR_RGB('',5.3E-1,2.7E-1,1.3E-1);
#95=COLOUR_RGB('',5.3E-1,5.3E-1,1.E0);
#96=COLOUR_RGB('',5.294117647059E-1,8.078431372549E-1,9.215686274510E-1);
#97=COLOUR_RGB('',5.411764705882E-1,1.686274509804E-1,8.862745098039E-1);
#98=COLOUR_RGB('',5.5E-1,6.5E-1,7.3E-1);
#99=COLOUR_RGB('',5.607843137255E-1,7.372549019608E-1,5.607843137255E-1);
#100=COLOUR_RGB('',5.68627E-1,9.37255E-1,9.37255E-1);
#101=COLOUR_RGB('',5.725490196078E-1,6.117647058824E-1,6.313725490196E-1);
#102=COLOUR_RGB('',5.764705882353E-1,4.392156862745E-1,8.588235294118E-1);
#103=COLOUR_RGB('',5.803921568627E-1,0.E0,8.274509803922E-1);
#104=COLOUR_RGB('',5.88235E-1,2.35294E-1,1.56863E-1);
#105=COLOUR_RGB('',6.E-1,0.E0,6.E-1);
#106=COLOUR_RGB('',6.E-1,1.960784313725E-1,8.E-1);
#107=COLOUR_RGB('',6.E-1,2.E-1,1.E0);
#108=COLOUR_RGB('',6.E-1,3.3E-1,2.E-1);
#109=COLOUR_RGB('',6.E-1,6.E-1,0.E0);
#110=COLOUR_RGB('',6.E-1,1.E0,6.E-1);
#111=COLOUR_RGB('',6.E-1,1.E0,1.E0);
#112=COLOUR_RGB('',6.27451E-1,4.70588E-1,3.52941E-1);
#113=COLOUR_RGB('',6.627450980392E-1,6.627450980392E-1,6.627450980392E-1);
#114=COLOUR_RGB('',6.66667E-1,8.23529E-1,1.96078E-1);
#115=COLOUR_RGB('',6.66667E-1,8.23529E-1,5.88235E-1);
#116=COLOUR_RGB('',6.7E-1,0.E0,0.E0);
#117=COLOUR_RGB('',6.7E-1,4.E-1,2.7E-1);
#118=COLOUR_RGB('',6.7E-1,4.E-1,1.E0);
#119=COLOUR_RGB('',6.7E-1,6.7E-1,1.E0);
#120=COLOUR_RGB('',6.7E-1,1.E0,0.E0);
#121=COLOUR_RGB('',6.784313725490E-1,8.117647058824E-1,1.E0);
#122=COLOUR_RGB('',6.784313725490E-1,8.470588235294E-1,9.019607843137E-1);
#123=COLOUR_RGB('',6.784313725490E-1,1.E0,1.843137254902E-1);
#124=COLOUR_RGB('',6.862745098039E-1,6.823529411765E-1,7.607843137255E-1);
#125=COLOUR_RGB('',6.980392156863E-1,1.333333333333E-1,1.333333333333E-1);
#126=COLOUR_RGB('',7.17647E-1,1.68627E-1,4.43137E-1);
#127=COLOUR_RGB('',7.215686274510E-1,5.254901960784E-1,4.313725490196E-2);
#128=COLOUR_RGB('',7.294117647059E-1,2.705882352941E-1,1.E0);
#129=COLOUR_RGB('',7.294117647059E-1,3.333333333333E-1,8.274509803922E-1);
#130=COLOUR_RGB('',7.294117647059E-1,4.E-1,0.E0);
#131=COLOUR_RGB('',7.3E-1,4.7E-1,3.3E-1);
#132=COLOUR_RGB('',7.372549019608E-1,5.607843137255E-1,5.607843137255E-1);
#133=COLOUR_RGB('',7.411764705882E-1,7.176470588235E-1,4.196078431373E-1);
#134=COLOUR_RGB('',7.803921568627E-1,8.235294117647E-2,5.215686274510E-1);
#135=COLOUR_RGB('',8.E-1,0.E0,8.E-1);
#136=COLOUR_RGB('',8.E-1,5.3E-1,4.E-1);
#137=COLOUR_RGB('',8.E-1,6.E-1,1.E0);
#138=COLOUR_RGB('',8.E-1,8.E-1,0.E0);
#139=COLOUR_RGB('',8.E-1,8.E-1,1.E0);
#140=COLOUR_RGB('',8.E-1,1.E0,8.E-1);
#141=COLOUR_RGB('',8.E-1,1.E0,1.E0);
#142=COLOUR_RGB('',8.039215686275E-1,3.607843137255E-1,3.607843137255E-1);
#143=COLOUR_RGB('',8.03922E-1,5.88235E-1,1.96078E-1);
#144=COLOUR_RGB('',8.196078431373E-1,7.098039215686E-1,5.490196078431E-2);
#145=COLOUR_RGB('',8.235294117647E-1,4.117647058824E-1,1.176470588235E-1);
#146=COLOUR_RGB('',8.235294117647E-1,7.058823529412E-1,5.490196078431E-1);
#147=COLOUR_RGB('',8.274509803922E-1,8.274509803922E-1,8.274509803922E-1);
#148=COLOUR_RGB('',8.392156862745E-1,8.E-1,7.137254901961E-1);
#149=COLOUR_RGB('',8.431372549020E-1,8.980392156863E-1,9.333333333333E-1);
#150=COLOUR_RGB('',8.549019607843E-1,6.470588235294E-1,1.254901960784E-1);
#151=COLOUR_RGB('',8.588235294118E-1,4.392156862745E-1,5.764705882353E-1);
#152=COLOUR_RGB('',8.627450980392E-1,7.843137254902E-2,2.352941176471E-1);
#153=COLOUR_RGB('',8.666666666667E-1,6.274509803922E-1,8.666666666667E-1);
#154=COLOUR_RGB('',8.7E-1,0.E0,0.E0);
#155=COLOUR_RGB('',8.7E-1,6.E-1,4.7E-1);
#156=COLOUR_RGB('',8.98039E-1,6.07843E-1,1.E0);
#157=COLOUR_RGB('',9.E-1,8.3E-1,1.2E-1);
#158=COLOUR_RGB('',9.09804E-1,3.68627E-1,8.19608E-1);
#159=COLOUR_RGB('',9.3E-1,0.E0,9.3E-1);
#160=COLOUR_RGB('',9.3E-1,6.7E-1,5.3E-1);
#161=COLOUR_RGB('',9.3E-1,8.E-1,1.E0);
#162=COLOUR_RGB('',9.3E-1,9.3E-1,0.E0);
#163=COLOUR_RGB('',9.3E-1,1.E0,9.3E-1);
#164=COLOUR_RGB('',9.3E-1,1.E0,1.E0);
#165=COLOUR_RGB('',9.333333333333E-1,5.098039215686E-1,9.333333333333E-1);
#166=COLOUR_RGB('',9.333333333333E-1,9.098039215686E-1,6.666666666667E-1);
#167=COLOUR_RGB('',9.411764705882E-1,9.019607843137E-1,5.490196078431E-1);
#168=COLOUR_RGB('',9.568627450980E-1,6.431372549020E-1,3.764705882353E-1);
#169=DRAUGHTING_PRE_DEFINED_COLOUR('red');
#170=COLOUR_RGB('',1.E0,0.E0,2.705882352941E-1);
#171=COLOUR_RGB('',1.E0,0.E0,4.705882352941E-1);
#172=COLOUR_RGB('',1.E0,0.E0,7.803921568627E-1);
#173=DRAUGHTING_PRE_DEFINED_COLOUR('magenta');
#174=COLOUR_RGB('',1.E0,3.1E-2,3.1E-2);
#175=COLOUR_RGB('',1.E0,7.E-2,7.E-2);
#176=COLOUR_RGB('',1.E0,7.843137254902E-2,5.764705882353E-1);
#177=COLOUR_RGB('',1.E0,2.E-1,1.E0);
#178=COLOUR_RGB('',1.E0,2.7E-1,0.E0);
#179=COLOUR_RGB('',1.E0,2.7E-1,2.7E-1);
#180=COLOUR_RGB('',1.E0,3.882352941176E-1,2.784313725490E-1);
#181=COLOUR_RGB('',1.E0,4.E-1,1.E0);
#182=COLOUR_RGB('',1.E0,4.117647058824E-1,7.058823529412E-1);
#183=COLOUR_RGB('',1.E0,4.7E-1,0.E0);
#184=COLOUR_RGB('',1.E0,4.7E-1,4.7E-1);
#185=COLOUR_RGB('',1.E0,4.980392156863E-1,3.137254901961E-1);
#186=COLOUR_RGB('',1.E0,6.E-1,1.E0);
#187=COLOUR_RGB('',1.E0,6.7E-1,0.E0);
#188=COLOUR_RGB('',1.E0,6.7E-1,6.7E-1);
#189=COLOUR_RGB('',1.E0,7.3E-1,6.E-1);
#190=COLOUR_RGB('',1.E0,7.686274509804E-1,5.882352941176E-2);
#191=COLOUR_RGB('',1.E0,8.E-1,8.E-1);
#192=COLOUR_RGB('',1.E0,8.E-1,1.E0);
#193=COLOUR_RGB('',1.E0,8.7E-1,0.E0);
#194=COLOUR_RGB('',1.E0,9.215686274510E-1,8.039215686275E-1);
#195=COLOUR_RGB('',1.E0,9.3E-1,9.3E-1);
#196=COLOUR_RGB('',1.E0,9.3E-1,1.E0);
#197=DRAUGHTING_PRE_DEFINED_COLOUR('yellow');
#198=COLOUR_RGB('',1.E0,1.E0,1.3E-1);
#199=COLOUR_RGB('',1.E0,1.E0,3.3E-1);
#200=COLOUR_RGB('',1.E0,1.E0,5.3E-1);
#201=COLOUR_RGB('',1.E0,1.E0,7.3E-1);
#202=COLOUR_RGB('',1.E0,1.E0,9.3E-1);
#203=DRAUGHTING_PRE_DEFINED_COLOUR('white');
#208=CIRCLE('',#207,4.833333333333E0);
#213=CIRCLE('',#212,4.833333333333E0);
#218=CIRCLE('',#217,4.604166666667E0);
#223=CIRCLE('',#222,4.604166666667E0);
#232=CIRCLE('',#231,4.833333333333E0);
#237=CIRCLE('',#236,1.466666666667E0);
#242=CIRCLE('',#241,4.833333333333E0);
#247=CIRCLE('',#246,1.466666666667E0);
#256=CIRCLE('',#255,4.283333333333E0);
#261=CIRCLE('',#260,1.466666666667E0);
#266=CIRCLE('',#265,4.833333333333E0);
#271=CIRCLE('',#270,4.283333333333E0);
#276=CIRCLE('',#275,1.466666666667E0);
#281=CIRCLE('',#280,4.833333333333E0);
#290=CIRCLE('',#289,4.833333333333E0);
#295=CIRCLE('',#294,4.833333333333E0);
#300=CIRCLE('',#299,4.604166666667E0);
#305=CIRCLE('',#304,4.604166666667E0);
#318=CIRCLE('',#317,4.604166666667E0);
#323=CIRCLE('',#322,4.604166666667E0);
#328=CIRCLE('',#327,3.3E0);
#333=CIRCLE('',#332,3.3E0);
#342=CIRCLE('',#341,3.E0);
#347=CIRCLE('',#346,3.E-1);
#360=CIRCLE('',#359,3.E-1);
#365=CIRCLE('',#364,3.E0);
#370=CIRCLE('',#369,3.E-1);
#375=CIRCLE('',#374,3.E0);
#380=CIRCLE('',#379,3.E-1);
#385=CIRCLE('',#384,3.E0);
#390=CIRCLE('',#389,4.604166666667E0);
#395=CIRCLE('',#394,4.604166666667E0);
#400=CIRCLE('',#399,3.3E0);
#405=CIRCLE('',#404,3.3E0);
#471=EDGE_CURVE('',#448,#449,#208,.T.);
#473=EDGE_CURVE('',#449,#448,#213,.T.);
#477=EDGE_CURVE('',#444,#445,#218,.T.);
#479=EDGE_CURVE('',#445,#444,#223,.T.);
#489=EDGE_CURVE('',#452,#453,#232,.T.);
#491=EDGE_CURVE('',#452,#449,#227,.T.);
#494=EDGE_CURVE('',#453,#448,#251,.T.);
#504=EDGE_CURVE('',#452,#455,#247,.T.);
#507=EDGE_CURVE('',#453,#457,#237,.T.);
#509=EDGE_CURVE('',#455,#457,#271,.T.);
#520=EDGE_CURVE('',#453,#452,#242,.T.);
#523=EDGE_CURVE('',#457,#455,#256,.T.);
#546=EDGE_CURVE('',#455,#459,#261,.T.);
#548=EDGE_CURVE('',#459,#461,#266,.T.);
#550=EDGE_CURVE('',#457,#461,#276,.T.);
#562=EDGE_CURVE('',#461,#459,#281,.T.);
#573=EDGE_CURVE('',#464,#465,#290,.T.);
#575=EDGE_CURVE('',#464,#459,#285,.T.);
#578=EDGE_CURVE('',#465,#461,#309,.T.);
#589=EDGE_CURVE('',#465,#464,#295,.T.);
#593=EDGE_CURVE('',#417,#419,#300,.T.);
#595=EDGE_CURVE('',#419,#417,#305,.T.);
#617=EDGE_CURVE('',#421,#416,#318,.T.);
#619=EDGE_CURVE('',#421,#419,#313,.T.);
#622=EDGE_CURVE('',#416,#417,#337,.T.);
#633=EDGE_CURVE('',#416,#421,#323,.T.);
#637=EDGE_CURVE('',#424,#425,#328,.T.);
#639=EDGE_CURVE('',#425,#424,#333,.T.);
#661=EDGE_CURVE('',#428,#429,#342,.T.);
#663=EDGE_CURVE('',#429,#425,#347,.T.);
#666=EDGE_CURVE('',#428,#424,#360,.T.);
#676=EDGE_CURVE('',#428,#431,#351,.T.);
#678=EDGE_CURVE('',#433,#431,#385,.T.);
#680=EDGE_CURVE('',#429,#433,#355,.T.);
#691=EDGE_CURVE('',#429,#428,#365,.T.);
#694=EDGE_CURVE('',#431,#433,#375,.T.);
#717=EDGE_CURVE('',#435,#431,#370,.T.);
#720=EDGE_CURVE('',#437,#433,#380,.T.);
#722=EDGE_CURVE('',#435,#437,#405,.T.);
#732=EDGE_CURVE('',#437,#435,#400,.T.);
#745=EDGE_CURVE('',#440,#441,#390,.T.);
#747=EDGE_CURVE('',#441,#440,#395,.T.);
#762=EDGE_CURVE('',#444,#441,#409,.T.);
#765=EDGE_CURVE('',#445,#440,#413,.T.);
#788=CIRCLE('',#787,6.666666666667E0);
#793=CIRCLE('',#792,1.466666666667E0);
#798=CIRCLE('',#797,6.666666666667E0);
#803=CIRCLE('',#802,1.466666666667E0);
#812=CIRCLE('',#811,6.666666666667E0);
#817=CIRCLE('',#816,6.666666666667E0);
#822=CIRCLE('',#821,6.78125E0);
#827=CIRCLE('',#826,6.584904128395E0);
#832=CIRCLE('',#831,2.802578529305E-1);
#837=CIRCLE('',#836,6.78125E0);
#842=CIRCLE('',#841,6.584904128395E0);
#847=CIRCLE('',#846,2.802578529305E-1);
#860=CIRCLE('',#859,6.266681413444E0);
#865=CIRCLE('',#864,2.E-1);
#870=CIRCLE('',#869,2.E-1);
#875=CIRCLE('',#874,6.266681413444E0);
#880=CIRCLE('',#879,6.126563397444E0);
#885=CIRCLE('',#884,6.126563397444E0);
#890=CIRCLE('',#889,4.65E0);
#895=CIRCLE('',#894,4.65E0);
#908=CIRCLE('',#907,6.126563397444E0);
#913=CIRCLE('',#912,6.126563397444E0);
#918=CIRCLE('',#917,4.65E0);
#923=CIRCLE('',#922,4.65E0);
#928=CIRCLE('',#927,3.E-1);
#933=CIRCLE('',#932,6.336740421443E0);
#938=CIRCLE('',#937,6.336740421443E0);
#943=CIRCLE('',#942,3.E-1);
#956=CIRCLE('',#955,6.654963136395E0);
#961=CIRCLE('',#960,1.802578529305E-1);
#966=CIRCLE('',#965,1.802578529305E-1);
#971=CIRCLE('',#970,6.654963136395E0);
#976=CIRCLE('',#975,6.895833333333E0);
#981=CIRCLE('',#980,6.895833333333E0);
#986=CIRCLE('',#985,6.78125E0);
#991=CIRCLE('',#990,6.78125E0);
#996=CIRCLE('',#995,5.E-2);
#1001=CIRCLE('',#1000,5.E-2);
#1006=CIRCLE('',#1005,6.935068016105E0);
#1011=CIRCLE('',#1010,5.E-2);
#1016=CIRCLE('',#1015,6.935068016105E0);
#1021=CIRCLE('',#1020,5.E-2);
#1030=CIRCLE('',#1029,6.771530634457E0);
#1035=CIRCLE('',#1034,6.771530634457E0);
#1044=CIRCLE('',#1043,6.85E0);
#1061=CIRCLE('',#1060,6.85E0);
#1070=CIRCLE('',#1069,8.2E0);
#1075=CIRCLE('',#1074,8.2E0);
#1080=CIRCLE('',#1079,6.85E0);
#1085=CIRCLE('',#1084,6.85E0);
#1090=CIRCLE('',#1089,3.E-1);
#1095=CIRCLE('',#1094,8.5E0);
#1100=CIRCLE('',#1099,3.E-1);
#1105=CIRCLE('',#1104,8.5E0);
#1118=CIRCLE('',#1117,8.5E0);
#1123=CIRCLE('',#1122,3.E-1);
#1128=CIRCLE('',#1127,3.E-1);
#1133=CIRCLE('',#1132,8.5E0);
#1138=CIRCLE('',#1137,8.2E0);
#1143=CIRCLE('',#1142,8.2E0);
#1148=CIRCLE('',#1147,6.85E0);
#1153=CIRCLE('',#1152,6.85E0);
#1162=CIRCLE('',#1161,6.85E0);
#1167=CIRCLE('',#1166,6.771530634457E0);
#1176=CIRCLE('',#1175,6.85E0);
#1181=CIRCLE('',#1180,6.771530634457E0);
#1202=CIRCLE('',#1201,5.E-2);
#1207=CIRCLE('',#1206,6.935068016105E0);
#1212=CIRCLE('',#1211,5.E-2);
#1217=CIRCLE('',#1216,5.E-2);
#1222=CIRCLE('',#1221,5.E-2);
#1227=CIRCLE('',#1226,6.935068016105E0);
#1232=CIRCLE('',#1231,6.895833333333E0);
#1237=CIRCLE('',#1236,6.895833333333E0);
#1242=CIRCLE('',#1241,6.78125E0);
#1247=CIRCLE('',#1246,6.78125E0);
#1252=CIRCLE('',#1251,1.802578529305E-1);
#1257=CIRCLE('',#1256,6.654963136395E0);
#1262=CIRCLE('',#1261,6.654963136395E0);
#1267=CIRCLE('',#1266,1.802578529305E-1);
#1280=CIRCLE('',#1279,6.336740421443E0);
#1285=CIRCLE('',#1284,3.E-1);
#1290=CIRCLE('',#1289,3.E-1);
#1295=CIRCLE('',#1294,6.336740421443E0);
#1300=CIRCLE('',#1299,6.126563397444E0);
#1305=CIRCLE('',#1304,6.126563397444E0);
#1310=CIRCLE('',#1309,4.65E0);
#1315=CIRCLE('',#1314,4.65E0);
#1328=CIRCLE('',#1327,6.126563397444E0);
#1333=CIRCLE('',#1332,6.126563397444E0);
#1338=CIRCLE('',#1337,4.65E0);
#1343=CIRCLE('',#1342,4.65E0);
#1348=CIRCLE('',#1347,2.E-1);
#1353=CIRCLE('',#1352,6.266681413444E0);
#1358=CIRCLE('',#1357,6.266681413444E0);
#1363=CIRCLE('',#1362,2.E-1);
#1376=CIRCLE('',#1375,6.78125E0);
#1381=CIRCLE('',#1380,6.584904128395E0);
#1386=CIRCLE('',#1385,2.802578529305E-1);
#1391=CIRCLE('',#1390,6.666666666667E0);
#1396=CIRCLE('',#1395,6.666666666667E0);
#1401=CIRCLE('',#1400,6.78125E0);
#1406=CIRCLE('',#1405,6.584904128395E0);
#1411=CIRCLE('',#1410,2.802578529305E-1);
#1424=CIRCLE('',#1423,6.666666666667E0);
#1429=CIRCLE('',#1428,6.666666666667E0);
#1599=EDGE_CURVE('',#1548,#1549,#788,.T.);
#1601=EDGE_CURVE('',#1549,#1545,#793,.T.);
#1603=EDGE_CURVE('',#1545,#1540,#798,.T.);
#1605=EDGE_CURVE('',#1540,#1548,#803,.T.);
#1615=EDGE_CURVE('',#1552,#1553,#817,.T.);
#1617=EDGE_CURVE('',#1552,#1549,#807,.T.);
#1620=EDGE_CURVE('',#1553,#1548,#1433,.T.);
#1630=EDGE_CURVE('',#1592,#1593,#822,.T.);
#1632=EDGE_CURVE('',#1593,#1592,#837,.T.);
#1636=EDGE_CURVE('',#1553,#1552,#812,.T.);
#1648=EDGE_CURVE('',#1496,#1593,#847,.T.);
#1650=EDGE_CURVE('',#1496,#1497,#827,.T.);
#1652=EDGE_CURVE('',#1497,#1592,#832,.T.);
#1664=EDGE_CURVE('',#1497,#1496,#842,.T.);
#1675=EDGE_CURVE('',#1499,#1496,#851,.T.);
#1678=EDGE_CURVE('',#1501,#1497,#855,.T.);
#1680=EDGE_CURVE('',#1499,#1501,#875,.T.);
#1690=EDGE_CURVE('',#1501,#1499,#860,.T.);
#1704=EDGE_CURVE('',#1499,#1503,#865,.T.);
#1706=EDGE_CURVE('',#1505,#1503,#880,.T.);
#1708=EDGE_CURVE('',#1501,#1505,#870,.T.);
#1719=EDGE_CURVE('',#1503,#1505,#885,.T.);
#1735=EDGE_CURVE('',#1508,#1509,#890,.T.);
#1737=EDGE_CURVE('',#1509,#1508,#895,.T.);
#1748=EDGE_CURVE('',#1508,#1511,#899,.T.);
#1750=EDGE_CURVE('',#1513,#1511,#918,.T.);
#1752=EDGE_CURVE('',#1509,#1513,#903,.T.);
#1763=EDGE_CURVE('',#1511,#1513,#923,.T.);
#1775=EDGE_CURVE('',#1516,#1517,#908,.T.);
#1777=EDGE_CURVE('',#1517,#1516,#913,.T.);
#1791=EDGE_CURVE('',#1519,#1517,#928,.T.);
#1794=EDGE_CURVE('',#1521,#1516,#943,.T.);
#1796=EDGE_CURVE('',#1521,#1519,#933,.T.);
#1806=EDGE_CURVE('',#1519,#1521,#938,.T.);
#1820=EDGE_CURVE('',#1519,#1523,#947,.T.);
#1822=EDGE_CURVE('',#1525,#1523,#971,.T.);
#1824=EDGE_CURVE('',#1521,#1525,#951,.T.);
#1835=EDGE_CURVE('',#1523,#1525,#956,.T.);
#1848=EDGE_CURVE('',#1525,#1527,#961,.T.);
#1850=EDGE_CURVE('',#1529,#1527,#986,.T.);
#1852=EDGE_CURVE('',#1523,#1529,#966,.T.);
#1863=EDGE_CURVE('',#1527,#1529,#991,.T.);
#1875=EDGE_CURVE('',#1532,#1533,#976,.T.);
#1877=EDGE_CURVE('',#1533,#1532,#981,.T.);
#1892=EDGE_CURVE('',#1532,#1535,#996,.T.);
#1894=EDGE_CURVE('',#1535,#1493,#1001,.T.);
#1896=EDGE_CURVE('',#1493,#1491,#1006,.T.);
#1898=EDGE_CURVE('',#1537,#1491,#1011,.T.);
#1900=EDGE_CURVE('',#1533,#1537,#1021,.T.);
#1911=EDGE_CURVE('',#1491,#1493,#1016,.T.);
#1925=EDGE_CURVE('',#1488,#1493,#1025,.T.);
#1928=EDGE_CURVE('',#1489,#1491,#1039,.T.);
#1930=EDGE_CURVE('',#1489,#1488,#1030,.T.);
#1940=EDGE_CURVE('',#1488,#1489,#1035,.T.);
#1953=EDGE_CURVE('',#1588,#1589,#1044,.T.);
#1955=EDGE_CURVE('',#1489,#1589,#1065,.T.);
#1958=EDGE_CURVE('',#1488,#1588,#1048,.T.);
#1969=EDGE_CURVE('',#1556,#1588,#1056,.T.);
#1971=EDGE_CURVE('',#1557,#1556,#1080,.T.);
#1973=EDGE_CURVE('',#1557,#1589,#1052,.T.);
#1983=EDGE_CURVE('',#1588,#1589,#1061,.T.);
#1986=EDGE_CURVE('',#1556,#1557,#1085,.T.);
#2009=EDGE_CURVE('',#1560,#1561,#1070,.T.);
#2011=EDGE_CURVE('',#1561,#1560,#1075,.T.);
#2026=EDGE_CURVE('',#1560,#1563,#1090,.T.);
#2028=EDGE_CURVE('',#1563,#1565,#1095,.T.);
#2030=EDGE_CURVE('',#1561,#1565,#1100,.T.);
#2041=EDGE_CURVE('',#1565,#1563,#1105,.T.);
#2053=EDGE_CURVE('',#1565,#1567,#1109,.T.);
#2055=EDGE_CURVE('',#1569,#1567,#1133,.T.);
#2057=EDGE_CURVE('',#1563,#1569,#1113,.T.);
#2070=EDGE_CURVE('',#1567,#1569,#1118,.T.);
#2082=EDGE_CURVE('',#1569,#1571,#1123,.T.);
#2084=EDGE_CURVE('',#1573,#1571,#1138,.T.);
#2086=EDGE_CURVE('',#1567,#1573,#1128,.T.);
#2097=EDGE_CURVE('',#1571,#1573,#1143,.T.);
#2113=EDGE_CURVE('',#1576,#1577,#1148,.T.);
#2115=EDGE_CURVE('',#1577,#1576,#1153,.T.);
#2125=EDGE_CURVE('',#1585,#1584,#1162,.T.);
#2127=EDGE_CURVE('',#1584,#1577,#1157,.T.);
#2130=EDGE_CURVE('',#1585,#1576,#1189,.T.);
#2141=EDGE_CURVE('',#1472,#1585,#1185,.T.);
#2143=EDGE_CURVE('',#1472,#1473,#1167,.T.);
#2145=EDGE_CURVE('',#1473,#1584,#1171,.T.);
#2155=EDGE_CURVE('',#1584,#1585,#1176,.T.);
#2158=EDGE_CURVE('',#1473,#1472,#1181,.T.);
#2182=EDGE_CURVE('',#1473,#1475,#1193,.T.);
#2184=EDGE_CURVE('',#1477,#1475,#1227,.T.);
#2186=EDGE_CURVE('',#1472,#1477,#1197,.T.);
#2197=EDGE_CURVE('',#1475,#1477,#1207,.T.);
#2209=EDGE_CURVE('',#1479,#1475,#1202,.T.);
#2212=EDGE_CURVE('',#1481,#1477,#1222,.T.);
#2214=EDGE_CURVE('',#1483,#1481,#1217,.T.);
#2216=EDGE_CURVE('',#1485,#1483,#1232,.T.);
#2218=EDGE_CURVE('',#1485,#1479,#1212,.T.);
#2228=EDGE_CURVE('',#1483,#1485,#1237,.T.);
#2247=EDGE_CURVE('',#1439,#1441,#1242,.T.);
#2249=EDGE_CURVE('',#1441,#1439,#1247,.T.);
#2259=EDGE_CURVE('',#1436,#1441,#1252,.T.);
#2262=EDGE_CURVE('',#1437,#1439,#1267,.T.);
#2264=EDGE_CURVE('',#1437,#1436,#1257,.T.);
#2274=EDGE_CURVE('',#1436,#1437,#1262,.T.);
#2287=EDGE_CURVE('',#1443,#1437,#1271,.T.);
#2290=EDGE_CURVE('',#1445,#1436,#1275,.T.);
#2292=EDGE_CURVE('',#1443,#1445,#1295,.T.);
#2302=EDGE_CURVE('',#1445,#1443,#1280,.T.);
#2316=EDGE_CURVE('',#1443,#1447,#1285,.T.);
#2318=EDGE_CURVE('',#1449,#1447,#1300,.T.);
#2320=EDGE_CURVE('',#1445,#1449,#1290,.T.);
#2331=EDGE_CURVE('',#1447,#1449,#1305,.T.);
#2347=EDGE_CURVE('',#1452,#1453,#1310,.T.);
#2349=EDGE_CURVE('',#1453,#1452,#1315,.T.);
#2359=EDGE_CURVE('',#1455,#1453,#1319,.T.);
#2362=EDGE_CURVE('',#1457,#1452,#1323,.T.);
#2364=EDGE_CURVE('',#1455,#1457,#1338,.T.);
#2374=EDGE_CURVE('',#1457,#1455,#1343,.T.);
#2387=EDGE_CURVE('',#1460,#1461,#1328,.T.);
#2389=EDGE_CURVE('',#1461,#1460,#1333,.T.);
#2403=EDGE_CURVE('',#1463,#1461,#1348,.T.);
#2406=EDGE_CURVE('',#1465,#1460,#1363,.T.);
#2408=EDGE_CURVE('',#1465,#1463,#1353,.T.);
#2418=EDGE_CURVE('',#1463,#1465,#1358,.T.);
#2432=EDGE_CURVE('',#1463,#1467,#1367,.T.);
#2434=EDGE_CURVE('',#1469,#1467,#1406,.T.);
#2436=EDGE_CURVE('',#1465,#1469,#1371,.T.);
#2447=EDGE_CURVE('',#1467,#1469,#1381,.T.);
#2459=EDGE_CURVE('',#1580,#1581,#1376,.T.);
#2461=EDGE_CURVE('',#1467,#1581,#1411,.T.);
#2464=EDGE_CURVE('',#1469,#1580,#1386,.T.);
#2475=EDGE_CURVE('',#1581,#1580,#1401,.T.);
#2479=EDGE_CURVE('',#1543,#1541,#1391,.T.);
#2481=EDGE_CURVE('',#1541,#1543,#1396,.T.);
#2503=EDGE_CURVE('',#1540,#1541,#1415,.T.);
#2506=EDGE_CURVE('',#1545,#1543,#1419,.T.);
#2508=EDGE_CURVE('',#1540,#1545,#1424,.T.);
#2533=EDGE_CURVE('',#1549,#1548,#1429,.T.);
#2552=(LENGTH_UNIT()NAMED_UNIT(*)SI_UNIT(.MILLI.,.METRE.));
#2554=(NAMED_UNIT(*)PLANE_ANGLE_UNIT()SI_UNIT($,.RADIAN.));
#2557=(NAMED_UNIT(*)SI_UNIT($,.STERADIAN.)SOLID_ANGLE_UNIT());
#2560=ADVANCED_BREP_SHAPE_REPRESENTATION('',(#783,#2551),#2559);
#2567=PRODUCT_DEFINITION('design','',#2566,#2563);
#2568=PRODUCT_DEFINITION_SHAPE('','SHAPE FOR 606ZZ_EA019.',#2567);
#2569=SHAPE_DEFINITION_REPRESENTATION(#2568,#2560);
ENDSEC;
END-ISO-10303-21;
