ISO-10303-21;
HEADER;
FILE_DESCRIPTION((''),'2;1');
FILE_NAME('603ZZ-EA007','2025-12-19T16:03:29',('qinghui.yi'),(''),
'CREO PARAMETRIC BY PTC INC, 2019164','CREO PARAMETRIC BY PTC INC, 2019164','');
FILE_SCHEMA(('CONFIG_CONTROL_DESIGN','SHAPE_APPEARANCE_LAYERS_GROUPS'));
ENDSEC;
DATA;
#205=CARTESIAN_POINT('',(2.35E0,0.E0,-4.35E0));
#206=DIRECTION('',(0.E0,1.E0,0.E0));
#207=DIRECTION('',(1.E0,0.E0,0.E0));
#208=AXIS2_PLACEMENT_3D('',#205,#206,#207);
#210=CARTESIAN_POINT('',(2.35E0,0.E0,0.E0));
#211=DIRECTION('',(-1.E0,0.E0,0.E0));
#212=DIRECTION('',(0.E0,0.E0,-1.E0));
#213=AXIS2_PLACEMENT_3D('',#210,#211,#212);
#215=CARTESIAN_POINT('',(2.35E0,0.E0,4.35E0));
#216=DIRECTION('',(0.E0,-1.E0,0.E0));
#217=DIRECTION('',(1.E0,0.E0,0.E0));
#218=AXIS2_PLACEMENT_3D('',#215,#216,#217);
#220=CARTESIAN_POINT('',(2.35E0,0.E0,0.E0));
#221=DIRECTION('',(-1.E0,0.E0,0.E0));
#222=DIRECTION('',(0.E0,0.E0,1.E0));
#223=AXIS2_PLACEMENT_3D('',#220,#221,#222);
#225=CARTESIAN_POINT('',(2.5E0,0.E0,0.E0));
#226=DIRECTION('',(-1.E0,0.E0,0.E0));
#227=DIRECTION('',(0.E0,0.E0,1.E0));
#228=AXIS2_PLACEMENT_3D('',#225,#226,#227);
#230=CARTESIAN_POINT('',(2.5E0,0.E0,0.E0));
#231=DIRECTION('',(-1.E0,0.E0,0.E0));
#232=DIRECTION('',(0.E0,0.E0,-1.E0));
#233=AXIS2_PLACEMENT_3D('',#230,#231,#232);
#235=CARTESIAN_POINT('',(2.5E0,0.E0,0.E0));
#236=DIRECTION('',(1.E0,0.E0,0.E0));
#237=DIRECTION('',(0.E0,0.E0,-1.E0));
#238=AXIS2_PLACEMENT_3D('',#235,#236,#237);
#240=CARTESIAN_POINT('',(2.5E0,0.E0,0.E0));
#241=DIRECTION('',(1.E0,0.E0,0.E0));
#242=DIRECTION('',(0.E0,0.E0,1.E0));
#243=AXIS2_PLACEMENT_3D('',#240,#241,#242);
#245=CARTESIAN_POINT('',(2.425E0,0.E0,0.E0));
#246=DIRECTION('',(-1.E0,0.E0,0.E0));
#247=DIRECTION('',(0.E0,0.E0,1.E0));
#248=AXIS2_PLACEMENT_3D('',#245,#246,#247);
#250=DIRECTION('',(6.295000708604E-1,0.E0,7.770004252166E-1));
#251=VECTOR('',#250,4.999999999975E-2);
#252=CARTESIAN_POINT('',(2.393524996457E0,0.E0,3.561149978739E0));
#253=LINE('',#252,#251);
#254=CARTESIAN_POINT('',(2.425E0,0.E0,0.E0));
#255=DIRECTION('',(-1.E0,0.E0,0.E0));
#256=DIRECTION('',(0.E0,0.E0,-1.E0));
#257=AXIS2_PLACEMENT_3D('',#254,#255,#256);
#259=DIRECTION('',(6.295000708604E-1,0.E0,-7.770004252166E-1));
#260=VECTOR('',#259,4.999999999975E-2);
#261=CARTESIAN_POINT('',(2.393524996457E0,0.E0,-3.561149978739E0));
#262=LINE('',#261,#260);
#263=DIRECTION('',(1.E0,0.E0,0.E0));
#264=VECTOR('',#263,7.500000000050E-2);
#265=CARTESIAN_POINT('',(2.425E0,0.E0,-3.6E0));
#266=LINE('',#265,#264);
#267=DIRECTION('',(-1.E0,0.E0,0.E0));
#268=VECTOR('',#267,7.500000000050E-2);
#269=CARTESIAN_POINT('',(2.5E0,0.E0,3.6E0));
#270=LINE('',#269,#268);
#271=DIRECTION('',(-7.770004252098E-1,0.E0,6.295000708687E-1));
#272=VECTOR('',#271,1.322875655530E-1);
#273=CARTESIAN_POINT('',(2.393524996457E0,0.E0,3.561149978739E0));
#274=LINE('',#273,#272);
#275=CARTESIAN_POINT('',(2.393524996456E0,0.E0,0.E0));
#276=DIRECTION('',(-1.E0,0.E0,0.E0));
#277=DIRECTION('',(0.E0,0.E0,-1.E0));
#278=AXIS2_PLACEMENT_3D('',#275,#276,#277);
#280=CARTESIAN_POINT('',(2.393524996456E0,0.E0,0.E0));
#281=DIRECTION('',(-1.E0,0.E0,0.E0));
#282=DIRECTION('',(0.E0,0.E0,1.E0));
#283=AXIS2_PLACEMENT_3D('',#280,#281,#282);
#285=DIRECTION('',(-7.770004252098E-1,0.E0,-6.295000708687E-1));
#286=VECTOR('',#285,1.322875655530E-1);
#287=CARTESIAN_POINT('',(2.393524996457E0,0.E0,-3.561149978739E0));
#288=LINE('',#287,#286);
#289=CARTESIAN_POINT('',(2.275E0,0.E0,3.625E0));
#290=DIRECTION('',(0.E0,1.E0,0.E0));
#291=DIRECTION('',(-1.E0,0.E0,0.E0));
#292=AXIS2_PLACEMENT_3D('',#289,#290,#291);
#294=CARTESIAN_POINT('',(2.275E0,0.E0,3.625E0));
#295=DIRECTION('',(0.E0,1.E0,0.E0));
#296=DIRECTION('',(0.E0,0.E0,1.E0));
#297=AXIS2_PLACEMENT_3D('',#294,#295,#296);
#299=CARTESIAN_POINT('',(2.290737501772E0,0.E0,0.E0));
#300=DIRECTION('',(-1.E0,0.E0,0.E0));
#301=DIRECTION('',(0.E0,0.E0,1.E0));
#302=AXIS2_PLACEMENT_3D('',#299,#300,#301);
#304=CARTESIAN_POINT('',(2.25E0,0.E0,0.E0));
#305=DIRECTION('',(-1.E0,0.E0,0.E0));
#306=DIRECTION('',(0.E0,0.E0,1.E0));
#307=AXIS2_PLACEMENT_3D('',#304,#305,#306);
#309=CARTESIAN_POINT('',(2.25E0,0.E0,0.E0));
#310=DIRECTION('',(-1.E0,0.E0,0.E0));
#311=DIRECTION('',(0.E0,0.E0,-1.E0));
#312=AXIS2_PLACEMENT_3D('',#309,#310,#311);
#314=CARTESIAN_POINT('',(2.25E0,0.E0,0.E0));
#315=DIRECTION('',(1.E0,0.E0,0.E0));
#316=DIRECTION('',(0.E0,0.E0,-1.E0));
#317=AXIS2_PLACEMENT_3D('',#314,#315,#316);
#319=CARTESIAN_POINT('',(2.25E0,0.E0,0.E0));
#320=DIRECTION('',(1.E0,0.E0,0.E0));
#321=DIRECTION('',(0.E0,0.E0,1.E0));
#322=AXIS2_PLACEMENT_3D('',#319,#320,#321);
#324=CARTESIAN_POINT('',(2.275E0,0.E0,-3.625E0));
#325=DIRECTION('',(0.E0,-1.E0,0.E0));
#326=DIRECTION('',(0.E0,0.E0,-1.E0));
#327=AXIS2_PLACEMENT_3D('',#324,#325,#326);
#329=CARTESIAN_POINT('',(2.290737501772E0,0.E0,0.E0));
#330=DIRECTION('',(-1.E0,0.E0,0.E0));
#331=DIRECTION('',(0.E0,0.E0,-1.E0));
#332=AXIS2_PLACEMENT_3D('',#329,#330,#331);
#334=CARTESIAN_POINT('',(2.275E0,0.E0,-3.625E0));
#335=DIRECTION('',(0.E0,-1.E0,0.E0));
#336=DIRECTION('',(-1.E0,0.E0,0.E0));
#337=AXIS2_PLACEMENT_3D('',#334,#335,#336);
#339=CARTESIAN_POINT('',(2.278975003039E0,0.E0,0.E0));
#340=DIRECTION('',(1.E0,0.E0,0.E0));
#341=DIRECTION('',(0.E0,0.E0,-1.E0));
#342=AXIS2_PLACEMENT_3D('',#339,#340,#341);
#344=CARTESIAN_POINT('',(2.362872389216E0,0.E0,3.5625E0));
#345=DIRECTION('',(0.E0,1.E0,0.E0));
#346=DIRECTION('',(-7.432941462485E-1,0.E0,-6.689647316210E-1));
#347=AXIS2_PLACEMENT_3D('',#344,#345,#346);
#349=DIRECTION('',(-6.689647316223E-1,0.E0,7.432941462473E-1));
#350=VECTOR('',#349,1.970934001306E-1);
#351=CARTESIAN_POINT('',(2.410823536562E0,0.E0,3.340493981860E0));
#352=LINE('',#351,#350);
#353=DIRECTION('',(-6.689647316223E-1,0.E0,-7.432941462473E-1));
#354=VECTOR('',#353,1.970934001306E-1);
#355=CARTESIAN_POINT('',(2.410823536562E0,0.E0,-3.340493981860E0));
#356=LINE('',#355,#354);
#357=CARTESIAN_POINT('',(2.410823536562E0,0.E0,0.E0));
#358=DIRECTION('',(-1.E0,0.E0,0.E0));
#359=DIRECTION('',(0.E0,0.E0,-1.E0));
#360=AXIS2_PLACEMENT_3D('',#357,#358,#359);
#362=CARTESIAN_POINT('',(2.225E0,0.E0,3.173252798954E0));
#363=DIRECTION('',(0.E0,1.E0,0.E0));
#364=DIRECTION('',(7.432941462468E-1,0.E0,6.689647316229E-1));
#365=AXIS2_PLACEMENT_3D('',#362,#363,#364);
#367=CARTESIAN_POINT('',(2.225E0,0.E0,-3.173252798954E0));
#368=DIRECTION('',(0.E0,-1.E0,0.E0));
#369=DIRECTION('',(7.432941462468E-1,0.E0,-6.689647316229E-1));
#370=AXIS2_PLACEMENT_3D('',#367,#368,#369);
#372=CARTESIAN_POINT('',(2.410823536562E0,0.E0,0.E0));
#373=DIRECTION('',(-1.E0,0.E0,0.E0));
#374=DIRECTION('',(0.E0,0.E0,1.E0));
#375=AXIS2_PLACEMENT_3D('',#372,#373,#374);
#377=CARTESIAN_POINT('',(2.475E0,0.E0,0.E0));
#378=DIRECTION('',(-1.E0,0.E0,0.E0));
#379=DIRECTION('',(0.E0,0.E0,1.E0));
#380=AXIS2_PLACEMENT_3D('',#377,#378,#379);
#382=CARTESIAN_POINT('',(2.475E0,0.E0,0.E0));
#383=DIRECTION('',(-1.E0,0.E0,0.E0));
#384=DIRECTION('',(0.E0,0.E0,-1.E0));
#385=AXIS2_PLACEMENT_3D('',#382,#383,#384);
#387=CARTESIAN_POINT('',(2.475E0,0.E0,0.E0));
#388=DIRECTION('',(1.E0,0.E0,0.E0));
#389=DIRECTION('',(0.E0,0.E0,-1.E0));
#390=AXIS2_PLACEMENT_3D('',#387,#388,#389);
#392=CARTESIAN_POINT('',(2.475E0,0.E0,0.E0));
#393=DIRECTION('',(1.E0,0.E0,0.E0));
#394=DIRECTION('',(0.E0,0.E0,1.E0));
#395=AXIS2_PLACEMENT_3D('',#392,#393,#394);
#397=DIRECTION('',(1.E0,0.E0,0.E0));
#398=VECTOR('',#397,5.E-2);
#399=CARTESIAN_POINT('',(2.425E0,0.E0,2.4E0));
#400=LINE('',#399,#398);
#401=CARTESIAN_POINT('',(2.425E0,0.E0,0.E0));
#402=DIRECTION('',(1.E0,0.E0,0.E0));
#403=DIRECTION('',(0.E0,0.E0,-1.E0));
#404=AXIS2_PLACEMENT_3D('',#401,#402,#403);
#406=CARTESIAN_POINT('',(2.425E0,0.E0,0.E0));
#407=DIRECTION('',(1.E0,0.E0,0.E0));
#408=DIRECTION('',(0.E0,0.E0,1.E0));
#409=AXIS2_PLACEMENT_3D('',#406,#407,#408);
#411=CARTESIAN_POINT('',(2.425E0,0.E0,0.E0));
#412=DIRECTION('',(-1.E0,0.E0,0.E0));
#413=DIRECTION('',(0.E0,0.E0,1.E0));
#414=AXIS2_PLACEMENT_3D('',#411,#412,#413);
#416=CARTESIAN_POINT('',(2.425E0,0.E0,0.E0));
#417=DIRECTION('',(-1.E0,0.E0,0.E0));
#418=DIRECTION('',(0.E0,0.E0,-1.E0));
#419=AXIS2_PLACEMENT_3D('',#416,#417,#418);
#421=CARTESIAN_POINT('',(2.373658829249E0,0.E0,0.E0));
#422=DIRECTION('',(1.E0,0.E0,0.E0));
#423=DIRECTION('',(0.E0,0.E0,-1.E0));
#424=AXIS2_PLACEMENT_3D('',#421,#422,#423);
#426=CARTESIAN_POINT('',(2.225E0,0.E0,3.173252798954E0));
#427=DIRECTION('',(0.E0,1.E0,0.E0));
#428=DIRECTION('',(7.432941462474E-1,0.E0,6.689647316222E-1));
#429=AXIS2_PLACEMENT_3D('',#426,#427,#428);
#431=DIRECTION('',(-6.689647316223E-1,0.E0,-7.432941462473E-1));
#432=VECTOR('',#431,1.970934001314E-1);
#433=CARTESIAN_POINT('',(2.373658829249E0,0.E0,-3.307045745278E0));
#434=LINE('',#433,#432);
#435=DIRECTION('',(-6.689647316223E-1,0.E0,7.432941462473E-1));
#436=VECTOR('',#435,1.970934001314E-1);
#437=CARTESIAN_POINT('',(2.373658829249E0,0.E0,3.307045745278E0));
#438=LINE('',#437,#436);
#439=CARTESIAN_POINT('',(2.2E0,0.E0,0.E0));
#440=DIRECTION('',(1.E0,0.E0,0.E0));
#441=DIRECTION('',(0.E0,0.E0,1.E0));
#442=AXIS2_PLACEMENT_3D('',#439,#440,#441);
#444=CARTESIAN_POINT('',(2.241810295727E0,0.E0,0.E0));
#445=DIRECTION('',(-1.E0,0.E0,0.E0));
#446=DIRECTION('',(0.E0,0.E0,-1.E0));
#447=AXIS2_PLACEMENT_3D('',#444,#445,#446);
#449=CARTESIAN_POINT('',(2.362872389216E0,0.E0,3.5625E0));
#450=DIRECTION('',(0.E0,1.E0,0.E0));
#451=DIRECTION('',(-7.432941462502E-1,0.E0,-6.689647316191E-1));
#452=AXIS2_PLACEMENT_3D('',#449,#450,#451);
#454=CARTESIAN_POINT('',(2.2E0,0.E0,0.E0));
#455=DIRECTION('',(1.E0,0.E0,0.E0));
#456=DIRECTION('',(0.E0,0.E0,-1.E0));
#457=AXIS2_PLACEMENT_3D('',#454,#455,#456);
#459=CARTESIAN_POINT('',(2.2E0,0.E0,0.E0));
#460=DIRECTION('',(1.E0,0.E0,0.E0));
#461=DIRECTION('',(0.E0,0.E0,1.E0));
#462=AXIS2_PLACEMENT_3D('',#459,#460,#461);
#464=CARTESIAN_POINT('',(2.2E0,0.E0,0.E0));
#465=DIRECTION('',(1.E0,0.E0,0.E0));
#466=DIRECTION('',(0.E0,0.E0,-1.E0));
#467=AXIS2_PLACEMENT_3D('',#464,#465,#466);
#469=CARTESIAN_POINT('',(2.241810295727E0,0.E0,0.E0));
#470=DIRECTION('',(-1.E0,0.E0,0.E0));
#471=DIRECTION('',(0.E0,0.E0,1.E0));
#472=AXIS2_PLACEMENT_3D('',#469,#470,#471);
#474=CARTESIAN_POINT('',(2.362872389216E0,0.E0,-3.5625E0));
#475=DIRECTION('',(0.E0,-1.E0,0.E0));
#476=DIRECTION('',(-7.432941462502E-1,0.E0,6.689647316191E-1));
#477=AXIS2_PLACEMENT_3D('',#474,#475,#476);
#479=DIRECTION('',(-1.E0,0.E0,0.E0));
#480=VECTOR('',#479,1.575500200160E0);
#481=CARTESIAN_POINT('',(2.2E0,0.E0,-3.5E0));
#482=LINE('',#481,#480);
#483=DIRECTION('',(-1.E0,0.E0,0.E0));
#484=VECTOR('',#483,1.575500200160E0);
#485=CARTESIAN_POINT('',(2.2E0,0.E0,3.5E0));
#486=LINE('',#485,#484);
#487=CARTESIAN_POINT('',(6.244997998398E-1,0.E0,0.E0));
#488=DIRECTION('',(-1.E0,0.E0,0.E0));
#489=DIRECTION('',(0.E0,0.E0,-1.E0));
#490=AXIS2_PLACEMENT_3D('',#487,#488,#489);
#492=CARTESIAN_POINT('',(0.E0,0.E0,3.E0));
#493=DIRECTION('',(0.E0,-1.E0,0.E0));
#494=DIRECTION('',(7.806247497998E-1,0.E0,6.25E-1));
#495=AXIS2_PLACEMENT_3D('',#492,#493,#494);
#497=CARTESIAN_POINT('',(-6.244997998398E-1,0.E0,0.E0));
#498=DIRECTION('',(1.E0,0.E0,0.E0));
#499=DIRECTION('',(0.E0,0.E0,1.E0));
#500=AXIS2_PLACEMENT_3D('',#497,#498,#499);
#502=CARTESIAN_POINT('',(0.E0,0.E0,-3.E0));
#503=DIRECTION('',(0.E0,-1.E0,0.E0));
#504=DIRECTION('',(-7.806247497998E-1,0.E0,-6.25E-1));
#505=AXIS2_PLACEMENT_3D('',#502,#503,#504);
#507=CARTESIAN_POINT('',(-6.244997998398E-1,0.E0,0.E0));
#508=DIRECTION('',(1.E0,0.E0,0.E0));
#509=DIRECTION('',(0.E0,0.E0,-1.E0));
#510=AXIS2_PLACEMENT_3D('',#507,#508,#509);
#512=CARTESIAN_POINT('',(6.244997998398E-1,0.E0,0.E0));
#513=DIRECTION('',(-1.E0,0.E0,0.E0));
#514=DIRECTION('',(0.E0,0.E0,1.E0));
#515=AXIS2_PLACEMENT_3D('',#512,#513,#514);
#517=DIRECTION('',(-1.E0,0.E0,0.E0));
#518=VECTOR('',#517,1.575500200160E0);
#519=CARTESIAN_POINT('',(-6.244997998398E-1,0.E0,-3.5E0));
#520=LINE('',#519,#518);
#521=DIRECTION('',(-1.E0,0.E0,0.E0));
#522=VECTOR('',#521,1.575500200160E0);
#523=CARTESIAN_POINT('',(-6.244997998398E-1,0.E0,3.5E0));
#524=LINE('',#523,#522);
#525=CARTESIAN_POINT('',(-2.2E0,0.E0,0.E0));
#526=DIRECTION('',(-1.E0,0.E0,0.E0));
#527=DIRECTION('',(0.E0,0.E0,1.E0));
#528=AXIS2_PLACEMENT_3D('',#525,#526,#527);
#530=CARTESIAN_POINT('',(-2.2E0,0.E0,0.E0));
#531=DIRECTION('',(-1.E0,0.E0,0.E0));
#532=DIRECTION('',(0.E0,0.E0,-1.E0));
#533=AXIS2_PLACEMENT_3D('',#530,#531,#532);
#535=CARTESIAN_POINT('',(-2.2E0,0.E0,0.E0));
#536=DIRECTION('',(-1.E0,0.E0,0.E0));
#537=DIRECTION('',(0.E0,0.E0,1.E0));
#538=AXIS2_PLACEMENT_3D('',#535,#536,#537);
#540=CARTESIAN_POINT('',(-2.241810295727E0,0.E0,0.E0));
#541=DIRECTION('',(1.E0,0.E0,0.E0));
#542=DIRECTION('',(0.E0,0.E0,-1.E0));
#543=AXIS2_PLACEMENT_3D('',#540,#541,#542);
#545=CARTESIAN_POINT('',(-2.362872389216E0,0.E0,3.5625E0));
#546=DIRECTION('',(0.E0,-1.E0,0.E0));
#547=DIRECTION('',(7.432941462502E-1,0.E0,-6.689647316191E-1));
#548=AXIS2_PLACEMENT_3D('',#545,#546,#547);
#550=CARTESIAN_POINT('',(-2.2E0,0.E0,0.E0));
#551=DIRECTION('',(-1.E0,0.E0,0.E0));
#552=DIRECTION('',(0.E0,0.E0,-1.E0));
#553=AXIS2_PLACEMENT_3D('',#550,#551,#552);
#555=CARTESIAN_POINT('',(-2.241810295727E0,0.E0,0.E0));
#556=DIRECTION('',(1.E0,0.E0,0.E0));
#557=DIRECTION('',(0.E0,0.E0,1.E0));
#558=AXIS2_PLACEMENT_3D('',#555,#556,#557);
#560=CARTESIAN_POINT('',(-2.362872389216E0,0.E0,-3.5625E0));
#561=DIRECTION('',(0.E0,1.E0,0.E0));
#562=DIRECTION('',(7.432941462502E-1,0.E0,6.689647316191E-1));
#563=AXIS2_PLACEMENT_3D('',#560,#561,#562);
#565=DIRECTION('',(6.689647316223E-1,0.E0,-7.432941462473E-1));
#566=VECTOR('',#565,1.970934001314E-1);
#567=CARTESIAN_POINT('',(-2.373658829249E0,0.E0,-3.307045745278E0));
#568=LINE('',#567,#566);
#569=CARTESIAN_POINT('',(-2.373658829249E0,0.E0,0.E0));
#570=DIRECTION('',(-1.E0,0.E0,0.E0));
#571=DIRECTION('',(0.E0,0.E0,-1.E0));
#572=AXIS2_PLACEMENT_3D('',#569,#570,#571);
#574=CARTESIAN_POINT('',(-2.225E0,0.E0,3.173252798954E0));
#575=DIRECTION('',(0.E0,-1.E0,0.E0));
#576=DIRECTION('',(-7.432941462474E-1,0.E0,6.689647316222E-1));
#577=AXIS2_PLACEMENT_3D('',#574,#575,#576);
#579=CARTESIAN_POINT('',(-2.225E0,0.E0,-3.173252798954E0));
#580=DIRECTION('',(0.E0,1.E0,0.E0));
#581=DIRECTION('',(-7.432941462474E-1,0.E0,-6.689647316222E-1));
#582=AXIS2_PLACEMENT_3D('',#579,#580,#581);
#584=CARTESIAN_POINT('',(-2.373658829249E0,0.E0,0.E0));
#585=DIRECTION('',(-1.E0,0.E0,0.E0));
#586=DIRECTION('',(0.E0,0.E0,1.E0));
#587=AXIS2_PLACEMENT_3D('',#584,#585,#586);
#589=CARTESIAN_POINT('',(-2.425E0,0.E0,0.E0));
#590=DIRECTION('',(-1.E0,0.E0,0.E0));
#591=DIRECTION('',(0.E0,0.E0,1.E0));
#592=AXIS2_PLACEMENT_3D('',#589,#590,#591);
#594=CARTESIAN_POINT('',(-2.425E0,0.E0,0.E0));
#595=DIRECTION('',(-1.E0,0.E0,0.E0));
#596=DIRECTION('',(0.E0,0.E0,-1.E0));
#597=AXIS2_PLACEMENT_3D('',#594,#595,#596);
#599=CARTESIAN_POINT('',(-2.425E0,0.E0,0.E0));
#600=DIRECTION('',(1.E0,0.E0,0.E0));
#601=DIRECTION('',(0.E0,0.E0,-1.E0));
#602=AXIS2_PLACEMENT_3D('',#599,#600,#601);
#604=CARTESIAN_POINT('',(-2.425E0,0.E0,0.E0));
#605=DIRECTION('',(1.E0,0.E0,0.E0));
#606=DIRECTION('',(0.E0,0.E0,1.E0));
#607=AXIS2_PLACEMENT_3D('',#604,#605,#606);
#609=DIRECTION('',(-1.E0,0.E0,0.E0));
#610=VECTOR('',#609,5.E-2);
#611=CARTESIAN_POINT('',(-2.425E0,0.E0,-2.4E0));
#612=LINE('',#611,#610);
#613=DIRECTION('',(-1.E0,0.E0,0.E0));
#614=VECTOR('',#613,5.E-2);
#615=CARTESIAN_POINT('',(-2.425E0,0.E0,2.4E0));
#616=LINE('',#615,#614);
#617=CARTESIAN_POINT('',(-2.475E0,0.E0,0.E0));
#618=DIRECTION('',(1.E0,0.E0,0.E0));
#619=DIRECTION('',(0.E0,0.E0,-1.E0));
#620=AXIS2_PLACEMENT_3D('',#617,#618,#619);
#622=CARTESIAN_POINT('',(-2.475E0,0.E0,0.E0));
#623=DIRECTION('',(1.E0,0.E0,0.E0));
#624=DIRECTION('',(0.E0,0.E0,1.E0));
#625=AXIS2_PLACEMENT_3D('',#622,#623,#624);
#627=CARTESIAN_POINT('',(-2.475E0,0.E0,0.E0));
#628=DIRECTION('',(-1.E0,0.E0,0.E0));
#629=DIRECTION('',(0.E0,0.E0,1.E0));
#630=AXIS2_PLACEMENT_3D('',#627,#628,#629);
#632=CARTESIAN_POINT('',(-2.475E0,0.E0,0.E0));
#633=DIRECTION('',(-1.E0,0.E0,0.E0));
#634=DIRECTION('',(0.E0,0.E0,-1.E0));
#635=AXIS2_PLACEMENT_3D('',#632,#633,#634);
#637=CARTESIAN_POINT('',(-2.410823536562E0,0.E0,0.E0));
#638=DIRECTION('',(1.E0,0.E0,0.E0));
#639=DIRECTION('',(0.E0,0.E0,-1.E0));
#640=AXIS2_PLACEMENT_3D('',#637,#638,#639);
#642=CARTESIAN_POINT('',(-2.225E0,0.E0,3.173252798954E0));
#643=DIRECTION('',(0.E0,-1.E0,0.E0));
#644=DIRECTION('',(-7.432941462468E-1,0.E0,6.689647316229E-1));
#645=AXIS2_PLACEMENT_3D('',#642,#643,#644);
#647=DIRECTION('',(6.689647316223E-1,0.E0,-7.432941462473E-1));
#648=VECTOR('',#647,1.970934001306E-1);
#649=CARTESIAN_POINT('',(-2.410823536562E0,0.E0,-3.340493981860E0));
#650=LINE('',#649,#648);
#651=DIRECTION('',(6.689647316223E-1,0.E0,7.432941462473E-1));
#652=VECTOR('',#651,1.970934001306E-1);
#653=CARTESIAN_POINT('',(-2.410823536562E0,0.E0,3.340493981860E0));
#654=LINE('',#653,#652);
#655=CARTESIAN_POINT('',(-2.278975003039E0,0.E0,0.E0));
#656=DIRECTION('',(-1.E0,0.E0,0.E0));
#657=DIRECTION('',(0.E0,0.E0,-1.E0));
#658=AXIS2_PLACEMENT_3D('',#655,#656,#657);
#660=CARTESIAN_POINT('',(-2.362872389216E0,0.E0,3.5625E0));
#661=DIRECTION('',(0.E0,-1.E0,0.E0));
#662=DIRECTION('',(7.432941462485E-1,0.E0,-6.689647316210E-1));
#663=AXIS2_PLACEMENT_3D('',#660,#661,#662);
#665=CARTESIAN_POINT('',(-2.362872389216E0,0.E0,-3.5625E0));
#666=DIRECTION('',(0.E0,1.E0,0.E0));
#667=DIRECTION('',(7.432941462485E-1,0.E0,6.689647316210E-1));
#668=AXIS2_PLACEMENT_3D('',#665,#666,#667);
#670=CARTESIAN_POINT('',(-2.278975003039E0,0.E0,0.E0));
#671=DIRECTION('',(-1.E0,0.E0,0.E0));
#672=DIRECTION('',(0.E0,0.E0,1.E0));
#673=AXIS2_PLACEMENT_3D('',#670,#671,#672);
#675=CARTESIAN_POINT('',(-2.25E0,0.E0,0.E0));
#676=DIRECTION('',(1.E0,0.E0,0.E0));
#677=DIRECTION('',(0.E0,0.E0,-1.E0));
#678=AXIS2_PLACEMENT_3D('',#675,#676,#677);
#680=CARTESIAN_POINT('',(-2.25E0,0.E0,0.E0));
#681=DIRECTION('',(1.E0,0.E0,0.E0));
#682=DIRECTION('',(0.E0,0.E0,1.E0));
#683=AXIS2_PLACEMENT_3D('',#680,#681,#682);
#685=CARTESIAN_POINT('',(-2.25E0,0.E0,0.E0));
#686=DIRECTION('',(-1.E0,0.E0,0.E0));
#687=DIRECTION('',(0.E0,0.E0,1.E0));
#688=AXIS2_PLACEMENT_3D('',#685,#686,#687);
#690=CARTESIAN_POINT('',(-2.25E0,0.E0,0.E0));
#691=DIRECTION('',(-1.E0,0.E0,0.E0));
#692=DIRECTION('',(0.E0,0.E0,-1.E0));
#693=AXIS2_PLACEMENT_3D('',#690,#691,#692);
#695=CARTESIAN_POINT('',(-2.275E0,0.E0,-3.625E0));
#696=DIRECTION('',(0.E0,1.E0,0.E0));
#697=DIRECTION('',(0.E0,0.E0,-1.E0));
#698=AXIS2_PLACEMENT_3D('',#695,#696,#697);
#700=CARTESIAN_POINT('',(-2.290737501772E0,0.E0,0.E0));
#701=DIRECTION('',(1.E0,0.E0,0.E0));
#702=DIRECTION('',(0.E0,0.E0,-1.E0));
#703=AXIS2_PLACEMENT_3D('',#700,#701,#702);
#705=CARTESIAN_POINT('',(-2.275E0,0.E0,-3.625E0));
#706=DIRECTION('',(0.E0,1.E0,0.E0));
#707=DIRECTION('',(1.E0,0.E0,0.E0));
#708=AXIS2_PLACEMENT_3D('',#705,#706,#707);
#710=CARTESIAN_POINT('',(-2.275E0,0.E0,3.625E0));
#711=DIRECTION('',(0.E0,-1.E0,0.E0));
#712=DIRECTION('',(1.E0,0.E0,0.E0));
#713=AXIS2_PLACEMENT_3D('',#710,#711,#712);
#715=CARTESIAN_POINT('',(-2.275E0,0.E0,3.625E0));
#716=DIRECTION('',(0.E0,-1.E0,0.E0));
#717=DIRECTION('',(0.E0,0.E0,1.E0));
#718=AXIS2_PLACEMENT_3D('',#715,#716,#717);
#720=CARTESIAN_POINT('',(-2.290737501772E0,0.E0,0.E0));
#721=DIRECTION('',(1.E0,0.E0,0.E0));
#722=DIRECTION('',(0.E0,0.E0,1.E0));
#723=AXIS2_PLACEMENT_3D('',#720,#721,#722);
#725=DIRECTION('',(7.770004252098E-1,0.E0,-6.295000708687E-1));
#726=VECTOR('',#725,1.322875655530E-1);
#727=CARTESIAN_POINT('',(-2.393524996457E0,0.E0,-3.561149978739E0));
#728=LINE('',#727,#726);
#729=CARTESIAN_POINT('',(-2.425E0,0.E0,0.E0));
#730=DIRECTION('',(-1.E0,0.E0,0.E0));
#731=DIRECTION('',(0.E0,0.E0,-1.E0));
#732=AXIS2_PLACEMENT_3D('',#729,#730,#731);
#734=CARTESIAN_POINT('',(-2.393524996456E0,0.E0,0.E0));
#735=DIRECTION('',(-1.E0,0.E0,0.E0));
#736=DIRECTION('',(0.E0,0.E0,-1.E0));
#737=AXIS2_PLACEMENT_3D('',#734,#735,#736);
#739=DIRECTION('',(-6.295000708604E-1,0.E0,7.770004252165E-1));
#740=VECTOR('',#739,4.999999999975E-2);
#741=CARTESIAN_POINT('',(-2.393524996457E0,0.E0,3.561149978739E0));
#742=LINE('',#741,#740);
#743=DIRECTION('',(-1.E0,0.E0,0.E0));
#744=VECTOR('',#743,7.500000000049E-2);
#745=CARTESIAN_POINT('',(-2.425E0,0.E0,3.6E0));
#746=LINE('',#745,#744);
#747=DIRECTION('',(-1.E0,0.E0,0.E0));
#748=VECTOR('',#747,7.500000000049E-2);
#749=CARTESIAN_POINT('',(-2.425E0,0.E0,-3.6E0));
#750=LINE('',#749,#748);
#751=CARTESIAN_POINT('',(-2.425E0,0.E0,0.E0));
#752=DIRECTION('',(-1.E0,0.E0,0.E0));
#753=DIRECTION('',(0.E0,0.E0,1.E0));
#754=AXIS2_PLACEMENT_3D('',#751,#752,#753);
#756=CARTESIAN_POINT('',(-2.393524996456E0,0.E0,0.E0));
#757=DIRECTION('',(-1.E0,0.E0,0.E0));
#758=DIRECTION('',(0.E0,0.E0,1.E0));
#759=AXIS2_PLACEMENT_3D('',#756,#757,#758);
#761=DIRECTION('',(-6.295000708604E-1,0.E0,-7.770004252165E-1));
#762=VECTOR('',#761,4.999999999975E-2);
#763=CARTESIAN_POINT('',(-2.393524996457E0,0.E0,-3.561149978739E0));
#764=LINE('',#763,#762);
#765=DIRECTION('',(7.770004252098E-1,0.E0,6.295000708687E-1));
#766=VECTOR('',#765,1.322875655530E-1);
#767=CARTESIAN_POINT('',(-2.393524996457E0,0.E0,3.561149978739E0));
#768=LINE('',#767,#766);
#769=CARTESIAN_POINT('',(-2.5E0,0.E0,0.E0));
#770=DIRECTION('',(1.E0,0.E0,0.E0));
#771=DIRECTION('',(0.E0,0.E0,-1.E0));
#772=AXIS2_PLACEMENT_3D('',#769,#770,#771);
#774=CARTESIAN_POINT('',(-2.5E0,0.E0,0.E0));
#775=DIRECTION('',(1.E0,0.E0,0.E0));
#776=DIRECTION('',(0.E0,0.E0,1.E0));
#777=AXIS2_PLACEMENT_3D('',#774,#775,#776);
#779=CARTESIAN_POINT('',(-2.5E0,0.E0,0.E0));
#780=DIRECTION('',(-1.E0,0.E0,0.E0));
#781=DIRECTION('',(0.E0,0.E0,1.E0));
#782=AXIS2_PLACEMENT_3D('',#779,#780,#781);
#784=CARTESIAN_POINT('',(-2.5E0,0.E0,0.E0));
#785=DIRECTION('',(-1.E0,0.E0,0.E0));
#786=DIRECTION('',(0.E0,0.E0,-1.E0));
#787=AXIS2_PLACEMENT_3D('',#784,#785,#786);
#789=CARTESIAN_POINT('',(-2.35E0,0.E0,0.E0));
#790=DIRECTION('',(1.E0,0.E0,0.E0));
#791=DIRECTION('',(0.E0,0.E0,-1.E0));
#792=AXIS2_PLACEMENT_3D('',#789,#790,#791);
#794=CARTESIAN_POINT('',(-2.35E0,0.E0,4.35E0));
#795=DIRECTION('',(0.E0,-1.E0,0.E0));
#796=DIRECTION('',(0.E0,0.E0,1.E0));
#797=AXIS2_PLACEMENT_3D('',#794,#795,#796);
#799=DIRECTION('',(-1.E0,0.E0,0.E0));
#800=VECTOR('',#799,4.7E0);
#801=CARTESIAN_POINT('',(2.35E0,0.E0,4.5E0));
#802=LINE('',#801,#800);
#803=DIRECTION('',(-1.E0,0.E0,0.E0));
#804=VECTOR('',#803,4.7E0);
#805=CARTESIAN_POINT('',(2.35E0,0.E0,-4.5E0));
#806=LINE('',#805,#804);
#807=CARTESIAN_POINT('',(-2.35E0,0.E0,-4.35E0));
#808=DIRECTION('',(0.E0,1.E0,0.E0));
#809=DIRECTION('',(0.E0,0.E0,-1.E0));
#810=AXIS2_PLACEMENT_3D('',#807,#808,#809);
#812=CARTESIAN_POINT('',(-2.35E0,0.E0,0.E0));
#813=DIRECTION('',(1.E0,0.E0,0.E0));
#814=DIRECTION('',(0.E0,0.E0,1.E0));
#815=AXIS2_PLACEMENT_3D('',#812,#813,#814);
#817=CARTESIAN_POINT('',(-2.225E0,0.E0,-3.173252798954E0));
#818=DIRECTION('',(0.E0,1.E0,0.E0));
#819=DIRECTION('',(-7.432941462468E-1,0.E0,-6.689647316229E-1));
#820=AXIS2_PLACEMENT_3D('',#817,#818,#819);
#822=CARTESIAN_POINT('',(-2.410823536562E0,0.E0,0.E0));
#823=DIRECTION('',(1.E0,0.E0,0.E0));
#824=DIRECTION('',(0.E0,0.E0,1.E0));
#825=AXIS2_PLACEMENT_3D('',#822,#823,#824);
#827=DIRECTION('',(6.689647316223E-1,0.E0,7.432941462473E-1));
#828=VECTOR('',#827,1.970934001314E-1);
#829=CARTESIAN_POINT('',(-2.373658829249E0,0.E0,3.307045745278E0));
#830=LINE('',#829,#828);
#831=CARTESIAN_POINT('',(2.225E0,0.E0,-3.173252798954E0));
#832=DIRECTION('',(0.E0,-1.E0,0.E0));
#833=DIRECTION('',(7.432941462474E-1,0.E0,-6.689647316222E-1));
#834=AXIS2_PLACEMENT_3D('',#831,#832,#833);
#836=CARTESIAN_POINT('',(2.373658829249E0,0.E0,0.E0));
#837=DIRECTION('',(1.E0,0.E0,0.E0));
#838=DIRECTION('',(0.E0,0.E0,1.E0));
#839=AXIS2_PLACEMENT_3D('',#836,#837,#838);
#841=DIRECTION('',(1.E0,0.E0,0.E0));
#842=VECTOR('',#841,5.E-2);
#843=CARTESIAN_POINT('',(2.425E0,0.E0,-2.4E0));
#844=LINE('',#843,#842);
#845=CARTESIAN_POINT('',(2.362872389216E0,0.E0,-3.5625E0));
#846=DIRECTION('',(0.E0,-1.E0,0.E0));
#847=DIRECTION('',(-7.432941462485E-1,0.E0,6.689647316210E-1));
#848=AXIS2_PLACEMENT_3D('',#845,#846,#847);
#850=CARTESIAN_POINT('',(2.278975003039E0,0.E0,0.E0));
#851=DIRECTION('',(1.E0,0.E0,0.E0));
#852=DIRECTION('',(0.E0,0.E0,1.E0));
#853=AXIS2_PLACEMENT_3D('',#850,#851,#852);
#855=CARTESIAN_POINT('',(-2.425E0,0.E0,-2.4E0));
#856=CARTESIAN_POINT('',(-2.475E0,0.E0,-2.4E0));
#857=VERTEX_POINT('',#855);
#858=VERTEX_POINT('',#856);
#859=CARTESIAN_POINT('',(-2.475E0,0.E0,2.4E0));
#860=VERTEX_POINT('',#859);
#861=CARTESIAN_POINT('',(-2.425E0,0.E0,2.4E0));
#862=VERTEX_POINT('',#861);
#863=CARTESIAN_POINT('',(-2.425E0,0.E0,3.173252798954E0));
#864=CARTESIAN_POINT('',(-2.425E0,0.E0,-3.173252798954E0));
#865=VERTEX_POINT('',#863);
#866=VERTEX_POINT('',#864);
#867=CARTESIAN_POINT('',(-2.373658829249E0,0.E0,-3.307045745278E0));
#868=VERTEX_POINT('',#867);
#869=CARTESIAN_POINT('',(-2.373658829249E0,0.E0,3.307045745278E0));
#870=VERTEX_POINT('',#869);
#871=CARTESIAN_POINT('',(-2.241810295726E0,0.E0,-3.453544115860E0));
#872=VERTEX_POINT('',#871);
#873=CARTESIAN_POINT('',(-2.241810295727E0,0.E0,3.453544115860E0));
#874=VERTEX_POINT('',#873);
#875=CARTESIAN_POINT('',(-2.393524996456E0,0.E0,3.561149978740E0));
#876=CARTESIAN_POINT('',(-2.393524996456E0,0.E0,-3.561149978740E0));
#877=VERTEX_POINT('',#875);
#878=VERTEX_POINT('',#876);
#879=CARTESIAN_POINT('',(-2.290737501772E0,0.E0,-3.644425010630E0));
#880=VERTEX_POINT('',#879);
#881=CARTESIAN_POINT('',(-2.290737501772E0,0.E0,3.644425010630E0));
#882=VERTEX_POINT('',#881);
#883=CARTESIAN_POINT('',(-2.275E0,0.E0,-3.65E0));
#884=VERTEX_POINT('',#883);
#885=CARTESIAN_POINT('',(-2.275E0,0.E0,3.65E0));
#886=VERTEX_POINT('',#885);
#887=CARTESIAN_POINT('',(-2.25E0,0.E0,3.625E0));
#888=VERTEX_POINT('',#887);
#889=CARTESIAN_POINT('',(-2.25E0,0.E0,-3.625E0));
#890=VERTEX_POINT('',#889);
#891=CARTESIAN_POINT('',(-2.25E0,0.E0,3.5625E0));
#892=CARTESIAN_POINT('',(-2.25E0,0.E0,-3.5625E0));
#893=VERTEX_POINT('',#891);
#894=VERTEX_POINT('',#892);
#895=CARTESIAN_POINT('',(-2.278975003039E0,0.E0,-3.486992352441E0));
#896=VERTEX_POINT('',#895);
#897=CARTESIAN_POINT('',(-2.278975003039E0,0.E0,3.486992352441E0));
#898=VERTEX_POINT('',#897);
#899=CARTESIAN_POINT('',(-2.410823536562E0,0.E0,3.340493981860E0));
#900=VERTEX_POINT('',#899);
#901=CARTESIAN_POINT('',(-2.410823536562E0,0.E0,-3.340493981860E0));
#902=VERTEX_POINT('',#901);
#903=CARTESIAN_POINT('',(-2.475E0,0.E0,3.173252798954E0));
#904=VERTEX_POINT('',#903);
#905=CARTESIAN_POINT('',(-2.475E0,0.E0,-3.173252798954E0));
#906=VERTEX_POINT('',#905);
#907=CARTESIAN_POINT('',(2.475E0,0.E0,3.173252798954E0));
#908=CARTESIAN_POINT('',(2.475E0,0.E0,-3.173252798954E0));
#909=VERTEX_POINT('',#907);
#910=VERTEX_POINT('',#908);
#911=CARTESIAN_POINT('',(2.475E0,0.E0,-2.4E0));
#912=CARTESIAN_POINT('',(2.475E0,0.E0,2.4E0));
#913=VERTEX_POINT('',#911);
#914=VERTEX_POINT('',#912);
#915=CARTESIAN_POINT('',(2.410823536562E0,0.E0,-3.340493981860E0));
#916=VERTEX_POINT('',#915);
#917=CARTESIAN_POINT('',(2.410823536562E0,0.E0,3.340493981860E0));
#918=VERTEX_POINT('',#917);
#919=CARTESIAN_POINT('',(2.278975003039E0,0.E0,-3.486992352441E0));
#920=VERTEX_POINT('',#919);
#921=CARTESIAN_POINT('',(2.278975003039E0,0.E0,3.486992352441E0));
#922=VERTEX_POINT('',#921);
#923=CARTESIAN_POINT('',(2.25E0,0.E0,3.5625E0));
#924=VERTEX_POINT('',#923);
#925=CARTESIAN_POINT('',(2.25E0,0.E0,-3.5625E0));
#926=VERTEX_POINT('',#925);
#927=CARTESIAN_POINT('',(2.25E0,0.E0,3.625E0));
#928=CARTESIAN_POINT('',(2.25E0,0.E0,-3.625E0));
#929=VERTEX_POINT('',#927);
#930=VERTEX_POINT('',#928);
#931=CARTESIAN_POINT('',(2.275E0,0.E0,3.65E0));
#932=VERTEX_POINT('',#931);
#933=CARTESIAN_POINT('',(2.290737501772E0,0.E0,3.644425010630E0));
#934=VERTEX_POINT('',#933);
#935=CARTESIAN_POINT('',(2.290737501772E0,0.E0,-3.644425010630E0));
#936=VERTEX_POINT('',#935);
#937=CARTESIAN_POINT('',(2.275E0,0.E0,-3.65E0));
#938=VERTEX_POINT('',#937);
#939=CARTESIAN_POINT('',(2.393524996457E0,0.E0,3.561149978739E0));
#940=VERTEX_POINT('',#939);
#941=CARTESIAN_POINT('',(2.393524996457E0,0.E0,-3.561149978739E0));
#942=VERTEX_POINT('',#941);
#943=CARTESIAN_POINT('',(2.241810295727E0,0.E0,3.453544115860E0));
#944=CARTESIAN_POINT('',(2.241810295727E0,0.E0,-3.453544115860E0));
#945=VERTEX_POINT('',#943);
#946=VERTEX_POINT('',#944);
#947=CARTESIAN_POINT('',(2.373658829249E0,0.E0,3.307045745278E0));
#948=VERTEX_POINT('',#947);
#949=CARTESIAN_POINT('',(2.373658829249E0,0.E0,-3.307045745278E0));
#950=VERTEX_POINT('',#949);
#951=CARTESIAN_POINT('',(2.425E0,0.E0,3.173252798954E0));
#952=VERTEX_POINT('',#951);
#953=CARTESIAN_POINT('',(2.425E0,0.E0,-3.173252798954E0));
#954=VERTEX_POINT('',#953);
#955=CARTESIAN_POINT('',(2.425E0,0.E0,2.4E0));
#956=CARTESIAN_POINT('',(2.425E0,0.E0,-2.4E0));
#957=VERTEX_POINT('',#955);
#958=VERTEX_POINT('',#956);
#959=CARTESIAN_POINT('',(2.5E0,0.E0,4.35E0));
#960=CARTESIAN_POINT('',(2.5E0,0.E0,-4.35E0));
#961=VERTEX_POINT('',#959);
#962=VERTEX_POINT('',#960);
#963=CARTESIAN_POINT('',(2.5E0,0.E0,-3.6E0));
#964=CARTESIAN_POINT('',(2.5E0,0.E0,3.6E0));
#965=VERTEX_POINT('',#963);
#966=VERTEX_POINT('',#964);
#967=CARTESIAN_POINT('',(2.35E0,0.E0,4.5E0));
#968=VERTEX_POINT('',#967);
#969=CARTESIAN_POINT('',(2.35E0,0.E0,-4.5E0));
#970=VERTEX_POINT('',#969);
#971=CARTESIAN_POINT('',(-2.35E0,0.E0,-4.5E0));
#972=VERTEX_POINT('',#971);
#973=CARTESIAN_POINT('',(-2.35E0,0.E0,4.5E0));
#974=VERTEX_POINT('',#973);
#975=CARTESIAN_POINT('',(-2.5E0,0.E0,4.35E0));
#976=VERTEX_POINT('',#975);
#977=CARTESIAN_POINT('',(-2.5E0,0.E0,-4.35E0));
#978=VERTEX_POINT('',#977);
#979=CARTESIAN_POINT('',(-2.5E0,0.E0,3.6E0));
#980=CARTESIAN_POINT('',(-2.5E0,0.E0,-3.6E0));
#981=VERTEX_POINT('',#979);
#982=VERTEX_POINT('',#980);
#983=CARTESIAN_POINT('',(-2.2E0,0.E0,3.5E0));
#984=CARTESIAN_POINT('',(-2.2E0,0.E0,-3.5E0));
#985=VERTEX_POINT('',#983);
#986=VERTEX_POINT('',#984);
#987=CARTESIAN_POINT('',(-6.244997998398E-1,0.E0,-3.5E0));
#988=VERTEX_POINT('',#987);
#989=CARTESIAN_POINT('',(-6.244997998398E-1,0.E0,3.5E0));
#990=VERTEX_POINT('',#989);
#991=CARTESIAN_POINT('',(6.244997998398E-1,0.E0,-3.5E0));
#992=CARTESIAN_POINT('',(6.244997998398E-1,0.E0,3.5E0));
#993=VERTEX_POINT('',#991);
#994=VERTEX_POINT('',#992);
#995=CARTESIAN_POINT('',(2.2E0,0.E0,3.5E0));
#996=CARTESIAN_POINT('',(2.2E0,0.E0,-3.5E0));
#997=VERTEX_POINT('',#995);
#998=VERTEX_POINT('',#996);
#999=CARTESIAN_POINT('',(-2.2E0,0.E0,3.5625E0));
#1000=CARTESIAN_POINT('',(-2.2E0,0.E0,-3.5625E0));
#1001=VERTEX_POINT('',#999);
#1002=VERTEX_POINT('',#1000);
#1003=CARTESIAN_POINT('',(-2.425E0,0.E0,-3.6E0));
#1004=CARTESIAN_POINT('',(-2.425E0,0.E0,3.6E0));
#1005=VERTEX_POINT('',#1003);
#1006=VERTEX_POINT('',#1004);
#1007=CARTESIAN_POINT('',(2.425E0,0.E0,3.6E0));
#1008=CARTESIAN_POINT('',(2.425E0,0.E0,-3.6E0));
#1009=VERTEX_POINT('',#1007);
#1010=VERTEX_POINT('',#1008);
#1011=CARTESIAN_POINT('',(2.2E0,0.E0,-3.5625E0));
#1012=CARTESIAN_POINT('',(2.2E0,0.E0,3.5625E0));
#1013=VERTEX_POINT('',#1011);
#1014=VERTEX_POINT('',#1012);
#1015=CARTESIAN_POINT('',(2.35E0,0.E0,0.E0));
#1016=DIRECTION('',(-1.E0,0.E0,0.E0));
#1017=DIRECTION('',(0.E0,0.E0,1.E0));
#1018=AXIS2_PLACEMENT_3D('',#1015,#1016,#1017);
#1019=TOROIDAL_SURFACE('',#1018,4.35E0,1.5E-1);
#1021=ORIENTED_EDGE('',*,*,#1020,.T.);
#1023=ORIENTED_EDGE('',*,*,#1022,.T.);
#1025=ORIENTED_EDGE('',*,*,#1024,.F.);
#1027=ORIENTED_EDGE('',*,*,#1026,.F.);
#1028=EDGE_LOOP('',(#1021,#1023,#1025,#1027));
#1029=FACE_OUTER_BOUND('',#1028,.F.);
#1030=ADVANCED_FACE('',(#1029),#1019,.T.);
#1031=CARTESIAN_POINT('',(2.35E0,0.E0,0.E0));
#1032=DIRECTION('',(-1.E0,0.E0,0.E0));
#1033=DIRECTION('',(0.E0,0.E0,1.E0));
#1034=AXIS2_PLACEMENT_3D('',#1031,#1032,#1033);
#1035=TOROIDAL_SURFACE('',#1034,4.35E0,1.5E-1);
#1037=ORIENTED_EDGE('',*,*,#1036,.F.);
#1038=ORIENTED_EDGE('',*,*,#1024,.T.);
#1040=ORIENTED_EDGE('',*,*,#1039,.T.);
#1041=ORIENTED_EDGE('',*,*,#1020,.F.);
#1042=EDGE_LOOP('',(#1037,#1038,#1040,#1041));
#1043=FACE_OUTER_BOUND('',#1042,.F.);
#1044=ADVANCED_FACE('',(#1043),#1035,.T.);
#1045=CARTESIAN_POINT('',(2.5E0,4.35E0,0.E0));
#1046=DIRECTION('',(-1.E0,0.E0,0.E0));
#1047=DIRECTION('',(0.E0,0.E0,1.E0));
#1048=AXIS2_PLACEMENT_3D('',#1045,#1046,#1047);
#1049=PLANE('',#1048);
#1050=ORIENTED_EDGE('',*,*,#1036,.T.);
#1051=ORIENTED_EDGE('',*,*,#1026,.T.);
#1052=EDGE_LOOP('',(#1050,#1051));
#1053=FACE_OUTER_BOUND('',#1052,.F.);
#1055=ORIENTED_EDGE('',*,*,#1054,.T.);
#1057=ORIENTED_EDGE('',*,*,#1056,.T.);
#1058=EDGE_LOOP('',(#1055,#1057));
#1059=FACE_BOUND('',#1058,.F.);
#1060=ADVANCED_FACE('',(#1053,#1059),#1049,.F.);
#1061=CARTESIAN_POINT('',(0.E0,0.E0,0.E0));
#1062=DIRECTION('',(-1.E0,0.E0,0.E0));
#1063=DIRECTION('',(0.E0,0.E0,1.E0));
#1064=AXIS2_PLACEMENT_3D('',#1061,#1062,#1063);
#1065=CYLINDRICAL_SURFACE('',#1064,3.6E0);
#1067=ORIENTED_EDGE('',*,*,#1066,.F.);
#1069=ORIENTED_EDGE('',*,*,#1068,.F.);
#1070=ORIENTED_EDGE('',*,*,#1054,.F.);
#1072=ORIENTED_EDGE('',*,*,#1071,.F.);
#1073=EDGE_LOOP('',(#1067,#1069,#1070,#1072));
#1074=FACE_OUTER_BOUND('',#1073,.F.);
#1075=ADVANCED_FACE('',(#1074),#1065,.F.);
#1076=CARTESIAN_POINT('',(2.409262498228E0,0.E0,0.E0));
#1077=DIRECTION('',(1.E0,0.E0,0.E0));
#1078=DIRECTION('',(0.E0,0.E0,1.E0));
#1079=AXIS2_PLACEMENT_3D('',#1076,#1077,#1078);
#1080=CONICAL_SURFACE('',#1079,3.580574989370E0,5.098675170459E1);
#1081=ORIENTED_EDGE('',*,*,#1066,.T.);
#1083=ORIENTED_EDGE('',*,*,#1082,.F.);
#1085=ORIENTED_EDGE('',*,*,#1084,.F.);
#1087=ORIENTED_EDGE('',*,*,#1086,.T.);
#1088=EDGE_LOOP('',(#1081,#1083,#1085,#1087));
#1089=FACE_OUTER_BOUND('',#1088,.F.);
#1090=ADVANCED_FACE('',(#1089),#1080,.F.);
#1091=CARTESIAN_POINT('',(2.409262498228E0,0.E0,0.E0));
#1092=DIRECTION('',(1.E0,0.E0,0.E0));
#1093=DIRECTION('',(0.E0,0.E0,1.E0));
#1094=AXIS2_PLACEMENT_3D('',#1091,#1092,#1093);
#1095=CONICAL_SURFACE('',#1094,3.580574989370E0,5.098675170459E1);
#1097=ORIENTED_EDGE('',*,*,#1096,.T.);
#1098=ORIENTED_EDGE('',*,*,#1086,.F.);
#1100=ORIENTED_EDGE('',*,*,#1099,.F.);
#1101=ORIENTED_EDGE('',*,*,#1082,.T.);
#1102=EDGE_LOOP('',(#1097,#1098,#1100,#1101));
#1103=FACE_OUTER_BOUND('',#1102,.F.);
#1104=ADVANCED_FACE('',(#1103),#1095,.F.);
#1105=CARTESIAN_POINT('',(0.E0,0.E0,0.E0));
#1106=DIRECTION('',(-1.E0,0.E0,0.E0));
#1107=DIRECTION('',(0.E0,0.E0,1.E0));
#1108=AXIS2_PLACEMENT_3D('',#1105,#1106,#1107);
#1109=CYLINDRICAL_SURFACE('',#1108,3.6E0);
#1110=ORIENTED_EDGE('',*,*,#1096,.F.);
#1111=ORIENTED_EDGE('',*,*,#1071,.T.);
#1112=ORIENTED_EDGE('',*,*,#1056,.F.);
#1113=ORIENTED_EDGE('',*,*,#1068,.T.);
#1114=EDGE_LOOP('',(#1110,#1111,#1112,#1113));
#1115=FACE_OUTER_BOUND('',#1114,.F.);
#1116=ADVANCED_FACE('',(#1115),#1109,.F.);
#1117=CARTESIAN_POINT('',(2.342131249114E0,0.E0,0.E0));
#1118=DIRECTION('',(-1.E0,0.E0,0.E0));
#1119=DIRECTION('',(0.E0,0.E0,-1.E0));
#1120=AXIS2_PLACEMENT_3D('',#1117,#1118,#1119);
#1121=CONICAL_SURFACE('',#1120,3.602787494685E0,3.901324829541E1);
#1123=ORIENTED_EDGE('',*,*,#1122,.T.);
#1125=ORIENTED_EDGE('',*,*,#1124,.F.);
#1127=ORIENTED_EDGE('',*,*,#1126,.F.);
#1128=ORIENTED_EDGE('',*,*,#1099,.T.);
#1129=EDGE_LOOP('',(#1123,#1125,#1127,#1128));
#1130=FACE_OUTER_BOUND('',#1129,.F.);
#1131=ADVANCED_FACE('',(#1130),#1121,.F.);
#1132=CARTESIAN_POINT('',(2.342131249114E0,0.E0,0.E0));
#1133=DIRECTION('',(-1.E0,0.E0,0.E0));
#1134=DIRECTION('',(0.E0,0.E0,-1.E0));
#1135=AXIS2_PLACEMENT_3D('',#1132,#1133,#1134);
#1136=CONICAL_SURFACE('',#1135,3.602787494685E0,3.901324829541E1);
#1137=ORIENTED_EDGE('',*,*,#1084,.T.);
#1138=ORIENTED_EDGE('',*,*,#1126,.T.);
#1140=ORIENTED_EDGE('',*,*,#1139,.F.);
#1141=ORIENTED_EDGE('',*,*,#1122,.F.);
#1142=EDGE_LOOP('',(#1137,#1138,#1140,#1141));
#1143=FACE_OUTER_BOUND('',#1142,.F.);
#1144=ADVANCED_FACE('',(#1143),#1136,.F.);
#1145=CARTESIAN_POINT('',(2.275E0,0.E0,0.E0));
#1146=DIRECTION('',(1.E0,0.E0,0.E0));
#1147=DIRECTION('',(0.E0,0.E0,1.E0));
#1148=AXIS2_PLACEMENT_3D('',#1145,#1146,#1147);
#1149=TOROIDAL_SURFACE('',#1148,3.625E0,2.5E-2);
#1151=ORIENTED_EDGE('',*,*,#1150,.F.);
#1153=ORIENTED_EDGE('',*,*,#1152,.T.);
#1155=ORIENTED_EDGE('',*,*,#1154,.T.);
#1156=ORIENTED_EDGE('',*,*,#1139,.T.);
#1158=ORIENTED_EDGE('',*,*,#1157,.F.);
#1160=ORIENTED_EDGE('',*,*,#1159,.F.);
#1161=EDGE_LOOP('',(#1151,#1153,#1155,#1156,#1158,#1160));
#1162=FACE_OUTER_BOUND('',#1161,.F.);
#1163=ADVANCED_FACE('',(#1162),#1149,.F.);
#1164=CARTESIAN_POINT('',(2.25E0,3.5625E0,0.E0));
#1165=DIRECTION('',(-1.E0,0.E0,0.E0));
#1166=DIRECTION('',(0.E0,0.E0,-1.E0));
#1167=AXIS2_PLACEMENT_3D('',#1164,#1165,#1166);
#1168=PLANE('',#1167);
#1169=ORIENTED_EDGE('',*,*,#1150,.T.);
#1171=ORIENTED_EDGE('',*,*,#1170,.T.);
#1172=EDGE_LOOP('',(#1169,#1171));
#1173=FACE_OUTER_BOUND('',#1172,.F.);
#1175=ORIENTED_EDGE('',*,*,#1174,.T.);
#1177=ORIENTED_EDGE('',*,*,#1176,.T.);
#1178=EDGE_LOOP('',(#1175,#1177));
#1179=FACE_BOUND('',#1178,.F.);
#1180=ADVANCED_FACE('',(#1173,#1179),#1168,.F.);
#1181=CARTESIAN_POINT('',(2.275E0,0.E0,0.E0));
#1182=DIRECTION('',(1.E0,0.E0,0.E0));
#1183=DIRECTION('',(0.E0,0.E0,1.E0));
#1184=AXIS2_PLACEMENT_3D('',#1181,#1182,#1183);
#1185=TOROIDAL_SURFACE('',#1184,3.625E0,2.5E-2);
#1186=ORIENTED_EDGE('',*,*,#1157,.T.);
#1187=ORIENTED_EDGE('',*,*,#1124,.T.);
#1188=ORIENTED_EDGE('',*,*,#1154,.F.);
#1189=ORIENTED_EDGE('',*,*,#1152,.F.);
#1190=ORIENTED_EDGE('',*,*,#1170,.F.);
#1191=ORIENTED_EDGE('',*,*,#1159,.T.);
#1192=EDGE_LOOP('',(#1186,#1187,#1188,#1189,#1190,#1191));
#1193=FACE_OUTER_BOUND('',#1192,.F.);
#1194=ADVANCED_FACE('',(#1193),#1185,.F.);
#1195=CARTESIAN_POINT('',(2.362872389216E0,0.E0,0.E0));
#1196=DIRECTION('',(1.E0,0.E0,0.E0));
#1197=DIRECTION('',(0.E0,0.E0,1.E0));
#1198=AXIS2_PLACEMENT_3D('',#1195,#1196,#1197);
#1199=TOROIDAL_SURFACE('',#1198,3.5625E0,1.128723892158E-1);
#1201=ORIENTED_EDGE('',*,*,#1200,.T.);
#1203=ORIENTED_EDGE('',*,*,#1202,.T.);
#1204=ORIENTED_EDGE('',*,*,#1174,.F.);
#1206=ORIENTED_EDGE('',*,*,#1205,.F.);
#1207=EDGE_LOOP('',(#1201,#1203,#1204,#1206));
#1208=FACE_OUTER_BOUND('',#1207,.F.);
#1209=ADVANCED_FACE('',(#1208),#1199,.F.);
#1210=CARTESIAN_POINT('',(2.344899269800E0,0.E0,0.E0));
#1211=DIRECTION('',(-1.E0,0.E0,0.E0));
#1212=DIRECTION('',(0.E0,0.E0,-1.E0));
#1213=AXIS2_PLACEMENT_3D('',#1210,#1211,#1212);
#1214=CONICAL_SURFACE('',#1213,3.413743167150E0,4.801278750418E1);
#1216=ORIENTED_EDGE('',*,*,#1215,.T.);
#1217=ORIENTED_EDGE('',*,*,#1200,.F.);
#1219=ORIENTED_EDGE('',*,*,#1218,.F.);
#1221=ORIENTED_EDGE('',*,*,#1220,.F.);
#1222=EDGE_LOOP('',(#1216,#1217,#1219,#1221));
#1223=FACE_OUTER_BOUND('',#1222,.F.);
#1224=ADVANCED_FACE('',(#1223),#1214,.T.);
#1225=CARTESIAN_POINT('',(2.344899269800E0,0.E0,0.E0));
#1226=DIRECTION('',(-1.E0,0.E0,0.E0));
#1227=DIRECTION('',(0.E0,0.E0,-1.E0));
#1228=AXIS2_PLACEMENT_3D('',#1225,#1226,#1227);
#1229=CONICAL_SURFACE('',#1228,3.413743167150E0,4.801278750418E1);
#1231=ORIENTED_EDGE('',*,*,#1230,.F.);
#1232=ORIENTED_EDGE('',*,*,#1218,.T.);
#1234=ORIENTED_EDGE('',*,*,#1233,.F.);
#1235=ORIENTED_EDGE('',*,*,#1215,.F.);
#1236=EDGE_LOOP('',(#1231,#1232,#1234,#1235));
#1237=FACE_OUTER_BOUND('',#1236,.F.);
#1238=ADVANCED_FACE('',(#1237),#1229,.T.);
#1239=CARTESIAN_POINT('',(2.225E0,0.E0,0.E0));
#1240=DIRECTION('',(1.E0,0.E0,0.E0));
#1241=DIRECTION('',(0.E0,0.E0,1.E0));
#1242=AXIS2_PLACEMENT_3D('',#1239,#1240,#1241);
#1243=TOROIDAL_SURFACE('',#1242,3.173252798954E0,2.5E-1);
#1244=ORIENTED_EDGE('',*,*,#1230,.T.);
#1246=ORIENTED_EDGE('',*,*,#1245,.T.);
#1248=ORIENTED_EDGE('',*,*,#1247,.F.);
#1250=ORIENTED_EDGE('',*,*,#1249,.F.);
#1251=EDGE_LOOP('',(#1244,#1246,#1248,#1250));
#1252=FACE_OUTER_BOUND('',#1251,.F.);
#1253=ADVANCED_FACE('',(#1252),#1243,.T.);
#1254=CARTESIAN_POINT('',(2.225E0,0.E0,0.E0));
#1255=DIRECTION('',(1.E0,0.E0,0.E0));
#1256=DIRECTION('',(0.E0,0.E0,1.E0));
#1257=AXIS2_PLACEMENT_3D('',#1254,#1255,#1256);
#1258=TOROIDAL_SURFACE('',#1257,3.173252798954E0,2.5E-1);
#1259=ORIENTED_EDGE('',*,*,#1249,.T.);
#1261=ORIENTED_EDGE('',*,*,#1260,.F.);
#1262=ORIENTED_EDGE('',*,*,#1245,.F.);
#1263=ORIENTED_EDGE('',*,*,#1220,.T.);
#1264=EDGE_LOOP('',(#1259,#1261,#1262,#1263));
#1265=FACE_OUTER_BOUND('',#1264,.F.);
#1266=ADVANCED_FACE('',(#1265),#1258,.T.);
#1267=CARTESIAN_POINT('',(2.475E0,3.173252798954E0,0.E0));
#1268=DIRECTION('',(-1.E0,0.E0,0.E0));
#1269=DIRECTION('',(0.E0,0.E0,-1.E0));
#1270=AXIS2_PLACEMENT_3D('',#1267,#1268,#1269);
#1271=PLANE('',#1270);
#1272=ORIENTED_EDGE('',*,*,#1260,.T.);
#1273=ORIENTED_EDGE('',*,*,#1247,.T.);
#1274=EDGE_LOOP('',(#1272,#1273));
#1275=FACE_OUTER_BOUND('',#1274,.F.);
#1277=ORIENTED_EDGE('',*,*,#1276,.T.);
#1279=ORIENTED_EDGE('',*,*,#1278,.T.);
#1280=EDGE_LOOP('',(#1277,#1279));
#1281=FACE_BOUND('',#1280,.F.);
#1282=ADVANCED_FACE('',(#1275,#1281),#1271,.F.);
#1283=CARTESIAN_POINT('',(0.E0,0.E0,0.E0));
#1284=DIRECTION('',(1.E0,0.E0,0.E0));
#1285=DIRECTION('',(0.E0,0.E0,1.E0));
#1286=AXIS2_PLACEMENT_3D('',#1283,#1284,#1285);
#1287=CYLINDRICAL_SURFACE('',#1286,2.4E0);
#1289=ORIENTED_EDGE('',*,*,#1288,.F.);
#1291=ORIENTED_EDGE('',*,*,#1290,.T.);
#1292=ORIENTED_EDGE('',*,*,#1276,.F.);
#1294=ORIENTED_EDGE('',*,*,#1293,.F.);
#1295=EDGE_LOOP('',(#1289,#1291,#1292,#1294));
#1296=FACE_OUTER_BOUND('',#1295,.F.);
#1297=ADVANCED_FACE('',(#1296),#1287,.F.);
#1298=CARTESIAN_POINT('',(2.425E0,3.173252798954E0,0.E0));
#1299=DIRECTION('',(-1.E0,0.E0,0.E0));
#1300=DIRECTION('',(0.E0,0.E0,-1.E0));
#1301=AXIS2_PLACEMENT_3D('',#1298,#1299,#1300);
#1302=PLANE('',#1301);
#1304=ORIENTED_EDGE('',*,*,#1303,.T.);
#1306=ORIENTED_EDGE('',*,*,#1305,.T.);
#1307=EDGE_LOOP('',(#1304,#1306));
#1308=FACE_OUTER_BOUND('',#1307,.F.);
#1309=ORIENTED_EDGE('',*,*,#1288,.T.);
#1311=ORIENTED_EDGE('',*,*,#1310,.T.);
#1312=EDGE_LOOP('',(#1309,#1311));
#1313=FACE_BOUND('',#1312,.F.);
#1314=ADVANCED_FACE('',(#1308,#1313),#1302,.T.);
#1315=CARTESIAN_POINT('',(2.225E0,0.E0,0.E0));
#1316=DIRECTION('',(1.E0,0.E0,0.E0));
#1317=DIRECTION('',(0.E0,0.E0,1.E0));
#1318=AXIS2_PLACEMENT_3D('',#1315,#1316,#1317);
#1319=TOROIDAL_SURFACE('',#1318,3.173252798954E0,2.E-1);
#1321=ORIENTED_EDGE('',*,*,#1320,.T.);
#1323=ORIENTED_EDGE('',*,*,#1322,.T.);
#1324=ORIENTED_EDGE('',*,*,#1303,.F.);
#1326=ORIENTED_EDGE('',*,*,#1325,.F.);
#1327=EDGE_LOOP('',(#1321,#1323,#1324,#1326));
#1328=FACE_OUTER_BOUND('',#1327,.F.);
#1329=ADVANCED_FACE('',(#1328),#1319,.F.);
#1330=CARTESIAN_POINT('',(2.307734562488E0,0.E0,0.E0));
#1331=DIRECTION('',(-1.E0,0.E0,0.E0));
#1332=DIRECTION('',(0.E0,0.E0,-1.E0));
#1333=AXIS2_PLACEMENT_3D('',#1330,#1331,#1332);
#1334=CONICAL_SURFACE('',#1333,3.380294930569E0,4.801278750418E1);
#1335=ORIENTED_EDGE('',*,*,#1320,.F.);
#1337=ORIENTED_EDGE('',*,*,#1336,.T.);
#1339=ORIENTED_EDGE('',*,*,#1338,.F.);
#1341=ORIENTED_EDGE('',*,*,#1340,.F.);
#1342=EDGE_LOOP('',(#1335,#1337,#1339,#1341));
#1343=FACE_OUTER_BOUND('',#1342,.F.);
#1344=ADVANCED_FACE('',(#1343),#1334,.F.);
#1345=CARTESIAN_POINT('',(2.307734562488E0,0.E0,0.E0));
#1346=DIRECTION('',(-1.E0,0.E0,0.E0));
#1347=DIRECTION('',(0.E0,0.E0,-1.E0));
#1348=AXIS2_PLACEMENT_3D('',#1345,#1346,#1347);
#1349=CONICAL_SURFACE('',#1348,3.380294930569E0,4.801278750418E1);
#1350=ORIENTED_EDGE('',*,*,#1340,.T.);
#1352=ORIENTED_EDGE('',*,*,#1351,.F.);
#1353=ORIENTED_EDGE('',*,*,#1336,.F.);
#1355=ORIENTED_EDGE('',*,*,#1354,.F.);
#1356=EDGE_LOOP('',(#1350,#1352,#1353,#1355));
#1357=FACE_OUTER_BOUND('',#1356,.F.);
#1358=ADVANCED_FACE('',(#1357),#1349,.F.);
#1359=CARTESIAN_POINT('',(2.362872389216E0,0.E0,0.E0));
#1360=DIRECTION('',(1.E0,0.E0,0.E0));
#1361=DIRECTION('',(0.E0,0.E0,1.E0));
#1362=AXIS2_PLACEMENT_3D('',#1359,#1360,#1361);
#1363=TOROIDAL_SURFACE('',#1362,3.5625E0,1.628723892158E-1);
#1365=ORIENTED_EDGE('',*,*,#1364,.T.);
#1367=ORIENTED_EDGE('',*,*,#1366,.F.);
#1368=ORIENTED_EDGE('',*,*,#1351,.T.);
#1370=ORIENTED_EDGE('',*,*,#1369,.T.);
#1371=EDGE_LOOP('',(#1365,#1367,#1368,#1370));
#1372=FACE_OUTER_BOUND('',#1371,.F.);
#1373=ADVANCED_FACE('',(#1372),#1363,.T.);
#1374=CARTESIAN_POINT('',(2.2E0,3.5E0,0.E0));
#1375=DIRECTION('',(-1.E0,0.E0,0.E0));
#1376=DIRECTION('',(0.E0,0.E0,1.E0));
#1377=AXIS2_PLACEMENT_3D('',#1374,#1375,#1376);
#1378=PLANE('',#1377);
#1380=ORIENTED_EDGE('',*,*,#1379,.F.);
#1381=ORIENTED_EDGE('',*,*,#1364,.F.);
#1382=EDGE_LOOP('',(#1380,#1381));
#1383=FACE_OUTER_BOUND('',#1382,.F.);
#1385=ORIENTED_EDGE('',*,*,#1384,.T.);
#1387=ORIENTED_EDGE('',*,*,#1386,.T.);
#1388=EDGE_LOOP('',(#1385,#1387));
#1389=FACE_BOUND('',#1388,.F.);
#1390=ADVANCED_FACE('',(#1383,#1389),#1378,.F.);
#1391=CARTESIAN_POINT('',(2.362872389216E0,0.E0,0.E0));
#1392=DIRECTION('',(1.E0,0.E0,0.E0));
#1393=DIRECTION('',(0.E0,0.E0,1.E0));
#1394=AXIS2_PLACEMENT_3D('',#1391,#1392,#1393);
#1395=TOROIDAL_SURFACE('',#1394,3.5625E0,1.628723892158E-1);
#1396=ORIENTED_EDGE('',*,*,#1379,.T.);
#1397=ORIENTED_EDGE('',*,*,#1369,.F.);
#1398=ORIENTED_EDGE('',*,*,#1338,.T.);
#1399=ORIENTED_EDGE('',*,*,#1366,.T.);
#1400=EDGE_LOOP('',(#1396,#1397,#1398,#1399));
#1401=FACE_OUTER_BOUND('',#1400,.F.);
#1402=ADVANCED_FACE('',(#1401),#1395,.T.);
#1403=CARTESIAN_POINT('',(0.E0,0.E0,0.E0));
#1404=DIRECTION('',(-1.E0,0.E0,0.E0));
#1405=DIRECTION('',(0.E0,0.E0,1.E0));
#1406=AXIS2_PLACEMENT_3D('',#1403,#1404,#1405);
#1407=CYLINDRICAL_SURFACE('',#1406,3.5E0);
#1409=ORIENTED_EDGE('',*,*,#1408,.T.);
#1411=ORIENTED_EDGE('',*,*,#1410,.F.);
#1413=ORIENTED_EDGE('',*,*,#1412,.F.);
#1414=ORIENTED_EDGE('',*,*,#1384,.F.);
#1415=EDGE_LOOP('',(#1409,#1411,#1413,#1414));
#1416=FACE_OUTER_BOUND('',#1415,.F.);
#1417=ADVANCED_FACE('',(#1416),#1407,.F.);
#1418=CARTESIAN_POINT('',(0.E0,0.E0,0.E0));
#1419=DIRECTION('',(-1.E0,0.E0,0.E0));
#1420=DIRECTION('',(0.E0,0.E0,1.E0));
#1421=AXIS2_PLACEMENT_3D('',#1418,#1419,#1420);
#1422=CYLINDRICAL_SURFACE('',#1421,3.5E0);
#1423=ORIENTED_EDGE('',*,*,#1386,.F.);
#1424=ORIENTED_EDGE('',*,*,#1412,.T.);
#1426=ORIENTED_EDGE('',*,*,#1425,.F.);
#1427=ORIENTED_EDGE('',*,*,#1408,.F.);
#1428=EDGE_LOOP('',(#1423,#1424,#1426,#1427));
#1429=FACE_OUTER_BOUND('',#1428,.F.);
#1430=ADVANCED_FACE('',(#1429),#1422,.F.);
#1431=CARTESIAN_POINT('',(0.E0,0.E0,0.E0));
#1432=DIRECTION('',(-1.E0,0.E0,0.E0));
#1433=DIRECTION('',(0.E0,0.E0,1.E0));
#1434=AXIS2_PLACEMENT_3D('',#1431,#1432,#1433);
#1435=TOROIDAL_SURFACE('',#1434,3.E0,8.E-1);
#1436=ORIENTED_EDGE('',*,*,#1425,.T.);
#1438=ORIENTED_EDGE('',*,*,#1437,.T.);
#1440=ORIENTED_EDGE('',*,*,#1439,.T.);
#1442=ORIENTED_EDGE('',*,*,#1441,.T.);
#1443=EDGE_LOOP('',(#1436,#1438,#1440,#1442));
#1444=FACE_OUTER_BOUND('',#1443,.F.);
#1445=ADVANCED_FACE('',(#1444),#1435,.F.);
#1446=CARTESIAN_POINT('',(0.E0,0.E0,0.E0));
#1447=DIRECTION('',(-1.E0,0.E0,0.E0));
#1448=DIRECTION('',(0.E0,0.E0,1.E0));
#1449=AXIS2_PLACEMENT_3D('',#1446,#1447,#1448);
#1450=TOROIDAL_SURFACE('',#1449,3.E0,8.E-1);
#1451=ORIENTED_EDGE('',*,*,#1441,.F.);
#1453=ORIENTED_EDGE('',*,*,#1452,.T.);
#1454=ORIENTED_EDGE('',*,*,#1437,.F.);
#1455=ORIENTED_EDGE('',*,*,#1410,.T.);
#1456=EDGE_LOOP('',(#1451,#1453,#1454,#1455));
#1457=FACE_OUTER_BOUND('',#1456,.F.);
#1458=ADVANCED_FACE('',(#1457),#1450,.F.);
#1459=CARTESIAN_POINT('',(0.E0,0.E0,0.E0));
#1460=DIRECTION('',(-1.E0,0.E0,0.E0));
#1461=DIRECTION('',(0.E0,0.E0,1.E0));
#1462=AXIS2_PLACEMENT_3D('',#1459,#1460,#1461);
#1463=CYLINDRICAL_SURFACE('',#1462,3.5E0);
#1465=ORIENTED_EDGE('',*,*,#1464,.T.);
#1467=ORIENTED_EDGE('',*,*,#1466,.F.);
#1469=ORIENTED_EDGE('',*,*,#1468,.F.);
#1470=ORIENTED_EDGE('',*,*,#1452,.F.);
#1471=EDGE_LOOP('',(#1465,#1467,#1469,#1470));
#1472=FACE_OUTER_BOUND('',#1471,.F.);
#1473=ADVANCED_FACE('',(#1472),#1463,.F.);
#1474=CARTESIAN_POINT('',(0.E0,0.E0,0.E0));
#1475=DIRECTION('',(-1.E0,0.E0,0.E0));
#1476=DIRECTION('',(0.E0,0.E0,1.E0));
#1477=AXIS2_PLACEMENT_3D('',#1474,#1475,#1476);
#1478=CYLINDRICAL_SURFACE('',#1477,3.5E0);
#1479=ORIENTED_EDGE('',*,*,#1439,.F.);
#1480=ORIENTED_EDGE('',*,*,#1468,.T.);
#1482=ORIENTED_EDGE('',*,*,#1481,.F.);
#1483=ORIENTED_EDGE('',*,*,#1464,.F.);
#1484=EDGE_LOOP('',(#1479,#1480,#1482,#1483));
#1485=FACE_OUTER_BOUND('',#1484,.F.);
#1486=ADVANCED_FACE('',(#1485),#1478,.F.);
#1487=CARTESIAN_POINT('',(-2.2E0,3.5E0,0.E0));
#1488=DIRECTION('',(1.E0,0.E0,0.E0));
#1489=DIRECTION('',(0.E0,0.E0,-1.E0));
#1490=AXIS2_PLACEMENT_3D('',#1487,#1488,#1489);
#1491=PLANE('',#1490);
#1493=ORIENTED_EDGE('',*,*,#1492,.F.);
#1495=ORIENTED_EDGE('',*,*,#1494,.F.);
#1496=EDGE_LOOP('',(#1493,#1495));
#1497=FACE_OUTER_BOUND('',#1496,.F.);
#1498=ORIENTED_EDGE('',*,*,#1466,.T.);
#1499=ORIENTED_EDGE('',*,*,#1481,.T.);
#1500=EDGE_LOOP('',(#1498,#1499));
#1501=FACE_BOUND('',#1500,.F.);
#1502=ADVANCED_FACE('',(#1497,#1501),#1491,.F.);
#1503=CARTESIAN_POINT('',(-2.362872389216E0,0.E0,0.E0));
#1504=DIRECTION('',(-1.E0,0.E0,0.E0));
#1505=DIRECTION('',(0.E0,0.E0,1.E0));
#1506=AXIS2_PLACEMENT_3D('',#1503,#1504,#1505);
#1507=TOROIDAL_SURFACE('',#1506,3.5625E0,1.628723892158E-1);
#1508=ORIENTED_EDGE('',*,*,#1492,.T.);
#1510=ORIENTED_EDGE('',*,*,#1509,.F.);
#1512=ORIENTED_EDGE('',*,*,#1511,.T.);
#1514=ORIENTED_EDGE('',*,*,#1513,.T.);
#1515=EDGE_LOOP('',(#1508,#1510,#1512,#1514));
#1516=FACE_OUTER_BOUND('',#1515,.F.);
#1517=ADVANCED_FACE('',(#1516),#1507,.T.);
#1518=CARTESIAN_POINT('',(-2.362872389216E0,0.E0,0.E0));
#1519=DIRECTION('',(-1.E0,0.E0,0.E0));
#1520=DIRECTION('',(0.E0,0.E0,1.E0));
#1521=AXIS2_PLACEMENT_3D('',#1518,#1519,#1520);
#1522=TOROIDAL_SURFACE('',#1521,3.5625E0,1.628723892158E-1);
#1523=ORIENTED_EDGE('',*,*,#1494,.T.);
#1524=ORIENTED_EDGE('',*,*,#1513,.F.);
#1526=ORIENTED_EDGE('',*,*,#1525,.T.);
#1527=ORIENTED_EDGE('',*,*,#1509,.T.);
#1528=EDGE_LOOP('',(#1523,#1524,#1526,#1527));
#1529=FACE_OUTER_BOUND('',#1528,.F.);
#1530=ADVANCED_FACE('',(#1529),#1522,.T.);
#1531=CARTESIAN_POINT('',(-2.307734562488E0,0.E0,0.E0));
#1532=DIRECTION('',(1.E0,0.E0,0.E0));
#1533=DIRECTION('',(0.E0,0.E0,-1.E0));
#1534=AXIS2_PLACEMENT_3D('',#1531,#1532,#1533);
#1535=CONICAL_SURFACE('',#1534,3.380294930569E0,4.801278750418E1);
#1537=ORIENTED_EDGE('',*,*,#1536,.F.);
#1539=ORIENTED_EDGE('',*,*,#1538,.T.);
#1540=ORIENTED_EDGE('',*,*,#1525,.F.);
#1542=ORIENTED_EDGE('',*,*,#1541,.F.);
#1543=EDGE_LOOP('',(#1537,#1539,#1540,#1542));
#1544=FACE_OUTER_BOUND('',#1543,.F.);
#1545=ADVANCED_FACE('',(#1544),#1535,.F.);
#1546=CARTESIAN_POINT('',(-2.225E0,0.E0,0.E0));
#1547=DIRECTION('',(-1.E0,0.E0,0.E0));
#1548=DIRECTION('',(0.E0,0.E0,1.E0));
#1549=AXIS2_PLACEMENT_3D('',#1546,#1547,#1548);
#1550=TOROIDAL_SURFACE('',#1549,3.173252798954E0,2.E-1);
#1551=ORIENTED_EDGE('',*,*,#1536,.T.);
#1553=ORIENTED_EDGE('',*,*,#1552,.T.);
#1555=ORIENTED_EDGE('',*,*,#1554,.F.);
#1557=ORIENTED_EDGE('',*,*,#1556,.F.);
#1558=EDGE_LOOP('',(#1551,#1553,#1555,#1557));
#1559=FACE_OUTER_BOUND('',#1558,.F.);
#1560=ADVANCED_FACE('',(#1559),#1550,.F.);
#1561=CARTESIAN_POINT('',(-2.225E0,0.E0,0.E0));
#1562=DIRECTION('',(-1.E0,0.E0,0.E0));
#1563=DIRECTION('',(0.E0,0.E0,1.E0));
#1564=AXIS2_PLACEMENT_3D('',#1561,#1562,#1563);
#1565=TOROIDAL_SURFACE('',#1564,3.173252798954E0,2.E-1);
#1566=ORIENTED_EDGE('',*,*,#1556,.T.);
#1568=ORIENTED_EDGE('',*,*,#1567,.F.);
#1569=ORIENTED_EDGE('',*,*,#1552,.F.);
#1571=ORIENTED_EDGE('',*,*,#1570,.T.);
#1572=EDGE_LOOP('',(#1566,#1568,#1569,#1571));
#1573=FACE_OUTER_BOUND('',#1572,.F.);
#1574=ADVANCED_FACE('',(#1573),#1565,.F.);
#1575=CARTESIAN_POINT('',(-2.425E0,3.173252798954E0,0.E0));
#1576=DIRECTION('',(1.E0,0.E0,0.E0));
#1577=DIRECTION('',(0.E0,0.E0,-1.E0));
#1578=AXIS2_PLACEMENT_3D('',#1575,#1576,#1577);
#1579=PLANE('',#1578);
#1580=ORIENTED_EDGE('',*,*,#1567,.T.);
#1581=ORIENTED_EDGE('',*,*,#1554,.T.);
#1582=EDGE_LOOP('',(#1580,#1581));
#1583=FACE_OUTER_BOUND('',#1582,.F.);
#1585=ORIENTED_EDGE('',*,*,#1584,.T.);
#1587=ORIENTED_EDGE('',*,*,#1586,.T.);
#1588=EDGE_LOOP('',(#1585,#1587));
#1589=FACE_BOUND('',#1588,.F.);
#1590=ADVANCED_FACE('',(#1583,#1589),#1579,.T.);
#1591=CARTESIAN_POINT('',(0.E0,0.E0,0.E0));
#1592=DIRECTION('',(-1.E0,0.E0,0.E0));
#1593=DIRECTION('',(0.E0,0.E0,1.E0));
#1594=AXIS2_PLACEMENT_3D('',#1591,#1592,#1593);
#1595=CYLINDRICAL_SURFACE('',#1594,2.4E0);
#1597=ORIENTED_EDGE('',*,*,#1596,.T.);
#1599=ORIENTED_EDGE('',*,*,#1598,.F.);
#1601=ORIENTED_EDGE('',*,*,#1600,.F.);
#1602=ORIENTED_EDGE('',*,*,#1584,.F.);
#1603=EDGE_LOOP('',(#1597,#1599,#1601,#1602));
#1604=FACE_OUTER_BOUND('',#1603,.F.);
#1605=ADVANCED_FACE('',(#1604),#1595,.F.);
#1606=CARTESIAN_POINT('',(0.E0,0.E0,0.E0));
#1607=DIRECTION('',(-1.E0,0.E0,0.E0));
#1608=DIRECTION('',(0.E0,0.E0,1.E0));
#1609=AXIS2_PLACEMENT_3D('',#1606,#1607,#1608);
#1610=CYLINDRICAL_SURFACE('',#1609,2.4E0);
#1611=ORIENTED_EDGE('',*,*,#1586,.F.);
#1612=ORIENTED_EDGE('',*,*,#1600,.T.);
#1614=ORIENTED_EDGE('',*,*,#1613,.F.);
#1615=ORIENTED_EDGE('',*,*,#1596,.F.);
#1616=EDGE_LOOP('',(#1611,#1612,#1614,#1615));
#1617=FACE_OUTER_BOUND('',#1616,.F.);
#1618=ADVANCED_FACE('',(#1617),#1610,.F.);
#1619=CARTESIAN_POINT('',(-2.475E0,3.173252798954E0,0.E0));
#1620=DIRECTION('',(1.E0,0.E0,0.E0));
#1621=DIRECTION('',(0.E0,0.E0,-1.E0));
#1622=AXIS2_PLACEMENT_3D('',#1619,#1620,#1621);
#1623=PLANE('',#1622);
#1625=ORIENTED_EDGE('',*,*,#1624,.T.);
#1627=ORIENTED_EDGE('',*,*,#1626,.T.);
#1628=EDGE_LOOP('',(#1625,#1627));
#1629=FACE_OUTER_BOUND('',#1628,.F.);
#1630=ORIENTED_EDGE('',*,*,#1598,.T.);
#1631=ORIENTED_EDGE('',*,*,#1613,.T.);
#1632=EDGE_LOOP('',(#1630,#1631));
#1633=FACE_BOUND('',#1632,.F.);
#1634=ADVANCED_FACE('',(#1629,#1633),#1623,.F.);
#1635=CARTESIAN_POINT('',(-2.225E0,0.E0,0.E0));
#1636=DIRECTION('',(-1.E0,0.E0,0.E0));
#1637=DIRECTION('',(0.E0,0.E0,1.E0));
#1638=AXIS2_PLACEMENT_3D('',#1635,#1636,#1637);
#1639=TOROIDAL_SURFACE('',#1638,3.173252798954E0,2.5E-1);
#1641=ORIENTED_EDGE('',*,*,#1640,.T.);
#1643=ORIENTED_EDGE('',*,*,#1642,.T.);
#1644=ORIENTED_EDGE('',*,*,#1624,.F.);
#1646=ORIENTED_EDGE('',*,*,#1645,.F.);
#1647=EDGE_LOOP('',(#1641,#1643,#1644,#1646));
#1648=FACE_OUTER_BOUND('',#1647,.F.);
#1649=ADVANCED_FACE('',(#1648),#1639,.T.);
#1650=CARTESIAN_POINT('',(-2.344899269800E0,0.E0,0.E0));
#1651=DIRECTION('',(1.E0,0.E0,0.E0));
#1652=DIRECTION('',(0.E0,0.E0,-1.E0));
#1653=AXIS2_PLACEMENT_3D('',#1650,#1651,#1652);
#1654=CONICAL_SURFACE('',#1653,3.413743167150E0,4.801278750418E1);
#1655=ORIENTED_EDGE('',*,*,#1640,.F.);
#1657=ORIENTED_EDGE('',*,*,#1656,.T.);
#1659=ORIENTED_EDGE('',*,*,#1658,.F.);
#1661=ORIENTED_EDGE('',*,*,#1660,.F.);
#1662=EDGE_LOOP('',(#1655,#1657,#1659,#1661));
#1663=FACE_OUTER_BOUND('',#1662,.F.);
#1664=ADVANCED_FACE('',(#1663),#1654,.T.);
#1665=CARTESIAN_POINT('',(-2.344899269800E0,0.E0,0.E0));
#1666=DIRECTION('',(1.E0,0.E0,0.E0));
#1667=DIRECTION('',(0.E0,0.E0,-1.E0));
#1668=AXIS2_PLACEMENT_3D('',#1665,#1666,#1667);
#1669=CONICAL_SURFACE('',#1668,3.413743167150E0,4.801278750418E1);
#1670=ORIENTED_EDGE('',*,*,#1660,.T.);
#1672=ORIENTED_EDGE('',*,*,#1671,.F.);
#1673=ORIENTED_EDGE('',*,*,#1656,.F.);
#1675=ORIENTED_EDGE('',*,*,#1674,.F.);
#1676=EDGE_LOOP('',(#1670,#1672,#1673,#1675));
#1677=FACE_OUTER_BOUND('',#1676,.F.);
#1678=ADVANCED_FACE('',(#1677),#1669,.T.);
#1679=CARTESIAN_POINT('',(-2.362872389216E0,0.E0,0.E0));
#1680=DIRECTION('',(-1.E0,0.E0,0.E0));
#1681=DIRECTION('',(0.E0,0.E0,1.E0));
#1682=AXIS2_PLACEMENT_3D('',#1679,#1680,#1681);
#1683=TOROIDAL_SURFACE('',#1682,3.5625E0,1.128723892158E-1);
#1684=ORIENTED_EDGE('',*,*,#1671,.T.);
#1686=ORIENTED_EDGE('',*,*,#1685,.T.);
#1688=ORIENTED_EDGE('',*,*,#1687,.F.);
#1690=ORIENTED_EDGE('',*,*,#1689,.F.);
#1691=EDGE_LOOP('',(#1684,#1686,#1688,#1690));
#1692=FACE_OUTER_BOUND('',#1691,.F.);
#1693=ADVANCED_FACE('',(#1692),#1683,.F.);
#1694=CARTESIAN_POINT('',(-2.362872389216E0,0.E0,0.E0));
#1695=DIRECTION('',(-1.E0,0.E0,0.E0));
#1696=DIRECTION('',(0.E0,0.E0,1.E0));
#1697=AXIS2_PLACEMENT_3D('',#1694,#1695,#1696);
#1698=TOROIDAL_SURFACE('',#1697,3.5625E0,1.128723892158E-1);
#1699=ORIENTED_EDGE('',*,*,#1689,.T.);
#1701=ORIENTED_EDGE('',*,*,#1700,.F.);
#1702=ORIENTED_EDGE('',*,*,#1685,.F.);
#1703=ORIENTED_EDGE('',*,*,#1658,.T.);
#1704=EDGE_LOOP('',(#1699,#1701,#1702,#1703));
#1705=FACE_OUTER_BOUND('',#1704,.F.);
#1706=ADVANCED_FACE('',(#1705),#1698,.F.);
#1707=CARTESIAN_POINT('',(-2.25E0,3.5625E0,0.E0));
#1708=DIRECTION('',(1.E0,0.E0,0.E0));
#1709=DIRECTION('',(0.E0,0.E0,-1.E0));
#1710=AXIS2_PLACEMENT_3D('',#1707,#1708,#1709);
#1711=PLANE('',#1710);
#1713=ORIENTED_EDGE('',*,*,#1712,.T.);
#1715=ORIENTED_EDGE('',*,*,#1714,.T.);
#1716=EDGE_LOOP('',(#1713,#1715));
#1717=FACE_OUTER_BOUND('',#1716,.F.);
#1718=ORIENTED_EDGE('',*,*,#1700,.T.);
#1719=ORIENTED_EDGE('',*,*,#1687,.T.);
#1720=EDGE_LOOP('',(#1718,#1719));
#1721=FACE_BOUND('',#1720,.F.);
#1722=ADVANCED_FACE('',(#1717,#1721),#1711,.F.);
#1723=CARTESIAN_POINT('',(-2.275E0,0.E0,0.E0));
#1724=DIRECTION('',(-1.E0,0.E0,0.E0));
#1725=DIRECTION('',(0.E0,0.E0,1.E0));
#1726=AXIS2_PLACEMENT_3D('',#1723,#1724,#1725);
#1727=TOROIDAL_SURFACE('',#1726,3.625E0,2.5E-2);
#1729=ORIENTED_EDGE('',*,*,#1728,.T.);
#1731=ORIENTED_EDGE('',*,*,#1730,.T.);
#1733=ORIENTED_EDGE('',*,*,#1732,.F.);
#1735=ORIENTED_EDGE('',*,*,#1734,.F.);
#1736=ORIENTED_EDGE('',*,*,#1712,.F.);
#1738=ORIENTED_EDGE('',*,*,#1737,.T.);
#1739=EDGE_LOOP('',(#1729,#1731,#1733,#1735,#1736,#1738));
#1740=FACE_OUTER_BOUND('',#1739,.F.);
#1741=ADVANCED_FACE('',(#1740),#1727,.F.);
#1742=CARTESIAN_POINT('',(-2.275E0,0.E0,0.E0));
#1743=DIRECTION('',(-1.E0,0.E0,0.E0));
#1744=DIRECTION('',(0.E0,0.E0,1.E0));
#1745=AXIS2_PLACEMENT_3D('',#1742,#1743,#1744);
#1746=TOROIDAL_SURFACE('',#1745,3.625E0,2.5E-2);
#1747=ORIENTED_EDGE('',*,*,#1714,.F.);
#1748=ORIENTED_EDGE('',*,*,#1734,.T.);
#1749=ORIENTED_EDGE('',*,*,#1732,.T.);
#1751=ORIENTED_EDGE('',*,*,#1750,.T.);
#1752=ORIENTED_EDGE('',*,*,#1728,.F.);
#1753=ORIENTED_EDGE('',*,*,#1737,.F.);
#1754=EDGE_LOOP('',(#1747,#1748,#1749,#1751,#1752,#1753));
#1755=FACE_OUTER_BOUND('',#1754,.F.);
#1756=ADVANCED_FACE('',(#1755),#1746,.F.);
#1757=CARTESIAN_POINT('',(-2.342131249114E0,0.E0,0.E0));
#1758=DIRECTION('',(1.E0,0.E0,0.E0));
#1759=DIRECTION('',(0.E0,0.E0,-1.E0));
#1760=AXIS2_PLACEMENT_3D('',#1757,#1758,#1759);
#1761=CONICAL_SURFACE('',#1760,3.602787494685E0,3.901324829541E1);
#1763=ORIENTED_EDGE('',*,*,#1762,.F.);
#1765=ORIENTED_EDGE('',*,*,#1764,.T.);
#1766=ORIENTED_EDGE('',*,*,#1750,.F.);
#1768=ORIENTED_EDGE('',*,*,#1767,.F.);
#1769=EDGE_LOOP('',(#1763,#1765,#1766,#1768));
#1770=FACE_OUTER_BOUND('',#1769,.F.);
#1771=ADVANCED_FACE('',(#1770),#1761,.F.);
#1772=CARTESIAN_POINT('',(-2.409262498228E0,0.E0,0.E0));
#1773=DIRECTION('',(-1.E0,0.E0,0.E0));
#1774=DIRECTION('',(0.E0,0.E0,1.E0));
#1775=AXIS2_PLACEMENT_3D('',#1772,#1773,#1774);
#1776=CONICAL_SURFACE('',#1775,3.580574989370E0,5.098675170459E1);
#1778=ORIENTED_EDGE('',*,*,#1777,.F.);
#1780=ORIENTED_EDGE('',*,*,#1779,.F.);
#1781=ORIENTED_EDGE('',*,*,#1762,.T.);
#1783=ORIENTED_EDGE('',*,*,#1782,.T.);
#1784=EDGE_LOOP('',(#1778,#1780,#1781,#1783));
#1785=FACE_OUTER_BOUND('',#1784,.F.);
#1786=ADVANCED_FACE('',(#1785),#1776,.F.);
#1787=CARTESIAN_POINT('',(0.E0,0.E0,0.E0));
#1788=DIRECTION('',(-1.E0,0.E0,0.E0));
#1789=DIRECTION('',(0.E0,0.E0,1.E0));
#1790=AXIS2_PLACEMENT_3D('',#1787,#1788,#1789);
#1791=CYLINDRICAL_SURFACE('',#1790,3.6E0);
#1792=ORIENTED_EDGE('',*,*,#1777,.T.);
#1794=ORIENTED_EDGE('',*,*,#1793,.T.);
#1796=ORIENTED_EDGE('',*,*,#1795,.F.);
#1798=ORIENTED_EDGE('',*,*,#1797,.F.);
#1799=EDGE_LOOP('',(#1792,#1794,#1796,#1798));
#1800=FACE_OUTER_BOUND('',#1799,.F.);
#1801=ADVANCED_FACE('',(#1800),#1791,.F.);
#1802=CARTESIAN_POINT('',(0.E0,0.E0,0.E0));
#1803=DIRECTION('',(-1.E0,0.E0,0.E0));
#1804=DIRECTION('',(0.E0,0.E0,1.E0));
#1805=AXIS2_PLACEMENT_3D('',#1802,#1803,#1804);
#1806=CYLINDRICAL_SURFACE('',#1805,3.6E0);
#1808=ORIENTED_EDGE('',*,*,#1807,.T.);
#1809=ORIENTED_EDGE('',*,*,#1797,.T.);
#1811=ORIENTED_EDGE('',*,*,#1810,.F.);
#1812=ORIENTED_EDGE('',*,*,#1793,.F.);
#1813=EDGE_LOOP('',(#1808,#1809,#1811,#1812));
#1814=FACE_OUTER_BOUND('',#1813,.F.);
#1815=ADVANCED_FACE('',(#1814),#1806,.F.);
#1816=CARTESIAN_POINT('',(-2.409262498228E0,0.E0,0.E0));
#1817=DIRECTION('',(-1.E0,0.E0,0.E0));
#1818=DIRECTION('',(0.E0,0.E0,1.E0));
#1819=AXIS2_PLACEMENT_3D('',#1816,#1817,#1818);
#1820=CONICAL_SURFACE('',#1819,3.580574989370E0,5.098675170459E1);
#1821=ORIENTED_EDGE('',*,*,#1807,.F.);
#1822=ORIENTED_EDGE('',*,*,#1782,.F.);
#1824=ORIENTED_EDGE('',*,*,#1823,.T.);
#1825=ORIENTED_EDGE('',*,*,#1779,.T.);
#1826=EDGE_LOOP('',(#1821,#1822,#1824,#1825));
#1827=FACE_OUTER_BOUND('',#1826,.F.);
#1828=ADVANCED_FACE('',(#1827),#1820,.F.);
#1829=CARTESIAN_POINT('',(-2.342131249114E0,0.E0,0.E0));
#1830=DIRECTION('',(1.E0,0.E0,0.E0));
#1831=DIRECTION('',(0.E0,0.E0,-1.E0));
#1832=AXIS2_PLACEMENT_3D('',#1829,#1830,#1831);
#1833=CONICAL_SURFACE('',#1832,3.602787494685E0,3.901324829541E1);
#1834=ORIENTED_EDGE('',*,*,#1767,.T.);
#1835=ORIENTED_EDGE('',*,*,#1730,.F.);
#1836=ORIENTED_EDGE('',*,*,#1764,.F.);
#1837=ORIENTED_EDGE('',*,*,#1823,.F.);
#1838=EDGE_LOOP('',(#1834,#1835,#1836,#1837));
#1839=FACE_OUTER_BOUND('',#1838,.F.);
#1840=ADVANCED_FACE('',(#1839),#1833,.F.);
#1841=CARTESIAN_POINT('',(-2.5E0,3.6E0,0.E0));
#1842=DIRECTION('',(1.E0,0.E0,0.E0));
#1843=DIRECTION('',(0.E0,0.E0,-1.E0));
#1844=AXIS2_PLACEMENT_3D('',#1841,#1842,#1843);
#1845=PLANE('',#1844);
#1847=ORIENTED_EDGE('',*,*,#1846,.T.);
#1849=ORIENTED_EDGE('',*,*,#1848,.T.);
#1850=EDGE_LOOP('',(#1847,#1849));
#1851=FACE_OUTER_BOUND('',#1850,.F.);
#1852=ORIENTED_EDGE('',*,*,#1810,.T.);
#1853=ORIENTED_EDGE('',*,*,#1795,.T.);
#1854=EDGE_LOOP('',(#1852,#1853));
#1855=FACE_BOUND('',#1854,.F.);
#1856=ADVANCED_FACE('',(#1851,#1855),#1845,.F.);
#1857=CARTESIAN_POINT('',(-2.35E0,0.E0,0.E0));
#1858=DIRECTION('',(-1.E0,0.E0,0.E0));
#1859=DIRECTION('',(0.E0,0.E0,1.E0));
#1860=AXIS2_PLACEMENT_3D('',#1857,#1858,#1859);
#1861=TOROIDAL_SURFACE('',#1860,4.35E0,1.5E-1);
#1863=ORIENTED_EDGE('',*,*,#1862,.T.);
#1865=ORIENTED_EDGE('',*,*,#1864,.T.);
#1866=ORIENTED_EDGE('',*,*,#1846,.F.);
#1868=ORIENTED_EDGE('',*,*,#1867,.F.);
#1869=EDGE_LOOP('',(#1863,#1865,#1866,#1868));
#1870=FACE_OUTER_BOUND('',#1869,.F.);
#1871=ADVANCED_FACE('',(#1870),#1861,.T.);
#1872=CARTESIAN_POINT('',(0.E0,0.E0,0.E0));
#1873=DIRECTION('',(-1.E0,0.E0,0.E0));
#1874=DIRECTION('',(0.E0,0.E0,1.E0));
#1875=AXIS2_PLACEMENT_3D('',#1872,#1873,#1874);
#1876=CYLINDRICAL_SURFACE('',#1875,4.5E0);
#1877=ORIENTED_EDGE('',*,*,#1039,.F.);
#1879=ORIENTED_EDGE('',*,*,#1878,.T.);
#1880=ORIENTED_EDGE('',*,*,#1862,.F.);
#1882=ORIENTED_EDGE('',*,*,#1881,.F.);
#1883=EDGE_LOOP('',(#1877,#1879,#1880,#1882));
#1884=FACE_OUTER_BOUND('',#1883,.F.);
#1885=ADVANCED_FACE('',(#1884),#1876,.T.);
#1886=CARTESIAN_POINT('',(0.E0,0.E0,0.E0));
#1887=DIRECTION('',(-1.E0,0.E0,0.E0));
#1888=DIRECTION('',(0.E0,0.E0,1.E0));
#1889=AXIS2_PLACEMENT_3D('',#1886,#1887,#1888);
#1890=CYLINDRICAL_SURFACE('',#1889,4.5E0);
#1891=ORIENTED_EDGE('',*,*,#1881,.T.);
#1893=ORIENTED_EDGE('',*,*,#1892,.F.);
#1894=ORIENTED_EDGE('',*,*,#1878,.F.);
#1895=ORIENTED_EDGE('',*,*,#1022,.F.);
#1896=EDGE_LOOP('',(#1891,#1893,#1894,#1895));
#1897=FACE_OUTER_BOUND('',#1896,.F.);
#1898=ADVANCED_FACE('',(#1897),#1890,.T.);
#1899=CARTESIAN_POINT('',(-2.35E0,0.E0,0.E0));
#1900=DIRECTION('',(-1.E0,0.E0,0.E0));
#1901=DIRECTION('',(0.E0,0.E0,1.E0));
#1902=AXIS2_PLACEMENT_3D('',#1899,#1900,#1901);
#1903=TOROIDAL_SURFACE('',#1902,4.35E0,1.5E-1);
#1904=ORIENTED_EDGE('',*,*,#1867,.T.);
#1905=ORIENTED_EDGE('',*,*,#1848,.F.);
#1906=ORIENTED_EDGE('',*,*,#1864,.F.);
#1907=ORIENTED_EDGE('',*,*,#1892,.T.);
#1908=EDGE_LOOP('',(#1904,#1905,#1906,#1907));
#1909=FACE_OUTER_BOUND('',#1908,.F.);
#1910=ADVANCED_FACE('',(#1909),#1903,.T.);
#1911=CARTESIAN_POINT('',(-2.225E0,0.E0,0.E0));
#1912=DIRECTION('',(-1.E0,0.E0,0.E0));
#1913=DIRECTION('',(0.E0,0.E0,1.E0));
#1914=AXIS2_PLACEMENT_3D('',#1911,#1912,#1913);
#1915=TOROIDAL_SURFACE('',#1914,3.173252798954E0,2.5E-1);
#1916=ORIENTED_EDGE('',*,*,#1645,.T.);
#1917=ORIENTED_EDGE('',*,*,#1626,.F.);
#1918=ORIENTED_EDGE('',*,*,#1642,.F.);
#1919=ORIENTED_EDGE('',*,*,#1674,.T.);
#1920=EDGE_LOOP('',(#1916,#1917,#1918,#1919));
#1921=FACE_OUTER_BOUND('',#1920,.F.);
#1922=ADVANCED_FACE('',(#1921),#1915,.T.);
#1923=CARTESIAN_POINT('',(-2.307734562488E0,0.E0,0.E0));
#1924=DIRECTION('',(1.E0,0.E0,0.E0));
#1925=DIRECTION('',(0.E0,0.E0,-1.E0));
#1926=AXIS2_PLACEMENT_3D('',#1923,#1924,#1925);
#1927=CONICAL_SURFACE('',#1926,3.380294930569E0,4.801278750418E1);
#1928=ORIENTED_EDGE('',*,*,#1541,.T.);
#1929=ORIENTED_EDGE('',*,*,#1511,.F.);
#1930=ORIENTED_EDGE('',*,*,#1538,.F.);
#1931=ORIENTED_EDGE('',*,*,#1570,.F.);
#1932=EDGE_LOOP('',(#1928,#1929,#1930,#1931));
#1933=FACE_OUTER_BOUND('',#1932,.F.);
#1934=ADVANCED_FACE('',(#1933),#1927,.F.);
#1935=CARTESIAN_POINT('',(2.225E0,0.E0,0.E0));
#1936=DIRECTION('',(1.E0,0.E0,0.E0));
#1937=DIRECTION('',(0.E0,0.E0,1.E0));
#1938=AXIS2_PLACEMENT_3D('',#1935,#1936,#1937);
#1939=TOROIDAL_SURFACE('',#1938,3.173252798954E0,2.E-1);
#1940=ORIENTED_EDGE('',*,*,#1325,.T.);
#1941=ORIENTED_EDGE('',*,*,#1305,.F.);
#1942=ORIENTED_EDGE('',*,*,#1322,.F.);
#1943=ORIENTED_EDGE('',*,*,#1354,.T.);
#1944=EDGE_LOOP('',(#1940,#1941,#1942,#1943));
#1945=FACE_OUTER_BOUND('',#1944,.F.);
#1946=ADVANCED_FACE('',(#1945),#1939,.F.);
#1947=CARTESIAN_POINT('',(0.E0,0.E0,0.E0));
#1948=DIRECTION('',(1.E0,0.E0,0.E0));
#1949=DIRECTION('',(0.E0,0.E0,1.E0));
#1950=AXIS2_PLACEMENT_3D('',#1947,#1948,#1949);
#1951=CYLINDRICAL_SURFACE('',#1950,2.4E0);
#1952=ORIENTED_EDGE('',*,*,#1293,.T.);
#1953=ORIENTED_EDGE('',*,*,#1278,.F.);
#1954=ORIENTED_EDGE('',*,*,#1290,.F.);
#1955=ORIENTED_EDGE('',*,*,#1310,.F.);
#1956=EDGE_LOOP('',(#1952,#1953,#1954,#1955));
#1957=FACE_OUTER_BOUND('',#1956,.F.);
#1958=ADVANCED_FACE('',(#1957),#1951,.F.);
#1959=CARTESIAN_POINT('',(2.362872389216E0,0.E0,0.E0));
#1960=DIRECTION('',(1.E0,0.E0,0.E0));
#1961=DIRECTION('',(0.E0,0.E0,1.E0));
#1962=AXIS2_PLACEMENT_3D('',#1959,#1960,#1961);
#1963=TOROIDAL_SURFACE('',#1962,3.5625E0,1.128723892158E-1);
#1964=ORIENTED_EDGE('',*,*,#1205,.T.);
#1965=ORIENTED_EDGE('',*,*,#1176,.F.);
#1966=ORIENTED_EDGE('',*,*,#1202,.F.);
#1967=ORIENTED_EDGE('',*,*,#1233,.T.);
#1968=EDGE_LOOP('',(#1964,#1965,#1966,#1967));
#1969=FACE_OUTER_BOUND('',#1968,.F.);
#1970=ADVANCED_FACE('',(#1969),#1963,.F.);
#1971=CLOSED_SHELL('',(#1030,#1044,#1060,#1075,#1090,#1104,#1116,#1131,#1144,
#1163,#1180,#1194,#1209,#1224,#1238,#1253,#1266,#1282,#1297,#1314,#1329,#1344,
#1358,#1373,#1390,#1402,#1417,#1430,#1445,#1458,#1473,#1486,#1502,#1517,#1530,
#1545,#1560,#1574,#1590,#1605,#1618,#1634,#1649,#1664,#1678,#1693,#1706,#1722,
#1741,#1756,#1771,#1786,#1801,#1815,#1828,#1840,#1856,#1871,#1885,#1898,#1910,
#1922,#1934,#1946,#1958,#1970));
#1972=MANIFOLD_SOLID_BREP('',#1971);
#1973=CARTESIAN_POINT('',(-2.2E0,0.E0,0.E0));
#1974=DIRECTION('',(1.E0,0.E0,0.E0));
#1975=DIRECTION('',(0.E0,0.E0,-1.E0));
#1976=AXIS2_PLACEMENT_3D('',#1973,#1974,#1975);
#1978=CARTESIAN_POINT('',(-2.2E0,0.E0,0.E0));
#1979=DIRECTION('',(1.E0,0.E0,0.E0));
#1980=DIRECTION('',(0.E0,0.E0,1.E0));
#1981=AXIS2_PLACEMENT_3D('',#1978,#1979,#1980);
#1983=CARTESIAN_POINT('',(-2.2E0,0.E0,0.E0));
#1984=DIRECTION('',(-1.E0,0.E0,0.E0));
#1985=DIRECTION('',(0.E0,0.E0,1.E0));
#1986=AXIS2_PLACEMENT_3D('',#1983,#1984,#1985);
#1988=CARTESIAN_POINT('',(-2.2E0,0.E0,0.E0));
#1989=DIRECTION('',(-1.E0,0.E0,0.E0));
#1990=DIRECTION('',(0.E0,0.E0,-1.E0));
#1991=AXIS2_PLACEMENT_3D('',#1988,#1989,#1990);
#1993=DIRECTION('',(-1.E0,0.E0,0.E0));
#1994=VECTOR('',#1993,1.575500200160E0);
#1995=CARTESIAN_POINT('',(-6.244997998398E-1,0.E0,2.5E0));
#1996=LINE('',#1995,#1994);
#1997=CARTESIAN_POINT('',(-6.244997998398E-1,0.E0,0.E0));
#1998=DIRECTION('',(-1.E0,0.E0,0.E0));
#1999=DIRECTION('',(0.E0,0.E0,1.E0));
#2000=AXIS2_PLACEMENT_3D('',#1997,#1998,#1999);
#2002=CARTESIAN_POINT('',(0.E0,0.E0,-3.E0));
#2003=DIRECTION('',(0.E0,1.E0,0.E0));
#2004=DIRECTION('',(-7.806247497998E-1,0.E0,6.25E-1));
#2005=AXIS2_PLACEMENT_3D('',#2002,#2003,#2004);
#2007=CARTESIAN_POINT('',(-6.244997998398E-1,0.E0,0.E0));
#2008=DIRECTION('',(-1.E0,0.E0,0.E0));
#2009=DIRECTION('',(0.E0,0.E0,-1.E0));
#2010=AXIS2_PLACEMENT_3D('',#2007,#2008,#2009);
#2012=CARTESIAN_POINT('',(0.E0,0.E0,3.E0));
#2013=DIRECTION('',(0.E0,-1.E0,0.E0));
#2014=DIRECTION('',(-7.806247497998E-1,0.E0,-6.25E-1));
#2015=AXIS2_PLACEMENT_3D('',#2012,#2013,#2014);
#2017=DIRECTION('',(-1.E0,0.E0,0.E0));
#2018=VECTOR('',#2017,1.575500200160E0);
#2019=CARTESIAN_POINT('',(-6.244997998398E-1,0.E0,-2.5E0));
#2020=LINE('',#2019,#2018);
#2021=CARTESIAN_POINT('',(0.E0,0.E0,0.E0));
#2022=DIRECTION('',(-1.E0,0.E0,0.E0));
#2023=DIRECTION('',(0.E0,0.E0,-1.E0));
#2024=AXIS2_PLACEMENT_3D('',#2021,#2022,#2023);
#2026=CARTESIAN_POINT('',(0.E0,0.E0,3.E0));
#2027=DIRECTION('',(0.E0,-1.E0,0.E0));
#2028=DIRECTION('',(0.E0,0.E0,-1.E0));
#2029=AXIS2_PLACEMENT_3D('',#2026,#2027,#2028);
#2031=CARTESIAN_POINT('',(6.244997998398E-1,0.E0,0.E0));
#2032=DIRECTION('',(1.E0,0.E0,0.E0));
#2033=DIRECTION('',(0.E0,0.E0,1.E0));
#2034=AXIS2_PLACEMENT_3D('',#2031,#2032,#2033);
#2036=CARTESIAN_POINT('',(0.E0,0.E0,0.E0));
#2037=DIRECTION('',(-1.E0,0.E0,0.E0));
#2038=DIRECTION('',(0.E0,0.E0,1.E0));
#2039=AXIS2_PLACEMENT_3D('',#2036,#2037,#2038);
#2041=CARTESIAN_POINT('',(0.E0,0.E0,-3.E0));
#2042=DIRECTION('',(0.E0,1.E0,0.E0));
#2043=DIRECTION('',(0.E0,0.E0,1.E0));
#2044=AXIS2_PLACEMENT_3D('',#2041,#2042,#2043);
#2046=CARTESIAN_POINT('',(6.244997998398E-1,0.E0,0.E0));
#2047=DIRECTION('',(1.E0,0.E0,0.E0));
#2048=DIRECTION('',(0.E0,0.E0,-1.E0));
#2049=AXIS2_PLACEMENT_3D('',#2046,#2047,#2048);
#2051=DIRECTION('',(-1.E0,0.E0,0.E0));
#2052=VECTOR('',#2051,1.575500200160E0);
#2053=CARTESIAN_POINT('',(2.2E0,0.E0,2.5E0));
#2054=LINE('',#2053,#2052);
#2055=CARTESIAN_POINT('',(2.2E0,0.E0,0.E0));
#2056=DIRECTION('',(-1.E0,0.E0,0.E0));
#2057=DIRECTION('',(0.E0,0.E0,1.E0));
#2058=AXIS2_PLACEMENT_3D('',#2055,#2056,#2057);
#2060=CARTESIAN_POINT('',(2.2E0,0.E0,0.E0));
#2061=DIRECTION('',(-1.E0,0.E0,0.E0));
#2062=DIRECTION('',(0.E0,0.E0,-1.E0));
#2063=AXIS2_PLACEMENT_3D('',#2060,#2061,#2062);
#2065=CARTESIAN_POINT('',(2.2E0,0.E0,0.E0));
#2066=DIRECTION('',(1.E0,0.E0,0.E0));
#2067=DIRECTION('',(0.E0,0.E0,-1.E0));
#2068=AXIS2_PLACEMENT_3D('',#2065,#2066,#2067);
#2070=CARTESIAN_POINT('',(2.2E0,0.E0,0.E0));
#2071=DIRECTION('',(1.E0,0.E0,0.E0));
#2072=DIRECTION('',(0.E0,0.E0,1.E0));
#2073=AXIS2_PLACEMENT_3D('',#2070,#2071,#2072);
#2075=DIRECTION('',(-1.E0,0.E0,0.E0));
#2076=VECTOR('',#2075,1.575500200160E0);
#2077=CARTESIAN_POINT('',(2.2E0,0.E0,-2.5E0));
#2078=LINE('',#2077,#2076);
#2079=DIRECTION('',(-1.E0,0.E0,0.E0));
#2080=VECTOR('',#2079,3.E-1);
#2081=CARTESIAN_POINT('',(2.5E0,0.E0,2.375E0));
#2082=LINE('',#2081,#2080);
#2083=CARTESIAN_POINT('',(2.5E0,0.E0,0.E0));
#2084=DIRECTION('',(-1.E0,0.E0,0.E0));
#2085=DIRECTION('',(0.E0,0.E0,1.E0));
#2086=AXIS2_PLACEMENT_3D('',#2083,#2084,#2085);
#2088=CARTESIAN_POINT('',(2.5E0,0.E0,0.E0));
#2089=DIRECTION('',(-1.E0,0.E0,0.E0));
#2090=DIRECTION('',(0.E0,0.E0,-1.E0));
#2091=AXIS2_PLACEMENT_3D('',#2088,#2089,#2090);
#2093=CARTESIAN_POINT('',(2.5E0,0.E0,0.E0));
#2094=DIRECTION('',(1.E0,0.E0,0.E0));
#2095=DIRECTION('',(0.E0,0.E0,-1.E0));
#2096=AXIS2_PLACEMENT_3D('',#2093,#2094,#2095);
#2098=CARTESIAN_POINT('',(2.5E0,0.E0,0.E0));
#2099=DIRECTION('',(1.E0,0.E0,0.E0));
#2100=DIRECTION('',(0.E0,0.E0,1.E0));
#2101=AXIS2_PLACEMENT_3D('',#2098,#2099,#2100);
#2103=DIRECTION('',(-1.E0,0.E0,0.E0));
#2104=VECTOR('',#2103,3.E-1);
#2105=CARTESIAN_POINT('',(2.5E0,0.E0,-2.375E0));
#2106=LINE('',#2105,#2104);
#2107=CARTESIAN_POINT('',(2.35E0,0.E0,0.E0));
#2108=DIRECTION('',(1.E0,0.E0,0.E0));
#2109=DIRECTION('',(0.E0,0.E0,-1.E0));
#2110=AXIS2_PLACEMENT_3D('',#2107,#2108,#2109);
#2112=CARTESIAN_POINT('',(2.35E0,0.E0,1.65E0));
#2113=DIRECTION('',(0.E0,-1.E0,0.E0));
#2114=DIRECTION('',(0.E0,0.E0,-1.E0));
#2115=AXIS2_PLACEMENT_3D('',#2112,#2113,#2114);
#2117=DIRECTION('',(-1.E0,0.E0,0.E0));
#2118=VECTOR('',#2117,4.7E0);
#2119=CARTESIAN_POINT('',(2.35E0,0.E0,-1.5E0));
#2120=LINE('',#2119,#2118);
#2121=DIRECTION('',(-1.E0,0.E0,0.E0));
#2122=VECTOR('',#2121,4.7E0);
#2123=CARTESIAN_POINT('',(2.35E0,0.E0,1.5E0));
#2124=LINE('',#2123,#2122);
#2125=CARTESIAN_POINT('',(2.35E0,0.E0,-1.65E0));
#2126=DIRECTION('',(0.E0,1.E0,0.E0));
#2127=DIRECTION('',(0.E0,0.E0,1.E0));
#2128=AXIS2_PLACEMENT_3D('',#2125,#2126,#2127);
#2130=CARTESIAN_POINT('',(2.35E0,0.E0,0.E0));
#2131=DIRECTION('',(1.E0,0.E0,0.E0));
#2132=DIRECTION('',(0.E0,0.E0,1.E0));
#2133=AXIS2_PLACEMENT_3D('',#2130,#2131,#2132);
#2135=CARTESIAN_POINT('',(-2.35E0,0.E0,-1.65E0));
#2136=DIRECTION('',(0.E0,1.E0,0.E0));
#2137=DIRECTION('',(-1.E0,0.E0,0.E0));
#2138=AXIS2_PLACEMENT_3D('',#2135,#2136,#2137);
#2140=CARTESIAN_POINT('',(-2.35E0,0.E0,0.E0));
#2141=DIRECTION('',(-1.E0,0.E0,0.E0));
#2142=DIRECTION('',(0.E0,0.E0,-1.E0));
#2143=AXIS2_PLACEMENT_3D('',#2140,#2141,#2142);
#2145=CARTESIAN_POINT('',(-2.35E0,0.E0,1.65E0));
#2146=DIRECTION('',(0.E0,-1.E0,0.E0));
#2147=DIRECTION('',(-1.E0,0.E0,0.E0));
#2148=AXIS2_PLACEMENT_3D('',#2145,#2146,#2147);
#2150=CARTESIAN_POINT('',(-2.35E0,0.E0,0.E0));
#2151=DIRECTION('',(-1.E0,0.E0,0.E0));
#2152=DIRECTION('',(0.E0,0.E0,1.E0));
#2153=AXIS2_PLACEMENT_3D('',#2150,#2151,#2152);
#2155=CARTESIAN_POINT('',(-2.5E0,0.E0,0.E0));
#2156=DIRECTION('',(1.E0,0.E0,0.E0));
#2157=DIRECTION('',(0.E0,0.E0,-1.E0));
#2158=AXIS2_PLACEMENT_3D('',#2155,#2156,#2157);
#2160=CARTESIAN_POINT('',(-2.5E0,0.E0,0.E0));
#2161=DIRECTION('',(1.E0,0.E0,0.E0));
#2162=DIRECTION('',(0.E0,0.E0,1.E0));
#2163=AXIS2_PLACEMENT_3D('',#2160,#2161,#2162);
#2165=CARTESIAN_POINT('',(-2.5E0,0.E0,0.E0));
#2166=DIRECTION('',(-1.E0,0.E0,0.E0));
#2167=DIRECTION('',(0.E0,0.E0,1.E0));
#2168=AXIS2_PLACEMENT_3D('',#2165,#2166,#2167);
#2170=CARTESIAN_POINT('',(-2.5E0,0.E0,0.E0));
#2171=DIRECTION('',(-1.E0,0.E0,0.E0));
#2172=DIRECTION('',(0.E0,0.E0,-1.E0));
#2173=AXIS2_PLACEMENT_3D('',#2170,#2171,#2172);
#2175=DIRECTION('',(-1.E0,0.E0,0.E0));
#2176=VECTOR('',#2175,3.E-1);
#2177=CARTESIAN_POINT('',(-2.2E0,0.E0,2.375E0));
#2178=LINE('',#2177,#2176);
#2179=DIRECTION('',(-1.E0,0.E0,0.E0));
#2180=VECTOR('',#2179,3.E-1);
#2181=CARTESIAN_POINT('',(-2.2E0,0.E0,-2.375E0));
#2182=LINE('',#2181,#2180);
#2183=CARTESIAN_POINT('',(2.5E0,0.E0,2.375E0));
#2184=CARTESIAN_POINT('',(2.5E0,0.E0,-2.375E0));
#2185=VERTEX_POINT('',#2183);
#2186=VERTEX_POINT('',#2184);
#2187=CARTESIAN_POINT('',(2.2E0,0.E0,2.375E0));
#2188=VERTEX_POINT('',#2187);
#2189=CARTESIAN_POINT('',(2.2E0,0.E0,-2.375E0));
#2190=VERTEX_POINT('',#2189);
#2191=CARTESIAN_POINT('',(2.5E0,0.E0,-1.65E0));
#2192=CARTESIAN_POINT('',(2.5E0,0.E0,1.65E0));
#2193=VERTEX_POINT('',#2191);
#2194=VERTEX_POINT('',#2192);
#2195=CARTESIAN_POINT('',(2.2E0,0.E0,2.5E0));
#2196=CARTESIAN_POINT('',(2.2E0,0.E0,-2.5E0));
#2197=VERTEX_POINT('',#2195);
#2198=VERTEX_POINT('',#2196);
#2199=CARTESIAN_POINT('',(6.244997998398E-1,0.E0,2.5E0));
#2200=VERTEX_POINT('',#2199);
#2201=CARTESIAN_POINT('',(6.244997998398E-1,0.E0,-2.5E0));
#2202=VERTEX_POINT('',#2201);
#2203=CARTESIAN_POINT('',(0.E0,0.E0,-2.2E0));
#2204=CARTESIAN_POINT('',(0.E0,0.E0,2.2E0));
#2205=VERTEX_POINT('',#2203);
#2206=VERTEX_POINT('',#2204);
#2207=CARTESIAN_POINT('',(-6.244997998398E-1,0.E0,-2.5E0));
#2208=VERTEX_POINT('',#2207);
#2209=CARTESIAN_POINT('',(-6.244997998398E-1,0.E0,2.5E0));
#2210=VERTEX_POINT('',#2209);
#2211=CARTESIAN_POINT('',(-2.2E0,0.E0,2.5E0));
#2212=VERTEX_POINT('',#2211);
#2213=CARTESIAN_POINT('',(-2.2E0,0.E0,-2.5E0));
#2214=VERTEX_POINT('',#2213);
#2215=CARTESIAN_POINT('',(-2.2E0,0.E0,2.375E0));
#2216=CARTESIAN_POINT('',(-2.2E0,0.E0,-2.375E0));
#2217=VERTEX_POINT('',#2215);
#2218=VERTEX_POINT('',#2216);
#2219=CARTESIAN_POINT('',(-2.5E0,0.E0,2.375E0));
#2220=VERTEX_POINT('',#2219);
#2221=CARTESIAN_POINT('',(-2.5E0,0.E0,-2.375E0));
#2222=VERTEX_POINT('',#2221);
#2223=CARTESIAN_POINT('',(-2.5E0,0.E0,1.65E0));
#2224=CARTESIAN_POINT('',(-2.5E0,0.E0,-1.65E0));
#2225=VERTEX_POINT('',#2223);
#2226=VERTEX_POINT('',#2224);
#2227=CARTESIAN_POINT('',(-2.35E0,0.E0,1.5E0));
#2228=VERTEX_POINT('',#2227);
#2229=CARTESIAN_POINT('',(-2.35E0,0.E0,-1.5E0));
#2230=VERTEX_POINT('',#2229);
#2231=CARTESIAN_POINT('',(2.35E0,0.E0,1.5E0));
#2232=CARTESIAN_POINT('',(2.35E0,0.E0,-1.5E0));
#2233=VERTEX_POINT('',#2231);
#2234=VERTEX_POINT('',#2232);
#2235=CARTESIAN_POINT('',(-2.2E0,2.375E0,0.E0));
#2236=DIRECTION('',(1.E0,0.E0,0.E0));
#2237=DIRECTION('',(0.E0,0.E0,-1.E0));
#2238=AXIS2_PLACEMENT_3D('',#2235,#2236,#2237);
#2239=PLANE('',#2238);
#2241=ORIENTED_EDGE('',*,*,#2240,.T.);
#2243=ORIENTED_EDGE('',*,*,#2242,.T.);
#2244=EDGE_LOOP('',(#2241,#2243));
#2245=FACE_OUTER_BOUND('',#2244,.F.);
#2247=ORIENTED_EDGE('',*,*,#2246,.T.);
#2249=ORIENTED_EDGE('',*,*,#2248,.T.);
#2250=EDGE_LOOP('',(#2247,#2249));
#2251=FACE_BOUND('',#2250,.F.);
#2252=ADVANCED_FACE('',(#2245,#2251),#2239,.F.);
#2253=CARTESIAN_POINT('',(0.E0,0.E0,0.E0));
#2254=DIRECTION('',(-1.E0,0.E0,0.E0));
#2255=DIRECTION('',(0.E0,0.E0,1.E0));
#2256=AXIS2_PLACEMENT_3D('',#2253,#2254,#2255);
#2257=CYLINDRICAL_SURFACE('',#2256,2.5E0);
#2259=ORIENTED_EDGE('',*,*,#2258,.F.);
#2261=ORIENTED_EDGE('',*,*,#2260,.T.);
#2262=ORIENTED_EDGE('',*,*,#2240,.F.);
#2264=ORIENTED_EDGE('',*,*,#2263,.F.);
#2265=EDGE_LOOP('',(#2259,#2261,#2262,#2264));
#2266=FACE_OUTER_BOUND('',#2265,.F.);
#2267=ADVANCED_FACE('',(#2266),#2257,.T.);
#2268=CARTESIAN_POINT('',(0.E0,0.E0,0.E0));
#2269=DIRECTION('',(-1.E0,0.E0,0.E0));
#2270=DIRECTION('',(0.E0,0.E0,1.E0));
#2271=AXIS2_PLACEMENT_3D('',#2268,#2269,#2270);
#2272=TOROIDAL_SURFACE('',#2271,3.E0,8.E-1);
#2274=ORIENTED_EDGE('',*,*,#2273,.F.);
#2275=ORIENTED_EDGE('',*,*,#2258,.T.);
#2277=ORIENTED_EDGE('',*,*,#2276,.T.);
#2279=ORIENTED_EDGE('',*,*,#2278,.F.);
#2280=EDGE_LOOP('',(#2274,#2275,#2277,#2279));
#2281=FACE_OUTER_BOUND('',#2280,.F.);
#2282=ADVANCED_FACE('',(#2281),#2272,.F.);
#2283=CARTESIAN_POINT('',(0.E0,0.E0,0.E0));
#2284=DIRECTION('',(-1.E0,0.E0,0.E0));
#2285=DIRECTION('',(0.E0,0.E0,1.E0));
#2286=AXIS2_PLACEMENT_3D('',#2283,#2284,#2285);
#2287=TOROIDAL_SURFACE('',#2286,3.E0,8.E-1);
#2288=ORIENTED_EDGE('',*,*,#2276,.F.);
#2290=ORIENTED_EDGE('',*,*,#2289,.T.);
#2291=ORIENTED_EDGE('',*,*,#2273,.T.);
#2293=ORIENTED_EDGE('',*,*,#2292,.F.);
#2294=EDGE_LOOP('',(#2288,#2290,#2291,#2293));
#2295=FACE_OUTER_BOUND('',#2294,.F.);
#2296=ADVANCED_FACE('',(#2295),#2287,.F.);
#2297=CARTESIAN_POINT('',(0.E0,0.E0,0.E0));
#2298=DIRECTION('',(-1.E0,0.E0,0.E0));
#2299=DIRECTION('',(0.E0,0.E0,1.E0));
#2300=AXIS2_PLACEMENT_3D('',#2297,#2298,#2299);
#2301=CYLINDRICAL_SURFACE('',#2300,2.5E0);
#2302=ORIENTED_EDGE('',*,*,#2263,.T.);
#2303=ORIENTED_EDGE('',*,*,#2242,.F.);
#2304=ORIENTED_EDGE('',*,*,#2260,.F.);
#2305=ORIENTED_EDGE('',*,*,#2289,.F.);
#2306=EDGE_LOOP('',(#2302,#2303,#2304,#2305));
#2307=FACE_OUTER_BOUND('',#2306,.F.);
#2308=ADVANCED_FACE('',(#2307),#2301,.T.);
#2309=CARTESIAN_POINT('',(0.E0,0.E0,0.E0));
#2310=DIRECTION('',(-1.E0,0.E0,0.E0));
#2311=DIRECTION('',(0.E0,0.E0,1.E0));
#2312=AXIS2_PLACEMENT_3D('',#2309,#2310,#2311);
#2313=TOROIDAL_SURFACE('',#2312,3.E0,8.E-1);
#2314=ORIENTED_EDGE('',*,*,#2292,.T.);
#2316=ORIENTED_EDGE('',*,*,#2315,.T.);
#2318=ORIENTED_EDGE('',*,*,#2317,.T.);
#2320=ORIENTED_EDGE('',*,*,#2319,.F.);
#2321=EDGE_LOOP('',(#2314,#2316,#2318,#2320));
#2322=FACE_OUTER_BOUND('',#2321,.F.);
#2323=ADVANCED_FACE('',(#2322),#2313,.F.);
#2324=CARTESIAN_POINT('',(0.E0,0.E0,0.E0));
#2325=DIRECTION('',(-1.E0,0.E0,0.E0));
#2326=DIRECTION('',(0.E0,0.E0,1.E0));
#2327=AXIS2_PLACEMENT_3D('',#2324,#2325,#2326);
#2328=TOROIDAL_SURFACE('',#2327,3.E0,8.E-1);
#2329=ORIENTED_EDGE('',*,*,#2278,.T.);
#2330=ORIENTED_EDGE('',*,*,#2319,.T.);
#2332=ORIENTED_EDGE('',*,*,#2331,.T.);
#2333=ORIENTED_EDGE('',*,*,#2315,.F.);
#2334=EDGE_LOOP('',(#2329,#2330,#2332,#2333));
#2335=FACE_OUTER_BOUND('',#2334,.F.);
#2336=ADVANCED_FACE('',(#2335),#2328,.F.);
#2337=CARTESIAN_POINT('',(0.E0,0.E0,0.E0));
#2338=DIRECTION('',(-1.E0,0.E0,0.E0));
#2339=DIRECTION('',(0.E0,0.E0,1.E0));
#2340=AXIS2_PLACEMENT_3D('',#2337,#2338,#2339);
#2341=CYLINDRICAL_SURFACE('',#2340,2.5E0);
#2343=ORIENTED_EDGE('',*,*,#2342,.F.);
#2345=ORIENTED_EDGE('',*,*,#2344,.T.);
#2346=ORIENTED_EDGE('',*,*,#2331,.F.);
#2348=ORIENTED_EDGE('',*,*,#2347,.F.);
#2349=EDGE_LOOP('',(#2343,#2345,#2346,#2348));
#2350=FACE_OUTER_BOUND('',#2349,.F.);
#2351=ADVANCED_FACE('',(#2350),#2341,.T.);
#2352=CARTESIAN_POINT('',(2.2E0,2.375E0,0.E0));
#2353=DIRECTION('',(-1.E0,0.E0,0.E0));
#2354=DIRECTION('',(0.E0,0.E0,1.E0));
#2355=AXIS2_PLACEMENT_3D('',#2352,#2353,#2354);
#2356=PLANE('',#2355);
#2357=ORIENTED_EDGE('',*,*,#2342,.T.);
#2359=ORIENTED_EDGE('',*,*,#2358,.T.);
#2360=EDGE_LOOP('',(#2357,#2359));
#2361=FACE_OUTER_BOUND('',#2360,.F.);
#2363=ORIENTED_EDGE('',*,*,#2362,.T.);
#2365=ORIENTED_EDGE('',*,*,#2364,.T.);
#2366=EDGE_LOOP('',(#2363,#2365));
#2367=FACE_BOUND('',#2366,.F.);
#2368=ADVANCED_FACE('',(#2361,#2367),#2356,.F.);
#2369=CARTESIAN_POINT('',(0.E0,0.E0,0.E0));
#2370=DIRECTION('',(-1.E0,0.E0,0.E0));
#2371=DIRECTION('',(0.E0,0.E0,1.E0));
#2372=AXIS2_PLACEMENT_3D('',#2369,#2370,#2371);
#2373=CYLINDRICAL_SURFACE('',#2372,2.5E0);
#2374=ORIENTED_EDGE('',*,*,#2347,.T.);
#2375=ORIENTED_EDGE('',*,*,#2317,.F.);
#2376=ORIENTED_EDGE('',*,*,#2344,.F.);
#2377=ORIENTED_EDGE('',*,*,#2358,.F.);
#2378=EDGE_LOOP('',(#2374,#2375,#2376,#2377));
#2379=FACE_OUTER_BOUND('',#2378,.F.);
#2380=ADVANCED_FACE('',(#2379),#2373,.T.);
#2381=CARTESIAN_POINT('',(0.E0,0.E0,0.E0));
#2382=DIRECTION('',(-1.E0,0.E0,0.E0));
#2383=DIRECTION('',(0.E0,0.E0,1.E0));
#2384=AXIS2_PLACEMENT_3D('',#2381,#2382,#2383);
#2385=CYLINDRICAL_SURFACE('',#2384,2.375E0);
#2387=ORIENTED_EDGE('',*,*,#2386,.F.);
#2389=ORIENTED_EDGE('',*,*,#2388,.T.);
#2390=ORIENTED_EDGE('',*,*,#2362,.F.);
#2392=ORIENTED_EDGE('',*,*,#2391,.F.);
#2393=EDGE_LOOP('',(#2387,#2389,#2390,#2392));
#2394=FACE_OUTER_BOUND('',#2393,.F.);
#2395=ADVANCED_FACE('',(#2394),#2385,.T.);
#2396=CARTESIAN_POINT('',(2.5E0,2.375E0,0.E0));
#2397=DIRECTION('',(-1.E0,0.E0,0.E0));
#2398=DIRECTION('',(0.E0,0.E0,1.E0));
#2399=AXIS2_PLACEMENT_3D('',#2396,#2397,#2398);
#2400=PLANE('',#2399);
#2401=ORIENTED_EDGE('',*,*,#2386,.T.);
#2403=ORIENTED_EDGE('',*,*,#2402,.T.);
#2404=EDGE_LOOP('',(#2401,#2403));
#2405=FACE_OUTER_BOUND('',#2404,.F.);
#2407=ORIENTED_EDGE('',*,*,#2406,.T.);
#2409=ORIENTED_EDGE('',*,*,#2408,.T.);
#2410=EDGE_LOOP('',(#2407,#2409));
#2411=FACE_BOUND('',#2410,.F.);
#2412=ADVANCED_FACE('',(#2405,#2411),#2400,.F.);
#2413=CARTESIAN_POINT('',(0.E0,0.E0,0.E0));
#2414=DIRECTION('',(-1.E0,0.E0,0.E0));
#2415=DIRECTION('',(0.E0,0.E0,1.E0));
#2416=AXIS2_PLACEMENT_3D('',#2413,#2414,#2415);
#2417=CYLINDRICAL_SURFACE('',#2416,2.375E0);
#2418=ORIENTED_EDGE('',*,*,#2391,.T.);
#2419=ORIENTED_EDGE('',*,*,#2364,.F.);
#2420=ORIENTED_EDGE('',*,*,#2388,.F.);
#2421=ORIENTED_EDGE('',*,*,#2402,.F.);
#2422=EDGE_LOOP('',(#2418,#2419,#2420,#2421));
#2423=FACE_OUTER_BOUND('',#2422,.F.);
#2424=ADVANCED_FACE('',(#2423),#2417,.T.);
#2425=CARTESIAN_POINT('',(2.35E0,0.E0,0.E0));
#2426=DIRECTION('',(-1.E0,0.E0,0.E0));
#2427=DIRECTION('',(0.E0,0.E0,1.E0));
#2428=AXIS2_PLACEMENT_3D('',#2425,#2426,#2427);
#2429=TOROIDAL_SURFACE('',#2428,1.65E0,1.5E-1);
#2431=ORIENTED_EDGE('',*,*,#2430,.T.);
#2433=ORIENTED_EDGE('',*,*,#2432,.T.);
#2434=ORIENTED_EDGE('',*,*,#2406,.F.);
#2436=ORIENTED_EDGE('',*,*,#2435,.F.);
#2437=EDGE_LOOP('',(#2431,#2433,#2434,#2436));
#2438=FACE_OUTER_BOUND('',#2437,.F.);
#2439=ADVANCED_FACE('',(#2438),#2429,.T.);
#2440=CARTESIAN_POINT('',(0.E0,0.E0,0.E0));
#2441=DIRECTION('',(-1.E0,0.E0,0.E0));
#2442=DIRECTION('',(0.E0,0.E0,1.E0));
#2443=AXIS2_PLACEMENT_3D('',#2440,#2441,#2442);
#2444=CYLINDRICAL_SURFACE('',#2443,1.5E0);
#2446=ORIENTED_EDGE('',*,*,#2445,.T.);
#2448=ORIENTED_EDGE('',*,*,#2447,.F.);
#2450=ORIENTED_EDGE('',*,*,#2449,.F.);
#2451=ORIENTED_EDGE('',*,*,#2430,.F.);
#2452=EDGE_LOOP('',(#2446,#2448,#2450,#2451));
#2453=FACE_OUTER_BOUND('',#2452,.F.);
#2454=ADVANCED_FACE('',(#2453),#2444,.F.);
#2455=CARTESIAN_POINT('',(0.E0,0.E0,0.E0));
#2456=DIRECTION('',(-1.E0,0.E0,0.E0));
#2457=DIRECTION('',(0.E0,0.E0,1.E0));
#2458=AXIS2_PLACEMENT_3D('',#2455,#2456,#2457);
#2459=CYLINDRICAL_SURFACE('',#2458,1.5E0);
#2461=ORIENTED_EDGE('',*,*,#2460,.F.);
#2462=ORIENTED_EDGE('',*,*,#2449,.T.);
#2464=ORIENTED_EDGE('',*,*,#2463,.F.);
#2465=ORIENTED_EDGE('',*,*,#2445,.F.);
#2466=EDGE_LOOP('',(#2461,#2462,#2464,#2465));
#2467=FACE_OUTER_BOUND('',#2466,.F.);
#2468=ADVANCED_FACE('',(#2467),#2459,.F.);
#2469=CARTESIAN_POINT('',(2.35E0,0.E0,0.E0));
#2470=DIRECTION('',(-1.E0,0.E0,0.E0));
#2471=DIRECTION('',(0.E0,0.E0,1.E0));
#2472=AXIS2_PLACEMENT_3D('',#2469,#2470,#2471);
#2473=TOROIDAL_SURFACE('',#2472,1.65E0,1.5E-1);
#2474=ORIENTED_EDGE('',*,*,#2435,.T.);
#2475=ORIENTED_EDGE('',*,*,#2408,.F.);
#2476=ORIENTED_EDGE('',*,*,#2432,.F.);
#2477=ORIENTED_EDGE('',*,*,#2460,.T.);
#2478=EDGE_LOOP('',(#2474,#2475,#2476,#2477));
#2479=FACE_OUTER_BOUND('',#2478,.F.);
#2480=ADVANCED_FACE('',(#2479),#2473,.T.);
#2481=CARTESIAN_POINT('',(-2.35E0,0.E0,0.E0));
#2482=DIRECTION('',(-1.E0,0.E0,0.E0));
#2483=DIRECTION('',(0.E0,0.E0,1.E0));
#2484=AXIS2_PLACEMENT_3D('',#2481,#2482,#2483);
#2485=TOROIDAL_SURFACE('',#2484,1.65E0,1.5E-1);
#2487=ORIENTED_EDGE('',*,*,#2486,.T.);
#2488=ORIENTED_EDGE('',*,*,#2463,.T.);
#2490=ORIENTED_EDGE('',*,*,#2489,.F.);
#2492=ORIENTED_EDGE('',*,*,#2491,.F.);
#2493=EDGE_LOOP('',(#2487,#2488,#2490,#2492));
#2494=FACE_OUTER_BOUND('',#2493,.F.);
#2495=ADVANCED_FACE('',(#2494),#2485,.T.);
#2496=CARTESIAN_POINT('',(-2.35E0,0.E0,0.E0));
#2497=DIRECTION('',(-1.E0,0.E0,0.E0));
#2498=DIRECTION('',(0.E0,0.E0,1.E0));
#2499=AXIS2_PLACEMENT_3D('',#2496,#2497,#2498);
#2500=TOROIDAL_SURFACE('',#2499,1.65E0,1.5E-1);
#2502=ORIENTED_EDGE('',*,*,#2501,.F.);
#2503=ORIENTED_EDGE('',*,*,#2489,.T.);
#2504=ORIENTED_EDGE('',*,*,#2447,.T.);
#2505=ORIENTED_EDGE('',*,*,#2486,.F.);
#2506=EDGE_LOOP('',(#2502,#2503,#2504,#2505));
#2507=FACE_OUTER_BOUND('',#2506,.F.);
#2508=ADVANCED_FACE('',(#2507),#2500,.T.);
#2509=CARTESIAN_POINT('',(-2.5E0,2.375E0,0.E0));
#2510=DIRECTION('',(1.E0,0.E0,0.E0));
#2511=DIRECTION('',(0.E0,0.E0,-1.E0));
#2512=AXIS2_PLACEMENT_3D('',#2509,#2510,#2511);
#2513=PLANE('',#2512);
#2515=ORIENTED_EDGE('',*,*,#2514,.T.);
#2517=ORIENTED_EDGE('',*,*,#2516,.T.);
#2518=EDGE_LOOP('',(#2515,#2517));
#2519=FACE_OUTER_BOUND('',#2518,.F.);
#2520=ORIENTED_EDGE('',*,*,#2501,.T.);
#2521=ORIENTED_EDGE('',*,*,#2491,.T.);
#2522=EDGE_LOOP('',(#2520,#2521));
#2523=FACE_BOUND('',#2522,.F.);
#2524=ADVANCED_FACE('',(#2519,#2523),#2513,.F.);
#2525=CARTESIAN_POINT('',(0.E0,0.E0,0.E0));
#2526=DIRECTION('',(-1.E0,0.E0,0.E0));
#2527=DIRECTION('',(0.E0,0.E0,1.E0));
#2528=AXIS2_PLACEMENT_3D('',#2525,#2526,#2527);
#2529=CYLINDRICAL_SURFACE('',#2528,2.375E0);
#2530=ORIENTED_EDGE('',*,*,#2246,.F.);
#2532=ORIENTED_EDGE('',*,*,#2531,.T.);
#2533=ORIENTED_EDGE('',*,*,#2514,.F.);
#2535=ORIENTED_EDGE('',*,*,#2534,.F.);
#2536=EDGE_LOOP('',(#2530,#2532,#2533,#2535));
#2537=FACE_OUTER_BOUND('',#2536,.F.);
#2538=ADVANCED_FACE('',(#2537),#2529,.T.);
#2539=CARTESIAN_POINT('',(0.E0,0.E0,0.E0));
#2540=DIRECTION('',(-1.E0,0.E0,0.E0));
#2541=DIRECTION('',(0.E0,0.E0,1.E0));
#2542=AXIS2_PLACEMENT_3D('',#2539,#2540,#2541);
#2543=CYLINDRICAL_SURFACE('',#2542,2.375E0);
#2544=ORIENTED_EDGE('',*,*,#2534,.T.);
#2545=ORIENTED_EDGE('',*,*,#2516,.F.);
#2546=ORIENTED_EDGE('',*,*,#2531,.F.);
#2547=ORIENTED_EDGE('',*,*,#2248,.F.);
#2548=EDGE_LOOP('',(#2544,#2545,#2546,#2547));
#2549=FACE_OUTER_BOUND('',#2548,.F.);
#2550=ADVANCED_FACE('',(#2549),#2543,.T.);
#2551=CLOSED_SHELL('',(#2252,#2267,#2282,#2296,#2308,#2323,#2336,#2351,#2368,
#2380,#2395,#2412,#2424,#2439,#2454,#2468,#2480,#2495,#2508,#2524,#2538,#2550));
#2552=MANIFOLD_SOLID_BREP('',#2551);
#2554=DIMENSIONAL_EXPONENTS(0.E0,0.E0,0.E0,0.E0,0.E0,0.E0,0.E0);
#2556=PLANE_ANGLE_MEASURE_WITH_UNIT(PLANE_ANGLE_MEASURE(1.745329251994E-2),
#2555);
#2557=(CONVERSION_BASED_UNIT('DEGREE',#2556)NAMED_UNIT(*)PLANE_ANGLE_UNIT());
#2559=UNCERTAINTY_MEASURE_WITH_UNIT(LENGTH_MEASURE(5.E-3),#2553,'closure',
'Maximum model space distance between geometric entities at asserted connectivities');
#2560=(GEOMETRIC_REPRESENTATION_CONTEXT(3)GLOBAL_UNCERTAINTY_ASSIGNED_CONTEXT((
#2559))GLOBAL_UNIT_ASSIGNED_CONTEXT((#2553,#2557,#2558))REPRESENTATION_CONTEXT(
'ID1','3'));
#2562=APPLICATION_CONTEXT(
'CONFIGURATION CONTROLLED 3D DESIGNS OF MECHANICAL PARTS AND ASSEMBLIES');
#2563=APPLICATION_PROTOCOL_DEFINITION('international standard',
'config_control_design',1994,#2562);
#2564=DESIGN_CONTEXT('',#2562,'design');
#2565=MECHANICAL_CONTEXT('',#2562,'mechanical');
#2566=PRODUCT('603ZZ-EA007','603ZZ-EA007','NOT SPECIFIED',(#2565));
#2567=PRODUCT_DEFINITION_FORMATION_WITH_SPECIFIED_SOURCE('1','LAST_VERSION',
#2566,.MADE.);
#2571=PRODUCT_CATEGORY('part','');
#2572=PRODUCT_RELATED_PRODUCT_CATEGORY('detail','',(#2566));
#2573=PRODUCT_CATEGORY_RELATIONSHIP('','',#2571,#2572);
#2574=SECURITY_CLASSIFICATION_LEVEL('unclassified');
#2575=SECURITY_CLASSIFICATION('','',#2574);
#2576=CC_DESIGN_SECURITY_CLASSIFICATION(#2575,(#2567));
#2577=APPROVAL_STATUS('approved');
#2578=APPROVAL(#2577,'');
#2579=CC_DESIGN_APPROVAL(#2578,(#2575,#2567,#2568));
#2580=CALENDAR_DATE(125,19,12);
#2581=COORDINATED_UNIVERSAL_TIME_OFFSET(8,0,.AHEAD.);
#2582=LOCAL_TIME(16,3,2.9E1,#2581);
#2583=DATE_AND_TIME(#2580,#2582);
#2584=APPROVAL_DATE_TIME(#2583,#2578);
#2585=DATE_TIME_ROLE('creation_date');
#2586=CC_DESIGN_DATE_AND_TIME_ASSIGNMENT(#2583,#2585,(#2568));
#2587=DATE_TIME_ROLE('classification_date');
#2588=CC_DESIGN_DATE_AND_TIME_ASSIGNMENT(#2583,#2587,(#2575));
#2589=PERSON('UNSPECIFIED','UNSPECIFIED',$,$,$,$);
#2590=ORGANIZATION('UNSPECIFIED','UNSPECIFIED','UNSPECIFIED');
#2591=PERSON_AND_ORGANIZATION(#2589,#2590);
#2592=APPROVAL_ROLE('approver');
#2593=APPROVAL_PERSON_ORGANIZATION(#2591,#2578,#2592);
#2594=PERSON_AND_ORGANIZATION_ROLE('creator');
#2595=CC_DESIGN_PERSON_AND_ORGANIZATION_ASSIGNMENT(#2591,#2594,(#2567,#2568));
#2596=PERSON_AND_ORGANIZATION_ROLE('design_supplier');
#2597=CC_DESIGN_PERSON_AND_ORGANIZATION_ASSIGNMENT(#2591,#2596,(#2567));
#2598=PERSON_AND_ORGANIZATION_ROLE('classification_officer');
#2599=CC_DESIGN_PERSON_AND_ORGANIZATION_ASSIGNMENT(#2591,#2598,(#2575));
#2600=PERSON_AND_ORGANIZATION_ROLE('design_owner');
#2601=CC_DESIGN_PERSON_AND_ORGANIZATION_ASSIGNMENT(#2591,#2600,(#2566));
#1=DRAUGHTING_PRE_DEFINED_COLOUR('black');
#2=COLOUR_RGB('',0.E0,0.E0,4.7E-1);
#3=COLOUR_RGB('',0.E0,0.E0,6.E-1);
#4=COLOUR_RGB('',0.E0,0.E0,8.E-1);
#5=COLOUR_RGB('',0.E0,2.745098039216E-2,7.019607843137E-1);
#6=COLOUR_RGB('',0.E0,3.137254901961E-2,3.411764705882E-1);
#7=COLOUR_RGB('',0.E0,2.E-1,1.E0);
#8=COLOUR_RGB('',0.E0,3.3E-1,0.E0);
#9=COLOUR_RGB('',0.E0,3.3E-1,3.3E-1);
#10=COLOUR_RGB('',0.E0,4.E-1,0.E0);
#11=COLOUR_RGB('',0.E0,4.E-1,4.E-1);
#12=COLOUR_RGB('',0.E0,4.E-1,1.E0);
#13=COLOUR_RGB('',0.E0,5.019607843137E-1,5.019607843137E-1);
#14=COLOUR_RGB('',0.E0,6.E-1,0.E0);
#15=COLOUR_RGB('',0.E0,6.E-1,6.E-1);
#16=COLOUR_RGB('',0.E0,6.E-1,1.E0);
#17=COLOUR_RGB('',0.E0,8.E-1,0.E0);
#18=COLOUR_RGB('',0.E0,8.E-1,8.E-1);
#19=COLOUR_RGB('',0.E0,8.E-1,1.E0);
#20=COLOUR_RGB('',0.E0,9.3E-1,0.E0);
#21=COLOUR_RGB('',0.E0,9.3E-1,9.3E-1);
#22=DRAUGHTING_PRE_DEFINED_COLOUR('green');
#23=COLOUR_RGB('',0.E0,1.E0,2.E-1);
#24=COLOUR_RGB('',0.E0,1.E0,4.E-1);
#25=COLOUR_RGB('',0.E0,1.E0,6.E-1);
#26=COLOUR_RGB('',0.E0,1.E0,8.E-1);
#27=DRAUGHTING_PRE_DEFINED_COLOUR('cyan');
#28=COLOUR_RGB('',3.1E-2,2.E-1,6.27E-1);
#29=COLOUR_RGB('',3.529411764706E-2,5.137254901961E-1,1.725490196078E-1);
#30=COLOUR_RGB('',6.6667E-2,5.17647E-1,6.39216E-1);
#31=COLOUR_RGB('',7.E-2,7.E-2,1.E0);
#32=COLOUR_RGB('',7.E-2,6.E-1,3.E-1);
#33=COLOUR_RGB('',8.E-2,1.E-1,1.1E-1);
#34=COLOUR_RGB('',8.627450980392E-2,6.274509803922E-1,9.058823529412E-1);
#35=COLOUR_RGB('',9.803921568627E-2,9.803921568627E-2,4.392156862745E-1);
#36=COLOUR_RGB('',1.019607843137E-1,6.313725490196E-1,5.019607843137E-1);
#37=COLOUR_RGB('',1.176470588235E-1,5.647058823529E-1,1.E0);
#38=COLOUR_RGB('',1.254901960784E-1,6.980392156863E-1,6.666666666667E-1);
#39=COLOUR_RGB('',1.333333333333E-1,5.450980392157E-1,1.333333333333E-1);
#40=COLOUR_RGB('',1.450980392157E-1,3.529411764706E-2,0.E0);
#41=COLOUR_RGB('',1.686274509804E-1,1.686274509804E-1,1.803921568627E-1);
#42=COLOUR_RGB('',1.803921568627E-1,5.450980392157E-1,3.411764705882E-1);
#43=COLOUR_RGB('',1.9E-1,2.3E-1,3.1E-1);
#44=COLOUR_RGB('',1.960784313725E-1,8.039215686275E-1,1.960784313725E-1);
#45=COLOUR_RGB('',2.E-1,1.E0,0.E0);
#46=COLOUR_RGB('',2.E-1,1.E0,2.E-1);
#47=COLOUR_RGB('',2.E-1,1.E0,1.E0);
#48=COLOUR_RGB('',2.313725490196E-1,3.803921568627E-1,5.607843137255E-1);
#49=COLOUR_RGB('',2.352941176471E-1,7.019607843137E-1,4.431372549020E-1);
#50=COLOUR_RGB('',2.431372549020E-1,8.784313725490E-1,8.156862745098E-1);
#51=COLOUR_RGB('',2.470588235294E-1,5.921568627451E-1,6.313725490196E-1);
#52=COLOUR_RGB('',2.5098E-1,2.35294E-1,8.62745E-1);
#53=COLOUR_RGB('',2.549019607843E-1,4.117647058824E-1,1.E0);
#54=COLOUR_RGB('',2.58824E-1,7.80392E-1,8.86275E-1);
#55=COLOUR_RGB('',2.7E-1,0.E0,4.E-1);
#56=COLOUR_RGB('',2.7E-1,2.7E-1,0.E0);
#57=COLOUR_RGB('',2.7E-1,2.7E-1,1.E0);
#58=COLOUR_RGB('',2.745098039216E-1,5.098039215686E-1,7.058823529412E-1);
#59=COLOUR_RGB('',2.784313725490E-1,2.784313725490E-1,2.784313725490E-1);
#60=COLOUR_RGB('',2.823529411765E-1,2.392156862745E-1,5.450980392157E-1);
#61=COLOUR_RGB('',3.13725E-1,4.70588E-1,1.96078E-1);
#62=COLOUR_RGB('',3.2549E-1,4.98039E-1,9.84314E-1);
#63=COLOUR_RGB('',3.254901960784E-1,5.764705882353E-1,8.117647058824E-1);
#64=COLOUR_RGB('',3.3E-1,0.E0,0.E0);
#65=COLOUR_RGB('',3.3E-1,0.E0,3.3E-1);
#66=COLOUR_RGB('',3.3E-1,0.E0,5.3E-1);
#67=COLOUR_RGB('',3.450980392157E-1,3.647058823529E-1,3.725490196078E-1);
#68=COLOUR_RGB('',3.725490196078E-1,6.196078431373E-1,6.274509803922E-1);
#69=COLOUR_RGB('',3.803921568627E-1,4.392156862745E-1,5.960784313725E-1);
#70=COLOUR_RGB('',3.882352941176E-1,4.392156862745E-1,4.901960784314E-1);
#71=COLOUR_RGB('',3.921568627451E-1,5.843137254902E-1,9.294117647059E-1);
#72=COLOUR_RGB('',3.96078E-1,7.13725E-1,1.E0);
#73=COLOUR_RGB('',4.E-1,0.E0,4.E-1);
#74=COLOUR_RGB('',4.E-1,0.E0,6.7E-1);
#75=COLOUR_RGB('',4.E-1,1.3E-1,0.E0);
#76=COLOUR_RGB('',4.E-1,4.E-1,0.E0);
#77=COLOUR_RGB('',4.E-1,4.E-1,1.E0);
#78=COLOUR_RGB('',4.E-1,8.039215686275E-1,6.666666666667E-1);
#79=COLOUR_RGB('',4.E-1,1.E0,0.E0);
#80=COLOUR_RGB('',4.E-1,1.E0,4.E-1);
#81=COLOUR_RGB('',4.E-1,1.E0,1.E0);
#82=COLOUR_RGB('',4.156862745098E-1,3.529411764706E-1,8.039215686275E-1);
#83=COLOUR_RGB('',4.196078431373E-1,5.568627450980E-1,1.372549019608E-1);
#84=COLOUR_RGB('',4.666666666667E-1,5.333333333333E-1,6.E-1);
#85=COLOUR_RGB('',4.7E-1,0.E0,0.E0);
#86=COLOUR_RGB('',4.7E-1,0.E0,8.E-1);
#87=COLOUR_RGB('',4.7E-1,2.E-1,7.E-2);
#88=COLOUR_RGB('',4.823529411765E-1,4.078431372549E-1,9.333333333333E-1);
#89=COLOUR_RGB('',4.980392156863E-1,1.E0,8.313725490196E-1);
#90=COLOUR_RGB('',5.019607843137E-1,0.E0,5.019607843137E-1);
#91=COLOUR_RGB('',5.019607843137E-1,5.019607843137E-1,0.E0);
#92=COLOUR_RGB('',5.01961E-1,5.01961E-1,5.01961E-1);
#93=COLOUR_RGB('',5.098039215686E-1,3.960784313725E-1,1.058823529412E-1);
#94=COLOUR_RGB('',5.3E-1,0.E0,9.3E-1);
#95=COLOUR_RGB('',5.3E-1,2.7E-1,1.3E-1);
#96=COLOUR_RGB('',5.3E-1,5.3E-1,1.E0);
#97=COLOUR_RGB('',5.294117647059E-1,8.078431372549E-1,9.215686274510E-1);
#98=COLOUR_RGB('',5.411764705882E-1,1.686274509804E-1,8.862745098039E-1);
#99=COLOUR_RGB('',5.5E-1,6.5E-1,7.3E-1);
#100=COLOUR_RGB('',5.607843137255E-1,7.372549019608E-1,5.607843137255E-1);
#101=COLOUR_RGB('',5.68627E-1,9.37255E-1,9.37255E-1);
#102=COLOUR_RGB('',5.725490196078E-1,6.117647058824E-1,6.313725490196E-1);
#103=COLOUR_RGB('',5.764705882353E-1,4.392156862745E-1,8.588235294118E-1);
#104=COLOUR_RGB('',5.803921568627E-1,0.E0,8.274509803922E-1);
#105=COLOUR_RGB('',5.88235E-1,2.35294E-1,1.56863E-1);
#106=COLOUR_RGB('',6.E-1,0.E0,6.E-1);
#107=COLOUR_RGB('',6.E-1,1.960784313725E-1,8.E-1);
#108=COLOUR_RGB('',6.E-1,2.E-1,1.E0);
#109=COLOUR_RGB('',6.E-1,3.3E-1,2.E-1);
#110=COLOUR_RGB('',6.E-1,6.E-1,0.E0);
#111=COLOUR_RGB('',6.E-1,1.E0,6.E-1);
#112=COLOUR_RGB('',6.E-1,1.E0,1.E0);
#113=COLOUR_RGB('',6.27451E-1,4.70588E-1,3.52941E-1);
#114=COLOUR_RGB('',6.627450980392E-1,6.627450980392E-1,6.627450980392E-1);
#115=COLOUR_RGB('',6.66667E-1,8.23529E-1,1.96078E-1);
#116=COLOUR_RGB('',6.66667E-1,8.23529E-1,5.88235E-1);
#117=COLOUR_RGB('',6.7E-1,0.E0,0.E0);
#118=COLOUR_RGB('',6.7E-1,4.E-1,2.7E-1);
#119=COLOUR_RGB('',6.7E-1,4.E-1,1.E0);
#120=COLOUR_RGB('',6.7E-1,6.7E-1,1.E0);
#121=COLOUR_RGB('',6.7E-1,1.E0,0.E0);
#122=COLOUR_RGB('',6.784313725490E-1,8.117647058824E-1,1.E0);
#123=COLOUR_RGB('',6.784313725490E-1,8.470588235294E-1,9.019607843137E-1);
#124=COLOUR_RGB('',6.784313725490E-1,1.E0,1.843137254902E-1);
#125=COLOUR_RGB('',6.862745098039E-1,6.823529411765E-1,7.607843137255E-1);
#126=COLOUR_RGB('',6.980392156863E-1,1.333333333333E-1,1.333333333333E-1);
#127=COLOUR_RGB('',7.17647E-1,1.68627E-1,4.43137E-1);
#128=COLOUR_RGB('',7.215686274510E-1,5.254901960784E-1,4.313725490196E-2);
#129=COLOUR_RGB('',7.294117647059E-1,2.705882352941E-1,1.E0);
#130=COLOUR_RGB('',7.294117647059E-1,3.333333333333E-1,8.274509803922E-1);
#131=COLOUR_RGB('',7.294117647059E-1,4.E-1,0.E0);
#132=COLOUR_RGB('',7.3E-1,4.7E-1,3.3E-1);
#133=COLOUR_RGB('',7.372549019608E-1,5.607843137255E-1,5.607843137255E-1);
#134=COLOUR_RGB('',7.411764705882E-1,7.176470588235E-1,4.196078431373E-1);
#135=COLOUR_RGB('',7.803921568627E-1,8.235294117647E-2,5.215686274510E-1);
#136=COLOUR_RGB('',8.E-1,0.E0,8.E-1);
#137=COLOUR_RGB('',8.E-1,5.3E-1,4.E-1);
#138=COLOUR_RGB('',8.E-1,6.E-1,1.E0);
#139=COLOUR_RGB('',8.E-1,8.E-1,0.E0);
#140=COLOUR_RGB('',8.E-1,8.E-1,1.E0);
#141=COLOUR_RGB('',8.E-1,1.E0,8.E-1);
#142=COLOUR_RGB('',8.E-1,1.E0,1.E0);
#143=COLOUR_RGB('',8.039215686275E-1,3.607843137255E-1,3.607843137255E-1);
#144=COLOUR_RGB('',8.03922E-1,5.88235E-1,1.96078E-1);
#145=COLOUR_RGB('',8.196078431373E-1,7.098039215686E-1,5.490196078431E-2);
#146=COLOUR_RGB('',8.235294117647E-1,4.117647058824E-1,1.176470588235E-1);
#147=COLOUR_RGB('',8.235294117647E-1,7.058823529412E-1,5.490196078431E-1);
#148=COLOUR_RGB('',8.274509803922E-1,8.274509803922E-1,8.274509803922E-1);
#149=COLOUR_RGB('',8.392156862745E-1,8.E-1,7.137254901961E-1);
#150=COLOUR_RGB('',8.431372549020E-1,8.980392156863E-1,9.333333333333E-1);
#151=COLOUR_RGB('',8.549019607843E-1,6.470588235294E-1,1.254901960784E-1);
#152=COLOUR_RGB('',8.588235294118E-1,4.392156862745E-1,5.764705882353E-1);
#153=COLOUR_RGB('',8.627450980392E-1,7.843137254902E-2,2.352941176471E-1);
#154=COLOUR_RGB('',8.666666666667E-1,6.274509803922E-1,8.666666666667E-1);
#155=COLOUR_RGB('',8.7E-1,0.E0,0.E0);
#156=COLOUR_RGB('',8.7E-1,6.E-1,4.7E-1);
#157=COLOUR_RGB('',8.98039E-1,6.07843E-1,1.E0);
#158=COLOUR_RGB('',9.E-1,8.3E-1,1.2E-1);
#159=COLOUR_RGB('',9.09804E-1,3.68627E-1,8.19608E-1);
#160=COLOUR_RGB('',9.3E-1,0.E0,9.3E-1);
#161=COLOUR_RGB('',9.3E-1,6.7E-1,5.3E-1);
#162=COLOUR_RGB('',9.3E-1,8.E-1,1.E0);
#163=COLOUR_RGB('',9.3E-1,9.3E-1,0.E0);
#164=COLOUR_RGB('',9.3E-1,1.E0,9.3E-1);
#165=COLOUR_RGB('',9.3E-1,1.E0,1.E0);
#166=COLOUR_RGB('',9.333333333333E-1,5.098039215686E-1,9.333333333333E-1);
#167=COLOUR_RGB('',9.333333333333E-1,9.098039215686E-1,6.666666666667E-1);
#168=COLOUR_RGB('',9.411764705882E-1,9.019607843137E-1,5.490196078431E-1);
#169=COLOUR_RGB('',9.568627450980E-1,6.431372549020E-1,3.764705882353E-1);
#170=DRAUGHTING_PRE_DEFINED_COLOUR('red');
#171=COLOUR_RGB('',1.E0,0.E0,2.705882352941E-1);
#172=COLOUR_RGB('',1.E0,0.E0,4.705882352941E-1);
#173=COLOUR_RGB('',1.E0,0.E0,7.803921568627E-1);
#174=DRAUGHTING_PRE_DEFINED_COLOUR('magenta');
#175=COLOUR_RGB('',1.E0,3.1E-2,3.1E-2);
#176=COLOUR_RGB('',1.E0,7.E-2,7.E-2);
#177=COLOUR_RGB('',1.E0,7.843137254902E-2,5.764705882353E-1);
#178=COLOUR_RGB('',1.E0,2.E-1,1.E0);
#179=COLOUR_RGB('',1.E0,2.7E-1,0.E0);
#180=COLOUR_RGB('',1.E0,2.7E-1,2.7E-1);
#181=COLOUR_RGB('',1.E0,3.882352941176E-1,2.784313725490E-1);
#182=COLOUR_RGB('',1.E0,4.E-1,1.E0);
#183=COLOUR_RGB('',1.E0,4.117647058824E-1,7.058823529412E-1);
#184=COLOUR_RGB('',1.E0,4.7E-1,0.E0);
#185=COLOUR_RGB('',1.E0,4.7E-1,4.7E-1);
#186=COLOUR_RGB('',1.E0,4.980392156863E-1,3.137254901961E-1);
#187=COLOUR_RGB('',1.E0,6.E-1,1.E0);
#188=COLOUR_RGB('',1.E0,6.7E-1,0.E0);
#189=COLOUR_RGB('',1.E0,6.7E-1,6.7E-1);
#190=COLOUR_RGB('',1.E0,7.3E-1,6.E-1);
#191=COLOUR_RGB('',1.E0,7.686274509804E-1,5.882352941176E-2);
#192=COLOUR_RGB('',1.E0,8.E-1,8.E-1);
#193=COLOUR_RGB('',1.E0,8.E-1,1.E0);
#194=COLOUR_RGB('',1.E0,8.7E-1,0.E0);
#195=COLOUR_RGB('',1.E0,9.215686274510E-1,8.039215686275E-1);
#196=COLOUR_RGB('',1.E0,9.3E-1,9.3E-1);
#197=COLOUR_RGB('',1.E0,9.3E-1,1.E0);
#198=DRAUGHTING_PRE_DEFINED_COLOUR('yellow');
#199=COLOUR_RGB('',1.E0,1.E0,1.3E-1);
#200=COLOUR_RGB('',1.E0,1.E0,3.3E-1);
#201=COLOUR_RGB('',1.E0,1.E0,5.3E-1);
#202=COLOUR_RGB('',1.E0,1.E0,7.3E-1);
#203=COLOUR_RGB('',1.E0,1.E0,9.3E-1);
#204=DRAUGHTING_PRE_DEFINED_COLOUR('white');
#209=CIRCLE('',#208,1.5E-1);
#214=CIRCLE('',#213,4.5E0);
#219=CIRCLE('',#218,1.5E-1);
#224=CIRCLE('',#223,4.5E0);
#229=CIRCLE('',#228,4.35E0);
#234=CIRCLE('',#233,4.35E0);
#239=CIRCLE('',#238,3.6E0);
#244=CIRCLE('',#243,3.6E0);
#249=CIRCLE('',#248,3.6E0);
#258=CIRCLE('',#257,3.6E0);
#279=CIRCLE('',#278,3.561149978740E0);
#284=CIRCLE('',#283,3.561149978740E0);
#293=CIRCLE('',#292,2.5E-2);
#298=CIRCLE('',#297,2.5E-2);
#303=CIRCLE('',#302,3.644425010630E0);
#308=CIRCLE('',#307,3.625E0);
#313=CIRCLE('',#312,3.625E0);
#318=CIRCLE('',#317,3.5625E0);
#323=CIRCLE('',#322,3.5625E0);
#328=CIRCLE('',#327,2.5E-2);
#333=CIRCLE('',#332,3.644425010630E0);
#338=CIRCLE('',#337,2.5E-2);
#343=CIRCLE('',#342,3.486992352441E0);
#348=CIRCLE('',#347,1.128723892158E-1);
#361=CIRCLE('',#360,3.340493981860E0);
#366=CIRCLE('',#365,2.5E-1);
#371=CIRCLE('',#370,2.5E-1);
#376=CIRCLE('',#375,3.340493981860E0);
#381=CIRCLE('',#380,3.173252798954E0);
#386=CIRCLE('',#385,3.173252798954E0);
#391=CIRCLE('',#390,2.4E0);
#396=CIRCLE('',#395,2.4E0);
#405=CIRCLE('',#404,3.173252798954E0);
#410=CIRCLE('',#409,3.173252798954E0);
#415=CIRCLE('',#414,2.4E0);
#420=CIRCLE('',#419,2.4E0);
#425=CIRCLE('',#424,3.307045745278E0);
#430=CIRCLE('',#429,2.E-1);
#443=CIRCLE('',#442,3.5625E0);
#448=CIRCLE('',#447,3.453544115860E0);
#453=CIRCLE('',#452,1.628723892158E-1);
#458=CIRCLE('',#457,3.5E0);
#463=CIRCLE('',#462,3.5E0);
#468=CIRCLE('',#467,3.5625E0);
#473=CIRCLE('',#472,3.453544115860E0);
#478=CIRCLE('',#477,1.628723892158E-1);
#491=CIRCLE('',#490,3.5E0);
#496=CIRCLE('',#495,8.E-1);
#501=CIRCLE('',#500,3.5E0);
#506=CIRCLE('',#505,8.E-1);
#511=CIRCLE('',#510,3.5E0);
#516=CIRCLE('',#515,3.5E0);
#529=CIRCLE('',#528,3.5E0);
#534=CIRCLE('',#533,3.5E0);
#539=CIRCLE('',#538,3.5625E0);
#544=CIRCLE('',#543,3.453544115860E0);
#549=CIRCLE('',#548,1.628723892158E-1);
#554=CIRCLE('',#553,3.5625E0);
#559=CIRCLE('',#558,3.453544115860E0);
#564=CIRCLE('',#563,1.628723892158E-1);
#573=CIRCLE('',#572,3.307045745278E0);
#578=CIRCLE('',#577,2.E-1);
#583=CIRCLE('',#582,2.E-1);
#588=CIRCLE('',#587,3.307045745278E0);
#593=CIRCLE('',#592,3.173252798954E0);
#598=CIRCLE('',#597,3.173252798954E0);
#603=CIRCLE('',#602,2.4E0);
#608=CIRCLE('',#607,2.4E0);
#621=CIRCLE('',#620,3.173252798954E0);
#626=CIRCLE('',#625,3.173252798954E0);
#631=CIRCLE('',#630,2.4E0);
#636=CIRCLE('',#635,2.4E0);
#641=CIRCLE('',#640,3.340493981860E0);
#646=CIRCLE('',#645,2.5E-1);
#659=CIRCLE('',#658,3.486992352441E0);
#664=CIRCLE('',#663,1.128723892158E-1);
#669=CIRCLE('',#668,1.128723892158E-1);
#674=CIRCLE('',#673,3.486992352441E0);
#679=CIRCLE('',#678,3.625E0);
#684=CIRCLE('',#683,3.625E0);
#689=CIRCLE('',#688,3.5625E0);
#694=CIRCLE('',#693,3.5625E0);
#699=CIRCLE('',#698,2.5E-2);
#704=CIRCLE('',#703,3.644425010630E0);
#709=CIRCLE('',#708,2.5E-2);
#714=CIRCLE('',#713,2.5E-2);
#719=CIRCLE('',#718,2.5E-2);
#724=CIRCLE('',#723,3.644425010630E0);
#733=CIRCLE('',#732,3.6E0);
#738=CIRCLE('',#737,3.561149978740E0);
#755=CIRCLE('',#754,3.6E0);
#760=CIRCLE('',#759,3.561149978740E0);
#773=CIRCLE('',#772,4.35E0);
#778=CIRCLE('',#777,4.35E0);
#783=CIRCLE('',#782,3.6E0);
#788=CIRCLE('',#787,3.6E0);
#793=CIRCLE('',#792,4.5E0);
#798=CIRCLE('',#797,1.5E-1);
#811=CIRCLE('',#810,1.5E-1);
#816=CIRCLE('',#815,4.5E0);
#821=CIRCLE('',#820,2.5E-1);
#826=CIRCLE('',#825,3.340493981860E0);
#835=CIRCLE('',#834,2.E-1);
#840=CIRCLE('',#839,3.307045745278E0);
#849=CIRCLE('',#848,1.128723892158E-1);
#854=CIRCLE('',#853,3.486992352441E0);
#1020=EDGE_CURVE('',#962,#970,#209,.T.);
#1022=EDGE_CURVE('',#970,#968,#214,.T.);
#1024=EDGE_CURVE('',#961,#968,#219,.T.);
#1026=EDGE_CURVE('',#962,#961,#234,.T.);
#1036=EDGE_CURVE('',#961,#962,#229,.T.);
#1039=EDGE_CURVE('',#968,#970,#224,.T.);
#1054=EDGE_CURVE('',#965,#966,#239,.T.);
#1056=EDGE_CURVE('',#966,#965,#244,.T.);
#1066=EDGE_CURVE('',#1009,#1010,#249,.T.);
#1068=EDGE_CURVE('',#966,#1009,#270,.T.);
#1071=EDGE_CURVE('',#1010,#965,#266,.T.);
#1082=EDGE_CURVE('',#942,#1010,#262,.T.);
#1084=EDGE_CURVE('',#940,#942,#284,.T.);
#1086=EDGE_CURVE('',#940,#1009,#253,.T.);
#1096=EDGE_CURVE('',#1010,#1009,#258,.T.);
#1099=EDGE_CURVE('',#942,#940,#279,.T.);
#1122=EDGE_CURVE('',#940,#934,#274,.T.);
#1124=EDGE_CURVE('',#936,#934,#333,.T.);
#1126=EDGE_CURVE('',#942,#936,#288,.T.);
#1139=EDGE_CURVE('',#934,#936,#303,.T.);
#1150=EDGE_CURVE('',#929,#930,#308,.T.);
#1152=EDGE_CURVE('',#929,#932,#293,.T.);
#1154=EDGE_CURVE('',#932,#934,#298,.T.);
#1157=EDGE_CURVE('',#938,#936,#328,.T.);
#1159=EDGE_CURVE('',#930,#938,#338,.T.);
#1170=EDGE_CURVE('',#930,#929,#313,.T.);
#1174=EDGE_CURVE('',#926,#924,#318,.T.);
#1176=EDGE_CURVE('',#924,#926,#323,.T.);
#1200=EDGE_CURVE('',#920,#922,#343,.T.);
#1202=EDGE_CURVE('',#922,#924,#348,.T.);
#1205=EDGE_CURVE('',#920,#926,#849,.T.);
#1215=EDGE_CURVE('',#918,#922,#352,.T.);
#1218=EDGE_CURVE('',#916,#920,#356,.T.);
#1220=EDGE_CURVE('',#918,#916,#376,.T.);
#1230=EDGE_CURVE('',#916,#918,#361,.T.);
#1233=EDGE_CURVE('',#922,#920,#854,.T.);
#1245=EDGE_CURVE('',#918,#909,#366,.T.);
#1247=EDGE_CURVE('',#910,#909,#386,.T.);
#1249=EDGE_CURVE('',#916,#910,#371,.T.);
#1260=EDGE_CURVE('',#909,#910,#381,.T.);
#1276=EDGE_CURVE('',#913,#914,#391,.T.);
#1278=EDGE_CURVE('',#914,#913,#396,.T.);
#1288=EDGE_CURVE('',#957,#958,#415,.T.);
#1290=EDGE_CURVE('',#957,#914,#400,.T.);
#1293=EDGE_CURVE('',#958,#913,#844,.T.);
#1303=EDGE_CURVE('',#954,#952,#405,.T.);
#1305=EDGE_CURVE('',#952,#954,#410,.T.);
#1310=EDGE_CURVE('',#958,#957,#420,.T.);
#1320=EDGE_CURVE('',#950,#948,#425,.T.);
#1322=EDGE_CURVE('',#948,#952,#430,.T.);
#1325=EDGE_CURVE('',#950,#954,#835,.T.);
#1336=EDGE_CURVE('',#950,#946,#434,.T.);
#1338=EDGE_CURVE('',#945,#946,#473,.T.);
#1340=EDGE_CURVE('',#948,#945,#438,.T.);
#1351=EDGE_CURVE('',#946,#945,#448,.T.);
#1354=EDGE_CURVE('',#948,#950,#840,.T.);
#1364=EDGE_CURVE('',#1014,#1013,#443,.T.);
#1366=EDGE_CURVE('',#946,#1013,#478,.T.);
#1369=EDGE_CURVE('',#945,#1014,#453,.T.);
#1379=EDGE_CURVE('',#1013,#1014,#468,.T.);
#1384=EDGE_CURVE('',#998,#997,#458,.T.);
#1386=EDGE_CURVE('',#997,#998,#463,.T.);
#1408=EDGE_CURVE('',#998,#993,#482,.T.);
#1410=EDGE_CURVE('',#994,#993,#516,.T.);
#1412=EDGE_CURVE('',#997,#994,#486,.T.);
#1425=EDGE_CURVE('',#993,#994,#491,.T.);
#1437=EDGE_CURVE('',#994,#990,#496,.T.);
#1439=EDGE_CURVE('',#990,#988,#501,.T.);
#1441=EDGE_CURVE('',#988,#993,#506,.T.);
#1452=EDGE_CURVE('',#988,#990,#511,.T.);
#1464=EDGE_CURVE('',#988,#986,#520,.T.);
#1466=EDGE_CURVE('',#985,#986,#529,.T.);
#1468=EDGE_CURVE('',#990,#985,#524,.T.);
#1481=EDGE_CURVE('',#986,#985,#534,.T.);
#1492=EDGE_CURVE('',#1001,#1002,#539,.T.);
#1494=EDGE_CURVE('',#1002,#1001,#554,.T.);
#1509=EDGE_CURVE('',#872,#1002,#564,.T.);
#1511=EDGE_CURVE('',#872,#874,#544,.T.);
#1513=EDGE_CURVE('',#874,#1001,#549,.T.);
#1525=EDGE_CURVE('',#874,#872,#559,.T.);
#1536=EDGE_CURVE('',#868,#870,#573,.T.);
#1538=EDGE_CURVE('',#868,#872,#568,.T.);
#1541=EDGE_CURVE('',#870,#874,#830,.T.);
#1552=EDGE_CURVE('',#870,#865,#578,.T.);
#1554=EDGE_CURVE('',#866,#865,#598,.T.);
#1556=EDGE_CURVE('',#868,#866,#583,.T.);
#1567=EDGE_CURVE('',#865,#866,#593,.T.);
#1570=EDGE_CURVE('',#870,#868,#588,.T.);
#1584=EDGE_CURVE('',#857,#862,#603,.T.);
#1586=EDGE_CURVE('',#862,#857,#608,.T.);
#1596=EDGE_CURVE('',#857,#858,#612,.T.);
#1598=EDGE_CURVE('',#860,#858,#631,.T.);
#1600=EDGE_CURVE('',#862,#860,#616,.T.);
#1613=EDGE_CURVE('',#858,#860,#636,.T.);
#1624=EDGE_CURVE('',#906,#904,#621,.T.);
#1626=EDGE_CURVE('',#904,#906,#626,.T.);
#1640=EDGE_CURVE('',#902,#900,#641,.T.);
#1642=EDGE_CURVE('',#900,#904,#646,.T.);
#1645=EDGE_CURVE('',#902,#906,#821,.T.);
#1656=EDGE_CURVE('',#902,#896,#650,.T.);
#1658=EDGE_CURVE('',#898,#896,#674,.T.);
#1660=EDGE_CURVE('',#900,#898,#654,.T.);
#1671=EDGE_CURVE('',#896,#898,#659,.T.);
#1674=EDGE_CURVE('',#900,#902,#826,.T.);
#1685=EDGE_CURVE('',#898,#893,#664,.T.);
#1687=EDGE_CURVE('',#894,#893,#694,.T.);
#1689=EDGE_CURVE('',#896,#894,#669,.T.);
#1700=EDGE_CURVE('',#893,#894,#689,.T.);
#1712=EDGE_CURVE('',#890,#888,#679,.T.);
#1714=EDGE_CURVE('',#888,#890,#684,.T.);
#1728=EDGE_CURVE('',#884,#880,#699,.T.);
#1730=EDGE_CURVE('',#880,#882,#704,.T.);
#1732=EDGE_CURVE('',#886,#882,#719,.T.);
#1734=EDGE_CURVE('',#888,#886,#714,.T.);
#1737=EDGE_CURVE('',#890,#884,#709,.T.);
#1750=EDGE_CURVE('',#882,#880,#724,.T.);
#1762=EDGE_CURVE('',#878,#877,#738,.T.);
#1764=EDGE_CURVE('',#878,#880,#728,.T.);
#1767=EDGE_CURVE('',#877,#882,#768,.T.);
#1777=EDGE_CURVE('',#1005,#1006,#733,.T.);
#1779=EDGE_CURVE('',#878,#1005,#764,.T.);
#1782=EDGE_CURVE('',#877,#1006,#742,.T.);
#1793=EDGE_CURVE('',#1006,#981,#746,.T.);
#1795=EDGE_CURVE('',#982,#981,#788,.T.);
#1797=EDGE_CURVE('',#1005,#982,#750,.T.);
#1807=EDGE_CURVE('',#1006,#1005,#755,.T.);
#1810=EDGE_CURVE('',#981,#982,#783,.T.);
#1823=EDGE_CURVE('',#877,#878,#760,.T.);
#1846=EDGE_CURVE('',#978,#976,#773,.T.);
#1848=EDGE_CURVE('',#976,#978,#778,.T.);
#1862=EDGE_CURVE('',#972,#974,#793,.T.);
#1864=EDGE_CURVE('',#974,#976,#798,.T.);
#1867=EDGE_CURVE('',#972,#978,#811,.T.);
#1878=EDGE_CURVE('',#968,#974,#802,.T.);
#1881=EDGE_CURVE('',#970,#972,#806,.T.);
#1892=EDGE_CURVE('',#974,#972,#816,.T.);
#1977=CIRCLE('',#1976,2.5E0);
#1982=CIRCLE('',#1981,2.5E0);
#1987=CIRCLE('',#1986,2.375E0);
#1992=CIRCLE('',#1991,2.375E0);
#2001=CIRCLE('',#2000,2.5E0);
#2006=CIRCLE('',#2005,8.E-1);
#2011=CIRCLE('',#2010,2.5E0);
#2016=CIRCLE('',#2015,8.E-1);
#2025=CIRCLE('',#2024,2.2E0);
#2030=CIRCLE('',#2029,8.E-1);
#2035=CIRCLE('',#2034,2.5E0);
#2040=CIRCLE('',#2039,2.2E0);
#2045=CIRCLE('',#2044,8.E-1);
#2050=CIRCLE('',#2049,2.5E0);
#2059=CIRCLE('',#2058,2.5E0);
#2064=CIRCLE('',#2063,2.5E0);
#2069=CIRCLE('',#2068,2.375E0);
#2074=CIRCLE('',#2073,2.375E0);
#2087=CIRCLE('',#2086,2.375E0);
#2092=CIRCLE('',#2091,2.375E0);
#2097=CIRCLE('',#2096,1.65E0);
#2102=CIRCLE('',#2101,1.65E0);
#2111=CIRCLE('',#2110,1.5E0);
#2116=CIRCLE('',#2115,1.5E-1);
#2129=CIRCLE('',#2128,1.5E-1);
#2134=CIRCLE('',#2133,1.5E0);
#2139=CIRCLE('',#2138,1.5E-1);
#2144=CIRCLE('',#2143,1.5E0);
#2149=CIRCLE('',#2148,1.5E-1);
#2154=CIRCLE('',#2153,1.5E0);
#2159=CIRCLE('',#2158,2.375E0);
#2164=CIRCLE('',#2163,2.375E0);
#2169=CIRCLE('',#2168,1.65E0);
#2174=CIRCLE('',#2173,1.65E0);
#2240=EDGE_CURVE('',#2214,#2212,#1977,.T.);
#2242=EDGE_CURVE('',#2212,#2214,#1982,.T.);
#2246=EDGE_CURVE('',#2217,#2218,#1987,.T.);
#2248=EDGE_CURVE('',#2218,#2217,#1992,.T.);
#2258=EDGE_CURVE('',#2210,#2208,#2001,.T.);
#2260=EDGE_CURVE('',#2210,#2212,#1996,.T.);
#2263=EDGE_CURVE('',#2208,#2214,#2020,.T.);
#2273=EDGE_CURVE('',#2210,#2206,#2016,.T.);
#2276=EDGE_CURVE('',#2208,#2205,#2006,.T.);
#2278=EDGE_CURVE('',#2206,#2205,#2040,.T.);
#2289=EDGE_CURVE('',#2208,#2210,#2011,.T.);
#2292=EDGE_CURVE('',#2205,#2206,#2025,.T.);
#2315=EDGE_CURVE('',#2206,#2200,#2030,.T.);
#2317=EDGE_CURVE('',#2200,#2202,#2035,.T.);
#2319=EDGE_CURVE('',#2205,#2202,#2045,.T.);
#2331=EDGE_CURVE('',#2202,#2200,#2050,.T.);
#2342=EDGE_CURVE('',#2197,#2198,#2059,.T.);
#2344=EDGE_CURVE('',#2197,#2200,#2054,.T.);
#2347=EDGE_CURVE('',#2198,#2202,#2078,.T.);
#2358=EDGE_CURVE('',#2198,#2197,#2064,.T.);
#2362=EDGE_CURVE('',#2190,#2188,#2069,.T.);
#2364=EDGE_CURVE('',#2188,#2190,#2074,.T.);
#2386=EDGE_CURVE('',#2185,#2186,#2087,.T.);
#2388=EDGE_CURVE('',#2185,#2188,#2082,.T.);
#2391=EDGE_CURVE('',#2186,#2190,#2106,.T.);
#2402=EDGE_CURVE('',#2186,#2185,#2092,.T.);
#2406=EDGE_CURVE('',#2193,#2194,#2097,.T.);
#2408=EDGE_CURVE('',#2194,#2193,#2102,.T.);
#2430=EDGE_CURVE('',#2234,#2233,#2111,.T.);
#2432=EDGE_CURVE('',#2233,#2194,#2116,.T.);
#2435=EDGE_CURVE('',#2234,#2193,#2129,.T.);
#2445=EDGE_CURVE('',#2234,#2230,#2120,.T.);
#2447=EDGE_CURVE('',#2228,#2230,#2154,.T.);
#2449=EDGE_CURVE('',#2233,#2228,#2124,.T.);
#2460=EDGE_CURVE('',#2233,#2234,#2134,.T.);
#2463=EDGE_CURVE('',#2230,#2228,#2144,.T.);
#2486=EDGE_CURVE('',#2226,#2230,#2139,.T.);
#2489=EDGE_CURVE('',#2225,#2228,#2149,.T.);
#2491=EDGE_CURVE('',#2226,#2225,#2174,.T.);
#2501=EDGE_CURVE('',#2225,#2226,#2169,.T.);
#2514=EDGE_CURVE('',#2222,#2220,#2159,.T.);
#2516=EDGE_CURVE('',#2220,#2222,#2164,.T.);
#2531=EDGE_CURVE('',#2217,#2220,#2178,.T.);
#2534=EDGE_CURVE('',#2218,#2222,#2182,.T.);
#2553=(LENGTH_UNIT()NAMED_UNIT(*)SI_UNIT(.MILLI.,.METRE.));
#2555=(NAMED_UNIT(*)PLANE_ANGLE_UNIT()SI_UNIT($,.RADIAN.));
#2558=(NAMED_UNIT(*)SI_UNIT($,.STERADIAN.)SOLID_ANGLE_UNIT());
#2561=ADVANCED_BREP_SHAPE_REPRESENTATION('',(#1972,#2552),#2560);
#2568=PRODUCT_DEFINITION('design','',#2567,#2564);
#2569=PRODUCT_DEFINITION_SHAPE('','SHAPE FOR 603ZZ-EA007.',#2568);
#2570=SHAPE_DEFINITION_REPRESENTATION(#2569,#2561);
ENDSEC;
END-ISO-10303-21;
