ISO-10303-21;
HEADER;
FILE_DESCRIPTION((''),'2;1');
FILE_NAME('624ZZ-EA012','2025-12-19T16:31:54',('qinghui.yi'),(''),
'CREO PARAMETRIC BY PTC INC, 2019164','CREO PARAMETRIC BY PTC INC, 2019164','');
FILE_SCHEMA(('CONFIG_CONTROL_DESIGN','SHAPE_APPEARANCE_LAYERS_GROUPS'));
ENDSEC;
DATA;
#204=CARTESIAN_POINT('',(2.1E0,0.E0,0.E0));
#205=DIRECTION('',(-1.E0,0.E0,0.E0));
#206=DIRECTION('',(0.E0,0.E0,1.E0));
#207=AXIS2_PLACEMENT_3D('',#204,#205,#206);
#209=CARTESIAN_POINT('',(2.1E0,0.E0,0.E0));
#210=DIRECTION('',(-1.E0,0.E0,0.E0));
#211=DIRECTION('',(0.E0,0.E0,-1.E0));
#212=AXIS2_PLACEMENT_3D('',#209,#210,#211);
#214=CARTESIAN_POINT('',(2.1E0,0.E0,0.E0));
#215=DIRECTION('',(1.E0,0.E0,0.E0));
#216=DIRECTION('',(0.E0,0.E0,-1.E0));
#217=AXIS2_PLACEMENT_3D('',#214,#215,#216);
#219=CARTESIAN_POINT('',(2.1E0,0.E0,0.E0));
#220=DIRECTION('',(1.E0,0.E0,0.E0));
#221=DIRECTION('',(0.E0,0.E0,1.E0));
#222=AXIS2_PLACEMENT_3D('',#219,#220,#221);
#224=DIRECTION('',(-1.E0,0.E0,0.E0));
#225=VECTOR('',#224,1.163250300240E0);
#226=CARTESIAN_POINT('',(2.1E0,0.E0,3.5E0));
#227=LINE('',#226,#225);
#228=DIRECTION('',(-1.E0,0.E0,0.E0));
#229=VECTOR('',#228,1.163250300240E0);
#230=CARTESIAN_POINT('',(2.1E0,0.E0,-3.5E0));
#231=LINE('',#230,#229);
#232=CARTESIAN_POINT('',(0.E0,0.E0,0.E0));
#233=DIRECTION('',(-1.E0,0.E0,0.E0));
#234=DIRECTION('',(0.E0,0.E0,-1.E0));
#235=AXIS2_PLACEMENT_3D('',#232,#233,#234);
#237=CARTESIAN_POINT('',(0.E0,0.E0,4.25E0));
#238=DIRECTION('',(0.E0,-1.E0,0.E0));
#239=DIRECTION('',(0.E0,0.E0,-1.E0));
#240=AXIS2_PLACEMENT_3D('',#237,#238,#239);
#242=CARTESIAN_POINT('',(9.367496997598E-1,0.E0,0.E0));
#243=DIRECTION('',(1.E0,0.E0,0.E0));
#244=DIRECTION('',(0.E0,0.E0,1.E0));
#245=AXIS2_PLACEMENT_3D('',#242,#243,#244);
#247=CARTESIAN_POINT('',(-9.367496997598E-1,0.E0,0.E0));
#248=DIRECTION('',(-1.E0,0.E0,0.E0));
#249=DIRECTION('',(0.E0,0.E0,-1.E0));
#250=AXIS2_PLACEMENT_3D('',#247,#248,#249);
#252=CARTESIAN_POINT('',(0.E0,0.E0,4.25E0));
#253=DIRECTION('',(0.E0,-1.E0,0.E0));
#254=DIRECTION('',(-7.806247497998E-1,0.E0,-6.25E-1));
#255=AXIS2_PLACEMENT_3D('',#252,#253,#254);
#257=CARTESIAN_POINT('',(-9.367496997598E-1,0.E0,0.E0));
#258=DIRECTION('',(-1.E0,0.E0,0.E0));
#259=DIRECTION('',(0.E0,0.E0,1.E0));
#260=AXIS2_PLACEMENT_3D('',#257,#258,#259);
#262=CARTESIAN_POINT('',(0.E0,0.E0,-4.25E0));
#263=DIRECTION('',(0.E0,1.E0,0.E0));
#264=DIRECTION('',(-7.806247497998E-1,0.E0,6.25E-1));
#265=AXIS2_PLACEMENT_3D('',#262,#263,#264);
#267=DIRECTION('',(-1.E0,0.E0,0.E0));
#268=VECTOR('',#267,1.163250300240E0);
#269=CARTESIAN_POINT('',(-9.367496997598E-1,0.E0,3.5E0));
#270=LINE('',#269,#268);
#271=DIRECTION('',(-1.E0,0.E0,0.E0));
#272=VECTOR('',#271,1.163250300240E0);
#273=CARTESIAN_POINT('',(-9.367496997598E-1,0.E0,-3.5E0));
#274=LINE('',#273,#272);
#275=CARTESIAN_POINT('',(-2.1E0,0.E0,0.E0));
#276=DIRECTION('',(1.E0,0.E0,0.E0));
#277=DIRECTION('',(0.E0,0.E0,-1.E0));
#278=AXIS2_PLACEMENT_3D('',#275,#276,#277);
#280=CARTESIAN_POINT('',(-2.1E0,0.E0,0.E0));
#281=DIRECTION('',(1.E0,0.E0,0.E0));
#282=DIRECTION('',(0.E0,0.E0,1.E0));
#283=AXIS2_PLACEMENT_3D('',#280,#281,#282);
#285=CARTESIAN_POINT('',(-2.1E0,0.E0,0.E0));
#286=DIRECTION('',(-1.E0,0.E0,0.E0));
#287=DIRECTION('',(0.E0,0.E0,1.E0));
#288=AXIS2_PLACEMENT_3D('',#285,#286,#287);
#290=CARTESIAN_POINT('',(-2.1E0,0.E0,0.E0));
#291=DIRECTION('',(-1.E0,0.E0,0.E0));
#292=DIRECTION('',(0.E0,0.E0,-1.E0));
#293=AXIS2_PLACEMENT_3D('',#290,#291,#292);
#295=DIRECTION('',(-1.E0,0.E0,0.E0));
#296=VECTOR('',#295,4.E-1);
#297=CARTESIAN_POINT('',(-2.1E0,0.E0,3.3125E0));
#298=LINE('',#297,#296);
#299=DIRECTION('',(-1.E0,0.E0,0.E0));
#300=VECTOR('',#299,4.E-1);
#301=CARTESIAN_POINT('',(-2.1E0,0.E0,-3.3125E0));
#302=LINE('',#301,#300);
#303=CARTESIAN_POINT('',(-2.5E0,0.E0,0.E0));
#304=DIRECTION('',(1.E0,0.E0,0.E0));
#305=DIRECTION('',(0.E0,0.E0,-1.E0));
#306=AXIS2_PLACEMENT_3D('',#303,#304,#305);
#308=CARTESIAN_POINT('',(-2.5E0,0.E0,0.E0));
#309=DIRECTION('',(1.E0,0.E0,0.E0));
#310=DIRECTION('',(0.E0,0.E0,1.E0));
#311=AXIS2_PLACEMENT_3D('',#308,#309,#310);
#313=CARTESIAN_POINT('',(-2.5E0,0.E0,0.E0));
#314=DIRECTION('',(-1.E0,0.E0,0.E0));
#315=DIRECTION('',(0.E0,0.E0,1.E0));
#316=AXIS2_PLACEMENT_3D('',#313,#314,#315);
#318=CARTESIAN_POINT('',(-2.5E0,0.E0,0.E0));
#319=DIRECTION('',(-1.E0,0.E0,0.E0));
#320=DIRECTION('',(0.E0,0.E0,-1.E0));
#321=AXIS2_PLACEMENT_3D('',#318,#319,#320);
#323=CARTESIAN_POINT('',(-2.3E0,0.E0,2.2E0));
#324=DIRECTION('',(0.E0,-1.E0,0.E0));
#325=DIRECTION('',(-1.E0,0.E0,0.E0));
#326=AXIS2_PLACEMENT_3D('',#323,#324,#325);
#328=CARTESIAN_POINT('',(-2.3E0,0.E0,0.E0));
#329=DIRECTION('',(-1.E0,0.E0,0.E0));
#330=DIRECTION('',(0.E0,0.E0,1.E0));
#331=AXIS2_PLACEMENT_3D('',#328,#329,#330);
#333=CARTESIAN_POINT('',(-2.3E0,0.E0,-2.2E0));
#334=DIRECTION('',(0.E0,1.E0,0.E0));
#335=DIRECTION('',(-1.E0,0.E0,0.E0));
#336=AXIS2_PLACEMENT_3D('',#333,#334,#335);
#338=CARTESIAN_POINT('',(-2.3E0,0.E0,0.E0));
#339=DIRECTION('',(-1.E0,0.E0,0.E0));
#340=DIRECTION('',(0.E0,0.E0,-1.E0));
#341=AXIS2_PLACEMENT_3D('',#338,#339,#340);
#343=DIRECTION('',(-1.E0,0.E0,0.E0));
#344=VECTOR('',#343,4.6E0);
#345=CARTESIAN_POINT('',(2.3E0,0.E0,2.E0));
#346=LINE('',#345,#344);
#347=CARTESIAN_POINT('',(2.3E0,0.E0,-2.2E0));
#348=DIRECTION('',(0.E0,1.E0,0.E0));
#349=DIRECTION('',(0.E0,0.E0,1.E0));
#350=AXIS2_PLACEMENT_3D('',#347,#348,#349);
#352=CARTESIAN_POINT('',(2.3E0,0.E0,0.E0));
#353=DIRECTION('',(1.E0,0.E0,0.E0));
#354=DIRECTION('',(0.E0,0.E0,1.E0));
#355=AXIS2_PLACEMENT_3D('',#352,#353,#354);
#357=CARTESIAN_POINT('',(2.3E0,0.E0,0.E0));
#358=DIRECTION('',(1.E0,0.E0,0.E0));
#359=DIRECTION('',(0.E0,0.E0,-1.E0));
#360=AXIS2_PLACEMENT_3D('',#357,#358,#359);
#362=CARTESIAN_POINT('',(2.3E0,0.E0,2.2E0));
#363=DIRECTION('',(0.E0,-1.E0,0.E0));
#364=DIRECTION('',(0.E0,0.E0,-1.E0));
#365=AXIS2_PLACEMENT_3D('',#362,#363,#364);
#367=DIRECTION('',(-1.E0,0.E0,0.E0));
#368=VECTOR('',#367,4.6E0);
#369=CARTESIAN_POINT('',(2.3E0,0.E0,-2.E0));
#370=LINE('',#369,#368);
#371=CARTESIAN_POINT('',(2.5E0,0.E0,0.E0));
#372=DIRECTION('',(-1.E0,0.E0,0.E0));
#373=DIRECTION('',(0.E0,0.E0,1.E0));
#374=AXIS2_PLACEMENT_3D('',#371,#372,#373);
#376=CARTESIAN_POINT('',(2.5E0,0.E0,0.E0));
#377=DIRECTION('',(-1.E0,0.E0,0.E0));
#378=DIRECTION('',(0.E0,0.E0,-1.E0));
#379=AXIS2_PLACEMENT_3D('',#376,#377,#378);
#381=CARTESIAN_POINT('',(2.5E0,0.E0,0.E0));
#382=DIRECTION('',(1.E0,0.E0,0.E0));
#383=DIRECTION('',(0.E0,0.E0,-1.E0));
#384=AXIS2_PLACEMENT_3D('',#381,#382,#383);
#386=CARTESIAN_POINT('',(2.5E0,0.E0,0.E0));
#387=DIRECTION('',(1.E0,0.E0,0.E0));
#388=DIRECTION('',(0.E0,0.E0,1.E0));
#389=AXIS2_PLACEMENT_3D('',#386,#387,#388);
#391=DIRECTION('',(-1.E0,0.E0,0.E0));
#392=VECTOR('',#391,4.E-1);
#393=CARTESIAN_POINT('',(2.5E0,0.E0,3.3125E0));
#394=LINE('',#393,#392);
#395=DIRECTION('',(-1.E0,0.E0,0.E0));
#396=VECTOR('',#395,4.E-1);
#397=CARTESIAN_POINT('',(2.5E0,0.E0,-3.3125E0));
#398=LINE('',#397,#396);
#399=CARTESIAN_POINT('',(0.E0,0.E0,0.E0));
#400=DIRECTION('',(-1.E0,0.E0,0.E0));
#401=DIRECTION('',(0.E0,0.E0,1.E0));
#402=AXIS2_PLACEMENT_3D('',#399,#400,#401);
#404=CARTESIAN_POINT('',(0.E0,0.E0,-4.25E0));
#405=DIRECTION('',(0.E0,1.E0,0.E0));
#406=DIRECTION('',(0.E0,0.E0,1.E0));
#407=AXIS2_PLACEMENT_3D('',#404,#405,#406);
#409=CARTESIAN_POINT('',(9.367496997598E-1,0.E0,0.E0));
#410=DIRECTION('',(1.E0,0.E0,0.E0));
#411=DIRECTION('',(0.E0,0.E0,-1.E0));
#412=AXIS2_PLACEMENT_3D('',#409,#410,#411);
#414=CARTESIAN_POINT('',(-2.5E0,0.E0,2.2E0));
#415=CARTESIAN_POINT('',(-2.5E0,0.E0,-2.2E0));
#416=VERTEX_POINT('',#414);
#417=VERTEX_POINT('',#415);
#418=CARTESIAN_POINT('',(-2.3E0,0.E0,2.E0));
#419=VERTEX_POINT('',#418);
#420=CARTESIAN_POINT('',(-2.3E0,0.E0,-2.E0));
#421=VERTEX_POINT('',#420);
#422=CARTESIAN_POINT('',(-2.5E0,0.E0,-3.3125E0));
#423=CARTESIAN_POINT('',(-2.5E0,0.E0,3.3125E0));
#424=VERTEX_POINT('',#422);
#425=VERTEX_POINT('',#423);
#426=CARTESIAN_POINT('',(-2.1E0,0.E0,3.3125E0));
#427=CARTESIAN_POINT('',(-2.1E0,0.E0,-3.3125E0));
#428=VERTEX_POINT('',#426);
#429=VERTEX_POINT('',#427);
#430=CARTESIAN_POINT('',(-2.1E0,0.E0,-3.5E0));
#431=CARTESIAN_POINT('',(-2.1E0,0.E0,3.5E0));
#432=VERTEX_POINT('',#430);
#433=VERTEX_POINT('',#431);
#434=CARTESIAN_POINT('',(-9.367496997598E-1,0.E0,3.5E0));
#435=CARTESIAN_POINT('',(-9.367496997598E-1,0.E0,-3.5E0));
#436=VERTEX_POINT('',#434);
#437=VERTEX_POINT('',#435);
#438=CARTESIAN_POINT('',(0.E0,0.E0,3.05E0));
#439=VERTEX_POINT('',#438);
#440=CARTESIAN_POINT('',(0.E0,0.E0,-3.05E0));
#441=VERTEX_POINT('',#440);
#442=CARTESIAN_POINT('',(9.367496997598E-1,0.E0,3.5E0));
#443=VERTEX_POINT('',#442);
#444=CARTESIAN_POINT('',(9.367496997598E-1,0.E0,-3.5E0));
#445=VERTEX_POINT('',#444);
#446=CARTESIAN_POINT('',(2.1E0,0.E0,3.5E0));
#447=CARTESIAN_POINT('',(2.1E0,0.E0,-3.5E0));
#448=VERTEX_POINT('',#446);
#449=VERTEX_POINT('',#447);
#450=CARTESIAN_POINT('',(2.1E0,0.E0,-3.3125E0));
#451=CARTESIAN_POINT('',(2.1E0,0.E0,3.3125E0));
#452=VERTEX_POINT('',#450);
#453=VERTEX_POINT('',#451);
#454=CARTESIAN_POINT('',(2.5E0,0.E0,3.3125E0));
#455=CARTESIAN_POINT('',(2.5E0,0.E0,-3.3125E0));
#456=VERTEX_POINT('',#454);
#457=VERTEX_POINT('',#455);
#458=CARTESIAN_POINT('',(2.5E0,0.E0,-2.2E0));
#459=CARTESIAN_POINT('',(2.5E0,0.E0,2.2E0));
#460=VERTEX_POINT('',#458);
#461=VERTEX_POINT('',#459);
#462=CARTESIAN_POINT('',(2.3E0,0.E0,-2.E0));
#463=CARTESIAN_POINT('',(2.3E0,0.E0,2.E0));
#464=VERTEX_POINT('',#462);
#465=VERTEX_POINT('',#463);
#466=CARTESIAN_POINT('',(2.1E0,3.3125E0,0.E0));
#467=DIRECTION('',(-1.E0,0.E0,0.E0));
#468=DIRECTION('',(0.E0,0.E0,1.E0));
#469=AXIS2_PLACEMENT_3D('',#466,#467,#468);
#470=PLANE('',#469);
#472=ORIENTED_EDGE('',*,*,#471,.T.);
#474=ORIENTED_EDGE('',*,*,#473,.T.);
#475=EDGE_LOOP('',(#472,#474));
#476=FACE_OUTER_BOUND('',#475,.F.);
#478=ORIENTED_EDGE('',*,*,#477,.T.);
#480=ORIENTED_EDGE('',*,*,#479,.T.);
#481=EDGE_LOOP('',(#478,#480));
#482=FACE_BOUND('',#481,.F.);
#483=ADVANCED_FACE('',(#476,#482),#470,.F.);
#484=CARTESIAN_POINT('',(0.E0,0.E0,0.E0));
#485=DIRECTION('',(-1.E0,0.E0,0.E0));
#486=DIRECTION('',(0.E0,0.E0,1.E0));
#487=AXIS2_PLACEMENT_3D('',#484,#485,#486);
#488=CYLINDRICAL_SURFACE('',#487,3.5E0);
#489=ORIENTED_EDGE('',*,*,#471,.F.);
#491=ORIENTED_EDGE('',*,*,#490,.T.);
#493=ORIENTED_EDGE('',*,*,#492,.F.);
#495=ORIENTED_EDGE('',*,*,#494,.F.);
#496=EDGE_LOOP('',(#489,#491,#493,#495));
#497=FACE_OUTER_BOUND('',#496,.F.);
#498=ADVANCED_FACE('',(#497),#488,.T.);
#499=CARTESIAN_POINT('',(0.E0,0.E0,0.E0));
#500=DIRECTION('',(-1.E0,0.E0,0.E0));
#501=DIRECTION('',(0.E0,0.E0,1.E0));
#502=AXIS2_PLACEMENT_3D('',#499,#500,#501);
#503=CYLINDRICAL_SURFACE('',#502,3.5E0);
#504=ORIENTED_EDGE('',*,*,#494,.T.);
#506=ORIENTED_EDGE('',*,*,#505,.F.);
#507=ORIENTED_EDGE('',*,*,#490,.F.);
#508=ORIENTED_EDGE('',*,*,#473,.F.);
#509=EDGE_LOOP('',(#504,#506,#507,#508));
#510=FACE_OUTER_BOUND('',#509,.F.);
#511=ADVANCED_FACE('',(#510),#503,.T.);
#512=CARTESIAN_POINT('',(0.E0,0.E0,0.E0));
#513=DIRECTION('',(-1.E0,0.E0,0.E0));
#514=DIRECTION('',(0.E0,0.E0,1.E0));
#515=AXIS2_PLACEMENT_3D('',#512,#513,#514);
#516=TOROIDAL_SURFACE('',#515,4.25E0,1.2E0);
#518=ORIENTED_EDGE('',*,*,#517,.T.);
#520=ORIENTED_EDGE('',*,*,#519,.T.);
#521=ORIENTED_EDGE('',*,*,#505,.T.);
#523=ORIENTED_EDGE('',*,*,#522,.F.);
#524=EDGE_LOOP('',(#518,#520,#521,#523));
#525=FACE_OUTER_BOUND('',#524,.F.);
#526=ADVANCED_FACE('',(#525),#516,.F.);
#527=CARTESIAN_POINT('',(0.E0,0.E0,0.E0));
#528=DIRECTION('',(-1.E0,0.E0,0.E0));
#529=DIRECTION('',(0.E0,0.E0,1.E0));
#530=AXIS2_PLACEMENT_3D('',#527,#528,#529);
#531=TOROIDAL_SURFACE('',#530,4.25E0,1.2E0);
#533=ORIENTED_EDGE('',*,*,#532,.F.);
#535=ORIENTED_EDGE('',*,*,#534,.T.);
#537=ORIENTED_EDGE('',*,*,#536,.T.);
#538=ORIENTED_EDGE('',*,*,#517,.F.);
#539=EDGE_LOOP('',(#533,#535,#537,#538));
#540=FACE_OUTER_BOUND('',#539,.F.);
#541=ADVANCED_FACE('',(#540),#531,.F.);
#542=CARTESIAN_POINT('',(0.E0,0.E0,0.E0));
#543=DIRECTION('',(-1.E0,0.E0,0.E0));
#544=DIRECTION('',(0.E0,0.E0,1.E0));
#545=AXIS2_PLACEMENT_3D('',#542,#543,#544);
#546=TOROIDAL_SURFACE('',#545,4.25E0,1.2E0);
#547=ORIENTED_EDGE('',*,*,#536,.F.);
#549=ORIENTED_EDGE('',*,*,#548,.T.);
#550=ORIENTED_EDGE('',*,*,#532,.T.);
#552=ORIENTED_EDGE('',*,*,#551,.F.);
#553=EDGE_LOOP('',(#547,#549,#550,#552));
#554=FACE_OUTER_BOUND('',#553,.F.);
#555=ADVANCED_FACE('',(#554),#546,.F.);
#556=CARTESIAN_POINT('',(0.E0,0.E0,0.E0));
#557=DIRECTION('',(-1.E0,0.E0,0.E0));
#558=DIRECTION('',(0.E0,0.E0,1.E0));
#559=AXIS2_PLACEMENT_3D('',#556,#557,#558);
#560=CYLINDRICAL_SURFACE('',#559,3.5E0);
#561=ORIENTED_EDGE('',*,*,#548,.F.);
#563=ORIENTED_EDGE('',*,*,#562,.T.);
#565=ORIENTED_EDGE('',*,*,#564,.F.);
#567=ORIENTED_EDGE('',*,*,#566,.F.);
#568=EDGE_LOOP('',(#561,#563,#565,#567));
#569=FACE_OUTER_BOUND('',#568,.F.);
#570=ADVANCED_FACE('',(#569),#560,.T.);
#571=CARTESIAN_POINT('',(0.E0,0.E0,0.E0));
#572=DIRECTION('',(-1.E0,0.E0,0.E0));
#573=DIRECTION('',(0.E0,0.E0,1.E0));
#574=AXIS2_PLACEMENT_3D('',#571,#572,#573);
#575=CYLINDRICAL_SURFACE('',#574,3.5E0);
#576=ORIENTED_EDGE('',*,*,#566,.T.);
#578=ORIENTED_EDGE('',*,*,#577,.F.);
#579=ORIENTED_EDGE('',*,*,#562,.F.);
#580=ORIENTED_EDGE('',*,*,#534,.F.);
#581=EDGE_LOOP('',(#576,#578,#579,#580));
#582=FACE_OUTER_BOUND('',#581,.F.);
#583=ADVANCED_FACE('',(#582),#575,.T.);
#584=CARTESIAN_POINT('',(-2.1E0,3.3125E0,0.E0));
#585=DIRECTION('',(1.E0,0.E0,0.E0));
#586=DIRECTION('',(0.E0,0.E0,-1.E0));
#587=AXIS2_PLACEMENT_3D('',#584,#585,#586);
#588=PLANE('',#587);
#589=ORIENTED_EDGE('',*,*,#564,.T.);
#590=ORIENTED_EDGE('',*,*,#577,.T.);
#591=EDGE_LOOP('',(#589,#590));
#592=FACE_OUTER_BOUND('',#591,.F.);
#594=ORIENTED_EDGE('',*,*,#593,.T.);
#596=ORIENTED_EDGE('',*,*,#595,.T.);
#597=EDGE_LOOP('',(#594,#596));
#598=FACE_BOUND('',#597,.F.);
#599=ADVANCED_FACE('',(#592,#598),#588,.F.);
#600=CARTESIAN_POINT('',(0.E0,0.E0,0.E0));
#601=DIRECTION('',(-1.E0,0.E0,0.E0));
#602=DIRECTION('',(0.E0,0.E0,1.E0));
#603=AXIS2_PLACEMENT_3D('',#600,#601,#602);
#604=CYLINDRICAL_SURFACE('',#603,3.3125E0);
#605=ORIENTED_EDGE('',*,*,#593,.F.);
#607=ORIENTED_EDGE('',*,*,#606,.T.);
#609=ORIENTED_EDGE('',*,*,#608,.F.);
#611=ORIENTED_EDGE('',*,*,#610,.F.);
#612=EDGE_LOOP('',(#605,#607,#609,#611));
#613=FACE_OUTER_BOUND('',#612,.F.);
#614=ADVANCED_FACE('',(#613),#604,.T.);
#615=CARTESIAN_POINT('',(0.E0,0.E0,0.E0));
#616=DIRECTION('',(-1.E0,0.E0,0.E0));
#617=DIRECTION('',(0.E0,0.E0,1.E0));
#618=AXIS2_PLACEMENT_3D('',#615,#616,#617);
#619=CYLINDRICAL_SURFACE('',#618,3.3125E0);
#620=ORIENTED_EDGE('',*,*,#610,.T.);
#622=ORIENTED_EDGE('',*,*,#621,.F.);
#623=ORIENTED_EDGE('',*,*,#606,.F.);
#624=ORIENTED_EDGE('',*,*,#595,.F.);
#625=EDGE_LOOP('',(#620,#622,#623,#624));
#626=FACE_OUTER_BOUND('',#625,.F.);
#627=ADVANCED_FACE('',(#626),#619,.T.);
#628=CARTESIAN_POINT('',(-2.5E0,3.3125E0,0.E0));
#629=DIRECTION('',(1.E0,0.E0,0.E0));
#630=DIRECTION('',(0.E0,0.E0,-1.E0));
#631=AXIS2_PLACEMENT_3D('',#628,#629,#630);
#632=PLANE('',#631);
#633=ORIENTED_EDGE('',*,*,#608,.T.);
#634=ORIENTED_EDGE('',*,*,#621,.T.);
#635=EDGE_LOOP('',(#633,#634));
#636=FACE_OUTER_BOUND('',#635,.F.);
#638=ORIENTED_EDGE('',*,*,#637,.T.);
#640=ORIENTED_EDGE('',*,*,#639,.T.);
#641=EDGE_LOOP('',(#638,#640));
#642=FACE_BOUND('',#641,.F.);
#643=ADVANCED_FACE('',(#636,#642),#632,.F.);
#644=CARTESIAN_POINT('',(-2.3E0,0.E0,0.E0));
#645=DIRECTION('',(-1.E0,0.E0,0.E0));
#646=DIRECTION('',(0.E0,0.E0,1.E0));
#647=AXIS2_PLACEMENT_3D('',#644,#645,#646);
#648=TOROIDAL_SURFACE('',#647,2.2E0,2.E-1);
#649=ORIENTED_EDGE('',*,*,#637,.F.);
#651=ORIENTED_EDGE('',*,*,#650,.T.);
#653=ORIENTED_EDGE('',*,*,#652,.T.);
#655=ORIENTED_EDGE('',*,*,#654,.F.);
#656=EDGE_LOOP('',(#649,#651,#653,#655));
#657=FACE_OUTER_BOUND('',#656,.F.);
#658=ADVANCED_FACE('',(#657),#648,.T.);
#659=CARTESIAN_POINT('',(-2.3E0,0.E0,0.E0));
#660=DIRECTION('',(-1.E0,0.E0,0.E0));
#661=DIRECTION('',(0.E0,0.E0,1.E0));
#662=AXIS2_PLACEMENT_3D('',#659,#660,#661);
#663=TOROIDAL_SURFACE('',#662,2.2E0,2.E-1);
#664=ORIENTED_EDGE('',*,*,#654,.T.);
#666=ORIENTED_EDGE('',*,*,#665,.T.);
#667=ORIENTED_EDGE('',*,*,#650,.F.);
#668=ORIENTED_EDGE('',*,*,#639,.F.);
#669=EDGE_LOOP('',(#664,#666,#667,#668));
#670=FACE_OUTER_BOUND('',#669,.F.);
#671=ADVANCED_FACE('',(#670),#663,.T.);
#672=CARTESIAN_POINT('',(0.E0,0.E0,0.E0));
#673=DIRECTION('',(-1.E0,0.E0,0.E0));
#674=DIRECTION('',(0.E0,0.E0,1.E0));
#675=AXIS2_PLACEMENT_3D('',#672,#673,#674);
#676=CYLINDRICAL_SURFACE('',#675,2.E0);
#678=ORIENTED_EDGE('',*,*,#677,.F.);
#680=ORIENTED_EDGE('',*,*,#679,.T.);
#681=ORIENTED_EDGE('',*,*,#665,.F.);
#683=ORIENTED_EDGE('',*,*,#682,.F.);
#684=EDGE_LOOP('',(#678,#680,#681,#683));
#685=FACE_OUTER_BOUND('',#684,.F.);
#686=ADVANCED_FACE('',(#685),#676,.F.);
#687=CARTESIAN_POINT('',(2.3E0,0.E0,0.E0));
#688=DIRECTION('',(-1.E0,0.E0,0.E0));
#689=DIRECTION('',(0.E0,0.E0,1.E0));
#690=AXIS2_PLACEMENT_3D('',#687,#688,#689);
#691=TOROIDAL_SURFACE('',#690,2.2E0,2.E-1);
#693=ORIENTED_EDGE('',*,*,#692,.T.);
#695=ORIENTED_EDGE('',*,*,#694,.F.);
#697=ORIENTED_EDGE('',*,*,#696,.F.);
#698=ORIENTED_EDGE('',*,*,#677,.T.);
#699=EDGE_LOOP('',(#693,#695,#697,#698));
#700=FACE_OUTER_BOUND('',#699,.F.);
#701=ADVANCED_FACE('',(#700),#691,.T.);
#702=CARTESIAN_POINT('',(2.3E0,0.E0,0.E0));
#703=DIRECTION('',(-1.E0,0.E0,0.E0));
#704=DIRECTION('',(0.E0,0.E0,1.E0));
#705=AXIS2_PLACEMENT_3D('',#702,#703,#704);
#706=TOROIDAL_SURFACE('',#705,2.2E0,2.E-1);
#708=ORIENTED_EDGE('',*,*,#707,.T.);
#709=ORIENTED_EDGE('',*,*,#696,.T.);
#711=ORIENTED_EDGE('',*,*,#710,.F.);
#712=ORIENTED_EDGE('',*,*,#692,.F.);
#713=EDGE_LOOP('',(#708,#709,#711,#712));
#714=FACE_OUTER_BOUND('',#713,.F.);
#715=ADVANCED_FACE('',(#714),#706,.T.);
#716=CARTESIAN_POINT('',(0.E0,0.E0,0.E0));
#717=DIRECTION('',(-1.E0,0.E0,0.E0));
#718=DIRECTION('',(0.E0,0.E0,1.E0));
#719=AXIS2_PLACEMENT_3D('',#716,#717,#718);
#720=CYLINDRICAL_SURFACE('',#719,2.E0);
#721=ORIENTED_EDGE('',*,*,#682,.T.);
#722=ORIENTED_EDGE('',*,*,#652,.F.);
#723=ORIENTED_EDGE('',*,*,#679,.F.);
#724=ORIENTED_EDGE('',*,*,#707,.F.);
#725=EDGE_LOOP('',(#721,#722,#723,#724));
#726=FACE_OUTER_BOUND('',#725,.F.);
#727=ADVANCED_FACE('',(#726),#720,.F.);
#728=CARTESIAN_POINT('',(2.5E0,3.3125E0,0.E0));
#729=DIRECTION('',(-1.E0,0.E0,0.E0));
#730=DIRECTION('',(0.E0,0.E0,1.E0));
#731=AXIS2_PLACEMENT_3D('',#728,#729,#730);
#732=PLANE('',#731);
#734=ORIENTED_EDGE('',*,*,#733,.T.);
#736=ORIENTED_EDGE('',*,*,#735,.T.);
#737=EDGE_LOOP('',(#734,#736));
#738=FACE_OUTER_BOUND('',#737,.F.);
#739=ORIENTED_EDGE('',*,*,#710,.T.);
#740=ORIENTED_EDGE('',*,*,#694,.T.);
#741=EDGE_LOOP('',(#739,#740));
#742=FACE_BOUND('',#741,.F.);
#743=ADVANCED_FACE('',(#738,#742),#732,.F.);
#744=CARTESIAN_POINT('',(0.E0,0.E0,0.E0));
#745=DIRECTION('',(-1.E0,0.E0,0.E0));
#746=DIRECTION('',(0.E0,0.E0,1.E0));
#747=AXIS2_PLACEMENT_3D('',#744,#745,#746);
#748=CYLINDRICAL_SURFACE('',#747,3.3125E0);
#749=ORIENTED_EDGE('',*,*,#733,.F.);
#751=ORIENTED_EDGE('',*,*,#750,.T.);
#752=ORIENTED_EDGE('',*,*,#477,.F.);
#754=ORIENTED_EDGE('',*,*,#753,.F.);
#755=EDGE_LOOP('',(#749,#751,#752,#754));
#756=FACE_OUTER_BOUND('',#755,.F.);
#757=ADVANCED_FACE('',(#756),#748,.T.);
#758=CARTESIAN_POINT('',(0.E0,0.E0,0.E0));
#759=DIRECTION('',(-1.E0,0.E0,0.E0));
#760=DIRECTION('',(0.E0,0.E0,1.E0));
#761=AXIS2_PLACEMENT_3D('',#758,#759,#760);
#762=CYLINDRICAL_SURFACE('',#761,3.3125E0);
#763=ORIENTED_EDGE('',*,*,#753,.T.);
#764=ORIENTED_EDGE('',*,*,#479,.F.);
#765=ORIENTED_EDGE('',*,*,#750,.F.);
#766=ORIENTED_EDGE('',*,*,#735,.F.);
#767=EDGE_LOOP('',(#763,#764,#765,#766));
#768=FACE_OUTER_BOUND('',#767,.F.);
#769=ADVANCED_FACE('',(#768),#762,.T.);
#770=CARTESIAN_POINT('',(0.E0,0.E0,0.E0));
#771=DIRECTION('',(-1.E0,0.E0,0.E0));
#772=DIRECTION('',(0.E0,0.E0,1.E0));
#773=AXIS2_PLACEMENT_3D('',#770,#771,#772);
#774=TOROIDAL_SURFACE('',#773,4.25E0,1.2E0);
#775=ORIENTED_EDGE('',*,*,#551,.T.);
#776=ORIENTED_EDGE('',*,*,#522,.T.);
#777=ORIENTED_EDGE('',*,*,#492,.T.);
#778=ORIENTED_EDGE('',*,*,#519,.F.);
#779=EDGE_LOOP('',(#775,#776,#777,#778));
#780=FACE_OUTER_BOUND('',#779,.F.);
#781=ADVANCED_FACE('',(#780),#774,.F.);
#782=CLOSED_SHELL('',(#483,#498,#511,#526,#541,#555,#570,#583,#599,#614,#627,
#643,#658,#671,#686,#701,#715,#727,#743,#757,#769,#781));
#783=MANIFOLD_SOLID_BREP('',#782);
#784=DIRECTION('',(6.246950475539E-1,0.E0,7.808688094434E-1));
#785=VECTOR('',#784,3.163281059366E-1);
#786=CARTESIAN_POINT('',(-2.356173761889E0,0.E0,4.679782797639E0));
#787=LINE('',#786,#785);
#788=DIRECTION('',(6.246950475539E-1,0.E0,-7.808688094434E-1));
#789=VECTOR('',#788,3.163281059366E-1);
#790=CARTESIAN_POINT('',(-2.356173761889E0,0.E0,-4.679782797639E0));
#791=LINE('',#790,#789);
#792=CARTESIAN_POINT('',(-2.356173761889E0,0.E0,0.E0));
#793=DIRECTION('',(-1.E0,0.E0,0.E0));
#794=DIRECTION('',(0.E0,0.E0,-1.E0));
#795=AXIS2_PLACEMENT_3D('',#792,#793,#794);
#797=CARTESIAN_POINT('',(-2.2E0,0.E0,4.554843788128E0));
#798=DIRECTION('',(0.E0,-1.E0,0.E0));
#799=DIRECTION('',(-7.808688094435E-1,0.E0,6.246950475538E-1));
#800=AXIS2_PLACEMENT_3D('',#797,#798,#799);
#802=CARTESIAN_POINT('',(-2.2E0,0.E0,-4.554843788128E0));
#803=DIRECTION('',(0.E0,1.E0,0.E0));
#804=DIRECTION('',(-7.808688094435E-1,0.E0,-6.246950475538E-1));
#805=AXIS2_PLACEMENT_3D('',#802,#803,#804);
#807=CARTESIAN_POINT('',(-2.356173761889E0,0.E0,0.E0));
#808=DIRECTION('',(-1.E0,0.E0,0.E0));
#809=DIRECTION('',(0.E0,0.E0,1.E0));
#810=AXIS2_PLACEMENT_3D('',#807,#808,#809);
#812=CARTESIAN_POINT('',(-2.4E0,0.E0,0.E0));
#813=DIRECTION('',(-1.E0,0.E0,0.E0));
#814=DIRECTION('',(0.E0,0.E0,1.E0));
#815=AXIS2_PLACEMENT_3D('',#812,#813,#814);
#817=CARTESIAN_POINT('',(-2.4E0,0.E0,0.E0));
#818=DIRECTION('',(-1.E0,0.E0,0.E0));
#819=DIRECTION('',(0.E0,0.E0,-1.E0));
#820=AXIS2_PLACEMENT_3D('',#817,#818,#819);
#822=CARTESIAN_POINT('',(-2.4E0,0.E0,0.E0));
#823=DIRECTION('',(1.E0,0.E0,0.E0));
#824=DIRECTION('',(0.E0,0.E0,-1.E0));
#825=AXIS2_PLACEMENT_3D('',#822,#823,#824);
#827=CARTESIAN_POINT('',(-2.4E0,0.E0,0.E0));
#828=DIRECTION('',(1.E0,0.E0,0.E0));
#829=DIRECTION('',(0.E0,0.E0,1.E0));
#830=AXIS2_PLACEMENT_3D('',#827,#828,#829);
#832=DIRECTION('',(-1.E0,0.E0,0.E0));
#833=VECTOR('',#832,6.666666666700E-2);
#834=CARTESIAN_POINT('',(-2.4E0,0.E0,-3.35E0));
#835=LINE('',#834,#833);
#836=DIRECTION('',(-1.E0,0.E0,0.E0));
#837=VECTOR('',#836,6.666666666700E-2);
#838=CARTESIAN_POINT('',(-2.4E0,0.E0,3.35E0));
#839=LINE('',#838,#837);
#840=CARTESIAN_POINT('',(-2.466666666667E0,0.E0,0.E0));
#841=DIRECTION('',(1.E0,0.E0,0.E0));
#842=DIRECTION('',(0.E0,0.E0,-1.E0));
#843=AXIS2_PLACEMENT_3D('',#840,#841,#842);
#845=CARTESIAN_POINT('',(-2.466666666667E0,0.E0,0.E0));
#846=DIRECTION('',(1.E0,0.E0,0.E0));
#847=DIRECTION('',(0.E0,0.E0,1.E0));
#848=AXIS2_PLACEMENT_3D('',#845,#846,#847);
#850=CARTESIAN_POINT('',(-2.466666666667E0,0.E0,0.E0));
#851=DIRECTION('',(-1.E0,0.E0,0.E0));
#852=DIRECTION('',(0.E0,0.E0,1.E0));
#853=AXIS2_PLACEMENT_3D('',#850,#851,#852);
#855=CARTESIAN_POINT('',(-2.466666666667E0,0.E0,0.E0));
#856=DIRECTION('',(-1.E0,0.E0,0.E0));
#857=DIRECTION('',(0.E0,0.E0,-1.E0));
#858=AXIS2_PLACEMENT_3D('',#855,#856,#857);
#860=CARTESIAN_POINT('',(-2.408231682518E0,0.E0,0.E0));
#861=DIRECTION('',(1.E0,0.E0,0.E0));
#862=DIRECTION('',(0.E0,0.E0,-1.E0));
#863=AXIS2_PLACEMENT_3D('',#860,#861,#862);
#865=CARTESIAN_POINT('',(-2.2E0,0.E0,4.554843788128E0));
#866=DIRECTION('',(0.E0,-1.E0,0.E0));
#867=DIRECTION('',(-7.808688094419E-1,0.E0,6.246950475558E-1));
#868=AXIS2_PLACEMENT_3D('',#865,#866,#867);
#870=DIRECTION('',(6.246950475541E-1,0.E0,-7.808688094433E-1));
#871=VECTOR('',#870,3.163281059352E-1);
#872=CARTESIAN_POINT('',(-2.408231682518E0,0.E0,-4.721429134143E0));
#873=LINE('',#872,#871);
#874=DIRECTION('',(6.246950475541E-1,0.E0,7.808688094433E-1));
#875=VECTOR('',#874,3.163281059352E-1);
#876=CARTESIAN_POINT('',(-2.408231682518E0,0.E0,4.721429134143E0));
#877=LINE('',#876,#875);
#878=CARTESIAN_POINT('',(-2.210623081338E0,0.E0,0.E0));
#879=DIRECTION('',(-1.E0,0.E0,0.E0));
#880=DIRECTION('',(0.E0,0.E0,-1.E0));
#881=AXIS2_PLACEMENT_3D('',#878,#879,#880);
#883=CARTESIAN_POINT('',(-2.367260724315E0,0.E0,5.09375E0));
#884=DIRECTION('',(0.E0,-1.E0,0.E0));
#885=DIRECTION('',(7.808688094421E-1,0.E0,-6.246950475556E-1));
#886=AXIS2_PLACEMENT_3D('',#883,#884,#885);
#888=CARTESIAN_POINT('',(-2.367260724315E0,0.E0,-5.09375E0));
#889=DIRECTION('',(0.E0,1.E0,0.E0));
#890=DIRECTION('',(7.808688094421E-1,0.E0,6.246950475556E-1));
#891=AXIS2_PLACEMENT_3D('',#888,#889,#890);
#893=CARTESIAN_POINT('',(-2.210623081338E0,0.E0,0.E0));
#894=DIRECTION('',(-1.E0,0.E0,0.E0));
#895=DIRECTION('',(0.E0,0.E0,1.E0));
#896=AXIS2_PLACEMENT_3D('',#893,#894,#895);
#898=CARTESIAN_POINT('',(-2.166666666667E0,0.E0,0.E0));
#899=DIRECTION('',(1.E0,0.E0,0.E0));
#900=DIRECTION('',(0.E0,0.E0,-1.E0));
#901=AXIS2_PLACEMENT_3D('',#898,#899,#900);
#903=CARTESIAN_POINT('',(-2.166666666667E0,0.E0,0.E0));
#904=DIRECTION('',(1.E0,0.E0,0.E0));
#905=DIRECTION('',(0.E0,0.E0,1.E0));
#906=AXIS2_PLACEMENT_3D('',#903,#904,#905);
#908=CARTESIAN_POINT('',(-2.166666666667E0,0.E0,0.E0));
#909=DIRECTION('',(-1.E0,0.E0,0.E0));
#910=DIRECTION('',(0.E0,0.E0,1.E0));
#911=AXIS2_PLACEMENT_3D('',#908,#909,#910);
#913=CARTESIAN_POINT('',(-2.166666666667E0,0.E0,0.E0));
#914=DIRECTION('',(-1.E0,0.E0,0.E0));
#915=DIRECTION('',(0.E0,0.E0,-1.E0));
#916=AXIS2_PLACEMENT_3D('',#913,#914,#915);
#918=CARTESIAN_POINT('',(-2.2E0,0.E0,-5.1875E0));
#919=DIRECTION('',(0.E0,1.E0,0.E0));
#920=DIRECTION('',(1.E0,0.E0,0.E0));
#921=AXIS2_PLACEMENT_3D('',#918,#919,#920);
#923=CARTESIAN_POINT('',(-2.221450608885E0,0.E0,0.E0));
#924=DIRECTION('',(1.E0,0.E0,0.E0));
#925=DIRECTION('',(0.E0,0.E0,-1.E0));
#926=AXIS2_PLACEMENT_3D('',#923,#924,#925);
#928=CARTESIAN_POINT('',(-2.2E0,0.E0,5.1875E0));
#929=DIRECTION('',(0.E0,1.E0,0.E0));
#930=DIRECTION('',(-6.435182665527E-1,0.E0,7.654307549432E-1));
#931=AXIS2_PLACEMENT_3D('',#928,#929,#930);
#933=CARTESIAN_POINT('',(-2.221450608885E0,0.E0,0.E0));
#934=DIRECTION('',(1.E0,0.E0,0.E0));
#935=DIRECTION('',(0.E0,0.E0,1.E0));
#936=AXIS2_PLACEMENT_3D('',#933,#934,#935);
#938=DIRECTION('',(7.654307549444E-1,0.E0,-6.435182665513E-1));
#939=VECTOR('',#938,1.772180859844E-1);
#940=CARTESIAN_POINT('',(-2.357098782230E0,0.E0,-5.098971283004E0));
#941=LINE('',#940,#939);
#942=CARTESIAN_POINT('',(-2.357098782230E0,0.E0,0.E0));
#943=DIRECTION('',(-1.E0,0.E0,0.E0));
#944=DIRECTION('',(0.E0,0.E0,-1.E0));
#945=AXIS2_PLACEMENT_3D('',#942,#943,#944);
#947=DIRECTION('',(-6.435182665521E-1,0.E0,7.654307549437E-1));
#948=VECTOR('',#947,6.666666666662E-2);
#949=CARTESIAN_POINT('',(-2.357098782230E0,0.E0,5.098971283004E0));
#950=LINE('',#949,#948);
#951=CARTESIAN_POINT('',(-2.4E0,0.E0,0.E0));
#952=DIRECTION('',(-1.E0,0.E0,0.E0));
#953=DIRECTION('',(0.E0,0.E0,-1.E0));
#954=AXIS2_PLACEMENT_3D('',#951,#952,#953);
#956=DIRECTION('',(-1.E0,0.E0,0.E0));
#957=VECTOR('',#956,1.E-1);
#958=CARTESIAN_POINT('',(-2.4E0,0.E0,5.15E0));
#959=LINE('',#958,#957);
#960=CARTESIAN_POINT('',(-2.4E0,0.E0,0.E0));
#961=DIRECTION('',(-1.E0,0.E0,0.E0));
#962=DIRECTION('',(0.E0,0.E0,1.E0));
#963=AXIS2_PLACEMENT_3D('',#960,#961,#962);
#965=DIRECTION('',(-1.E0,0.E0,0.E0));
#966=VECTOR('',#965,1.E-1);
#967=CARTESIAN_POINT('',(-2.4E0,0.E0,-5.15E0));
#968=LINE('',#967,#966);
#969=CARTESIAN_POINT('',(-2.357098782230E0,0.E0,0.E0));
#970=DIRECTION('',(-1.E0,0.E0,0.E0));
#971=DIRECTION('',(0.E0,0.E0,1.E0));
#972=AXIS2_PLACEMENT_3D('',#969,#970,#971);
#974=DIRECTION('',(-6.435182665521E-1,0.E0,-7.654307549437E-1));
#975=VECTOR('',#974,6.666666666662E-2);
#976=CARTESIAN_POINT('',(-2.357098782230E0,0.E0,-5.098971283004E0));
#977=LINE('',#976,#975);
#978=DIRECTION('',(7.654307549444E-1,0.E0,6.435182665513E-1));
#979=VECTOR('',#978,1.772180859844E-1);
#980=CARTESIAN_POINT('',(-2.357098782230E0,0.E0,5.098971283004E0));
#981=LINE('',#980,#979);
#982=CARTESIAN_POINT('',(-2.5E0,0.E0,0.E0));
#983=DIRECTION('',(1.E0,0.E0,0.E0));
#984=DIRECTION('',(0.E0,0.E0,-1.E0));
#985=AXIS2_PLACEMENT_3D('',#982,#983,#984);
#987=CARTESIAN_POINT('',(-2.5E0,0.E0,0.E0));
#988=DIRECTION('',(1.E0,0.E0,0.E0));
#989=DIRECTION('',(0.E0,0.E0,1.E0));
#990=AXIS2_PLACEMENT_3D('',#987,#988,#989);
#992=CARTESIAN_POINT('',(-2.5E0,0.E0,0.E0));
#993=DIRECTION('',(-1.E0,0.E0,0.E0));
#994=DIRECTION('',(0.E0,0.E0,1.E0));
#995=AXIS2_PLACEMENT_3D('',#992,#993,#994);
#997=CARTESIAN_POINT('',(-2.5E0,0.E0,0.E0));
#998=DIRECTION('',(-1.E0,0.E0,0.E0));
#999=DIRECTION('',(0.E0,0.E0,-1.E0));
#1000=AXIS2_PLACEMENT_3D('',#997,#998,#999);
#1002=CARTESIAN_POINT('',(-2.3E0,0.E0,0.E0));
#1003=DIRECTION('',(1.E0,0.E0,0.E0));
#1004=DIRECTION('',(0.E0,0.E0,-1.E0));
#1005=AXIS2_PLACEMENT_3D('',#1002,#1003,#1004);
#1007=CARTESIAN_POINT('',(-2.3E0,0.E0,6.3E0));
#1008=DIRECTION('',(0.E0,-1.E0,0.E0));
#1009=DIRECTION('',(0.E0,0.E0,1.E0));
#1010=AXIS2_PLACEMENT_3D('',#1007,#1008,#1009);
#1012=DIRECTION('',(-1.E0,0.E0,0.E0));
#1013=VECTOR('',#1012,4.6E0);
#1014=CARTESIAN_POINT('',(2.3E0,0.E0,6.5E0));
#1015=LINE('',#1014,#1013);
#1016=CARTESIAN_POINT('',(2.3E0,0.E0,6.3E0));
#1017=DIRECTION('',(0.E0,-1.E0,0.E0));
#1018=DIRECTION('',(1.E0,0.E0,0.E0));
#1019=AXIS2_PLACEMENT_3D('',#1016,#1017,#1018);
#1021=CARTESIAN_POINT('',(2.3E0,0.E0,0.E0));
#1022=DIRECTION('',(-1.E0,0.E0,0.E0));
#1023=DIRECTION('',(0.E0,0.E0,1.E0));
#1024=AXIS2_PLACEMENT_3D('',#1021,#1022,#1023);
#1026=CARTESIAN_POINT('',(2.5E0,0.E0,0.E0));
#1027=DIRECTION('',(-1.E0,0.E0,0.E0));
#1028=DIRECTION('',(0.E0,0.E0,1.E0));
#1029=AXIS2_PLACEMENT_3D('',#1026,#1027,#1028);
#1031=CARTESIAN_POINT('',(2.5E0,0.E0,0.E0));
#1032=DIRECTION('',(-1.E0,0.E0,0.E0));
#1033=DIRECTION('',(0.E0,0.E0,-1.E0));
#1034=AXIS2_PLACEMENT_3D('',#1031,#1032,#1033);
#1036=CARTESIAN_POINT('',(2.5E0,0.E0,0.E0));
#1037=DIRECTION('',(1.E0,0.E0,0.E0));
#1038=DIRECTION('',(0.E0,0.E0,-1.E0));
#1039=AXIS2_PLACEMENT_3D('',#1036,#1037,#1038);
#1041=CARTESIAN_POINT('',(2.5E0,0.E0,0.E0));
#1042=DIRECTION('',(1.E0,0.E0,0.E0));
#1043=DIRECTION('',(0.E0,0.E0,1.E0));
#1044=AXIS2_PLACEMENT_3D('',#1041,#1042,#1043);
#1046=CARTESIAN_POINT('',(2.3E0,0.E0,-6.3E0));
#1047=DIRECTION('',(0.E0,1.E0,0.E0));
#1048=DIRECTION('',(1.E0,0.E0,0.E0));
#1049=AXIS2_PLACEMENT_3D('',#1046,#1047,#1048);
#1051=CARTESIAN_POINT('',(2.3E0,0.E0,0.E0));
#1052=DIRECTION('',(-1.E0,0.E0,0.E0));
#1053=DIRECTION('',(0.E0,0.E0,-1.E0));
#1054=AXIS2_PLACEMENT_3D('',#1051,#1052,#1053);
#1056=DIRECTION('',(-1.E0,0.E0,0.E0));
#1057=VECTOR('',#1056,4.6E0);
#1058=CARTESIAN_POINT('',(2.3E0,0.E0,-6.5E0));
#1059=LINE('',#1058,#1057);
#1060=CARTESIAN_POINT('',(-2.3E0,0.E0,-6.3E0));
#1061=DIRECTION('',(0.E0,1.E0,0.E0));
#1062=DIRECTION('',(0.E0,0.E0,-1.E0));
#1063=AXIS2_PLACEMENT_3D('',#1060,#1061,#1062);
#1065=CARTESIAN_POINT('',(-2.3E0,0.E0,0.E0));
#1066=DIRECTION('',(1.E0,0.E0,0.E0));
#1067=DIRECTION('',(0.E0,0.E0,1.E0));
#1068=AXIS2_PLACEMENT_3D('',#1065,#1066,#1067);
#1070=DIRECTION('',(-1.E0,0.E0,0.E0));
#1071=VECTOR('',#1070,1.E-1);
#1072=CARTESIAN_POINT('',(2.5E0,0.E0,-5.15E0));
#1073=LINE('',#1072,#1071);
#1074=CARTESIAN_POINT('',(2.4E0,0.E0,0.E0));
#1075=DIRECTION('',(-1.E0,0.E0,0.E0));
#1076=DIRECTION('',(0.E0,0.E0,1.E0));
#1077=AXIS2_PLACEMENT_3D('',#1074,#1075,#1076);
#1079=DIRECTION('',(6.435182665521E-1,0.E0,7.654307549437E-1));
#1080=VECTOR('',#1079,6.666666666662E-2);
#1081=CARTESIAN_POINT('',(2.357098782230E0,0.E0,5.098971283004E0));
#1082=LINE('',#1081,#1080);
#1083=CARTESIAN_POINT('',(2.4E0,0.E0,0.E0));
#1084=DIRECTION('',(-1.E0,0.E0,0.E0));
#1085=DIRECTION('',(0.E0,0.E0,-1.E0));
#1086=AXIS2_PLACEMENT_3D('',#1083,#1084,#1085);
#1088=DIRECTION('',(6.435182665521E-1,0.E0,-7.654307549437E-1));
#1089=VECTOR('',#1088,6.666666666662E-2);
#1090=CARTESIAN_POINT('',(2.357098782230E0,0.E0,-5.098971283004E0));
#1091=LINE('',#1090,#1089);
#1092=DIRECTION('',(-1.E0,0.E0,0.E0));
#1093=VECTOR('',#1092,1.E-1);
#1094=CARTESIAN_POINT('',(2.5E0,0.E0,5.15E0));
#1095=LINE('',#1094,#1093);
#1096=DIRECTION('',(-7.654307549444E-1,0.E0,6.435182665513E-1));
#1097=VECTOR('',#1096,1.772180859844E-1);
#1098=CARTESIAN_POINT('',(2.357098782230E0,0.E0,5.098971283004E0));
#1099=LINE('',#1098,#1097);
#1100=CARTESIAN_POINT('',(2.357098782230E0,0.E0,0.E0));
#1101=DIRECTION('',(-1.E0,0.E0,0.E0));
#1102=DIRECTION('',(0.E0,0.E0,-1.E0));
#1103=AXIS2_PLACEMENT_3D('',#1100,#1101,#1102);
#1105=CARTESIAN_POINT('',(2.357098782230E0,0.E0,0.E0));
#1106=DIRECTION('',(-1.E0,0.E0,0.E0));
#1107=DIRECTION('',(0.E0,0.E0,1.E0));
#1108=AXIS2_PLACEMENT_3D('',#1105,#1106,#1107);
#1110=DIRECTION('',(-7.654307549444E-1,0.E0,-6.435182665513E-1));
#1111=VECTOR('',#1110,1.772180859844E-1);
#1112=CARTESIAN_POINT('',(2.357098782230E0,0.E0,-5.098971283004E0));
#1113=LINE('',#1112,#1111);
#1114=CARTESIAN_POINT('',(2.2E0,0.E0,5.1875E0));
#1115=DIRECTION('',(0.E0,1.E0,0.E0));
#1116=DIRECTION('',(-1.E0,0.E0,0.E0));
#1117=AXIS2_PLACEMENT_3D('',#1114,#1115,#1116);
#1119=CARTESIAN_POINT('',(2.2E0,0.E0,5.1875E0));
#1120=DIRECTION('',(0.E0,1.E0,0.E0));
#1121=DIRECTION('',(0.E0,0.E0,1.E0));
#1122=AXIS2_PLACEMENT_3D('',#1119,#1120,#1121);
#1124=CARTESIAN_POINT('',(2.221450608885E0,0.E0,0.E0));
#1125=DIRECTION('',(-1.E0,0.E0,0.E0));
#1126=DIRECTION('',(0.E0,0.E0,1.E0));
#1127=AXIS2_PLACEMENT_3D('',#1124,#1125,#1126);
#1129=CARTESIAN_POINT('',(2.166666666667E0,0.E0,0.E0));
#1130=DIRECTION('',(-1.E0,0.E0,0.E0));
#1131=DIRECTION('',(0.E0,0.E0,1.E0));
#1132=AXIS2_PLACEMENT_3D('',#1129,#1130,#1131);
#1134=CARTESIAN_POINT('',(2.166666666667E0,0.E0,0.E0));
#1135=DIRECTION('',(-1.E0,0.E0,0.E0));
#1136=DIRECTION('',(0.E0,0.E0,-1.E0));
#1137=AXIS2_PLACEMENT_3D('',#1134,#1135,#1136);
#1139=CARTESIAN_POINT('',(2.166666666667E0,0.E0,0.E0));
#1140=DIRECTION('',(1.E0,0.E0,0.E0));
#1141=DIRECTION('',(0.E0,0.E0,-1.E0));
#1142=AXIS2_PLACEMENT_3D('',#1139,#1140,#1141);
#1144=CARTESIAN_POINT('',(2.166666666667E0,0.E0,0.E0));
#1145=DIRECTION('',(1.E0,0.E0,0.E0));
#1146=DIRECTION('',(0.E0,0.E0,1.E0));
#1147=AXIS2_PLACEMENT_3D('',#1144,#1145,#1146);
#1149=CARTESIAN_POINT('',(2.2E0,0.E0,-5.1875E0));
#1150=DIRECTION('',(0.E0,-1.E0,0.E0));
#1151=DIRECTION('',(0.E0,0.E0,-1.E0));
#1152=AXIS2_PLACEMENT_3D('',#1149,#1150,#1151);
#1154=CARTESIAN_POINT('',(2.221450608885E0,0.E0,0.E0));
#1155=DIRECTION('',(-1.E0,0.E0,0.E0));
#1156=DIRECTION('',(0.E0,0.E0,-1.E0));
#1157=AXIS2_PLACEMENT_3D('',#1154,#1155,#1156);
#1159=CARTESIAN_POINT('',(2.2E0,0.E0,-5.1875E0));
#1160=DIRECTION('',(0.E0,-1.E0,0.E0));
#1161=DIRECTION('',(-1.E0,0.E0,0.E0));
#1162=AXIS2_PLACEMENT_3D('',#1159,#1160,#1161);
#1164=CARTESIAN_POINT('',(2.210623081338E0,0.E0,0.E0));
#1165=DIRECTION('',(1.E0,0.E0,0.E0));
#1166=DIRECTION('',(0.E0,0.E0,-1.E0));
#1167=AXIS2_PLACEMENT_3D('',#1164,#1165,#1166);
#1169=CARTESIAN_POINT('',(2.367260724315E0,0.E0,5.09375E0));
#1170=DIRECTION('',(0.E0,1.E0,0.E0));
#1171=DIRECTION('',(-7.808688094421E-1,0.E0,-6.246950475556E-1));
#1172=AXIS2_PLACEMENT_3D('',#1169,#1170,#1171);
#1174=DIRECTION('',(-6.246950475541E-1,0.E0,7.808688094433E-1));
#1175=VECTOR('',#1174,3.163281059352E-1);
#1176=CARTESIAN_POINT('',(2.408231682518E0,0.E0,4.721429134143E0));
#1177=LINE('',#1176,#1175);
#1178=DIRECTION('',(-6.246950475541E-1,0.E0,-7.808688094433E-1));
#1179=VECTOR('',#1178,3.163281059352E-1);
#1180=CARTESIAN_POINT('',(2.408231682518E0,0.E0,-4.721429134143E0));
#1181=LINE('',#1180,#1179);
#1182=CARTESIAN_POINT('',(2.408231682518E0,0.E0,0.E0));
#1183=DIRECTION('',(-1.E0,0.E0,0.E0));
#1184=DIRECTION('',(0.E0,0.E0,-1.E0));
#1185=AXIS2_PLACEMENT_3D('',#1182,#1183,#1184);
#1187=CARTESIAN_POINT('',(2.2E0,0.E0,4.554843788128E0));
#1188=DIRECTION('',(0.E0,1.E0,0.E0));
#1189=DIRECTION('',(7.808688094419E-1,0.E0,6.246950475558E-1));
#1190=AXIS2_PLACEMENT_3D('',#1187,#1188,#1189);
#1192=CARTESIAN_POINT('',(2.2E0,0.E0,-4.554843788128E0));
#1193=DIRECTION('',(0.E0,-1.E0,0.E0));
#1194=DIRECTION('',(7.808688094419E-1,0.E0,-6.246950475558E-1));
#1195=AXIS2_PLACEMENT_3D('',#1192,#1193,#1194);
#1197=CARTESIAN_POINT('',(2.408231682518E0,0.E0,0.E0));
#1198=DIRECTION('',(-1.E0,0.E0,0.E0));
#1199=DIRECTION('',(0.E0,0.E0,1.E0));
#1200=AXIS2_PLACEMENT_3D('',#1197,#1198,#1199);
#1202=CARTESIAN_POINT('',(2.466666666667E0,0.E0,0.E0));
#1203=DIRECTION('',(-1.E0,0.E0,0.E0));
#1204=DIRECTION('',(0.E0,0.E0,1.E0));
#1205=AXIS2_PLACEMENT_3D('',#1202,#1203,#1204);
#1207=CARTESIAN_POINT('',(2.466666666667E0,0.E0,0.E0));
#1208=DIRECTION('',(-1.E0,0.E0,0.E0));
#1209=DIRECTION('',(0.E0,0.E0,-1.E0));
#1210=AXIS2_PLACEMENT_3D('',#1207,#1208,#1209);
#1212=CARTESIAN_POINT('',(2.466666666667E0,0.E0,0.E0));
#1213=DIRECTION('',(1.E0,0.E0,0.E0));
#1214=DIRECTION('',(0.E0,0.E0,-1.E0));
#1215=AXIS2_PLACEMENT_3D('',#1212,#1213,#1214);
#1217=CARTESIAN_POINT('',(2.466666666667E0,0.E0,0.E0));
#1218=DIRECTION('',(1.E0,0.E0,0.E0));
#1219=DIRECTION('',(0.E0,0.E0,1.E0));
#1220=AXIS2_PLACEMENT_3D('',#1217,#1218,#1219);
#1222=DIRECTION('',(1.E0,0.E0,0.E0));
#1223=VECTOR('',#1222,6.666666666700E-2);
#1224=CARTESIAN_POINT('',(2.4E0,0.E0,3.35E0));
#1225=LINE('',#1224,#1223);
#1226=CARTESIAN_POINT('',(2.4E0,0.E0,0.E0));
#1227=DIRECTION('',(1.E0,0.E0,0.E0));
#1228=DIRECTION('',(0.E0,0.E0,-1.E0));
#1229=AXIS2_PLACEMENT_3D('',#1226,#1227,#1228);
#1231=CARTESIAN_POINT('',(2.4E0,0.E0,0.E0));
#1232=DIRECTION('',(1.E0,0.E0,0.E0));
#1233=DIRECTION('',(0.E0,0.E0,1.E0));
#1234=AXIS2_PLACEMENT_3D('',#1231,#1232,#1233);
#1236=CARTESIAN_POINT('',(2.4E0,0.E0,0.E0));
#1237=DIRECTION('',(-1.E0,0.E0,0.E0));
#1238=DIRECTION('',(0.E0,0.E0,1.E0));
#1239=AXIS2_PLACEMENT_3D('',#1236,#1237,#1238);
#1241=CARTESIAN_POINT('',(2.4E0,0.E0,0.E0));
#1242=DIRECTION('',(-1.E0,0.E0,0.E0));
#1243=DIRECTION('',(0.E0,0.E0,-1.E0));
#1244=AXIS2_PLACEMENT_3D('',#1241,#1242,#1243);
#1246=CARTESIAN_POINT('',(2.356173761889E0,0.E0,0.E0));
#1247=DIRECTION('',(1.E0,0.E0,0.E0));
#1248=DIRECTION('',(0.E0,0.E0,-1.E0));
#1249=AXIS2_PLACEMENT_3D('',#1246,#1247,#1248);
#1251=CARTESIAN_POINT('',(2.2E0,0.E0,4.554843788128E0));
#1252=DIRECTION('',(0.E0,1.E0,0.E0));
#1253=DIRECTION('',(7.808688094435E-1,0.E0,6.246950475538E-1));
#1254=AXIS2_PLACEMENT_3D('',#1251,#1252,#1253);
#1256=DIRECTION('',(-6.246950475539E-1,0.E0,-7.808688094434E-1));
#1257=VECTOR('',#1256,3.163281059366E-1);
#1258=CARTESIAN_POINT('',(2.356173761889E0,0.E0,-4.679782797639E0));
#1259=LINE('',#1258,#1257);
#1260=DIRECTION('',(-6.246950475539E-1,0.E0,7.808688094434E-1));
#1261=VECTOR('',#1260,3.163281059366E-1);
#1262=CARTESIAN_POINT('',(2.356173761889E0,0.E0,4.679782797639E0));
#1263=LINE('',#1262,#1261);
#1264=CARTESIAN_POINT('',(2.1E0,0.E0,0.E0));
#1265=DIRECTION('',(1.E0,0.E0,0.E0));
#1266=DIRECTION('',(0.E0,0.E0,1.E0));
#1267=AXIS2_PLACEMENT_3D('',#1264,#1265,#1266);
#1269=CARTESIAN_POINT('',(2.158565160708E0,0.E0,0.E0));
#1270=DIRECTION('',(-1.E0,0.E0,0.E0));
#1271=DIRECTION('',(0.E0,0.E0,-1.E0));
#1272=AXIS2_PLACEMENT_3D('',#1269,#1270,#1271);
#1274=CARTESIAN_POINT('',(2.367260724315E0,0.E0,5.09375E0));
#1275=DIRECTION('',(0.E0,1.E0,0.E0));
#1276=DIRECTION('',(-7.808688094441E-1,0.E0,-6.246950475531E-1));
#1277=AXIS2_PLACEMENT_3D('',#1274,#1275,#1276);
#1279=CARTESIAN_POINT('',(2.1E0,0.E0,0.E0));
#1280=DIRECTION('',(1.E0,0.E0,0.E0));
#1281=DIRECTION('',(0.E0,0.E0,-1.E0));
#1282=AXIS2_PLACEMENT_3D('',#1279,#1280,#1281);
#1284=CARTESIAN_POINT('',(2.1E0,0.E0,0.E0));
#1285=DIRECTION('',(1.E0,0.E0,0.E0));
#1286=DIRECTION('',(0.E0,0.E0,1.E0));
#1287=AXIS2_PLACEMENT_3D('',#1284,#1285,#1286);
#1289=CARTESIAN_POINT('',(2.1E0,0.E0,0.E0));
#1290=DIRECTION('',(1.E0,0.E0,0.E0));
#1291=DIRECTION('',(0.E0,0.E0,-1.E0));
#1292=AXIS2_PLACEMENT_3D('',#1289,#1290,#1291);
#1294=CARTESIAN_POINT('',(2.158565160708E0,0.E0,0.E0));
#1295=DIRECTION('',(-1.E0,0.E0,0.E0));
#1296=DIRECTION('',(0.E0,0.E0,1.E0));
#1297=AXIS2_PLACEMENT_3D('',#1294,#1295,#1296);
#1299=CARTESIAN_POINT('',(2.367260724315E0,0.E0,-5.09375E0));
#1300=DIRECTION('',(0.E0,-1.E0,0.E0));
#1301=DIRECTION('',(-7.808688094441E-1,0.E0,6.246950475531E-1));
#1302=AXIS2_PLACEMENT_3D('',#1299,#1300,#1301);
#1304=DIRECTION('',(-1.E0,0.E0,0.E0));
#1305=VECTOR('',#1304,1.163250300240E0);
#1306=CARTESIAN_POINT('',(2.1E0,0.E0,-5.E0));
#1307=LINE('',#1306,#1305);
#1308=DIRECTION('',(-1.E0,0.E0,0.E0));
#1309=VECTOR('',#1308,1.163250300240E0);
#1310=CARTESIAN_POINT('',(2.1E0,0.E0,5.E0));
#1311=LINE('',#1310,#1309);
#1312=CARTESIAN_POINT('',(9.367496997598E-1,0.E0,0.E0));
#1313=DIRECTION('',(-1.E0,0.E0,0.E0));
#1314=DIRECTION('',(0.E0,0.E0,-1.E0));
#1315=AXIS2_PLACEMENT_3D('',#1312,#1313,#1314);
#1317=CARTESIAN_POINT('',(0.E0,0.E0,4.25E0));
#1318=DIRECTION('',(0.E0,-1.E0,0.E0));
#1319=DIRECTION('',(7.806247497998E-1,0.E0,6.25E-1));
#1320=AXIS2_PLACEMENT_3D('',#1317,#1318,#1319);
#1322=CARTESIAN_POINT('',(-9.367496997598E-1,0.E0,0.E0));
#1323=DIRECTION('',(1.E0,0.E0,0.E0));
#1324=DIRECTION('',(0.E0,0.E0,1.E0));
#1325=AXIS2_PLACEMENT_3D('',#1322,#1323,#1324);
#1327=CARTESIAN_POINT('',(0.E0,0.E0,-4.25E0));
#1328=DIRECTION('',(0.E0,-1.E0,0.E0));
#1329=DIRECTION('',(-7.806247497998E-1,0.E0,-6.25E-1));
#1330=AXIS2_PLACEMENT_3D('',#1327,#1328,#1329);
#1332=CARTESIAN_POINT('',(-9.367496997598E-1,0.E0,0.E0));
#1333=DIRECTION('',(1.E0,0.E0,0.E0));
#1334=DIRECTION('',(0.E0,0.E0,-1.E0));
#1335=AXIS2_PLACEMENT_3D('',#1332,#1333,#1334);
#1337=CARTESIAN_POINT('',(9.367496997598E-1,0.E0,0.E0));
#1338=DIRECTION('',(-1.E0,0.E0,0.E0));
#1339=DIRECTION('',(0.E0,0.E0,1.E0));
#1340=AXIS2_PLACEMENT_3D('',#1337,#1338,#1339);
#1342=DIRECTION('',(-1.E0,0.E0,0.E0));
#1343=VECTOR('',#1342,1.163250300240E0);
#1344=CARTESIAN_POINT('',(-9.367496997598E-1,0.E0,-5.E0));
#1345=LINE('',#1344,#1343);
#1346=DIRECTION('',(-1.E0,0.E0,0.E0));
#1347=VECTOR('',#1346,1.163250300240E0);
#1348=CARTESIAN_POINT('',(-9.367496997598E-1,0.E0,5.E0));
#1349=LINE('',#1348,#1347);
#1350=CARTESIAN_POINT('',(-2.1E0,0.E0,0.E0));
#1351=DIRECTION('',(-1.E0,0.E0,0.E0));
#1352=DIRECTION('',(0.E0,0.E0,1.E0));
#1353=AXIS2_PLACEMENT_3D('',#1350,#1351,#1352);
#1355=CARTESIAN_POINT('',(-2.1E0,0.E0,0.E0));
#1356=DIRECTION('',(-1.E0,0.E0,0.E0));
#1357=DIRECTION('',(0.E0,0.E0,-1.E0));
#1358=AXIS2_PLACEMENT_3D('',#1355,#1356,#1357);
#1360=CARTESIAN_POINT('',(-2.1E0,0.E0,0.E0));
#1361=DIRECTION('',(-1.E0,0.E0,0.E0));
#1362=DIRECTION('',(0.E0,0.E0,1.E0));
#1363=AXIS2_PLACEMENT_3D('',#1360,#1361,#1362);
#1365=CARTESIAN_POINT('',(-2.1E0,0.E0,0.E0));
#1366=DIRECTION('',(-1.E0,0.E0,0.E0));
#1367=DIRECTION('',(0.E0,0.E0,-1.E0));
#1368=AXIS2_PLACEMENT_3D('',#1365,#1366,#1367);
#1370=CARTESIAN_POINT('',(-2.158565160708E0,0.E0,0.E0));
#1371=DIRECTION('',(1.E0,0.E0,0.E0));
#1372=DIRECTION('',(0.E0,0.E0,-1.E0));
#1373=AXIS2_PLACEMENT_3D('',#1370,#1371,#1372);
#1375=CARTESIAN_POINT('',(-2.367260724315E0,0.E0,5.09375E0));
#1376=DIRECTION('',(0.E0,-1.E0,0.E0));
#1377=DIRECTION('',(7.808688094441E-1,0.E0,-6.246950475531E-1));
#1378=AXIS2_PLACEMENT_3D('',#1375,#1376,#1377);
#1380=CARTESIAN_POINT('',(-2.158565160708E0,0.E0,0.E0));
#1381=DIRECTION('',(1.E0,0.E0,0.E0));
#1382=DIRECTION('',(0.E0,0.E0,1.E0));
#1383=AXIS2_PLACEMENT_3D('',#1380,#1381,#1382);
#1385=CARTESIAN_POINT('',(-2.367260724315E0,0.E0,-5.09375E0));
#1386=DIRECTION('',(0.E0,1.E0,0.E0));
#1387=DIRECTION('',(7.808688094441E-1,0.E0,6.246950475531E-1));
#1388=AXIS2_PLACEMENT_3D('',#1385,#1386,#1387);
#1390=CARTESIAN_POINT('',(2.2E0,0.E0,-4.554843788128E0));
#1391=DIRECTION('',(0.E0,-1.E0,0.E0));
#1392=DIRECTION('',(7.808688094435E-1,0.E0,-6.246950475538E-1));
#1393=AXIS2_PLACEMENT_3D('',#1390,#1391,#1392);
#1395=CARTESIAN_POINT('',(2.356173761889E0,0.E0,0.E0));
#1396=DIRECTION('',(1.E0,0.E0,0.E0));
#1397=DIRECTION('',(0.E0,0.E0,1.E0));
#1398=AXIS2_PLACEMENT_3D('',#1395,#1396,#1397);
#1400=DIRECTION('',(1.E0,0.E0,0.E0));
#1401=VECTOR('',#1400,6.666666666700E-2);
#1402=CARTESIAN_POINT('',(2.4E0,0.E0,-3.35E0));
#1403=LINE('',#1402,#1401);
#1404=CARTESIAN_POINT('',(2.367260724315E0,0.E0,-5.09375E0));
#1405=DIRECTION('',(0.E0,-1.E0,0.E0));
#1406=DIRECTION('',(-7.808688094421E-1,0.E0,6.246950475556E-1));
#1407=AXIS2_PLACEMENT_3D('',#1404,#1405,#1406);
#1409=CARTESIAN_POINT('',(2.210623081338E0,0.E0,0.E0));
#1410=DIRECTION('',(1.E0,0.E0,0.E0));
#1411=DIRECTION('',(0.E0,0.E0,1.E0));
#1412=AXIS2_PLACEMENT_3D('',#1409,#1410,#1411);
#1414=CARTESIAN_POINT('',(-2.2E0,0.E0,-4.554843788128E0));
#1415=DIRECTION('',(0.E0,1.E0,0.E0));
#1416=DIRECTION('',(-7.808688094419E-1,0.E0,-6.246950475558E-1));
#1417=AXIS2_PLACEMENT_3D('',#1414,#1415,#1416);
#1419=CARTESIAN_POINT('',(-2.408231682518E0,0.E0,0.E0));
#1420=DIRECTION('',(1.E0,0.E0,0.E0));
#1421=DIRECTION('',(0.E0,0.E0,1.E0));
#1422=AXIS2_PLACEMENT_3D('',#1419,#1420,#1421);
#1424=CARTESIAN_POINT('',(2.356173761889E0,0.E0,-4.679782797639E0));
#1425=CARTESIAN_POINT('',(2.4E0,0.E0,-4.554843788128E0));
#1426=VERTEX_POINT('',#1424);
#1427=VERTEX_POINT('',#1425);
#1428=CARTESIAN_POINT('',(2.4E0,0.E0,4.554843788128E0));
#1429=VERTEX_POINT('',#1428);
#1430=CARTESIAN_POINT('',(2.356173761889E0,0.E0,4.679782797639E0));
#1431=VERTEX_POINT('',#1430);
#1432=CARTESIAN_POINT('',(2.158565160708E0,0.E0,-4.926793549115E0));
#1433=VERTEX_POINT('',#1432);
#1434=CARTESIAN_POINT('',(2.158565160708E0,0.E0,4.926793549115E0));
#1435=VERTEX_POINT('',#1434);
#1436=CARTESIAN_POINT('',(2.357098782230E0,0.E0,-5.098971283004E0));
#1437=CARTESIAN_POINT('',(2.357098782230E0,0.E0,5.098971283004E0));
#1438=VERTEX_POINT('',#1436);
#1439=VERTEX_POINT('',#1437);
#1440=CARTESIAN_POINT('',(2.221450608885E0,0.E0,-5.213014358498E0));
#1441=VERTEX_POINT('',#1440);
#1442=CARTESIAN_POINT('',(2.221450608885E0,0.E0,5.213014358498E0));
#1443=VERTEX_POINT('',#1442);
#1444=CARTESIAN_POINT('',(2.2E0,0.E0,-5.220833333333E0));
#1445=VERTEX_POINT('',#1444);
#1446=CARTESIAN_POINT('',(2.2E0,0.E0,5.220833333333E0));
#1447=VERTEX_POINT('',#1446);
#1448=CARTESIAN_POINT('',(2.166666666667E0,0.E0,5.1875E0));
#1449=VERTEX_POINT('',#1448);
#1450=CARTESIAN_POINT('',(2.166666666667E0,0.E0,-5.1875E0));
#1451=VERTEX_POINT('',#1450);
#1452=CARTESIAN_POINT('',(2.166666666667E0,0.E0,-5.09375E0));
#1453=CARTESIAN_POINT('',(2.166666666667E0,0.E0,5.09375E0));
#1454=VERTEX_POINT('',#1452);
#1455=VERTEX_POINT('',#1453);
#1456=CARTESIAN_POINT('',(2.210623081338E0,0.E0,-4.968439885618E0));
#1457=CARTESIAN_POINT('',(2.210623081338E0,0.E0,4.968439885618E0));
#1458=VERTEX_POINT('',#1456);
#1459=VERTEX_POINT('',#1457);
#1460=CARTESIAN_POINT('',(2.408231682518E0,0.E0,4.721429134143E0));
#1461=VERTEX_POINT('',#1460);
#1462=CARTESIAN_POINT('',(2.408231682518E0,0.E0,-4.721429134143E0));
#1463=VERTEX_POINT('',#1462);
#1464=CARTESIAN_POINT('',(2.466666666667E0,0.E0,4.554843788128E0));
#1465=VERTEX_POINT('',#1464);
#1466=CARTESIAN_POINT('',(2.466666666667E0,0.E0,-4.554843788128E0));
#1467=VERTEX_POINT('',#1466);
#1468=CARTESIAN_POINT('',(2.466666666667E0,0.E0,-3.35E0));
#1469=CARTESIAN_POINT('',(2.466666666667E0,0.E0,3.35E0));
#1470=VERTEX_POINT('',#1468);
#1471=VERTEX_POINT('',#1469);
#1472=CARTESIAN_POINT('',(2.4E0,0.E0,3.35E0));
#1473=CARTESIAN_POINT('',(2.4E0,0.E0,-3.35E0));
#1474=VERTEX_POINT('',#1472);
#1475=VERTEX_POINT('',#1473);
#1476=CARTESIAN_POINT('',(2.5E0,0.E0,6.3E0));
#1477=CARTESIAN_POINT('',(2.5E0,0.E0,-6.3E0));
#1478=VERTEX_POINT('',#1476);
#1479=VERTEX_POINT('',#1477);
#1480=CARTESIAN_POINT('',(2.3E0,0.E0,6.5E0));
#1481=VERTEX_POINT('',#1480);
#1482=CARTESIAN_POINT('',(2.3E0,0.E0,-6.5E0));
#1483=VERTEX_POINT('',#1482);
#1484=CARTESIAN_POINT('',(2.5E0,0.E0,-5.15E0));
#1485=CARTESIAN_POINT('',(2.5E0,0.E0,5.15E0));
#1486=VERTEX_POINT('',#1484);
#1487=VERTEX_POINT('',#1485);
#1488=CARTESIAN_POINT('',(-2.3E0,0.E0,-6.5E0));
#1489=VERTEX_POINT('',#1488);
#1490=CARTESIAN_POINT('',(-2.3E0,0.E0,6.5E0));
#1491=VERTEX_POINT('',#1490);
#1492=CARTESIAN_POINT('',(-2.5E0,0.E0,6.3E0));
#1493=VERTEX_POINT('',#1492);
#1494=CARTESIAN_POINT('',(-2.5E0,0.E0,-6.3E0));
#1495=VERTEX_POINT('',#1494);
#1496=CARTESIAN_POINT('',(-2.5E0,0.E0,5.15E0));
#1497=CARTESIAN_POINT('',(-2.5E0,0.E0,-5.15E0));
#1498=VERTEX_POINT('',#1496);
#1499=VERTEX_POINT('',#1497);
#1500=CARTESIAN_POINT('',(-2.1E0,0.E0,5.E0));
#1501=CARTESIAN_POINT('',(-2.1E0,0.E0,-5.E0));
#1502=VERTEX_POINT('',#1500);
#1503=VERTEX_POINT('',#1501);
#1504=CARTESIAN_POINT('',(-9.367496997598E-1,0.E0,-5.E0));
#1505=VERTEX_POINT('',#1504);
#1506=CARTESIAN_POINT('',(-9.367496997598E-1,0.E0,5.E0));
#1507=VERTEX_POINT('',#1506);
#1508=CARTESIAN_POINT('',(9.367496997598E-1,0.E0,-5.E0));
#1509=CARTESIAN_POINT('',(9.367496997598E-1,0.E0,5.E0));
#1510=VERTEX_POINT('',#1508);
#1511=VERTEX_POINT('',#1509);
#1512=CARTESIAN_POINT('',(2.1E0,0.E0,5.E0));
#1513=CARTESIAN_POINT('',(2.1E0,0.E0,-5.E0));
#1514=VERTEX_POINT('',#1512);
#1515=VERTEX_POINT('',#1513);
#1516=CARTESIAN_POINT('',(2.1E0,0.E0,5.09375E0));
#1517=CARTESIAN_POINT('',(2.1E0,0.E0,-5.09375E0));
#1518=VERTEX_POINT('',#1516);
#1519=VERTEX_POINT('',#1517);
#1520=CARTESIAN_POINT('',(2.4E0,0.E0,-5.15E0));
#1521=CARTESIAN_POINT('',(2.4E0,0.E0,5.15E0));
#1522=VERTEX_POINT('',#1520);
#1523=VERTEX_POINT('',#1521);
#1524=CARTESIAN_POINT('',(-2.357098782230E0,0.E0,5.098971283004E0));
#1525=CARTESIAN_POINT('',(-2.221450608885E0,0.E0,5.213014358498E0));
#1526=VERTEX_POINT('',#1524);
#1527=VERTEX_POINT('',#1525);
#1528=CARTESIAN_POINT('',(-2.221450608885E0,0.E0,-5.213014358498E0));
#1529=VERTEX_POINT('',#1528);
#1530=CARTESIAN_POINT('',(-2.357098782230E0,0.E0,-5.098971283004E0));
#1531=VERTEX_POINT('',#1530);
#1532=CARTESIAN_POINT('',(-2.158565160708E0,0.E0,-4.926793549115E0));
#1533=CARTESIAN_POINT('',(-2.158565160708E0,0.E0,4.926793549115E0));
#1534=VERTEX_POINT('',#1532);
#1535=VERTEX_POINT('',#1533);
#1536=CARTESIAN_POINT('',(-2.356173761889E0,0.E0,4.679782797639E0));
#1537=VERTEX_POINT('',#1536);
#1538=CARTESIAN_POINT('',(-2.356173761889E0,0.E0,-4.679782797639E0));
#1539=VERTEX_POINT('',#1538);
#1540=CARTESIAN_POINT('',(-2.4E0,0.E0,4.554843788128E0));
#1541=VERTEX_POINT('',#1540);
#1542=CARTESIAN_POINT('',(-2.4E0,0.E0,-4.554843788128E0));
#1543=VERTEX_POINT('',#1542);
#1544=CARTESIAN_POINT('',(-2.4E0,0.E0,-3.35E0));
#1545=CARTESIAN_POINT('',(-2.4E0,0.E0,3.35E0));
#1546=VERTEX_POINT('',#1544);
#1547=VERTEX_POINT('',#1545);
#1548=CARTESIAN_POINT('',(-2.466666666667E0,0.E0,-3.35E0));
#1549=VERTEX_POINT('',#1548);
#1550=CARTESIAN_POINT('',(-2.466666666667E0,0.E0,3.35E0));
#1551=VERTEX_POINT('',#1550);
#1552=CARTESIAN_POINT('',(-2.466666666667E0,0.E0,-4.554843788128E0));
#1553=CARTESIAN_POINT('',(-2.466666666667E0,0.E0,4.554843788128E0));
#1554=VERTEX_POINT('',#1552);
#1555=VERTEX_POINT('',#1553);
#1556=CARTESIAN_POINT('',(-2.408231682518E0,0.E0,-4.721429134143E0));
#1557=CARTESIAN_POINT('',(-2.408231682518E0,0.E0,4.721429134143E0));
#1558=VERTEX_POINT('',#1556);
#1559=VERTEX_POINT('',#1557);
#1560=CARTESIAN_POINT('',(-2.210623081338E0,0.E0,-4.968439885618E0));
#1561=VERTEX_POINT('',#1560);
#1562=CARTESIAN_POINT('',(-2.210623081338E0,0.E0,4.968439885618E0));
#1563=VERTEX_POINT('',#1562);
#1564=CARTESIAN_POINT('',(-2.166666666667E0,0.E0,5.09375E0));
#1565=VERTEX_POINT('',#1564);
#1566=CARTESIAN_POINT('',(-2.166666666667E0,0.E0,-5.09375E0));
#1567=VERTEX_POINT('',#1566);
#1568=CARTESIAN_POINT('',(-2.166666666667E0,0.E0,-5.1875E0));
#1569=CARTESIAN_POINT('',(-2.166666666667E0,0.E0,5.1875E0));
#1570=VERTEX_POINT('',#1568);
#1571=VERTEX_POINT('',#1569);
#1572=CARTESIAN_POINT('',(-2.4E0,0.E0,5.15E0));
#1573=CARTESIAN_POINT('',(-2.4E0,0.E0,-5.15E0));
#1574=VERTEX_POINT('',#1572);
#1575=VERTEX_POINT('',#1573);
#1576=CARTESIAN_POINT('',(-2.1E0,0.E0,5.09375E0));
#1577=CARTESIAN_POINT('',(-2.1E0,0.E0,-5.09375E0));
#1578=VERTEX_POINT('',#1576);
#1579=VERTEX_POINT('',#1577);
#1580=CARTESIAN_POINT('',(-2.257369461298E0,0.E0,0.E0));
#1581=DIRECTION('',(1.E0,0.E0,0.E0));
#1582=DIRECTION('',(0.E0,0.E0,-1.E0));
#1583=AXIS2_PLACEMENT_3D('',#1580,#1581,#1582);
#1584=CONICAL_SURFACE('',#1583,4.803288173377E0,5.134019174591E1);
#1586=ORIENTED_EDGE('',*,*,#1585,.T.);
#1588=ORIENTED_EDGE('',*,*,#1587,.F.);
#1590=ORIENTED_EDGE('',*,*,#1589,.F.);
#1592=ORIENTED_EDGE('',*,*,#1591,.F.);
#1593=EDGE_LOOP('',(#1586,#1588,#1590,#1592));
#1594=FACE_OUTER_BOUND('',#1593,.F.);
#1595=ADVANCED_FACE('',(#1594),#1584,.F.);
#1596=CARTESIAN_POINT('',(-2.257369461298E0,0.E0,0.E0));
#1597=DIRECTION('',(1.E0,0.E0,0.E0));
#1598=DIRECTION('',(0.E0,0.E0,-1.E0));
#1599=AXIS2_PLACEMENT_3D('',#1596,#1597,#1598);
#1600=CONICAL_SURFACE('',#1599,4.803288173377E0,5.134019174591E1);
#1602=ORIENTED_EDGE('',*,*,#1601,.F.);
#1603=ORIENTED_EDGE('',*,*,#1589,.T.);
#1605=ORIENTED_EDGE('',*,*,#1604,.F.);
#1606=ORIENTED_EDGE('',*,*,#1585,.F.);
#1607=EDGE_LOOP('',(#1602,#1603,#1605,#1606));
#1608=FACE_OUTER_BOUND('',#1607,.F.);
#1609=ADVANCED_FACE('',(#1608),#1600,.F.);
#1610=CARTESIAN_POINT('',(-2.2E0,0.E0,0.E0));
#1611=DIRECTION('',(-1.E0,0.E0,0.E0));
#1612=DIRECTION('',(0.E0,0.E0,1.E0));
#1613=AXIS2_PLACEMENT_3D('',#1610,#1611,#1612);
#1614=TOROIDAL_SURFACE('',#1613,4.554843788128E0,2.E-1);
#1615=ORIENTED_EDGE('',*,*,#1601,.T.);
#1617=ORIENTED_EDGE('',*,*,#1616,.T.);
#1619=ORIENTED_EDGE('',*,*,#1618,.F.);
#1621=ORIENTED_EDGE('',*,*,#1620,.F.);
#1622=EDGE_LOOP('',(#1615,#1617,#1619,#1621));
#1623=FACE_OUTER_BOUND('',#1622,.F.);
#1624=ADVANCED_FACE('',(#1623),#1614,.F.);
#1625=CARTESIAN_POINT('',(-2.2E0,0.E0,0.E0));
#1626=DIRECTION('',(-1.E0,0.E0,0.E0));
#1627=DIRECTION('',(0.E0,0.E0,1.E0));
#1628=AXIS2_PLACEMENT_3D('',#1625,#1626,#1627);
#1629=TOROIDAL_SURFACE('',#1628,4.554843788128E0,2.E-1);
#1630=ORIENTED_EDGE('',*,*,#1620,.T.);
#1632=ORIENTED_EDGE('',*,*,#1631,.F.);
#1633=ORIENTED_EDGE('',*,*,#1616,.F.);
#1634=ORIENTED_EDGE('',*,*,#1591,.T.);
#1635=EDGE_LOOP('',(#1630,#1632,#1633,#1634));
#1636=FACE_OUTER_BOUND('',#1635,.F.);
#1637=ADVANCED_FACE('',(#1636),#1629,.F.);
#1638=CARTESIAN_POINT('',(-2.4E0,4.554843788128E0,0.E0));
#1639=DIRECTION('',(1.E0,0.E0,0.E0));
#1640=DIRECTION('',(0.E0,0.E0,-1.E0));
#1641=AXIS2_PLACEMENT_3D('',#1638,#1639,#1640);
#1642=PLANE('',#1641);
#1643=ORIENTED_EDGE('',*,*,#1631,.T.);
#1644=ORIENTED_EDGE('',*,*,#1618,.T.);
#1645=EDGE_LOOP('',(#1643,#1644));
#1646=FACE_OUTER_BOUND('',#1645,.F.);
#1648=ORIENTED_EDGE('',*,*,#1647,.T.);
#1650=ORIENTED_EDGE('',*,*,#1649,.T.);
#1651=EDGE_LOOP('',(#1648,#1650));
#1652=FACE_BOUND('',#1651,.F.);
#1653=ADVANCED_FACE('',(#1646,#1652),#1642,.T.);
#1654=CARTESIAN_POINT('',(0.E0,0.E0,0.E0));
#1655=DIRECTION('',(-1.E0,0.E0,0.E0));
#1656=DIRECTION('',(0.E0,0.E0,1.E0));
#1657=AXIS2_PLACEMENT_3D('',#1654,#1655,#1656);
#1658=CYLINDRICAL_SURFACE('',#1657,3.35E0);
#1660=ORIENTED_EDGE('',*,*,#1659,.T.);
#1662=ORIENTED_EDGE('',*,*,#1661,.F.);
#1664=ORIENTED_EDGE('',*,*,#1663,.F.);
#1665=ORIENTED_EDGE('',*,*,#1647,.F.);
#1666=EDGE_LOOP('',(#1660,#1662,#1664,#1665));
#1667=FACE_OUTER_BOUND('',#1666,.F.);
#1668=ADVANCED_FACE('',(#1667),#1658,.F.);
#1669=CARTESIAN_POINT('',(0.E0,0.E0,0.E0));
#1670=DIRECTION('',(-1.E0,0.E0,0.E0));
#1671=DIRECTION('',(0.E0,0.E0,1.E0));
#1672=AXIS2_PLACEMENT_3D('',#1669,#1670,#1671);
#1673=CYLINDRICAL_SURFACE('',#1672,3.35E0);
#1674=ORIENTED_EDGE('',*,*,#1649,.F.);
#1675=ORIENTED_EDGE('',*,*,#1663,.T.);
#1677=ORIENTED_EDGE('',*,*,#1676,.F.);
#1678=ORIENTED_EDGE('',*,*,#1659,.F.);
#1679=EDGE_LOOP('',(#1674,#1675,#1677,#1678));
#1680=FACE_OUTER_BOUND('',#1679,.F.);
#1681=ADVANCED_FACE('',(#1680),#1673,.F.);
#1682=CARTESIAN_POINT('',(-2.466666666667E0,4.554843788128E0,0.E0));
#1683=DIRECTION('',(1.E0,0.E0,0.E0));
#1684=DIRECTION('',(0.E0,0.E0,-1.E0));
#1685=AXIS2_PLACEMENT_3D('',#1682,#1683,#1684);
#1686=PLANE('',#1685);
#1688=ORIENTED_EDGE('',*,*,#1687,.T.);
#1690=ORIENTED_EDGE('',*,*,#1689,.T.);
#1691=EDGE_LOOP('',(#1688,#1690));
#1692=FACE_OUTER_BOUND('',#1691,.F.);
#1693=ORIENTED_EDGE('',*,*,#1661,.T.);
#1694=ORIENTED_EDGE('',*,*,#1676,.T.);
#1695=EDGE_LOOP('',(#1693,#1694));
#1696=FACE_BOUND('',#1695,.F.);
#1697=ADVANCED_FACE('',(#1692,#1696),#1686,.F.);
#1698=CARTESIAN_POINT('',(-2.2E0,0.E0,0.E0));
#1699=DIRECTION('',(-1.E0,0.E0,0.E0));
#1700=DIRECTION('',(0.E0,0.E0,1.E0));
#1701=AXIS2_PLACEMENT_3D('',#1698,#1699,#1700);
#1702=TOROIDAL_SURFACE('',#1701,4.554843788128E0,2.666666666667E-1);
#1704=ORIENTED_EDGE('',*,*,#1703,.T.);
#1706=ORIENTED_EDGE('',*,*,#1705,.T.);
#1707=ORIENTED_EDGE('',*,*,#1687,.F.);
#1709=ORIENTED_EDGE('',*,*,#1708,.F.);
#1710=EDGE_LOOP('',(#1704,#1706,#1707,#1709));
#1711=FACE_OUTER_BOUND('',#1710,.F.);
#1712=ADVANCED_FACE('',(#1711),#1702,.T.);
#1713=CARTESIAN_POINT('',(-2.309427381928E0,0.E0,0.E0));
#1714=DIRECTION('',(1.E0,0.E0,0.E0));
#1715=DIRECTION('',(0.E0,0.E0,-1.E0));
#1716=AXIS2_PLACEMENT_3D('',#1713,#1714,#1715);
#1717=CONICAL_SURFACE('',#1716,4.844934509881E0,5.134019174591E1);
#1718=ORIENTED_EDGE('',*,*,#1703,.F.);
#1720=ORIENTED_EDGE('',*,*,#1719,.T.);
#1722=ORIENTED_EDGE('',*,*,#1721,.F.);
#1724=ORIENTED_EDGE('',*,*,#1723,.F.);
#1725=EDGE_LOOP('',(#1718,#1720,#1722,#1724));
#1726=FACE_OUTER_BOUND('',#1725,.F.);
#1727=ADVANCED_FACE('',(#1726),#1717,.T.);
#1728=CARTESIAN_POINT('',(-2.309427381928E0,0.E0,0.E0));
#1729=DIRECTION('',(1.E0,0.E0,0.E0));
#1730=DIRECTION('',(0.E0,0.E0,-1.E0));
#1731=AXIS2_PLACEMENT_3D('',#1728,#1729,#1730);
#1732=CONICAL_SURFACE('',#1731,4.844934509881E0,5.134019174591E1);
#1733=ORIENTED_EDGE('',*,*,#1723,.T.);
#1735=ORIENTED_EDGE('',*,*,#1734,.F.);
#1736=ORIENTED_EDGE('',*,*,#1719,.F.);
#1738=ORIENTED_EDGE('',*,*,#1737,.F.);
#1739=EDGE_LOOP('',(#1733,#1735,#1736,#1738));
#1740=FACE_OUTER_BOUND('',#1739,.F.);
#1741=ADVANCED_FACE('',(#1740),#1732,.T.);
#1742=CARTESIAN_POINT('',(-2.367260724315E0,0.E0,0.E0));
#1743=DIRECTION('',(-1.E0,0.E0,0.E0));
#1744=DIRECTION('',(0.E0,0.E0,1.E0));
#1745=AXIS2_PLACEMENT_3D('',#1742,#1743,#1744);
#1746=TOROIDAL_SURFACE('',#1745,5.09375E0,2.005940576482E-1);
#1747=ORIENTED_EDGE('',*,*,#1734,.T.);
#1749=ORIENTED_EDGE('',*,*,#1748,.T.);
#1751=ORIENTED_EDGE('',*,*,#1750,.F.);
#1753=ORIENTED_EDGE('',*,*,#1752,.F.);
#1754=EDGE_LOOP('',(#1747,#1749,#1751,#1753));
#1755=FACE_OUTER_BOUND('',#1754,.F.);
#1756=ADVANCED_FACE('',(#1755),#1746,.F.);
#1757=CARTESIAN_POINT('',(-2.367260724315E0,0.E0,0.E0));
#1758=DIRECTION('',(-1.E0,0.E0,0.E0));
#1759=DIRECTION('',(0.E0,0.E0,1.E0));
#1760=AXIS2_PLACEMENT_3D('',#1757,#1758,#1759);
#1761=TOROIDAL_SURFACE('',#1760,5.09375E0,2.005940576482E-1);
#1762=ORIENTED_EDGE('',*,*,#1752,.T.);
#1764=ORIENTED_EDGE('',*,*,#1763,.F.);
#1765=ORIENTED_EDGE('',*,*,#1748,.F.);
#1766=ORIENTED_EDGE('',*,*,#1721,.T.);
#1767=EDGE_LOOP('',(#1762,#1764,#1765,#1766));
#1768=FACE_OUTER_BOUND('',#1767,.F.);
#1769=ADVANCED_FACE('',(#1768),#1761,.F.);
#1770=CARTESIAN_POINT('',(-2.166666666667E0,5.09375E0,0.E0));
#1771=DIRECTION('',(1.E0,0.E0,0.E0));
#1772=DIRECTION('',(0.E0,0.E0,-1.E0));
#1773=AXIS2_PLACEMENT_3D('',#1770,#1771,#1772);
#1774=PLANE('',#1773);
#1776=ORIENTED_EDGE('',*,*,#1775,.T.);
#1778=ORIENTED_EDGE('',*,*,#1777,.T.);
#1779=EDGE_LOOP('',(#1776,#1778));
#1780=FACE_OUTER_BOUND('',#1779,.F.);
#1781=ORIENTED_EDGE('',*,*,#1763,.T.);
#1782=ORIENTED_EDGE('',*,*,#1750,.T.);
#1783=EDGE_LOOP('',(#1781,#1782));
#1784=FACE_BOUND('',#1783,.F.);
#1785=ADVANCED_FACE('',(#1780,#1784),#1774,.F.);
#1786=CARTESIAN_POINT('',(-2.2E0,0.E0,0.E0));
#1787=DIRECTION('',(-1.E0,0.E0,0.E0));
#1788=DIRECTION('',(0.E0,0.E0,1.E0));
#1789=AXIS2_PLACEMENT_3D('',#1786,#1787,#1788);
#1790=TOROIDAL_SURFACE('',#1789,5.1875E0,3.333333333333E-2);
#1792=ORIENTED_EDGE('',*,*,#1791,.T.);
#1794=ORIENTED_EDGE('',*,*,#1793,.T.);
#1796=ORIENTED_EDGE('',*,*,#1795,.T.);
#1797=ORIENTED_EDGE('',*,*,#1775,.F.);
#1798=EDGE_LOOP('',(#1792,#1794,#1796,#1797));
#1799=FACE_OUTER_BOUND('',#1798,.F.);
#1800=ADVANCED_FACE('',(#1799),#1790,.F.);
#1801=CARTESIAN_POINT('',(-2.2E0,0.E0,0.E0));
#1802=DIRECTION('',(-1.E0,0.E0,0.E0));
#1803=DIRECTION('',(0.E0,0.E0,1.E0));
#1804=AXIS2_PLACEMENT_3D('',#1801,#1802,#1803);
#1805=TOROIDAL_SURFACE('',#1804,5.1875E0,3.333333333333E-2);
#1806=ORIENTED_EDGE('',*,*,#1777,.F.);
#1807=ORIENTED_EDGE('',*,*,#1795,.F.);
#1809=ORIENTED_EDGE('',*,*,#1808,.T.);
#1810=ORIENTED_EDGE('',*,*,#1791,.F.);
#1811=EDGE_LOOP('',(#1806,#1807,#1809,#1810));
#1812=FACE_OUTER_BOUND('',#1811,.F.);
#1813=ADVANCED_FACE('',(#1812),#1805,.F.);
#1814=CARTESIAN_POINT('',(-2.289274695557E0,0.E0,0.E0));
#1815=DIRECTION('',(1.E0,0.E0,0.E0));
#1816=DIRECTION('',(0.E0,0.E0,-1.E0));
#1817=AXIS2_PLACEMENT_3D('',#1814,#1815,#1816);
#1818=CONICAL_SURFACE('',#1817,5.155992820751E0,4.005467088404E1);
#1820=ORIENTED_EDGE('',*,*,#1819,.F.);
#1822=ORIENTED_EDGE('',*,*,#1821,.T.);
#1823=ORIENTED_EDGE('',*,*,#1808,.F.);
#1825=ORIENTED_EDGE('',*,*,#1824,.F.);
#1826=EDGE_LOOP('',(#1820,#1822,#1823,#1825));
#1827=FACE_OUTER_BOUND('',#1826,.F.);
#1828=ADVANCED_FACE('',(#1827),#1818,.F.);
#1829=CARTESIAN_POINT('',(-2.378549391115E0,0.E0,0.E0));
#1830=DIRECTION('',(-1.E0,0.E0,0.E0));
#1831=DIRECTION('',(0.E0,0.E0,1.E0));
#1832=AXIS2_PLACEMENT_3D('',#1829,#1830,#1831);
#1833=CONICAL_SURFACE('',#1832,5.124485641502E0,4.994532911596E1);
#1835=ORIENTED_EDGE('',*,*,#1834,.F.);
#1837=ORIENTED_EDGE('',*,*,#1836,.F.);
#1838=ORIENTED_EDGE('',*,*,#1819,.T.);
#1840=ORIENTED_EDGE('',*,*,#1839,.T.);
#1841=EDGE_LOOP('',(#1835,#1837,#1838,#1840));
#1842=FACE_OUTER_BOUND('',#1841,.F.);
#1843=ADVANCED_FACE('',(#1842),#1833,.F.);
#1844=CARTESIAN_POINT('',(0.E0,0.E0,0.E0));
#1845=DIRECTION('',(-1.E0,0.E0,0.E0));
#1846=DIRECTION('',(0.E0,0.E0,1.E0));
#1847=AXIS2_PLACEMENT_3D('',#1844,#1845,#1846);
#1848=CYLINDRICAL_SURFACE('',#1847,5.15E0);
#1849=ORIENTED_EDGE('',*,*,#1834,.T.);
#1851=ORIENTED_EDGE('',*,*,#1850,.T.);
#1853=ORIENTED_EDGE('',*,*,#1852,.F.);
#1855=ORIENTED_EDGE('',*,*,#1854,.F.);
#1856=EDGE_LOOP('',(#1849,#1851,#1853,#1855));
#1857=FACE_OUTER_BOUND('',#1856,.F.);
#1858=ADVANCED_FACE('',(#1857),#1848,.F.);
#1859=CARTESIAN_POINT('',(0.E0,0.E0,0.E0));
#1860=DIRECTION('',(-1.E0,0.E0,0.E0));
#1861=DIRECTION('',(0.E0,0.E0,1.E0));
#1862=AXIS2_PLACEMENT_3D('',#1859,#1860,#1861);
#1863=CYLINDRICAL_SURFACE('',#1862,5.15E0);
#1865=ORIENTED_EDGE('',*,*,#1864,.T.);
#1866=ORIENTED_EDGE('',*,*,#1854,.T.);
#1868=ORIENTED_EDGE('',*,*,#1867,.F.);
#1869=ORIENTED_EDGE('',*,*,#1850,.F.);
#1870=EDGE_LOOP('',(#1865,#1866,#1868,#1869));
#1871=FACE_OUTER_BOUND('',#1870,.F.);
#1872=ADVANCED_FACE('',(#1871),#1863,.F.);
#1873=CARTESIAN_POINT('',(-2.378549391115E0,0.E0,0.E0));
#1874=DIRECTION('',(-1.E0,0.E0,0.E0));
#1875=DIRECTION('',(0.E0,0.E0,1.E0));
#1876=AXIS2_PLACEMENT_3D('',#1873,#1874,#1875);
#1877=CONICAL_SURFACE('',#1876,5.124485641502E0,4.994532911596E1);
#1878=ORIENTED_EDGE('',*,*,#1864,.F.);
#1879=ORIENTED_EDGE('',*,*,#1839,.F.);
#1881=ORIENTED_EDGE('',*,*,#1880,.T.);
#1882=ORIENTED_EDGE('',*,*,#1836,.T.);
#1883=EDGE_LOOP('',(#1878,#1879,#1881,#1882));
#1884=FACE_OUTER_BOUND('',#1883,.F.);
#1885=ADVANCED_FACE('',(#1884),#1877,.F.);
#1886=CARTESIAN_POINT('',(-2.289274695557E0,0.E0,0.E0));
#1887=DIRECTION('',(1.E0,0.E0,0.E0));
#1888=DIRECTION('',(0.E0,0.E0,-1.E0));
#1889=AXIS2_PLACEMENT_3D('',#1886,#1887,#1888);
#1890=CONICAL_SURFACE('',#1889,5.155992820751E0,4.005467088404E1);
#1891=ORIENTED_EDGE('',*,*,#1824,.T.);
#1892=ORIENTED_EDGE('',*,*,#1793,.F.);
#1893=ORIENTED_EDGE('',*,*,#1821,.F.);
#1894=ORIENTED_EDGE('',*,*,#1880,.F.);
#1895=EDGE_LOOP('',(#1891,#1892,#1893,#1894));
#1896=FACE_OUTER_BOUND('',#1895,.F.);
#1897=ADVANCED_FACE('',(#1896),#1890,.F.);
#1898=CARTESIAN_POINT('',(-2.5E0,5.15E0,0.E0));
#1899=DIRECTION('',(1.E0,0.E0,0.E0));
#1900=DIRECTION('',(0.E0,0.E0,-1.E0));
#1901=AXIS2_PLACEMENT_3D('',#1898,#1899,#1900);
#1902=PLANE('',#1901);
#1904=ORIENTED_EDGE('',*,*,#1903,.T.);
#1906=ORIENTED_EDGE('',*,*,#1905,.T.);
#1907=EDGE_LOOP('',(#1904,#1906));
#1908=FACE_OUTER_BOUND('',#1907,.F.);
#1909=ORIENTED_EDGE('',*,*,#1867,.T.);
#1910=ORIENTED_EDGE('',*,*,#1852,.T.);
#1911=EDGE_LOOP('',(#1909,#1910));
#1912=FACE_BOUND('',#1911,.F.);
#1913=ADVANCED_FACE('',(#1908,#1912),#1902,.F.);
#1914=CARTESIAN_POINT('',(-2.3E0,0.E0,0.E0));
#1915=DIRECTION('',(-1.E0,0.E0,0.E0));
#1916=DIRECTION('',(0.E0,0.E0,1.E0));
#1917=AXIS2_PLACEMENT_3D('',#1914,#1915,#1916);
#1918=TOROIDAL_SURFACE('',#1917,6.3E0,2.E-1);
#1920=ORIENTED_EDGE('',*,*,#1919,.T.);
#1922=ORIENTED_EDGE('',*,*,#1921,.T.);
#1923=ORIENTED_EDGE('',*,*,#1903,.F.);
#1925=ORIENTED_EDGE('',*,*,#1924,.F.);
#1926=EDGE_LOOP('',(#1920,#1922,#1923,#1925));
#1927=FACE_OUTER_BOUND('',#1926,.F.);
#1928=ADVANCED_FACE('',(#1927),#1918,.T.);
#1929=CARTESIAN_POINT('',(0.E0,0.E0,0.E0));
#1930=DIRECTION('',(-1.E0,0.E0,0.E0));
#1931=DIRECTION('',(0.E0,0.E0,1.E0));
#1932=AXIS2_PLACEMENT_3D('',#1929,#1930,#1931);
#1933=CYLINDRICAL_SURFACE('',#1932,6.5E0);
#1935=ORIENTED_EDGE('',*,*,#1934,.F.);
#1937=ORIENTED_EDGE('',*,*,#1936,.T.);
#1938=ORIENTED_EDGE('',*,*,#1919,.F.);
#1940=ORIENTED_EDGE('',*,*,#1939,.F.);
#1941=EDGE_LOOP('',(#1935,#1937,#1938,#1940));
#1942=FACE_OUTER_BOUND('',#1941,.F.);
#1943=ADVANCED_FACE('',(#1942),#1933,.T.);
#1944=CARTESIAN_POINT('',(2.3E0,0.E0,0.E0));
#1945=DIRECTION('',(-1.E0,0.E0,0.E0));
#1946=DIRECTION('',(0.E0,0.E0,1.E0));
#1947=AXIS2_PLACEMENT_3D('',#1944,#1945,#1946);
#1948=TOROIDAL_SURFACE('',#1947,6.3E0,2.E-1);
#1950=ORIENTED_EDGE('',*,*,#1949,.F.);
#1952=ORIENTED_EDGE('',*,*,#1951,.T.);
#1953=ORIENTED_EDGE('',*,*,#1934,.T.);
#1955=ORIENTED_EDGE('',*,*,#1954,.F.);
#1956=EDGE_LOOP('',(#1950,#1952,#1953,#1955));
#1957=FACE_OUTER_BOUND('',#1956,.F.);
#1958=ADVANCED_FACE('',(#1957),#1948,.T.);
#1959=CARTESIAN_POINT('',(2.5E0,6.3E0,0.E0));
#1960=DIRECTION('',(-1.E0,0.E0,0.E0));
#1961=DIRECTION('',(0.E0,0.E0,1.E0));
#1962=AXIS2_PLACEMENT_3D('',#1959,#1960,#1961);
#1963=PLANE('',#1962);
#1964=ORIENTED_EDGE('',*,*,#1949,.T.);
#1966=ORIENTED_EDGE('',*,*,#1965,.T.);
#1967=EDGE_LOOP('',(#1964,#1966));
#1968=FACE_OUTER_BOUND('',#1967,.F.);
#1970=ORIENTED_EDGE('',*,*,#1969,.T.);
#1972=ORIENTED_EDGE('',*,*,#1971,.T.);
#1973=EDGE_LOOP('',(#1970,#1972));
#1974=FACE_BOUND('',#1973,.F.);
#1975=ADVANCED_FACE('',(#1968,#1974),#1963,.F.);
#1976=CARTESIAN_POINT('',(2.3E0,0.E0,0.E0));
#1977=DIRECTION('',(-1.E0,0.E0,0.E0));
#1978=DIRECTION('',(0.E0,0.E0,1.E0));
#1979=AXIS2_PLACEMENT_3D('',#1976,#1977,#1978);
#1980=TOROIDAL_SURFACE('',#1979,6.3E0,2.E-1);
#1981=ORIENTED_EDGE('',*,*,#1954,.T.);
#1983=ORIENTED_EDGE('',*,*,#1982,.T.);
#1984=ORIENTED_EDGE('',*,*,#1951,.F.);
#1985=ORIENTED_EDGE('',*,*,#1965,.F.);
#1986=EDGE_LOOP('',(#1981,#1983,#1984,#1985));
#1987=FACE_OUTER_BOUND('',#1986,.F.);
#1988=ADVANCED_FACE('',(#1987),#1980,.T.);
#1989=CARTESIAN_POINT('',(0.E0,0.E0,0.E0));
#1990=DIRECTION('',(-1.E0,0.E0,0.E0));
#1991=DIRECTION('',(0.E0,0.E0,1.E0));
#1992=AXIS2_PLACEMENT_3D('',#1989,#1990,#1991);
#1993=CYLINDRICAL_SURFACE('',#1992,6.5E0);
#1994=ORIENTED_EDGE('',*,*,#1939,.T.);
#1996=ORIENTED_EDGE('',*,*,#1995,.F.);
#1997=ORIENTED_EDGE('',*,*,#1936,.F.);
#1998=ORIENTED_EDGE('',*,*,#1982,.F.);
#1999=EDGE_LOOP('',(#1994,#1996,#1997,#1998));
#2000=FACE_OUTER_BOUND('',#1999,.F.);
#2001=ADVANCED_FACE('',(#2000),#1993,.T.);
#2002=CARTESIAN_POINT('',(-2.3E0,0.E0,0.E0));
#2003=DIRECTION('',(-1.E0,0.E0,0.E0));
#2004=DIRECTION('',(0.E0,0.E0,1.E0));
#2005=AXIS2_PLACEMENT_3D('',#2002,#2003,#2004);
#2006=TOROIDAL_SURFACE('',#2005,6.3E0,2.E-1);
#2007=ORIENTED_EDGE('',*,*,#1924,.T.);
#2008=ORIENTED_EDGE('',*,*,#1905,.F.);
#2009=ORIENTED_EDGE('',*,*,#1921,.F.);
#2010=ORIENTED_EDGE('',*,*,#1995,.T.);
#2011=EDGE_LOOP('',(#2007,#2008,#2009,#2010));
#2012=FACE_OUTER_BOUND('',#2011,.F.);
#2013=ADVANCED_FACE('',(#2012),#2006,.T.);
#2014=CARTESIAN_POINT('',(0.E0,0.E0,0.E0));
#2015=DIRECTION('',(-1.E0,0.E0,0.E0));
#2016=DIRECTION('',(0.E0,0.E0,1.E0));
#2017=AXIS2_PLACEMENT_3D('',#2014,#2015,#2016);
#2018=CYLINDRICAL_SURFACE('',#2017,5.15E0);
#2020=ORIENTED_EDGE('',*,*,#2019,.F.);
#2022=ORIENTED_EDGE('',*,*,#2021,.F.);
#2023=ORIENTED_EDGE('',*,*,#1969,.F.);
#2025=ORIENTED_EDGE('',*,*,#2024,.T.);
#2026=EDGE_LOOP('',(#2020,#2022,#2023,#2025));
#2027=FACE_OUTER_BOUND('',#2026,.F.);
#2028=ADVANCED_FACE('',(#2027),#2018,.F.);
#2029=CARTESIAN_POINT('',(2.378549391115E0,0.E0,0.E0));
#2030=DIRECTION('',(1.E0,0.E0,0.E0));
#2031=DIRECTION('',(0.E0,0.E0,1.E0));
#2032=AXIS2_PLACEMENT_3D('',#2029,#2030,#2031);
#2033=CONICAL_SURFACE('',#2032,5.124485641502E0,4.994532911596E1);
#2034=ORIENTED_EDGE('',*,*,#2019,.T.);
#2036=ORIENTED_EDGE('',*,*,#2035,.F.);
#2038=ORIENTED_EDGE('',*,*,#2037,.F.);
#2040=ORIENTED_EDGE('',*,*,#2039,.T.);
#2041=EDGE_LOOP('',(#2034,#2036,#2038,#2040));
#2042=FACE_OUTER_BOUND('',#2041,.F.);
#2043=ADVANCED_FACE('',(#2042),#2033,.F.);
#2044=CARTESIAN_POINT('',(2.378549391115E0,0.E0,0.E0));
#2045=DIRECTION('',(1.E0,0.E0,0.E0));
#2046=DIRECTION('',(0.E0,0.E0,1.E0));
#2047=AXIS2_PLACEMENT_3D('',#2044,#2045,#2046);
#2048=CONICAL_SURFACE('',#2047,5.124485641502E0,4.994532911596E1);
#2050=ORIENTED_EDGE('',*,*,#2049,.T.);
#2051=ORIENTED_EDGE('',*,*,#2039,.F.);
#2053=ORIENTED_EDGE('',*,*,#2052,.F.);
#2054=ORIENTED_EDGE('',*,*,#2035,.T.);
#2055=EDGE_LOOP('',(#2050,#2051,#2053,#2054));
#2056=FACE_OUTER_BOUND('',#2055,.F.);
#2057=ADVANCED_FACE('',(#2056),#2048,.F.);
#2058=CARTESIAN_POINT('',(0.E0,0.E0,0.E0));
#2059=DIRECTION('',(-1.E0,0.E0,0.E0));
#2060=DIRECTION('',(0.E0,0.E0,1.E0));
#2061=AXIS2_PLACEMENT_3D('',#2058,#2059,#2060);
#2062=CYLINDRICAL_SURFACE('',#2061,5.15E0);
#2063=ORIENTED_EDGE('',*,*,#2049,.F.);
#2064=ORIENTED_EDGE('',*,*,#2024,.F.);
#2065=ORIENTED_EDGE('',*,*,#1971,.F.);
#2066=ORIENTED_EDGE('',*,*,#2021,.T.);
#2067=EDGE_LOOP('',(#2063,#2064,#2065,#2066));
#2068=FACE_OUTER_BOUND('',#2067,.F.);
#2069=ADVANCED_FACE('',(#2068),#2062,.F.);
#2070=CARTESIAN_POINT('',(2.289274695557E0,0.E0,0.E0));
#2071=DIRECTION('',(-1.E0,0.E0,0.E0));
#2072=DIRECTION('',(0.E0,0.E0,-1.E0));
#2073=AXIS2_PLACEMENT_3D('',#2070,#2071,#2072);
#2074=CONICAL_SURFACE('',#2073,5.155992820751E0,4.005467088404E1);
#2076=ORIENTED_EDGE('',*,*,#2075,.T.);
#2078=ORIENTED_EDGE('',*,*,#2077,.F.);
#2080=ORIENTED_EDGE('',*,*,#2079,.F.);
#2081=ORIENTED_EDGE('',*,*,#2052,.T.);
#2082=EDGE_LOOP('',(#2076,#2078,#2080,#2081));
#2083=FACE_OUTER_BOUND('',#2082,.F.);
#2084=ADVANCED_FACE('',(#2083),#2074,.F.);
#2085=CARTESIAN_POINT('',(2.289274695557E0,0.E0,0.E0));
#2086=DIRECTION('',(-1.E0,0.E0,0.E0));
#2087=DIRECTION('',(0.E0,0.E0,-1.E0));
#2088=AXIS2_PLACEMENT_3D('',#2085,#2086,#2087);
#2089=CONICAL_SURFACE('',#2088,5.155992820751E0,4.005467088404E1);
#2090=ORIENTED_EDGE('',*,*,#2037,.T.);
#2091=ORIENTED_EDGE('',*,*,#2079,.T.);
#2093=ORIENTED_EDGE('',*,*,#2092,.F.);
#2094=ORIENTED_EDGE('',*,*,#2075,.F.);
#2095=EDGE_LOOP('',(#2090,#2091,#2093,#2094));
#2096=FACE_OUTER_BOUND('',#2095,.F.);
#2097=ADVANCED_FACE('',(#2096),#2089,.F.);
#2098=CARTESIAN_POINT('',(2.2E0,0.E0,0.E0));
#2099=DIRECTION('',(1.E0,0.E0,0.E0));
#2100=DIRECTION('',(0.E0,0.E0,1.E0));
#2101=AXIS2_PLACEMENT_3D('',#2098,#2099,#2100);
#2102=TOROIDAL_SURFACE('',#2101,5.1875E0,3.333333333333E-2);
#2104=ORIENTED_EDGE('',*,*,#2103,.F.);
#2106=ORIENTED_EDGE('',*,*,#2105,.T.);
#2108=ORIENTED_EDGE('',*,*,#2107,.T.);
#2109=ORIENTED_EDGE('',*,*,#2092,.T.);
#2111=ORIENTED_EDGE('',*,*,#2110,.F.);
#2113=ORIENTED_EDGE('',*,*,#2112,.F.);
#2114=EDGE_LOOP('',(#2104,#2106,#2108,#2109,#2111,#2113));
#2115=FACE_OUTER_BOUND('',#2114,.F.);
#2116=ADVANCED_FACE('',(#2115),#2102,.F.);
#2117=CARTESIAN_POINT('',(2.166666666667E0,5.09375E0,0.E0));
#2118=DIRECTION('',(-1.E0,0.E0,0.E0));
#2119=DIRECTION('',(0.E0,0.E0,-1.E0));
#2120=AXIS2_PLACEMENT_3D('',#2117,#2118,#2119);
#2121=PLANE('',#2120);
#2122=ORIENTED_EDGE('',*,*,#2103,.T.);
#2124=ORIENTED_EDGE('',*,*,#2123,.T.);
#2125=EDGE_LOOP('',(#2122,#2124));
#2126=FACE_OUTER_BOUND('',#2125,.F.);
#2128=ORIENTED_EDGE('',*,*,#2127,.T.);
#2130=ORIENTED_EDGE('',*,*,#2129,.T.);
#2131=EDGE_LOOP('',(#2128,#2130));
#2132=FACE_BOUND('',#2131,.F.);
#2133=ADVANCED_FACE('',(#2126,#2132),#2121,.F.);
#2134=CARTESIAN_POINT('',(2.2E0,0.E0,0.E0));
#2135=DIRECTION('',(1.E0,0.E0,0.E0));
#2136=DIRECTION('',(0.E0,0.E0,1.E0));
#2137=AXIS2_PLACEMENT_3D('',#2134,#2135,#2136);
#2138=TOROIDAL_SURFACE('',#2137,5.1875E0,3.333333333333E-2);
#2139=ORIENTED_EDGE('',*,*,#2110,.T.);
#2140=ORIENTED_EDGE('',*,*,#2077,.T.);
#2141=ORIENTED_EDGE('',*,*,#2107,.F.);
#2142=ORIENTED_EDGE('',*,*,#2105,.F.);
#2143=ORIENTED_EDGE('',*,*,#2123,.F.);
#2144=ORIENTED_EDGE('',*,*,#2112,.T.);
#2145=EDGE_LOOP('',(#2139,#2140,#2141,#2142,#2143,#2144));
#2146=FACE_OUTER_BOUND('',#2145,.F.);
#2147=ADVANCED_FACE('',(#2146),#2138,.F.);
#2148=CARTESIAN_POINT('',(2.367260724315E0,0.E0,0.E0));
#2149=DIRECTION('',(1.E0,0.E0,0.E0));
#2150=DIRECTION('',(0.E0,0.E0,1.E0));
#2151=AXIS2_PLACEMENT_3D('',#2148,#2149,#2150);
#2152=TOROIDAL_SURFACE('',#2151,5.09375E0,2.005940576482E-1);
#2154=ORIENTED_EDGE('',*,*,#2153,.T.);
#2156=ORIENTED_EDGE('',*,*,#2155,.T.);
#2157=ORIENTED_EDGE('',*,*,#2127,.F.);
#2159=ORIENTED_EDGE('',*,*,#2158,.F.);
#2160=EDGE_LOOP('',(#2154,#2156,#2157,#2159));
#2161=FACE_OUTER_BOUND('',#2160,.F.);
#2162=ADVANCED_FACE('',(#2161),#2152,.F.);
#2163=CARTESIAN_POINT('',(2.309427381928E0,0.E0,0.E0));
#2164=DIRECTION('',(-1.E0,0.E0,0.E0));
#2165=DIRECTION('',(0.E0,0.E0,-1.E0));
#2166=AXIS2_PLACEMENT_3D('',#2163,#2164,#2165);
#2167=CONICAL_SURFACE('',#2166,4.844934509881E0,5.134019174591E1);
#2169=ORIENTED_EDGE('',*,*,#2168,.T.);
#2170=ORIENTED_EDGE('',*,*,#2153,.F.);
#2172=ORIENTED_EDGE('',*,*,#2171,.F.);
#2174=ORIENTED_EDGE('',*,*,#2173,.F.);
#2175=EDGE_LOOP('',(#2169,#2170,#2172,#2174));
#2176=FACE_OUTER_BOUND('',#2175,.F.);
#2177=ADVANCED_FACE('',(#2176),#2167,.T.);
#2178=CARTESIAN_POINT('',(2.309427381928E0,0.E0,0.E0));
#2179=DIRECTION('',(-1.E0,0.E0,0.E0));
#2180=DIRECTION('',(0.E0,0.E0,-1.E0));
#2181=AXIS2_PLACEMENT_3D('',#2178,#2179,#2180);
#2182=CONICAL_SURFACE('',#2181,4.844934509881E0,5.134019174591E1);
#2184=ORIENTED_EDGE('',*,*,#2183,.F.);
#2185=ORIENTED_EDGE('',*,*,#2171,.T.);
#2187=ORIENTED_EDGE('',*,*,#2186,.F.);
#2188=ORIENTED_EDGE('',*,*,#2168,.F.);
#2189=EDGE_LOOP('',(#2184,#2185,#2187,#2188));
#2190=FACE_OUTER_BOUND('',#2189,.F.);
#2191=ADVANCED_FACE('',(#2190),#2182,.T.);
#2192=CARTESIAN_POINT('',(2.2E0,0.E0,0.E0));
#2193=DIRECTION('',(1.E0,0.E0,0.E0));
#2194=DIRECTION('',(0.E0,0.E0,1.E0));
#2195=AXIS2_PLACEMENT_3D('',#2192,#2193,#2194);
#2196=TOROIDAL_SURFACE('',#2195,4.554843788128E0,2.666666666667E-1);
#2197=ORIENTED_EDGE('',*,*,#2183,.T.);
#2199=ORIENTED_EDGE('',*,*,#2198,.T.);
#2201=ORIENTED_EDGE('',*,*,#2200,.F.);
#2203=ORIENTED_EDGE('',*,*,#2202,.F.);
#2204=EDGE_LOOP('',(#2197,#2199,#2201,#2203));
#2205=FACE_OUTER_BOUND('',#2204,.F.);
#2206=ADVANCED_FACE('',(#2205),#2196,.T.);
#2207=CARTESIAN_POINT('',(2.2E0,0.E0,0.E0));
#2208=DIRECTION('',(1.E0,0.E0,0.E0));
#2209=DIRECTION('',(0.E0,0.E0,1.E0));
#2210=AXIS2_PLACEMENT_3D('',#2207,#2208,#2209);
#2211=TOROIDAL_SURFACE('',#2210,4.554843788128E0,2.666666666667E-1);
#2212=ORIENTED_EDGE('',*,*,#2202,.T.);
#2214=ORIENTED_EDGE('',*,*,#2213,.F.);
#2215=ORIENTED_EDGE('',*,*,#2198,.F.);
#2216=ORIENTED_EDGE('',*,*,#2173,.T.);
#2217=EDGE_LOOP('',(#2212,#2214,#2215,#2216));
#2218=FACE_OUTER_BOUND('',#2217,.F.);
#2219=ADVANCED_FACE('',(#2218),#2211,.T.);
#2220=CARTESIAN_POINT('',(2.466666666667E0,4.554843788128E0,0.E0));
#2221=DIRECTION('',(-1.E0,0.E0,0.E0));
#2222=DIRECTION('',(0.E0,0.E0,-1.E0));
#2223=AXIS2_PLACEMENT_3D('',#2220,#2221,#2222);
#2224=PLANE('',#2223);
#2225=ORIENTED_EDGE('',*,*,#2213,.T.);
#2226=ORIENTED_EDGE('',*,*,#2200,.T.);
#2227=EDGE_LOOP('',(#2225,#2226));
#2228=FACE_OUTER_BOUND('',#2227,.F.);
#2230=ORIENTED_EDGE('',*,*,#2229,.T.);
#2232=ORIENTED_EDGE('',*,*,#2231,.T.);
#2233=EDGE_LOOP('',(#2230,#2232));
#2234=FACE_BOUND('',#2233,.F.);
#2235=ADVANCED_FACE('',(#2228,#2234),#2224,.F.);
#2236=CARTESIAN_POINT('',(0.E0,0.E0,0.E0));
#2237=DIRECTION('',(1.E0,0.E0,0.E0));
#2238=DIRECTION('',(0.E0,0.E0,1.E0));
#2239=AXIS2_PLACEMENT_3D('',#2236,#2237,#2238);
#2240=CYLINDRICAL_SURFACE('',#2239,3.35E0);
#2242=ORIENTED_EDGE('',*,*,#2241,.F.);
#2244=ORIENTED_EDGE('',*,*,#2243,.T.);
#2245=ORIENTED_EDGE('',*,*,#2229,.F.);
#2247=ORIENTED_EDGE('',*,*,#2246,.F.);
#2248=EDGE_LOOP('',(#2242,#2244,#2245,#2247));
#2249=FACE_OUTER_BOUND('',#2248,.F.);
#2250=ADVANCED_FACE('',(#2249),#2240,.F.);
#2251=CARTESIAN_POINT('',(2.4E0,4.554843788128E0,0.E0));
#2252=DIRECTION('',(-1.E0,0.E0,0.E0));
#2253=DIRECTION('',(0.E0,0.E0,-1.E0));
#2254=AXIS2_PLACEMENT_3D('',#2251,#2252,#2253);
#2255=PLANE('',#2254);
#2257=ORIENTED_EDGE('',*,*,#2256,.T.);
#2259=ORIENTED_EDGE('',*,*,#2258,.T.);
#2260=EDGE_LOOP('',(#2257,#2259));
#2261=FACE_OUTER_BOUND('',#2260,.F.);
#2262=ORIENTED_EDGE('',*,*,#2241,.T.);
#2264=ORIENTED_EDGE('',*,*,#2263,.T.);
#2265=EDGE_LOOP('',(#2262,#2264));
#2266=FACE_BOUND('',#2265,.F.);
#2267=ADVANCED_FACE('',(#2261,#2266),#2255,.T.);
#2268=CARTESIAN_POINT('',(2.2E0,0.E0,0.E0));
#2269=DIRECTION('',(1.E0,0.E0,0.E0));
#2270=DIRECTION('',(0.E0,0.E0,1.E0));
#2271=AXIS2_PLACEMENT_3D('',#2268,#2269,#2270);
#2272=TOROIDAL_SURFACE('',#2271,4.554843788128E0,2.E-1);
#2274=ORIENTED_EDGE('',*,*,#2273,.T.);
#2276=ORIENTED_EDGE('',*,*,#2275,.T.);
#2277=ORIENTED_EDGE('',*,*,#2256,.F.);
#2279=ORIENTED_EDGE('',*,*,#2278,.F.);
#2280=EDGE_LOOP('',(#2274,#2276,#2277,#2279));
#2281=FACE_OUTER_BOUND('',#2280,.F.);
#2282=ADVANCED_FACE('',(#2281),#2272,.F.);
#2283=CARTESIAN_POINT('',(2.257369461298E0,0.E0,0.E0));
#2284=DIRECTION('',(-1.E0,0.E0,0.E0));
#2285=DIRECTION('',(0.E0,0.E0,-1.E0));
#2286=AXIS2_PLACEMENT_3D('',#2283,#2284,#2285);
#2287=CONICAL_SURFACE('',#2286,4.803288173377E0,5.134019174591E1);
#2288=ORIENTED_EDGE('',*,*,#2273,.F.);
#2290=ORIENTED_EDGE('',*,*,#2289,.T.);
#2292=ORIENTED_EDGE('',*,*,#2291,.F.);
#2294=ORIENTED_EDGE('',*,*,#2293,.F.);
#2295=EDGE_LOOP('',(#2288,#2290,#2292,#2294));
#2296=FACE_OUTER_BOUND('',#2295,.F.);
#2297=ADVANCED_FACE('',(#2296),#2287,.F.);
#2298=CARTESIAN_POINT('',(2.257369461298E0,0.E0,0.E0));
#2299=DIRECTION('',(-1.E0,0.E0,0.E0));
#2300=DIRECTION('',(0.E0,0.E0,-1.E0));
#2301=AXIS2_PLACEMENT_3D('',#2298,#2299,#2300);
#2302=CONICAL_SURFACE('',#2301,4.803288173377E0,5.134019174591E1);
#2303=ORIENTED_EDGE('',*,*,#2293,.T.);
#2305=ORIENTED_EDGE('',*,*,#2304,.F.);
#2306=ORIENTED_EDGE('',*,*,#2289,.F.);
#2308=ORIENTED_EDGE('',*,*,#2307,.F.);
#2309=EDGE_LOOP('',(#2303,#2305,#2306,#2308));
#2310=FACE_OUTER_BOUND('',#2309,.F.);
#2311=ADVANCED_FACE('',(#2310),#2302,.F.);
#2312=CARTESIAN_POINT('',(2.367260724315E0,0.E0,0.E0));
#2313=DIRECTION('',(1.E0,0.E0,0.E0));
#2314=DIRECTION('',(0.E0,0.E0,1.E0));
#2315=AXIS2_PLACEMENT_3D('',#2312,#2313,#2314);
#2316=TOROIDAL_SURFACE('',#2315,5.09375E0,2.672607243148E-1);
#2318=ORIENTED_EDGE('',*,*,#2317,.T.);
#2320=ORIENTED_EDGE('',*,*,#2319,.F.);
#2321=ORIENTED_EDGE('',*,*,#2304,.T.);
#2323=ORIENTED_EDGE('',*,*,#2322,.T.);
#2324=EDGE_LOOP('',(#2318,#2320,#2321,#2323));
#2325=FACE_OUTER_BOUND('',#2324,.F.);
#2326=ADVANCED_FACE('',(#2325),#2316,.T.);
#2327=CARTESIAN_POINT('',(2.1E0,5.E0,0.E0));
#2328=DIRECTION('',(-1.E0,0.E0,0.E0));
#2329=DIRECTION('',(0.E0,0.E0,1.E0));
#2330=AXIS2_PLACEMENT_3D('',#2327,#2328,#2329);
#2331=PLANE('',#2330);
#2332=ORIENTED_EDGE('',*,*,#2317,.F.);
#2334=ORIENTED_EDGE('',*,*,#2333,.F.);
#2335=EDGE_LOOP('',(#2332,#2334));
#2336=FACE_OUTER_BOUND('',#2335,.F.);
#2338=ORIENTED_EDGE('',*,*,#2337,.T.);
#2340=ORIENTED_EDGE('',*,*,#2339,.T.);
#2341=EDGE_LOOP('',(#2338,#2340));
#2342=FACE_BOUND('',#2341,.F.);
#2343=ADVANCED_FACE('',(#2336,#2342),#2331,.F.);
#2344=CARTESIAN_POINT('',(2.367260724315E0,0.E0,0.E0));
#2345=DIRECTION('',(1.E0,0.E0,0.E0));
#2346=DIRECTION('',(0.E0,0.E0,1.E0));
#2347=AXIS2_PLACEMENT_3D('',#2344,#2345,#2346);
#2348=TOROIDAL_SURFACE('',#2347,5.09375E0,2.672607243148E-1);
#2349=ORIENTED_EDGE('',*,*,#2333,.T.);
#2350=ORIENTED_EDGE('',*,*,#2322,.F.);
#2351=ORIENTED_EDGE('',*,*,#2291,.T.);
#2352=ORIENTED_EDGE('',*,*,#2319,.T.);
#2353=EDGE_LOOP('',(#2349,#2350,#2351,#2352));
#2354=FACE_OUTER_BOUND('',#2353,.F.);
#2355=ADVANCED_FACE('',(#2354),#2348,.T.);
#2356=CARTESIAN_POINT('',(0.E0,0.E0,0.E0));
#2357=DIRECTION('',(-1.E0,0.E0,0.E0));
#2358=DIRECTION('',(0.E0,0.E0,1.E0));
#2359=AXIS2_PLACEMENT_3D('',#2356,#2357,#2358);
#2360=CYLINDRICAL_SURFACE('',#2359,5.E0);
#2362=ORIENTED_EDGE('',*,*,#2361,.T.);
#2364=ORIENTED_EDGE('',*,*,#2363,.F.);
#2366=ORIENTED_EDGE('',*,*,#2365,.F.);
#2367=ORIENTED_EDGE('',*,*,#2337,.F.);
#2368=EDGE_LOOP('',(#2362,#2364,#2366,#2367));
#2369=FACE_OUTER_BOUND('',#2368,.F.);
#2370=ADVANCED_FACE('',(#2369),#2360,.F.);
#2371=CARTESIAN_POINT('',(0.E0,0.E0,0.E0));
#2372=DIRECTION('',(-1.E0,0.E0,0.E0));
#2373=DIRECTION('',(0.E0,0.E0,1.E0));
#2374=AXIS2_PLACEMENT_3D('',#2371,#2372,#2373);
#2375=CYLINDRICAL_SURFACE('',#2374,5.E0);
#2376=ORIENTED_EDGE('',*,*,#2339,.F.);
#2377=ORIENTED_EDGE('',*,*,#2365,.T.);
#2379=ORIENTED_EDGE('',*,*,#2378,.F.);
#2380=ORIENTED_EDGE('',*,*,#2361,.F.);
#2381=EDGE_LOOP('',(#2376,#2377,#2379,#2380));
#2382=FACE_OUTER_BOUND('',#2381,.F.);
#2383=ADVANCED_FACE('',(#2382),#2375,.F.);
#2384=CARTESIAN_POINT('',(0.E0,0.E0,0.E0));
#2385=DIRECTION('',(-1.E0,0.E0,0.E0));
#2386=DIRECTION('',(0.E0,0.E0,1.E0));
#2387=AXIS2_PLACEMENT_3D('',#2384,#2385,#2386);
#2388=TOROIDAL_SURFACE('',#2387,4.25E0,1.2E0);
#2389=ORIENTED_EDGE('',*,*,#2378,.T.);
#2391=ORIENTED_EDGE('',*,*,#2390,.T.);
#2393=ORIENTED_EDGE('',*,*,#2392,.T.);
#2395=ORIENTED_EDGE('',*,*,#2394,.T.);
#2396=EDGE_LOOP('',(#2389,#2391,#2393,#2395));
#2397=FACE_OUTER_BOUND('',#2396,.F.);
#2398=ADVANCED_FACE('',(#2397),#2388,.F.);
#2399=CARTESIAN_POINT('',(0.E0,0.E0,0.E0));
#2400=DIRECTION('',(-1.E0,0.E0,0.E0));
#2401=DIRECTION('',(0.E0,0.E0,1.E0));
#2402=AXIS2_PLACEMENT_3D('',#2399,#2400,#2401);
#2403=TOROIDAL_SURFACE('',#2402,4.25E0,1.2E0);
#2404=ORIENTED_EDGE('',*,*,#2394,.F.);
#2406=ORIENTED_EDGE('',*,*,#2405,.T.);
#2407=ORIENTED_EDGE('',*,*,#2390,.F.);
#2408=ORIENTED_EDGE('',*,*,#2363,.T.);
#2409=EDGE_LOOP('',(#2404,#2406,#2407,#2408));
#2410=FACE_OUTER_BOUND('',#2409,.F.);
#2411=ADVANCED_FACE('',(#2410),#2403,.F.);
#2412=CARTESIAN_POINT('',(0.E0,0.E0,0.E0));
#2413=DIRECTION('',(-1.E0,0.E0,0.E0));
#2414=DIRECTION('',(0.E0,0.E0,1.E0));
#2415=AXIS2_PLACEMENT_3D('',#2412,#2413,#2414);
#2416=CYLINDRICAL_SURFACE('',#2415,5.E0);
#2418=ORIENTED_EDGE('',*,*,#2417,.T.);
#2420=ORIENTED_EDGE('',*,*,#2419,.F.);
#2422=ORIENTED_EDGE('',*,*,#2421,.F.);
#2423=ORIENTED_EDGE('',*,*,#2405,.F.);
#2424=EDGE_LOOP('',(#2418,#2420,#2422,#2423));
#2425=FACE_OUTER_BOUND('',#2424,.F.);
#2426=ADVANCED_FACE('',(#2425),#2416,.F.);
#2427=CARTESIAN_POINT('',(0.E0,0.E0,0.E0));
#2428=DIRECTION('',(-1.E0,0.E0,0.E0));
#2429=DIRECTION('',(0.E0,0.E0,1.E0));
#2430=AXIS2_PLACEMENT_3D('',#2427,#2428,#2429);
#2431=CYLINDRICAL_SURFACE('',#2430,5.E0);
#2432=ORIENTED_EDGE('',*,*,#2392,.F.);
#2433=ORIENTED_EDGE('',*,*,#2421,.T.);
#2435=ORIENTED_EDGE('',*,*,#2434,.F.);
#2436=ORIENTED_EDGE('',*,*,#2417,.F.);
#2437=EDGE_LOOP('',(#2432,#2433,#2435,#2436));
#2438=FACE_OUTER_BOUND('',#2437,.F.);
#2439=ADVANCED_FACE('',(#2438),#2431,.F.);
#2440=CARTESIAN_POINT('',(-2.1E0,5.E0,0.E0));
#2441=DIRECTION('',(1.E0,0.E0,0.E0));
#2442=DIRECTION('',(0.E0,0.E0,-1.E0));
#2443=AXIS2_PLACEMENT_3D('',#2440,#2441,#2442);
#2444=PLANE('',#2443);
#2446=ORIENTED_EDGE('',*,*,#2445,.F.);
#2448=ORIENTED_EDGE('',*,*,#2447,.F.);
#2449=EDGE_LOOP('',(#2446,#2448));
#2450=FACE_OUTER_BOUND('',#2449,.F.);
#2451=ORIENTED_EDGE('',*,*,#2419,.T.);
#2452=ORIENTED_EDGE('',*,*,#2434,.T.);
#2453=EDGE_LOOP('',(#2451,#2452));
#2454=FACE_BOUND('',#2453,.F.);
#2455=ADVANCED_FACE('',(#2450,#2454),#2444,.F.);
#2456=CARTESIAN_POINT('',(-2.367260724315E0,0.E0,0.E0));
#2457=DIRECTION('',(-1.E0,0.E0,0.E0));
#2458=DIRECTION('',(0.E0,0.E0,1.E0));
#2459=AXIS2_PLACEMENT_3D('',#2456,#2457,#2458);
#2460=TOROIDAL_SURFACE('',#2459,5.09375E0,2.672607243148E-1);
#2461=ORIENTED_EDGE('',*,*,#2445,.T.);
#2463=ORIENTED_EDGE('',*,*,#2462,.F.);
#2464=ORIENTED_EDGE('',*,*,#1587,.T.);
#2466=ORIENTED_EDGE('',*,*,#2465,.T.);
#2467=EDGE_LOOP('',(#2461,#2463,#2464,#2466));
#2468=FACE_OUTER_BOUND('',#2467,.F.);
#2469=ADVANCED_FACE('',(#2468),#2460,.T.);
#2470=CARTESIAN_POINT('',(-2.367260724315E0,0.E0,0.E0));
#2471=DIRECTION('',(-1.E0,0.E0,0.E0));
#2472=DIRECTION('',(0.E0,0.E0,1.E0));
#2473=AXIS2_PLACEMENT_3D('',#2470,#2471,#2472);
#2474=TOROIDAL_SURFACE('',#2473,5.09375E0,2.672607243148E-1);
#2475=ORIENTED_EDGE('',*,*,#2447,.T.);
#2476=ORIENTED_EDGE('',*,*,#2465,.F.);
#2477=ORIENTED_EDGE('',*,*,#1604,.T.);
#2478=ORIENTED_EDGE('',*,*,#2462,.T.);
#2479=EDGE_LOOP('',(#2475,#2476,#2477,#2478));
#2480=FACE_OUTER_BOUND('',#2479,.F.);
#2481=ADVANCED_FACE('',(#2480),#2474,.T.);
#2482=CARTESIAN_POINT('',(2.2E0,0.E0,0.E0));
#2483=DIRECTION('',(1.E0,0.E0,0.E0));
#2484=DIRECTION('',(0.E0,0.E0,1.E0));
#2485=AXIS2_PLACEMENT_3D('',#2482,#2483,#2484);
#2486=TOROIDAL_SURFACE('',#2485,4.554843788128E0,2.E-1);
#2487=ORIENTED_EDGE('',*,*,#2278,.T.);
#2488=ORIENTED_EDGE('',*,*,#2258,.F.);
#2489=ORIENTED_EDGE('',*,*,#2275,.F.);
#2490=ORIENTED_EDGE('',*,*,#2307,.T.);
#2491=EDGE_LOOP('',(#2487,#2488,#2489,#2490));
#2492=FACE_OUTER_BOUND('',#2491,.F.);
#2493=ADVANCED_FACE('',(#2492),#2486,.F.);
#2494=CARTESIAN_POINT('',(0.E0,0.E0,0.E0));
#2495=DIRECTION('',(1.E0,0.E0,0.E0));
#2496=DIRECTION('',(0.E0,0.E0,1.E0));
#2497=AXIS2_PLACEMENT_3D('',#2494,#2495,#2496);
#2498=CYLINDRICAL_SURFACE('',#2497,3.35E0);
#2499=ORIENTED_EDGE('',*,*,#2246,.T.);
#2500=ORIENTED_EDGE('',*,*,#2231,.F.);
#2501=ORIENTED_EDGE('',*,*,#2243,.F.);
#2502=ORIENTED_EDGE('',*,*,#2263,.F.);
#2503=EDGE_LOOP('',(#2499,#2500,#2501,#2502));
#2504=FACE_OUTER_BOUND('',#2503,.F.);
#2505=ADVANCED_FACE('',(#2504),#2498,.F.);
#2506=CARTESIAN_POINT('',(2.367260724315E0,0.E0,0.E0));
#2507=DIRECTION('',(1.E0,0.E0,0.E0));
#2508=DIRECTION('',(0.E0,0.E0,1.E0));
#2509=AXIS2_PLACEMENT_3D('',#2506,#2507,#2508);
#2510=TOROIDAL_SURFACE('',#2509,5.09375E0,2.005940576482E-1);
#2511=ORIENTED_EDGE('',*,*,#2158,.T.);
#2512=ORIENTED_EDGE('',*,*,#2129,.F.);
#2513=ORIENTED_EDGE('',*,*,#2155,.F.);
#2514=ORIENTED_EDGE('',*,*,#2186,.T.);
#2515=EDGE_LOOP('',(#2511,#2512,#2513,#2514));
#2516=FACE_OUTER_BOUND('',#2515,.F.);
#2517=ADVANCED_FACE('',(#2516),#2510,.F.);
#2518=CARTESIAN_POINT('',(-2.2E0,0.E0,0.E0));
#2519=DIRECTION('',(-1.E0,0.E0,0.E0));
#2520=DIRECTION('',(0.E0,0.E0,1.E0));
#2521=AXIS2_PLACEMENT_3D('',#2518,#2519,#2520);
#2522=TOROIDAL_SURFACE('',#2521,4.554843788128E0,2.666666666667E-1);
#2523=ORIENTED_EDGE('',*,*,#1708,.T.);
#2524=ORIENTED_EDGE('',*,*,#1689,.F.);
#2525=ORIENTED_EDGE('',*,*,#1705,.F.);
#2526=ORIENTED_EDGE('',*,*,#1737,.T.);
#2527=EDGE_LOOP('',(#2523,#2524,#2525,#2526));
#2528=FACE_OUTER_BOUND('',#2527,.F.);
#2529=ADVANCED_FACE('',(#2528),#2522,.T.);
#2530=CLOSED_SHELL('',(#1595,#1609,#1624,#1637,#1653,#1668,#1681,#1697,#1712,
#1727,#1741,#1756,#1769,#1785,#1800,#1813,#1828,#1843,#1858,#1872,#1885,#1897,
#1913,#1928,#1943,#1958,#1975,#1988,#2001,#2013,#2028,#2043,#2057,#2069,#2084,
#2097,#2116,#2133,#2147,#2162,#2177,#2191,#2206,#2219,#2235,#2250,#2267,#2282,
#2297,#2311,#2326,#2343,#2355,#2370,#2383,#2398,#2411,#2426,#2439,#2455,#2469,
#2481,#2493,#2505,#2517,#2529));
#2531=MANIFOLD_SOLID_BREP('',#2530);
#2533=DIMENSIONAL_EXPONENTS(0.E0,0.E0,0.E0,0.E0,0.E0,0.E0,0.E0);
#2535=PLANE_ANGLE_MEASURE_WITH_UNIT(PLANE_ANGLE_MEASURE(1.745329251994E-2),
#2534);
#2536=(CONVERSION_BASED_UNIT('DEGREE',#2535)NAMED_UNIT(*)PLANE_ANGLE_UNIT());
#2538=UNCERTAINTY_MEASURE_WITH_UNIT(LENGTH_MEASURE(5.E-3),#2532,'closure',
'Maximum model space distance between geometric entities at asserted connectivities');
#2539=(GEOMETRIC_REPRESENTATION_CONTEXT(3)GLOBAL_UNCERTAINTY_ASSIGNED_CONTEXT((
#2538))GLOBAL_UNIT_ASSIGNED_CONTEXT((#2532,#2536,#2537))REPRESENTATION_CONTEXT(
'ID1','3'));
#2541=APPLICATION_CONTEXT(
'CONFIGURATION CONTROLLED 3D DESIGNS OF MECHANICAL PARTS AND ASSEMBLIES');
#2542=APPLICATION_PROTOCOL_DEFINITION('international standard',
'config_control_design',1994,#2541);
#2543=DESIGN_CONTEXT('',#2541,'design');
#2544=MECHANICAL_CONTEXT('',#2541,'mechanical');
#2545=PRODUCT('624ZZ-EA012','624ZZ-EA012','NOT SPECIFIED',(#2544));
#2546=PRODUCT_DEFINITION_FORMATION_WITH_SPECIFIED_SOURCE('1','LAST_VERSION',
#2545,.MADE.);
#2550=PRODUCT_CATEGORY('part','');
#2551=PRODUCT_RELATED_PRODUCT_CATEGORY('detail','',(#2545));
#2552=PRODUCT_CATEGORY_RELATIONSHIP('','',#2550,#2551);
#2553=SECURITY_CLASSIFICATION_LEVEL('unclassified');
#2554=SECURITY_CLASSIFICATION('','',#2553);
#2555=CC_DESIGN_SECURITY_CLASSIFICATION(#2554,(#2546));
#2556=APPROVAL_STATUS('approved');
#2557=APPROVAL(#2556,'');
#2558=CC_DESIGN_APPROVAL(#2557,(#2554,#2546,#2547));
#2559=CALENDAR_DATE(125,19,12);
#2560=COORDINATED_UNIVERSAL_TIME_OFFSET(8,0,.AHEAD.);
#2561=LOCAL_TIME(16,31,5.4E1,#2560);
#2562=DATE_AND_TIME(#2559,#2561);
#2563=APPROVAL_DATE_TIME(#2562,#2557);
#2564=DATE_TIME_ROLE('creation_date');
#2565=CC_DESIGN_DATE_AND_TIME_ASSIGNMENT(#2562,#2564,(#2547));
#2566=DATE_TIME_ROLE('classification_date');
#2567=CC_DESIGN_DATE_AND_TIME_ASSIGNMENT(#2562,#2566,(#2554));
#2568=PERSON('UNSPECIFIED','UNSPECIFIED',$,$,$,$);
#2569=ORGANIZATION('UNSPECIFIED','UNSPECIFIED','UNSPECIFIED');
#2570=PERSON_AND_ORGANIZATION(#2568,#2569);
#2571=APPROVAL_ROLE('approver');
#2572=APPROVAL_PERSON_ORGANIZATION(#2570,#2557,#2571);
#2573=PERSON_AND_ORGANIZATION_ROLE('creator');
#2574=CC_DESIGN_PERSON_AND_ORGANIZATION_ASSIGNMENT(#2570,#2573,(#2546,#2547));
#2575=PERSON_AND_ORGANIZATION_ROLE('design_supplier');
#2576=CC_DESIGN_PERSON_AND_ORGANIZATION_ASSIGNMENT(#2570,#2575,(#2546));
#2577=PERSON_AND_ORGANIZATION_ROLE('classification_officer');
#2578=CC_DESIGN_PERSON_AND_ORGANIZATION_ASSIGNMENT(#2570,#2577,(#2554));
#2579=PERSON_AND_ORGANIZATION_ROLE('design_owner');
#2580=CC_DESIGN_PERSON_AND_ORGANIZATION_ASSIGNMENT(#2570,#2579,(#2545));
#1=DRAUGHTING_PRE_DEFINED_COLOUR('black');
#2=COLOUR_RGB('',0.E0,0.E0,4.7E-1);
#3=COLOUR_RGB('',0.E0,0.E0,6.E-1);
#4=COLOUR_RGB('',0.E0,0.E0,8.E-1);
#5=COLOUR_RGB('',0.E0,2.745098039216E-2,7.019607843137E-1);
#6=COLOUR_RGB('',0.E0,3.137254901961E-2,3.411764705882E-1);
#7=COLOUR_RGB('',0.E0,2.E-1,1.E0);
#8=COLOUR_RGB('',0.E0,3.3E-1,0.E0);
#9=COLOUR_RGB('',0.E0,3.3E-1,3.3E-1);
#10=COLOUR_RGB('',0.E0,4.E-1,0.E0);
#11=COLOUR_RGB('',0.E0,4.E-1,4.E-1);
#12=COLOUR_RGB('',0.E0,4.E-1,1.E0);
#13=COLOUR_RGB('',0.E0,5.019607843137E-1,5.019607843137E-1);
#14=COLOUR_RGB('',0.E0,6.E-1,0.E0);
#15=COLOUR_RGB('',0.E0,6.E-1,6.E-1);
#16=COLOUR_RGB('',0.E0,6.E-1,1.E0);
#17=COLOUR_RGB('',0.E0,8.E-1,0.E0);
#18=COLOUR_RGB('',0.E0,8.E-1,8.E-1);
#19=COLOUR_RGB('',0.E0,8.E-1,1.E0);
#20=COLOUR_RGB('',0.E0,9.3E-1,0.E0);
#21=COLOUR_RGB('',0.E0,9.3E-1,9.3E-1);
#22=DRAUGHTING_PRE_DEFINED_COLOUR('green');
#23=COLOUR_RGB('',0.E0,1.E0,2.E-1);
#24=COLOUR_RGB('',0.E0,1.E0,4.E-1);
#25=COLOUR_RGB('',0.E0,1.E0,6.E-1);
#26=COLOUR_RGB('',0.E0,1.E0,8.E-1);
#27=DRAUGHTING_PRE_DEFINED_COLOUR('cyan');
#28=COLOUR_RGB('',3.1E-2,2.E-1,6.27E-1);
#29=COLOUR_RGB('',3.529411764706E-2,5.137254901961E-1,1.725490196078E-1);
#30=COLOUR_RGB('',6.6667E-2,5.17647E-1,6.39216E-1);
#31=COLOUR_RGB('',7.E-2,7.E-2,1.E0);
#32=COLOUR_RGB('',7.E-2,6.E-1,3.E-1);
#33=COLOUR_RGB('',8.E-2,1.E-1,1.1E-1);
#34=COLOUR_RGB('',9.803921568627E-2,9.803921568627E-2,4.392156862745E-1);
#35=COLOUR_RGB('',1.019607843137E-1,6.313725490196E-1,5.019607843137E-1);
#36=COLOUR_RGB('',1.176470588235E-1,5.647058823529E-1,1.E0);
#37=COLOUR_RGB('',1.254901960784E-1,6.980392156863E-1,6.666666666667E-1);
#38=COLOUR_RGB('',1.333333333333E-1,5.450980392157E-1,1.333333333333E-1);
#39=COLOUR_RGB('',1.450980392157E-1,3.529411764706E-2,0.E0);
#40=COLOUR_RGB('',1.686274509804E-1,1.686274509804E-1,1.803921568627E-1);
#41=COLOUR_RGB('',1.803921568627E-1,5.450980392157E-1,3.411764705882E-1);
#42=COLOUR_RGB('',1.9E-1,2.3E-1,3.1E-1);
#43=COLOUR_RGB('',1.960784313725E-1,8.039215686275E-1,1.960784313725E-1);
#44=COLOUR_RGB('',2.E-1,1.E0,0.E0);
#45=COLOUR_RGB('',2.E-1,1.E0,2.E-1);
#46=COLOUR_RGB('',2.E-1,1.E0,1.E0);
#47=COLOUR_RGB('',2.313725490196E-1,3.803921568627E-1,5.607843137255E-1);
#48=COLOUR_RGB('',2.352941176471E-1,7.019607843137E-1,4.431372549020E-1);
#49=COLOUR_RGB('',2.431372549020E-1,8.784313725490E-1,8.156862745098E-1);
#50=COLOUR_RGB('',2.470588235294E-1,5.921568627451E-1,6.313725490196E-1);
#51=COLOUR_RGB('',2.5098E-1,2.35294E-1,8.62745E-1);
#52=COLOUR_RGB('',2.549019607843E-1,4.117647058824E-1,1.E0);
#53=COLOUR_RGB('',2.58824E-1,7.80392E-1,8.86275E-1);
#54=COLOUR_RGB('',2.7E-1,0.E0,4.E-1);
#55=COLOUR_RGB('',2.7E-1,2.7E-1,0.E0);
#56=COLOUR_RGB('',2.7E-1,2.7E-1,1.E0);
#57=COLOUR_RGB('',2.745098039216E-1,5.098039215686E-1,7.058823529412E-1);
#58=COLOUR_RGB('',2.784313725490E-1,2.784313725490E-1,2.784313725490E-1);
#59=COLOUR_RGB('',2.823529411765E-1,2.392156862745E-1,5.450980392157E-1);
#60=COLOUR_RGB('',3.13725E-1,4.70588E-1,1.96078E-1);
#61=COLOUR_RGB('',3.2549E-1,4.98039E-1,9.84314E-1);
#62=COLOUR_RGB('',3.254901960784E-1,5.764705882353E-1,8.117647058824E-1);
#63=COLOUR_RGB('',3.3E-1,0.E0,0.E0);
#64=COLOUR_RGB('',3.3E-1,0.E0,3.3E-1);
#65=COLOUR_RGB('',3.3E-1,0.E0,5.3E-1);
#66=COLOUR_RGB('',3.450980392157E-1,3.647058823529E-1,3.725490196078E-1);
#67=COLOUR_RGB('',3.725490196078E-1,6.196078431373E-1,6.274509803922E-1);
#68=COLOUR_RGB('',3.803921568627E-1,4.392156862745E-1,5.960784313725E-1);
#69=COLOUR_RGB('',3.882352941176E-1,4.392156862745E-1,4.901960784314E-1);
#70=COLOUR_RGB('',3.921568627451E-1,5.843137254902E-1,9.294117647059E-1);
#71=COLOUR_RGB('',3.96078E-1,7.13725E-1,1.E0);
#72=COLOUR_RGB('',4.E-1,0.E0,4.E-1);
#73=COLOUR_RGB('',4.E-1,0.E0,6.7E-1);
#74=COLOUR_RGB('',4.E-1,1.3E-1,0.E0);
#75=COLOUR_RGB('',4.E-1,4.E-1,0.E0);
#76=COLOUR_RGB('',4.E-1,4.E-1,1.E0);
#77=COLOUR_RGB('',4.E-1,8.039215686275E-1,6.666666666667E-1);
#78=COLOUR_RGB('',4.E-1,1.E0,0.E0);
#79=COLOUR_RGB('',4.E-1,1.E0,4.E-1);
#80=COLOUR_RGB('',4.E-1,1.E0,1.E0);
#81=COLOUR_RGB('',4.156862745098E-1,3.529411764706E-1,8.039215686275E-1);
#82=COLOUR_RGB('',4.196078431373E-1,5.568627450980E-1,1.372549019608E-1);
#83=COLOUR_RGB('',4.666666666667E-1,5.333333333333E-1,6.E-1);
#84=COLOUR_RGB('',4.7E-1,0.E0,0.E0);
#85=COLOUR_RGB('',4.7E-1,0.E0,8.E-1);
#86=COLOUR_RGB('',4.7E-1,2.E-1,7.E-2);
#87=COLOUR_RGB('',4.823529411765E-1,4.078431372549E-1,9.333333333333E-1);
#88=COLOUR_RGB('',4.980392156863E-1,1.E0,8.313725490196E-1);
#89=COLOUR_RGB('',5.019607843137E-1,0.E0,5.019607843137E-1);
#90=COLOUR_RGB('',5.019607843137E-1,5.019607843137E-1,0.E0);
#91=COLOUR_RGB('',5.01961E-1,5.01961E-1,5.01961E-1);
#92=COLOUR_RGB('',5.098039215686E-1,3.960784313725E-1,1.058823529412E-1);
#93=COLOUR_RGB('',5.3E-1,0.E0,9.3E-1);
#94=COLOUR_RGB('',5.3E-1,2.7E-1,1.3E-1);
#95=COLOUR_RGB('',5.3E-1,5.3E-1,1.E0);
#96=COLOUR_RGB('',5.294117647059E-1,8.078431372549E-1,9.215686274510E-1);
#97=COLOUR_RGB('',5.411764705882E-1,1.686274509804E-1,8.862745098039E-1);
#98=COLOUR_RGB('',5.5E-1,6.5E-1,7.3E-1);
#99=COLOUR_RGB('',5.607843137255E-1,7.372549019608E-1,5.607843137255E-1);
#100=COLOUR_RGB('',5.68627E-1,9.37255E-1,9.37255E-1);
#101=COLOUR_RGB('',5.725490196078E-1,6.117647058824E-1,6.313725490196E-1);
#102=COLOUR_RGB('',5.764705882353E-1,4.392156862745E-1,8.588235294118E-1);
#103=COLOUR_RGB('',5.803921568627E-1,0.E0,8.274509803922E-1);
#104=COLOUR_RGB('',5.88235E-1,2.35294E-1,1.56863E-1);
#105=COLOUR_RGB('',6.E-1,0.E0,6.E-1);
#106=COLOUR_RGB('',6.E-1,1.960784313725E-1,8.E-1);
#107=COLOUR_RGB('',6.E-1,2.E-1,1.E0);
#108=COLOUR_RGB('',6.E-1,3.3E-1,2.E-1);
#109=COLOUR_RGB('',6.E-1,6.E-1,0.E0);
#110=COLOUR_RGB('',6.E-1,1.E0,6.E-1);
#111=COLOUR_RGB('',6.E-1,1.E0,1.E0);
#112=COLOUR_RGB('',6.27451E-1,4.70588E-1,3.52941E-1);
#113=COLOUR_RGB('',6.627450980392E-1,6.627450980392E-1,6.627450980392E-1);
#114=COLOUR_RGB('',6.66667E-1,8.23529E-1,1.96078E-1);
#115=COLOUR_RGB('',6.66667E-1,8.23529E-1,5.88235E-1);
#116=COLOUR_RGB('',6.7E-1,0.E0,0.E0);
#117=COLOUR_RGB('',6.7E-1,4.E-1,2.7E-1);
#118=COLOUR_RGB('',6.7E-1,4.E-1,1.E0);
#119=COLOUR_RGB('',6.7E-1,6.7E-1,1.E0);
#120=COLOUR_RGB('',6.7E-1,1.E0,0.E0);
#121=COLOUR_RGB('',6.784313725490E-1,8.117647058824E-1,1.E0);
#122=COLOUR_RGB('',6.784313725490E-1,8.470588235294E-1,9.019607843137E-1);
#123=COLOUR_RGB('',6.784313725490E-1,1.E0,1.843137254902E-1);
#124=COLOUR_RGB('',6.862745098039E-1,6.823529411765E-1,7.607843137255E-1);
#125=COLOUR_RGB('',6.980392156863E-1,1.333333333333E-1,1.333333333333E-1);
#126=COLOUR_RGB('',7.17647E-1,1.68627E-1,4.43137E-1);
#127=COLOUR_RGB('',7.215686274510E-1,5.254901960784E-1,4.313725490196E-2);
#128=COLOUR_RGB('',7.294117647059E-1,2.705882352941E-1,1.E0);
#129=COLOUR_RGB('',7.294117647059E-1,3.333333333333E-1,8.274509803922E-1);
#130=COLOUR_RGB('',7.294117647059E-1,4.E-1,0.E0);
#131=COLOUR_RGB('',7.3E-1,4.7E-1,3.3E-1);
#132=COLOUR_RGB('',7.372549019608E-1,5.607843137255E-1,5.607843137255E-1);
#133=COLOUR_RGB('',7.411764705882E-1,7.176470588235E-1,4.196078431373E-1);
#134=COLOUR_RGB('',7.803921568627E-1,8.235294117647E-2,5.215686274510E-1);
#135=COLOUR_RGB('',8.E-1,0.E0,8.E-1);
#136=COLOUR_RGB('',8.E-1,5.3E-1,4.E-1);
#137=COLOUR_RGB('',8.E-1,6.E-1,1.E0);
#138=COLOUR_RGB('',8.E-1,8.E-1,0.E0);
#139=COLOUR_RGB('',8.E-1,8.E-1,1.E0);
#140=COLOUR_RGB('',8.E-1,1.E0,8.E-1);
#141=COLOUR_RGB('',8.E-1,1.E0,1.E0);
#142=COLOUR_RGB('',8.039215686275E-1,3.607843137255E-1,3.607843137255E-1);
#143=COLOUR_RGB('',8.03922E-1,5.88235E-1,1.96078E-1);
#144=COLOUR_RGB('',8.196078431373E-1,7.098039215686E-1,5.490196078431E-2);
#145=COLOUR_RGB('',8.235294117647E-1,4.117647058824E-1,1.176470588235E-1);
#146=COLOUR_RGB('',8.235294117647E-1,7.058823529412E-1,5.490196078431E-1);
#147=COLOUR_RGB('',8.274509803922E-1,8.274509803922E-1,8.274509803922E-1);
#148=COLOUR_RGB('',8.392156862745E-1,8.E-1,7.137254901961E-1);
#149=COLOUR_RGB('',8.431372549020E-1,8.980392156863E-1,9.333333333333E-1);
#150=COLOUR_RGB('',8.549019607843E-1,6.470588235294E-1,1.254901960784E-1);
#151=COLOUR_RGB('',8.588235294118E-1,4.392156862745E-1,5.764705882353E-1);
#152=COLOUR_RGB('',8.627450980392E-1,7.843137254902E-2,2.352941176471E-1);
#153=COLOUR_RGB('',8.666666666667E-1,6.274509803922E-1,8.666666666667E-1);
#154=COLOUR_RGB('',8.7E-1,0.E0,0.E0);
#155=COLOUR_RGB('',8.7E-1,6.E-1,4.7E-1);
#156=COLOUR_RGB('',8.98039E-1,6.07843E-1,1.E0);
#157=COLOUR_RGB('',9.E-1,8.3E-1,1.2E-1);
#158=COLOUR_RGB('',9.09804E-1,3.68627E-1,8.19608E-1);
#159=COLOUR_RGB('',9.3E-1,0.E0,9.3E-1);
#160=COLOUR_RGB('',9.3E-1,6.7E-1,5.3E-1);
#161=COLOUR_RGB('',9.3E-1,8.E-1,1.E0);
#162=COLOUR_RGB('',9.3E-1,9.3E-1,0.E0);
#163=COLOUR_RGB('',9.3E-1,1.E0,9.3E-1);
#164=COLOUR_RGB('',9.3E-1,1.E0,1.E0);
#165=COLOUR_RGB('',9.333333333333E-1,5.098039215686E-1,9.333333333333E-1);
#166=COLOUR_RGB('',9.333333333333E-1,9.098039215686E-1,6.666666666667E-1);
#167=COLOUR_RGB('',9.411764705882E-1,9.019607843137E-1,5.490196078431E-1);
#168=COLOUR_RGB('',9.568627450980E-1,6.431372549020E-1,3.764705882353E-1);
#169=DRAUGHTING_PRE_DEFINED_COLOUR('red');
#170=COLOUR_RGB('',1.E0,0.E0,2.705882352941E-1);
#171=COLOUR_RGB('',1.E0,0.E0,4.705882352941E-1);
#172=COLOUR_RGB('',1.E0,0.E0,7.803921568627E-1);
#173=DRAUGHTING_PRE_DEFINED_COLOUR('magenta');
#174=COLOUR_RGB('',1.E0,3.1E-2,3.1E-2);
#175=COLOUR_RGB('',1.E0,7.E-2,7.E-2);
#176=COLOUR_RGB('',1.E0,7.843137254902E-2,5.764705882353E-1);
#177=COLOUR_RGB('',1.E0,2.E-1,1.E0);
#178=COLOUR_RGB('',1.E0,2.7E-1,0.E0);
#179=COLOUR_RGB('',1.E0,2.7E-1,2.7E-1);
#180=COLOUR_RGB('',1.E0,3.882352941176E-1,2.784313725490E-1);
#181=COLOUR_RGB('',1.E0,4.E-1,1.E0);
#182=COLOUR_RGB('',1.E0,4.117647058824E-1,7.058823529412E-1);
#183=COLOUR_RGB('',1.E0,4.7E-1,0.E0);
#184=COLOUR_RGB('',1.E0,4.7E-1,4.7E-1);
#185=COLOUR_RGB('',1.E0,4.980392156863E-1,3.137254901961E-1);
#186=COLOUR_RGB('',1.E0,6.E-1,1.E0);
#187=COLOUR_RGB('',1.E0,6.7E-1,0.E0);
#188=COLOUR_RGB('',1.E0,6.7E-1,6.7E-1);
#189=COLOUR_RGB('',1.E0,7.3E-1,6.E-1);
#190=COLOUR_RGB('',1.E0,7.686274509804E-1,5.882352941176E-2);
#191=COLOUR_RGB('',1.E0,8.E-1,8.E-1);
#192=COLOUR_RGB('',1.E0,8.E-1,1.E0);
#193=COLOUR_RGB('',1.E0,8.7E-1,0.E0);
#194=COLOUR_RGB('',1.E0,9.215686274510E-1,8.039215686275E-1);
#195=COLOUR_RGB('',1.E0,9.3E-1,9.3E-1);
#196=COLOUR_RGB('',1.E0,9.3E-1,1.E0);
#197=DRAUGHTING_PRE_DEFINED_COLOUR('yellow');
#198=COLOUR_RGB('',1.E0,1.E0,1.3E-1);
#199=COLOUR_RGB('',1.E0,1.E0,3.3E-1);
#200=COLOUR_RGB('',1.E0,1.E0,5.3E-1);
#201=COLOUR_RGB('',1.E0,1.E0,7.3E-1);
#202=COLOUR_RGB('',1.E0,1.E0,9.3E-1);
#203=DRAUGHTING_PRE_DEFINED_COLOUR('white');
#208=CIRCLE('',#207,3.5E0);
#213=CIRCLE('',#212,3.5E0);
#218=CIRCLE('',#217,3.3125E0);
#223=CIRCLE('',#222,3.3125E0);
#236=CIRCLE('',#235,3.05E0);
#241=CIRCLE('',#240,1.2E0);
#246=CIRCLE('',#245,3.5E0);
#251=CIRCLE('',#250,3.5E0);
#256=CIRCLE('',#255,1.2E0);
#261=CIRCLE('',#260,3.5E0);
#266=CIRCLE('',#265,1.2E0);
#279=CIRCLE('',#278,3.5E0);
#284=CIRCLE('',#283,3.5E0);
#289=CIRCLE('',#288,3.3125E0);
#294=CIRCLE('',#293,3.3125E0);
#307=CIRCLE('',#306,3.3125E0);
#312=CIRCLE('',#311,3.3125E0);
#317=CIRCLE('',#316,2.2E0);
#322=CIRCLE('',#321,2.2E0);
#327=CIRCLE('',#326,2.E-1);
#332=CIRCLE('',#331,2.E0);
#337=CIRCLE('',#336,2.E-1);
#342=CIRCLE('',#341,2.E0);
#351=CIRCLE('',#350,2.E-1);
#356=CIRCLE('',#355,2.E0);
#361=CIRCLE('',#360,2.E0);
#366=CIRCLE('',#365,2.E-1);
#375=CIRCLE('',#374,3.3125E0);
#380=CIRCLE('',#379,3.3125E0);
#385=CIRCLE('',#384,2.2E0);
#390=CIRCLE('',#389,2.2E0);
#403=CIRCLE('',#402,3.05E0);
#408=CIRCLE('',#407,1.2E0);
#413=CIRCLE('',#412,3.5E0);
#471=EDGE_CURVE('',#448,#449,#208,.T.);
#473=EDGE_CURVE('',#449,#448,#213,.T.);
#477=EDGE_CURVE('',#452,#453,#218,.T.);
#479=EDGE_CURVE('',#453,#452,#223,.T.);
#490=EDGE_CURVE('',#448,#443,#227,.T.);
#492=EDGE_CURVE('',#445,#443,#413,.T.);
#494=EDGE_CURVE('',#449,#445,#231,.T.);
#505=EDGE_CURVE('',#443,#445,#246,.T.);
#517=EDGE_CURVE('',#441,#439,#236,.T.);
#519=EDGE_CURVE('',#439,#443,#241,.T.);
#522=EDGE_CURVE('',#441,#445,#408,.T.);
#532=EDGE_CURVE('',#437,#441,#266,.T.);
#534=EDGE_CURVE('',#437,#436,#251,.T.);
#536=EDGE_CURVE('',#436,#439,#256,.T.);
#548=EDGE_CURVE('',#436,#437,#261,.T.);
#551=EDGE_CURVE('',#439,#441,#403,.T.);
#562=EDGE_CURVE('',#436,#433,#270,.T.);
#564=EDGE_CURVE('',#432,#433,#279,.T.);
#566=EDGE_CURVE('',#437,#432,#274,.T.);
#577=EDGE_CURVE('',#433,#432,#284,.T.);
#593=EDGE_CURVE('',#428,#429,#289,.T.);
#595=EDGE_CURVE('',#429,#428,#294,.T.);
#606=EDGE_CURVE('',#428,#425,#298,.T.);
#608=EDGE_CURVE('',#424,#425,#307,.T.);
#610=EDGE_CURVE('',#429,#424,#302,.T.);
#621=EDGE_CURVE('',#425,#424,#312,.T.);
#637=EDGE_CURVE('',#416,#417,#317,.T.);
#639=EDGE_CURVE('',#417,#416,#322,.T.);
#650=EDGE_CURVE('',#416,#419,#327,.T.);
#652=EDGE_CURVE('',#419,#421,#332,.T.);
#654=EDGE_CURVE('',#417,#421,#337,.T.);
#665=EDGE_CURVE('',#421,#419,#342,.T.);
#677=EDGE_CURVE('',#465,#464,#356,.T.);
#679=EDGE_CURVE('',#465,#419,#346,.T.);
#682=EDGE_CURVE('',#464,#421,#370,.T.);
#692=EDGE_CURVE('',#464,#460,#351,.T.);
#694=EDGE_CURVE('',#461,#460,#390,.T.);
#696=EDGE_CURVE('',#465,#461,#366,.T.);
#707=EDGE_CURVE('',#464,#465,#361,.T.);
#710=EDGE_CURVE('',#460,#461,#385,.T.);
#733=EDGE_CURVE('',#456,#457,#375,.T.);
#735=EDGE_CURVE('',#457,#456,#380,.T.);
#750=EDGE_CURVE('',#456,#453,#394,.T.);
#753=EDGE_CURVE('',#457,#452,#398,.T.);
#796=CIRCLE('',#795,4.679782797639E0);
#801=CIRCLE('',#800,2.E-1);
#806=CIRCLE('',#805,2.E-1);
#811=CIRCLE('',#810,4.679782797639E0);
#816=CIRCLE('',#815,4.554843788128E0);
#821=CIRCLE('',#820,4.554843788128E0);
#826=CIRCLE('',#825,3.35E0);
#831=CIRCLE('',#830,3.35E0);
#844=CIRCLE('',#843,4.554843788128E0);
#849=CIRCLE('',#848,4.554843788128E0);
#854=CIRCLE('',#853,3.35E0);
#859=CIRCLE('',#858,3.35E0);
#864=CIRCLE('',#863,4.721429134143E0);
#869=CIRCLE('',#868,2.666666666667E-1);
#882=CIRCLE('',#881,4.968439885618E0);
#887=CIRCLE('',#886,2.005940576482E-1);
#892=CIRCLE('',#891,2.005940576482E-1);
#897=CIRCLE('',#896,4.968439885618E0);
#902=CIRCLE('',#901,5.1875E0);
#907=CIRCLE('',#906,5.1875E0);
#912=CIRCLE('',#911,5.09375E0);
#917=CIRCLE('',#916,5.09375E0);
#922=CIRCLE('',#921,3.333333333333E-2);
#927=CIRCLE('',#926,5.213014358498E0);
#932=CIRCLE('',#931,3.333333333333E-2);
#937=CIRCLE('',#936,5.213014358498E0);
#946=CIRCLE('',#945,5.098971283004E0);
#955=CIRCLE('',#954,5.15E0);
#964=CIRCLE('',#963,5.15E0);
#973=CIRCLE('',#972,5.098971283004E0);
#986=CIRCLE('',#985,6.3E0);
#991=CIRCLE('',#990,6.3E0);
#996=CIRCLE('',#995,5.15E0);
#1001=CIRCLE('',#1000,5.15E0);
#1006=CIRCLE('',#1005,6.5E0);
#1011=CIRCLE('',#1010,2.E-1);
#1020=CIRCLE('',#1019,2.E-1);
#1025=CIRCLE('',#1024,6.5E0);
#1030=CIRCLE('',#1029,6.3E0);
#1035=CIRCLE('',#1034,6.3E0);
#1040=CIRCLE('',#1039,5.15E0);
#1045=CIRCLE('',#1044,5.15E0);
#1050=CIRCLE('',#1049,2.E-1);
#1055=CIRCLE('',#1054,6.5E0);
#1064=CIRCLE('',#1063,2.E-1);
#1069=CIRCLE('',#1068,6.5E0);
#1078=CIRCLE('',#1077,5.15E0);
#1087=CIRCLE('',#1086,5.15E0);
#1104=CIRCLE('',#1103,5.098971283004E0);
#1109=CIRCLE('',#1108,5.098971283004E0);
#1118=CIRCLE('',#1117,3.333333333333E-2);
#1123=CIRCLE('',#1122,3.333333333333E-2);
#1128=CIRCLE('',#1127,5.213014358498E0);
#1133=CIRCLE('',#1132,5.1875E0);
#1138=CIRCLE('',#1137,5.1875E0);
#1143=CIRCLE('',#1142,5.09375E0);
#1148=CIRCLE('',#1147,5.09375E0);
#1153=CIRCLE('',#1152,3.333333333333E-2);
#1158=CIRCLE('',#1157,5.213014358498E0);
#1163=CIRCLE('',#1162,3.333333333333E-2);
#1168=CIRCLE('',#1167,4.968439885618E0);
#1173=CIRCLE('',#1172,2.005940576482E-1);
#1186=CIRCLE('',#1185,4.721429134143E0);
#1191=CIRCLE('',#1190,2.666666666667E-1);
#1196=CIRCLE('',#1195,2.666666666667E-1);
#1201=CIRCLE('',#1200,4.721429134143E0);
#1206=CIRCLE('',#1205,4.554843788128E0);
#1211=CIRCLE('',#1210,4.554843788128E0);
#1216=CIRCLE('',#1215,3.35E0);
#1221=CIRCLE('',#1220,3.35E0);
#1230=CIRCLE('',#1229,4.554843788128E0);
#1235=CIRCLE('',#1234,4.554843788128E0);
#1240=CIRCLE('',#1239,3.35E0);
#1245=CIRCLE('',#1244,3.35E0);
#1250=CIRCLE('',#1249,4.679782797639E0);
#1255=CIRCLE('',#1254,2.E-1);
#1268=CIRCLE('',#1267,5.09375E0);
#1273=CIRCLE('',#1272,4.926793549115E0);
#1278=CIRCLE('',#1277,2.672607243148E-1);
#1283=CIRCLE('',#1282,5.E0);
#1288=CIRCLE('',#1287,5.E0);
#1293=CIRCLE('',#1292,5.09375E0);
#1298=CIRCLE('',#1297,4.926793549115E0);
#1303=CIRCLE('',#1302,2.672607243148E-1);
#1316=CIRCLE('',#1315,5.E0);
#1321=CIRCLE('',#1320,1.2E0);
#1326=CIRCLE('',#1325,5.E0);
#1331=CIRCLE('',#1330,1.2E0);
#1336=CIRCLE('',#1335,5.E0);
#1341=CIRCLE('',#1340,5.E0);
#1354=CIRCLE('',#1353,5.09375E0);
#1359=CIRCLE('',#1358,5.09375E0);
#1364=CIRCLE('',#1363,5.E0);
#1369=CIRCLE('',#1368,5.E0);
#1374=CIRCLE('',#1373,4.926793549115E0);
#1379=CIRCLE('',#1378,2.672607243148E-1);
#1384=CIRCLE('',#1383,4.926793549115E0);
#1389=CIRCLE('',#1388,2.672607243148E-1);
#1394=CIRCLE('',#1393,2.E-1);
#1399=CIRCLE('',#1398,4.679782797639E0);
#1408=CIRCLE('',#1407,2.005940576482E-1);
#1413=CIRCLE('',#1412,4.968439885618E0);
#1418=CIRCLE('',#1417,2.666666666667E-1);
#1423=CIRCLE('',#1422,4.721429134143E0);
#1585=EDGE_CURVE('',#1537,#1535,#787,.T.);
#1587=EDGE_CURVE('',#1534,#1535,#1374,.T.);
#1589=EDGE_CURVE('',#1539,#1534,#791,.T.);
#1591=EDGE_CURVE('',#1537,#1539,#811,.T.);
#1601=EDGE_CURVE('',#1539,#1537,#796,.T.);
#1604=EDGE_CURVE('',#1535,#1534,#1384,.T.);
#1616=EDGE_CURVE('',#1537,#1541,#801,.T.);
#1618=EDGE_CURVE('',#1543,#1541,#821,.T.);
#1620=EDGE_CURVE('',#1539,#1543,#806,.T.);
#1631=EDGE_CURVE('',#1541,#1543,#816,.T.);
#1647=EDGE_CURVE('',#1546,#1547,#826,.T.);
#1649=EDGE_CURVE('',#1547,#1546,#831,.T.);
#1659=EDGE_CURVE('',#1546,#1549,#835,.T.);
#1661=EDGE_CURVE('',#1551,#1549,#854,.T.);
#1663=EDGE_CURVE('',#1547,#1551,#839,.T.);
#1676=EDGE_CURVE('',#1549,#1551,#859,.T.);
#1687=EDGE_CURVE('',#1554,#1555,#844,.T.);
#1689=EDGE_CURVE('',#1555,#1554,#849,.T.);
#1703=EDGE_CURVE('',#1558,#1559,#864,.T.);
#1705=EDGE_CURVE('',#1559,#1555,#869,.T.);
#1708=EDGE_CURVE('',#1558,#1554,#1418,.T.);
#1719=EDGE_CURVE('',#1558,#1561,#873,.T.);
#1721=EDGE_CURVE('',#1563,#1561,#897,.T.);
#1723=EDGE_CURVE('',#1559,#1563,#877,.T.);
#1734=EDGE_CURVE('',#1561,#1563,#882,.T.);
#1737=EDGE_CURVE('',#1559,#1558,#1423,.T.);
#1748=EDGE_CURVE('',#1563,#1565,#887,.T.);
#1750=EDGE_CURVE('',#1567,#1565,#917,.T.);
#1752=EDGE_CURVE('',#1561,#1567,#892,.T.);
#1763=EDGE_CURVE('',#1565,#1567,#912,.T.);
#1775=EDGE_CURVE('',#1570,#1571,#902,.T.);
#1777=EDGE_CURVE('',#1571,#1570,#907,.T.);
#1791=EDGE_CURVE('',#1570,#1529,#922,.T.);
#1793=EDGE_CURVE('',#1529,#1527,#927,.T.);
#1795=EDGE_CURVE('',#1527,#1571,#932,.T.);
#1808=EDGE_CURVE('',#1527,#1529,#937,.T.);
#1819=EDGE_CURVE('',#1531,#1526,#946,.T.);
#1821=EDGE_CURVE('',#1531,#1529,#941,.T.);
#1824=EDGE_CURVE('',#1526,#1527,#981,.T.);
#1834=EDGE_CURVE('',#1575,#1574,#955,.T.);
#1836=EDGE_CURVE('',#1531,#1575,#977,.T.);
#1839=EDGE_CURVE('',#1526,#1574,#950,.T.);
#1850=EDGE_CURVE('',#1574,#1498,#959,.T.);
#1852=EDGE_CURVE('',#1499,#1498,#1001,.T.);
#1854=EDGE_CURVE('',#1575,#1499,#968,.T.);
#1864=EDGE_CURVE('',#1574,#1575,#964,.T.);
#1867=EDGE_CURVE('',#1498,#1499,#996,.T.);
#1880=EDGE_CURVE('',#1526,#1531,#973,.T.);
#1903=EDGE_CURVE('',#1495,#1493,#986,.T.);
#1905=EDGE_CURVE('',#1493,#1495,#991,.T.);
#1919=EDGE_CURVE('',#1489,#1491,#1006,.T.);
#1921=EDGE_CURVE('',#1491,#1493,#1011,.T.);
#1924=EDGE_CURVE('',#1489,#1495,#1064,.T.);
#1934=EDGE_CURVE('',#1481,#1483,#1025,.T.);
#1936=EDGE_CURVE('',#1481,#1491,#1015,.T.);
#1939=EDGE_CURVE('',#1483,#1489,#1059,.T.);
#1949=EDGE_CURVE('',#1478,#1479,#1030,.T.);
#1951=EDGE_CURVE('',#1478,#1481,#1020,.T.);
#1954=EDGE_CURVE('',#1479,#1483,#1050,.T.);
#1965=EDGE_CURVE('',#1479,#1478,#1035,.T.);
#1969=EDGE_CURVE('',#1486,#1487,#1040,.T.);
#1971=EDGE_CURVE('',#1487,#1486,#1045,.T.);
#1982=EDGE_CURVE('',#1483,#1481,#1055,.T.);
#1995=EDGE_CURVE('',#1491,#1489,#1069,.T.);
#2019=EDGE_CURVE('',#1523,#1522,#1078,.T.);
#2021=EDGE_CURVE('',#1487,#1523,#1095,.T.);
#2024=EDGE_CURVE('',#1486,#1522,#1073,.T.);
#2035=EDGE_CURVE('',#1438,#1522,#1091,.T.);
#2037=EDGE_CURVE('',#1439,#1438,#1109,.T.);
#2039=EDGE_CURVE('',#1439,#1523,#1082,.T.);
#2049=EDGE_CURVE('',#1522,#1523,#1087,.T.);
#2052=EDGE_CURVE('',#1438,#1439,#1104,.T.);
#2075=EDGE_CURVE('',#1439,#1443,#1099,.T.);
#2077=EDGE_CURVE('',#1441,#1443,#1158,.T.);
#2079=EDGE_CURVE('',#1438,#1441,#1113,.T.);
#2092=EDGE_CURVE('',#1443,#1441,#1128,.T.);
#2103=EDGE_CURVE('',#1449,#1451,#1133,.T.);
#2105=EDGE_CURVE('',#1449,#1447,#1118,.T.);
#2107=EDGE_CURVE('',#1447,#1443,#1123,.T.);
#2110=EDGE_CURVE('',#1445,#1441,#1153,.T.);
#2112=EDGE_CURVE('',#1451,#1445,#1163,.T.);
#2123=EDGE_CURVE('',#1451,#1449,#1138,.T.);
#2127=EDGE_CURVE('',#1454,#1455,#1143,.T.);
#2129=EDGE_CURVE('',#1455,#1454,#1148,.T.);
#2153=EDGE_CURVE('',#1458,#1459,#1168,.T.);
#2155=EDGE_CURVE('',#1459,#1455,#1173,.T.);
#2158=EDGE_CURVE('',#1458,#1454,#1408,.T.);
#2168=EDGE_CURVE('',#1461,#1459,#1177,.T.);
#2171=EDGE_CURVE('',#1463,#1458,#1181,.T.);
#2173=EDGE_CURVE('',#1461,#1463,#1201,.T.);
#2183=EDGE_CURVE('',#1463,#1461,#1186,.T.);
#2186=EDGE_CURVE('',#1459,#1458,#1413,.T.);
#2198=EDGE_CURVE('',#1461,#1465,#1191,.T.);
#2200=EDGE_CURVE('',#1467,#1465,#1211,.T.);
#2202=EDGE_CURVE('',#1463,#1467,#1196,.T.);
#2213=EDGE_CURVE('',#1465,#1467,#1206,.T.);
#2229=EDGE_CURVE('',#1470,#1471,#1216,.T.);
#2231=EDGE_CURVE('',#1471,#1470,#1221,.T.);
#2241=EDGE_CURVE('',#1474,#1475,#1240,.T.);
#2243=EDGE_CURVE('',#1474,#1471,#1225,.T.);
#2246=EDGE_CURVE('',#1475,#1470,#1403,.T.);
#2256=EDGE_CURVE('',#1427,#1429,#1230,.T.);
#2258=EDGE_CURVE('',#1429,#1427,#1235,.T.);
#2263=EDGE_CURVE('',#1475,#1474,#1245,.T.);
#2273=EDGE_CURVE('',#1426,#1431,#1250,.T.);
#2275=EDGE_CURVE('',#1431,#1429,#1255,.T.);
#2278=EDGE_CURVE('',#1426,#1427,#1394,.T.);
#2289=EDGE_CURVE('',#1426,#1433,#1259,.T.);
#2291=EDGE_CURVE('',#1435,#1433,#1298,.T.);
#2293=EDGE_CURVE('',#1431,#1435,#1263,.T.);
#2304=EDGE_CURVE('',#1433,#1435,#1273,.T.);
#2307=EDGE_CURVE('',#1431,#1426,#1399,.T.);
#2317=EDGE_CURVE('',#1518,#1519,#1268,.T.);
#2319=EDGE_CURVE('',#1433,#1519,#1303,.T.);
#2322=EDGE_CURVE('',#1435,#1518,#1278,.T.);
#2333=EDGE_CURVE('',#1519,#1518,#1293,.T.);
#2337=EDGE_CURVE('',#1515,#1514,#1283,.T.);
#2339=EDGE_CURVE('',#1514,#1515,#1288,.T.);
#2361=EDGE_CURVE('',#1515,#1510,#1307,.T.);
#2363=EDGE_CURVE('',#1511,#1510,#1341,.T.);
#2365=EDGE_CURVE('',#1514,#1511,#1311,.T.);
#2378=EDGE_CURVE('',#1510,#1511,#1316,.T.);
#2390=EDGE_CURVE('',#1511,#1507,#1321,.T.);
#2392=EDGE_CURVE('',#1507,#1505,#1326,.T.);
#2394=EDGE_CURVE('',#1505,#1510,#1331,.T.);
#2405=EDGE_CURVE('',#1505,#1507,#1336,.T.);
#2417=EDGE_CURVE('',#1505,#1503,#1345,.T.);
#2419=EDGE_CURVE('',#1502,#1503,#1364,.T.);
#2421=EDGE_CURVE('',#1507,#1502,#1349,.T.);
#2434=EDGE_CURVE('',#1503,#1502,#1369,.T.);
#2445=EDGE_CURVE('',#1578,#1579,#1354,.T.);
#2447=EDGE_CURVE('',#1579,#1578,#1359,.T.);
#2462=EDGE_CURVE('',#1534,#1579,#1389,.T.);
#2465=EDGE_CURVE('',#1535,#1578,#1379,.T.);
#2532=(LENGTH_UNIT()NAMED_UNIT(*)SI_UNIT(.MILLI.,.METRE.));
#2534=(NAMED_UNIT(*)PLANE_ANGLE_UNIT()SI_UNIT($,.RADIAN.));
#2537=(NAMED_UNIT(*)SI_UNIT($,.STERADIAN.)SOLID_ANGLE_UNIT());
#2540=ADVANCED_BREP_SHAPE_REPRESENTATION('',(#783,#2531),#2539);
#2547=PRODUCT_DEFINITION('design','',#2546,#2543);
#2548=PRODUCT_DEFINITION_SHAPE('','SHAPE FOR 624ZZ-EA012.',#2547);
#2549=SHAPE_DEFINITION_REPRESENTATION(#2548,#2540);
ENDSEC;
END-ISO-10303-21;
