ISO-10303-21;
HEADER;
FILE_DESCRIPTION((''),'2;1');
FILE_NAME('688ZZ-EA026','2025-12-19T16:39:27',('qinghui.yi'),(''),
'CREO PARAMETRIC BY PTC INC, 2019164','CREO PARAMETRIC BY PTC INC, 2019164','');
FILE_SCHEMA(('CONFIG_CONTROL_DESIGN','SHAPE_APPEARANCE_LAYERS_GROUPS'));
ENDSEC;
DATA;
#204=CARTESIAN_POINT('',(2.3E0,0.E0,-4.2E0));
#205=DIRECTION('',(0.E0,1.E0,0.E0));
#206=DIRECTION('',(0.E0,0.E0,1.E0));
#207=AXIS2_PLACEMENT_3D('',#204,#205,#206);
#209=CARTESIAN_POINT('',(2.3E0,0.E0,0.E0));
#210=DIRECTION('',(1.E0,0.E0,0.E0));
#211=DIRECTION('',(0.E0,0.E0,1.E0));
#212=AXIS2_PLACEMENT_3D('',#209,#210,#211);
#214=CARTESIAN_POINT('',(2.3E0,0.E0,0.E0));
#215=DIRECTION('',(1.E0,0.E0,0.E0));
#216=DIRECTION('',(0.E0,0.E0,-1.E0));
#217=AXIS2_PLACEMENT_3D('',#214,#215,#216);
#219=CARTESIAN_POINT('',(2.3E0,0.E0,4.2E0));
#220=DIRECTION('',(0.E0,-1.E0,0.E0));
#221=DIRECTION('',(0.E0,0.E0,-1.E0));
#222=AXIS2_PLACEMENT_3D('',#219,#220,#221);
#224=DIRECTION('',(-1.E0,0.E0,0.E0));
#225=VECTOR('',#224,4.6E0);
#226=CARTESIAN_POINT('',(2.3E0,0.E0,-4.E0));
#227=LINE('',#226,#225);
#228=DIRECTION('',(-1.E0,0.E0,0.E0));
#229=VECTOR('',#228,4.6E0);
#230=CARTESIAN_POINT('',(2.3E0,0.E0,4.E0));
#231=LINE('',#230,#229);
#232=CARTESIAN_POINT('',(-2.3E0,0.E0,-4.2E0));
#233=DIRECTION('',(0.E0,1.E0,0.E0));
#234=DIRECTION('',(-1.E0,0.E0,0.E0));
#235=AXIS2_PLACEMENT_3D('',#232,#233,#234);
#237=CARTESIAN_POINT('',(-2.3E0,0.E0,0.E0));
#238=DIRECTION('',(-1.E0,0.E0,0.E0));
#239=DIRECTION('',(0.E0,0.E0,-1.E0));
#240=AXIS2_PLACEMENT_3D('',#237,#238,#239);
#242=CARTESIAN_POINT('',(-2.3E0,0.E0,4.2E0));
#243=DIRECTION('',(0.E0,-1.E0,0.E0));
#244=DIRECTION('',(-1.E0,0.E0,0.E0));
#245=AXIS2_PLACEMENT_3D('',#242,#243,#244);
#247=CARTESIAN_POINT('',(-2.3E0,0.E0,0.E0));
#248=DIRECTION('',(-1.E0,0.E0,0.E0));
#249=DIRECTION('',(0.E0,0.E0,1.E0));
#250=AXIS2_PLACEMENT_3D('',#247,#248,#249);
#252=CARTESIAN_POINT('',(-2.5E0,0.E0,0.E0));
#253=DIRECTION('',(1.E0,0.E0,0.E0));
#254=DIRECTION('',(0.E0,0.E0,-1.E0));
#255=AXIS2_PLACEMENT_3D('',#252,#253,#254);
#257=CARTESIAN_POINT('',(-2.5E0,0.E0,0.E0));
#258=DIRECTION('',(1.E0,0.E0,0.E0));
#259=DIRECTION('',(0.E0,0.E0,1.E0));
#260=AXIS2_PLACEMENT_3D('',#257,#258,#259);
#262=CARTESIAN_POINT('',(-2.5E0,0.E0,0.E0));
#263=DIRECTION('',(-1.E0,0.E0,0.E0));
#264=DIRECTION('',(0.E0,0.E0,1.E0));
#265=AXIS2_PLACEMENT_3D('',#262,#263,#264);
#267=CARTESIAN_POINT('',(-2.5E0,0.E0,0.E0));
#268=DIRECTION('',(-1.E0,0.E0,0.E0));
#269=DIRECTION('',(0.E0,0.E0,-1.E0));
#270=AXIS2_PLACEMENT_3D('',#267,#268,#269);
#272=DIRECTION('',(-1.E0,0.E0,0.E0));
#273=VECTOR('',#272,4.E-1);
#274=CARTESIAN_POINT('',(-2.1E0,0.E0,5.166666666667E0));
#275=LINE('',#274,#273);
#276=CARTESIAN_POINT('',(-2.1E0,0.E0,0.E0));
#277=DIRECTION('',(1.E0,0.E0,0.E0));
#278=DIRECTION('',(0.E0,0.E0,-1.E0));
#279=AXIS2_PLACEMENT_3D('',#276,#277,#278);
#281=CARTESIAN_POINT('',(-2.1E0,0.E0,0.E0));
#282=DIRECTION('',(1.E0,0.E0,0.E0));
#283=DIRECTION('',(0.E0,0.E0,1.E0));
#284=AXIS2_PLACEMENT_3D('',#281,#282,#283);
#286=CARTESIAN_POINT('',(-2.1E0,0.E0,0.E0));
#287=DIRECTION('',(-1.E0,0.E0,0.E0));
#288=DIRECTION('',(0.E0,0.E0,1.E0));
#289=AXIS2_PLACEMENT_3D('',#286,#287,#288);
#291=CARTESIAN_POINT('',(-2.1E0,0.E0,0.E0));
#292=DIRECTION('',(-1.E0,0.E0,0.E0));
#293=DIRECTION('',(0.E0,0.E0,-1.E0));
#294=AXIS2_PLACEMENT_3D('',#291,#292,#293);
#296=DIRECTION('',(-1.E0,0.E0,2.172555908410E-14));
#297=VECTOR('',#296,1.267333600213E0);
#298=CARTESIAN_POINT('',(-8.326663997865E-1,0.E0,5.333333333333E0));
#299=LINE('',#298,#297);
#300=CARTESIAN_POINT('',(-8.326663997866E-1,0.E0,0.E0));
#301=DIRECTION('',(-1.E0,0.E0,0.E0));
#302=DIRECTION('',(0.E0,0.E0,1.E0));
#303=AXIS2_PLACEMENT_3D('',#300,#301,#302);
#305=CARTESIAN_POINT('',(0.E0,0.E0,-6.E0));
#306=DIRECTION('',(0.E0,1.E0,0.E0));
#307=DIRECTION('',(-7.806247497997E-1,0.E0,6.250000000002E-1));
#308=AXIS2_PLACEMENT_3D('',#305,#306,#307);
#310=CARTESIAN_POINT('',(-8.326663997866E-1,0.E0,0.E0));
#311=DIRECTION('',(-1.E0,0.E0,0.E0));
#312=DIRECTION('',(0.E0,0.E0,-1.E0));
#313=AXIS2_PLACEMENT_3D('',#310,#311,#312);
#315=CARTESIAN_POINT('',(0.E0,0.E0,6.E0));
#316=DIRECTION('',(0.E0,-1.E0,0.E0));
#317=DIRECTION('',(-7.806247497997E-1,0.E0,-6.250000000002E-1));
#318=AXIS2_PLACEMENT_3D('',#315,#316,#317);
#320=DIRECTION('',(-1.E0,0.E0,-2.172555908410E-14));
#321=VECTOR('',#320,1.267333600213E0);
#322=CARTESIAN_POINT('',(-8.326663997865E-1,0.E0,-5.333333333333E0));
#323=LINE('',#322,#321);
#324=CARTESIAN_POINT('',(0.E0,0.E0,0.E0));
#325=DIRECTION('',(-1.E0,0.E0,0.E0));
#326=DIRECTION('',(0.E0,0.E0,-1.E0));
#327=AXIS2_PLACEMENT_3D('',#324,#325,#326);
#329=CARTESIAN_POINT('',(0.E0,0.E0,6.E0));
#330=DIRECTION('',(0.E0,-1.E0,0.E0));
#331=DIRECTION('',(0.E0,0.E0,-1.E0));
#332=AXIS2_PLACEMENT_3D('',#329,#330,#331);
#334=CARTESIAN_POINT('',(8.326663997866E-1,0.E0,0.E0));
#335=DIRECTION('',(1.E0,0.E0,0.E0));
#336=DIRECTION('',(0.E0,0.E0,1.E0));
#337=AXIS2_PLACEMENT_3D('',#334,#335,#336);
#339=CARTESIAN_POINT('',(0.E0,0.E0,0.E0));
#340=DIRECTION('',(-1.E0,0.E0,0.E0));
#341=DIRECTION('',(0.E0,0.E0,1.E0));
#342=AXIS2_PLACEMENT_3D('',#339,#340,#341);
#344=CARTESIAN_POINT('',(0.E0,0.E0,-6.E0));
#345=DIRECTION('',(0.E0,1.E0,0.E0));
#346=DIRECTION('',(0.E0,0.E0,1.E0));
#347=AXIS2_PLACEMENT_3D('',#344,#345,#346);
#349=CARTESIAN_POINT('',(8.326663997866E-1,0.E0,0.E0));
#350=DIRECTION('',(1.E0,0.E0,0.E0));
#351=DIRECTION('',(0.E0,0.E0,-1.E0));
#352=AXIS2_PLACEMENT_3D('',#349,#350,#351);
#354=DIRECTION('',(-1.E0,0.E0,-2.172555908410E-14));
#355=VECTOR('',#354,1.267333600213E0);
#356=CARTESIAN_POINT('',(2.1E0,0.E0,5.333333333333E0));
#357=LINE('',#356,#355);
#358=CARTESIAN_POINT('',(2.1E0,0.E0,0.E0));
#359=DIRECTION('',(-1.E0,0.E0,0.E0));
#360=DIRECTION('',(0.E0,0.E0,1.E0));
#361=AXIS2_PLACEMENT_3D('',#358,#359,#360);
#363=CARTESIAN_POINT('',(2.1E0,0.E0,0.E0));
#364=DIRECTION('',(-1.E0,0.E0,0.E0));
#365=DIRECTION('',(0.E0,0.E0,-1.E0));
#366=AXIS2_PLACEMENT_3D('',#363,#364,#365);
#368=CARTESIAN_POINT('',(2.1E0,0.E0,0.E0));
#369=DIRECTION('',(1.E0,0.E0,0.E0));
#370=DIRECTION('',(0.E0,0.E0,-1.E0));
#371=AXIS2_PLACEMENT_3D('',#368,#369,#370);
#373=CARTESIAN_POINT('',(2.1E0,0.E0,0.E0));
#374=DIRECTION('',(1.E0,0.E0,0.E0));
#375=DIRECTION('',(0.E0,0.E0,1.E0));
#376=AXIS2_PLACEMENT_3D('',#373,#374,#375);
#378=DIRECTION('',(-1.E0,0.E0,2.172555908410E-14));
#379=VECTOR('',#378,1.267333600213E0);
#380=CARTESIAN_POINT('',(2.1E0,0.E0,-5.333333333333E0));
#381=LINE('',#380,#379);
#382=DIRECTION('',(-1.E0,0.E0,0.E0));
#383=VECTOR('',#382,4.E-1);
#384=CARTESIAN_POINT('',(2.5E0,0.E0,5.166666666667E0));
#385=LINE('',#384,#383);
#386=CARTESIAN_POINT('',(2.5E0,0.E0,0.E0));
#387=DIRECTION('',(-1.E0,0.E0,0.E0));
#388=DIRECTION('',(0.E0,0.E0,1.E0));
#389=AXIS2_PLACEMENT_3D('',#386,#387,#388);
#391=CARTESIAN_POINT('',(2.5E0,0.E0,0.E0));
#392=DIRECTION('',(-1.E0,0.E0,0.E0));
#393=DIRECTION('',(0.E0,0.E0,-1.E0));
#394=AXIS2_PLACEMENT_3D('',#391,#392,#393);
#396=CARTESIAN_POINT('',(2.5E0,0.E0,0.E0));
#397=DIRECTION('',(1.E0,0.E0,0.E0));
#398=DIRECTION('',(0.E0,0.E0,-1.E0));
#399=AXIS2_PLACEMENT_3D('',#396,#397,#398);
#401=CARTESIAN_POINT('',(2.5E0,0.E0,0.E0));
#402=DIRECTION('',(1.E0,0.E0,0.E0));
#403=DIRECTION('',(0.E0,0.E0,1.E0));
#404=AXIS2_PLACEMENT_3D('',#401,#402,#403);
#406=DIRECTION('',(-1.E0,0.E0,0.E0));
#407=VECTOR('',#406,4.E-1);
#408=CARTESIAN_POINT('',(2.5E0,0.E0,-5.166666666667E0));
#409=LINE('',#408,#407);
#410=DIRECTION('',(-1.E0,0.E0,0.E0));
#411=VECTOR('',#410,4.E-1);
#412=CARTESIAN_POINT('',(-2.1E0,0.E0,-5.166666666667E0));
#413=LINE('',#412,#411);
#414=CARTESIAN_POINT('',(-8.326663997866E-1,0.E0,5.333333333333E0));
#415=CARTESIAN_POINT('',(-8.326663997866E-1,0.E0,-5.333333333333E0));
#416=VERTEX_POINT('',#414);
#417=VERTEX_POINT('',#415);
#418=CARTESIAN_POINT('',(-2.1E0,0.E0,5.333333333333E0));
#419=VERTEX_POINT('',#418);
#420=CARTESIAN_POINT('',(-2.1E0,0.E0,-5.333333333333E0));
#421=VERTEX_POINT('',#420);
#422=CARTESIAN_POINT('',(0.E0,0.E0,4.933333333333E0));
#423=VERTEX_POINT('',#422);
#424=CARTESIAN_POINT('',(0.E0,0.E0,-4.933333333333E0));
#425=VERTEX_POINT('',#424);
#426=CARTESIAN_POINT('',(-2.1E0,0.E0,5.166666666667E0));
#427=CARTESIAN_POINT('',(-2.1E0,0.E0,-5.166666666667E0));
#428=VERTEX_POINT('',#426);
#429=VERTEX_POINT('',#427);
#430=CARTESIAN_POINT('',(-2.5E0,0.E0,5.166666666667E0));
#431=VERTEX_POINT('',#430);
#432=CARTESIAN_POINT('',(-2.5E0,0.E0,-5.166666666667E0));
#433=VERTEX_POINT('',#432);
#434=CARTESIAN_POINT('',(-2.5E0,0.E0,4.2E0));
#435=CARTESIAN_POINT('',(-2.5E0,0.E0,-4.2E0));
#436=VERTEX_POINT('',#434);
#437=VERTEX_POINT('',#435);
#438=CARTESIAN_POINT('',(-2.3E0,0.E0,4.E0));
#439=VERTEX_POINT('',#438);
#440=CARTESIAN_POINT('',(-2.3E0,0.E0,-4.E0));
#441=VERTEX_POINT('',#440);
#442=CARTESIAN_POINT('',(2.3E0,0.E0,4.E0));
#443=CARTESIAN_POINT('',(2.3E0,0.E0,-4.E0));
#444=VERTEX_POINT('',#442);
#445=VERTEX_POINT('',#443);
#446=CARTESIAN_POINT('',(2.5E0,0.E0,-4.2E0));
#447=VERTEX_POINT('',#446);
#448=CARTESIAN_POINT('',(2.5E0,0.E0,4.2E0));
#449=VERTEX_POINT('',#448);
#450=CARTESIAN_POINT('',(2.5E0,0.E0,5.166666666667E0));
#451=CARTESIAN_POINT('',(2.5E0,0.E0,-5.166666666667E0));
#452=VERTEX_POINT('',#450);
#453=VERTEX_POINT('',#451);
#454=CARTESIAN_POINT('',(2.1E0,0.E0,5.166666666667E0));
#455=VERTEX_POINT('',#454);
#456=CARTESIAN_POINT('',(2.1E0,0.E0,-5.166666666667E0));
#457=VERTEX_POINT('',#456);
#458=CARTESIAN_POINT('',(2.1E0,0.E0,5.333333333333E0));
#459=CARTESIAN_POINT('',(2.1E0,0.E0,-5.333333333333E0));
#460=VERTEX_POINT('',#458);
#461=VERTEX_POINT('',#459);
#462=CARTESIAN_POINT('',(8.326663997865E-1,0.E0,5.333333333333E0));
#463=VERTEX_POINT('',#462);
#464=CARTESIAN_POINT('',(8.326663997866E-1,0.E0,-5.333333333333E0));
#465=VERTEX_POINT('',#464);
#466=CARTESIAN_POINT('',(2.3E0,0.E0,0.E0));
#467=DIRECTION('',(-1.E0,0.E0,0.E0));
#468=DIRECTION('',(0.E0,0.E0,1.E0));
#469=AXIS2_PLACEMENT_3D('',#466,#467,#468);
#470=TOROIDAL_SURFACE('',#469,4.2E0,2.E-1);
#472=ORIENTED_EDGE('',*,*,#471,.T.);
#474=ORIENTED_EDGE('',*,*,#473,.F.);
#476=ORIENTED_EDGE('',*,*,#475,.F.);
#478=ORIENTED_EDGE('',*,*,#477,.T.);
#479=EDGE_LOOP('',(#472,#474,#476,#478));
#480=FACE_OUTER_BOUND('',#479,.F.);
#481=ADVANCED_FACE('',(#480),#470,.T.);
#482=CARTESIAN_POINT('',(2.3E0,0.E0,0.E0));
#483=DIRECTION('',(-1.E0,0.E0,0.E0));
#484=DIRECTION('',(0.E0,0.E0,1.E0));
#485=AXIS2_PLACEMENT_3D('',#482,#483,#484);
#486=TOROIDAL_SURFACE('',#485,4.2E0,2.E-1);
#488=ORIENTED_EDGE('',*,*,#487,.T.);
#489=ORIENTED_EDGE('',*,*,#475,.T.);
#491=ORIENTED_EDGE('',*,*,#490,.F.);
#492=ORIENTED_EDGE('',*,*,#471,.F.);
#493=EDGE_LOOP('',(#488,#489,#491,#492));
#494=FACE_OUTER_BOUND('',#493,.F.);
#495=ADVANCED_FACE('',(#494),#486,.T.);
#496=CARTESIAN_POINT('',(0.E0,0.E0,0.E0));
#497=DIRECTION('',(-1.E0,0.E0,0.E0));
#498=DIRECTION('',(0.E0,0.E0,1.E0));
#499=AXIS2_PLACEMENT_3D('',#496,#497,#498);
#500=CYLINDRICAL_SURFACE('',#499,4.E0);
#502=ORIENTED_EDGE('',*,*,#501,.T.);
#504=ORIENTED_EDGE('',*,*,#503,.F.);
#506=ORIENTED_EDGE('',*,*,#505,.F.);
#507=ORIENTED_EDGE('',*,*,#487,.F.);
#508=EDGE_LOOP('',(#502,#504,#506,#507));
#509=FACE_OUTER_BOUND('',#508,.F.);
#510=ADVANCED_FACE('',(#509),#500,.F.);
#511=CARTESIAN_POINT('',(0.E0,0.E0,0.E0));
#512=DIRECTION('',(-1.E0,0.E0,0.E0));
#513=DIRECTION('',(0.E0,0.E0,1.E0));
#514=AXIS2_PLACEMENT_3D('',#511,#512,#513);
#515=CYLINDRICAL_SURFACE('',#514,4.E0);
#516=ORIENTED_EDGE('',*,*,#477,.F.);
#517=ORIENTED_EDGE('',*,*,#505,.T.);
#519=ORIENTED_EDGE('',*,*,#518,.F.);
#520=ORIENTED_EDGE('',*,*,#501,.F.);
#521=EDGE_LOOP('',(#516,#517,#519,#520));
#522=FACE_OUTER_BOUND('',#521,.F.);
#523=ADVANCED_FACE('',(#522),#515,.F.);
#524=CARTESIAN_POINT('',(-2.3E0,0.E0,0.E0));
#525=DIRECTION('',(-1.E0,0.E0,0.E0));
#526=DIRECTION('',(0.E0,0.E0,1.E0));
#527=AXIS2_PLACEMENT_3D('',#524,#525,#526);
#528=TOROIDAL_SURFACE('',#527,4.2E0,2.E-1);
#530=ORIENTED_EDGE('',*,*,#529,.T.);
#531=ORIENTED_EDGE('',*,*,#518,.T.);
#533=ORIENTED_EDGE('',*,*,#532,.F.);
#535=ORIENTED_EDGE('',*,*,#534,.F.);
#536=EDGE_LOOP('',(#530,#531,#533,#535));
#537=FACE_OUTER_BOUND('',#536,.F.);
#538=ADVANCED_FACE('',(#537),#528,.T.);
#539=CARTESIAN_POINT('',(-2.3E0,0.E0,0.E0));
#540=DIRECTION('',(-1.E0,0.E0,0.E0));
#541=DIRECTION('',(0.E0,0.E0,1.E0));
#542=AXIS2_PLACEMENT_3D('',#539,#540,#541);
#543=TOROIDAL_SURFACE('',#542,4.2E0,2.E-1);
#545=ORIENTED_EDGE('',*,*,#544,.F.);
#546=ORIENTED_EDGE('',*,*,#532,.T.);
#547=ORIENTED_EDGE('',*,*,#503,.T.);
#548=ORIENTED_EDGE('',*,*,#529,.F.);
#549=EDGE_LOOP('',(#545,#546,#547,#548));
#550=FACE_OUTER_BOUND('',#549,.F.);
#551=ADVANCED_FACE('',(#550),#543,.T.);
#552=CARTESIAN_POINT('',(-2.5E0,5.166666666667E0,0.E0));
#553=DIRECTION('',(1.E0,0.E0,0.E0));
#554=DIRECTION('',(0.E0,0.E0,-1.E0));
#555=AXIS2_PLACEMENT_3D('',#552,#553,#554);
#556=PLANE('',#555);
#558=ORIENTED_EDGE('',*,*,#557,.T.);
#560=ORIENTED_EDGE('',*,*,#559,.T.);
#561=EDGE_LOOP('',(#558,#560));
#562=FACE_OUTER_BOUND('',#561,.F.);
#563=ORIENTED_EDGE('',*,*,#544,.T.);
#564=ORIENTED_EDGE('',*,*,#534,.T.);
#565=EDGE_LOOP('',(#563,#564));
#566=FACE_BOUND('',#565,.F.);
#567=ADVANCED_FACE('',(#562,#566),#556,.F.);
#568=CARTESIAN_POINT('',(0.E0,0.E0,0.E0));
#569=DIRECTION('',(-1.E0,0.E0,0.E0));
#570=DIRECTION('',(0.E0,0.E0,1.E0));
#571=AXIS2_PLACEMENT_3D('',#568,#569,#570);
#572=CYLINDRICAL_SURFACE('',#571,5.166666666667E0);
#574=ORIENTED_EDGE('',*,*,#573,.F.);
#576=ORIENTED_EDGE('',*,*,#575,.T.);
#577=ORIENTED_EDGE('',*,*,#557,.F.);
#579=ORIENTED_EDGE('',*,*,#578,.F.);
#580=EDGE_LOOP('',(#574,#576,#577,#579));
#581=FACE_OUTER_BOUND('',#580,.F.);
#582=ADVANCED_FACE('',(#581),#572,.T.);
#583=CARTESIAN_POINT('',(-2.1E0,5.166666666667E0,0.E0));
#584=DIRECTION('',(1.E0,0.E0,0.E0));
#585=DIRECTION('',(0.E0,0.E0,-1.E0));
#586=AXIS2_PLACEMENT_3D('',#583,#584,#585);
#587=PLANE('',#586);
#589=ORIENTED_EDGE('',*,*,#588,.T.);
#591=ORIENTED_EDGE('',*,*,#590,.T.);
#592=EDGE_LOOP('',(#589,#591));
#593=FACE_OUTER_BOUND('',#592,.F.);
#594=ORIENTED_EDGE('',*,*,#573,.T.);
#596=ORIENTED_EDGE('',*,*,#595,.T.);
#597=EDGE_LOOP('',(#594,#596));
#598=FACE_BOUND('',#597,.F.);
#599=ADVANCED_FACE('',(#593,#598),#587,.F.);
#600=CARTESIAN_POINT('',(0.E0,0.E0,0.E0));
#601=DIRECTION('',(-1.E0,0.E0,0.E0));
#602=DIRECTION('',(0.E0,0.E0,1.E0));
#603=AXIS2_PLACEMENT_3D('',#600,#601,#602);
#604=CYLINDRICAL_SURFACE('',#603,5.333333333333E0);
#606=ORIENTED_EDGE('',*,*,#605,.F.);
#608=ORIENTED_EDGE('',*,*,#607,.T.);
#609=ORIENTED_EDGE('',*,*,#588,.F.);
#611=ORIENTED_EDGE('',*,*,#610,.F.);
#612=EDGE_LOOP('',(#606,#608,#609,#611));
#613=FACE_OUTER_BOUND('',#612,.F.);
#614=ADVANCED_FACE('',(#613),#604,.T.);
#615=CARTESIAN_POINT('',(0.E0,0.E0,0.E0));
#616=DIRECTION('',(-1.E0,0.E0,0.E0));
#617=DIRECTION('',(0.E0,0.E0,1.E0));
#618=AXIS2_PLACEMENT_3D('',#615,#616,#617);
#619=TOROIDAL_SURFACE('',#618,6.E0,1.066666666667E0);
#621=ORIENTED_EDGE('',*,*,#620,.F.);
#622=ORIENTED_EDGE('',*,*,#605,.T.);
#624=ORIENTED_EDGE('',*,*,#623,.T.);
#626=ORIENTED_EDGE('',*,*,#625,.F.);
#627=EDGE_LOOP('',(#621,#622,#624,#626));
#628=FACE_OUTER_BOUND('',#627,.F.);
#629=ADVANCED_FACE('',(#628),#619,.F.);
#630=CARTESIAN_POINT('',(0.E0,0.E0,0.E0));
#631=DIRECTION('',(-1.E0,0.E0,0.E0));
#632=DIRECTION('',(0.E0,0.E0,1.E0));
#633=AXIS2_PLACEMENT_3D('',#630,#631,#632);
#634=TOROIDAL_SURFACE('',#633,6.E0,1.066666666667E0);
#635=ORIENTED_EDGE('',*,*,#623,.F.);
#637=ORIENTED_EDGE('',*,*,#636,.T.);
#638=ORIENTED_EDGE('',*,*,#620,.T.);
#640=ORIENTED_EDGE('',*,*,#639,.F.);
#641=EDGE_LOOP('',(#635,#637,#638,#640));
#642=FACE_OUTER_BOUND('',#641,.F.);
#643=ADVANCED_FACE('',(#642),#634,.F.);
#644=CARTESIAN_POINT('',(0.E0,0.E0,0.E0));
#645=DIRECTION('',(-1.E0,0.E0,0.E0));
#646=DIRECTION('',(0.E0,0.E0,1.E0));
#647=AXIS2_PLACEMENT_3D('',#644,#645,#646);
#648=CYLINDRICAL_SURFACE('',#647,5.333333333333E0);
#649=ORIENTED_EDGE('',*,*,#610,.T.);
#650=ORIENTED_EDGE('',*,*,#590,.F.);
#651=ORIENTED_EDGE('',*,*,#607,.F.);
#652=ORIENTED_EDGE('',*,*,#636,.F.);
#653=EDGE_LOOP('',(#649,#650,#651,#652));
#654=FACE_OUTER_BOUND('',#653,.F.);
#655=ADVANCED_FACE('',(#654),#648,.T.);
#656=CARTESIAN_POINT('',(0.E0,0.E0,0.E0));
#657=DIRECTION('',(-1.E0,0.E0,0.E0));
#658=DIRECTION('',(0.E0,0.E0,1.E0));
#659=AXIS2_PLACEMENT_3D('',#656,#657,#658);
#660=TOROIDAL_SURFACE('',#659,6.E0,1.066666666667E0);
#661=ORIENTED_EDGE('',*,*,#639,.T.);
#663=ORIENTED_EDGE('',*,*,#662,.T.);
#665=ORIENTED_EDGE('',*,*,#664,.T.);
#667=ORIENTED_EDGE('',*,*,#666,.F.);
#668=EDGE_LOOP('',(#661,#663,#665,#667));
#669=FACE_OUTER_BOUND('',#668,.F.);
#670=ADVANCED_FACE('',(#669),#660,.F.);
#671=CARTESIAN_POINT('',(0.E0,0.E0,0.E0));
#672=DIRECTION('',(-1.E0,0.E0,0.E0));
#673=DIRECTION('',(0.E0,0.E0,1.E0));
#674=AXIS2_PLACEMENT_3D('',#671,#672,#673);
#675=TOROIDAL_SURFACE('',#674,6.E0,1.066666666667E0);
#676=ORIENTED_EDGE('',*,*,#625,.T.);
#677=ORIENTED_EDGE('',*,*,#666,.T.);
#679=ORIENTED_EDGE('',*,*,#678,.T.);
#680=ORIENTED_EDGE('',*,*,#662,.F.);
#681=EDGE_LOOP('',(#676,#677,#679,#680));
#682=FACE_OUTER_BOUND('',#681,.F.);
#683=ADVANCED_FACE('',(#682),#675,.F.);
#684=CARTESIAN_POINT('',(0.E0,0.E0,0.E0));
#685=DIRECTION('',(-1.E0,0.E0,0.E0));
#686=DIRECTION('',(0.E0,0.E0,1.E0));
#687=AXIS2_PLACEMENT_3D('',#684,#685,#686);
#688=CYLINDRICAL_SURFACE('',#687,5.333333333333E0);
#690=ORIENTED_EDGE('',*,*,#689,.F.);
#692=ORIENTED_EDGE('',*,*,#691,.T.);
#693=ORIENTED_EDGE('',*,*,#678,.F.);
#695=ORIENTED_EDGE('',*,*,#694,.F.);
#696=EDGE_LOOP('',(#690,#692,#693,#695));
#697=FACE_OUTER_BOUND('',#696,.F.);
#698=ADVANCED_FACE('',(#697),#688,.T.);
#699=CARTESIAN_POINT('',(2.1E0,5.166666666667E0,0.E0));
#700=DIRECTION('',(-1.E0,0.E0,0.E0));
#701=DIRECTION('',(0.E0,0.E0,1.E0));
#702=AXIS2_PLACEMENT_3D('',#699,#700,#701);
#703=PLANE('',#702);
#704=ORIENTED_EDGE('',*,*,#689,.T.);
#706=ORIENTED_EDGE('',*,*,#705,.T.);
#707=EDGE_LOOP('',(#704,#706));
#708=FACE_OUTER_BOUND('',#707,.F.);
#710=ORIENTED_EDGE('',*,*,#709,.T.);
#712=ORIENTED_EDGE('',*,*,#711,.T.);
#713=EDGE_LOOP('',(#710,#712));
#714=FACE_BOUND('',#713,.F.);
#715=ADVANCED_FACE('',(#708,#714),#703,.F.);
#716=CARTESIAN_POINT('',(0.E0,0.E0,0.E0));
#717=DIRECTION('',(-1.E0,0.E0,0.E0));
#718=DIRECTION('',(0.E0,0.E0,1.E0));
#719=AXIS2_PLACEMENT_3D('',#716,#717,#718);
#720=CYLINDRICAL_SURFACE('',#719,5.333333333333E0);
#721=ORIENTED_EDGE('',*,*,#694,.T.);
#722=ORIENTED_EDGE('',*,*,#664,.F.);
#723=ORIENTED_EDGE('',*,*,#691,.F.);
#724=ORIENTED_EDGE('',*,*,#705,.F.);
#725=EDGE_LOOP('',(#721,#722,#723,#724));
#726=FACE_OUTER_BOUND('',#725,.F.);
#727=ADVANCED_FACE('',(#726),#720,.T.);
#728=CARTESIAN_POINT('',(0.E0,0.E0,0.E0));
#729=DIRECTION('',(-1.E0,0.E0,0.E0));
#730=DIRECTION('',(0.E0,0.E0,1.E0));
#731=AXIS2_PLACEMENT_3D('',#728,#729,#730);
#732=CYLINDRICAL_SURFACE('',#731,5.166666666667E0);
#734=ORIENTED_EDGE('',*,*,#733,.F.);
#736=ORIENTED_EDGE('',*,*,#735,.T.);
#737=ORIENTED_EDGE('',*,*,#709,.F.);
#739=ORIENTED_EDGE('',*,*,#738,.F.);
#740=EDGE_LOOP('',(#734,#736,#737,#739));
#741=FACE_OUTER_BOUND('',#740,.F.);
#742=ADVANCED_FACE('',(#741),#732,.T.);
#743=CARTESIAN_POINT('',(2.5E0,5.166666666667E0,0.E0));
#744=DIRECTION('',(-1.E0,0.E0,0.E0));
#745=DIRECTION('',(0.E0,0.E0,1.E0));
#746=AXIS2_PLACEMENT_3D('',#743,#744,#745);
#747=PLANE('',#746);
#748=ORIENTED_EDGE('',*,*,#733,.T.);
#750=ORIENTED_EDGE('',*,*,#749,.T.);
#751=EDGE_LOOP('',(#748,#750));
#752=FACE_OUTER_BOUND('',#751,.F.);
#753=ORIENTED_EDGE('',*,*,#490,.T.);
#754=ORIENTED_EDGE('',*,*,#473,.T.);
#755=EDGE_LOOP('',(#753,#754));
#756=FACE_BOUND('',#755,.F.);
#757=ADVANCED_FACE('',(#752,#756),#747,.F.);
#758=CARTESIAN_POINT('',(0.E0,0.E0,0.E0));
#759=DIRECTION('',(-1.E0,0.E0,0.E0));
#760=DIRECTION('',(0.E0,0.E0,1.E0));
#761=AXIS2_PLACEMENT_3D('',#758,#759,#760);
#762=CYLINDRICAL_SURFACE('',#761,5.166666666667E0);
#763=ORIENTED_EDGE('',*,*,#738,.T.);
#764=ORIENTED_EDGE('',*,*,#711,.F.);
#765=ORIENTED_EDGE('',*,*,#735,.F.);
#766=ORIENTED_EDGE('',*,*,#749,.F.);
#767=EDGE_LOOP('',(#763,#764,#765,#766));
#768=FACE_OUTER_BOUND('',#767,.F.);
#769=ADVANCED_FACE('',(#768),#762,.T.);
#770=CARTESIAN_POINT('',(0.E0,0.E0,0.E0));
#771=DIRECTION('',(-1.E0,0.E0,0.E0));
#772=DIRECTION('',(0.E0,0.E0,1.E0));
#773=AXIS2_PLACEMENT_3D('',#770,#771,#772);
#774=CYLINDRICAL_SURFACE('',#773,5.166666666667E0);
#775=ORIENTED_EDGE('',*,*,#578,.T.);
#776=ORIENTED_EDGE('',*,*,#559,.F.);
#777=ORIENTED_EDGE('',*,*,#575,.F.);
#778=ORIENTED_EDGE('',*,*,#595,.F.);
#779=EDGE_LOOP('',(#775,#776,#777,#778));
#780=FACE_OUTER_BOUND('',#779,.F.);
#781=ADVANCED_FACE('',(#780),#774,.T.);
#782=CLOSED_SHELL('',(#481,#495,#510,#523,#538,#551,#567,#582,#599,#614,#629,
#643,#655,#670,#683,#698,#715,#727,#742,#757,#769,#781));
#783=MANIFOLD_SOLID_BREP('',#782);
#784=CARTESIAN_POINT('',(2.2E0,0.E0,-6.256586132287E0));
#785=DIRECTION('',(0.E0,-1.E0,0.E0));
#786=DIRECTION('',(7.432941462449E-1,0.E0,-6.689647316249E-1));
#787=AXIS2_PLACEMENT_3D('',#784,#785,#786);
#789=CARTESIAN_POINT('',(2.348658829249E0,0.E0,0.E0));
#790=DIRECTION('',(1.E0,0.E0,0.E0));
#791=DIRECTION('',(0.E0,0.E0,1.E0));
#792=AXIS2_PLACEMENT_3D('',#789,#790,#791);
#794=CARTESIAN_POINT('',(2.348658829249E0,0.E0,0.E0));
#795=DIRECTION('',(1.E0,0.E0,0.E0));
#796=DIRECTION('',(0.E0,0.E0,-1.E0));
#797=AXIS2_PLACEMENT_3D('',#794,#795,#796);
#799=CARTESIAN_POINT('',(2.2E0,0.E0,6.256586132287E0));
#800=DIRECTION('',(0.E0,1.E0,0.E0));
#801=DIRECTION('',(7.432941462449E-1,0.E0,6.689647316249E-1));
#802=AXIS2_PLACEMENT_3D('',#799,#800,#801);
#804=DIRECTION('',(-6.689647316224E-1,0.E0,-7.432941462472E-1));
#805=VECTOR('',#804,2.883736005224E-1);
#806=CARTESIAN_POINT('',(2.348658829249E0,0.E0,-6.390379078612E0));
#807=LINE('',#806,#805);
#808=DIRECTION('',(-6.689647316224E-1,0.E0,7.432941462472E-1));
#809=VECTOR('',#808,2.883736005224E-1);
#810=CARTESIAN_POINT('',(2.348658829249E0,0.E0,6.390379078612E0));
#811=LINE('',#810,#809);
#812=CARTESIAN_POINT('',(2.155747060968E0,0.E0,0.E0));
#813=DIRECTION('',(-1.E0,0.E0,0.E0));
#814=DIRECTION('',(0.E0,0.E0,-1.E0));
#815=AXIS2_PLACEMENT_3D('',#812,#813,#814);
#817=CARTESIAN_POINT('',(2.317163185621E0,0.E0,6.75E0));
#818=DIRECTION('',(0.E0,1.E0,0.E0));
#819=DIRECTION('',(-7.432941462467E-1,0.E0,-6.689647316230E-1));
#820=AXIS2_PLACEMENT_3D('',#817,#818,#819);
#822=CARTESIAN_POINT('',(2.1E0,0.E0,0.E0));
#823=DIRECTION('',(1.E0,0.E0,0.E0));
#824=DIRECTION('',(0.E0,0.E0,-1.E0));
#825=AXIS2_PLACEMENT_3D('',#822,#823,#824);
#827=CARTESIAN_POINT('',(2.1E0,0.E0,0.E0));
#828=DIRECTION('',(1.E0,0.E0,0.E0));
#829=DIRECTION('',(0.E0,0.E0,1.E0));
#830=AXIS2_PLACEMENT_3D('',#827,#828,#829);
#832=CARTESIAN_POINT('',(2.1E0,0.E0,0.E0));
#833=DIRECTION('',(1.E0,0.E0,0.E0));
#834=DIRECTION('',(0.E0,0.E0,-1.E0));
#835=AXIS2_PLACEMENT_3D('',#832,#833,#834);
#837=CARTESIAN_POINT('',(2.1E0,0.E0,0.E0));
#838=DIRECTION('',(1.E0,0.E0,0.E0));
#839=DIRECTION('',(0.E0,0.E0,1.E0));
#840=AXIS2_PLACEMENT_3D('',#837,#838,#839);
#842=CARTESIAN_POINT('',(2.155747060968E0,0.E0,0.E0));
#843=DIRECTION('',(-1.E0,0.E0,0.E0));
#844=DIRECTION('',(0.E0,0.E0,1.E0));
#845=AXIS2_PLACEMENT_3D('',#842,#843,#844);
#847=CARTESIAN_POINT('',(2.317163185621E0,0.E0,-6.75E0));
#848=DIRECTION('',(0.E0,-1.E0,0.E0));
#849=DIRECTION('',(-7.432941462467E-1,0.E0,6.689647316230E-1));
#850=AXIS2_PLACEMENT_3D('',#847,#848,#849);
#852=DIRECTION('',(-1.E0,0.E0,-2.242638357068E-14));
#853=VECTOR('',#852,1.267333600213E0);
#854=CARTESIAN_POINT('',(2.1E0,0.E0,-6.666666666667E0));
#855=LINE('',#854,#853);
#856=DIRECTION('',(-1.E0,0.E0,2.242638357068E-14));
#857=VECTOR('',#856,1.267333600213E0);
#858=CARTESIAN_POINT('',(2.1E0,0.E0,6.666666666667E0));
#859=LINE('',#858,#857);
#860=CARTESIAN_POINT('',(8.326663997866E-1,0.E0,0.E0));
#861=DIRECTION('',(-1.E0,0.E0,0.E0));
#862=DIRECTION('',(0.E0,0.E0,-1.E0));
#863=AXIS2_PLACEMENT_3D('',#860,#861,#862);
#865=CARTESIAN_POINT('',(0.E0,0.E0,6.E0));
#866=DIRECTION('',(0.E0,-1.E0,0.E0));
#867=DIRECTION('',(7.806247497997E-1,0.E0,6.250000000002E-1));
#868=AXIS2_PLACEMENT_3D('',#865,#866,#867);
#870=CARTESIAN_POINT('',(-8.326663997866E-1,0.E0,0.E0));
#871=DIRECTION('',(1.E0,0.E0,0.E0));
#872=DIRECTION('',(0.E0,0.E0,1.E0));
#873=AXIS2_PLACEMENT_3D('',#870,#871,#872);
#875=CARTESIAN_POINT('',(0.E0,0.E0,-6.E0));
#876=DIRECTION('',(0.E0,-1.E0,0.E0));
#877=DIRECTION('',(-7.806247497997E-1,0.E0,-6.250000000002E-1));
#878=AXIS2_PLACEMENT_3D('',#875,#876,#877);
#880=CARTESIAN_POINT('',(-8.326663997866E-1,0.E0,0.E0));
#881=DIRECTION('',(1.E0,0.E0,0.E0));
#882=DIRECTION('',(0.E0,0.E0,-1.E0));
#883=AXIS2_PLACEMENT_3D('',#880,#881,#882);
#885=CARTESIAN_POINT('',(8.326663997866E-1,0.E0,0.E0));
#886=DIRECTION('',(-1.E0,0.E0,0.E0));
#887=DIRECTION('',(0.E0,0.E0,1.E0));
#888=AXIS2_PLACEMENT_3D('',#885,#886,#887);
#890=DIRECTION('',(-1.E0,0.E0,2.242638357068E-14));
#891=VECTOR('',#890,1.267333600213E0);
#892=CARTESIAN_POINT('',(-8.326663997865E-1,0.E0,-6.666666666667E0));
#893=LINE('',#892,#891);
#894=DIRECTION('',(-1.E0,0.E0,-2.242638357068E-14));
#895=VECTOR('',#894,1.267333600213E0);
#896=CARTESIAN_POINT('',(-8.326663997865E-1,0.E0,6.666666666667E0));
#897=LINE('',#896,#895);
#898=CARTESIAN_POINT('',(-2.1E0,0.E0,0.E0));
#899=DIRECTION('',(-1.E0,0.E0,0.E0));
#900=DIRECTION('',(0.E0,0.E0,1.E0));
#901=AXIS2_PLACEMENT_3D('',#898,#899,#900);
#903=CARTESIAN_POINT('',(-2.1E0,0.E0,0.E0));
#904=DIRECTION('',(-1.E0,0.E0,0.E0));
#905=DIRECTION('',(0.E0,0.E0,-1.E0));
#906=AXIS2_PLACEMENT_3D('',#903,#904,#905);
#908=CARTESIAN_POINT('',(-2.1E0,0.E0,0.E0));
#909=DIRECTION('',(-1.E0,0.E0,0.E0));
#910=DIRECTION('',(0.E0,0.E0,1.E0));
#911=AXIS2_PLACEMENT_3D('',#908,#909,#910);
#913=CARTESIAN_POINT('',(-2.155747060968E0,0.E0,0.E0));
#914=DIRECTION('',(1.E0,0.E0,0.E0));
#915=DIRECTION('',(0.E0,0.E0,-1.E0));
#916=AXIS2_PLACEMENT_3D('',#913,#914,#915);
#918=CARTESIAN_POINT('',(-2.317163185621E0,0.E0,6.75E0));
#919=DIRECTION('',(0.E0,-1.E0,0.E0));
#920=DIRECTION('',(7.432941462467E-1,0.E0,-6.689647316230E-1));
#921=AXIS2_PLACEMENT_3D('',#918,#919,#920);
#923=CARTESIAN_POINT('',(-2.1E0,0.E0,0.E0));
#924=DIRECTION('',(-1.E0,0.E0,0.E0));
#925=DIRECTION('',(0.E0,0.E0,-1.E0));
#926=AXIS2_PLACEMENT_3D('',#923,#924,#925);
#928=CARTESIAN_POINT('',(-2.155747060968E0,0.E0,0.E0));
#929=DIRECTION('',(1.E0,0.E0,0.E0));
#930=DIRECTION('',(0.E0,0.E0,1.E0));
#931=AXIS2_PLACEMENT_3D('',#928,#929,#930);
#933=CARTESIAN_POINT('',(-2.317163185621E0,0.E0,-6.75E0));
#934=DIRECTION('',(0.E0,1.E0,0.E0));
#935=DIRECTION('',(7.432941462467E-1,0.E0,6.689647316230E-1));
#936=AXIS2_PLACEMENT_3D('',#933,#934,#935);
#938=DIRECTION('',(6.689647316224E-1,0.E0,-7.432941462472E-1));
#939=VECTOR('',#938,2.883736005224E-1);
#940=CARTESIAN_POINT('',(-2.348658829249E0,0.E0,-6.390379078612E0));
#941=LINE('',#940,#939);
#942=CARTESIAN_POINT('',(-2.348658829249E0,0.E0,0.E0));
#943=DIRECTION('',(-1.E0,0.E0,0.E0));
#944=DIRECTION('',(0.E0,0.E0,-1.E0));
#945=AXIS2_PLACEMENT_3D('',#942,#943,#944);
#947=CARTESIAN_POINT('',(-2.2E0,0.E0,6.256586132287E0));
#948=DIRECTION('',(0.E0,-1.E0,0.E0));
#949=DIRECTION('',(-7.432941462449E-1,0.E0,6.689647316249E-1));
#950=AXIS2_PLACEMENT_3D('',#947,#948,#949);
#952=CARTESIAN_POINT('',(-2.2E0,0.E0,-6.256586132287E0));
#953=DIRECTION('',(0.E0,1.E0,0.E0));
#954=DIRECTION('',(-7.432941462449E-1,0.E0,-6.689647316249E-1));
#955=AXIS2_PLACEMENT_3D('',#952,#953,#954);
#957=CARTESIAN_POINT('',(-2.348658829249E0,0.E0,0.E0));
#958=DIRECTION('',(-1.E0,0.E0,0.E0));
#959=DIRECTION('',(0.E0,0.E0,1.E0));
#960=AXIS2_PLACEMENT_3D('',#957,#958,#959);
#962=CARTESIAN_POINT('',(-2.4E0,0.E0,0.E0));
#963=DIRECTION('',(-1.E0,0.E0,0.E0));
#964=DIRECTION('',(0.E0,0.E0,1.E0));
#965=AXIS2_PLACEMENT_3D('',#962,#963,#964);
#967=CARTESIAN_POINT('',(-2.4E0,0.E0,0.E0));
#968=DIRECTION('',(-1.E0,0.E0,0.E0));
#969=DIRECTION('',(0.E0,0.E0,-1.E0));
#970=AXIS2_PLACEMENT_3D('',#967,#968,#969);
#972=CARTESIAN_POINT('',(-2.4E0,0.E0,0.E0));
#973=DIRECTION('',(1.E0,0.E0,0.E0));
#974=DIRECTION('',(0.E0,0.E0,-1.E0));
#975=AXIS2_PLACEMENT_3D('',#972,#973,#974);
#977=CARTESIAN_POINT('',(-2.4E0,0.E0,0.E0));
#978=DIRECTION('',(1.E0,0.E0,0.E0));
#979=DIRECTION('',(0.E0,0.E0,1.E0));
#980=AXIS2_PLACEMENT_3D('',#977,#978,#979);
#982=DIRECTION('',(-1.E0,0.E0,0.E0));
#983=VECTOR('',#982,6.666666666700E-2);
#984=CARTESIAN_POINT('',(-2.4E0,0.E0,-5.2E0));
#985=LINE('',#984,#983);
#986=DIRECTION('',(-1.E0,0.E0,0.E0));
#987=VECTOR('',#986,6.666666666700E-2);
#988=CARTESIAN_POINT('',(-2.4E0,0.E0,5.2E0));
#989=LINE('',#988,#987);
#990=CARTESIAN_POINT('',(-2.466666666667E0,0.E0,0.E0));
#991=DIRECTION('',(1.E0,0.E0,0.E0));
#992=DIRECTION('',(0.E0,0.E0,-1.E0));
#993=AXIS2_PLACEMENT_3D('',#990,#991,#992);
#995=CARTESIAN_POINT('',(-2.466666666667E0,0.E0,0.E0));
#996=DIRECTION('',(1.E0,0.E0,0.E0));
#997=DIRECTION('',(0.E0,0.E0,1.E0));
#998=AXIS2_PLACEMENT_3D('',#995,#996,#997);
#1000=CARTESIAN_POINT('',(-2.466666666667E0,0.E0,0.E0));
#1001=DIRECTION('',(-1.E0,0.E0,0.E0));
#1002=DIRECTION('',(0.E0,0.E0,1.E0));
#1003=AXIS2_PLACEMENT_3D('',#1000,#1001,#1002);
#1005=CARTESIAN_POINT('',(-2.466666666667E0,0.E0,0.E0));
#1006=DIRECTION('',(-1.E0,0.E0,0.E0));
#1007=DIRECTION('',(0.E0,0.E0,-1.E0));
#1008=AXIS2_PLACEMENT_3D('',#1005,#1006,#1007);
#1010=CARTESIAN_POINT('',(-2.398211772333E0,0.E0,0.E0));
#1011=DIRECTION('',(1.E0,0.E0,0.E0));
#1012=DIRECTION('',(0.E0,0.E0,-1.E0));
#1013=AXIS2_PLACEMENT_3D('',#1010,#1011,#1012);
#1015=CARTESIAN_POINT('',(-2.2E0,0.E0,6.256586132287E0));
#1016=DIRECTION('',(0.E0,-1.E0,0.E0));
#1017=DIRECTION('',(-7.432941462466E-1,0.E0,6.689647316231E-1));
#1018=AXIS2_PLACEMENT_3D('',#1015,#1016,#1017);
#1020=DIRECTION('',(6.689647316224E-1,0.E0,-7.432941462472E-1));
#1021=VECTOR('',#1020,2.883736005231E-1);
#1022=CARTESIAN_POINT('',(-2.398211772332E0,0.E0,-6.434976727387E0));
#1023=LINE('',#1022,#1021);
#1024=DIRECTION('',(6.689647316224E-1,0.E0,7.432941462472E-1));
#1025=VECTOR('',#1024,2.883736005231E-1);
#1026=CARTESIAN_POINT('',(-2.398211772332E0,0.E0,6.434976727387E0));
#1027=LINE('',#1026,#1025);
#1028=CARTESIAN_POINT('',(-2.205300004052E0,0.E0,0.E0));
#1029=DIRECTION('',(-1.E0,0.E0,0.E0));
#1030=DIRECTION('',(0.E0,0.E0,-1.E0));
#1031=AXIS2_PLACEMENT_3D('',#1028,#1029,#1030);
#1033=CARTESIAN_POINT('',(-2.317163185621E0,0.E0,6.75E0));
#1034=DIRECTION('',(0.E0,-1.E0,0.E0));
#1035=DIRECTION('',(7.432941462475E-1,0.E0,-6.689647316221E-1));
#1036=AXIS2_PLACEMENT_3D('',#1033,#1034,#1035);
#1038=CARTESIAN_POINT('',(-2.317163185621E0,0.E0,-6.75E0));
#1039=DIRECTION('',(0.E0,1.E0,0.E0));
#1040=DIRECTION('',(7.432941462475E-1,0.E0,6.689647316221E-1));
#1041=AXIS2_PLACEMENT_3D('',#1038,#1039,#1040);
#1043=CARTESIAN_POINT('',(-2.205300004052E0,0.E0,0.E0));
#1044=DIRECTION('',(-1.E0,0.E0,0.E0));
#1045=DIRECTION('',(0.E0,0.E0,1.E0));
#1046=AXIS2_PLACEMENT_3D('',#1043,#1044,#1045);
#1048=CARTESIAN_POINT('',(-2.166666666667E0,0.E0,0.E0));
#1049=DIRECTION('',(1.E0,0.E0,0.E0));
#1050=DIRECTION('',(0.E0,0.E0,-1.E0));
#1051=AXIS2_PLACEMENT_3D('',#1048,#1049,#1050);
#1053=CARTESIAN_POINT('',(-2.166666666667E0,0.E0,0.E0));
#1054=DIRECTION('',(1.E0,0.E0,0.E0));
#1055=DIRECTION('',(0.E0,0.E0,1.E0));
#1056=AXIS2_PLACEMENT_3D('',#1053,#1054,#1055);
#1058=CARTESIAN_POINT('',(-2.166666666667E0,0.E0,0.E0));
#1059=DIRECTION('',(-1.E0,0.E0,0.E0));
#1060=DIRECTION('',(0.E0,0.E0,1.E0));
#1061=AXIS2_PLACEMENT_3D('',#1058,#1059,#1060);
#1063=CARTESIAN_POINT('',(-2.166666666667E0,0.E0,0.E0));
#1064=DIRECTION('',(-1.E0,0.E0,0.E0));
#1065=DIRECTION('',(0.E0,0.E0,-1.E0));
#1066=AXIS2_PLACEMENT_3D('',#1063,#1064,#1065);
#1068=CARTESIAN_POINT('',(-2.2E0,0.E0,-6.833333333333E0));
#1069=DIRECTION('',(0.E0,1.E0,0.E0));
#1070=DIRECTION('',(0.E0,0.E0,-1.E0));
#1071=AXIS2_PLACEMENT_3D('',#1068,#1069,#1070);
#1073=CARTESIAN_POINT('',(-2.220983335696E0,0.E0,0.E0));
#1074=DIRECTION('',(1.E0,0.E0,0.E0));
#1075=DIRECTION('',(0.E0,0.E0,-1.E0));
#1076=AXIS2_PLACEMENT_3D('',#1073,#1074,#1075);
#1078=CARTESIAN_POINT('',(-2.2E0,0.E0,-6.833333333333E0));
#1079=DIRECTION('',(0.E0,1.E0,0.E0));
#1080=DIRECTION('',(1.E0,0.E0,0.E0));
#1081=AXIS2_PLACEMENT_3D('',#1078,#1079,#1080);
#1083=CARTESIAN_POINT('',(-2.2E0,0.E0,6.833333333333E0));
#1084=DIRECTION('',(0.E0,-1.E0,0.E0));
#1085=DIRECTION('',(1.E0,0.E0,0.E0));
#1086=AXIS2_PLACEMENT_3D('',#1083,#1084,#1085);
#1088=CARTESIAN_POINT('',(-2.2E0,0.E0,6.833333333333E0));
#1089=DIRECTION('',(0.E0,-1.E0,0.E0));
#1090=DIRECTION('',(0.E0,0.E0,1.E0));
#1091=AXIS2_PLACEMENT_3D('',#1088,#1089,#1090);
#1093=CARTESIAN_POINT('',(-2.220983335696E0,0.E0,0.E0));
#1094=DIRECTION('',(1.E0,0.E0,0.E0));
#1095=DIRECTION('',(0.E0,0.E0,1.E0));
#1096=AXIS2_PLACEMENT_3D('',#1093,#1094,#1095);
#1098=DIRECTION('',(7.770004252113E-1,0.E0,-6.295000708669E-1));
#1099=VECTOR('',#1098,1.763834207373E-1);
#1100=CARTESIAN_POINT('',(-2.358033328609E0,0.E0,-6.748199971653E0));
#1101=LINE('',#1100,#1099);
#1102=CARTESIAN_POINT('',(-2.4E0,0.E0,0.E0));
#1103=DIRECTION('',(-1.E0,0.E0,0.E0));
#1104=DIRECTION('',(0.E0,0.E0,-1.E0));
#1105=AXIS2_PLACEMENT_3D('',#1102,#1103,#1104);
#1107=CARTESIAN_POINT('',(-2.358033328609E0,0.E0,0.E0));
#1108=DIRECTION('',(-1.E0,0.E0,0.E0));
#1109=DIRECTION('',(0.E0,0.E0,-1.E0));
#1110=AXIS2_PLACEMENT_3D('',#1107,#1108,#1109);
#1112=DIRECTION('',(-6.295000708681E-1,-1.249139735136E-14,7.770004252104E-1));
#1113=VECTOR('',#1112,6.666666666638E-2);
#1114=CARTESIAN_POINT('',(-2.358033328609E0,0.E0,6.748199971653E0));
#1115=LINE('',#1114,#1113);
#1116=DIRECTION('',(-1.E0,0.E0,0.E0));
#1117=VECTOR('',#1116,1.000000000001E-1);
#1118=CARTESIAN_POINT('',(-2.4E0,0.E0,6.8E0));
#1119=LINE('',#1118,#1117);
#1120=DIRECTION('',(-1.E0,0.E0,0.E0));
#1121=VECTOR('',#1120,1.000000000001E-1);
#1122=CARTESIAN_POINT('',(-2.4E0,0.E0,-6.8E0));
#1123=LINE('',#1122,#1121);
#1124=CARTESIAN_POINT('',(-2.4E0,0.E0,0.E0));
#1125=DIRECTION('',(-1.E0,0.E0,0.E0));
#1126=DIRECTION('',(0.E0,0.E0,1.E0));
#1127=AXIS2_PLACEMENT_3D('',#1124,#1125,#1126);
#1129=CARTESIAN_POINT('',(-2.358033328609E0,0.E0,0.E0));
#1130=DIRECTION('',(-1.E0,0.E0,0.E0));
#1131=DIRECTION('',(0.E0,0.E0,1.E0));
#1132=AXIS2_PLACEMENT_3D('',#1129,#1130,#1131);
#1134=DIRECTION('',(-6.295000708681E-1,1.249139735136E-14,-7.770004252104E-1));
#1135=VECTOR('',#1134,6.666666666638E-2);
#1136=CARTESIAN_POINT('',(-2.358033328609E0,0.E0,-6.748199971653E0));
#1137=LINE('',#1136,#1135);
#1138=DIRECTION('',(7.770004252113E-1,0.E0,6.295000708669E-1));
#1139=VECTOR('',#1138,1.763834207373E-1);
#1140=CARTESIAN_POINT('',(-2.358033328609E0,0.E0,6.748199971653E0));
#1141=LINE('',#1140,#1139);
#1142=CARTESIAN_POINT('',(-2.5E0,0.E0,0.E0));
#1143=DIRECTION('',(1.E0,0.E0,0.E0));
#1144=DIRECTION('',(0.E0,0.E0,-1.E0));
#1145=AXIS2_PLACEMENT_3D('',#1142,#1143,#1144);
#1147=CARTESIAN_POINT('',(-2.5E0,0.E0,0.E0));
#1148=DIRECTION('',(1.E0,0.E0,0.E0));
#1149=DIRECTION('',(0.E0,0.E0,1.E0));
#1150=AXIS2_PLACEMENT_3D('',#1147,#1148,#1149);
#1152=CARTESIAN_POINT('',(-2.5E0,0.E0,0.E0));
#1153=DIRECTION('',(-1.E0,0.E0,0.E0));
#1154=DIRECTION('',(0.E0,0.E0,1.E0));
#1155=AXIS2_PLACEMENT_3D('',#1152,#1153,#1154);
#1157=CARTESIAN_POINT('',(-2.5E0,0.E0,0.E0));
#1158=DIRECTION('',(-1.E0,0.E0,0.E0));
#1159=DIRECTION('',(0.E0,0.E0,-1.E0));
#1160=AXIS2_PLACEMENT_3D('',#1157,#1158,#1159);
#1162=CARTESIAN_POINT('',(-2.3E0,0.E0,0.E0));
#1163=DIRECTION('',(1.E0,0.E0,0.E0));
#1164=DIRECTION('',(0.E0,0.E0,-1.E0));
#1165=AXIS2_PLACEMENT_3D('',#1162,#1163,#1164);
#1167=CARTESIAN_POINT('',(-2.3E0,0.E0,7.8E0));
#1168=DIRECTION('',(0.E0,-1.E0,0.E0));
#1169=DIRECTION('',(0.E0,0.E0,1.E0));
#1170=AXIS2_PLACEMENT_3D('',#1167,#1168,#1169);
#1172=DIRECTION('',(-1.E0,0.E0,0.E0));
#1173=VECTOR('',#1172,4.6E0);
#1174=CARTESIAN_POINT('',(2.3E0,0.E0,8.E0));
#1175=LINE('',#1174,#1173);
#1176=CARTESIAN_POINT('',(2.3E0,0.E0,7.8E0));
#1177=DIRECTION('',(0.E0,-1.E0,0.E0));
#1178=DIRECTION('',(1.E0,0.E0,0.E0));
#1179=AXIS2_PLACEMENT_3D('',#1176,#1177,#1178);
#1181=CARTESIAN_POINT('',(2.3E0,0.E0,0.E0));
#1182=DIRECTION('',(-1.E0,0.E0,0.E0));
#1183=DIRECTION('',(0.E0,0.E0,1.E0));
#1184=AXIS2_PLACEMENT_3D('',#1181,#1182,#1183);
#1186=CARTESIAN_POINT('',(2.5E0,0.E0,0.E0));
#1187=DIRECTION('',(-1.E0,0.E0,0.E0));
#1188=DIRECTION('',(0.E0,0.E0,1.E0));
#1189=AXIS2_PLACEMENT_3D('',#1186,#1187,#1188);
#1191=CARTESIAN_POINT('',(2.5E0,0.E0,0.E0));
#1192=DIRECTION('',(-1.E0,0.E0,0.E0));
#1193=DIRECTION('',(0.E0,0.E0,-1.E0));
#1194=AXIS2_PLACEMENT_3D('',#1191,#1192,#1193);
#1196=CARTESIAN_POINT('',(2.5E0,0.E0,0.E0));
#1197=DIRECTION('',(1.E0,0.E0,0.E0));
#1198=DIRECTION('',(0.E0,0.E0,-1.E0));
#1199=AXIS2_PLACEMENT_3D('',#1196,#1197,#1198);
#1201=CARTESIAN_POINT('',(2.5E0,0.E0,0.E0));
#1202=DIRECTION('',(1.E0,0.E0,0.E0));
#1203=DIRECTION('',(0.E0,0.E0,1.E0));
#1204=AXIS2_PLACEMENT_3D('',#1201,#1202,#1203);
#1206=CARTESIAN_POINT('',(2.3E0,0.E0,-7.8E0));
#1207=DIRECTION('',(0.E0,1.E0,0.E0));
#1208=DIRECTION('',(1.E0,0.E0,0.E0));
#1209=AXIS2_PLACEMENT_3D('',#1206,#1207,#1208);
#1211=CARTESIAN_POINT('',(2.3E0,0.E0,0.E0));
#1212=DIRECTION('',(-1.E0,0.E0,0.E0));
#1213=DIRECTION('',(0.E0,0.E0,-1.E0));
#1214=AXIS2_PLACEMENT_3D('',#1211,#1212,#1213);
#1216=DIRECTION('',(-1.E0,0.E0,0.E0));
#1217=VECTOR('',#1216,4.6E0);
#1218=CARTESIAN_POINT('',(2.3E0,0.E0,-8.E0));
#1219=LINE('',#1218,#1217);
#1220=CARTESIAN_POINT('',(-2.3E0,0.E0,-7.8E0));
#1221=DIRECTION('',(0.E0,1.E0,0.E0));
#1222=DIRECTION('',(0.E0,0.E0,-1.E0));
#1223=AXIS2_PLACEMENT_3D('',#1220,#1221,#1222);
#1225=CARTESIAN_POINT('',(-2.3E0,0.E0,0.E0));
#1226=DIRECTION('',(1.E0,0.E0,0.E0));
#1227=DIRECTION('',(0.E0,0.E0,1.E0));
#1228=AXIS2_PLACEMENT_3D('',#1225,#1226,#1227);
#1230=CARTESIAN_POINT('',(2.4E0,0.E0,0.E0));
#1231=DIRECTION('',(-1.E0,0.E0,0.E0));
#1232=DIRECTION('',(0.E0,0.E0,1.E0));
#1233=AXIS2_PLACEMENT_3D('',#1230,#1231,#1232);
#1235=DIRECTION('',(-1.E0,0.E0,0.E0));
#1236=VECTOR('',#1235,1.000000000001E-1);
#1237=CARTESIAN_POINT('',(2.5E0,0.E0,-6.8E0));
#1238=LINE('',#1237,#1236);
#1239=DIRECTION('',(6.295000708681E-1,0.E0,7.770004252104E-1));
#1240=VECTOR('',#1239,6.666666666638E-2);
#1241=CARTESIAN_POINT('',(2.358033328609E0,0.E0,6.748199971653E0));
#1242=LINE('',#1241,#1240);
#1243=DIRECTION('',(6.295000708681E-1,0.E0,-7.770004252104E-1));
#1244=VECTOR('',#1243,6.666666666638E-2);
#1245=CARTESIAN_POINT('',(2.358033328609E0,0.E0,-6.748199971653E0));
#1246=LINE('',#1245,#1244);
#1247=CARTESIAN_POINT('',(2.4E0,0.E0,0.E0));
#1248=DIRECTION('',(-1.E0,0.E0,0.E0));
#1249=DIRECTION('',(0.E0,0.E0,-1.E0));
#1250=AXIS2_PLACEMENT_3D('',#1247,#1248,#1249);
#1252=DIRECTION('',(-1.E0,0.E0,0.E0));
#1253=VECTOR('',#1252,1.000000000001E-1);
#1254=CARTESIAN_POINT('',(2.5E0,0.E0,6.8E0));
#1255=LINE('',#1254,#1253);
#1256=DIRECTION('',(-7.770004252113E-1,0.E0,6.295000708669E-1));
#1257=VECTOR('',#1256,1.763834207373E-1);
#1258=CARTESIAN_POINT('',(2.358033328609E0,0.E0,6.748199971653E0));
#1259=LINE('',#1258,#1257);
#1260=CARTESIAN_POINT('',(2.358033328609E0,0.E0,0.E0));
#1261=DIRECTION('',(-1.E0,0.E0,0.E0));
#1262=DIRECTION('',(0.E0,0.E0,-1.E0));
#1263=AXIS2_PLACEMENT_3D('',#1260,#1261,#1262);
#1265=CARTESIAN_POINT('',(2.358033328609E0,0.E0,0.E0));
#1266=DIRECTION('',(-1.E0,0.E0,0.E0));
#1267=DIRECTION('',(0.E0,0.E0,1.E0));
#1268=AXIS2_PLACEMENT_3D('',#1265,#1266,#1267);
#1270=DIRECTION('',(-7.770004252113E-1,0.E0,-6.295000708669E-1));
#1271=VECTOR('',#1270,1.763834207373E-1);
#1272=CARTESIAN_POINT('',(2.358033328609E0,0.E0,-6.748199971653E0));
#1273=LINE('',#1272,#1271);
#1274=CARTESIAN_POINT('',(2.2E0,0.E0,6.833333333333E0));
#1275=DIRECTION('',(0.E0,1.E0,0.E0));
#1276=DIRECTION('',(-1.E0,0.E0,0.E0));
#1277=AXIS2_PLACEMENT_3D('',#1274,#1275,#1276);
#1279=CARTESIAN_POINT('',(2.220983335696E0,0.E0,0.E0));
#1280=DIRECTION('',(-1.E0,0.E0,0.E0));
#1281=DIRECTION('',(0.E0,0.E0,1.E0));
#1282=AXIS2_PLACEMENT_3D('',#1279,#1280,#1281);
#1284=CARTESIAN_POINT('',(2.2E0,0.E0,-6.833333333333E0));
#1285=DIRECTION('',(0.E0,1.E0,0.E0));
#1286=DIRECTION('',(6.295000708706E-1,0.E0,-7.770004252084E-1));
#1287=AXIS2_PLACEMENT_3D('',#1284,#1285,#1286);
#1289=CARTESIAN_POINT('',(2.166666666667E0,0.E0,0.E0));
#1290=DIRECTION('',(-1.E0,0.E0,0.E0));
#1291=DIRECTION('',(0.E0,0.E0,1.E0));
#1292=AXIS2_PLACEMENT_3D('',#1289,#1290,#1291);
#1294=CARTESIAN_POINT('',(2.166666666667E0,0.E0,0.E0));
#1295=DIRECTION('',(-1.E0,0.E0,0.E0));
#1296=DIRECTION('',(0.E0,0.E0,-1.E0));
#1297=AXIS2_PLACEMENT_3D('',#1294,#1295,#1296);
#1299=CARTESIAN_POINT('',(2.166666666667E0,0.E0,0.E0));
#1300=DIRECTION('',(1.E0,0.E0,0.E0));
#1301=DIRECTION('',(0.E0,0.E0,-1.E0));
#1302=AXIS2_PLACEMENT_3D('',#1299,#1300,#1301);
#1304=CARTESIAN_POINT('',(2.166666666667E0,0.E0,0.E0));
#1305=DIRECTION('',(1.E0,0.E0,0.E0));
#1306=DIRECTION('',(0.E0,0.E0,1.E0));
#1307=AXIS2_PLACEMENT_3D('',#1304,#1305,#1306);
#1309=CARTESIAN_POINT('',(2.220983335696E0,0.E0,0.E0));
#1310=DIRECTION('',(-1.E0,0.E0,0.E0));
#1311=DIRECTION('',(0.E0,0.E0,-1.E0));
#1312=AXIS2_PLACEMENT_3D('',#1309,#1310,#1311);
#1314=CARTESIAN_POINT('',(2.205300004052E0,0.E0,0.E0));
#1315=DIRECTION('',(1.E0,0.E0,0.E0));
#1316=DIRECTION('',(0.E0,0.E0,-1.E0));
#1317=AXIS2_PLACEMENT_3D('',#1314,#1315,#1316);
#1319=CARTESIAN_POINT('',(2.317163185621E0,0.E0,6.75E0));
#1320=DIRECTION('',(0.E0,1.E0,0.E0));
#1321=DIRECTION('',(-7.432941462475E-1,0.E0,-6.689647316221E-1));
#1322=AXIS2_PLACEMENT_3D('',#1319,#1320,#1321);
#1324=DIRECTION('',(-6.689647316224E-1,0.E0,7.432941462472E-1));
#1325=VECTOR('',#1324,2.883736005231E-1);
#1326=CARTESIAN_POINT('',(2.398211772332E0,0.E0,6.434976727387E0));
#1327=LINE('',#1326,#1325);
#1328=DIRECTION('',(-6.689647316224E-1,0.E0,-7.432941462472E-1));
#1329=VECTOR('',#1328,2.883736005231E-1);
#1330=CARTESIAN_POINT('',(2.398211772332E0,0.E0,-6.434976727387E0));
#1331=LINE('',#1330,#1329);
#1332=CARTESIAN_POINT('',(2.398211772333E0,0.E0,0.E0));
#1333=DIRECTION('',(-1.E0,0.E0,0.E0));
#1334=DIRECTION('',(0.E0,0.E0,-1.E0));
#1335=AXIS2_PLACEMENT_3D('',#1332,#1333,#1334);
#1337=CARTESIAN_POINT('',(2.2E0,0.E0,6.256586132287E0));
#1338=DIRECTION('',(0.E0,1.E0,0.E0));
#1339=DIRECTION('',(7.432941462466E-1,0.E0,6.689647316231E-1));
#1340=AXIS2_PLACEMENT_3D('',#1337,#1338,#1339);
#1342=CARTESIAN_POINT('',(2.2E0,0.E0,-6.256586132287E0));
#1343=DIRECTION('',(0.E0,-1.E0,0.E0));
#1344=DIRECTION('',(7.432941462466E-1,0.E0,-6.689647316231E-1));
#1345=AXIS2_PLACEMENT_3D('',#1342,#1343,#1344);
#1347=CARTESIAN_POINT('',(2.398211772333E0,0.E0,0.E0));
#1348=DIRECTION('',(-1.E0,0.E0,0.E0));
#1349=DIRECTION('',(0.E0,0.E0,1.E0));
#1350=AXIS2_PLACEMENT_3D('',#1347,#1348,#1349);
#1352=CARTESIAN_POINT('',(2.466666666667E0,0.E0,0.E0));
#1353=DIRECTION('',(-1.E0,0.E0,0.E0));
#1354=DIRECTION('',(0.E0,0.E0,1.E0));
#1355=AXIS2_PLACEMENT_3D('',#1352,#1353,#1354);
#1357=CARTESIAN_POINT('',(2.466666666667E0,0.E0,0.E0));
#1358=DIRECTION('',(-1.E0,0.E0,0.E0));
#1359=DIRECTION('',(0.E0,0.E0,-1.E0));
#1360=AXIS2_PLACEMENT_3D('',#1357,#1358,#1359);
#1362=CARTESIAN_POINT('',(2.466666666667E0,0.E0,0.E0));
#1363=DIRECTION('',(1.E0,0.E0,0.E0));
#1364=DIRECTION('',(0.E0,0.E0,-1.E0));
#1365=AXIS2_PLACEMENT_3D('',#1362,#1363,#1364);
#1367=CARTESIAN_POINT('',(2.466666666667E0,0.E0,0.E0));
#1368=DIRECTION('',(1.E0,0.E0,0.E0));
#1369=DIRECTION('',(0.E0,0.E0,1.E0));
#1370=AXIS2_PLACEMENT_3D('',#1367,#1368,#1369);
#1372=DIRECTION('',(1.E0,0.E0,0.E0));
#1373=VECTOR('',#1372,6.666666666700E-2);
#1374=CARTESIAN_POINT('',(2.4E0,0.E0,5.2E0));
#1375=LINE('',#1374,#1373);
#1376=CARTESIAN_POINT('',(2.4E0,0.E0,0.E0));
#1377=DIRECTION('',(1.E0,0.E0,0.E0));
#1378=DIRECTION('',(0.E0,0.E0,-1.E0));
#1379=AXIS2_PLACEMENT_3D('',#1376,#1377,#1378);
#1381=CARTESIAN_POINT('',(2.4E0,0.E0,0.E0));
#1382=DIRECTION('',(1.E0,0.E0,0.E0));
#1383=DIRECTION('',(0.E0,0.E0,1.E0));
#1384=AXIS2_PLACEMENT_3D('',#1381,#1382,#1383);
#1386=CARTESIAN_POINT('',(2.4E0,0.E0,0.E0));
#1387=DIRECTION('',(-1.E0,0.E0,0.E0));
#1388=DIRECTION('',(0.E0,0.E0,1.E0));
#1389=AXIS2_PLACEMENT_3D('',#1386,#1387,#1388);
#1391=CARTESIAN_POINT('',(2.4E0,0.E0,0.E0));
#1392=DIRECTION('',(-1.E0,0.E0,0.E0));
#1393=DIRECTION('',(0.E0,0.E0,-1.E0));
#1394=AXIS2_PLACEMENT_3D('',#1391,#1392,#1393);
#1396=DIRECTION('',(1.E0,0.E0,0.E0));
#1397=VECTOR('',#1396,6.666666666700E-2);
#1398=CARTESIAN_POINT('',(2.4E0,0.E0,-5.2E0));
#1399=LINE('',#1398,#1397);
#1400=CARTESIAN_POINT('',(2.317163185621E0,0.E0,-6.75E0));
#1401=DIRECTION('',(0.E0,-1.E0,0.E0));
#1402=DIRECTION('',(-7.432941462475E-1,0.E0,6.689647316221E-1));
#1403=AXIS2_PLACEMENT_3D('',#1400,#1401,#1402);
#1405=CARTESIAN_POINT('',(2.205300004052E0,0.E0,0.E0));
#1406=DIRECTION('',(1.E0,0.E0,0.E0));
#1407=DIRECTION('',(0.E0,0.E0,1.E0));
#1408=AXIS2_PLACEMENT_3D('',#1405,#1406,#1407);
#1410=CARTESIAN_POINT('',(-2.2E0,0.E0,-6.256586132287E0));
#1411=DIRECTION('',(0.E0,1.E0,0.E0));
#1412=DIRECTION('',(-7.432941462466E-1,0.E0,-6.689647316231E-1));
#1413=AXIS2_PLACEMENT_3D('',#1410,#1411,#1412);
#1415=CARTESIAN_POINT('',(-2.398211772333E0,0.E0,0.E0));
#1416=DIRECTION('',(1.E0,0.E0,0.E0));
#1417=DIRECTION('',(0.E0,0.E0,1.E0));
#1418=AXIS2_PLACEMENT_3D('',#1415,#1416,#1417);
#1420=DIRECTION('',(6.689647316224E-1,0.E0,7.432941462472E-1));
#1421=VECTOR('',#1420,2.883736005224E-1);
#1422=CARTESIAN_POINT('',(-2.348658829249E0,0.E0,6.390379078612E0));
#1423=LINE('',#1422,#1421);
#1424=CARTESIAN_POINT('',(-2.398211772333E0,0.E0,-6.434976727386E0));
#1425=CARTESIAN_POINT('',(-2.398211772333E0,0.E0,6.434976727386E0));
#1426=VERTEX_POINT('',#1424);
#1427=VERTEX_POINT('',#1425);
#1428=CARTESIAN_POINT('',(-2.466666666667E0,0.E0,6.256586132287E0));
#1429=VERTEX_POINT('',#1428);
#1430=CARTESIAN_POINT('',(-2.466666666667E0,0.E0,-6.256586132287E0));
#1431=VERTEX_POINT('',#1430);
#1432=CARTESIAN_POINT('',(-2.205300004052E0,0.E0,-6.649323136588E0));
#1433=VERTEX_POINT('',#1432);
#1434=CARTESIAN_POINT('',(-2.205300004052E0,0.E0,6.649323136588E0));
#1435=VERTEX_POINT('',#1434);
#1436=CARTESIAN_POINT('',(-2.166666666667E0,0.E0,6.75E0));
#1437=VERTEX_POINT('',#1436);
#1438=CARTESIAN_POINT('',(-2.166666666667E0,0.E0,-6.75E0));
#1439=VERTEX_POINT('',#1438);
#1440=CARTESIAN_POINT('',(-2.166666666667E0,0.E0,-6.833333333333E0));
#1441=CARTESIAN_POINT('',(-2.166666666667E0,0.E0,6.833333333333E0));
#1442=VERTEX_POINT('',#1440);
#1443=VERTEX_POINT('',#1441);
#1444=CARTESIAN_POINT('',(-2.2E0,0.E0,-6.866666666666E0));
#1445=CARTESIAN_POINT('',(-2.220983335696E0,0.E0,-6.859233347507E0));
#1446=VERTEX_POINT('',#1444);
#1447=VERTEX_POINT('',#1445);
#1448=CARTESIAN_POINT('',(-2.220983335696E0,0.E0,6.859233347507E0));
#1449=VERTEX_POINT('',#1448);
#1450=CARTESIAN_POINT('',(-2.2E0,0.E0,6.866666666666E0));
#1451=VERTEX_POINT('',#1450);
#1452=CARTESIAN_POINT('',(-2.358033328609E0,0.E0,-6.748199971653E0));
#1453=CARTESIAN_POINT('',(-2.358033328609E0,0.E0,6.748199971653E0));
#1454=VERTEX_POINT('',#1452);
#1455=VERTEX_POINT('',#1453);
#1456=CARTESIAN_POINT('',(-2.155747060968E0,0.E0,-6.604725487813E0));
#1457=CARTESIAN_POINT('',(-2.155747060968E0,0.E0,6.604725487813E0));
#1458=VERTEX_POINT('',#1456);
#1459=VERTEX_POINT('',#1457);
#1460=CARTESIAN_POINT('',(-2.348658829249E0,0.E0,6.390379078612E0));
#1461=VERTEX_POINT('',#1460);
#1462=CARTESIAN_POINT('',(-2.348658829249E0,0.E0,-6.390379078612E0));
#1463=VERTEX_POINT('',#1462);
#1464=CARTESIAN_POINT('',(-2.4E0,0.E0,6.256586132287E0));
#1465=VERTEX_POINT('',#1464);
#1466=CARTESIAN_POINT('',(-2.4E0,0.E0,-6.256586132287E0));
#1467=VERTEX_POINT('',#1466);
#1468=CARTESIAN_POINT('',(-2.4E0,0.E0,-5.2E0));
#1469=CARTESIAN_POINT('',(-2.4E0,0.E0,5.2E0));
#1470=VERTEX_POINT('',#1468);
#1471=VERTEX_POINT('',#1469);
#1472=CARTESIAN_POINT('',(-2.466666666667E0,0.E0,-5.2E0));
#1473=VERTEX_POINT('',#1472);
#1474=CARTESIAN_POINT('',(-2.466666666667E0,0.E0,5.2E0));
#1475=VERTEX_POINT('',#1474);
#1476=CARTESIAN_POINT('',(2.5E0,0.E0,7.8E0));
#1477=CARTESIAN_POINT('',(2.5E0,0.E0,-7.8E0));
#1478=VERTEX_POINT('',#1476);
#1479=VERTEX_POINT('',#1477);
#1480=CARTESIAN_POINT('',(2.5E0,0.E0,-6.8E0));
#1481=CARTESIAN_POINT('',(2.5E0,0.E0,6.8E0));
#1482=VERTEX_POINT('',#1480);
#1483=VERTEX_POINT('',#1481);
#1484=CARTESIAN_POINT('',(2.3E0,0.E0,8.E0));
#1485=VERTEX_POINT('',#1484);
#1486=CARTESIAN_POINT('',(2.3E0,0.E0,-8.E0));
#1487=VERTEX_POINT('',#1486);
#1488=CARTESIAN_POINT('',(-2.3E0,0.E0,-8.E0));
#1489=VERTEX_POINT('',#1488);
#1490=CARTESIAN_POINT('',(-2.3E0,0.E0,8.E0));
#1491=VERTEX_POINT('',#1490);
#1492=CARTESIAN_POINT('',(-2.5E0,0.E0,7.8E0));
#1493=VERTEX_POINT('',#1492);
#1494=CARTESIAN_POINT('',(-2.5E0,0.E0,-7.8E0));
#1495=VERTEX_POINT('',#1494);
#1496=CARTESIAN_POINT('',(-2.5E0,0.E0,6.8E0));
#1497=CARTESIAN_POINT('',(-2.5E0,0.E0,-6.8E0));
#1498=VERTEX_POINT('',#1496);
#1499=VERTEX_POINT('',#1497);
#1500=CARTESIAN_POINT('',(-2.1E0,0.E0,6.666666666667E0));
#1501=CARTESIAN_POINT('',(-2.1E0,0.E0,-6.666666666667E0));
#1502=VERTEX_POINT('',#1500);
#1503=VERTEX_POINT('',#1501);
#1504=CARTESIAN_POINT('',(-8.326663997865E-1,0.E0,-6.666666666667E0));
#1505=VERTEX_POINT('',#1504);
#1506=CARTESIAN_POINT('',(-8.326663997865E-1,0.E0,6.666666666667E0));
#1507=VERTEX_POINT('',#1506);
#1508=CARTESIAN_POINT('',(8.326663997866E-1,0.E0,-6.666666666667E0));
#1509=CARTESIAN_POINT('',(8.326663997866E-1,0.E0,6.666666666667E0));
#1510=VERTEX_POINT('',#1508);
#1511=VERTEX_POINT('',#1509);
#1512=CARTESIAN_POINT('',(2.1E0,0.E0,6.666666666667E0));
#1513=CARTESIAN_POINT('',(2.1E0,0.E0,-6.666666666667E0));
#1514=VERTEX_POINT('',#1512);
#1515=VERTEX_POINT('',#1513);
#1516=CARTESIAN_POINT('',(-2.4E0,0.E0,-6.8E0));
#1517=CARTESIAN_POINT('',(-2.4E0,0.E0,6.8E0));
#1518=VERTEX_POINT('',#1516);
#1519=VERTEX_POINT('',#1517);
#1520=CARTESIAN_POINT('',(-2.1E0,0.E0,6.75E0));
#1521=CARTESIAN_POINT('',(-2.1E0,0.E0,-6.75E0));
#1522=VERTEX_POINT('',#1520);
#1523=VERTEX_POINT('',#1521);
#1524=CARTESIAN_POINT('',(2.155747060968E0,0.E0,6.604725487813E0));
#1525=CARTESIAN_POINT('',(2.155747060968E0,0.E0,-6.604725487813E0));
#1526=VERTEX_POINT('',#1524);
#1527=VERTEX_POINT('',#1525);
#1528=CARTESIAN_POINT('',(2.348658829249E0,0.E0,6.390379078612E0));
#1529=VERTEX_POINT('',#1528);
#1530=CARTESIAN_POINT('',(2.348658829249E0,0.E0,-6.390379078612E0));
#1531=VERTEX_POINT('',#1530);
#1532=CARTESIAN_POINT('',(2.4E0,0.E0,6.256586132287E0));
#1533=VERTEX_POINT('',#1532);
#1534=CARTESIAN_POINT('',(2.4E0,0.E0,-6.256586132287E0));
#1535=VERTEX_POINT('',#1534);
#1536=CARTESIAN_POINT('',(2.4E0,0.E0,5.2E0));
#1537=CARTESIAN_POINT('',(2.4E0,0.E0,-5.2E0));
#1538=VERTEX_POINT('',#1536);
#1539=VERTEX_POINT('',#1537);
#1540=CARTESIAN_POINT('',(2.466666666667E0,0.E0,5.2E0));
#1541=VERTEX_POINT('',#1540);
#1542=CARTESIAN_POINT('',(2.466666666667E0,0.E0,-5.2E0));
#1543=VERTEX_POINT('',#1542);
#1544=CARTESIAN_POINT('',(2.466666666667E0,0.E0,6.256586132287E0));
#1545=CARTESIAN_POINT('',(2.466666666667E0,0.E0,-6.256586132287E0));
#1546=VERTEX_POINT('',#1544);
#1547=VERTEX_POINT('',#1545);
#1548=CARTESIAN_POINT('',(2.398211772332E0,0.E0,-6.434976727387E0));
#1549=VERTEX_POINT('',#1548);
#1550=CARTESIAN_POINT('',(2.398211772332E0,0.E0,6.434976727387E0));
#1551=VERTEX_POINT('',#1550);
#1552=CARTESIAN_POINT('',(2.205300004052E0,0.E0,-6.649323136588E0));
#1553=VERTEX_POINT('',#1552);
#1554=CARTESIAN_POINT('',(2.205300004052E0,0.E0,6.649323136588E0));
#1555=VERTEX_POINT('',#1554);
#1556=CARTESIAN_POINT('',(2.166666666667E0,0.E0,6.75E0));
#1557=VERTEX_POINT('',#1556);
#1558=CARTESIAN_POINT('',(2.166666666667E0,0.E0,-6.75E0));
#1559=VERTEX_POINT('',#1558);
#1560=CARTESIAN_POINT('',(2.166666666667E0,0.E0,6.833333333333E0));
#1561=CARTESIAN_POINT('',(2.166666666667E0,0.E0,-6.833333333333E0));
#1562=VERTEX_POINT('',#1560);
#1563=VERTEX_POINT('',#1561);
#1564=CARTESIAN_POINT('',(2.220983335696E0,0.E0,6.859233347507E0));
#1565=CARTESIAN_POINT('',(2.220983335696E0,0.E0,-6.859233347507E0));
#1566=VERTEX_POINT('',#1564);
#1567=VERTEX_POINT('',#1565);
#1568=CARTESIAN_POINT('',(2.358033328609E0,0.E0,6.748199971653E0));
#1569=VERTEX_POINT('',#1568);
#1570=CARTESIAN_POINT('',(2.358033328609E0,0.E0,-6.748199971653E0));
#1571=VERTEX_POINT('',#1570);
#1572=CARTESIAN_POINT('',(2.1E0,0.E0,-6.75E0));
#1573=CARTESIAN_POINT('',(2.1E0,0.E0,6.75E0));
#1574=VERTEX_POINT('',#1572);
#1575=VERTEX_POINT('',#1573);
#1576=CARTESIAN_POINT('',(2.4E0,0.E0,-6.8E0));
#1577=CARTESIAN_POINT('',(2.4E0,0.E0,6.8E0));
#1578=VERTEX_POINT('',#1576);
#1579=VERTEX_POINT('',#1577);
#1580=CARTESIAN_POINT('',(2.2E0,0.E0,0.E0));
#1581=DIRECTION('',(1.E0,0.E0,0.E0));
#1582=DIRECTION('',(0.E0,0.E0,1.E0));
#1583=AXIS2_PLACEMENT_3D('',#1580,#1581,#1582);
#1584=TOROIDAL_SURFACE('',#1583,6.256586132287E0,2.E-1);
#1586=ORIENTED_EDGE('',*,*,#1585,.T.);
#1588=ORIENTED_EDGE('',*,*,#1587,.F.);
#1590=ORIENTED_EDGE('',*,*,#1589,.F.);
#1592=ORIENTED_EDGE('',*,*,#1591,.T.);
#1593=EDGE_LOOP('',(#1586,#1588,#1590,#1592));
#1594=FACE_OUTER_BOUND('',#1593,.F.);
#1595=ADVANCED_FACE('',(#1594),#1584,.F.);
#1596=CARTESIAN_POINT('',(2.2E0,0.E0,0.E0));
#1597=DIRECTION('',(1.E0,0.E0,0.E0));
#1598=DIRECTION('',(0.E0,0.E0,1.E0));
#1599=AXIS2_PLACEMENT_3D('',#1596,#1597,#1598);
#1600=TOROIDAL_SURFACE('',#1599,6.256586132287E0,2.E-1);
#1602=ORIENTED_EDGE('',*,*,#1601,.T.);
#1603=ORIENTED_EDGE('',*,*,#1589,.T.);
#1605=ORIENTED_EDGE('',*,*,#1604,.F.);
#1606=ORIENTED_EDGE('',*,*,#1585,.F.);
#1607=EDGE_LOOP('',(#1602,#1603,#1605,#1606));
#1608=FACE_OUTER_BOUND('',#1607,.F.);
#1609=ADVANCED_FACE('',(#1608),#1600,.F.);
#1610=CARTESIAN_POINT('',(2.252202945109E0,0.E0,0.E0));
#1611=DIRECTION('',(-1.E0,0.E0,0.E0));
#1612=DIRECTION('',(0.E0,0.E0,-1.E0));
#1613=AXIS2_PLACEMENT_3D('',#1610,#1611,#1612);
#1614=CONICAL_SURFACE('',#1613,6.497552283212E0,4.801278750418E1);
#1615=ORIENTED_EDGE('',*,*,#1601,.F.);
#1617=ORIENTED_EDGE('',*,*,#1616,.T.);
#1619=ORIENTED_EDGE('',*,*,#1618,.F.);
#1621=ORIENTED_EDGE('',*,*,#1620,.F.);
#1622=EDGE_LOOP('',(#1615,#1617,#1619,#1621));
#1623=FACE_OUTER_BOUND('',#1622,.F.);
#1624=ADVANCED_FACE('',(#1623),#1614,.F.);
#1625=CARTESIAN_POINT('',(2.252202945109E0,0.E0,0.E0));
#1626=DIRECTION('',(-1.E0,0.E0,0.E0));
#1627=DIRECTION('',(0.E0,0.E0,-1.E0));
#1628=AXIS2_PLACEMENT_3D('',#1625,#1626,#1627);
#1629=CONICAL_SURFACE('',#1628,6.497552283212E0,4.801278750418E1);
#1630=ORIENTED_EDGE('',*,*,#1620,.T.);
#1632=ORIENTED_EDGE('',*,*,#1631,.F.);
#1633=ORIENTED_EDGE('',*,*,#1616,.F.);
#1634=ORIENTED_EDGE('',*,*,#1591,.F.);
#1635=EDGE_LOOP('',(#1630,#1632,#1633,#1634));
#1636=FACE_OUTER_BOUND('',#1635,.F.);
#1637=ADVANCED_FACE('',(#1636),#1629,.F.);
#1638=CARTESIAN_POINT('',(2.317163185621E0,0.E0,0.E0));
#1639=DIRECTION('',(1.E0,0.E0,0.E0));
#1640=DIRECTION('',(0.E0,0.E0,1.E0));
#1641=AXIS2_PLACEMENT_3D('',#1638,#1639,#1640);
#1642=TOROIDAL_SURFACE('',#1641,6.75E0,2.171631856211E-1);
#1644=ORIENTED_EDGE('',*,*,#1643,.T.);
#1646=ORIENTED_EDGE('',*,*,#1645,.F.);
#1647=ORIENTED_EDGE('',*,*,#1631,.T.);
#1649=ORIENTED_EDGE('',*,*,#1648,.T.);
#1650=EDGE_LOOP('',(#1644,#1646,#1647,#1649));
#1651=FACE_OUTER_BOUND('',#1650,.F.);
#1652=ADVANCED_FACE('',(#1651),#1642,.T.);
#1653=CARTESIAN_POINT('',(2.1E0,6.666666666667E0,0.E0));
#1654=DIRECTION('',(-1.E0,0.E0,0.E0));
#1655=DIRECTION('',(0.E0,0.E0,1.E0));
#1656=AXIS2_PLACEMENT_3D('',#1653,#1654,#1655);
#1657=PLANE('',#1656);
#1659=ORIENTED_EDGE('',*,*,#1658,.F.);
#1660=ORIENTED_EDGE('',*,*,#1643,.F.);
#1661=EDGE_LOOP('',(#1659,#1660));
#1662=FACE_OUTER_BOUND('',#1661,.F.);
#1664=ORIENTED_EDGE('',*,*,#1663,.T.);
#1666=ORIENTED_EDGE('',*,*,#1665,.T.);
#1667=EDGE_LOOP('',(#1664,#1666));
#1668=FACE_BOUND('',#1667,.F.);
#1669=ADVANCED_FACE('',(#1662,#1668),#1657,.F.);
#1670=CARTESIAN_POINT('',(2.317163185621E0,0.E0,0.E0));
#1671=DIRECTION('',(1.E0,0.E0,0.E0));
#1672=DIRECTION('',(0.E0,0.E0,1.E0));
#1673=AXIS2_PLACEMENT_3D('',#1670,#1671,#1672);
#1674=TOROIDAL_SURFACE('',#1673,6.75E0,2.171631856211E-1);
#1675=ORIENTED_EDGE('',*,*,#1658,.T.);
#1676=ORIENTED_EDGE('',*,*,#1648,.F.);
#1677=ORIENTED_EDGE('',*,*,#1618,.T.);
#1678=ORIENTED_EDGE('',*,*,#1645,.T.);
#1679=EDGE_LOOP('',(#1675,#1676,#1677,#1678));
#1680=FACE_OUTER_BOUND('',#1679,.F.);
#1681=ADVANCED_FACE('',(#1680),#1674,.T.);
#1682=CARTESIAN_POINT('',(0.E0,0.E0,0.E0));
#1683=DIRECTION('',(-1.E0,0.E0,0.E0));
#1684=DIRECTION('',(0.E0,0.E0,1.E0));
#1685=AXIS2_PLACEMENT_3D('',#1682,#1683,#1684);
#1686=CYLINDRICAL_SURFACE('',#1685,6.666666666667E0);
#1688=ORIENTED_EDGE('',*,*,#1687,.T.);
#1690=ORIENTED_EDGE('',*,*,#1689,.F.);
#1692=ORIENTED_EDGE('',*,*,#1691,.F.);
#1693=ORIENTED_EDGE('',*,*,#1663,.F.);
#1694=EDGE_LOOP('',(#1688,#1690,#1692,#1693));
#1695=FACE_OUTER_BOUND('',#1694,.F.);
#1696=ADVANCED_FACE('',(#1695),#1686,.F.);
#1697=CARTESIAN_POINT('',(0.E0,0.E0,0.E0));
#1698=DIRECTION('',(-1.E0,0.E0,0.E0));
#1699=DIRECTION('',(0.E0,0.E0,1.E0));
#1700=AXIS2_PLACEMENT_3D('',#1697,#1698,#1699);
#1701=CYLINDRICAL_SURFACE('',#1700,6.666666666667E0);
#1702=ORIENTED_EDGE('',*,*,#1665,.F.);
#1703=ORIENTED_EDGE('',*,*,#1691,.T.);
#1705=ORIENTED_EDGE('',*,*,#1704,.F.);
#1706=ORIENTED_EDGE('',*,*,#1687,.F.);
#1707=EDGE_LOOP('',(#1702,#1703,#1705,#1706));
#1708=FACE_OUTER_BOUND('',#1707,.F.);
#1709=ADVANCED_FACE('',(#1708),#1701,.F.);
#1710=CARTESIAN_POINT('',(0.E0,0.E0,0.E0));
#1711=DIRECTION('',(-1.E0,0.E0,0.E0));
#1712=DIRECTION('',(0.E0,0.E0,1.E0));
#1713=AXIS2_PLACEMENT_3D('',#1710,#1711,#1712);
#1714=TOROIDAL_SURFACE('',#1713,6.E0,1.066666666667E0);
#1715=ORIENTED_EDGE('',*,*,#1704,.T.);
#1717=ORIENTED_EDGE('',*,*,#1716,.T.);
#1719=ORIENTED_EDGE('',*,*,#1718,.T.);
#1721=ORIENTED_EDGE('',*,*,#1720,.T.);
#1722=EDGE_LOOP('',(#1715,#1717,#1719,#1721));
#1723=FACE_OUTER_BOUND('',#1722,.F.);
#1724=ADVANCED_FACE('',(#1723),#1714,.F.);
#1725=CARTESIAN_POINT('',(0.E0,0.E0,0.E0));
#1726=DIRECTION('',(-1.E0,0.E0,0.E0));
#1727=DIRECTION('',(0.E0,0.E0,1.E0));
#1728=AXIS2_PLACEMENT_3D('',#1725,#1726,#1727);
#1729=TOROIDAL_SURFACE('',#1728,6.E0,1.066666666667E0);
#1730=ORIENTED_EDGE('',*,*,#1720,.F.);
#1732=ORIENTED_EDGE('',*,*,#1731,.T.);
#1733=ORIENTED_EDGE('',*,*,#1716,.F.);
#1734=ORIENTED_EDGE('',*,*,#1689,.T.);
#1735=EDGE_LOOP('',(#1730,#1732,#1733,#1734));
#1736=FACE_OUTER_BOUND('',#1735,.F.);
#1737=ADVANCED_FACE('',(#1736),#1729,.F.);
#1738=CARTESIAN_POINT('',(0.E0,0.E0,0.E0));
#1739=DIRECTION('',(-1.E0,0.E0,0.E0));
#1740=DIRECTION('',(0.E0,0.E0,1.E0));
#1741=AXIS2_PLACEMENT_3D('',#1738,#1739,#1740);
#1742=CYLINDRICAL_SURFACE('',#1741,6.666666666667E0);
#1744=ORIENTED_EDGE('',*,*,#1743,.T.);
#1746=ORIENTED_EDGE('',*,*,#1745,.F.);
#1748=ORIENTED_EDGE('',*,*,#1747,.F.);
#1749=ORIENTED_EDGE('',*,*,#1731,.F.);
#1750=EDGE_LOOP('',(#1744,#1746,#1748,#1749));
#1751=FACE_OUTER_BOUND('',#1750,.F.);
#1752=ADVANCED_FACE('',(#1751),#1742,.F.);
#1753=CARTESIAN_POINT('',(0.E0,0.E0,0.E0));
#1754=DIRECTION('',(-1.E0,0.E0,0.E0));
#1755=DIRECTION('',(0.E0,0.E0,1.E0));
#1756=AXIS2_PLACEMENT_3D('',#1753,#1754,#1755);
#1757=CYLINDRICAL_SURFACE('',#1756,6.666666666667E0);
#1758=ORIENTED_EDGE('',*,*,#1718,.F.);
#1759=ORIENTED_EDGE('',*,*,#1747,.T.);
#1761=ORIENTED_EDGE('',*,*,#1760,.F.);
#1762=ORIENTED_EDGE('',*,*,#1743,.F.);
#1763=EDGE_LOOP('',(#1758,#1759,#1761,#1762));
#1764=FACE_OUTER_BOUND('',#1763,.F.);
#1765=ADVANCED_FACE('',(#1764),#1757,.F.);
#1766=CARTESIAN_POINT('',(-2.1E0,6.666666666667E0,0.E0));
#1767=DIRECTION('',(1.E0,0.E0,0.E0));
#1768=DIRECTION('',(0.E0,0.E0,-1.E0));
#1769=AXIS2_PLACEMENT_3D('',#1766,#1767,#1768);
#1770=PLANE('',#1769);
#1772=ORIENTED_EDGE('',*,*,#1771,.F.);
#1774=ORIENTED_EDGE('',*,*,#1773,.F.);
#1775=EDGE_LOOP('',(#1772,#1774));
#1776=FACE_OUTER_BOUND('',#1775,.F.);
#1777=ORIENTED_EDGE('',*,*,#1745,.T.);
#1778=ORIENTED_EDGE('',*,*,#1760,.T.);
#1779=EDGE_LOOP('',(#1777,#1778));
#1780=FACE_BOUND('',#1779,.F.);
#1781=ADVANCED_FACE('',(#1776,#1780),#1770,.F.);
#1782=CARTESIAN_POINT('',(-2.317163185621E0,0.E0,0.E0));
#1783=DIRECTION('',(-1.E0,0.E0,0.E0));
#1784=DIRECTION('',(0.E0,0.E0,1.E0));
#1785=AXIS2_PLACEMENT_3D('',#1782,#1783,#1784);
#1786=TOROIDAL_SURFACE('',#1785,6.75E0,2.171631856211E-1);
#1787=ORIENTED_EDGE('',*,*,#1771,.T.);
#1789=ORIENTED_EDGE('',*,*,#1788,.F.);
#1791=ORIENTED_EDGE('',*,*,#1790,.T.);
#1793=ORIENTED_EDGE('',*,*,#1792,.T.);
#1794=EDGE_LOOP('',(#1787,#1789,#1791,#1793));
#1795=FACE_OUTER_BOUND('',#1794,.F.);
#1796=ADVANCED_FACE('',(#1795),#1786,.T.);
#1797=CARTESIAN_POINT('',(-2.317163185621E0,0.E0,0.E0));
#1798=DIRECTION('',(-1.E0,0.E0,0.E0));
#1799=DIRECTION('',(0.E0,0.E0,1.E0));
#1800=AXIS2_PLACEMENT_3D('',#1797,#1798,#1799);
#1801=TOROIDAL_SURFACE('',#1800,6.75E0,2.171631856211E-1);
#1802=ORIENTED_EDGE('',*,*,#1773,.T.);
#1803=ORIENTED_EDGE('',*,*,#1792,.F.);
#1805=ORIENTED_EDGE('',*,*,#1804,.T.);
#1806=ORIENTED_EDGE('',*,*,#1788,.T.);
#1807=EDGE_LOOP('',(#1802,#1803,#1805,#1806));
#1808=FACE_OUTER_BOUND('',#1807,.F.);
#1809=ADVANCED_FACE('',(#1808),#1801,.T.);
#1810=CARTESIAN_POINT('',(-2.252202945109E0,0.E0,0.E0));
#1811=DIRECTION('',(1.E0,0.E0,0.E0));
#1812=DIRECTION('',(0.E0,0.E0,-1.E0));
#1813=AXIS2_PLACEMENT_3D('',#1810,#1811,#1812);
#1814=CONICAL_SURFACE('',#1813,6.497552283212E0,4.801278750418E1);
#1816=ORIENTED_EDGE('',*,*,#1815,.F.);
#1818=ORIENTED_EDGE('',*,*,#1817,.T.);
#1819=ORIENTED_EDGE('',*,*,#1804,.F.);
#1821=ORIENTED_EDGE('',*,*,#1820,.F.);
#1822=EDGE_LOOP('',(#1816,#1818,#1819,#1821));
#1823=FACE_OUTER_BOUND('',#1822,.F.);
#1824=ADVANCED_FACE('',(#1823),#1814,.F.);
#1825=CARTESIAN_POINT('',(-2.2E0,0.E0,0.E0));
#1826=DIRECTION('',(-1.E0,0.E0,0.E0));
#1827=DIRECTION('',(0.E0,0.E0,1.E0));
#1828=AXIS2_PLACEMENT_3D('',#1825,#1826,#1827);
#1829=TOROIDAL_SURFACE('',#1828,6.256586132287E0,2.E-1);
#1830=ORIENTED_EDGE('',*,*,#1815,.T.);
#1832=ORIENTED_EDGE('',*,*,#1831,.T.);
#1834=ORIENTED_EDGE('',*,*,#1833,.F.);
#1836=ORIENTED_EDGE('',*,*,#1835,.F.);
#1837=EDGE_LOOP('',(#1830,#1832,#1834,#1836));
#1838=FACE_OUTER_BOUND('',#1837,.F.);
#1839=ADVANCED_FACE('',(#1838),#1829,.F.);
#1840=CARTESIAN_POINT('',(-2.2E0,0.E0,0.E0));
#1841=DIRECTION('',(-1.E0,0.E0,0.E0));
#1842=DIRECTION('',(0.E0,0.E0,1.E0));
#1843=AXIS2_PLACEMENT_3D('',#1840,#1841,#1842);
#1844=TOROIDAL_SURFACE('',#1843,6.256586132287E0,2.E-1);
#1845=ORIENTED_EDGE('',*,*,#1835,.T.);
#1847=ORIENTED_EDGE('',*,*,#1846,.F.);
#1848=ORIENTED_EDGE('',*,*,#1831,.F.);
#1850=ORIENTED_EDGE('',*,*,#1849,.T.);
#1851=EDGE_LOOP('',(#1845,#1847,#1848,#1850));
#1852=FACE_OUTER_BOUND('',#1851,.F.);
#1853=ADVANCED_FACE('',(#1852),#1844,.F.);
#1854=CARTESIAN_POINT('',(-2.4E0,6.256586132287E0,0.E0));
#1855=DIRECTION('',(1.E0,0.E0,0.E0));
#1856=DIRECTION('',(0.E0,0.E0,-1.E0));
#1857=AXIS2_PLACEMENT_3D('',#1854,#1855,#1856);
#1858=PLANE('',#1857);
#1859=ORIENTED_EDGE('',*,*,#1846,.T.);
#1860=ORIENTED_EDGE('',*,*,#1833,.T.);
#1861=EDGE_LOOP('',(#1859,#1860));
#1862=FACE_OUTER_BOUND('',#1861,.F.);
#1864=ORIENTED_EDGE('',*,*,#1863,.T.);
#1866=ORIENTED_EDGE('',*,*,#1865,.T.);
#1867=EDGE_LOOP('',(#1864,#1866));
#1868=FACE_BOUND('',#1867,.F.);
#1869=ADVANCED_FACE('',(#1862,#1868),#1858,.T.);
#1870=CARTESIAN_POINT('',(0.E0,0.E0,0.E0));
#1871=DIRECTION('',(-1.E0,0.E0,0.E0));
#1872=DIRECTION('',(0.E0,0.E0,1.E0));
#1873=AXIS2_PLACEMENT_3D('',#1870,#1871,#1872);
#1874=CYLINDRICAL_SURFACE('',#1873,5.2E0);
#1876=ORIENTED_EDGE('',*,*,#1875,.T.);
#1878=ORIENTED_EDGE('',*,*,#1877,.F.);
#1880=ORIENTED_EDGE('',*,*,#1879,.F.);
#1881=ORIENTED_EDGE('',*,*,#1863,.F.);
#1882=EDGE_LOOP('',(#1876,#1878,#1880,#1881));
#1883=FACE_OUTER_BOUND('',#1882,.F.);
#1884=ADVANCED_FACE('',(#1883),#1874,.F.);
#1885=CARTESIAN_POINT('',(0.E0,0.E0,0.E0));
#1886=DIRECTION('',(-1.E0,0.E0,0.E0));
#1887=DIRECTION('',(0.E0,0.E0,1.E0));
#1888=AXIS2_PLACEMENT_3D('',#1885,#1886,#1887);
#1889=CYLINDRICAL_SURFACE('',#1888,5.2E0);
#1890=ORIENTED_EDGE('',*,*,#1865,.F.);
#1891=ORIENTED_EDGE('',*,*,#1879,.T.);
#1893=ORIENTED_EDGE('',*,*,#1892,.F.);
#1894=ORIENTED_EDGE('',*,*,#1875,.F.);
#1895=EDGE_LOOP('',(#1890,#1891,#1893,#1894));
#1896=FACE_OUTER_BOUND('',#1895,.F.);
#1897=ADVANCED_FACE('',(#1896),#1889,.F.);
#1898=CARTESIAN_POINT('',(-2.466666666667E0,6.256586132287E0,0.E0));
#1899=DIRECTION('',(1.E0,0.E0,0.E0));
#1900=DIRECTION('',(0.E0,0.E0,-1.E0));
#1901=AXIS2_PLACEMENT_3D('',#1898,#1899,#1900);
#1902=PLANE('',#1901);
#1904=ORIENTED_EDGE('',*,*,#1903,.T.);
#1906=ORIENTED_EDGE('',*,*,#1905,.T.);
#1907=EDGE_LOOP('',(#1904,#1906));
#1908=FACE_OUTER_BOUND('',#1907,.F.);
#1909=ORIENTED_EDGE('',*,*,#1877,.T.);
#1910=ORIENTED_EDGE('',*,*,#1892,.T.);
#1911=EDGE_LOOP('',(#1909,#1910));
#1912=FACE_BOUND('',#1911,.F.);
#1913=ADVANCED_FACE('',(#1908,#1912),#1902,.F.);
#1914=CARTESIAN_POINT('',(-2.2E0,0.E0,0.E0));
#1915=DIRECTION('',(-1.E0,0.E0,0.E0));
#1916=DIRECTION('',(0.E0,0.E0,1.E0));
#1917=AXIS2_PLACEMENT_3D('',#1914,#1915,#1916);
#1918=TOROIDAL_SURFACE('',#1917,6.256586132287E0,2.666666666667E-1);
#1920=ORIENTED_EDGE('',*,*,#1919,.T.);
#1922=ORIENTED_EDGE('',*,*,#1921,.T.);
#1923=ORIENTED_EDGE('',*,*,#1903,.F.);
#1925=ORIENTED_EDGE('',*,*,#1924,.F.);
#1926=EDGE_LOOP('',(#1920,#1922,#1923,#1925));
#1927=FACE_OUTER_BOUND('',#1926,.F.);
#1928=ADVANCED_FACE('',(#1927),#1918,.T.);
#1929=CARTESIAN_POINT('',(-2.301755888192E0,0.E0,0.E0));
#1930=DIRECTION('',(1.E0,0.E0,0.E0));
#1931=DIRECTION('',(0.E0,0.E0,-1.E0));
#1932=AXIS2_PLACEMENT_3D('',#1929,#1930,#1931);
#1933=CONICAL_SURFACE('',#1932,6.542149931987E0,4.801278750418E1);
#1934=ORIENTED_EDGE('',*,*,#1919,.F.);
#1936=ORIENTED_EDGE('',*,*,#1935,.T.);
#1938=ORIENTED_EDGE('',*,*,#1937,.F.);
#1940=ORIENTED_EDGE('',*,*,#1939,.F.);
#1941=EDGE_LOOP('',(#1934,#1936,#1938,#1940));
#1942=FACE_OUTER_BOUND('',#1941,.F.);
#1943=ADVANCED_FACE('',(#1942),#1933,.T.);
#1944=CARTESIAN_POINT('',(-2.301755888192E0,0.E0,0.E0));
#1945=DIRECTION('',(1.E0,0.E0,0.E0));
#1946=DIRECTION('',(0.E0,0.E0,-1.E0));
#1947=AXIS2_PLACEMENT_3D('',#1944,#1945,#1946);
#1948=CONICAL_SURFACE('',#1947,6.542149931987E0,4.801278750418E1);
#1949=ORIENTED_EDGE('',*,*,#1939,.T.);
#1951=ORIENTED_EDGE('',*,*,#1950,.F.);
#1952=ORIENTED_EDGE('',*,*,#1935,.F.);
#1954=ORIENTED_EDGE('',*,*,#1953,.F.);
#1955=EDGE_LOOP('',(#1949,#1951,#1952,#1954));
#1956=FACE_OUTER_BOUND('',#1955,.F.);
#1957=ADVANCED_FACE('',(#1956),#1948,.T.);
#1958=CARTESIAN_POINT('',(-2.317163185621E0,0.E0,0.E0));
#1959=DIRECTION('',(-1.E0,0.E0,0.E0));
#1960=DIRECTION('',(0.E0,0.E0,1.E0));
#1961=AXIS2_PLACEMENT_3D('',#1958,#1959,#1960);
#1962=TOROIDAL_SURFACE('',#1961,6.75E0,1.504965189544E-1);
#1963=ORIENTED_EDGE('',*,*,#1950,.T.);
#1965=ORIENTED_EDGE('',*,*,#1964,.T.);
#1967=ORIENTED_EDGE('',*,*,#1966,.F.);
#1969=ORIENTED_EDGE('',*,*,#1968,.F.);
#1970=EDGE_LOOP('',(#1963,#1965,#1967,#1969));
#1971=FACE_OUTER_BOUND('',#1970,.F.);
#1972=ADVANCED_FACE('',(#1971),#1962,.F.);
#1973=CARTESIAN_POINT('',(-2.317163185621E0,0.E0,0.E0));
#1974=DIRECTION('',(-1.E0,0.E0,0.E0));
#1975=DIRECTION('',(0.E0,0.E0,1.E0));
#1976=AXIS2_PLACEMENT_3D('',#1973,#1974,#1975);
#1977=TOROIDAL_SURFACE('',#1976,6.75E0,1.504965189544E-1);
#1978=ORIENTED_EDGE('',*,*,#1968,.T.);
#1980=ORIENTED_EDGE('',*,*,#1979,.F.);
#1981=ORIENTED_EDGE('',*,*,#1964,.F.);
#1982=ORIENTED_EDGE('',*,*,#1937,.T.);
#1983=EDGE_LOOP('',(#1978,#1980,#1981,#1982));
#1984=FACE_OUTER_BOUND('',#1983,.F.);
#1985=ADVANCED_FACE('',(#1984),#1977,.F.);
#1986=CARTESIAN_POINT('',(-2.166666666667E0,6.75E0,0.E0));
#1987=DIRECTION('',(1.E0,0.E0,0.E0));
#1988=DIRECTION('',(0.E0,0.E0,-1.E0));
#1989=AXIS2_PLACEMENT_3D('',#1986,#1987,#1988);
#1990=PLANE('',#1989);
#1992=ORIENTED_EDGE('',*,*,#1991,.T.);
#1994=ORIENTED_EDGE('',*,*,#1993,.T.);
#1995=EDGE_LOOP('',(#1992,#1994));
#1996=FACE_OUTER_BOUND('',#1995,.F.);
#1997=ORIENTED_EDGE('',*,*,#1979,.T.);
#1998=ORIENTED_EDGE('',*,*,#1966,.T.);
#1999=EDGE_LOOP('',(#1997,#1998));
#2000=FACE_BOUND('',#1999,.F.);
#2001=ADVANCED_FACE('',(#1996,#2000),#1990,.F.);
#2002=CARTESIAN_POINT('',(-2.2E0,0.E0,0.E0));
#2003=DIRECTION('',(-1.E0,0.E0,0.E0));
#2004=DIRECTION('',(0.E0,0.E0,1.E0));
#2005=AXIS2_PLACEMENT_3D('',#2002,#2003,#2004);
#2006=TOROIDAL_SURFACE('',#2005,6.833333333333E0,3.333333333333E-2);
#2008=ORIENTED_EDGE('',*,*,#2007,.T.);
#2010=ORIENTED_EDGE('',*,*,#2009,.T.);
#2012=ORIENTED_EDGE('',*,*,#2011,.F.);
#2014=ORIENTED_EDGE('',*,*,#2013,.F.);
#2015=ORIENTED_EDGE('',*,*,#1991,.F.);
#2017=ORIENTED_EDGE('',*,*,#2016,.T.);
#2018=EDGE_LOOP('',(#2008,#2010,#2012,#2014,#2015,#2017));
#2019=FACE_OUTER_BOUND('',#2018,.F.);
#2020=ADVANCED_FACE('',(#2019),#2006,.F.);
#2021=CARTESIAN_POINT('',(-2.2E0,0.E0,0.E0));
#2022=DIRECTION('',(-1.E0,0.E0,0.E0));
#2023=DIRECTION('',(0.E0,0.E0,1.E0));
#2024=AXIS2_PLACEMENT_3D('',#2021,#2022,#2023);
#2025=TOROIDAL_SURFACE('',#2024,6.833333333333E0,3.333333333333E-2);
#2026=ORIENTED_EDGE('',*,*,#1993,.F.);
#2027=ORIENTED_EDGE('',*,*,#2013,.T.);
#2028=ORIENTED_EDGE('',*,*,#2011,.T.);
#2030=ORIENTED_EDGE('',*,*,#2029,.T.);
#2031=ORIENTED_EDGE('',*,*,#2007,.F.);
#2032=ORIENTED_EDGE('',*,*,#2016,.F.);
#2033=EDGE_LOOP('',(#2026,#2027,#2028,#2030,#2031,#2032));
#2034=FACE_OUTER_BOUND('',#2033,.F.);
#2035=ADVANCED_FACE('',(#2034),#2025,.F.);
#2036=CARTESIAN_POINT('',(-2.289508332152E0,0.E0,0.E0));
#2037=DIRECTION('',(1.E0,0.E0,0.E0));
#2038=DIRECTION('',(0.E0,0.E0,-1.E0));
#2039=AXIS2_PLACEMENT_3D('',#2036,#2037,#2038);
#2040=CONICAL_SURFACE('',#2039,6.803716659580E0,3.901324829541E1);
#2042=ORIENTED_EDGE('',*,*,#2041,.F.);
#2044=ORIENTED_EDGE('',*,*,#2043,.T.);
#2045=ORIENTED_EDGE('',*,*,#2029,.F.);
#2047=ORIENTED_EDGE('',*,*,#2046,.F.);
#2048=EDGE_LOOP('',(#2042,#2044,#2045,#2047));
#2049=FACE_OUTER_BOUND('',#2048,.F.);
#2050=ADVANCED_FACE('',(#2049),#2040,.F.);
#2051=CARTESIAN_POINT('',(-2.379016664304E0,0.E0,0.E0));
#2052=DIRECTION('',(-1.E0,0.E0,0.E0));
#2053=DIRECTION('',(0.E0,0.E0,1.E0));
#2054=AXIS2_PLACEMENT_3D('',#2051,#2052,#2053);
#2055=CONICAL_SURFACE('',#2054,6.774099985826E0,5.098675170459E1);
#2057=ORIENTED_EDGE('',*,*,#2056,.F.);
#2059=ORIENTED_EDGE('',*,*,#2058,.F.);
#2060=ORIENTED_EDGE('',*,*,#2041,.T.);
#2062=ORIENTED_EDGE('',*,*,#2061,.T.);
#2063=EDGE_LOOP('',(#2057,#2059,#2060,#2062));
#2064=FACE_OUTER_BOUND('',#2063,.F.);
#2065=ADVANCED_FACE('',(#2064),#2055,.F.);
#2066=CARTESIAN_POINT('',(0.E0,0.E0,0.E0));
#2067=DIRECTION('',(-1.E0,0.E0,0.E0));
#2068=DIRECTION('',(0.E0,0.E0,1.E0));
#2069=AXIS2_PLACEMENT_3D('',#2066,#2067,#2068);
#2070=CYLINDRICAL_SURFACE('',#2069,6.8E0);
#2071=ORIENTED_EDGE('',*,*,#2056,.T.);
#2073=ORIENTED_EDGE('',*,*,#2072,.T.);
#2075=ORIENTED_EDGE('',*,*,#2074,.F.);
#2077=ORIENTED_EDGE('',*,*,#2076,.F.);
#2078=EDGE_LOOP('',(#2071,#2073,#2075,#2077));
#2079=FACE_OUTER_BOUND('',#2078,.F.);
#2080=ADVANCED_FACE('',(#2079),#2070,.F.);
#2081=CARTESIAN_POINT('',(0.E0,0.E0,0.E0));
#2082=DIRECTION('',(-1.E0,0.E0,0.E0));
#2083=DIRECTION('',(0.E0,0.E0,1.E0));
#2084=AXIS2_PLACEMENT_3D('',#2081,#2082,#2083);
#2085=CYLINDRICAL_SURFACE('',#2084,6.8E0);
#2087=ORIENTED_EDGE('',*,*,#2086,.T.);
#2088=ORIENTED_EDGE('',*,*,#2076,.T.);
#2090=ORIENTED_EDGE('',*,*,#2089,.F.);
#2091=ORIENTED_EDGE('',*,*,#2072,.F.);
#2092=EDGE_LOOP('',(#2087,#2088,#2090,#2091));
#2093=FACE_OUTER_BOUND('',#2092,.F.);
#2094=ADVANCED_FACE('',(#2093),#2085,.F.);
#2095=CARTESIAN_POINT('',(-2.379016664304E0,0.E0,0.E0));
#2096=DIRECTION('',(-1.E0,0.E0,0.E0));
#2097=DIRECTION('',(0.E0,0.E0,1.E0));
#2098=AXIS2_PLACEMENT_3D('',#2095,#2096,#2097);
#2099=CONICAL_SURFACE('',#2098,6.774099985826E0,5.098675170459E1);
#2100=ORIENTED_EDGE('',*,*,#2086,.F.);
#2101=ORIENTED_EDGE('',*,*,#2061,.F.);
#2103=ORIENTED_EDGE('',*,*,#2102,.T.);
#2104=ORIENTED_EDGE('',*,*,#2058,.T.);
#2105=EDGE_LOOP('',(#2100,#2101,#2103,#2104));
#2106=FACE_OUTER_BOUND('',#2105,.F.);
#2107=ADVANCED_FACE('',(#2106),#2099,.F.);
#2108=CARTESIAN_POINT('',(-2.289508332152E0,0.E0,0.E0));
#2109=DIRECTION('',(1.E0,0.E0,0.E0));
#2110=DIRECTION('',(0.E0,0.E0,-1.E0));
#2111=AXIS2_PLACEMENT_3D('',#2108,#2109,#2110);
#2112=CONICAL_SURFACE('',#2111,6.803716659580E0,3.901324829541E1);
#2113=ORIENTED_EDGE('',*,*,#2046,.T.);
#2114=ORIENTED_EDGE('',*,*,#2009,.F.);
#2115=ORIENTED_EDGE('',*,*,#2043,.F.);
#2116=ORIENTED_EDGE('',*,*,#2102,.F.);
#2117=EDGE_LOOP('',(#2113,#2114,#2115,#2116));
#2118=FACE_OUTER_BOUND('',#2117,.F.);
#2119=ADVANCED_FACE('',(#2118),#2112,.F.);
#2120=CARTESIAN_POINT('',(-2.5E0,6.8E0,0.E0));
#2121=DIRECTION('',(1.E0,0.E0,0.E0));
#2122=DIRECTION('',(0.E0,0.E0,-1.E0));
#2123=AXIS2_PLACEMENT_3D('',#2120,#2121,#2122);
#2124=PLANE('',#2123);
#2126=ORIENTED_EDGE('',*,*,#2125,.T.);
#2128=ORIENTED_EDGE('',*,*,#2127,.T.);
#2129=EDGE_LOOP('',(#2126,#2128));
#2130=FACE_OUTER_BOUND('',#2129,.F.);
#2131=ORIENTED_EDGE('',*,*,#2089,.T.);
#2132=ORIENTED_EDGE('',*,*,#2074,.T.);
#2133=EDGE_LOOP('',(#2131,#2132));
#2134=FACE_BOUND('',#2133,.F.);
#2135=ADVANCED_FACE('',(#2130,#2134),#2124,.F.);
#2136=CARTESIAN_POINT('',(-2.3E0,0.E0,0.E0));
#2137=DIRECTION('',(-1.E0,0.E0,0.E0));
#2138=DIRECTION('',(0.E0,0.E0,1.E0));
#2139=AXIS2_PLACEMENT_3D('',#2136,#2137,#2138);
#2140=TOROIDAL_SURFACE('',#2139,7.8E0,2.E-1);
#2142=ORIENTED_EDGE('',*,*,#2141,.T.);
#2144=ORIENTED_EDGE('',*,*,#2143,.T.);
#2145=ORIENTED_EDGE('',*,*,#2125,.F.);
#2147=ORIENTED_EDGE('',*,*,#2146,.F.);
#2148=EDGE_LOOP('',(#2142,#2144,#2145,#2147));
#2149=FACE_OUTER_BOUND('',#2148,.F.);
#2150=ADVANCED_FACE('',(#2149),#2140,.T.);
#2151=CARTESIAN_POINT('',(0.E0,0.E0,0.E0));
#2152=DIRECTION('',(-1.E0,0.E0,0.E0));
#2153=DIRECTION('',(0.E0,0.E0,1.E0));
#2154=AXIS2_PLACEMENT_3D('',#2151,#2152,#2153);
#2155=CYLINDRICAL_SURFACE('',#2154,8.E0);
#2157=ORIENTED_EDGE('',*,*,#2156,.F.);
#2159=ORIENTED_EDGE('',*,*,#2158,.T.);
#2160=ORIENTED_EDGE('',*,*,#2141,.F.);
#2162=ORIENTED_EDGE('',*,*,#2161,.F.);
#2163=EDGE_LOOP('',(#2157,#2159,#2160,#2162));
#2164=FACE_OUTER_BOUND('',#2163,.F.);
#2165=ADVANCED_FACE('',(#2164),#2155,.T.);
#2166=CARTESIAN_POINT('',(2.3E0,0.E0,0.E0));
#2167=DIRECTION('',(-1.E0,0.E0,0.E0));
#2168=DIRECTION('',(0.E0,0.E0,1.E0));
#2169=AXIS2_PLACEMENT_3D('',#2166,#2167,#2168);
#2170=TOROIDAL_SURFACE('',#2169,7.8E0,2.E-1);
#2172=ORIENTED_EDGE('',*,*,#2171,.F.);
#2174=ORIENTED_EDGE('',*,*,#2173,.T.);
#2175=ORIENTED_EDGE('',*,*,#2156,.T.);
#2177=ORIENTED_EDGE('',*,*,#2176,.F.);
#2178=EDGE_LOOP('',(#2172,#2174,#2175,#2177));
#2179=FACE_OUTER_BOUND('',#2178,.F.);
#2180=ADVANCED_FACE('',(#2179),#2170,.T.);
#2181=CARTESIAN_POINT('',(2.5E0,7.8E0,0.E0));
#2182=DIRECTION('',(-1.E0,0.E0,0.E0));
#2183=DIRECTION('',(0.E0,0.E0,1.E0));
#2184=AXIS2_PLACEMENT_3D('',#2181,#2182,#2183);
#2185=PLANE('',#2184);
#2186=ORIENTED_EDGE('',*,*,#2171,.T.);
#2188=ORIENTED_EDGE('',*,*,#2187,.T.);
#2189=EDGE_LOOP('',(#2186,#2188));
#2190=FACE_OUTER_BOUND('',#2189,.F.);
#2192=ORIENTED_EDGE('',*,*,#2191,.T.);
#2194=ORIENTED_EDGE('',*,*,#2193,.T.);
#2195=EDGE_LOOP('',(#2192,#2194));
#2196=FACE_BOUND('',#2195,.F.);
#2197=ADVANCED_FACE('',(#2190,#2196),#2185,.F.);
#2198=CARTESIAN_POINT('',(2.3E0,0.E0,0.E0));
#2199=DIRECTION('',(-1.E0,0.E0,0.E0));
#2200=DIRECTION('',(0.E0,0.E0,1.E0));
#2201=AXIS2_PLACEMENT_3D('',#2198,#2199,#2200);
#2202=TOROIDAL_SURFACE('',#2201,7.8E0,2.E-1);
#2203=ORIENTED_EDGE('',*,*,#2176,.T.);
#2205=ORIENTED_EDGE('',*,*,#2204,.T.);
#2206=ORIENTED_EDGE('',*,*,#2173,.F.);
#2207=ORIENTED_EDGE('',*,*,#2187,.F.);
#2208=EDGE_LOOP('',(#2203,#2205,#2206,#2207));
#2209=FACE_OUTER_BOUND('',#2208,.F.);
#2210=ADVANCED_FACE('',(#2209),#2202,.T.);
#2211=CARTESIAN_POINT('',(0.E0,0.E0,0.E0));
#2212=DIRECTION('',(-1.E0,0.E0,0.E0));
#2213=DIRECTION('',(0.E0,0.E0,1.E0));
#2214=AXIS2_PLACEMENT_3D('',#2211,#2212,#2213);
#2215=CYLINDRICAL_SURFACE('',#2214,8.E0);
#2216=ORIENTED_EDGE('',*,*,#2161,.T.);
#2218=ORIENTED_EDGE('',*,*,#2217,.F.);
#2219=ORIENTED_EDGE('',*,*,#2158,.F.);
#2220=ORIENTED_EDGE('',*,*,#2204,.F.);
#2221=EDGE_LOOP('',(#2216,#2218,#2219,#2220));
#2222=FACE_OUTER_BOUND('',#2221,.F.);
#2223=ADVANCED_FACE('',(#2222),#2215,.T.);
#2224=CARTESIAN_POINT('',(-2.3E0,0.E0,0.E0));
#2225=DIRECTION('',(-1.E0,0.E0,0.E0));
#2226=DIRECTION('',(0.E0,0.E0,1.E0));
#2227=AXIS2_PLACEMENT_3D('',#2224,#2225,#2226);
#2228=TOROIDAL_SURFACE('',#2227,7.8E0,2.E-1);
#2229=ORIENTED_EDGE('',*,*,#2146,.T.);
#2230=ORIENTED_EDGE('',*,*,#2127,.F.);
#2231=ORIENTED_EDGE('',*,*,#2143,.F.);
#2232=ORIENTED_EDGE('',*,*,#2217,.T.);
#2233=EDGE_LOOP('',(#2229,#2230,#2231,#2232));
#2234=FACE_OUTER_BOUND('',#2233,.F.);
#2235=ADVANCED_FACE('',(#2234),#2228,.T.);
#2236=CARTESIAN_POINT('',(0.E0,0.E0,0.E0));
#2237=DIRECTION('',(-1.E0,0.E0,0.E0));
#2238=DIRECTION('',(0.E0,0.E0,1.E0));
#2239=AXIS2_PLACEMENT_3D('',#2236,#2237,#2238);
#2240=CYLINDRICAL_SURFACE('',#2239,6.8E0);
#2242=ORIENTED_EDGE('',*,*,#2241,.F.);
#2244=ORIENTED_EDGE('',*,*,#2243,.F.);
#2245=ORIENTED_EDGE('',*,*,#2191,.F.);
#2247=ORIENTED_EDGE('',*,*,#2246,.T.);
#2248=EDGE_LOOP('',(#2242,#2244,#2245,#2247));
#2249=FACE_OUTER_BOUND('',#2248,.F.);
#2250=ADVANCED_FACE('',(#2249),#2240,.F.);
#2251=CARTESIAN_POINT('',(2.379016664304E0,0.E0,0.E0));
#2252=DIRECTION('',(1.E0,0.E0,0.E0));
#2253=DIRECTION('',(0.E0,0.E0,1.E0));
#2254=AXIS2_PLACEMENT_3D('',#2251,#2252,#2253);
#2255=CONICAL_SURFACE('',#2254,6.774099985826E0,5.098675170459E1);
#2256=ORIENTED_EDGE('',*,*,#2241,.T.);
#2258=ORIENTED_EDGE('',*,*,#2257,.F.);
#2260=ORIENTED_EDGE('',*,*,#2259,.F.);
#2262=ORIENTED_EDGE('',*,*,#2261,.T.);
#2263=EDGE_LOOP('',(#2256,#2258,#2260,#2262));
#2264=FACE_OUTER_BOUND('',#2263,.F.);
#2265=ADVANCED_FACE('',(#2264),#2255,.F.);
#2266=CARTESIAN_POINT('',(2.379016664304E0,0.E0,0.E0));
#2267=DIRECTION('',(1.E0,0.E0,0.E0));
#2268=DIRECTION('',(0.E0,0.E0,1.E0));
#2269=AXIS2_PLACEMENT_3D('',#2266,#2267,#2268);
#2270=CONICAL_SURFACE('',#2269,6.774099985826E0,5.098675170459E1);
#2272=ORIENTED_EDGE('',*,*,#2271,.T.);
#2273=ORIENTED_EDGE('',*,*,#2261,.F.);
#2275=ORIENTED_EDGE('',*,*,#2274,.F.);
#2276=ORIENTED_EDGE('',*,*,#2257,.T.);
#2277=EDGE_LOOP('',(#2272,#2273,#2275,#2276));
#2278=FACE_OUTER_BOUND('',#2277,.F.);
#2279=ADVANCED_FACE('',(#2278),#2270,.F.);
#2280=CARTESIAN_POINT('',(0.E0,0.E0,0.E0));
#2281=DIRECTION('',(-1.E0,0.E0,0.E0));
#2282=DIRECTION('',(0.E0,0.E0,1.E0));
#2283=AXIS2_PLACEMENT_3D('',#2280,#2281,#2282);
#2284=CYLINDRICAL_SURFACE('',#2283,6.8E0);
#2285=ORIENTED_EDGE('',*,*,#2271,.F.);
#2286=ORIENTED_EDGE('',*,*,#2246,.F.);
#2287=ORIENTED_EDGE('',*,*,#2193,.F.);
#2288=ORIENTED_EDGE('',*,*,#2243,.T.);
#2289=EDGE_LOOP('',(#2285,#2286,#2287,#2288));
#2290=FACE_OUTER_BOUND('',#2289,.F.);
#2291=ADVANCED_FACE('',(#2290),#2284,.F.);
#2292=CARTESIAN_POINT('',(2.289508332152E0,0.E0,0.E0));
#2293=DIRECTION('',(-1.E0,0.E0,0.E0));
#2294=DIRECTION('',(0.E0,0.E0,-1.E0));
#2295=AXIS2_PLACEMENT_3D('',#2292,#2293,#2294);
#2296=CONICAL_SURFACE('',#2295,6.803716659580E0,3.901324829541E1);
#2298=ORIENTED_EDGE('',*,*,#2297,.T.);
#2300=ORIENTED_EDGE('',*,*,#2299,.F.);
#2302=ORIENTED_EDGE('',*,*,#2301,.F.);
#2303=ORIENTED_EDGE('',*,*,#2274,.T.);
#2304=EDGE_LOOP('',(#2298,#2300,#2302,#2303));
#2305=FACE_OUTER_BOUND('',#2304,.F.);
#2306=ADVANCED_FACE('',(#2305),#2296,.F.);
#2307=CARTESIAN_POINT('',(2.289508332152E0,0.E0,0.E0));
#2308=DIRECTION('',(-1.E0,0.E0,0.E0));
#2309=DIRECTION('',(0.E0,0.E0,-1.E0));
#2310=AXIS2_PLACEMENT_3D('',#2307,#2308,#2309);
#2311=CONICAL_SURFACE('',#2310,6.803716659580E0,3.901324829541E1);
#2312=ORIENTED_EDGE('',*,*,#2259,.T.);
#2313=ORIENTED_EDGE('',*,*,#2301,.T.);
#2315=ORIENTED_EDGE('',*,*,#2314,.F.);
#2316=ORIENTED_EDGE('',*,*,#2297,.F.);
#2317=EDGE_LOOP('',(#2312,#2313,#2315,#2316));
#2318=FACE_OUTER_BOUND('',#2317,.F.);
#2319=ADVANCED_FACE('',(#2318),#2311,.F.);
#2320=CARTESIAN_POINT('',(2.2E0,0.E0,0.E0));
#2321=DIRECTION('',(1.E0,0.E0,0.E0));
#2322=DIRECTION('',(0.E0,0.E0,1.E0));
#2323=AXIS2_PLACEMENT_3D('',#2320,#2321,#2322);
#2324=TOROIDAL_SURFACE('',#2323,6.833333333333E0,3.333333333333E-2);
#2326=ORIENTED_EDGE('',*,*,#2325,.F.);
#2328=ORIENTED_EDGE('',*,*,#2327,.T.);
#2329=ORIENTED_EDGE('',*,*,#2314,.T.);
#2331=ORIENTED_EDGE('',*,*,#2330,.T.);
#2332=EDGE_LOOP('',(#2326,#2328,#2329,#2331));
#2333=FACE_OUTER_BOUND('',#2332,.F.);
#2334=ADVANCED_FACE('',(#2333),#2324,.F.);
#2335=CARTESIAN_POINT('',(2.166666666667E0,6.75E0,0.E0));
#2336=DIRECTION('',(-1.E0,0.E0,0.E0));
#2337=DIRECTION('',(0.E0,0.E0,-1.E0));
#2338=AXIS2_PLACEMENT_3D('',#2335,#2336,#2337);
#2339=PLANE('',#2338);
#2340=ORIENTED_EDGE('',*,*,#2325,.T.);
#2342=ORIENTED_EDGE('',*,*,#2341,.T.);
#2343=EDGE_LOOP('',(#2340,#2342));
#2344=FACE_OUTER_BOUND('',#2343,.F.);
#2346=ORIENTED_EDGE('',*,*,#2345,.T.);
#2348=ORIENTED_EDGE('',*,*,#2347,.T.);
#2349=EDGE_LOOP('',(#2346,#2348));
#2350=FACE_BOUND('',#2349,.F.);
#2351=ADVANCED_FACE('',(#2344,#2350),#2339,.F.);
#2352=CARTESIAN_POINT('',(2.2E0,0.E0,0.E0));
#2353=DIRECTION('',(1.E0,0.E0,0.E0));
#2354=DIRECTION('',(0.E0,0.E0,1.E0));
#2355=AXIS2_PLACEMENT_3D('',#2352,#2353,#2354);
#2356=TOROIDAL_SURFACE('',#2355,6.833333333333E0,3.333333333333E-2);
#2357=ORIENTED_EDGE('',*,*,#2330,.F.);
#2358=ORIENTED_EDGE('',*,*,#2299,.T.);
#2359=ORIENTED_EDGE('',*,*,#2327,.F.);
#2360=ORIENTED_EDGE('',*,*,#2341,.F.);
#2361=EDGE_LOOP('',(#2357,#2358,#2359,#2360));
#2362=FACE_OUTER_BOUND('',#2361,.F.);
#2363=ADVANCED_FACE('',(#2362),#2356,.F.);
#2364=CARTESIAN_POINT('',(2.317163185621E0,0.E0,0.E0));
#2365=DIRECTION('',(1.E0,0.E0,0.E0));
#2366=DIRECTION('',(0.E0,0.E0,1.E0));
#2367=AXIS2_PLACEMENT_3D('',#2364,#2365,#2366);
#2368=TOROIDAL_SURFACE('',#2367,6.75E0,1.504965189544E-1);
#2370=ORIENTED_EDGE('',*,*,#2369,.T.);
#2372=ORIENTED_EDGE('',*,*,#2371,.T.);
#2373=ORIENTED_EDGE('',*,*,#2345,.F.);
#2375=ORIENTED_EDGE('',*,*,#2374,.F.);
#2376=EDGE_LOOP('',(#2370,#2372,#2373,#2375));
#2377=FACE_OUTER_BOUND('',#2376,.F.);
#2378=ADVANCED_FACE('',(#2377),#2368,.F.);
#2379=CARTESIAN_POINT('',(2.301755888192E0,0.E0,0.E0));
#2380=DIRECTION('',(-1.E0,0.E0,0.E0));
#2381=DIRECTION('',(0.E0,0.E0,-1.E0));
#2382=AXIS2_PLACEMENT_3D('',#2379,#2380,#2381);
#2383=CONICAL_SURFACE('',#2382,6.542149931987E0,4.801278750418E1);
#2385=ORIENTED_EDGE('',*,*,#2384,.T.);
#2386=ORIENTED_EDGE('',*,*,#2369,.F.);
#2388=ORIENTED_EDGE('',*,*,#2387,.F.);
#2390=ORIENTED_EDGE('',*,*,#2389,.F.);
#2391=EDGE_LOOP('',(#2385,#2386,#2388,#2390));
#2392=FACE_OUTER_BOUND('',#2391,.F.);
#2393=ADVANCED_FACE('',(#2392),#2383,.T.);
#2394=CARTESIAN_POINT('',(2.301755888192E0,0.E0,0.E0));
#2395=DIRECTION('',(-1.E0,0.E0,0.E0));
#2396=DIRECTION('',(0.E0,0.E0,-1.E0));
#2397=AXIS2_PLACEMENT_3D('',#2394,#2395,#2396);
#2398=CONICAL_SURFACE('',#2397,6.542149931987E0,4.801278750418E1);
#2400=ORIENTED_EDGE('',*,*,#2399,.F.);
#2401=ORIENTED_EDGE('',*,*,#2387,.T.);
#2403=ORIENTED_EDGE('',*,*,#2402,.F.);
#2404=ORIENTED_EDGE('',*,*,#2384,.F.);
#2405=EDGE_LOOP('',(#2400,#2401,#2403,#2404));
#2406=FACE_OUTER_BOUND('',#2405,.F.);
#2407=ADVANCED_FACE('',(#2406),#2398,.T.);
#2408=CARTESIAN_POINT('',(2.2E0,0.E0,0.E0));
#2409=DIRECTION('',(1.E0,0.E0,0.E0));
#2410=DIRECTION('',(0.E0,0.E0,1.E0));
#2411=AXIS2_PLACEMENT_3D('',#2408,#2409,#2410);
#2412=TOROIDAL_SURFACE('',#2411,6.256586132287E0,2.666666666667E-1);
#2413=ORIENTED_EDGE('',*,*,#2399,.T.);
#2415=ORIENTED_EDGE('',*,*,#2414,.T.);
#2417=ORIENTED_EDGE('',*,*,#2416,.F.);
#2419=ORIENTED_EDGE('',*,*,#2418,.F.);
#2420=EDGE_LOOP('',(#2413,#2415,#2417,#2419));
#2421=FACE_OUTER_BOUND('',#2420,.F.);
#2422=ADVANCED_FACE('',(#2421),#2412,.T.);
#2423=CARTESIAN_POINT('',(2.2E0,0.E0,0.E0));
#2424=DIRECTION('',(1.E0,0.E0,0.E0));
#2425=DIRECTION('',(0.E0,0.E0,1.E0));
#2426=AXIS2_PLACEMENT_3D('',#2423,#2424,#2425);
#2427=TOROIDAL_SURFACE('',#2426,6.256586132287E0,2.666666666667E-1);
#2428=ORIENTED_EDGE('',*,*,#2418,.T.);
#2430=ORIENTED_EDGE('',*,*,#2429,.F.);
#2431=ORIENTED_EDGE('',*,*,#2414,.F.);
#2432=ORIENTED_EDGE('',*,*,#2389,.T.);
#2433=EDGE_LOOP('',(#2428,#2430,#2431,#2432));
#2434=FACE_OUTER_BOUND('',#2433,.F.);
#2435=ADVANCED_FACE('',(#2434),#2427,.T.);
#2436=CARTESIAN_POINT('',(2.466666666667E0,6.256586132287E0,0.E0));
#2437=DIRECTION('',(-1.E0,0.E0,0.E0));
#2438=DIRECTION('',(0.E0,0.E0,-1.E0));
#2439=AXIS2_PLACEMENT_3D('',#2436,#2437,#2438);
#2440=PLANE('',#2439);
#2441=ORIENTED_EDGE('',*,*,#2429,.T.);
#2442=ORIENTED_EDGE('',*,*,#2416,.T.);
#2443=EDGE_LOOP('',(#2441,#2442));
#2444=FACE_OUTER_BOUND('',#2443,.F.);
#2446=ORIENTED_EDGE('',*,*,#2445,.T.);
#2448=ORIENTED_EDGE('',*,*,#2447,.T.);
#2449=EDGE_LOOP('',(#2446,#2448));
#2450=FACE_BOUND('',#2449,.F.);
#2451=ADVANCED_FACE('',(#2444,#2450),#2440,.F.);
#2452=CARTESIAN_POINT('',(0.E0,0.E0,0.E0));
#2453=DIRECTION('',(1.E0,0.E0,0.E0));
#2454=DIRECTION('',(0.E0,0.E0,1.E0));
#2455=AXIS2_PLACEMENT_3D('',#2452,#2453,#2454);
#2456=CYLINDRICAL_SURFACE('',#2455,5.2E0);
#2458=ORIENTED_EDGE('',*,*,#2457,.F.);
#2460=ORIENTED_EDGE('',*,*,#2459,.T.);
#2461=ORIENTED_EDGE('',*,*,#2445,.F.);
#2463=ORIENTED_EDGE('',*,*,#2462,.F.);
#2464=EDGE_LOOP('',(#2458,#2460,#2461,#2463));
#2465=FACE_OUTER_BOUND('',#2464,.F.);
#2466=ADVANCED_FACE('',(#2465),#2456,.F.);
#2467=CARTESIAN_POINT('',(2.4E0,6.256586132287E0,0.E0));
#2468=DIRECTION('',(-1.E0,0.E0,0.E0));
#2469=DIRECTION('',(0.E0,0.E0,-1.E0));
#2470=AXIS2_PLACEMENT_3D('',#2467,#2468,#2469);
#2471=PLANE('',#2470);
#2472=ORIENTED_EDGE('',*,*,#1604,.T.);
#2473=ORIENTED_EDGE('',*,*,#1587,.T.);
#2474=EDGE_LOOP('',(#2472,#2473));
#2475=FACE_OUTER_BOUND('',#2474,.F.);
#2476=ORIENTED_EDGE('',*,*,#2457,.T.);
#2478=ORIENTED_EDGE('',*,*,#2477,.T.);
#2479=EDGE_LOOP('',(#2476,#2478));
#2480=FACE_BOUND('',#2479,.F.);
#2481=ADVANCED_FACE('',(#2475,#2480),#2471,.T.);
#2482=CARTESIAN_POINT('',(0.E0,0.E0,0.E0));
#2483=DIRECTION('',(1.E0,0.E0,0.E0));
#2484=DIRECTION('',(0.E0,0.E0,1.E0));
#2485=AXIS2_PLACEMENT_3D('',#2482,#2483,#2484);
#2486=CYLINDRICAL_SURFACE('',#2485,5.2E0);
#2487=ORIENTED_EDGE('',*,*,#2462,.T.);
#2488=ORIENTED_EDGE('',*,*,#2447,.F.);
#2489=ORIENTED_EDGE('',*,*,#2459,.F.);
#2490=ORIENTED_EDGE('',*,*,#2477,.F.);
#2491=EDGE_LOOP('',(#2487,#2488,#2489,#2490));
#2492=FACE_OUTER_BOUND('',#2491,.F.);
#2493=ADVANCED_FACE('',(#2492),#2486,.F.);
#2494=CARTESIAN_POINT('',(2.317163185621E0,0.E0,0.E0));
#2495=DIRECTION('',(1.E0,0.E0,0.E0));
#2496=DIRECTION('',(0.E0,0.E0,1.E0));
#2497=AXIS2_PLACEMENT_3D('',#2494,#2495,#2496);
#2498=TOROIDAL_SURFACE('',#2497,6.75E0,1.504965189544E-1);
#2499=ORIENTED_EDGE('',*,*,#2374,.T.);
#2500=ORIENTED_EDGE('',*,*,#2347,.F.);
#2501=ORIENTED_EDGE('',*,*,#2371,.F.);
#2502=ORIENTED_EDGE('',*,*,#2402,.T.);
#2503=EDGE_LOOP('',(#2499,#2500,#2501,#2502));
#2504=FACE_OUTER_BOUND('',#2503,.F.);
#2505=ADVANCED_FACE('',(#2504),#2498,.F.);
#2506=CARTESIAN_POINT('',(-2.2E0,0.E0,0.E0));
#2507=DIRECTION('',(-1.E0,0.E0,0.E0));
#2508=DIRECTION('',(0.E0,0.E0,1.E0));
#2509=AXIS2_PLACEMENT_3D('',#2506,#2507,#2508);
#2510=TOROIDAL_SURFACE('',#2509,6.256586132287E0,2.666666666667E-1);
#2511=ORIENTED_EDGE('',*,*,#1924,.T.);
#2512=ORIENTED_EDGE('',*,*,#1905,.F.);
#2513=ORIENTED_EDGE('',*,*,#1921,.F.);
#2514=ORIENTED_EDGE('',*,*,#1953,.T.);
#2515=EDGE_LOOP('',(#2511,#2512,#2513,#2514));
#2516=FACE_OUTER_BOUND('',#2515,.F.);
#2517=ADVANCED_FACE('',(#2516),#2510,.T.);
#2518=CARTESIAN_POINT('',(-2.252202945109E0,0.E0,0.E0));
#2519=DIRECTION('',(1.E0,0.E0,0.E0));
#2520=DIRECTION('',(0.E0,0.E0,-1.E0));
#2521=AXIS2_PLACEMENT_3D('',#2518,#2519,#2520);
#2522=CONICAL_SURFACE('',#2521,6.497552283212E0,4.801278750418E1);
#2523=ORIENTED_EDGE('',*,*,#1820,.T.);
#2524=ORIENTED_EDGE('',*,*,#1790,.F.);
#2525=ORIENTED_EDGE('',*,*,#1817,.F.);
#2526=ORIENTED_EDGE('',*,*,#1849,.F.);
#2527=EDGE_LOOP('',(#2523,#2524,#2525,#2526));
#2528=FACE_OUTER_BOUND('',#2527,.F.);
#2529=ADVANCED_FACE('',(#2528),#2522,.F.);
#2530=CLOSED_SHELL('',(#1595,#1609,#1624,#1637,#1652,#1669,#1681,#1696,#1709,
#1724,#1737,#1752,#1765,#1781,#1796,#1809,#1824,#1839,#1853,#1869,#1884,#1897,
#1913,#1928,#1943,#1957,#1972,#1985,#2001,#2020,#2035,#2050,#2065,#2080,#2094,
#2107,#2119,#2135,#2150,#2165,#2180,#2197,#2210,#2223,#2235,#2250,#2265,#2279,
#2291,#2306,#2319,#2334,#2351,#2363,#2378,#2393,#2407,#2422,#2435,#2451,#2466,
#2481,#2493,#2505,#2517,#2529));
#2531=MANIFOLD_SOLID_BREP('',#2530);
#2533=DIMENSIONAL_EXPONENTS(0.E0,0.E0,0.E0,0.E0,0.E0,0.E0,0.E0);
#2535=PLANE_ANGLE_MEASURE_WITH_UNIT(PLANE_ANGLE_MEASURE(1.745329251994E-2),
#2534);
#2536=(CONVERSION_BASED_UNIT('DEGREE',#2535)NAMED_UNIT(*)PLANE_ANGLE_UNIT());
#2538=UNCERTAINTY_MEASURE_WITH_UNIT(LENGTH_MEASURE(5.E-3),#2532,'closure',
'Maximum model space distance between geometric entities at asserted connectivities');
#2539=(GEOMETRIC_REPRESENTATION_CONTEXT(3)GLOBAL_UNCERTAINTY_ASSIGNED_CONTEXT((
#2538))GLOBAL_UNIT_ASSIGNED_CONTEXT((#2532,#2536,#2537))REPRESENTATION_CONTEXT(
'ID1','3'));
#2541=APPLICATION_CONTEXT(
'CONFIGURATION CONTROLLED 3D DESIGNS OF MECHANICAL PARTS AND ASSEMBLIES');
#2542=APPLICATION_PROTOCOL_DEFINITION('international standard',
'config_control_design',1994,#2541);
#2543=DESIGN_CONTEXT('',#2541,'design');
#2544=MECHANICAL_CONTEXT('',#2541,'mechanical');
#2545=PRODUCT('688ZZ-EA026','688ZZ-EA026','NOT SPECIFIED',(#2544));
#2546=PRODUCT_DEFINITION_FORMATION_WITH_SPECIFIED_SOURCE('1','LAST_VERSION',
#2545,.MADE.);
#2550=PRODUCT_CATEGORY('part','');
#2551=PRODUCT_RELATED_PRODUCT_CATEGORY('detail','',(#2545));
#2552=PRODUCT_CATEGORY_RELATIONSHIP('','',#2550,#2551);
#2553=SECURITY_CLASSIFICATION_LEVEL('unclassified');
#2554=SECURITY_CLASSIFICATION('','',#2553);
#2555=CC_DESIGN_SECURITY_CLASSIFICATION(#2554,(#2546));
#2556=APPROVAL_STATUS('approved');
#2557=APPROVAL(#2556,'');
#2558=CC_DESIGN_APPROVAL(#2557,(#2554,#2546,#2547));
#2559=CALENDAR_DATE(125,19,12);
#2560=COORDINATED_UNIVERSAL_TIME_OFFSET(8,0,.AHEAD.);
#2561=LOCAL_TIME(16,39,2.7E1,#2560);
#2562=DATE_AND_TIME(#2559,#2561);
#2563=APPROVAL_DATE_TIME(#2562,#2557);
#2564=DATE_TIME_ROLE('creation_date');
#2565=CC_DESIGN_DATE_AND_TIME_ASSIGNMENT(#2562,#2564,(#2547));
#2566=DATE_TIME_ROLE('classification_date');
#2567=CC_DESIGN_DATE_AND_TIME_ASSIGNMENT(#2562,#2566,(#2554));
#2568=PERSON('UNSPECIFIED','UNSPECIFIED',$,$,$,$);
#2569=ORGANIZATION('UNSPECIFIED','UNSPECIFIED','UNSPECIFIED');
#2570=PERSON_AND_ORGANIZATION(#2568,#2569);
#2571=APPROVAL_ROLE('approver');
#2572=APPROVAL_PERSON_ORGANIZATION(#2570,#2557,#2571);
#2573=PERSON_AND_ORGANIZATION_ROLE('creator');
#2574=CC_DESIGN_PERSON_AND_ORGANIZATION_ASSIGNMENT(#2570,#2573,(#2546,#2547));
#2575=PERSON_AND_ORGANIZATION_ROLE('design_supplier');
#2576=CC_DESIGN_PERSON_AND_ORGANIZATION_ASSIGNMENT(#2570,#2575,(#2546));
#2577=PERSON_AND_ORGANIZATION_ROLE('classification_officer');
#2578=CC_DESIGN_PERSON_AND_ORGANIZATION_ASSIGNMENT(#2570,#2577,(#2554));
#2579=PERSON_AND_ORGANIZATION_ROLE('design_owner');
#2580=CC_DESIGN_PERSON_AND_ORGANIZATION_ASSIGNMENT(#2570,#2579,(#2545));
#1=DRAUGHTING_PRE_DEFINED_COLOUR('black');
#2=COLOUR_RGB('',0.E0,0.E0,4.7E-1);
#3=COLOUR_RGB('',0.E0,0.E0,6.E-1);
#4=COLOUR_RGB('',0.E0,0.E0,8.E-1);
#5=COLOUR_RGB('',0.E0,2.745098039216E-2,7.019607843137E-1);
#6=COLOUR_RGB('',0.E0,3.137254901961E-2,3.411764705882E-1);
#7=COLOUR_RGB('',0.E0,2.E-1,1.E0);
#8=COLOUR_RGB('',0.E0,3.3E-1,0.E0);
#9=COLOUR_RGB('',0.E0,3.3E-1,3.3E-1);
#10=COLOUR_RGB('',0.E0,4.E-1,0.E0);
#11=COLOUR_RGB('',0.E0,4.E-1,4.E-1);
#12=COLOUR_RGB('',0.E0,4.E-1,1.E0);
#13=COLOUR_RGB('',0.E0,5.019607843137E-1,5.019607843137E-1);
#14=COLOUR_RGB('',0.E0,6.E-1,0.E0);
#15=COLOUR_RGB('',0.E0,6.E-1,6.E-1);
#16=COLOUR_RGB('',0.E0,6.E-1,1.E0);
#17=COLOUR_RGB('',0.E0,8.E-1,0.E0);
#18=COLOUR_RGB('',0.E0,8.E-1,8.E-1);
#19=COLOUR_RGB('',0.E0,8.E-1,1.E0);
#20=COLOUR_RGB('',0.E0,9.3E-1,0.E0);
#21=COLOUR_RGB('',0.E0,9.3E-1,9.3E-1);
#22=DRAUGHTING_PRE_DEFINED_COLOUR('green');
#23=COLOUR_RGB('',0.E0,1.E0,2.E-1);
#24=COLOUR_RGB('',0.E0,1.E0,4.E-1);
#25=COLOUR_RGB('',0.E0,1.E0,6.E-1);
#26=COLOUR_RGB('',0.E0,1.E0,8.E-1);
#27=DRAUGHTING_PRE_DEFINED_COLOUR('cyan');
#28=COLOUR_RGB('',3.1E-2,2.E-1,6.27E-1);
#29=COLOUR_RGB('',3.529411764706E-2,5.137254901961E-1,1.725490196078E-1);
#30=COLOUR_RGB('',6.6667E-2,5.17647E-1,6.39216E-1);
#31=COLOUR_RGB('',7.E-2,7.E-2,1.E0);
#32=COLOUR_RGB('',7.E-2,6.E-1,3.E-1);
#33=COLOUR_RGB('',8.E-2,1.E-1,1.1E-1);
#34=COLOUR_RGB('',9.803921568627E-2,9.803921568627E-2,4.392156862745E-1);
#35=COLOUR_RGB('',1.019607843137E-1,6.313725490196E-1,5.019607843137E-1);
#36=COLOUR_RGB('',1.176470588235E-1,5.647058823529E-1,1.E0);
#37=COLOUR_RGB('',1.254901960784E-1,6.980392156863E-1,6.666666666667E-1);
#38=COLOUR_RGB('',1.333333333333E-1,5.450980392157E-1,1.333333333333E-1);
#39=COLOUR_RGB('',1.450980392157E-1,3.529411764706E-2,0.E0);
#40=COLOUR_RGB('',1.686274509804E-1,1.686274509804E-1,1.803921568627E-1);
#41=COLOUR_RGB('',1.803921568627E-1,5.450980392157E-1,3.411764705882E-1);
#42=COLOUR_RGB('',1.9E-1,2.3E-1,3.1E-1);
#43=COLOUR_RGB('',1.960784313725E-1,8.039215686275E-1,1.960784313725E-1);
#44=COLOUR_RGB('',2.E-1,1.E0,0.E0);
#45=COLOUR_RGB('',2.E-1,1.E0,2.E-1);
#46=COLOUR_RGB('',2.E-1,1.E0,1.E0);
#47=COLOUR_RGB('',2.313725490196E-1,3.803921568627E-1,5.607843137255E-1);
#48=COLOUR_RGB('',2.352941176471E-1,7.019607843137E-1,4.431372549020E-1);
#49=COLOUR_RGB('',2.431372549020E-1,8.784313725490E-1,8.156862745098E-1);
#50=COLOUR_RGB('',2.470588235294E-1,5.921568627451E-1,6.313725490196E-1);
#51=COLOUR_RGB('',2.5098E-1,2.35294E-1,8.62745E-1);
#52=COLOUR_RGB('',2.549019607843E-1,4.117647058824E-1,1.E0);
#53=COLOUR_RGB('',2.58824E-1,7.80392E-1,8.86275E-1);
#54=COLOUR_RGB('',2.7E-1,0.E0,4.E-1);
#55=COLOUR_RGB('',2.7E-1,2.7E-1,0.E0);
#56=COLOUR_RGB('',2.7E-1,2.7E-1,1.E0);
#57=COLOUR_RGB('',2.745098039216E-1,5.098039215686E-1,7.058823529412E-1);
#58=COLOUR_RGB('',2.784313725490E-1,2.784313725490E-1,2.784313725490E-1);
#59=COLOUR_RGB('',2.823529411765E-1,2.392156862745E-1,5.450980392157E-1);
#60=COLOUR_RGB('',3.13725E-1,4.70588E-1,1.96078E-1);
#61=COLOUR_RGB('',3.2549E-1,4.98039E-1,9.84314E-1);
#62=COLOUR_RGB('',3.254901960784E-1,5.764705882353E-1,8.117647058824E-1);
#63=COLOUR_RGB('',3.3E-1,0.E0,0.E0);
#64=COLOUR_RGB('',3.3E-1,0.E0,3.3E-1);
#65=COLOUR_RGB('',3.3E-1,0.E0,5.3E-1);
#66=COLOUR_RGB('',3.450980392157E-1,3.647058823529E-1,3.725490196078E-1);
#67=COLOUR_RGB('',3.725490196078E-1,6.196078431373E-1,6.274509803922E-1);
#68=COLOUR_RGB('',3.803921568627E-1,4.392156862745E-1,5.960784313725E-1);
#69=COLOUR_RGB('',3.882352941176E-1,4.392156862745E-1,4.901960784314E-1);
#70=COLOUR_RGB('',3.921568627451E-1,5.843137254902E-1,9.294117647059E-1);
#71=COLOUR_RGB('',3.96078E-1,7.13725E-1,1.E0);
#72=COLOUR_RGB('',4.E-1,0.E0,4.E-1);
#73=COLOUR_RGB('',4.E-1,0.E0,6.7E-1);
#74=COLOUR_RGB('',4.E-1,1.3E-1,0.E0);
#75=COLOUR_RGB('',4.E-1,4.E-1,0.E0);
#76=COLOUR_RGB('',4.E-1,4.E-1,1.E0);
#77=COLOUR_RGB('',4.E-1,8.039215686275E-1,6.666666666667E-1);
#78=COLOUR_RGB('',4.E-1,1.E0,0.E0);
#79=COLOUR_RGB('',4.E-1,1.E0,4.E-1);
#80=COLOUR_RGB('',4.E-1,1.E0,1.E0);
#81=COLOUR_RGB('',4.156862745098E-1,3.529411764706E-1,8.039215686275E-1);
#82=COLOUR_RGB('',4.196078431373E-1,5.568627450980E-1,1.372549019608E-1);
#83=COLOUR_RGB('',4.666666666667E-1,5.333333333333E-1,6.E-1);
#84=COLOUR_RGB('',4.7E-1,0.E0,0.E0);
#85=COLOUR_RGB('',4.7E-1,0.E0,8.E-1);
#86=COLOUR_RGB('',4.7E-1,2.E-1,7.E-2);
#87=COLOUR_RGB('',4.823529411765E-1,4.078431372549E-1,9.333333333333E-1);
#88=COLOUR_RGB('',4.980392156863E-1,1.E0,8.313725490196E-1);
#89=COLOUR_RGB('',5.019607843137E-1,0.E0,5.019607843137E-1);
#90=COLOUR_RGB('',5.019607843137E-1,5.019607843137E-1,0.E0);
#91=COLOUR_RGB('',5.01961E-1,5.01961E-1,5.01961E-1);
#92=COLOUR_RGB('',5.098039215686E-1,3.960784313725E-1,1.058823529412E-1);
#93=COLOUR_RGB('',5.3E-1,0.E0,9.3E-1);
#94=COLOUR_RGB('',5.3E-1,2.7E-1,1.3E-1);
#95=COLOUR_RGB('',5.3E-1,5.3E-1,1.E0);
#96=COLOUR_RGB('',5.294117647059E-1,8.078431372549E-1,9.215686274510E-1);
#97=COLOUR_RGB('',5.411764705882E-1,1.686274509804E-1,8.862745098039E-1);
#98=COLOUR_RGB('',5.5E-1,6.5E-1,7.3E-1);
#99=COLOUR_RGB('',5.607843137255E-1,7.372549019608E-1,5.607843137255E-1);
#100=COLOUR_RGB('',5.68627E-1,9.37255E-1,9.37255E-1);
#101=COLOUR_RGB('',5.725490196078E-1,6.117647058824E-1,6.313725490196E-1);
#102=COLOUR_RGB('',5.764705882353E-1,4.392156862745E-1,8.588235294118E-1);
#103=COLOUR_RGB('',5.803921568627E-1,0.E0,8.274509803922E-1);
#104=COLOUR_RGB('',5.88235E-1,2.35294E-1,1.56863E-1);
#105=COLOUR_RGB('',6.E-1,0.E0,6.E-1);
#106=COLOUR_RGB('',6.E-1,1.960784313725E-1,8.E-1);
#107=COLOUR_RGB('',6.E-1,2.E-1,1.E0);
#108=COLOUR_RGB('',6.E-1,3.3E-1,2.E-1);
#109=COLOUR_RGB('',6.E-1,6.E-1,0.E0);
#110=COLOUR_RGB('',6.E-1,1.E0,6.E-1);
#111=COLOUR_RGB('',6.E-1,1.E0,1.E0);
#112=COLOUR_RGB('',6.27451E-1,4.70588E-1,3.52941E-1);
#113=COLOUR_RGB('',6.627450980392E-1,6.627450980392E-1,6.627450980392E-1);
#114=COLOUR_RGB('',6.66667E-1,8.23529E-1,1.96078E-1);
#115=COLOUR_RGB('',6.66667E-1,8.23529E-1,5.88235E-1);
#116=COLOUR_RGB('',6.7E-1,0.E0,0.E0);
#117=COLOUR_RGB('',6.7E-1,4.E-1,2.7E-1);
#118=COLOUR_RGB('',6.7E-1,4.E-1,1.E0);
#119=COLOUR_RGB('',6.7E-1,6.7E-1,1.E0);
#120=COLOUR_RGB('',6.7E-1,1.E0,0.E0);
#121=COLOUR_RGB('',6.784313725490E-1,8.117647058824E-1,1.E0);
#122=COLOUR_RGB('',6.784313725490E-1,8.470588235294E-1,9.019607843137E-1);
#123=COLOUR_RGB('',6.784313725490E-1,1.E0,1.843137254902E-1);
#124=COLOUR_RGB('',6.862745098039E-1,6.823529411765E-1,7.607843137255E-1);
#125=COLOUR_RGB('',6.980392156863E-1,1.333333333333E-1,1.333333333333E-1);
#126=COLOUR_RGB('',7.17647E-1,1.68627E-1,4.43137E-1);
#127=COLOUR_RGB('',7.215686274510E-1,5.254901960784E-1,4.313725490196E-2);
#128=COLOUR_RGB('',7.294117647059E-1,2.705882352941E-1,1.E0);
#129=COLOUR_RGB('',7.294117647059E-1,3.333333333333E-1,8.274509803922E-1);
#130=COLOUR_RGB('',7.294117647059E-1,4.E-1,0.E0);
#131=COLOUR_RGB('',7.3E-1,4.7E-1,3.3E-1);
#132=COLOUR_RGB('',7.372549019608E-1,5.607843137255E-1,5.607843137255E-1);
#133=COLOUR_RGB('',7.411764705882E-1,7.176470588235E-1,4.196078431373E-1);
#134=COLOUR_RGB('',7.803921568627E-1,8.235294117647E-2,5.215686274510E-1);
#135=COLOUR_RGB('',8.E-1,0.E0,8.E-1);
#136=COLOUR_RGB('',8.E-1,5.3E-1,4.E-1);
#137=COLOUR_RGB('',8.E-1,6.E-1,1.E0);
#138=COLOUR_RGB('',8.E-1,8.E-1,0.E0);
#139=COLOUR_RGB('',8.E-1,8.E-1,1.E0);
#140=COLOUR_RGB('',8.E-1,1.E0,8.E-1);
#141=COLOUR_RGB('',8.E-1,1.E0,1.E0);
#142=COLOUR_RGB('',8.039215686275E-1,3.607843137255E-1,3.607843137255E-1);
#143=COLOUR_RGB('',8.03922E-1,5.88235E-1,1.96078E-1);
#144=COLOUR_RGB('',8.196078431373E-1,7.098039215686E-1,5.490196078431E-2);
#145=COLOUR_RGB('',8.235294117647E-1,4.117647058824E-1,1.176470588235E-1);
#146=COLOUR_RGB('',8.235294117647E-1,7.058823529412E-1,5.490196078431E-1);
#147=COLOUR_RGB('',8.274509803922E-1,8.274509803922E-1,8.274509803922E-1);
#148=COLOUR_RGB('',8.392156862745E-1,8.E-1,7.137254901961E-1);
#149=COLOUR_RGB('',8.431372549020E-1,8.980392156863E-1,9.333333333333E-1);
#150=COLOUR_RGB('',8.549019607843E-1,6.470588235294E-1,1.254901960784E-1);
#151=COLOUR_RGB('',8.588235294118E-1,4.392156862745E-1,5.764705882353E-1);
#152=COLOUR_RGB('',8.627450980392E-1,7.843137254902E-2,2.352941176471E-1);
#153=COLOUR_RGB('',8.666666666667E-1,6.274509803922E-1,8.666666666667E-1);
#154=COLOUR_RGB('',8.7E-1,0.E0,0.E0);
#155=COLOUR_RGB('',8.7E-1,6.E-1,4.7E-1);
#156=COLOUR_RGB('',8.98039E-1,6.07843E-1,1.E0);
#157=COLOUR_RGB('',9.E-1,8.3E-1,1.2E-1);
#158=COLOUR_RGB('',9.09804E-1,3.68627E-1,8.19608E-1);
#159=COLOUR_RGB('',9.3E-1,0.E0,9.3E-1);
#160=COLOUR_RGB('',9.3E-1,6.7E-1,5.3E-1);
#161=COLOUR_RGB('',9.3E-1,8.E-1,1.E0);
#162=COLOUR_RGB('',9.3E-1,9.3E-1,0.E0);
#163=COLOUR_RGB('',9.3E-1,1.E0,9.3E-1);
#164=COLOUR_RGB('',9.3E-1,1.E0,1.E0);
#165=COLOUR_RGB('',9.333333333333E-1,5.098039215686E-1,9.333333333333E-1);
#166=COLOUR_RGB('',9.333333333333E-1,9.098039215686E-1,6.666666666667E-1);
#167=COLOUR_RGB('',9.411764705882E-1,9.019607843137E-1,5.490196078431E-1);
#168=COLOUR_RGB('',9.568627450980E-1,6.431372549020E-1,3.764705882353E-1);
#169=DRAUGHTING_PRE_DEFINED_COLOUR('red');
#170=COLOUR_RGB('',1.E0,0.E0,2.705882352941E-1);
#171=COLOUR_RGB('',1.E0,0.E0,4.705882352941E-1);
#172=COLOUR_RGB('',1.E0,0.E0,7.803921568627E-1);
#173=DRAUGHTING_PRE_DEFINED_COLOUR('magenta');
#174=COLOUR_RGB('',1.E0,3.1E-2,3.1E-2);
#175=COLOUR_RGB('',1.E0,7.E-2,7.E-2);
#176=COLOUR_RGB('',1.E0,7.843137254902E-2,5.764705882353E-1);
#177=COLOUR_RGB('',1.E0,2.E-1,1.E0);
#178=COLOUR_RGB('',1.E0,2.7E-1,0.E0);
#179=COLOUR_RGB('',1.E0,2.7E-1,2.7E-1);
#180=COLOUR_RGB('',1.E0,3.882352941176E-1,2.784313725490E-1);
#181=COLOUR_RGB('',1.E0,4.E-1,1.E0);
#182=COLOUR_RGB('',1.E0,4.117647058824E-1,7.058823529412E-1);
#183=COLOUR_RGB('',1.E0,4.7E-1,0.E0);
#184=COLOUR_RGB('',1.E0,4.7E-1,4.7E-1);
#185=COLOUR_RGB('',1.E0,4.980392156863E-1,3.137254901961E-1);
#186=COLOUR_RGB('',1.E0,6.E-1,1.E0);
#187=COLOUR_RGB('',1.E0,6.7E-1,0.E0);
#188=COLOUR_RGB('',1.E0,6.7E-1,6.7E-1);
#189=COLOUR_RGB('',1.E0,7.3E-1,6.E-1);
#190=COLOUR_RGB('',1.E0,7.686274509804E-1,5.882352941176E-2);
#191=COLOUR_RGB('',1.E0,8.E-1,8.E-1);
#192=COLOUR_RGB('',1.E0,8.E-1,1.E0);
#193=COLOUR_RGB('',1.E0,8.7E-1,0.E0);
#194=COLOUR_RGB('',1.E0,9.215686274510E-1,8.039215686275E-1);
#195=COLOUR_RGB('',1.E0,9.3E-1,9.3E-1);
#196=COLOUR_RGB('',1.E0,9.3E-1,1.E0);
#197=DRAUGHTING_PRE_DEFINED_COLOUR('yellow');
#198=COLOUR_RGB('',1.E0,1.E0,1.3E-1);
#199=COLOUR_RGB('',1.E0,1.E0,3.3E-1);
#200=COLOUR_RGB('',1.E0,1.E0,5.3E-1);
#201=COLOUR_RGB('',1.E0,1.E0,7.3E-1);
#202=COLOUR_RGB('',1.E0,1.E0,9.3E-1);
#203=DRAUGHTING_PRE_DEFINED_COLOUR('white');
#208=CIRCLE('',#207,2.E-1);
#213=CIRCLE('',#212,4.E0);
#218=CIRCLE('',#217,4.E0);
#223=CIRCLE('',#222,2.E-1);
#236=CIRCLE('',#235,2.E-1);
#241=CIRCLE('',#240,4.E0);
#246=CIRCLE('',#245,2.E-1);
#251=CIRCLE('',#250,4.E0);
#256=CIRCLE('',#255,5.166666666667E0);
#261=CIRCLE('',#260,5.166666666667E0);
#266=CIRCLE('',#265,4.2E0);
#271=CIRCLE('',#270,4.2E0);
#280=CIRCLE('',#279,5.333333333333E0);
#285=CIRCLE('',#284,5.333333333333E0);
#290=CIRCLE('',#289,5.166666666667E0);
#295=CIRCLE('',#294,5.166666666667E0);
#304=CIRCLE('',#303,5.333333333333E0);
#309=CIRCLE('',#308,1.066666666667E0);
#314=CIRCLE('',#313,5.333333333333E0);
#319=CIRCLE('',#318,1.066666666667E0);
#328=CIRCLE('',#327,4.933333333333E0);
#333=CIRCLE('',#332,1.066666666667E0);
#338=CIRCLE('',#337,5.333333333333E0);
#343=CIRCLE('',#342,4.933333333333E0);
#348=CIRCLE('',#347,1.066666666667E0);
#353=CIRCLE('',#352,5.333333333333E0);
#362=CIRCLE('',#361,5.333333333333E0);
#367=CIRCLE('',#366,5.333333333333E0);
#372=CIRCLE('',#371,5.166666666667E0);
#377=CIRCLE('',#376,5.166666666667E0);
#390=CIRCLE('',#389,5.166666666667E0);
#395=CIRCLE('',#394,5.166666666667E0);
#400=CIRCLE('',#399,4.2E0);
#405=CIRCLE('',#404,4.2E0);
#471=EDGE_CURVE('',#445,#447,#208,.T.);
#473=EDGE_CURVE('',#449,#447,#405,.T.);
#475=EDGE_CURVE('',#444,#449,#223,.T.);
#477=EDGE_CURVE('',#444,#445,#213,.T.);
#487=EDGE_CURVE('',#445,#444,#218,.T.);
#490=EDGE_CURVE('',#447,#449,#400,.T.);
#501=EDGE_CURVE('',#445,#441,#227,.T.);
#503=EDGE_CURVE('',#439,#441,#251,.T.);
#505=EDGE_CURVE('',#444,#439,#231,.T.);
#518=EDGE_CURVE('',#441,#439,#241,.T.);
#529=EDGE_CURVE('',#437,#441,#236,.T.);
#532=EDGE_CURVE('',#436,#439,#246,.T.);
#534=EDGE_CURVE('',#437,#436,#271,.T.);
#544=EDGE_CURVE('',#436,#437,#266,.T.);
#557=EDGE_CURVE('',#433,#431,#256,.T.);
#559=EDGE_CURVE('',#431,#433,#261,.T.);
#573=EDGE_CURVE('',#428,#429,#290,.T.);
#575=EDGE_CURVE('',#428,#431,#275,.T.);
#578=EDGE_CURVE('',#429,#433,#413,.T.);
#588=EDGE_CURVE('',#421,#419,#280,.T.);
#590=EDGE_CURVE('',#419,#421,#285,.T.);
#595=EDGE_CURVE('',#429,#428,#295,.T.);
#605=EDGE_CURVE('',#416,#417,#304,.T.);
#607=EDGE_CURVE('',#416,#419,#299,.T.);
#610=EDGE_CURVE('',#417,#421,#323,.T.);
#620=EDGE_CURVE('',#416,#423,#319,.T.);
#623=EDGE_CURVE('',#417,#425,#309,.T.);
#625=EDGE_CURVE('',#423,#425,#343,.T.);
#636=EDGE_CURVE('',#417,#416,#314,.T.);
#639=EDGE_CURVE('',#425,#423,#328,.T.);
#662=EDGE_CURVE('',#423,#463,#333,.T.);
#664=EDGE_CURVE('',#463,#465,#338,.T.);
#666=EDGE_CURVE('',#425,#465,#348,.T.);
#678=EDGE_CURVE('',#465,#463,#353,.T.);
#689=EDGE_CURVE('',#460,#461,#362,.T.);
#691=EDGE_CURVE('',#460,#463,#357,.T.);
#694=EDGE_CURVE('',#461,#465,#381,.T.);
#705=EDGE_CURVE('',#461,#460,#367,.T.);
#709=EDGE_CURVE('',#457,#455,#372,.T.);
#711=EDGE_CURVE('',#455,#457,#377,.T.);
#733=EDGE_CURVE('',#452,#453,#390,.T.);
#735=EDGE_CURVE('',#452,#455,#385,.T.);
#738=EDGE_CURVE('',#453,#457,#409,.T.);
#749=EDGE_CURVE('',#453,#452,#395,.T.);
#788=CIRCLE('',#787,2.E-1);
#793=CIRCLE('',#792,6.390379078611E0);
#798=CIRCLE('',#797,6.390379078611E0);
#803=CIRCLE('',#802,2.E-1);
#816=CIRCLE('',#815,6.604725487813E0);
#821=CIRCLE('',#820,2.171631856211E-1);
#826=CIRCLE('',#825,6.75E0);
#831=CIRCLE('',#830,6.75E0);
#836=CIRCLE('',#835,6.666666666667E0);
#841=CIRCLE('',#840,6.666666666667E0);
#846=CIRCLE('',#845,6.604725487813E0);
#851=CIRCLE('',#850,2.171631856211E-1);
#864=CIRCLE('',#863,6.666666666667E0);
#869=CIRCLE('',#868,1.066666666667E0);
#874=CIRCLE('',#873,6.666666666667E0);
#879=CIRCLE('',#878,1.066666666667E0);
#884=CIRCLE('',#883,6.666666666667E0);
#889=CIRCLE('',#888,6.666666666667E0);
#902=CIRCLE('',#901,6.666666666667E0);
#907=CIRCLE('',#906,6.666666666667E0);
#912=CIRCLE('',#911,6.75E0);
#917=CIRCLE('',#916,6.604725487813E0);
#922=CIRCLE('',#921,2.171631856211E-1);
#927=CIRCLE('',#926,6.75E0);
#932=CIRCLE('',#931,6.604725487813E0);
#937=CIRCLE('',#936,2.171631856211E-1);
#946=CIRCLE('',#945,6.390379078611E0);
#951=CIRCLE('',#950,2.E-1);
#956=CIRCLE('',#955,2.E-1);
#961=CIRCLE('',#960,6.390379078611E0);
#966=CIRCLE('',#965,6.256586132287E0);
#971=CIRCLE('',#970,6.256586132287E0);
#976=CIRCLE('',#975,5.2E0);
#981=CIRCLE('',#980,5.2E0);
#994=CIRCLE('',#993,6.256586132287E0);
#999=CIRCLE('',#998,6.256586132287E0);
#1004=CIRCLE('',#1003,5.2E0);
#1009=CIRCLE('',#1008,5.2E0);
#1014=CIRCLE('',#1013,6.434976727386E0);
#1019=CIRCLE('',#1018,2.666666666667E-1);
#1032=CIRCLE('',#1031,6.649323136588E0);
#1037=CIRCLE('',#1036,1.504965189544E-1);
#1042=CIRCLE('',#1041,1.504965189544E-1);
#1047=CIRCLE('',#1046,6.649323136588E0);
#1052=CIRCLE('',#1051,6.833333333333E0);
#1057=CIRCLE('',#1056,6.833333333333E0);
#1062=CIRCLE('',#1061,6.75E0);
#1067=CIRCLE('',#1066,6.75E0);
#1072=CIRCLE('',#1071,3.333333333333E-2);
#1077=CIRCLE('',#1076,6.859233347507E0);
#1082=CIRCLE('',#1081,3.333333333333E-2);
#1087=CIRCLE('',#1086,3.333333333333E-2);
#1092=CIRCLE('',#1091,3.333333333333E-2);
#1097=CIRCLE('',#1096,6.859233347507E0);
#1106=CIRCLE('',#1105,6.8E0);
#1111=CIRCLE('',#1110,6.748199971653E0);
#1128=CIRCLE('',#1127,6.8E0);
#1133=CIRCLE('',#1132,6.748199971653E0);
#1146=CIRCLE('',#1145,7.8E0);
#1151=CIRCLE('',#1150,7.8E0);
#1156=CIRCLE('',#1155,6.8E0);
#1161=CIRCLE('',#1160,6.8E0);
#1166=CIRCLE('',#1165,8.E0);
#1171=CIRCLE('',#1170,2.E-1);
#1180=CIRCLE('',#1179,2.E-1);
#1185=CIRCLE('',#1184,8.E0);
#1190=CIRCLE('',#1189,7.8E0);
#1195=CIRCLE('',#1194,7.8E0);
#1200=CIRCLE('',#1199,6.8E0);
#1205=CIRCLE('',#1204,6.8E0);
#1210=CIRCLE('',#1209,2.E-1);
#1215=CIRCLE('',#1214,8.E0);
#1224=CIRCLE('',#1223,2.E-1);
#1229=CIRCLE('',#1228,8.E0);
#1234=CIRCLE('',#1233,6.8E0);
#1251=CIRCLE('',#1250,6.8E0);
#1264=CIRCLE('',#1263,6.748199971653E0);
#1269=CIRCLE('',#1268,6.748199971653E0);
#1278=CIRCLE('',#1277,3.333333333333E-2);
#1283=CIRCLE('',#1282,6.859233347507E0);
#1288=CIRCLE('',#1287,3.333333333333E-2);
#1293=CIRCLE('',#1292,6.833333333333E0);
#1298=CIRCLE('',#1297,6.833333333333E0);
#1303=CIRCLE('',#1302,6.75E0);
#1308=CIRCLE('',#1307,6.75E0);
#1313=CIRCLE('',#1312,6.859233347507E0);
#1318=CIRCLE('',#1317,6.649323136588E0);
#1323=CIRCLE('',#1322,1.504965189544E-1);
#1336=CIRCLE('',#1335,6.434976727386E0);
#1341=CIRCLE('',#1340,2.666666666667E-1);
#1346=CIRCLE('',#1345,2.666666666667E-1);
#1351=CIRCLE('',#1350,6.434976727386E0);
#1356=CIRCLE('',#1355,6.256586132287E0);
#1361=CIRCLE('',#1360,6.256586132287E0);
#1366=CIRCLE('',#1365,5.2E0);
#1371=CIRCLE('',#1370,5.2E0);
#1380=CIRCLE('',#1379,6.256586132287E0);
#1385=CIRCLE('',#1384,6.256586132287E0);
#1390=CIRCLE('',#1389,5.2E0);
#1395=CIRCLE('',#1394,5.2E0);
#1404=CIRCLE('',#1403,1.504965189544E-1);
#1409=CIRCLE('',#1408,6.649323136588E0);
#1414=CIRCLE('',#1413,2.666666666667E-1);
#1419=CIRCLE('',#1418,6.434976727386E0);
#1585=EDGE_CURVE('',#1531,#1535,#788,.T.);
#1587=EDGE_CURVE('',#1533,#1535,#1385,.T.);
#1589=EDGE_CURVE('',#1529,#1533,#803,.T.);
#1591=EDGE_CURVE('',#1529,#1531,#793,.T.);
#1601=EDGE_CURVE('',#1531,#1529,#798,.T.);
#1604=EDGE_CURVE('',#1535,#1533,#1380,.T.);
#1616=EDGE_CURVE('',#1531,#1527,#807,.T.);
#1618=EDGE_CURVE('',#1526,#1527,#846,.T.);
#1620=EDGE_CURVE('',#1529,#1526,#811,.T.);
#1631=EDGE_CURVE('',#1527,#1526,#816,.T.);
#1643=EDGE_CURVE('',#1575,#1574,#831,.T.);
#1645=EDGE_CURVE('',#1527,#1574,#851,.T.);
#1648=EDGE_CURVE('',#1526,#1575,#821,.T.);
#1658=EDGE_CURVE('',#1574,#1575,#826,.T.);
#1663=EDGE_CURVE('',#1515,#1514,#836,.T.);
#1665=EDGE_CURVE('',#1514,#1515,#841,.T.);
#1687=EDGE_CURVE('',#1515,#1510,#855,.T.);
#1689=EDGE_CURVE('',#1511,#1510,#889,.T.);
#1691=EDGE_CURVE('',#1514,#1511,#859,.T.);
#1704=EDGE_CURVE('',#1510,#1511,#864,.T.);
#1716=EDGE_CURVE('',#1511,#1507,#869,.T.);
#1718=EDGE_CURVE('',#1507,#1505,#874,.T.);
#1720=EDGE_CURVE('',#1505,#1510,#879,.T.);
#1731=EDGE_CURVE('',#1505,#1507,#884,.T.);
#1743=EDGE_CURVE('',#1505,#1503,#893,.T.);
#1745=EDGE_CURVE('',#1502,#1503,#902,.T.);
#1747=EDGE_CURVE('',#1507,#1502,#897,.T.);
#1760=EDGE_CURVE('',#1503,#1502,#907,.T.);
#1771=EDGE_CURVE('',#1522,#1523,#912,.T.);
#1773=EDGE_CURVE('',#1523,#1522,#927,.T.);
#1788=EDGE_CURVE('',#1458,#1523,#937,.T.);
#1790=EDGE_CURVE('',#1458,#1459,#917,.T.);
#1792=EDGE_CURVE('',#1459,#1522,#922,.T.);
#1804=EDGE_CURVE('',#1459,#1458,#932,.T.);
#1815=EDGE_CURVE('',#1463,#1461,#946,.T.);
#1817=EDGE_CURVE('',#1463,#1458,#941,.T.);
#1820=EDGE_CURVE('',#1461,#1459,#1423,.T.);
#1831=EDGE_CURVE('',#1461,#1465,#951,.T.);
#1833=EDGE_CURVE('',#1467,#1465,#971,.T.);
#1835=EDGE_CURVE('',#1463,#1467,#956,.T.);
#1846=EDGE_CURVE('',#1465,#1467,#966,.T.);
#1849=EDGE_CURVE('',#1461,#1463,#961,.T.);
#1863=EDGE_CURVE('',#1470,#1471,#976,.T.);
#1865=EDGE_CURVE('',#1471,#1470,#981,.T.);
#1875=EDGE_CURVE('',#1470,#1473,#985,.T.);
#1877=EDGE_CURVE('',#1475,#1473,#1004,.T.);
#1879=EDGE_CURVE('',#1471,#1475,#989,.T.);
#1892=EDGE_CURVE('',#1473,#1475,#1009,.T.);
#1903=EDGE_CURVE('',#1431,#1429,#994,.T.);
#1905=EDGE_CURVE('',#1429,#1431,#999,.T.);
#1919=EDGE_CURVE('',#1426,#1427,#1014,.T.);
#1921=EDGE_CURVE('',#1427,#1429,#1019,.T.);
#1924=EDGE_CURVE('',#1426,#1431,#1414,.T.);
#1935=EDGE_CURVE('',#1426,#1433,#1023,.T.);
#1937=EDGE_CURVE('',#1435,#1433,#1047,.T.);
#1939=EDGE_CURVE('',#1427,#1435,#1027,.T.);
#1950=EDGE_CURVE('',#1433,#1435,#1032,.T.);
#1953=EDGE_CURVE('',#1427,#1426,#1419,.T.);
#1964=EDGE_CURVE('',#1435,#1437,#1037,.T.);
#1966=EDGE_CURVE('',#1439,#1437,#1067,.T.);
#1968=EDGE_CURVE('',#1433,#1439,#1042,.T.);
#1979=EDGE_CURVE('',#1437,#1439,#1062,.T.);
#1991=EDGE_CURVE('',#1442,#1443,#1052,.T.);
#1993=EDGE_CURVE('',#1443,#1442,#1057,.T.);
#2007=EDGE_CURVE('',#1446,#1447,#1072,.T.);
#2009=EDGE_CURVE('',#1447,#1449,#1077,.T.);
#2011=EDGE_CURVE('',#1451,#1449,#1092,.T.);
#2013=EDGE_CURVE('',#1443,#1451,#1087,.T.);
#2016=EDGE_CURVE('',#1442,#1446,#1082,.T.);
#2029=EDGE_CURVE('',#1449,#1447,#1097,.T.);
#2041=EDGE_CURVE('',#1454,#1455,#1111,.T.);
#2043=EDGE_CURVE('',#1454,#1447,#1101,.T.);
#2046=EDGE_CURVE('',#1455,#1449,#1141,.T.);
#2056=EDGE_CURVE('',#1518,#1519,#1106,.T.);
#2058=EDGE_CURVE('',#1454,#1518,#1137,.T.);
#2061=EDGE_CURVE('',#1455,#1519,#1115,.T.);
#2072=EDGE_CURVE('',#1519,#1498,#1119,.T.);
#2074=EDGE_CURVE('',#1499,#1498,#1161,.T.);
#2076=EDGE_CURVE('',#1518,#1499,#1123,.T.);
#2086=EDGE_CURVE('',#1519,#1518,#1128,.T.);
#2089=EDGE_CURVE('',#1498,#1499,#1156,.T.);
#2102=EDGE_CURVE('',#1455,#1454,#1133,.T.);
#2125=EDGE_CURVE('',#1495,#1493,#1146,.T.);
#2127=EDGE_CURVE('',#1493,#1495,#1151,.T.);
#2141=EDGE_CURVE('',#1489,#1491,#1166,.T.);
#2143=EDGE_CURVE('',#1491,#1493,#1171,.T.);
#2146=EDGE_CURVE('',#1489,#1495,#1224,.T.);
#2156=EDGE_CURVE('',#1485,#1487,#1185,.T.);
#2158=EDGE_CURVE('',#1485,#1491,#1175,.T.);
#2161=EDGE_CURVE('',#1487,#1489,#1219,.T.);
#2171=EDGE_CURVE('',#1478,#1479,#1190,.T.);
#2173=EDGE_CURVE('',#1478,#1485,#1180,.T.);
#2176=EDGE_CURVE('',#1479,#1487,#1210,.T.);
#2187=EDGE_CURVE('',#1479,#1478,#1195,.T.);
#2191=EDGE_CURVE('',#1482,#1483,#1200,.T.);
#2193=EDGE_CURVE('',#1483,#1482,#1205,.T.);
#2204=EDGE_CURVE('',#1487,#1485,#1215,.T.);
#2217=EDGE_CURVE('',#1491,#1489,#1229,.T.);
#2241=EDGE_CURVE('',#1579,#1578,#1234,.T.);
#2243=EDGE_CURVE('',#1483,#1579,#1255,.T.);
#2246=EDGE_CURVE('',#1482,#1578,#1238,.T.);
#2257=EDGE_CURVE('',#1571,#1578,#1246,.T.);
#2259=EDGE_CURVE('',#1569,#1571,#1269,.T.);
#2261=EDGE_CURVE('',#1569,#1579,#1242,.T.);
#2271=EDGE_CURVE('',#1578,#1579,#1251,.T.);
#2274=EDGE_CURVE('',#1571,#1569,#1264,.T.);
#2297=EDGE_CURVE('',#1569,#1566,#1259,.T.);
#2299=EDGE_CURVE('',#1567,#1566,#1313,.T.);
#2301=EDGE_CURVE('',#1571,#1567,#1273,.T.);
#2314=EDGE_CURVE('',#1566,#1567,#1283,.T.);
#2325=EDGE_CURVE('',#1562,#1563,#1293,.T.);
#2327=EDGE_CURVE('',#1562,#1566,#1278,.T.);
#2330=EDGE_CURVE('',#1567,#1563,#1288,.T.);
#2341=EDGE_CURVE('',#1563,#1562,#1298,.T.);
#2345=EDGE_CURVE('',#1559,#1557,#1303,.T.);
#2347=EDGE_CURVE('',#1557,#1559,#1308,.T.);
#2369=EDGE_CURVE('',#1553,#1555,#1318,.T.);
#2371=EDGE_CURVE('',#1555,#1557,#1323,.T.);
#2374=EDGE_CURVE('',#1553,#1559,#1404,.T.);
#2384=EDGE_CURVE('',#1551,#1555,#1327,.T.);
#2387=EDGE_CURVE('',#1549,#1553,#1331,.T.);
#2389=EDGE_CURVE('',#1551,#1549,#1351,.T.);
#2399=EDGE_CURVE('',#1549,#1551,#1336,.T.);
#2402=EDGE_CURVE('',#1555,#1553,#1409,.T.);
#2414=EDGE_CURVE('',#1551,#1546,#1341,.T.);
#2416=EDGE_CURVE('',#1547,#1546,#1361,.T.);
#2418=EDGE_CURVE('',#1549,#1547,#1346,.T.);
#2429=EDGE_CURVE('',#1546,#1547,#1356,.T.);
#2445=EDGE_CURVE('',#1543,#1541,#1366,.T.);
#2447=EDGE_CURVE('',#1541,#1543,#1371,.T.);
#2457=EDGE_CURVE('',#1538,#1539,#1390,.T.);
#2459=EDGE_CURVE('',#1538,#1541,#1375,.T.);
#2462=EDGE_CURVE('',#1539,#1543,#1399,.T.);
#2477=EDGE_CURVE('',#1539,#1538,#1395,.T.);
#2532=(LENGTH_UNIT()NAMED_UNIT(*)SI_UNIT(.MILLI.,.METRE.));
#2534=(NAMED_UNIT(*)PLANE_ANGLE_UNIT()SI_UNIT($,.RADIAN.));
#2537=(NAMED_UNIT(*)SI_UNIT($,.STERADIAN.)SOLID_ANGLE_UNIT());
#2540=ADVANCED_BREP_SHAPE_REPRESENTATION('',(#783,#2531),#2539);
#2547=PRODUCT_DEFINITION('design','',#2546,#2543);
#2548=PRODUCT_DEFINITION_SHAPE('','SHAPE FOR 688ZZ-EA026.',#2547);
#2549=SHAPE_DEFINITION_REPRESENTATION(#2548,#2540);
ENDSEC;
END-ISO-10303-21;
