ISO-10303-21;
HEADER;
FILE_DESCRIPTION((''),'2;1');
FILE_NAME('627ZZ-EA025','2025-12-19T16:35:43',('qinghui.yi'),(''),
'CREO PARAMETRIC BY PTC INC, 2019164','CREO PARAMETRIC BY PTC INC, 2019164','');
FILE_SCHEMA(('CONFIG_CONTROL_DESIGN','SHAPE_APPEARANCE_LAYERS_GROUPS'));
ENDSEC;
DATA;
#204=DIRECTION('',(-5.843047258454E-1,0.E0,8.115343414513E-1));
#205=VECTOR('',#204,5.493867166873E-1);
#206=CARTESIAN_POINT('',(3.312306868290E0,0.E0,7.927351571819E0));
#207=LINE('',#206,#205);
#208=DIRECTION('',(-5.843047258454E-1,0.E0,-8.115343414513E-1));
#209=VECTOR('',#208,5.493867166873E-1);
#210=CARTESIAN_POINT('',(3.312306868290E0,0.E0,-7.927351571819E0));
#211=LINE('',#210,#209);
#212=CARTESIAN_POINT('',(3.312306868290E0,0.E0,0.E0));
#213=DIRECTION('',(1.E0,0.E0,0.E0));
#214=DIRECTION('',(0.E0,0.E0,-1.E0));
#215=AXIS2_PLACEMENT_3D('',#212,#213,#214);
#217=CARTESIAN_POINT('',(3.15E0,0.E0,7.810490626650E0));
#218=DIRECTION('',(0.E0,1.E0,0.E0));
#219=DIRECTION('',(8.115343414510E-1,0.E0,5.843047258457E-1));
#220=AXIS2_PLACEMENT_3D('',#217,#218,#219);
#222=CARTESIAN_POINT('',(3.15E0,0.E0,-7.810490626650E0));
#223=DIRECTION('',(0.E0,-1.E0,0.E0));
#224=DIRECTION('',(8.115343414510E-1,0.E0,-5.843047258457E-1));
#225=AXIS2_PLACEMENT_3D('',#222,#223,#224);
#227=CARTESIAN_POINT('',(3.312306868290E0,0.E0,0.E0));
#228=DIRECTION('',(1.E0,0.E0,0.E0));
#229=DIRECTION('',(0.E0,0.E0,1.E0));
#230=AXIS2_PLACEMENT_3D('',#227,#228,#229);
#232=CARTESIAN_POINT('',(3.35E0,0.E0,0.E0));
#233=DIRECTION('',(1.E0,0.E0,0.E0));
#234=DIRECTION('',(0.E0,0.E0,-1.E0));
#235=AXIS2_PLACEMENT_3D('',#232,#233,#234);
#237=CARTESIAN_POINT('',(3.35E0,0.E0,0.E0));
#238=DIRECTION('',(1.E0,0.E0,0.E0));
#239=DIRECTION('',(0.E0,0.E0,1.E0));
#240=AXIS2_PLACEMENT_3D('',#237,#238,#239);
#242=CARTESIAN_POINT('',(3.35E0,0.E0,0.E0));
#243=DIRECTION('',(-1.E0,0.E0,0.E0));
#244=DIRECTION('',(0.E0,0.E0,1.E0));
#245=AXIS2_PLACEMENT_3D('',#242,#243,#244);
#247=CARTESIAN_POINT('',(3.35E0,0.E0,0.E0));
#248=DIRECTION('',(-1.E0,0.E0,0.E0));
#249=DIRECTION('',(0.E0,0.E0,-1.E0));
#250=AXIS2_PLACEMENT_3D('',#247,#248,#249);
#252=DIRECTION('',(1.E0,0.E0,0.E0));
#253=VECTOR('',#252,1.E-1);
#254=CARTESIAN_POINT('',(3.35E0,0.E0,5.75E0));
#255=LINE('',#254,#253);
#256=DIRECTION('',(1.E0,0.E0,0.E0));
#257=VECTOR('',#256,1.E-1);
#258=CARTESIAN_POINT('',(3.35E0,0.E0,-5.75E0));
#259=LINE('',#258,#257);
#260=CARTESIAN_POINT('',(3.45E0,0.E0,0.E0));
#261=DIRECTION('',(-1.E0,0.E0,0.E0));
#262=DIRECTION('',(0.E0,0.E0,1.E0));
#263=AXIS2_PLACEMENT_3D('',#260,#261,#262);
#265=CARTESIAN_POINT('',(3.45E0,0.E0,0.E0));
#266=DIRECTION('',(-1.E0,0.E0,0.E0));
#267=DIRECTION('',(0.E0,0.E0,-1.E0));
#268=AXIS2_PLACEMENT_3D('',#265,#266,#267);
#270=CARTESIAN_POINT('',(3.45E0,0.E0,0.E0));
#271=DIRECTION('',(1.E0,0.E0,0.E0));
#272=DIRECTION('',(0.E0,0.E0,-1.E0));
#273=AXIS2_PLACEMENT_3D('',#270,#271,#272);
#275=CARTESIAN_POINT('',(3.45E0,0.E0,0.E0));
#276=DIRECTION('',(1.E0,0.E0,0.E0));
#277=DIRECTION('',(0.E0,0.E0,1.E0));
#278=AXIS2_PLACEMENT_3D('',#275,#276,#277);
#280=CARTESIAN_POINT('',(3.15E0,0.E0,-7.810490626650E0));
#281=DIRECTION('',(0.E0,-1.E0,0.E0));
#282=DIRECTION('',(8.115343414502E-1,0.E0,-5.843047258468E-1));
#283=AXIS2_PLACEMENT_3D('',#280,#281,#282);
#285=CARTESIAN_POINT('',(3.393460302435E0,0.E0,0.E0));
#286=DIRECTION('',(-1.E0,0.E0,0.E0));
#287=DIRECTION('',(0.E0,0.E0,1.E0));
#288=AXIS2_PLACEMENT_3D('',#285,#286,#287);
#290=CARTESIAN_POINT('',(3.393460302435E0,0.E0,0.E0));
#291=DIRECTION('',(-1.E0,0.E0,0.E0));
#292=DIRECTION('',(0.E0,0.E0,-1.E0));
#293=AXIS2_PLACEMENT_3D('',#290,#291,#292);
#295=CARTESIAN_POINT('',(3.15E0,0.E0,7.810490626650E0));
#296=DIRECTION('',(0.E0,1.E0,0.E0));
#297=DIRECTION('',(8.115343414502E-1,0.E0,5.843047258468E-1));
#298=AXIS2_PLACEMENT_3D('',#295,#296,#297);
#300=DIRECTION('',(-5.843047258454E-1,0.E0,-8.115343414513E-1));
#301=VECTOR('',#300,5.493867166873E-1);
#302=CARTESIAN_POINT('',(3.393460302435E0,0.E0,-7.985782044404E0));
#303=LINE('',#302,#301);
#304=DIRECTION('',(-5.843047258454E-1,0.E0,8.115343414513E-1));
#305=VECTOR('',#304,5.493867166873E-1);
#306=CARTESIAN_POINT('',(3.393460302435E0,0.E0,7.985782044404E0));
#307=LINE('',#306,#305);
#308=CARTESIAN_POINT('',(3.072451047558E0,0.E0,0.E0));
#309=DIRECTION('',(1.E0,0.E0,0.E0));
#310=DIRECTION('',(0.E0,0.E0,-1.E0));
#311=AXIS2_PLACEMENT_3D('',#308,#309,#310);
#313=CARTESIAN_POINT('',(3.384425725707E0,0.E0,8.65625E0));
#314=DIRECTION('',(0.E0,1.E0,0.E0));
#315=DIRECTION('',(-8.115343414518E-1,0.E0,-5.843047258446E-1));
#316=AXIS2_PLACEMENT_3D('',#313,#314,#315);
#318=CARTESIAN_POINT('',(3.384425725707E0,0.E0,-8.65625E0));
#319=DIRECTION('',(0.E0,-1.E0,0.E0));
#320=DIRECTION('',(-8.115343414518E-1,0.E0,5.843047258446E-1));
#321=AXIS2_PLACEMENT_3D('',#318,#319,#320);
#323=CARTESIAN_POINT('',(3.072451047558E0,0.E0,0.E0));
#324=DIRECTION('',(1.E0,0.E0,0.E0));
#325=DIRECTION('',(0.E0,0.E0,1.E0));
#326=AXIS2_PLACEMENT_3D('',#323,#324,#325);
#328=CARTESIAN_POINT('',(3.E0,0.E0,0.E0));
#329=DIRECTION('',(-1.E0,0.E0,0.E0));
#330=DIRECTION('',(0.E0,0.E0,1.E0));
#331=AXIS2_PLACEMENT_3D('',#328,#329,#330);
#333=CARTESIAN_POINT('',(3.E0,0.E0,0.E0));
#334=DIRECTION('',(-1.E0,0.E0,0.E0));
#335=DIRECTION('',(0.E0,0.E0,-1.E0));
#336=AXIS2_PLACEMENT_3D('',#333,#334,#335);
#338=CARTESIAN_POINT('',(2.999999999999E0,0.E0,0.E0));
#339=DIRECTION('',(1.E0,0.E0,0.E0));
#340=DIRECTION('',(0.E0,0.E0,-1.E0));
#341=AXIS2_PLACEMENT_3D('',#338,#339,#340);
#343=CARTESIAN_POINT('',(2.999999999999E0,0.E0,0.E0));
#344=DIRECTION('',(1.E0,0.E0,0.E0));
#345=DIRECTION('',(0.E0,0.E0,1.E0));
#346=AXIS2_PLACEMENT_3D('',#343,#344,#345);
#348=CARTESIAN_POINT('',(3.082852561700E0,0.E0,0.E0));
#349=DIRECTION('',(-1.E0,0.E0,0.E0));
#350=DIRECTION('',(0.E0,0.E0,1.E0));
#351=AXIS2_PLACEMENT_3D('',#348,#349,#350);
#353=CARTESIAN_POINT('',(3.05E0,0.E0,-8.8125E0));
#354=DIRECTION('',(0.E0,-1.E0,0.E0));
#355=DIRECTION('',(-1.E0,0.E0,0.E0));
#356=AXIS2_PLACEMENT_3D('',#353,#354,#355);
#358=CARTESIAN_POINT('',(3.082852561700E0,0.E0,0.E0));
#359=DIRECTION('',(-1.E0,0.E0,0.E0));
#360=DIRECTION('',(0.E0,0.E0,-1.E0));
#361=AXIS2_PLACEMENT_3D('',#358,#359,#360);
#363=CARTESIAN_POINT('',(3.05E0,0.E0,8.8125E0));
#364=DIRECTION('',(0.E0,-1.E0,0.E0));
#365=DIRECTION('',(6.570512340013E-1,0.E0,7.538459231815E-1));
#366=AXIS2_PLACEMENT_3D('',#363,#364,#365);
#368=DIRECTION('',(-7.538459231846E-1,0.E0,6.570512339977E-1));
#369=VECTOR('',#368,2.672194790800E-1);
#370=CARTESIAN_POINT('',(3.284294876600E0,0.E0,8.674615407681E0));
#371=LINE('',#370,#369);
#372=CARTESIAN_POINT('',(3.284294876600E0,0.E0,0.E0));
#373=DIRECTION('',(-1.E0,0.E0,0.E0));
#374=DIRECTION('',(0.E0,0.E0,-1.E0));
#375=AXIS2_PLACEMENT_3D('',#372,#373,#374);
#377=CARTESIAN_POINT('',(3.284294876600E0,0.E0,0.E0));
#378=DIRECTION('',(-1.E0,0.E0,0.E0));
#379=DIRECTION('',(0.E0,0.E0,1.E0));
#380=AXIS2_PLACEMENT_3D('',#377,#378,#379);
#382=DIRECTION('',(-7.538459231846E-1,0.E0,-6.570512339977E-1));
#383=VECTOR('',#382,2.672194790800E-1);
#384=CARTESIAN_POINT('',(3.284294876600E0,0.E0,-8.674615407681E0));
#385=LINE('',#384,#383);
#386=DIRECTION('',(6.570512339956E-1,0.E0,7.538459231865E-1));
#387=VECTOR('',#386,1.000000000002E-1);
#388=CARTESIAN_POINT('',(3.284294876600E0,0.E0,8.674615407681E0));
#389=LINE('',#388,#387);
#390=CARTESIAN_POINT('',(3.35E0,0.E0,0.E0));
#391=DIRECTION('',(-1.E0,0.E0,0.E0));
#392=DIRECTION('',(0.E0,0.E0,1.E0));
#393=AXIS2_PLACEMENT_3D('',#390,#391,#392);
#395=DIRECTION('',(-1.E0,0.E0,0.E0));
#396=VECTOR('',#395,1.500000000004E-1);
#397=CARTESIAN_POINT('',(3.5E0,0.E0,-8.75E0));
#398=LINE('',#397,#396);
#399=CARTESIAN_POINT('',(3.35E0,0.E0,0.E0));
#400=DIRECTION('',(-1.E0,0.E0,0.E0));
#401=DIRECTION('',(0.E0,0.E0,-1.E0));
#402=AXIS2_PLACEMENT_3D('',#399,#400,#401);
#404=DIRECTION('',(-1.E0,0.E0,0.E0));
#405=VECTOR('',#404,1.500000000004E-1);
#406=CARTESIAN_POINT('',(3.5E0,0.E0,8.75E0));
#407=LINE('',#406,#405);
#408=DIRECTION('',(6.570512339956E-1,0.E0,-7.538459231865E-1));
#409=VECTOR('',#408,1.000000000002E-1);
#410=CARTESIAN_POINT('',(3.284294876600E0,0.E0,-8.674615407681E0));
#411=LINE('',#410,#409);
#412=CARTESIAN_POINT('',(3.5E0,0.E0,0.E0));
#413=DIRECTION('',(-1.E0,0.E0,0.E0));
#414=DIRECTION('',(0.E0,0.E0,1.E0));
#415=AXIS2_PLACEMENT_3D('',#412,#413,#414);
#417=CARTESIAN_POINT('',(3.5E0,0.E0,0.E0));
#418=DIRECTION('',(-1.E0,0.E0,0.E0));
#419=DIRECTION('',(0.E0,0.E0,-1.E0));
#420=AXIS2_PLACEMENT_3D('',#417,#418,#419);
#422=CARTESIAN_POINT('',(3.5E0,0.E0,0.E0));
#423=DIRECTION('',(1.E0,0.E0,0.E0));
#424=DIRECTION('',(0.E0,0.E0,-1.E0));
#425=AXIS2_PLACEMENT_3D('',#422,#423,#424);
#427=CARTESIAN_POINT('',(3.5E0,0.E0,0.E0));
#428=DIRECTION('',(1.E0,0.E0,0.E0));
#429=DIRECTION('',(0.E0,0.E0,1.E0));
#430=AXIS2_PLACEMENT_3D('',#427,#428,#429);
#432=CARTESIAN_POINT('',(3.2E0,0.E0,1.07E1));
#433=DIRECTION('',(0.E0,-1.E0,0.E0));
#434=DIRECTION('',(1.E0,0.E0,0.E0));
#435=AXIS2_PLACEMENT_3D('',#432,#433,#434);
#437=CARTESIAN_POINT('',(3.2E0,0.E0,0.E0));
#438=DIRECTION('',(-1.E0,0.E0,0.E0));
#439=DIRECTION('',(0.E0,0.E0,1.E0));
#440=AXIS2_PLACEMENT_3D('',#437,#438,#439);
#442=CARTESIAN_POINT('',(3.2E0,0.E0,-1.07E1));
#443=DIRECTION('',(0.E0,1.E0,0.E0));
#444=DIRECTION('',(1.E0,0.E0,0.E0));
#445=AXIS2_PLACEMENT_3D('',#442,#443,#444);
#447=CARTESIAN_POINT('',(3.2E0,0.E0,0.E0));
#448=DIRECTION('',(-1.E0,0.E0,0.E0));
#449=DIRECTION('',(0.E0,0.E0,-1.E0));
#450=AXIS2_PLACEMENT_3D('',#447,#448,#449);
#452=DIRECTION('',(-1.E0,0.E0,0.E0));
#453=VECTOR('',#452,6.4E0);
#454=CARTESIAN_POINT('',(3.2E0,0.E0,-1.1E1));
#455=LINE('',#454,#453);
#456=DIRECTION('',(-1.E0,0.E0,0.E0));
#457=VECTOR('',#456,6.4E0);
#458=CARTESIAN_POINT('',(3.2E0,0.E0,1.1E1));
#459=LINE('',#458,#457);
#460=CARTESIAN_POINT('',(-3.2E0,0.E0,0.E0));
#461=DIRECTION('',(1.E0,0.E0,0.E0));
#462=DIRECTION('',(0.E0,0.E0,-1.E0));
#463=AXIS2_PLACEMENT_3D('',#460,#461,#462);
#465=CARTESIAN_POINT('',(-3.2E0,0.E0,1.07E1));
#466=DIRECTION('',(0.E0,-1.E0,0.E0));
#467=DIRECTION('',(0.E0,0.E0,1.E0));
#468=AXIS2_PLACEMENT_3D('',#465,#466,#467);
#470=CARTESIAN_POINT('',(-3.2E0,0.E0,-1.07E1));
#471=DIRECTION('',(0.E0,1.E0,0.E0));
#472=DIRECTION('',(0.E0,0.E0,-1.E0));
#473=AXIS2_PLACEMENT_3D('',#470,#471,#472);
#475=CARTESIAN_POINT('',(-3.2E0,0.E0,0.E0));
#476=DIRECTION('',(1.E0,0.E0,0.E0));
#477=DIRECTION('',(0.E0,0.E0,1.E0));
#478=AXIS2_PLACEMENT_3D('',#475,#476,#477);
#480=CARTESIAN_POINT('',(-3.5E0,0.E0,0.E0));
#481=DIRECTION('',(1.E0,0.E0,0.E0));
#482=DIRECTION('',(0.E0,0.E0,-1.E0));
#483=AXIS2_PLACEMENT_3D('',#480,#481,#482);
#485=CARTESIAN_POINT('',(-3.5E0,0.E0,0.E0));
#486=DIRECTION('',(1.E0,0.E0,0.E0));
#487=DIRECTION('',(0.E0,0.E0,1.E0));
#488=AXIS2_PLACEMENT_3D('',#485,#486,#487);
#490=CARTESIAN_POINT('',(-3.5E0,0.E0,0.E0));
#491=DIRECTION('',(-1.E0,0.E0,0.E0));
#492=DIRECTION('',(0.E0,0.E0,1.E0));
#493=AXIS2_PLACEMENT_3D('',#490,#491,#492);
#495=CARTESIAN_POINT('',(-3.5E0,0.E0,0.E0));
#496=DIRECTION('',(-1.E0,0.E0,0.E0));
#497=DIRECTION('',(0.E0,0.E0,-1.E0));
#498=AXIS2_PLACEMENT_3D('',#495,#496,#497);
#500=CARTESIAN_POINT('',(-3.35E0,0.E0,0.E0));
#501=DIRECTION('',(-1.E0,0.E0,0.E0));
#502=DIRECTION('',(0.E0,0.E0,1.E0));
#503=AXIS2_PLACEMENT_3D('',#500,#501,#502);
#505=DIRECTION('',(-1.E0,0.E0,0.E0));
#506=VECTOR('',#505,1.500000000004E-1);
#507=CARTESIAN_POINT('',(-3.35E0,0.E0,-8.75E0));
#508=LINE('',#507,#506);
#509=CARTESIAN_POINT('',(-3.284294876600E0,0.E0,0.E0));
#510=DIRECTION('',(-1.E0,0.E0,0.E0));
#511=DIRECTION('',(0.E0,0.E0,1.E0));
#512=AXIS2_PLACEMENT_3D('',#509,#510,#511);
#514=DIRECTION('',(-6.570512339956E-1,1.071565949252E-14,-7.538459231865E-1));
#515=VECTOR('',#514,1.000000000002E-1);
#516=CARTESIAN_POINT('',(-3.284294876600E0,0.E0,-8.674615407681E0));
#517=LINE('',#516,#515);
#518=CARTESIAN_POINT('',(-3.284294876600E0,0.E0,0.E0));
#519=DIRECTION('',(-1.E0,0.E0,0.E0));
#520=DIRECTION('',(0.E0,0.E0,-1.E0));
#521=AXIS2_PLACEMENT_3D('',#518,#519,#520);
#523=DIRECTION('',(-6.570512339956E-1,-1.071565949252E-14,7.538459231865E-1));
#524=VECTOR('',#523,1.000000000002E-1);
#525=CARTESIAN_POINT('',(-3.284294876600E0,0.E0,8.674615407681E0));
#526=LINE('',#525,#524);
#527=CARTESIAN_POINT('',(-3.35E0,0.E0,0.E0));
#528=DIRECTION('',(-1.E0,0.E0,0.E0));
#529=DIRECTION('',(0.E0,0.E0,-1.E0));
#530=AXIS2_PLACEMENT_3D('',#527,#528,#529);
#532=DIRECTION('',(-1.E0,0.E0,0.E0));
#533=VECTOR('',#532,1.500000000004E-1);
#534=CARTESIAN_POINT('',(-3.35E0,0.E0,8.75E0));
#535=LINE('',#534,#533);
#536=DIRECTION('',(7.538459231846E-1,0.E0,-6.570512339977E-1));
#537=VECTOR('',#536,2.672194790800E-1);
#538=CARTESIAN_POINT('',(-3.284294876600E0,0.E0,-8.674615407681E0));
#539=LINE('',#538,#537);
#540=DIRECTION('',(7.538459231846E-1,0.E0,6.570512339977E-1));
#541=VECTOR('',#540,2.672194790800E-1);
#542=CARTESIAN_POINT('',(-3.284294876600E0,0.E0,8.674615407681E0));
#543=LINE('',#542,#541);
#544=CARTESIAN_POINT('',(-3.05E0,0.E0,-8.8125E0));
#545=DIRECTION('',(0.E0,1.E0,0.E0));
#546=DIRECTION('',(1.E0,0.E0,0.E0));
#547=AXIS2_PLACEMENT_3D('',#544,#545,#546);
#549=CARTESIAN_POINT('',(-3.082852561700E0,0.E0,0.E0));
#550=DIRECTION('',(1.E0,0.E0,0.E0));
#551=DIRECTION('',(0.E0,0.E0,-1.E0));
#552=AXIS2_PLACEMENT_3D('',#549,#550,#551);
#554=CARTESIAN_POINT('',(-3.05E0,0.E0,8.8125E0));
#555=DIRECTION('',(0.E0,1.E0,0.E0));
#556=DIRECTION('',(-6.570512340013E-1,0.E0,7.538459231815E-1));
#557=AXIS2_PLACEMENT_3D('',#554,#555,#556);
#559=CARTESIAN_POINT('',(-3.082852561700E0,0.E0,0.E0));
#560=DIRECTION('',(1.E0,0.E0,0.E0));
#561=DIRECTION('',(0.E0,0.E0,1.E0));
#562=AXIS2_PLACEMENT_3D('',#559,#560,#561);
#564=CARTESIAN_POINT('',(-3.E0,0.E0,0.E0));
#565=DIRECTION('',(1.E0,0.E0,0.E0));
#566=DIRECTION('',(0.E0,0.E0,-1.E0));
#567=AXIS2_PLACEMENT_3D('',#564,#565,#566);
#569=CARTESIAN_POINT('',(-3.E0,0.E0,0.E0));
#570=DIRECTION('',(1.E0,0.E0,0.E0));
#571=DIRECTION('',(0.E0,0.E0,1.E0));
#572=AXIS2_PLACEMENT_3D('',#569,#570,#571);
#574=CARTESIAN_POINT('',(-2.999999999999E0,0.E0,0.E0));
#575=DIRECTION('',(-1.E0,0.E0,0.E0));
#576=DIRECTION('',(0.E0,0.E0,1.E0));
#577=AXIS2_PLACEMENT_3D('',#574,#575,#576);
#579=CARTESIAN_POINT('',(-2.999999999999E0,0.E0,0.E0));
#580=DIRECTION('',(-1.E0,0.E0,0.E0));
#581=DIRECTION('',(0.E0,0.E0,-1.E0));
#582=AXIS2_PLACEMENT_3D('',#579,#580,#581);
#584=CARTESIAN_POINT('',(-3.384425725707E0,0.E0,-8.65625E0));
#585=DIRECTION('',(0.E0,1.E0,0.E0));
#586=DIRECTION('',(8.115343414518E-1,0.E0,5.843047258446E-1));
#587=AXIS2_PLACEMENT_3D('',#584,#585,#586);
#589=CARTESIAN_POINT('',(-3.072451047558E0,0.E0,0.E0));
#590=DIRECTION('',(-1.E0,0.E0,0.E0));
#591=DIRECTION('',(0.E0,0.E0,1.E0));
#592=AXIS2_PLACEMENT_3D('',#589,#590,#591);
#594=CARTESIAN_POINT('',(-3.072451047558E0,0.E0,0.E0));
#595=DIRECTION('',(-1.E0,0.E0,0.E0));
#596=DIRECTION('',(0.E0,0.E0,-1.E0));
#597=AXIS2_PLACEMENT_3D('',#594,#595,#596);
#599=CARTESIAN_POINT('',(-3.384425725707E0,0.E0,8.65625E0));
#600=DIRECTION('',(0.E0,-1.E0,0.E0));
#601=DIRECTION('',(8.115343414518E-1,0.E0,-5.843047258446E-1));
#602=AXIS2_PLACEMENT_3D('',#599,#600,#601);
#604=DIRECTION('',(5.843047258454E-1,0.E0,8.115343414513E-1));
#605=VECTOR('',#604,5.493867166873E-1);
#606=CARTESIAN_POINT('',(-3.393460302435E0,0.E0,7.985782044404E0));
#607=LINE('',#606,#605);
#608=DIRECTION('',(5.843047258454E-1,0.E0,-8.115343414513E-1));
#609=VECTOR('',#608,5.493867166873E-1);
#610=CARTESIAN_POINT('',(-3.393460302435E0,0.E0,-7.985782044404E0));
#611=LINE('',#610,#609);
#612=CARTESIAN_POINT('',(-3.393460302435E0,0.E0,0.E0));
#613=DIRECTION('',(1.E0,0.E0,0.E0));
#614=DIRECTION('',(0.E0,0.E0,-1.E0));
#615=AXIS2_PLACEMENT_3D('',#612,#613,#614);
#617=CARTESIAN_POINT('',(-3.15E0,0.E0,7.810490626650E0));
#618=DIRECTION('',(0.E0,-1.E0,0.E0));
#619=DIRECTION('',(-8.115343414502E-1,0.E0,5.843047258468E-1));
#620=AXIS2_PLACEMENT_3D('',#617,#618,#619);
#622=CARTESIAN_POINT('',(-3.15E0,0.E0,-7.810490626650E0));
#623=DIRECTION('',(0.E0,1.E0,0.E0));
#624=DIRECTION('',(-8.115343414502E-1,0.E0,-5.843047258468E-1));
#625=AXIS2_PLACEMENT_3D('',#622,#623,#624);
#627=CARTESIAN_POINT('',(-3.393460302435E0,0.E0,0.E0));
#628=DIRECTION('',(1.E0,0.E0,0.E0));
#629=DIRECTION('',(0.E0,0.E0,1.E0));
#630=AXIS2_PLACEMENT_3D('',#627,#628,#629);
#632=CARTESIAN_POINT('',(-3.45E0,0.E0,0.E0));
#633=DIRECTION('',(1.E0,0.E0,0.E0));
#634=DIRECTION('',(0.E0,0.E0,-1.E0));
#635=AXIS2_PLACEMENT_3D('',#632,#633,#634);
#637=CARTESIAN_POINT('',(-3.45E0,0.E0,0.E0));
#638=DIRECTION('',(1.E0,0.E0,0.E0));
#639=DIRECTION('',(0.E0,0.E0,1.E0));
#640=AXIS2_PLACEMENT_3D('',#637,#638,#639);
#642=CARTESIAN_POINT('',(-3.45E0,0.E0,0.E0));
#643=DIRECTION('',(-1.E0,0.E0,0.E0));
#644=DIRECTION('',(0.E0,0.E0,1.E0));
#645=AXIS2_PLACEMENT_3D('',#642,#643,#644);
#647=CARTESIAN_POINT('',(-3.45E0,0.E0,0.E0));
#648=DIRECTION('',(-1.E0,0.E0,0.E0));
#649=DIRECTION('',(0.E0,0.E0,-1.E0));
#650=AXIS2_PLACEMENT_3D('',#647,#648,#649);
#652=DIRECTION('',(-1.E0,0.E0,0.E0));
#653=VECTOR('',#652,1.E-1);
#654=CARTESIAN_POINT('',(-3.35E0,0.E0,-5.75E0));
#655=LINE('',#654,#653);
#656=DIRECTION('',(-1.E0,0.E0,0.E0));
#657=VECTOR('',#656,1.E-1);
#658=CARTESIAN_POINT('',(-3.35E0,0.E0,5.75E0));
#659=LINE('',#658,#657);
#660=CARTESIAN_POINT('',(-3.35E0,0.E0,0.E0));
#661=DIRECTION('',(-1.E0,0.E0,0.E0));
#662=DIRECTION('',(0.E0,0.E0,1.E0));
#663=AXIS2_PLACEMENT_3D('',#660,#661,#662);
#665=CARTESIAN_POINT('',(-3.35E0,0.E0,0.E0));
#666=DIRECTION('',(-1.E0,0.E0,0.E0));
#667=DIRECTION('',(0.E0,0.E0,-1.E0));
#668=AXIS2_PLACEMENT_3D('',#665,#666,#667);
#670=CARTESIAN_POINT('',(-3.35E0,0.E0,0.E0));
#671=DIRECTION('',(1.E0,0.E0,0.E0));
#672=DIRECTION('',(0.E0,0.E0,-1.E0));
#673=AXIS2_PLACEMENT_3D('',#670,#671,#672);
#675=CARTESIAN_POINT('',(-3.35E0,0.E0,0.E0));
#676=DIRECTION('',(1.E0,0.E0,0.E0));
#677=DIRECTION('',(0.E0,0.E0,1.E0));
#678=AXIS2_PLACEMENT_3D('',#675,#676,#677);
#680=CARTESIAN_POINT('',(-3.15E0,0.E0,-7.810490626650E0));
#681=DIRECTION('',(0.E0,1.E0,0.E0));
#682=DIRECTION('',(-8.115343414510E-1,0.E0,-5.843047258457E-1));
#683=AXIS2_PLACEMENT_3D('',#680,#681,#682);
#685=CARTESIAN_POINT('',(-3.312306868290E0,0.E0,0.E0));
#686=DIRECTION('',(-1.E0,0.E0,0.E0));
#687=DIRECTION('',(0.E0,0.E0,1.E0));
#688=AXIS2_PLACEMENT_3D('',#685,#686,#687);
#690=CARTESIAN_POINT('',(-3.312306868290E0,0.E0,0.E0));
#691=DIRECTION('',(-1.E0,0.E0,0.E0));
#692=DIRECTION('',(0.E0,0.E0,-1.E0));
#693=AXIS2_PLACEMENT_3D('',#690,#691,#692);
#695=CARTESIAN_POINT('',(-3.15E0,0.E0,7.810490626650E0));
#696=DIRECTION('',(0.E0,-1.E0,0.E0));
#697=DIRECTION('',(-8.115343414510E-1,0.E0,5.843047258457E-1));
#698=AXIS2_PLACEMENT_3D('',#695,#696,#697);
#700=DIRECTION('',(5.843047258454E-1,0.E0,-8.115343414513E-1));
#701=VECTOR('',#700,5.493867166873E-1);
#702=CARTESIAN_POINT('',(-3.312306868290E0,0.E0,-7.927351571819E0));
#703=LINE('',#702,#701);
#704=DIRECTION('',(5.843047258454E-1,0.E0,8.115343414513E-1));
#705=VECTOR('',#704,5.493867166873E-1);
#706=CARTESIAN_POINT('',(-3.312306868290E0,0.E0,7.927351571819E0));
#707=LINE('',#706,#705);
#708=CARTESIAN_POINT('',(-2.991297613413E0,0.E0,0.E0));
#709=DIRECTION('',(1.E0,0.E0,0.E0));
#710=DIRECTION('',(0.E0,0.E0,-1.E0));
#711=AXIS2_PLACEMENT_3D('',#708,#709,#710);
#713=CARTESIAN_POINT('',(-3.384425725707E0,0.E0,8.65625E0));
#714=DIRECTION('',(0.E0,-1.E0,0.E0));
#715=DIRECTION('',(8.115343414512E-1,0.E0,-5.843047258455E-1));
#716=AXIS2_PLACEMENT_3D('',#713,#714,#715);
#718=CARTESIAN_POINT('',(-2.9E0,0.E0,0.E0));
#719=DIRECTION('',(-1.E0,0.E0,0.E0));
#720=DIRECTION('',(0.E0,0.E0,1.E0));
#721=AXIS2_PLACEMENT_3D('',#718,#719,#720);
#723=CARTESIAN_POINT('',(-2.9E0,0.E0,0.E0));
#724=DIRECTION('',(-1.E0,0.E0,0.E0));
#725=DIRECTION('',(0.E0,0.E0,-1.E0));
#726=AXIS2_PLACEMENT_3D('',#723,#724,#725);
#728=CARTESIAN_POINT('',(-2.9E0,0.E0,0.E0));
#729=DIRECTION('',(-1.E0,0.E0,0.E0));
#730=DIRECTION('',(0.E0,0.E0,1.E0));
#731=AXIS2_PLACEMENT_3D('',#728,#729,#730);
#733=CARTESIAN_POINT('',(-2.9E0,0.E0,0.E0));
#734=DIRECTION('',(-1.E0,0.E0,0.E0));
#735=DIRECTION('',(0.E0,0.E0,-1.E0));
#736=AXIS2_PLACEMENT_3D('',#733,#734,#735);
#738=CARTESIAN_POINT('',(-2.991297613413E0,0.E0,0.E0));
#739=DIRECTION('',(1.E0,0.E0,0.E0));
#740=DIRECTION('',(0.E0,0.E0,1.E0));
#741=AXIS2_PLACEMENT_3D('',#738,#739,#740);
#743=CARTESIAN_POINT('',(-3.384425725707E0,0.E0,-8.65625E0));
#744=DIRECTION('',(0.E0,1.E0,0.E0));
#745=DIRECTION('',(8.115343414512E-1,0.E0,5.843047258455E-1));
#746=AXIS2_PLACEMENT_3D('',#743,#744,#745);
#748=DIRECTION('',(-1.E0,0.E0,-7.165134152999E-14));
#749=VECTOR('',#748,1.338750500400E0);
#750=CARTESIAN_POINT('',(-1.561249499600E0,0.E0,-8.5E0));
#751=LINE('',#750,#749);
#752=DIRECTION('',(-1.E0,0.E0,7.165134152999E-14));
#753=VECTOR('',#752,1.338750500400E0);
#754=CARTESIAN_POINT('',(-1.561249499600E0,0.E0,8.5E0));
#755=LINE('',#754,#753);
#756=CARTESIAN_POINT('',(1.561249499600E0,0.E0,0.E0));
#757=DIRECTION('',(-1.E0,0.E0,0.E0));
#758=DIRECTION('',(0.E0,0.E0,-1.E0));
#759=AXIS2_PLACEMENT_3D('',#756,#757,#758);
#761=CARTESIAN_POINT('',(0.E0,0.E0,7.25E0));
#762=DIRECTION('',(0.E0,-1.E0,0.E0));
#763=DIRECTION('',(7.806247497999E-1,0.E0,6.249999999999E-1));
#764=AXIS2_PLACEMENT_3D('',#761,#762,#763);
#766=CARTESIAN_POINT('',(0.E0,0.E0,7.25E0));
#767=DIRECTION('',(0.E0,-1.E0,0.E0));
#768=DIRECTION('',(0.E0,0.E0,1.E0));
#769=AXIS2_PLACEMENT_3D('',#766,#767,#768);
#771=CARTESIAN_POINT('',(-1.561249499600E0,0.E0,0.E0));
#772=DIRECTION('',(1.E0,0.E0,0.E0));
#773=DIRECTION('',(0.E0,0.E0,1.E0));
#774=AXIS2_PLACEMENT_3D('',#771,#772,#773);
#776=DIRECTION('',(-1.E0,0.E0,-7.165134152999E-14));
#777=VECTOR('',#776,1.338750500400E0);
#778=CARTESIAN_POINT('',(2.9E0,0.E0,8.5E0));
#779=LINE('',#778,#777);
#780=CARTESIAN_POINT('',(2.9E0,0.E0,0.E0));
#781=DIRECTION('',(1.E0,0.E0,0.E0));
#782=DIRECTION('',(0.E0,0.E0,1.E0));
#783=AXIS2_PLACEMENT_3D('',#780,#781,#782);
#785=CARTESIAN_POINT('',(2.9E0,0.E0,0.E0));
#786=DIRECTION('',(1.E0,0.E0,0.E0));
#787=DIRECTION('',(0.E0,0.E0,-1.E0));
#788=AXIS2_PLACEMENT_3D('',#785,#786,#787);
#790=CARTESIAN_POINT('',(2.9E0,0.E0,0.E0));
#791=DIRECTION('',(1.E0,0.E0,0.E0));
#792=DIRECTION('',(0.E0,0.E0,-1.E0));
#793=AXIS2_PLACEMENT_3D('',#790,#791,#792);
#795=CARTESIAN_POINT('',(2.9E0,0.E0,0.E0));
#796=DIRECTION('',(1.E0,0.E0,0.E0));
#797=DIRECTION('',(0.E0,0.E0,1.E0));
#798=AXIS2_PLACEMENT_3D('',#795,#796,#797);
#800=CARTESIAN_POINT('',(2.991297613413E0,0.E0,0.E0));
#801=DIRECTION('',(-1.E0,0.E0,0.E0));
#802=DIRECTION('',(0.E0,0.E0,-1.E0));
#803=AXIS2_PLACEMENT_3D('',#800,#801,#802);
#805=CARTESIAN_POINT('',(3.384425725707E0,0.E0,8.65625E0));
#806=DIRECTION('',(0.E0,1.E0,0.E0));
#807=DIRECTION('',(-8.115343414512E-1,0.E0,-5.843047258455E-1));
#808=AXIS2_PLACEMENT_3D('',#805,#806,#807);
#810=CARTESIAN_POINT('',(2.991297613413E0,0.E0,0.E0));
#811=DIRECTION('',(-1.E0,0.E0,0.E0));
#812=DIRECTION('',(0.E0,0.E0,1.E0));
#813=AXIS2_PLACEMENT_3D('',#810,#811,#812);
#815=CARTESIAN_POINT('',(3.384425725707E0,0.E0,-8.65625E0));
#816=DIRECTION('',(0.E0,-1.E0,0.E0));
#817=DIRECTION('',(-8.115343414512E-1,0.E0,5.843047258455E-1));
#818=AXIS2_PLACEMENT_3D('',#815,#816,#817);
#820=DIRECTION('',(-1.E0,0.E0,7.165134152999E-14));
#821=VECTOR('',#820,1.338750500400E0);
#822=CARTESIAN_POINT('',(2.9E0,0.E0,-8.5E0));
#823=LINE('',#822,#821);
#824=CARTESIAN_POINT('',(0.E0,0.E0,-7.25E0));
#825=DIRECTION('',(0.E0,1.E0,0.E0));
#826=DIRECTION('',(0.E0,0.E0,-1.E0));
#827=AXIS2_PLACEMENT_3D('',#824,#825,#826);
#829=CARTESIAN_POINT('',(-1.561249499600E0,0.E0,0.E0));
#830=DIRECTION('',(1.E0,0.E0,0.E0));
#831=DIRECTION('',(0.E0,0.E0,-1.E0));
#832=AXIS2_PLACEMENT_3D('',#829,#830,#831);
#834=CARTESIAN_POINT('',(1.561249499600E0,0.E0,0.E0));
#835=DIRECTION('',(-1.E0,0.E0,0.E0));
#836=DIRECTION('',(0.E0,0.E0,1.E0));
#837=AXIS2_PLACEMENT_3D('',#834,#835,#836);
#839=CARTESIAN_POINT('',(0.E0,0.E0,-7.25E0));
#840=DIRECTION('',(0.E0,1.E0,0.E0));
#841=DIRECTION('',(7.806247497999E-1,0.E0,-6.249999999999E-1));
#842=AXIS2_PLACEMENT_3D('',#839,#840,#841);
#844=CARTESIAN_POINT('',(3.5E0,0.E0,1.07E1));
#845=CARTESIAN_POINT('',(3.5E0,0.E0,-1.07E1));
#846=VERTEX_POINT('',#844);
#847=VERTEX_POINT('',#845);
#848=CARTESIAN_POINT('',(3.5E0,0.E0,-8.75E0));
#849=CARTESIAN_POINT('',(3.5E0,0.E0,8.75E0));
#850=VERTEX_POINT('',#848);
#851=VERTEX_POINT('',#849);
#852=CARTESIAN_POINT('',(3.2E0,0.E0,1.1E1));
#853=VERTEX_POINT('',#852);
#854=CARTESIAN_POINT('',(3.2E0,0.E0,-1.1E1));
#855=VERTEX_POINT('',#854);
#856=CARTESIAN_POINT('',(-3.2E0,0.E0,-1.1E1));
#857=VERTEX_POINT('',#856);
#858=CARTESIAN_POINT('',(-3.2E0,0.E0,1.1E1));
#859=VERTEX_POINT('',#858);
#860=CARTESIAN_POINT('',(-3.5E0,0.E0,1.07E1));
#861=VERTEX_POINT('',#860);
#862=CARTESIAN_POINT('',(-3.5E0,0.E0,-1.07E1));
#863=VERTEX_POINT('',#862);
#864=CARTESIAN_POINT('',(-3.5E0,0.E0,8.75E0));
#865=CARTESIAN_POINT('',(-3.5E0,0.E0,-8.75E0));
#866=VERTEX_POINT('',#864);
#867=VERTEX_POINT('',#865);
#868=CARTESIAN_POINT('',(-2.9E0,0.E0,8.5E0));
#869=CARTESIAN_POINT('',(-2.9E0,0.E0,-8.5E0));
#870=VERTEX_POINT('',#868);
#871=VERTEX_POINT('',#869);
#872=CARTESIAN_POINT('',(-1.561249499600E0,0.E0,-8.5E0));
#873=VERTEX_POINT('',#872);
#874=CARTESIAN_POINT('',(-1.561249499600E0,0.E0,8.5E0));
#875=VERTEX_POINT('',#874);
#876=CARTESIAN_POINT('',(1.561249499600E0,0.E0,-8.5E0));
#877=CARTESIAN_POINT('',(1.561249499600E0,0.E0,8.5E0));
#878=VERTEX_POINT('',#876);
#879=VERTEX_POINT('',#877);
#880=CARTESIAN_POINT('',(0.E0,0.E0,9.25E0));
#881=VERTEX_POINT('',#880);
#882=CARTESIAN_POINT('',(0.E0,0.E0,-9.25E0));
#883=VERTEX_POINT('',#882);
#884=CARTESIAN_POINT('',(2.9E0,0.E0,8.5E0));
#885=CARTESIAN_POINT('',(2.9E0,0.E0,-8.5E0));
#886=VERTEX_POINT('',#884);
#887=VERTEX_POINT('',#885);
#888=CARTESIAN_POINT('',(-3.284294876600E0,0.E0,8.674615407681E0));
#889=CARTESIAN_POINT('',(-3.284294876600E0,0.E0,-8.674615407681E0));
#890=VERTEX_POINT('',#888);
#891=VERTEX_POINT('',#889);
#892=CARTESIAN_POINT('',(-3.082852561700E0,0.E0,-8.850192296159E0));
#893=VERTEX_POINT('',#892);
#894=CARTESIAN_POINT('',(-3.082852561700E0,0.E0,8.850192296159E0));
#895=VERTEX_POINT('',#894);
#896=CARTESIAN_POINT('',(-3.E0,0.E0,-8.8125E0));
#897=CARTESIAN_POINT('',(-3.E0,0.E0,8.8125E0));
#898=VERTEX_POINT('',#896);
#899=VERTEX_POINT('',#897);
#900=CARTESIAN_POINT('',(-2.999999999999E0,0.E0,8.65625E0));
#901=CARTESIAN_POINT('',(-2.999999999999E0,0.E0,-8.65625E0));
#902=VERTEX_POINT('',#900);
#903=VERTEX_POINT('',#901);
#904=CARTESIAN_POINT('',(-3.072451047558E0,0.E0,-8.431628231733E0));
#905=VERTEX_POINT('',#904);
#906=CARTESIAN_POINT('',(-3.072451047558E0,0.E0,8.431628231733E0));
#907=VERTEX_POINT('',#906);
#908=CARTESIAN_POINT('',(-3.393460302435E0,0.E0,7.985782044404E0));
#909=VERTEX_POINT('',#908);
#910=CARTESIAN_POINT('',(-3.393460302435E0,0.E0,-7.985782044404E0));
#911=VERTEX_POINT('',#910);
#912=CARTESIAN_POINT('',(-3.45E0,0.E0,7.810490626650E0));
#913=VERTEX_POINT('',#912);
#914=CARTESIAN_POINT('',(-3.45E0,0.E0,-7.810490626650E0));
#915=VERTEX_POINT('',#914);
#916=CARTESIAN_POINT('',(-3.45E0,0.E0,5.75E0));
#917=CARTESIAN_POINT('',(-3.45E0,0.E0,-5.75E0));
#918=VERTEX_POINT('',#916);
#919=VERTEX_POINT('',#917);
#920=CARTESIAN_POINT('',(-3.35E0,0.E0,-5.75E0));
#921=VERTEX_POINT('',#920);
#922=CARTESIAN_POINT('',(-3.35E0,0.E0,5.75E0));
#923=VERTEX_POINT('',#922);
#924=CARTESIAN_POINT('',(-3.35E0,0.E0,7.810490626650E0));
#925=CARTESIAN_POINT('',(-3.35E0,0.E0,-7.810490626650E0));
#926=VERTEX_POINT('',#924);
#927=VERTEX_POINT('',#925);
#928=CARTESIAN_POINT('',(-3.312306868290E0,0.E0,-7.927351571819E0));
#929=VERTEX_POINT('',#928);
#930=CARTESIAN_POINT('',(-3.312306868290E0,0.E0,7.927351571819E0));
#931=VERTEX_POINT('',#930);
#932=CARTESIAN_POINT('',(-2.991297613413E0,0.E0,-8.373197759148E0));
#933=VERTEX_POINT('',#932);
#934=CARTESIAN_POINT('',(-2.991297613413E0,0.E0,8.373197759148E0));
#935=VERTEX_POINT('',#934);
#936=CARTESIAN_POINT('',(-3.35E0,0.E0,8.75E0));
#937=CARTESIAN_POINT('',(-3.35E0,0.E0,-8.75E0));
#938=VERTEX_POINT('',#936);
#939=VERTEX_POINT('',#937);
#940=CARTESIAN_POINT('',(-2.9E0,0.E0,8.65625E0));
#941=CARTESIAN_POINT('',(-2.9E0,0.E0,-8.65625E0));
#942=VERTEX_POINT('',#940);
#943=VERTEX_POINT('',#941);
#944=CARTESIAN_POINT('',(3.35E0,0.E0,-5.75E0));
#945=CARTESIAN_POINT('',(3.45E0,0.E0,-5.75E0));
#946=VERTEX_POINT('',#944);
#947=VERTEX_POINT('',#945);
#948=CARTESIAN_POINT('',(3.45E0,0.E0,5.75E0));
#949=VERTEX_POINT('',#948);
#950=CARTESIAN_POINT('',(3.35E0,0.E0,5.75E0));
#951=VERTEX_POINT('',#950);
#952=CARTESIAN_POINT('',(3.35E0,0.E0,-7.810490626650E0));
#953=CARTESIAN_POINT('',(3.35E0,0.E0,7.810490626650E0));
#954=VERTEX_POINT('',#952);
#955=VERTEX_POINT('',#953);
#956=CARTESIAN_POINT('',(3.312306868290E0,0.E0,-7.927351571819E0));
#957=CARTESIAN_POINT('',(3.312306868290E0,0.E0,7.927351571819E0));
#958=VERTEX_POINT('',#956);
#959=VERTEX_POINT('',#957);
#960=CARTESIAN_POINT('',(2.991297613413E0,0.E0,-8.373197759148E0));
#961=VERTEX_POINT('',#960);
#962=CARTESIAN_POINT('',(2.991297613413E0,0.E0,8.373197759148E0));
#963=VERTEX_POINT('',#962);
#964=CARTESIAN_POINT('',(3.284294876600E0,0.E0,-8.674615407681E0));
#965=CARTESIAN_POINT('',(3.284294876600E0,0.E0,8.674615407681E0));
#966=VERTEX_POINT('',#964);
#967=VERTEX_POINT('',#965);
#968=CARTESIAN_POINT('',(3.082852561700E0,0.E0,-8.850192296159E0));
#969=VERTEX_POINT('',#968);
#970=CARTESIAN_POINT('',(3.082852561700E0,0.E0,8.850192296159E0));
#971=VERTEX_POINT('',#970);
#972=CARTESIAN_POINT('',(3.E0,0.E0,-8.8125E0));
#973=CARTESIAN_POINT('',(3.E0,0.E0,8.8125E0));
#974=VERTEX_POINT('',#972);
#975=VERTEX_POINT('',#973);
#976=CARTESIAN_POINT('',(2.999999999999E0,0.E0,-8.65625E0));
#977=CARTESIAN_POINT('',(2.999999999999E0,0.E0,8.65625E0));
#978=VERTEX_POINT('',#976);
#979=VERTEX_POINT('',#977);
#980=CARTESIAN_POINT('',(3.072451047558E0,0.E0,-8.431628231733E0));
#981=CARTESIAN_POINT('',(3.072451047558E0,0.E0,8.431628231733E0));
#982=VERTEX_POINT('',#980);
#983=VERTEX_POINT('',#981);
#984=CARTESIAN_POINT('',(3.393460302435E0,0.E0,7.985782044404E0));
#985=VERTEX_POINT('',#984);
#986=CARTESIAN_POINT('',(3.393460302435E0,0.E0,-7.985782044404E0));
#987=VERTEX_POINT('',#986);
#988=CARTESIAN_POINT('',(3.45E0,0.E0,7.810490626650E0));
#989=VERTEX_POINT('',#988);
#990=CARTESIAN_POINT('',(3.45E0,0.E0,-7.810490626650E0));
#991=VERTEX_POINT('',#990);
#992=CARTESIAN_POINT('',(2.9E0,0.E0,8.65625E0));
#993=CARTESIAN_POINT('',(2.9E0,0.E0,-8.65625E0));
#994=VERTEX_POINT('',#992);
#995=VERTEX_POINT('',#993);
#996=CARTESIAN_POINT('',(3.35E0,0.E0,-8.75E0));
#997=CARTESIAN_POINT('',(3.35E0,0.E0,8.75E0));
#998=VERTEX_POINT('',#996);
#999=VERTEX_POINT('',#997);
#1000=CARTESIAN_POINT('',(3.151802240852E0,0.E0,0.E0));
#1001=DIRECTION('',(-1.E0,0.E0,0.E0));
#1002=DIRECTION('',(0.E0,0.E0,-1.E0));
#1003=AXIS2_PLACEMENT_3D('',#1000,#1001,#1002);
#1004=CONICAL_SURFACE('',#1003,8.150274665484E0,5.424611274556E1);
#1006=ORIENTED_EDGE('',*,*,#1005,.T.);
#1008=ORIENTED_EDGE('',*,*,#1007,.F.);
#1010=ORIENTED_EDGE('',*,*,#1009,.F.);
#1012=ORIENTED_EDGE('',*,*,#1011,.F.);
#1013=EDGE_LOOP('',(#1006,#1008,#1010,#1012));
#1014=FACE_OUTER_BOUND('',#1013,.F.);
#1015=ADVANCED_FACE('',(#1014),#1004,.F.);
#1016=CARTESIAN_POINT('',(3.151802240852E0,0.E0,0.E0));
#1017=DIRECTION('',(-1.E0,0.E0,0.E0));
#1018=DIRECTION('',(0.E0,0.E0,-1.E0));
#1019=AXIS2_PLACEMENT_3D('',#1016,#1017,#1018);
#1020=CONICAL_SURFACE('',#1019,8.150274665484E0,5.424611274556E1);
#1022=ORIENTED_EDGE('',*,*,#1021,.F.);
#1023=ORIENTED_EDGE('',*,*,#1009,.T.);
#1025=ORIENTED_EDGE('',*,*,#1024,.F.);
#1026=ORIENTED_EDGE('',*,*,#1005,.F.);
#1027=EDGE_LOOP('',(#1022,#1023,#1025,#1026));
#1028=FACE_OUTER_BOUND('',#1027,.F.);
#1029=ADVANCED_FACE('',(#1028),#1020,.F.);
#1030=CARTESIAN_POINT('',(3.15E0,0.E0,0.E0));
#1031=DIRECTION('',(1.E0,0.E0,0.E0));
#1032=DIRECTION('',(0.E0,0.E0,1.E0));
#1033=AXIS2_PLACEMENT_3D('',#1030,#1031,#1032);
#1034=TOROIDAL_SURFACE('',#1033,7.810490626650E0,2.E-1);
#1035=ORIENTED_EDGE('',*,*,#1021,.T.);
#1037=ORIENTED_EDGE('',*,*,#1036,.T.);
#1039=ORIENTED_EDGE('',*,*,#1038,.F.);
#1041=ORIENTED_EDGE('',*,*,#1040,.F.);
#1042=EDGE_LOOP('',(#1035,#1037,#1039,#1041));
#1043=FACE_OUTER_BOUND('',#1042,.F.);
#1044=ADVANCED_FACE('',(#1043),#1034,.F.);
#1045=CARTESIAN_POINT('',(3.15E0,0.E0,0.E0));
#1046=DIRECTION('',(1.E0,0.E0,0.E0));
#1047=DIRECTION('',(0.E0,0.E0,1.E0));
#1048=AXIS2_PLACEMENT_3D('',#1045,#1046,#1047);
#1049=TOROIDAL_SURFACE('',#1048,7.810490626650E0,2.E-1);
#1050=ORIENTED_EDGE('',*,*,#1040,.T.);
#1052=ORIENTED_EDGE('',*,*,#1051,.F.);
#1053=ORIENTED_EDGE('',*,*,#1036,.F.);
#1054=ORIENTED_EDGE('',*,*,#1011,.T.);
#1055=EDGE_LOOP('',(#1050,#1052,#1053,#1054));
#1056=FACE_OUTER_BOUND('',#1055,.F.);
#1057=ADVANCED_FACE('',(#1056),#1049,.F.);
#1058=CARTESIAN_POINT('',(3.35E0,7.810490626650E0,0.E0));
#1059=DIRECTION('',(-1.E0,0.E0,0.E0));
#1060=DIRECTION('',(0.E0,0.E0,-1.E0));
#1061=AXIS2_PLACEMENT_3D('',#1058,#1059,#1060);
#1062=PLANE('',#1061);
#1063=ORIENTED_EDGE('',*,*,#1038,.T.);
#1064=ORIENTED_EDGE('',*,*,#1051,.T.);
#1065=EDGE_LOOP('',(#1063,#1064));
#1066=FACE_OUTER_BOUND('',#1065,.F.);
#1068=ORIENTED_EDGE('',*,*,#1067,.T.);
#1070=ORIENTED_EDGE('',*,*,#1069,.T.);
#1071=EDGE_LOOP('',(#1068,#1070));
#1072=FACE_BOUND('',#1071,.F.);
#1073=ADVANCED_FACE('',(#1066,#1072),#1062,.T.);
#1074=CARTESIAN_POINT('',(0.E0,0.E0,0.E0));
#1075=DIRECTION('',(1.E0,0.E0,0.E0));
#1076=DIRECTION('',(0.E0,0.E0,1.E0));
#1077=AXIS2_PLACEMENT_3D('',#1074,#1075,#1076);
#1078=CYLINDRICAL_SURFACE('',#1077,5.75E0);
#1079=ORIENTED_EDGE('',*,*,#1067,.F.);
#1081=ORIENTED_EDGE('',*,*,#1080,.T.);
#1083=ORIENTED_EDGE('',*,*,#1082,.F.);
#1085=ORIENTED_EDGE('',*,*,#1084,.F.);
#1086=EDGE_LOOP('',(#1079,#1081,#1083,#1085));
#1087=FACE_OUTER_BOUND('',#1086,.F.);
#1088=ADVANCED_FACE('',(#1087),#1078,.F.);
#1089=CARTESIAN_POINT('',(0.E0,0.E0,0.E0));
#1090=DIRECTION('',(1.E0,0.E0,0.E0));
#1091=DIRECTION('',(0.E0,0.E0,1.E0));
#1092=AXIS2_PLACEMENT_3D('',#1089,#1090,#1091);
#1093=CYLINDRICAL_SURFACE('',#1092,5.75E0);
#1094=ORIENTED_EDGE('',*,*,#1084,.T.);
#1096=ORIENTED_EDGE('',*,*,#1095,.F.);
#1097=ORIENTED_EDGE('',*,*,#1080,.F.);
#1098=ORIENTED_EDGE('',*,*,#1069,.F.);
#1099=EDGE_LOOP('',(#1094,#1096,#1097,#1098));
#1100=FACE_OUTER_BOUND('',#1099,.F.);
#1101=ADVANCED_FACE('',(#1100),#1093,.F.);
#1102=CARTESIAN_POINT('',(3.45E0,7.810490626650E0,0.E0));
#1103=DIRECTION('',(-1.E0,0.E0,0.E0));
#1104=DIRECTION('',(0.E0,0.E0,-1.E0));
#1105=AXIS2_PLACEMENT_3D('',#1102,#1103,#1104);
#1106=PLANE('',#1105);
#1108=ORIENTED_EDGE('',*,*,#1107,.T.);
#1110=ORIENTED_EDGE('',*,*,#1109,.T.);
#1111=EDGE_LOOP('',(#1108,#1110));
#1112=FACE_OUTER_BOUND('',#1111,.F.);
#1113=ORIENTED_EDGE('',*,*,#1082,.T.);
#1114=ORIENTED_EDGE('',*,*,#1095,.T.);
#1115=EDGE_LOOP('',(#1113,#1114));
#1116=FACE_BOUND('',#1115,.F.);
#1117=ADVANCED_FACE('',(#1112,#1116),#1106,.F.);
#1118=CARTESIAN_POINT('',(3.15E0,0.E0,0.E0));
#1119=DIRECTION('',(1.E0,0.E0,0.E0));
#1120=DIRECTION('',(0.E0,0.E0,1.E0));
#1121=AXIS2_PLACEMENT_3D('',#1118,#1119,#1120);
#1122=TOROIDAL_SURFACE('',#1121,7.810490626650E0,3.E-1);
#1124=ORIENTED_EDGE('',*,*,#1123,.T.);
#1125=ORIENTED_EDGE('',*,*,#1107,.F.);
#1127=ORIENTED_EDGE('',*,*,#1126,.F.);
#1129=ORIENTED_EDGE('',*,*,#1128,.T.);
#1130=EDGE_LOOP('',(#1124,#1125,#1127,#1129));
#1131=FACE_OUTER_BOUND('',#1130,.F.);
#1132=ADVANCED_FACE('',(#1131),#1122,.T.);
#1133=CARTESIAN_POINT('',(3.15E0,0.E0,0.E0));
#1134=DIRECTION('',(1.E0,0.E0,0.E0));
#1135=DIRECTION('',(0.E0,0.E0,1.E0));
#1136=AXIS2_PLACEMENT_3D('',#1133,#1134,#1135);
#1137=TOROIDAL_SURFACE('',#1136,7.810490626650E0,3.E-1);
#1139=ORIENTED_EDGE('',*,*,#1138,.T.);
#1140=ORIENTED_EDGE('',*,*,#1126,.T.);
#1141=ORIENTED_EDGE('',*,*,#1109,.F.);
#1142=ORIENTED_EDGE('',*,*,#1123,.F.);
#1143=EDGE_LOOP('',(#1139,#1140,#1141,#1142));
#1144=FACE_OUTER_BOUND('',#1143,.F.);
#1145=ADVANCED_FACE('',(#1144),#1137,.T.);
#1146=CARTESIAN_POINT('',(3.232955674997E0,0.E0,0.E0));
#1147=DIRECTION('',(-1.E0,0.E0,0.E0));
#1148=DIRECTION('',(0.E0,0.E0,-1.E0));
#1149=AXIS2_PLACEMENT_3D('',#1146,#1147,#1148);
#1150=CONICAL_SURFACE('',#1149,8.208705138068E0,5.424611274556E1);
#1151=ORIENTED_EDGE('',*,*,#1138,.F.);
#1153=ORIENTED_EDGE('',*,*,#1152,.T.);
#1155=ORIENTED_EDGE('',*,*,#1154,.F.);
#1157=ORIENTED_EDGE('',*,*,#1156,.F.);
#1158=EDGE_LOOP('',(#1151,#1153,#1155,#1157));
#1159=FACE_OUTER_BOUND('',#1158,.F.);
#1160=ADVANCED_FACE('',(#1159),#1150,.T.);
#1161=CARTESIAN_POINT('',(3.232955674997E0,0.E0,0.E0));
#1162=DIRECTION('',(-1.E0,0.E0,0.E0));
#1163=DIRECTION('',(0.E0,0.E0,-1.E0));
#1164=AXIS2_PLACEMENT_3D('',#1161,#1162,#1163);
#1165=CONICAL_SURFACE('',#1164,8.208705138068E0,5.424611274556E1);
#1166=ORIENTED_EDGE('',*,*,#1156,.T.);
#1168=ORIENTED_EDGE('',*,*,#1167,.F.);
#1169=ORIENTED_EDGE('',*,*,#1152,.F.);
#1170=ORIENTED_EDGE('',*,*,#1128,.F.);
#1171=EDGE_LOOP('',(#1166,#1168,#1169,#1170));
#1172=FACE_OUTER_BOUND('',#1171,.F.);
#1173=ADVANCED_FACE('',(#1172),#1165,.T.);
#1174=CARTESIAN_POINT('',(3.384425725707E0,0.E0,0.E0));
#1175=DIRECTION('',(1.E0,0.E0,0.E0));
#1176=DIRECTION('',(0.E0,0.E0,1.E0));
#1177=AXIS2_PLACEMENT_3D('',#1174,#1175,#1176);
#1178=TOROIDAL_SURFACE('',#1177,8.65625E0,3.844257257075E-1);
#1179=ORIENTED_EDGE('',*,*,#1167,.T.);
#1181=ORIENTED_EDGE('',*,*,#1180,.T.);
#1183=ORIENTED_EDGE('',*,*,#1182,.F.);
#1185=ORIENTED_EDGE('',*,*,#1184,.F.);
#1186=EDGE_LOOP('',(#1179,#1181,#1183,#1185));
#1187=FACE_OUTER_BOUND('',#1186,.F.);
#1188=ADVANCED_FACE('',(#1187),#1178,.F.);
#1189=CARTESIAN_POINT('',(3.384425725707E0,0.E0,0.E0));
#1190=DIRECTION('',(1.E0,0.E0,0.E0));
#1191=DIRECTION('',(0.E0,0.E0,1.E0));
#1192=AXIS2_PLACEMENT_3D('',#1189,#1190,#1191);
#1193=TOROIDAL_SURFACE('',#1192,8.65625E0,3.844257257075E-1);
#1194=ORIENTED_EDGE('',*,*,#1184,.T.);
#1196=ORIENTED_EDGE('',*,*,#1195,.F.);
#1197=ORIENTED_EDGE('',*,*,#1180,.F.);
#1198=ORIENTED_EDGE('',*,*,#1154,.T.);
#1199=EDGE_LOOP('',(#1194,#1196,#1197,#1198));
#1200=FACE_OUTER_BOUND('',#1199,.F.);
#1201=ADVANCED_FACE('',(#1200),#1193,.F.);
#1202=CARTESIAN_POINT('',(3.E0,8.65625E0,0.E0));
#1203=DIRECTION('',(-1.E0,0.E0,0.E0));
#1204=DIRECTION('',(0.E0,0.E0,-1.E0));
#1205=AXIS2_PLACEMENT_3D('',#1202,#1203,#1204);
#1206=PLANE('',#1205);
#1208=ORIENTED_EDGE('',*,*,#1207,.T.);
#1210=ORIENTED_EDGE('',*,*,#1209,.T.);
#1211=EDGE_LOOP('',(#1208,#1210));
#1212=FACE_OUTER_BOUND('',#1211,.F.);
#1213=ORIENTED_EDGE('',*,*,#1182,.T.);
#1214=ORIENTED_EDGE('',*,*,#1195,.T.);
#1215=EDGE_LOOP('',(#1213,#1214));
#1216=FACE_BOUND('',#1215,.F.);
#1217=ADVANCED_FACE('',(#1212,#1216),#1206,.F.);
#1218=CARTESIAN_POINT('',(3.05E0,0.E0,0.E0));
#1219=DIRECTION('',(1.E0,0.E0,0.E0));
#1220=DIRECTION('',(0.E0,0.E0,1.E0));
#1221=AXIS2_PLACEMENT_3D('',#1218,#1219,#1220);
#1222=TOROIDAL_SURFACE('',#1221,8.8125E0,5.E-2);
#1223=ORIENTED_EDGE('',*,*,#1207,.F.);
#1225=ORIENTED_EDGE('',*,*,#1224,.F.);
#1227=ORIENTED_EDGE('',*,*,#1226,.T.);
#1229=ORIENTED_EDGE('',*,*,#1228,.F.);
#1230=EDGE_LOOP('',(#1223,#1225,#1227,#1229));
#1231=FACE_OUTER_BOUND('',#1230,.F.);
#1232=ADVANCED_FACE('',(#1231),#1222,.F.);
#1233=CARTESIAN_POINT('',(3.05E0,0.E0,0.E0));
#1234=DIRECTION('',(1.E0,0.E0,0.E0));
#1235=DIRECTION('',(0.E0,0.E0,1.E0));
#1236=AXIS2_PLACEMENT_3D('',#1233,#1234,#1235);
#1237=TOROIDAL_SURFACE('',#1236,8.8125E0,5.E-2);
#1238=ORIENTED_EDGE('',*,*,#1228,.T.);
#1240=ORIENTED_EDGE('',*,*,#1239,.T.);
#1241=ORIENTED_EDGE('',*,*,#1224,.T.);
#1242=ORIENTED_EDGE('',*,*,#1209,.F.);
#1243=EDGE_LOOP('',(#1238,#1240,#1241,#1242));
#1244=FACE_OUTER_BOUND('',#1243,.F.);
#1245=ADVANCED_FACE('',(#1244),#1237,.F.);
#1246=CARTESIAN_POINT('',(3.183573719150E0,0.E0,0.E0));
#1247=DIRECTION('',(-1.E0,0.E0,0.E0));
#1248=DIRECTION('',(0.E0,0.E0,-1.E0));
#1249=AXIS2_PLACEMENT_3D('',#1246,#1247,#1248);
#1250=CONICAL_SURFACE('',#1249,8.762403851920E0,4.107536898835E1);
#1252=ORIENTED_EDGE('',*,*,#1251,.T.);
#1253=ORIENTED_EDGE('',*,*,#1239,.F.);
#1255=ORIENTED_EDGE('',*,*,#1254,.F.);
#1257=ORIENTED_EDGE('',*,*,#1256,.T.);
#1258=EDGE_LOOP('',(#1252,#1253,#1255,#1257));
#1259=FACE_OUTER_BOUND('',#1258,.F.);
#1260=ADVANCED_FACE('',(#1259),#1250,.F.);
#1261=CARTESIAN_POINT('',(3.183573719150E0,0.E0,0.E0));
#1262=DIRECTION('',(-1.E0,0.E0,0.E0));
#1263=DIRECTION('',(0.E0,0.E0,-1.E0));
#1264=AXIS2_PLACEMENT_3D('',#1261,#1262,#1263);
#1265=CONICAL_SURFACE('',#1264,8.762403851920E0,4.107536898835E1);
#1267=ORIENTED_EDGE('',*,*,#1266,.T.);
#1268=ORIENTED_EDGE('',*,*,#1254,.T.);
#1269=ORIENTED_EDGE('',*,*,#1226,.F.);
#1270=ORIENTED_EDGE('',*,*,#1251,.F.);
#1271=EDGE_LOOP('',(#1267,#1268,#1269,#1270));
#1272=FACE_OUTER_BOUND('',#1271,.F.);
#1273=ADVANCED_FACE('',(#1272),#1265,.F.);
#1274=CARTESIAN_POINT('',(3.317147438300E0,0.E0,0.E0));
#1275=DIRECTION('',(1.E0,0.E0,0.E0));
#1276=DIRECTION('',(0.E0,0.E0,1.E0));
#1277=AXIS2_PLACEMENT_3D('',#1274,#1275,#1276);
#1278=CONICAL_SURFACE('',#1277,8.712307703841E0,4.892463101165E1);
#1280=ORIENTED_EDGE('',*,*,#1279,.T.);
#1282=ORIENTED_EDGE('',*,*,#1281,.F.);
#1283=ORIENTED_EDGE('',*,*,#1266,.F.);
#1285=ORIENTED_EDGE('',*,*,#1284,.T.);
#1286=EDGE_LOOP('',(#1280,#1282,#1283,#1285));
#1287=FACE_OUTER_BOUND('',#1286,.F.);
#1288=ADVANCED_FACE('',(#1287),#1278,.F.);
#1289=CARTESIAN_POINT('',(0.E0,0.E0,0.E0));
#1290=DIRECTION('',(-1.E0,0.E0,0.E0));
#1291=DIRECTION('',(0.E0,0.E0,1.E0));
#1292=AXIS2_PLACEMENT_3D('',#1289,#1290,#1291);
#1293=CYLINDRICAL_SURFACE('',#1292,8.75E0);
#1294=ORIENTED_EDGE('',*,*,#1279,.F.);
#1296=ORIENTED_EDGE('',*,*,#1295,.F.);
#1298=ORIENTED_EDGE('',*,*,#1297,.F.);
#1300=ORIENTED_EDGE('',*,*,#1299,.T.);
#1301=EDGE_LOOP('',(#1294,#1296,#1298,#1300));
#1302=FACE_OUTER_BOUND('',#1301,.F.);
#1303=ADVANCED_FACE('',(#1302),#1293,.F.);
#1304=CARTESIAN_POINT('',(0.E0,0.E0,0.E0));
#1305=DIRECTION('',(-1.E0,0.E0,0.E0));
#1306=DIRECTION('',(0.E0,0.E0,1.E0));
#1307=AXIS2_PLACEMENT_3D('',#1304,#1305,#1306);
#1308=CYLINDRICAL_SURFACE('',#1307,8.75E0);
#1310=ORIENTED_EDGE('',*,*,#1309,.F.);
#1311=ORIENTED_EDGE('',*,*,#1299,.F.);
#1313=ORIENTED_EDGE('',*,*,#1312,.F.);
#1314=ORIENTED_EDGE('',*,*,#1295,.T.);
#1315=EDGE_LOOP('',(#1310,#1311,#1313,#1314));
#1316=FACE_OUTER_BOUND('',#1315,.F.);
#1317=ADVANCED_FACE('',(#1316),#1308,.F.);
#1318=CARTESIAN_POINT('',(3.317147438300E0,0.E0,0.E0));
#1319=DIRECTION('',(1.E0,0.E0,0.E0));
#1320=DIRECTION('',(0.E0,0.E0,1.E0));
#1321=AXIS2_PLACEMENT_3D('',#1318,#1319,#1320);
#1322=CONICAL_SURFACE('',#1321,8.712307703841E0,4.892463101165E1);
#1323=ORIENTED_EDGE('',*,*,#1309,.T.);
#1324=ORIENTED_EDGE('',*,*,#1284,.F.);
#1325=ORIENTED_EDGE('',*,*,#1256,.F.);
#1326=ORIENTED_EDGE('',*,*,#1281,.T.);
#1327=EDGE_LOOP('',(#1323,#1324,#1325,#1326));
#1328=FACE_OUTER_BOUND('',#1327,.F.);
#1329=ADVANCED_FACE('',(#1328),#1322,.F.);
#1330=CARTESIAN_POINT('',(3.5E0,1.07E1,0.E0));
#1331=DIRECTION('',(-1.E0,0.E0,0.E0));
#1332=DIRECTION('',(0.E0,0.E0,1.E0));
#1333=AXIS2_PLACEMENT_3D('',#1330,#1331,#1332);
#1334=PLANE('',#1333);
#1336=ORIENTED_EDGE('',*,*,#1335,.T.);
#1338=ORIENTED_EDGE('',*,*,#1337,.T.);
#1339=EDGE_LOOP('',(#1336,#1338));
#1340=FACE_OUTER_BOUND('',#1339,.F.);
#1341=ORIENTED_EDGE('',*,*,#1297,.T.);
#1342=ORIENTED_EDGE('',*,*,#1312,.T.);
#1343=EDGE_LOOP('',(#1341,#1342));
#1344=FACE_BOUND('',#1343,.F.);
#1345=ADVANCED_FACE('',(#1340,#1344),#1334,.F.);
#1346=CARTESIAN_POINT('',(3.2E0,0.E0,0.E0));
#1347=DIRECTION('',(-1.E0,0.E0,0.E0));
#1348=DIRECTION('',(0.E0,0.E0,1.E0));
#1349=AXIS2_PLACEMENT_3D('',#1346,#1347,#1348);
#1350=TOROIDAL_SURFACE('',#1349,1.07E1,3.E-1);
#1351=ORIENTED_EDGE('',*,*,#1335,.F.);
#1353=ORIENTED_EDGE('',*,*,#1352,.T.);
#1355=ORIENTED_EDGE('',*,*,#1354,.T.);
#1357=ORIENTED_EDGE('',*,*,#1356,.F.);
#1358=EDGE_LOOP('',(#1351,#1353,#1355,#1357));
#1359=FACE_OUTER_BOUND('',#1358,.F.);
#1360=ADVANCED_FACE('',(#1359),#1350,.T.);
#1361=CARTESIAN_POINT('',(3.2E0,0.E0,0.E0));
#1362=DIRECTION('',(-1.E0,0.E0,0.E0));
#1363=DIRECTION('',(0.E0,0.E0,1.E0));
#1364=AXIS2_PLACEMENT_3D('',#1361,#1362,#1363);
#1365=TOROIDAL_SURFACE('',#1364,1.07E1,3.E-1);
#1366=ORIENTED_EDGE('',*,*,#1356,.T.);
#1368=ORIENTED_EDGE('',*,*,#1367,.T.);
#1369=ORIENTED_EDGE('',*,*,#1352,.F.);
#1370=ORIENTED_EDGE('',*,*,#1337,.F.);
#1371=EDGE_LOOP('',(#1366,#1368,#1369,#1370));
#1372=FACE_OUTER_BOUND('',#1371,.F.);
#1373=ADVANCED_FACE('',(#1372),#1365,.T.);
#1374=CARTESIAN_POINT('',(0.E0,0.E0,0.E0));
#1375=DIRECTION('',(-1.E0,0.E0,0.E0));
#1376=DIRECTION('',(0.E0,0.E0,1.E0));
#1377=AXIS2_PLACEMENT_3D('',#1374,#1375,#1376);
#1378=CYLINDRICAL_SURFACE('',#1377,1.1E1);
#1380=ORIENTED_EDGE('',*,*,#1379,.T.);
#1382=ORIENTED_EDGE('',*,*,#1381,.F.);
#1384=ORIENTED_EDGE('',*,*,#1383,.F.);
#1385=ORIENTED_EDGE('',*,*,#1367,.F.);
#1386=EDGE_LOOP('',(#1380,#1382,#1384,#1385));
#1387=FACE_OUTER_BOUND('',#1386,.F.);
#1388=ADVANCED_FACE('',(#1387),#1378,.T.);
#1389=CARTESIAN_POINT('',(0.E0,0.E0,0.E0));
#1390=DIRECTION('',(-1.E0,0.E0,0.E0));
#1391=DIRECTION('',(0.E0,0.E0,1.E0));
#1392=AXIS2_PLACEMENT_3D('',#1389,#1390,#1391);
#1393=CYLINDRICAL_SURFACE('',#1392,1.1E1);
#1394=ORIENTED_EDGE('',*,*,#1354,.F.);
#1395=ORIENTED_EDGE('',*,*,#1383,.T.);
#1397=ORIENTED_EDGE('',*,*,#1396,.F.);
#1398=ORIENTED_EDGE('',*,*,#1379,.F.);
#1399=EDGE_LOOP('',(#1394,#1395,#1397,#1398));
#1400=FACE_OUTER_BOUND('',#1399,.F.);
#1401=ADVANCED_FACE('',(#1400),#1393,.T.);
#1402=CARTESIAN_POINT('',(-3.2E0,0.E0,0.E0));
#1403=DIRECTION('',(-1.E0,0.E0,0.E0));
#1404=DIRECTION('',(0.E0,0.E0,1.E0));
#1405=AXIS2_PLACEMENT_3D('',#1402,#1403,#1404);
#1406=TOROIDAL_SURFACE('',#1405,1.07E1,3.E-1);
#1407=ORIENTED_EDGE('',*,*,#1396,.T.);
#1409=ORIENTED_EDGE('',*,*,#1408,.T.);
#1411=ORIENTED_EDGE('',*,*,#1410,.F.);
#1413=ORIENTED_EDGE('',*,*,#1412,.F.);
#1414=EDGE_LOOP('',(#1407,#1409,#1411,#1413));
#1415=FACE_OUTER_BOUND('',#1414,.F.);
#1416=ADVANCED_FACE('',(#1415),#1406,.T.);
#1417=CARTESIAN_POINT('',(-3.2E0,0.E0,0.E0));
#1418=DIRECTION('',(-1.E0,0.E0,0.E0));
#1419=DIRECTION('',(0.E0,0.E0,1.E0));
#1420=AXIS2_PLACEMENT_3D('',#1417,#1418,#1419);
#1421=TOROIDAL_SURFACE('',#1420,1.07E1,3.E-1);
#1422=ORIENTED_EDGE('',*,*,#1412,.T.);
#1424=ORIENTED_EDGE('',*,*,#1423,.F.);
#1425=ORIENTED_EDGE('',*,*,#1408,.F.);
#1426=ORIENTED_EDGE('',*,*,#1381,.T.);
#1427=EDGE_LOOP('',(#1422,#1424,#1425,#1426));
#1428=FACE_OUTER_BOUND('',#1427,.F.);
#1429=ADVANCED_FACE('',(#1428),#1421,.T.);
#1430=CARTESIAN_POINT('',(-3.5E0,8.75E0,0.E0));
#1431=DIRECTION('',(1.E0,0.E0,0.E0));
#1432=DIRECTION('',(0.E0,0.E0,-1.E0));
#1433=AXIS2_PLACEMENT_3D('',#1430,#1431,#1432);
#1434=PLANE('',#1433);
#1435=ORIENTED_EDGE('',*,*,#1410,.T.);
#1436=ORIENTED_EDGE('',*,*,#1423,.T.);
#1437=EDGE_LOOP('',(#1435,#1436));
#1438=FACE_OUTER_BOUND('',#1437,.F.);
#1440=ORIENTED_EDGE('',*,*,#1439,.T.);
#1442=ORIENTED_EDGE('',*,*,#1441,.T.);
#1443=EDGE_LOOP('',(#1440,#1442));
#1444=FACE_BOUND('',#1443,.F.);
#1445=ADVANCED_FACE('',(#1438,#1444),#1434,.F.);
#1446=CARTESIAN_POINT('',(0.E0,0.E0,0.E0));
#1447=DIRECTION('',(-1.E0,0.E0,0.E0));
#1448=DIRECTION('',(0.E0,0.E0,1.E0));
#1449=AXIS2_PLACEMENT_3D('',#1446,#1447,#1448);
#1450=CYLINDRICAL_SURFACE('',#1449,8.75E0);
#1452=ORIENTED_EDGE('',*,*,#1451,.T.);
#1454=ORIENTED_EDGE('',*,*,#1453,.T.);
#1455=ORIENTED_EDGE('',*,*,#1439,.F.);
#1457=ORIENTED_EDGE('',*,*,#1456,.F.);
#1458=EDGE_LOOP('',(#1452,#1454,#1455,#1457));
#1459=FACE_OUTER_BOUND('',#1458,.F.);
#1460=ADVANCED_FACE('',(#1459),#1450,.F.);
#1461=CARTESIAN_POINT('',(-3.317147438300E0,0.E0,0.E0));
#1462=DIRECTION('',(-1.E0,0.E0,0.E0));
#1463=DIRECTION('',(0.E0,0.E0,1.E0));
#1464=AXIS2_PLACEMENT_3D('',#1461,#1462,#1463);
#1465=CONICAL_SURFACE('',#1464,8.712307703841E0,4.892463101165E1);
#1466=ORIENTED_EDGE('',*,*,#1451,.F.);
#1468=ORIENTED_EDGE('',*,*,#1467,.F.);
#1470=ORIENTED_EDGE('',*,*,#1469,.T.);
#1472=ORIENTED_EDGE('',*,*,#1471,.T.);
#1473=EDGE_LOOP('',(#1466,#1468,#1470,#1472));
#1474=FACE_OUTER_BOUND('',#1473,.F.);
#1475=ADVANCED_FACE('',(#1474),#1465,.F.);
#1476=CARTESIAN_POINT('',(-3.317147438300E0,0.E0,0.E0));
#1477=DIRECTION('',(-1.E0,0.E0,0.E0));
#1478=DIRECTION('',(0.E0,0.E0,1.E0));
#1479=AXIS2_PLACEMENT_3D('',#1476,#1477,#1478);
#1480=CONICAL_SURFACE('',#1479,8.712307703841E0,4.892463101165E1);
#1482=ORIENTED_EDGE('',*,*,#1481,.F.);
#1483=ORIENTED_EDGE('',*,*,#1471,.F.);
#1485=ORIENTED_EDGE('',*,*,#1484,.T.);
#1486=ORIENTED_EDGE('',*,*,#1467,.T.);
#1487=EDGE_LOOP('',(#1482,#1483,#1485,#1486));
#1488=FACE_OUTER_BOUND('',#1487,.F.);
#1489=ADVANCED_FACE('',(#1488),#1480,.F.);
#1490=CARTESIAN_POINT('',(0.E0,0.E0,0.E0));
#1491=DIRECTION('',(-1.E0,0.E0,0.E0));
#1492=DIRECTION('',(0.E0,0.E0,1.E0));
#1493=AXIS2_PLACEMENT_3D('',#1490,#1491,#1492);
#1494=CYLINDRICAL_SURFACE('',#1493,8.75E0);
#1495=ORIENTED_EDGE('',*,*,#1481,.T.);
#1496=ORIENTED_EDGE('',*,*,#1456,.T.);
#1497=ORIENTED_EDGE('',*,*,#1441,.F.);
#1498=ORIENTED_EDGE('',*,*,#1453,.F.);
#1499=EDGE_LOOP('',(#1495,#1496,#1497,#1498));
#1500=FACE_OUTER_BOUND('',#1499,.F.);
#1501=ADVANCED_FACE('',(#1500),#1494,.F.);
#1502=CARTESIAN_POINT('',(-3.183573719150E0,0.E0,0.E0));
#1503=DIRECTION('',(1.E0,0.E0,0.E0));
#1504=DIRECTION('',(0.E0,0.E0,-1.E0));
#1505=AXIS2_PLACEMENT_3D('',#1502,#1503,#1504);
#1506=CONICAL_SURFACE('',#1505,8.762403851920E0,4.107536898835E1);
#1507=ORIENTED_EDGE('',*,*,#1484,.F.);
#1509=ORIENTED_EDGE('',*,*,#1508,.T.);
#1511=ORIENTED_EDGE('',*,*,#1510,.F.);
#1513=ORIENTED_EDGE('',*,*,#1512,.F.);
#1514=EDGE_LOOP('',(#1507,#1509,#1511,#1513));
#1515=FACE_OUTER_BOUND('',#1514,.F.);
#1516=ADVANCED_FACE('',(#1515),#1506,.F.);
#1517=CARTESIAN_POINT('',(-3.183573719150E0,0.E0,0.E0));
#1518=DIRECTION('',(1.E0,0.E0,0.E0));
#1519=DIRECTION('',(0.E0,0.E0,-1.E0));
#1520=AXIS2_PLACEMENT_3D('',#1517,#1518,#1519);
#1521=CONICAL_SURFACE('',#1520,8.762403851920E0,4.107536898835E1);
#1522=ORIENTED_EDGE('',*,*,#1512,.T.);
#1524=ORIENTED_EDGE('',*,*,#1523,.F.);
#1525=ORIENTED_EDGE('',*,*,#1508,.F.);
#1526=ORIENTED_EDGE('',*,*,#1469,.F.);
#1527=EDGE_LOOP('',(#1522,#1524,#1525,#1526));
#1528=FACE_OUTER_BOUND('',#1527,.F.);
#1529=ADVANCED_FACE('',(#1528),#1521,.F.);
#1530=CARTESIAN_POINT('',(-3.05E0,0.E0,0.E0));
#1531=DIRECTION('',(-1.E0,0.E0,0.E0));
#1532=DIRECTION('',(0.E0,0.E0,1.E0));
#1533=AXIS2_PLACEMENT_3D('',#1530,#1531,#1532);
#1534=TOROIDAL_SURFACE('',#1533,8.8125E0,5.E-2);
#1536=ORIENTED_EDGE('',*,*,#1535,.T.);
#1537=ORIENTED_EDGE('',*,*,#1523,.T.);
#1539=ORIENTED_EDGE('',*,*,#1538,.T.);
#1541=ORIENTED_EDGE('',*,*,#1540,.F.);
#1542=EDGE_LOOP('',(#1536,#1537,#1539,#1541));
#1543=FACE_OUTER_BOUND('',#1542,.F.);
#1544=ADVANCED_FACE('',(#1543),#1534,.F.);
#1545=CARTESIAN_POINT('',(-3.05E0,0.E0,0.E0));
#1546=DIRECTION('',(-1.E0,0.E0,0.E0));
#1547=DIRECTION('',(0.E0,0.E0,1.E0));
#1548=AXIS2_PLACEMENT_3D('',#1545,#1546,#1547);
#1549=TOROIDAL_SURFACE('',#1548,8.8125E0,5.E-2);
#1551=ORIENTED_EDGE('',*,*,#1550,.F.);
#1552=ORIENTED_EDGE('',*,*,#1538,.F.);
#1553=ORIENTED_EDGE('',*,*,#1510,.T.);
#1554=ORIENTED_EDGE('',*,*,#1535,.F.);
#1555=EDGE_LOOP('',(#1551,#1552,#1553,#1554));
#1556=FACE_OUTER_BOUND('',#1555,.F.);
#1557=ADVANCED_FACE('',(#1556),#1549,.F.);
#1558=CARTESIAN_POINT('',(-3.E0,8.65625E0,0.E0));
#1559=DIRECTION('',(1.E0,0.E0,0.E0));
#1560=DIRECTION('',(0.E0,0.E0,-1.E0));
#1561=AXIS2_PLACEMENT_3D('',#1558,#1559,#1560);
#1562=PLANE('',#1561);
#1563=ORIENTED_EDGE('',*,*,#1540,.T.);
#1564=ORIENTED_EDGE('',*,*,#1550,.T.);
#1565=EDGE_LOOP('',(#1563,#1564));
#1566=FACE_OUTER_BOUND('',#1565,.F.);
#1568=ORIENTED_EDGE('',*,*,#1567,.T.);
#1570=ORIENTED_EDGE('',*,*,#1569,.T.);
#1571=EDGE_LOOP('',(#1568,#1570));
#1572=FACE_BOUND('',#1571,.F.);
#1573=ADVANCED_FACE('',(#1566,#1572),#1562,.F.);
#1574=CARTESIAN_POINT('',(-3.384425725707E0,0.E0,0.E0));
#1575=DIRECTION('',(-1.E0,0.E0,0.E0));
#1576=DIRECTION('',(0.E0,0.E0,1.E0));
#1577=AXIS2_PLACEMENT_3D('',#1574,#1575,#1576);
#1578=TOROIDAL_SURFACE('',#1577,8.65625E0,3.844257257075E-1);
#1580=ORIENTED_EDGE('',*,*,#1579,.T.);
#1581=ORIENTED_EDGE('',*,*,#1567,.F.);
#1583=ORIENTED_EDGE('',*,*,#1582,.F.);
#1585=ORIENTED_EDGE('',*,*,#1584,.T.);
#1586=EDGE_LOOP('',(#1580,#1581,#1583,#1585));
#1587=FACE_OUTER_BOUND('',#1586,.F.);
#1588=ADVANCED_FACE('',(#1587),#1578,.F.);
#1589=CARTESIAN_POINT('',(-3.384425725707E0,0.E0,0.E0));
#1590=DIRECTION('',(-1.E0,0.E0,0.E0));
#1591=DIRECTION('',(0.E0,0.E0,1.E0));
#1592=AXIS2_PLACEMENT_3D('',#1589,#1590,#1591);
#1593=TOROIDAL_SURFACE('',#1592,8.65625E0,3.844257257075E-1);
#1595=ORIENTED_EDGE('',*,*,#1594,.T.);
#1596=ORIENTED_EDGE('',*,*,#1582,.T.);
#1597=ORIENTED_EDGE('',*,*,#1569,.F.);
#1598=ORIENTED_EDGE('',*,*,#1579,.F.);
#1599=EDGE_LOOP('',(#1595,#1596,#1597,#1598));
#1600=FACE_OUTER_BOUND('',#1599,.F.);
#1601=ADVANCED_FACE('',(#1600),#1593,.F.);
#1602=CARTESIAN_POINT('',(-3.232955674997E0,0.E0,0.E0));
#1603=DIRECTION('',(1.E0,0.E0,0.E0));
#1604=DIRECTION('',(0.E0,0.E0,-1.E0));
#1605=AXIS2_PLACEMENT_3D('',#1602,#1603,#1604);
#1606=CONICAL_SURFACE('',#1605,8.208705138068E0,5.424611274556E1);
#1608=ORIENTED_EDGE('',*,*,#1607,.T.);
#1609=ORIENTED_EDGE('',*,*,#1594,.F.);
#1611=ORIENTED_EDGE('',*,*,#1610,.F.);
#1613=ORIENTED_EDGE('',*,*,#1612,.F.);
#1614=EDGE_LOOP('',(#1608,#1609,#1611,#1613));
#1615=FACE_OUTER_BOUND('',#1614,.F.);
#1616=ADVANCED_FACE('',(#1615),#1606,.T.);
#1617=CARTESIAN_POINT('',(-3.232955674997E0,0.E0,0.E0));
#1618=DIRECTION('',(1.E0,0.E0,0.E0));
#1619=DIRECTION('',(0.E0,0.E0,-1.E0));
#1620=AXIS2_PLACEMENT_3D('',#1617,#1618,#1619);
#1621=CONICAL_SURFACE('',#1620,8.208705138068E0,5.424611274556E1);
#1623=ORIENTED_EDGE('',*,*,#1622,.F.);
#1624=ORIENTED_EDGE('',*,*,#1610,.T.);
#1625=ORIENTED_EDGE('',*,*,#1584,.F.);
#1626=ORIENTED_EDGE('',*,*,#1607,.F.);
#1627=EDGE_LOOP('',(#1623,#1624,#1625,#1626));
#1628=FACE_OUTER_BOUND('',#1627,.F.);
#1629=ADVANCED_FACE('',(#1628),#1621,.T.);
#1630=CARTESIAN_POINT('',(-3.15E0,0.E0,0.E0));
#1631=DIRECTION('',(-1.E0,0.E0,0.E0));
#1632=DIRECTION('',(0.E0,0.E0,1.E0));
#1633=AXIS2_PLACEMENT_3D('',#1630,#1631,#1632);
#1634=TOROIDAL_SURFACE('',#1633,7.810490626650E0,3.E-1);
#1635=ORIENTED_EDGE('',*,*,#1622,.T.);
#1637=ORIENTED_EDGE('',*,*,#1636,.T.);
#1639=ORIENTED_EDGE('',*,*,#1638,.F.);
#1641=ORIENTED_EDGE('',*,*,#1640,.F.);
#1642=EDGE_LOOP('',(#1635,#1637,#1639,#1641));
#1643=FACE_OUTER_BOUND('',#1642,.F.);
#1644=ADVANCED_FACE('',(#1643),#1634,.T.);
#1645=CARTESIAN_POINT('',(-3.15E0,0.E0,0.E0));
#1646=DIRECTION('',(-1.E0,0.E0,0.E0));
#1647=DIRECTION('',(0.E0,0.E0,1.E0));
#1648=AXIS2_PLACEMENT_3D('',#1645,#1646,#1647);
#1649=TOROIDAL_SURFACE('',#1648,7.810490626650E0,3.E-1);
#1650=ORIENTED_EDGE('',*,*,#1640,.T.);
#1652=ORIENTED_EDGE('',*,*,#1651,.F.);
#1653=ORIENTED_EDGE('',*,*,#1636,.F.);
#1654=ORIENTED_EDGE('',*,*,#1612,.T.);
#1655=EDGE_LOOP('',(#1650,#1652,#1653,#1654));
#1656=FACE_OUTER_BOUND('',#1655,.F.);
#1657=ADVANCED_FACE('',(#1656),#1649,.T.);
#1658=CARTESIAN_POINT('',(-3.45E0,7.810490626650E0,0.E0));
#1659=DIRECTION('',(1.E0,0.E0,0.E0));
#1660=DIRECTION('',(0.E0,0.E0,-1.E0));
#1661=AXIS2_PLACEMENT_3D('',#1658,#1659,#1660);
#1662=PLANE('',#1661);
#1663=ORIENTED_EDGE('',*,*,#1638,.T.);
#1664=ORIENTED_EDGE('',*,*,#1651,.T.);
#1665=EDGE_LOOP('',(#1663,#1664));
#1666=FACE_OUTER_BOUND('',#1665,.F.);
#1668=ORIENTED_EDGE('',*,*,#1667,.T.);
#1670=ORIENTED_EDGE('',*,*,#1669,.T.);
#1671=EDGE_LOOP('',(#1668,#1670));
#1672=FACE_BOUND('',#1671,.F.);
#1673=ADVANCED_FACE('',(#1666,#1672),#1662,.F.);
#1674=CARTESIAN_POINT('',(0.E0,0.E0,0.E0));
#1675=DIRECTION('',(-1.E0,0.E0,0.E0));
#1676=DIRECTION('',(0.E0,0.E0,1.E0));
#1677=AXIS2_PLACEMENT_3D('',#1674,#1675,#1676);
#1678=CYLINDRICAL_SURFACE('',#1677,5.75E0);
#1680=ORIENTED_EDGE('',*,*,#1679,.T.);
#1681=ORIENTED_EDGE('',*,*,#1667,.F.);
#1683=ORIENTED_EDGE('',*,*,#1682,.F.);
#1685=ORIENTED_EDGE('',*,*,#1684,.F.);
#1686=EDGE_LOOP('',(#1680,#1681,#1683,#1685));
#1687=FACE_OUTER_BOUND('',#1686,.F.);
#1688=ADVANCED_FACE('',(#1687),#1678,.F.);
#1689=CARTESIAN_POINT('',(0.E0,0.E0,0.E0));
#1690=DIRECTION('',(-1.E0,0.E0,0.E0));
#1691=DIRECTION('',(0.E0,0.E0,1.E0));
#1692=AXIS2_PLACEMENT_3D('',#1689,#1690,#1691);
#1693=CYLINDRICAL_SURFACE('',#1692,5.75E0);
#1695=ORIENTED_EDGE('',*,*,#1694,.F.);
#1696=ORIENTED_EDGE('',*,*,#1682,.T.);
#1697=ORIENTED_EDGE('',*,*,#1669,.F.);
#1698=ORIENTED_EDGE('',*,*,#1679,.F.);
#1699=EDGE_LOOP('',(#1695,#1696,#1697,#1698));
#1700=FACE_OUTER_BOUND('',#1699,.F.);
#1701=ADVANCED_FACE('',(#1700),#1693,.F.);
#1702=CARTESIAN_POINT('',(-3.35E0,7.810490626650E0,0.E0));
#1703=DIRECTION('',(1.E0,0.E0,0.E0));
#1704=DIRECTION('',(0.E0,0.E0,-1.E0));
#1705=AXIS2_PLACEMENT_3D('',#1702,#1703,#1704);
#1706=PLANE('',#1705);
#1708=ORIENTED_EDGE('',*,*,#1707,.T.);
#1710=ORIENTED_EDGE('',*,*,#1709,.T.);
#1711=EDGE_LOOP('',(#1708,#1710));
#1712=FACE_OUTER_BOUND('',#1711,.F.);
#1713=ORIENTED_EDGE('',*,*,#1684,.T.);
#1714=ORIENTED_EDGE('',*,*,#1694,.T.);
#1715=EDGE_LOOP('',(#1713,#1714));
#1716=FACE_BOUND('',#1715,.F.);
#1717=ADVANCED_FACE('',(#1712,#1716),#1706,.T.);
#1718=CARTESIAN_POINT('',(-3.15E0,0.E0,0.E0));
#1719=DIRECTION('',(-1.E0,0.E0,0.E0));
#1720=DIRECTION('',(0.E0,0.E0,1.E0));
#1721=AXIS2_PLACEMENT_3D('',#1718,#1719,#1720);
#1722=TOROIDAL_SURFACE('',#1721,7.810490626650E0,2.E-1);
#1724=ORIENTED_EDGE('',*,*,#1723,.T.);
#1725=ORIENTED_EDGE('',*,*,#1707,.F.);
#1727=ORIENTED_EDGE('',*,*,#1726,.F.);
#1729=ORIENTED_EDGE('',*,*,#1728,.T.);
#1730=EDGE_LOOP('',(#1724,#1725,#1727,#1729));
#1731=FACE_OUTER_BOUND('',#1730,.F.);
#1732=ADVANCED_FACE('',(#1731),#1722,.F.);
#1733=CARTESIAN_POINT('',(-3.15E0,0.E0,0.E0));
#1734=DIRECTION('',(-1.E0,0.E0,0.E0));
#1735=DIRECTION('',(0.E0,0.E0,1.E0));
#1736=AXIS2_PLACEMENT_3D('',#1733,#1734,#1735);
#1737=TOROIDAL_SURFACE('',#1736,7.810490626650E0,2.E-1);
#1739=ORIENTED_EDGE('',*,*,#1738,.T.);
#1740=ORIENTED_EDGE('',*,*,#1726,.T.);
#1741=ORIENTED_EDGE('',*,*,#1709,.F.);
#1742=ORIENTED_EDGE('',*,*,#1723,.F.);
#1743=EDGE_LOOP('',(#1739,#1740,#1741,#1742));
#1744=FACE_OUTER_BOUND('',#1743,.F.);
#1745=ADVANCED_FACE('',(#1744),#1737,.F.);
#1746=CARTESIAN_POINT('',(-3.151802240852E0,0.E0,0.E0));
#1747=DIRECTION('',(1.E0,0.E0,0.E0));
#1748=DIRECTION('',(0.E0,0.E0,-1.E0));
#1749=AXIS2_PLACEMENT_3D('',#1746,#1747,#1748);
#1750=CONICAL_SURFACE('',#1749,8.150274665484E0,5.424611274556E1);
#1751=ORIENTED_EDGE('',*,*,#1738,.F.);
#1753=ORIENTED_EDGE('',*,*,#1752,.T.);
#1755=ORIENTED_EDGE('',*,*,#1754,.F.);
#1757=ORIENTED_EDGE('',*,*,#1756,.F.);
#1758=EDGE_LOOP('',(#1751,#1753,#1755,#1757));
#1759=FACE_OUTER_BOUND('',#1758,.F.);
#1760=ADVANCED_FACE('',(#1759),#1750,.F.);
#1761=CARTESIAN_POINT('',(-3.151802240852E0,0.E0,0.E0));
#1762=DIRECTION('',(1.E0,0.E0,0.E0));
#1763=DIRECTION('',(0.E0,0.E0,-1.E0));
#1764=AXIS2_PLACEMENT_3D('',#1761,#1762,#1763);
#1765=CONICAL_SURFACE('',#1764,8.150274665484E0,5.424611274556E1);
#1766=ORIENTED_EDGE('',*,*,#1756,.T.);
#1768=ORIENTED_EDGE('',*,*,#1767,.F.);
#1769=ORIENTED_EDGE('',*,*,#1752,.F.);
#1770=ORIENTED_EDGE('',*,*,#1728,.F.);
#1771=EDGE_LOOP('',(#1766,#1768,#1769,#1770));
#1772=FACE_OUTER_BOUND('',#1771,.F.);
#1773=ADVANCED_FACE('',(#1772),#1765,.F.);
#1774=CARTESIAN_POINT('',(-3.384425725707E0,0.E0,0.E0));
#1775=DIRECTION('',(-1.E0,0.E0,0.E0));
#1776=DIRECTION('',(0.E0,0.E0,1.E0));
#1777=AXIS2_PLACEMENT_3D('',#1774,#1775,#1776);
#1778=TOROIDAL_SURFACE('',#1777,8.65625E0,4.844257257075E-1);
#1780=ORIENTED_EDGE('',*,*,#1779,.T.);
#1782=ORIENTED_EDGE('',*,*,#1781,.F.);
#1783=ORIENTED_EDGE('',*,*,#1767,.T.);
#1785=ORIENTED_EDGE('',*,*,#1784,.T.);
#1786=EDGE_LOOP('',(#1780,#1782,#1783,#1785));
#1787=FACE_OUTER_BOUND('',#1786,.F.);
#1788=ADVANCED_FACE('',(#1787),#1778,.T.);
#1789=CARTESIAN_POINT('',(-2.9E0,8.5E0,0.E0));
#1790=DIRECTION('',(1.E0,0.E0,0.E0));
#1791=DIRECTION('',(0.E0,0.E0,-1.E0));
#1792=AXIS2_PLACEMENT_3D('',#1789,#1790,#1791);
#1793=PLANE('',#1792);
#1794=ORIENTED_EDGE('',*,*,#1779,.F.);
#1796=ORIENTED_EDGE('',*,*,#1795,.F.);
#1797=EDGE_LOOP('',(#1794,#1796));
#1798=FACE_OUTER_BOUND('',#1797,.F.);
#1800=ORIENTED_EDGE('',*,*,#1799,.T.);
#1802=ORIENTED_EDGE('',*,*,#1801,.T.);
#1803=EDGE_LOOP('',(#1800,#1802));
#1804=FACE_BOUND('',#1803,.F.);
#1805=ADVANCED_FACE('',(#1798,#1804),#1793,.F.);
#1806=CARTESIAN_POINT('',(-3.384425725707E0,0.E0,0.E0));
#1807=DIRECTION('',(-1.E0,0.E0,0.E0));
#1808=DIRECTION('',(0.E0,0.E0,1.E0));
#1809=AXIS2_PLACEMENT_3D('',#1806,#1807,#1808);
#1810=TOROIDAL_SURFACE('',#1809,8.65625E0,4.844257257075E-1);
#1811=ORIENTED_EDGE('',*,*,#1795,.T.);
#1812=ORIENTED_EDGE('',*,*,#1784,.F.);
#1813=ORIENTED_EDGE('',*,*,#1754,.T.);
#1814=ORIENTED_EDGE('',*,*,#1781,.T.);
#1815=EDGE_LOOP('',(#1811,#1812,#1813,#1814));
#1816=FACE_OUTER_BOUND('',#1815,.F.);
#1817=ADVANCED_FACE('',(#1816),#1810,.T.);
#1818=CARTESIAN_POINT('',(0.E0,0.E0,0.E0));
#1819=DIRECTION('',(-1.E0,0.E0,0.E0));
#1820=DIRECTION('',(0.E0,0.E0,1.E0));
#1821=AXIS2_PLACEMENT_3D('',#1818,#1819,#1820);
#1822=CYLINDRICAL_SURFACE('',#1821,8.5E0);
#1824=ORIENTED_EDGE('',*,*,#1823,.T.);
#1825=ORIENTED_EDGE('',*,*,#1799,.F.);
#1827=ORIENTED_EDGE('',*,*,#1826,.F.);
#1829=ORIENTED_EDGE('',*,*,#1828,.F.);
#1830=EDGE_LOOP('',(#1824,#1825,#1827,#1829));
#1831=FACE_OUTER_BOUND('',#1830,.F.);
#1832=ADVANCED_FACE('',(#1831),#1822,.F.);
#1833=CARTESIAN_POINT('',(0.E0,0.E0,0.E0));
#1834=DIRECTION('',(-1.E0,0.E0,0.E0));
#1835=DIRECTION('',(0.E0,0.E0,1.E0));
#1836=AXIS2_PLACEMENT_3D('',#1833,#1834,#1835);
#1837=CYLINDRICAL_SURFACE('',#1836,8.5E0);
#1839=ORIENTED_EDGE('',*,*,#1838,.F.);
#1840=ORIENTED_EDGE('',*,*,#1826,.T.);
#1841=ORIENTED_EDGE('',*,*,#1801,.F.);
#1842=ORIENTED_EDGE('',*,*,#1823,.F.);
#1843=EDGE_LOOP('',(#1839,#1840,#1841,#1842));
#1844=FACE_OUTER_BOUND('',#1843,.F.);
#1845=ADVANCED_FACE('',(#1844),#1837,.F.);
#1846=CARTESIAN_POINT('',(0.E0,0.E0,0.E0));
#1847=DIRECTION('',(-1.E0,0.E0,0.E0));
#1848=DIRECTION('',(0.E0,0.E0,1.E0));
#1849=AXIS2_PLACEMENT_3D('',#1846,#1847,#1848);
#1850=TOROIDAL_SURFACE('',#1849,7.25E0,2.E0);
#1852=ORIENTED_EDGE('',*,*,#1851,.T.);
#1854=ORIENTED_EDGE('',*,*,#1853,.T.);
#1856=ORIENTED_EDGE('',*,*,#1855,.T.);
#1857=ORIENTED_EDGE('',*,*,#1838,.T.);
#1859=ORIENTED_EDGE('',*,*,#1858,.F.);
#1861=ORIENTED_EDGE('',*,*,#1860,.F.);
#1862=EDGE_LOOP('',(#1852,#1854,#1856,#1857,#1859,#1861));
#1863=FACE_OUTER_BOUND('',#1862,.F.);
#1864=ADVANCED_FACE('',(#1863),#1850,.F.);
#1865=CARTESIAN_POINT('',(0.E0,0.E0,0.E0));
#1866=DIRECTION('',(-1.E0,0.E0,0.E0));
#1867=DIRECTION('',(0.E0,0.E0,1.E0));
#1868=AXIS2_PLACEMENT_3D('',#1865,#1866,#1867);
#1869=CYLINDRICAL_SURFACE('',#1868,8.5E0);
#1871=ORIENTED_EDGE('',*,*,#1870,.F.);
#1873=ORIENTED_EDGE('',*,*,#1872,.T.);
#1874=ORIENTED_EDGE('',*,*,#1851,.F.);
#1876=ORIENTED_EDGE('',*,*,#1875,.F.);
#1877=EDGE_LOOP('',(#1871,#1873,#1874,#1876));
#1878=FACE_OUTER_BOUND('',#1877,.F.);
#1879=ADVANCED_FACE('',(#1878),#1869,.F.);
#1880=CARTESIAN_POINT('',(2.9E0,8.5E0,0.E0));
#1881=DIRECTION('',(-1.E0,0.E0,0.E0));
#1882=DIRECTION('',(0.E0,0.E0,1.E0));
#1883=AXIS2_PLACEMENT_3D('',#1880,#1881,#1882);
#1884=PLANE('',#1883);
#1886=ORIENTED_EDGE('',*,*,#1885,.F.);
#1888=ORIENTED_EDGE('',*,*,#1887,.F.);
#1889=EDGE_LOOP('',(#1886,#1888));
#1890=FACE_OUTER_BOUND('',#1889,.F.);
#1892=ORIENTED_EDGE('',*,*,#1891,.T.);
#1893=ORIENTED_EDGE('',*,*,#1870,.T.);
#1894=EDGE_LOOP('',(#1892,#1893));
#1895=FACE_BOUND('',#1894,.F.);
#1896=ADVANCED_FACE('',(#1890,#1895),#1884,.F.);
#1897=CARTESIAN_POINT('',(3.384425725707E0,0.E0,0.E0));
#1898=DIRECTION('',(1.E0,0.E0,0.E0));
#1899=DIRECTION('',(0.E0,0.E0,1.E0));
#1900=AXIS2_PLACEMENT_3D('',#1897,#1898,#1899);
#1901=TOROIDAL_SURFACE('',#1900,8.65625E0,4.844257257075E-1);
#1902=ORIENTED_EDGE('',*,*,#1885,.T.);
#1904=ORIENTED_EDGE('',*,*,#1903,.F.);
#1905=ORIENTED_EDGE('',*,*,#1007,.T.);
#1907=ORIENTED_EDGE('',*,*,#1906,.T.);
#1908=EDGE_LOOP('',(#1902,#1904,#1905,#1907));
#1909=FACE_OUTER_BOUND('',#1908,.F.);
#1910=ADVANCED_FACE('',(#1909),#1901,.T.);
#1911=CARTESIAN_POINT('',(3.384425725707E0,0.E0,0.E0));
#1912=DIRECTION('',(1.E0,0.E0,0.E0));
#1913=DIRECTION('',(0.E0,0.E0,1.E0));
#1914=AXIS2_PLACEMENT_3D('',#1911,#1912,#1913);
#1915=TOROIDAL_SURFACE('',#1914,8.65625E0,4.844257257075E-1);
#1916=ORIENTED_EDGE('',*,*,#1887,.T.);
#1917=ORIENTED_EDGE('',*,*,#1906,.F.);
#1918=ORIENTED_EDGE('',*,*,#1024,.T.);
#1919=ORIENTED_EDGE('',*,*,#1903,.T.);
#1920=EDGE_LOOP('',(#1916,#1917,#1918,#1919));
#1921=FACE_OUTER_BOUND('',#1920,.F.);
#1922=ADVANCED_FACE('',(#1921),#1915,.T.);
#1923=CARTESIAN_POINT('',(0.E0,0.E0,0.E0));
#1924=DIRECTION('',(-1.E0,0.E0,0.E0));
#1925=DIRECTION('',(0.E0,0.E0,1.E0));
#1926=AXIS2_PLACEMENT_3D('',#1923,#1924,#1925);
#1927=CYLINDRICAL_SURFACE('',#1926,8.5E0);
#1928=ORIENTED_EDGE('',*,*,#1875,.T.);
#1930=ORIENTED_EDGE('',*,*,#1929,.F.);
#1931=ORIENTED_EDGE('',*,*,#1872,.F.);
#1932=ORIENTED_EDGE('',*,*,#1891,.F.);
#1933=EDGE_LOOP('',(#1928,#1930,#1931,#1932));
#1934=FACE_OUTER_BOUND('',#1933,.F.);
#1935=ADVANCED_FACE('',(#1934),#1927,.F.);
#1936=CARTESIAN_POINT('',(0.E0,0.E0,0.E0));
#1937=DIRECTION('',(-1.E0,0.E0,0.E0));
#1938=DIRECTION('',(0.E0,0.E0,1.E0));
#1939=AXIS2_PLACEMENT_3D('',#1936,#1937,#1938);
#1940=TOROIDAL_SURFACE('',#1939,7.25E0,2.E0);
#1941=ORIENTED_EDGE('',*,*,#1858,.T.);
#1942=ORIENTED_EDGE('',*,*,#1828,.T.);
#1943=ORIENTED_EDGE('',*,*,#1855,.F.);
#1944=ORIENTED_EDGE('',*,*,#1853,.F.);
#1945=ORIENTED_EDGE('',*,*,#1929,.T.);
#1946=ORIENTED_EDGE('',*,*,#1860,.T.);
#1947=EDGE_LOOP('',(#1941,#1942,#1943,#1944,#1945,#1946));
#1948=FACE_OUTER_BOUND('',#1947,.F.);
#1949=ADVANCED_FACE('',(#1948),#1940,.F.);
#1950=CLOSED_SHELL('',(#1015,#1029,#1044,#1057,#1073,#1088,#1101,#1117,#1132,
#1145,#1160,#1173,#1188,#1201,#1217,#1232,#1245,#1260,#1273,#1288,#1303,#1317,
#1329,#1345,#1360,#1373,#1388,#1401,#1416,#1429,#1445,#1460,#1475,#1489,#1501,
#1516,#1529,#1544,#1557,#1573,#1588,#1601,#1616,#1629,#1644,#1657,#1673,#1688,
#1701,#1717,#1732,#1745,#1760,#1773,#1788,#1805,#1817,#1832,#1845,#1864,#1879,
#1896,#1910,#1922,#1935,#1949));
#1951=MANIFOLD_SOLID_BREP('',#1950);
#1952=DIRECTION('',(-1.E0,0.E0,7.364165657249E-14));
#1953=VECTOR('',#1952,1.338750500400E0);
#1954=CARTESIAN_POINT('',(-1.561249499600E0,0.E0,-6.E0));
#1955=LINE('',#1954,#1953);
#1956=DIRECTION('',(-1.E0,0.E0,-7.364165657249E-14));
#1957=VECTOR('',#1956,1.338750500400E0);
#1958=CARTESIAN_POINT('',(-1.561249499600E0,0.E0,6.E0));
#1959=LINE('',#1958,#1957);
#1960=CARTESIAN_POINT('',(-1.561249499600E0,0.E0,0.E0));
#1961=DIRECTION('',(-1.E0,0.E0,0.E0));
#1962=DIRECTION('',(0.E0,0.E0,1.E0));
#1963=AXIS2_PLACEMENT_3D('',#1960,#1961,#1962);
#1965=CARTESIAN_POINT('',(0.E0,0.E0,-7.25E0));
#1966=DIRECTION('',(0.E0,1.E0,0.E0));
#1967=DIRECTION('',(-7.806247497999E-1,0.E0,6.249999999999E-1));
#1968=AXIS2_PLACEMENT_3D('',#1965,#1966,#1967);
#1970=CARTESIAN_POINT('',(-1.561249499600E0,0.E0,0.E0));
#1971=DIRECTION('',(-1.E0,0.E0,0.E0));
#1972=DIRECTION('',(0.E0,0.E0,-1.E0));
#1973=AXIS2_PLACEMENT_3D('',#1970,#1971,#1972);
#1975=CARTESIAN_POINT('',(0.E0,0.E0,7.25E0));
#1976=DIRECTION('',(0.E0,-1.E0,0.E0));
#1977=DIRECTION('',(-7.806247497999E-1,0.E0,-6.249999999999E-1));
#1978=AXIS2_PLACEMENT_3D('',#1975,#1976,#1977);
#1980=CARTESIAN_POINT('',(0.E0,0.E0,0.E0));
#1981=DIRECTION('',(-1.E0,0.E0,0.E0));
#1982=DIRECTION('',(0.E0,0.E0,-1.E0));
#1983=AXIS2_PLACEMENT_3D('',#1980,#1981,#1982);
#1985=CARTESIAN_POINT('',(0.E0,0.E0,7.25E0));
#1986=DIRECTION('',(0.E0,-1.E0,0.E0));
#1987=DIRECTION('',(0.E0,0.E0,-1.E0));
#1988=AXIS2_PLACEMENT_3D('',#1985,#1986,#1987);
#1990=CARTESIAN_POINT('',(1.561249499600E0,0.E0,0.E0));
#1991=DIRECTION('',(1.E0,0.E0,0.E0));
#1992=DIRECTION('',(0.E0,0.E0,1.E0));
#1993=AXIS2_PLACEMENT_3D('',#1990,#1991,#1992);
#1995=CARTESIAN_POINT('',(0.E0,0.E0,0.E0));
#1996=DIRECTION('',(-1.E0,0.E0,0.E0));
#1997=DIRECTION('',(0.E0,0.E0,1.E0));
#1998=AXIS2_PLACEMENT_3D('',#1995,#1996,#1997);
#2000=CARTESIAN_POINT('',(0.E0,0.E0,-7.25E0));
#2001=DIRECTION('',(0.E0,1.E0,0.E0));
#2002=DIRECTION('',(0.E0,0.E0,1.E0));
#2003=AXIS2_PLACEMENT_3D('',#2000,#2001,#2002);
#2005=CARTESIAN_POINT('',(1.561249499600E0,0.E0,0.E0));
#2006=DIRECTION('',(1.E0,0.E0,0.E0));
#2007=DIRECTION('',(0.E0,0.E0,-1.E0));
#2008=AXIS2_PLACEMENT_3D('',#2005,#2006,#2007);
#2010=DIRECTION('',(-1.E0,0.E0,7.297821822499E-14));
#2011=VECTOR('',#2010,1.338750500400E0);
#2012=CARTESIAN_POINT('',(2.9E0,0.E0,6.E0));
#2013=LINE('',#2012,#2011);
#2014=CARTESIAN_POINT('',(2.9E0,0.E0,0.E0));
#2015=DIRECTION('',(-1.E0,0.E0,0.E0));
#2016=DIRECTION('',(0.E0,0.E0,1.E0));
#2017=AXIS2_PLACEMENT_3D('',#2014,#2015,#2016);
#2019=CARTESIAN_POINT('',(2.9E0,0.E0,0.E0));
#2020=DIRECTION('',(-1.E0,0.E0,0.E0));
#2021=DIRECTION('',(0.E0,0.E0,-1.E0));
#2022=AXIS2_PLACEMENT_3D('',#2019,#2020,#2021);
#2024=CARTESIAN_POINT('',(2.9E0,0.E0,0.E0));
#2025=DIRECTION('',(1.E0,0.E0,0.E0));
#2026=DIRECTION('',(0.E0,0.E0,-1.E0));
#2027=AXIS2_PLACEMENT_3D('',#2024,#2025,#2026);
#2029=CARTESIAN_POINT('',(2.9E0,0.E0,0.E0));
#2030=DIRECTION('',(1.E0,0.E0,0.E0));
#2031=DIRECTION('',(0.E0,0.E0,1.E0));
#2032=AXIS2_PLACEMENT_3D('',#2029,#2030,#2031);
#2034=DIRECTION('',(-1.E0,0.E0,-7.297821822499E-14));
#2035=VECTOR('',#2034,1.338750500400E0);
#2036=CARTESIAN_POINT('',(2.9E0,0.E0,-6.E0));
#2037=LINE('',#2036,#2035);
#2038=DIRECTION('',(-1.E0,0.E0,0.E0));
#2039=VECTOR('',#2038,6.E-1);
#2040=CARTESIAN_POINT('',(3.5E0,0.E0,5.6875E0));
#2041=LINE('',#2040,#2039);
#2042=CARTESIAN_POINT('',(3.5E0,0.E0,0.E0));
#2043=DIRECTION('',(-1.E0,0.E0,0.E0));
#2044=DIRECTION('',(0.E0,0.E0,1.E0));
#2045=AXIS2_PLACEMENT_3D('',#2042,#2043,#2044);
#2047=CARTESIAN_POINT('',(3.5E0,0.E0,0.E0));
#2048=DIRECTION('',(-1.E0,0.E0,0.E0));
#2049=DIRECTION('',(0.E0,0.E0,-1.E0));
#2050=AXIS2_PLACEMENT_3D('',#2047,#2048,#2049);
#2052=CARTESIAN_POINT('',(3.5E0,0.E0,0.E0));
#2053=DIRECTION('',(1.E0,0.E0,0.E0));
#2054=DIRECTION('',(0.E0,0.E0,-1.E0));
#2055=AXIS2_PLACEMENT_3D('',#2052,#2053,#2054);
#2057=CARTESIAN_POINT('',(3.5E0,0.E0,0.E0));
#2058=DIRECTION('',(1.E0,0.E0,0.E0));
#2059=DIRECTION('',(0.E0,0.E0,1.E0));
#2060=AXIS2_PLACEMENT_3D('',#2057,#2058,#2059);
#2062=DIRECTION('',(-1.E0,0.E0,0.E0));
#2063=VECTOR('',#2062,6.E-1);
#2064=CARTESIAN_POINT('',(3.5E0,0.E0,-5.6875E0));
#2065=LINE('',#2064,#2063);
#2066=CARTESIAN_POINT('',(3.2E0,0.E0,0.E0));
#2067=DIRECTION('',(1.E0,0.E0,0.E0));
#2068=DIRECTION('',(0.E0,0.E0,-1.E0));
#2069=AXIS2_PLACEMENT_3D('',#2066,#2067,#2068);
#2071=CARTESIAN_POINT('',(3.2E0,0.E0,3.8E0));
#2072=DIRECTION('',(0.E0,-1.E0,0.E0));
#2073=DIRECTION('',(0.E0,0.E0,-1.E0));
#2074=AXIS2_PLACEMENT_3D('',#2071,#2072,#2073);
#2076=DIRECTION('',(-1.E0,0.E0,0.E0));
#2077=VECTOR('',#2076,6.4E0);
#2078=CARTESIAN_POINT('',(3.2E0,0.E0,-3.5E0));
#2079=LINE('',#2078,#2077);
#2080=DIRECTION('',(-1.E0,0.E0,0.E0));
#2081=VECTOR('',#2080,6.4E0);
#2082=CARTESIAN_POINT('',(3.2E0,0.E0,3.5E0));
#2083=LINE('',#2082,#2081);
#2084=CARTESIAN_POINT('',(3.2E0,0.E0,-3.8E0));
#2085=DIRECTION('',(0.E0,1.E0,0.E0));
#2086=DIRECTION('',(0.E0,0.E0,1.E0));
#2087=AXIS2_PLACEMENT_3D('',#2084,#2085,#2086);
#2089=CARTESIAN_POINT('',(3.2E0,0.E0,0.E0));
#2090=DIRECTION('',(1.E0,0.E0,0.E0));
#2091=DIRECTION('',(0.E0,0.E0,1.E0));
#2092=AXIS2_PLACEMENT_3D('',#2089,#2090,#2091);
#2094=CARTESIAN_POINT('',(-3.2E0,0.E0,-3.8E0));
#2095=DIRECTION('',(0.E0,1.E0,0.E0));
#2096=DIRECTION('',(-1.E0,0.E0,0.E0));
#2097=AXIS2_PLACEMENT_3D('',#2094,#2095,#2096);
#2099=CARTESIAN_POINT('',(-3.2E0,0.E0,0.E0));
#2100=DIRECTION('',(-1.E0,0.E0,0.E0));
#2101=DIRECTION('',(0.E0,0.E0,-1.E0));
#2102=AXIS2_PLACEMENT_3D('',#2099,#2100,#2101);
#2104=CARTESIAN_POINT('',(-3.2E0,0.E0,3.8E0));
#2105=DIRECTION('',(0.E0,-1.E0,0.E0));
#2106=DIRECTION('',(-1.E0,0.E0,0.E0));
#2107=AXIS2_PLACEMENT_3D('',#2104,#2105,#2106);
#2109=CARTESIAN_POINT('',(-3.2E0,0.E0,0.E0));
#2110=DIRECTION('',(-1.E0,0.E0,0.E0));
#2111=DIRECTION('',(0.E0,0.E0,1.E0));
#2112=AXIS2_PLACEMENT_3D('',#2109,#2110,#2111);
#2114=CARTESIAN_POINT('',(-3.5E0,0.E0,0.E0));
#2115=DIRECTION('',(1.E0,0.E0,0.E0));
#2116=DIRECTION('',(0.E0,0.E0,-1.E0));
#2117=AXIS2_PLACEMENT_3D('',#2114,#2115,#2116);
#2119=CARTESIAN_POINT('',(-3.5E0,0.E0,0.E0));
#2120=DIRECTION('',(1.E0,0.E0,0.E0));
#2121=DIRECTION('',(0.E0,0.E0,1.E0));
#2122=AXIS2_PLACEMENT_3D('',#2119,#2120,#2121);
#2124=CARTESIAN_POINT('',(-3.5E0,0.E0,0.E0));
#2125=DIRECTION('',(-1.E0,0.E0,0.E0));
#2126=DIRECTION('',(0.E0,0.E0,1.E0));
#2127=AXIS2_PLACEMENT_3D('',#2124,#2125,#2126);
#2129=CARTESIAN_POINT('',(-3.5E0,0.E0,0.E0));
#2130=DIRECTION('',(-1.E0,0.E0,0.E0));
#2131=DIRECTION('',(0.E0,0.E0,-1.E0));
#2132=AXIS2_PLACEMENT_3D('',#2129,#2130,#2131);
#2134=DIRECTION('',(-1.E0,0.E0,0.E0));
#2135=VECTOR('',#2134,6.E-1);
#2136=CARTESIAN_POINT('',(-2.9E0,0.E0,5.6875E0));
#2137=LINE('',#2136,#2135);
#2138=CARTESIAN_POINT('',(-2.9E0,0.E0,0.E0));
#2139=DIRECTION('',(1.E0,0.E0,0.E0));
#2140=DIRECTION('',(0.E0,0.E0,-1.E0));
#2141=AXIS2_PLACEMENT_3D('',#2138,#2139,#2140);
#2143=CARTESIAN_POINT('',(-2.9E0,0.E0,0.E0));
#2144=DIRECTION('',(1.E0,0.E0,0.E0));
#2145=DIRECTION('',(0.E0,0.E0,1.E0));
#2146=AXIS2_PLACEMENT_3D('',#2143,#2144,#2145);
#2148=CARTESIAN_POINT('',(-2.9E0,0.E0,0.E0));
#2149=DIRECTION('',(-1.E0,0.E0,0.E0));
#2150=DIRECTION('',(0.E0,0.E0,1.E0));
#2151=AXIS2_PLACEMENT_3D('',#2148,#2149,#2150);
#2153=CARTESIAN_POINT('',(-2.9E0,0.E0,0.E0));
#2154=DIRECTION('',(-1.E0,0.E0,0.E0));
#2155=DIRECTION('',(0.E0,0.E0,-1.E0));
#2156=AXIS2_PLACEMENT_3D('',#2153,#2154,#2155);
#2158=DIRECTION('',(-1.E0,0.E0,0.E0));
#2159=VECTOR('',#2158,6.E-1);
#2160=CARTESIAN_POINT('',(-2.9E0,0.E0,-5.6875E0));
#2161=LINE('',#2160,#2159);
#2162=CARTESIAN_POINT('',(3.2E0,0.E0,3.5E0));
#2163=CARTESIAN_POINT('',(3.2E0,0.E0,-3.5E0));
#2164=VERTEX_POINT('',#2162);
#2165=VERTEX_POINT('',#2163);
#2166=CARTESIAN_POINT('',(-3.2E0,0.E0,3.5E0));
#2167=VERTEX_POINT('',#2166);
#2168=CARTESIAN_POINT('',(-3.2E0,0.E0,-3.5E0));
#2169=VERTEX_POINT('',#2168);
#2170=CARTESIAN_POINT('',(3.5E0,0.E0,-3.8E0));
#2171=VERTEX_POINT('',#2170);
#2172=CARTESIAN_POINT('',(3.5E0,0.E0,3.8E0));
#2173=VERTEX_POINT('',#2172);
#2174=CARTESIAN_POINT('',(-3.5E0,0.E0,3.8E0));
#2175=CARTESIAN_POINT('',(-3.5E0,0.E0,-3.8E0));
#2176=VERTEX_POINT('',#2174);
#2177=VERTEX_POINT('',#2175);
#2178=CARTESIAN_POINT('',(-3.5E0,0.E0,-5.6875E0));
#2179=CARTESIAN_POINT('',(-3.5E0,0.E0,5.6875E0));
#2180=VERTEX_POINT('',#2178);
#2181=VERTEX_POINT('',#2179);
#2182=CARTESIAN_POINT('',(-2.9E0,0.E0,5.6875E0));
#2183=CARTESIAN_POINT('',(-2.9E0,0.E0,-5.6875E0));
#2184=VERTEX_POINT('',#2182);
#2185=VERTEX_POINT('',#2183);
#2186=CARTESIAN_POINT('',(-2.9E0,0.E0,-6.E0));
#2187=CARTESIAN_POINT('',(-2.9E0,0.E0,6.E0));
#2188=VERTEX_POINT('',#2186);
#2189=VERTEX_POINT('',#2187);
#2190=CARTESIAN_POINT('',(-1.561249499600E0,0.E0,6.E0));
#2191=CARTESIAN_POINT('',(-1.561249499600E0,0.E0,-6.E0));
#2192=VERTEX_POINT('',#2190);
#2193=VERTEX_POINT('',#2191);
#2194=CARTESIAN_POINT('',(0.E0,0.E0,5.25E0));
#2195=VERTEX_POINT('',#2194);
#2196=CARTESIAN_POINT('',(0.E0,0.E0,-5.25E0));
#2197=VERTEX_POINT('',#2196);
#2198=CARTESIAN_POINT('',(1.561249499600E0,0.E0,6.E0));
#2199=VERTEX_POINT('',#2198);
#2200=CARTESIAN_POINT('',(1.561249499600E0,0.E0,-6.E0));
#2201=VERTEX_POINT('',#2200);
#2202=CARTESIAN_POINT('',(2.9E0,0.E0,6.E0));
#2203=CARTESIAN_POINT('',(2.9E0,0.E0,-6.E0));
#2204=VERTEX_POINT('',#2202);
#2205=VERTEX_POINT('',#2203);
#2206=CARTESIAN_POINT('',(2.9E0,0.E0,-5.6875E0));
#2207=CARTESIAN_POINT('',(2.9E0,0.E0,5.6875E0));
#2208=VERTEX_POINT('',#2206);
#2209=VERTEX_POINT('',#2207);
#2210=CARTESIAN_POINT('',(3.5E0,0.E0,5.6875E0));
#2211=CARTESIAN_POINT('',(3.5E0,0.E0,-5.6875E0));
#2212=VERTEX_POINT('',#2210);
#2213=VERTEX_POINT('',#2211);
#2214=CARTESIAN_POINT('',(0.E0,0.E0,0.E0));
#2215=DIRECTION('',(-1.E0,0.E0,0.E0));
#2216=DIRECTION('',(0.E0,0.E0,1.E0));
#2217=AXIS2_PLACEMENT_3D('',#2214,#2215,#2216);
#2218=CYLINDRICAL_SURFACE('',#2217,6.E0);
#2220=ORIENTED_EDGE('',*,*,#2219,.T.);
#2222=ORIENTED_EDGE('',*,*,#2221,.F.);
#2224=ORIENTED_EDGE('',*,*,#2223,.F.);
#2226=ORIENTED_EDGE('',*,*,#2225,.F.);
#2227=EDGE_LOOP('',(#2220,#2222,#2224,#2226));
#2228=FACE_OUTER_BOUND('',#2227,.F.);
#2229=ADVANCED_FACE('',(#2228),#2218,.T.);
#2230=CARTESIAN_POINT('',(0.E0,0.E0,0.E0));
#2231=DIRECTION('',(-1.E0,0.E0,0.E0));
#2232=DIRECTION('',(0.E0,0.E0,1.E0));
#2233=AXIS2_PLACEMENT_3D('',#2230,#2231,#2232);
#2234=CYLINDRICAL_SURFACE('',#2233,6.E0);
#2236=ORIENTED_EDGE('',*,*,#2235,.F.);
#2237=ORIENTED_EDGE('',*,*,#2223,.T.);
#2239=ORIENTED_EDGE('',*,*,#2238,.F.);
#2240=ORIENTED_EDGE('',*,*,#2219,.F.);
#2241=EDGE_LOOP('',(#2236,#2237,#2239,#2240));
#2242=FACE_OUTER_BOUND('',#2241,.F.);
#2243=ADVANCED_FACE('',(#2242),#2234,.T.);
#2244=CARTESIAN_POINT('',(0.E0,0.E0,0.E0));
#2245=DIRECTION('',(-1.E0,0.E0,0.E0));
#2246=DIRECTION('',(0.E0,0.E0,1.E0));
#2247=AXIS2_PLACEMENT_3D('',#2244,#2245,#2246);
#2248=TOROIDAL_SURFACE('',#2247,7.25E0,2.E0);
#2250=ORIENTED_EDGE('',*,*,#2249,.F.);
#2251=ORIENTED_EDGE('',*,*,#2235,.T.);
#2253=ORIENTED_EDGE('',*,*,#2252,.T.);
#2255=ORIENTED_EDGE('',*,*,#2254,.F.);
#2256=EDGE_LOOP('',(#2250,#2251,#2253,#2255));
#2257=FACE_OUTER_BOUND('',#2256,.F.);
#2258=ADVANCED_FACE('',(#2257),#2248,.F.);
#2259=CARTESIAN_POINT('',(0.E0,0.E0,0.E0));
#2260=DIRECTION('',(-1.E0,0.E0,0.E0));
#2261=DIRECTION('',(0.E0,0.E0,1.E0));
#2262=AXIS2_PLACEMENT_3D('',#2259,#2260,#2261);
#2263=TOROIDAL_SURFACE('',#2262,7.25E0,2.E0);
#2264=ORIENTED_EDGE('',*,*,#2252,.F.);
#2265=ORIENTED_EDGE('',*,*,#2225,.T.);
#2266=ORIENTED_EDGE('',*,*,#2249,.T.);
#2268=ORIENTED_EDGE('',*,*,#2267,.F.);
#2269=EDGE_LOOP('',(#2264,#2265,#2266,#2268));
#2270=FACE_OUTER_BOUND('',#2269,.F.);
#2271=ADVANCED_FACE('',(#2270),#2263,.F.);
#2272=CARTESIAN_POINT('',(0.E0,0.E0,0.E0));
#2273=DIRECTION('',(-1.E0,0.E0,0.E0));
#2274=DIRECTION('',(0.E0,0.E0,1.E0));
#2275=AXIS2_PLACEMENT_3D('',#2272,#2273,#2274);
#2276=TOROIDAL_SURFACE('',#2275,7.25E0,2.E0);
#2277=ORIENTED_EDGE('',*,*,#2267,.T.);
#2279=ORIENTED_EDGE('',*,*,#2278,.T.);
#2281=ORIENTED_EDGE('',*,*,#2280,.T.);
#2283=ORIENTED_EDGE('',*,*,#2282,.F.);
#2284=EDGE_LOOP('',(#2277,#2279,#2281,#2283));
#2285=FACE_OUTER_BOUND('',#2284,.F.);
#2286=ADVANCED_FACE('',(#2285),#2276,.F.);
#2287=CARTESIAN_POINT('',(0.E0,0.E0,0.E0));
#2288=DIRECTION('',(-1.E0,0.E0,0.E0));
#2289=DIRECTION('',(0.E0,0.E0,1.E0));
#2290=AXIS2_PLACEMENT_3D('',#2287,#2288,#2289);
#2291=TOROIDAL_SURFACE('',#2290,7.25E0,2.E0);
#2292=ORIENTED_EDGE('',*,*,#2254,.T.);
#2293=ORIENTED_EDGE('',*,*,#2282,.T.);
#2295=ORIENTED_EDGE('',*,*,#2294,.T.);
#2296=ORIENTED_EDGE('',*,*,#2278,.F.);
#2297=EDGE_LOOP('',(#2292,#2293,#2295,#2296));
#2298=FACE_OUTER_BOUND('',#2297,.F.);
#2299=ADVANCED_FACE('',(#2298),#2291,.F.);
#2300=CARTESIAN_POINT('',(0.E0,0.E0,0.E0));
#2301=DIRECTION('',(-1.E0,0.E0,0.E0));
#2302=DIRECTION('',(0.E0,0.E0,1.E0));
#2303=AXIS2_PLACEMENT_3D('',#2300,#2301,#2302);
#2304=CYLINDRICAL_SURFACE('',#2303,6.E0);
#2306=ORIENTED_EDGE('',*,*,#2305,.F.);
#2308=ORIENTED_EDGE('',*,*,#2307,.T.);
#2309=ORIENTED_EDGE('',*,*,#2294,.F.);
#2311=ORIENTED_EDGE('',*,*,#2310,.F.);
#2312=EDGE_LOOP('',(#2306,#2308,#2309,#2311));
#2313=FACE_OUTER_BOUND('',#2312,.F.);
#2314=ADVANCED_FACE('',(#2313),#2304,.T.);
#2315=CARTESIAN_POINT('',(2.9E0,5.6875E0,0.E0));
#2316=DIRECTION('',(-1.E0,0.E0,0.E0));
#2317=DIRECTION('',(0.E0,0.E0,1.E0));
#2318=AXIS2_PLACEMENT_3D('',#2315,#2316,#2317);
#2319=PLANE('',#2318);
#2320=ORIENTED_EDGE('',*,*,#2305,.T.);
#2322=ORIENTED_EDGE('',*,*,#2321,.T.);
#2323=EDGE_LOOP('',(#2320,#2322));
#2324=FACE_OUTER_BOUND('',#2323,.F.);
#2326=ORIENTED_EDGE('',*,*,#2325,.T.);
#2328=ORIENTED_EDGE('',*,*,#2327,.T.);
#2329=EDGE_LOOP('',(#2326,#2328));
#2330=FACE_BOUND('',#2329,.F.);
#2331=ADVANCED_FACE('',(#2324,#2330),#2319,.F.);
#2332=CARTESIAN_POINT('',(0.E0,0.E0,0.E0));
#2333=DIRECTION('',(-1.E0,0.E0,0.E0));
#2334=DIRECTION('',(0.E0,0.E0,1.E0));
#2335=AXIS2_PLACEMENT_3D('',#2332,#2333,#2334);
#2336=CYLINDRICAL_SURFACE('',#2335,6.E0);
#2337=ORIENTED_EDGE('',*,*,#2310,.T.);
#2338=ORIENTED_EDGE('',*,*,#2280,.F.);
#2339=ORIENTED_EDGE('',*,*,#2307,.F.);
#2340=ORIENTED_EDGE('',*,*,#2321,.F.);
#2341=EDGE_LOOP('',(#2337,#2338,#2339,#2340));
#2342=FACE_OUTER_BOUND('',#2341,.F.);
#2343=ADVANCED_FACE('',(#2342),#2336,.T.);
#2344=CARTESIAN_POINT('',(0.E0,0.E0,0.E0));
#2345=DIRECTION('',(-1.E0,0.E0,0.E0));
#2346=DIRECTION('',(0.E0,0.E0,1.E0));
#2347=AXIS2_PLACEMENT_3D('',#2344,#2345,#2346);
#2348=CYLINDRICAL_SURFACE('',#2347,5.6875E0);
#2350=ORIENTED_EDGE('',*,*,#2349,.F.);
#2352=ORIENTED_EDGE('',*,*,#2351,.T.);
#2353=ORIENTED_EDGE('',*,*,#2325,.F.);
#2355=ORIENTED_EDGE('',*,*,#2354,.F.);
#2356=EDGE_LOOP('',(#2350,#2352,#2353,#2355));
#2357=FACE_OUTER_BOUND('',#2356,.F.);
#2358=ADVANCED_FACE('',(#2357),#2348,.T.);
#2359=CARTESIAN_POINT('',(3.5E0,5.6875E0,0.E0));
#2360=DIRECTION('',(-1.E0,0.E0,0.E0));
#2361=DIRECTION('',(0.E0,0.E0,1.E0));
#2362=AXIS2_PLACEMENT_3D('',#2359,#2360,#2361);
#2363=PLANE('',#2362);
#2364=ORIENTED_EDGE('',*,*,#2349,.T.);
#2366=ORIENTED_EDGE('',*,*,#2365,.T.);
#2367=EDGE_LOOP('',(#2364,#2366));
#2368=FACE_OUTER_BOUND('',#2367,.F.);
#2370=ORIENTED_EDGE('',*,*,#2369,.T.);
#2372=ORIENTED_EDGE('',*,*,#2371,.T.);
#2373=EDGE_LOOP('',(#2370,#2372));
#2374=FACE_BOUND('',#2373,.F.);
#2375=ADVANCED_FACE('',(#2368,#2374),#2363,.F.);
#2376=CARTESIAN_POINT('',(0.E0,0.E0,0.E0));
#2377=DIRECTION('',(-1.E0,0.E0,0.E0));
#2378=DIRECTION('',(0.E0,0.E0,1.E0));
#2379=AXIS2_PLACEMENT_3D('',#2376,#2377,#2378);
#2380=CYLINDRICAL_SURFACE('',#2379,5.6875E0);
#2381=ORIENTED_EDGE('',*,*,#2354,.T.);
#2382=ORIENTED_EDGE('',*,*,#2327,.F.);
#2383=ORIENTED_EDGE('',*,*,#2351,.F.);
#2384=ORIENTED_EDGE('',*,*,#2365,.F.);
#2385=EDGE_LOOP('',(#2381,#2382,#2383,#2384));
#2386=FACE_OUTER_BOUND('',#2385,.F.);
#2387=ADVANCED_FACE('',(#2386),#2380,.T.);
#2388=CARTESIAN_POINT('',(3.2E0,0.E0,0.E0));
#2389=DIRECTION('',(-1.E0,0.E0,0.E0));
#2390=DIRECTION('',(0.E0,0.E0,1.E0));
#2391=AXIS2_PLACEMENT_3D('',#2388,#2389,#2390);
#2392=TOROIDAL_SURFACE('',#2391,3.8E0,3.E-1);
#2394=ORIENTED_EDGE('',*,*,#2393,.T.);
#2396=ORIENTED_EDGE('',*,*,#2395,.T.);
#2397=ORIENTED_EDGE('',*,*,#2369,.F.);
#2399=ORIENTED_EDGE('',*,*,#2398,.F.);
#2400=EDGE_LOOP('',(#2394,#2396,#2397,#2399));
#2401=FACE_OUTER_BOUND('',#2400,.F.);
#2402=ADVANCED_FACE('',(#2401),#2392,.T.);
#2403=CARTESIAN_POINT('',(0.E0,0.E0,0.E0));
#2404=DIRECTION('',(-1.E0,0.E0,0.E0));
#2405=DIRECTION('',(0.E0,0.E0,1.E0));
#2406=AXIS2_PLACEMENT_3D('',#2403,#2404,#2405);
#2407=CYLINDRICAL_SURFACE('',#2406,3.5E0);
#2409=ORIENTED_EDGE('',*,*,#2408,.T.);
#2411=ORIENTED_EDGE('',*,*,#2410,.F.);
#2413=ORIENTED_EDGE('',*,*,#2412,.F.);
#2414=ORIENTED_EDGE('',*,*,#2393,.F.);
#2415=EDGE_LOOP('',(#2409,#2411,#2413,#2414));
#2416=FACE_OUTER_BOUND('',#2415,.F.);
#2417=ADVANCED_FACE('',(#2416),#2407,.F.);
#2418=CARTESIAN_POINT('',(0.E0,0.E0,0.E0));
#2419=DIRECTION('',(-1.E0,0.E0,0.E0));
#2420=DIRECTION('',(0.E0,0.E0,1.E0));
#2421=AXIS2_PLACEMENT_3D('',#2418,#2419,#2420);
#2422=CYLINDRICAL_SURFACE('',#2421,3.5E0);
#2424=ORIENTED_EDGE('',*,*,#2423,.F.);
#2425=ORIENTED_EDGE('',*,*,#2412,.T.);
#2427=ORIENTED_EDGE('',*,*,#2426,.F.);
#2428=ORIENTED_EDGE('',*,*,#2408,.F.);
#2429=EDGE_LOOP('',(#2424,#2425,#2427,#2428));
#2430=FACE_OUTER_BOUND('',#2429,.F.);
#2431=ADVANCED_FACE('',(#2430),#2422,.F.);
#2432=CARTESIAN_POINT('',(3.2E0,0.E0,0.E0));
#2433=DIRECTION('',(-1.E0,0.E0,0.E0));
#2434=DIRECTION('',(0.E0,0.E0,1.E0));
#2435=AXIS2_PLACEMENT_3D('',#2432,#2433,#2434);
#2436=TOROIDAL_SURFACE('',#2435,3.8E0,3.E-1);
#2437=ORIENTED_EDGE('',*,*,#2398,.T.);
#2438=ORIENTED_EDGE('',*,*,#2371,.F.);
#2439=ORIENTED_EDGE('',*,*,#2395,.F.);
#2440=ORIENTED_EDGE('',*,*,#2423,.T.);
#2441=EDGE_LOOP('',(#2437,#2438,#2439,#2440));
#2442=FACE_OUTER_BOUND('',#2441,.F.);
#2443=ADVANCED_FACE('',(#2442),#2436,.T.);
#2444=CARTESIAN_POINT('',(-3.2E0,0.E0,0.E0));
#2445=DIRECTION('',(-1.E0,0.E0,0.E0));
#2446=DIRECTION('',(0.E0,0.E0,1.E0));
#2447=AXIS2_PLACEMENT_3D('',#2444,#2445,#2446);
#2448=TOROIDAL_SURFACE('',#2447,3.8E0,3.E-1);
#2450=ORIENTED_EDGE('',*,*,#2449,.T.);
#2451=ORIENTED_EDGE('',*,*,#2426,.T.);
#2453=ORIENTED_EDGE('',*,*,#2452,.F.);
#2455=ORIENTED_EDGE('',*,*,#2454,.F.);
#2456=EDGE_LOOP('',(#2450,#2451,#2453,#2455));
#2457=FACE_OUTER_BOUND('',#2456,.F.);
#2458=ADVANCED_FACE('',(#2457),#2448,.T.);
#2459=CARTESIAN_POINT('',(-3.2E0,0.E0,0.E0));
#2460=DIRECTION('',(-1.E0,0.E0,0.E0));
#2461=DIRECTION('',(0.E0,0.E0,1.E0));
#2462=AXIS2_PLACEMENT_3D('',#2459,#2460,#2461);
#2463=TOROIDAL_SURFACE('',#2462,3.8E0,3.E-1);
#2465=ORIENTED_EDGE('',*,*,#2464,.F.);
#2466=ORIENTED_EDGE('',*,*,#2452,.T.);
#2467=ORIENTED_EDGE('',*,*,#2410,.T.);
#2468=ORIENTED_EDGE('',*,*,#2449,.F.);
#2469=EDGE_LOOP('',(#2465,#2466,#2467,#2468));
#2470=FACE_OUTER_BOUND('',#2469,.F.);
#2471=ADVANCED_FACE('',(#2470),#2463,.T.);
#2472=CARTESIAN_POINT('',(-3.5E0,5.6875E0,0.E0));
#2473=DIRECTION('',(1.E0,0.E0,0.E0));
#2474=DIRECTION('',(0.E0,0.E0,-1.E0));
#2475=AXIS2_PLACEMENT_3D('',#2472,#2473,#2474);
#2476=PLANE('',#2475);
#2478=ORIENTED_EDGE('',*,*,#2477,.T.);
#2480=ORIENTED_EDGE('',*,*,#2479,.T.);
#2481=EDGE_LOOP('',(#2478,#2480));
#2482=FACE_OUTER_BOUND('',#2481,.F.);
#2483=ORIENTED_EDGE('',*,*,#2464,.T.);
#2484=ORIENTED_EDGE('',*,*,#2454,.T.);
#2485=EDGE_LOOP('',(#2483,#2484));
#2486=FACE_BOUND('',#2485,.F.);
#2487=ADVANCED_FACE('',(#2482,#2486),#2476,.F.);
#2488=CARTESIAN_POINT('',(0.E0,0.E0,0.E0));
#2489=DIRECTION('',(-1.E0,0.E0,0.E0));
#2490=DIRECTION('',(0.E0,0.E0,1.E0));
#2491=AXIS2_PLACEMENT_3D('',#2488,#2489,#2490);
#2492=CYLINDRICAL_SURFACE('',#2491,5.6875E0);
#2494=ORIENTED_EDGE('',*,*,#2493,.F.);
#2496=ORIENTED_EDGE('',*,*,#2495,.T.);
#2497=ORIENTED_EDGE('',*,*,#2477,.F.);
#2499=ORIENTED_EDGE('',*,*,#2498,.F.);
#2500=EDGE_LOOP('',(#2494,#2496,#2497,#2499));
#2501=FACE_OUTER_BOUND('',#2500,.F.);
#2502=ADVANCED_FACE('',(#2501),#2492,.T.);
#2503=CARTESIAN_POINT('',(-2.9E0,5.6875E0,0.E0));
#2504=DIRECTION('',(1.E0,0.E0,0.E0));
#2505=DIRECTION('',(0.E0,0.E0,-1.E0));
#2506=AXIS2_PLACEMENT_3D('',#2503,#2504,#2505);
#2507=PLANE('',#2506);
#2508=ORIENTED_EDGE('',*,*,#2238,.T.);
#2509=ORIENTED_EDGE('',*,*,#2221,.T.);
#2510=EDGE_LOOP('',(#2508,#2509));
#2511=FACE_OUTER_BOUND('',#2510,.F.);
#2512=ORIENTED_EDGE('',*,*,#2493,.T.);
#2514=ORIENTED_EDGE('',*,*,#2513,.T.);
#2515=EDGE_LOOP('',(#2512,#2514));
#2516=FACE_BOUND('',#2515,.F.);
#2517=ADVANCED_FACE('',(#2511,#2516),#2507,.F.);
#2518=CARTESIAN_POINT('',(0.E0,0.E0,0.E0));
#2519=DIRECTION('',(-1.E0,0.E0,0.E0));
#2520=DIRECTION('',(0.E0,0.E0,1.E0));
#2521=AXIS2_PLACEMENT_3D('',#2518,#2519,#2520);
#2522=CYLINDRICAL_SURFACE('',#2521,5.6875E0);
#2523=ORIENTED_EDGE('',*,*,#2498,.T.);
#2524=ORIENTED_EDGE('',*,*,#2479,.F.);
#2525=ORIENTED_EDGE('',*,*,#2495,.F.);
#2526=ORIENTED_EDGE('',*,*,#2513,.F.);
#2527=EDGE_LOOP('',(#2523,#2524,#2525,#2526));
#2528=FACE_OUTER_BOUND('',#2527,.F.);
#2529=ADVANCED_FACE('',(#2528),#2522,.T.);
#2530=CLOSED_SHELL('',(#2229,#2243,#2258,#2271,#2286,#2299,#2314,#2331,#2343,
#2358,#2375,#2387,#2402,#2417,#2431,#2443,#2458,#2471,#2487,#2502,#2517,#2529));
#2531=MANIFOLD_SOLID_BREP('',#2530);
#2533=DIMENSIONAL_EXPONENTS(0.E0,0.E0,0.E0,0.E0,0.E0,0.E0,0.E0);
#2535=PLANE_ANGLE_MEASURE_WITH_UNIT(PLANE_ANGLE_MEASURE(1.745329251994E-2),
#2534);
#2536=(CONVERSION_BASED_UNIT('DEGREE',#2535)NAMED_UNIT(*)PLANE_ANGLE_UNIT());
#2538=UNCERTAINTY_MEASURE_WITH_UNIT(LENGTH_MEASURE(5.E-3),#2532,'closure',
'Maximum model space distance between geometric entities at asserted connectivities');
#2539=(GEOMETRIC_REPRESENTATION_CONTEXT(3)GLOBAL_UNCERTAINTY_ASSIGNED_CONTEXT((
#2538))GLOBAL_UNIT_ASSIGNED_CONTEXT((#2532,#2536,#2537))REPRESENTATION_CONTEXT(
'ID1','3'));
#2541=APPLICATION_CONTEXT(
'CONFIGURATION CONTROLLED 3D DESIGNS OF MECHANICAL PARTS AND ASSEMBLIES');
#2542=APPLICATION_PROTOCOL_DEFINITION('international standard',
'config_control_design',1994,#2541);
#2543=DESIGN_CONTEXT('',#2541,'design');
#2544=MECHANICAL_CONTEXT('',#2541,'mechanical');
#2545=PRODUCT('627ZZ-EA025','627ZZ-EA025','NOT SPECIFIED',(#2544));
#2546=PRODUCT_DEFINITION_FORMATION_WITH_SPECIFIED_SOURCE('1','LAST_VERSION',
#2545,.MADE.);
#2550=PRODUCT_CATEGORY('part','');
#2551=PRODUCT_RELATED_PRODUCT_CATEGORY('detail','',(#2545));
#2552=PRODUCT_CATEGORY_RELATIONSHIP('','',#2550,#2551);
#2553=SECURITY_CLASSIFICATION_LEVEL('unclassified');
#2554=SECURITY_CLASSIFICATION('','',#2553);
#2555=CC_DESIGN_SECURITY_CLASSIFICATION(#2554,(#2546));
#2556=APPROVAL_STATUS('approved');
#2557=APPROVAL(#2556,'');
#2558=CC_DESIGN_APPROVAL(#2557,(#2554,#2546,#2547));
#2559=CALENDAR_DATE(125,19,12);
#2560=COORDINATED_UNIVERSAL_TIME_OFFSET(8,0,.AHEAD.);
#2561=LOCAL_TIME(16,35,4.3E1,#2560);
#2562=DATE_AND_TIME(#2559,#2561);
#2563=APPROVAL_DATE_TIME(#2562,#2557);
#2564=DATE_TIME_ROLE('creation_date');
#2565=CC_DESIGN_DATE_AND_TIME_ASSIGNMENT(#2562,#2564,(#2547));
#2566=DATE_TIME_ROLE('classification_date');
#2567=CC_DESIGN_DATE_AND_TIME_ASSIGNMENT(#2562,#2566,(#2554));
#2568=PERSON('UNSPECIFIED','UNSPECIFIED',$,$,$,$);
#2569=ORGANIZATION('UNSPECIFIED','UNSPECIFIED','UNSPECIFIED');
#2570=PERSON_AND_ORGANIZATION(#2568,#2569);
#2571=APPROVAL_ROLE('approver');
#2572=APPROVAL_PERSON_ORGANIZATION(#2570,#2557,#2571);
#2573=PERSON_AND_ORGANIZATION_ROLE('creator');
#2574=CC_DESIGN_PERSON_AND_ORGANIZATION_ASSIGNMENT(#2570,#2573,(#2546,#2547));
#2575=PERSON_AND_ORGANIZATION_ROLE('design_supplier');
#2576=CC_DESIGN_PERSON_AND_ORGANIZATION_ASSIGNMENT(#2570,#2575,(#2546));
#2577=PERSON_AND_ORGANIZATION_ROLE('classification_officer');
#2578=CC_DESIGN_PERSON_AND_ORGANIZATION_ASSIGNMENT(#2570,#2577,(#2554));
#2579=PERSON_AND_ORGANIZATION_ROLE('design_owner');
#2580=CC_DESIGN_PERSON_AND_ORGANIZATION_ASSIGNMENT(#2570,#2579,(#2545));
#1=DRAUGHTING_PRE_DEFINED_COLOUR('black');
#2=COLOUR_RGB('',0.E0,0.E0,4.7E-1);
#3=COLOUR_RGB('',0.E0,0.E0,6.E-1);
#4=COLOUR_RGB('',0.E0,0.E0,8.E-1);
#5=COLOUR_RGB('',0.E0,2.745098039216E-2,7.019607843137E-1);
#6=COLOUR_RGB('',0.E0,3.137254901961E-2,3.411764705882E-1);
#7=COLOUR_RGB('',0.E0,2.E-1,1.E0);
#8=COLOUR_RGB('',0.E0,3.3E-1,0.E0);
#9=COLOUR_RGB('',0.E0,3.3E-1,3.3E-1);
#10=COLOUR_RGB('',0.E0,4.E-1,0.E0);
#11=COLOUR_RGB('',0.E0,4.E-1,4.E-1);
#12=COLOUR_RGB('',0.E0,4.E-1,1.E0);
#13=COLOUR_RGB('',0.E0,5.019607843137E-1,5.019607843137E-1);
#14=COLOUR_RGB('',0.E0,6.E-1,0.E0);
#15=COLOUR_RGB('',0.E0,6.E-1,6.E-1);
#16=COLOUR_RGB('',0.E0,6.E-1,1.E0);
#17=COLOUR_RGB('',0.E0,8.E-1,0.E0);
#18=COLOUR_RGB('',0.E0,8.E-1,8.E-1);
#19=COLOUR_RGB('',0.E0,8.E-1,1.E0);
#20=COLOUR_RGB('',0.E0,9.3E-1,0.E0);
#21=COLOUR_RGB('',0.E0,9.3E-1,9.3E-1);
#22=DRAUGHTING_PRE_DEFINED_COLOUR('green');
#23=COLOUR_RGB('',0.E0,1.E0,2.E-1);
#24=COLOUR_RGB('',0.E0,1.E0,4.E-1);
#25=COLOUR_RGB('',0.E0,1.E0,6.E-1);
#26=COLOUR_RGB('',0.E0,1.E0,8.E-1);
#27=DRAUGHTING_PRE_DEFINED_COLOUR('cyan');
#28=COLOUR_RGB('',3.1E-2,2.E-1,6.27E-1);
#29=COLOUR_RGB('',3.529411764706E-2,5.137254901961E-1,1.725490196078E-1);
#30=COLOUR_RGB('',6.6667E-2,5.17647E-1,6.39216E-1);
#31=COLOUR_RGB('',7.E-2,7.E-2,1.E0);
#32=COLOUR_RGB('',7.E-2,6.E-1,3.E-1);
#33=COLOUR_RGB('',8.E-2,1.E-1,1.1E-1);
#34=COLOUR_RGB('',9.803921568627E-2,9.803921568627E-2,4.392156862745E-1);
#35=COLOUR_RGB('',1.019607843137E-1,6.313725490196E-1,5.019607843137E-1);
#36=COLOUR_RGB('',1.176470588235E-1,5.647058823529E-1,1.E0);
#37=COLOUR_RGB('',1.254901960784E-1,6.980392156863E-1,6.666666666667E-1);
#38=COLOUR_RGB('',1.333333333333E-1,5.450980392157E-1,1.333333333333E-1);
#39=COLOUR_RGB('',1.450980392157E-1,3.529411764706E-2,0.E0);
#40=COLOUR_RGB('',1.686274509804E-1,1.686274509804E-1,1.803921568627E-1);
#41=COLOUR_RGB('',1.803921568627E-1,5.450980392157E-1,3.411764705882E-1);
#42=COLOUR_RGB('',1.9E-1,2.3E-1,3.1E-1);
#43=COLOUR_RGB('',1.960784313725E-1,8.039215686275E-1,1.960784313725E-1);
#44=COLOUR_RGB('',2.E-1,1.E0,0.E0);
#45=COLOUR_RGB('',2.E-1,1.E0,2.E-1);
#46=COLOUR_RGB('',2.E-1,1.E0,1.E0);
#47=COLOUR_RGB('',2.313725490196E-1,3.803921568627E-1,5.607843137255E-1);
#48=COLOUR_RGB('',2.352941176471E-1,7.019607843137E-1,4.431372549020E-1);
#49=COLOUR_RGB('',2.431372549020E-1,8.784313725490E-1,8.156862745098E-1);
#50=COLOUR_RGB('',2.470588235294E-1,5.921568627451E-1,6.313725490196E-1);
#51=COLOUR_RGB('',2.5098E-1,2.35294E-1,8.62745E-1);
#52=COLOUR_RGB('',2.549019607843E-1,4.117647058824E-1,1.E0);
#53=COLOUR_RGB('',2.58824E-1,7.80392E-1,8.86275E-1);
#54=COLOUR_RGB('',2.7E-1,0.E0,4.E-1);
#55=COLOUR_RGB('',2.7E-1,2.7E-1,0.E0);
#56=COLOUR_RGB('',2.7E-1,2.7E-1,1.E0);
#57=COLOUR_RGB('',2.745098039216E-1,5.098039215686E-1,7.058823529412E-1);
#58=COLOUR_RGB('',2.784313725490E-1,2.784313725490E-1,2.784313725490E-1);
#59=COLOUR_RGB('',2.823529411765E-1,2.392156862745E-1,5.450980392157E-1);
#60=COLOUR_RGB('',3.13725E-1,4.70588E-1,1.96078E-1);
#61=COLOUR_RGB('',3.2549E-1,4.98039E-1,9.84314E-1);
#62=COLOUR_RGB('',3.254901960784E-1,5.764705882353E-1,8.117647058824E-1);
#63=COLOUR_RGB('',3.3E-1,0.E0,0.E0);
#64=COLOUR_RGB('',3.3E-1,0.E0,3.3E-1);
#65=COLOUR_RGB('',3.3E-1,0.E0,5.3E-1);
#66=COLOUR_RGB('',3.450980392157E-1,3.647058823529E-1,3.725490196078E-1);
#67=COLOUR_RGB('',3.725490196078E-1,6.196078431373E-1,6.274509803922E-1);
#68=COLOUR_RGB('',3.803921568627E-1,4.392156862745E-1,5.960784313725E-1);
#69=COLOUR_RGB('',3.882352941176E-1,4.392156862745E-1,4.901960784314E-1);
#70=COLOUR_RGB('',3.921568627451E-1,5.843137254902E-1,9.294117647059E-1);
#71=COLOUR_RGB('',3.96078E-1,7.13725E-1,1.E0);
#72=COLOUR_RGB('',4.E-1,0.E0,4.E-1);
#73=COLOUR_RGB('',4.E-1,0.E0,6.7E-1);
#74=COLOUR_RGB('',4.E-1,1.3E-1,0.E0);
#75=COLOUR_RGB('',4.E-1,4.E-1,0.E0);
#76=COLOUR_RGB('',4.E-1,4.E-1,1.E0);
#77=COLOUR_RGB('',4.E-1,8.039215686275E-1,6.666666666667E-1);
#78=COLOUR_RGB('',4.E-1,1.E0,0.E0);
#79=COLOUR_RGB('',4.E-1,1.E0,4.E-1);
#80=COLOUR_RGB('',4.E-1,1.E0,1.E0);
#81=COLOUR_RGB('',4.156862745098E-1,3.529411764706E-1,8.039215686275E-1);
#82=COLOUR_RGB('',4.196078431373E-1,5.568627450980E-1,1.372549019608E-1);
#83=COLOUR_RGB('',4.666666666667E-1,5.333333333333E-1,6.E-1);
#84=COLOUR_RGB('',4.7E-1,0.E0,0.E0);
#85=COLOUR_RGB('',4.7E-1,0.E0,8.E-1);
#86=COLOUR_RGB('',4.7E-1,2.E-1,7.E-2);
#87=COLOUR_RGB('',4.823529411765E-1,4.078431372549E-1,9.333333333333E-1);
#88=COLOUR_RGB('',4.980392156863E-1,1.E0,8.313725490196E-1);
#89=COLOUR_RGB('',5.019607843137E-1,0.E0,5.019607843137E-1);
#90=COLOUR_RGB('',5.019607843137E-1,5.019607843137E-1,0.E0);
#91=COLOUR_RGB('',5.01961E-1,5.01961E-1,5.01961E-1);
#92=COLOUR_RGB('',5.098039215686E-1,3.960784313725E-1,1.058823529412E-1);
#93=COLOUR_RGB('',5.3E-1,0.E0,9.3E-1);
#94=COLOUR_RGB('',5.3E-1,2.7E-1,1.3E-1);
#95=COLOUR_RGB('',5.3E-1,5.3E-1,1.E0);
#96=COLOUR_RGB('',5.294117647059E-1,8.078431372549E-1,9.215686274510E-1);
#97=COLOUR_RGB('',5.411764705882E-1,1.686274509804E-1,8.862745098039E-1);
#98=COLOUR_RGB('',5.5E-1,6.5E-1,7.3E-1);
#99=COLOUR_RGB('',5.607843137255E-1,7.372549019608E-1,5.607843137255E-1);
#100=COLOUR_RGB('',5.68627E-1,9.37255E-1,9.37255E-1);
#101=COLOUR_RGB('',5.725490196078E-1,6.117647058824E-1,6.313725490196E-1);
#102=COLOUR_RGB('',5.764705882353E-1,4.392156862745E-1,8.588235294118E-1);
#103=COLOUR_RGB('',5.803921568627E-1,0.E0,8.274509803922E-1);
#104=COLOUR_RGB('',5.88235E-1,2.35294E-1,1.56863E-1);
#105=COLOUR_RGB('',6.E-1,0.E0,6.E-1);
#106=COLOUR_RGB('',6.E-1,1.960784313725E-1,8.E-1);
#107=COLOUR_RGB('',6.E-1,2.E-1,1.E0);
#108=COLOUR_RGB('',6.E-1,3.3E-1,2.E-1);
#109=COLOUR_RGB('',6.E-1,6.E-1,0.E0);
#110=COLOUR_RGB('',6.E-1,1.E0,6.E-1);
#111=COLOUR_RGB('',6.E-1,1.E0,1.E0);
#112=COLOUR_RGB('',6.27451E-1,4.70588E-1,3.52941E-1);
#113=COLOUR_RGB('',6.627450980392E-1,6.627450980392E-1,6.627450980392E-1);
#114=COLOUR_RGB('',6.66667E-1,8.23529E-1,1.96078E-1);
#115=COLOUR_RGB('',6.66667E-1,8.23529E-1,5.88235E-1);
#116=COLOUR_RGB('',6.7E-1,0.E0,0.E0);
#117=COLOUR_RGB('',6.7E-1,4.E-1,2.7E-1);
#118=COLOUR_RGB('',6.7E-1,4.E-1,1.E0);
#119=COLOUR_RGB('',6.7E-1,6.7E-1,1.E0);
#120=COLOUR_RGB('',6.7E-1,1.E0,0.E0);
#121=COLOUR_RGB('',6.784313725490E-1,8.117647058824E-1,1.E0);
#122=COLOUR_RGB('',6.784313725490E-1,8.470588235294E-1,9.019607843137E-1);
#123=COLOUR_RGB('',6.784313725490E-1,1.E0,1.843137254902E-1);
#124=COLOUR_RGB('',6.862745098039E-1,6.823529411765E-1,7.607843137255E-1);
#125=COLOUR_RGB('',6.980392156863E-1,1.333333333333E-1,1.333333333333E-1);
#126=COLOUR_RGB('',7.17647E-1,1.68627E-1,4.43137E-1);
#127=COLOUR_RGB('',7.215686274510E-1,5.254901960784E-1,4.313725490196E-2);
#128=COLOUR_RGB('',7.294117647059E-1,2.705882352941E-1,1.E0);
#129=COLOUR_RGB('',7.294117647059E-1,3.333333333333E-1,8.274509803922E-1);
#130=COLOUR_RGB('',7.294117647059E-1,4.E-1,0.E0);
#131=COLOUR_RGB('',7.3E-1,4.7E-1,3.3E-1);
#132=COLOUR_RGB('',7.372549019608E-1,5.607843137255E-1,5.607843137255E-1);
#133=COLOUR_RGB('',7.411764705882E-1,7.176470588235E-1,4.196078431373E-1);
#134=COLOUR_RGB('',7.803921568627E-1,8.235294117647E-2,5.215686274510E-1);
#135=COLOUR_RGB('',8.E-1,0.E0,8.E-1);
#136=COLOUR_RGB('',8.E-1,5.3E-1,4.E-1);
#137=COLOUR_RGB('',8.E-1,6.E-1,1.E0);
#138=COLOUR_RGB('',8.E-1,8.E-1,0.E0);
#139=COLOUR_RGB('',8.E-1,8.E-1,1.E0);
#140=COLOUR_RGB('',8.E-1,1.E0,8.E-1);
#141=COLOUR_RGB('',8.E-1,1.E0,1.E0);
#142=COLOUR_RGB('',8.039215686275E-1,3.607843137255E-1,3.607843137255E-1);
#143=COLOUR_RGB('',8.03922E-1,5.88235E-1,1.96078E-1);
#144=COLOUR_RGB('',8.196078431373E-1,7.098039215686E-1,5.490196078431E-2);
#145=COLOUR_RGB('',8.235294117647E-1,4.117647058824E-1,1.176470588235E-1);
#146=COLOUR_RGB('',8.235294117647E-1,7.058823529412E-1,5.490196078431E-1);
#147=COLOUR_RGB('',8.274509803922E-1,8.274509803922E-1,8.274509803922E-1);
#148=COLOUR_RGB('',8.392156862745E-1,8.E-1,7.137254901961E-1);
#149=COLOUR_RGB('',8.431372549020E-1,8.980392156863E-1,9.333333333333E-1);
#150=COLOUR_RGB('',8.549019607843E-1,6.470588235294E-1,1.254901960784E-1);
#151=COLOUR_RGB('',8.588235294118E-1,4.392156862745E-1,5.764705882353E-1);
#152=COLOUR_RGB('',8.627450980392E-1,7.843137254902E-2,2.352941176471E-1);
#153=COLOUR_RGB('',8.666666666667E-1,6.274509803922E-1,8.666666666667E-1);
#154=COLOUR_RGB('',8.7E-1,0.E0,0.E0);
#155=COLOUR_RGB('',8.7E-1,6.E-1,4.7E-1);
#156=COLOUR_RGB('',8.98039E-1,6.07843E-1,1.E0);
#157=COLOUR_RGB('',9.E-1,8.3E-1,1.2E-1);
#158=COLOUR_RGB('',9.09804E-1,3.68627E-1,8.19608E-1);
#159=COLOUR_RGB('',9.3E-1,0.E0,9.3E-1);
#160=COLOUR_RGB('',9.3E-1,6.7E-1,5.3E-1);
#161=COLOUR_RGB('',9.3E-1,8.E-1,1.E0);
#162=COLOUR_RGB('',9.3E-1,9.3E-1,0.E0);
#163=COLOUR_RGB('',9.3E-1,1.E0,9.3E-1);
#164=COLOUR_RGB('',9.3E-1,1.E0,1.E0);
#165=COLOUR_RGB('',9.333333333333E-1,5.098039215686E-1,9.333333333333E-1);
#166=COLOUR_RGB('',9.333333333333E-1,9.098039215686E-1,6.666666666667E-1);
#167=COLOUR_RGB('',9.411764705882E-1,9.019607843137E-1,5.490196078431E-1);
#168=COLOUR_RGB('',9.568627450980E-1,6.431372549020E-1,3.764705882353E-1);
#169=DRAUGHTING_PRE_DEFINED_COLOUR('red');
#170=COLOUR_RGB('',1.E0,0.E0,2.705882352941E-1);
#171=COLOUR_RGB('',1.E0,0.E0,4.705882352941E-1);
#172=COLOUR_RGB('',1.E0,0.E0,7.803921568627E-1);
#173=DRAUGHTING_PRE_DEFINED_COLOUR('magenta');
#174=COLOUR_RGB('',1.E0,3.1E-2,3.1E-2);
#175=COLOUR_RGB('',1.E0,7.E-2,7.E-2);
#176=COLOUR_RGB('',1.E0,7.843137254902E-2,5.764705882353E-1);
#177=COLOUR_RGB('',1.E0,2.E-1,1.E0);
#178=COLOUR_RGB('',1.E0,2.7E-1,0.E0);
#179=COLOUR_RGB('',1.E0,2.7E-1,2.7E-1);
#180=COLOUR_RGB('',1.E0,3.882352941176E-1,2.784313725490E-1);
#181=COLOUR_RGB('',1.E0,4.E-1,1.E0);
#182=COLOUR_RGB('',1.E0,4.117647058824E-1,7.058823529412E-1);
#183=COLOUR_RGB('',1.E0,4.7E-1,0.E0);
#184=COLOUR_RGB('',1.E0,4.7E-1,4.7E-1);
#185=COLOUR_RGB('',1.E0,4.980392156863E-1,3.137254901961E-1);
#186=COLOUR_RGB('',1.E0,6.E-1,1.E0);
#187=COLOUR_RGB('',1.E0,6.7E-1,0.E0);
#188=COLOUR_RGB('',1.E0,6.7E-1,6.7E-1);
#189=COLOUR_RGB('',1.E0,7.3E-1,6.E-1);
#190=COLOUR_RGB('',1.E0,7.686274509804E-1,5.882352941176E-2);
#191=COLOUR_RGB('',1.E0,8.E-1,8.E-1);
#192=COLOUR_RGB('',1.E0,8.E-1,1.E0);
#193=COLOUR_RGB('',1.E0,8.7E-1,0.E0);
#194=COLOUR_RGB('',1.E0,9.215686274510E-1,8.039215686275E-1);
#195=COLOUR_RGB('',1.E0,9.3E-1,9.3E-1);
#196=COLOUR_RGB('',1.E0,9.3E-1,1.E0);
#197=DRAUGHTING_PRE_DEFINED_COLOUR('yellow');
#198=COLOUR_RGB('',1.E0,1.E0,1.3E-1);
#199=COLOUR_RGB('',1.E0,1.E0,3.3E-1);
#200=COLOUR_RGB('',1.E0,1.E0,5.3E-1);
#201=COLOUR_RGB('',1.E0,1.E0,7.3E-1);
#202=COLOUR_RGB('',1.E0,1.E0,9.3E-1);
#203=DRAUGHTING_PRE_DEFINED_COLOUR('white');
#216=CIRCLE('',#215,7.927351571819E0);
#221=CIRCLE('',#220,2.E-1);
#226=CIRCLE('',#225,2.E-1);
#231=CIRCLE('',#230,7.927351571819E0);
#236=CIRCLE('',#235,7.810490626650E0);
#241=CIRCLE('',#240,7.810490626650E0);
#246=CIRCLE('',#245,5.75E0);
#251=CIRCLE('',#250,5.75E0);
#264=CIRCLE('',#263,7.810490626650E0);
#269=CIRCLE('',#268,7.810490626650E0);
#274=CIRCLE('',#273,5.75E0);
#279=CIRCLE('',#278,5.75E0);
#284=CIRCLE('',#283,3.E-1);
#289=CIRCLE('',#288,7.985782044404E0);
#294=CIRCLE('',#293,7.985782044404E0);
#299=CIRCLE('',#298,3.E-1);
#312=CIRCLE('',#311,8.431628231733E0);
#317=CIRCLE('',#316,3.844257257075E-1);
#322=CIRCLE('',#321,3.844257257075E-1);
#327=CIRCLE('',#326,8.431628231733E0);
#332=CIRCLE('',#331,8.8125E0);
#337=CIRCLE('',#336,8.8125E0);
#342=CIRCLE('',#341,8.65625E0);
#347=CIRCLE('',#346,8.65625E0);
#352=CIRCLE('',#351,8.850192296159E0);
#357=CIRCLE('',#356,5.E-2);
#362=CIRCLE('',#361,8.850192296159E0);
#367=CIRCLE('',#366,5.E-2);
#376=CIRCLE('',#375,8.674615407681E0);
#381=CIRCLE('',#380,8.674615407681E0);
#394=CIRCLE('',#393,8.75E0);
#403=CIRCLE('',#402,8.75E0);
#416=CIRCLE('',#415,1.07E1);
#421=CIRCLE('',#420,1.07E1);
#426=CIRCLE('',#425,8.75E0);
#431=CIRCLE('',#430,8.75E0);
#436=CIRCLE('',#435,3.E-1);
#441=CIRCLE('',#440,1.1E1);
#446=CIRCLE('',#445,3.E-1);
#451=CIRCLE('',#450,1.1E1);
#464=CIRCLE('',#463,1.1E1);
#469=CIRCLE('',#468,3.E-1);
#474=CIRCLE('',#473,3.E-1);
#479=CIRCLE('',#478,1.1E1);
#484=CIRCLE('',#483,1.07E1);
#489=CIRCLE('',#488,1.07E1);
#494=CIRCLE('',#493,8.75E0);
#499=CIRCLE('',#498,8.75E0);
#504=CIRCLE('',#503,8.75E0);
#513=CIRCLE('',#512,8.674615407681E0);
#522=CIRCLE('',#521,8.674615407681E0);
#531=CIRCLE('',#530,8.75E0);
#548=CIRCLE('',#547,5.E-2);
#553=CIRCLE('',#552,8.850192296159E0);
#558=CIRCLE('',#557,5.E-2);
#563=CIRCLE('',#562,8.850192296159E0);
#568=CIRCLE('',#567,8.8125E0);
#573=CIRCLE('',#572,8.8125E0);
#578=CIRCLE('',#577,8.65625E0);
#583=CIRCLE('',#582,8.65625E0);
#588=CIRCLE('',#587,3.844257257075E-1);
#593=CIRCLE('',#592,8.431628231733E0);
#598=CIRCLE('',#597,8.431628231733E0);
#603=CIRCLE('',#602,3.844257257075E-1);
#616=CIRCLE('',#615,7.985782044404E0);
#621=CIRCLE('',#620,3.E-1);
#626=CIRCLE('',#625,3.E-1);
#631=CIRCLE('',#630,7.985782044404E0);
#636=CIRCLE('',#635,7.810490626650E0);
#641=CIRCLE('',#640,7.810490626650E0);
#646=CIRCLE('',#645,5.75E0);
#651=CIRCLE('',#650,5.75E0);
#664=CIRCLE('',#663,7.810490626650E0);
#669=CIRCLE('',#668,7.810490626650E0);
#674=CIRCLE('',#673,5.75E0);
#679=CIRCLE('',#678,5.75E0);
#684=CIRCLE('',#683,2.E-1);
#689=CIRCLE('',#688,7.927351571819E0);
#694=CIRCLE('',#693,7.927351571819E0);
#699=CIRCLE('',#698,2.E-1);
#712=CIRCLE('',#711,8.373197759148E0);
#717=CIRCLE('',#716,4.844257257075E-1);
#722=CIRCLE('',#721,8.65625E0);
#727=CIRCLE('',#726,8.65625E0);
#732=CIRCLE('',#731,8.5E0);
#737=CIRCLE('',#736,8.5E0);
#742=CIRCLE('',#741,8.373197759148E0);
#747=CIRCLE('',#746,4.844257257075E-1);
#760=CIRCLE('',#759,8.5E0);
#765=CIRCLE('',#764,2.E0);
#770=CIRCLE('',#769,2.E0);
#775=CIRCLE('',#774,8.5E0);
#784=CIRCLE('',#783,8.65625E0);
#789=CIRCLE('',#788,8.65625E0);
#794=CIRCLE('',#793,8.5E0);
#799=CIRCLE('',#798,8.5E0);
#804=CIRCLE('',#803,8.373197759148E0);
#809=CIRCLE('',#808,4.844257257075E-1);
#814=CIRCLE('',#813,8.373197759148E0);
#819=CIRCLE('',#818,4.844257257075E-1);
#828=CIRCLE('',#827,2.E0);
#833=CIRCLE('',#832,8.5E0);
#838=CIRCLE('',#837,8.5E0);
#843=CIRCLE('',#842,2.E0);
#1005=EDGE_CURVE('',#959,#963,#207,.T.);
#1007=EDGE_CURVE('',#961,#963,#804,.T.);
#1009=EDGE_CURVE('',#958,#961,#211,.T.);
#1011=EDGE_CURVE('',#959,#958,#231,.T.);
#1021=EDGE_CURVE('',#958,#959,#216,.T.);
#1024=EDGE_CURVE('',#963,#961,#814,.T.);
#1036=EDGE_CURVE('',#959,#955,#221,.T.);
#1038=EDGE_CURVE('',#954,#955,#236,.T.);
#1040=EDGE_CURVE('',#958,#954,#226,.T.);
#1051=EDGE_CURVE('',#955,#954,#241,.T.);
#1067=EDGE_CURVE('',#951,#946,#246,.T.);
#1069=EDGE_CURVE('',#946,#951,#251,.T.);
#1080=EDGE_CURVE('',#951,#949,#255,.T.);
#1082=EDGE_CURVE('',#947,#949,#274,.T.);
#1084=EDGE_CURVE('',#946,#947,#259,.T.);
#1095=EDGE_CURVE('',#949,#947,#279,.T.);
#1107=EDGE_CURVE('',#989,#991,#264,.T.);
#1109=EDGE_CURVE('',#991,#989,#269,.T.);
#1123=EDGE_CURVE('',#987,#991,#284,.T.);
#1126=EDGE_CURVE('',#985,#989,#299,.T.);
#1128=EDGE_CURVE('',#985,#987,#289,.T.);
#1138=EDGE_CURVE('',#987,#985,#294,.T.);
#1152=EDGE_CURVE('',#987,#982,#303,.T.);
#1154=EDGE_CURVE('',#983,#982,#327,.T.);
#1156=EDGE_CURVE('',#985,#983,#307,.T.);
#1167=EDGE_CURVE('',#982,#983,#312,.T.);
#1180=EDGE_CURVE('',#983,#979,#317,.T.);
#1182=EDGE_CURVE('',#978,#979,#342,.T.);
#1184=EDGE_CURVE('',#982,#978,#322,.T.);
#1195=EDGE_CURVE('',#979,#978,#347,.T.);
#1207=EDGE_CURVE('',#975,#974,#332,.T.);
#1209=EDGE_CURVE('',#974,#975,#337,.T.);
#1224=EDGE_CURVE('',#971,#975,#367,.T.);
#1226=EDGE_CURVE('',#971,#969,#352,.T.);
#1228=EDGE_CURVE('',#974,#969,#357,.T.);
#1239=EDGE_CURVE('',#969,#971,#362,.T.);
#1251=EDGE_CURVE('',#967,#971,#371,.T.);
#1254=EDGE_CURVE('',#966,#969,#385,.T.);
#1256=EDGE_CURVE('',#966,#967,#376,.T.);
#1266=EDGE_CURVE('',#967,#966,#381,.T.);
#1279=EDGE_CURVE('',#999,#998,#394,.T.);
#1281=EDGE_CURVE('',#966,#998,#411,.T.);
#1284=EDGE_CURVE('',#967,#999,#389,.T.);
#1295=EDGE_CURVE('',#851,#999,#407,.T.);
#1297=EDGE_CURVE('',#850,#851,#426,.T.);
#1299=EDGE_CURVE('',#850,#998,#398,.T.);
#1309=EDGE_CURVE('',#998,#999,#403,.T.);
#1312=EDGE_CURVE('',#851,#850,#431,.T.);
#1335=EDGE_CURVE('',#846,#847,#416,.T.);
#1337=EDGE_CURVE('',#847,#846,#421,.T.);
#1352=EDGE_CURVE('',#846,#853,#436,.T.);
#1354=EDGE_CURVE('',#853,#855,#441,.T.);
#1356=EDGE_CURVE('',#847,#855,#446,.T.);
#1367=EDGE_CURVE('',#855,#853,#451,.T.);
#1379=EDGE_CURVE('',#855,#857,#455,.T.);
#1381=EDGE_CURVE('',#859,#857,#479,.T.);
#1383=EDGE_CURVE('',#853,#859,#459,.T.);
#1396=EDGE_CURVE('',#857,#859,#464,.T.);
#1408=EDGE_CURVE('',#859,#861,#469,.T.);
#1410=EDGE_CURVE('',#863,#861,#484,.T.);
#1412=EDGE_CURVE('',#857,#863,#474,.T.);
#1423=EDGE_CURVE('',#861,#863,#489,.T.);
#1439=EDGE_CURVE('',#866,#867,#494,.T.);
#1441=EDGE_CURVE('',#867,#866,#499,.T.);
#1451=EDGE_CURVE('',#938,#939,#504,.T.);
#1453=EDGE_CURVE('',#939,#867,#508,.T.);
#1456=EDGE_CURVE('',#938,#866,#535,.T.);
#1467=EDGE_CURVE('',#890,#938,#526,.T.);
#1469=EDGE_CURVE('',#890,#891,#513,.T.);
#1471=EDGE_CURVE('',#891,#939,#517,.T.);
#1481=EDGE_CURVE('',#939,#938,#531,.T.);
#1484=EDGE_CURVE('',#891,#890,#522,.T.);
#1508=EDGE_CURVE('',#891,#893,#539,.T.);
#1510=EDGE_CURVE('',#895,#893,#563,.T.);
#1512=EDGE_CURVE('',#890,#895,#543,.T.);
#1523=EDGE_CURVE('',#893,#895,#553,.T.);
#1535=EDGE_CURVE('',#898,#893,#548,.T.);
#1538=EDGE_CURVE('',#895,#899,#558,.T.);
#1540=EDGE_CURVE('',#898,#899,#568,.T.);
#1550=EDGE_CURVE('',#899,#898,#573,.T.);
#1567=EDGE_CURVE('',#902,#903,#578,.T.);
#1569=EDGE_CURVE('',#903,#902,#583,.T.);
#1579=EDGE_CURVE('',#905,#903,#588,.T.);
#1582=EDGE_CURVE('',#907,#902,#603,.T.);
#1584=EDGE_CURVE('',#907,#905,#593,.T.);
#1594=EDGE_CURVE('',#905,#907,#598,.T.);
#1607=EDGE_CURVE('',#909,#907,#607,.T.);
#1610=EDGE_CURVE('',#911,#905,#611,.T.);
#1612=EDGE_CURVE('',#909,#911,#631,.T.);
#1622=EDGE_CURVE('',#911,#909,#616,.T.);
#1636=EDGE_CURVE('',#909,#913,#621,.T.);
#1638=EDGE_CURVE('',#915,#913,#636,.T.);
#1640=EDGE_CURVE('',#911,#915,#626,.T.);
#1651=EDGE_CURVE('',#913,#915,#641,.T.);
#1667=EDGE_CURVE('',#918,#919,#646,.T.);
#1669=EDGE_CURVE('',#919,#918,#651,.T.);
#1679=EDGE_CURVE('',#921,#919,#655,.T.);
#1682=EDGE_CURVE('',#923,#918,#659,.T.);
#1684=EDGE_CURVE('',#921,#923,#674,.T.);
#1694=EDGE_CURVE('',#923,#921,#679,.T.);
#1707=EDGE_CURVE('',#926,#927,#664,.T.);
#1709=EDGE_CURVE('',#927,#926,#669,.T.);
#1723=EDGE_CURVE('',#929,#927,#684,.T.);
#1726=EDGE_CURVE('',#931,#926,#699,.T.);
#1728=EDGE_CURVE('',#931,#929,#689,.T.);
#1738=EDGE_CURVE('',#929,#931,#694,.T.);
#1752=EDGE_CURVE('',#929,#933,#703,.T.);
#1754=EDGE_CURVE('',#935,#933,#742,.T.);
#1756=EDGE_CURVE('',#931,#935,#707,.T.);
#1767=EDGE_CURVE('',#933,#935,#712,.T.);
#1779=EDGE_CURVE('',#942,#943,#722,.T.);
#1781=EDGE_CURVE('',#933,#943,#747,.T.);
#1784=EDGE_CURVE('',#935,#942,#717,.T.);
#1795=EDGE_CURVE('',#943,#942,#727,.T.);
#1799=EDGE_CURVE('',#870,#871,#732,.T.);
#1801=EDGE_CURVE('',#871,#870,#737,.T.);
#1823=EDGE_CURVE('',#873,#871,#751,.T.);
#1826=EDGE_CURVE('',#875,#870,#755,.T.);
#1828=EDGE_CURVE('',#873,#875,#833,.T.);
#1838=EDGE_CURVE('',#875,#873,#775,.T.);
#1851=EDGE_CURVE('',#878,#879,#760,.T.);
#1853=EDGE_CURVE('',#879,#881,#765,.T.);
#1855=EDGE_CURVE('',#881,#875,#770,.T.);
#1858=EDGE_CURVE('',#883,#873,#828,.T.);
#1860=EDGE_CURVE('',#878,#883,#843,.T.);
#1870=EDGE_CURVE('',#886,#887,#799,.T.);
#1872=EDGE_CURVE('',#886,#879,#779,.T.);
#1875=EDGE_CURVE('',#887,#878,#823,.T.);
#1885=EDGE_CURVE('',#994,#995,#784,.T.);
#1887=EDGE_CURVE('',#995,#994,#789,.T.);
#1891=EDGE_CURVE('',#887,#886,#794,.T.);
#1903=EDGE_CURVE('',#961,#995,#819,.T.);
#1906=EDGE_CURVE('',#963,#994,#809,.T.);
#1929=EDGE_CURVE('',#879,#878,#838,.T.);
#1964=CIRCLE('',#1963,6.E0);
#1969=CIRCLE('',#1968,2.E0);
#1974=CIRCLE('',#1973,6.E0);
#1979=CIRCLE('',#1978,2.E0);
#1984=CIRCLE('',#1983,5.25E0);
#1989=CIRCLE('',#1988,2.E0);
#1994=CIRCLE('',#1993,6.E0);
#1999=CIRCLE('',#1998,5.25E0);
#2004=CIRCLE('',#2003,2.E0);
#2009=CIRCLE('',#2008,6.E0);
#2018=CIRCLE('',#2017,6.E0);
#2023=CIRCLE('',#2022,6.E0);
#2028=CIRCLE('',#2027,5.6875E0);
#2033=CIRCLE('',#2032,5.6875E0);
#2046=CIRCLE('',#2045,5.6875E0);
#2051=CIRCLE('',#2050,5.6875E0);
#2056=CIRCLE('',#2055,3.8E0);
#2061=CIRCLE('',#2060,3.8E0);
#2070=CIRCLE('',#2069,3.5E0);
#2075=CIRCLE('',#2074,3.E-1);
#2088=CIRCLE('',#2087,3.E-1);
#2093=CIRCLE('',#2092,3.5E0);
#2098=CIRCLE('',#2097,3.E-1);
#2103=CIRCLE('',#2102,3.5E0);
#2108=CIRCLE('',#2107,3.E-1);
#2113=CIRCLE('',#2112,3.5E0);
#2118=CIRCLE('',#2117,5.6875E0);
#2123=CIRCLE('',#2122,5.6875E0);
#2128=CIRCLE('',#2127,3.8E0);
#2133=CIRCLE('',#2132,3.8E0);
#2142=CIRCLE('',#2141,6.E0);
#2147=CIRCLE('',#2146,6.E0);
#2152=CIRCLE('',#2151,5.6875E0);
#2157=CIRCLE('',#2156,5.6875E0);
#2219=EDGE_CURVE('',#2193,#2188,#1955,.T.);
#2221=EDGE_CURVE('',#2189,#2188,#2147,.T.);
#2223=EDGE_CURVE('',#2192,#2189,#1959,.T.);
#2225=EDGE_CURVE('',#2193,#2192,#1974,.T.);
#2235=EDGE_CURVE('',#2192,#2193,#1964,.T.);
#2238=EDGE_CURVE('',#2188,#2189,#2142,.T.);
#2249=EDGE_CURVE('',#2192,#2195,#1979,.T.);
#2252=EDGE_CURVE('',#2193,#2197,#1969,.T.);
#2254=EDGE_CURVE('',#2195,#2197,#1999,.T.);
#2267=EDGE_CURVE('',#2197,#2195,#1984,.T.);
#2278=EDGE_CURVE('',#2195,#2199,#1989,.T.);
#2280=EDGE_CURVE('',#2199,#2201,#1994,.T.);
#2282=EDGE_CURVE('',#2197,#2201,#2004,.T.);
#2294=EDGE_CURVE('',#2201,#2199,#2009,.T.);
#2305=EDGE_CURVE('',#2204,#2205,#2018,.T.);
#2307=EDGE_CURVE('',#2204,#2199,#2013,.T.);
#2310=EDGE_CURVE('',#2205,#2201,#2037,.T.);
#2321=EDGE_CURVE('',#2205,#2204,#2023,.T.);
#2325=EDGE_CURVE('',#2208,#2209,#2028,.T.);
#2327=EDGE_CURVE('',#2209,#2208,#2033,.T.);
#2349=EDGE_CURVE('',#2212,#2213,#2046,.T.);
#2351=EDGE_CURVE('',#2212,#2209,#2041,.T.);
#2354=EDGE_CURVE('',#2213,#2208,#2065,.T.);
#2365=EDGE_CURVE('',#2213,#2212,#2051,.T.);
#2369=EDGE_CURVE('',#2171,#2173,#2056,.T.);
#2371=EDGE_CURVE('',#2173,#2171,#2061,.T.);
#2393=EDGE_CURVE('',#2165,#2164,#2070,.T.);
#2395=EDGE_CURVE('',#2164,#2173,#2075,.T.);
#2398=EDGE_CURVE('',#2165,#2171,#2088,.T.);
#2408=EDGE_CURVE('',#2165,#2169,#2079,.T.);
#2410=EDGE_CURVE('',#2167,#2169,#2113,.T.);
#2412=EDGE_CURVE('',#2164,#2167,#2083,.T.);
#2423=EDGE_CURVE('',#2164,#2165,#2093,.T.);
#2426=EDGE_CURVE('',#2169,#2167,#2103,.T.);
#2449=EDGE_CURVE('',#2177,#2169,#2098,.T.);
#2452=EDGE_CURVE('',#2176,#2167,#2108,.T.);
#2454=EDGE_CURVE('',#2177,#2176,#2133,.T.);
#2464=EDGE_CURVE('',#2176,#2177,#2128,.T.);
#2477=EDGE_CURVE('',#2180,#2181,#2118,.T.);
#2479=EDGE_CURVE('',#2181,#2180,#2123,.T.);
#2493=EDGE_CURVE('',#2184,#2185,#2152,.T.);
#2495=EDGE_CURVE('',#2184,#2181,#2137,.T.);
#2498=EDGE_CURVE('',#2185,#2180,#2161,.T.);
#2513=EDGE_CURVE('',#2185,#2184,#2157,.T.);
#2532=(LENGTH_UNIT()NAMED_UNIT(*)SI_UNIT(.MILLI.,.METRE.));
#2534=(NAMED_UNIT(*)PLANE_ANGLE_UNIT()SI_UNIT($,.RADIAN.));
#2537=(NAMED_UNIT(*)SI_UNIT($,.STERADIAN.)SOLID_ANGLE_UNIT());
#2540=ADVANCED_BREP_SHAPE_REPRESENTATION('',(#1951,#2531),#2539);
#2547=PRODUCT_DEFINITION('design','',#2546,#2543);
#2548=PRODUCT_DEFINITION_SHAPE('','SHAPE FOR 627ZZ-EA025.',#2547);
#2549=SHAPE_DEFINITION_REPRESENTATION(#2548,#2540);
ENDSEC;
END-ISO-10303-21;
