ISO-10303-21;
HEADER;
FILE_DESCRIPTION((''),'2;1');
FILE_NAME('6202ZZ_-_EA039_ASM','2025-12-19T11:22:43',('qinghui.yi'),(''),
'CREO PARAMETRIC BY PTC INC, 2019164','CREO PARAMETRIC BY PTC INC, 2019164','');
FILE_SCHEMA(('CONFIG_CONTROL_DESIGN','SHAPE_APPEARANCE_LAYERS_GROUPS'));
ENDSEC;
DATA;
#204=CARTESIAN_POINT('',(0.E0,-1.174615775982E1,-4.275251791571E0));
#205=DIRECTION('',(0.E0,-3.420201433257E-1,9.396926207859E-1));
#206=DIRECTION('',(0.E0,9.396926207859E-1,3.420201433257E-1));
#207=AXIS2_PLACEMENT_3D('',#204,#205,#206);
#209=CARTESIAN_POINT('',(0.E0,-1.174615775982E1,-4.275251791571E0));
#210=DIRECTION('',(0.E0,-9.396926207859E-1,-3.420201433257E-1));
#211=DIRECTION('',(-1.E0,0.E0,0.E0));
#212=AXIS2_PLACEMENT_3D('',#209,#210,#211);
#214=CARTESIAN_POINT('',(0.E0,-1.174615775982E1,-4.275251791571E0));
#215=DIRECTION('',(0.E0,3.420201433257E-1,-9.396926207859E-1));
#216=DIRECTION('',(0.E0,9.396926207859E-1,3.420201433257E-1));
#217=AXIS2_PLACEMENT_3D('',#214,#215,#216);
#219=CARTESIAN_POINT('',(0.E0,-1.174615775982E1,-4.275251791571E0));
#220=DIRECTION('',(0.E0,-9.396926207859E-1,-3.420201433257E-1));
#221=DIRECTION('',(0.E0,-3.420201433257E-1,9.396926207859E-1));
#222=AXIS2_PLACEMENT_3D('',#219,#220,#221);
#224=CARTESIAN_POINT('',(0.E0,-1.174615775982E1,-4.275251791571E0));
#225=DIRECTION('',(0.E0,3.420201433257E-1,-9.396926207859E-1));
#226=DIRECTION('',(1.E0,0.E0,0.E0));
#227=AXIS2_PLACEMENT_3D('',#224,#225,#226);
#229=CARTESIAN_POINT('',(0.E0,-1.174615775982E1,-4.275251791571E0));
#230=DIRECTION('',(0.E0,9.396926207859E-1,3.420201433257E-1));
#231=DIRECTION('',(0.E0,-3.420201433257E-1,9.396926207859E-1));
#232=AXIS2_PLACEMENT_3D('',#229,#230,#231);
#234=CARTESIAN_POINT('',(0.E0,-1.174615775982E1,-4.275251791571E0));
#235=DIRECTION('',(0.E0,-3.420201433257E-1,9.396926207859E-1));
#236=DIRECTION('',(-1.E0,0.E0,0.E0));
#237=AXIS2_PLACEMENT_3D('',#234,#235,#236);
#239=CARTESIAN_POINT('',(0.E0,-1.174615775982E1,-4.275251791571E0));
#240=DIRECTION('',(0.E0,9.396926207859E-1,3.420201433257E-1));
#241=DIRECTION('',(1.E0,0.E0,0.E0));
#242=AXIS2_PLACEMENT_3D('',#239,#240,#241);
#244=CARTESIAN_POINT('',(0.E0,-8.851904487799E0,-3.221829750128E0));
#245=CARTESIAN_POINT('',(-3.08E0,-1.174615775982E1,-4.275251791571E0));
#246=VERTEX_POINT('',#244);
#247=VERTEX_POINT('',#245);
#248=CARTESIAN_POINT('',(0.E0,-1.069273571838E1,-7.169505063592E0));
#249=VERTEX_POINT('',#248);
#250=CARTESIAN_POINT('',(3.08E0,-1.174615775982E1,-4.275251791571E0));
#251=VERTEX_POINT('',#250);
#252=CARTESIAN_POINT('',(0.E0,-1.279957980126E1,-1.380998519550E0));
#253=VERTEX_POINT('',#252);
#254=CARTESIAN_POINT('',(0.E0,-1.464041103184E1,-5.328673833014E0));
#255=VERTEX_POINT('',#254);
#256=CARTESIAN_POINT('',(0.E0,-1.174615775982E1,-4.275251791571E0));
#257=DIRECTION('',(0.E0,-3.420201433257E-1,9.396926207859E-1));
#258=DIRECTION('',(1.E0,0.E0,0.E0));
#259=AXIS2_PLACEMENT_3D('',#256,#257,#258);
#260=SPHERICAL_SURFACE('',#259,3.08E0);
#262=ORIENTED_EDGE('',*,*,#261,.T.);
#264=ORIENTED_EDGE('',*,*,#263,.T.);
#266=ORIENTED_EDGE('',*,*,#265,.F.);
#268=ORIENTED_EDGE('',*,*,#267,.F.);
#269=EDGE_LOOP('',(#262,#264,#266,#268));
#270=FACE_OUTER_BOUND('',#269,.F.);
#271=ADVANCED_FACE('',(#270),#260,.T.);
#272=CARTESIAN_POINT('',(0.E0,-1.174615775982E1,-4.275251791571E0));
#273=DIRECTION('',(0.E0,-3.420201433257E-1,9.396926207859E-1));
#274=DIRECTION('',(1.E0,0.E0,0.E0));
#275=AXIS2_PLACEMENT_3D('',#272,#273,#274);
#276=SPHERICAL_SURFACE('',#275,3.08E0);
#277=ORIENTED_EDGE('',*,*,#267,.T.);
#279=ORIENTED_EDGE('',*,*,#278,.F.);
#281=ORIENTED_EDGE('',*,*,#280,.T.);
#282=ORIENTED_EDGE('',*,*,#261,.F.);
#283=EDGE_LOOP('',(#277,#279,#281,#282));
#284=FACE_OUTER_BOUND('',#283,.F.);
#285=ADVANCED_FACE('',(#284),#276,.T.);
#286=CARTESIAN_POINT('',(0.E0,-1.174615775982E1,-4.275251791571E0));
#287=DIRECTION('',(0.E0,-3.420201433257E-1,9.396926207859E-1));
#288=DIRECTION('',(1.E0,0.E0,0.E0));
#289=AXIS2_PLACEMENT_3D('',#286,#287,#288);
#290=SPHERICAL_SURFACE('',#289,3.08E0);
#292=ORIENTED_EDGE('',*,*,#291,.T.);
#294=ORIENTED_EDGE('',*,*,#293,.F.);
#295=ORIENTED_EDGE('',*,*,#280,.F.);
#296=ORIENTED_EDGE('',*,*,#278,.T.);
#297=EDGE_LOOP('',(#292,#294,#295,#296));
#298=FACE_OUTER_BOUND('',#297,.F.);
#299=ADVANCED_FACE('',(#298),#290,.T.);
#300=CARTESIAN_POINT('',(0.E0,-1.174615775982E1,-4.275251791571E0));
#301=DIRECTION('',(0.E0,-3.420201433257E-1,9.396926207859E-1));
#302=DIRECTION('',(1.E0,0.E0,0.E0));
#303=AXIS2_PLACEMENT_3D('',#300,#301,#302);
#304=SPHERICAL_SURFACE('',#303,3.08E0);
#305=ORIENTED_EDGE('',*,*,#293,.T.);
#306=ORIENTED_EDGE('',*,*,#291,.F.);
#307=ORIENTED_EDGE('',*,*,#265,.T.);
#308=ORIENTED_EDGE('',*,*,#263,.F.);
#309=EDGE_LOOP('',(#305,#306,#307,#308));
#310=FACE_OUTER_BOUND('',#309,.F.);
#311=ADVANCED_FACE('',(#310),#304,.T.);
#312=CLOSED_SHELL('',(#271,#285,#299,#311));
#313=MANIFOLD_SOLID_BREP('',#312);
#314=PRESENTATION_LAYER_ASSIGNMENT('INTFCLR_2771_1','',(#271,#285,#299,#311,
#313));
#315=PRESENTATION_LAYER_ASSIGNMENT('NONE_9','',(#271,#285,#299,#311,#313));
#317=DIMENSIONAL_EXPONENTS(0.E0,0.E0,0.E0,0.E0,0.E0,0.E0,0.E0);
#319=PLANE_ANGLE_MEASURE_WITH_UNIT(PLANE_ANGLE_MEASURE(1.745329251994E-2),#318);
#320=(CONVERSION_BASED_UNIT('DEGREE',#319)NAMED_UNIT(*)PLANE_ANGLE_UNIT());
#322=UNCERTAINTY_MEASURE_WITH_UNIT(LENGTH_MEASURE(5.E-3),#316,'closure',
'Maximum model space distance between geometric entities at asserted connectivities');
#323=(GEOMETRIC_REPRESENTATION_CONTEXT(3)GLOBAL_UNCERTAINTY_ASSIGNED_CONTEXT((
#322))GLOBAL_UNIT_ASSIGNED_CONTEXT((#316,#320,#321))REPRESENTATION_CONTEXT
('ID1','3'));
#324=CARTESIAN_POINT('',(0.E0,0.E0,0.E0));
#325=DIRECTION('',(0.E0,0.E0,1.E0));
#326=DIRECTION('',(1.E0,0.E0,0.E0));
#329=APPLICATION_CONTEXT(
'CONFIGURATION CONTROLLED 3D DESIGNS OF MECHANICAL PARTS AND ASSEMBLIES');
#330=APPLICATION_PROTOCOL_DEFINITION('international standard',
'config_control_design',1994,#329);
#331=DESIGN_CONTEXT('',#329,'design');
#332=MECHANICAL_CONTEXT('',#329,'mechanical');
#333=PRODUCT('_5__1_2_3_4000_1','_5__1_2_3_4000_1','NOT SPECIFIED',(#332));
#334=PRODUCT_DEFINITION_FORMATION_WITH_SPECIFIED_SOURCE('1','LAST_VERSION',#333,
.MADE.);
#343=CARTESIAN_POINT('',(0.E0,0.E0,0.E0));
#344=DIRECTION('',(0.E0,0.E0,1.E0));
#345=DIRECTION('',(1.E0,0.E0,0.E0));
#346=AXIS2_PLACEMENT_3D('',#343,#344,#345);
#347=ITEM_DEFINED_TRANSFORMATION('','',#327,#346);
#348=CARTESIAN_POINT('',(0.E0,0.E0,0.E0));
#349=DIRECTION('',(0.E0,0.E0,1.E0));
#350=DIRECTION('',(1.E0,0.E0,0.E0));
#352=(REPRESENTATION_RELATIONSHIP('','',#328,#340)REPRESENTATION_RELATIONSHIP_WITH_TRANSFORMATION(#347)SHAPE_REPRESENTATION_RELATIONSHIP());
#353=CONTEXT_DEPENDENT_SHAPE_REPRESENTATION(#352,#342);
#354=CARTESIAN_POINT('',(5.028501414856E0,0.E0,0.E0));
#355=DIRECTION('',(-1.E0,0.E0,0.E0));
#356=DIRECTION('',(0.E0,0.E0,1.E0));
#357=AXIS2_PLACEMENT_3D('',#354,#355,#356);
#359=DIRECTION('',(-5.144957554252E-1,0.E0,-8.574929257140E-1));
#360=VECTOR('',#359,4.698571136958E-1);
#361=CARTESIAN_POINT('',(5.028501414857E0,0.E0,-1.456376751558E1));
#362=LINE('',#361,#360);
#363=CARTESIAN_POINT('',(4.786761924203E0,0.E0,0.E0));
#364=DIRECTION('',(1.E0,0.E0,0.E0));
#365=DIRECTION('',(0.E0,0.E0,-1.E0));
#366=AXIS2_PLACEMENT_3D('',#363,#364,#365);
#368=DIRECTION('',(8.574929257079E-1,0.E0,5.144957554352E-1));
#369=VECTOR('',#368,2.000000000032E-1);
#370=CARTESIAN_POINT('',(5.028501414857E0,0.E0,1.456376751558E1));
#371=LINE('',#370,#369);
#372=CARTESIAN_POINT('',(5.200000000003E0,0.E0,0.E0));
#373=DIRECTION('',(-1.E0,0.E0,0.E0));
#374=DIRECTION('',(0.E0,0.E0,1.E0));
#375=AXIS2_PLACEMENT_3D('',#372,#373,#374);
#377=DIRECTION('',(8.574929257079E-1,0.E0,-5.144957554352E-1));
#378=VECTOR('',#377,2.000000000032E-1);
#379=CARTESIAN_POINT('',(5.028501414857E0,0.E0,-1.456376751558E1));
#380=LINE('',#379,#378);
#381=CARTESIAN_POINT('',(5.200000000003E0,0.E0,0.E0));
#382=DIRECTION('',(-1.E0,0.E0,0.E0));
#383=DIRECTION('',(0.E0,0.E0,-1.E0));
#384=AXIS2_PLACEMENT_3D('',#381,#382,#383);
#386=DIRECTION('',(-5.144957554275E-1,0.E0,-8.574929257126E-1));
#387=VECTOR('',#386,5.830951894877E-1);
#388=CARTESIAN_POINT('',(5.200000000002E0,0.E0,-1.466666666667E1));
#389=LINE('',#388,#387);
#390=CARTESIAN_POINT('',(4.9E0,0.E0,0.E0));
#391=DIRECTION('',(-1.E0,0.E0,0.E0));
#392=DIRECTION('',(0.E0,0.E0,-1.E0));
#393=AXIS2_PLACEMENT_3D('',#390,#391,#392);
#395=DIRECTION('',(-5.144957554275E-1,0.E0,8.574929257126E-1));
#396=VECTOR('',#395,5.830951894877E-1);
#397=CARTESIAN_POINT('',(5.200000000002E0,0.E0,1.466666666667E1));
#398=LINE('',#397,#396);
#399=CARTESIAN_POINT('',(4.9E0,0.E0,0.E0));
#400=DIRECTION('',(-1.E0,0.E0,0.E0));
#401=DIRECTION('',(0.E0,0.E0,1.E0));
#402=AXIS2_PLACEMENT_3D('',#399,#400,#401);
#404=DIRECTION('',(1.E0,0.E0,-1.184237892933E-14));
#405=VECTOR('',#404,6.E-1);
#406=CARTESIAN_POINT('',(4.3E0,0.E0,-1.516666666667E1));
#407=LINE('',#406,#405);
#408=DIRECTION('',(1.E0,0.E0,1.184237892933E-14));
#409=VECTOR('',#408,6.E-1);
#410=CARTESIAN_POINT('',(4.3E0,0.E0,1.516666666667E1));
#411=LINE('',#410,#409);
#412=CARTESIAN_POINT('',(4.3E0,0.E0,0.E0));
#413=DIRECTION('',(1.E0,0.E0,0.E0));
#414=DIRECTION('',(0.E0,0.E0,-1.E0));
#415=AXIS2_PLACEMENT_3D('',#412,#413,#414);
#417=CARTESIAN_POINT('',(4.3E0,0.E0,0.E0));
#418=DIRECTION('',(1.E0,0.E0,0.E0));
#419=DIRECTION('',(0.E0,0.E0,1.E0));
#420=AXIS2_PLACEMENT_3D('',#417,#418,#419);
#422=CARTESIAN_POINT('',(4.3E0,0.E0,0.E0));
#423=DIRECTION('',(-1.E0,0.E0,0.E0));
#424=DIRECTION('',(0.E0,0.E0,1.E0));
#425=AXIS2_PLACEMENT_3D('',#422,#423,#424);
#427=CARTESIAN_POINT('',(4.3E0,0.E0,0.E0));
#428=DIRECTION('',(-1.E0,0.E0,0.E0));
#429=DIRECTION('',(0.E0,0.E0,-1.E0));
#430=AXIS2_PLACEMENT_3D('',#427,#428,#429);
#432=CARTESIAN_POINT('',(4.5E0,0.E0,-1.425404991841E1));
#433=DIRECTION('',(0.E0,-1.E0,0.E0));
#434=DIRECTION('',(-6.794080315083E-1,0.E0,7.337606740089E-1));
#435=AXIS2_PLACEMENT_3D('',#432,#433,#434);
#437=CARTESIAN_POINT('',(4.364118393698E0,0.E0,0.E0));
#438=DIRECTION('',(-1.E0,0.E0,0.E0));
#439=DIRECTION('',(0.E0,0.E0,1.E0));
#440=AXIS2_PLACEMENT_3D('',#437,#438,#439);
#442=CARTESIAN_POINT('',(4.364118393698E0,0.E0,0.E0));
#443=DIRECTION('',(-1.E0,0.E0,0.E0));
#444=DIRECTION('',(0.E0,0.E0,-1.E0));
#445=AXIS2_PLACEMENT_3D('',#442,#443,#444);
#447=CARTESIAN_POINT('',(4.5E0,0.E0,1.425404991841E1));
#448=DIRECTION('',(0.E0,1.E0,0.E0));
#449=DIRECTION('',(-6.794080315083E-1,0.E0,-7.337606740089E-1));
#450=AXIS2_PLACEMENT_3D('',#447,#448,#449);
#452=DIRECTION('',(-7.337606740203E-1,0.E0,6.794080314960E-1));
#453=VECTOR('',#452,1.051791462702E0);
#454=CARTESIAN_POINT('',(5.135881606301E0,0.E0,1.339270221639E1));
#455=LINE('',#454,#453);
#456=DIRECTION('',(-7.337606740203E-1,0.E0,-6.794080314960E-1));
#457=VECTOR('',#456,1.051791462702E0);
#458=CARTESIAN_POINT('',(5.135881606301E0,0.E0,-1.339270221639E1));
#459=LINE('',#458,#457);
#460=CARTESIAN_POINT('',(5.135881606302E0,0.E0,0.E0));
#461=DIRECTION('',(1.E0,0.E0,0.E0));
#462=DIRECTION('',(0.E0,0.E0,-1.E0));
#463=AXIS2_PLACEMENT_3D('',#460,#461,#462);
#465=CARTESIAN_POINT('',(5.E0,0.E0,1.324595008159E1));
#466=DIRECTION('',(0.E0,1.E0,0.E0));
#467=DIRECTION('',(6.794080315083E-1,0.E0,7.337606740089E-1));
#468=AXIS2_PLACEMENT_3D('',#465,#466,#467);
#470=CARTESIAN_POINT('',(5.E0,0.E0,-1.324595008159E1));
#471=DIRECTION('',(0.E0,-1.E0,0.E0));
#472=DIRECTION('',(6.794080315083E-1,0.E0,-7.337606740089E-1));
#473=AXIS2_PLACEMENT_3D('',#470,#471,#472);
#475=CARTESIAN_POINT('',(5.135881606302E0,0.E0,0.E0));
#476=DIRECTION('',(1.E0,0.E0,0.E0));
#477=DIRECTION('',(0.E0,0.E0,1.E0));
#478=AXIS2_PLACEMENT_3D('',#475,#476,#477);
#480=CARTESIAN_POINT('',(5.2E0,0.E0,0.E0));
#481=DIRECTION('',(1.E0,0.E0,0.E0));
#482=DIRECTION('',(0.E0,0.E0,-1.E0));
#483=AXIS2_PLACEMENT_3D('',#480,#481,#482);
#485=CARTESIAN_POINT('',(5.2E0,0.E0,0.E0));
#486=DIRECTION('',(1.E0,0.E0,0.E0));
#487=DIRECTION('',(0.E0,0.E0,1.E0));
#488=AXIS2_PLACEMENT_3D('',#485,#486,#487);
#490=CARTESIAN_POINT('',(5.2E0,0.E0,0.E0));
#491=DIRECTION('',(-1.E0,0.E0,0.E0));
#492=DIRECTION('',(0.E0,0.E0,1.E0));
#493=AXIS2_PLACEMENT_3D('',#490,#491,#492);
#495=CARTESIAN_POINT('',(5.2E0,0.E0,0.E0));
#496=DIRECTION('',(-1.E0,0.E0,0.E0));
#497=DIRECTION('',(0.E0,0.E0,-1.E0));
#498=AXIS2_PLACEMENT_3D('',#495,#496,#497);
#500=CARTESIAN_POINT('',(5.E0,0.E0,1.103333333333E1));
#501=DIRECTION('',(0.E0,1.E0,0.E0));
#502=DIRECTION('',(1.E0,0.E0,0.E0));
#503=AXIS2_PLACEMENT_3D('',#500,#501,#502);
#505=CARTESIAN_POINT('',(5.E0,0.E0,0.E0));
#506=DIRECTION('',(-1.E0,0.E0,0.E0));
#507=DIRECTION('',(0.E0,0.E0,1.E0));
#508=AXIS2_PLACEMENT_3D('',#505,#506,#507);
#510=CARTESIAN_POINT('',(5.E0,0.E0,-1.103333333333E1));
#511=DIRECTION('',(0.E0,-1.E0,0.E0));
#512=DIRECTION('',(1.E0,0.E0,0.E0));
#513=AXIS2_PLACEMENT_3D('',#510,#511,#512);
#515=CARTESIAN_POINT('',(5.E0,0.E0,0.E0));
#516=DIRECTION('',(-1.E0,0.E0,0.E0));
#517=DIRECTION('',(0.E0,0.E0,-1.E0));
#518=AXIS2_PLACEMENT_3D('',#515,#516,#517);
#520=DIRECTION('',(1.E0,0.E0,0.E0));
#521=VECTOR('',#520,7.E-1);
#522=CARTESIAN_POINT('',(4.3E0,0.E0,1.083333333333E1));
#523=LINE('',#522,#521);
#524=CARTESIAN_POINT('',(4.3E0,0.E0,0.E0));
#525=DIRECTION('',(1.E0,0.E0,0.E0));
#526=DIRECTION('',(0.E0,0.E0,-1.E0));
#527=AXIS2_PLACEMENT_3D('',#524,#525,#526);
#529=CARTESIAN_POINT('',(4.3E0,0.E0,0.E0));
#530=DIRECTION('',(1.E0,0.E0,0.E0));
#531=DIRECTION('',(0.E0,0.E0,1.E0));
#532=AXIS2_PLACEMENT_3D('',#529,#530,#531);
#534=CARTESIAN_POINT('',(4.3E0,0.E0,0.E0));
#535=DIRECTION('',(-1.E0,0.E0,0.E0));
#536=DIRECTION('',(0.E0,0.E0,1.E0));
#537=AXIS2_PLACEMENT_3D('',#534,#535,#536);
#539=CARTESIAN_POINT('',(4.3E0,0.E0,0.E0));
#540=DIRECTION('',(-1.E0,0.E0,0.E0));
#541=DIRECTION('',(0.E0,0.E0,-1.E0));
#542=AXIS2_PLACEMENT_3D('',#539,#540,#541);
#544=DIRECTION('',(1.E0,0.E0,0.E0));
#545=VECTOR('',#544,7.E-1);
#546=CARTESIAN_POINT('',(4.3E0,0.E0,-1.083333333333E1));
#547=LINE('',#546,#545);
#548=DIRECTION('',(1.E0,0.E0,0.E0));
#549=VECTOR('',#548,7.E-1);
#550=CARTESIAN_POINT('',(4.3E0,0.E0,1.063333333333E1));
#551=LINE('',#550,#549);
#552=DIRECTION('',(1.E0,0.E0,0.E0));
#553=VECTOR('',#552,7.E-1);
#554=CARTESIAN_POINT('',(4.3E0,0.E0,-1.063333333333E1));
#555=LINE('',#554,#553);
#556=CARTESIAN_POINT('',(5.E0,0.E0,1.103333333333E1));
#557=DIRECTION('',(0.E0,1.E0,0.E0));
#558=DIRECTION('',(1.E0,0.E0,0.E0));
#559=AXIS2_PLACEMENT_3D('',#556,#557,#558);
#561=CARTESIAN_POINT('',(5.E0,0.E0,0.E0));
#562=DIRECTION('',(1.E0,0.E0,0.E0));
#563=DIRECTION('',(0.E0,0.E0,1.E0));
#564=AXIS2_PLACEMENT_3D('',#561,#562,#563);
#566=CARTESIAN_POINT('',(5.4E0,0.E0,0.E0));
#567=DIRECTION('',(-1.E0,0.E0,0.E0));
#568=DIRECTION('',(0.E0,0.E0,1.E0));
#569=AXIS2_PLACEMENT_3D('',#566,#567,#568);
#571=CARTESIAN_POINT('',(5.4E0,0.E0,0.E0));
#572=DIRECTION('',(-1.E0,0.E0,0.E0));
#573=DIRECTION('',(0.E0,0.E0,-1.E0));
#574=AXIS2_PLACEMENT_3D('',#571,#572,#573);
#576=CARTESIAN_POINT('',(5.4E0,0.E0,0.E0));
#577=DIRECTION('',(1.E0,0.E0,0.E0));
#578=DIRECTION('',(0.E0,0.E0,-1.E0));
#579=AXIS2_PLACEMENT_3D('',#576,#577,#578);
#581=CARTESIAN_POINT('',(5.4E0,0.E0,0.E0));
#582=DIRECTION('',(1.E0,0.E0,0.E0));
#583=DIRECTION('',(0.E0,0.E0,1.E0));
#584=AXIS2_PLACEMENT_3D('',#581,#582,#583);
#586=CARTESIAN_POINT('',(5.E0,0.E0,-1.324595008159E1));
#587=DIRECTION('',(0.E0,-1.E0,0.E0));
#588=DIRECTION('',(6.794080315069E-1,0.E0,-7.337606740102E-1));
#589=AXIS2_PLACEMENT_3D('',#586,#587,#588);
#591=CARTESIAN_POINT('',(5.271763212603E0,0.E0,0.E0));
#592=DIRECTION('',(-1.E0,0.E0,0.E0));
#593=DIRECTION('',(0.E0,0.E0,1.E0));
#594=AXIS2_PLACEMENT_3D('',#591,#592,#593);
#596=CARTESIAN_POINT('',(5.271763212603E0,0.E0,0.E0));
#597=DIRECTION('',(-1.E0,0.E0,0.E0));
#598=DIRECTION('',(0.E0,0.E0,-1.E0));
#599=AXIS2_PLACEMENT_3D('',#596,#597,#598);
#601=CARTESIAN_POINT('',(5.E0,0.E0,1.324595008159E1));
#602=DIRECTION('',(0.E0,1.E0,0.E0));
#603=DIRECTION('',(6.794080315069E-1,0.E0,7.337606740102E-1));
#604=AXIS2_PLACEMENT_3D('',#601,#602,#603);
#606=DIRECTION('',(-7.337606740202E-1,0.E0,-6.794080314961E-1));
#607=VECTOR('',#606,1.051791462701E0);
#608=CARTESIAN_POINT('',(5.271763212601E0,0.E0,-1.353945435119E1));
#609=LINE('',#608,#607);
#610=DIRECTION('',(-7.337606740202E-1,0.E0,6.794080314961E-1));
#611=VECTOR('',#610,1.051791462701E0);
#612=CARTESIAN_POINT('',(5.271763212601E0,0.E0,1.353945435119E1));
#613=LINE('',#612,#611);
#614=CARTESIAN_POINT('',(4.5E0,0.E0,0.E0));
#615=DIRECTION('',(-1.E0,0.E0,0.E0));
#616=DIRECTION('',(0.E0,0.E0,1.E0));
#617=AXIS2_PLACEMENT_3D('',#614,#615,#616);
#619=CARTESIAN_POINT('',(4.5E0,0.E0,0.E0));
#620=DIRECTION('',(-1.E0,0.E0,0.E0));
#621=DIRECTION('',(0.E0,0.E0,-1.E0));
#622=AXIS2_PLACEMENT_3D('',#619,#620,#621);
#624=CARTESIAN_POINT('',(4.500000000001E0,0.E0,0.E0));
#625=DIRECTION('',(1.E0,0.E0,0.E0));
#626=DIRECTION('',(0.E0,0.E0,1.E0));
#627=AXIS2_PLACEMENT_3D('',#624,#625,#626);
#629=CARTESIAN_POINT('',(4.500000000001E0,0.E0,0.E0));
#630=DIRECTION('',(1.E0,0.E0,0.E0));
#631=DIRECTION('',(0.E0,0.E0,-1.E0));
#632=AXIS2_PLACEMENT_3D('',#629,#630,#631);
#634=DIRECTION('',(1.E0,0.E0,-3.072489469397E-12));
#635=VECTOR('',#634,2.867619242045E-1);
#636=CARTESIAN_POINT('',(4.5E0,0.E0,1.496666666667E1));
#637=LINE('',#636,#635);
#638=DIRECTION('',(1.E0,0.E0,3.072489469397E-12));
#639=VECTOR('',#638,2.867619242045E-1);
#640=CARTESIAN_POINT('',(4.5E0,0.E0,-1.496666666667E1));
#641=LINE('',#640,#639);
#642=DIRECTION('',(-5.144957554252E-1,0.E0,8.574929257140E-1));
#643=VECTOR('',#642,4.698571136958E-1);
#644=CARTESIAN_POINT('',(5.028501414857E0,0.E0,1.456376751558E1));
#645=LINE('',#644,#643);
#646=CARTESIAN_POINT('',(4.786761924203E0,0.E0,0.E0));
#647=DIRECTION('',(1.E0,0.E0,0.E0));
#648=DIRECTION('',(0.E0,0.E0,1.E0));
#649=AXIS2_PLACEMENT_3D('',#646,#647,#648);
#651=CARTESIAN_POINT('',(5.028501414856E0,0.E0,0.E0));
#652=DIRECTION('',(-1.E0,0.E0,0.E0));
#653=DIRECTION('',(0.E0,0.E0,-1.E0));
#654=AXIS2_PLACEMENT_3D('',#651,#652,#653);
#656=CARTESIAN_POINT('',(5.E0,0.E0,-1.103333333333E1));
#657=DIRECTION('',(0.E0,-1.E0,0.E0));
#658=DIRECTION('',(1.E0,0.E0,0.E0));
#659=AXIS2_PLACEMENT_3D('',#656,#657,#658);
#661=CARTESIAN_POINT('',(5.E0,0.E0,0.E0));
#662=DIRECTION('',(1.E0,0.E0,0.E0));
#663=DIRECTION('',(0.E0,0.E0,-1.E0));
#664=AXIS2_PLACEMENT_3D('',#661,#662,#663);
#666=CARTESIAN_POINT('',(5.028501414856E0,0.E0,1.456376751558E1));
#667=CARTESIAN_POINT('',(5.028501414856E0,0.E0,-1.456376751558E1));
#668=VERTEX_POINT('',#666);
#669=VERTEX_POINT('',#667);
#670=CARTESIAN_POINT('',(4.786761924205E0,0.E0,-1.496666666667E1));
#671=VERTEX_POINT('',#670);
#672=CARTESIAN_POINT('',(4.786761924203E0,0.E0,1.496666666667E1));
#673=VERTEX_POINT('',#672);
#674=CARTESIAN_POINT('',(5.200000000002E0,0.E0,1.466666666667E1));
#675=VERTEX_POINT('',#674);
#676=CARTESIAN_POINT('',(5.200000000003E0,0.E0,-1.466666666666E1));
#677=VERTEX_POINT('',#676);
#678=CARTESIAN_POINT('',(4.9E0,0.E0,-1.516666666667E1));
#679=VERTEX_POINT('',#678);
#680=CARTESIAN_POINT('',(4.9E0,0.E0,1.516666666667E1));
#681=VERTEX_POINT('',#680);
#682=CARTESIAN_POINT('',(4.3E0,0.E0,-1.516666666667E1));
#683=VERTEX_POINT('',#682);
#684=CARTESIAN_POINT('',(4.3E0,0.E0,1.516666666667E1));
#685=VERTEX_POINT('',#684);
#686=CARTESIAN_POINT('',(4.3E0,0.E0,1.425404991841E1));
#687=CARTESIAN_POINT('',(4.3E0,0.E0,-1.425404991841E1));
#688=VERTEX_POINT('',#686);
#689=VERTEX_POINT('',#687);
#690=CARTESIAN_POINT('',(4.364118393698E0,0.E0,-1.410729778361E1));
#691=VERTEX_POINT('',#690);
#692=CARTESIAN_POINT('',(4.364118393698E0,0.E0,1.410729778361E1));
#693=VERTEX_POINT('',#692);
#694=CARTESIAN_POINT('',(5.135881606301E0,0.E0,1.339270221639E1));
#695=VERTEX_POINT('',#694);
#696=CARTESIAN_POINT('',(5.135881606301E0,0.E0,-1.339270221639E1));
#697=VERTEX_POINT('',#696);
#698=CARTESIAN_POINT('',(5.2E0,0.E0,1.324595008159E1));
#699=VERTEX_POINT('',#698);
#700=CARTESIAN_POINT('',(5.2E0,0.E0,-1.324595008159E1));
#701=VERTEX_POINT('',#700);
#702=CARTESIAN_POINT('',(5.2E0,0.E0,1.103333333333E1));
#703=CARTESIAN_POINT('',(5.2E0,0.E0,-1.103333333333E1));
#704=VERTEX_POINT('',#702);
#705=VERTEX_POINT('',#703);
#706=CARTESIAN_POINT('',(5.E0,0.E0,1.083333333333E1));
#707=VERTEX_POINT('',#706);
#708=CARTESIAN_POINT('',(5.E0,0.E0,-1.083333333333E1));
#709=VERTEX_POINT('',#708);
#710=CARTESIAN_POINT('',(4.3E0,0.E0,1.083333333333E1));
#711=CARTESIAN_POINT('',(4.3E0,0.E0,-1.083333333333E1));
#712=VERTEX_POINT('',#710);
#713=VERTEX_POINT('',#711);
#714=CARTESIAN_POINT('',(4.3E0,0.E0,1.063333333333E1));
#715=CARTESIAN_POINT('',(4.3E0,0.E0,-1.063333333333E1));
#716=VERTEX_POINT('',#714);
#717=VERTEX_POINT('',#715);
#718=CARTESIAN_POINT('',(5.E0,0.E0,1.063333333333E1));
#719=VERTEX_POINT('',#718);
#720=CARTESIAN_POINT('',(5.E0,0.E0,-1.063333333333E1));
#721=VERTEX_POINT('',#720);
#722=CARTESIAN_POINT('',(5.4E0,0.E0,1.103333333333E1));
#723=CARTESIAN_POINT('',(5.4E0,0.E0,-1.103333333333E1));
#724=VERTEX_POINT('',#722);
#725=VERTEX_POINT('',#723);
#726=CARTESIAN_POINT('',(5.4E0,0.E0,1.324595008159E1));
#727=CARTESIAN_POINT('',(5.4E0,0.E0,-1.324595008159E1));
#728=VERTEX_POINT('',#726);
#729=VERTEX_POINT('',#727);
#730=CARTESIAN_POINT('',(5.271763212603E0,0.E0,-1.353945435119E1));
#731=VERTEX_POINT('',#730);
#732=CARTESIAN_POINT('',(5.271763212603E0,0.E0,1.353945435119E1));
#733=VERTEX_POINT('',#732);
#734=CARTESIAN_POINT('',(4.5E0,0.E0,-1.425404991841E1));
#735=VERTEX_POINT('',#734);
#736=CARTESIAN_POINT('',(4.500000000001E0,0.E0,1.425404991841E1));
#737=VERTEX_POINT('',#736);
#738=CARTESIAN_POINT('',(4.5E0,0.E0,1.496666666667E1));
#739=CARTESIAN_POINT('',(4.5E0,0.E0,-1.496666666667E1));
#740=VERTEX_POINT('',#738);
#741=VERTEX_POINT('',#739);
#742=CARTESIAN_POINT('',(4.907631669530E0,0.E0,0.E0));
#743=DIRECTION('',(-1.E0,0.E0,0.E0));
#744=DIRECTION('',(0.E0,0.E0,-1.E0));
#745=AXIS2_PLACEMENT_3D('',#742,#743,#744);
#746=CONICAL_SURFACE('',#745,1.476521709112E1,5.903624346793E1);
#748=ORIENTED_EDGE('',*,*,#747,.T.);
#750=ORIENTED_EDGE('',*,*,#749,.T.);
#752=ORIENTED_EDGE('',*,*,#751,.T.);
#754=ORIENTED_EDGE('',*,*,#753,.F.);
#755=EDGE_LOOP('',(#748,#750,#752,#754));
#756=FACE_OUTER_BOUND('',#755,.F.);
#757=ADVANCED_FACE('',(#756),#746,.F.);
#758=CARTESIAN_POINT('',(5.114250707431E0,0.E0,0.E0));
#759=DIRECTION('',(1.E0,0.E0,0.E0));
#760=DIRECTION('',(0.E0,0.E0,1.E0));
#761=AXIS2_PLACEMENT_3D('',#758,#759,#760);
#762=CONICAL_SURFACE('',#761,1.461521709112E1,3.096375653207E1);
#763=ORIENTED_EDGE('',*,*,#747,.F.);
#765=ORIENTED_EDGE('',*,*,#764,.T.);
#767=ORIENTED_EDGE('',*,*,#766,.T.);
#769=ORIENTED_EDGE('',*,*,#768,.F.);
#770=EDGE_LOOP('',(#763,#765,#767,#769));
#771=FACE_OUTER_BOUND('',#770,.F.);
#772=ADVANCED_FACE('',(#771),#762,.F.);
#773=CARTESIAN_POINT('',(5.114250707431E0,0.E0,0.E0));
#774=DIRECTION('',(1.E0,0.E0,0.E0));
#775=DIRECTION('',(0.E0,0.E0,1.E0));
#776=AXIS2_PLACEMENT_3D('',#773,#774,#775);
#777=CONICAL_SURFACE('',#776,1.461521709112E1,3.096375653207E1);
#778=ORIENTED_EDGE('',*,*,#768,.T.);
#780=ORIENTED_EDGE('',*,*,#779,.T.);
#781=ORIENTED_EDGE('',*,*,#764,.F.);
#783=ORIENTED_EDGE('',*,*,#782,.F.);
#784=EDGE_LOOP('',(#778,#780,#781,#783));
#785=FACE_OUTER_BOUND('',#784,.F.);
#786=ADVANCED_FACE('',(#785),#777,.F.);
#787=CARTESIAN_POINT('',(5.05E0,0.E0,0.E0));
#788=DIRECTION('',(-1.E0,0.E0,0.E0));
#789=DIRECTION('',(0.E0,0.E0,-1.E0));
#790=AXIS2_PLACEMENT_3D('',#787,#788,#789);
#791=CONICAL_SURFACE('',#790,1.491666666667E1,5.903624346793E1);
#792=ORIENTED_EDGE('',*,*,#779,.F.);
#794=ORIENTED_EDGE('',*,*,#793,.T.);
#796=ORIENTED_EDGE('',*,*,#795,.T.);
#798=ORIENTED_EDGE('',*,*,#797,.F.);
#799=EDGE_LOOP('',(#792,#794,#796,#798));
#800=FACE_OUTER_BOUND('',#799,.F.);
#801=ADVANCED_FACE('',(#800),#791,.T.);
#802=CARTESIAN_POINT('',(5.05E0,0.E0,0.E0));
#803=DIRECTION('',(-1.E0,0.E0,0.E0));
#804=DIRECTION('',(0.E0,0.E0,-1.E0));
#805=AXIS2_PLACEMENT_3D('',#802,#803,#804);
#806=CONICAL_SURFACE('',#805,1.491666666667E1,5.903624346793E1);
#807=ORIENTED_EDGE('',*,*,#797,.T.);
#809=ORIENTED_EDGE('',*,*,#808,.T.);
#810=ORIENTED_EDGE('',*,*,#793,.F.);
#811=ORIENTED_EDGE('',*,*,#766,.F.);
#812=EDGE_LOOP('',(#807,#809,#810,#811));
#813=FACE_OUTER_BOUND('',#812,.F.);
#814=ADVANCED_FACE('',(#813),#806,.T.);
#815=CARTESIAN_POINT('',(0.E0,0.E0,0.E0));
#816=DIRECTION('',(1.E0,0.E0,0.E0));
#817=DIRECTION('',(0.E0,0.E0,1.E0));
#818=AXIS2_PLACEMENT_3D('',#815,#816,#817);
#819=CYLINDRICAL_SURFACE('',#818,1.516666666667E1);
#821=ORIENTED_EDGE('',*,*,#820,.T.);
#822=ORIENTED_EDGE('',*,*,#808,.F.);
#824=ORIENTED_EDGE('',*,*,#823,.F.);
#826=ORIENTED_EDGE('',*,*,#825,.F.);
#827=EDGE_LOOP('',(#821,#822,#824,#826));
#828=FACE_OUTER_BOUND('',#827,.F.);
#829=ADVANCED_FACE('',(#828),#819,.T.);
#830=CARTESIAN_POINT('',(0.E0,0.E0,0.E0));
#831=DIRECTION('',(1.E0,0.E0,0.E0));
#832=DIRECTION('',(0.E0,0.E0,1.E0));
#833=AXIS2_PLACEMENT_3D('',#830,#831,#832);
#834=CYLINDRICAL_SURFACE('',#833,1.516666666667E1);
#836=ORIENTED_EDGE('',*,*,#835,.F.);
#837=ORIENTED_EDGE('',*,*,#823,.T.);
#838=ORIENTED_EDGE('',*,*,#795,.F.);
#839=ORIENTED_EDGE('',*,*,#820,.F.);
#840=EDGE_LOOP('',(#836,#837,#838,#839));
#841=FACE_OUTER_BOUND('',#840,.F.);
#842=ADVANCED_FACE('',(#841),#834,.T.);
#843=CARTESIAN_POINT('',(4.3E0,1.516666666667E1,0.E0));
#844=DIRECTION('',(-1.E0,0.E0,0.E0));
#845=DIRECTION('',(0.E0,0.E0,-1.E0));
#846=AXIS2_PLACEMENT_3D('',#843,#844,#845);
#847=PLANE('',#846);
#848=ORIENTED_EDGE('',*,*,#825,.T.);
#849=ORIENTED_EDGE('',*,*,#835,.T.);
#850=EDGE_LOOP('',(#848,#849));
#851=FACE_OUTER_BOUND('',#850,.F.);
#853=ORIENTED_EDGE('',*,*,#852,.T.);
#855=ORIENTED_EDGE('',*,*,#854,.T.);
#856=EDGE_LOOP('',(#853,#855));
#857=FACE_BOUND('',#856,.F.);
#858=ADVANCED_FACE('',(#851,#857),#847,.T.);
#859=CARTESIAN_POINT('',(4.5E0,0.E0,0.E0));
#860=DIRECTION('',(1.E0,0.E0,0.E0));
#861=DIRECTION('',(0.E0,0.E0,1.E0));
#862=AXIS2_PLACEMENT_3D('',#859,#860,#861);
#863=TOROIDAL_SURFACE('',#862,1.425404991841E1,2.E-1);
#865=ORIENTED_EDGE('',*,*,#864,.T.);
#866=ORIENTED_EDGE('',*,*,#852,.F.);
#868=ORIENTED_EDGE('',*,*,#867,.F.);
#870=ORIENTED_EDGE('',*,*,#869,.T.);
#871=EDGE_LOOP('',(#865,#866,#868,#870));
#872=FACE_OUTER_BOUND('',#871,.F.);
#873=ADVANCED_FACE('',(#872),#863,.T.);
#874=CARTESIAN_POINT('',(4.5E0,0.E0,0.E0));
#875=DIRECTION('',(1.E0,0.E0,0.E0));
#876=DIRECTION('',(0.E0,0.E0,1.E0));
#877=AXIS2_PLACEMENT_3D('',#874,#875,#876);
#878=TOROIDAL_SURFACE('',#877,1.425404991841E1,2.E-1);
#880=ORIENTED_EDGE('',*,*,#879,.T.);
#881=ORIENTED_EDGE('',*,*,#867,.T.);
#882=ORIENTED_EDGE('',*,*,#854,.F.);
#883=ORIENTED_EDGE('',*,*,#864,.F.);
#884=EDGE_LOOP('',(#880,#881,#882,#883));
#885=FACE_OUTER_BOUND('',#884,.F.);
#886=ADVANCED_FACE('',(#885),#878,.T.);
#887=CARTESIAN_POINT('',(4.75E0,0.E0,0.E0));
#888=DIRECTION('',(-1.E0,0.E0,0.E0));
#889=DIRECTION('',(0.E0,0.E0,-1.E0));
#890=AXIS2_PLACEMENT_3D('',#887,#888,#889);
#891=CONICAL_SURFACE('',#890,1.375E1,4.279740183823E1);
#893=ORIENTED_EDGE('',*,*,#892,.T.);
#894=ORIENTED_EDGE('',*,*,#879,.F.);
#896=ORIENTED_EDGE('',*,*,#895,.F.);
#898=ORIENTED_EDGE('',*,*,#897,.F.);
#899=EDGE_LOOP('',(#893,#894,#896,#898));
#900=FACE_OUTER_BOUND('',#899,.F.);
#901=ADVANCED_FACE('',(#900),#891,.F.);
#902=CARTESIAN_POINT('',(4.75E0,0.E0,0.E0));
#903=DIRECTION('',(-1.E0,0.E0,0.E0));
#904=DIRECTION('',(0.E0,0.E0,-1.E0));
#905=AXIS2_PLACEMENT_3D('',#902,#903,#904);
#906=CONICAL_SURFACE('',#905,1.375E1,4.279740183823E1);
#908=ORIENTED_EDGE('',*,*,#907,.F.);
#909=ORIENTED_EDGE('',*,*,#895,.T.);
#910=ORIENTED_EDGE('',*,*,#869,.F.);
#911=ORIENTED_EDGE('',*,*,#892,.F.);
#912=EDGE_LOOP('',(#908,#909,#910,#911));
#913=FACE_OUTER_BOUND('',#912,.F.);
#914=ADVANCED_FACE('',(#913),#906,.F.);
#915=CARTESIAN_POINT('',(5.E0,0.E0,0.E0));
#916=DIRECTION('',(1.E0,0.E0,0.E0));
#917=DIRECTION('',(0.E0,0.E0,1.E0));
#918=AXIS2_PLACEMENT_3D('',#915,#916,#917);
#919=TOROIDAL_SURFACE('',#918,1.324595008159E1,2.E-1);
#920=ORIENTED_EDGE('',*,*,#907,.T.);
#922=ORIENTED_EDGE('',*,*,#921,.T.);
#924=ORIENTED_EDGE('',*,*,#923,.F.);
#926=ORIENTED_EDGE('',*,*,#925,.F.);
#927=EDGE_LOOP('',(#920,#922,#924,#926));
#928=FACE_OUTER_BOUND('',#927,.F.);
#929=ADVANCED_FACE('',(#928),#919,.F.);
#930=CARTESIAN_POINT('',(5.E0,0.E0,0.E0));
#931=DIRECTION('',(1.E0,0.E0,0.E0));
#932=DIRECTION('',(0.E0,0.E0,1.E0));
#933=AXIS2_PLACEMENT_3D('',#930,#931,#932);
#934=TOROIDAL_SURFACE('',#933,1.324595008159E1,2.E-1);
#935=ORIENTED_EDGE('',*,*,#925,.T.);
#937=ORIENTED_EDGE('',*,*,#936,.F.);
#938=ORIENTED_EDGE('',*,*,#921,.F.);
#939=ORIENTED_EDGE('',*,*,#897,.T.);
#940=EDGE_LOOP('',(#935,#937,#938,#939));
#941=FACE_OUTER_BOUND('',#940,.F.);
#942=ADVANCED_FACE('',(#941),#934,.F.);
#943=CARTESIAN_POINT('',(5.2E0,1.324595008159E1,0.E0));
#944=DIRECTION('',(-1.E0,0.E0,0.E0));
#945=DIRECTION('',(0.E0,0.E0,-1.E0));
#946=AXIS2_PLACEMENT_3D('',#943,#944,#945);
#947=PLANE('',#946);
#948=ORIENTED_EDGE('',*,*,#923,.T.);
#949=ORIENTED_EDGE('',*,*,#936,.T.);
#950=EDGE_LOOP('',(#948,#949));
#951=FACE_OUTER_BOUND('',#950,.F.);
#953=ORIENTED_EDGE('',*,*,#952,.T.);
#955=ORIENTED_EDGE('',*,*,#954,.T.);
#956=EDGE_LOOP('',(#953,#955));
#957=FACE_BOUND('',#956,.F.);
#958=ADVANCED_FACE('',(#951,#957),#947,.T.);
#959=CARTESIAN_POINT('',(5.E0,0.E0,0.E0));
#960=DIRECTION('',(1.E0,0.E0,0.E0));
#961=DIRECTION('',(0.E0,0.E0,1.E0));
#962=AXIS2_PLACEMENT_3D('',#959,#960,#961);
#963=TOROIDAL_SURFACE('',#962,1.103333333333E1,2.E-1);
#964=ORIENTED_EDGE('',*,*,#952,.F.);
#966=ORIENTED_EDGE('',*,*,#965,.T.);
#968=ORIENTED_EDGE('',*,*,#967,.T.);
#970=ORIENTED_EDGE('',*,*,#969,.F.);
#971=EDGE_LOOP('',(#964,#966,#968,#970));
#972=FACE_OUTER_BOUND('',#971,.F.);
#973=ADVANCED_FACE('',(#972),#963,.F.);
#974=CARTESIAN_POINT('',(5.E0,0.E0,0.E0));
#975=DIRECTION('',(1.E0,0.E0,0.E0));
#976=DIRECTION('',(0.E0,0.E0,1.E0));
#977=AXIS2_PLACEMENT_3D('',#974,#975,#976);
#978=TOROIDAL_SURFACE('',#977,1.103333333333E1,2.E-1);
#979=ORIENTED_EDGE('',*,*,#969,.T.);
#981=ORIENTED_EDGE('',*,*,#980,.T.);
#982=ORIENTED_EDGE('',*,*,#965,.F.);
#983=ORIENTED_EDGE('',*,*,#954,.F.);
#984=EDGE_LOOP('',(#979,#981,#982,#983));
#985=FACE_OUTER_BOUND('',#984,.F.);
#986=ADVANCED_FACE('',(#985),#978,.F.);
#987=CARTESIAN_POINT('',(0.E0,0.E0,0.E0));
#988=DIRECTION('',(1.E0,0.E0,0.E0));
#989=DIRECTION('',(0.E0,0.E0,1.E0));
#990=AXIS2_PLACEMENT_3D('',#987,#988,#989);
#991=CYLINDRICAL_SURFACE('',#990,1.083333333333E1);
#993=ORIENTED_EDGE('',*,*,#992,.F.);
#995=ORIENTED_EDGE('',*,*,#994,.T.);
#996=ORIENTED_EDGE('',*,*,#980,.F.);
#998=ORIENTED_EDGE('',*,*,#997,.F.);
#999=EDGE_LOOP('',(#993,#995,#996,#998));
#1000=FACE_OUTER_BOUND('',#999,.F.);
#1001=ADVANCED_FACE('',(#1000),#991,.T.);
#1002=CARTESIAN_POINT('',(4.3E0,1.083333333333E1,0.E0));
#1003=DIRECTION('',(-1.E0,0.E0,0.E0));
#1004=DIRECTION('',(0.E0,0.E0,-1.E0));
#1005=AXIS2_PLACEMENT_3D('',#1002,#1003,#1004);
#1006=PLANE('',#1005);
#1008=ORIENTED_EDGE('',*,*,#1007,.T.);
#1009=ORIENTED_EDGE('',*,*,#992,.T.);
#1010=EDGE_LOOP('',(#1008,#1009));
#1011=FACE_OUTER_BOUND('',#1010,.F.);
#1013=ORIENTED_EDGE('',*,*,#1012,.T.);
#1015=ORIENTED_EDGE('',*,*,#1014,.T.);
#1016=EDGE_LOOP('',(#1013,#1015));
#1017=FACE_BOUND('',#1016,.F.);
#1018=ADVANCED_FACE('',(#1011,#1017),#1006,.T.);
#1019=CARTESIAN_POINT('',(0.E0,0.E0,0.E0));
#1020=DIRECTION('',(1.E0,0.E0,0.E0));
#1021=DIRECTION('',(0.E0,0.E0,1.E0));
#1022=AXIS2_PLACEMENT_3D('',#1019,#1020,#1021);
#1023=CYLINDRICAL_SURFACE('',#1022,1.083333333333E1);
#1024=ORIENTED_EDGE('',*,*,#997,.T.);
#1025=ORIENTED_EDGE('',*,*,#967,.F.);
#1026=ORIENTED_EDGE('',*,*,#994,.F.);
#1027=ORIENTED_EDGE('',*,*,#1007,.F.);
#1028=EDGE_LOOP('',(#1024,#1025,#1026,#1027));
#1029=FACE_OUTER_BOUND('',#1028,.F.);
#1030=ADVANCED_FACE('',(#1029),#1023,.T.);
#1031=CARTESIAN_POINT('',(0.E0,0.E0,0.E0));
#1032=DIRECTION('',(1.E0,0.E0,0.E0));
#1033=DIRECTION('',(0.E0,0.E0,1.E0));
#1034=AXIS2_PLACEMENT_3D('',#1031,#1032,#1033);
#1035=CYLINDRICAL_SURFACE('',#1034,1.063333333333E1);
#1036=ORIENTED_EDGE('',*,*,#1012,.F.);
#1038=ORIENTED_EDGE('',*,*,#1037,.T.);
#1040=ORIENTED_EDGE('',*,*,#1039,.F.);
#1042=ORIENTED_EDGE('',*,*,#1041,.F.);
#1043=EDGE_LOOP('',(#1036,#1038,#1040,#1042));
#1044=FACE_OUTER_BOUND('',#1043,.F.);
#1045=ADVANCED_FACE('',(#1044),#1035,.F.);
#1046=CARTESIAN_POINT('',(0.E0,0.E0,0.E0));
#1047=DIRECTION('',(1.E0,0.E0,0.E0));
#1048=DIRECTION('',(0.E0,0.E0,1.E0));
#1049=AXIS2_PLACEMENT_3D('',#1046,#1047,#1048);
#1050=CYLINDRICAL_SURFACE('',#1049,1.063333333333E1);
#1051=ORIENTED_EDGE('',*,*,#1041,.T.);
#1053=ORIENTED_EDGE('',*,*,#1052,.F.);
#1054=ORIENTED_EDGE('',*,*,#1037,.F.);
#1055=ORIENTED_EDGE('',*,*,#1014,.F.);
#1056=EDGE_LOOP('',(#1051,#1053,#1054,#1055));
#1057=FACE_OUTER_BOUND('',#1056,.F.);
#1058=ADVANCED_FACE('',(#1057),#1050,.F.);
#1059=CARTESIAN_POINT('',(5.E0,0.E0,0.E0));
#1060=DIRECTION('',(1.E0,0.E0,0.E0));
#1061=DIRECTION('',(0.E0,0.E0,1.E0));
#1062=AXIS2_PLACEMENT_3D('',#1059,#1060,#1061);
#1063=TOROIDAL_SURFACE('',#1062,1.103333333333E1,4.E-1);
#1065=ORIENTED_EDGE('',*,*,#1064,.F.);
#1067=ORIENTED_EDGE('',*,*,#1066,.T.);
#1068=ORIENTED_EDGE('',*,*,#1052,.T.);
#1070=ORIENTED_EDGE('',*,*,#1069,.F.);
#1071=EDGE_LOOP('',(#1065,#1067,#1068,#1070));
#1072=FACE_OUTER_BOUND('',#1071,.F.);
#1073=ADVANCED_FACE('',(#1072),#1063,.T.);
#1074=CARTESIAN_POINT('',(5.4E0,1.324595008159E1,0.E0));
#1075=DIRECTION('',(-1.E0,0.E0,0.E0));
#1076=DIRECTION('',(0.E0,0.E0,-1.E0));
#1077=AXIS2_PLACEMENT_3D('',#1074,#1075,#1076);
#1078=PLANE('',#1077);
#1080=ORIENTED_EDGE('',*,*,#1079,.T.);
#1082=ORIENTED_EDGE('',*,*,#1081,.T.);
#1083=EDGE_LOOP('',(#1080,#1082));
#1084=FACE_OUTER_BOUND('',#1083,.F.);
#1086=ORIENTED_EDGE('',*,*,#1085,.T.);
#1087=ORIENTED_EDGE('',*,*,#1064,.T.);
#1088=EDGE_LOOP('',(#1086,#1087));
#1089=FACE_BOUND('',#1088,.F.);
#1090=ADVANCED_FACE('',(#1084,#1089),#1078,.F.);
#1091=CARTESIAN_POINT('',(5.E0,0.E0,0.E0));
#1092=DIRECTION('',(1.E0,0.E0,0.E0));
#1093=DIRECTION('',(0.E0,0.E0,1.E0));
#1094=AXIS2_PLACEMENT_3D('',#1091,#1092,#1093);
#1095=TOROIDAL_SURFACE('',#1094,1.324595008159E1,4.E-1);
#1097=ORIENTED_EDGE('',*,*,#1096,.T.);
#1098=ORIENTED_EDGE('',*,*,#1079,.F.);
#1100=ORIENTED_EDGE('',*,*,#1099,.F.);
#1102=ORIENTED_EDGE('',*,*,#1101,.T.);
#1103=EDGE_LOOP('',(#1097,#1098,#1100,#1102));
#1104=FACE_OUTER_BOUND('',#1103,.F.);
#1105=ADVANCED_FACE('',(#1104),#1095,.T.);
#1106=CARTESIAN_POINT('',(5.E0,0.E0,0.E0));
#1107=DIRECTION('',(1.E0,0.E0,0.E0));
#1108=DIRECTION('',(0.E0,0.E0,1.E0));
#1109=AXIS2_PLACEMENT_3D('',#1106,#1107,#1108);
#1110=TOROIDAL_SURFACE('',#1109,1.324595008159E1,4.E-1);
#1112=ORIENTED_EDGE('',*,*,#1111,.T.);
#1113=ORIENTED_EDGE('',*,*,#1099,.T.);
#1114=ORIENTED_EDGE('',*,*,#1081,.F.);
#1115=ORIENTED_EDGE('',*,*,#1096,.F.);
#1116=EDGE_LOOP('',(#1112,#1113,#1114,#1115));
#1117=FACE_OUTER_BOUND('',#1116,.F.);
#1118=ADVANCED_FACE('',(#1117),#1110,.T.);
#1119=CARTESIAN_POINT('',(4.885881606300E0,0.E0,0.E0));
#1120=DIRECTION('',(-1.E0,0.E0,0.E0));
#1121=DIRECTION('',(0.E0,0.E0,-1.E0));
#1122=AXIS2_PLACEMENT_3D('',#1119,#1120,#1121);
#1123=CONICAL_SURFACE('',#1122,1.389675213480E1,4.279740183823E1);
#1124=ORIENTED_EDGE('',*,*,#1111,.F.);
#1126=ORIENTED_EDGE('',*,*,#1125,.T.);
#1128=ORIENTED_EDGE('',*,*,#1127,.F.);
#1130=ORIENTED_EDGE('',*,*,#1129,.F.);
#1131=EDGE_LOOP('',(#1124,#1126,#1128,#1130));
#1132=FACE_OUTER_BOUND('',#1131,.F.);
#1133=ADVANCED_FACE('',(#1132),#1123,.T.);
#1134=CARTESIAN_POINT('',(4.885881606300E0,0.E0,0.E0));
#1135=DIRECTION('',(-1.E0,0.E0,0.E0));
#1136=DIRECTION('',(0.E0,0.E0,-1.E0));
#1137=AXIS2_PLACEMENT_3D('',#1134,#1135,#1136);
#1138=CONICAL_SURFACE('',#1137,1.389675213480E1,4.279740183823E1);
#1139=ORIENTED_EDGE('',*,*,#1129,.T.);
#1141=ORIENTED_EDGE('',*,*,#1140,.F.);
#1142=ORIENTED_EDGE('',*,*,#1125,.F.);
#1143=ORIENTED_EDGE('',*,*,#1101,.F.);
#1144=EDGE_LOOP('',(#1139,#1141,#1142,#1143));
#1145=FACE_OUTER_BOUND('',#1144,.F.);
#1146=ADVANCED_FACE('',(#1145),#1138,.T.);
#1147=CARTESIAN_POINT('',(4.5E0,1.516666666667E1,0.E0));
#1148=DIRECTION('',(-1.E0,0.E0,0.E0));
#1149=DIRECTION('',(0.E0,0.E0,-1.E0));
#1150=AXIS2_PLACEMENT_3D('',#1147,#1148,#1149);
#1151=PLANE('',#1150);
#1153=ORIENTED_EDGE('',*,*,#1152,.T.);
#1155=ORIENTED_EDGE('',*,*,#1154,.T.);
#1156=EDGE_LOOP('',(#1153,#1155));
#1157=FACE_OUTER_BOUND('',#1156,.F.);
#1158=ORIENTED_EDGE('',*,*,#1127,.T.);
#1159=ORIENTED_EDGE('',*,*,#1140,.T.);
#1160=EDGE_LOOP('',(#1158,#1159));
#1161=FACE_BOUND('',#1160,.F.);
#1162=ADVANCED_FACE('',(#1157,#1161),#1151,.F.);
#1163=CARTESIAN_POINT('',(0.E0,0.E0,0.E0));
#1164=DIRECTION('',(1.E0,0.E0,0.E0));
#1165=DIRECTION('',(0.E0,0.E0,1.E0));
#1166=AXIS2_PLACEMENT_3D('',#1163,#1164,#1165);
#1167=CYLINDRICAL_SURFACE('',#1166,1.496666666667E1);
#1168=ORIENTED_EDGE('',*,*,#1152,.F.);
#1170=ORIENTED_EDGE('',*,*,#1169,.T.);
#1171=ORIENTED_EDGE('',*,*,#751,.F.);
#1173=ORIENTED_EDGE('',*,*,#1172,.F.);
#1174=EDGE_LOOP('',(#1168,#1170,#1171,#1173));
#1175=FACE_OUTER_BOUND('',#1174,.F.);
#1176=ADVANCED_FACE('',(#1175),#1167,.F.);
#1177=CARTESIAN_POINT('',(0.E0,0.E0,0.E0));
#1178=DIRECTION('',(1.E0,0.E0,0.E0));
#1179=DIRECTION('',(0.E0,0.E0,1.E0));
#1180=AXIS2_PLACEMENT_3D('',#1177,#1178,#1179);
#1181=CYLINDRICAL_SURFACE('',#1180,1.496666666667E1);
#1182=ORIENTED_EDGE('',*,*,#1172,.T.);
#1184=ORIENTED_EDGE('',*,*,#1183,.F.);
#1185=ORIENTED_EDGE('',*,*,#1169,.F.);
#1186=ORIENTED_EDGE('',*,*,#1154,.F.);
#1187=EDGE_LOOP('',(#1182,#1184,#1185,#1186));
#1188=FACE_OUTER_BOUND('',#1187,.F.);
#1189=ADVANCED_FACE('',(#1188),#1181,.F.);
#1190=CARTESIAN_POINT('',(4.907631669530E0,0.E0,0.E0));
#1191=DIRECTION('',(-1.E0,0.E0,0.E0));
#1192=DIRECTION('',(0.E0,0.E0,-1.E0));
#1193=AXIS2_PLACEMENT_3D('',#1190,#1191,#1192);
#1194=CONICAL_SURFACE('',#1193,1.476521709112E1,5.903624346793E1);
#1195=ORIENTED_EDGE('',*,*,#753,.T.);
#1196=ORIENTED_EDGE('',*,*,#1183,.T.);
#1197=ORIENTED_EDGE('',*,*,#749,.F.);
#1198=ORIENTED_EDGE('',*,*,#782,.T.);
#1199=EDGE_LOOP('',(#1195,#1196,#1197,#1198));
#1200=FACE_OUTER_BOUND('',#1199,.F.);
#1201=ADVANCED_FACE('',(#1200),#1194,.F.);
#1202=CARTESIAN_POINT('',(5.E0,0.E0,0.E0));
#1203=DIRECTION('',(1.E0,0.E0,0.E0));
#1204=DIRECTION('',(0.E0,0.E0,1.E0));
#1205=AXIS2_PLACEMENT_3D('',#1202,#1203,#1204);
#1206=TOROIDAL_SURFACE('',#1205,1.103333333333E1,4.E-1);
#1207=ORIENTED_EDGE('',*,*,#1069,.T.);
#1208=ORIENTED_EDGE('',*,*,#1039,.T.);
#1209=ORIENTED_EDGE('',*,*,#1066,.F.);
#1210=ORIENTED_EDGE('',*,*,#1085,.F.);
#1211=EDGE_LOOP('',(#1207,#1208,#1209,#1210));
#1212=FACE_OUTER_BOUND('',#1211,.F.);
#1213=ADVANCED_FACE('',(#1212),#1206,.T.);
#1214=CLOSED_SHELL('',(#757,#772,#786,#801,#814,#829,#842,#858,#873,#886,#901,
#914,#929,#942,#958,#973,#986,#1001,#1018,#1030,#1045,#1058,#1073,#1090,#1105,
#1118,#1133,#1146,#1162,#1176,#1189,#1201,#1213));
#1215=MANIFOLD_SOLID_BREP('',#1214);
#1216=PRESENTATION_LAYER_ASSIGNMENT('INTFCLR_2771_13','',(#757,#772,#786,#801,
#814,#829,#842,#858,#873,#886,#901,#914,#929,#942,#958,#973,#986,#1001,#1018,
#1030,#1045,#1058,#1073,#1090,#1105,#1118,#1133,#1146,#1162,#1176,#1189,#1201,
#1213,#1215));
#1217=PRESENTATION_LAYER_ASSIGNMENT('NONE_13','',(#757,#772,#786,#801,#814,#829,
#842,#858,#873,#886,#901,#914,#929,#942,#958,#973,#986,#1001,#1018,#1030,#1045,
#1058,#1073,#1090,#1105,#1118,#1133,#1146,#1162,#1176,#1189,#1201,#1213,#1215));
#1219=DIMENSIONAL_EXPONENTS(0.E0,0.E0,0.E0,0.E0,0.E0,0.E0,0.E0);
#1221=PLANE_ANGLE_MEASURE_WITH_UNIT(PLANE_ANGLE_MEASURE(1.745329251994E-2),
#1220);
#1222=(CONVERSION_BASED_UNIT('DEGREE',#1221)NAMED_UNIT(*)PLANE_ANGLE_UNIT());
#1224=UNCERTAINTY_MEASURE_WITH_UNIT(LENGTH_MEASURE(5.E-3),#1218,'closure',
'Maximum model space distance between geometric entities at asserted connectivities');
#1225=(GEOMETRIC_REPRESENTATION_CONTEXT(3)GLOBAL_UNCERTAINTY_ASSIGNED_CONTEXT((
#1224))GLOBAL_UNIT_ASSIGNED_CONTEXT((#1218,#1222,#1223))REPRESENTATION_CONTEXT(
'ID2','3'));
#1226=CARTESIAN_POINT('',(0.E0,0.E0,0.E0));
#1227=DIRECTION('',(0.E0,0.E0,1.E0));
#1228=DIRECTION('',(1.E0,0.E0,0.E0));
#1231=MECHANICAL_CONTEXT('',#329,'mechanical');
#1232=PRODUCT('0_1_2_3_4000_1','0_1_2_3_4000_1','NOT SPECIFIED',(#1231));
#1233=PRODUCT_DEFINITION_FORMATION_WITH_SPECIFIED_SOURCE('1','LAST_VERSION',
#1232,.MADE.);
#1239=CARTESIAN_POINT('',(0.E0,0.E0,0.E0));
#1240=DIRECTION('',(0.E0,0.E0,1.E0));
#1241=DIRECTION('',(1.E0,0.E0,0.E0));
#1242=AXIS2_PLACEMENT_3D('',#1239,#1240,#1241);
#1243=ITEM_DEFINED_TRANSFORMATION('','',#1229,#1242);
#1244=CARTESIAN_POINT('',(0.E0,0.E0,0.E0));
#1245=DIRECTION('',(0.E0,0.E0,1.E0));
#1246=DIRECTION('',(1.E0,0.E0,0.E0));
#1248=(REPRESENTATION_RELATIONSHIP('','',#1230,#340)REPRESENTATION_RELATIONSHIP_WITH_TRANSFORMATION(#1243)SHAPE_REPRESENTATION_RELATIONSHIP());
#1249=CONTEXT_DEPENDENT_SHAPE_REPRESENTATION(#1248,#1238);
#1250=CARTESIAN_POINT('',(0.E0,-6.25E0,-1.082531754731E1));
#1251=DIRECTION('',(0.E0,-8.660254037844E-1,5.E-1));
#1252=DIRECTION('',(0.E0,5.E-1,8.660254037844E-1));
#1253=AXIS2_PLACEMENT_3D('',#1250,#1251,#1252);
#1255=CARTESIAN_POINT('',(0.E0,-6.25E0,-1.082531754731E1));
#1256=DIRECTION('',(0.E0,-5.E-1,-8.660254037844E-1));
#1257=DIRECTION('',(-1.E0,0.E0,0.E0));
#1258=AXIS2_PLACEMENT_3D('',#1255,#1256,#1257);
#1260=CARTESIAN_POINT('',(0.E0,-6.25E0,-1.082531754731E1));
#1261=DIRECTION('',(0.E0,8.660254037844E-1,-5.E-1));
#1262=DIRECTION('',(0.E0,5.E-1,8.660254037844E-1));
#1263=AXIS2_PLACEMENT_3D('',#1260,#1261,#1262);
#1265=CARTESIAN_POINT('',(0.E0,-6.25E0,-1.082531754731E1));
#1266=DIRECTION('',(0.E0,-5.E-1,-8.660254037844E-1));
#1267=DIRECTION('',(0.E0,-8.660254037844E-1,5.E-1));
#1268=AXIS2_PLACEMENT_3D('',#1265,#1266,#1267);
#1270=CARTESIAN_POINT('',(0.E0,-6.25E0,-1.082531754731E1));
#1271=DIRECTION('',(0.E0,8.660254037844E-1,-5.E-1));
#1272=DIRECTION('',(1.E0,0.E0,0.E0));
#1273=AXIS2_PLACEMENT_3D('',#1270,#1271,#1272);
#1275=CARTESIAN_POINT('',(0.E0,-6.25E0,-1.082531754731E1));
#1276=DIRECTION('',(0.E0,5.E-1,8.660254037844E-1));
#1277=DIRECTION('',(0.E0,-8.660254037844E-1,5.E-1));
#1278=AXIS2_PLACEMENT_3D('',#1275,#1276,#1277);
#1280=CARTESIAN_POINT('',(0.E0,-6.25E0,-1.082531754731E1));
#1281=DIRECTION('',(0.E0,-8.660254037844E-1,5.E-1));
#1282=DIRECTION('',(-1.E0,0.E0,0.E0));
#1283=AXIS2_PLACEMENT_3D('',#1280,#1281,#1282);
#1285=CARTESIAN_POINT('',(0.E0,-6.25E0,-1.082531754731E1));
#1286=DIRECTION('',(0.E0,5.E-1,8.660254037844E-1));
#1287=DIRECTION('',(1.E0,0.E0,0.E0));
#1288=AXIS2_PLACEMENT_3D('',#1285,#1286,#1287);
#1290=CARTESIAN_POINT('',(0.E0,-4.71E0,-8.157959303654E0));
#1291=CARTESIAN_POINT('',(-3.08E0,-6.25E0,-1.082531754731E1));
#1292=VERTEX_POINT('',#1290);
#1293=VERTEX_POINT('',#1291);
#1294=CARTESIAN_POINT('',(0.E0,-3.582641756344E0,-1.236531754731E1));
#1295=VERTEX_POINT('',#1294);
#1296=CARTESIAN_POINT('',(3.08E0,-6.25E0,-1.082531754731E1));
#1297=VERTEX_POINT('',#1296);
#1298=CARTESIAN_POINT('',(0.E0,-8.917358243656E0,-9.285317547310E0));
#1299=VERTEX_POINT('',#1298);
#1300=CARTESIAN_POINT('',(0.E0,-7.79E0,-1.349267579097E1));
#1301=VERTEX_POINT('',#1300);
#1302=CARTESIAN_POINT('',(0.E0,-6.25E0,-1.082531754731E1));
#1303=DIRECTION('',(0.E0,-8.660254037844E-1,5.E-1));
#1304=DIRECTION('',(1.E0,0.E0,0.E0));
#1305=AXIS2_PLACEMENT_3D('',#1302,#1303,#1304);
#1306=SPHERICAL_SURFACE('',#1305,3.08E0);
#1308=ORIENTED_EDGE('',*,*,#1307,.T.);
#1310=ORIENTED_EDGE('',*,*,#1309,.T.);
#1312=ORIENTED_EDGE('',*,*,#1311,.F.);
#1314=ORIENTED_EDGE('',*,*,#1313,.F.);
#1315=EDGE_LOOP('',(#1308,#1310,#1312,#1314));
#1316=FACE_OUTER_BOUND('',#1315,.F.);
#1317=ADVANCED_FACE('',(#1316),#1306,.T.);
#1318=CARTESIAN_POINT('',(0.E0,-6.25E0,-1.082531754731E1));
#1319=DIRECTION('',(0.E0,-8.660254037844E-1,5.E-1));
#1320=DIRECTION('',(1.E0,0.E0,0.E0));
#1321=AXIS2_PLACEMENT_3D('',#1318,#1319,#1320);
#1322=SPHERICAL_SURFACE('',#1321,3.08E0);
#1323=ORIENTED_EDGE('',*,*,#1313,.T.);
#1325=ORIENTED_EDGE('',*,*,#1324,.F.);
#1327=ORIENTED_EDGE('',*,*,#1326,.T.);
#1328=ORIENTED_EDGE('',*,*,#1307,.F.);
#1329=EDGE_LOOP('',(#1323,#1325,#1327,#1328));
#1330=FACE_OUTER_BOUND('',#1329,.F.);
#1331=ADVANCED_FACE('',(#1330),#1322,.T.);
#1332=CARTESIAN_POINT('',(0.E0,-6.25E0,-1.082531754731E1));
#1333=DIRECTION('',(0.E0,-8.660254037844E-1,5.E-1));
#1334=DIRECTION('',(1.E0,0.E0,0.E0));
#1335=AXIS2_PLACEMENT_3D('',#1332,#1333,#1334);
#1336=SPHERICAL_SURFACE('',#1335,3.08E0);
#1338=ORIENTED_EDGE('',*,*,#1337,.T.);
#1340=ORIENTED_EDGE('',*,*,#1339,.F.);
#1341=ORIENTED_EDGE('',*,*,#1326,.F.);
#1342=ORIENTED_EDGE('',*,*,#1324,.T.);
#1343=EDGE_LOOP('',(#1338,#1340,#1341,#1342));
#1344=FACE_OUTER_BOUND('',#1343,.F.);
#1345=ADVANCED_FACE('',(#1344),#1336,.T.);
#1346=CARTESIAN_POINT('',(0.E0,-6.25E0,-1.082531754731E1));
#1347=DIRECTION('',(0.E0,-8.660254037844E-1,5.E-1));
#1348=DIRECTION('',(1.E0,0.E0,0.E0));
#1349=AXIS2_PLACEMENT_3D('',#1346,#1347,#1348);
#1350=SPHERICAL_SURFACE('',#1349,3.08E0);
#1351=ORIENTED_EDGE('',*,*,#1339,.T.);
#1352=ORIENTED_EDGE('',*,*,#1337,.F.);
#1353=ORIENTED_EDGE('',*,*,#1311,.T.);
#1354=ORIENTED_EDGE('',*,*,#1309,.F.);
#1355=EDGE_LOOP('',(#1351,#1352,#1353,#1354));
#1356=FACE_OUTER_BOUND('',#1355,.F.);
#1357=ADVANCED_FACE('',(#1356),#1350,.T.);
#1358=CLOSED_SHELL('',(#1317,#1331,#1345,#1357));
#1359=MANIFOLD_SOLID_BREP('',#1358);
#1360=PRESENTATION_LAYER_ASSIGNMENT('INTFCLR_2771_12','',(#1317,#1331,#1345,
#1357,#1359));
#1361=PRESENTATION_LAYER_ASSIGNMENT('NONE_8','',(#1317,#1331,#1345,#1357,
#1359));
#1363=DIMENSIONAL_EXPONENTS(0.E0,0.E0,0.E0,0.E0,0.E0,0.E0,0.E0);
#1365=PLANE_ANGLE_MEASURE_WITH_UNIT(PLANE_ANGLE_MEASURE(1.745329251994E-2),
#1364);
#1366=(CONVERSION_BASED_UNIT('DEGREE',#1365)NAMED_UNIT(*)PLANE_ANGLE_UNIT());
#1368=UNCERTAINTY_MEASURE_WITH_UNIT(LENGTH_MEASURE(5.E-3),#1362,'closure',
'Maximum model space distance between geometric entities at asserted connectivities');
#1369=(GEOMETRIC_REPRESENTATION_CONTEXT(3)GLOBAL_UNCERTAINTY_ASSIGNED_CONTEXT((
#1368))GLOBAL_UNIT_ASSIGNED_CONTEXT((#1362,#1366,#1367))REPRESENTATION_CONTEXT(
'ID3','3'));
#1370=CARTESIAN_POINT('',(0.E0,0.E0,0.E0));
#1371=DIRECTION('',(0.E0,0.E0,1.E0));
#1372=DIRECTION('',(1.E0,0.E0,0.E0));
#1375=DESIGN_CONTEXT('',#329,'design');
#1376=MECHANICAL_CONTEXT('',#329,'mechanical');
#1377=PRODUCT('_6__1_2_3_4000_1','_6__1_2_3_4000_1','NOT SPECIFIED',(#1376));
#1378=PRODUCT_DEFINITION_FORMATION_WITH_SPECIFIED_SOURCE('1','LAST_VERSION',
#1377,.MADE.);
#1384=CARTESIAN_POINT('',(0.E0,0.E0,0.E0));
#1385=DIRECTION('',(0.E0,0.E0,1.E0));
#1386=DIRECTION('',(1.E0,0.E0,0.E0));
#1387=AXIS2_PLACEMENT_3D('',#1384,#1385,#1386);
#1388=ITEM_DEFINED_TRANSFORMATION('','',#1373,#1387);
#1389=CARTESIAN_POINT('',(0.E0,0.E0,0.E0));
#1390=DIRECTION('',(0.E0,0.E0,1.E0));
#1391=DIRECTION('',(1.E0,0.E0,0.E0));
#1393=(REPRESENTATION_RELATIONSHIP('','',#1374,#340)REPRESENTATION_RELATIONSHIP_WITH_TRANSFORMATION(#1388)SHAPE_REPRESENTATION_RELATIONSHIP());
#1394=CONTEXT_DEPENDENT_SHAPE_REPRESENTATION(#1393,#1383);
#1395=CARTESIAN_POINT('',(0.E0,-6.25E0,1.082531754731E1));
#1396=DIRECTION('',(0.E0,-8.660254037844E-1,-5.E-1));
#1397=DIRECTION('',(-1.E0,0.E0,0.E0));
#1398=AXIS2_PLACEMENT_3D('',#1395,#1396,#1397);
#1400=CARTESIAN_POINT('',(-3.148975071352E0,-5.624999999999E0,
9.742785792576E0));
#1401=CARTESIAN_POINT('',(-3.148975071352E0,-5.536777021926E0,
9.793721352715E0));
#1402=CARTESIAN_POINT('',(-3.138047219710E0,-5.359797618126E0,
9.892713383158E0));
#1403=CARTESIAN_POINT('',(-3.088930198764E0,-5.092012845716E0,
1.003314296031E1));
#1404=CARTESIAN_POINT('',(-3.007207291099E0,-4.825233088208E0,
1.016407575284E1));
#1405=CARTESIAN_POINT('',(-2.892795574538E0,-4.561405006217E0,
1.028510285174E1));
#1406=CARTESIAN_POINT('',(-2.745798593612E0,-4.303688448142E0,
1.039546806152E1));
#1407=CARTESIAN_POINT('',(-2.567551417349E0,-4.056541880543E0,
1.049424342470E1));
#1408=CARTESIAN_POINT('',(-2.360482570866E0,-3.824953722149E0,
1.058066177591E1));
#1409=CARTESIAN_POINT('',(-2.136314244105E0,-3.620380388973E0,
1.065215349761E1));
#1410=CARTESIAN_POINT('',(-1.910070138174E0,-3.449593201410E0,
1.070848228756E1));
#1411=CARTESIAN_POINT('',(-1.685970110322E0,-3.308387593897E0,
1.075281238259E1));
#1412=CARTESIAN_POINT('',(-1.466557758843E0,-3.192860285836E0,
1.078758924292E1));
#1413=CARTESIAN_POINT('',(-1.248321186122E0,-3.097400967709E0,
1.081532769909E1));
#1414=CARTESIAN_POINT('',(-1.026341372172E0,-3.018319983902E0,
1.083762267041E1));
#1415=CARTESIAN_POINT('',(-7.971570408215E-1,-2.954337083329E0,
1.085520685716E1));
#1416=CARTESIAN_POINT('',(-5.595579145618E-1,-2.905766286879E0,
1.086828402904E1));
#1417=CARTESIAN_POINT('',(-3.930880727662E-1,-2.884148230420E0,
1.087401733685E1));
#1418=CARTESIAN_POINT('',(-3.08E-1,-2.876410690629E0,1.087606369689E1));
#1420=CARTESIAN_POINT('',(-3.08E-1,-6.25E0,1.082531754731E1));
#1421=DIRECTION('',(1.E0,0.E0,0.E0));
#1422=DIRECTION('',(0.E0,9.998868855524E-1,1.504048205205E-2));
#1423=AXIS2_PLACEMENT_3D('',#1420,#1421,#1422);
#1425=CARTESIAN_POINT('',(-3.08E-1,-6.25E0,1.082531754731E1));
#1426=DIRECTION('',(1.E0,0.E0,0.E0));
#1427=DIRECTION('',(0.E0,8.660254037849E-1,4.999999999992E-1));
#1428=AXIS2_PLACEMENT_3D('',#1425,#1426,#1427);
#1430=CARTESIAN_POINT('',(-3.080000000002E-1,-3.852496640315E0,
1.319927155703E1));
#1431=CARTESIAN_POINT('',(-3.673226074445E-1,-3.858408949209E0,
1.319754592013E1));
#1432=CARTESIAN_POINT('',(-4.817839751663E-1,-3.873290078424E0,
1.319319377694E1));
#1433=CARTESIAN_POINT('',(-6.386067603704E-1,-3.902190409386E0,
1.318467975735E1));
#1434=CARTESIAN_POINT('',(-7.883833083381E-1,-3.937502939776E0,
1.317418341721E1));
#1435=CARTESIAN_POINT('',(-9.356960932162E-1,-3.979857151020E0,
1.316145957525E1));
#1436=CARTESIAN_POINT('',(-1.086396609534E0,-4.031294014320E0,
1.314581063784E1));
#1437=CARTESIAN_POINT('',(-1.244935115376E0,-4.094704479353E0,
1.312622214747E1));
#1438=CARTESIAN_POINT('',(-1.416621553472E0,-4.174749232749E0,
1.310102838206E1));
#1439=CARTESIAN_POINT('',(-1.606471773776E0,-4.278235038759E0,
1.306767958352E1));
#1440=CARTESIAN_POINT('',(-1.813612207536E0,-4.411296683044E0,
1.302348346358E1));
#1441=CARTESIAN_POINT('',(-2.033721103430E0,-4.579091139335E0,
1.296563411026E1));
#1442=CARTESIAN_POINT('',(-2.263779480836E0,-4.790129444052E0,
1.288943377999E1));
#1443=CARTESIAN_POINT('',(-2.487111490172E0,-5.041130831348E0,
1.279363420126E1));
#1444=CARTESIAN_POINT('',(-2.686973643923E0,-5.321093154502E0,
1.267994910084E1));
#1445=CARTESIAN_POINT('',(-2.852526911155E0,-5.615726064080E0,
1.255238206553E1));
#1446=CARTESIAN_POINT('',(-2.983541484642E0,-5.922394284910E0,
1.241078265554E1));
#1447=CARTESIAN_POINT('',(-3.078680866939E0,-6.238147071752E0,
1.225523037453E1));
#1448=CARTESIAN_POINT('',(-3.136176791925E0,-6.557791267873E0,
1.208725559590E1));
#1449=CARTESIAN_POINT('',(-3.148975071353E0,-6.769346407407E0,
1.196884843216E1));
#1450=CARTESIAN_POINT('',(-3.148975071353E0,-6.874999999999E0,
1.190784930204E1));
#1452=CARTESIAN_POINT('',(0.E0,-6.25E0,1.082531754731E1));
#1453=DIRECTION('',(0.E0,-8.660254037844E-1,-5.E-1));
#1454=DIRECTION('',(-9.294495488054E-1,-1.844746162927E-1,3.195194081258E-1));
#1455=AXIS2_PLACEMENT_3D('',#1452,#1453,#1454);
#1457=CARTESIAN_POINT('',(-3.148975071353E0,-6.874999999999E0,
1.190784930204E1));
#1458=CARTESIAN_POINT('',(-3.148975071353E0,-6.980677189956E0,
1.184683654797E1));
#1459=CARTESIAN_POINT('',(-3.136168011258E0,-7.189065802489E0,
1.172278653753E1));
#1460=CARTESIAN_POINT('',(-3.078645149867E0,-7.494449084374E0,
1.152989373324E1));
#1461=CARTESIAN_POINT('',(-2.983364830346E0,-7.787323205584E0,
1.133401614437E1));
#1462=CARTESIAN_POINT('',(-2.852306884782E0,-8.063186474251E0,
1.113928296680E1));
#1463=CARTESIAN_POINT('',(-2.686765852082E0,-8.320948131576E0,
1.094792747633E1));
#1464=CARTESIAN_POINT('',(-2.485893989430E0,-8.560414117284E0,
1.076148852553E1));
#1465=CARTESIAN_POINT('',(-2.261102558288E0,-8.769888513862E0,
1.059114107110E1));
#1466=CARTESIAN_POINT('',(-2.026804723856E0,-8.943916967324E0,
1.044426277509E1));
#1467=CARTESIAN_POINT('',(-1.800534818323E0,-9.080422288450E0,
1.032554285457E1));
#1468=CARTESIAN_POINT('',(-1.588344226286E0,-9.186327168608E0,
1.023127922856E1));
#1469=CARTESIAN_POINT('',(-1.391274621708E0,-9.268425901532E0,
1.015686321818E1));
#1470=CARTESIAN_POINT('',(-1.213215036819E0,-9.330783113309E0,
1.009954388537E1));
#1471=CARTESIAN_POINT('',(-1.051470292022E0,-9.378693870182E0,
1.005503355405E1));
#1472=CARTESIAN_POINT('',(-9.014484777069E-1,-9.416224686967E0,
1.001987560941E1));
#1473=CARTESIAN_POINT('',(-7.577834363692E-1,-9.446299016078E0,
9.991516125210E0));
#1474=CARTESIAN_POINT('',(-6.146610251136E-1,-9.470786003554E0,
9.968300619972E0));
#1475=CARTESIAN_POINT('',(-4.676781373229E-1,-9.490483719714E0,
9.949543273853E0));
#1476=CARTESIAN_POINT('',(-3.622202002814E-1,-9.500588361157E0,
9.939886945047E0));
#1477=CARTESIAN_POINT('',(-3.08E-1,-9.504656159682E0,9.935995737026E0));
#1479=CARTESIAN_POINT('',(-3.08E-1,-6.25E0,1.082531754731E1));
#1480=DIRECTION('',(1.E0,0.E0,0.E0));
#1481=DIRECTION('',(0.E0,-9.646366859204E-1,-2.635831257431E-1));
#1482=AXIS2_PLACEMENT_3D('',#1479,#1480,#1481);
#1484=CARTESIAN_POINT('',(-3.08E-1,-6.25E0,1.082531754731E1));
#1485=DIRECTION('',(1.E0,0.E0,0.E0));
#1486=DIRECTION('',(0.E0,-8.660254037842E-1,-5.000000000005E-1));
#1487=AXIS2_PLACEMENT_3D('',#1484,#1485,#1486);
#1489=CARTESIAN_POINT('',(-3.08E-1,-7.980742109369E0,7.929076578249E0));
#1490=CARTESIAN_POINT('',(-4.277019507755E-1,-7.972806389911E0,
7.937064006523E0));
#1491=CARTESIAN_POINT('',(-6.808989349563E-1,-7.946198851196E0,
7.963775099369E0));
#1492=CARTESIAN_POINT('',(-1.090296657938E0,-7.868117795536E0,
8.041411273084E0));
#1493=CARTESIAN_POINT('',(-1.558751477062E0,-7.718383800070E0,
8.185672231950E0));
#1494=CARTESIAN_POINT('',(-1.917951144473E0,-7.550584800922E0,
8.341033079040E0));
#1495=CARTESIAN_POINT('',(-2.300348494634E0,-7.311161790015E0,
8.553355012968E0));
#1496=CARTESIAN_POINT('',(-2.658671165665E0,-6.975500372266E0,
8.830106719407E0));
#1497=CARTESIAN_POINT('',(-2.912624303178E0,-6.613838409547E0,
9.105005654418E0));
#1498=CARTESIAN_POINT('',(-3.100159825260E0,-6.162680935843E0,
9.417978280218E0));
#1499=CARTESIAN_POINT('',(-3.148975071352E0,-5.813652550940E0,
9.633867191507E0));
#1500=CARTESIAN_POINT('',(-3.148975071352E0,-5.624999999999E0,
9.742785792576E0));
#1502=DIRECTION('',(-1.E0,2.035626778603E-13,1.291023381145E-13));
#1503=VECTOR('',#1502,5.228531170160E-1);
#1504=CARTESIAN_POINT('',(2.166496964675E0,2.706847432782E-13,-1.375E1));
#1505=LINE('',#1504,#1503);
#1506=DIRECTION('',(-1.E0,-2.032795586978E-13,-1.291023381145E-13));
#1507=VECTOR('',#1506,5.228531170160E-1);
#1508=CARTESIAN_POINT('',(-1.643643847659E0,3.771181239056E-13,-1.375E1));
#1509=LINE('',#1508,#1507);
#1510=DIRECTION('',(-1.E0,2.035626778603E-13,-1.291023381145E-13));
#1511=VECTOR('',#1510,5.228531170160E-1);
#1512=CARTESIAN_POINT('',(2.166496964675E0,2.684395574798E-13,1.375E1));
#1513=LINE('',#1512,#1511);
#1514=DIRECTION('',(-1.E0,-2.032795586978E-13,1.291023381145E-13));
#1515=VECTOR('',#1514,5.228531170160E-1);
#1516=CARTESIAN_POINT('',(-1.643643847659E0,3.748729381072E-13,1.375E1));
#1517=LINE('',#1516,#1515);
#1518=CARTESIAN_POINT('',(3.148975071352E0,2.387662442921E0,-1.354110660392E1));
#1519=CARTESIAN_POINT('',(3.148975071352E0,2.166910232735E0,-1.358003117463E1));
#1520=CARTESIAN_POINT('',(3.106101983073E0,1.732483109186E0,-1.364556745284E1));
#1521=CARTESIAN_POINT('',(2.918019392798E0,1.097218079774E0,-1.371089339357E1));
#1522=CARTESIAN_POINT('',(2.603940782254E0,5.007159539683E-1,
-1.374466084661E1));
#1523=CARTESIAN_POINT('',(2.325309833748E0,1.585125065738E-1,-1.375E1));
#1524=CARTESIAN_POINT('',(2.166496964675E0,2.706847432782E-13,-1.375E1));
#1526=CARTESIAN_POINT('',(2.166496964675E0,2.706847432782E-13,-1.375E1));
#1527=CARTESIAN_POINT('',(2.088817812013E0,-7.753223821689E-2,-1.375E1));
#1528=CARTESIAN_POINT('',(1.934459299524E0,-2.158373341342E-1,
-1.374871287266E1));
#1529=CARTESIAN_POINT('',(1.714581752667E0,-3.792590209419E-1,
-1.374501972712E1));
#1530=CARTESIAN_POINT('',(1.508172912373E0,-5.079580742852E-1,
-1.374077032648E1));
#1531=CARTESIAN_POINT('',(1.315914087749E0,-6.089560041404E-1,
-1.373660355235E1));
#1532=CARTESIAN_POINT('',(1.140038739789E0,-6.868848693054E-1,
-1.373288739703E1));
#1533=CARTESIAN_POINT('',(9.829466095813E-1,-7.457454305613E-1,
-1.372979355421E1));
#1534=CARTESIAN_POINT('',(8.398665106710E-1,-7.911091625041E-1,
-1.372724219068E1));
#1535=CARTESIAN_POINT('',(7.054562541899E-1,-8.268444075909E-1,
-1.372512892219E1));
#1536=CARTESIAN_POINT('',(5.750551252333E-1,-8.553311981518E-1,
-1.372337864769E1));
#1537=CARTESIAN_POINT('',(4.449157181653E-1,-8.778832024974E-1,
-1.372195149806E1));
#1538=CARTESIAN_POINT('',(3.540891732529E-1,-8.894791431604E-1,
-1.372120074013E1));
#1539=CARTESIAN_POINT('',(3.08E-1,-8.942540852216E-1,-1.372088953498E1));
#1541=CARTESIAN_POINT('',(3.08E-1,2.170602220837E0,-1.231009691265E1));
#1542=DIRECTION('',(-1.E0,0.E0,0.E0));
#1543=DIRECTION('',(0.E0,-9.083825402273E-1,-4.181401207851E-1));
#1544=AXIS2_PLACEMENT_3D('',#1541,#1542,#1543);
#1546=CARTESIAN_POINT('',(3.08E-1,2.170602220837E0,-1.231009691265E1));
#1547=DIRECTION('',(-1.E0,0.E0,0.E0));
#1548=DIRECTION('',(0.E0,-9.848077530121E-1,-1.736481776677E-1));
#1549=AXIS2_PLACEMENT_3D('',#1546,#1547,#1548);
#1551=CARTESIAN_POINT('',(3.08E-1,-1.016890964096E0,-1.120394719584E1));
#1552=CARTESIAN_POINT('',(4.321640888309E-1,-1.005259630144E0,
-1.120500287722E1));
#1553=CARTESIAN_POINT('',(6.919160435165E-1,-9.674572863017E-1,
-1.120842911585E1));
#1554=CARTESIAN_POINT('',(1.134082686025E0,-8.422009634706E-1,
-1.121881965151E1));
#1555=CARTESIAN_POINT('',(1.567409073286E0,-6.460413855955E-1,
-1.123216456349E1));
#1556=CARTESIAN_POINT('',(1.971409749886E0,-3.873027762588E-1,
-1.124470210531E1));
#1557=CARTESIAN_POINT('',(2.245075027489E0,-1.427911662991E-1,-1.125E1));
#1558=CARTESIAN_POINT('',(2.375547207421E0,-8.042385517151E-14,-1.125E1));
#1560=CARTESIAN_POINT('',(2.375547207421E0,-8.042385517151E-14,-1.125E1));
#1561=CARTESIAN_POINT('',(2.505671336549E0,1.424102530627E-1,-1.125E1));
#1562=CARTESIAN_POINT('',(2.730363301219E0,4.427331866678E-1,
-1.124442493726E1));
#1563=CARTESIAN_POINT('',(2.969443316922E0,9.204187094969E-1,
-1.121614562102E1));
#1564=CARTESIAN_POINT('',(3.119396017878E0,1.447975112513E0,-1.116058857993E1));
#1565=CARTESIAN_POINT('',(3.148975071354E0,1.784955087852E0,-1.110881364237E1));
#1566=CARTESIAN_POINT('',(3.148975071354E0,1.953541998754E0,-1.107908722139E1));
#1568=CARTESIAN_POINT('',(3.08E-1,0.E0,0.E0));
#1569=DIRECTION('',(-1.E0,0.E0,0.E0));
#1570=DIRECTION('',(0.E0,-6.503666074338E-2,-9.978828752711E-1));
#1571=AXIS2_PLACEMENT_3D('',#1568,#1569,#1570);
#1573=CARTESIAN_POINT('',(3.08E-1,0.E0,0.E0));
#1574=DIRECTION('',(1.E0,0.E0,0.E0));
#1575=DIRECTION('',(0.E0,-2.556809502781E-1,-9.667612175014E-1));
#1576=AXIS2_PLACEMENT_3D('',#1573,#1574,#1575);
#1578=CARTESIAN_POINT('',(0.E0,-6.25E0,-1.082531754731E1));
#1579=DIRECTION('',(0.E0,-8.660254037844E-1,5.E-1));
#1580=DIRECTION('',(1.E0,0.E0,0.E0));
#1581=AXIS2_PLACEMENT_3D('',#1578,#1579,#1580);
#1583=CARTESIAN_POINT('',(3.148975071352E0,-5.624999999999E0,
-9.742785792576E0));
#1584=CARTESIAN_POINT('',(3.148975071352E0,-5.536777021926E0,
-9.793721352715E0));
#1585=CARTESIAN_POINT('',(3.138047219710E0,-5.359797618126E0,
-9.892713383158E0));
#1586=CARTESIAN_POINT('',(3.088930198764E0,-5.092012845716E0,
-1.003314296031E1));
#1587=CARTESIAN_POINT('',(3.007207291099E0,-4.825233088208E0,
-1.016407575284E1));
#1588=CARTESIAN_POINT('',(2.892795574538E0,-4.561405006217E0,
-1.028510285174E1));
#1589=CARTESIAN_POINT('',(2.745798593612E0,-4.303688448142E0,
-1.039546806152E1));
#1590=CARTESIAN_POINT('',(2.567551417349E0,-4.056541880543E0,
-1.049424342470E1));
#1591=CARTESIAN_POINT('',(2.360482570866E0,-3.824953722149E0,
-1.058066177591E1));
#1592=CARTESIAN_POINT('',(2.136314244105E0,-3.620380388973E0,
-1.065215349761E1));
#1593=CARTESIAN_POINT('',(1.910070138174E0,-3.449593201410E0,
-1.070848228756E1));
#1594=CARTESIAN_POINT('',(1.685970110322E0,-3.308387593897E0,
-1.075281238259E1));
#1595=CARTESIAN_POINT('',(1.466557758843E0,-3.192860285836E0,
-1.078758924292E1));
#1596=CARTESIAN_POINT('',(1.248321186122E0,-3.097400967709E0,
-1.081532769909E1));
#1597=CARTESIAN_POINT('',(1.026341372172E0,-3.018319983902E0,
-1.083762267041E1));
#1598=CARTESIAN_POINT('',(7.971570408215E-1,-2.954337083329E0,
-1.085520685716E1));
#1599=CARTESIAN_POINT('',(5.595579145618E-1,-2.905766286879E0,
-1.086828402904E1));
#1600=CARTESIAN_POINT('',(3.930880727662E-1,-2.884148230420E0,
-1.087401733685E1));
#1601=CARTESIAN_POINT('',(3.08E-1,-2.876410690629E0,-1.087606369689E1));
#1603=CARTESIAN_POINT('',(3.08E-1,-6.25E0,-1.082531754731E1));
#1604=DIRECTION('',(-1.E0,0.E0,0.E0));
#1605=DIRECTION('',(0.E0,9.998868855524E-1,-1.504048205205E-2));
#1606=AXIS2_PLACEMENT_3D('',#1603,#1604,#1605);
#1608=CARTESIAN_POINT('',(3.08E-1,-6.25E0,-1.082531754731E1));
#1609=DIRECTION('',(-1.E0,0.E0,0.E0));
#1610=DIRECTION('',(0.E0,8.660254037849E-1,-4.999999999992E-1));
#1611=AXIS2_PLACEMENT_3D('',#1608,#1609,#1610);
#1613=CARTESIAN_POINT('',(3.080000000002E-1,-3.852496640315E0,
-1.319927155703E1));
#1614=CARTESIAN_POINT('',(3.673226074444E-1,-3.858408949209E0,
-1.319754592013E1));
#1615=CARTESIAN_POINT('',(4.817839751663E-1,-3.873290078424E0,
-1.319319377694E1));
#1616=CARTESIAN_POINT('',(6.386067603704E-1,-3.902190409386E0,
-1.318467975735E1));
#1617=CARTESIAN_POINT('',(7.883833083381E-1,-3.937502939776E0,
-1.317418341721E1));
#1618=CARTESIAN_POINT('',(9.356960932161E-1,-3.979857151020E0,
-1.316145957525E1));
#1619=CARTESIAN_POINT('',(1.086396609534E0,-4.031294014320E0,
-1.314581063784E1));
#1620=CARTESIAN_POINT('',(1.244935115376E0,-4.094704479353E0,
-1.312622214747E1));
#1621=CARTESIAN_POINT('',(1.416621553472E0,-4.174749232749E0,
-1.310102838206E1));
#1622=CARTESIAN_POINT('',(1.606471773776E0,-4.278235038759E0,
-1.306767958352E1));
#1623=CARTESIAN_POINT('',(1.813612207536E0,-4.411296683044E0,
-1.302348346358E1));
#1624=CARTESIAN_POINT('',(2.033721103430E0,-4.579091139335E0,
-1.296563411026E1));
#1625=CARTESIAN_POINT('',(2.263779480836E0,-4.790129444052E0,
-1.288943377999E1));
#1626=CARTESIAN_POINT('',(2.487111490172E0,-5.041130831348E0,
-1.279363420126E1));
#1627=CARTESIAN_POINT('',(2.686973643923E0,-5.321093154502E0,
-1.267994910084E1));
#1628=CARTESIAN_POINT('',(2.852526911155E0,-5.615726064080E0,
-1.255238206553E1));
#1629=CARTESIAN_POINT('',(2.983541484642E0,-5.922394284910E0,
-1.241078265554E1));
#1630=CARTESIAN_POINT('',(3.078680866939E0,-6.238147071752E0,
-1.225523037453E1));
#1631=CARTESIAN_POINT('',(3.136176791925E0,-6.557791267873E0,
-1.208725559590E1));
#1632=CARTESIAN_POINT('',(3.148975071353E0,-6.769346407407E0,
-1.196884843216E1));
#1633=CARTESIAN_POINT('',(3.148975071353E0,-6.874999999999E0,
-1.190784930204E1));
#1635=CARTESIAN_POINT('',(0.E0,-6.25E0,-1.082531754731E1));
#1636=DIRECTION('',(0.E0,-8.660254037844E-1,5.E-1));
#1637=DIRECTION('',(9.294495488054E-1,-1.844746162927E-1,-3.195194081258E-1));
#1638=AXIS2_PLACEMENT_3D('',#1635,#1636,#1637);
#1640=CARTESIAN_POINT('',(3.148975071353E0,-6.874999999999E0,
-1.190784930204E1));
#1641=CARTESIAN_POINT('',(3.148975071353E0,-6.980677189956E0,
-1.184683654797E1));
#1642=CARTESIAN_POINT('',(3.136168011258E0,-7.189065802489E0,
-1.172278653753E1));
#1643=CARTESIAN_POINT('',(3.078645149867E0,-7.494449084374E0,
-1.152989373324E1));
#1644=CARTESIAN_POINT('',(2.983364830346E0,-7.787323205584E0,
-1.133401614437E1));
#1645=CARTESIAN_POINT('',(2.852306884782E0,-8.063186474251E0,
-1.113928296680E1));
#1646=CARTESIAN_POINT('',(2.686765852082E0,-8.320948131576E0,
-1.094792747633E1));
#1647=CARTESIAN_POINT('',(2.485893989430E0,-8.560414117284E0,
-1.076148852553E1));
#1648=CARTESIAN_POINT('',(2.261102558288E0,-8.769888513862E0,
-1.059114107110E1));
#1649=CARTESIAN_POINT('',(2.026804723856E0,-8.943916967324E0,
-1.044426277509E1));
#1650=CARTESIAN_POINT('',(1.800534818323E0,-9.080422288450E0,
-1.032554285457E1));
#1651=CARTESIAN_POINT('',(1.588344226286E0,-9.186327168608E0,
-1.023127922856E1));
#1652=CARTESIAN_POINT('',(1.391274621708E0,-9.268425901532E0,
-1.015686321818E1));
#1653=CARTESIAN_POINT('',(1.213215036819E0,-9.330783113309E0,
-1.009954388537E1));
#1654=CARTESIAN_POINT('',(1.051470292022E0,-9.378693870182E0,
-1.005503355405E1));
#1655=CARTESIAN_POINT('',(9.014484777069E-1,-9.416224686967E0,
-1.001987560941E1));
#1656=CARTESIAN_POINT('',(7.577834363692E-1,-9.446299016078E0,
-9.991516125210E0));
#1657=CARTESIAN_POINT('',(6.146610251136E-1,-9.470786003554E0,
-9.968300619972E0));
#1658=CARTESIAN_POINT('',(4.676781373229E-1,-9.490483719714E0,
-9.949543273853E0));
#1659=CARTESIAN_POINT('',(3.622202002813E-1,-9.500588361157E0,
-9.939886945047E0));
#1660=CARTESIAN_POINT('',(3.08E-1,-9.504656159682E0,-9.935995737026E0));
#1662=CARTESIAN_POINT('',(3.08E-1,-6.25E0,-1.082531754731E1));
#1663=DIRECTION('',(-1.E0,0.E0,0.E0));
#1664=DIRECTION('',(0.E0,-9.646366859204E-1,2.635831257431E-1));
#1665=AXIS2_PLACEMENT_3D('',#1662,#1663,#1664);
#1667=CARTESIAN_POINT('',(3.08E-1,-6.25E0,-1.082531754731E1));
#1668=DIRECTION('',(-1.E0,0.E0,0.E0));
#1669=DIRECTION('',(0.E0,-8.660254037842E-1,5.000000000004E-1));
#1670=AXIS2_PLACEMENT_3D('',#1667,#1668,#1669);
#1672=CARTESIAN_POINT('',(3.08E-1,-7.980742109369E0,-7.929076578250E0));
#1673=CARTESIAN_POINT('',(4.277019507762E-1,-7.972806389911E0,
-7.937064006524E0));
#1674=CARTESIAN_POINT('',(6.808989349582E-1,-7.946198851195E0,
-7.963775099369E0));
#1675=CARTESIAN_POINT('',(1.090296657942E0,-7.868117795535E0,
-8.041411273085E0));
#1676=CARTESIAN_POINT('',(1.558751477064E0,-7.718383800068E0,
-8.185672231952E0));
#1677=CARTESIAN_POINT('',(1.917951144476E0,-7.550584800920E0,
-8.341033079042E0));
#1678=CARTESIAN_POINT('',(2.300348494637E0,-7.311161790013E0,
-8.553355012970E0));
#1679=CARTESIAN_POINT('',(2.658671165667E0,-6.975500372263E0,
-8.830106719409E0));
#1680=CARTESIAN_POINT('',(2.912624303178E0,-6.613838409546E0,
-9.105005654419E0));
#1681=CARTESIAN_POINT('',(3.100159825260E0,-6.162680935842E0,
-9.417978280218E0));
#1682=CARTESIAN_POINT('',(3.148975071352E0,-5.813652550940E0,
-9.633867191507E0));
#1683=CARTESIAN_POINT('',(3.148975071352E0,-5.624999999999E0,
-9.742785792576E0));
#1685=CARTESIAN_POINT('',(3.08E-1,0.E0,0.E0));
#1686=DIRECTION('',(-1.E0,0.E0,0.E0));
#1687=DIRECTION('',(0.E0,-6.912477207041E-1,-7.226178717838E-1));
#1688=AXIS2_PLACEMENT_3D('',#1685,#1686,#1687);
#1690=CARTESIAN_POINT('',(3.08E-1,0.E0,0.E0));
#1691=DIRECTION('',(1.E0,0.E0,0.E0));
#1692=DIRECTION('',(0.E0,-8.172851033072E-1,-5.762335116185E-1));
#1693=AXIS2_PLACEMENT_3D('',#1690,#1691,#1692);
#1695=CARTESIAN_POINT('',(0.E0,-1.174615775982E1,-4.275251791571E0));
#1696=DIRECTION('',(0.E0,-3.420201433257E-1,9.396926207859E-1));
#1697=DIRECTION('',(1.E0,0.E0,0.E0));
#1698=AXIS2_PLACEMENT_3D('',#1695,#1696,#1697);
#1700=CARTESIAN_POINT('',(3.148975071353E0,-1.057154198384E1,
-3.847726612415E0));
#1701=CARTESIAN_POINT('',(3.148975071353E0,-1.053670000868E1,
-3.943454152411E0));
#1702=CARTESIAN_POINT('',(3.138047219713E0,-1.046475677048E1,
-4.133046615179E0));
#1703=CARTESIAN_POINT('',(3.088930198767E0,-1.034988812585E1,
-4.412750646177E0));
#1704=CARTESIAN_POINT('',(3.007207291101E0,-1.022968495182E1,
-4.684533706956E0));
#1705=CARTESIAN_POINT('',(2.892795574540E0,-1.010537563528E1,
-4.946831265726E0));
#1706=CARTESIAN_POINT('',(2.745798593615E0,-9.978894687449E0,
-5.197032931730E0));
#1707=CARTESIAN_POINT('',(2.567551417352E0,-9.853061012302E0,
-5.431562001245E0));
#1708=CARTESIAN_POINT('',(2.360482570868E0,-9.731202835875E0,
-5.646624297734E0));
#1709=CARTESIAN_POINT('',(2.136314244107E0,-9.620444563694E0,
-5.832887337714E0));
#1710=CARTESIAN_POINT('',(1.910070138176E0,-9.525821435953E0,
-5.985817582302E0));
#1711=CARTESIAN_POINT('',(1.685970110324E0,-9.446146500798E0,
-6.110541620186E0));
#1712=CARTESIAN_POINT('',(1.466557758845E0,-9.380001583353E0,
-6.211441762992E0));
#1713=CARTESIAN_POINT('',(1.248321186125E0,-9.324705439101E0,
-6.294050720128E0));
#1714=CARTESIAN_POINT('',(1.026341372174E0,-9.278456822216E0,
-6.361961935565E0));
#1715=CARTESIAN_POINT('',(7.971570408232E-1,-9.240745974147E0,
-6.416559619832E0));
#1716=CARTESIAN_POINT('',(5.595579145630E-1,-9.211944429487E0,
-6.457798020840E0));
#1717=CARTESIAN_POINT('',(3.930880727665E-1,-9.199069336686E0,
-6.476085808260E0));
#1718=CARTESIAN_POINT('',(3.08E-1,-9.194457412206E0,-6.482627005707E0));
#1720=CARTESIAN_POINT('',(3.08E-1,-1.174615775982E1,-4.275251791571E0));
#1721=DIRECTION('',(-1.E0,0.E0,0.E0));
#1722=DIRECTION('',(0.E0,7.562899569167E-1,-6.542365788206E-1));
#1723=AXIS2_PLACEMENT_3D('',#1720,#1721,#1722);
#1725=CARTESIAN_POINT('',(3.08E-1,-1.174615775982E1,-4.275251791571E0));
#1726=DIRECTION('',(-1.E0,0.E0,0.E0));
#1727=DIRECTION('',(0.E0,3.420201433252E-1,-9.396926207861E-1));
#1728=AXIS2_PLACEMENT_3D('',#1725,#1726,#1727);
#1730=CARTESIAN_POINT('',(3.079999999999E-1,-1.143551185720E1,
-7.634891522730E0));
#1731=CARTESIAN_POINT('',(3.673226074442E-1,-1.143893173055E1,
-7.629769249265E0));
#1732=CARTESIAN_POINT('',(4.817839751660E-1,-1.144753383318E1,
-7.616869908682E0));
#1733=CARTESIAN_POINT('',(6.386067603701E-1,-1.146420006481E1,
-7.591771016625E0));
#1734=CARTESIAN_POINT('',(7.883833083376E-1,-1.148450411510E1,
-7.561031896587E0));
#1735=CARTESIAN_POINT('',(9.356960932155E-1,-1.150877059531E1,
-7.524060105952E0));
#1736=CARTESIAN_POINT('',(1.086396609533E0,-1.153811457554E1,
-7.479009346004E0));
#1737=CARTESIAN_POINT('',(1.244935115375E0,-1.157409857101E1,
-7.423244230552E0));
#1738=CARTESIAN_POINT('',(1.416621553471E0,-1.161922216931E1,
-7.352492910862E0));
#1739=CARTESIAN_POINT('',(1.606471773776E0,-1.167706070144E1,
-7.260426855170E0));
#1740=CARTESIAN_POINT('',(1.813612207537E0,-1.175058311634E1,
-7.141040286810E0));
#1741=CARTESIAN_POINT('',(2.033721103432E0,-1.184193627963E1,
-6.988868913686E0));
#1742=CARTESIAN_POINT('',(2.263779480838E0,-1.195462037209E1,
-6.794843266672E0));
#1743=CARTESIAN_POINT('',(2.487111490173E0,-1.208531980782E1,
-6.560115949964E0));
#1744=CARTESIAN_POINT('',(2.686973643924E0,-1.222670801580E1,
-6.293071798022E0));
#1745=CARTESIAN_POINT('',(2.852526911154E0,-1.237041140924E1,
-6.005963395816E0));
#1746=CARTESIAN_POINT('',(2.983541484641E0,-1.251431454941E1,
-5.700369422008E0));
#1747=CARTESIAN_POINT('',(3.078680866937E0,-1.265620813828E1,
-5.378247482425E0));
#1748=CARTESIAN_POINT('',(3.136176791922E0,-1.279309769205E1,
-5.044108007896E0));
#1749=CARTESIAN_POINT('',(3.148975071351E0,-1.287904767335E1,
-4.817417835632E0));
#1750=CARTESIAN_POINT('',(3.148975071351E0,-1.292077353581E1,
-4.702776970729E0));
#1752=CARTESIAN_POINT('',(0.E0,-1.174615775982E1,-4.275251791571E0));
#1753=DIRECTION('',(0.E0,-3.420201433257E-1,9.396926207859E-1));
#1754=DIRECTION('',(9.294495488047E-1,-3.466988713070E-1,-1.261880694094E-1));
#1755=AXIS2_PLACEMENT_3D('',#1752,#1753,#1754);
#1757=CARTESIAN_POINT('',(3.148975071351E0,-1.292077353581E1,
-4.702776970729E0));
#1758=CARTESIAN_POINT('',(3.148975071351E0,-1.296250871759E1,
-4.588110501185E0));
#1759=CARTESIAN_POINT('',(3.136168011254E0,-1.304240584654E1,
-4.359133061884E0));
#1760=CARTESIAN_POINT('',(3.078645149864E0,-1.315235390805E1,
-4.015072011240E0));
#1761=CARTESIAN_POINT('',(2.983364830343E0,-1.325080081400E1,
-3.676765216444E0));
#1762=CARTESIAN_POINT('',(2.852306884779E0,-1.333695226428E1,
-3.350269456805E0));
#1763=CARTESIAN_POINT('',(2.686765852079E0,-1.341140821121E1,
-3.037996647093E0));
#1764=CARTESIAN_POINT('',(2.485893989428E0,-1.347500915134E1,
-2.741250356295E0));
#1765=CARTESIAN_POINT('',(2.261102558288E0,-1.352597861576E1,
-2.476109088763E0));
#1766=CARTESIAN_POINT('',(2.026804723857E0,-1.356488059667E1,
-2.251730452672E0));
#1767=CARTESIAN_POINT('',(1.800534818326E0,-1.359313804544E1,
-2.073041788196E0));
#1768=CARTESIAN_POINT('',(1.588344226288E0,-1.361367439955E1,
-1.932757316535E0));
#1769=CARTESIAN_POINT('',(1.391274621711E0,-1.362873198825E1,
-1.822979297006E0));
#1770=CARTESIAN_POINT('',(1.213215036823E0,-1.363965622690E1,
-1.738987697523E0));
#1771=CARTESIAN_POINT('',(1.051470292025E0,-1.364774730649E1,
-1.674094364663E0));
#1772=CARTESIAN_POINT('',(9.014484777102E-1,-1.365389848894E1,
-1.623037472527E0));
#1773=CARTESIAN_POINT('',(7.577834363719E-1,-1.365870763657E1,
-1.581981441123E0));
#1774=CARTESIAN_POINT('',(6.146610251156E-1,-1.366254311814E1,
-1.548457400193E0));
#1775=CARTESIAN_POINT('',(4.676781373238E-1,-1.366557545447E1,
-1.521426991544E0));
#1776=CARTESIAN_POINT('',(3.622202002817E-1,-1.366710909039E1,
-1.507534676201E0));
#1777=CARTESIAN_POINT('',(3.08E-1,-1.366772398454E1,-1.501939107429E0));
#1779=CARTESIAN_POINT('',(3.08E-1,-1.174615775982E1,-4.275251791571E0));
#1780=DIRECTION('',(-1.E0,0.E0,0.E0));
#1781=DIRECTION('',(0.E0,-5.695266055299E-1,8.219728983328E-1));
#1782=AXIS2_PLACEMENT_3D('',#1779,#1780,#1781);
#1784=CARTESIAN_POINT('',(3.08E-1,-1.174615775982E1,-4.275251791571E0));
#1785=DIRECTION('',(-1.E0,0.E0,0.E0));
#1786=DIRECTION('',(0.E0,-3.420201433264E-1,9.396926207856E-1));
#1787=AXIS2_PLACEMENT_3D('',#1784,#1785,#1786);
#1789=CARTESIAN_POINT('',(3.08E-1,-1.121031532560E1,-9.441029078239E-1));
#1790=CARTESIAN_POINT('',(4.277019507621E-1,-1.120937043174E1,
-9.553226150084E-1));
#1791=CARTESIAN_POINT('',(6.808989349225E-1,-1.120615743408E1,
-9.928874954552E-1));
#1792=CARTESIAN_POINT('',(1.090296657880E0,-1.119624744581E1,
-1.102549790033E0));
#1793=CARTESIAN_POINT('',(1.558751477016E0,-1.117427370756E1,
-1.309307252959E0));
#1794=CARTESIAN_POINT('',(1.917951144430E0,-1.114559624424E1,
-1.536179684114E0));
#1795=CARTESIAN_POINT('',(2.300348494605E0,-1.109866548558E1,
-1.852725866639E0));
#1796=CARTESIAN_POINT('',(2.658671165650E0,-1.101942648960E1,
-2.280488973866E0));
#1797=CARTESIAN_POINT('',(2.912624303177E0,-1.091907898211E1,
-2.723545603996E0));
#1798=CARTESIAN_POINT('',(3.100159825263E0,-1.077464723244E1,
-3.253294978964E0));
#1799=CARTESIAN_POINT('',(3.148975071353E0,-1.064604669494E1,
-3.643026601032E0));
#1800=CARTESIAN_POINT('',(3.148975071353E0,-1.057154198384E1,
-3.847726612415E0));
#1802=CARTESIAN_POINT('',(3.08E-1,0.E0,0.E0));
#1803=DIRECTION('',(-1.E0,0.E0,0.E0));
#1804=DIRECTION('',(0.E0,-9.940162897847E-1,-1.092319350858E-1));
#1805=AXIS2_PLACEMENT_3D('',#1802,#1803,#1804);
#1807=CARTESIAN_POINT('',(3.08E-1,0.E0,0.E0));
#1808=DIRECTION('',(1.E0,0.E0,0.E0));
#1809=DIRECTION('',(0.E0,-9.964724733869E-1,8.392025847320E-2));
#1810=AXIS2_PLACEMENT_3D('',#1807,#1808,#1809);
#1812=CARTESIAN_POINT('',(0.E0,-1.174615775982E1,4.275251791571E0));
#1813=DIRECTION('',(0.E0,3.420201433257E-1,9.396926207859E-1));
#1814=DIRECTION('',(1.E0,0.E0,0.E0));
#1815=AXIS2_PLACEMENT_3D('',#1812,#1813,#1814);
#1817=CARTESIAN_POINT('',(3.148975071353E0,-1.057154198384E1,3.847726612415E0));
#1818=CARTESIAN_POINT('',(3.148975071353E0,-1.060638395900E1,3.751999072418E0));
#1819=CARTESIAN_POINT('',(3.138047219713E0,-1.067313992711E1,3.560518597740E0));
#1820=CARTESIAN_POINT('',(3.088930198766E0,-1.076493572571E1,3.272416737568E0));
#1821=CARTESIAN_POINT('',(3.007207291101E0,-1.084755353619E1,2.986953723208E0));
#1822=CARTESIAN_POINT('',(2.892795574539E0,-1.092092869585E1,2.706117647428E0));
#1823=CARTESIAN_POINT('',(2.745798593613E0,-1.098486519944E1,2.433151665400E0));
#1824=CARTESIAN_POINT('',(2.567551417349E0,-1.103922339183E1,2.172607647682E0));
#1825=CARTESIAN_POINT('',(2.360482570865E0,-1.108411399242E1,1.929531444587E0));
#1826=CARTESIAN_POINT('',(2.136314244104E0,-1.111899580773E1,1.715651632823E0));
#1827=CARTESIAN_POINT('',(1.910070138173E0,-1.114481195290E1,1.537677694671E0));
#1828=CARTESIAN_POINT('',(1.685970110321E0,-1.116394847775E1,1.390919477406E0));
#1829=CARTESIAN_POINT('',(1.466557758840E0,-1.117813589292E1,1.271108350323E0));
#1830=CARTESIAN_POINT('',(1.248321186120E0,-1.118887660298E1,1.172282541368E0));
#1831=CARTESIAN_POINT('',(1.026341372170E0,-1.119710059486E1,1.090531494259E0));
#1832=CARTESIAN_POINT('',(7.971570408199E-1,-1.120330712421E1,
1.024467175730E0));
#1833=CARTESIAN_POINT('',(5.595579145609E-1,-1.120775139418E1,
9.743634517489E-1));
#1834=CARTESIAN_POINT('',(3.930880727659E-1,-1.120964366405E1,
9.520782436914E-1));
#1835=CARTESIAN_POINT('',(3.08E-1,-1.121031532560E1,9.441029078239E-1));
#1837=CARTESIAN_POINT('',(3.08E-1,-1.174615775982E1,4.275251791571E0));
#1838=DIRECTION('',(-1.E0,0.E0,0.E0));
#1839=DIRECTION('',(0.E0,1.588165522129E-1,-9.873081093272E-1));
#1840=AXIS2_PLACEMENT_3D('',#1837,#1838,#1839);
#1842=CARTESIAN_POINT('',(3.08E-1,-1.174615775982E1,4.275251791571E0));
#1843=DIRECTION('',(-1.E0,0.E0,0.E0));
#1844=DIRECTION('',(0.E0,-3.420201433268E-1,-9.396926207855E-1));
#1845=AXIS2_PLACEMENT_3D('',#1842,#1843,#1844);
#1847=CARTESIAN_POINT('',(3.079999999999E-1,-1.366772398454E1,
1.501939107429E0));
#1848=CARTESIAN_POINT('',(3.673226074439E-1,-1.366705122560E1,
1.508061248771E0));
#1849=CARTESIAN_POINT('',(4.817839751645E-1,-1.366534928222E1,
1.523472041932E0));
#1850=CARTESIAN_POINT('',(6.386067603684E-1,-1.366198309952E1,
1.553411755914E0));
#1851=CARTESIAN_POINT('',(7.883833083355E-1,-1.365777817892E1,
1.590010479957E0));
#1852=CARTESIAN_POINT('',(9.356960932132E-1,-1.365260237231E1,
1.633930707532E0));
#1853=CARTESIAN_POINT('',(1.086396609531E0,-1.364612309500E1,1.687303538763E0));
#1854=CARTESIAN_POINT('',(1.244935115372E0,-1.363784330951E1,1.753152162007E0));
#1855=CARTESIAN_POINT('',(1.416621553469E0,-1.362693191957E1,1.836355707190E0));
#1856=CARTESIAN_POINT('',(1.606471773774E0,-1.361205988584E1,1.944060289370E0));
#1857=CARTESIAN_POINT('',(1.813612207535E0,-1.359164111632E1,2.082775003979E0));
#1858=CARTESIAN_POINT('',(2.033721103430E0,-1.356380782622E1,2.258065720230E0));
#1859=CARTESIAN_POINT('',(2.263779480836E0,-1.352541156722E1,2.479129927389E0));
#1860=CARTESIAN_POINT('',(2.487111490172E0,-1.347465333284E1,2.742953461883E0));
#1861=CARTESIAN_POINT('',(2.686973643922E0,-1.341131031178E1,3.038403738791E0));
#1862=CARTESIAN_POINT('',(2.852526911153E0,-1.333684377421E1,3.350712295647E0));
#1863=CARTESIAN_POINT('',(2.983541484639E0,-1.325064795512E1,3.677310016625E0));
#1864=CARTESIAN_POINT('',(3.078680866936E0,-1.315228875882E1,4.015277179269E0));
#1865=CARTESIAN_POINT('',(3.136176791922E0,-1.304237152667E1,4.359233776017E0));
#1866=CARTESIAN_POINT('',(3.148975071351E0,-1.296249939826E1,4.588136105827E0));
#1867=CARTESIAN_POINT('',(3.148975071351E0,-1.292077353581E1,4.702776970729E0));
#1869=CARTESIAN_POINT('',(0.E0,-1.174615775982E1,4.275251791571E0));
#1870=DIRECTION('',(0.E0,3.420201433257E-1,9.396926207859E-1));
#1871=DIRECTION('',(9.294495488047E-1,-3.466988713070E-1,1.261880694094E-1));
#1872=AXIS2_PLACEMENT_3D('',#1869,#1870,#1871);
#1874=CARTESIAN_POINT('',(3.148975071351E0,-1.292077353581E1,4.702776970729E0));
#1875=CARTESIAN_POINT('',(3.148975071351E0,-1.287903835403E1,4.817443440273E0));
#1876=CARTESIAN_POINT('',(3.136168011255E0,-1.279305924480E1,5.044207219785E0));
#1877=CARTESIAN_POINT('',(3.078645149865E0,-1.265612616602E1,5.378446527376E0));
#1878=CARTESIAN_POINT('',(2.983364830344E0,-1.251408145530E1,5.700885018954E0));
#1879=CARTESIAN_POINT('',(2.852306884780E0,-1.237020986614E1,6.006372366126E0));
#1880=CARTESIAN_POINT('',(2.686765852079E0,-1.222652133762E1,6.293446576896E0));
#1881=CARTESIAN_POINT('',(2.485893989428E0,-1.208449764543E1,6.561649320256E0));
#1882=CARTESIAN_POINT('',(2.261102558291E0,-1.195311299884E1,6.797521855092E0));
#1883=CARTESIAN_POINT('',(2.026804723861E0,-1.183868583798E1,6.994411573746E0));
#1884=CARTESIAN_POINT('',(1.800534818332E0,-1.174547344008E1,7.149458570168E0));
#1885=CARTESIAN_POINT('',(1.588344226294E0,-1.167103207981E1,7.270123224107E0));
#1886=CARTESIAN_POINT('',(1.391274621718E0,-1.161200291119E1,7.363896897396E0));
#1887=CARTESIAN_POINT('',(1.213215036830E0,-1.156638260404E1,7.435260160697E0));
#1888=CARTESIAN_POINT('',(1.051470292033E0,-1.153086810028E1,7.490172183440E0));
#1889=CARTESIAN_POINT('',(9.014484777173E-1,-1.150276144176E1,
7.533237935806E0));
#1890=CARTESIAN_POINT('',(7.577834363780E-1,-1.148005515429E1,
7.567779941033E0));
#1891=CARTESIAN_POINT('',(6.146610251203E-1,-1.146144446550E1,
7.595926246326E0));
#1892=CARTESIAN_POINT('',(4.676781373271E-1,-1.144639255813E1,
7.618581888889E0));
#1893=CARTESIAN_POINT('',(3.622202002827E-1,-1.143863758323E1,
7.630209822023E0));
#1894=CARTESIAN_POINT('',(3.08E-1,-1.143551185720E1,7.634891522730E0));
#1896=CARTESIAN_POINT('',(3.08E-1,-1.174615775982E1,4.275251791571E0));
#1897=DIRECTION('',(-1.E0,0.E0,0.E0));
#1898=DIRECTION('',(0.E0,9.207130317215E-2,9.957524165837E-1));
#1899=AXIS2_PLACEMENT_3D('',#1896,#1897,#1898);
#1901=CARTESIAN_POINT('',(3.08E-1,-1.174615775982E1,4.275251791571E0));
#1902=DIRECTION('',(-1.E0,0.E0,0.E0));
#1903=DIRECTION('',(0.E0,3.420201433254E-1,9.396926207860E-1));
#1904=AXIS2_PLACEMENT_3D('',#1901,#1902,#1903);
#1906=CARTESIAN_POINT('',(3.08E-1,-9.194457412206E0,6.482627005707E0));
#1907=CARTESIAN_POINT('',(4.277019507760E-1,-9.200945470275E0,
6.473424845295E0));
#1908=CARTESIAN_POINT('',(6.808989349579E-1,-9.222630410989E0,
6.442583202286E0));
#1909=CARTESIAN_POINT('',(1.090296657937E0,-9.285528483753E0,6.352206993221E0));
#1910=CARTESIAN_POINT('',(1.558751477059E0,-9.401596759053E0,6.179697140982E0));
#1911=CARTESIAN_POINT('',(1.917951144467E0,-9.525459335364E0,5.987469257698E0));
#1912=CARTESIAN_POINT('',(2.300348494627E0,-9.692980252494E0,5.714814303405E0));
#1913=CARTESIAN_POINT('',(2.658671165658E0,-9.907240485147E0,5.336194907333E0));
#1914=CARTESIAN_POINT('',(2.912624303176E0,-1.011516114689E1,4.932291703369E0));
#1915=CARTESIAN_POINT('',(3.100159825260E0,-1.034503634211E1,4.433641199303E0));
#1916=CARTESIAN_POINT('',(3.148975071353E0,-1.049703727274E1,4.052426623801E0));
#1917=CARTESIAN_POINT('',(3.148975071353E0,-1.057154198384E1,3.847726612415E0));
#1919=CARTESIAN_POINT('',(3.08E-1,0.E0,0.E0));
#1920=DIRECTION('',(-1.E0,0.E0,0.E0));
#1921=DIRECTION('',(0.E0,-8.316735896145E-1,5.552648380168E-1));
#1922=AXIS2_PLACEMENT_3D('',#1919,#1920,#1921);
#1924=CARTESIAN_POINT('',(3.08E-1,0.E0,0.E0));
#1925=DIRECTION('',(1.E0,0.E0,0.E0));
#1926=DIRECTION('',(0.E0,-7.093992986105E-1,7.048068069556E-1));
#1927=AXIS2_PLACEMENT_3D('',#1924,#1925,#1926);
#1929=CARTESIAN_POINT('',(0.E0,-6.25E0,1.082531754731E1));
#1930=DIRECTION('',(0.E0,8.660254037844E-1,5.E-1));
#1931=DIRECTION('',(1.E0,0.E0,0.E0));
#1932=AXIS2_PLACEMENT_3D('',#1929,#1930,#1931);
#1934=CARTESIAN_POINT('',(3.148975071352E0,-5.624999999999E0,9.742785792576E0));
#1935=CARTESIAN_POINT('',(3.148975071352E0,-5.713222978071E0,9.691850232437E0));
#1936=CARTESIAN_POINT('',(3.138047219710E0,-5.887442293109E0,9.588077588020E0));
#1937=CARTESIAN_POINT('',(3.088930198763E0,-6.142950260575E0,9.426383960945E0));
#1938=CARTESIAN_POINT('',(3.007207291098E0,-6.389731263845E0,9.260812309991E0));
#1939=CARTESIAN_POINT('',(2.892795574537E0,-6.626457847034E0,9.092844038205E0));
#1940=CARTESIAN_POINT('',(2.745798593611E0,-6.850895201431E0,8.924837556824E0));
#1941=CARTESIAN_POINT('',(2.567551417348E0,-7.060010459018E0,8.760190032418E0));
#1942=CARTESIAN_POINT('',(2.360482570864E0,-7.250645025710E0,8.602837979636E0));
#1943=CARTESIAN_POINT('',(2.136314244103E0,-7.414845339455E0,8.461418137022E0));
#1944=CARTESIAN_POINT('',(1.910070138172E0,-7.549021096298E0,8.341676488926E0));
#1945=CARTESIAN_POINT('',(1.685970110321E0,-7.658014888498E0,8.241553893176E0));
#1946=CARTESIAN_POINT('',(1.466557758842E0,-7.745896187036E0,8.158892739729E0));
#1947=CARTESIAN_POINT('',(1.248321186122E0,-7.817648053811E0,8.090091773292E0));
#1948=CARTESIAN_POINT('',(1.026341372172E0,-7.876496557247E0,8.032753118015E0));
#1949=CARTESIAN_POINT('',(7.971570408208E-1,-7.923716359965E0,
7.986134394086E0));
#1950=CARTESIAN_POINT('',(5.595579145608E-1,-7.959326921254E0,
7.950609436422E0));
#1951=CARTESIAN_POINT('',(3.930880727661E-1,-7.975101139692E0,
7.934754304250E0));
#1952=CARTESIAN_POINT('',(3.08E-1,-7.980742109369E0,7.929076578249E0));
#1954=CARTESIAN_POINT('',(3.08E-1,-6.25E0,1.082531754731E1));
#1955=DIRECTION('',(-1.E0,0.E0,0.E0));
#1956=DIRECTION('',(0.E0,-5.129688823188E-1,-8.584072027730E-1));
#1957=AXIS2_PLACEMENT_3D('',#1954,#1955,#1956);
#1959=CARTESIAN_POINT('',(3.08E-1,-6.25E0,1.082531754731E1));
#1960=DIRECTION('',(-1.E0,0.E0,0.E0));
#1961=DIRECTION('',(0.E0,-8.660254037841E-1,-5.000000000005E-1));
#1962=AXIS2_PLACEMENT_3D('',#1959,#1960,#1961);
#1964=CARTESIAN_POINT('',(3.080000000001E-1,-9.504656159682E0,
9.935995737027E0));
#1965=CARTESIAN_POINT('',(3.673226074439E-1,-9.500205559836E0,
9.940253128270E0));
#1966=CARTESIAN_POINT('',(4.817839751640E-1,-9.488995928666E0,
9.950964492616E0));
#1967=CARTESIAN_POINT('',(6.386067603670E-1,-9.467172405928E0,
9.971735903608E0));
#1968=CARTESIAN_POINT('',(7.883833083333E-1,-9.440426043527E0,
9.997069281928E0));
#1969=CARTESIAN_POINT('',(9.356960932104E-1,-9.408229767533E0,
1.002738718384E1));
#1970=CARTESIAN_POINT('',(1.086396609527E0,-9.368958958551E0,1.006410834545E1));
#1971=CARTESIAN_POINT('',(1.244935115369E0,-9.320289595745E0,1.010922917384E1));
#1972=CARTESIAN_POINT('',(1.416621553466E0,-9.258448778193E0,1.016595308102E1));
#1973=CARTESIAN_POINT('',(1.606471773773E0,-9.177824968462E0,1.023890001869E1));
#1974=CARTESIAN_POINT('',(1.813612207535E0,-9.073019183700E0,1.033203672294E1));
#1975=CARTESIAN_POINT('',(2.033721103432E0,-8.939022945989E0,1.044842630804E1));
#1976=CARTESIAN_POINT('',(2.263779480839E0,-8.767512371834E0,1.059309067596E1));
#1977=CARTESIAN_POINT('',(2.487111490174E0,-8.559046809333E0,1.076256446438E1));
#1978=CARTESIAN_POINT('',(2.686973643925E0,-8.320611462764E0,1.094817639813E1));
#1979=CARTESIAN_POINT('',(2.852526911156E0,-8.062818714712E0,1.113955246496E1));
#1980=CARTESIAN_POINT('',(2.983541484643E0,-7.786855918082E0,1.133433522973E1));
#1981=CARTESIAN_POINT('',(3.078680866939E0,-7.494267297696E0,1.153000902395E1));
#1982=CARTESIAN_POINT('',(3.136176791925E0,-7.188974774146E0,1.172284162865E1));
#1983=CARTESIAN_POINT('',(3.148975071353E0,-6.980653592591E0,1.184685017192E1));
#1984=CARTESIAN_POINT('',(3.148975071353E0,-6.874999999999E0,1.190784930204E1));
#1986=CARTESIAN_POINT('',(0.E0,-6.25E0,1.082531754731E1));
#1987=DIRECTION('',(0.E0,8.660254037844E-1,5.E-1));
#1988=DIRECTION('',(9.294495488054E-1,-1.844746162927E-1,3.195194081258E-1));
#1989=AXIS2_PLACEMENT_3D('',#1986,#1987,#1988);
#1991=CARTESIAN_POINT('',(3.148975071353E0,-6.874999999999E0,1.190784930204E1));
#1992=CARTESIAN_POINT('',(3.148975071353E0,-6.769322810043E0,1.196886205611E1));
#1993=CARTESIAN_POINT('',(3.136168011258E0,-6.557698043399E0,1.208730688320E1));
#1994=CARTESIAN_POINT('',(3.078645149868E0,-6.237956333733E0,1.225533016106E1));
#1995=CARTESIAN_POINT('',(2.983364830347E0,-5.921884305136E0,1.241102779570E1));
#1996=CARTESIAN_POINT('',(2.852306884782E0,-5.615308792062E0,1.255256580555E1));
#1997=CARTESIAN_POINT('',(2.686765852083E0,-5.320709247503E0,1.268011620368E1));
#1998=CARTESIAN_POINT('',(2.485893989431E0,-5.039515386998E0,1.279428035525E1));
#1999=CARTESIAN_POINT('',(2.261102558289E0,-4.787252965700E0,1.289051677691E1));
#2000=CARTESIAN_POINT('',(2.026804723856E0,-4.573038403359E0,1.296779069059E1));
#2001=CARTESIAN_POINT('',(1.800534818323E0,-4.401971275691E0,1.302664780617E1));
#2002=CARTESIAN_POINT('',(1.588344226285E0,-4.267384140839E0,1.307123230977E1));
#2003=CARTESIAN_POINT('',(1.391274621707E0,-4.161888618935E0,1.310512389291E1));
#2004=CARTESIAN_POINT('',(1.213215036818E0,-4.081070014710E0,1.313046715602E1));
#2005=CARTESIAN_POINT('',(1.051470292020E0,-4.018567558617E0,1.314970392292E1));
#2006=CARTESIAN_POINT('',(9.014484777056E-1,-3.969354477021E0,
1.316462759136E1));
#2007=CARTESIAN_POINT('',(7.577834363682E-1,-3.929757278709E0,
1.317649298227E1));
#2008=CARTESIAN_POINT('',(6.146610251129E-1,-3.897408567674E0,
1.318609158287E1));
#2009=CARTESIAN_POINT('',(4.676781373231E-1,-3.871315371347E0,
1.319377163240E1));
#2010=CARTESIAN_POINT('',(3.622202002811E-1,-3.857900424574E0,
1.319769434419E1));
#2011=CARTESIAN_POINT('',(3.08E-1,-3.852496640315E0,1.319927155703E1));
#2013=CARTESIAN_POINT('',(3.08E-1,-6.25E0,1.082531754731E1));
#2014=DIRECTION('',(-1.E0,0.E0,0.E0));
#2015=DIRECTION('',(0.E0,7.105880258630E-1,7.036083125576E-1));
#2016=AXIS2_PLACEMENT_3D('',#2013,#2014,#2015);
#2018=CARTESIAN_POINT('',(3.08E-1,-6.25E0,1.082531754731E1));
#2019=DIRECTION('',(-1.E0,0.E0,0.E0));
#2020=DIRECTION('',(0.E0,8.660254037848E-1,4.999999999994E-1));
#2021=AXIS2_PLACEMENT_3D('',#2018,#2019,#2020);
#2023=CARTESIAN_POINT('',(3.08E-1,-2.876410690629E0,1.087606369689E1));
#2024=CARTESIAN_POINT('',(4.277019507669E-1,-2.887295866153E0,
1.087318487638E1));
#2025=CARTESIAN_POINT('',(6.808989349348E-1,-2.923732120472E0,
1.086349761835E1));
#2026=CARTESIAN_POINT('',(1.090296657902E0,-3.030007546986E0,1.083469552745E1));
#2027=CARTESIAN_POINT('',(1.558751477034E0,-3.229808199869E0,1.077715256300E1));
#2028=CARTESIAN_POINT('',(1.917951144447E0,-3.448254139773E0,1.070951479055E1));
#2029=CARTESIAN_POINT('',(2.300348494619E0,-3.751841833789E0,1.060832934782E1));
#2030=CARTESIAN_POINT('',(2.658671165658E0,-4.159346550985E0,1.045601388620E1));
#2031=CARTESIAN_POINT('',(2.912624303178E0,-4.578246993547E0,1.028025490641E1));
#2032=CARTESIAN_POINT('',(3.100159825261E0,-5.074867975039E0,1.004602738597E1));
#2033=CARTESIAN_POINT('',(3.148975071352E0,-5.436347449058E0,9.851704393645E0));
#2034=CARTESIAN_POINT('',(3.148975071352E0,-5.624999999999E0,9.742785792576E0));
#2036=CARTESIAN_POINT('',(3.08E-1,0.E0,0.E0));
#2037=DIRECTION('',(-1.E0,0.E0,0.E0));
#2038=DIRECTION('',(0.E0,-2.801815738410E-1,9.599470223299E-1));
#2039=AXIS2_PLACEMENT_3D('',#2036,#2037,#2038);
#2041=CARTESIAN_POINT('',(3.08E-1,0.E0,0.E0));
#2042=DIRECTION('',(1.E0,0.E0,0.E0));
#2043=DIRECTION('',(0.E0,-9.039030791971E-2,9.959064174079E-1));
#2044=AXIS2_PLACEMENT_3D('',#2041,#2042,#2043);
#2046=CARTESIAN_POINT('',(0.E0,2.170602220837E0,1.231009691265E1));
#2047=DIRECTION('',(0.E0,9.848077530122E-1,-1.736481776669E-1));
#2048=DIRECTION('',(1.E0,0.E0,0.E0));
#2049=AXIS2_PLACEMENT_3D('',#2046,#2047,#2048);
#2051=CARTESIAN_POINT('',(3.148975071354E0,1.953541998754E0,1.107908722139E1));
#2052=CARTESIAN_POINT('',(3.148975071354E0,1.785912824711E0,1.110864476753E1));
#2053=CARTESIAN_POINT('',(3.120090086320E0,1.450157000493E0,1.116037584477E1));
#2054=CARTESIAN_POINT('',(2.967867782658E0,9.159882514112E-1,1.121654232436E1));
#2055=CARTESIAN_POINT('',(2.729609505446E0,4.419816987682E-1,1.124439839932E1));
#2056=CARTESIAN_POINT('',(2.505314291540E0,1.420194964022E-1,1.125E1));
#2057=CARTESIAN_POINT('',(2.375547207421E0,-5.539342817430E-14,1.125E1));
#2059=CARTESIAN_POINT('',(2.375547207421E0,-5.539342817430E-14,1.125E1));
#2060=CARTESIAN_POINT('',(2.243853178175E0,-1.441283807814E-1,1.125E1));
#2061=CARTESIAN_POINT('',(1.967731816409E0,-3.902649565785E-1,
1.124460771973E1));
#2062=CARTESIAN_POINT('',(1.561987297282E0,-6.490647600460E-1,
1.123198745787E1));
#2063=CARTESIAN_POINT('',(1.127229016343E0,-8.446711586454E-1,
1.121862839830E1));
#2064=CARTESIAN_POINT('',(6.873211334071E-1,-9.682691420126E-1,
1.120835465541E1));
#2065=CARTESIAN_POINT('',(4.303478096467E-1,-1.005429773943E0,
1.120498743465E1));
#2066=CARTESIAN_POINT('',(3.08E-1,-1.016890964097E0,1.120394719584E1));
#2068=CARTESIAN_POINT('',(3.08E-1,2.170602220837E0,1.231009691265E1));
#2069=DIRECTION('',(-1.E0,0.E0,0.E0));
#2070=DIRECTION('',(0.E0,-9.447304758020E-1,-3.278480259067E-1));
#2071=AXIS2_PLACEMENT_3D('',#2068,#2069,#2070);
#2073=CARTESIAN_POINT('',(3.08E-1,2.170602220837E0,1.231009691265E1));
#2074=DIRECTION('',(-1.E0,0.E0,0.E0));
#2075=DIRECTION('',(0.E0,-9.848077530120E-1,1.736481776680E-1));
#2076=AXIS2_PLACEMENT_3D('',#2073,#2074,#2075);
#2078=CARTESIAN_POINT('',(3.079999999999E-1,-8.942540852217E-1,
1.372088953498E1));
#2079=CARTESIAN_POINT('',(3.546243386826E-1,-8.894236988177E-1,
1.372120435369E1));
#2080=CARTESIAN_POINT('',(4.464539676469E-1,-8.776742640232E-1,
1.372196501009E1));
#2081=CARTESIAN_POINT('',(5.779817441068E-1,-8.547753783121E-1,
1.372341350281E1));
#2082=CARTESIAN_POINT('',(7.094099925480E-1,-8.259002343994E-1,
1.372518611489E1));
#2083=CARTESIAN_POINT('',(8.446845233167E-1,-7.897102891804E-1,
1.372732313512E1));
#2084=CARTESIAN_POINT('',(9.878654812700E-1,-7.440347115555E-1,
1.372988667680E1));
#2085=CARTESIAN_POINT('',(1.144267992872E0,-6.851251696011E-1,
1.373297494835E1));
#2086=CARTESIAN_POINT('',(1.318764376410E0,-6.075459027688E-1,
1.373666540053E1));
#2087=CARTESIAN_POINT('',(1.510302125062E0,-5.067140160848E-1,
1.374081571024E1));
#2088=CARTESIAN_POINT('',(1.715861402369E0,-3.783516624537E-1,
1.374504319744E1));
#2089=CARTESIAN_POINT('',(1.934944212433E0,-2.154084848063E-1,
1.374871751023E1));
#2090=CARTESIAN_POINT('',(2.088959655798E0,-7.739066270038E-2,1.375E1));
#2091=CARTESIAN_POINT('',(2.166496964675E0,2.684395574798E-13,1.375E1));
#2093=CARTESIAN_POINT('',(2.166496964675E0,2.684395574798E-13,1.375E1));
#2094=CARTESIAN_POINT('',(2.325539767806E0,1.587420057573E-1,1.375E1));
#2095=CARTESIAN_POINT('',(2.604329267273E0,5.013174590793E-1,1.374463928116E1));
#2096=CARTESIAN_POINT('',(2.917963787205E0,1.097259805979E0,1.371087553693E1));
#2097=CARTESIAN_POINT('',(3.105946044691E0,1.731740217108E0,1.364565838997E1));
#2098=CARTESIAN_POINT('',(3.148975071352E0,2.166571108687E0,1.358009097134E1));
#2099=CARTESIAN_POINT('',(3.148975071352E0,2.387662442921E0,1.354110660392E1));
#2101=CARTESIAN_POINT('',(0.E0,2.170602220837E0,1.231009691265E1));
#2102=DIRECTION('',(0.E0,9.848077530122E-1,-1.736481776669E-1));
#2103=DIRECTION('',(9.294495488049E-1,6.406736189029E-2,3.633440647193E-1));
#2104=AXIS2_PLACEMENT_3D('',#2101,#2102,#2103);
#2106=CARTESIAN_POINT('',(3.148975071352E0,2.387662442921E0,1.354110660392E1));
#2107=CARTESIAN_POINT('',(3.148975071352E0,2.507834109399E0,1.351991709680E1));
#2108=CARTESIAN_POINT('',(3.136168011255E0,2.746082953200E0,1.347462132051E1));
#2109=CARTESIAN_POINT('',(3.078645149865E0,3.099022594269E0,1.339780860956E1));
#2110=CARTESIAN_POINT('',(2.983364830344E0,3.441228325809E0,1.331391273363E1));
#2111=CARTESIAN_POINT('',(2.852306884780E0,3.767057673026E0,1.322527419833E1));
#2112=CARTESIAN_POINT('',(2.686765852080E0,4.074721832612E0,1.313361853498E1));
#2113=CARTESIAN_POINT('',(2.485893989429E0,4.363512128985E0,1.304032541943E1));
#2114=CARTESIAN_POINT('',(2.261102558289E0,4.618615934471E0,1.295189563667E1));
#2115=CARTESIAN_POINT('',(2.026804723859E0,4.832384523848E0,1.287339642236E1));
#2116=CARTESIAN_POINT('',(1.800534818328E0,5.001262171039E0,1.280852375860E1));
#2117=CARTESIAN_POINT('',(1.588344226290E0,5.133020264306E0,1.275616652713E1));
#2118=CARTESIAN_POINT('',(1.391274621714E0,5.235619612348E0,1.271431777170E1));
#2119=CARTESIAN_POINT('',(1.213215036825E0,5.313820590529E0,1.268178264015E1));
#2120=CARTESIAN_POINT('',(1.051470292028E0,5.374065405118E0,1.265634305418E1));
#2121=CARTESIAN_POINT('',(9.014484777129E-1,5.421357561969E0,1.263614168838E1));
#2122=CARTESIAN_POINT('',(7.577834363745E-1,5.459317701961E0,1.261977851670E1));
#2123=CARTESIAN_POINT('',(6.146610251177E-1,5.490268113827E0,1.260633812071E1));
#2124=CARTESIAN_POINT('',(4.676781373255E-1,5.515193302557E0,1.259544899668E1));
#2125=CARTESIAN_POINT('',(3.622202002822E-1,5.527991218519E0,1.258983100667E1));
#2126=CARTESIAN_POINT('',(3.08E-1,5.533144570300E0,1.258756573624E1));
#2128=CARTESIAN_POINT('',(3.08E-1,2.170602220837E0,1.231009691265E1));
#2129=DIRECTION('',(-1.E0,0.E0,0.E0));
#2130=DIRECTION('',(0.E0,9.966127139435E-1,8.223805935302E-2));
#2131=AXIS2_PLACEMENT_3D('',#2128,#2129,#2130);
#2133=CARTESIAN_POINT('',(3.08E-1,2.170602220837E0,1.231009691265E1));
#2134=DIRECTION('',(-1.E0,0.E0,0.E0));
#2135=DIRECTION('',(0.E0,9.848077530123E-1,-1.736481776665E-1));
#2136=AXIS2_PLACEMENT_3D('',#2133,#2134,#2135);
#2138=CARTESIAN_POINT('',(3.08E-1,4.787540560840E0,1.018046931032E1));
#2139=CARTESIAN_POINT('',(4.277019507753E-1,4.777351562462E0,1.018526086182E1));
#2140=CARTESIAN_POINT('',(6.808989349557E-1,4.743212922873E0,1.020126076445E1));
#2141=CARTESIAN_POINT('',(1.090296657931E0,4.643287595786E0,1.024750961015E1));
#2142=CARTESIAN_POINT('',(1.558751477052E0,4.453243511341E0,1.033185852607E1));
#2143=CARTESIAN_POINT('',(1.917951144458E0,4.242427490882E0,1.042045932990E1));
#2144=CARTESIAN_POINT('',(2.300348494616E0,3.944825076020E0,1.053808919194E1));
#2145=CARTESIAN_POINT('',(2.658671165650E0,3.534751860382E0,1.068334776206E1));
#2146=CARTESIAN_POINT('',(2.912624303171E0,3.100879809641E0,1.081797258643E1));
#2147=CARTESIAN_POINT('',(3.100159825258E0,2.569887518449E0,1.095776570959E1));
#2148=CARTESIAN_POINT('',(3.148975071354E0,2.168069764322E0,1.104126018821E1));
#2149=CARTESIAN_POINT('',(3.148975071354E0,1.953541998754E0,1.107908722139E1));
#2151=CARTESIAN_POINT('',(3.08E-1,0.E0,0.E0));
#2152=DIRECTION('',(-1.E0,0.E0,0.E0));
#2153=DIRECTION('',(0.E0,4.024105142037E-1,9.154593262720E-1));
#2154=AXIS2_PLACEMENT_3D('',#2151,#2152,#2153);
#2156=CARTESIAN_POINT('',(3.08E-1,0.E0,0.E0));
#2157=DIRECTION('',(1.E0,0.E0,0.E0));
#2158=DIRECTION('',(0.E0,5.709133124234E-1,8.210103468884E-1));
#2159=AXIS2_PLACEMENT_3D('',#2156,#2157,#2158);
#2161=CARTESIAN_POINT('',(0.E0,9.575555538987E0,8.034845121082E0));
#2162=DIRECTION('',(0.E0,6.427876096865E-1,-7.660444431190E-1));
#2163=DIRECTION('',(1.E0,0.E0,0.E0));
#2164=AXIS2_PLACEMENT_3D('',#2161,#2162,#2163);
#2166=CARTESIAN_POINT('',(3.148975071353E0,8.617999985088E0,7.231360608974E0));
#2167=CARTESIAN_POINT('',(3.148975071353E0,8.552518491189E0,7.309398414577E0));
#2168=CARTESIAN_POINT('',(3.138047219712E0,8.420069519846E0,7.462951016156E0));
#2169=CARTESIAN_POINT('',(3.088930198765E0,8.216463889360E0,7.686499439790E0));
#2170=CARTESIAN_POINT('',(3.007207291100E0,8.010554572320E0,7.900780069646E0));
#2171=CARTESIAN_POINT('',(2.892795574539E0,7.804030976229E0,8.104742859813E0));
#2172=CARTESIAN_POINT('',(2.745798593613E0,7.599603753218E0,8.296596487160E0));
#2173=CARTESIAN_POINT('',(2.567551417350E0,7.401145111267E0,8.473944071534E0));
#2174=CARTESIAN_POINT('',(2.360482570866E0,7.213080244627E0,8.634358573588E0));
#2175=CARTESIAN_POINT('',(2.136314244105E0,7.045295801937E0,8.771507017656E0));
#2176=CARTESIAN_POINT('',(1.910070138174E0,6.904073922870E0,8.882851424278E0));
#2177=CARTESIAN_POINT('',(1.685970110323E0,6.786545840931E0,8.972803249571E0));
#2178=CARTESIAN_POINT('',(1.466557758844E0,6.689880068801E0,9.044995475057E0));
#2179=CARTESIAN_POINT('',(1.248321186123E0,6.609664762730E0,9.103710107306E0));
#2180=CARTESIAN_POINT('',(1.026341372173E0,6.542978275085E0,9.151707816745E0));
#2181=CARTESIAN_POINT('',(7.971570408222E-1,6.488868161632E0,9.190114988101E0));
#2182=CARTESIAN_POINT('',(5.595579145621E-1,6.447699198826E0,9.219015700789E0));
#2183=CARTESIAN_POINT('',(3.930880727663E-1,6.429345777453E0,9.231797058594E0));
#2184=CARTESIAN_POINT('',(3.08E-1,6.422774764763E0,9.236366402494E0));
#2186=CARTESIAN_POINT('',(3.08E-1,9.575555538987E0,8.034845121082E0));
#2187=DIRECTION('',(-1.E0,0.E0,0.E0));
#2188=DIRECTION('',(0.E0,-9.344421801466E-1,3.561148859047E-1));
#2189=AXIS2_PLACEMENT_3D('',#2186,#2187,#2188);
#2191=CARTESIAN_POINT('',(3.08E-1,9.575555538987E0,8.034845121082E0));
#2192=DIRECTION('',(-1.E0,0.E0,0.E0));
#2193=DIRECTION('',(0.E0,-6.427876096861E-1,7.660444431193E-1));
#2194=AXIS2_PLACEMENT_3D('',#2191,#2192,#2193);
#2196=CARTESIAN_POINT('',(3.08E-1,8.134579414240E0,1.108562662881E1));
#2197=CARTESIAN_POINT('',(3.673226074435E-1,8.139544964697E0,1.108198293181E1));
#2198=CARTESIAN_POINT('',(4.817839751636E-1,8.152040131374E0,1.107280360902E1));
#2199=CARTESIAN_POINT('',(6.386067603657E-1,8.176285592914E0,1.105491855230E1));
#2200=CARTESIAN_POINT('',(7.883833083318E-1,8.205878557384E0,1.103297762222E1));
#2201=CARTESIAN_POINT('',(9.356960932087E-1,8.241326686897E0,1.100653512842E1));
#2202=CARTESIAN_POINT('',(1.086396609526E0,8.284309275963E0,1.097423749407E1));
#2203=CARTESIAN_POINT('',(1.244935115367E0,8.337195963747E0,1.093414267787E1));
#2204=CARTESIAN_POINT('',(1.416621553464E0,8.403796652593E0,1.088309136440E1));
#2205=CARTESIAN_POINT('',(1.606471773772E0,8.489635539999E0,1.081635951429E1));
#2206=CARTESIAN_POINT('',(1.813612207534E0,8.599556621968E0,1.072931898386E1));
#2207=CARTESIAN_POINT('',(2.033721103431E0,8.737446190242E0,1.061756928944E1));
#2208=CARTESIAN_POINT('',(2.263779480839E0,8.909695280009E0,1.047378505015E1));
#2209=CARTESIAN_POINT('',(2.487111490175E0,9.112794045810E0,1.029791536249E1));
#2210=CARTESIAN_POINT('',(2.686973643926E0,9.336989980638E0,1.009533355864E1));
#2211=CARTESIAN_POINT('',(2.852526911156E0,9.570223855909E0,9.874689366945E0));
#2212=CARTESIAN_POINT('',(2.983541484642E0,9.809967869550E0,9.636742737424E0));
#2213=CARTESIAN_POINT('',(3.078680866939E0,1.005347641989E1,9.382577593408E0));
#2214=CARTESIAN_POINT('',(3.136176791924E0,1.029639295440E1,9.115408179680E0));
#2215=CARTESIAN_POINT('',(3.148975071352E0,1.045469212280E1,8.931785722523E0));
#2216=CARTESIAN_POINT('',(3.148975071352E0,1.053311109289E1,8.838329633191E0));
#2218=CARTESIAN_POINT('',(0.E0,9.575555538987E0,8.034845121082E0));
#2219=DIRECTION('',(0.E0,6.427876096865E-1,-7.660444431190E-1));
#2220=DIRECTION('',(9.294495488051E-1,2.826315094158E-1,2.371559953099E-1));
#2221=AXIS2_PLACEMENT_3D('',#2218,#2219,#2220);
#2223=CARTESIAN_POINT('',(3.148975071352E0,1.053311109289E1,8.838329633191E0));
#2224=CARTESIAN_POINT('',(3.148975071352E0,1.061154757758E1,8.744852670763E0));
#2225=CARTESIAN_POINT('',(3.136168011256E0,1.076494121669E1,8.557010688220E0));
#2226=CARTESIAN_POINT('',(3.078645149865E0,1.098593440862E1,8.271303509586E0));
#2227=CARTESIAN_POINT('',(2.983364830344E0,1.119415197812E1,7.987069935835E0));
#2228=CARTESIAN_POINT('',(2.852306884779E0,1.138677598673E1,7.709729811157E0));
#2229=CARTESIAN_POINT('',(2.686765852077E0,1.156354528176E1,7.441754789837E0));
#2230=CARTESIAN_POINT('',(2.485893989426E0,1.172480382478E1,7.184657292787E0));
#2231=CARTESIAN_POINT('',(2.261102558288E0,1.186338310871E1,6.952938583752E0));
#2232=CARTESIAN_POINT('',(2.026804723859E0,1.197668102638E1,6.755396896244E0));
#2233=CARTESIAN_POINT('',(1.800534818331E0,1.206434946511E1,6.597149093498E0));
#2234=CARTESIAN_POINT('',(1.588344226293E0,1.213162744062E1,6.472348657441E0));
#2235=CARTESIAN_POINT('',(1.391274621718E0,1.218332323959E1,6.374341061212E0));
#2236=CARTESIAN_POINT('',(1.213215036830E0,1.222231548493E1,6.299151084639E0));
#2237=CARTESIAN_POINT('',(1.051470292033E0,1.225211343972E1,6.240938610812E0));
#2238=CARTESIAN_POINT('',(9.014484777170E-1,1.227535614604E1,6.195064654334E0));
#2239=CARTESIAN_POINT('',(7.577834363780E-1,1.229391725633E1,6.158129429948E0));
#2240=CARTESIAN_POINT('',(6.146610251204E-1,1.230898732734E1,6.127938948021E0));
#2241=CARTESIAN_POINT('',(4.676781373270E-1,1.232108173565E1,6.103575792582E0));
#2242=CARTESIAN_POINT('',(3.622202002827E-1,1.232727433369E1,6.091045820746E0));
#2243=CARTESIAN_POINT('',(3.08E-1,1.232976594242E1,6.085998012248E0));
#2245=CARTESIAN_POINT('',(3.08E-1,9.575555538987E0,8.034845121082E0));
#2246=DIRECTION('',(-1.E0,0.E0,0.E0));
#2247=DIRECTION('',(0.E0,8.163112370545E-1,-5.776122957993E-1));
#2248=AXIS2_PLACEMENT_3D('',#2245,#2246,#2247);
#2250=CARTESIAN_POINT('',(3.08E-1,9.575555538987E0,8.034845121082E0));
#2251=DIRECTION('',(-1.E0,0.E0,0.E0));
#2252=DIRECTION('',(0.E0,6.427876096866E-1,-7.660444431190E-1));
#2253=AXIS2_PLACEMENT_3D('',#2250,#2251,#2252);
#2255=CARTESIAN_POINT('',(3.08E-1,1.021134837630E1,4.721320190134E0));
#2256=CARTESIAN_POINT('',(4.277019507658E-1,1.020662310065E1,4.731540093447E0));
#2257=CARTESIAN_POINT('',(6.808989349315E-1,1.019075592467E1,4.765740624488E0));
#2258=CARTESIAN_POINT('',(1.090296657894E0,1.014393686811E1,4.865400057873E0));
#2259=CARTESIAN_POINT('',(1.558751477025E0,1.005257309132E1,5.052173058972E0));
#2260=CARTESIAN_POINT('',(1.917951144436E0,9.948030149236E0,5.255555138274E0));
#2261=CARTESIAN_POINT('',(2.300348494606E0,9.795664490916E0,5.536959985322E0));
#2262=CARTESIAN_POINT('',(2.658671165648E0,9.574900591876E0,5.911824487862E0));
#2263=CARTESIAN_POINT('',(2.912624303173E0,9.329070487438E0,6.293840664889E0));
#2264=CARTESIAN_POINT('',(3.100159825261E0,9.012164080912E0,6.742243675689E0));
#2265=CARTESIAN_POINT('',(3.148975071353E0,8.758023039554E0,7.064487630769E0));
#2266=CARTESIAN_POINT('',(3.148975071353E0,8.617999985088E0,7.231360608974E0));
#2268=CARTESIAN_POINT('',(3.08E-1,0.E0,0.E0));
#2269=DIRECTION('',(-1.E0,0.E0,0.E0));
#2270=DIRECTION('',(0.E0,8.967102503580E-1,4.426180372544E-1));
#2271=AXIS2_PLACEMENT_3D('',#2268,#2269,#2270);
#2273=CARTESIAN_POINT('',(3.08E-1,0.E0,0.E0));
#2274=DIRECTION('',(1.E0,0.E0,0.E0));
#2275=DIRECTION('',(0.E0,9.650802488889E-1,2.619544105461E-1));
#2276=AXIS2_PLACEMENT_3D('',#2273,#2274,#2275);
#2278=CARTESIAN_POINT('',(0.E0,1.25E1,0.E0));
#2279=DIRECTION('',(0.E0,0.E0,-1.E0));
#2280=DIRECTION('',(1.E0,0.E0,0.E0));
#2281=AXIS2_PLACEMENT_3D('',#2278,#2279,#2280);
#2283=CARTESIAN_POINT('',(3.148975071353E0,1.125E1,0.E0));
#2284=CARTESIAN_POINT('',(3.148975071353E0,1.125E1,1.018711202781E-1));
#2285=CARTESIAN_POINT('',(3.138047219712E0,1.124723991124E1,3.046357951381E-1));
#2286=CARTESIAN_POINT('',(3.088930198765E0,1.123496310629E1,6.067589993705E-1));
#2287=CARTESIAN_POINT('',(3.007207291100E0,1.121496435205E1,9.032634428510E-1));
#2288=CARTESIAN_POINT('',(2.892795574539E0,1.118786285325E1,1.192258813537E0));
#2289=CARTESIAN_POINT('',(2.745798593613E0,1.115458364957E1,1.470630504693E0));
#2290=CARTESIAN_POINT('',(2.567551417351E0,1.111655233956E1,1.734053392285E0));
#2291=CARTESIAN_POINT('',(2.360482570867E0,1.107559874786E1,1.977823796272E0));
#2292=CARTESIAN_POINT('',(2.136314244106E0,1.103522572843E1,2.190735360592E0));
#2293=CARTESIAN_POINT('',(1.910070138175E0,1.099861429771E1,2.366805798638E0));
#2294=CARTESIAN_POINT('',(1.685970110324E0,1.096640248240E1,2.511258489413E0));
#2295=CARTESIAN_POINT('',(1.466557758845E0,1.093875647287E1,2.628696503188E0));
#2296=CARTESIAN_POINT('',(1.248321186125E0,1.091504902152E1,2.725235925803E0));
#2297=CARTESIAN_POINT('',(1.026341372174E0,1.089481654115E1,2.804869552393E0));
#2298=CARTESIAN_POINT('',(7.971570408228E-1,1.087805344330E1,2.869072463072E0));
#2299=CARTESIAN_POINT('',(5.595579145622E-1,1.086509320814E1,2.917674592624E0));
#2300=CARTESIAN_POINT('',(3.930880727663E-1,1.085924937011E1,2.939263032601E0));
#2301=CARTESIAN_POINT('',(3.08E-1,1.08571528E1,2.946987118644E0));
#2303=CARTESIAN_POINT('',(3.08E-1,1.25E1,0.E0));
#2304=DIRECTION('',(-1.E0,0.E0,0.E0));
#2305=DIRECTION('',(0.E0,-4.869180032328E-1,8.734476848259E-1));
#2306=AXIS2_PLACEMENT_3D('',#2303,#2304,#2305);
#2308=CARTESIAN_POINT('',(3.08E-1,1.25E1,0.E0));
#2309=DIRECTION('',(-1.E0,0.E0,0.E0));
#2310=DIRECTION('',(0.E0,0.E0,1.E0));
#2311=AXIS2_PLACEMENT_3D('',#2308,#2309,#2310);
#2313=CARTESIAN_POINT('',(3.08E-1,1.33571528E1,3.263275820009E0));
#2314=CARTESIAN_POINT('',(3.673226074438E-1,1.335861450905E1,3.257292791858E0));
#2315=CARTESIAN_POINT('',(4.817839751644E-1,1.336228600709E1,3.242229284326E0));
#2316=CARTESIAN_POINT('',(6.386067603676E-1,1.336936281532E1,3.212943853738E0));
#2317=CARTESIAN_POINT('',(7.883833083346E-1,1.337792898331E1,3.177114135279E0));
#2318=CARTESIAN_POINT('',(9.356960932122E-1,1.338808691856E1,3.134072391405E0));
#2319=CARTESIAN_POINT('',(1.086396609530E0,1.340025297287E1,3.081702292395E0));
#2320=CARTESIAN_POINT('',(1.244935115371E0,1.341499407510E1,3.016992973621E0));
#2321=CARTESIAN_POINT('',(1.416621553468E0,1.343319801094E1,2.935075301040E0));
#2322=CARTESIAN_POINT('',(1.606471773774E0,1.345606000722E1,2.828779564831E0));
#2323=CARTESIAN_POINT('',(1.813612207535E0,1.348431586675E1,2.691446740639E0));
#2324=CARTESIAN_POINT('',(2.033721103431E0,1.351811408533E1,2.517207802219E0));
#2325=CARTESIAN_POINT('',(2.263779480837E0,1.355764181589E1,2.296343104023E0));
#2326=CARTESIAN_POINT('',(2.487111490173E0,1.360017764069E1,2.031069736874E0));
#2327=CARTESIAN_POINT('',(2.686973643924E0,1.364170461727E1,1.731772702712E0));
#2328=CARTESIAN_POINT('',(2.852526911154E0,1.367854477880E1,1.412829600572E0));
#2329=CARTESIAN_POINT('',(2.983541484641E0,1.370925020300E1,1.076447425804E0));
#2330=CARTESIAN_POINT('',(3.078680866938E0,1.373241436945E1,7.252213505825E-1));
#2331=CARTESIAN_POINT('',(3.136176791923E0,1.374676604202E1,3.644139672538E-1));
#2332=CARTESIAN_POINT('',(3.148975071353E0,1.375E1,1.219982602470E-1));
#2333=CARTESIAN_POINT('',(3.148975071353E0,1.375E1,0.E0));
#2335=CARTESIAN_POINT('',(0.E0,1.25E1,0.E0));
#2336=DIRECTION('',(0.E0,0.E0,-1.E0));
#2337=DIRECTION('',(9.294495488054E-1,3.689492325856E-1,0.E0));
#2338=AXIS2_PLACEMENT_3D('',#2335,#2336,#2337);
#2340=CARTESIAN_POINT('',(3.148975071353E0,1.375E1,0.E0));
#2341=CARTESIAN_POINT('',(3.148975071353E0,1.375E1,-1.220255081372E-1));
#2342=CARTESIAN_POINT('',(3.136168011256E0,1.374676384589E1,
-3.645203456687E-1));
#2343=CARTESIAN_POINT('',(3.078645149866E0,1.373240541811E1,
-7.254364278175E-1));
#2344=CARTESIAN_POINT('',(2.983364830345E0,1.370920751072E1,-1.077011651331E0));
#2345=CARTESIAN_POINT('',(2.852306884780E0,1.367849526632E1,-1.413282838756E0));
#2346=CARTESIAN_POINT('',(2.686765852079E0,1.364165737908E1,-1.732188727355E0));
#2347=CARTESIAN_POINT('',(2.485893989428E0,1.359992950428E1,-2.032791829721E0));
#2348=CARTESIAN_POINT('',(2.261102558290E0,1.355714147957E1,-2.299375705811E0));
#2349=CARTESIAN_POINT('',(2.026804723860E0,1.351695537069E1,-2.523527915494E0));
#2350=CARTESIAN_POINT('',(1.800534818331E0,1.348239356415E1,-2.701104951599E0));
#2351=CARTESIAN_POINT('',(1.588344226294E0,1.345371130945E1,-2.839953081204E0));
#2352=CARTESIAN_POINT('',(1.391274621718E0,1.343031452047E1,-2.948260674728E0));
#2353=CARTESIAN_POINT('',(1.213215036830E0,1.341185312803E1,-3.030923270638E0));
#2354=CARTESIAN_POINT('',(1.051470292032E0,1.339726142880E1,-3.094670368867E0));
#2355=CARTESIAN_POINT('',(9.014484777168E-1,1.338557916399E1,
-3.144751981949E0));
#2356=CARTESIAN_POINT('',(7.577834363777E-1,1.337605629479E1,
-3.184976857062E0));
#2357=CARTESIAN_POINT('',(6.146610251201E-1,1.336819457123E1,
-3.217790962898E0));
#2358=CARTESIAN_POINT('',(4.676781373266E-1,1.336179909107E1,
-3.244228358550E0));
#2359=CARTESIAN_POINT('',(3.622202002826E-1,1.335848878573E1,
-3.257807399138E0));
#2360=CARTESIAN_POINT('',(3.08E-1,1.33571528E1,-3.263275820009E0));
#2362=CARTESIAN_POINT('',(3.08E-1,1.25E1,0.E0));
#2363=DIRECTION('',(-1.E0,0.E0,0.E0));
#2364=DIRECTION('',(0.E0,2.540486600588E-1,-9.671914383008E-1));
#2365=AXIS2_PLACEMENT_3D('',#2362,#2363,#2364);
#2367=CARTESIAN_POINT('',(3.08E-1,1.25E1,0.E0));
#2368=DIRECTION('',(-1.E0,0.E0,0.E0));
#2369=DIRECTION('',(0.E0,0.E0,-1.E0));
#2370=AXIS2_PLACEMENT_3D('',#2367,#2368,#2369);
#2372=CARTESIAN_POINT('',(3.08E-1,1.08571528E1,-2.946987118644E0));
#2373=CARTESIAN_POINT('',(4.277019507810E-1,1.086010225607E1,
-2.936120869858E0));
#2374=CARTESIAN_POINT('',(6.808989349707E-1,1.086993097168E1,
-2.899722518976E0));
#2375=CARTESIAN_POINT('',(1.090296657962E0,1.089812534254E1,-2.793284254356E0));
#2376=CARTESIAN_POINT('',(1.558751477081E0,1.094819199996E1,-2.591480331037E0));
#2377=CARTESIAN_POINT('',(1.917951144491E0,1.099883894072E1,-2.368481711498E0));
#2378=CARTESIAN_POINT('',(2.300348494647E0,1.106300362383E1,-2.054974334839E0));
#2379=CARTESIAN_POINT('',(2.658671165672E0,1.113484692327E1,-1.625907166780E0));
#2380=CARTESIAN_POINT('',(2.912624303180E0,1.119208540310E1,-1.175249251983E0));
#2381=CARTESIAN_POINT('',(3.100159825263E0,1.123754891088E1,
-6.280491057495E-1));
#2382=CARTESIAN_POINT('',(3.148975071353E0,1.125E1,-2.178372021394E-1));
#2383=CARTESIAN_POINT('',(3.148975071353E0,1.125E1,0.E0));
#2385=CARTESIAN_POINT('',(3.08E-1,0.E0,0.E0));
#2386=DIRECTION('',(-1.E0,0.E0,0.E0));
#2387=DIRECTION('',(0.E0,9.714292945455E-1,-2.373291505461E-1));
#2388=AXIS2_PLACEMENT_3D('',#2385,#2386,#2387);
#2390=CARTESIAN_POINT('',(3.08E-1,0.E0,0.E0));
#2391=DIRECTION('',(1.E0,0.E0,0.E0));
#2392=DIRECTION('',(0.E0,9.076754112270E-1,-4.196729057896E-1));
#2393=AXIS2_PLACEMENT_3D('',#2390,#2391,#2392);
#2395=CARTESIAN_POINT('',(0.E0,9.575555538987E0,-8.034845121082E0));
#2396=DIRECTION('',(0.E0,-6.427876096865E-1,-7.660444431190E-1));
#2397=DIRECTION('',(1.E0,0.E0,0.E0));
#2398=AXIS2_PLACEMENT_3D('',#2395,#2396,#2397);
#2400=CARTESIAN_POINT('',(3.148975071353E0,8.617999985089E0,-7.231360608974E0));
#2401=CARTESIAN_POINT('',(3.148975071353E0,8.683481478988E0,-7.153322803370E0));
#2402=CARTESIAN_POINT('',(3.138047219712E0,8.811701749011E0,-6.996221900073E0));
#2403=CARTESIAN_POINT('',(3.088930198765E0,8.996498223083E0,-6.756890720229E0));
#2404=CARTESIAN_POINT('',(3.007207291099E0,9.171767671017E0,-6.516900187507E0));
#2405=CARTESIAN_POINT('',(2.892795574538E0,9.336769361993E0,-6.278096382072E0));
#2406=CARTESIAN_POINT('',(2.745798593612E0,9.490209886907E0,-6.043459835156E0));
#2407=CARTESIAN_POINT('',(2.567551417349E0,9.630401181459E0,-5.817220141070E0));
#2408=CARTESIAN_POINT('',(2.360482570866E0,9.755721505401E0,-5.604156716381E0));
#2409=CARTESIAN_POINT('',(2.136314244104E0,9.861650893719E0,-5.415105719003E0));
#2410=CARTESIAN_POINT('',(1.910070138173E0,9.946780806669E0,-5.256694564300E0));
#2411=CARTESIAN_POINT('',(1.685970110322E0,1.001495752436E1,-5.125332027469E0));
#2412=CARTESIAN_POINT('',(1.466557758843E0,1.006926715255E1,-5.017598777228E0));
#2413=CARTESIAN_POINT('',(1.248321186123E0,1.011316053589E1,-4.928406433006E0));
#2414=CARTESIAN_POINT('',(1.026341372173E0,1.014884906522E1,-4.854398348176E0));
#2415=CARTESIAN_POINT('',(7.971570408217E-1,1.017727662274E1,
-4.794440953617E0));
#2416=CARTESIAN_POINT('',(5.595579145620E-1,1.019858935330E1,
-4.748878883770E0));
#2417=CARTESIAN_POINT('',(3.930880727662E-1,1.020798949538E1,
-4.728584832617E0));
#2418=CARTESIAN_POINT('',(3.08E-1,1.021134837630E1,-4.721320190134E0));
#2420=CARTESIAN_POINT('',(3.08E-1,9.575555538987E0,-8.034845121082E0));
#2421=DIRECTION('',(-1.E0,0.E0,0.E0));
#2422=DIRECTION('',(0.E0,1.884405188845E-1,9.820846047274E-1));
#2423=AXIS2_PLACEMENT_3D('',#2420,#2421,#2422);
#2425=CARTESIAN_POINT('',(3.08E-1,9.575555538987E0,-8.034845121082E0));
#2426=DIRECTION('',(-1.E0,0.E0,0.E0));
#2427=DIRECTION('',(0.E0,6.427876096865E-1,7.660444431190E-1));
#2428=AXIS2_PLACEMENT_3D('',#2425,#2426,#2427);
#2430=CARTESIAN_POINT('',(3.08E-1,1.232976594242E1,-6.085998012248E0));
#2431=CARTESIAN_POINT('',(3.673226074437E-1,1.232703986015E1,
-6.091520846181E0));
#2432=CARTESIAN_POINT('',(4.817839751641E-1,1.232016975483E1,
-6.105420155873E0));
#2433=CARTESIAN_POINT('',(6.386067603667E-1,1.230676659252E1,
-6.132402981881E0));
#2434=CARTESIAN_POINT('',(7.883833083330E-1,1.229029775882E1,
-6.165356365250E0));
#2435=CARTESIAN_POINT('',(9.356960932100E-1,1.227041248901E1,
-6.204857648886E0));
#2436=CARTESIAN_POINT('',(1.086396609527E0,1.224606937655E1,-6.252795661192E0));
#2437=CARTESIAN_POINT('',(1.244935115369E0,1.221576736766E1,-6.311841273120E0));
#2438=CARTESIAN_POINT('',(1.416621553465E0,1.217705672661E1,-6.386295115402E0));
#2439=CARTESIAN_POINT('',(1.606471773772E0,1.212624444962E1,-6.482417781393E0));
#2440=CARTESIAN_POINT('',(1.813612207534E0,1.205961385600E1,-6.605783344627E0));
#2441=CARTESIAN_POINT('',(2.033721103431E0,1.197350616279E1,-6.760983191314E0));
#2442=CARTESIAN_POINT('',(2.263779480837E0,1.186181706972E1,-6.955583301494E0));
#2443=CARTESIAN_POINT('',(2.487111490173E0,1.172388696835E1,-7.186135991451E0));
#2444=CARTESIAN_POINT('',(2.686973643924E0,1.156331405283E1,-7.442103847329E0));
#2445=CARTESIAN_POINT('',(2.852526911154E0,1.138652257960E1,-7.710108837762E0));
#2446=CARTESIAN_POINT('',(2.983541484641E0,1.119382200512E1,-7.987529599731E0));
#2447=CARTESIAN_POINT('',(3.078680866938E0,1.098580301676E1,-8.271474022119E0));
#2448=CARTESIAN_POINT('',(3.136176791923E0,1.076487452030E1,-8.557093590461E0));
#2449=CARTESIAN_POINT('',(3.148975071352E0,1.061153006298E1,-8.744873543859E0));
#2450=CARTESIAN_POINT('',(3.148975071352E0,1.053311109289E1,-8.838329633191E0));
#2452=CARTESIAN_POINT('',(0.E0,9.575555538987E0,-8.034845121082E0));
#2453=DIRECTION('',(0.E0,-6.427876096865E-1,-7.660444431190E-1));
#2454=DIRECTION('',(9.294495488051E-1,2.826315094158E-1,-2.371559953099E-1));
#2455=AXIS2_PLACEMENT_3D('',#2452,#2453,#2454);
#2457=CARTESIAN_POINT('',(3.148975071352E0,1.053311109289E1,-8.838329633191E0));
#2458=CARTESIAN_POINT('',(3.148975071352E0,1.045467460819E1,-8.931806595618E0));
#2459=CARTESIAN_POINT('',(3.136168011256E0,1.029632289334E1,-9.115488258627E0));
#2460=CARTESIAN_POINT('',(3.078645149866E0,1.005333131378E1,-9.382736598318E0));
#2461=CARTESIAN_POINT('',(2.983364830345E0,9.809572488191E0,-9.637147517190E0));
#2462=CARTESIAN_POINT('',(2.852306884781E0,9.569894591256E0,-9.875004741527E0));
#2463=CARTESIAN_POINT('',(2.686765852079E0,9.336686378596E0,-1.009562188789E1));
#2464=CARTESIAN_POINT('',(2.485893989428E0,9.111497022350E0,-1.029907506314E1));
#2465=CARTESIAN_POINT('',(2.261102558290E0,8.907362681290E0,-1.047578654791E1));
#2466=CARTESIAN_POINT('',(2.026804723861E0,8.732496072825E0,-1.062166596968E1));
#2467=CARTESIAN_POINT('',(1.800534818332E0,8.591875874407E0,-1.073548197041E1));
#2468=CARTESIAN_POINT('',(1.588344226294E0,8.480654135244E0,-1.082340921059E1));
#2469=CARTESIAN_POINT('',(1.391274621718E0,8.393112375907E0,-1.089133847469E1));
#2470=CARTESIAN_POINT('',(1.213215036830E0,8.325835636375E0,-1.094279494262E1));
#2471=CARTESIAN_POINT('',(1.051470292032E0,8.273681901376E0,-1.098224868952E1));
#2472=CARTESIAN_POINT('',(9.014484777167E-1,8.232540926972E0,
-1.101310421585E1));
#2473=CARTESIAN_POINT('',(7.577834363777E-1,8.199389934615E0,
-1.103779707558E1));
#2474=CARTESIAN_POINT('',(6.146610251201E-1,8.172275004314E0,
-1.105788072051E1));
#2475=CARTESIAN_POINT('',(4.676781373270E-1,8.150382151913E0,
-1.107402200513E1));
#2476=CARTESIAN_POINT('',(3.622202002826E-1,8.139117871868E0,
-1.108229633047E1));
#2477=CARTESIAN_POINT('',(3.08E-1,8.134579414240E0,-1.108562662881E1));
#2479=CARTESIAN_POINT('',(3.08E-1,9.575555538987E0,-8.034845121082E0));
#2480=DIRECTION('',(-1.E0,0.E0,0.E0));
#2481=DIRECTION('',(0.E0,-4.270861084148E-1,-9.042109576858E-1));
#2482=AXIS2_PLACEMENT_3D('',#2479,#2480,#2481);
#2484=CARTESIAN_POINT('',(3.08E-1,9.575555538987E0,-8.034845121082E0));
#2485=DIRECTION('',(-1.E0,0.E0,0.E0));
#2486=DIRECTION('',(0.E0,-6.427876096863E-1,-7.660444431192E-1));
#2487=AXIS2_PLACEMENT_3D('',#2484,#2485,#2486);
#2489=CARTESIAN_POINT('',(3.08E-1,6.422774764763E0,-9.236366402494E0));
#2490=CARTESIAN_POINT('',(4.277019507775E-1,6.432018869277E0,
-9.229938246810E0));
#2491=CARTESIAN_POINT('',(6.808989349617E-1,6.462944511212E0,
-9.208373268991E0));
#2492=CARTESIAN_POINT('',(1.090296657946E0,6.552959850029E0,-9.144959820099E0));
#2493=CARTESIAN_POINT('',(1.558751477067E0,6.721030196225E0,-9.022551273090E0));
#2494=CARTESIAN_POINT('',(1.917951144477E0,6.903168753370E0,-8.884279645759E0));
#2495=CARTESIAN_POINT('',(2.300348494636E0,7.153840409571E0,-8.685363325276E0));
#2496=CARTESIAN_POINT('',(2.658671165665E0,7.484674629234E0,-8.402858788180E0));
#2497=CARTESIAN_POINT('',(2.912624303178E0,7.818199172486E0,-8.094426982433E0));
#2498=CARTESIAN_POINT('',(3.100159825261E0,8.204759714004E0,-7.704470730628E0));
#2499=CARTESIAN_POINT('',(3.148975071353E0,8.477976930624E0,-7.398233587178E0));
#2500=CARTESIAN_POINT('',(3.148975071353E0,8.617999985089E0,-7.231360608974E0));
#2502=CARTESIAN_POINT('',(3.08E-1,0.E0,0.E0));
#2503=DIRECTION('',(-1.E0,0.E0,0.E0));
#2504=DIRECTION('',(0.E0,5.916057755811E-1,-8.062273911863E-1));
#2505=AXIS2_PLACEMENT_3D('',#2502,#2503,#2504);
#2507=CARTESIAN_POINT('',(3.08E-1,0.E0,0.E0));
#2508=DIRECTION('',(1.E0,0.E0,0.E0));
#2509=DIRECTION('',(0.E0,4.255591609636E-1,-9.049306053615E-1));
#2510=AXIS2_PLACEMENT_3D('',#2507,#2508,#2509);
#2512=CARTESIAN_POINT('',(0.E0,2.170602220837E0,-1.231009691265E1));
#2513=DIRECTION('',(0.E0,-9.848077530122E-1,-1.736481776669E-1));
#2514=DIRECTION('',(1.E0,0.E0,0.E0));
#2515=AXIS2_PLACEMENT_3D('',#2512,#2513,#2514);
#2517=CARTESIAN_POINT('',(3.148975071354E0,1.953541998754E0,-1.107908722139E1));
#2518=CARTESIAN_POINT('',(3.148975071354E0,2.053865467812E0,-1.106139748700E1));
#2519=CARTESIAN_POINT('',(3.138047219713E0,2.253070407266E0,-1.102346961390E1));
#2520=CARTESIAN_POINT('',(3.088930198766E0,2.548471836353E0,-1.095891617736E1));
#2521=CARTESIAN_POINT('',(3.007207291101E0,2.836998963866E0,-1.088773379285E1));
#2522=CARTESIAN_POINT('',(2.892795574540E0,3.116897719624E0,-1.081086050724E1));
#2523=CARTESIAN_POINT('',(2.745798593615E0,3.385261446220E0,-1.072974815256E1));
#2524=CARTESIAN_POINT('',(2.567551417352E0,3.638078280564E0,-1.064655171922E1));
#2525=CARTESIAN_POINT('',(2.360482570868E0,3.871033747798E0,-1.056389001818E1));
#2526=CARTESIAN_POINT('',(2.136314244107E0,4.073700005796E0,-1.048715865048E1));
#2527=CARTESIAN_POINT('',(1.910070138176E0,4.240738030033E0,-1.042052911895E1));
#2528=CARTESIAN_POINT('',(1.685970110324E0,4.377402636824E0,-1.036372272698E1));
#2529=CARTESIAN_POINT('',(1.466557758845E0,4.488255824115E0,-1.031610382538E1));
#2530=CARTESIAN_POINT('',(1.248321186125E0,4.579211840253E0,-1.027599264868E1));
#2531=CARTESIAN_POINT('',(1.026341372175E0,4.654122319773E0,-1.024223931101E1));
#2532=CARTESIAN_POINT('',(7.971570408233E-1,4.714438962581E0,
-1.021458216383E1));
#2533=CARTESIAN_POINT('',(5.595579145629E-1,4.760052195359E0,
-1.019337915254E1));
#2534=CARTESIAN_POINT('',(3.930880727665E-1,4.780297886599E0,
-1.018387530229E1));
#2535=CARTESIAN_POINT('',(3.08E-1,4.787540560840E0,-1.018046931032E1));
#2537=CARTESIAN_POINT('',(3.08E-1,2.170602220837E0,-1.231009691265E1));
#2538=DIRECTION('',(-1.E0,0.E0,0.E0));
#2539=DIRECTION('',(0.E0,7.756256279330E-1,6.311932234218E-1));
#2540=AXIS2_PLACEMENT_3D('',#2537,#2538,#2539);
#2542=CARTESIAN_POINT('',(3.08E-1,2.170602220837E0,-1.231009691265E1));
#2543=DIRECTION('',(-1.E0,0.E0,0.E0));
#2544=DIRECTION('',(0.E0,9.848077530123E-1,1.736481776663E-1));
#2545=AXIS2_PLACEMENT_3D('',#2542,#2543,#2544);
#2547=CARTESIAN_POINT('',(3.079999999999E-1,5.533144570301E0,
-1.258756573624E1));
#2548=CARTESIAN_POINT('',(3.673226074441E-1,5.527506260903E0,
-1.259004418058E1));
#2549=CARTESIAN_POINT('',(4.817839751654E-1,5.513309150843E0,
-1.259627565095E1));
#2550=CARTESIAN_POINT('',(6.386067603693E-1,5.485697506602E0,
-1.260833030821E1));
#2551=CARTESIAN_POINT('',(7.883833083366E-1,5.451899621536E0,
-1.262298810218E1));
#2552=CARTESIAN_POINT('',(9.356960932144E-1,5.411275685410E0,
-1.264046583595E1));
#2553=CARTESIAN_POINT('',(1.086396609532E0,5.361813819040E0,-1.266154103282E1));
#2554=CARTESIAN_POINT('',(1.244935115374E0,5.300647345758E0,-1.268729483987E1));
#2555=CARTESIAN_POINT('',(1.416621553470E0,5.223135266977E0,-1.271944707158E1));
#2556=CARTESIAN_POINT('',(1.606471773775E0,5.122424345839E0,-1.276041980366E1));
#2557=CARTESIAN_POINT('',(1.813612207536E0,4.992084494347E0,-1.281209398784E1));
#2558=CARTESIAN_POINT('',(2.033721103431E0,4.826361635979E0,-1.287563500967E1));
#2559=CARTESIAN_POINT('',(2.263779480836E0,4.615716287209E0,-1.295291497754E1));
#2560=CARTESIAN_POINT('',(2.487111490172E0,4.361859287034E0,-1.304086882437E1));
#2561=CARTESIAN_POINT('',(2.686973643923E0,4.074320331146E0,-1.313373729743E1));
#2562=CARTESIAN_POINT('',(2.852526911154E0,3.766619918303E0,-1.322540166259E1));
#2563=CARTESIAN_POINT('',(2.983541484641E0,3.440680085572E0,-1.331405275405E1));
#2564=CARTESIAN_POINT('',(3.078680866937E0,3.098812338926E0,-1.339785477268E1));
#2565=CARTESIAN_POINT('',(3.136176791922E0,2.745978572268E0,-1.347464195570E1));
#2566=CARTESIAN_POINT('',(3.148975071352E0,2.507807275466E0,-1.351992182835E1));
#2567=CARTESIAN_POINT('',(3.148975071352E0,2.387662442921E0,-1.354110660392E1));
#2569=CARTESIAN_POINT('',(0.E0,2.170602220837E0,-1.231009691265E1));
#2570=DIRECTION('',(0.E0,-9.848077530122E-1,-1.736481776669E-1));
#2571=DIRECTION('',(9.294495488049E-1,6.406736189029E-2,-3.633440647193E-1));
#2572=AXIS2_PLACEMENT_3D('',#2569,#2570,#2571);
#2574=DIRECTION('',(-1.E0,-7.675923023117E-14,4.968647268075E-14));
#2575=VECTOR('',#2574,4.647671220410E-1);
#2576=CARTESIAN_POINT('',(2.375547207421E0,-8.042385517151E-14,-1.125E1));
#2577=LINE('',#2576,#2575);
#2578=DIRECTION('',(-1.E0,-2.223151149438E-13,1.108390544419E-13));
#2579=VECTOR('',#2578,4.647671220401E-1);
#2580=CARTESIAN_POINT('',(-1.910780085380E0,-9.959370606337E-14,-1.125E1));
#2581=LINE('',#2580,#2579);
#2582=DIRECTION('',(-1.E0,-9.873593930151E-14,-4.586443632070E-14));
#2583=VECTOR('',#2582,4.647671220410E-1);
#2584=CARTESIAN_POINT('',(2.375547207421E0,-5.539342817430E-14,1.125E1));
#2585=LINE('',#2584,#2583);
#2586=DIRECTION('',(-1.E0,7.548521811115E-14,5.733054540088E-14));
#2587=VECTOR('',#2586,4.647671220410E-1);
#2588=CARTESIAN_POINT('',(-1.910780085380E0,-1.014306762621E-13,1.125E1));
#2589=LINE('',#2588,#2587);
#2590=CARTESIAN_POINT('',(0.E0,2.170602220837E0,1.231009691265E1));
#2591=DIRECTION('',(0.E0,-1.736481776669E-1,-9.848077530122E-1));
#2592=DIRECTION('',(1.E0,0.E0,0.E0));
#2593=AXIS2_PLACEMENT_3D('',#2590,#2591,#2592);
#2595=CARTESIAN_POINT('',(0.E0,2.170602220837E0,1.231009691265E1));
#2596=DIRECTION('',(0.E0,-9.848077530122E-1,1.736481776669E-1));
#2597=DIRECTION('',(-1.E0,0.E0,0.E0));
#2598=AXIS2_PLACEMENT_3D('',#2595,#2596,#2597);
#2600=CARTESIAN_POINT('',(-2.814942272944E0,1.953541998754E0,1.107908722139E1));
#2601=CARTESIAN_POINT('',(-2.814942272944E0,1.780684076663E0,1.110956673688E1));
#2602=CARTESIAN_POINT('',(-2.780638754979E0,1.436579666689E0,1.116228457317E1));
#2603=CARTESIAN_POINT('',(-2.602737053250E0,8.957494959963E-1,
1.121822772155E1));
#2604=CARTESIAN_POINT('',(-2.324166065074E0,4.231149470749E-1,
1.124501780787E1));
#2605=CARTESIAN_POINT('',(-2.062506310163E0,1.335645223074E-1,1.125E1));
#2606=CARTESIAN_POINT('',(-1.910780085380E0,-1.014306762621E-13,1.125E1));
#2608=CARTESIAN_POINT('',(-1.910780085380E0,-1.014306762621E-13,1.125E1));
#2609=CARTESIAN_POINT('',(-1.776894742198E0,-1.178592028610E-1,1.125E1));
#2610=CARTESIAN_POINT('',(-1.504657878977E0,-3.123820074295E-1,
1.124648331667E1));
#2611=CARTESIAN_POINT('',(-1.106958617994E0,-5.068782245048E-1,
1.123891364555E1));
#2612=CARTESIAN_POINT('',(-7.367654633175E-1,-6.283628668593E-1,
1.123256715572E1));
#2613=CARTESIAN_POINT('',(-3.401145623140E-1,-7.020558853206E-1,
1.122810139802E1));
#2614=CARTESIAN_POINT('',(4.532998283788E-2,-7.210864717688E-1,
1.122685932040E1));
#2615=CARTESIAN_POINT('',(4.408504504687E-1,-6.883069776612E-1,
1.122896877871E1));
#2616=CARTESIAN_POINT('',(8.051201354471E-1,-6.086154993074E-1,
1.123366858229E1));
#2617=CARTESIAN_POINT('',(1.159376767402E0,-4.842526481733E-1,
1.123991314110E1));
#2618=CARTESIAN_POINT('',(1.531733810660E0,-2.941651893745E-1,
1.124691599314E1));
#2619=CARTESIAN_POINT('',(1.785820294898E0,-1.100020431352E-1,1.125E1));
#2620=CARTESIAN_POINT('',(1.910780085380E0,-1.012826465255E-13,1.125E1));
#2622=CARTESIAN_POINT('',(1.910780085380E0,-1.012826465255E-13,1.125E1));
#2623=CARTESIAN_POINT('',(2.062601970359E0,1.336487319314E-1,1.125E1));
#2624=CARTESIAN_POINT('',(2.324324247262E0,4.236013828570E-1,1.124496756936E1));
#2625=CARTESIAN_POINT('',(2.601893949213E0,8.936906632470E-1,1.121841234296E1));
#2626=CARTESIAN_POINT('',(2.781301909203E0,1.438750296940E0,1.116204735199E1));
#2627=CARTESIAN_POINT('',(2.814942272944E0,1.781597501377E0,1.110940567546E1));
#2628=CARTESIAN_POINT('',(2.814942272944E0,1.953541998754E0,1.107908722139E1));
#2630=CARTESIAN_POINT('',(0.E0,2.170602220837E0,1.231009691265E1));
#2631=DIRECTION('',(0.E0,9.848077530122E-1,-1.736481776669E-1));
#2632=DIRECTION('',(1.E0,0.E0,0.E0));
#2633=AXIS2_PLACEMENT_3D('',#2630,#2631,#2632);
#2635=CARTESIAN_POINT('',(2.814942272944E0,1.953541998754E0,1.107908722139E1));
#2636=CARTESIAN_POINT('',(2.814942272944E0,2.122280831260E0,1.104933401252E1));
#2637=CARTESIAN_POINT('',(2.782966261171E0,2.466806606456E0,1.098117681972E1));
#2638=CARTESIAN_POINT('',(2.585859304328E0,3.045860458761E0,1.083516462067E1));
#2639=CARTESIAN_POINT('',(2.239432417598E0,3.555936046825E0,1.067650964866E1));
#2640=CARTESIAN_POINT('',(1.842314408948E0,3.926178576537E0,1.054458907582E1));
#2641=CARTESIAN_POINT('',(1.356323967231E0,4.222350835965E0,1.042861258045E1));
#2642=CARTESIAN_POINT('',(8.936597772041E-1,4.392824984212E0,1.035714238738E1));
#2643=CARTESIAN_POINT('',(4.860260522507E-1,4.482491526215E0,1.031849113444E1));
#2644=CARTESIAN_POINT('',(4.600583441571E-2,4.518983940247E0,1.030247938534E1));
#2645=CARTESIAN_POINT('',(-3.568215022811E-1,4.498019300621E0,
1.031169722677E1));
#2646=CARTESIAN_POINT('',(-7.369178948407E-1,4.431163368009E0,
1.034068677634E1));
#2647=CARTESIAN_POINT('',(-1.091790790463E0,4.325900038496E0,1.038539196874E1));
#2648=CARTESIAN_POINT('',(-1.499624049659E0,4.143245016940E0,1.046017611668E1));
#2649=CARTESIAN_POINT('',(-1.892564013351E0,3.880600529084E0,1.056106259761E1));
#2650=CARTESIAN_POINT('',(-2.249822397730E0,3.539063349725E0,1.068162409869E1));
#2651=CARTESIAN_POINT('',(-2.572346020738E0,3.066236146889E0,1.082881636755E1));
#2652=CARTESIAN_POINT('',(-2.775388734567E0,2.503845793382E0,1.097289180504E1));
#2653=CARTESIAN_POINT('',(-2.814942272944E0,2.138985029223E0,1.104638861173E1));
#2654=CARTESIAN_POINT('',(-2.814942272944E0,1.953541998754E0,1.107908722139E1));
#2656=CARTESIAN_POINT('',(0.E0,2.170602220837E0,1.231009691265E1));
#2657=DIRECTION('',(0.E0,-1.736481776669E-1,-9.848077530122E-1));
#2658=DIRECTION('',(0.E0,9.848077530122E-1,-1.736481776669E-1));
#2659=AXIS2_PLACEMENT_3D('',#2656,#2657,#2658);
#2661=CARTESIAN_POINT('',(0.E0,2.170602220837E0,1.231009691265E1));
#2662=DIRECTION('',(0.E0,9.848077530122E-1,-1.736481776669E-1));
#2663=DIRECTION('',(9.139422964094E-1,7.047409807931E-2,3.996784711912E-1));
#2664=AXIS2_PLACEMENT_3D('',#2661,#2662,#2663);
#2666=CARTESIAN_POINT('',(0.E0,2.170602220837E0,1.231009691265E1));
#2667=DIRECTION('',(0.E0,1.736481776669E-1,9.848077530122E-1));
#2668=DIRECTION('',(0.E0,9.848077530122E-1,-1.736481776669E-1));
#2669=AXIS2_PLACEMENT_3D('',#2666,#2667,#2668);
#2671=CARTESIAN_POINT('',(-2.814942272942E0,2.387662442921E0,1.354110660392E1));
#2672=CARTESIAN_POINT('',(-2.814942272942E0,2.498197213547E0,1.352161634155E1));
#2673=CARTESIAN_POINT('',(-2.802830231414E0,2.717310252729E0,1.348020221173E1));
#2674=CARTESIAN_POINT('',(-2.748370808316E0,3.042090926253E0,1.341060200084E1));
#2675=CARTESIAN_POINT('',(-2.658248660752E0,3.356479355052E0,1.333529084199E1));
#2676=CARTESIAN_POINT('',(-2.534498810454E0,3.655076711137E0,1.325643075989E1));
#2677=CARTESIAN_POINT('',(-2.378906885331E0,3.935315445906E0,1.317583167745E1));
#2678=CARTESIAN_POINT('',(-2.190966000433E0,4.197356934933E0,1.309457533990E1));
#2679=CARTESIAN_POINT('',(-1.975015894913E0,4.433600465979E0,1.301626689008E1));
#2680=CARTESIAN_POINT('',(-1.749732963119E0,4.629678678421E0,1.294759133032E1));
#2681=CARTESIAN_POINT('',(-1.526170959850E0,4.786627699477E0,1.289022131534E1));
#2682=CARTESIAN_POINT('',(-1.316704407813E0,4.906300553274E0,1.284502860170E1));
#2683=CARTESIAN_POINT('',(-1.123658146009E0,4.996844123389E0,1.281001126364E1));
#2684=CARTESIAN_POINT('',(-9.461996950265E-1,5.065115844253E0,
1.278312996858E1));
#2685=CARTESIAN_POINT('',(-7.851130951414E-1,5.115661279870E0,
1.276296258625E1));
#2686=CARTESIAN_POINT('',(-6.399578157946E-1,5.152507014909E0,
1.274811936748E1));
#2687=CARTESIAN_POINT('',(-5.058124785217E-1,5.179611211168E0,
1.273712427443E1));
#2688=CARTESIAN_POINT('',(-3.764079881108E-1,5.199596385536E0,
1.272897500615E1));
#2689=CARTESIAN_POINT('',(-2.498007046484E-1,5.213392030591E0,
1.272332849246E1));
#2690=CARTESIAN_POINT('',(-1.236984996544E-1,5.221578949709E0,
1.271996945054E1));
#2691=CARTESIAN_POINT('',(3.522531472618E-3,5.224239458644E0,1.271887652744E1));
#2692=CARTESIAN_POINT('',(1.305789289234E-1,5.221271142108E0,1.272009584645E1));
#2693=CARTESIAN_POINT('',(2.565114742415E-1,5.212804679857E0,1.272356926171E1));
#2694=CARTESIAN_POINT('',(3.834029704209E-1,5.198662776185E0,1.272935646745E1));
#2695=CARTESIAN_POINT('',(5.120647316195E-1,5.178481714180E0,1.273758368691E1));
#2696=CARTESIAN_POINT('',(6.463352406414E-1,5.151052753388E0,1.274870744469E1));
#2697=CARTESIAN_POINT('',(7.916285818109E-1,5.113797574716E0,1.276370988048E1));
#2698=CARTESIAN_POINT('',(9.518341260006E-1,5.063113921652E0,1.278392291460E1));
#2699=CARTESIAN_POINT('',(1.128466783875E0,4.994791153509E0,1.281081278777E1));
#2700=CARTESIAN_POINT('',(1.322033105473E0,4.903533872218E0,1.284608734053E1));
#2701=CARTESIAN_POINT('',(1.530314393914E0,4.783899003327E0,1.289122964891E1));
#2702=CARTESIAN_POINT('',(1.752172668334E0,4.627788076083E0,1.294827155906E1));
#2703=CARTESIAN_POINT('',(1.978062402442E0,4.430538739768E0,1.301730350931E1));
#2704=CARTESIAN_POINT('',(2.190925782119E0,4.197196256638E0,1.309460946857E1));
#2705=CARTESIAN_POINT('',(2.378650645630E0,3.935773256511E0,1.317569804433E1));
#2706=CARTESIAN_POINT('',(2.534548346372E0,3.655009472713E0,1.325645263488E1));
#2707=CARTESIAN_POINT('',(2.658324387608E0,3.356253970865E0,1.333534703828E1));
#2708=CARTESIAN_POINT('',(2.748366544691E0,3.042061706982E0,1.341060634244E1));
#2709=CARTESIAN_POINT('',(2.802808337054E0,2.717489950931E0,1.348016550666E1));
#2710=CARTESIAN_POINT('',(2.814942272942E0,2.498283099450E0,1.352160119755E1));
#2711=CARTESIAN_POINT('',(2.814942272942E0,2.387662442921E0,1.354110660392E1));
#2713=CARTESIAN_POINT('',(2.814942272942E0,2.387662442921E0,1.354110660392E1));
#2714=CARTESIAN_POINT('',(2.814942272942E0,2.204813693783E0,1.357334777178E1));
#2715=CARTESIAN_POINT('',(2.782286974255E0,1.844187051677E0,1.362939995497E1));
#2716=CARTESIAN_POINT('',(2.634672601110E0,1.309527132737E0,1.369081878078E1));
#2717=CARTESIAN_POINT('',(2.394102196265E0,8.124309526358E-1,1.372871855920E1));
#2718=CARTESIAN_POINT('',(2.064306622803E0,3.644856278250E-1,1.374724753816E1));
#2719=CARTESIAN_POINT('',(1.793482773959E0,1.134624423533E-1,1.375E1));
#2720=CARTESIAN_POINT('',(1.643643847659E0,3.748729381072E-13,1.375E1));
#2722=CARTESIAN_POINT('',(1.643643847659E0,3.748729381072E-13,1.375E1));
#2723=CARTESIAN_POINT('',(1.570277424699E0,-5.555521346254E-2,1.375E1));
#2724=CARTESIAN_POINT('',(1.426206232436E0,-1.534226040269E-1,
1.374934306125E1));
#2725=CARTESIAN_POINT('',(1.223310637359E0,-2.665239920191E-1,
1.374753261481E1));
#2726=CARTESIAN_POINT('',(1.036229964156E0,-3.521866311231E-1,
1.374555386479E1));
#2727=CARTESIAN_POINT('',(8.669265136010E-1,-4.157082059686E-1,
1.374374953575E1));
#2728=CARTESIAN_POINT('',(7.145933638935E-1,-4.623105687455E-1,
1.374224467018E1));
#2729=CARTESIAN_POINT('',(5.754691110431E-1,-4.965850368899E-1,
1.374104017277E1));
#2730=CARTESIAN_POINT('',(4.451978908404E-1,-5.217701895577E-1,
1.374010214296E1));
#2731=CARTESIAN_POINT('',(3.186005993808E-1,-5.399998147013E-1,
1.373939497474E1));
#2732=CARTESIAN_POINT('',(1.926667730026E-1,-5.520965989838E-1,
1.373891244371E1));
#2733=CARTESIAN_POINT('',(6.612941468506E-2,-5.582473486360E-1,
1.373866300705E1));
#2734=CARTESIAN_POINT('',(-6.130945852462E-2,-5.583604966897E-1,
1.373865838765E1));
#2735=CARTESIAN_POINT('',(-1.878419061145E-1,-5.524458209070E-1,
1.373889836675E1));
#2736=CARTESIAN_POINT('',(-3.141143958832E-1,-5.405315104813E-1,
1.373937397739E1));
#2737=CARTESIAN_POINT('',(-4.400116151654E-1,-5.226270982583E-1,
1.374006939654E1));
#2738=CARTESIAN_POINT('',(-5.696375187960E-1,-4.978458653240E-1,
1.374099419959E1));
#2739=CARTESIAN_POINT('',(-7.079790299557E-1,-4.641219588425E-1,
1.374218311066E1));
#2740=CARTESIAN_POINT('',(-8.609213223078E-1,-4.177785171245E-1,
1.374368683383E1));
#2741=CARTESIAN_POINT('',(-1.031865293537E0,-3.540323753089E-1,
1.374550671675E1));
#2742=CARTESIAN_POINT('',(-1.219603851631E0,-2.684149562734E-1,
1.374749551348E1));
#2743=CARTESIAN_POINT('',(-1.423530572844E0,-1.551387560562E-1,
1.374932586912E1));
#2744=CARTESIAN_POINT('',(-1.569304224640E0,-5.629214917307E-2,1.375E1));
#2745=CARTESIAN_POINT('',(-1.643643847659E0,3.748729381072E-13,1.375E1));
#2747=CARTESIAN_POINT('',(-1.643643847659E0,3.748729381072E-13,1.375E1));
#2748=CARTESIAN_POINT('',(-1.793357493245E0,1.133675761117E-1,1.375E1));
#2749=CARTESIAN_POINT('',(-2.064098329591E0,3.642657995522E-1,
1.374725018487E1));
#2750=CARTESIAN_POINT('',(-2.394048959312E0,8.122432801005E-1,
1.372873939342E1));
#2751=CARTESIAN_POINT('',(-2.635031280928E0,1.310419743561E0,1.369073745511E1));
#2752=CARTESIAN_POINT('',(-2.782296831461E0,1.844490235924E0,1.362934999130E1));
#2753=CARTESIAN_POINT('',(-2.814942272942E0,2.204950855566E0,1.357332358646E1));
#2754=CARTESIAN_POINT('',(-2.814942272942E0,2.387662442921E0,1.354110660392E1));
#2756=CARTESIAN_POINT('',(0.E0,2.170602220837E0,1.231009691265E1));
#2757=DIRECTION('',(0.E0,-9.848077530122E-1,1.736481776669E-1));
#2758=DIRECTION('',(-9.139422964094E-1,7.047409807931E-2,3.996784711912E-1));
#2759=AXIS2_PLACEMENT_3D('',#2756,#2757,#2758);
#2761=CARTESIAN_POINT('',(0.E0,2.170602220837E0,1.231009691265E1));
#2762=DIRECTION('',(0.E0,1.736481776669E-1,9.848077530122E-1));
#2763=DIRECTION('',(-1.E0,0.E0,0.E0));
#2764=AXIS2_PLACEMENT_3D('',#2761,#2762,#2763);
#2766=CARTESIAN_POINT('',(-3.148975071352E0,2.387662442921E0,1.354110660392E1));
#2767=CARTESIAN_POINT('',(-3.148975071352E0,2.166910232735E0,1.358003117463E1));
#2768=CARTESIAN_POINT('',(-3.106101983073E0,1.732483109186E0,1.364556745284E1));
#2769=CARTESIAN_POINT('',(-2.918019392798E0,1.097218079774E0,1.371089339357E1));
#2770=CARTESIAN_POINT('',(-2.603940782254E0,5.007159539683E-1,
1.374466084661E1));
#2771=CARTESIAN_POINT('',(-2.325309833748E0,1.585125065738E-1,1.375E1));
#2772=CARTESIAN_POINT('',(-2.166496964675E0,2.685875872164E-13,1.375E1));
#2774=CARTESIAN_POINT('',(-2.166496964675E0,2.685875872164E-13,1.375E1));
#2775=CARTESIAN_POINT('',(-2.088817812013E0,-7.753223821690E-2,1.375E1));
#2776=CARTESIAN_POINT('',(-1.934459299524E0,-2.158373341343E-1,
1.374871287266E1));
#2777=CARTESIAN_POINT('',(-1.714581752667E0,-3.792590209419E-1,
1.374501972712E1));
#2778=CARTESIAN_POINT('',(-1.508172912373E0,-5.079580742852E-1,
1.374077032648E1));
#2779=CARTESIAN_POINT('',(-1.315914087749E0,-6.089560041404E-1,
1.373660355235E1));
#2780=CARTESIAN_POINT('',(-1.140038739789E0,-6.868848693054E-1,
1.373288739703E1));
#2781=CARTESIAN_POINT('',(-9.829466095812E-1,-7.457454305613E-1,
1.372979355421E1));
#2782=CARTESIAN_POINT('',(-8.398665106710E-1,-7.911091625041E-1,
1.372724219068E1));
#2783=CARTESIAN_POINT('',(-7.054562541898E-1,-8.268444075909E-1,
1.372512892219E1));
#2784=CARTESIAN_POINT('',(-5.750551252333E-1,-8.553311981518E-1,
1.372337864769E1));
#2785=CARTESIAN_POINT('',(-4.449157181653E-1,-8.778832024974E-1,
1.372195149806E1));
#2786=CARTESIAN_POINT('',(-3.540891732529E-1,-8.894791431604E-1,
1.372120074013E1));
#2787=CARTESIAN_POINT('',(-3.08E-1,-8.942540852216E-1,1.372088953498E1));
#2789=CARTESIAN_POINT('',(-3.08E-1,2.170602220837E0,1.231009691265E1));
#2790=DIRECTION('',(1.E0,0.E0,0.E0));
#2791=DIRECTION('',(0.E0,-9.083825402273E-1,4.181401207851E-1));
#2792=AXIS2_PLACEMENT_3D('',#2789,#2790,#2791);
#2794=CARTESIAN_POINT('',(-3.08E-1,2.170602220837E0,1.231009691265E1));
#2795=DIRECTION('',(1.E0,0.E0,0.E0));
#2796=DIRECTION('',(0.E0,-9.848077530121E-1,1.736481776677E-1));
#2797=AXIS2_PLACEMENT_3D('',#2794,#2795,#2796);
#2799=CARTESIAN_POINT('',(-3.08E-1,-1.016890964096E0,1.120394719584E1));
#2800=CARTESIAN_POINT('',(-4.321640888300E-1,-1.005259630144E0,
1.120500287722E1));
#2801=CARTESIAN_POINT('',(-6.919160435144E-1,-9.674572863022E-1,
1.120842911585E1));
#2802=CARTESIAN_POINT('',(-1.134082686021E0,-8.422009634719E-1,
1.121881965151E1));
#2803=CARTESIAN_POINT('',(-1.567409073284E0,-6.460413855967E-1,
1.123216456349E1));
#2804=CARTESIAN_POINT('',(-1.971409749884E0,-3.873027762603E-1,
1.124470210531E1));
#2805=CARTESIAN_POINT('',(-2.245075027488E0,-1.427911662997E-1,1.125E1));
#2806=CARTESIAN_POINT('',(-2.375547207421E0,-6.634762868394E-14,1.125E1));
#2808=CARTESIAN_POINT('',(-2.375547207421E0,-6.634762868394E-14,1.125E1));
#2809=CARTESIAN_POINT('',(-2.505671336549E0,1.424102530627E-1,1.125E1));
#2810=CARTESIAN_POINT('',(-2.730363301219E0,4.427331866678E-1,
1.124442493726E1));
#2811=CARTESIAN_POINT('',(-2.969443316922E0,9.204187094969E-1,
1.121614562102E1));
#2812=CARTESIAN_POINT('',(-3.119396017878E0,1.447975112513E0,1.116058857993E1));
#2813=CARTESIAN_POINT('',(-3.148975071354E0,1.784955087852E0,1.110881364237E1));
#2814=CARTESIAN_POINT('',(-3.148975071354E0,1.953541998754E0,1.107908722139E1));
#2816=CARTESIAN_POINT('',(-3.08E-1,0.E0,0.E0));
#2817=DIRECTION('',(1.E0,0.E0,0.E0));
#2818=DIRECTION('',(0.E0,-6.503666074338E-2,9.978828752711E-1));
#2819=AXIS2_PLACEMENT_3D('',#2816,#2817,#2818);
#2821=CARTESIAN_POINT('',(-3.08E-1,0.E0,0.E0));
#2822=DIRECTION('',(-1.E0,0.E0,0.E0));
#2823=DIRECTION('',(0.E0,-2.556809502781E-1,9.667612175014E-1));
#2824=AXIS2_PLACEMENT_3D('',#2821,#2822,#2823);
#2826=CARTESIAN_POINT('',(0.E0,2.170602220837E0,1.231009691265E1));
#2827=DIRECTION('',(0.E0,-9.848077530122E-1,1.736481776669E-1));
#2828=DIRECTION('',(-1.E0,0.E0,0.E0));
#2829=AXIS2_PLACEMENT_3D('',#2826,#2827,#2828);
#2831=CARTESIAN_POINT('',(-3.148975071354E0,1.953541998754E0,1.107908722139E1));
#2832=CARTESIAN_POINT('',(-3.148975071354E0,2.053865467812E0,1.106139748700E1));
#2833=CARTESIAN_POINT('',(-3.138047219713E0,2.253070407266E0,1.102346961390E1));
#2834=CARTESIAN_POINT('',(-3.088930198766E0,2.548471836353E0,1.095891617736E1));
#2835=CARTESIAN_POINT('',(-3.007207291101E0,2.836998963866E0,1.088773379285E1));
#2836=CARTESIAN_POINT('',(-2.892795574540E0,3.116897719624E0,1.081086050724E1));
#2837=CARTESIAN_POINT('',(-2.745798593615E0,3.385261446220E0,1.072974815256E1));
#2838=CARTESIAN_POINT('',(-2.567551417352E0,3.638078280564E0,1.064655171922E1));
#2839=CARTESIAN_POINT('',(-2.360482570868E0,3.871033747798E0,1.056389001818E1));
#2840=CARTESIAN_POINT('',(-2.136314244107E0,4.073700005796E0,1.048715865048E1));
#2841=CARTESIAN_POINT('',(-1.910070138176E0,4.240738030033E0,1.042052911895E1));
#2842=CARTESIAN_POINT('',(-1.685970110324E0,4.377402636824E0,1.036372272698E1));
#2843=CARTESIAN_POINT('',(-1.466557758845E0,4.488255824115E0,1.031610382538E1));
#2844=CARTESIAN_POINT('',(-1.248321186125E0,4.579211840253E0,1.027599264868E1));
#2845=CARTESIAN_POINT('',(-1.026341372175E0,4.654122319773E0,1.024223931101E1));
#2846=CARTESIAN_POINT('',(-7.971570408232E-1,4.714438962581E0,
1.021458216383E1));
#2847=CARTESIAN_POINT('',(-5.595579145629E-1,4.760052195359E0,
1.019337915254E1));
#2848=CARTESIAN_POINT('',(-3.930880727664E-1,4.780297886599E0,
1.018387530229E1));
#2849=CARTESIAN_POINT('',(-3.08E-1,4.787540560840E0,1.018046931032E1));
#2851=CARTESIAN_POINT('',(-3.08E-1,2.170602220837E0,1.231009691265E1));
#2852=DIRECTION('',(1.E0,0.E0,0.E0));
#2853=DIRECTION('',(0.E0,7.756256279330E-1,-6.311932234218E-1));
#2854=AXIS2_PLACEMENT_3D('',#2851,#2852,#2853);
#2856=CARTESIAN_POINT('',(-3.08E-1,2.170602220837E0,1.231009691265E1));
#2857=DIRECTION('',(1.E0,0.E0,0.E0));
#2858=DIRECTION('',(0.E0,9.848077530123E-1,-1.736481776663E-1));
#2859=AXIS2_PLACEMENT_3D('',#2856,#2857,#2858);
#2861=CARTESIAN_POINT('',(-3.079999999999E-1,5.533144570300E0,
1.258756573624E1));
#2862=CARTESIAN_POINT('',(-3.673226074441E-1,5.527506260903E0,
1.259004418058E1));
#2863=CARTESIAN_POINT('',(-4.817839751655E-1,5.513309150844E0,
1.259627565095E1));
#2864=CARTESIAN_POINT('',(-6.386067603694E-1,5.485697506602E0,
1.260833030821E1));
#2865=CARTESIAN_POINT('',(-7.883833083367E-1,5.451899621536E0,
1.262298810218E1));
#2866=CARTESIAN_POINT('',(-9.356960932145E-1,5.411275685410E0,
1.264046583595E1));
#2867=CARTESIAN_POINT('',(-1.086396609532E0,5.361813819040E0,1.266154103282E1));
#2868=CARTESIAN_POINT('',(-1.244935115374E0,5.300647345758E0,1.268729483987E1));
#2869=CARTESIAN_POINT('',(-1.416621553470E0,5.223135266977E0,1.271944707158E1));
#2870=CARTESIAN_POINT('',(-1.606471773775E0,5.122424345839E0,1.276041980366E1));
#2871=CARTESIAN_POINT('',(-1.813612207536E0,4.992084494347E0,1.281209398784E1));
#2872=CARTESIAN_POINT('',(-2.033721103431E0,4.826361635979E0,1.287563500967E1));
#2873=CARTESIAN_POINT('',(-2.263779480837E0,4.615716287209E0,1.295291497754E1));
#2874=CARTESIAN_POINT('',(-2.487111490172E0,4.361859287034E0,1.304086882437E1));
#2875=CARTESIAN_POINT('',(-2.686973643923E0,4.074320331146E0,1.313373729743E1));
#2876=CARTESIAN_POINT('',(-2.852526911154E0,3.766619918303E0,1.322540166259E1));
#2877=CARTESIAN_POINT('',(-2.983541484641E0,3.440680085572E0,1.331405275405E1));
#2878=CARTESIAN_POINT('',(-3.078680866937E0,3.098812338926E0,1.339785477268E1));
#2879=CARTESIAN_POINT('',(-3.136176791922E0,2.745978572268E0,1.347464195570E1));
#2880=CARTESIAN_POINT('',(-3.148975071352E0,2.507807275466E0,1.351992182835E1));
#2881=CARTESIAN_POINT('',(-3.148975071352E0,2.387662442921E0,1.354110660392E1));
#2883=CARTESIAN_POINT('',(0.E0,2.170602220837E0,1.231009691265E1));
#2884=DIRECTION('',(0.E0,-9.848077530122E-1,1.736481776669E-1));
#2885=DIRECTION('',(-9.294495488049E-1,6.406736189029E-2,3.633440647193E-1));
#2886=AXIS2_PLACEMENT_3D('',#2883,#2884,#2885);
#2888=CARTESIAN_POINT('',(-3.08E-1,0.E0,0.E0));
#2889=DIRECTION('',(1.E0,0.E0,0.E0));
#2890=DIRECTION('',(0.E0,5.916057755811E-1,8.062273911863E-1));
#2891=AXIS2_PLACEMENT_3D('',#2888,#2889,#2890);
#2893=CARTESIAN_POINT('',(-3.08E-1,0.E0,0.E0));
#2894=DIRECTION('',(-1.E0,0.E0,0.E0));
#2895=DIRECTION('',(0.E0,4.255591609636E-1,9.049306053615E-1));
#2896=AXIS2_PLACEMENT_3D('',#2893,#2894,#2895);
#2898=CARTESIAN_POINT('',(-3.148975071352E0,1.053311109289E1,8.838329633191E0));
#2899=CARTESIAN_POINT('',(-3.148975071352E0,1.045467460819E1,8.931806595618E0));
#2900=CARTESIAN_POINT('',(-3.136168011256E0,1.029632289334E1,9.115488258627E0));
#2901=CARTESIAN_POINT('',(-3.078645149866E0,1.005333131378E1,9.382736598318E0));
#2902=CARTESIAN_POINT('',(-2.983364830345E0,9.809572488191E0,9.637147517190E0));
#2903=CARTESIAN_POINT('',(-2.852306884781E0,9.569894591256E0,9.875004741527E0));
#2904=CARTESIAN_POINT('',(-2.686765852080E0,9.336686378596E0,1.009562188789E1));
#2905=CARTESIAN_POINT('',(-2.485893989428E0,9.111497022350E0,1.029907506314E1));
#2906=CARTESIAN_POINT('',(-2.261102558291E0,8.907362681290E0,1.047578654791E1));
#2907=CARTESIAN_POINT('',(-2.026804723861E0,8.732496072825E0,1.062166596968E1));
#2908=CARTESIAN_POINT('',(-1.800534818332E0,8.591875874408E0,1.073548197041E1));
#2909=CARTESIAN_POINT('',(-1.588344226294E0,8.480654135244E0,1.082340921059E1));
#2910=CARTESIAN_POINT('',(-1.391274621718E0,8.393112375907E0,1.089133847469E1));
#2911=CARTESIAN_POINT('',(-1.213215036830E0,8.325835636375E0,1.094279494262E1));
#2912=CARTESIAN_POINT('',(-1.051470292033E0,8.273681901376E0,1.098224868952E1));
#2913=CARTESIAN_POINT('',(-9.014484777170E-1,8.232540926972E0,
1.101310421585E1));
#2914=CARTESIAN_POINT('',(-7.577834363777E-1,8.199389934615E0,
1.103779707558E1));
#2915=CARTESIAN_POINT('',(-6.146610251201E-1,8.172275004314E0,
1.105788072051E1));
#2916=CARTESIAN_POINT('',(-4.676781373270E-1,8.150382151913E0,
1.107402200513E1));
#2917=CARTESIAN_POINT('',(-3.622202002826E-1,8.139117871868E0,
1.108229633047E1));
#2918=CARTESIAN_POINT('',(-3.08E-1,8.134579414240E0,1.108562662881E1));
#2920=CARTESIAN_POINT('',(-3.08E-1,9.575555538987E0,8.034845121082E0));
#2921=DIRECTION('',(1.E0,0.E0,0.E0));
#2922=DIRECTION('',(0.E0,-4.270861084148E-1,9.042109576858E-1));
#2923=AXIS2_PLACEMENT_3D('',#2920,#2921,#2922);
#2925=CARTESIAN_POINT('',(-3.08E-1,9.575555538987E0,8.034845121082E0));
#2926=DIRECTION('',(1.E0,0.E0,0.E0));
#2927=DIRECTION('',(0.E0,-6.427876096862E-1,7.660444431192E-1));
#2928=AXIS2_PLACEMENT_3D('',#2925,#2926,#2927);
#2930=CARTESIAN_POINT('',(-3.08E-1,6.422774764763E0,9.236366402494E0));
#2931=CARTESIAN_POINT('',(-4.277019507775E-1,6.432018869277E0,
9.229938246810E0));
#2932=CARTESIAN_POINT('',(-6.808989349618E-1,6.462944511212E0,
9.208373268991E0));
#2933=CARTESIAN_POINT('',(-1.090296657947E0,6.552959850029E0,9.144959820099E0));
#2934=CARTESIAN_POINT('',(-1.558751477069E0,6.721030196225E0,9.022551273089E0));
#2935=CARTESIAN_POINT('',(-1.917951144480E0,6.903168753371E0,8.884279645758E0));
#2936=CARTESIAN_POINT('',(-2.300348494639E0,7.153840409573E0,8.685363325273E0));
#2937=CARTESIAN_POINT('',(-2.658671165668E0,7.484674629238E0,8.402858788176E0));
#2938=CARTESIAN_POINT('',(-2.912624303180E0,7.818199172489E0,8.094426982430E0));
#2939=CARTESIAN_POINT('',(-3.100159825262E0,8.204759714007E0,7.704470730625E0));
#2940=CARTESIAN_POINT('',(-3.148975071353E0,8.477976930625E0,7.398233587177E0));
#2941=CARTESIAN_POINT('',(-3.148975071353E0,8.617999985088E0,7.231360608974E0));
#2943=CARTESIAN_POINT('',(0.E0,9.575555538987E0,8.034845121082E0));
#2944=DIRECTION('',(0.E0,-6.427876096865E-1,7.660444431190E-1));
#2945=DIRECTION('',(-1.E0,0.E0,0.E0));
#2946=AXIS2_PLACEMENT_3D('',#2943,#2944,#2945);
#2948=CARTESIAN_POINT('',(-3.148975071353E0,8.617999985088E0,7.231360608974E0));
#2949=CARTESIAN_POINT('',(-3.148975071353E0,8.683481478988E0,7.153322803370E0));
#2950=CARTESIAN_POINT('',(-3.138047219712E0,8.811701749010E0,6.996221900074E0));
#2951=CARTESIAN_POINT('',(-3.088930198765E0,8.996498223082E0,6.756890720230E0));
#2952=CARTESIAN_POINT('',(-3.007207291100E0,9.171767671016E0,6.516900187508E0));
#2953=CARTESIAN_POINT('',(-2.892795574539E0,9.336769361992E0,6.278096382073E0));
#2954=CARTESIAN_POINT('',(-2.745798593613E0,9.490209886906E0,6.043459835157E0));
#2955=CARTESIAN_POINT('',(-2.567551417350E0,9.630401181459E0,5.817220141071E0));
#2956=CARTESIAN_POINT('',(-2.360482570866E0,9.755721505401E0,5.604156716382E0));
#2957=CARTESIAN_POINT('',(-2.136314244105E0,9.861650893719E0,5.415105719003E0));
#2958=CARTESIAN_POINT('',(-1.910070138174E0,9.946780806669E0,5.256694564300E0));
#2959=CARTESIAN_POINT('',(-1.685970110323E0,1.001495752436E1,5.125332027470E0));
#2960=CARTESIAN_POINT('',(-1.466557758843E0,1.006926715255E1,5.017598777228E0));
#2961=CARTESIAN_POINT('',(-1.248321186123E0,1.011316053589E1,4.928406433006E0));
#2962=CARTESIAN_POINT('',(-1.026341372173E0,1.014884906522E1,4.854398348176E0));
#2963=CARTESIAN_POINT('',(-7.971570408220E-1,1.017727662274E1,
4.794440953617E0));
#2964=CARTESIAN_POINT('',(-5.595579145622E-1,1.019858935330E1,
4.748878883770E0));
#2965=CARTESIAN_POINT('',(-3.930880727663E-1,1.020798949538E1,
4.728584832617E0));
#2966=CARTESIAN_POINT('',(-3.08E-1,1.021134837630E1,4.721320190134E0));
#2968=CARTESIAN_POINT('',(-3.08E-1,9.575555538987E0,8.034845121082E0));
#2969=DIRECTION('',(1.E0,0.E0,0.E0));
#2970=DIRECTION('',(0.E0,1.884405188845E-1,-9.820846047274E-1));
#2971=AXIS2_PLACEMENT_3D('',#2968,#2969,#2970);
#2973=CARTESIAN_POINT('',(-3.08E-1,9.575555538987E0,8.034845121082E0));
#2974=DIRECTION('',(1.E0,0.E0,0.E0));
#2975=DIRECTION('',(0.E0,6.427876096866E-1,-7.660444431189E-1));
#2976=AXIS2_PLACEMENT_3D('',#2973,#2974,#2975);
#2978=CARTESIAN_POINT('',(-3.08E-1,1.232976594242E1,6.085998012248E0));
#2979=CARTESIAN_POINT('',(-3.673226074437E-1,1.232703986015E1,
6.091520846181E0));
#2980=CARTESIAN_POINT('',(-4.817839751640E-1,1.232016975483E1,
6.105420155873E0));
#2981=CARTESIAN_POINT('',(-6.386067603665E-1,1.230676659252E1,
6.132402981881E0));
#2982=CARTESIAN_POINT('',(-7.883833083328E-1,1.229029775882E1,
6.165356365250E0));
#2983=CARTESIAN_POINT('',(-9.356960932099E-1,1.227041248901E1,
6.204857648885E0));
#2984=CARTESIAN_POINT('',(-1.086396609527E0,1.224606937655E1,6.252795661191E0));
#2985=CARTESIAN_POINT('',(-1.244935115368E0,1.221576736766E1,6.311841273120E0));
#2986=CARTESIAN_POINT('',(-1.416621553465E0,1.217705672661E1,6.386295115402E0));
#2987=CARTESIAN_POINT('',(-1.606471773771E0,1.212624444962E1,6.482417781393E0));
#2988=CARTESIAN_POINT('',(-1.813612207533E0,1.205961385600E1,6.605783344626E0));
#2989=CARTESIAN_POINT('',(-2.033721103429E0,1.197350616279E1,6.760983191312E0));
#2990=CARTESIAN_POINT('',(-2.263779480836E0,1.186181706972E1,6.955583301492E0));
#2991=CARTESIAN_POINT('',(-2.487111490172E0,1.172388696835E1,7.186135991450E0));
#2992=CARTESIAN_POINT('',(-2.686973643923E0,1.156331405283E1,7.442103847328E0));
#2993=CARTESIAN_POINT('',(-2.852526911154E0,1.138652257960E1,7.710108837761E0));
#2994=CARTESIAN_POINT('',(-2.983541484641E0,1.119382200512E1,7.987529599731E0));
#2995=CARTESIAN_POINT('',(-3.078680866938E0,1.098580301676E1,8.271474022119E0));
#2996=CARTESIAN_POINT('',(-3.136176791923E0,1.076487452030E1,8.557093590461E0));
#2997=CARTESIAN_POINT('',(-3.148975071352E0,1.061153006298E1,8.744873543858E0));
#2998=CARTESIAN_POINT('',(-3.148975071352E0,1.053311109289E1,8.838329633191E0));
#3000=CARTESIAN_POINT('',(0.E0,9.575555538987E0,8.034845121082E0));
#3001=DIRECTION('',(0.E0,-6.427876096865E-1,7.660444431190E-1));
#3002=DIRECTION('',(-9.294495488051E-1,2.826315094158E-1,2.371559953099E-1));
#3003=AXIS2_PLACEMENT_3D('',#3000,#3001,#3002);
#3005=CARTESIAN_POINT('',(-3.08E-1,0.E0,0.E0));
#3006=DIRECTION('',(1.E0,0.E0,0.E0));
#3007=DIRECTION('',(0.E0,9.714292945455E-1,2.373291505461E-1));
#3008=AXIS2_PLACEMENT_3D('',#3005,#3006,#3007);
#3010=CARTESIAN_POINT('',(-3.08E-1,0.E0,0.E0));
#3011=DIRECTION('',(-1.E0,0.E0,0.E0));
#3012=DIRECTION('',(0.E0,9.076754112270E-1,4.196729057896E-1));
#3013=AXIS2_PLACEMENT_3D('',#3010,#3011,#3012);
#3015=CARTESIAN_POINT('',(-3.148975071353E0,1.375E1,0.E0));
#3016=CARTESIAN_POINT('',(-3.148975071353E0,1.375E1,1.220255081372E-1));
#3017=CARTESIAN_POINT('',(-3.136168011256E0,1.374676384589E1,
3.645203456687E-1));
#3018=CARTESIAN_POINT('',(-3.078645149866E0,1.373240541811E1,
7.254364278175E-1));
#3019=CARTESIAN_POINT('',(-2.983364830345E0,1.370920751072E1,1.077011651331E0));
#3020=CARTESIAN_POINT('',(-2.852306884780E0,1.367849526632E1,1.413282838756E0));
#3021=CARTESIAN_POINT('',(-2.686765852079E0,1.364165737908E1,1.732188727355E0));
#3022=CARTESIAN_POINT('',(-2.485893989428E0,1.359992950428E1,2.032791829721E0));
#3023=CARTESIAN_POINT('',(-2.261102558290E0,1.355714147957E1,2.299375705811E0));
#3024=CARTESIAN_POINT('',(-2.026804723860E0,1.351695537069E1,2.523527915494E0));
#3025=CARTESIAN_POINT('',(-1.800534818331E0,1.348239356415E1,2.701104951599E0));
#3026=CARTESIAN_POINT('',(-1.588344226294E0,1.345371130945E1,2.839953081204E0));
#3027=CARTESIAN_POINT('',(-1.391274621718E0,1.343031452047E1,2.948260674727E0));
#3028=CARTESIAN_POINT('',(-1.213215036830E0,1.341185312803E1,3.030923270638E0));
#3029=CARTESIAN_POINT('',(-1.051470292032E0,1.339726142880E1,3.094670368867E0));
#3030=CARTESIAN_POINT('',(-9.014484777168E-1,1.338557916399E1,
3.144751981949E0));
#3031=CARTESIAN_POINT('',(-7.577834363777E-1,1.337605629479E1,
3.184976857062E0));
#3032=CARTESIAN_POINT('',(-6.146610251201E-1,1.336819457123E1,
3.217790962898E0));
#3033=CARTESIAN_POINT('',(-4.676781373266E-1,1.336179909107E1,
3.244228358550E0));
#3034=CARTESIAN_POINT('',(-3.622202002826E-1,1.335848878573E1,
3.257807399138E0));
#3035=CARTESIAN_POINT('',(-3.08E-1,1.33571528E1,3.263275820009E0));
#3037=CARTESIAN_POINT('',(-3.08E-1,1.25E1,0.E0));
#3038=DIRECTION('',(1.E0,0.E0,0.E0));
#3039=DIRECTION('',(0.E0,2.540486600588E-1,9.671914383008E-1));
#3040=AXIS2_PLACEMENT_3D('',#3037,#3038,#3039);
#3042=CARTESIAN_POINT('',(-3.08E-1,1.25E1,0.E0));
#3043=DIRECTION('',(1.E0,0.E0,0.E0));
#3044=DIRECTION('',(0.E0,0.E0,1.E0));
#3045=AXIS2_PLACEMENT_3D('',#3042,#3043,#3044);
#3047=CARTESIAN_POINT('',(-3.08E-1,1.08571528E1,2.946987118644E0));
#3048=CARTESIAN_POINT('',(-4.277019507810E-1,1.086010225607E1,
2.936120869858E0));
#3049=CARTESIAN_POINT('',(-6.808989349706E-1,1.086993097168E1,
2.899722518976E0));
#3050=CARTESIAN_POINT('',(-1.090296657962E0,1.089812534254E1,2.793284254356E0));
#3051=CARTESIAN_POINT('',(-1.558751477081E0,1.094819199996E1,2.591480331037E0));
#3052=CARTESIAN_POINT('',(-1.917951144491E0,1.099883894072E1,2.368481711498E0));
#3053=CARTESIAN_POINT('',(-2.300348494647E0,1.106300362383E1,2.054974334839E0));
#3054=CARTESIAN_POINT('',(-2.658671165671E0,1.113484692327E1,1.625907166780E0));
#3055=CARTESIAN_POINT('',(-2.912624303180E0,1.119208540310E1,1.175249251983E0));
#3056=CARTESIAN_POINT('',(-3.100159825263E0,1.123754891088E1,
6.280491057495E-1));
#3057=CARTESIAN_POINT('',(-3.148975071353E0,1.125E1,2.178372021393E-1));
#3058=CARTESIAN_POINT('',(-3.148975071353E0,1.125E1,0.E0));
#3060=CARTESIAN_POINT('',(0.E0,1.25E1,0.E0));
#3061=DIRECTION('',(0.E0,0.E0,1.E0));
#3062=DIRECTION('',(-1.E0,0.E0,0.E0));
#3063=AXIS2_PLACEMENT_3D('',#3060,#3061,#3062);
#3065=CARTESIAN_POINT('',(-3.148975071353E0,1.125E1,0.E0));
#3066=CARTESIAN_POINT('',(-3.148975071353E0,1.125E1,-1.018711202781E-1));
#3067=CARTESIAN_POINT('',(-3.138047219712E0,1.124723991124E1,
-3.046357951381E-1));
#3068=CARTESIAN_POINT('',(-3.088930198765E0,1.123496310629E1,
-6.067589993705E-1));
#3069=CARTESIAN_POINT('',(-3.007207291100E0,1.121496435205E1,
-9.032634428510E-1));
#3070=CARTESIAN_POINT('',(-2.892795574539E0,1.118786285325E1,
-1.192258813537E0));
#3071=CARTESIAN_POINT('',(-2.745798593613E0,1.115458364957E1,
-1.470630504693E0));
#3072=CARTESIAN_POINT('',(-2.567551417351E0,1.111655233956E1,
-1.734053392285E0));
#3073=CARTESIAN_POINT('',(-2.360482570867E0,1.107559874786E1,
-1.977823796272E0));
#3074=CARTESIAN_POINT('',(-2.136314244106E0,1.103522572843E1,
-2.190735360592E0));
#3075=CARTESIAN_POINT('',(-1.910070138175E0,1.099861429771E1,
-2.366805798638E0));
#3076=CARTESIAN_POINT('',(-1.685970110324E0,1.096640248240E1,
-2.511258489413E0));
#3077=CARTESIAN_POINT('',(-1.466557758845E0,1.093875647287E1,
-2.628696503188E0));
#3078=CARTESIAN_POINT('',(-1.248321186125E0,1.091504902152E1,
-2.725235925803E0));
#3079=CARTESIAN_POINT('',(-1.026341372174E0,1.089481654115E1,
-2.804869552393E0));
#3080=CARTESIAN_POINT('',(-7.971570408228E-1,1.087805344330E1,
-2.869072463072E0));
#3081=CARTESIAN_POINT('',(-5.595579145622E-1,1.086509320814E1,
-2.917674592624E0));
#3082=CARTESIAN_POINT('',(-3.930880727663E-1,1.085924937011E1,
-2.939263032601E0));
#3083=CARTESIAN_POINT('',(-3.08E-1,1.08571528E1,-2.946987118644E0));
#3085=CARTESIAN_POINT('',(-3.08E-1,1.25E1,0.E0));
#3086=DIRECTION('',(1.E0,0.E0,0.E0));
#3087=DIRECTION('',(0.E0,-4.869180032328E-1,-8.734476848259E-1));
#3088=AXIS2_PLACEMENT_3D('',#3085,#3086,#3087);
#3090=CARTESIAN_POINT('',(-3.08E-1,1.25E1,0.E0));
#3091=DIRECTION('',(1.E0,0.E0,0.E0));
#3092=DIRECTION('',(0.E0,0.E0,-1.E0));
#3093=AXIS2_PLACEMENT_3D('',#3090,#3091,#3092);
#3095=CARTESIAN_POINT('',(-3.08E-1,1.33571528E1,-3.263275820009E0));
#3096=CARTESIAN_POINT('',(-3.673226074438E-1,1.335861450905E1,
-3.257292791858E0));
#3097=CARTESIAN_POINT('',(-4.817839751644E-1,1.336228600709E1,
-3.242229284326E0));
#3098=CARTESIAN_POINT('',(-6.386067603676E-1,1.336936281532E1,
-3.212943853738E0));
#3099=CARTESIAN_POINT('',(-7.883833083346E-1,1.337792898331E1,
-3.177114135279E0));
#3100=CARTESIAN_POINT('',(-9.356960932122E-1,1.338808691856E1,
-3.134072391405E0));
#3101=CARTESIAN_POINT('',(-1.086396609530E0,1.340025297287E1,
-3.081702292395E0));
#3102=CARTESIAN_POINT('',(-1.244935115371E0,1.341499407510E1,
-3.016992973621E0));
#3103=CARTESIAN_POINT('',(-1.416621553468E0,1.343319801094E1,
-2.935075301040E0));
#3104=CARTESIAN_POINT('',(-1.606471773774E0,1.345606000722E1,
-2.828779564831E0));
#3105=CARTESIAN_POINT('',(-1.813612207535E0,1.348431586675E1,
-2.691446740639E0));
#3106=CARTESIAN_POINT('',(-2.033721103431E0,1.351811408533E1,
-2.517207802219E0));
#3107=CARTESIAN_POINT('',(-2.263779480837E0,1.355764181589E1,
-2.296343104023E0));
#3108=CARTESIAN_POINT('',(-2.487111490173E0,1.360017764069E1,
-2.031069736874E0));
#3109=CARTESIAN_POINT('',(-2.686973643924E0,1.364170461727E1,
-1.731772702712E0));
#3110=CARTESIAN_POINT('',(-2.852526911154E0,1.367854477880E1,
-1.412829600572E0));
#3111=CARTESIAN_POINT('',(-2.983541484641E0,1.370925020300E1,
-1.076447425804E0));
#3112=CARTESIAN_POINT('',(-3.078680866938E0,1.373241436945E1,
-7.252213505825E-1));
#3113=CARTESIAN_POINT('',(-3.136176791923E0,1.374676604202E1,
-3.644139672538E-1));
#3114=CARTESIAN_POINT('',(-3.148975071353E0,1.375E1,-1.219982602470E-1));
#3115=CARTESIAN_POINT('',(-3.148975071353E0,1.375E1,0.E0));
#3117=CARTESIAN_POINT('',(0.E0,1.25E1,0.E0));
#3118=DIRECTION('',(0.E0,0.E0,1.E0));
#3119=DIRECTION('',(-9.294495488054E-1,3.689492325856E-1,0.E0));
#3120=AXIS2_PLACEMENT_3D('',#3117,#3118,#3119);
#3122=CARTESIAN_POINT('',(-3.08E-1,0.E0,0.E0));
#3123=DIRECTION('',(1.E0,0.E0,0.E0));
#3124=DIRECTION('',(0.E0,8.967102503580E-1,-4.426180372544E-1));
#3125=AXIS2_PLACEMENT_3D('',#3122,#3123,#3124);
#3127=CARTESIAN_POINT('',(-3.08E-1,0.E0,0.E0));
#3128=DIRECTION('',(-1.E0,0.E0,0.E0));
#3129=DIRECTION('',(0.E0,9.650802488889E-1,-2.619544105461E-1));
#3130=AXIS2_PLACEMENT_3D('',#3127,#3128,#3129);
#3132=CARTESIAN_POINT('',(-3.148975071352E0,1.053311109289E1,
-8.838329633191E0));
#3133=CARTESIAN_POINT('',(-3.148975071352E0,1.061154757758E1,
-8.744852670763E0));
#3134=CARTESIAN_POINT('',(-3.136168011256E0,1.076494121669E1,
-8.557010688219E0));
#3135=CARTESIAN_POINT('',(-3.078645149865E0,1.098593440862E1,
-8.271303509586E0));
#3136=CARTESIAN_POINT('',(-2.983364830344E0,1.119415197812E1,
-7.987069935835E0));
#3137=CARTESIAN_POINT('',(-2.852306884779E0,1.138677598673E1,
-7.709729811157E0));
#3138=CARTESIAN_POINT('',(-2.686765852077E0,1.156354528176E1,
-7.441754789836E0));
#3139=CARTESIAN_POINT('',(-2.485893989426E0,1.172480382478E1,
-7.184657292787E0));
#3140=CARTESIAN_POINT('',(-2.261102558288E0,1.186338310871E1,
-6.952938583752E0));
#3141=CARTESIAN_POINT('',(-2.026804723859E0,1.197668102638E1,
-6.755396896244E0));
#3142=CARTESIAN_POINT('',(-1.800534818331E0,1.206434946511E1,
-6.597149093498E0));
#3143=CARTESIAN_POINT('',(-1.588344226293E0,1.213162744062E1,
-6.472348657441E0));
#3144=CARTESIAN_POINT('',(-1.391274621718E0,1.218332323959E1,
-6.374341061212E0));
#3145=CARTESIAN_POINT('',(-1.213215036830E0,1.222231548493E1,
-6.299151084639E0));
#3146=CARTESIAN_POINT('',(-1.051470292033E0,1.225211343972E1,
-6.240938610812E0));
#3147=CARTESIAN_POINT('',(-9.014484777174E-1,1.227535614604E1,
-6.195064654334E0));
#3148=CARTESIAN_POINT('',(-7.577834363783E-1,1.229391725633E1,
-6.158129429948E0));
#3149=CARTESIAN_POINT('',(-6.146610251206E-1,1.230898732734E1,
-6.127938948021E0));
#3150=CARTESIAN_POINT('',(-4.676781373272E-1,1.232108173565E1,
-6.103575792582E0));
#3151=CARTESIAN_POINT('',(-3.622202002828E-1,1.232727433369E1,
-6.091045820746E0));
#3152=CARTESIAN_POINT('',(-3.08E-1,1.232976594242E1,-6.085998012248E0));
#3154=CARTESIAN_POINT('',(-3.08E-1,9.575555538987E0,-8.034845121082E0));
#3155=DIRECTION('',(1.E0,0.E0,0.E0));
#3156=DIRECTION('',(0.E0,8.163112370545E-1,5.776122957993E-1));
#3157=AXIS2_PLACEMENT_3D('',#3154,#3155,#3156);
#3159=CARTESIAN_POINT('',(-3.08E-1,9.575555538987E0,-8.034845121082E0));
#3160=DIRECTION('',(1.E0,0.E0,0.E0));
#3161=DIRECTION('',(0.E0,6.427876096865E-1,7.660444431190E-1));
#3162=AXIS2_PLACEMENT_3D('',#3159,#3160,#3161);
#3164=CARTESIAN_POINT('',(-3.08E-1,1.021134837630E1,-4.721320190134E0));
#3165=CARTESIAN_POINT('',(-4.277019507658E-1,1.020662310065E1,
-4.731540093447E0));
#3166=CARTESIAN_POINT('',(-6.808989349316E-1,1.019075592467E1,
-4.765740624488E0));
#3167=CARTESIAN_POINT('',(-1.090296657893E0,1.014393686811E1,
-4.865400057873E0));
#3168=CARTESIAN_POINT('',(-1.558751477024E0,1.005257309132E1,
-5.052173058972E0));
#3169=CARTESIAN_POINT('',(-1.917951144434E0,9.948030149237E0,
-5.255555138273E0));
#3170=CARTESIAN_POINT('',(-2.300348494605E0,9.795664490917E0,
-5.536959985321E0));
#3171=CARTESIAN_POINT('',(-2.658671165646E0,9.574900591877E0,
-5.911824487860E0));
#3172=CARTESIAN_POINT('',(-2.912624303172E0,9.329070487438E0,
-6.293840664888E0));
#3173=CARTESIAN_POINT('',(-3.100159825260E0,9.012164080914E0,
-6.742243675687E0));
#3174=CARTESIAN_POINT('',(-3.148975071353E0,8.758023039554E0,
-7.064487630768E0));
#3175=CARTESIAN_POINT('',(-3.148975071353E0,8.617999985089E0,
-7.231360608974E0));
#3177=CARTESIAN_POINT('',(0.E0,9.575555538987E0,-8.034845121082E0));
#3178=DIRECTION('',(0.E0,6.427876096865E-1,7.660444431190E-1));
#3179=DIRECTION('',(-1.E0,0.E0,0.E0));
#3180=AXIS2_PLACEMENT_3D('',#3177,#3178,#3179);
#3182=CARTESIAN_POINT('',(-3.148975071353E0,8.617999985089E0,
-7.231360608974E0));
#3183=CARTESIAN_POINT('',(-3.148975071353E0,8.552518491189E0,
-7.309398414577E0));
#3184=CARTESIAN_POINT('',(-3.138047219712E0,8.420069519847E0,
-7.462951016155E0));
#3185=CARTESIAN_POINT('',(-3.088930198765E0,8.216463889361E0,
-7.686499439790E0));
#3186=CARTESIAN_POINT('',(-3.007207291100E0,8.010554572321E0,
-7.900780069645E0));
#3187=CARTESIAN_POINT('',(-2.892795574539E0,7.804030976230E0,
-8.104742859812E0));
#3188=CARTESIAN_POINT('',(-2.745798593613E0,7.599603753218E0,
-8.296596487160E0));
#3189=CARTESIAN_POINT('',(-2.567551417350E0,7.401145111267E0,
-8.473944071534E0));
#3190=CARTESIAN_POINT('',(-2.360482570867E0,7.213080244627E0,
-8.634358573587E0));
#3191=CARTESIAN_POINT('',(-2.136314244105E0,7.045295801937E0,
-8.771507017656E0));
#3192=CARTESIAN_POINT('',(-1.910070138175E0,6.904073922870E0,
-8.882851424278E0));
#3193=CARTESIAN_POINT('',(-1.685970110323E0,6.786545840931E0,
-8.972803249571E0));
#3194=CARTESIAN_POINT('',(-1.466557758844E0,6.689880068801E0,
-9.044995475057E0));
#3195=CARTESIAN_POINT('',(-1.248321186123E0,6.609664762730E0,
-9.103710107307E0));
#3196=CARTESIAN_POINT('',(-1.026341372173E0,6.542978275085E0,
-9.151707816745E0));
#3197=CARTESIAN_POINT('',(-7.971570408222E-1,6.488868161632E0,
-9.190114988102E0));
#3198=CARTESIAN_POINT('',(-5.595579145621E-1,6.447699198826E0,
-9.219015700789E0));
#3199=CARTESIAN_POINT('',(-3.930880727663E-1,6.429345777453E0,
-9.231797058594E0));
#3200=CARTESIAN_POINT('',(-3.08E-1,6.422774764763E0,-9.236366402494E0));
#3202=CARTESIAN_POINT('',(-3.08E-1,9.575555538987E0,-8.034845121082E0));
#3203=DIRECTION('',(1.E0,0.E0,0.E0));
#3204=DIRECTION('',(0.E0,-9.344421801466E-1,-3.561148859047E-1));
#3205=AXIS2_PLACEMENT_3D('',#3202,#3203,#3204);
#3207=CARTESIAN_POINT('',(-3.08E-1,9.575555538987E0,-8.034845121082E0));
#3208=DIRECTION('',(1.E0,0.E0,0.E0));
#3209=DIRECTION('',(0.E0,-6.427876096861E-1,-7.660444431193E-1));
#3210=AXIS2_PLACEMENT_3D('',#3207,#3208,#3209);
#3212=CARTESIAN_POINT('',(-3.08E-1,8.134579414240E0,-1.108562662881E1));
#3213=CARTESIAN_POINT('',(-3.673226074435E-1,8.139544964697E0,
-1.108198293181E1));
#3214=CARTESIAN_POINT('',(-4.817839751636E-1,8.152040131374E0,
-1.107280360902E1));
#3215=CARTESIAN_POINT('',(-6.386067603658E-1,8.176285592914E0,
-1.105491855230E1));
#3216=CARTESIAN_POINT('',(-7.883833083318E-1,8.205878557384E0,
-1.103297762222E1));
#3217=CARTESIAN_POINT('',(-9.356960932088E-1,8.241326686897E0,
-1.100653512842E1));
#3218=CARTESIAN_POINT('',(-1.086396609526E0,8.284309275963E0,
-1.097423749407E1));
#3219=CARTESIAN_POINT('',(-1.244935115367E0,8.337195963747E0,
-1.093414267787E1));
#3220=CARTESIAN_POINT('',(-1.416621553464E0,8.403796652593E0,
-1.088309136440E1));
#3221=CARTESIAN_POINT('',(-1.606471773772E0,8.48963554E0,-1.081635951429E1));
#3222=CARTESIAN_POINT('',(-1.813612207534E0,8.599556621968E0,
-1.072931898386E1));
#3223=CARTESIAN_POINT('',(-2.033721103431E0,8.737446190243E0,
-1.061756928944E1));
#3224=CARTESIAN_POINT('',(-2.263779480839E0,8.909695280009E0,
-1.047378505015E1));
#3225=CARTESIAN_POINT('',(-2.487111490175E0,9.112794045810E0,
-1.029791536249E1));
#3226=CARTESIAN_POINT('',(-2.686973643926E0,9.336989980638E0,
-1.009533355864E1));
#3227=CARTESIAN_POINT('',(-2.852526911156E0,9.570223855909E0,
-9.874689366945E0));
#3228=CARTESIAN_POINT('',(-2.983541484642E0,9.809967869550E0,
-9.636742737424E0));
#3229=CARTESIAN_POINT('',(-3.078680866939E0,1.005347641989E1,
-9.382577593408E0));
#3230=CARTESIAN_POINT('',(-3.136176791924E0,1.029639295440E1,
-9.115408179680E0));
#3231=CARTESIAN_POINT('',(-3.148975071352E0,1.045469212280E1,
-8.931785722523E0));
#3232=CARTESIAN_POINT('',(-3.148975071352E0,1.053311109289E1,
-8.838329633191E0));
#3234=CARTESIAN_POINT('',(0.E0,9.575555538987E0,-8.034845121082E0));
#3235=DIRECTION('',(0.E0,6.427876096865E-1,7.660444431190E-1));
#3236=DIRECTION('',(-9.294495488051E-1,2.826315094158E-1,-2.371559953099E-1));
#3237=AXIS2_PLACEMENT_3D('',#3234,#3235,#3236);
#3239=CARTESIAN_POINT('',(-3.08E-1,0.E0,0.E0));
#3240=DIRECTION('',(1.E0,0.E0,0.E0));
#3241=DIRECTION('',(0.E0,4.024105142037E-1,-9.154593262720E-1));
#3242=AXIS2_PLACEMENT_3D('',#3239,#3240,#3241);
#3244=CARTESIAN_POINT('',(-3.08E-1,0.E0,0.E0));
#3245=DIRECTION('',(-1.E0,0.E0,0.E0));
#3246=DIRECTION('',(0.E0,5.709133124234E-1,-8.210103468884E-1));
#3247=AXIS2_PLACEMENT_3D('',#3244,#3245,#3246);
#3249=CARTESIAN_POINT('',(-3.148975071352E0,2.387662442921E0,
-1.354110660392E1));
#3250=CARTESIAN_POINT('',(-3.148975071352E0,2.507834109399E0,
-1.351991709680E1));
#3251=CARTESIAN_POINT('',(-3.136168011255E0,2.746082953200E0,
-1.347462132051E1));
#3252=CARTESIAN_POINT('',(-3.078645149865E0,3.099022594269E0,
-1.339780860956E1));
#3253=CARTESIAN_POINT('',(-2.983364830344E0,3.441228325809E0,
-1.331391273363E1));
#3254=CARTESIAN_POINT('',(-2.852306884780E0,3.767057673026E0,
-1.322527419833E1));
#3255=CARTESIAN_POINT('',(-2.686765852080E0,4.074721832612E0,
-1.313361853498E1));
#3256=CARTESIAN_POINT('',(-2.485893989429E0,4.363512128985E0,
-1.304032541943E1));
#3257=CARTESIAN_POINT('',(-2.261102558289E0,4.618615934471E0,
-1.295189563667E1));
#3258=CARTESIAN_POINT('',(-2.026804723859E0,4.832384523848E0,
-1.287339642236E1));
#3259=CARTESIAN_POINT('',(-1.800534818328E0,5.001262171039E0,
-1.280852375860E1));
#3260=CARTESIAN_POINT('',(-1.588344226290E0,5.133020264306E0,
-1.275616652713E1));
#3261=CARTESIAN_POINT('',(-1.391274621714E0,5.235619612349E0,
-1.271431777170E1));
#3262=CARTESIAN_POINT('',(-1.213215036825E0,5.313820590529E0,
-1.268178264015E1));
#3263=CARTESIAN_POINT('',(-1.051470292028E0,5.374065405118E0,
-1.265634305418E1));
#3264=CARTESIAN_POINT('',(-9.014484777127E-1,5.421357561969E0,
-1.263614168838E1));
#3265=CARTESIAN_POINT('',(-7.577834363743E-1,5.459317701961E0,
-1.261977851670E1));
#3266=CARTESIAN_POINT('',(-6.146610251175E-1,5.490268113827E0,
-1.260633812071E1));
#3267=CARTESIAN_POINT('',(-4.676781373253E-1,5.515193302557E0,
-1.259544899668E1));
#3268=CARTESIAN_POINT('',(-3.622202002821E-1,5.527991218519E0,
-1.258983100667E1));
#3269=CARTESIAN_POINT('',(-3.08E-1,5.533144570301E0,-1.258756573624E1));
#3271=CARTESIAN_POINT('',(-3.08E-1,2.170602220837E0,-1.231009691265E1));
#3272=DIRECTION('',(1.E0,0.E0,0.E0));
#3273=DIRECTION('',(0.E0,9.966127139435E-1,-8.223805935303E-2));
#3274=AXIS2_PLACEMENT_3D('',#3271,#3272,#3273);
#3276=CARTESIAN_POINT('',(-3.08E-1,2.170602220837E0,-1.231009691265E1));
#3277=DIRECTION('',(1.E0,0.E0,0.E0));
#3278=DIRECTION('',(0.E0,9.848077530123E-1,1.736481776665E-1));
#3279=AXIS2_PLACEMENT_3D('',#3276,#3277,#3278);
#3281=CARTESIAN_POINT('',(-3.08E-1,4.787540560840E0,-1.018046931032E1));
#3282=CARTESIAN_POINT('',(-4.277019507754E-1,4.777351562462E0,
-1.018526086182E1));
#3283=CARTESIAN_POINT('',(-6.808989349559E-1,4.743212922873E0,
-1.020126076445E1));
#3284=CARTESIAN_POINT('',(-1.090296657931E0,4.643287595786E0,
-1.024750961015E1));
#3285=CARTESIAN_POINT('',(-1.558751477052E0,4.453243511341E0,
-1.033185852607E1));
#3286=CARTESIAN_POINT('',(-1.917951144457E0,4.242427490882E0,
-1.042045932990E1));
#3287=CARTESIAN_POINT('',(-2.300348494615E0,3.944825076020E0,
-1.053808919194E1));
#3288=CARTESIAN_POINT('',(-2.658671165649E0,3.534751860384E0,
-1.068334776206E1));
#3289=CARTESIAN_POINT('',(-2.912624303170E0,3.100879809642E0,
-1.081797258643E1));
#3290=CARTESIAN_POINT('',(-3.100159825258E0,2.569887518450E0,
-1.095776570958E1));
#3291=CARTESIAN_POINT('',(-3.148975071354E0,2.168069764322E0,
-1.104126018821E1));
#3292=CARTESIAN_POINT('',(-3.148975071354E0,1.953541998754E0,
-1.107908722139E1));
#3294=CARTESIAN_POINT('',(0.E0,2.170602220837E0,-1.231009691265E1));
#3295=DIRECTION('',(0.E0,9.848077530122E-1,1.736481776669E-1));
#3296=DIRECTION('',(-1.E0,0.E0,0.E0));
#3297=AXIS2_PLACEMENT_3D('',#3294,#3295,#3296);
#3299=CARTESIAN_POINT('',(-3.148975071354E0,1.953541998754E0,
-1.107908722139E1));
#3300=CARTESIAN_POINT('',(-3.148975071354E0,1.785912824710E0,
-1.110864476753E1));
#3301=CARTESIAN_POINT('',(-3.120090086320E0,1.450157000493E0,
-1.116037584477E1));
#3302=CARTESIAN_POINT('',(-2.967867782658E0,9.159882514101E-1,
-1.121654232436E1));
#3303=CARTESIAN_POINT('',(-2.729609505446E0,4.419816987675E-1,
-1.124439839932E1));
#3304=CARTESIAN_POINT('',(-2.505314291539E0,1.420194964021E-1,-1.125E1));
#3305=CARTESIAN_POINT('',(-2.375547207420E0,-2.029184622218E-13,-1.125E1));
#3307=CARTESIAN_POINT('',(-2.375547207420E0,-2.029184622218E-13,-1.125E1));
#3308=CARTESIAN_POINT('',(-2.243853178174E0,-1.441283807812E-1,-1.125E1));
#3309=CARTESIAN_POINT('',(-1.967731816409E0,-3.902649565784E-1,
-1.124460771973E1));
#3310=CARTESIAN_POINT('',(-1.561987297282E0,-6.490647600459E-1,
-1.123198745787E1));
#3311=CARTESIAN_POINT('',(-1.127229016343E0,-8.446711586453E-1,
-1.121862839830E1));
#3312=CARTESIAN_POINT('',(-6.873211334072E-1,-9.682691420125E-1,
-1.120835465541E1));
#3313=CARTESIAN_POINT('',(-4.303478096468E-1,-1.005429773943E0,
-1.120498743465E1));
#3314=CARTESIAN_POINT('',(-3.08E-1,-1.016890964097E0,-1.120394719584E1));
#3316=CARTESIAN_POINT('',(-3.08E-1,2.170602220837E0,-1.231009691265E1));
#3317=DIRECTION('',(1.E0,0.E0,0.E0));
#3318=DIRECTION('',(0.E0,-9.447304758020E-1,3.278480259067E-1));
#3319=AXIS2_PLACEMENT_3D('',#3316,#3317,#3318);
#3321=CARTESIAN_POINT('',(-3.08E-1,2.170602220837E0,-1.231009691265E1));
#3322=DIRECTION('',(1.E0,0.E0,0.E0));
#3323=DIRECTION('',(0.E0,-9.848077530120E-1,-1.736481776680E-1));
#3324=AXIS2_PLACEMENT_3D('',#3321,#3322,#3323);
#3326=CARTESIAN_POINT('',(-3.079999999999E-1,-8.942540852217E-1,
-1.372088953498E1));
#3327=CARTESIAN_POINT('',(-3.546243386826E-1,-8.894236988177E-1,
-1.372120435369E1));
#3328=CARTESIAN_POINT('',(-4.464539676470E-1,-8.776742640232E-1,
-1.372196501009E1));
#3329=CARTESIAN_POINT('',(-5.779817441069E-1,-8.547753783121E-1,
-1.372341350281E1));
#3330=CARTESIAN_POINT('',(-7.094099925481E-1,-8.259002343994E-1,
-1.372518611489E1));
#3331=CARTESIAN_POINT('',(-8.446845233167E-1,-7.897102891803E-1,
-1.372732313512E1));
#3332=CARTESIAN_POINT('',(-9.878654812701E-1,-7.440347115555E-1,
-1.372988667680E1));
#3333=CARTESIAN_POINT('',(-1.144267992872E0,-6.851251696011E-1,
-1.373297494835E1));
#3334=CARTESIAN_POINT('',(-1.318764376410E0,-6.075459027688E-1,
-1.373666540053E1));
#3335=CARTESIAN_POINT('',(-1.510302125062E0,-5.067140160848E-1,
-1.374081571024E1));
#3336=CARTESIAN_POINT('',(-1.715861402369E0,-3.783516624537E-1,
-1.374504319744E1));
#3337=CARTESIAN_POINT('',(-1.934944212433E0,-2.154084848063E-1,
-1.374871751023E1));
#3338=CARTESIAN_POINT('',(-2.088959655798E0,-7.739066270038E-2,-1.375E1));
#3339=CARTESIAN_POINT('',(-2.166496964675E0,2.708327730148E-13,-1.375E1));
#3341=CARTESIAN_POINT('',(-2.166496964675E0,2.708327730148E-13,-1.375E1));
#3342=CARTESIAN_POINT('',(-2.325539767806E0,1.587420057573E-1,-1.375E1));
#3343=CARTESIAN_POINT('',(-2.604329267273E0,5.013174590792E-1,
-1.374463928116E1));
#3344=CARTESIAN_POINT('',(-2.917963787205E0,1.097259805979E0,
-1.371087553693E1));
#3345=CARTESIAN_POINT('',(-3.105946044691E0,1.731740217108E0,
-1.364565838997E1));
#3346=CARTESIAN_POINT('',(-3.148975071352E0,2.166571108687E0,
-1.358009097134E1));
#3347=CARTESIAN_POINT('',(-3.148975071352E0,2.387662442921E0,
-1.354110660392E1));
#3349=CARTESIAN_POINT('',(0.E0,2.170602220837E0,-1.231009691265E1));
#3350=DIRECTION('',(0.E0,9.848077530122E-1,1.736481776669E-1));
#3351=DIRECTION('',(-9.294495488049E-1,6.406736189029E-2,-3.633440647193E-1));
#3352=AXIS2_PLACEMENT_3D('',#3349,#3350,#3351);
#3354=CARTESIAN_POINT('',(-3.08E-1,0.E0,0.E0));
#3355=DIRECTION('',(1.E0,0.E0,0.E0));
#3356=DIRECTION('',(0.E0,-2.801815738410E-1,-9.599470223299E-1));
#3357=AXIS2_PLACEMENT_3D('',#3354,#3355,#3356);
#3359=CARTESIAN_POINT('',(-3.08E-1,0.E0,0.E0));
#3360=DIRECTION('',(-1.E0,0.E0,0.E0));
#3361=DIRECTION('',(0.E0,-9.039030791971E-2,-9.959064174079E-1));
#3362=AXIS2_PLACEMENT_3D('',#3359,#3360,#3361);
#3364=CARTESIAN_POINT('',(-3.148975071353E0,-6.874999999999E0,
-1.190784930204E1));
#3365=CARTESIAN_POINT('',(-3.148975071353E0,-6.769322810042E0,
-1.196886205611E1));
#3366=CARTESIAN_POINT('',(-3.136168011258E0,-6.557698043397E0,
-1.208730688320E1));
#3367=CARTESIAN_POINT('',(-3.078645149867E0,-6.237956333731E0,
-1.225533016106E1));
#3368=CARTESIAN_POINT('',(-2.983364830345E0,-5.921884305132E0,
-1.241102779571E1));
#3369=CARTESIAN_POINT('',(-2.852306884780E0,-5.615308792057E0,
-1.255256580556E1));
#3370=CARTESIAN_POINT('',(-2.686765852077E0,-5.320709247494E0,
-1.268011620369E1));
#3371=CARTESIAN_POINT('',(-2.485893989426E0,-5.039515386991E0,
-1.279428035525E1));
#3372=CARTESIAN_POINT('',(-2.261102558291E0,-4.787252965703E0,
-1.289051677691E1));
#3373=CARTESIAN_POINT('',(-2.026804723863E0,-4.573038403366E0,
-1.296779069058E1));
#3374=CARTESIAN_POINT('',(-1.800534818337E0,-4.401971275701E0,
-1.302664780617E1));
#3375=CARTESIAN_POINT('',(-1.588344226299E0,-4.267384140847E0,
-1.307123230977E1));
#3376=CARTESIAN_POINT('',(-1.391274621725E0,-4.161888618944E0,
-1.310512389291E1));
#3377=CARTESIAN_POINT('',(-1.213215036838E0,-4.081070014719E0,
-1.313046715602E1));
#3378=CARTESIAN_POINT('',(-1.051470292041E0,-4.018567558624E0,
-1.314970392292E1));
#3379=CARTESIAN_POINT('',(-9.014484777245E-1,-3.969354477026E0,
-1.316462759136E1));
#3380=CARTESIAN_POINT('',(-7.577834363844E-1,-3.929757278713E0,
-1.317649298227E1));
#3381=CARTESIAN_POINT('',(-6.146610251253E-1,-3.897408567677E0,
-1.318609158287E1));
#3382=CARTESIAN_POINT('',(-4.676781373303E-1,-3.871315371348E0,
-1.319377163240E1));
#3383=CARTESIAN_POINT('',(-3.622202002836E-1,-3.857900424575E0,
-1.319769434419E1));
#3384=CARTESIAN_POINT('',(-3.08E-1,-3.852496640315E0,-1.319927155703E1));
#3386=CARTESIAN_POINT('',(-3.08E-1,-6.25E0,-1.082531754731E1));
#3387=DIRECTION('',(1.E0,0.E0,0.E0));
#3388=DIRECTION('',(0.E0,7.105880258630E-1,-7.036083125576E-1));
#3389=AXIS2_PLACEMENT_3D('',#3386,#3387,#3388);
#3391=CARTESIAN_POINT('',(-3.08E-1,-6.25E0,-1.082531754731E1));
#3392=DIRECTION('',(1.E0,0.E0,0.E0));
#3393=DIRECTION('',(0.E0,8.660254037848E-1,-4.999999999994E-1));
#3394=AXIS2_PLACEMENT_3D('',#3391,#3392,#3393);
#3396=CARTESIAN_POINT('',(-3.08E-1,-2.876410690629E0,-1.087606369689E1));
#3397=CARTESIAN_POINT('',(-4.277019507669E-1,-2.887295866153E0,
-1.087318487638E1));
#3398=CARTESIAN_POINT('',(-6.808989349348E-1,-2.923732120472E0,
-1.086349761835E1));
#3399=CARTESIAN_POINT('',(-1.090296657902E0,-3.030007546986E0,
-1.083469552745E1));
#3400=CARTESIAN_POINT('',(-1.558751477034E0,-3.229808199869E0,
-1.077715256300E1));
#3401=CARTESIAN_POINT('',(-1.917951144447E0,-3.448254139773E0,
-1.070951479055E1));
#3402=CARTESIAN_POINT('',(-2.300348494618E0,-3.751841833788E0,
-1.060832934782E1));
#3403=CARTESIAN_POINT('',(-2.658671165658E0,-4.159346550985E0,
-1.045601388620E1));
#3404=CARTESIAN_POINT('',(-2.912624303178E0,-4.578246993547E0,
-1.028025490641E1));
#3405=CARTESIAN_POINT('',(-3.100159825262E0,-5.074867975039E0,
-1.004602738597E1));
#3406=CARTESIAN_POINT('',(-3.148975071352E0,-5.436347449058E0,
-9.851704393645E0));
#3407=CARTESIAN_POINT('',(-3.148975071352E0,-5.624999999999E0,
-9.742785792576E0));
#3409=CARTESIAN_POINT('',(0.E0,-6.25E0,-1.082531754731E1));
#3410=DIRECTION('',(0.E0,8.660254037844E-1,-5.E-1));
#3411=DIRECTION('',(-1.E0,0.E0,0.E0));
#3412=AXIS2_PLACEMENT_3D('',#3409,#3410,#3411);
#3414=CARTESIAN_POINT('',(-3.148975071352E0,-5.624999999999E0,
-9.742785792576E0));
#3415=CARTESIAN_POINT('',(-3.148975071352E0,-5.713222978071E0,
-9.691850232437E0));
#3416=CARTESIAN_POINT('',(-3.138047219710E0,-5.887442293109E0,
-9.588077588020E0));
#3417=CARTESIAN_POINT('',(-3.088930198763E0,-6.142950260575E0,
-9.426383960945E0));
#3418=CARTESIAN_POINT('',(-3.007207291098E0,-6.389731263845E0,
-9.260812309991E0));
#3419=CARTESIAN_POINT('',(-2.892795574537E0,-6.626457847034E0,
-9.092844038205E0));
#3420=CARTESIAN_POINT('',(-2.745798593611E0,-6.850895201431E0,
-8.924837556824E0));
#3421=CARTESIAN_POINT('',(-2.567551417348E0,-7.060010459017E0,
-8.760190032419E0));
#3422=CARTESIAN_POINT('',(-2.360482570864E0,-7.250645025710E0,
-8.602837979636E0));
#3423=CARTESIAN_POINT('',(-2.136314244103E0,-7.414845339455E0,
-8.461418137022E0));
#3424=CARTESIAN_POINT('',(-1.910070138173E0,-7.549021096298E0,
-8.341676488926E0));
#3425=CARTESIAN_POINT('',(-1.685970110321E0,-7.658014888498E0,
-8.241553893176E0));
#3426=CARTESIAN_POINT('',(-1.466557758842E0,-7.745896187036E0,
-8.158892739729E0));
#3427=CARTESIAN_POINT('',(-1.248321186122E0,-7.817648053811E0,
-8.090091773292E0));
#3428=CARTESIAN_POINT('',(-1.026341372172E0,-7.876496557247E0,
-8.032753118015E0));
#3429=CARTESIAN_POINT('',(-7.971570408211E-1,-7.923716359965E0,
-7.986134394086E0));
#3430=CARTESIAN_POINT('',(-5.595579145610E-1,-7.959326921254E0,
-7.950609436422E0));
#3431=CARTESIAN_POINT('',(-3.930880727661E-1,-7.975101139692E0,
-7.934754304250E0));
#3432=CARTESIAN_POINT('',(-3.08E-1,-7.980742109369E0,-7.929076578250E0));
#3434=CARTESIAN_POINT('',(-3.08E-1,-6.25E0,-1.082531754731E1));
#3435=DIRECTION('',(1.E0,0.E0,0.E0));
#3436=DIRECTION('',(0.E0,-5.129688823188E-1,8.584072027730E-1));
#3437=AXIS2_PLACEMENT_3D('',#3434,#3435,#3436);
#3439=CARTESIAN_POINT('',(-3.08E-1,-6.25E0,-1.082531754731E1));
#3440=DIRECTION('',(1.E0,0.E0,0.E0));
#3441=DIRECTION('',(0.E0,-8.660254037841E-1,5.000000000006E-1));
#3442=AXIS2_PLACEMENT_3D('',#3439,#3440,#3441);
#3444=CARTESIAN_POINT('',(-3.080000000001E-1,-9.504656159682E0,
-9.935995737027E0));
#3445=CARTESIAN_POINT('',(-3.673226074439E-1,-9.500205559836E0,
-9.940253128270E0));
#3446=CARTESIAN_POINT('',(-4.817839751640E-1,-9.488995928666E0,
-9.950964492616E0));
#3447=CARTESIAN_POINT('',(-6.386067603670E-1,-9.467172405928E0,
-9.971735903608E0));
#3448=CARTESIAN_POINT('',(-7.883833083333E-1,-9.440426043527E0,
-9.997069281928E0));
#3449=CARTESIAN_POINT('',(-9.356960932104E-1,-9.408229767533E0,
-1.002738718384E1));
#3450=CARTESIAN_POINT('',(-1.086396609527E0,-9.368958958551E0,
-1.006410834545E1));
#3451=CARTESIAN_POINT('',(-1.244935115369E0,-9.320289595745E0,
-1.010922917384E1));
#3452=CARTESIAN_POINT('',(-1.416621553466E0,-9.258448778193E0,
-1.016595308102E1));
#3453=CARTESIAN_POINT('',(-1.606471773773E0,-9.177824968462E0,
-1.023890001869E1));
#3454=CARTESIAN_POINT('',(-1.813612207535E0,-9.073019183700E0,
-1.033203672294E1));
#3455=CARTESIAN_POINT('',(-2.033721103432E0,-8.939022945989E0,
-1.044842630804E1));
#3456=CARTESIAN_POINT('',(-2.263779480839E0,-8.767512371834E0,
-1.059309067596E1));
#3457=CARTESIAN_POINT('',(-2.487111490174E0,-8.559046809333E0,
-1.076256446438E1));
#3458=CARTESIAN_POINT('',(-2.686973643925E0,-8.320611462764E0,
-1.094817639813E1));
#3459=CARTESIAN_POINT('',(-2.852526911156E0,-8.062818714712E0,
-1.113955246496E1));
#3460=CARTESIAN_POINT('',(-2.983541484643E0,-7.786855918082E0,
-1.133433522973E1));
#3461=CARTESIAN_POINT('',(-3.078680866939E0,-7.494267297696E0,
-1.153000902395E1));
#3462=CARTESIAN_POINT('',(-3.136176791925E0,-7.188974774146E0,
-1.172284162865E1));
#3463=CARTESIAN_POINT('',(-3.148975071353E0,-6.980653592591E0,
-1.184685017192E1));
#3464=CARTESIAN_POINT('',(-3.148975071353E0,-6.874999999999E0,
-1.190784930204E1));
#3466=CARTESIAN_POINT('',(0.E0,-6.25E0,-1.082531754731E1));
#3467=DIRECTION('',(0.E0,8.660254037844E-1,-5.E-1));
#3468=DIRECTION('',(-9.294495488054E-1,-1.844746162927E-1,-3.195194081258E-1));
#3469=AXIS2_PLACEMENT_3D('',#3466,#3467,#3468);
#3471=CARTESIAN_POINT('',(-3.08E-1,0.E0,0.E0));
#3472=DIRECTION('',(1.E0,0.E0,0.E0));
#3473=DIRECTION('',(0.E0,-8.316735896145E-1,-5.552648380168E-1));
#3474=AXIS2_PLACEMENT_3D('',#3471,#3472,#3473);
#3476=CARTESIAN_POINT('',(-3.08E-1,0.E0,0.E0));
#3477=DIRECTION('',(-1.E0,0.E0,0.E0));
#3478=DIRECTION('',(0.E0,-7.093992986105E-1,-7.048068069556E-1));
#3479=AXIS2_PLACEMENT_3D('',#3476,#3477,#3478);
#3481=CARTESIAN_POINT('',(-3.148975071351E0,-1.292077353581E1,
-4.702776970729E0));
#3482=CARTESIAN_POINT('',(-3.148975071351E0,-1.287903835403E1,
-4.817443440273E0));
#3483=CARTESIAN_POINT('',(-3.136168011255E0,-1.279305924480E1,
-5.044207219785E0));
#3484=CARTESIAN_POINT('',(-3.078645149865E0,-1.265612616602E1,
-5.378446527376E0));
#3485=CARTESIAN_POINT('',(-2.983364830344E0,-1.251408145530E1,
-5.700885018954E0));
#3486=CARTESIAN_POINT('',(-2.852306884780E0,-1.237020986614E1,
-6.006372366126E0));
#3487=CARTESIAN_POINT('',(-2.686765852079E0,-1.222652133762E1,
-6.293446576896E0));
#3488=CARTESIAN_POINT('',(-2.485893989428E0,-1.208449764543E1,
-6.561649320256E0));
#3489=CARTESIAN_POINT('',(-2.261102558291E0,-1.195311299884E1,
-6.797521855092E0));
#3490=CARTESIAN_POINT('',(-2.026804723861E0,-1.183868583799E1,
-6.994411573746E0));
#3491=CARTESIAN_POINT('',(-1.800534818332E0,-1.174547344008E1,
-7.149458570168E0));
#3492=CARTESIAN_POINT('',(-1.588344226294E0,-1.167103207981E1,
-7.270123224107E0));
#3493=CARTESIAN_POINT('',(-1.391274621718E0,-1.161200291119E1,
-7.363896897396E0));
#3494=CARTESIAN_POINT('',(-1.213215036830E0,-1.156638260404E1,
-7.435260160697E0));
#3495=CARTESIAN_POINT('',(-1.051470292033E0,-1.153086810028E1,
-7.490172183440E0));
#3496=CARTESIAN_POINT('',(-9.014484777173E-1,-1.150276144176E1,
-7.533237935806E0));
#3497=CARTESIAN_POINT('',(-7.577834363781E-1,-1.148005515429E1,
-7.567779941033E0));
#3498=CARTESIAN_POINT('',(-6.146610251203E-1,-1.146144446550E1,
-7.595926246326E0));
#3499=CARTESIAN_POINT('',(-4.676781373271E-1,-1.144639255813E1,
-7.618581888889E0));
#3500=CARTESIAN_POINT('',(-3.622202002827E-1,-1.143863758323E1,
-7.630209822023E0));
#3501=CARTESIAN_POINT('',(-3.08E-1,-1.143551185720E1,-7.634891522730E0));
#3503=CARTESIAN_POINT('',(-3.08E-1,-1.174615775982E1,-4.275251791571E0));
#3504=DIRECTION('',(1.E0,0.E0,0.E0));
#3505=DIRECTION('',(0.E0,9.207130317215E-2,-9.957524165837E-1));
#3506=AXIS2_PLACEMENT_3D('',#3503,#3504,#3505);
#3508=CARTESIAN_POINT('',(-3.08E-1,-1.174615775982E1,-4.275251791571E0));
#3509=DIRECTION('',(1.E0,0.E0,0.E0));
#3510=DIRECTION('',(0.E0,3.420201433253E-1,-9.396926207860E-1));
#3511=AXIS2_PLACEMENT_3D('',#3508,#3509,#3510);
#3513=CARTESIAN_POINT('',(-3.08E-1,-9.194457412206E0,-6.482627005707E0));
#3514=CARTESIAN_POINT('',(-4.277019507760E-1,-9.200945470275E0,
-6.473424845295E0));
#3515=CARTESIAN_POINT('',(-6.808989349577E-1,-9.222630410989E0,
-6.442583202286E0));
#3516=CARTESIAN_POINT('',(-1.090296657937E0,-9.285528483753E0,
-6.352206993221E0));
#3517=CARTESIAN_POINT('',(-1.558751477058E0,-9.401596759053E0,
-6.179697140982E0));
#3518=CARTESIAN_POINT('',(-1.917951144467E0,-9.525459335364E0,
-5.987469257698E0));
#3519=CARTESIAN_POINT('',(-2.300348494627E0,-9.692980252494E0,
-5.714814303406E0));
#3520=CARTESIAN_POINT('',(-2.658671165658E0,-9.907240485147E0,
-5.336194907334E0));
#3521=CARTESIAN_POINT('',(-2.912624303176E0,-1.011516114689E1,
-4.932291703369E0));
#3522=CARTESIAN_POINT('',(-3.100159825260E0,-1.034503634211E1,
-4.433641199303E0));
#3523=CARTESIAN_POINT('',(-3.148975071353E0,-1.049703727274E1,
-4.052426623801E0));
#3524=CARTESIAN_POINT('',(-3.148975071353E0,-1.057154198384E1,
-3.847726612415E0));
#3526=CARTESIAN_POINT('',(0.E0,-1.174615775982E1,-4.275251791571E0));
#3527=DIRECTION('',(0.E0,3.420201433257E-1,-9.396926207859E-1));
#3528=DIRECTION('',(-1.E0,0.E0,0.E0));
#3529=AXIS2_PLACEMENT_3D('',#3526,#3527,#3528);
#3531=CARTESIAN_POINT('',(-3.148975071353E0,-1.057154198384E1,
-3.847726612415E0));
#3532=CARTESIAN_POINT('',(-3.148975071353E0,-1.060638395900E1,
-3.751999072418E0));
#3533=CARTESIAN_POINT('',(-3.138047219713E0,-1.067313992711E1,
-3.560518597740E0));
#3534=CARTESIAN_POINT('',(-3.088930198766E0,-1.076493572571E1,
-3.272416737568E0));
#3535=CARTESIAN_POINT('',(-3.007207291101E0,-1.084755353619E1,
-2.986953723208E0));
#3536=CARTESIAN_POINT('',(-2.892795574539E0,-1.092092869585E1,
-2.706117647428E0));
#3537=CARTESIAN_POINT('',(-2.745798593613E0,-1.098486519944E1,
-2.433151665400E0));
#3538=CARTESIAN_POINT('',(-2.567551417349E0,-1.103922339183E1,
-2.172607647682E0));
#3539=CARTESIAN_POINT('',(-2.360482570866E0,-1.108411399242E1,
-1.929531444587E0));
#3540=CARTESIAN_POINT('',(-2.136314244104E0,-1.111899580773E1,
-1.715651632823E0));
#3541=CARTESIAN_POINT('',(-1.910070138173E0,-1.114481195290E1,
-1.537677694671E0));
#3542=CARTESIAN_POINT('',(-1.685970110321E0,-1.116394847775E1,
-1.390919477406E0));
#3543=CARTESIAN_POINT('',(-1.466557758841E0,-1.117813589292E1,
-1.271108350323E0));
#3544=CARTESIAN_POINT('',(-1.248321186120E0,-1.118887660298E1,
-1.172282541368E0));
#3545=CARTESIAN_POINT('',(-1.026341372170E0,-1.119710059486E1,
-1.090531494259E0));
#3546=CARTESIAN_POINT('',(-7.971570408200E-1,-1.120330712421E1,
-1.024467175730E0));
#3547=CARTESIAN_POINT('',(-5.595579145610E-1,-1.120775139418E1,
-9.743634517488E-1));
#3548=CARTESIAN_POINT('',(-3.930880727659E-1,-1.120964366405E1,
-9.520782436914E-1));
#3549=CARTESIAN_POINT('',(-3.08E-1,-1.121031532560E1,-9.441029078239E-1));
#3551=CARTESIAN_POINT('',(-3.08E-1,-1.174615775982E1,-4.275251791571E0));
#3552=DIRECTION('',(1.E0,0.E0,0.E0));
#3553=DIRECTION('',(0.E0,1.588165522129E-1,9.873081093272E-1));
#3554=AXIS2_PLACEMENT_3D('',#3551,#3552,#3553);
#3556=CARTESIAN_POINT('',(-3.08E-1,-1.174615775982E1,-4.275251791571E0));
#3557=DIRECTION('',(1.E0,0.E0,0.E0));
#3558=DIRECTION('',(0.E0,-3.420201433268E-1,9.396926207855E-1));
#3559=AXIS2_PLACEMENT_3D('',#3556,#3557,#3558);
#3561=CARTESIAN_POINT('',(-3.079999999999E-1,-1.366772398454E1,
-1.501939107429E0));
#3562=CARTESIAN_POINT('',(-3.673226074439E-1,-1.366705122560E1,
-1.508061248771E0));
#3563=CARTESIAN_POINT('',(-4.817839751645E-1,-1.366534928222E1,
-1.523472041932E0));
#3564=CARTESIAN_POINT('',(-6.386067603683E-1,-1.366198309952E1,
-1.553411755914E0));
#3565=CARTESIAN_POINT('',(-7.883833083354E-1,-1.365777817892E1,
-1.590010479957E0));
#3566=CARTESIAN_POINT('',(-9.356960932131E-1,-1.365260237231E1,
-1.633930707532E0));
#3567=CARTESIAN_POINT('',(-1.086396609530E0,-1.364612309500E1,
-1.687303538763E0));
#3568=CARTESIAN_POINT('',(-1.244935115372E0,-1.363784330951E1,
-1.753152162007E0));
#3569=CARTESIAN_POINT('',(-1.416621553468E0,-1.362693191957E1,
-1.836355707190E0));
#3570=CARTESIAN_POINT('',(-1.606471773774E0,-1.361205988584E1,
-1.944060289370E0));
#3571=CARTESIAN_POINT('',(-1.813612207535E0,-1.359164111632E1,
-2.082775003979E0));
#3572=CARTESIAN_POINT('',(-2.033721103430E0,-1.356380782622E1,
-2.258065720230E0));
#3573=CARTESIAN_POINT('',(-2.263779480836E0,-1.352541156722E1,
-2.479129927389E0));
#3574=CARTESIAN_POINT('',(-2.487111490172E0,-1.347465333284E1,
-2.742953461883E0));
#3575=CARTESIAN_POINT('',(-2.686973643922E0,-1.341131031178E1,
-3.038403738791E0));
#3576=CARTESIAN_POINT('',(-2.852526911153E0,-1.333684377421E1,
-3.350712295647E0));
#3577=CARTESIAN_POINT('',(-2.983541484639E0,-1.325064795512E1,
-3.677310016625E0));
#3578=CARTESIAN_POINT('',(-3.078680866936E0,-1.315228875882E1,
-4.015277179269E0));
#3579=CARTESIAN_POINT('',(-3.136176791922E0,-1.304237152667E1,
-4.359233776017E0));
#3580=CARTESIAN_POINT('',(-3.148975071351E0,-1.296249939826E1,
-4.588136105827E0));
#3581=CARTESIAN_POINT('',(-3.148975071351E0,-1.292077353581E1,
-4.702776970729E0));
#3583=CARTESIAN_POINT('',(0.E0,-1.174615775982E1,-4.275251791571E0));
#3584=DIRECTION('',(0.E0,3.420201433257E-1,-9.396926207859E-1));
#3585=DIRECTION('',(-9.294495488047E-1,-3.466988713070E-1,-1.261880694094E-1));
#3586=AXIS2_PLACEMENT_3D('',#3583,#3584,#3585);
#3588=CARTESIAN_POINT('',(-3.08E-1,0.E0,0.E0));
#3589=DIRECTION('',(1.E0,0.E0,0.E0));
#3590=DIRECTION('',(0.E0,-9.940162897847E-1,1.092319350858E-1));
#3591=AXIS2_PLACEMENT_3D('',#3588,#3589,#3590);
#3593=CARTESIAN_POINT('',(-3.08E-1,0.E0,0.E0));
#3594=DIRECTION('',(-1.E0,0.E0,0.E0));
#3595=DIRECTION('',(0.E0,-9.964724733869E-1,-8.392025847320E-2));
#3596=AXIS2_PLACEMENT_3D('',#3593,#3594,#3595);
#3598=CARTESIAN_POINT('',(-3.148975071351E0,-1.292077353581E1,
4.702776970729E0));
#3599=CARTESIAN_POINT('',(-3.148975071351E0,-1.296250871759E1,
4.588110501185E0));
#3600=CARTESIAN_POINT('',(-3.136168011254E0,-1.304240584654E1,
4.359133061884E0));
#3601=CARTESIAN_POINT('',(-3.078645149864E0,-1.315235390805E1,
4.015072011240E0));
#3602=CARTESIAN_POINT('',(-2.983364830343E0,-1.325080081400E1,
3.676765216444E0));
#3603=CARTESIAN_POINT('',(-2.852306884779E0,-1.333695226428E1,
3.350269456805E0));
#3604=CARTESIAN_POINT('',(-2.686765852079E0,-1.341140821121E1,
3.037996647094E0));
#3605=CARTESIAN_POINT('',(-2.485893989428E0,-1.347500915134E1,
2.741250356296E0));
#3606=CARTESIAN_POINT('',(-2.261102558288E0,-1.352597861576E1,
2.476109088763E0));
#3607=CARTESIAN_POINT('',(-2.026804723856E0,-1.356488059667E1,
2.251730452672E0));
#3608=CARTESIAN_POINT('',(-1.800534818324E0,-1.359313804544E1,
2.073041788195E0));
#3609=CARTESIAN_POINT('',(-1.588344226287E0,-1.361367439955E1,
1.932757316535E0));
#3610=CARTESIAN_POINT('',(-1.391274621709E0,-1.362873198825E1,
1.822979297005E0));
#3611=CARTESIAN_POINT('',(-1.213215036821E0,-1.363965622690E1,
1.738987697522E0));
#3612=CARTESIAN_POINT('',(-1.051470292024E0,-1.364774730649E1,
1.674094364662E0));
#3613=CARTESIAN_POINT('',(-9.014484777087E-1,-1.365389848894E1,
1.623037472527E0));
#3614=CARTESIAN_POINT('',(-7.577834363706E-1,-1.365870763657E1,
1.581981441123E0));
#3615=CARTESIAN_POINT('',(-6.146610251145E-1,-1.366254311814E1,
1.548457400193E0));
#3616=CARTESIAN_POINT('',(-4.676781373232E-1,-1.366557545447E1,
1.521426991544E0));
#3617=CARTESIAN_POINT('',(-3.622202002815E-1,-1.366710909039E1,
1.507534676201E0));
#3618=CARTESIAN_POINT('',(-3.08E-1,-1.366772398454E1,1.501939107429E0));
#3620=CARTESIAN_POINT('',(-3.08E-1,-1.174615775982E1,4.275251791571E0));
#3621=DIRECTION('',(1.E0,0.E0,0.E0));
#3622=DIRECTION('',(0.E0,-5.695266055299E-1,-8.219728983328E-1));
#3623=AXIS2_PLACEMENT_3D('',#3620,#3621,#3622);
#3625=CARTESIAN_POINT('',(-3.08E-1,-1.174615775982E1,4.275251791571E0));
#3626=DIRECTION('',(1.E0,0.E0,0.E0));
#3627=DIRECTION('',(0.E0,-3.420201433264E-1,-9.396926207856E-1));
#3628=AXIS2_PLACEMENT_3D('',#3625,#3626,#3627);
#3630=CARTESIAN_POINT('',(-3.08E-1,-1.121031532560E1,9.441029078239E-1));
#3631=CARTESIAN_POINT('',(-4.277019507634E-1,-1.120937043174E1,
9.553226150085E-1));
#3632=CARTESIAN_POINT('',(-6.808989349257E-1,-1.120615743408E1,
9.928874954557E-1));
#3633=CARTESIAN_POINT('',(-1.090296657886E0,-1.119624744581E1,
1.102549790035E0));
#3634=CARTESIAN_POINT('',(-1.558751477021E0,-1.117427370756E1,
1.309307252962E0));
#3635=CARTESIAN_POINT('',(-1.917951144436E0,-1.114559624424E1,
1.536179684118E0));
#3636=CARTESIAN_POINT('',(-2.300348494611E0,-1.109866548558E1,
1.852725866643E0));
#3637=CARTESIAN_POINT('',(-2.658671165655E0,-1.101942648960E1,
2.280488973869E0));
#3638=CARTESIAN_POINT('',(-2.912624303178E0,-1.091907898211E1,
2.723545603999E0));
#3639=CARTESIAN_POINT('',(-3.100159825263E0,-1.077464723244E1,
3.253294978965E0));
#3640=CARTESIAN_POINT('',(-3.148975071353E0,-1.064604669494E1,
3.643026601033E0));
#3641=CARTESIAN_POINT('',(-3.148975071353E0,-1.057154198384E1,
3.847726612415E0));
#3643=CARTESIAN_POINT('',(0.E0,-1.174615775982E1,4.275251791571E0));
#3644=DIRECTION('',(0.E0,-3.420201433257E-1,-9.396926207859E-1));
#3645=DIRECTION('',(-1.E0,0.E0,0.E0));
#3646=AXIS2_PLACEMENT_3D('',#3643,#3644,#3645);
#3648=CARTESIAN_POINT('',(-3.148975071353E0,-1.057154198384E1,
3.847726612415E0));
#3649=CARTESIAN_POINT('',(-3.148975071353E0,-1.053670000868E1,
3.943454152411E0));
#3650=CARTESIAN_POINT('',(-3.138047219713E0,-1.046475677048E1,
4.133046615179E0));
#3651=CARTESIAN_POINT('',(-3.088930198767E0,-1.034988812585E1,
4.412750646177E0));
#3652=CARTESIAN_POINT('',(-3.007207291101E0,-1.022968495182E1,
4.684533706956E0));
#3653=CARTESIAN_POINT('',(-2.892795574540E0,-1.010537563528E1,
4.946831265726E0));
#3654=CARTESIAN_POINT('',(-2.745798593615E0,-9.978894687449E0,
5.197032931730E0));
#3655=CARTESIAN_POINT('',(-2.567551417352E0,-9.853061012302E0,
5.431562001245E0));
#3656=CARTESIAN_POINT('',(-2.360482570868E0,-9.731202835875E0,
5.646624297734E0));
#3657=CARTESIAN_POINT('',(-2.136314244107E0,-9.620444563694E0,
5.832887337714E0));
#3658=CARTESIAN_POINT('',(-1.910070138176E0,-9.525821435953E0,
5.985817582302E0));
#3659=CARTESIAN_POINT('',(-1.685970110324E0,-9.446146500798E0,
6.110541620186E0));
#3660=CARTESIAN_POINT('',(-1.466557758845E0,-9.380001583353E0,
6.211441762992E0));
#3661=CARTESIAN_POINT('',(-1.248321186125E0,-9.324705439101E0,
6.294050720128E0));
#3662=CARTESIAN_POINT('',(-1.026341372174E0,-9.278456822216E0,
6.361961935565E0));
#3663=CARTESIAN_POINT('',(-7.971570408232E-1,-9.240745974147E0,
6.416559619832E0));
#3664=CARTESIAN_POINT('',(-5.595579145630E-1,-9.211944429487E0,
6.457798020840E0));
#3665=CARTESIAN_POINT('',(-3.930880727665E-1,-9.199069336686E0,
6.476085808260E0));
#3666=CARTESIAN_POINT('',(-3.08E-1,-9.194457412206E0,6.482627005707E0));
#3668=CARTESIAN_POINT('',(-3.08E-1,-1.174615775982E1,4.275251791571E0));
#3669=DIRECTION('',(1.E0,0.E0,0.E0));
#3670=DIRECTION('',(0.E0,7.562899569167E-1,6.542365788206E-1));
#3671=AXIS2_PLACEMENT_3D('',#3668,#3669,#3670);
#3673=CARTESIAN_POINT('',(-3.08E-1,-1.174615775982E1,4.275251791571E0));
#3674=DIRECTION('',(1.E0,0.E0,0.E0));
#3675=DIRECTION('',(0.E0,3.420201433252E-1,9.396926207861E-1));
#3676=AXIS2_PLACEMENT_3D('',#3673,#3674,#3675);
#3678=CARTESIAN_POINT('',(-3.079999999999E-1,-1.143551185720E1,
7.634891522730E0));
#3679=CARTESIAN_POINT('',(-3.673226074442E-1,-1.143893173055E1,
7.629769249265E0));
#3680=CARTESIAN_POINT('',(-4.817839751660E-1,-1.144753383318E1,
7.616869908682E0));
#3681=CARTESIAN_POINT('',(-6.386067603701E-1,-1.146420006481E1,
7.591771016625E0));
#3682=CARTESIAN_POINT('',(-7.883833083376E-1,-1.148450411510E1,
7.561031896588E0));
#3683=CARTESIAN_POINT('',(-9.356960932154E-1,-1.150877059531E1,
7.524060105952E0));
#3684=CARTESIAN_POINT('',(-1.086396609533E0,-1.153811457554E1,
7.479009346004E0));
#3685=CARTESIAN_POINT('',(-1.244935115375E0,-1.157409857101E1,
7.423244230552E0));
#3686=CARTESIAN_POINT('',(-1.416621553471E0,-1.161922216931E1,
7.352492910862E0));
#3687=CARTESIAN_POINT('',(-1.606471773776E0,-1.167706070144E1,
7.260426855170E0));
#3688=CARTESIAN_POINT('',(-1.813612207537E0,-1.175058311634E1,
7.141040286810E0));
#3689=CARTESIAN_POINT('',(-2.033721103432E0,-1.184193627963E1,
6.988868913686E0));
#3690=CARTESIAN_POINT('',(-2.263779480838E0,-1.195462037209E1,
6.794843266672E0));
#3691=CARTESIAN_POINT('',(-2.487111490173E0,-1.208531980782E1,
6.560115949964E0));
#3692=CARTESIAN_POINT('',(-2.686973643924E0,-1.222670801580E1,
6.293071798022E0));
#3693=CARTESIAN_POINT('',(-2.852526911154E0,-1.237041140924E1,
6.005963395816E0));
#3694=CARTESIAN_POINT('',(-2.983541484641E0,-1.251431454941E1,
5.700369422007E0));
#3695=CARTESIAN_POINT('',(-3.078680866937E0,-1.265620813828E1,
5.378247482425E0));
#3696=CARTESIAN_POINT('',(-3.136176791922E0,-1.279309769205E1,
5.044108007896E0));
#3697=CARTESIAN_POINT('',(-3.148975071351E0,-1.287904767335E1,
4.817417835632E0));
#3698=CARTESIAN_POINT('',(-3.148975071351E0,-1.292077353581E1,
4.702776970729E0));
#3700=CARTESIAN_POINT('',(0.E0,-1.174615775982E1,4.275251791571E0));
#3701=DIRECTION('',(0.E0,-3.420201433257E-1,-9.396926207859E-1));
#3702=DIRECTION('',(-9.294495488047E-1,-3.466988713070E-1,1.261880694094E-1));
#3703=AXIS2_PLACEMENT_3D('',#3700,#3701,#3702);
#3705=CARTESIAN_POINT('',(-3.08E-1,0.E0,0.E0));
#3706=DIRECTION('',(1.E0,0.E0,0.E0));
#3707=DIRECTION('',(0.E0,-6.912477207041E-1,7.226178717838E-1));
#3708=AXIS2_PLACEMENT_3D('',#3705,#3706,#3707);
#3710=CARTESIAN_POINT('',(-3.08E-1,0.E0,0.E0));
#3711=DIRECTION('',(-1.E0,0.E0,0.E0));
#3712=DIRECTION('',(0.E0,-8.172851033072E-1,5.762335116185E-1));
#3713=AXIS2_PLACEMENT_3D('',#3710,#3711,#3712);
#3715=CARTESIAN_POINT('',(0.E0,2.170602220837E0,-1.231009691265E1));
#3716=DIRECTION('',(0.E0,-9.848077530122E-1,-1.736481776669E-1));
#3717=DIRECTION('',(1.E0,0.E0,0.E0));
#3718=AXIS2_PLACEMENT_3D('',#3715,#3716,#3717);
#3720=CARTESIAN_POINT('',(2.814942272944E0,1.953541998754E0,-1.107908722139E1));
#3721=CARTESIAN_POINT('',(2.814942272944E0,1.780684076663E0,-1.110956673688E1));
#3722=CARTESIAN_POINT('',(2.780638754979E0,1.436579666689E0,-1.116228457317E1));
#3723=CARTESIAN_POINT('',(2.602737053250E0,8.957494959963E-1,
-1.121822772155E1));
#3724=CARTESIAN_POINT('',(2.324166065074E0,4.231149470749E-1,
-1.124501780787E1));
#3725=CARTESIAN_POINT('',(2.062506310163E0,1.335645223074E-1,-1.125E1));
#3726=CARTESIAN_POINT('',(1.910780085380E0,-1.160990216961E-13,-1.125E1));
#3728=CARTESIAN_POINT('',(1.910780085380E0,-1.160990216961E-13,-1.125E1));
#3729=CARTESIAN_POINT('',(1.776894742198E0,-1.178592028611E-1,-1.125E1));
#3730=CARTESIAN_POINT('',(1.504657878977E0,-3.123820074296E-1,
-1.124648331667E1));
#3731=CARTESIAN_POINT('',(1.106958617993E0,-5.068782245049E-1,
-1.123891364555E1));
#3732=CARTESIAN_POINT('',(7.367654633171E-1,-6.283628668594E-1,
-1.123256715572E1));
#3733=CARTESIAN_POINT('',(3.401145623136E-1,-7.020558853206E-1,
-1.122810139802E1));
#3734=CARTESIAN_POINT('',(-4.532998283833E-2,-7.210864717688E-1,
-1.122685932040E1));
#3735=CARTESIAN_POINT('',(-4.408504504691E-1,-6.883069776611E-1,
-1.122896877871E1));
#3736=CARTESIAN_POINT('',(-8.051201354474E-1,-6.086154993073E-1,
-1.123366858229E1));
#3737=CARTESIAN_POINT('',(-1.159376767402E0,-4.842526481731E-1,
-1.123991314110E1));
#3738=CARTESIAN_POINT('',(-1.531733810660E0,-2.941651893743E-1,
-1.124691599314E1));
#3739=CARTESIAN_POINT('',(-1.785820294899E0,-1.100020431351E-1,-1.125E1));
#3740=CARTESIAN_POINT('',(-1.910780085380E0,-9.959370606337E-14,-1.125E1));
#3742=CARTESIAN_POINT('',(-1.910780085380E0,-9.959370606337E-14,-1.125E1));
#3743=CARTESIAN_POINT('',(-2.062601970359E0,1.336487319315E-1,-1.125E1));
#3744=CARTESIAN_POINT('',(-2.324324247262E0,4.236013828574E-1,
-1.124496756936E1));
#3745=CARTESIAN_POINT('',(-2.601893949213E0,8.936906632478E-1,
-1.121841234296E1));
#3746=CARTESIAN_POINT('',(-2.781301909203E0,1.438750296940E0,
-1.116204735199E1));
#3747=CARTESIAN_POINT('',(-2.814942272944E0,1.781597501377E0,
-1.110940567546E1));
#3748=CARTESIAN_POINT('',(-2.814942272944E0,1.953541998754E0,
-1.107908722139E1));
#3750=CARTESIAN_POINT('',(0.E0,2.170602220837E0,-1.231009691265E1));
#3751=DIRECTION('',(0.E0,-1.736481776669E-1,9.848077530122E-1));
#3752=DIRECTION('',(0.E0,-9.848077530122E-1,-1.736481776669E-1));
#3753=AXIS2_PLACEMENT_3D('',#3750,#3751,#3752);
#3755=CARTESIAN_POINT('',(0.E0,2.170602220837E0,-1.231009691265E1));
#3756=DIRECTION('',(0.E0,-1.736481776669E-1,9.848077530122E-1));
#3757=DIRECTION('',(1.E0,0.E0,0.E0));
#3758=AXIS2_PLACEMENT_3D('',#3755,#3756,#3757);
#3760=CARTESIAN_POINT('',(0.E0,2.170602220837E0,-1.231009691265E1));
#3761=DIRECTION('',(0.E0,9.848077530122E-1,1.736481776669E-1));
#3762=DIRECTION('',(-1.E0,0.E0,0.E0));
#3763=AXIS2_PLACEMENT_3D('',#3760,#3761,#3762);
#3765=CARTESIAN_POINT('',(-2.814942272944E0,1.953541998754E0,
-1.107908722139E1));
#3766=CARTESIAN_POINT('',(-2.814942272944E0,2.122280831261E0,
-1.104933401252E1));
#3767=CARTESIAN_POINT('',(-2.782966261171E0,2.466806606457E0,
-1.098117681972E1));
#3768=CARTESIAN_POINT('',(-2.585859304327E0,3.045860458763E0,
-1.083516462067E1));
#3769=CARTESIAN_POINT('',(-2.239432417596E0,3.555936046827E0,
-1.067650964866E1));
#3770=CARTESIAN_POINT('',(-1.842314408947E0,3.926178576538E0,
-1.054458907582E1));
#3771=CARTESIAN_POINT('',(-1.356323967229E0,4.222350835967E0,
-1.042861258045E1));
#3772=CARTESIAN_POINT('',(-8.936597772022E-1,4.392824984212E0,
-1.035714238738E1));
#3773=CARTESIAN_POINT('',(-4.860260522478E-1,4.482491526216E0,
-1.031849113444E1));
#3774=CARTESIAN_POINT('',(-4.600583441258E-2,4.518983940247E0,
-1.030247938534E1));
#3775=CARTESIAN_POINT('',(3.568215022851E-1,4.498019300621E0,
-1.031169722677E1));
#3776=CARTESIAN_POINT('',(7.369178948446E-1,4.431163368008E0,
-1.034068677634E1));
#3777=CARTESIAN_POINT('',(1.091790790467E0,4.325900038494E0,-1.038539196874E1));
#3778=CARTESIAN_POINT('',(1.499624049663E0,4.143245016938E0,-1.046017611668E1));
#3779=CARTESIAN_POINT('',(1.892564013354E0,3.880600529082E0,-1.056106259761E1));
#3780=CARTESIAN_POINT('',(2.249822397732E0,3.539063349722E0,-1.068162409869E1));
#3781=CARTESIAN_POINT('',(2.572346020739E0,3.066236146887E0,-1.082881636755E1));
#3782=CARTESIAN_POINT('',(2.775388734567E0,2.503845793382E0,-1.097289180504E1));
#3783=CARTESIAN_POINT('',(2.814942272944E0,2.138985029223E0,-1.104638861173E1));
#3784=CARTESIAN_POINT('',(2.814942272944E0,1.953541998754E0,-1.107908722139E1));
#3786=CARTESIAN_POINT('',(2.814942272942E0,2.387662442921E0,-1.354110660392E1));
#3787=CARTESIAN_POINT('',(2.814942272942E0,2.498197213547E0,-1.352161634155E1));
#3788=CARTESIAN_POINT('',(2.802830231414E0,2.717310252728E0,-1.348020221173E1));
#3789=CARTESIAN_POINT('',(2.748370808316E0,3.042090926253E0,-1.341060200084E1));
#3790=CARTESIAN_POINT('',(2.658248660752E0,3.356479355052E0,-1.333529084199E1));
#3791=CARTESIAN_POINT('',(2.534498810454E0,3.655076711137E0,-1.325643075989E1));
#3792=CARTESIAN_POINT('',(2.378906885331E0,3.935315445906E0,-1.317583167745E1));
#3793=CARTESIAN_POINT('',(2.190966000433E0,4.197356934933E0,-1.309457533990E1));
#3794=CARTESIAN_POINT('',(1.975015894913E0,4.433600465979E0,-1.301626689008E1));
#3795=CARTESIAN_POINT('',(1.749732963119E0,4.629678678421E0,-1.294759133032E1));
#3796=CARTESIAN_POINT('',(1.526170959850E0,4.786627699477E0,-1.289022131534E1));
#3797=CARTESIAN_POINT('',(1.316704407814E0,4.906300553274E0,-1.284502860170E1));
#3798=CARTESIAN_POINT('',(1.123658146010E0,4.996844123389E0,-1.281001126364E1));
#3799=CARTESIAN_POINT('',(9.461996950266E-1,5.065115844253E0,
-1.278312996858E1));
#3800=CARTESIAN_POINT('',(7.851130951416E-1,5.115661279870E0,
-1.276296258625E1));
#3801=CARTESIAN_POINT('',(6.399578157948E-1,5.152507014909E0,
-1.274811936748E1));
#3802=CARTESIAN_POINT('',(5.058124785218E-1,5.179611211168E0,
-1.273712427443E1));
#3803=CARTESIAN_POINT('',(3.764079881108E-1,5.199596385536E0,
-1.272897500615E1));
#3804=CARTESIAN_POINT('',(2.498007046485E-1,5.213392030591E0,
-1.272332849246E1));
#3805=CARTESIAN_POINT('',(1.236984996545E-1,5.221578949709E0,
-1.271996945054E1));
#3806=CARTESIAN_POINT('',(-3.522531472539E-3,5.224239458644E0,
-1.271887652744E1));
#3807=CARTESIAN_POINT('',(-1.305789289234E-1,5.221271142108E0,
-1.272009584645E1));
#3808=CARTESIAN_POINT('',(-2.565114742415E-1,5.212804679857E0,
-1.272356926171E1));
#3809=CARTESIAN_POINT('',(-3.834029704209E-1,5.198662776185E0,
-1.272935646745E1));
#3810=CARTESIAN_POINT('',(-5.120647316195E-1,5.178481714180E0,
-1.273758368691E1));
#3811=CARTESIAN_POINT('',(-6.463352406413E-1,5.151052753388E0,
-1.274870744469E1));
#3812=CARTESIAN_POINT('',(-7.916285818109E-1,5.113797574716E0,
-1.276370988048E1));
#3813=CARTESIAN_POINT('',(-9.518341260006E-1,5.063113921652E0,
-1.278392291460E1));
#3814=CARTESIAN_POINT('',(-1.128466783875E0,4.994791153509E0,
-1.281081278777E1));
#3815=CARTESIAN_POINT('',(-1.322033105473E0,4.903533872218E0,
-1.284608734053E1));
#3816=CARTESIAN_POINT('',(-1.530314393914E0,4.783899003327E0,
-1.289122964891E1));
#3817=CARTESIAN_POINT('',(-1.752172668334E0,4.627788076083E0,
-1.294827155906E1));
#3818=CARTESIAN_POINT('',(-1.978062402442E0,4.430538739768E0,
-1.301730350931E1));
#3819=CARTESIAN_POINT('',(-2.190925782119E0,4.197196256638E0,
-1.309460946857E1));
#3820=CARTESIAN_POINT('',(-2.378650645630E0,3.935773256511E0,
-1.317569804433E1));
#3821=CARTESIAN_POINT('',(-2.534548346372E0,3.655009472713E0,
-1.325645263488E1));
#3822=CARTESIAN_POINT('',(-2.658324387608E0,3.356253970865E0,
-1.333534703828E1));
#3823=CARTESIAN_POINT('',(-2.748366544691E0,3.042061706982E0,
-1.341060634244E1));
#3824=CARTESIAN_POINT('',(-2.802808337054E0,2.717489950931E0,
-1.348016550666E1));
#3825=CARTESIAN_POINT('',(-2.814942272942E0,2.498283099450E0,
-1.352160119755E1));
#3826=CARTESIAN_POINT('',(-2.814942272942E0,2.387662442921E0,
-1.354110660392E1));
#3828=CARTESIAN_POINT('',(0.E0,2.170602220837E0,-1.231009691265E1));
#3829=DIRECTION('',(0.E0,9.848077530122E-1,1.736481776669E-1));
#3830=DIRECTION('',(-9.139422964094E-1,7.047409807931E-2,-3.996784711912E-1));
#3831=AXIS2_PLACEMENT_3D('',#3828,#3829,#3830);
#3833=CARTESIAN_POINT('',(0.E0,2.170602220837E0,-1.231009691265E1));
#3834=DIRECTION('',(0.E0,1.736481776669E-1,-9.848077530122E-1));
#3835=DIRECTION('',(-1.E0,0.E0,0.E0));
#3836=AXIS2_PLACEMENT_3D('',#3833,#3834,#3835);
#3838=CARTESIAN_POINT('',(0.E0,2.170602220837E0,-1.231009691265E1));
#3839=DIRECTION('',(0.E0,-9.848077530122E-1,-1.736481776669E-1));
#3840=DIRECTION('',(9.139422964094E-1,7.047409807931E-2,-3.996784711912E-1));
#3841=AXIS2_PLACEMENT_3D('',#3838,#3839,#3840);
#3843=CARTESIAN_POINT('',(0.E0,2.170602220837E0,-1.231009691265E1));
#3844=DIRECTION('',(0.E0,1.736481776669E-1,-9.848077530122E-1));
#3845=DIRECTION('',(0.E0,-9.848077530122E-1,-1.736481776669E-1));
#3846=AXIS2_PLACEMENT_3D('',#3843,#3844,#3845);
#3848=CARTESIAN_POINT('',(-2.814942272942E0,2.387662442921E0,
-1.354110660392E1));
#3849=CARTESIAN_POINT('',(-2.814942272942E0,2.204813693784E0,
-1.357334777178E1));
#3850=CARTESIAN_POINT('',(-2.782286974256E0,1.844187051679E0,
-1.362939995497E1));
#3851=CARTESIAN_POINT('',(-2.634672601111E0,1.309527132740E0,
-1.369081878078E1));
#3852=CARTESIAN_POINT('',(-2.394102196266E0,8.124309526384E-1,
-1.372871855920E1));
#3853=CARTESIAN_POINT('',(-2.064306622804E0,3.644856278264E-1,
-1.374724753816E1));
#3854=CARTESIAN_POINT('',(-1.793482773959E0,1.134624423537E-1,-1.375E1));
#3855=CARTESIAN_POINT('',(-1.643643847659E0,3.771181239056E-13,-1.375E1));
#3857=CARTESIAN_POINT('',(-1.643643847659E0,3.771181239056E-13,-1.375E1));
#3858=CARTESIAN_POINT('',(-1.570277410895E0,-5.555522391556E-2,-1.375E1));
#3859=CARTESIAN_POINT('',(-1.426206096119E0,-1.534227075042E-1,
-1.374934306082E1));
#3860=CARTESIAN_POINT('',(-1.223309966518E0,-2.665243390330E-1,
-1.374753260853E1));
#3861=CARTESIAN_POINT('',(-1.036228394164E0,-3.521873770668E-1,
-1.374555384772E1));
#3862=CARTESIAN_POINT('',(-8.669201922178E-1,-4.157104305527E-1,
-1.374374946947E1));
#3863=CARTESIAN_POINT('',(-7.145861531051E-1,-4.623125875921E-1,
-1.374224460200E1));
#3864=CARTESIAN_POINT('',(-5.754588784760E-1,-4.965873352931E-1,
-1.374104008981E1));
#3865=CARTESIAN_POINT('',(-4.451869769725E-1,-5.217720106119E-1,
-1.374010207339E1));
#3866=CARTESIAN_POINT('',(-3.185909028426E-1,-5.400009814158E-1,
-1.373939492870E1));
#3867=CARTESIAN_POINT('',(-1.926567238482E-1,-5.520972873907E-1,
-1.373891241593E1));
#3868=CARTESIAN_POINT('',(-6.612372860172E-2,-5.582474451280E-1,
-1.373866300309E1));
#3869=CARTESIAN_POINT('',(6.131515175647E-2,-5.583603733612E-1,
-1.373865839270E1));
#3870=CARTESIAN_POINT('',(1.878468825527E-1,-5.524454518299E-1,
-1.373889838160E1));
#3871=CARTESIAN_POINT('',(3.141191702309E-1,-5.405309694832E-1,
-1.373937399887E1));
#3872=CARTESIAN_POINT('',(4.400178472765E-1,-5.226260451612E-1,
-1.374006943660E1));
#3873=CARTESIAN_POINT('',(5.696410717011E-1,-4.978450634748E-1,
-1.374099422872E1));
#3874=CARTESIAN_POINT('',(7.079817246184E-1,-4.641211666419E-1,
-1.374218313660E1));
#3875=CARTESIAN_POINT('',(8.609202312275E-1,-4.177788482647E-1,
-1.374368682331E1));
#3876=CARTESIAN_POINT('',(1.031864583581E0,-3.540326516172E-1,
-1.374550670851E1));
#3877=CARTESIAN_POINT('',(1.219601749862E0,-2.684160322938E-1,
-1.374749549295E1));
#3878=CARTESIAN_POINT('',(1.423530743341E0,-1.551387191436E-1,
-1.374932587231E1));
#3879=CARTESIAN_POINT('',(1.569304299074E0,-5.629209280942E-2,-1.375E1));
#3880=CARTESIAN_POINT('',(1.643643847659E0,3.771181239056E-13,-1.375E1));
#3882=CARTESIAN_POINT('',(1.643643847659E0,3.771181239056E-13,-1.375E1));
#3883=CARTESIAN_POINT('',(1.793357493244E0,1.133675761114E-1,-1.375E1));
#3884=CARTESIAN_POINT('',(2.064098329590E0,3.642657995514E-1,
-1.374725018487E1));
#3885=CARTESIAN_POINT('',(2.394048959311E0,8.122432800991E-1,
-1.372873939342E1));
#3886=CARTESIAN_POINT('',(2.635031280927E0,1.310419743560E0,-1.369073745511E1));
#3887=CARTESIAN_POINT('',(2.782296831461E0,1.844490235923E0,-1.362934999130E1));
#3888=CARTESIAN_POINT('',(2.814942272942E0,2.204950855566E0,-1.357332358646E1));
#3889=CARTESIAN_POINT('',(2.814942272942E0,2.387662442921E0,-1.354110660392E1));
#3891=CARTESIAN_POINT('',(0.E0,-1.174615775982E1,4.275251791571E0));
#3892=DIRECTION('',(0.E0,9.396926207859E-1,-3.420201433257E-1));
#3893=DIRECTION('',(1.E0,0.E0,0.E0));
#3894=AXIS2_PLACEMENT_3D('',#3891,#3892,#3893);
#3896=CARTESIAN_POINT('',(0.E0,-1.174615775982E1,4.275251791571E0));
#3897=DIRECTION('',(0.E0,-3.420201433257E-1,-9.396926207859E-1));
#3898=DIRECTION('',(-1.E0,0.E0,0.E0));
#3899=AXIS2_PLACEMENT_3D('',#3896,#3897,#3898);
#3901=CARTESIAN_POINT('',(-2.814942272943E0,-1.057154198384E1,
3.847726612415E0));
#3902=CARTESIAN_POINT('',(-2.814942272943E0,-1.063288970867E1,
3.679175123715E0));
#3903=CARTESIAN_POINT('',(-2.778827061195E0,-1.074870315527E1,
3.336980174982E0));
#3904=CARTESIAN_POINT('',(-2.583044651969E0,-1.090686915756E1,
2.777033882460E0));
#3905=CARTESIAN_POINT('',(-2.244122956622E0,-1.102261960497E1,
2.265570645091E0));
#3906=CARTESIAN_POINT('',(-1.854539755404E0,-1.109332418858E1,
1.881948257259E0));
#3907=CARTESIAN_POINT('',(-1.368091225807E0,-1.114174753721E1,
1.563981226719E0));
#3908=CARTESIAN_POINT('',(-9.149407076099E-1,-1.116507915797E1,
1.381411692657E0));
#3909=CARTESIAN_POINT('',(-5.078030088758E-1,-1.117691959221E1,
1.280899722048E0));
#3910=CARTESIAN_POINT('',(-6.818140459785E-2,-1.118165256078E1,
1.238121072738E0));
#3911=CARTESIAN_POINT('',(3.372329889140E-1,-1.117948940351E1,
1.257846179685E0));
#3912=CARTESIAN_POINT('',(7.283304670610E-1,-1.117122051862E1,
1.330077755710E0));
#3913=CARTESIAN_POINT('',(1.088559706072E0,-1.115705258760E1,1.445477648406E0));
#3914=CARTESIAN_POINT('',(1.489029086472E0,-1.113137894710E1,1.635393965424E0));
#3915=CARTESIAN_POINT('',(1.897999910537E0,-1.108596033372E1,1.923222668798E0));
#3916=CARTESIAN_POINT('',(2.252826745270E0,-1.101898343050E1,2.280801139336E0));
#3917=CARTESIAN_POINT('',(2.568932651150E0,-1.091240111818E1,2.753482819676E0));
#3918=CARTESIAN_POINT('',(2.773967182006E0,-1.075690483001E1,3.311137044672E0));
#3919=CARTESIAN_POINT('',(2.814942272943E0,-1.063707523997E1,3.667675470961E0));
#3920=CARTESIAN_POINT('',(2.814942272943E0,-1.057154198384E1,3.847726612415E0));
#3922=CARTESIAN_POINT('',(0.E0,-1.174615775982E1,4.275251791571E0));
#3923=DIRECTION('',(0.E0,3.420201433257E-1,9.396926207859E-1));
#3924=DIRECTION('',(1.E0,0.E0,0.E0));
#3925=AXIS2_PLACEMENT_3D('',#3922,#3923,#3924);
#3927=CARTESIAN_POINT('',(2.814942272943E0,-1.057154198384E1,3.847726612415E0));
#3928=CARTESIAN_POINT('',(2.814942272943E0,-1.051293921072E1,4.008736408274E0));
#3929=CARTESIAN_POINT('',(2.782969227176E0,-1.038599274211E1,4.336186908515E0));
#3930=CARTESIAN_POINT('',(2.585877250252E0,-1.014167493710E1,4.881031183385E0));
#3931=CARTESIAN_POINT('',(2.239515843861E0,-9.896874156286E0,5.355783902988E0));
#3932=CARTESIAN_POINT('',(1.842421437613E0,-9.702662394183E0,5.697506794892E0));
#3933=CARTESIAN_POINT('',(1.356448970671E0,-9.537008751761E0,5.969060097466E0));
#3934=CARTESIAN_POINT('',(8.937023874346E-1,-9.436989168837E0,
6.124585653765E0));
#3935=CARTESIAN_POINT('',(4.859708970090E-1,-9.383347022189E0,
6.206189477883E0));
#3936=CARTESIAN_POINT('',(4.582734089377E-2,-9.361240889231E0,
6.239348223475E0));
#3937=CARTESIAN_POINT('',(-3.571328643788E-1,-9.373986793495E0,
6.220261331625E0));
#3938=CARTESIAN_POINT('',(-7.372820489286E-1,-9.414172997258E0,
6.159412302551E0));
#3939=CARTESIAN_POINT('',(-1.092212203496E0,-9.476516600658E0,
6.063450076739E0));
#3940=CARTESIAN_POINT('',(-1.500127417628E0,-9.581953840188E0,
5.896433553311E0));
#3941=CARTESIAN_POINT('',(-1.892843450537E0,-9.726879276360E0,
5.655344222875E0));
#3942=CARTESIAN_POINT('',(-2.249995623565E0,-9.904908069620E0,
5.339928691517E0));
#3943=CARTESIAN_POINT('',(-2.572379334528E0,-1.013189102769E1,
4.899978630182E0));
#3944=CARTESIAN_POINT('',(-2.775375674378E0,-1.037138876092E1,
4.371255276703E0));
#3945=CARTESIAN_POINT('',(-2.814942272943E0,-1.050713136108E1,
4.024693344017E0));
#3946=CARTESIAN_POINT('',(-2.814942272943E0,-1.057154198384E1,
3.847726612415E0));
#3948=CARTESIAN_POINT('',(0.E0,-1.174615775982E1,4.275251791571E0));
#3949=DIRECTION('',(0.E0,9.396926207859E-1,-3.420201433257E-1));
#3950=DIRECTION('',(0.E0,3.420201433257E-1,9.396926207859E-1));
#3951=AXIS2_PLACEMENT_3D('',#3948,#3949,#3950);
#3953=CARTESIAN_POINT('',(0.E0,-1.174615775982E1,4.275251791571E0));
#3954=DIRECTION('',(0.E0,3.420201433257E-1,9.396926207859E-1));
#3955=DIRECTION('',(9.139422964091E-1,-3.813687584376E-1,1.388068763504E-1));
#3956=AXIS2_PLACEMENT_3D('',#3953,#3954,#3955);
#3958=CARTESIAN_POINT('',(0.E0,-1.174615775982E1,4.275251791571E0));
#3959=DIRECTION('',(0.E0,-9.396926207859E-1,3.420201433257E-1));
#3960=DIRECTION('',(0.E0,3.420201433257E-1,9.396926207859E-1));
#3961=AXIS2_PLACEMENT_3D('',#3958,#3959,#3960);
#3963=CARTESIAN_POINT('',(-2.814942272941E0,-1.292077353581E1,
4.702776970729E0));
#3964=CARTESIAN_POINT('',(-2.814942272941E0,-1.288238487622E1,
4.808248946119E0));
#3965=CARTESIAN_POINT('',(-2.802830065005E0,-1.280355049712E1,
5.016843882288E0));
#3966=CARTESIAN_POINT('',(-2.748368915690E0,-1.267860761418E1,
5.324610164309E0));
#3967=CARTESIAN_POINT('',(-2.658244142544E0,-1.254984561792E1,
5.621148583921E0));
#3968=CARTESIAN_POINT('',(-2.534490581567E0,-1.242033067033E1,
5.901519183986E0));
#3969=CARTESIAN_POINT('',(-2.378896534953E0,-1.229229328802E1,
6.163503311434E0));
#3970=CARTESIAN_POINT('',(-2.190953040244E0,-1.216676761756E1,
6.407454777402E0));
#3971=CARTESIAN_POINT('',(-1.974979542133E0,-1.204861523690E1,
6.626529258031E0));
#3972=CARTESIAN_POINT('',(-1.749685108920E0,-1.194693337707E1,
6.807703554399E0));
#3973=CARTESIAN_POINT('',(-1.526126755454E0,-1.186318572096E1,
6.952297019483E0));
#3974=CARTESIAN_POINT('',(-1.316668815710E0,-1.179790371525E1,
7.062295086457E0));
#3975=CARTESIAN_POINT('',(-1.123646204767E0,-1.174770311659E1,
7.145369861119E0));
#3976=CARTESIAN_POINT('',(-9.462148538651E-1,-1.170938061932E1,
7.207927272440E0));
#3977=CARTESIAN_POINT('',(-7.851409730924E-1,-1.168074379147E1,
7.254200770368E0));
#3978=CARTESIAN_POINT('',(-6.399854989642E-1,-1.165972692865E1,
7.287910807417E0));
#3979=CARTESIAN_POINT('',(-5.058417094283E-1,-1.164419173807E1,
7.312694842296E0));
#3980=CARTESIAN_POINT('',(-3.764427872993E-1,-1.163269545614E1,
7.330961991850E0));
#3981=CARTESIAN_POINT('',(-2.498283705325E-1,-1.162473788932E1,
7.343569527875E0));
#3982=CARTESIAN_POINT('',(-1.237324473651E-1,-1.162000776670E1,
7.351049520698E0));
#3983=CARTESIAN_POINT('',(3.486870871928E-3,-1.161846850127E1,
7.353481333815E0));
#3984=CARTESIAN_POINT('',(1.305478163450E-1,-1.162018394554E1,
7.350771099007E0));
#3985=CARTESIAN_POINT('',(2.564792609036E-1,-1.162507402102E1,
7.343037612172E0));
#3986=CARTESIAN_POINT('',(3.833638315449E-1,-1.163322760156E1,
7.330117753844E0));
#3987=CARTESIAN_POINT('',(5.120299802735E-1,-1.164483365117E1,
7.311672876464E0));
#3988=CARTESIAN_POINT('',(6.462930725849E-1,-1.166054955494E1,
7.286595222976E0));
#3989=CARTESIAN_POINT('',(7.915804887605E-1,-1.168179098668E1,
7.252515067088E0));
#3990=CARTESIAN_POINT('',(9.517892300687E-1,-1.171049698811E1,
7.206113226634E0));
#3991=CARTESIAN_POINT('',(1.128419110603E0,-1.174884001552E1,7.143502005923E0));
#3992=CARTESIAN_POINT('',(1.321988594246E0,-1.179942375300E1,7.059759455196E0));
#3993=CARTESIAN_POINT('',(1.530281460943E0,-1.186465609988E1,6.949778927650E0));
#3994=CARTESIAN_POINT('',(1.752145121898E0,-1.194793968109E1,6.805945686338E0));
#3995=CARTESIAN_POINT('',(1.978046380236E0,-1.205017827391E1,6.623674829679E0));
#3996=CARTESIAN_POINT('',(2.190911153075E0,-1.216682866691E1,6.407303110863E0));
#3997=CARTESIAN_POINT('',(2.378638577164E0,-1.229208071625E1,6.163933968422E0));
#3998=CARTESIAN_POINT('',(2.534540800054E0,-1.242036444405E1,5.901455643672E0));
#3999=CARTESIAN_POINT('',(2.658320378543E0,-1.254994075016E1,5.620934910711E0));
#4000=CARTESIAN_POINT('',(2.748364650689E0,-1.267861707663E1,5.324581834029E0));
#4001=CARTESIAN_POINT('',(2.802807989513E0,-1.280348260654E1,5.017015838055E0));
#4002=CARTESIAN_POINT('',(2.814942272941E0,-1.288235481303E1,4.808331544042E0));
#4003=CARTESIAN_POINT('',(2.814942272941E0,-1.292077353581E1,4.702776970729E0));
#4005=CARTESIAN_POINT('',(2.814942272941E0,-1.292077353581E1,4.702776970729E0));
#4006=CARTESIAN_POINT('',(2.814942272941E0,-1.295910391780E1,4.597465111734E0));
#4007=CARTESIAN_POINT('',(2.802868139329E0,-1.303268319895E1,4.387332109707E0));
#4008=CARTESIAN_POINT('',(2.748577457146E0,-1.313465196888E1,4.071774168128E0));
#4009=CARTESIAN_POINT('',(2.658791462843E0,-1.322648122764E1,3.762450728614E0));
#4010=CARTESIAN_POINT('',(2.535375544549E0,-1.330746091884E1,3.464677533129E0));
#4011=CARTESIAN_POINT('',(2.380211351655E0,-1.337775149408E1,3.181969812561E0));
#4012=CARTESIAN_POINT('',(2.193091442818E0,-1.343830243613E1,2.915058884386E0));
#4013=CARTESIAN_POINT('',(1.978574852658E0,-1.348849227973E1,2.672180577094E0));
#4014=CARTESIAN_POINT('',(1.753801447578E0,-1.352717618471E1,2.467714614805E0));
#4015=CARTESIAN_POINT('',(1.530739500433E0,-1.355605057161E1,2.302849470905E0));
#4016=CARTESIAN_POINT('',(1.321899215212E0,-1.357681316589E1,2.176400665894E0));
#4017=CARTESIAN_POINT('',(1.128751291513E0,-1.359186765878E1,2.079906610439E0));
#4018=CARTESIAN_POINT('',(9.508527248337E-1,-1.360281805851E1,
2.006779709844E0));
#4019=CARTESIAN_POINT('',(7.903660489970E-1,-1.361064893213E1,
1.952803472624E0));
#4020=CARTESIAN_POINT('',(6.458862033049E-1,-1.361624476091E1,
1.913311663807E0));
#4021=CARTESIAN_POINT('',(5.115368305588E-1,-1.362032787438E1,
1.883980234623E0));
#4022=CARTESIAN_POINT('',(3.820786860515E-1,-1.362330380687E1,
1.862311509371E0));
#4023=CARTESIAN_POINT('',(2.550467847616E-1,-1.362535836023E1,
1.847202510906E0));
#4024=CARTESIAN_POINT('',(1.265159490308E-1,-1.362659358834E1,
1.838058151675E0));
#4025=CARTESIAN_POINT('',(-2.402241689160E-3,-1.362699293758E1,
1.835091600583E0));
#4026=CARTESIAN_POINT('',(-1.311940829086E-1,-1.362656314976E1,
1.838284042324E0));
#4027=CARTESIAN_POINT('',(-2.597059514940E-1,-1.362529801183E1,
1.847648128114E0));
#4028=CARTESIAN_POINT('',(-3.867231005904E-1,-1.362321196441E1,
1.862983891671E0));
#4029=CARTESIAN_POINT('',(-5.156659644709E-1,-1.362021573640E1,
1.884791208988E0));
#4030=CARTESIAN_POINT('',(-6.493911923134E-1,-1.361612202329E1,
1.914185183293E0));
#4031=CARTESIAN_POINT('',(-7.936396044107E-1,-1.361050589869E1,
1.953802218072E0));
#4032=CARTESIAN_POINT('',(-9.540254035095E-1,-1.360264031341E1,
2.007983890827E0));
#4033=CARTESIAN_POINT('',(-1.131057369036E0,-1.359170563722E1,
2.080965065856E0));
#4034=CARTESIAN_POINT('',(-1.324718634058E0,-1.357657060921E1,
2.177929027668E0));
#4035=CARTESIAN_POINT('',(-1.533354625119E0,-1.355573666064E1,
2.304674543001E0));
#4036=CARTESIAN_POINT('',(-1.754980946321E0,-1.352701123824E1,
2.468644660747E0));
#4037=CARTESIAN_POINT('',(-1.981092279012E0,-1.348797796410E1,
2.674767059075E0));
#4038=CARTESIAN_POINT('',(-2.193092424988E0,-1.343824757580E1,
2.915243631122E0));
#4039=CARTESIAN_POINT('',(-2.379991435182E0,-1.337785014619E1,
3.181567502295E0));
#4040=CARTESIAN_POINT('',(-2.535467588350E0,-1.330742191914E1,
3.464838764658E0));
#4041=CARTESIAN_POINT('',(-2.658862120383E0,-1.322641972482E1,
3.762664204152E0));
#4042=CARTESIAN_POINT('',(-2.748584768705E0,-1.313462731732E1,
4.071846885168E0));
#4043=CARTESIAN_POINT('',(-2.802844549102E0,-1.303274068215E1,
4.387158685021E0));
#4044=CARTESIAN_POINT('',(-2.814942272941E0,-1.295913352643E1,
4.597383762670E0));
#4045=CARTESIAN_POINT('',(-2.814942272941E0,-1.292077353581E1,
4.702776970729E0));
#4047=CARTESIAN_POINT('',(0.E0,-1.174615775982E1,4.275251791571E0));
#4048=DIRECTION('',(0.E0,-3.420201433257E-1,-9.396926207859E-1));
#4049=DIRECTION('',(-9.139422964091E-1,-3.813687584376E-1,1.388068763504E-1));
#4050=AXIS2_PLACEMENT_3D('',#4047,#4048,#4049);
#4052=CARTESIAN_POINT('',(0.E0,-1.174615775982E1,4.275251791571E0));
#4053=DIRECTION('',(0.E0,-9.396926207859E-1,3.420201433257E-1));
#4054=DIRECTION('',(-1.E0,0.E0,0.E0));
#4055=AXIS2_PLACEMENT_3D('',#4052,#4053,#4054);
#4057=CARTESIAN_POINT('',(0.E0,-6.25E0,-1.082531754731E1));
#4058=DIRECTION('',(0.E0,5.E-1,8.660254037844E-1));
#4059=DIRECTION('',(1.E0,0.E0,0.E0));
#4060=AXIS2_PLACEMENT_3D('',#4057,#4058,#4059);
#4062=CARTESIAN_POINT('',(0.E0,-6.25E0,-1.082531754731E1));
#4063=DIRECTION('',(0.E0,8.660254037844E-1,-5.E-1));
#4064=DIRECTION('',(-1.E0,0.E0,0.E0));
#4065=AXIS2_PLACEMENT_3D('',#4062,#4063,#4064);
#4067=CARTESIAN_POINT('',(-2.814942272942E0,-5.624999999999E0,
-9.742785792576E0));
#4068=CARTESIAN_POINT('',(-2.814942272942E0,-5.469674518903E0,
-9.832463000899E0));
#4069=CARTESIAN_POINT('',(-2.778834358584E0,-5.152813233697E0,
-1.000592594358E1));
#4070=CARTESIAN_POINT('',(-2.583079447355E0,-4.628884356333E0,
-1.025890473551E1));
#4071=CARTESIAN_POINT('',(-2.244208495592E0,-4.145311408780E0,
-1.046170870617E1));
#4072=CARTESIAN_POINT('',(-1.854637924148E0,-3.779772325298E0,
-1.059796672738E1));
#4073=CARTESIAN_POINT('',(-1.368208332768E0,-3.475022224404E0,
-1.070087855247E1));
#4074=CARTESIAN_POINT('',(-9.150094074827E-1,-3.299236019842E0,
-1.075557229058E1));
#4075=CARTESIAN_POINT('',(-5.078348169304E-1,-3.202300231643E0,
-1.078468862598E1));
#4076=CARTESIAN_POINT('',(-6.817705921045E-2,-3.160983735644E0,
-1.079678099149E1));
#4077=CARTESIAN_POINT('',(3.372546083222E-1,-3.180035192062E0,
-1.079122498312E1));
#4078=CARTESIAN_POINT('',(7.283490328226E-1,-3.249738404554E0,
-1.077053736322E1));
#4079=CARTESIAN_POINT('',(1.088559142612E0,-3.360917446378E0,
-1.073654789396E1));
#4080=CARTESIAN_POINT('',(1.489000297486E0,-3.543475703800E0,
-1.067829051328E1));
#4081=CARTESIAN_POINT('',(1.897961578589E0,-3.819032989906E0,
-1.058358569912E1));
#4082=CARTESIAN_POINT('',(2.252782248285E0,-4.159536607079E0,
-1.045553925411E1));
#4083=CARTESIAN_POINT('',(2.568913046693E0,-4.606525065691E0,
-1.026850014022E1));
#4084=CARTESIAN_POINT('',(2.773961588339E0,-5.128723870405E0,
-1.001852440120E1));
#4085=CARTESIAN_POINT('',(2.814942272942E0,-5.459053986645E0,
-9.838594768057E0));
#4086=CARTESIAN_POINT('',(2.814942272942E0,-5.624999999999E0,
-9.742785792576E0));
#4088=CARTESIAN_POINT('',(0.E0,-6.25E0,-1.082531754731E1));
#4089=DIRECTION('',(0.E0,-8.660254037844E-1,5.E-1));
#4090=DIRECTION('',(1.E0,0.E0,0.E0));
#4091=AXIS2_PLACEMENT_3D('',#4088,#4089,#4090);
#4093=CARTESIAN_POINT('',(2.814942272942E0,-5.624999999999E0,
-9.742785792576E0));
#4094=CARTESIAN_POINT('',(2.814942272942E0,-5.773387415249E0,
-9.657114278437E0));
#4095=CARTESIAN_POINT('',(2.782969234412E0,-6.073819161462E0,
-9.475235244024E0));
#4096=CARTESIAN_POINT('',(2.585877275054E0,-6.567960680323E0,
-9.140017967469E0));
#4097=CARTESIAN_POINT('',(2.239515882252E0,-6.992991638014E0,
-8.816496312904E0));
#4098=CARTESIAN_POINT('',(1.842421483255E0,-7.295798473007E0,
-8.565895507538E0));
#4099=CARTESIAN_POINT('',(1.356449143820E0,-7.534460782225E0,
-8.355603814023E0));
#4100=CARTESIAN_POINT('',(8.937025629003E-1,-7.670255364620E0,
-8.230097001183E0));
#4101=CARTESIAN_POINT('',(4.859711819260E-1,-7.741304592805E0,
-8.163099434418E0));
#4102=CARTESIAN_POINT('',(4.582745021710E-2,-7.770120927132E0,
-8.135571155019E0));
#4103=CARTESIAN_POINT('',(-3.571326879747E-1,-7.753537323116E0,
-8.151437812844E0));
#4104=CARTESIAN_POINT('',(-7.372819228425E-1,-7.700591000730E0,
-8.201579809627E0));
#4105=CARTESIAN_POINT('',(-1.092212132478E0,-7.616912507457E0,
-8.279639942168E0));
#4106=CARTESIAN_POINT('',(-1.500127412035E0,-7.470742305209E0,
-8.412477486134E0));
#4107=CARTESIAN_POINT('',(-1.892843436145E0,-7.258481706270E0,
-8.597065898046E0));
#4108=CARTESIAN_POINT('',(-2.249995617785E0,-6.978772418072E0,
-8.827161369008E0));
#4109=CARTESIAN_POINT('',(-2.572379325124E0,-6.584921371605E0,
-9.127092466892E0));
#4110=CARTESIAN_POINT('',(-2.775375670304E0,-6.105818862330E0,
-9.454763537343E0));
#4111=CARTESIAN_POINT('',(-2.814942272942E0,-5.788093429481E0,
-9.648623757162E0));
#4112=CARTESIAN_POINT('',(-2.814942272942E0,-5.624999999999E0,
-9.742785792576E0));
#4114=CARTESIAN_POINT('',(0.E0,-6.25E0,-1.082531754731E1));
#4115=DIRECTION('',(0.E0,5.E-1,8.660254037844E-1));
#4116=DIRECTION('',(0.E0,-8.660254037844E-1,5.E-1));
#4117=AXIS2_PLACEMENT_3D('',#4114,#4115,#4116);
#4119=CARTESIAN_POINT('',(0.E0,-6.25E0,-1.082531754731E1));
#4120=DIRECTION('',(0.E0,-8.660254037844E-1,5.E-1));
#4121=DIRECTION('',(9.139422964100E-1,-2.029220779220E-1,-3.514713489383E-1));
#4122=AXIS2_PLACEMENT_3D('',#4119,#4120,#4121);
#4124=CARTESIAN_POINT('',(0.E0,-6.25E0,-1.082531754731E1));
#4125=DIRECTION('',(0.E0,-5.E-1,-8.660254037844E-1));
#4126=DIRECTION('',(0.E0,-8.660254037844E-1,5.E-1));
#4127=AXIS2_PLACEMENT_3D('',#4124,#4125,#4126);
#4129=CARTESIAN_POINT('',(-2.814942272943E0,-6.874999999999E0,
-1.190784930204E1));
#4130=CARTESIAN_POINT('',(-2.814942272943E0,-6.972057184451E0,
-1.185181331047E1));
#4131=CARTESIAN_POINT('',(-2.802867775464E0,-7.163495363182E0,
-1.173813652610E1));
#4132=CARTESIAN_POINT('',(-2.748576264172E0,-7.444446282806E0,
-1.156194825873E1));
#4133=CARTESIAN_POINT('',(-2.658788044769E0,-7.713624391389E0,
-1.138401688296E1));
#4134=CARTESIAN_POINT('',(-2.535370619225E0,-7.967063475954E0,
-1.120796173896E1));
#4135=CARTESIAN_POINT('',(-2.380202470580E0,-8.202633821155E0,
-1.103657404860E1));
#4136=CARTESIAN_POINT('',(-2.193075697075E0,-8.420589279373E0,
-1.087102646454E1));
#4137=CARTESIAN_POINT('',(-1.978562903472E0,-8.615149295918E0,
-1.071723726023E1));
#4138=CARTESIAN_POINT('',(-1.753789990846E0,-8.776209122845E0,
-1.058547421145E1));
#4139=CARTESIAN_POINT('',(-1.530728464861E0,-8.904299823154E0,
-1.047774151742E1));
#4140=CARTESIAN_POINT('',(-1.321885575235E0,-9.001484764813E0,
-1.039422184187E1));
#4141=CARTESIAN_POINT('',(-1.128734087745E0,-9.075042486571E0,
-1.032997975789E1));
#4142=CARTESIAN_POINT('',(-9.508332905982E-1,-9.130435627581E0,
-1.028100039878E1));
#4143=CARTESIAN_POINT('',(-7.903392511640E-1,-9.171130371265E0,
-1.024468513359E1));
#4144=CARTESIAN_POINT('',(-6.458551829806E-1,-9.200801333621E0,
-1.021803002990E1));
#4145=CARTESIAN_POINT('',(-5.115067788788E-1,-9.222781668022E0,
-1.019818666254E1));
#4146=CARTESIAN_POINT('',(-3.820495674096E-1,-9.238988448037E0,
-1.018350151969E1));
#4147=CARTESIAN_POINT('',(-2.550293210950E-1,-9.250272269283E0,
-1.017324975058E1));
#4148=CARTESIAN_POINT('',(-1.265071737625E-1,-9.257095507072E0,
-1.016703955743E1));
#4149=CARTESIAN_POINT('',(2.402377450933E-3,-9.259307959321E0,
-1.016502404413E1));
#4150=CARTESIAN_POINT('',(1.311848887734E-1,-9.256927012027E0,
-1.016719301414E1));
#4151=CARTESIAN_POINT('',(2.596888301651E-1,-9.249939622060E0,
-1.017355230430E1));
#4152=CARTESIAN_POINT('',(3.866958087928E-1,-9.238485733976E0,
-1.018395770437E1));
#4153=CARTESIAN_POINT('',(5.156360971531E-1,-9.222174464795E0,
-1.019873583888E1));
#4154=CARTESIAN_POINT('',(6.493591170576E-1,-9.200146046154E0,
-1.021862009074E1));
#4155=CARTESIAN_POINT('',(7.936106943894E-1,-9.170379289087E0,
-1.024535785612E1));
#4156=CARTESIAN_POINT('',(9.540007937422E-1,-9.129526904318E0,
-1.028180729720E1));
#4157=CARTESIAN_POINT('',(1.131035475366E0,-9.074239624457E0,
-1.033068501508E1));
#4158=CARTESIAN_POINT('',(1.324697846282E0,-9.000319541915E0,
-1.039523412259E1));
#4159=CARTESIAN_POINT('',(1.533336764610E0,-8.902889789965E0,
-1.047893479040E1));
#4160=CARTESIAN_POINT('',(1.754963857305E0,-8.775488692226E0,
-1.058607754283E1));
#4161=CARTESIAN_POINT('',(1.981079867370E0,-8.613093546188E0,
-1.071888743538E1));
#4162=CARTESIAN_POINT('',(2.193079954720E0,-8.420425093871E0,
-1.087113536174E1));
#4163=CARTESIAN_POINT('',(2.379981875845E0,-8.202968567938E0,
-1.103632880838E1));
#4164=CARTESIAN_POINT('',(2.535462264103E0,-7.966930838915E0,
-1.120805957491E1));
#4165=CARTESIAN_POINT('',(2.658858868379E0,-7.713439682898E0,
-1.138414113939E1));
#4166=CARTESIAN_POINT('',(2.748583536902E0,-7.444380737056E0,
-1.156198806164E1));
#4167=CARTESIAN_POINT('',(2.802844196288E0,-7.163650847893E0,
-1.173804064188E1));
#4168=CARTESIAN_POINT('',(2.814942272943E0,-6.972132157822E0,
-1.185177002457E1));
#4169=CARTESIAN_POINT('',(2.814942272943E0,-6.874999999999E0,
-1.190784930204E1));
#4171=CARTESIAN_POINT('',(2.814942272943E0,-6.874999999999E0,
-1.190784930204E1));
#4172=CARTESIAN_POINT('',(2.814942272943E0,-6.777797354030E0,
-1.196396927586E1));
#4173=CARTESIAN_POINT('',(2.802830231418E0,-6.583326538435E0,
-1.207308735855E1));
#4174=CARTESIAN_POINT('',(2.748370808318E0,-6.289791955057E0,
-1.222853549656E1));
#4175=CARTESIAN_POINT('',(2.658248660754E0,-6.000547366409E0,
-1.237292878848E1));
#4176=CARTESIAN_POINT('',(2.534498810455E0,-5.721118237381E0,
-1.250445314158E1));
#4177=CARTESIAN_POINT('',(2.378906885332E0,-5.454634820321E0,
-1.262284464882E1));
#4178=CARTESIAN_POINT('',(2.190966000433E0,-5.201668826795E0,
-1.272903570534E1));
#4179=CARTESIAN_POINT('',(1.975015894913E0,-4.970360081336E0,
-1.282090236713E1));
#4180=CARTESIAN_POINT('',(1.749732963117E0,-4.776011657377E0,
-1.289433048169E1));
#4181=CARTESIAN_POINT('',(1.526170959847E0,-4.618904997148E0,
-1.295126738660E1));
#4182=CARTESIAN_POINT('',(1.316704407809E0,-4.498180956127E0,
-1.299357198708E1));
#4183=CARTESIAN_POINT('',(1.123658146004E0,-4.406311846353E0,
-1.302494743485E1));
#4184=CARTESIAN_POINT('',(9.461996950198E-1,-4.336733710564E0,
-1.304823938441E1));
#4185=CARTESIAN_POINT('',(7.851130951346E-1,-4.285050317005E0,
-1.306528025299E1));
#4186=CARTESIAN_POINT('',(6.399578157886E-1,-4.247283809315E0,
-1.307759366969E1));
#4187=CARTESIAN_POINT('',(5.058124785162E-1,-4.219453280806E0,
-1.308659318128E1));
#4188=CARTESIAN_POINT('',(3.764079881056E-1,-4.198905500359E0,
-1.309319670206E1));
#4189=CARTESIAN_POINT('',(2.498007046444E-1,-4.184707914084E0,
-1.309773889133E1));
#4190=CARTESIAN_POINT('',(1.236984996505E-1,-4.176277219660E0,
-1.310042816610E1));
#4191=CARTESIAN_POINT('',(-3.522531475984E-3,-4.173536634150E0,
-1.310130108061E1));
#4192=CARTESIAN_POINT('',(-1.305789289261E-1,-4.176594259688E0,
-1.310032713607E1));
#4193=CARTESIAN_POINT('',(-2.565114742439E-1,-4.185312614346E0,
-1.309754578951E1));
#4194=CARTESIAN_POINT('',(-3.834029704232E-1,-4.199865885211E0,
-1.309288880584E1));
#4195=CARTESIAN_POINT('',(-5.120647316208E-1,-4.220613830344E0,
-1.308621908498E1));
#4196=CARTESIAN_POINT('',(-6.463352406427E-1,-4.248775847018E0,
-1.307710938168E1));
#4197=CARTESIAN_POINT('',(-7.916285818120E-1,-4.286958349458E0,
-1.306465474700E1));
#4198=CARTESIAN_POINT('',(-9.518341260009E-1,-4.338776968128E0,
-1.304756000526E1));
#4199=CARTESIAN_POINT('',(-1.128466783876E0,-4.408399722306E0,
-1.302424181436E1));
#4200=CARTESIAN_POINT('',(-1.322033105473E0,-4.500980900984E0,
-1.299260463978E1));
#4201=CARTESIAN_POINT('',(-1.530314393913E0,-4.621643443994E0,
-1.295028584285E1));
#4202=CARTESIAN_POINT('',(-1.752172668333E0,-4.777897185401E0,
-1.289363631138E1));
#4203=CARTESIAN_POINT('',(-1.978062402440E0,-4.973371825684E0,
-1.281972842386E1));
#4204=CARTESIAN_POINT('',(-2.190925782120E0,-5.201813850995E0,
-1.272895856740E1));
#4205=CARTESIAN_POINT('',(-2.378650645631E0,-5.454198219335E0,
-1.262303655489E1));
#4206=CARTESIAN_POINT('',(-2.534548346374E0,-5.721183805974E0,
-1.250442667877E1));
#4207=CARTESIAN_POINT('',(-2.658324387611E0,-6.000756142993E0,
-1.237282696317E1));
#4208=CARTESIAN_POINT('',(-2.748366544693E0,-6.289817129044E0,
-1.222852004064E1));
#4209=CARTESIAN_POINT('',(-2.802808337058E0,-6.583165288056E0,
-1.207317474860E1));
#4210=CARTESIAN_POINT('',(-2.814942272943E0,-6.777721827234E0,
-1.196401288127E1));
#4211=CARTESIAN_POINT('',(-2.814942272943E0,-6.874999999999E0,
-1.190784930204E1));
#4213=CARTESIAN_POINT('',(0.E0,-6.25E0,-1.082531754731E1));
#4214=DIRECTION('',(0.E0,8.660254037844E-1,-5.E-1));
#4215=DIRECTION('',(-9.139422964100E-1,-2.029220779220E-1,-3.514713489383E-1));
#4216=AXIS2_PLACEMENT_3D('',#4213,#4214,#4215);
#4218=CARTESIAN_POINT('',(0.E0,-6.25E0,-1.082531754731E1));
#4219=DIRECTION('',(0.E0,-5.E-1,-8.660254037844E-1));
#4220=DIRECTION('',(-1.E0,0.E0,0.E0));
#4221=AXIS2_PLACEMENT_3D('',#4218,#4219,#4220);
#4223=CARTESIAN_POINT('',(0.E0,-1.174615775982E1,-4.275251791571E0));
#4224=DIRECTION('',(0.E0,9.396926207859E-1,3.420201433257E-1));
#4225=DIRECTION('',(1.E0,0.E0,0.E0));
#4226=AXIS2_PLACEMENT_3D('',#4223,#4224,#4225);
#4228=CARTESIAN_POINT('',(0.E0,-1.174615775982E1,-4.275251791571E0));
#4229=DIRECTION('',(0.E0,3.420201433257E-1,-9.396926207859E-1));
#4230=DIRECTION('',(-1.E0,0.E0,0.E0));
#4231=AXIS2_PLACEMENT_3D('',#4228,#4229,#4230);
#4233=CARTESIAN_POINT('',(-2.814942272943E0,-1.057154198384E1,
-3.847726612415E0));
#4234=CARTESIAN_POINT('',(-2.814942272943E0,-1.051293921072E1,
-4.008736408274E0));
#4235=CARTESIAN_POINT('',(-2.782969227176E0,-1.038599274211E1,
-4.336186908516E0));
#4236=CARTESIAN_POINT('',(-2.585877250252E0,-1.014167493710E1,
-4.881031183384E0));
#4237=CARTESIAN_POINT('',(-2.239515843862E0,-9.896874156287E0,
-5.355783902987E0));
#4238=CARTESIAN_POINT('',(-1.842421437616E0,-9.702662394184E0,
-5.697506794890E0));
#4239=CARTESIAN_POINT('',(-1.356448970673E0,-9.537008751762E0,
-5.969060097466E0));
#4240=CARTESIAN_POINT('',(-8.937023874343E-1,-9.436989168837E0,
-6.124585653766E0));
#4241=CARTESIAN_POINT('',(-4.859708970061E-1,-9.383347022189E0,
-6.206189477884E0));
#4242=CARTESIAN_POINT('',(-4.582734089027E-2,-9.361240889231E0,
-6.239348223474E0));
#4243=CARTESIAN_POINT('',(3.571328643823E-1,-9.373986793495E0,
-6.220261331625E0));
#4244=CARTESIAN_POINT('',(7.372820489309E-1,-9.414172997259E0,
-6.159412302551E0));
#4245=CARTESIAN_POINT('',(1.092212203497E0,-9.476516600658E0,
-6.063450076738E0));
#4246=CARTESIAN_POINT('',(1.500127417627E0,-9.581953840188E0,
-5.896433553311E0));
#4247=CARTESIAN_POINT('',(1.892843450538E0,-9.726879276361E0,
-5.655344222873E0));
#4248=CARTESIAN_POINT('',(2.249995623567E0,-9.904908069621E0,
-5.339928691514E0));
#4249=CARTESIAN_POINT('',(2.572379334530E0,-1.013189102770E1,
-4.899978630177E0));
#4250=CARTESIAN_POINT('',(2.775375674379E0,-1.037138876092E1,
-4.371255276699E0));
#4251=CARTESIAN_POINT('',(2.814942272943E0,-1.050713136108E1,
-4.024693344016E0));
#4252=CARTESIAN_POINT('',(2.814942272943E0,-1.057154198384E1,
-3.847726612415E0));
#4254=CARTESIAN_POINT('',(0.E0,-1.174615775982E1,-4.275251791571E0));
#4255=DIRECTION('',(0.E0,-3.420201433257E-1,9.396926207859E-1));
#4256=DIRECTION('',(1.E0,0.E0,0.E0));
#4257=AXIS2_PLACEMENT_3D('',#4254,#4255,#4256);
#4259=CARTESIAN_POINT('',(2.814942272943E0,-1.057154198384E1,
-3.847726612415E0));
#4260=CARTESIAN_POINT('',(2.814942272943E0,-1.063288970867E1,
-3.679175123715E0));
#4261=CARTESIAN_POINT('',(2.778827061195E0,-1.074870315527E1,
-3.336980174982E0));
#4262=CARTESIAN_POINT('',(2.583044651970E0,-1.090686915756E1,
-2.777033882461E0));
#4263=CARTESIAN_POINT('',(2.244122956623E0,-1.102261960497E1,
-2.265570645093E0));
#4264=CARTESIAN_POINT('',(1.854539755406E0,-1.109332418858E1,
-1.881948257260E0));
#4265=CARTESIAN_POINT('',(1.368091225810E0,-1.114174753721E1,
-1.563981226720E0));
#4266=CARTESIAN_POINT('',(9.149407076116E-1,-1.116507915797E1,
-1.381411692658E0));
#4267=CARTESIAN_POINT('',(5.078030088775E-1,-1.117691959221E1,
-1.280899722049E0));
#4268=CARTESIAN_POINT('',(6.818140459890E-2,-1.118165256078E1,
-1.238121072738E0));
#4269=CARTESIAN_POINT('',(-3.372329889133E-1,-1.117948940351E1,
-1.257846179685E0));
#4270=CARTESIAN_POINT('',(-7.283304670609E-1,-1.117122051862E1,
-1.330077755710E0));
#4271=CARTESIAN_POINT('',(-1.088559706072E0,-1.115705258760E1,
-1.445477648406E0));
#4272=CARTESIAN_POINT('',(-1.489029086473E0,-1.113137894710E1,
-1.635393965425E0));
#4273=CARTESIAN_POINT('',(-1.897999910537E0,-1.108596033372E1,
-1.923222668798E0));
#4274=CARTESIAN_POINT('',(-2.252826745270E0,-1.101898343050E1,
-2.280801139336E0));
#4275=CARTESIAN_POINT('',(-2.568932651150E0,-1.091240111818E1,
-2.753482819676E0));
#4276=CARTESIAN_POINT('',(-2.773967182006E0,-1.075690483001E1,
-3.311137044672E0));
#4277=CARTESIAN_POINT('',(-2.814942272943E0,-1.063707523997E1,
-3.667675470961E0));
#4278=CARTESIAN_POINT('',(-2.814942272943E0,-1.057154198384E1,
-3.847726612415E0));
#4280=CARTESIAN_POINT('',(0.E0,-1.174615775982E1,-4.275251791571E0));
#4281=DIRECTION('',(0.E0,9.396926207859E-1,3.420201433257E-1));
#4282=DIRECTION('',(0.E0,-3.420201433257E-1,9.396926207859E-1));
#4283=AXIS2_PLACEMENT_3D('',#4280,#4281,#4282);
#4285=CARTESIAN_POINT('',(0.E0,-1.174615775982E1,-4.275251791571E0));
#4286=DIRECTION('',(0.E0,-3.420201433257E-1,9.396926207859E-1));
#4287=DIRECTION('',(9.139422964091E-1,-3.813687584376E-1,-1.388068763504E-1));
#4288=AXIS2_PLACEMENT_3D('',#4285,#4286,#4287);
#4290=CARTESIAN_POINT('',(0.E0,-1.174615775982E1,-4.275251791571E0));
#4291=DIRECTION('',(0.E0,-9.396926207859E-1,-3.420201433257E-1));
#4292=DIRECTION('',(0.E0,-3.420201433257E-1,9.396926207859E-1));
#4293=AXIS2_PLACEMENT_3D('',#4290,#4291,#4292);
#4295=CARTESIAN_POINT('',(-2.814942272941E0,-1.292077353581E1,
-4.702776970729E0));
#4296=CARTESIAN_POINT('',(-2.814942272941E0,-1.295910441154E1,
-4.597463755176E0));
#4297=CARTESIAN_POINT('',(-2.802867775460E0,-1.303268453606E1,
-4.387328196890E0));
#4298=CARTESIAN_POINT('',(-2.748576264168E0,-1.313465379159E1,
-4.071768383661E0));
#4299=CARTESIAN_POINT('',(-2.658788044765E0,-1.322648410216E1,
-3.762440689004E0));
#4300=CARTESIAN_POINT('',(-2.535370619222E0,-1.330746363938E1,
-3.464667120893E0));
#4301=CARTESIAN_POINT('',(-2.380202470577E0,-1.337775510947E1,
-3.181954833971E0));
#4302=CARTESIAN_POINT('',(-2.193075697072E0,-1.343830674123E1,
-2.915038959123E0));
#4303=CARTESIAN_POINT('',(-1.978562903468E0,-1.348849456572E1,
-2.672168825770E0));
#4304=CARTESIAN_POINT('',(-1.753789990844E0,-1.352717789598E1,
-2.467705213281E0));
#4305=CARTESIAN_POINT('',(-1.530728464862E0,-1.355605182429E1,
-2.302842066599E0));
#4306=CARTESIAN_POINT('',(-1.321885575240E0,-1.357681439619E1,
-2.176393006909E0));
#4307=CARTESIAN_POINT('',(-1.128734087753E0,-1.359186886459E1,
-2.079898723324E0));
#4308=CARTESIAN_POINT('',(-9.508332906105E-1,-1.360281914728E1,
-2.006772332749E0));
#4309=CARTESIAN_POINT('',(-7.903392511769E-1,-1.361065012704E1,
-1.952795148623E0));
#4310=CARTESIAN_POINT('',(-6.458551829928E-1,-1.361624583249E1,
-1.913304027594E0));
#4311=CARTESIAN_POINT('',(-5.115067788907E-1,-1.362032867484E1,
-1.883974439684E0));
#4312=CARTESIAN_POINT('',(-3.820495674196E-1,-1.362330436074E1,
-1.862307450220E0));
#4313=CARTESIAN_POINT('',(-2.550293211040E-1,-1.362535855914E1,
-1.847201038973E0));
#4314=CARTESIAN_POINT('',(-1.265071737705E-1,-1.362659362732E1,
-1.838057862312E0));
#4315=CARTESIAN_POINT('',(2.402377445313E-3,-1.362699291710E1,
-1.835091752658E0));
#4316=CARTESIAN_POINT('',(1.311848887690E-1,-1.362656319270E1,
-1.838283723496E0));
#4317=CARTESIAN_POINT('',(2.596888301622E-1,-1.362529821437E1,
-1.847646630086E0));
#4318=CARTESIAN_POINT('',(3.866958087915E-1,-1.362321248929E1,
-1.862980046325E0));
#4319=CARTESIAN_POINT('',(5.156360971519E-1,-1.362021653393E1,
-1.884785435879E0));
#4320=CARTESIAN_POINT('',(6.493591170567E-1,-1.361612313696E1,
-1.914177251082E0));
#4321=CARTESIAN_POINT('',(7.936106943877E-1,-1.361050718242E1,
-1.953793270297E0));
#4322=CARTESIAN_POINT('',(9.540007937404E-1,-1.360264168918E1,
-2.007974568847E0));
#4323=CARTESIAN_POINT('',(1.131035475365E0,-1.359170716711E1,
-2.080955051488E0));
#4324=CARTESIAN_POINT('',(1.324697846280E0,-1.357657246517E1,
-2.177917449766E0));
#4325=CARTESIAN_POINT('',(1.533336764609E0,-1.355573869729E1,
-2.304662518602E0));
#4326=CARTESIAN_POINT('',(1.754963857304E0,-1.352701382805E1,
-2.468630475807E0));
#4327=CARTESIAN_POINT('',(1.981079867368E0,-1.348798048221E1,
-2.674754343735E0));
#4328=CARTESIAN_POINT('',(2.193079954717E0,-1.343825096561E1,
-2.915227915619E0));
#4329=CARTESIAN_POINT('',(2.379981875841E0,-1.337785390300E1,
-3.181551797977E0));
#4330=CARTESIAN_POINT('',(2.535462264100E0,-1.330742492125E1,
-3.464827325024E0));
#4331=CARTESIAN_POINT('',(2.658858868375E0,-1.322642247774E1,
-3.762654603278E0));
#4332=CARTESIAN_POINT('',(2.748583536899E0,-1.313462916545E1,
-4.071841006458E0));
#4333=CARTESIAN_POINT('',(2.802844196284E0,-1.303274201107E1,
-4.387154801666E0));
#4334=CARTESIAN_POINT('',(2.814942272941E0,-1.295913402084E1,
-4.597382404302E0));
#4335=CARTESIAN_POINT('',(2.814942272941E0,-1.292077353581E1,
-4.702776970729E0));
#4337=CARTESIAN_POINT('',(2.814942272941E0,-1.292077353581E1,
-4.702776970729E0));
#4338=CARTESIAN_POINT('',(2.814942272941E0,-1.288238521283E1,
-4.808248021277E0));
#4339=CARTESIAN_POINT('',(2.802830231414E0,-1.280355167675E1,
-5.016840752874E0));
#4340=CARTESIAN_POINT('',(2.748370808316E0,-1.267861127735E1,
-5.324601328405E0));
#4341=CARTESIAN_POINT('',(2.658248660752E0,-1.254985128648E1,
-5.621135845050E0));
#4342=CARTESIAN_POINT('',(2.534498810454E0,-1.242033837949E1,
-5.901502926805E0));
#4343=CARTESIAN_POINT('',(2.378906885331E0,-1.229230083261E1,
-6.163488321713E0));
#4344=CARTESIAN_POINT('',(2.190966000433E0,-1.216677593436E1,
-6.407438796778E0));
#4345=CARTESIAN_POINT('',(1.975015894914E0,-1.204863390720E1,
-6.626495138142E0));
#4346=CARTESIAN_POINT('',(1.749732963120E0,-1.194695305924E1,
-6.807669096149E0));
#4347=CARTESIAN_POINT('',(1.526170959851E0,-1.186320071221E1,
-6.952271510360E0));
#4348=CARTESIAN_POINT('',(1.316704407814E0,-1.179791360445E1,
-7.062278632237E0));
#4349=CARTESIAN_POINT('',(1.123658146009E0,-1.174770553249E1,
-7.145365945132E0));
#4350=CARTESIAN_POINT('',(9.461996950248E-1,-1.170937736479E1,
-7.207932577249E0));
#4351=CARTESIAN_POINT('',(7.851130951396E-1,-1.168073924753E1,
-7.254208084935E0));
#4352=CARTESIAN_POINT('',(6.399578157931E-1,-1.165972333587E1,
-7.287916552576E0));
#4353=CARTESIAN_POINT('',(5.058124785201E-1,-1.164418868870E1,
-7.312699697320E0));
#4354=CARTESIAN_POINT('',(3.764079881092E-1,-1.163269283701E1,
-7.330966146397E0));
#4355=CARTESIAN_POINT('',(2.498007046471E-1,-1.162473651792E1,
-7.343571697792E0));
#4356=CARTESIAN_POINT('',(1.236984996525E-1,-1.162000686380E1,
-7.351050947704E0));
#4357=CARTESIAN_POINT('',(-3.522531474725E-3,-1.161846855214E1,
-7.353481253426E0));
#4358=CARTESIAN_POINT('',(-1.305789289255E-1,-1.162018478971E1,
-7.350769764811E0));
#4359=CARTESIAN_POINT('',(-2.565114742439E-1,-1.162507562173E1,
-7.343035079378E0));
#4360=CARTESIAN_POINT('',(-3.834029704236E-1,-1.163323062261E1,
-7.330112960729E0));
#4361=CARTESIAN_POINT('',(-5.120647316217E-1,-1.164483725676E1,
-7.311667136068E0));
#4362=CARTESIAN_POINT('',(-6.463352406437E-1,-1.166055500873E1,
-7.286586503091E0));
#4363=CARTESIAN_POINT('',(-7.916285818131E-1,-1.168179881769E1,
-7.252502459931E0));
#4364=CARTESIAN_POINT('',(-9.518341260022E-1,-1.171050589439E1,
-7.206098761981E0));
#4365=CARTESIAN_POINT('',(-1.128466783877E0,-1.174885137415E1,
-7.143483347681E0));
#4366=CARTESIAN_POINT('',(-1.322033105474E0,-1.179943668779E1,
-7.059737831352E0));
#4367=CARTESIAN_POINT('',(-1.530314393914E0,-1.186466756003E1,
-6.949759364522E0));
#4368=CARTESIAN_POINT('',(-1.752172668334E0,-1.194795125343E1,
-6.805925336792E0));
#4369=CARTESIAN_POINT('',(-1.978062402441E0,-1.205018644104E1,
-6.623659933473E0));
#4370=CARTESIAN_POINT('',(-2.190925782119E0,-1.216683744603E1,
-6.407286485928E0));
#4371=CARTESIAN_POINT('',(-2.378650645630E0,-1.229208973170E1,
-6.163915971997E0));
#4372=CARTESIAN_POINT('',(-2.534548346372E0,-1.242037159798E1,
-5.901440508435E0));
#4373=CARTESIAN_POINT('',(-2.658324387608E0,-1.254994576658E1,
-5.620923643339E0));
#4374=CARTESIAN_POINT('',(-2.748366544691E0,-1.267862062687E1,
-5.324573306951E0));
#4375=CARTESIAN_POINT('',(-2.802808337054E0,-1.280348432503E1,
-5.017011347289E0));
#4376=CARTESIAN_POINT('',(-2.814942272941E0,-1.288235538497E1,
-4.808329972652E0));
#4377=CARTESIAN_POINT('',(-2.814942272941E0,-1.292077353581E1,
-4.702776970729E0));
#4379=CARTESIAN_POINT('',(0.E0,-1.174615775982E1,-4.275251791571E0));
#4380=DIRECTION('',(0.E0,3.420201433257E-1,-9.396926207859E-1));
#4381=DIRECTION('',(-9.139422964091E-1,-3.813687584376E-1,-1.388068763504E-1));
#4382=AXIS2_PLACEMENT_3D('',#4379,#4380,#4381);
#4384=CARTESIAN_POINT('',(0.E0,-1.174615775982E1,-4.275251791571E0));
#4385=DIRECTION('',(0.E0,-9.396926207859E-1,-3.420201433257E-1));
#4386=DIRECTION('',(-1.E0,0.E0,0.E0));
#4387=AXIS2_PLACEMENT_3D('',#4384,#4385,#4386);
#4389=CARTESIAN_POINT('',(0.E0,-6.25E0,1.082531754731E1));
#4390=DIRECTION('',(0.E0,5.E-1,-8.660254037844E-1));
#4391=DIRECTION('',(1.E0,0.E0,0.E0));
#4392=AXIS2_PLACEMENT_3D('',#4389,#4390,#4391);
#4394=CARTESIAN_POINT('',(0.E0,-6.25E0,1.082531754731E1));
#4395=DIRECTION('',(0.E0,-8.660254037844E-1,-5.E-1));
#4396=DIRECTION('',(-1.E0,0.E0,0.E0));
#4397=AXIS2_PLACEMENT_3D('',#4394,#4395,#4396);
#4399=CARTESIAN_POINT('',(-2.814942272942E0,-5.624999999999E0,
9.742785792576E0));
#4400=CARTESIAN_POINT('',(-2.814942272942E0,-5.773387415249E0,
9.657114278437E0));
#4401=CARTESIAN_POINT('',(-2.782969234412E0,-6.073819161463E0,
9.475235244024E0));
#4402=CARTESIAN_POINT('',(-2.585877275054E0,-6.567960680324E0,
9.140017967469E0));
#4403=CARTESIAN_POINT('',(-2.239515882252E0,-6.992991638015E0,
8.816496312904E0));
#4404=CARTESIAN_POINT('',(-1.842421483256E0,-7.295798473006E0,
8.565895507538E0));
#4405=CARTESIAN_POINT('',(-1.356449143823E0,-7.534460782224E0,
8.355603814024E0));
#4406=CARTESIAN_POINT('',(-8.937025629042E-1,-7.670255364619E0,
8.230097001184E0));
#4407=CARTESIAN_POINT('',(-4.859711819322E-1,-7.741304592804E0,
8.163099434418E0));
#4408=CARTESIAN_POINT('',(-4.582745022254E-2,-7.770120927132E0,
8.135571155019E0));
#4409=CARTESIAN_POINT('',(3.571326879702E-1,-7.753537323116E0,
8.151437812843E0));
#4410=CARTESIAN_POINT('',(7.372819228402E-1,-7.700591000731E0,
8.201579809627E0));
#4411=CARTESIAN_POINT('',(1.092212132476E0,-7.616912507457E0,8.279639942168E0));
#4412=CARTESIAN_POINT('',(1.500127412034E0,-7.470742305209E0,8.412477486134E0));
#4413=CARTESIAN_POINT('',(1.892843436146E0,-7.258481706269E0,8.597065898046E0));
#4414=CARTESIAN_POINT('',(2.249995617784E0,-6.978772418072E0,8.827161369008E0));
#4415=CARTESIAN_POINT('',(2.572379325124E0,-6.584921371605E0,9.127092466892E0));
#4416=CARTESIAN_POINT('',(2.775375670304E0,-6.105818862331E0,9.454763537342E0));
#4417=CARTESIAN_POINT('',(2.814942272942E0,-5.788093429481E0,9.648623757161E0));
#4418=CARTESIAN_POINT('',(2.814942272942E0,-5.624999999999E0,9.742785792576E0));
#4420=CARTESIAN_POINT('',(0.E0,-6.25E0,1.082531754731E1));
#4421=DIRECTION('',(0.E0,8.660254037844E-1,5.E-1));
#4422=DIRECTION('',(1.E0,0.E0,0.E0));
#4423=AXIS2_PLACEMENT_3D('',#4420,#4421,#4422);
#4425=CARTESIAN_POINT('',(2.814942272942E0,-5.624999999999E0,9.742785792576E0));
#4426=CARTESIAN_POINT('',(2.814942272942E0,-5.469662107715E0,9.832470166502E0));
#4427=CARTESIAN_POINT('',(2.778827061162E0,-5.152776663026E0,1.000594567591E1));
#4428=CARTESIAN_POINT('',(2.583044651900E0,-4.628802450934E0,1.025894243452E1));
#4429=CARTESIAN_POINT('',(2.244122956404E0,-4.145209343573E0,1.046174903167E1));
#4430=CARTESIAN_POINT('',(1.854539755379E0,-3.779692764093E0,1.059799478227E1));
#4431=CARTESIAN_POINT('',(1.368091225297E0,-3.474964993243E0,1.070089686691E1));
#4432=CARTESIAN_POINT('',(9.149407077450E-1,-3.299220594400E0,
1.075557689470E1));
#4433=CARTESIAN_POINT('',(5.078030091934E-1,-3.202291696272E0,
1.078469116668E1));
#4434=CARTESIAN_POINT('',(6.818140487663E-2,-3.160984822093E0,
1.079678066533E1));
#4435=CARTESIAN_POINT('',(-3.372329886425E-1,-3.180034631985E0,
1.079122514242E1));
#4436=CARTESIAN_POINT('',(-7.283304669040E-1,-3.249732971260E0,
1.077053899892E1));
#4437=CARTESIAN_POINT('',(-1.088559706043E0,-3.360919444920E0,
1.073654732953E1));
#4438=CARTESIAN_POINT('',(-1.489029086442E0,-3.543492325432E0,
1.067828510697E1));
#4439=CARTESIAN_POINT('',(-1.897999910843E0,-3.819061404863E0,
1.058357557447E1));
#4440=CARTESIAN_POINT('',(-2.252826745581E0,-4.159577037904E0,
1.045552335106E1));
#4441=CARTESIAN_POINT('',(-2.568932651344E0,-4.606569797135E0,
1.026847995111E1));
#4442=CARTESIAN_POINT('',(-2.773967182033E0,-5.128750354132E0,
1.001851036110E1));
#4443=CARTESIAN_POINT('',(-2.814942272942E0,-5.459063970529E0,
9.838589003859E0));
#4444=CARTESIAN_POINT('',(-2.814942272942E0,-5.624999999999E0,
9.742785792576E0));
#4446=CARTESIAN_POINT('',(0.E0,-6.25E0,1.082531754731E1));
#4447=DIRECTION('',(0.E0,5.E-1,-8.660254037844E-1));
#4448=DIRECTION('',(0.E0,8.660254037844E-1,5.E-1));
#4449=AXIS2_PLACEMENT_3D('',#4446,#4447,#4448);
#4451=CARTESIAN_POINT('',(0.E0,-6.25E0,1.082531754731E1));
#4452=DIRECTION('',(0.E0,8.660254037844E-1,5.E-1));
#4453=DIRECTION('',(9.139422964100E-1,-2.029220779220E-1,3.514713489383E-1));
#4454=AXIS2_PLACEMENT_3D('',#4451,#4452,#4453);
#4456=CARTESIAN_POINT('',(0.E0,-6.25E0,1.082531754731E1));
#4457=DIRECTION('',(0.E0,-5.E-1,8.660254037844E-1));
#4458=DIRECTION('',(0.E0,8.660254037844E-1,5.E-1));
#4459=AXIS2_PLACEMENT_3D('',#4456,#4457,#4458);
#4461=CARTESIAN_POINT('',(-2.814942272943E0,-6.874999999999E0,
1.190784930204E1));
#4462=CARTESIAN_POINT('',(-2.814942272943E0,-6.777796501691E0,
1.196396976795E1));
#4463=CARTESIAN_POINT('',(-2.802830065009E0,-6.583323623240E0,
1.207308899757E1));
#4464=CARTESIAN_POINT('',(-2.748368915693E0,-6.289783469296E0,
1.222853991062E1));
#4465=CARTESIAN_POINT('',(-2.658244142546E0,-6.000534835653E0,
1.237293490334E1));
#4466=CARTESIAN_POINT('',(-2.534490581569E0,-5.721101881905E0,
1.250446063995E1));
#4467=CARTESIAN_POINT('',(-2.378896534954E0,-5.454619405619E0,
1.262285128204E1));
#4468=CARTESIAN_POINT('',(-2.190953040244E0,-5.201652183606E0,
1.272904260127E1));
#4469=CARTESIAN_POINT('',(-1.974979542129E0,-4.970323847209E0,
1.282091650344E1));
#4470=CARTESIAN_POINT('',(-1.749685108916E0,-4.775974430621E0,
1.289434422678E1));
#4471=CARTESIAN_POINT('',(-1.526126755451E0,-4.618877116239E0,
1.295127729153E1));
#4472=CARTESIAN_POINT('',(-1.316668815709E0,-4.498162803988E0,
1.299357823508E1));
#4473=CARTESIAN_POINT('',(-1.123646204769E0,-4.406307478520E0,
1.302494888176E1));
#4474=CARTESIAN_POINT('',(-9.462148538728E-1,-4.336739613550E0,
1.304823741266E1));
#4475=CARTESIAN_POINT('',(-7.851409731018E-1,-4.285058499579E0,
1.306527757049E1));
#4476=CARTESIAN_POINT('',(-6.399854989729E-1,-4.247290254469E0,
1.307759157803E1));
#4477=CARTESIAN_POINT('',(-5.058417094364E-1,-4.219458737512E0,
1.308659142221E1));
#4478=CARTESIAN_POINT('',(-3.764427873078E-1,-4.198910177225E0,
1.309319520304E1));
#4479=CARTESIAN_POINT('',(-2.498283705388E-1,-4.184710359432E0,
1.309773811059E1));
#4480=CARTESIAN_POINT('',(-1.237324473715E-1,-4.176278828577E0,
1.310042765332E1));
#4481=CARTESIAN_POINT('',(3.486870866365E-3,-4.173536543508E0,
1.310130110950E1));
#4482=CARTESIAN_POINT('',(1.305478163410E-1,-4.176592755415E0,
1.310032761551E1));
#4483=CARTESIAN_POINT('',(2.564792609004E-1,-4.185309760081E0,
1.309754670082E1));
#4484=CARTESIAN_POINT('',(3.833638315411E-1,-4.199860489994E0,
1.309289053569E1));
#4485=CARTESIAN_POINT('',(5.120299802706E-1,-4.220607378446E0,
1.308622116475E1));
#4486=CARTESIAN_POINT('',(6.462930725811E-1,-4.248766064142E0,
1.307711255587E1));
#4487=CARTESIAN_POINT('',(7.915804887560E-1,-4.286944246833E0,
1.306465937097E1));
#4488=CARTESIAN_POINT('',(9.517892300647E-1,-4.338760847823E0,
1.304756536098E1));
#4489=CARTESIAN_POINT('',(1.128419110599E0,-4.408379027799E0,1.302424880621E1));
#4490=CARTESIAN_POINT('',(1.321988594242E0,-4.500957092816E0,1.299261289028E1));
#4491=CARTESIAN_POINT('',(1.530281460941E0,-4.621622090070E0,1.295029346263E1));
#4492=CARTESIAN_POINT('',(1.752145121895E0,-4.777875240038E0,1.289364446148E1));
#4493=CARTESIAN_POINT('',(1.978046380235E0,-4.973355994202E0,1.281973458529E1));
#4494=CARTESIAN_POINT('',(2.190911153075E0,-5.201796439494E0,1.272896565973E1));
#4495=CARTESIAN_POINT('',(2.378638577165E0,-5.454179745220E0,1.262304454594E1));
#4496=CARTESIAN_POINT('',(2.534540800055E0,-5.721168597002E0,1.250443367457E1));
#4497=CARTESIAN_POINT('',(2.658320378545E0,-6.000745057665E0,1.237283236999E1));
#4498=CARTESIAN_POINT('',(2.748364650692E0,-6.289808928303E0,1.222852429071E1));
#4499=CARTESIAN_POINT('',(2.802807989517E0,-6.583161085006E0,1.207317708411E1));
#4500=CARTESIAN_POINT('',(2.814942272943E0,-6.777720379033E0,1.196401371739E1));
#4501=CARTESIAN_POINT('',(2.814942272943E0,-6.874999999999E0,1.190784930204E1));
#4503=CARTESIAN_POINT('',(2.814942272943E0,-6.874999999999E0,1.190784930204E1));
#4504=CARTESIAN_POINT('',(2.814942272943E0,-6.972055934241E0,1.185181403228E1));
#4505=CARTESIAN_POINT('',(2.802868139334E0,-7.163491823785E0,1.173813866402E1));
#4506=CARTESIAN_POINT('',(2.748577457149E0,-7.444441168345E0,1.156195151827E1));
#4507=CARTESIAN_POINT('',(2.658791462846E0,-7.713615736038E0,1.138402272604E1));
#4508=CARTESIAN_POINT('',(2.535375544552E0,-7.967054699045E0,1.120796796647E1));
#4509=CARTESIAN_POINT('',(2.380211351658E0,-8.202621423554E0,1.103658319894E1));
#4510=CARTESIAN_POINT('',(2.193091442820E0,-8.420573173760E0,1.087103896091E1));
#4511=CARTESIAN_POINT('',(1.978574852660E0,-8.615139991140E0,1.071724479286E1));
#4512=CARTESIAN_POINT('',(1.753801447580E0,-8.776201768747E0,1.058548031345E1));
#4513=CARTESIAN_POINT('',(1.530739500435E0,-8.904294104155E0,1.047774638424E1));
#4514=CARTESIAN_POINT('',(1.321899215214E0,-9.001478899248E0,1.039422691817E1));
#4515=CARTESIAN_POINT('',(1.128751291514E0,-9.075036493119E0,1.032998502469E1));
#4516=CARTESIAN_POINT('',(9.508527248348E-1,-9.130430051622E0,
1.028100535012E1));
#4517=CARTESIAN_POINT('',(7.903660489980E-1,-9.171124105346E0,
1.024469074207E1));
#4518=CARTESIAN_POINT('',(6.458862033059E-1,-9.200795604281E0,
1.021803519079E1));
#4519=CARTESIAN_POINT('',(5.115368305596E-1,-9.222777329915E0,
1.019819058719E1));
#4520=CARTESIAN_POINT('',(3.820786860525E-1,-9.238985414575E0,
1.018350427316E1));
#4521=CARTESIAN_POINT('',(2.550467847625E-1,-9.250271170766E0,
1.017325075029E1));
#4522=CARTESIAN_POINT('',(1.265159490317E-1,-9.257095291212E0,
1.016703975404E1));
#4523=CARTESIAN_POINT('',(-2.402241688169E-3,-9.259308072765E0,
1.016502394081E1));
#4524=CARTESIAN_POINT('',(-1.311940829076E-1,-9.256926774195E0,
1.016719323077E1));
#4525=CARTESIAN_POINT('',(-2.597059514929E-1,-9.249938503988E0,
1.017355332167E1));
#4526=CARTESIAN_POINT('',(-3.867231005891E-1,-9.238482860159E0,
1.018396031269E1));
#4527=CARTESIAN_POINT('',(-5.156659644697E-1,-9.222170142967E0,
1.019873974870E1));
#4528=CARTESIAN_POINT('',(-6.493911923123E-1,-9.200140094309E0,
1.021862545131E1));
#4529=CARTESIAN_POINT('',(-7.936396044099E-1,-9.170372554176E0,
1.024536388535E1));
#4530=CARTESIAN_POINT('',(-9.540254035091E-1,-9.129519858359E0,
1.028181355392E1));
#4531=CARTESIAN_POINT('',(-1.131057369036E0,-9.074232015383E0,
1.033069170314E1));
#4532=CARTESIAN_POINT('',(-1.324718634059E0,-9.000310678037E0,
1.039524179879E1));
#4533=CARTESIAN_POINT('',(-1.533354625121E0,-8.902880500668E0,
1.047894269250E1));
#4534=CARTESIAN_POINT('',(-1.754980946322E0,-8.775477590418E0,
1.058608674443E1));
#4535=CARTESIAN_POINT('',(-1.981092279014E0,-8.613083443943E0,
1.071889555729E1));
#4536=CARTESIAN_POINT('',(-2.193092424990E0,-8.420412395400E0,
1.087114522159E1));
#4537=CARTESIAN_POINT('',(-2.379991435185E0,-8.202955595509E0,
1.103633842375E1));
#4538=CARTESIAN_POINT('',(-2.535467588353E0,-7.966921185914E0,
1.120806640846E1));
#4539=CARTESIAN_POINT('',(-2.658862120387E0,-7.713431402718E0,
1.138414672454E1));
#4540=CARTESIAN_POINT('',(-2.748584768708E0,-7.444375542542E0,
1.156199137704E1));
#4541=CARTESIAN_POINT('',(-2.802844549106E0,-7.163647333712E0,
1.173804276249E1));
#4542=CARTESIAN_POINT('',(-2.814942272943E0,-6.972130905943E0,
1.185177074735E1));
#4543=CARTESIAN_POINT('',(-2.814942272943E0,-6.874999999999E0,
1.190784930204E1));
#4545=CARTESIAN_POINT('',(0.E0,-6.25E0,1.082531754731E1));
#4546=DIRECTION('',(0.E0,-8.660254037844E-1,-5.E-1));
#4547=DIRECTION('',(-9.139422964100E-1,-2.029220779220E-1,3.514713489383E-1));
#4548=AXIS2_PLACEMENT_3D('',#4545,#4546,#4547);
#4550=CARTESIAN_POINT('',(0.E0,-6.25E0,1.082531754731E1));
#4551=DIRECTION('',(0.E0,-5.E-1,8.660254037844E-1));
#4552=DIRECTION('',(-1.E0,0.E0,0.E0));
#4553=AXIS2_PLACEMENT_3D('',#4550,#4551,#4552);
#4555=CARTESIAN_POINT('',(0.E0,9.575555538987E0,8.034845121082E0));
#4556=DIRECTION('',(0.E0,-7.660444431190E-1,-6.427876096865E-1));
#4557=DIRECTION('',(1.E0,0.E0,0.E0));
#4558=AXIS2_PLACEMENT_3D('',#4555,#4556,#4557);
#4560=CARTESIAN_POINT('',(0.E0,9.575555538987E0,8.034845121082E0));
#4561=DIRECTION('',(0.E0,-6.427876096865E-1,7.660444431190E-1));
#4562=DIRECTION('',(-1.E0,0.E0,0.E0));
#4563=AXIS2_PLACEMENT_3D('',#4560,#4561,#4562);
#4565=CARTESIAN_POINT('',(-2.814942272943E0,8.617999985088E0,7.231360608974E0));
#4566=CARTESIAN_POINT('',(-2.814942272943E0,8.507863504165E0,7.362616155790E0));
#4567=CARTESIAN_POINT('',(-2.782966242037E0,8.276574707499E0,7.626905684125E0));
#4568=CARTESIAN_POINT('',(-2.585859238493E0,7.860597485245E0,8.055374942492E0));
#4569=CARTESIAN_POINT('',(-2.239432314865E0,7.468160466147E0,8.417785854285E0));
#4570=CARTESIAN_POINT('',(-1.842314286192E0,7.168792630781E0,8.672465003252E0));
#4571=CARTESIAN_POINT('',(-1.356323502603E0,6.920267803602E0,8.870969533722E0));
#4572=CARTESIAN_POINT('',(-8.936593076624E-1,6.773135799812E0,
8.982869318881E0));
#4573=CARTESIAN_POINT('',(-4.860252904028E-1,6.694829591697E0,
9.041197172426E0));
#4574=CARTESIAN_POINT('',(-4.600554415311E-2,6.662716904826E0,
9.064794580243E0));
#4575=CARTESIAN_POINT('',(3.568219727343E-1,6.681182145167E0,9.051247564306E0));
#4576=CARTESIAN_POINT('',(7.369182323542E-1,6.739715833291E0,9.007843376154E0));
#4577=CARTESIAN_POINT('',(1.091790981135E0,6.831063321687E0,8.939035259785E0));
#4578=CARTESIAN_POINT('',(1.499624066022E0,6.987155748143E0,8.818243487778E0));
#4579=CARTESIAN_POINT('',(1.892564053098E0,7.205848260757E0,8.641229918316E0));
#4580=CARTESIAN_POINT('',(2.249822413807E0,7.481026164027E0,8.405730801838E0));
#4581=CARTESIAN_POINT('',(2.572346045919E0,7.844912026944E0,8.069846549365E0));
#4582=CARTESIAN_POINT('',(2.775388745356E0,8.250880196162E0,7.654839926749E0));
#4583=CARTESIAN_POINT('',(2.814942272943E0,8.496960657865E0,7.375609662037E0));
#4584=CARTESIAN_POINT('',(2.814942272943E0,8.617999985088E0,7.231360608974E0));
#4586=CARTESIAN_POINT('',(0.E0,9.575555538987E0,8.034845121082E0));
#4587=DIRECTION('',(0.E0,6.427876096865E-1,-7.660444431190E-1));
#4588=DIRECTION('',(1.E0,0.E0,0.E0));
#4589=AXIS2_PLACEMENT_3D('',#4586,#4587,#4588);
#4591=CARTESIAN_POINT('',(2.814942272943E0,8.617999985088E0,7.231360608974E0));
#4592=CARTESIAN_POINT('',(2.814942272943E0,8.733286781789E0,7.093967154827E0));
#4593=CARTESIAN_POINT('',(2.778834358642E0,8.959136817263E0,6.812041228544E0));
#4594=CARTESIAN_POINT('',(2.583079447430E0,9.299251587714E0,6.340001314270E0));
#4595=CARTESIAN_POINT('',(2.244208495989E0,9.582946071370E0,5.898991466502E0));
#4596=CARTESIAN_POINT('',(1.854637924042E0,9.780609223020E0,5.562666699725E0));
#4597=CARTESIAN_POINT('',(1.368208333912E0,9.934876885609E0,5.280416889089E0));
#4598=CARTESIAN_POINT('',(9.150094069399E-1,1.001926465743E1,5.116798739134E0));
#4599=CARTESIAN_POINT('',(5.078348158697E-1,1.006477137320E1,5.026391622045E0));
#4600=CARTESIAN_POINT('',(6.817705827786E-2,1.008385456268E1,4.987802633830E0));
#4601=CARTESIAN_POINT('',(-3.372546092385E-1,1.007507471180E1,
5.005599865208E0));
#4602=CARTESIAN_POINT('',(-7.283490333800E-1,1.004259754748E1,
5.070651761829E0));
#4603=CARTESIAN_POINT('',(-1.088559142805E0,9.989818416672E0,5.174239534711E0));
#4604=CARTESIAN_POINT('',(-1.489000297662E0,9.900745187754E0,5.343908034068E0));
#4605=CARTESIAN_POINT('',(-1.897961577820E0,9.759629132300E0,5.598833666788E0));
#4606=CARTESIAN_POINT('',(-2.252782247499E0,9.574400168116E0,5.911929236764E0));
#4607=CARTESIAN_POINT('',(-2.568913046198E0,9.312583867467E0,6.319647934972E0));
#4608=CARTESIAN_POINT('',(-2.773961588272E0,8.975726950511E0,6.790505535413E0));
#4609=CARTESIAN_POINT('',(-2.814942272943E0,8.741169629882E0,7.084572742293E0));
#4610=CARTESIAN_POINT('',(-2.814942272943E0,8.617999985088E0,7.231360608974E0));
#4612=CARTESIAN_POINT('',(0.E0,9.575555538987E0,8.034845121082E0));
#4613=DIRECTION('',(0.E0,-7.660444431190E-1,-6.427876096865E-1));
#4614=DIRECTION('',(0.E0,6.427876096865E-1,-7.660444431190E-1));
#4615=AXIS2_PLACEMENT_3D('',#4612,#4613,#4614);
#4617=CARTESIAN_POINT('',(0.E0,9.575555538987E0,8.034845121082E0));
#4618=DIRECTION('',(0.E0,6.427876096865E-1,-7.660444431190E-1));
#4619=DIRECTION('',(9.139422964096E-1,3.108946603574E-1,2.608715948408E-1));
#4620=AXIS2_PLACEMENT_3D('',#4617,#4618,#4619);
#4622=CARTESIAN_POINT('',(0.E0,9.575555538987E0,8.034845121082E0));
#4623=DIRECTION('',(0.E0,7.660444431190E-1,6.427876096865E-1));
#4624=DIRECTION('',(0.E0,6.427876096865E-1,-7.660444431190E-1));
#4625=AXIS2_PLACEMENT_3D('',#4622,#4623,#4624);
#4627=CARTESIAN_POINT('',(-2.814942272942E0,1.053311109289E1,8.838329633191E0));
#4628=CARTESIAN_POINT('',(-2.814942272942E0,1.060525754054E1,8.752348845011E0));
#4629=CARTESIAN_POINT('',(-2.802830231415E0,1.074648737711E1,8.579780634287E0));
#4630=CARTESIAN_POINT('',(-2.748370808316E0,1.095054565410E1,8.317698786688E0));
#4631=CARTESIAN_POINT('',(-2.658248660751E0,1.114297208318E1,8.057922105279E0));
#4632=CARTESIAN_POINT('',(-2.534498810453E0,1.132102064487E1,7.805577096831E0));
#4633=CARTESIAN_POINT('',(-2.378906885330E0,1.148388787884E1,7.563700631145E0));
#4634=CARTESIAN_POINT('',(-2.190966000431E0,1.163239273839E1,7.333017642921E0));
#4635=CARTESIAN_POINT('',(-1.975015894910E0,1.176303008129E1,7.121175475462E0));
#4636=CARTESIAN_POINT('',(-1.749732963115E0,1.186909090745E1,6.942530299045E0));
#4637=CARTESIAN_POINT('',(-1.526170959847E0,1.195244409808E1,6.797697431782E0));
#4638=CARTESIAN_POINT('',(-1.316704407810E0,1.201506950635E1,6.686153576990E0));
#4639=CARTESIAN_POINT('',(-1.123658146007E0,1.206192119407E1,6.601128454753E0));
#4640=CARTESIAN_POINT('',(-9.461996950248E-1,1.209694140306E1,
6.536651971783E0));
#4641=CARTESIAN_POINT('',(-7.851130951403E-1,1.212269810966E1,
6.488712880878E0));
#4642=CARTESIAN_POINT('',(-6.399578157939E-1,1.214138254312E1,
6.453658333671E0));
#4643=CARTESIAN_POINT('',(-5.058124785214E-1,1.215507805247E1,
6.427813362213E0));
#4644=CARTESIAN_POINT('',(-3.764079881109E-1,1.216514933557E1,
6.408724438071E0));
#4645=CARTESIAN_POINT('',(-2.498007046488E-1,1.217208790376E1,
6.395531287921E0));
#4646=CARTESIAN_POINT('',(-1.236984996548E-1,1.217620029713E1,
6.387695662353E0));
#4647=CARTESIAN_POINT('',(3.522531471974E-3,1.217753584779E1,6.385148292509E0));
#4648=CARTESIAN_POINT('',(1.305789289233E-1,1.217604574855E1,6.387990342150E0));
#4649=CARTESIAN_POINT('',(2.565114742416E-1,1.217179273049E1,6.396093269648E0));
#4650=CARTESIAN_POINT('',(3.834029704210E-1,1.216467934791E1,6.409616766901E0));
#4651=CARTESIAN_POINT('',(5.120647316193E-1,1.215450811223E1,6.428891319255E0));
#4652=CARTESIAN_POINT('',(6.463352406409E-1,1.214064652291E1,6.455043608237E0));
#4653=CARTESIAN_POINT('',(7.916285818101E-1,1.212175078015E1,6.490483308054E0));
#4654=CARTESIAN_POINT('',(9.518341259993E-1,1.209591753725E1,6.538546214719E0));
#4655=CARTESIAN_POINT('',(1.128466783874E0,1.206086373768E1,6.603062081464E0));
#4656=CARTESIAN_POINT('',(1.322033105471E0,1.201363064991E1,6.688743006297E0));
#4657=CARTESIAN_POINT('',(1.530314393912E0,1.195100193988E1,6.800223832183E0));
#4658=CARTESIAN_POINT('',(1.752172668331E0,1.186807986464E1,6.944266640252E0));
#4659=CARTESIAN_POINT('',(1.978062402439E0,1.176135098894E1,7.123937611538E0));
#4660=CARTESIAN_POINT('',(2.190925782117E0,1.163229158916E1,7.333147069015E0));
#4661=CARTESIAN_POINT('',(2.378650645629E0,1.148415268439E1,7.563303987248E0));
#4662=CARTESIAN_POINT('',(2.534548346371E0,1.132098319822E1,7.805637074070E0));
#4663=CARTESIAN_POINT('',(2.658324387608E0,1.114283555115E1,8.058110028299E0));
#4664=CARTESIAN_POINT('',(2.748366544691E0,1.095052606157E1,8.317720894332E0));
#4665=CARTESIAN_POINT('',(2.802808337055E0,1.074660144035E1,8.579637008789E0));
#4666=CARTESIAN_POINT('',(2.814942272942E0,1.060531359858E1,8.752282037638E0));
#4667=CARTESIAN_POINT('',(2.814942272942E0,1.053311109289E1,8.838329633191E0));
#4669=CARTESIAN_POINT('',(2.814942272942E0,1.053311109289E1,8.838329633191E0));
#4670=CARTESIAN_POINT('',(2.814942272942E0,1.046107353867E1,8.924180647228E0));
#4671=CARTESIAN_POINT('',(2.802868139332E0,1.031588266132E1,9.092968674910E0));
#4672=CARTESIAN_POINT('',(2.748577457148E0,1.009358585251E1,9.339055190850E0));
#4673=CARTESIAN_POINT('',(2.658791462846E0,9.871618525286E0,9.573243381502E0));
#4674=CARTESIAN_POINT('',(2.535375544552E0,9.654229219032E0,9.792260449018E0));
#4675=CARTESIAN_POINT('',(2.380211351659E0,9.444542438791E0,9.994487733105E0));
#4676=CARTESIAN_POINT('',(2.193091442821E0,9.243666265470E0,1.018038185123E1));
#4677=CARTESIAN_POINT('',(1.978574852661E0,9.058422403128E0,1.034528668445E1));
#4678=CARTESIAN_POINT('',(1.753801447581E0,8.900691638064E0,1.048102091002E1));
#4679=CARTESIAN_POINT('',(1.530739500437E0,8.772351428701E0,1.058845943455E1));
#4680=CARTESIAN_POINT('',(1.321899215216E0,8.673224848423E0,1.066966477115E1));
#4681=CARTESIAN_POINT('',(1.128751291517E0,8.597185791527E0,1.073094937216E1));
#4682=CARTESIAN_POINT('',(9.508527248385E-1,8.539331237777E0,1.077699614680E1));
#4683=CARTESIAN_POINT('',(7.903660490016E-1,8.496501881954E0,1.081076600090E1));
#4684=CARTESIAN_POINT('',(6.458862033091E-1,8.465098886667E0,1.083535803519E1));
#4685=CARTESIAN_POINT('',(5.115368305626E-1,8.441738680597E0,1.085355982977E1));
#4686=CARTESIAN_POINT('',(3.820786860548E-1,8.424460980308E0,1.086697142554E1));
#4687=CARTESIAN_POINT('',(2.550467847645E-1,8.412403480491E0,1.087630522017E1));
#4688=CARTESIAN_POINT('',(1.265159490333E-1,8.405101847153E0,1.088194713872E1));
#4689=CARTESIAN_POINT('',(-2.402241687337E-3,8.402732413166E0,
1.088377626085E1));
#4690=CARTESIAN_POINT('',(-1.311940829072E-1,8.405282254902E0,
1.088180783281E1));
#4691=CARTESIAN_POINT('',(-2.597059514930E-1,8.412759222112E0,
1.087603014832E1));
#4692=CARTESIAN_POINT('',(-3.867231005899E-1,8.424997359231E0,
1.086655569649E1));
#4693=CARTESIAN_POINT('',(-5.156659644706E-1,8.442384936010E0,
1.085305722825E1));
#4694=CARTESIAN_POINT('',(-6.493911923134E-1,8.465794007924E0,
1.083481498156E1));
#4695=CARTESIAN_POINT('',(-7.936396044108E-1,8.497295304163E0,
1.081014275759E1));
#4696=CARTESIAN_POINT('',(-9.540254035101E-1,8.540285216546E0,
1.077624012454E1));
#4697=CARTESIAN_POINT('',(-1.131057369037E0,8.598021430029E0,1.073027982967E1));
#4698=CARTESIAN_POINT('',(-1.324718634060E0,8.674427170202E0,1.066869053002E1));
#4699=CARTESIAN_POINT('',(-1.533354625122E0,8.773775032013E0,1.058727504363E1));
#4700=CARTESIAN_POINT('',(-1.754980946323E0,8.901414608244E0,1.048041303922E1));
#4701=CARTESIAN_POINT('',(-1.981092279015E0,9.060405204416E0,1.034354803306E1));
#4702=CARTESIAN_POINT('',(-2.193092424991E0,9.243798830675E0,1.018024196743E1));
#4703=CARTESIAN_POINT('',(-2.379991435185E0,9.444243353937E0,9.994774323472E0));
#4704=CARTESIAN_POINT('',(-2.535467588353E0,9.654349349782E0,9.792146058524E0));
#4705=CARTESIAN_POINT('',(-2.658862120386E0,9.871772649118E0,9.573083380733E0));
#4706=CARTESIAN_POINT('',(-2.748584768707E0,1.009363650154E1,9.338997483453E0));
#4707=CARTESIAN_POINT('',(-2.802844549104E0,1.031576121274E1,9.093105169168E0));
#4708=CARTESIAN_POINT('',(-2.814942272942E0,1.046101789264E1,8.924246963593E0));
#4709=CARTESIAN_POINT('',(-2.814942272942E0,1.053311109289E1,8.838329633191E0));
#4711=CARTESIAN_POINT('',(0.E0,9.575555538987E0,8.034845121082E0));
#4712=DIRECTION('',(0.E0,-6.427876096865E-1,7.660444431190E-1));
#4713=DIRECTION('',(-9.139422964096E-1,3.108946603574E-1,2.608715948408E-1));
#4714=AXIS2_PLACEMENT_3D('',#4711,#4712,#4713);
#4716=CARTESIAN_POINT('',(0.E0,9.575555538987E0,8.034845121082E0));
#4717=DIRECTION('',(0.E0,7.660444431190E-1,6.427876096865E-1));
#4718=DIRECTION('',(-1.E0,0.E0,0.E0));
#4719=AXIS2_PLACEMENT_3D('',#4716,#4717,#4718);
#4721=CARTESIAN_POINT('',(0.E0,9.575555538987E0,-8.034845121082E0));
#4722=DIRECTION('',(0.E0,-7.660444431190E-1,6.427876096865E-1));
#4723=DIRECTION('',(1.E0,0.E0,0.E0));
#4724=AXIS2_PLACEMENT_3D('',#4721,#4722,#4723);
#4726=CARTESIAN_POINT('',(0.E0,9.575555538987E0,-8.034845121082E0));
#4727=DIRECTION('',(0.E0,6.427876096865E-1,7.660444431190E-1));
#4728=DIRECTION('',(-1.E0,0.E0,0.E0));
#4729=AXIS2_PLACEMENT_3D('',#4726,#4727,#4728);
#4731=CARTESIAN_POINT('',(-2.814942272943E0,8.617999985089E0,
-7.231360608974E0));
#4732=CARTESIAN_POINT('',(-2.814942272943E0,8.733286781789E0,
-7.093967154827E0));
#4733=CARTESIAN_POINT('',(-2.778834358643E0,8.959136817263E0,
-6.812041228545E0));
#4734=CARTESIAN_POINT('',(-2.583079447430E0,9.299251587714E0,
-6.340001314271E0));
#4735=CARTESIAN_POINT('',(-2.244208495988E0,9.582946071370E0,
-5.898991466501E0));
#4736=CARTESIAN_POINT('',(-1.854637924042E0,9.780609223020E0,
-5.562666699725E0));
#4737=CARTESIAN_POINT('',(-1.368208333907E0,9.934876885611E0,
-5.280416889087E0));
#4738=CARTESIAN_POINT('',(-9.150094069371E-1,1.001926465743E1,
-5.116798739133E0));
#4739=CARTESIAN_POINT('',(-5.078348158657E-1,1.006477137320E1,
-5.026391622044E0));
#4740=CARTESIAN_POINT('',(-6.817705827424E-2,1.008385456268E1,
-4.987802633830E0));
#4741=CARTESIAN_POINT('',(3.372546092421E-1,1.007507471180E1,
-5.005599865208E0));
#4742=CARTESIAN_POINT('',(7.283490333836E-1,1.004259754748E1,
-5.070651761830E0));
#4743=CARTESIAN_POINT('',(1.088559142808E0,9.989818416671E0,-5.174239534712E0));
#4744=CARTESIAN_POINT('',(1.489000297664E0,9.900745187754E0,-5.343908034069E0));
#4745=CARTESIAN_POINT('',(1.897961577826E0,9.759629132298E0,-5.598833666791E0));
#4746=CARTESIAN_POINT('',(2.252782247504E0,9.574400168113E0,-5.911929236768E0));
#4747=CARTESIAN_POINT('',(2.568913046201E0,9.312583867463E0,-6.319647934978E0));
#4748=CARTESIAN_POINT('',(2.773961588273E0,8.975726950508E0,-6.790505535417E0));
#4749=CARTESIAN_POINT('',(2.814942272943E0,8.741169629880E0,-7.084572742294E0));
#4750=CARTESIAN_POINT('',(2.814942272943E0,8.617999985089E0,-7.231360608974E0));
#4752=CARTESIAN_POINT('',(0.E0,9.575555538987E0,-8.034845121082E0));
#4753=DIRECTION('',(0.E0,-6.427876096865E-1,-7.660444431190E-1));
#4754=DIRECTION('',(1.E0,0.E0,0.E0));
#4755=AXIS2_PLACEMENT_3D('',#4752,#4753,#4754);
#4757=CARTESIAN_POINT('',(2.814942272943E0,8.617999985089E0,-7.231360608974E0));
#4758=CARTESIAN_POINT('',(2.814942272943E0,8.507863504167E0,-7.362616155788E0));
#4759=CARTESIAN_POINT('',(2.782966242038E0,8.276574707505E0,-7.626905684119E0));
#4760=CARTESIAN_POINT('',(2.585859238499E0,7.860597485254E0,-8.055374942482E0));
#4761=CARTESIAN_POINT('',(2.239432314874E0,7.468160466155E0,-8.417785854277E0));
#4762=CARTESIAN_POINT('',(1.842314286202E0,7.168792630788E0,-8.672465003246E0));
#4763=CARTESIAN_POINT('',(1.356323502615E0,6.920267803606E0,-8.870969533718E0));
#4764=CARTESIAN_POINT('',(8.936593076712E-1,6.773135799814E0,
-8.982869318880E0));
#4765=CARTESIAN_POINT('',(4.860252904113E-1,6.694829591698E0,
-9.041197172425E0));
#4766=CARTESIAN_POINT('',(4.600554415868E-2,6.662716904826E0,
-9.064794580243E0));
#4767=CARTESIAN_POINT('',(-3.568219727312E-1,6.681182145166E0,
-9.051247564307E0));
#4768=CARTESIAN_POINT('',(-7.369182323541E-1,6.739715833291E0,
-9.007843376154E0));
#4769=CARTESIAN_POINT('',(-1.091790981137E0,6.831063321688E0,
-8.939035259784E0));
#4770=CARTESIAN_POINT('',(-1.499624066025E0,6.987155748145E0,
-8.818243487777E0));
#4771=CARTESIAN_POINT('',(-1.892564053102E0,7.205848260760E0,
-8.641229918314E0));
#4772=CARTESIAN_POINT('',(-2.249822413808E0,7.481026164028E0,
-8.405730801837E0));
#4773=CARTESIAN_POINT('',(-2.572346045920E0,7.844912026945E0,
-8.069846549364E0));
#4774=CARTESIAN_POINT('',(-2.775388745356E0,8.250880196162E0,
-7.654839926749E0));
#4775=CARTESIAN_POINT('',(-2.814942272943E0,8.496960657865E0,
-7.375609662037E0));
#4776=CARTESIAN_POINT('',(-2.814942272943E0,8.617999985089E0,
-7.231360608974E0));
#4778=CARTESIAN_POINT('',(0.E0,9.575555538987E0,-8.034845121082E0));
#4779=DIRECTION('',(0.E0,-7.660444431190E-1,6.427876096865E-1));
#4780=DIRECTION('',(0.E0,-6.427876096865E-1,-7.660444431190E-1));
#4781=AXIS2_PLACEMENT_3D('',#4778,#4779,#4780);
#4783=CARTESIAN_POINT('',(0.E0,9.575555538987E0,-8.034845121082E0));
#4784=DIRECTION('',(0.E0,-6.427876096865E-1,-7.660444431190E-1));
#4785=DIRECTION('',(9.139422964096E-1,3.108946603574E-1,-2.608715948408E-1));
#4786=AXIS2_PLACEMENT_3D('',#4783,#4784,#4785);
#4788=CARTESIAN_POINT('',(0.E0,9.575555538987E0,-8.034845121082E0));
#4789=DIRECTION('',(0.E0,7.660444431190E-1,-6.427876096865E-1));
#4790=DIRECTION('',(0.E0,-6.427876096865E-1,-7.660444431190E-1));
#4791=AXIS2_PLACEMENT_3D('',#4788,#4789,#4790);
#4793=CARTESIAN_POINT('',(-2.814942272942E0,1.053311109289E1,
-8.838329633191E0));
#4794=CARTESIAN_POINT('',(-2.814942272942E0,1.046107353867E1,
-8.924180647228E0));
#4795=CARTESIAN_POINT('',(-2.802868139332E0,1.031588266132E1,
-9.092968674910E0));
#4796=CARTESIAN_POINT('',(-2.748577457148E0,1.009358585251E1,
-9.339055190849E0));
#4797=CARTESIAN_POINT('',(-2.658791462846E0,9.871618525286E0,
-9.573243381503E0));
#4798=CARTESIAN_POINT('',(-2.535375544552E0,9.654229219032E0,
-9.792260449018E0));
#4799=CARTESIAN_POINT('',(-2.380211351659E0,9.444542438791E0,
-9.994487733105E0));
#4800=CARTESIAN_POINT('',(-2.193091442821E0,9.243666265470E0,
-1.018038185123E1));
#4801=CARTESIAN_POINT('',(-1.978574852661E0,9.058422403128E0,
-1.034528668445E1));
#4802=CARTESIAN_POINT('',(-1.753801447581E0,8.900691638064E0,
-1.048102091002E1));
#4803=CARTESIAN_POINT('',(-1.530739500437E0,8.772351428701E0,
-1.058845943455E1));
#4804=CARTESIAN_POINT('',(-1.321899215216E0,8.673224848423E0,
-1.066966477115E1));
#4805=CARTESIAN_POINT('',(-1.128751291517E0,8.597185791526E0,
-1.073094937216E1));
#4806=CARTESIAN_POINT('',(-9.508527248380E-1,8.539331237777E0,
-1.077699614680E1));
#4807=CARTESIAN_POINT('',(-7.903660490011E-1,8.496501881954E0,
-1.081076600090E1));
#4808=CARTESIAN_POINT('',(-6.458862033087E-1,8.465098886667E0,
-1.083535803519E1));
#4809=CARTESIAN_POINT('',(-5.115368305622E-1,8.441738680597E0,
-1.085355982977E1));
#4810=CARTESIAN_POINT('',(-3.820786860544E-1,8.424460980308E0,
-1.086697142554E1));
#4811=CARTESIAN_POINT('',(-2.550467847641E-1,8.412403480491E0,
-1.087630522017E1));
#4812=CARTESIAN_POINT('',(-1.265159490328E-1,8.405101847153E0,
-1.088194713872E1));
#4813=CARTESIAN_POINT('',(2.402241687709E-3,8.402732413166E0,
-1.088377626085E1));
#4814=CARTESIAN_POINT('',(1.311940829076E-1,8.405282254902E0,
-1.088180783281E1));
#4815=CARTESIAN_POINT('',(2.597059514934E-1,8.412759222112E0,
-1.087603014832E1));
#4816=CARTESIAN_POINT('',(3.867231005902E-1,8.424997359231E0,
-1.086655569649E1));
#4817=CARTESIAN_POINT('',(5.156659644710E-1,8.442384936010E0,
-1.085305722825E1));
#4818=CARTESIAN_POINT('',(6.493911923138E-1,8.465794007924E0,
-1.083481498156E1));
#4819=CARTESIAN_POINT('',(7.936396044112E-1,8.497295304163E0,
-1.081014275759E1));
#4820=CARTESIAN_POINT('',(9.540254035104E-1,8.540285216546E0,
-1.077624012454E1));
#4821=CARTESIAN_POINT('',(1.131057369037E0,8.598021430029E0,-1.073027982967E1));
#4822=CARTESIAN_POINT('',(1.324718634060E0,8.674427170202E0,-1.066869053002E1));
#4823=CARTESIAN_POINT('',(1.533354625122E0,8.773775032013E0,-1.058727504363E1));
#4824=CARTESIAN_POINT('',(1.754980946324E0,8.901414608244E0,-1.048041303922E1));
#4825=CARTESIAN_POINT('',(1.981092279016E0,9.060405204416E0,-1.034354803306E1));
#4826=CARTESIAN_POINT('',(2.193092424991E0,9.243798830675E0,-1.018024196743E1));
#4827=CARTESIAN_POINT('',(2.379991435185E0,9.444243353937E0,-9.994774323472E0));
#4828=CARTESIAN_POINT('',(2.535467588353E0,9.654349349782E0,-9.792146058524E0));
#4829=CARTESIAN_POINT('',(2.658862120386E0,9.871772649118E0,-9.573083380733E0));
#4830=CARTESIAN_POINT('',(2.748584768707E0,1.009363650154E1,-9.338997483453E0));
#4831=CARTESIAN_POINT('',(2.802844549104E0,1.031576121274E1,-9.093105169168E0));
#4832=CARTESIAN_POINT('',(2.814942272942E0,1.046101789264E1,-8.924246963593E0));
#4833=CARTESIAN_POINT('',(2.814942272942E0,1.053311109289E1,-8.838329633190E0));
#4835=CARTESIAN_POINT('',(2.814942272942E0,1.053311109289E1,-8.838329633190E0));
#4836=CARTESIAN_POINT('',(2.814942272942E0,1.060525754054E1,-8.752348845011E0));
#4837=CARTESIAN_POINT('',(2.802830231415E0,1.074648737711E1,-8.579780634287E0));
#4838=CARTESIAN_POINT('',(2.748370808316E0,1.095054565410E1,-8.317698786688E0));
#4839=CARTESIAN_POINT('',(2.658248660751E0,1.114297208318E1,-8.057922105279E0));
#4840=CARTESIAN_POINT('',(2.534498810453E0,1.132102064487E1,-7.805577096831E0));
#4841=CARTESIAN_POINT('',(2.378906885330E0,1.148388787884E1,-7.563700631145E0));
#4842=CARTESIAN_POINT('',(2.190966000431E0,1.163239273839E1,-7.333017642921E0));
#4843=CARTESIAN_POINT('',(1.975015894909E0,1.176303008129E1,-7.121175475461E0));
#4844=CARTESIAN_POINT('',(1.749732963114E0,1.186909090745E1,-6.942530299044E0));
#4845=CARTESIAN_POINT('',(1.526170959846E0,1.195244409808E1,-6.797697431781E0));
#4846=CARTESIAN_POINT('',(1.316704407810E0,1.201506950635E1,-6.686153576990E0));
#4847=CARTESIAN_POINT('',(1.123658146008E0,1.206192119407E1,-6.601128454753E0));
#4848=CARTESIAN_POINT('',(9.461996950266E-1,1.209694140306E1,
-6.536651971784E0));
#4849=CARTESIAN_POINT('',(7.851130951427E-1,1.212269810966E1,
-6.488712880879E0));
#4850=CARTESIAN_POINT('',(6.399578157961E-1,1.214138254312E1,
-6.453658333671E0));
#4851=CARTESIAN_POINT('',(5.058124785235E-1,1.215507805247E1,
-6.427813362213E0));
#4852=CARTESIAN_POINT('',(3.764079881131E-1,1.216514933557E1,
-6.408724438071E0));
#4853=CARTESIAN_POINT('',(2.498007046504E-1,1.217208790376E1,
-6.395531287922E0));
#4854=CARTESIAN_POINT('',(1.236984996565E-1,1.217620029713E1,
-6.387695662353E0));
#4855=CARTESIAN_POINT('',(-3.522531470535E-3,1.217753584779E1,
-6.385148292509E0));
#4856=CARTESIAN_POINT('',(-1.305789289223E-1,1.217604574855E1,
-6.387990342150E0));
#4857=CARTESIAN_POINT('',(-2.565114742409E-1,1.217179273049E1,
-6.396093269648E0));
#4858=CARTESIAN_POINT('',(-3.834029704202E-1,1.216467934791E1,
-6.409616766901E0));
#4859=CARTESIAN_POINT('',(-5.120647316188E-1,1.215450811223E1,
-6.428891319254E0));
#4860=CARTESIAN_POINT('',(-6.463352406402E-1,1.214064652291E1,
-6.455043608236E0));
#4861=CARTESIAN_POINT('',(-7.916285818092E-1,1.212175078016E1,
-6.490483308054E0));
#4862=CARTESIAN_POINT('',(-9.518341259986E-1,1.209591753725E1,
-6.538546214719E0));
#4863=CARTESIAN_POINT('',(-1.128466783873E0,1.206086373768E1,
-6.603062081464E0));
#4864=CARTESIAN_POINT('',(-1.322033105471E0,1.201363064991E1,
-6.688743006296E0));
#4865=CARTESIAN_POINT('',(-1.530314393911E0,1.195100193988E1,
-6.800223832183E0));
#4866=CARTESIAN_POINT('',(-1.752172668331E0,1.186807986464E1,
-6.944266640252E0));
#4867=CARTESIAN_POINT('',(-1.978062402439E0,1.176135098894E1,
-7.123937611538E0));
#4868=CARTESIAN_POINT('',(-2.190925782117E0,1.163229158916E1,
-7.333147069015E0));
#4869=CARTESIAN_POINT('',(-2.378650645629E0,1.148415268439E1,
-7.563303987248E0));
#4870=CARTESIAN_POINT('',(-2.534548346371E0,1.132098319822E1,
-7.805637074070E0));
#4871=CARTESIAN_POINT('',(-2.658324387608E0,1.114283555115E1,
-8.058110028299E0));
#4872=CARTESIAN_POINT('',(-2.748366544691E0,1.095052606157E1,
-8.317720894332E0));
#4873=CARTESIAN_POINT('',(-2.802808337055E0,1.074660144035E1,
-8.579637008789E0));
#4874=CARTESIAN_POINT('',(-2.814942272942E0,1.060531359858E1,
-8.752282037638E0));
#4875=CARTESIAN_POINT('',(-2.814942272942E0,1.053311109289E1,
-8.838329633191E0));
#4877=CARTESIAN_POINT('',(0.E0,9.575555538987E0,-8.034845121082E0));
#4878=DIRECTION('',(0.E0,6.427876096865E-1,7.660444431190E-1));
#4879=DIRECTION('',(-9.139422964096E-1,3.108946603574E-1,-2.608715948408E-1));
#4880=AXIS2_PLACEMENT_3D('',#4877,#4878,#4879);
#4882=CARTESIAN_POINT('',(0.E0,9.575555538987E0,-8.034845121082E0));
#4883=DIRECTION('',(0.E0,7.660444431190E-1,-6.427876096865E-1));
#4884=DIRECTION('',(-1.E0,0.E0,0.E0));
#4885=AXIS2_PLACEMENT_3D('',#4882,#4883,#4884);
#4887=CARTESIAN_POINT('',(0.E0,1.25E1,0.E0));
#4888=DIRECTION('',(0.E0,-1.E0,0.E0));
#4889=DIRECTION('',(1.E0,0.E0,0.E0));
#4890=AXIS2_PLACEMENT_3D('',#4887,#4888,#4889);
#4892=CARTESIAN_POINT('',(0.E0,1.25E1,0.E0));
#4893=DIRECTION('',(0.E0,0.E0,1.E0));
#4894=DIRECTION('',(-1.E0,0.E0,0.E0));
#4895=AXIS2_PLACEMENT_3D('',#4892,#4893,#4894);
#4897=CARTESIAN_POINT('',(-2.814942272943E0,1.125E1,0.E0));
#4898=CARTESIAN_POINT('',(-2.814942272943E0,1.125E1,1.713419009797E-1));
#4899=CARTESIAN_POINT('',(-2.782966261174E0,1.124270454113E1,
5.224689278227E-1));
#4900=CARTESIAN_POINT('',(-2.585859304337E0,1.119946224169E1,1.118080403258E0));
#4901=CARTESIAN_POINT('',(-2.239432417609E0,1.113179129154E1,1.647956943781E0));
#4902=CARTESIAN_POINT('',(-1.842314408966E0,1.106616682921E1,2.035482424609E0));
#4903=CARTESIAN_POINT('',(-1.356323967174E0,1.100338205052E1,2.347294269038E0));
#4904=CARTESIAN_POINT('',(-8.936597771472E-1,1.096260017546E1,
2.527589200689E0));
#4905=CARTESIAN_POINT('',(-4.860260521398E-1,1.094010655351E1,
2.622605226077E0));
#4906=CARTESIAN_POINT('',(-4.600583436016E-2,1.093067490006E1,
2.661323649375E0));
#4907=CARTESIAN_POINT('',(3.568215023731E-1,1.093611223030E1,2.639076848356E0));
#4908=CARTESIAN_POINT('',(7.369178949211E-1,1.095305195262E1,2.568202625120E0));
#4909=CARTESIAN_POINT('',(1.091790790526E0,1.097879918734E1,2.456775506910E0));
#4910=CARTESIAN_POINT('',(1.499624049693E0,1.102072948440E1,2.263909294554E0));
#4911=CARTESIAN_POINT('',(1.892564013399E0,1.107447553631E1,1.987736213043E0));
#4912=CARTESIAN_POINT('',(2.249822397752E0,1.113389812848E1,1.630452465918E0));
#4913=CARTESIAN_POINT('',(2.572346020752E0,1.119674863392E1,1.139248901476E0));
#4914=CARTESIAN_POINT('',(2.775388734570E0,1.124097718175E1,5.603840839691E-1));
#4915=CARTESIAN_POINT('',(2.814942272943E0,1.125E1,1.883037881199E-1));
#4916=CARTESIAN_POINT('',(2.814942272943E0,1.125E1,0.E0));
#4918=CARTESIAN_POINT('',(0.E0,1.25E1,0.E0));
#4919=DIRECTION('',(0.E0,0.E0,-1.E0));
#4920=DIRECTION('',(1.E0,0.E0,0.E0));
#4921=AXIS2_PLACEMENT_3D('',#4918,#4919,#4920);
#4923=CARTESIAN_POINT('',(2.814942272943E0,1.125E1,0.E0));
#4924=CARTESIAN_POINT('',(2.814942272943E0,1.125E1,-1.793544166439E-1));
#4925=CARTESIAN_POINT('',(2.778834358587E0,1.124179267238E1,
-5.404958104521E-1));
#4926=CARTESIAN_POINT('',(2.583079447353E0,1.119891429412E1,-1.120720924001E0));
#4927=CARTESIAN_POINT('',(2.244208495574E0,1.113276121093E1,-1.640909366510E0));
#4928=CARTESIAN_POINT('',(1.854637924127E0,1.106799457702E1,-2.025604509479E0));
#4929=CARTESIAN_POINT('',(1.368208332741E0,1.100474378145E1,-2.340981751197E0));
#4930=CARTESIAN_POINT('',(9.150094074836E-1,1.096421684580E1,
-2.520563939023E0));
#4931=CARTESIAN_POINT('',(5.078348169498E-1,1.094096443782E1,
-2.619070961840E0));
#4932=CARTESIAN_POINT('',(6.817705923851E-2,1.093077848555E1,
-2.660898279727E0));
#4933=CARTESIAN_POINT('',(-3.372546082900E-1,1.093549256936E1,
-2.641621230307E0));
#4934=CARTESIAN_POINT('',(-7.283490327991E-1,1.095242817123E1,
-2.570912667617E0));
#4935=CARTESIAN_POINT('',(-1.088559142594E0,1.097858194830E1,
-2.457634058402E0));
#4936=CARTESIAN_POINT('',(-1.489000297475E0,1.101940870539E1,
-2.270405279465E0));
#4937=CARTESIAN_POINT('',(-1.897961578589E0,1.107517057352E1,
-1.984413262411E0));
#4938=CARTESIAN_POINT('',(-2.252782248284E0,1.113453090786E1,
-1.625505257354E0));
#4939=CARTESIAN_POINT('',(-2.568913046694E0,1.119604451304E1,
-1.144882340051E0));
#4940=CARTESIAN_POINT('',(-2.773961588340E0,1.124065857508E1,
-5.676570398389E-1));
#4941=CARTESIAN_POINT('',(-2.814942272943E0,1.125E1,-1.916179509635E-1));
#4942=CARTESIAN_POINT('',(-2.814942272943E0,1.125E1,0.E0));
#4944=CARTESIAN_POINT('',(0.E0,1.25E1,0.E0));
#4945=DIRECTION('',(0.E0,-1.E0,0.E0));
#4946=DIRECTION('',(0.E0,0.E0,-1.E0));
#4947=AXIS2_PLACEMENT_3D('',#4944,#4945,#4946);
#4949=CARTESIAN_POINT('',(0.E0,1.25E1,0.E0));
#4950=DIRECTION('',(0.E0,0.E0,-1.E0));
#4951=DIRECTION('',(9.139422964100E-1,4.058441558441E-1,0.E0));
#4952=AXIS2_PLACEMENT_3D('',#4949,#4950,#4951);
#4954=CARTESIAN_POINT('',(0.E0,1.25E1,0.E0));
#4955=DIRECTION('',(0.E0,1.E0,0.E0));
#4956=DIRECTION('',(0.E0,0.E0,-1.E0));
#4957=AXIS2_PLACEMENT_3D('',#4954,#4955,#4956);
#4959=CARTESIAN_POINT('',(-2.814942272943E0,1.375E1,-1.396721392455E-14));
#4960=CARTESIAN_POINT('',(-2.814942272943E0,1.375E1,-1.120705395211E-1));
#4961=CARTESIAN_POINT('',(-2.802868139331E0,1.374727218808E1,
-3.346965671930E-1));
#4962=CARTESIAN_POINT('',(-2.748577457148E0,1.373516431632E1,
-6.660994096313E-1));
#4963=CARTESIAN_POINT('',(-2.658791462845E0,1.371566074603E1,
-9.881758194207E-1));
#4964=CARTESIAN_POINT('',(-2.535375544551E0,1.368991233329E1,
-1.295687779478E0));
#4965=CARTESIAN_POINT('',(-2.380211351658E0,1.365927213304E1,
-1.585386930952E0));
#4966=CARTESIAN_POINT('',(-2.193091442821E0,1.362488249256E1,
-1.856910802445E0));
#4967=CARTESIAN_POINT('',(-1.978574852662E0,1.358897624476E1,
-2.102307693058E0));
#4968=CARTESIAN_POINT('',(-1.753801447581E0,1.355539574708E1,
-2.307673523748E0));
#4969=CARTESIAN_POINT('',(-1.530739500436E0,1.352614159524E1,
-2.472471704845E0));
#4970=CARTESIAN_POINT('',(-1.321899215214E0,1.350240401346E1,
-2.598395939293E0));
#4971=CARTESIAN_POINT('',(-1.128751291514E0,1.348354769866E1,
-2.694219630967E0));
#4972=CARTESIAN_POINT('',(-9.508527248342E-1,1.346882683546E1,
-2.766681697123E0));
#4973=CARTESIAN_POINT('',(-7.903660489971E-1,1.345772448922E1,
-2.820081085455E0));
#4974=CARTESIAN_POINT('',(-6.458862033049E-1,1.344947585412E1,
-2.859105132944E0));
#4975=CARTESIAN_POINT('',(-5.115368305584E-1,1.344328078610E1,
-2.888064167558E0));
#4976=CARTESIAN_POINT('',(-3.820786860512E-1,1.343866610739E1,
-2.909443937637E0));
#4977=CARTESIAN_POINT('',(-2.550467847610E-1,1.343542917420E1,
-2.924344450636E0));
#4978=CARTESIAN_POINT('',(-1.265159490300E-1,1.343346235389E1,
-2.933359810424E0));
#4979=CARTESIAN_POINT('',(2.402241689976E-3,1.343282299920E1,
-2.936284042079E0));
#4980=CARTESIAN_POINT('',(1.311940829097E-1,1.343351101013E1,
-2.933137132040E0));
#4981=CARTESIAN_POINT('',(2.597059514952E-1,1.343552487531E1,
-2.923905067064E0));
#4982=CARTESIAN_POINT('',(3.867231005917E-1,1.343880977200E1,
-2.908780692980E0));
#4983=CARTESIAN_POINT('',(5.156659644726E-1,1.344345278044E1,
-2.887263747483E0));
#4984=CARTESIAN_POINT('',(6.493911923154E-1,1.344965927975E1,
-2.858242314391E0));
#4985=CARTESIAN_POINT('',(7.936396044130E-1,1.345793167282E1,
-2.819093651409E0));
#4986=CARTESIAN_POINT('',(9.540254035121E-1,1.346907166385E1,
-2.765489344734E0));
#4987=CARTESIAN_POINT('',(1.131057369039E0,1.348375746127E1,-2.693169593587E0));
#4988=CARTESIAN_POINT('',(1.324718634061E0,1.350269881525E1,-2.596876789739E0));
#4989=CARTESIAN_POINT('',(1.533354625122E0,1.352647082684E1,-2.470649334187E0));
#4990=CARTESIAN_POINT('',(1.754980946324E0,1.355555884255E1,-2.306743151426E0));
#4991=CARTESIAN_POINT('',(1.981092279015E0,1.358937757510E1,-2.099701288723E0));
#4992=CARTESIAN_POINT('',(2.193092424991E0,1.362489412782E1,-1.856718433964E0));
#4993=CARTESIAN_POINT('',(2.379991435184E0,1.365922723749E1,-1.585798719949E0));
#4994=CARTESIAN_POINT('',(2.535467588352E0,1.368993082999E1,-1.295522932717E0));
#4995=CARTESIAN_POINT('',(2.658862120386E0,1.371567596522E1,
-9.879541828313E-1));
#4996=CARTESIAN_POINT('',(2.748584768707E0,1.373516602212E1,
-6.660226466349E-1));
#4997=CARTESIAN_POINT('',(2.802844549104E0,1.374726688988E1,
-3.348791935045E-1));
#4998=CARTESIAN_POINT('',(2.814942272943E0,1.375E1,-1.121571093868E-1));
#4999=CARTESIAN_POINT('',(2.814942272943E0,1.375E1,0.E0));
#5001=CARTESIAN_POINT('',(2.814942272943E0,1.375E1,0.E0));
#5002=CARTESIAN_POINT('',(2.814942272943E0,1.375E1,1.122399476325E-1));
#5003=CARTESIAN_POINT('',(2.802830231415E0,1.374726362383E1,3.352156555782E-1));
#5004=CARTESIAN_POINT('',(2.748370808317E0,1.373511836863E1,6.671481306800E-1));
#5005=CARTESIAN_POINT('',(2.658248660753E0,1.371554433324E1,9.898379383117E-1));
#5006=CARTESIAN_POINT('',(2.534498810455E0,1.368973319973E1,1.297592839160E0));
#5007=CARTESIAN_POINT('',(2.378906885331E0,1.365902154407E1,1.587570001642E0));
#5008=CARTESIAN_POINT('',(2.190966000433E0,1.362450269990E1,1.859740506587E0));
#5009=CARTESIAN_POINT('',(1.975015894916E0,1.358840719004E1,2.105993087164E0));
#5010=CARTESIAN_POINT('',(1.749732963122E0,1.355482359062E1,2.311017816776E0));
#5011=CARTESIAN_POINT('',(1.526170959850E0,1.352557906657E1,2.475544628097E0));
#5012=CARTESIAN_POINT('',(1.316704407810E0,1.350185390478E1,2.601247014710E0));
#5013=CARTESIAN_POINT('',(1.123658146E0,1.348309128472E1,2.696495721488E0));
#5014=CARTESIAN_POINT('',(9.461996950099E-1,1.346847363684E1,2.768398129408E0));
#5015=CARTESIAN_POINT('',(7.851130951229E-1,1.345738976515E1,2.821677695473E0));
#5016=CARTESIAN_POINT('',(6.399578157776E-1,1.344917024298E1,2.860541158892E0));
#5017=CARTESIAN_POINT('',(5.058124785059E-1,1.344304878438E1,2.889142859378E0));
#5018=CARTESIAN_POINT('',(3.764079880950E-1,1.343849371091E1,2.910239519626E0));
#5019=CARTESIAN_POINT('',(2.498007046363E-1,1.343532856907E1,2.924806084647E0));
#5020=CARTESIAN_POINT('',(1.236984996424E-1,1.343344220213E1,2.933451917575E0));
#5021=CARTESIAN_POINT('',(-3.522531483080E-3,1.343282787552E1,
2.936261791504E0));
#5022=CARTESIAN_POINT('',(-1.305789289312E-1,1.343351322757E1,
2.933126837842E0));
#5023=CARTESIAN_POINT('',(-2.565114742478E-1,1.343546368812E1,
2.924185847945E0));
#5024=CARTESIAN_POINT('',(-3.834029704277E-1,1.343870725739E1,
2.909253853837E0));
#5025=CARTESIAN_POINT('',(-5.120647316241E-1,1.344330508226E1,
2.887950745844E0));
#5026=CARTESIAN_POINT('',(-6.463352406468E-1,1.344949685611E1,
2.859006872331E0));
#5027=CARTESIAN_POINT('',(-7.916285818167E-1,1.345780207731E1,
2.819712537899E0));
#5028=CARTESIAN_POINT('',(-9.518341260050E-1,1.346890690602E1,
2.766288926871E0));
#5029=CARTESIAN_POINT('',(-1.128466783880E0,1.348352413742E1,2.694334757621E0));
#5030=CARTESIAN_POINT('',(-1.322033105477E0,1.350241612987E1,2.598338517683E0));
#5031=CARTESIAN_POINT('',(-1.530314393915E0,1.352609824817E1,2.472682291685E0));
#5032=CARTESIAN_POINT('',(-1.752172668334E0,1.355516518551E1,2.309037816456E0));
#5033=CARTESIAN_POINT('',(-1.978062402440E0,1.358889639752E1,2.102797868417E0));
#5034=CARTESIAN_POINT('',(-2.190925782120E0,1.362450840859E1,1.859576342975E0));
#5035=CARTESIAN_POINT('',(-2.378650645631E0,1.365896943911E1,1.588044062222E0));
#5036=CARTESIAN_POINT('',(-2.534548346373E0,1.368974306656E1,1.297522823686E0));
#5037=CARTESIAN_POINT('',(-2.658324387609E0,1.371556053823E1,
9.896062198337E-1));
#5038=CARTESIAN_POINT('',(-2.748366544692E0,1.373511757040E1,
6.671186014045E-1));
#5039=CARTESIAN_POINT('',(-2.802808337055E0,1.374725868065E1,
3.353989975308E-1));
#5040=CARTESIAN_POINT('',(-2.814942272943E0,1.375E1,1.123271584639E-1));
#5041=CARTESIAN_POINT('',(-2.814942272943E0,1.375E1,-1.396721392455E-14));
#5043=CARTESIAN_POINT('',(0.E0,1.25E1,0.E0));
#5044=DIRECTION('',(0.E0,0.E0,1.E0));
#5045=DIRECTION('',(-9.139422964100E-1,4.058441558441E-1,0.E0));
#5046=AXIS2_PLACEMENT_3D('',#5043,#5044,#5045);
#5048=CARTESIAN_POINT('',(0.E0,1.25E1,0.E0));
#5049=DIRECTION('',(0.E0,1.E0,0.E0));
#5050=DIRECTION('',(-1.E0,0.E0,0.E0));
#5051=AXIS2_PLACEMENT_3D('',#5048,#5049,#5050);
#5053=CARTESIAN_POINT('',(-3.388E0,-6.25E0,1.082531754731E1));
#5054=CARTESIAN_POINT('',(-3.148975071351E0,-5.624999999998E0,
9.742785792577E0));
#5055=VERTEX_POINT('',#5053);
#5056=VERTEX_POINT('',#5054);
#5057=VERTEX_POINT('',#1418);
#5058=CARTESIAN_POINT('',(-3.08E-1,-3.328055442003E0,1.251230302442E1));
#5059=VERTEX_POINT('',#5058);
#5060=CARTESIAN_POINT('',(-3.08E-1,-3.852496640314E0,1.319927155704E1));
#5061=VERTEX_POINT('',#5060);
#5062=VERTEX_POINT('',#1450);
#5063=VERTEX_POINT('',#1477);
#5064=CARTESIAN_POINT('',(-3.08E-1,-9.171944557995E0,9.138332070192E0));
#5065=VERTEX_POINT('',#5064);
#5066=CARTESIAN_POINT('',(-3.08E-1,-7.980742109368E0,7.929076578250E0));
#5067=VERTEX_POINT('',#5066);
#5068=CARTESIAN_POINT('',(2.166496964675E0,2.706847432782E-13,-1.375E1));
#5069=CARTESIAN_POINT('',(1.643643847659E0,3.771181239056E-13,-1.375E1));
#5070=VERTEX_POINT('',#5068);
#5071=VERTEX_POINT('',#5069);
#5072=VERTEX_POINT('',#3857);
#5073=CARTESIAN_POINT('',(-2.166496964675E0,2.708327730148E-13,-1.375E1));
#5074=VERTEX_POINT('',#5073);
#5075=VERTEX_POINT('',#3326);
#5076=CARTESIAN_POINT('',(-3.08E-1,-3.852496640313E0,-1.319927155704E1));
#5077=VERTEX_POINT('',#5076);
#5078=VERTEX_POINT('',#3364);
#5079=VERTEX_POINT('',#3444);
#5080=CARTESIAN_POINT('',(-3.08E-1,-1.143551185720E1,-7.634891522731E0));
#5081=VERTEX_POINT('',#5080);
#5082=VERTEX_POINT('',#3481);
#5083=VERTEX_POINT('',#3561);
#5084=CARTESIAN_POINT('',(-3.08E-1,-1.366772398454E1,1.501939107430E0));
#5085=VERTEX_POINT('',#5084);
#5086=VERTEX_POINT('',#3598);
#5087=VERTEX_POINT('',#3678);
#5088=CARTESIAN_POINT('',(-3.08E-1,-8.942540852214E-1,1.372088953498E1));
#5089=VERTEX_POINT('',#5088);
#5090=VERTEX_POINT('',#2774);
#5091=CARTESIAN_POINT('',(-1.643643847659E0,3.748729381072E-13,1.375E1));
#5092=VERTEX_POINT('',#5091);
#5093=VERTEX_POINT('',#2722);
#5094=CARTESIAN_POINT('',(2.166496964675E0,2.684395574798E-13,1.375E1));
#5095=VERTEX_POINT('',#5094);
#5096=VERTEX_POINT('',#2078);
#5097=CARTESIAN_POINT('',(3.08E-1,-3.852496640313E0,1.319927155704E1));
#5098=VERTEX_POINT('',#5097);
#5099=VERTEX_POINT('',#1991);
#5100=VERTEX_POINT('',#1964);
#5101=CARTESIAN_POINT('',(3.08E-1,-1.143551185720E1,7.634891522731E0));
#5102=VERTEX_POINT('',#5101);
#5103=VERTEX_POINT('',#1874);
#5104=VERTEX_POINT('',#1847);
#5105=CARTESIAN_POINT('',(3.08E-1,-1.366772398454E1,-1.501939107430E0));
#5106=VERTEX_POINT('',#5105);
#5107=VERTEX_POINT('',#1757);
#5108=VERTEX_POINT('',#1730);
#5109=CARTESIAN_POINT('',(3.08E-1,-9.504656159682E0,-9.935995737027E0));
#5110=VERTEX_POINT('',#5109);
#5111=VERTEX_POINT('',#1640);
#5112=VERTEX_POINT('',#1613);
#5113=CARTESIAN_POINT('',(3.08E-1,-8.942540852214E-1,-1.372088953498E1));
#5114=VERTEX_POINT('',#5113);
#5115=VERTEX_POINT('',#4129);
#5116=VERTEX_POINT('',#4169);
#5117=VERTEX_POINT('',#3963);
#5118=VERTEX_POINT('',#4003);
#5119=VERTEX_POINT('',#4461);
#5120=VERTEX_POINT('',#4501);
#5121=VERTEX_POINT('',#4295);
#5122=VERTEX_POINT('',#4335);
#5123=VERTEX_POINT('',#1518);
#5124=VERTEX_POINT('',#2547);
#5125=CARTESIAN_POINT('',(3.08E-1,8.134579414239E0,-1.108562662881E1));
#5126=VERTEX_POINT('',#5125);
#5127=VERTEX_POINT('',#2457);
#5128=VERTEX_POINT('',#2430);
#5129=CARTESIAN_POINT('',(3.08E-1,1.33571528E1,-3.263275820009E0));
#5130=VERTEX_POINT('',#5129);
#5131=VERTEX_POINT('',#2340);
#5132=VERTEX_POINT('',#2313);
#5133=CARTESIAN_POINT('',(3.08E-1,1.232976594242E1,6.085998012248E0));
#5134=VERTEX_POINT('',#5133);
#5135=VERTEX_POINT('',#2223);
#5136=VERTEX_POINT('',#2196);
#5137=CARTESIAN_POINT('',(3.08E-1,5.533144570301E0,1.258756573624E1));
#5138=VERTEX_POINT('',#5137);
#5139=VERTEX_POINT('',#2106);
#5140=VERTEX_POINT('',#2713);
#5141=VERTEX_POINT('',#2671);
#5142=VERTEX_POINT('',#2766);
#5143=VERTEX_POINT('',#2861);
#5144=CARTESIAN_POINT('',(-3.08E-1,8.134579414239E0,1.108562662881E1));
#5145=VERTEX_POINT('',#5144);
#5146=VERTEX_POINT('',#2898);
#5147=VERTEX_POINT('',#2978);
#5148=CARTESIAN_POINT('',(-3.08E-1,1.33571528E1,3.263275820009E0));
#5149=VERTEX_POINT('',#5148);
#5150=VERTEX_POINT('',#3015);
#5151=VERTEX_POINT('',#3095);
#5152=CARTESIAN_POINT('',(-3.08E-1,1.232976594242E1,-6.085998012248E0));
#5153=VERTEX_POINT('',#5152);
#5154=VERTEX_POINT('',#3132);
#5155=VERTEX_POINT('',#3212);
#5156=CARTESIAN_POINT('',(-3.08E-1,5.533144570301E0,-1.258756573624E1));
#5157=VERTEX_POINT('',#5156);
#5158=VERTEX_POINT('',#3249);
#5159=VERTEX_POINT('',#3848);
#5160=VERTEX_POINT('',#3786);
#5161=VERTEX_POINT('',#4627);
#5162=VERTEX_POINT('',#4667);
#5163=VERTEX_POINT('',#4793);
#5164=VERTEX_POINT('',#4833);
#5165=VERTEX_POINT('',#4959);
#5166=VERTEX_POINT('',#4999);
#5167=CARTESIAN_POINT('',(3.08E-1,-1.152110533328E0,-1.289598082036E1));
#5168=VERTEX_POINT('',#5167);
#5169=CARTESIAN_POINT('',(3.08E-1,-1.016890964097E0,-1.120394719584E1));
#5170=VERTEX_POINT('',#5169);
#5171=VERTEX_POINT('',#1558);
#5172=VERTEX_POINT('',#1566);
#5173=CARTESIAN_POINT('',(3.388E0,2.170602220837E0,-1.231009691265E1));
#5174=VERTEX_POINT('',#5173);
#5175=CARTESIAN_POINT('',(3.08E-1,-3.328055442003E0,-1.251230302442E1));
#5176=VERTEX_POINT('',#5175);
#5177=CARTESIAN_POINT('',(3.08E-1,-2.876410690629E0,-1.087606369689E1));
#5178=VERTEX_POINT('',#5177);
#5179=CARTESIAN_POINT('',(3.388E0,-6.25E0,-1.082531754731E1));
#5180=CARTESIAN_POINT('',(3.148975071351E0,-5.624999999998E0,
-9.742785792577E0));
#5181=VERTEX_POINT('',#5179);
#5182=VERTEX_POINT('',#5180);
#5183=CARTESIAN_POINT('',(3.08E-1,-9.171944557995E0,-9.138332070193E0));
#5184=VERTEX_POINT('',#5183);
#5185=CARTESIAN_POINT('',(3.08E-1,-7.980742109368E0,-7.929076578250E0));
#5186=VERTEX_POINT('',#5185);
#5187=CARTESIAN_POINT('',(3.08E-1,-1.059219173048E1,-7.445747400009E0));
#5188=VERTEX_POINT('',#5187);
#5189=CARTESIAN_POINT('',(3.08E-1,-9.194457412206E0,-6.482627005708E0));
#5190=VERTEX_POINT('',#5189);
#5191=CARTESIAN_POINT('',(3.388E0,-1.174615775982E1,-4.275251791571E0));
#5192=CARTESIAN_POINT('',(3.148975071353E0,-1.057154198384E1,
-3.847726612415E0));
#5193=VERTEX_POINT('',#5191);
#5194=VERTEX_POINT('',#5192);
#5195=CARTESIAN_POINT('',(3.08E-1,-1.290012378917E1,-1.104756183134E0));
#5196=VERTEX_POINT('',#5195);
#5197=CARTESIAN_POINT('',(3.08E-1,-1.121031532560E1,-9.441029078235E-1));
#5198=VERTEX_POINT('',#5197);
#5199=CARTESIAN_POINT('',(3.08E-1,-1.290012378917E1,1.104756183135E0));
#5200=VERTEX_POINT('',#5199);
#5201=CARTESIAN_POINT('',(3.08E-1,-1.121031532560E1,9.441029078235E-1));
#5202=VERTEX_POINT('',#5201);
#5203=CARTESIAN_POINT('',(3.388E0,-1.174615775982E1,4.275251791571E0));
#5204=CARTESIAN_POINT('',(3.148975071353E0,-1.057154198384E1,3.847726612415E0));
#5205=VERTEX_POINT('',#5203);
#5206=VERTEX_POINT('',#5204);
#5207=CARTESIAN_POINT('',(3.08E-1,-1.059219173048E1,7.445747400009E0));
#5208=VERTEX_POINT('',#5207);
#5209=CARTESIAN_POINT('',(3.08E-1,-9.194457412206E0,6.482627005708E0));
#5210=VERTEX_POINT('',#5209);
#5211=CARTESIAN_POINT('',(3.08E-1,-9.171944557995E0,9.138332070192E0));
#5212=VERTEX_POINT('',#5211);
#5213=CARTESIAN_POINT('',(3.08E-1,-7.980742109368E0,7.929076578250E0));
#5214=VERTEX_POINT('',#5213);
#5215=CARTESIAN_POINT('',(3.388E0,-6.25E0,1.082531754731E1));
#5216=CARTESIAN_POINT('',(3.148975071351E0,-5.624999999998E0,9.742785792577E0));
#5217=VERTEX_POINT('',#5215);
#5218=VERTEX_POINT('',#5216);
#5219=CARTESIAN_POINT('',(3.08E-1,-3.328055442003E0,1.251230302442E1));
#5220=VERTEX_POINT('',#5219);
#5221=CARTESIAN_POINT('',(3.08E-1,-2.876410690629E0,1.087606369689E1));
#5222=VERTEX_POINT('',#5221);
#5223=CARTESIAN_POINT('',(3.08E-1,-1.152110533328E0,1.289598082036E1));
#5224=VERTEX_POINT('',#5223);
#5225=CARTESIAN_POINT('',(3.08E-1,-1.016890964097E0,1.120394719584E1));
#5226=VERTEX_POINT('',#5225);
#5227=CARTESIAN_POINT('',(3.388E0,2.170602220837E0,1.231009691265E1));
#5228=CARTESIAN_POINT('',(3.148975071354E0,1.953541998754E0,1.107908722139E1));
#5229=VERTEX_POINT('',#5227);
#5230=VERTEX_POINT('',#5228);
#5231=VERTEX_POINT('',#2057);
#5232=CARTESIAN_POINT('',(3.08E-1,5.493314975003E0,1.172421300495E1));
#5233=VERTEX_POINT('',#5232);
#5234=CARTESIAN_POINT('',(3.08E-1,4.787540560841E0,1.018046931032E1));
#5235=VERTEX_POINT('',#5234);
#5236=CARTESIAN_POINT('',(3.08E-1,7.406808814166E0,1.061945682182E1));
#5237=VERTEX_POINT('',#5236);
#5238=CARTESIAN_POINT('',(3.08E-1,6.422774764763E0,9.236366402494E0));
#5239=VERTEX_POINT('',#5238);
#5240=CARTESIAN_POINT('',(3.388E0,9.575555538987E0,8.034845121082E0));
#5241=CARTESIAN_POINT('',(3.148975071353E0,8.617999985088E0,7.231360608974E0));
#5242=VERTEX_POINT('',#5240);
#5243=VERTEX_POINT('',#5241);
#5244=CARTESIAN_POINT('',(3.08E-1,1.174430226381E1,5.450233420348E0));
#5245=VERTEX_POINT('',#5244);
#5246=CARTESIAN_POINT('',(3.08E-1,1.021134837630E1,4.721320190134E0));
#5247=VERTEX_POINT('',#5246);
#5248=CARTESIAN_POINT('',(3.08E-1,1.08571528E1,2.946987118644E0));
#5249=CARTESIAN_POINT('',(3.08E-1,1.25E1,3.373970954232E0));
#5250=VERTEX_POINT('',#5248);
#5251=VERTEX_POINT('',#5249);
#5252=CARTESIAN_POINT('',(3.388E0,1.25E1,0.E0));
#5253=CARTESIAN_POINT('',(3.148975071353E0,1.125E1,0.E0));
#5254=VERTEX_POINT('',#5252);
#5255=VERTEX_POINT('',#5253);
#5256=CARTESIAN_POINT('',(3.08E-1,1.25E1,-3.373970954232E0));
#5257=VERTEX_POINT('',#5256);
#5258=CARTESIAN_POINT('',(3.08E-1,1.08571528E1,-2.946987118644E0));
#5259=VERTEX_POINT('',#5258);
#5260=CARTESIAN_POINT('',(3.08E-1,1.174430226381E1,-5.450233420348E0));
#5261=VERTEX_POINT('',#5260);
#5262=CARTESIAN_POINT('',(3.08E-1,1.021134837630E1,-4.721320190134E0));
#5263=VERTEX_POINT('',#5262);
#5264=CARTESIAN_POINT('',(3.388E0,9.575555538987E0,-8.034845121082E0));
#5265=CARTESIAN_POINT('',(3.148975071353E0,8.617999985088E0,-7.231360608974E0));
#5266=VERTEX_POINT('',#5264);
#5267=VERTEX_POINT('',#5265);
#5268=CARTESIAN_POINT('',(3.08E-1,7.406808814165E0,-1.061945682182E1));
#5269=VERTEX_POINT('',#5268);
#5270=CARTESIAN_POINT('',(3.08E-1,6.422774764763E0,-9.236366402494E0));
#5271=VERTEX_POINT('',#5270);
#5272=CARTESIAN_POINT('',(3.08E-1,5.493314975003E0,-1.172421300495E1));
#5273=VERTEX_POINT('',#5272);
#5274=CARTESIAN_POINT('',(3.08E-1,4.787540560841E0,-1.018046931032E1));
#5275=VERTEX_POINT('',#5274);
#5276=CARTESIAN_POINT('',(1.910780085380E0,-1.160990216961E-13,-1.125E1));
#5277=VERTEX_POINT('',#5276);
#5278=VERTEX_POINT('',#3720);
#5279=VERTEX_POINT('',#3765);
#5280=VERTEX_POINT('',#3742);
#5281=CARTESIAN_POINT('',(-2.375547207420E0,-2.029184622218E-13,-1.125E1));
#5282=VERTEX_POINT('',#5281);
#5283=VERTEX_POINT('',#3299);
#5284=VERTEX_POINT('',#3281);
#5285=CARTESIAN_POINT('',(-3.08E-1,6.422774764763E0,-9.236366402494E0));
#5286=VERTEX_POINT('',#5285);
#5287=VERTEX_POINT('',#3182);
#5288=VERTEX_POINT('',#3164);
#5289=CARTESIAN_POINT('',(-3.08E-1,1.08571528E1,-2.946987118644E0));
#5290=VERTEX_POINT('',#5289);
#5291=VERTEX_POINT('',#3065);
#5292=VERTEX_POINT('',#3047);
#5293=CARTESIAN_POINT('',(-3.08E-1,1.021134837630E1,4.721320190133E0));
#5294=VERTEX_POINT('',#5293);
#5295=VERTEX_POINT('',#2948);
#5296=VERTEX_POINT('',#2930);
#5297=CARTESIAN_POINT('',(-3.08E-1,4.787540560841E0,1.018046931032E1));
#5298=VERTEX_POINT('',#5297);
#5299=VERTEX_POINT('',#2831);
#5300=VERTEX_POINT('',#2808);
#5301=CARTESIAN_POINT('',(-1.910780085380E0,-1.014306762621E-13,1.125E1));
#5302=VERTEX_POINT('',#5301);
#5303=VERTEX_POINT('',#2600);
#5304=VERTEX_POINT('',#2635);
#5305=VERTEX_POINT('',#2622);
#5306=VERTEX_POINT('',#4565);
#5307=VERTEX_POINT('',#4584);
#5308=VERTEX_POINT('',#4731);
#5309=VERTEX_POINT('',#4750);
#5310=VERTEX_POINT('',#4897);
#5311=VERTEX_POINT('',#4916);
#5312=VERTEX_POINT('',#2799);
#5313=CARTESIAN_POINT('',(-3.08E-1,-9.194457412206E0,6.482627005708E0));
#5314=VERTEX_POINT('',#5313);
#5315=VERTEX_POINT('',#3648);
#5316=VERTEX_POINT('',#3630);
#5317=CARTESIAN_POINT('',(-3.08E-1,-1.121031532560E1,-9.441029078234E-1));
#5318=VERTEX_POINT('',#5317);
#5319=VERTEX_POINT('',#3531);
#5320=VERTEX_POINT('',#3513);
#5321=CARTESIAN_POINT('',(-3.08E-1,-7.980742109368E0,-7.929076578250E0));
#5322=VERTEX_POINT('',#5321);
#5323=VERTEX_POINT('',#3414);
#5324=VERTEX_POINT('',#3396);
#5325=CARTESIAN_POINT('',(-3.08E-1,-1.016890964097E0,-1.120394719584E1));
#5326=VERTEX_POINT('',#5325);
#5327=VERTEX_POINT('',#3901);
#5328=VERTEX_POINT('',#3920);
#5329=VERTEX_POINT('',#4067);
#5330=VERTEX_POINT('',#4086);
#5331=VERTEX_POINT('',#4233);
#5332=VERTEX_POINT('',#4252);
#5333=VERTEX_POINT('',#4399);
#5334=VERTEX_POINT('',#4418);
#5335=CARTESIAN_POINT('',(3.08E0,2.170602220837E0,1.231009691265E1));
#5336=VERTEX_POINT('',#5335);
#5337=CARTESIAN_POINT('',(0.E0,-8.626056584406E-1,1.284493329986E1));
#5338=VERTEX_POINT('',#5337);
#5339=CARTESIAN_POINT('',(-3.08E0,2.170602220837E0,1.231009691265E1));
#5340=VERTEX_POINT('',#5339);
#5341=CARTESIAN_POINT('',(0.E0,5.203810100115E0,1.177526052544E1));
#5342=VERTEX_POINT('',#5341);
#5343=CARTESIAN_POINT('',(-3.08E-1,-1.152110533328E0,1.289598082036E1));
#5344=VERTEX_POINT('',#5343);
#5345=CARTESIAN_POINT('',(-3.388E0,2.170602220837E0,1.231009691265E1));
#5346=VERTEX_POINT('',#5345);
#5347=CARTESIAN_POINT('',(-3.08E-1,5.493314975003E0,1.172421300495E1));
#5348=VERTEX_POINT('',#5347);
#5349=CARTESIAN_POINT('',(-3.08E-1,7.406808814165E0,1.061945682182E1));
#5350=VERTEX_POINT('',#5349);
#5351=CARTESIAN_POINT('',(-3.388E0,9.575555538987E0,8.034845121082E0));
#5352=VERTEX_POINT('',#5351);
#5353=CARTESIAN_POINT('',(-3.08E-1,1.174430226381E1,5.450233420348E0));
#5354=VERTEX_POINT('',#5353);
#5355=CARTESIAN_POINT('',(-3.08E-1,1.25E1,3.373970954232E0));
#5356=VERTEX_POINT('',#5355);
#5357=CARTESIAN_POINT('',(-3.388E0,1.25E1,0.E0));
#5358=VERTEX_POINT('',#5357);
#5359=CARTESIAN_POINT('',(-3.08E-1,1.25E1,-3.373970954232E0));
#5360=VERTEX_POINT('',#5359);
#5361=CARTESIAN_POINT('',(-3.08E-1,1.174430226381E1,-5.450233420348E0));
#5362=VERTEX_POINT('',#5361);
#5363=CARTESIAN_POINT('',(-3.388E0,9.575555538987E0,-8.034845121082E0));
#5364=VERTEX_POINT('',#5363);
#5365=CARTESIAN_POINT('',(-3.08E-1,7.406808814166E0,-1.061945682182E1));
#5366=VERTEX_POINT('',#5365);
#5367=CARTESIAN_POINT('',(-3.08E-1,5.493314975003E0,-1.172421300495E1));
#5368=VERTEX_POINT('',#5367);
#5369=CARTESIAN_POINT('',(-3.388E0,2.170602220837E0,-1.231009691265E1));
#5370=VERTEX_POINT('',#5369);
#5371=CARTESIAN_POINT('',(-3.08E-1,-1.152110533328E0,-1.289598082036E1));
#5372=VERTEX_POINT('',#5371);
#5373=CARTESIAN_POINT('',(-3.08E-1,-3.328055442003E0,-1.251230302442E1));
#5374=VERTEX_POINT('',#5373);
#5375=CARTESIAN_POINT('',(-3.388E0,-6.25E0,-1.082531754731E1));
#5376=VERTEX_POINT('',#5375);
#5377=CARTESIAN_POINT('',(-3.08E-1,-9.171944557994E0,-9.138332070192E0));
#5378=VERTEX_POINT('',#5377);
#5379=CARTESIAN_POINT('',(-3.08E-1,-1.059219173048E1,-7.445747400009E0));
#5380=VERTEX_POINT('',#5379);
#5381=CARTESIAN_POINT('',(-3.388E0,-1.174615775982E1,-4.275251791571E0));
#5382=VERTEX_POINT('',#5381);
#5383=CARTESIAN_POINT('',(-3.08E-1,-1.290012378917E1,-1.104756183135E0));
#5384=VERTEX_POINT('',#5383);
#5385=CARTESIAN_POINT('',(-3.08E-1,-1.290012378917E1,1.104756183134E0));
#5386=VERTEX_POINT('',#5385);
#5387=CARTESIAN_POINT('',(-3.388E0,-1.174615775982E1,4.275251791571E0));
#5388=VERTEX_POINT('',#5387);
#5389=CARTESIAN_POINT('',(-3.08E-1,-1.059219173048E1,7.445747400009E0));
#5390=VERTEX_POINT('',#5389);
#5391=CARTESIAN_POINT('',(3.08E0,2.170602220837E0,-1.231009691265E1));
#5392=VERTEX_POINT('',#5391);
#5393=CARTESIAN_POINT('',(-3.08E0,2.170602220837E0,-1.231009691265E1));
#5394=VERTEX_POINT('',#5393);
#5395=CARTESIAN_POINT('',(0.E0,-8.626056584406E-1,-1.284493329986E1));
#5396=VERTEX_POINT('',#5395);
#5397=CARTESIAN_POINT('',(0.E0,5.203810100115E0,-1.177526052544E1));
#5398=VERTEX_POINT('',#5397);
#5399=CARTESIAN_POINT('',(3.08E0,-1.174615775982E1,4.275251791571E0));
#5400=VERTEX_POINT('',#5399);
#5401=CARTESIAN_POINT('',(0.E0,-1.279957980126E1,1.380998519550E0));
#5402=VERTEX_POINT('',#5401);
#5403=CARTESIAN_POINT('',(-3.08E0,-1.174615775982E1,4.275251791571E0));
#5404=VERTEX_POINT('',#5403);
#5405=CARTESIAN_POINT('',(0.E0,-1.069273571838E1,7.169505063592E0));
#5406=VERTEX_POINT('',#5405);
#5407=CARTESIAN_POINT('',(3.08E0,-6.25E0,-1.082531754731E1));
#5408=VERTEX_POINT('',#5407);
#5409=CARTESIAN_POINT('',(0.E0,-3.582641756344E0,-1.236531754731E1));
#5410=VERTEX_POINT('',#5409);
#5411=CARTESIAN_POINT('',(-3.08E0,-6.25E0,-1.082531754731E1));
#5412=VERTEX_POINT('',#5411);
#5413=CARTESIAN_POINT('',(0.E0,-8.917358243656E0,-9.285317547310E0));
#5414=VERTEX_POINT('',#5413);
#5415=CARTESIAN_POINT('',(3.08E0,-1.174615775982E1,-4.275251791571E0));
#5416=VERTEX_POINT('',#5415);
#5417=CARTESIAN_POINT('',(0.E0,-1.069273571838E1,-7.169505063592E0));
#5418=VERTEX_POINT('',#5417);
#5419=CARTESIAN_POINT('',(-3.08E0,-1.174615775982E1,-4.275251791571E0));
#5420=VERTEX_POINT('',#5419);
#5421=CARTESIAN_POINT('',(0.E0,-1.279957980126E1,-1.380998519550E0));
#5422=VERTEX_POINT('',#5421);
#5423=CARTESIAN_POINT('',(3.08E0,-6.25E0,1.082531754731E1));
#5424=VERTEX_POINT('',#5423);
#5425=CARTESIAN_POINT('',(0.E0,-8.917358243656E0,9.285317547310E0));
#5426=VERTEX_POINT('',#5425);
#5427=CARTESIAN_POINT('',(-3.08E0,-6.25E0,1.082531754731E1));
#5428=VERTEX_POINT('',#5427);
#5429=CARTESIAN_POINT('',(0.E0,-3.582641756344E0,1.236531754731E1));
#5430=VERTEX_POINT('',#5429);
#5431=CARTESIAN_POINT('',(3.08E0,9.575555538987E0,8.034845121082E0));
#5432=VERTEX_POINT('',#5431);
#5433=CARTESIAN_POINT('',(0.E0,7.595769701153E0,1.039426200589E1));
#5434=VERTEX_POINT('',#5433);
#5435=CARTESIAN_POINT('',(-3.08E0,9.575555538987E0,8.034845121082E0));
#5436=VERTEX_POINT('',#5435);
#5437=CARTESIAN_POINT('',(0.E0,1.155534137682E1,5.675428236275E0));
#5438=VERTEX_POINT('',#5437);
#5439=CARTESIAN_POINT('',(3.08E0,9.575555538987E0,-8.034845121082E0));
#5440=VERTEX_POINT('',#5439);
#5441=CARTESIAN_POINT('',(0.E0,1.155534137682E1,-5.675428236275E0));
#5442=VERTEX_POINT('',#5441);
#5443=CARTESIAN_POINT('',(-3.08E0,9.575555538987E0,-8.034845121082E0));
#5444=VERTEX_POINT('',#5443);
#5445=CARTESIAN_POINT('',(0.E0,7.595769701153E0,-1.039426200589E1));
#5446=VERTEX_POINT('',#5445);
#5447=CARTESIAN_POINT('',(3.08E0,1.25E1,0.E0));
#5448=VERTEX_POINT('',#5447);
#5449=CARTESIAN_POINT('',(0.E0,1.25E1,3.08E0));
#5450=VERTEX_POINT('',#5449);
#5451=CARTESIAN_POINT('',(-3.08E0,1.25E1,0.E0));
#5452=VERTEX_POINT('',#5451);
#5453=CARTESIAN_POINT('',(0.E0,1.25E1,-3.08E0));
#5454=VERTEX_POINT('',#5453);
#5455=CARTESIAN_POINT('',(0.E0,-6.25E0,1.082531754731E1));
#5456=DIRECTION('',(0.E0,-8.660254037844E-1,-5.E-1));
#5457=DIRECTION('',(1.E0,0.E0,0.E0));
#5458=AXIS2_PLACEMENT_3D('',#5455,#5456,#5457);
#5459=SPHERICAL_SURFACE('',#5458,3.388E0);
#5461=ORIENTED_EDGE('',*,*,#5460,.T.);
#5463=ORIENTED_EDGE('',*,*,#5462,.T.);
#5465=ORIENTED_EDGE('',*,*,#5464,.T.);
#5467=ORIENTED_EDGE('',*,*,#5466,.T.);
#5469=ORIENTED_EDGE('',*,*,#5468,.T.);
#5471=ORIENTED_EDGE('',*,*,#5470,.T.);
#5472=EDGE_LOOP('',(#5461,#5463,#5465,#5467,#5469,#5471));
#5473=FACE_OUTER_BOUND('',#5472,.F.);
#5474=ADVANCED_FACE('',(#5473),#5459,.T.);
#5475=CARTESIAN_POINT('',(0.E0,-6.25E0,1.082531754731E1));
#5476=DIRECTION('',(0.E0,-8.660254037844E-1,-5.E-1));
#5477=DIRECTION('',(1.E0,0.E0,0.E0));
#5478=AXIS2_PLACEMENT_3D('',#5475,#5476,#5477);
#5479=SPHERICAL_SURFACE('',#5478,3.388E0);
#5481=ORIENTED_EDGE('',*,*,#5480,.T.);
#5483=ORIENTED_EDGE('',*,*,#5482,.T.);
#5485=ORIENTED_EDGE('',*,*,#5484,.T.);
#5487=ORIENTED_EDGE('',*,*,#5486,.T.);
#5488=ORIENTED_EDGE('',*,*,#5460,.F.);
#5489=ORIENTED_EDGE('',*,*,#5470,.F.);
#5490=EDGE_LOOP('',(#5481,#5483,#5485,#5487,#5488,#5489));
#5491=FACE_OUTER_BOUND('',#5490,.F.);
#5492=ADVANCED_FACE('',(#5491),#5479,.T.);
#5493=CARTESIAN_POINT('',(0.E0,0.E0,0.E0));
#5494=DIRECTION('',(-1.E0,0.E0,0.E0));
#5495=DIRECTION('',(0.E0,0.E0,1.E0));
#5496=AXIS2_PLACEMENT_3D('',#5493,#5494,#5495);
#5497=CYLINDRICAL_SURFACE('',#5496,1.375E1);
#5499=ORIENTED_EDGE('',*,*,#5498,.T.);
#5501=ORIENTED_EDGE('',*,*,#5500,.F.);
#5503=ORIENTED_EDGE('',*,*,#5502,.T.);
#5505=ORIENTED_EDGE('',*,*,#5504,.F.);
#5507=ORIENTED_EDGE('',*,*,#5506,.F.);
#5509=ORIENTED_EDGE('',*,*,#5508,.F.);
#5511=ORIENTED_EDGE('',*,*,#5510,.F.);
#5513=ORIENTED_EDGE('',*,*,#5512,.F.);
#5515=ORIENTED_EDGE('',*,*,#5514,.F.);
#5517=ORIENTED_EDGE('',*,*,#5516,.F.);
#5519=ORIENTED_EDGE('',*,*,#5518,.F.);
#5521=ORIENTED_EDGE('',*,*,#5520,.F.);
#5523=ORIENTED_EDGE('',*,*,#5522,.F.);
#5525=ORIENTED_EDGE('',*,*,#5524,.F.);
#5526=ORIENTED_EDGE('',*,*,#5480,.F.);
#5527=ORIENTED_EDGE('',*,*,#5468,.F.);
#5529=ORIENTED_EDGE('',*,*,#5528,.F.);
#5531=ORIENTED_EDGE('',*,*,#5530,.F.);
#5533=ORIENTED_EDGE('',*,*,#5532,.F.);
#5535=ORIENTED_EDGE('',*,*,#5534,.F.);
#5537=ORIENTED_EDGE('',*,*,#5536,.F.);
#5539=ORIENTED_EDGE('',*,*,#5538,.F.);
#5541=ORIENTED_EDGE('',*,*,#5540,.F.);
#5543=ORIENTED_EDGE('',*,*,#5542,.F.);
#5545=ORIENTED_EDGE('',*,*,#5544,.F.);
#5547=ORIENTED_EDGE('',*,*,#5546,.F.);
#5549=ORIENTED_EDGE('',*,*,#5548,.F.);
#5551=ORIENTED_EDGE('',*,*,#5550,.F.);
#5553=ORIENTED_EDGE('',*,*,#5552,.F.);
#5555=ORIENTED_EDGE('',*,*,#5554,.F.);
#5557=ORIENTED_EDGE('',*,*,#5556,.F.);
#5559=ORIENTED_EDGE('',*,*,#5558,.F.);
#5561=ORIENTED_EDGE('',*,*,#5560,.F.);
#5563=ORIENTED_EDGE('',*,*,#5562,.F.);
#5565=ORIENTED_EDGE('',*,*,#5564,.F.);
#5567=ORIENTED_EDGE('',*,*,#5566,.F.);
#5568=EDGE_LOOP('',(#5499,#5501,#5503,#5505,#5507,#5509,#5511,#5513,#5515,#5517,
#5519,#5521,#5523,#5525,#5526,#5527,#5529,#5531,#5533,#5535,#5537,#5539,#5541,
#5543,#5545,#5547,#5549,#5551,#5553,#5555,#5557,#5559,#5561,#5563,#5565,#5567));
#5569=FACE_OUTER_BOUND('',#5568,.F.);
#5571=ORIENTED_EDGE('',*,*,#5570,.F.);
#5573=ORIENTED_EDGE('',*,*,#5572,.F.);
#5574=EDGE_LOOP('',(#5571,#5573));
#5575=FACE_BOUND('',#5574,.F.);
#5577=ORIENTED_EDGE('',*,*,#5576,.F.);
#5579=ORIENTED_EDGE('',*,*,#5578,.F.);
#5580=EDGE_LOOP('',(#5577,#5579));
#5581=FACE_BOUND('',#5580,.F.);
#5583=ORIENTED_EDGE('',*,*,#5582,.F.);
#5585=ORIENTED_EDGE('',*,*,#5584,.F.);
#5586=EDGE_LOOP('',(#5583,#5585));
#5587=FACE_BOUND('',#5586,.F.);
#5589=ORIENTED_EDGE('',*,*,#5588,.F.);
#5591=ORIENTED_EDGE('',*,*,#5590,.F.);
#5592=EDGE_LOOP('',(#5589,#5591));
#5593=FACE_BOUND('',#5592,.F.);
#5594=ADVANCED_FACE('',(#5569,#5575,#5581,#5587,#5593),#5497,.T.);
#5595=CARTESIAN_POINT('',(0.E0,0.E0,0.E0));
#5596=DIRECTION('',(-1.E0,0.E0,0.E0));
#5597=DIRECTION('',(0.E0,0.E0,1.E0));
#5598=AXIS2_PLACEMENT_3D('',#5595,#5596,#5597);
#5599=CYLINDRICAL_SURFACE('',#5598,1.375E1);
#5601=ORIENTED_EDGE('',*,*,#5600,.F.);
#5603=ORIENTED_EDGE('',*,*,#5602,.F.);
#5605=ORIENTED_EDGE('',*,*,#5604,.F.);
#5607=ORIENTED_EDGE('',*,*,#5606,.F.);
#5609=ORIENTED_EDGE('',*,*,#5608,.F.);
#5611=ORIENTED_EDGE('',*,*,#5610,.F.);
#5613=ORIENTED_EDGE('',*,*,#5612,.F.);
#5615=ORIENTED_EDGE('',*,*,#5614,.F.);
#5617=ORIENTED_EDGE('',*,*,#5616,.F.);
#5619=ORIENTED_EDGE('',*,*,#5618,.F.);
#5621=ORIENTED_EDGE('',*,*,#5620,.F.);
#5623=ORIENTED_EDGE('',*,*,#5622,.F.);
#5625=ORIENTED_EDGE('',*,*,#5624,.F.);
#5627=ORIENTED_EDGE('',*,*,#5626,.F.);
#5628=ORIENTED_EDGE('',*,*,#5536,.T.);
#5630=ORIENTED_EDGE('',*,*,#5629,.F.);
#5632=ORIENTED_EDGE('',*,*,#5631,.F.);
#5634=ORIENTED_EDGE('',*,*,#5633,.F.);
#5635=ORIENTED_EDGE('',*,*,#5532,.T.);
#5637=ORIENTED_EDGE('',*,*,#5636,.F.);
#5639=ORIENTED_EDGE('',*,*,#5638,.F.);
#5641=ORIENTED_EDGE('',*,*,#5640,.F.);
#5643=ORIENTED_EDGE('',*,*,#5642,.F.);
#5645=ORIENTED_EDGE('',*,*,#5644,.F.);
#5647=ORIENTED_EDGE('',*,*,#5646,.F.);
#5649=ORIENTED_EDGE('',*,*,#5648,.F.);
#5651=ORIENTED_EDGE('',*,*,#5650,.F.);
#5653=ORIENTED_EDGE('',*,*,#5652,.F.);
#5655=ORIENTED_EDGE('',*,*,#5654,.F.);
#5657=ORIENTED_EDGE('',*,*,#5656,.F.);
#5659=ORIENTED_EDGE('',*,*,#5658,.F.);
#5661=ORIENTED_EDGE('',*,*,#5660,.F.);
#5663=ORIENTED_EDGE('',*,*,#5662,.F.);
#5664=ORIENTED_EDGE('',*,*,#5502,.F.);
#5666=ORIENTED_EDGE('',*,*,#5665,.F.);
#5668=ORIENTED_EDGE('',*,*,#5667,.F.);
#5670=ORIENTED_EDGE('',*,*,#5669,.F.);
#5671=ORIENTED_EDGE('',*,*,#5498,.F.);
#5672=EDGE_LOOP('',(#5601,#5603,#5605,#5607,#5609,#5611,#5613,#5615,#5617,#5619,
#5621,#5623,#5625,#5627,#5628,#5630,#5632,#5634,#5635,#5637,#5639,#5641,#5643,
#5645,#5647,#5649,#5651,#5653,#5655,#5657,#5659,#5661,#5663,#5664,#5666,#5668,
#5670,#5671));
#5673=FACE_OUTER_BOUND('',#5672,.F.);
#5675=ORIENTED_EDGE('',*,*,#5674,.F.);
#5677=ORIENTED_EDGE('',*,*,#5676,.F.);
#5678=EDGE_LOOP('',(#5675,#5677));
#5679=FACE_BOUND('',#5678,.F.);
#5681=ORIENTED_EDGE('',*,*,#5680,.F.);
#5683=ORIENTED_EDGE('',*,*,#5682,.F.);
#5684=EDGE_LOOP('',(#5681,#5683));
#5685=FACE_BOUND('',#5684,.F.);
#5687=ORIENTED_EDGE('',*,*,#5686,.F.);
#5689=ORIENTED_EDGE('',*,*,#5688,.F.);
#5690=EDGE_LOOP('',(#5687,#5689));
#5691=FACE_BOUND('',#5690,.F.);
#5692=ADVANCED_FACE('',(#5673,#5679,#5685,#5691),#5599,.T.);
#5693=CARTESIAN_POINT('',(0.E0,2.170602220837E0,-1.231009691265E1));
#5694=DIRECTION('',(0.E0,9.848077530122E-1,1.736481776669E-1));
#5695=DIRECTION('',(1.E0,0.E0,0.E0));
#5696=AXIS2_PLACEMENT_3D('',#5693,#5694,#5695);
#5697=SPHERICAL_SURFACE('',#5696,3.388E0);
#5698=ORIENTED_EDGE('',*,*,#5600,.T.);
#5699=ORIENTED_EDGE('',*,*,#5566,.T.);
#5701=ORIENTED_EDGE('',*,*,#5700,.T.);
#5703=ORIENTED_EDGE('',*,*,#5702,.T.);
#5705=ORIENTED_EDGE('',*,*,#5704,.T.);
#5707=ORIENTED_EDGE('',*,*,#5706,.T.);
#5709=ORIENTED_EDGE('',*,*,#5708,.F.);
#5711=ORIENTED_EDGE('',*,*,#5710,.F.);
#5712=EDGE_LOOP('',(#5698,#5699,#5701,#5703,#5705,#5707,#5709,#5711));
#5713=FACE_OUTER_BOUND('',#5712,.F.);
#5714=ADVANCED_FACE('',(#5713),#5697,.T.);
#5715=CARTESIAN_POINT('',(3.08E-1,7.5E0,0.E0));
#5716=DIRECTION('',(-1.E0,0.E0,0.E0));
#5717=DIRECTION('',(0.E0,0.E0,1.E0));
#5718=AXIS2_PLACEMENT_3D('',#5715,#5716,#5717);
#5719=PLANE('',#5718);
#5720=ORIENTED_EDGE('',*,*,#5564,.T.);
#5722=ORIENTED_EDGE('',*,*,#5721,.F.);
#5724=ORIENTED_EDGE('',*,*,#5723,.F.);
#5726=ORIENTED_EDGE('',*,*,#5725,.T.);
#5727=ORIENTED_EDGE('',*,*,#5702,.F.);
#5728=ORIENTED_EDGE('',*,*,#5700,.F.);
#5729=EDGE_LOOP('',(#5720,#5722,#5724,#5726,#5727,#5728));
#5730=FACE_OUTER_BOUND('',#5729,.F.);
#5731=ADVANCED_FACE('',(#5730),#5719,.F.);
#5732=CARTESIAN_POINT('',(0.E0,-6.25E0,-1.082531754731E1));
#5733=DIRECTION('',(0.E0,8.660254037844E-1,-5.E-1));
#5734=DIRECTION('',(1.E0,0.E0,0.E0));
#5735=AXIS2_PLACEMENT_3D('',#5732,#5733,#5734);
#5736=SPHERICAL_SURFACE('',#5735,3.388E0);
#5738=ORIENTED_EDGE('',*,*,#5737,.T.);
#5740=ORIENTED_EDGE('',*,*,#5739,.T.);
#5741=ORIENTED_EDGE('',*,*,#5723,.T.);
#5742=ORIENTED_EDGE('',*,*,#5721,.T.);
#5743=ORIENTED_EDGE('',*,*,#5562,.T.);
#5745=ORIENTED_EDGE('',*,*,#5744,.T.);
#5746=EDGE_LOOP('',(#5738,#5740,#5741,#5742,#5743,#5745));
#5747=FACE_OUTER_BOUND('',#5746,.F.);
#5748=ADVANCED_FACE('',(#5747),#5736,.T.);
#5749=CARTESIAN_POINT('',(0.E0,-6.25E0,-1.082531754731E1));
#5750=DIRECTION('',(0.E0,8.660254037844E-1,-5.E-1));
#5751=DIRECTION('',(1.E0,0.E0,0.E0));
#5752=AXIS2_PLACEMENT_3D('',#5749,#5750,#5751);
#5753=SPHERICAL_SURFACE('',#5752,3.388E0);
#5754=ORIENTED_EDGE('',*,*,#5560,.T.);
#5756=ORIENTED_EDGE('',*,*,#5755,.T.);
#5758=ORIENTED_EDGE('',*,*,#5757,.T.);
#5760=ORIENTED_EDGE('',*,*,#5759,.T.);
#5761=ORIENTED_EDGE('',*,*,#5737,.F.);
#5762=ORIENTED_EDGE('',*,*,#5744,.F.);
#5763=EDGE_LOOP('',(#5754,#5756,#5758,#5760,#5761,#5762));
#5764=FACE_OUTER_BOUND('',#5763,.F.);
#5765=ADVANCED_FACE('',(#5764),#5753,.T.);
#5766=CARTESIAN_POINT('',(3.08E-1,7.5E0,0.E0));
#5767=DIRECTION('',(-1.E0,0.E0,0.E0));
#5768=DIRECTION('',(0.E0,0.E0,1.E0));
#5769=AXIS2_PLACEMENT_3D('',#5766,#5767,#5768);
#5770=PLANE('',#5769);
#5771=ORIENTED_EDGE('',*,*,#5558,.T.);
#5773=ORIENTED_EDGE('',*,*,#5772,.F.);
#5775=ORIENTED_EDGE('',*,*,#5774,.F.);
#5777=ORIENTED_EDGE('',*,*,#5776,.T.);
#5778=ORIENTED_EDGE('',*,*,#5757,.F.);
#5779=ORIENTED_EDGE('',*,*,#5755,.F.);
#5780=EDGE_LOOP('',(#5771,#5773,#5775,#5777,#5778,#5779));
#5781=FACE_OUTER_BOUND('',#5780,.F.);
#5782=ADVANCED_FACE('',(#5781),#5770,.F.);
#5783=CARTESIAN_POINT('',(0.E0,-1.174615775982E1,-4.275251791571E0));
#5784=DIRECTION('',(0.E0,3.420201433257E-1,-9.396926207859E-1));
#5785=DIRECTION('',(1.E0,0.E0,0.E0));
#5786=AXIS2_PLACEMENT_3D('',#5783,#5784,#5785);
#5787=SPHERICAL_SURFACE('',#5786,3.388E0);
#5789=ORIENTED_EDGE('',*,*,#5788,.T.);
#5791=ORIENTED_EDGE('',*,*,#5790,.T.);
#5792=ORIENTED_EDGE('',*,*,#5774,.T.);
#5793=ORIENTED_EDGE('',*,*,#5772,.T.);
#5794=ORIENTED_EDGE('',*,*,#5556,.T.);
#5796=ORIENTED_EDGE('',*,*,#5795,.T.);
#5797=EDGE_LOOP('',(#5789,#5791,#5792,#5793,#5794,#5796));
#5798=FACE_OUTER_BOUND('',#5797,.F.);
#5799=ADVANCED_FACE('',(#5798),#5787,.T.);
#5800=CARTESIAN_POINT('',(0.E0,-1.174615775982E1,-4.275251791571E0));
#5801=DIRECTION('',(0.E0,3.420201433257E-1,-9.396926207859E-1));
#5802=DIRECTION('',(1.E0,0.E0,0.E0));
#5803=AXIS2_PLACEMENT_3D('',#5800,#5801,#5802);
#5804=SPHERICAL_SURFACE('',#5803,3.388E0);
#5805=ORIENTED_EDGE('',*,*,#5554,.T.);
#5807=ORIENTED_EDGE('',*,*,#5806,.T.);
#5809=ORIENTED_EDGE('',*,*,#5808,.T.);
#5811=ORIENTED_EDGE('',*,*,#5810,.T.);
#5812=ORIENTED_EDGE('',*,*,#5788,.F.);
#5813=ORIENTED_EDGE('',*,*,#5795,.F.);
#5814=EDGE_LOOP('',(#5805,#5807,#5809,#5811,#5812,#5813));
#5815=FACE_OUTER_BOUND('',#5814,.F.);
#5816=ADVANCED_FACE('',(#5815),#5804,.T.);
#5817=CARTESIAN_POINT('',(3.08E-1,7.5E0,0.E0));
#5818=DIRECTION('',(-1.E0,0.E0,0.E0));
#5819=DIRECTION('',(0.E0,0.E0,1.E0));
#5820=AXIS2_PLACEMENT_3D('',#5817,#5818,#5819);
#5821=PLANE('',#5820);
#5822=ORIENTED_EDGE('',*,*,#5552,.T.);
#5824=ORIENTED_EDGE('',*,*,#5823,.F.);
#5826=ORIENTED_EDGE('',*,*,#5825,.F.);
#5828=ORIENTED_EDGE('',*,*,#5827,.T.);
#5829=ORIENTED_EDGE('',*,*,#5808,.F.);
#5830=ORIENTED_EDGE('',*,*,#5806,.F.);
#5831=EDGE_LOOP('',(#5822,#5824,#5826,#5828,#5829,#5830));
#5832=FACE_OUTER_BOUND('',#5831,.F.);
#5833=ADVANCED_FACE('',(#5832),#5821,.F.);
#5834=CARTESIAN_POINT('',(0.E0,-1.174615775982E1,4.275251791571E0));
#5835=DIRECTION('',(0.E0,-3.420201433257E-1,-9.396926207859E-1));
#5836=DIRECTION('',(1.E0,0.E0,0.E0));
#5837=AXIS2_PLACEMENT_3D('',#5834,#5835,#5836);
#5838=SPHERICAL_SURFACE('',#5837,3.388E0);
#5840=ORIENTED_EDGE('',*,*,#5839,.T.);
#5842=ORIENTED_EDGE('',*,*,#5841,.T.);
#5843=ORIENTED_EDGE('',*,*,#5825,.T.);
#5844=ORIENTED_EDGE('',*,*,#5823,.T.);
#5845=ORIENTED_EDGE('',*,*,#5550,.T.);
#5847=ORIENTED_EDGE('',*,*,#5846,.T.);
#5848=EDGE_LOOP('',(#5840,#5842,#5843,#5844,#5845,#5847));
#5849=FACE_OUTER_BOUND('',#5848,.F.);
#5850=ADVANCED_FACE('',(#5849),#5838,.T.);
#5851=CARTESIAN_POINT('',(0.E0,-1.174615775982E1,4.275251791571E0));
#5852=DIRECTION('',(0.E0,-3.420201433257E-1,-9.396926207859E-1));
#5853=DIRECTION('',(1.E0,0.E0,0.E0));
#5854=AXIS2_PLACEMENT_3D('',#5851,#5852,#5853);
#5855=SPHERICAL_SURFACE('',#5854,3.388E0);
#5856=ORIENTED_EDGE('',*,*,#5548,.T.);
#5858=ORIENTED_EDGE('',*,*,#5857,.T.);
#5860=ORIENTED_EDGE('',*,*,#5859,.T.);
#5862=ORIENTED_EDGE('',*,*,#5861,.T.);
#5863=ORIENTED_EDGE('',*,*,#5839,.F.);
#5864=ORIENTED_EDGE('',*,*,#5846,.F.);
#5865=EDGE_LOOP('',(#5856,#5858,#5860,#5862,#5863,#5864));
#5866=FACE_OUTER_BOUND('',#5865,.F.);
#5867=ADVANCED_FACE('',(#5866),#5855,.T.);
#5868=CARTESIAN_POINT('',(3.08E-1,7.5E0,0.E0));
#5869=DIRECTION('',(-1.E0,0.E0,0.E0));
#5870=DIRECTION('',(0.E0,0.E0,1.E0));
#5871=AXIS2_PLACEMENT_3D('',#5868,#5869,#5870);
#5872=PLANE('',#5871);
#5873=ORIENTED_EDGE('',*,*,#5546,.T.);
#5875=ORIENTED_EDGE('',*,*,#5874,.F.);
#5877=ORIENTED_EDGE('',*,*,#5876,.F.);
#5879=ORIENTED_EDGE('',*,*,#5878,.T.);
#5880=ORIENTED_EDGE('',*,*,#5859,.F.);
#5881=ORIENTED_EDGE('',*,*,#5857,.F.);
#5882=EDGE_LOOP('',(#5873,#5875,#5877,#5879,#5880,#5881));
#5883=FACE_OUTER_BOUND('',#5882,.F.);
#5884=ADVANCED_FACE('',(#5883),#5872,.F.);
#5885=CARTESIAN_POINT('',(0.E0,-6.25E0,1.082531754731E1));
#5886=DIRECTION('',(0.E0,-8.660254037844E-1,-5.E-1));
#5887=DIRECTION('',(1.E0,0.E0,0.E0));
#5888=AXIS2_PLACEMENT_3D('',#5885,#5886,#5887);
#5889=SPHERICAL_SURFACE('',#5888,3.388E0);
#5891=ORIENTED_EDGE('',*,*,#5890,.T.);
#5893=ORIENTED_EDGE('',*,*,#5892,.T.);
#5894=ORIENTED_EDGE('',*,*,#5876,.T.);
#5895=ORIENTED_EDGE('',*,*,#5874,.T.);
#5896=ORIENTED_EDGE('',*,*,#5544,.T.);
#5898=ORIENTED_EDGE('',*,*,#5897,.T.);
#5899=EDGE_LOOP('',(#5891,#5893,#5894,#5895,#5896,#5898));
#5900=FACE_OUTER_BOUND('',#5899,.F.);
#5901=ADVANCED_FACE('',(#5900),#5889,.T.);
#5902=CARTESIAN_POINT('',(0.E0,-6.25E0,1.082531754731E1));
#5903=DIRECTION('',(0.E0,-8.660254037844E-1,-5.E-1));
#5904=DIRECTION('',(1.E0,0.E0,0.E0));
#5905=AXIS2_PLACEMENT_3D('',#5902,#5903,#5904);
#5906=SPHERICAL_SURFACE('',#5905,3.388E0);
#5907=ORIENTED_EDGE('',*,*,#5542,.T.);
#5909=ORIENTED_EDGE('',*,*,#5908,.T.);
#5911=ORIENTED_EDGE('',*,*,#5910,.T.);
#5913=ORIENTED_EDGE('',*,*,#5912,.T.);
#5914=ORIENTED_EDGE('',*,*,#5890,.F.);
#5915=ORIENTED_EDGE('',*,*,#5897,.F.);
#5916=EDGE_LOOP('',(#5907,#5909,#5911,#5913,#5914,#5915));
#5917=FACE_OUTER_BOUND('',#5916,.F.);
#5918=ADVANCED_FACE('',(#5917),#5906,.T.);
#5919=CARTESIAN_POINT('',(3.08E-1,7.5E0,0.E0));
#5920=DIRECTION('',(-1.E0,0.E0,0.E0));
#5921=DIRECTION('',(0.E0,0.E0,1.E0));
#5922=AXIS2_PLACEMENT_3D('',#5919,#5920,#5921);
#5923=PLANE('',#5922);
#5924=ORIENTED_EDGE('',*,*,#5540,.T.);
#5926=ORIENTED_EDGE('',*,*,#5925,.F.);
#5928=ORIENTED_EDGE('',*,*,#5927,.F.);
#5930=ORIENTED_EDGE('',*,*,#5929,.T.);
#5931=ORIENTED_EDGE('',*,*,#5910,.F.);
#5932=ORIENTED_EDGE('',*,*,#5908,.F.);
#5933=EDGE_LOOP('',(#5924,#5926,#5928,#5930,#5931,#5932));
#5934=FACE_OUTER_BOUND('',#5933,.F.);
#5935=ADVANCED_FACE('',(#5934),#5923,.F.);
#5936=CARTESIAN_POINT('',(0.E0,2.170602220837E0,1.231009691265E1));
#5937=DIRECTION('',(0.E0,-9.848077530122E-1,1.736481776669E-1));
#5938=DIRECTION('',(1.E0,0.E0,0.E0));
#5939=AXIS2_PLACEMENT_3D('',#5936,#5937,#5938);
#5940=SPHERICAL_SURFACE('',#5939,3.388E0);
#5942=ORIENTED_EDGE('',*,*,#5941,.T.);
#5944=ORIENTED_EDGE('',*,*,#5943,.T.);
#5946=ORIENTED_EDGE('',*,*,#5945,.T.);
#5947=ORIENTED_EDGE('',*,*,#5927,.T.);
#5948=ORIENTED_EDGE('',*,*,#5925,.T.);
#5949=ORIENTED_EDGE('',*,*,#5538,.T.);
#5950=ORIENTED_EDGE('',*,*,#5626,.T.);
#5952=ORIENTED_EDGE('',*,*,#5951,.T.);
#5953=EDGE_LOOP('',(#5942,#5944,#5946,#5947,#5948,#5949,#5950,#5952));
#5954=FACE_OUTER_BOUND('',#5953,.F.);
#5955=ADVANCED_FACE('',(#5954),#5940,.T.);
#5956=CARTESIAN_POINT('',(0.E0,2.170602220837E0,1.231009691265E1));
#5957=DIRECTION('',(0.E0,-9.848077530122E-1,1.736481776669E-1));
#5958=DIRECTION('',(1.E0,0.E0,0.E0));
#5959=AXIS2_PLACEMENT_3D('',#5956,#5957,#5958);
#5960=SPHERICAL_SURFACE('',#5959,3.388E0);
#5961=ORIENTED_EDGE('',*,*,#5624,.T.);
#5963=ORIENTED_EDGE('',*,*,#5962,.T.);
#5965=ORIENTED_EDGE('',*,*,#5964,.T.);
#5967=ORIENTED_EDGE('',*,*,#5966,.T.);
#5968=ORIENTED_EDGE('',*,*,#5941,.F.);
#5969=ORIENTED_EDGE('',*,*,#5951,.F.);
#5970=EDGE_LOOP('',(#5961,#5963,#5965,#5967,#5968,#5969));
#5971=FACE_OUTER_BOUND('',#5970,.F.);
#5972=ADVANCED_FACE('',(#5971),#5960,.T.);
#5973=CARTESIAN_POINT('',(3.08E-1,7.5E0,0.E0));
#5974=DIRECTION('',(-1.E0,0.E0,0.E0));
#5975=DIRECTION('',(0.E0,0.E0,1.E0));
#5976=AXIS2_PLACEMENT_3D('',#5973,#5974,#5975);
#5977=PLANE('',#5976);
#5978=ORIENTED_EDGE('',*,*,#5622,.T.);
#5980=ORIENTED_EDGE('',*,*,#5979,.F.);
#5982=ORIENTED_EDGE('',*,*,#5981,.F.);
#5984=ORIENTED_EDGE('',*,*,#5983,.T.);
#5985=ORIENTED_EDGE('',*,*,#5964,.F.);
#5986=ORIENTED_EDGE('',*,*,#5962,.F.);
#5987=EDGE_LOOP('',(#5978,#5980,#5982,#5984,#5985,#5986));
#5988=FACE_OUTER_BOUND('',#5987,.F.);
#5989=ADVANCED_FACE('',(#5988),#5977,.F.);
#5990=CARTESIAN_POINT('',(0.E0,9.575555538987E0,8.034845121082E0));
#5991=DIRECTION('',(0.E0,-6.427876096865E-1,7.660444431190E-1));
#5992=DIRECTION('',(1.E0,0.E0,0.E0));
#5993=AXIS2_PLACEMENT_3D('',#5990,#5991,#5992);
#5994=SPHERICAL_SURFACE('',#5993,3.388E0);
#5996=ORIENTED_EDGE('',*,*,#5995,.T.);
#5998=ORIENTED_EDGE('',*,*,#5997,.T.);
#5999=ORIENTED_EDGE('',*,*,#5981,.T.);
#6000=ORIENTED_EDGE('',*,*,#5979,.T.);
#6001=ORIENTED_EDGE('',*,*,#5620,.T.);
#6003=ORIENTED_EDGE('',*,*,#6002,.T.);
#6004=EDGE_LOOP('',(#5996,#5998,#5999,#6000,#6001,#6003));
#6005=FACE_OUTER_BOUND('',#6004,.F.);
#6006=ADVANCED_FACE('',(#6005),#5994,.T.);
#6007=CARTESIAN_POINT('',(0.E0,9.575555538987E0,8.034845121082E0));
#6008=DIRECTION('',(0.E0,-6.427876096865E-1,7.660444431190E-1));
#6009=DIRECTION('',(1.E0,0.E0,0.E0));
#6010=AXIS2_PLACEMENT_3D('',#6007,#6008,#6009);
#6011=SPHERICAL_SURFACE('',#6010,3.388E0);
#6012=ORIENTED_EDGE('',*,*,#5618,.T.);
#6014=ORIENTED_EDGE('',*,*,#6013,.T.);
#6016=ORIENTED_EDGE('',*,*,#6015,.T.);
#6018=ORIENTED_EDGE('',*,*,#6017,.T.);
#6019=ORIENTED_EDGE('',*,*,#5995,.F.);
#6020=ORIENTED_EDGE('',*,*,#6002,.F.);
#6021=EDGE_LOOP('',(#6012,#6014,#6016,#6018,#6019,#6020));
#6022=FACE_OUTER_BOUND('',#6021,.F.);
#6023=ADVANCED_FACE('',(#6022),#6011,.T.);
#6024=CARTESIAN_POINT('',(3.08E-1,7.5E0,0.E0));
#6025=DIRECTION('',(-1.E0,0.E0,0.E0));
#6026=DIRECTION('',(0.E0,0.E0,1.E0));
#6027=AXIS2_PLACEMENT_3D('',#6024,#6025,#6026);
#6028=PLANE('',#6027);
#6029=ORIENTED_EDGE('',*,*,#5616,.T.);
#6031=ORIENTED_EDGE('',*,*,#6030,.F.);
#6033=ORIENTED_EDGE('',*,*,#6032,.F.);
#6035=ORIENTED_EDGE('',*,*,#6034,.T.);
#6036=ORIENTED_EDGE('',*,*,#6015,.F.);
#6037=ORIENTED_EDGE('',*,*,#6013,.F.);
#6038=EDGE_LOOP('',(#6029,#6031,#6033,#6035,#6036,#6037));
#6039=FACE_OUTER_BOUND('',#6038,.F.);
#6040=ADVANCED_FACE('',(#6039),#6028,.F.);
#6041=CARTESIAN_POINT('',(0.E0,1.25E1,0.E0));
#6042=DIRECTION('',(0.E0,0.E0,1.E0));
#6043=DIRECTION('',(1.E0,0.E0,0.E0));
#6044=AXIS2_PLACEMENT_3D('',#6041,#6042,#6043);
#6045=SPHERICAL_SURFACE('',#6044,3.388E0);
#6047=ORIENTED_EDGE('',*,*,#6046,.T.);
#6049=ORIENTED_EDGE('',*,*,#6048,.T.);
#6050=ORIENTED_EDGE('',*,*,#6032,.T.);
#6051=ORIENTED_EDGE('',*,*,#6030,.T.);
#6052=ORIENTED_EDGE('',*,*,#5614,.T.);
#6054=ORIENTED_EDGE('',*,*,#6053,.T.);
#6055=EDGE_LOOP('',(#6047,#6049,#6050,#6051,#6052,#6054));
#6056=FACE_OUTER_BOUND('',#6055,.F.);
#6057=ADVANCED_FACE('',(#6056),#6045,.T.);
#6058=CARTESIAN_POINT('',(0.E0,1.25E1,0.E0));
#6059=DIRECTION('',(0.E0,0.E0,1.E0));
#6060=DIRECTION('',(1.E0,0.E0,0.E0));
#6061=AXIS2_PLACEMENT_3D('',#6058,#6059,#6060);
#6062=SPHERICAL_SURFACE('',#6061,3.388E0);
#6063=ORIENTED_EDGE('',*,*,#5612,.T.);
#6065=ORIENTED_EDGE('',*,*,#6064,.T.);
#6067=ORIENTED_EDGE('',*,*,#6066,.T.);
#6069=ORIENTED_EDGE('',*,*,#6068,.T.);
#6070=ORIENTED_EDGE('',*,*,#6046,.F.);
#6071=ORIENTED_EDGE('',*,*,#6053,.F.);
#6072=EDGE_LOOP('',(#6063,#6065,#6067,#6069,#6070,#6071));
#6073=FACE_OUTER_BOUND('',#6072,.F.);
#6074=ADVANCED_FACE('',(#6073),#6062,.T.);
#6075=CARTESIAN_POINT('',(3.08E-1,7.5E0,0.E0));
#6076=DIRECTION('',(-1.E0,0.E0,0.E0));
#6077=DIRECTION('',(0.E0,0.E0,1.E0));
#6078=AXIS2_PLACEMENT_3D('',#6075,#6076,#6077);
#6079=PLANE('',#6078);
#6080=ORIENTED_EDGE('',*,*,#5610,.T.);
#6082=ORIENTED_EDGE('',*,*,#6081,.F.);
#6084=ORIENTED_EDGE('',*,*,#6083,.F.);
#6086=ORIENTED_EDGE('',*,*,#6085,.T.);
#6087=ORIENTED_EDGE('',*,*,#6066,.F.);
#6088=ORIENTED_EDGE('',*,*,#6064,.F.);
#6089=EDGE_LOOP('',(#6080,#6082,#6084,#6086,#6087,#6088));
#6090=FACE_OUTER_BOUND('',#6089,.F.);
#6091=ADVANCED_FACE('',(#6090),#6079,.F.);
#6092=CARTESIAN_POINT('',(0.E0,9.575555538987E0,-8.034845121082E0));
#6093=DIRECTION('',(0.E0,6.427876096865E-1,7.660444431190E-1));
#6094=DIRECTION('',(1.E0,0.E0,0.E0));
#6095=AXIS2_PLACEMENT_3D('',#6092,#6093,#6094);
#6096=SPHERICAL_SURFACE('',#6095,3.388E0);
#6098=ORIENTED_EDGE('',*,*,#6097,.T.);
#6100=ORIENTED_EDGE('',*,*,#6099,.T.);
#6101=ORIENTED_EDGE('',*,*,#6083,.T.);
#6102=ORIENTED_EDGE('',*,*,#6081,.T.);
#6103=ORIENTED_EDGE('',*,*,#5608,.T.);
#6105=ORIENTED_EDGE('',*,*,#6104,.T.);
#6106=EDGE_LOOP('',(#6098,#6100,#6101,#6102,#6103,#6105));
#6107=FACE_OUTER_BOUND('',#6106,.F.);
#6108=ADVANCED_FACE('',(#6107),#6096,.T.);
#6109=CARTESIAN_POINT('',(0.E0,9.575555538987E0,-8.034845121082E0));
#6110=DIRECTION('',(0.E0,6.427876096865E-1,7.660444431190E-1));
#6111=DIRECTION('',(1.E0,0.E0,0.E0));
#6112=AXIS2_PLACEMENT_3D('',#6109,#6110,#6111);
#6113=SPHERICAL_SURFACE('',#6112,3.388E0);
#6114=ORIENTED_EDGE('',*,*,#5606,.T.);
#6116=ORIENTED_EDGE('',*,*,#6115,.T.);
#6118=ORIENTED_EDGE('',*,*,#6117,.T.);
#6120=ORIENTED_EDGE('',*,*,#6119,.T.);
#6121=ORIENTED_EDGE('',*,*,#6097,.F.);
#6122=ORIENTED_EDGE('',*,*,#6104,.F.);
#6123=EDGE_LOOP('',(#6114,#6116,#6118,#6120,#6121,#6122));
#6124=FACE_OUTER_BOUND('',#6123,.F.);
#6125=ADVANCED_FACE('',(#6124),#6113,.T.);
#6126=CARTESIAN_POINT('',(3.08E-1,7.5E0,0.E0));
#6127=DIRECTION('',(-1.E0,0.E0,0.E0));
#6128=DIRECTION('',(0.E0,0.E0,1.E0));
#6129=AXIS2_PLACEMENT_3D('',#6126,#6127,#6128);
#6130=PLANE('',#6129);
#6131=ORIENTED_EDGE('',*,*,#5604,.T.);
#6133=ORIENTED_EDGE('',*,*,#6132,.F.);
#6135=ORIENTED_EDGE('',*,*,#6134,.F.);
#6137=ORIENTED_EDGE('',*,*,#6136,.T.);
#6138=ORIENTED_EDGE('',*,*,#6117,.F.);
#6139=ORIENTED_EDGE('',*,*,#6115,.F.);
#6140=EDGE_LOOP('',(#6131,#6133,#6135,#6137,#6138,#6139));
#6141=FACE_OUTER_BOUND('',#6140,.F.);
#6142=ADVANCED_FACE('',(#6141),#6130,.F.);
#6143=CARTESIAN_POINT('',(0.E0,2.170602220837E0,-1.231009691265E1));
#6144=DIRECTION('',(0.E0,9.848077530122E-1,1.736481776669E-1));
#6145=DIRECTION('',(1.E0,0.E0,0.E0));
#6146=AXIS2_PLACEMENT_3D('',#6143,#6144,#6145);
#6147=SPHERICAL_SURFACE('',#6146,3.388E0);
#6148=ORIENTED_EDGE('',*,*,#5708,.T.);
#6150=ORIENTED_EDGE('',*,*,#6149,.T.);
#6151=ORIENTED_EDGE('',*,*,#6134,.T.);
#6152=ORIENTED_EDGE('',*,*,#6132,.T.);
#6153=ORIENTED_EDGE('',*,*,#5602,.T.);
#6154=ORIENTED_EDGE('',*,*,#5710,.T.);
#6155=EDGE_LOOP('',(#6148,#6150,#6151,#6152,#6153,#6154));
#6156=FACE_OUTER_BOUND('',#6155,.F.);
#6157=ADVANCED_FACE('',(#6156),#6147,.T.);
#6158=CARTESIAN_POINT('',(0.E0,0.E0,0.E0));
#6159=DIRECTION('',(-1.E0,0.E0,0.E0));
#6160=DIRECTION('',(0.E0,0.E0,1.E0));
#6161=AXIS2_PLACEMENT_3D('',#6158,#6159,#6160);
#6162=CYLINDRICAL_SURFACE('',#6161,1.125E1);
#6164=ORIENTED_EDGE('',*,*,#6163,.T.);
#6166=ORIENTED_EDGE('',*,*,#6165,.F.);
#6168=ORIENTED_EDGE('',*,*,#6167,.F.);
#6170=ORIENTED_EDGE('',*,*,#6169,.F.);
#6172=ORIENTED_EDGE('',*,*,#6171,.T.);
#6174=ORIENTED_EDGE('',*,*,#6173,.F.);
#6176=ORIENTED_EDGE('',*,*,#6175,.F.);
#6178=ORIENTED_EDGE('',*,*,#6177,.F.);
#6180=ORIENTED_EDGE('',*,*,#6179,.F.);
#6182=ORIENTED_EDGE('',*,*,#6181,.F.);
#6184=ORIENTED_EDGE('',*,*,#6183,.F.);
#6186=ORIENTED_EDGE('',*,*,#6185,.F.);
#6188=ORIENTED_EDGE('',*,*,#6187,.F.);
#6190=ORIENTED_EDGE('',*,*,#6189,.F.);
#6192=ORIENTED_EDGE('',*,*,#6191,.F.);
#6194=ORIENTED_EDGE('',*,*,#6193,.F.);
#6196=ORIENTED_EDGE('',*,*,#6195,.F.);
#6198=ORIENTED_EDGE('',*,*,#6197,.F.);
#6200=ORIENTED_EDGE('',*,*,#6199,.F.);
#6202=ORIENTED_EDGE('',*,*,#6201,.F.);
#6204=ORIENTED_EDGE('',*,*,#6203,.F.);
#6206=ORIENTED_EDGE('',*,*,#6205,.F.);
#6208=ORIENTED_EDGE('',*,*,#6207,.F.);
#6210=ORIENTED_EDGE('',*,*,#6209,.F.);
#6211=ORIENTED_EDGE('',*,*,#5943,.F.);
#6212=ORIENTED_EDGE('',*,*,#5966,.F.);
#6213=ORIENTED_EDGE('',*,*,#5983,.F.);
#6214=ORIENTED_EDGE('',*,*,#5997,.F.);
#6215=ORIENTED_EDGE('',*,*,#6017,.F.);
#6216=ORIENTED_EDGE('',*,*,#6034,.F.);
#6217=ORIENTED_EDGE('',*,*,#6048,.F.);
#6218=ORIENTED_EDGE('',*,*,#6068,.F.);
#6219=ORIENTED_EDGE('',*,*,#6085,.F.);
#6220=ORIENTED_EDGE('',*,*,#6099,.F.);
#6221=ORIENTED_EDGE('',*,*,#6119,.F.);
#6222=ORIENTED_EDGE('',*,*,#6136,.F.);
#6223=ORIENTED_EDGE('',*,*,#6149,.F.);
#6224=ORIENTED_EDGE('',*,*,#5706,.F.);
#6225=EDGE_LOOP('',(#6164,#6166,#6168,#6170,#6172,#6174,#6176,#6178,#6180,#6182,
#6184,#6186,#6188,#6190,#6192,#6194,#6196,#6198,#6200,#6202,#6204,#6206,#6208,
#6210,#6211,#6212,#6213,#6214,#6215,#6216,#6217,#6218,#6219,#6220,#6221,#6222,
#6223,#6224));
#6226=FACE_OUTER_BOUND('',#6225,.F.);
#6228=ORIENTED_EDGE('',*,*,#6227,.F.);
#6230=ORIENTED_EDGE('',*,*,#6229,.F.);
#6231=EDGE_LOOP('',(#6228,#6230));
#6232=FACE_BOUND('',#6231,.F.);
#6234=ORIENTED_EDGE('',*,*,#6233,.F.);
#6236=ORIENTED_EDGE('',*,*,#6235,.F.);
#6237=EDGE_LOOP('',(#6234,#6236));
#6238=FACE_BOUND('',#6237,.F.);
#6240=ORIENTED_EDGE('',*,*,#6239,.F.);
#6242=ORIENTED_EDGE('',*,*,#6241,.F.);
#6243=EDGE_LOOP('',(#6240,#6242));
#6244=FACE_BOUND('',#6243,.F.);
#6245=ADVANCED_FACE('',(#6226,#6232,#6238,#6244),#6162,.F.);
#6246=CARTESIAN_POINT('',(0.E0,0.E0,0.E0));
#6247=DIRECTION('',(-1.E0,0.E0,0.E0));
#6248=DIRECTION('',(0.E0,0.E0,1.E0));
#6249=AXIS2_PLACEMENT_3D('',#6246,#6247,#6248);
#6250=CYLINDRICAL_SURFACE('',#6249,1.125E1);
#6251=ORIENTED_EDGE('',*,*,#5704,.F.);
#6252=ORIENTED_EDGE('',*,*,#5725,.F.);
#6253=ORIENTED_EDGE('',*,*,#5739,.F.);
#6254=ORIENTED_EDGE('',*,*,#5759,.F.);
#6255=ORIENTED_EDGE('',*,*,#5776,.F.);
#6256=ORIENTED_EDGE('',*,*,#5790,.F.);
#6257=ORIENTED_EDGE('',*,*,#5810,.F.);
#6258=ORIENTED_EDGE('',*,*,#5827,.F.);
#6259=ORIENTED_EDGE('',*,*,#5841,.F.);
#6260=ORIENTED_EDGE('',*,*,#5861,.F.);
#6261=ORIENTED_EDGE('',*,*,#5878,.F.);
#6262=ORIENTED_EDGE('',*,*,#5892,.F.);
#6263=ORIENTED_EDGE('',*,*,#5912,.F.);
#6264=ORIENTED_EDGE('',*,*,#5929,.F.);
#6265=ORIENTED_EDGE('',*,*,#5945,.F.);
#6266=ORIENTED_EDGE('',*,*,#6209,.T.);
#6268=ORIENTED_EDGE('',*,*,#6267,.F.);
#6269=ORIENTED_EDGE('',*,*,#6201,.T.);
#6271=ORIENTED_EDGE('',*,*,#6270,.F.);
#6273=ORIENTED_EDGE('',*,*,#6272,.F.);
#6274=ORIENTED_EDGE('',*,*,#5462,.F.);
#6275=ORIENTED_EDGE('',*,*,#5486,.F.);
#6277=ORIENTED_EDGE('',*,*,#6276,.F.);
#6279=ORIENTED_EDGE('',*,*,#6278,.F.);
#6281=ORIENTED_EDGE('',*,*,#6280,.F.);
#6283=ORIENTED_EDGE('',*,*,#6282,.F.);
#6285=ORIENTED_EDGE('',*,*,#6284,.F.);
#6287=ORIENTED_EDGE('',*,*,#6286,.F.);
#6289=ORIENTED_EDGE('',*,*,#6288,.F.);
#6291=ORIENTED_EDGE('',*,*,#6290,.F.);
#6293=ORIENTED_EDGE('',*,*,#6292,.F.);
#6295=ORIENTED_EDGE('',*,*,#6294,.F.);
#6297=ORIENTED_EDGE('',*,*,#6296,.F.);
#6298=ORIENTED_EDGE('',*,*,#6171,.F.);
#6300=ORIENTED_EDGE('',*,*,#6299,.F.);
#6301=ORIENTED_EDGE('',*,*,#6163,.F.);
#6302=EDGE_LOOP('',(#6251,#6252,#6253,#6254,#6255,#6256,#6257,#6258,#6259,#6260,
#6261,#6262,#6263,#6264,#6265,#6266,#6268,#6269,#6271,#6273,#6274,#6275,#6277,
#6279,#6281,#6283,#6285,#6287,#6289,#6291,#6293,#6295,#6297,#6298,#6300,#6301));
#6303=FACE_OUTER_BOUND('',#6302,.F.);
#6305=ORIENTED_EDGE('',*,*,#6304,.F.);
#6307=ORIENTED_EDGE('',*,*,#6306,.F.);
#6308=EDGE_LOOP('',(#6305,#6307));
#6309=FACE_BOUND('',#6308,.F.);
#6311=ORIENTED_EDGE('',*,*,#6310,.F.);
#6313=ORIENTED_EDGE('',*,*,#6312,.F.);
#6314=EDGE_LOOP('',(#6311,#6313));
#6315=FACE_BOUND('',#6314,.F.);
#6317=ORIENTED_EDGE('',*,*,#6316,.F.);
#6319=ORIENTED_EDGE('',*,*,#6318,.F.);
#6320=EDGE_LOOP('',(#6317,#6319));
#6321=FACE_BOUND('',#6320,.F.);
#6323=ORIENTED_EDGE('',*,*,#6322,.F.);
#6325=ORIENTED_EDGE('',*,*,#6324,.F.);
#6326=EDGE_LOOP('',(#6323,#6325));
#6327=FACE_BOUND('',#6326,.F.);
#6328=ADVANCED_FACE('',(#6303,#6309,#6315,#6321,#6327),#6250,.F.);
#6329=CARTESIAN_POINT('',(0.E0,2.170602220837E0,1.231009691265E1));
#6330=DIRECTION('',(0.E0,9.848077530122E-1,-1.736481776669E-1));
#6331=DIRECTION('',(-1.E0,0.E0,0.E0));
#6332=AXIS2_PLACEMENT_3D('',#6329,#6330,#6331);
#6333=SPHERICAL_SURFACE('',#6332,3.08E0);
#6335=ORIENTED_EDGE('',*,*,#6334,.F.);
#6337=ORIENTED_EDGE('',*,*,#6336,.T.);
#6339=ORIENTED_EDGE('',*,*,#6338,.F.);
#6341=ORIENTED_EDGE('',*,*,#6340,.T.);
#6342=ORIENTED_EDGE('',*,*,#6203,.T.);
#6343=ORIENTED_EDGE('',*,*,#6267,.T.);
#6344=ORIENTED_EDGE('',*,*,#6207,.T.);
#6345=EDGE_LOOP('',(#6335,#6337,#6339,#6341,#6342,#6343,#6344));
#6346=FACE_OUTER_BOUND('',#6345,.F.);
#6347=ADVANCED_FACE('',(#6346),#6333,.F.);
#6348=CARTESIAN_POINT('',(0.E0,2.170602220837E0,1.231009691265E1));
#6349=DIRECTION('',(0.E0,9.848077530122E-1,-1.736481776669E-1));
#6350=DIRECTION('',(-1.E0,0.E0,0.E0));
#6351=AXIS2_PLACEMENT_3D('',#6348,#6349,#6350);
#6352=SPHERICAL_SURFACE('',#6351,3.08E0);
#6353=ORIENTED_EDGE('',*,*,#6334,.T.);
#6354=ORIENTED_EDGE('',*,*,#6205,.T.);
#6355=ORIENTED_EDGE('',*,*,#6340,.F.);
#6357=ORIENTED_EDGE('',*,*,#6356,.F.);
#6359=ORIENTED_EDGE('',*,*,#6358,.T.);
#6360=EDGE_LOOP('',(#6353,#6354,#6355,#6357,#6359));
#6361=FACE_OUTER_BOUND('',#6360,.F.);
#6362=ADVANCED_FACE('',(#6361),#6352,.F.);
#6363=CARTESIAN_POINT('',(0.E0,2.170602220837E0,1.231009691265E1));
#6364=DIRECTION('',(0.E0,9.848077530122E-1,-1.736481776669E-1));
#6365=DIRECTION('',(-1.E0,0.E0,0.E0));
#6366=AXIS2_PLACEMENT_3D('',#6363,#6364,#6365);
#6367=SPHERICAL_SURFACE('',#6366,3.08E0);
#6369=ORIENTED_EDGE('',*,*,#6368,.T.);
#6370=ORIENTED_EDGE('',*,*,#6358,.F.);
#6371=ORIENTED_EDGE('',*,*,#6356,.T.);
#6373=ORIENTED_EDGE('',*,*,#6372,.F.);
#6374=ORIENTED_EDGE('',*,*,#5631,.T.);
#6375=EDGE_LOOP('',(#6369,#6370,#6371,#6373,#6374));
#6376=FACE_OUTER_BOUND('',#6375,.F.);
#6377=ADVANCED_FACE('',(#6376),#6367,.F.);
#6378=CARTESIAN_POINT('',(0.E0,2.170602220837E0,1.231009691265E1));
#6379=DIRECTION('',(0.E0,9.848077530122E-1,-1.736481776669E-1));
#6380=DIRECTION('',(-1.E0,0.E0,0.E0));
#6381=AXIS2_PLACEMENT_3D('',#6378,#6379,#6380);
#6382=SPHERICAL_SURFACE('',#6381,3.08E0);
#6383=ORIENTED_EDGE('',*,*,#5629,.T.);
#6384=ORIENTED_EDGE('',*,*,#5534,.T.);
#6385=ORIENTED_EDGE('',*,*,#5633,.T.);
#6386=ORIENTED_EDGE('',*,*,#6372,.T.);
#6387=ORIENTED_EDGE('',*,*,#6338,.T.);
#6388=ORIENTED_EDGE('',*,*,#6336,.F.);
#6389=ORIENTED_EDGE('',*,*,#6368,.F.);
#6390=EDGE_LOOP('',(#6383,#6384,#6385,#6386,#6387,#6388,#6389));
#6391=FACE_OUTER_BOUND('',#6390,.F.);
#6392=ADVANCED_FACE('',(#6391),#6382,.F.);
#6393=CARTESIAN_POINT('',(0.E0,2.170602220837E0,1.231009691265E1));
#6394=DIRECTION('',(0.E0,-9.848077530122E-1,1.736481776669E-1));
#6395=DIRECTION('',(1.E0,0.E0,0.E0));
#6396=AXIS2_PLACEMENT_3D('',#6393,#6394,#6395);
#6397=SPHERICAL_SURFACE('',#6396,3.388E0);
#6398=ORIENTED_EDGE('',*,*,#5636,.T.);
#6399=ORIENTED_EDGE('',*,*,#5530,.T.);
#6401=ORIENTED_EDGE('',*,*,#6400,.T.);
#6403=ORIENTED_EDGE('',*,*,#6402,.T.);
#6404=ORIENTED_EDGE('',*,*,#6270,.T.);
#6405=ORIENTED_EDGE('',*,*,#6199,.T.);
#6407=ORIENTED_EDGE('',*,*,#6406,.F.);
#6409=ORIENTED_EDGE('',*,*,#6408,.F.);
#6410=EDGE_LOOP('',(#6398,#6399,#6401,#6403,#6404,#6405,#6407,#6409));
#6411=FACE_OUTER_BOUND('',#6410,.F.);
#6412=ADVANCED_FACE('',(#6411),#6397,.T.);
#6413=CARTESIAN_POINT('',(-3.08E-1,1.75E1,0.E0));
#6414=DIRECTION('',(1.E0,0.E0,0.E0));
#6415=DIRECTION('',(0.E0,0.E0,-1.E0));
#6416=AXIS2_PLACEMENT_3D('',#6413,#6414,#6415);
#6417=PLANE('',#6416);
#6418=ORIENTED_EDGE('',*,*,#5528,.T.);
#6419=ORIENTED_EDGE('',*,*,#5466,.F.);
#6420=ORIENTED_EDGE('',*,*,#5464,.F.);
#6421=ORIENTED_EDGE('',*,*,#6272,.T.);
#6422=ORIENTED_EDGE('',*,*,#6402,.F.);
#6423=ORIENTED_EDGE('',*,*,#6400,.F.);
#6424=EDGE_LOOP('',(#6418,#6419,#6420,#6421,#6422,#6423));
#6425=FACE_OUTER_BOUND('',#6424,.F.);
#6426=ADVANCED_FACE('',(#6425),#6417,.F.);
#6427=CARTESIAN_POINT('',(0.E0,2.170602220837E0,1.231009691265E1));
#6428=DIRECTION('',(0.E0,-9.848077530122E-1,1.736481776669E-1));
#6429=DIRECTION('',(1.E0,0.E0,0.E0));
#6430=AXIS2_PLACEMENT_3D('',#6427,#6428,#6429);
#6431=SPHERICAL_SURFACE('',#6430,3.388E0);
#6432=ORIENTED_EDGE('',*,*,#6406,.T.);
#6433=ORIENTED_EDGE('',*,*,#6197,.T.);
#6435=ORIENTED_EDGE('',*,*,#6434,.T.);
#6437=ORIENTED_EDGE('',*,*,#6436,.T.);
#6438=ORIENTED_EDGE('',*,*,#5638,.T.);
#6439=ORIENTED_EDGE('',*,*,#6408,.T.);
#6440=EDGE_LOOP('',(#6432,#6433,#6435,#6437,#6438,#6439));
#6441=FACE_OUTER_BOUND('',#6440,.F.);
#6442=ADVANCED_FACE('',(#6441),#6431,.T.);
#6443=CARTESIAN_POINT('',(-3.08E-1,1.75E1,0.E0));
#6444=DIRECTION('',(1.E0,0.E0,0.E0));
#6445=DIRECTION('',(0.E0,0.E0,-1.E0));
#6446=AXIS2_PLACEMENT_3D('',#6443,#6444,#6445);
#6447=PLANE('',#6446);
#6448=ORIENTED_EDGE('',*,*,#5640,.T.);
#6449=ORIENTED_EDGE('',*,*,#6436,.F.);
#6450=ORIENTED_EDGE('',*,*,#6434,.F.);
#6451=ORIENTED_EDGE('',*,*,#6195,.T.);
#6453=ORIENTED_EDGE('',*,*,#6452,.F.);
#6455=ORIENTED_EDGE('',*,*,#6454,.F.);
#6456=EDGE_LOOP('',(#6448,#6449,#6450,#6451,#6453,#6455));
#6457=FACE_OUTER_BOUND('',#6456,.F.);
#6458=ADVANCED_FACE('',(#6457),#6447,.F.);
#6459=CARTESIAN_POINT('',(0.E0,9.575555538987E0,8.034845121082E0));
#6460=DIRECTION('',(0.E0,-6.427876096865E-1,7.660444431190E-1));
#6461=DIRECTION('',(1.E0,0.E0,0.E0));
#6462=AXIS2_PLACEMENT_3D('',#6459,#6460,#6461);
#6463=SPHERICAL_SURFACE('',#6462,3.388E0);
#6464=ORIENTED_EDGE('',*,*,#5642,.T.);
#6465=ORIENTED_EDGE('',*,*,#6454,.T.);
#6466=ORIENTED_EDGE('',*,*,#6452,.T.);
#6467=ORIENTED_EDGE('',*,*,#6193,.T.);
#6469=ORIENTED_EDGE('',*,*,#6468,.F.);
#6471=ORIENTED_EDGE('',*,*,#6470,.F.);
#6472=EDGE_LOOP('',(#6464,#6465,#6466,#6467,#6469,#6471));
#6473=FACE_OUTER_BOUND('',#6472,.F.);
#6474=ADVANCED_FACE('',(#6473),#6463,.T.);
#6475=CARTESIAN_POINT('',(0.E0,9.575555538987E0,8.034845121082E0));
#6476=DIRECTION('',(0.E0,-6.427876096865E-1,7.660444431190E-1));
#6477=DIRECTION('',(1.E0,0.E0,0.E0));
#6478=AXIS2_PLACEMENT_3D('',#6475,#6476,#6477);
#6479=SPHERICAL_SURFACE('',#6478,3.388E0);
#6480=ORIENTED_EDGE('',*,*,#6468,.T.);
#6481=ORIENTED_EDGE('',*,*,#6191,.T.);
#6483=ORIENTED_EDGE('',*,*,#6482,.T.);
#6485=ORIENTED_EDGE('',*,*,#6484,.T.);
#6486=ORIENTED_EDGE('',*,*,#5644,.T.);
#6487=ORIENTED_EDGE('',*,*,#6470,.T.);
#6488=EDGE_LOOP('',(#6480,#6481,#6483,#6485,#6486,#6487));
#6489=FACE_OUTER_BOUND('',#6488,.F.);
#6490=ADVANCED_FACE('',(#6489),#6479,.T.);
#6491=CARTESIAN_POINT('',(-3.08E-1,1.75E1,0.E0));
#6492=DIRECTION('',(1.E0,0.E0,0.E0));
#6493=DIRECTION('',(0.E0,0.E0,-1.E0));
#6494=AXIS2_PLACEMENT_3D('',#6491,#6492,#6493);
#6495=PLANE('',#6494);
#6496=ORIENTED_EDGE('',*,*,#5646,.T.);
#6497=ORIENTED_EDGE('',*,*,#6484,.F.);
#6498=ORIENTED_EDGE('',*,*,#6482,.F.);
#6499=ORIENTED_EDGE('',*,*,#6189,.T.);
#6501=ORIENTED_EDGE('',*,*,#6500,.F.);
#6503=ORIENTED_EDGE('',*,*,#6502,.F.);
#6504=EDGE_LOOP('',(#6496,#6497,#6498,#6499,#6501,#6503));
#6505=FACE_OUTER_BOUND('',#6504,.F.);
#6506=ADVANCED_FACE('',(#6505),#6495,.F.);
#6507=CARTESIAN_POINT('',(0.E0,1.25E1,0.E0));
#6508=DIRECTION('',(0.E0,0.E0,1.E0));
#6509=DIRECTION('',(1.E0,0.E0,0.E0));
#6510=AXIS2_PLACEMENT_3D('',#6507,#6508,#6509);
#6511=SPHERICAL_SURFACE('',#6510,3.388E0);
#6512=ORIENTED_EDGE('',*,*,#5648,.T.);
#6513=ORIENTED_EDGE('',*,*,#6502,.T.);
#6514=ORIENTED_EDGE('',*,*,#6500,.T.);
#6515=ORIENTED_EDGE('',*,*,#6187,.T.);
#6517=ORIENTED_EDGE('',*,*,#6516,.F.);
#6519=ORIENTED_EDGE('',*,*,#6518,.F.);
#6520=EDGE_LOOP('',(#6512,#6513,#6514,#6515,#6517,#6519));
#6521=FACE_OUTER_BOUND('',#6520,.F.);
#6522=ADVANCED_FACE('',(#6521),#6511,.T.);
#6523=CARTESIAN_POINT('',(0.E0,1.25E1,0.E0));
#6524=DIRECTION('',(0.E0,0.E0,1.E0));
#6525=DIRECTION('',(1.E0,0.E0,0.E0));
#6526=AXIS2_PLACEMENT_3D('',#6523,#6524,#6525);
#6527=SPHERICAL_SURFACE('',#6526,3.388E0);
#6528=ORIENTED_EDGE('',*,*,#6516,.T.);
#6529=ORIENTED_EDGE('',*,*,#6185,.T.);
#6531=ORIENTED_EDGE('',*,*,#6530,.T.);
#6533=ORIENTED_EDGE('',*,*,#6532,.T.);
#6534=ORIENTED_EDGE('',*,*,#5650,.T.);
#6535=ORIENTED_EDGE('',*,*,#6518,.T.);
#6536=EDGE_LOOP('',(#6528,#6529,#6531,#6533,#6534,#6535));
#6537=FACE_OUTER_BOUND('',#6536,.F.);
#6538=ADVANCED_FACE('',(#6537),#6527,.T.);
#6539=CARTESIAN_POINT('',(-3.08E-1,1.75E1,0.E0));
#6540=DIRECTION('',(1.E0,0.E0,0.E0));
#6541=DIRECTION('',(0.E0,0.E0,-1.E0));
#6542=AXIS2_PLACEMENT_3D('',#6539,#6540,#6541);
#6543=PLANE('',#6542);
#6544=ORIENTED_EDGE('',*,*,#5652,.T.);
#6545=ORIENTED_EDGE('',*,*,#6532,.F.);
#6546=ORIENTED_EDGE('',*,*,#6530,.F.);
#6547=ORIENTED_EDGE('',*,*,#6183,.T.);
#6549=ORIENTED_EDGE('',*,*,#6548,.F.);
#6551=ORIENTED_EDGE('',*,*,#6550,.F.);
#6552=EDGE_LOOP('',(#6544,#6545,#6546,#6547,#6549,#6551));
#6553=FACE_OUTER_BOUND('',#6552,.F.);
#6554=ADVANCED_FACE('',(#6553),#6543,.F.);
#6555=CARTESIAN_POINT('',(0.E0,9.575555538987E0,-8.034845121082E0));
#6556=DIRECTION('',(0.E0,6.427876096865E-1,7.660444431190E-1));
#6557=DIRECTION('',(1.E0,0.E0,0.E0));
#6558=AXIS2_PLACEMENT_3D('',#6555,#6556,#6557);
#6559=SPHERICAL_SURFACE('',#6558,3.388E0);
#6560=ORIENTED_EDGE('',*,*,#5654,.T.);
#6561=ORIENTED_EDGE('',*,*,#6550,.T.);
#6562=ORIENTED_EDGE('',*,*,#6548,.T.);
#6563=ORIENTED_EDGE('',*,*,#6181,.T.);
#6565=ORIENTED_EDGE('',*,*,#6564,.F.);
#6567=ORIENTED_EDGE('',*,*,#6566,.F.);
#6568=EDGE_LOOP('',(#6560,#6561,#6562,#6563,#6565,#6567));
#6569=FACE_OUTER_BOUND('',#6568,.F.);
#6570=ADVANCED_FACE('',(#6569),#6559,.T.);
#6571=CARTESIAN_POINT('',(0.E0,9.575555538987E0,-8.034845121082E0));
#6572=DIRECTION('',(0.E0,6.427876096865E-1,7.660444431190E-1));
#6573=DIRECTION('',(1.E0,0.E0,0.E0));
#6574=AXIS2_PLACEMENT_3D('',#6571,#6572,#6573);
#6575=SPHERICAL_SURFACE('',#6574,3.388E0);
#6576=ORIENTED_EDGE('',*,*,#6564,.T.);
#6577=ORIENTED_EDGE('',*,*,#6179,.T.);
#6579=ORIENTED_EDGE('',*,*,#6578,.T.);
#6581=ORIENTED_EDGE('',*,*,#6580,.T.);
#6582=ORIENTED_EDGE('',*,*,#5656,.T.);
#6583=ORIENTED_EDGE('',*,*,#6566,.T.);
#6584=EDGE_LOOP('',(#6576,#6577,#6579,#6581,#6582,#6583));
#6585=FACE_OUTER_BOUND('',#6584,.F.);
#6586=ADVANCED_FACE('',(#6585),#6575,.T.);
#6587=CARTESIAN_POINT('',(-3.08E-1,1.75E1,0.E0));
#6588=DIRECTION('',(1.E0,0.E0,0.E0));
#6589=DIRECTION('',(0.E0,0.E0,-1.E0));
#6590=AXIS2_PLACEMENT_3D('',#6587,#6588,#6589);
#6591=PLANE('',#6590);
#6592=ORIENTED_EDGE('',*,*,#5658,.T.);
#6593=ORIENTED_EDGE('',*,*,#6580,.F.);
#6594=ORIENTED_EDGE('',*,*,#6578,.F.);
#6595=ORIENTED_EDGE('',*,*,#6177,.T.);
#6597=ORIENTED_EDGE('',*,*,#6596,.F.);
#6599=ORIENTED_EDGE('',*,*,#6598,.F.);
#6600=EDGE_LOOP('',(#6592,#6593,#6594,#6595,#6597,#6599));
#6601=FACE_OUTER_BOUND('',#6600,.F.);
#6602=ADVANCED_FACE('',(#6601),#6591,.F.);
#6603=CARTESIAN_POINT('',(0.E0,2.170602220837E0,-1.231009691265E1));
#6604=DIRECTION('',(0.E0,9.848077530122E-1,1.736481776669E-1));
#6605=DIRECTION('',(1.E0,0.E0,0.E0));
#6606=AXIS2_PLACEMENT_3D('',#6603,#6604,#6605);
#6607=SPHERICAL_SURFACE('',#6606,3.388E0);
#6608=ORIENTED_EDGE('',*,*,#5660,.T.);
#6609=ORIENTED_EDGE('',*,*,#6598,.T.);
#6610=ORIENTED_EDGE('',*,*,#6596,.T.);
#6611=ORIENTED_EDGE('',*,*,#6175,.T.);
#6613=ORIENTED_EDGE('',*,*,#6612,.F.);
#6615=ORIENTED_EDGE('',*,*,#6614,.F.);
#6616=EDGE_LOOP('',(#6608,#6609,#6610,#6611,#6613,#6615));
#6617=FACE_OUTER_BOUND('',#6616,.F.);
#6618=ADVANCED_FACE('',(#6617),#6607,.T.);
#6619=CARTESIAN_POINT('',(0.E0,2.170602220837E0,-1.231009691265E1));
#6620=DIRECTION('',(0.E0,9.848077530122E-1,1.736481776669E-1));
#6621=DIRECTION('',(1.E0,0.E0,0.E0));
#6622=AXIS2_PLACEMENT_3D('',#6619,#6620,#6621);
#6623=SPHERICAL_SURFACE('',#6622,3.388E0);
#6624=ORIENTED_EDGE('',*,*,#6612,.T.);
#6625=ORIENTED_EDGE('',*,*,#6173,.T.);
#6626=ORIENTED_EDGE('',*,*,#6296,.T.);
#6628=ORIENTED_EDGE('',*,*,#6627,.T.);
#6630=ORIENTED_EDGE('',*,*,#6629,.T.);
#6631=ORIENTED_EDGE('',*,*,#5504,.T.);
#6632=ORIENTED_EDGE('',*,*,#5662,.T.);
#6633=ORIENTED_EDGE('',*,*,#6614,.T.);
#6634=EDGE_LOOP('',(#6624,#6625,#6626,#6628,#6630,#6631,#6632,#6633));
#6635=FACE_OUTER_BOUND('',#6634,.F.);
#6636=ADVANCED_FACE('',(#6635),#6623,.T.);
#6637=CARTESIAN_POINT('',(-3.08E-1,1.75E1,0.E0));
#6638=DIRECTION('',(1.E0,0.E0,0.E0));
#6639=DIRECTION('',(0.E0,0.E0,-1.E0));
#6640=AXIS2_PLACEMENT_3D('',#6637,#6638,#6639);
#6641=PLANE('',#6640);
#6642=ORIENTED_EDGE('',*,*,#5506,.T.);
#6643=ORIENTED_EDGE('',*,*,#6629,.F.);
#6644=ORIENTED_EDGE('',*,*,#6627,.F.);
#6645=ORIENTED_EDGE('',*,*,#6294,.T.);
#6647=ORIENTED_EDGE('',*,*,#6646,.F.);
#6649=ORIENTED_EDGE('',*,*,#6648,.F.);
#6650=EDGE_LOOP('',(#6642,#6643,#6644,#6645,#6647,#6649));
#6651=FACE_OUTER_BOUND('',#6650,.F.);
#6652=ADVANCED_FACE('',(#6651),#6641,.F.);
#6653=CARTESIAN_POINT('',(0.E0,-6.25E0,-1.082531754731E1));
#6654=DIRECTION('',(0.E0,8.660254037844E-1,-5.E-1));
#6655=DIRECTION('',(1.E0,0.E0,0.E0));
#6656=AXIS2_PLACEMENT_3D('',#6653,#6654,#6655);
#6657=SPHERICAL_SURFACE('',#6656,3.388E0);
#6658=ORIENTED_EDGE('',*,*,#5508,.T.);
#6659=ORIENTED_EDGE('',*,*,#6648,.T.);
#6660=ORIENTED_EDGE('',*,*,#6646,.T.);
#6661=ORIENTED_EDGE('',*,*,#6292,.T.);
#6663=ORIENTED_EDGE('',*,*,#6662,.F.);
#6665=ORIENTED_EDGE('',*,*,#6664,.F.);
#6666=EDGE_LOOP('',(#6658,#6659,#6660,#6661,#6663,#6665));
#6667=FACE_OUTER_BOUND('',#6666,.F.);
#6668=ADVANCED_FACE('',(#6667),#6657,.T.);
#6669=CARTESIAN_POINT('',(0.E0,-6.25E0,-1.082531754731E1));
#6670=DIRECTION('',(0.E0,8.660254037844E-1,-5.E-1));
#6671=DIRECTION('',(1.E0,0.E0,0.E0));
#6672=AXIS2_PLACEMENT_3D('',#6669,#6670,#6671);
#6673=SPHERICAL_SURFACE('',#6672,3.388E0);
#6674=ORIENTED_EDGE('',*,*,#6662,.T.);
#6675=ORIENTED_EDGE('',*,*,#6290,.T.);
#6677=ORIENTED_EDGE('',*,*,#6676,.T.);
#6679=ORIENTED_EDGE('',*,*,#6678,.T.);
#6680=ORIENTED_EDGE('',*,*,#5510,.T.);
#6681=ORIENTED_EDGE('',*,*,#6664,.T.);
#6682=EDGE_LOOP('',(#6674,#6675,#6677,#6679,#6680,#6681));
#6683=FACE_OUTER_BOUND('',#6682,.F.);
#6684=ADVANCED_FACE('',(#6683),#6673,.T.);
#6685=CARTESIAN_POINT('',(-3.08E-1,1.75E1,0.E0));
#6686=DIRECTION('',(1.E0,0.E0,0.E0));
#6687=DIRECTION('',(0.E0,0.E0,-1.E0));
#6688=AXIS2_PLACEMENT_3D('',#6685,#6686,#6687);
#6689=PLANE('',#6688);
#6690=ORIENTED_EDGE('',*,*,#5512,.T.);
#6691=ORIENTED_EDGE('',*,*,#6678,.F.);
#6692=ORIENTED_EDGE('',*,*,#6676,.F.);
#6693=ORIENTED_EDGE('',*,*,#6288,.T.);
#6695=ORIENTED_EDGE('',*,*,#6694,.F.);
#6697=ORIENTED_EDGE('',*,*,#6696,.F.);
#6698=EDGE_LOOP('',(#6690,#6691,#6692,#6693,#6695,#6697));
#6699=FACE_OUTER_BOUND('',#6698,.F.);
#6700=ADVANCED_FACE('',(#6699),#6689,.F.);
#6701=CARTESIAN_POINT('',(0.E0,-1.174615775982E1,-4.275251791571E0));
#6702=DIRECTION('',(0.E0,3.420201433257E-1,-9.396926207859E-1));
#6703=DIRECTION('',(1.E0,0.E0,0.E0));
#6704=AXIS2_PLACEMENT_3D('',#6701,#6702,#6703);
#6705=SPHERICAL_SURFACE('',#6704,3.388E0);
#6706=ORIENTED_EDGE('',*,*,#5514,.T.);
#6707=ORIENTED_EDGE('',*,*,#6696,.T.);
#6708=ORIENTED_EDGE('',*,*,#6694,.T.);
#6709=ORIENTED_EDGE('',*,*,#6286,.T.);
#6711=ORIENTED_EDGE('',*,*,#6710,.F.);
#6713=ORIENTED_EDGE('',*,*,#6712,.F.);
#6714=EDGE_LOOP('',(#6706,#6707,#6708,#6709,#6711,#6713));
#6715=FACE_OUTER_BOUND('',#6714,.F.);
#6716=ADVANCED_FACE('',(#6715),#6705,.T.);
#6717=CARTESIAN_POINT('',(0.E0,-1.174615775982E1,-4.275251791571E0));
#6718=DIRECTION('',(0.E0,3.420201433257E-1,-9.396926207859E-1));
#6719=DIRECTION('',(1.E0,0.E0,0.E0));
#6720=AXIS2_PLACEMENT_3D('',#6717,#6718,#6719);
#6721=SPHERICAL_SURFACE('',#6720,3.388E0);
#6722=ORIENTED_EDGE('',*,*,#6710,.T.);
#6723=ORIENTED_EDGE('',*,*,#6284,.T.);
#6725=ORIENTED_EDGE('',*,*,#6724,.T.);
#6727=ORIENTED_EDGE('',*,*,#6726,.T.);
#6728=ORIENTED_EDGE('',*,*,#5516,.T.);
#6729=ORIENTED_EDGE('',*,*,#6712,.T.);
#6730=EDGE_LOOP('',(#6722,#6723,#6725,#6727,#6728,#6729));
#6731=FACE_OUTER_BOUND('',#6730,.F.);
#6732=ADVANCED_FACE('',(#6731),#6721,.T.);
#6733=CARTESIAN_POINT('',(-3.08E-1,1.75E1,0.E0));
#6734=DIRECTION('',(1.E0,0.E0,0.E0));
#6735=DIRECTION('',(0.E0,0.E0,-1.E0));
#6736=AXIS2_PLACEMENT_3D('',#6733,#6734,#6735);
#6737=PLANE('',#6736);
#6738=ORIENTED_EDGE('',*,*,#5518,.T.);
#6739=ORIENTED_EDGE('',*,*,#6726,.F.);
#6740=ORIENTED_EDGE('',*,*,#6724,.F.);
#6741=ORIENTED_EDGE('',*,*,#6282,.T.);
#6743=ORIENTED_EDGE('',*,*,#6742,.F.);
#6745=ORIENTED_EDGE('',*,*,#6744,.F.);
#6746=EDGE_LOOP('',(#6738,#6739,#6740,#6741,#6743,#6745));
#6747=FACE_OUTER_BOUND('',#6746,.F.);
#6748=ADVANCED_FACE('',(#6747),#6737,.F.);
#6749=CARTESIAN_POINT('',(0.E0,-1.174615775982E1,4.275251791571E0));
#6750=DIRECTION('',(0.E0,-3.420201433257E-1,-9.396926207859E-1));
#6751=DIRECTION('',(1.E0,0.E0,0.E0));
#6752=AXIS2_PLACEMENT_3D('',#6749,#6750,#6751);
#6753=SPHERICAL_SURFACE('',#6752,3.388E0);
#6754=ORIENTED_EDGE('',*,*,#5520,.T.);
#6755=ORIENTED_EDGE('',*,*,#6744,.T.);
#6756=ORIENTED_EDGE('',*,*,#6742,.T.);
#6757=ORIENTED_EDGE('',*,*,#6280,.T.);
#6759=ORIENTED_EDGE('',*,*,#6758,.F.);
#6761=ORIENTED_EDGE('',*,*,#6760,.F.);
#6762=EDGE_LOOP('',(#6754,#6755,#6756,#6757,#6759,#6761));
#6763=FACE_OUTER_BOUND('',#6762,.F.);
#6764=ADVANCED_FACE('',(#6763),#6753,.T.);
#6765=CARTESIAN_POINT('',(0.E0,-1.174615775982E1,4.275251791571E0));
#6766=DIRECTION('',(0.E0,-3.420201433257E-1,-9.396926207859E-1));
#6767=DIRECTION('',(1.E0,0.E0,0.E0));
#6768=AXIS2_PLACEMENT_3D('',#6765,#6766,#6767);
#6769=SPHERICAL_SURFACE('',#6768,3.388E0);
#6770=ORIENTED_EDGE('',*,*,#6758,.T.);
#6771=ORIENTED_EDGE('',*,*,#6278,.T.);
#6773=ORIENTED_EDGE('',*,*,#6772,.T.);
#6775=ORIENTED_EDGE('',*,*,#6774,.T.);
#6776=ORIENTED_EDGE('',*,*,#5522,.T.);
#6777=ORIENTED_EDGE('',*,*,#6760,.T.);
#6778=EDGE_LOOP('',(#6770,#6771,#6773,#6775,#6776,#6777));
#6779=FACE_OUTER_BOUND('',#6778,.F.);
#6780=ADVANCED_FACE('',(#6779),#6769,.T.);
#6781=CARTESIAN_POINT('',(-3.08E-1,1.75E1,0.E0));
#6782=DIRECTION('',(1.E0,0.E0,0.E0));
#6783=DIRECTION('',(0.E0,0.E0,-1.E0));
#6784=AXIS2_PLACEMENT_3D('',#6781,#6782,#6783);
#6785=PLANE('',#6784);
#6786=ORIENTED_EDGE('',*,*,#5524,.T.);
#6787=ORIENTED_EDGE('',*,*,#6774,.F.);
#6788=ORIENTED_EDGE('',*,*,#6772,.F.);
#6789=ORIENTED_EDGE('',*,*,#6276,.T.);
#6790=ORIENTED_EDGE('',*,*,#5484,.F.);
#6791=ORIENTED_EDGE('',*,*,#5482,.F.);
#6792=EDGE_LOOP('',(#6786,#6787,#6788,#6789,#6790,#6791));
#6793=FACE_OUTER_BOUND('',#6792,.F.);
#6794=ADVANCED_FACE('',(#6793),#6785,.F.);
#6795=CARTESIAN_POINT('',(0.E0,2.170602220837E0,-1.231009691265E1));
#6796=DIRECTION('',(0.E0,-9.848077530122E-1,-1.736481776669E-1));
#6797=DIRECTION('',(-1.E0,0.E0,0.E0));
#6798=AXIS2_PLACEMENT_3D('',#6795,#6796,#6797);
#6799=SPHERICAL_SURFACE('',#6798,3.08E0);
#6801=ORIENTED_EDGE('',*,*,#6800,.T.);
#6802=ORIENTED_EDGE('',*,*,#6165,.T.);
#6803=ORIENTED_EDGE('',*,*,#6299,.T.);
#6804=ORIENTED_EDGE('',*,*,#6169,.T.);
#6806=ORIENTED_EDGE('',*,*,#6805,.F.);
#6808=ORIENTED_EDGE('',*,*,#6807,.F.);
#6810=ORIENTED_EDGE('',*,*,#6809,.T.);
#6811=EDGE_LOOP('',(#6801,#6802,#6803,#6804,#6806,#6808,#6810));
#6812=FACE_OUTER_BOUND('',#6811,.F.);
#6813=ADVANCED_FACE('',(#6812),#6799,.F.);
#6814=CARTESIAN_POINT('',(0.E0,2.170602220837E0,-1.231009691265E1));
#6815=DIRECTION('',(0.E0,-9.848077530122E-1,-1.736481776669E-1));
#6816=DIRECTION('',(-1.E0,0.E0,0.E0));
#6817=AXIS2_PLACEMENT_3D('',#6814,#6815,#6816);
#6818=SPHERICAL_SURFACE('',#6817,3.08E0);
#6819=ORIENTED_EDGE('',*,*,#6800,.F.);
#6821=ORIENTED_EDGE('',*,*,#6820,.T.);
#6823=ORIENTED_EDGE('',*,*,#6822,.F.);
#6824=ORIENTED_EDGE('',*,*,#6805,.T.);
#6825=ORIENTED_EDGE('',*,*,#6167,.T.);
#6826=EDGE_LOOP('',(#6819,#6821,#6823,#6824,#6825));
#6827=FACE_OUTER_BOUND('',#6826,.F.);
#6828=ADVANCED_FACE('',(#6827),#6818,.F.);
#6829=CARTESIAN_POINT('',(0.E0,2.170602220837E0,-1.231009691265E1));
#6830=DIRECTION('',(0.E0,-9.848077530122E-1,-1.736481776669E-1));
#6831=DIRECTION('',(-1.E0,0.E0,0.E0));
#6832=AXIS2_PLACEMENT_3D('',#6829,#6830,#6831);
#6833=SPHERICAL_SURFACE('',#6832,3.08E0);
#6834=ORIENTED_EDGE('',*,*,#5667,.T.);
#6836=ORIENTED_EDGE('',*,*,#6835,.T.);
#6837=ORIENTED_EDGE('',*,*,#6822,.T.);
#6838=ORIENTED_EDGE('',*,*,#6820,.F.);
#6840=ORIENTED_EDGE('',*,*,#6839,.F.);
#6841=EDGE_LOOP('',(#6834,#6836,#6837,#6838,#6840));
#6842=FACE_OUTER_BOUND('',#6841,.F.);
#6843=ADVANCED_FACE('',(#6842),#6833,.F.);
#6844=CARTESIAN_POINT('',(0.E0,2.170602220837E0,-1.231009691265E1));
#6845=DIRECTION('',(0.E0,-9.848077530122E-1,-1.736481776669E-1));
#6846=DIRECTION('',(-1.E0,0.E0,0.E0));
#6847=AXIS2_PLACEMENT_3D('',#6844,#6845,#6846);
#6848=SPHERICAL_SURFACE('',#6847,3.08E0);
#6849=ORIENTED_EDGE('',*,*,#6839,.T.);
#6850=ORIENTED_EDGE('',*,*,#6809,.F.);
#6851=ORIENTED_EDGE('',*,*,#6807,.T.);
#6852=ORIENTED_EDGE('',*,*,#6835,.F.);
#6853=ORIENTED_EDGE('',*,*,#5665,.T.);
#6854=ORIENTED_EDGE('',*,*,#5500,.T.);
#6855=ORIENTED_EDGE('',*,*,#5669,.T.);
#6856=EDGE_LOOP('',(#6849,#6850,#6851,#6852,#6853,#6854,#6855));
#6857=FACE_OUTER_BOUND('',#6856,.F.);
#6858=ADVANCED_FACE('',(#6857),#6848,.F.);
#6859=CARTESIAN_POINT('',(0.E0,-1.174615775982E1,4.275251791571E0));
#6860=DIRECTION('',(0.E0,3.420201433257E-1,9.396926207859E-1));
#6861=DIRECTION('',(-1.E0,0.E0,0.E0));
#6862=AXIS2_PLACEMENT_3D('',#6859,#6860,#6861);
#6863=SPHERICAL_SURFACE('',#6862,3.08E0);
#6865=ORIENTED_EDGE('',*,*,#6864,.F.);
#6867=ORIENTED_EDGE('',*,*,#6866,.T.);
#6869=ORIENTED_EDGE('',*,*,#6868,.F.);
#6871=ORIENTED_EDGE('',*,*,#6870,.T.);
#6872=ORIENTED_EDGE('',*,*,#6304,.T.);
#6873=EDGE_LOOP('',(#6865,#6867,#6869,#6871,#6872));
#6874=FACE_OUTER_BOUND('',#6873,.F.);
#6875=ADVANCED_FACE('',(#6874),#6863,.F.);
#6876=CARTESIAN_POINT('',(0.E0,-1.174615775982E1,4.275251791571E0));
#6877=DIRECTION('',(0.E0,3.420201433257E-1,9.396926207859E-1));
#6878=DIRECTION('',(-1.E0,0.E0,0.E0));
#6879=AXIS2_PLACEMENT_3D('',#6876,#6877,#6878);
#6880=SPHERICAL_SURFACE('',#6879,3.08E0);
#6881=ORIENTED_EDGE('',*,*,#6864,.T.);
#6882=ORIENTED_EDGE('',*,*,#6306,.T.);
#6883=ORIENTED_EDGE('',*,*,#6870,.F.);
#6885=ORIENTED_EDGE('',*,*,#6884,.F.);
#6887=ORIENTED_EDGE('',*,*,#6886,.T.);
#6888=EDGE_LOOP('',(#6881,#6882,#6883,#6885,#6887));
#6889=FACE_OUTER_BOUND('',#6888,.F.);
#6890=ADVANCED_FACE('',(#6889),#6880,.F.);
#6891=CARTESIAN_POINT('',(0.E0,-1.174615775982E1,4.275251791571E0));
#6892=DIRECTION('',(0.E0,3.420201433257E-1,9.396926207859E-1));
#6893=DIRECTION('',(-1.E0,0.E0,0.E0));
#6894=AXIS2_PLACEMENT_3D('',#6891,#6892,#6893);
#6895=SPHERICAL_SURFACE('',#6894,3.08E0);
#6897=ORIENTED_EDGE('',*,*,#6896,.T.);
#6898=ORIENTED_EDGE('',*,*,#6886,.F.);
#6899=ORIENTED_EDGE('',*,*,#6884,.T.);
#6901=ORIENTED_EDGE('',*,*,#6900,.F.);
#6902=ORIENTED_EDGE('',*,*,#5576,.T.);
#6903=EDGE_LOOP('',(#6897,#6898,#6899,#6901,#6902));
#6904=FACE_OUTER_BOUND('',#6903,.F.);
#6905=ADVANCED_FACE('',(#6904),#6895,.F.);
#6906=CARTESIAN_POINT('',(0.E0,-1.174615775982E1,4.275251791571E0));
#6907=DIRECTION('',(0.E0,3.420201433257E-1,9.396926207859E-1));
#6908=DIRECTION('',(-1.E0,0.E0,0.E0));
#6909=AXIS2_PLACEMENT_3D('',#6906,#6907,#6908);
#6910=SPHERICAL_SURFACE('',#6909,3.08E0);
#6911=ORIENTED_EDGE('',*,*,#5578,.T.);
#6912=ORIENTED_EDGE('',*,*,#6900,.T.);
#6913=ORIENTED_EDGE('',*,*,#6868,.T.);
#6914=ORIENTED_EDGE('',*,*,#6866,.F.);
#6915=ORIENTED_EDGE('',*,*,#6896,.F.);
#6916=EDGE_LOOP('',(#6911,#6912,#6913,#6914,#6915));
#6917=FACE_OUTER_BOUND('',#6916,.F.);
#6918=ADVANCED_FACE('',(#6917),#6910,.F.);
#6919=CARTESIAN_POINT('',(0.E0,-6.25E0,-1.082531754731E1));
#6920=DIRECTION('',(0.E0,-8.660254037844E-1,5.E-1));
#6921=DIRECTION('',(-1.E0,0.E0,0.E0));
#6922=AXIS2_PLACEMENT_3D('',#6919,#6920,#6921);
#6923=SPHERICAL_SURFACE('',#6922,3.08E0);
#6925=ORIENTED_EDGE('',*,*,#6924,.F.);
#6927=ORIENTED_EDGE('',*,*,#6926,.T.);
#6929=ORIENTED_EDGE('',*,*,#6928,.F.);
#6931=ORIENTED_EDGE('',*,*,#6930,.T.);
#6932=ORIENTED_EDGE('',*,*,#6310,.T.);
#6933=EDGE_LOOP('',(#6925,#6927,#6929,#6931,#6932));
#6934=FACE_OUTER_BOUND('',#6933,.F.);
#6935=ADVANCED_FACE('',(#6934),#6923,.F.);
#6936=CARTESIAN_POINT('',(0.E0,-6.25E0,-1.082531754731E1));
#6937=DIRECTION('',(0.E0,-8.660254037844E-1,5.E-1));
#6938=DIRECTION('',(-1.E0,0.E0,0.E0));
#6939=AXIS2_PLACEMENT_3D('',#6936,#6937,#6938);
#6940=SPHERICAL_SURFACE('',#6939,3.08E0);
#6941=ORIENTED_EDGE('',*,*,#6924,.T.);
#6942=ORIENTED_EDGE('',*,*,#6312,.T.);
#6943=ORIENTED_EDGE('',*,*,#6930,.F.);
#6945=ORIENTED_EDGE('',*,*,#6944,.F.);
#6947=ORIENTED_EDGE('',*,*,#6946,.T.);
#6948=EDGE_LOOP('',(#6941,#6942,#6943,#6945,#6947));
#6949=FACE_OUTER_BOUND('',#6948,.F.);
#6950=ADVANCED_FACE('',(#6949),#6940,.F.);
#6951=CARTESIAN_POINT('',(0.E0,-6.25E0,-1.082531754731E1));
#6952=DIRECTION('',(0.E0,-8.660254037844E-1,5.E-1));
#6953=DIRECTION('',(-1.E0,0.E0,0.E0));
#6954=AXIS2_PLACEMENT_3D('',#6951,#6952,#6953);
#6955=SPHERICAL_SURFACE('',#6954,3.08E0);
#6957=ORIENTED_EDGE('',*,*,#6956,.T.);
#6958=ORIENTED_EDGE('',*,*,#6946,.F.);
#6959=ORIENTED_EDGE('',*,*,#6944,.T.);
#6961=ORIENTED_EDGE('',*,*,#6960,.F.);
#6962=ORIENTED_EDGE('',*,*,#5570,.T.);
#6963=EDGE_LOOP('',(#6957,#6958,#6959,#6961,#6962));
#6964=FACE_OUTER_BOUND('',#6963,.F.);
#6965=ADVANCED_FACE('',(#6964),#6955,.F.);
#6966=CARTESIAN_POINT('',(0.E0,-6.25E0,-1.082531754731E1));
#6967=DIRECTION('',(0.E0,-8.660254037844E-1,5.E-1));
#6968=DIRECTION('',(-1.E0,0.E0,0.E0));
#6969=AXIS2_PLACEMENT_3D('',#6966,#6967,#6968);
#6970=SPHERICAL_SURFACE('',#6969,3.08E0);
#6971=ORIENTED_EDGE('',*,*,#5572,.T.);
#6972=ORIENTED_EDGE('',*,*,#6960,.T.);
#6973=ORIENTED_EDGE('',*,*,#6928,.T.);
#6974=ORIENTED_EDGE('',*,*,#6926,.F.);
#6975=ORIENTED_EDGE('',*,*,#6956,.F.);
#6976=EDGE_LOOP('',(#6971,#6972,#6973,#6974,#6975));
#6977=FACE_OUTER_BOUND('',#6976,.F.);
#6978=ADVANCED_FACE('',(#6977),#6970,.F.);
#6979=CARTESIAN_POINT('',(0.E0,-1.174615775982E1,-4.275251791571E0));
#6980=DIRECTION('',(0.E0,-3.420201433257E-1,9.396926207859E-1));
#6981=DIRECTION('',(-1.E0,0.E0,0.E0));
#6982=AXIS2_PLACEMENT_3D('',#6979,#6980,#6981);
#6983=SPHERICAL_SURFACE('',#6982,3.08E0);
#6985=ORIENTED_EDGE('',*,*,#6984,.F.);
#6987=ORIENTED_EDGE('',*,*,#6986,.T.);
#6989=ORIENTED_EDGE('',*,*,#6988,.F.);
#6991=ORIENTED_EDGE('',*,*,#6990,.T.);
#6992=ORIENTED_EDGE('',*,*,#6316,.T.);
#6993=EDGE_LOOP('',(#6985,#6987,#6989,#6991,#6992));
#6994=FACE_OUTER_BOUND('',#6993,.F.);
#6995=ADVANCED_FACE('',(#6994),#6983,.F.);
#6996=CARTESIAN_POINT('',(0.E0,-1.174615775982E1,-4.275251791571E0));
#6997=DIRECTION('',(0.E0,-3.420201433257E-1,9.396926207859E-1));
#6998=DIRECTION('',(-1.E0,0.E0,0.E0));
#6999=AXIS2_PLACEMENT_3D('',#6996,#6997,#6998);
#7000=SPHERICAL_SURFACE('',#6999,3.08E0);
#7001=ORIENTED_EDGE('',*,*,#6984,.T.);
#7002=ORIENTED_EDGE('',*,*,#6318,.T.);
#7003=ORIENTED_EDGE('',*,*,#6990,.F.);
#7005=ORIENTED_EDGE('',*,*,#7004,.F.);
#7007=ORIENTED_EDGE('',*,*,#7006,.T.);
#7008=EDGE_LOOP('',(#7001,#7002,#7003,#7005,#7007));
#7009=FACE_OUTER_BOUND('',#7008,.F.);
#7010=ADVANCED_FACE('',(#7009),#7000,.F.);
#7011=CARTESIAN_POINT('',(0.E0,-1.174615775982E1,-4.275251791571E0));
#7012=DIRECTION('',(0.E0,-3.420201433257E-1,9.396926207859E-1));
#7013=DIRECTION('',(-1.E0,0.E0,0.E0));
#7014=AXIS2_PLACEMENT_3D('',#7011,#7012,#7013);
#7015=SPHERICAL_SURFACE('',#7014,3.08E0);
#7017=ORIENTED_EDGE('',*,*,#7016,.T.);
#7018=ORIENTED_EDGE('',*,*,#7006,.F.);
#7019=ORIENTED_EDGE('',*,*,#7004,.T.);
#7021=ORIENTED_EDGE('',*,*,#7020,.F.);
#7022=ORIENTED_EDGE('',*,*,#5588,.T.);
#7023=EDGE_LOOP('',(#7017,#7018,#7019,#7021,#7022));
#7024=FACE_OUTER_BOUND('',#7023,.F.);
#7025=ADVANCED_FACE('',(#7024),#7015,.F.);
#7026=CARTESIAN_POINT('',(0.E0,-1.174615775982E1,-4.275251791571E0));
#7027=DIRECTION('',(0.E0,-3.420201433257E-1,9.396926207859E-1));
#7028=DIRECTION('',(-1.E0,0.E0,0.E0));
#7029=AXIS2_PLACEMENT_3D('',#7026,#7027,#7028);
#7030=SPHERICAL_SURFACE('',#7029,3.08E0);
#7031=ORIENTED_EDGE('',*,*,#5590,.T.);
#7032=ORIENTED_EDGE('',*,*,#7020,.T.);
#7033=ORIENTED_EDGE('',*,*,#6988,.T.);
#7034=ORIENTED_EDGE('',*,*,#6986,.F.);
#7035=ORIENTED_EDGE('',*,*,#7016,.F.);
#7036=EDGE_LOOP('',(#7031,#7032,#7033,#7034,#7035));
#7037=FACE_OUTER_BOUND('',#7036,.F.);
#7038=ADVANCED_FACE('',(#7037),#7030,.F.);
#7039=CARTESIAN_POINT('',(0.E0,-6.25E0,1.082531754731E1));
#7040=DIRECTION('',(0.E0,8.660254037844E-1,5.E-1));
#7041=DIRECTION('',(-1.E0,0.E0,0.E0));
#7042=AXIS2_PLACEMENT_3D('',#7039,#7040,#7041);
#7043=SPHERICAL_SURFACE('',#7042,3.08E0);
#7045=ORIENTED_EDGE('',*,*,#7044,.F.);
#7047=ORIENTED_EDGE('',*,*,#7046,.T.);
#7049=ORIENTED_EDGE('',*,*,#7048,.F.);
#7051=ORIENTED_EDGE('',*,*,#7050,.T.);
#7052=ORIENTED_EDGE('',*,*,#6322,.T.);
#7053=EDGE_LOOP('',(#7045,#7047,#7049,#7051,#7052));
#7054=FACE_OUTER_BOUND('',#7053,.F.);
#7055=ADVANCED_FACE('',(#7054),#7043,.F.);
#7056=CARTESIAN_POINT('',(0.E0,-6.25E0,1.082531754731E1));
#7057=DIRECTION('',(0.E0,8.660254037844E-1,5.E-1));
#7058=DIRECTION('',(-1.E0,0.E0,0.E0));
#7059=AXIS2_PLACEMENT_3D('',#7056,#7057,#7058);
#7060=SPHERICAL_SURFACE('',#7059,3.08E0);
#7061=ORIENTED_EDGE('',*,*,#7044,.T.);
#7062=ORIENTED_EDGE('',*,*,#6324,.T.);
#7063=ORIENTED_EDGE('',*,*,#7050,.F.);
#7065=ORIENTED_EDGE('',*,*,#7064,.F.);
#7067=ORIENTED_EDGE('',*,*,#7066,.T.);
#7068=EDGE_LOOP('',(#7061,#7062,#7063,#7065,#7067));
#7069=FACE_OUTER_BOUND('',#7068,.F.);
#7070=ADVANCED_FACE('',(#7069),#7060,.F.);
#7071=CARTESIAN_POINT('',(0.E0,-6.25E0,1.082531754731E1));
#7072=DIRECTION('',(0.E0,8.660254037844E-1,5.E-1));
#7073=DIRECTION('',(-1.E0,0.E0,0.E0));
#7074=AXIS2_PLACEMENT_3D('',#7071,#7072,#7073);
#7075=SPHERICAL_SURFACE('',#7074,3.08E0);
#7077=ORIENTED_EDGE('',*,*,#7076,.T.);
#7078=ORIENTED_EDGE('',*,*,#7066,.F.);
#7079=ORIENTED_EDGE('',*,*,#7064,.T.);
#7081=ORIENTED_EDGE('',*,*,#7080,.F.);
#7082=ORIENTED_EDGE('',*,*,#5582,.T.);
#7083=EDGE_LOOP('',(#7077,#7078,#7079,#7081,#7082));
#7084=FACE_OUTER_BOUND('',#7083,.F.);
#7085=ADVANCED_FACE('',(#7084),#7075,.F.);
#7086=CARTESIAN_POINT('',(0.E0,-6.25E0,1.082531754731E1));
#7087=DIRECTION('',(0.E0,8.660254037844E-1,5.E-1));
#7088=DIRECTION('',(-1.E0,0.E0,0.E0));
#7089=AXIS2_PLACEMENT_3D('',#7086,#7087,#7088);
#7090=SPHERICAL_SURFACE('',#7089,3.08E0);
#7091=ORIENTED_EDGE('',*,*,#5584,.T.);
#7092=ORIENTED_EDGE('',*,*,#7080,.T.);
#7093=ORIENTED_EDGE('',*,*,#7048,.T.);
#7094=ORIENTED_EDGE('',*,*,#7046,.F.);
#7095=ORIENTED_EDGE('',*,*,#7076,.F.);
#7096=EDGE_LOOP('',(#7091,#7092,#7093,#7094,#7095));
#7097=FACE_OUTER_BOUND('',#7096,.F.);
#7098=ADVANCED_FACE('',(#7097),#7090,.F.);
#7099=CARTESIAN_POINT('',(0.E0,9.575555538987E0,8.034845121082E0));
#7100=DIRECTION('',(0.E0,6.427876096865E-1,-7.660444431190E-1));
#7101=DIRECTION('',(-1.E0,0.E0,0.E0));
#7102=AXIS2_PLACEMENT_3D('',#7099,#7100,#7101);
#7103=SPHERICAL_SURFACE('',#7102,3.08E0);
#7105=ORIENTED_EDGE('',*,*,#7104,.F.);
#7107=ORIENTED_EDGE('',*,*,#7106,.T.);
#7109=ORIENTED_EDGE('',*,*,#7108,.F.);
#7111=ORIENTED_EDGE('',*,*,#7110,.T.);
#7112=ORIENTED_EDGE('',*,*,#6227,.T.);
#7113=EDGE_LOOP('',(#7105,#7107,#7109,#7111,#7112));
#7114=FACE_OUTER_BOUND('',#7113,.F.);
#7115=ADVANCED_FACE('',(#7114),#7103,.F.);
#7116=CARTESIAN_POINT('',(0.E0,9.575555538987E0,8.034845121082E0));
#7117=DIRECTION('',(0.E0,6.427876096865E-1,-7.660444431190E-1));
#7118=DIRECTION('',(-1.E0,0.E0,0.E0));
#7119=AXIS2_PLACEMENT_3D('',#7116,#7117,#7118);
#7120=SPHERICAL_SURFACE('',#7119,3.08E0);
#7121=ORIENTED_EDGE('',*,*,#7104,.T.);
#7122=ORIENTED_EDGE('',*,*,#6229,.T.);
#7123=ORIENTED_EDGE('',*,*,#7110,.F.);
#7125=ORIENTED_EDGE('',*,*,#7124,.F.);
#7127=ORIENTED_EDGE('',*,*,#7126,.T.);
#7128=EDGE_LOOP('',(#7121,#7122,#7123,#7125,#7127));
#7129=FACE_OUTER_BOUND('',#7128,.F.);
#7130=ADVANCED_FACE('',(#7129),#7120,.F.);
#7131=CARTESIAN_POINT('',(0.E0,9.575555538987E0,8.034845121082E0));
#7132=DIRECTION('',(0.E0,6.427876096865E-1,-7.660444431190E-1));
#7133=DIRECTION('',(-1.E0,0.E0,0.E0));
#7134=AXIS2_PLACEMENT_3D('',#7131,#7132,#7133);
#7135=SPHERICAL_SURFACE('',#7134,3.08E0);
#7137=ORIENTED_EDGE('',*,*,#7136,.T.);
#7138=ORIENTED_EDGE('',*,*,#7126,.F.);
#7139=ORIENTED_EDGE('',*,*,#7124,.T.);
#7141=ORIENTED_EDGE('',*,*,#7140,.F.);
#7142=ORIENTED_EDGE('',*,*,#5674,.T.);
#7143=EDGE_LOOP('',(#7137,#7138,#7139,#7141,#7142));
#7144=FACE_OUTER_BOUND('',#7143,.F.);
#7145=ADVANCED_FACE('',(#7144),#7135,.F.);
#7146=CARTESIAN_POINT('',(0.E0,9.575555538987E0,8.034845121082E0));
#7147=DIRECTION('',(0.E0,6.427876096865E-1,-7.660444431190E-1));
#7148=DIRECTION('',(-1.E0,0.E0,0.E0));
#7149=AXIS2_PLACEMENT_3D('',#7146,#7147,#7148);
#7150=SPHERICAL_SURFACE('',#7149,3.08E0);
#7151=ORIENTED_EDGE('',*,*,#5676,.T.);
#7152=ORIENTED_EDGE('',*,*,#7140,.T.);
#7153=ORIENTED_EDGE('',*,*,#7108,.T.);
#7154=ORIENTED_EDGE('',*,*,#7106,.F.);
#7155=ORIENTED_EDGE('',*,*,#7136,.F.);
#7156=EDGE_LOOP('',(#7151,#7152,#7153,#7154,#7155));
#7157=FACE_OUTER_BOUND('',#7156,.F.);
#7158=ADVANCED_FACE('',(#7157),#7150,.F.);
#7159=CARTESIAN_POINT('',(0.E0,9.575555538987E0,-8.034845121082E0));
#7160=DIRECTION('',(0.E0,-6.427876096865E-1,-7.660444431190E-1));
#7161=DIRECTION('',(-1.E0,0.E0,0.E0));
#7162=AXIS2_PLACEMENT_3D('',#7159,#7160,#7161);
#7163=SPHERICAL_SURFACE('',#7162,3.08E0);
#7165=ORIENTED_EDGE('',*,*,#7164,.F.);
#7167=ORIENTED_EDGE('',*,*,#7166,.T.);
#7169=ORIENTED_EDGE('',*,*,#7168,.F.);
#7171=ORIENTED_EDGE('',*,*,#7170,.T.);
#7172=ORIENTED_EDGE('',*,*,#6233,.T.);
#7173=EDGE_LOOP('',(#7165,#7167,#7169,#7171,#7172));
#7174=FACE_OUTER_BOUND('',#7173,.F.);
#7175=ADVANCED_FACE('',(#7174),#7163,.F.);
#7176=CARTESIAN_POINT('',(0.E0,9.575555538987E0,-8.034845121082E0));
#7177=DIRECTION('',(0.E0,-6.427876096865E-1,-7.660444431190E-1));
#7178=DIRECTION('',(-1.E0,0.E0,0.E0));
#7179=AXIS2_PLACEMENT_3D('',#7176,#7177,#7178);
#7180=SPHERICAL_SURFACE('',#7179,3.08E0);
#7181=ORIENTED_EDGE('',*,*,#7164,.T.);
#7182=ORIENTED_EDGE('',*,*,#6235,.T.);
#7183=ORIENTED_EDGE('',*,*,#7170,.F.);
#7185=ORIENTED_EDGE('',*,*,#7184,.F.);
#7187=ORIENTED_EDGE('',*,*,#7186,.T.);
#7188=EDGE_LOOP('',(#7181,#7182,#7183,#7185,#7187));
#7189=FACE_OUTER_BOUND('',#7188,.F.);
#7190=ADVANCED_FACE('',(#7189),#7180,.F.);
#7191=CARTESIAN_POINT('',(0.E0,9.575555538987E0,-8.034845121082E0));
#7192=DIRECTION('',(0.E0,-6.427876096865E-1,-7.660444431190E-1));
#7193=DIRECTION('',(-1.E0,0.E0,0.E0));
#7194=AXIS2_PLACEMENT_3D('',#7191,#7192,#7193);
#7195=SPHERICAL_SURFACE('',#7194,3.08E0);
#7197=ORIENTED_EDGE('',*,*,#7196,.T.);
#7198=ORIENTED_EDGE('',*,*,#7186,.F.);
#7199=ORIENTED_EDGE('',*,*,#7184,.T.);
#7201=ORIENTED_EDGE('',*,*,#7200,.F.);
#7202=ORIENTED_EDGE('',*,*,#5680,.T.);
#7203=EDGE_LOOP('',(#7197,#7198,#7199,#7201,#7202));
#7204=FACE_OUTER_BOUND('',#7203,.F.);
#7205=ADVANCED_FACE('',(#7204),#7195,.F.);
#7206=CARTESIAN_POINT('',(0.E0,9.575555538987E0,-8.034845121082E0));
#7207=DIRECTION('',(0.E0,-6.427876096865E-1,-7.660444431190E-1));
#7208=DIRECTION('',(-1.E0,0.E0,0.E0));
#7209=AXIS2_PLACEMENT_3D('',#7206,#7207,#7208);
#7210=SPHERICAL_SURFACE('',#7209,3.08E0);
#7211=ORIENTED_EDGE('',*,*,#5682,.T.);
#7212=ORIENTED_EDGE('',*,*,#7200,.T.);
#7213=ORIENTED_EDGE('',*,*,#7168,.T.);
#7214=ORIENTED_EDGE('',*,*,#7166,.F.);
#7215=ORIENTED_EDGE('',*,*,#7196,.F.);
#7216=EDGE_LOOP('',(#7211,#7212,#7213,#7214,#7215));
#7217=FACE_OUTER_BOUND('',#7216,.F.);
#7218=ADVANCED_FACE('',(#7217),#7210,.F.);
#7219=CARTESIAN_POINT('',(0.E0,1.25E1,0.E0));
#7220=DIRECTION('',(0.E0,0.E0,-1.E0));
#7221=DIRECTION('',(-1.E0,0.E0,0.E0));
#7222=AXIS2_PLACEMENT_3D('',#7219,#7220,#7221);
#7223=SPHERICAL_SURFACE('',#7222,3.08E0);
#7225=ORIENTED_EDGE('',*,*,#7224,.F.);
#7227=ORIENTED_EDGE('',*,*,#7226,.T.);
#7229=ORIENTED_EDGE('',*,*,#7228,.F.);
#7231=ORIENTED_EDGE('',*,*,#7230,.T.);
#7232=ORIENTED_EDGE('',*,*,#6239,.T.);
#7233=EDGE_LOOP('',(#7225,#7227,#7229,#7231,#7232));
#7234=FACE_OUTER_BOUND('',#7233,.F.);
#7235=ADVANCED_FACE('',(#7234),#7223,.F.);
#7236=CARTESIAN_POINT('',(0.E0,1.25E1,0.E0));
#7237=DIRECTION('',(0.E0,0.E0,-1.E0));
#7238=DIRECTION('',(-1.E0,0.E0,0.E0));
#7239=AXIS2_PLACEMENT_3D('',#7236,#7237,#7238);
#7240=SPHERICAL_SURFACE('',#7239,3.08E0);
#7241=ORIENTED_EDGE('',*,*,#7224,.T.);
#7242=ORIENTED_EDGE('',*,*,#6241,.T.);
#7243=ORIENTED_EDGE('',*,*,#7230,.F.);
#7245=ORIENTED_EDGE('',*,*,#7244,.F.);
#7247=ORIENTED_EDGE('',*,*,#7246,.T.);
#7248=EDGE_LOOP('',(#7241,#7242,#7243,#7245,#7247));
#7249=FACE_OUTER_BOUND('',#7248,.F.);
#7250=ADVANCED_FACE('',(#7249),#7240,.F.);
#7251=CARTESIAN_POINT('',(0.E0,1.25E1,0.E0));
#7252=DIRECTION('',(0.E0,0.E0,-1.E0));
#7253=DIRECTION('',(-1.E0,0.E0,0.E0));
#7254=AXIS2_PLACEMENT_3D('',#7251,#7252,#7253);
#7255=SPHERICAL_SURFACE('',#7254,3.08E0);
#7257=ORIENTED_EDGE('',*,*,#7256,.T.);
#7258=ORIENTED_EDGE('',*,*,#7246,.F.);
#7259=ORIENTED_EDGE('',*,*,#7244,.T.);
#7261=ORIENTED_EDGE('',*,*,#7260,.F.);
#7262=ORIENTED_EDGE('',*,*,#5686,.T.);
#7263=EDGE_LOOP('',(#7257,#7258,#7259,#7261,#7262));
#7264=FACE_OUTER_BOUND('',#7263,.F.);
#7265=ADVANCED_FACE('',(#7264),#7255,.F.);
#7266=CARTESIAN_POINT('',(0.E0,1.25E1,0.E0));
#7267=DIRECTION('',(0.E0,0.E0,-1.E0));
#7268=DIRECTION('',(-1.E0,0.E0,0.E0));
#7269=AXIS2_PLACEMENT_3D('',#7266,#7267,#7268);
#7270=SPHERICAL_SURFACE('',#7269,3.08E0);
#7271=ORIENTED_EDGE('',*,*,#5688,.T.);
#7272=ORIENTED_EDGE('',*,*,#7260,.T.);
#7273=ORIENTED_EDGE('',*,*,#7228,.T.);
#7274=ORIENTED_EDGE('',*,*,#7226,.F.);
#7275=ORIENTED_EDGE('',*,*,#7256,.F.);
#7276=EDGE_LOOP('',(#7271,#7272,#7273,#7274,#7275));
#7277=FACE_OUTER_BOUND('',#7276,.F.);
#7278=ADVANCED_FACE('',(#7277),#7270,.F.);
#7279=CLOSED_SHELL('',(#5474,#5492,#5594,#5692,#5714,#5731,#5748,#5765,#5782,
#5799,#5816,#5833,#5850,#5867,#5884,#5901,#5918,#5935,#5955,#5972,#5989,#6006,
#6023,#6040,#6057,#6074,#6091,#6108,#6125,#6142,#6157,#6245,#6328,#6347,#6362,
#6377,#6392,#6412,#6426,#6442,#6458,#6474,#6490,#6506,#6522,#6538,#6554,#6570,
#6586,#6602,#6618,#6636,#6652,#6668,#6684,#6700,#6716,#6732,#6748,#6764,#6780,
#6794,#6813,#6828,#6843,#6858,#6875,#6890,#6905,#6918,#6935,#6950,#6965,#6978,
#6995,#7010,#7025,#7038,#7055,#7070,#7085,#7098,#7115,#7130,#7145,#7158,#7175,
#7190,#7205,#7218,#7235,#7250,#7265,#7278));
#7280=MANIFOLD_SOLID_BREP('',#7279);
#7281=PRESENTATION_LAYER_ASSIGNMENT('INTFCLR_2771_11','',(#5474,#5492,#5594,
#5692,#5714,#5731,#5748,#5765,#5782,#5799,#5816,#5833,#5850,#5867,#5884,#5901,
#5918,#5935,#5955,#5972,#5989,#6006,#6023,#6040,#6057,#6074,#6091,#6108,#6125,
#6142,#6157,#6245,#6328,#6347,#6362,#6377,#6392,#6412,#6426,#6442,#6458,#6474,
#6490,#6506,#6522,#6538,#6554,#6570,#6586,#6602,#6618,#6636,#6652,#6668,#6684,
#6700,#6716,#6732,#6748,#6764,#6780,#6794,#6813,#6828,#6843,#6858,#6875,#6890,
#6905,#6918,#6935,#6950,#6965,#6978,#6995,#7010,#7025,#7038,#7055,#7070,#7085,
#7098,#7115,#7130,#7145,#7158,#7175,#7190,#7205,#7218,#7235,#7250,#7265,#7278,
#7280));
#7282=PRESENTATION_LAYER_ASSIGNMENT('NONE_12','',(#5474,#5492,#5594,#5692,#5714,
#5731,#5748,#5765,#5782,#5799,#5816,#5833,#5850,#5867,#5884,#5901,#5918,#5935,
#5955,#5972,#5989,#6006,#6023,#6040,#6057,#6074,#6091,#6108,#6125,#6142,#6157,
#6245,#6328,#6347,#6362,#6377,#6392,#6412,#6426,#6442,#6458,#6474,#6490,#6506,
#6522,#6538,#6554,#6570,#6586,#6602,#6618,#6636,#6652,#6668,#6684,#6700,#6716,
#6732,#6748,#6764,#6780,#6794,#6813,#6828,#6843,#6858,#6875,#6890,#6905,#6918,
#6935,#6950,#6965,#6978,#6995,#7010,#7025,#7038,#7055,#7070,#7085,#7098,#7115,
#7130,#7145,#7158,#7175,#7190,#7205,#7218,#7235,#7250,#7265,#7278,#7280));
#7284=DIMENSIONAL_EXPONENTS(0.E0,0.E0,0.E0,0.E0,0.E0,0.E0,0.E0);
#7286=PLANE_ANGLE_MEASURE_WITH_UNIT(PLANE_ANGLE_MEASURE(1.745329251994E-2),
#7285);
#7287=(CONVERSION_BASED_UNIT('DEGREE',#7286)NAMED_UNIT(*)PLANE_ANGLE_UNIT());
#7289=UNCERTAINTY_MEASURE_WITH_UNIT(LENGTH_MEASURE(5.E-3),#7283,'closure',
'Maximum model space distance between geometric entities at asserted connectivities');
#7290=(GEOMETRIC_REPRESENTATION_CONTEXT(3)GLOBAL_UNCERTAINTY_ASSIGNED_CONTEXT((
#7289))GLOBAL_UNIT_ASSIGNED_CONTEXT((#7283,#7287,#7288))REPRESENTATION_CONTEXT(
'ID4','3'));
#7291=CARTESIAN_POINT('',(0.E0,0.E0,0.E0));
#7292=DIRECTION('',(0.E0,0.E0,1.E0));
#7293=DIRECTION('',(1.E0,0.E0,0.E0));
#7296=MECHANICAL_CONTEXT('',#329,'mechanical');
#7297=PRODUCT('_1_2_3_4000_1-9344','_1_2_3_4000_1-9344','NOT SPECIFIED',
(#7296));
#7298=PRODUCT_DEFINITION_FORMATION_WITH_SPECIFIED_SOURCE('1','LAST_VERSION',
#7297,.MADE.);
#7304=CARTESIAN_POINT('',(0.E0,0.E0,0.E0));
#7305=DIRECTION('',(0.E0,0.E0,1.E0));
#7306=DIRECTION('',(1.E0,0.E0,0.E0));
#7307=AXIS2_PLACEMENT_3D('',#7304,#7305,#7306);
#7308=ITEM_DEFINED_TRANSFORMATION('','',#7294,#7307);
#7309=CARTESIAN_POINT('',(0.E0,0.E0,0.E0));
#7310=DIRECTION('',(0.E0,0.E0,1.E0));
#7311=DIRECTION('',(1.E0,0.E0,0.E0));
#7313=(REPRESENTATION_RELATIONSHIP('','',#7295,#340)REPRESENTATION_RELATIONSHIP_WITH_TRANSFORMATION(#7308)SHAPE_REPRESENTATION_RELATIONSHIP());
#7314=CONTEXT_DEPENDENT_SHAPE_REPRESENTATION(#7313,#7303);
#7315=CARTESIAN_POINT('',(-5.E0,0.E0,-1.103333333333E1));
#7316=DIRECTION('',(0.E0,1.E0,0.E0));
#7317=DIRECTION('',(-1.E0,0.E0,0.E0));
#7318=AXIS2_PLACEMENT_3D('',#7315,#7316,#7317);
#7320=CARTESIAN_POINT('',(-5.E0,0.E0,0.E0));
#7321=DIRECTION('',(-1.E0,0.E0,0.E0));
#7322=DIRECTION('',(0.E0,0.E0,-1.E0));
#7323=AXIS2_PLACEMENT_3D('',#7320,#7321,#7322);
#7325=CARTESIAN_POINT('',(-5.E0,0.E0,1.103333333333E1));
#7326=DIRECTION('',(0.E0,-1.E0,0.E0));
#7327=DIRECTION('',(-1.E0,0.E0,0.E0));
#7328=AXIS2_PLACEMENT_3D('',#7325,#7326,#7327);
#7330=CARTESIAN_POINT('',(-5.E0,0.E0,0.E0));
#7331=DIRECTION('',(-1.E0,0.E0,0.E0));
#7332=DIRECTION('',(0.E0,0.E0,1.E0));
#7333=AXIS2_PLACEMENT_3D('',#7330,#7331,#7332);
#7335=CARTESIAN_POINT('',(-5.4E0,0.E0,0.E0));
#7336=DIRECTION('',(1.E0,0.E0,0.E0));
#7337=DIRECTION('',(0.E0,0.E0,-1.E0));
#7338=AXIS2_PLACEMENT_3D('',#7335,#7336,#7337);
#7340=CARTESIAN_POINT('',(-5.4E0,0.E0,0.E0));
#7341=DIRECTION('',(1.E0,0.E0,0.E0));
#7342=DIRECTION('',(0.E0,0.E0,1.E0));
#7343=AXIS2_PLACEMENT_3D('',#7340,#7341,#7342);
#7345=CARTESIAN_POINT('',(-5.4E0,0.E0,0.E0));
#7346=DIRECTION('',(-1.E0,0.E0,0.E0));
#7347=DIRECTION('',(0.E0,0.E0,1.E0));
#7348=AXIS2_PLACEMENT_3D('',#7345,#7346,#7347);
#7350=CARTESIAN_POINT('',(-5.4E0,0.E0,0.E0));
#7351=DIRECTION('',(-1.E0,0.E0,0.E0));
#7352=DIRECTION('',(0.E0,0.E0,-1.E0));
#7353=AXIS2_PLACEMENT_3D('',#7350,#7351,#7352);
#7355=CARTESIAN_POINT('',(-5.271763212603E0,0.E0,0.E0));
#7356=DIRECTION('',(1.E0,0.E0,0.E0));
#7357=DIRECTION('',(0.E0,0.E0,-1.E0));
#7358=AXIS2_PLACEMENT_3D('',#7355,#7356,#7357);
#7360=CARTESIAN_POINT('',(-5.E0,0.E0,1.324595008159E1));
#7361=DIRECTION('',(0.E0,-1.E0,0.E0));
#7362=DIRECTION('',(-6.794080315069E-1,0.E0,7.337606740102E-1));
#7363=AXIS2_PLACEMENT_3D('',#7360,#7361,#7362);
#7365=DIRECTION('',(7.337606740202E-1,0.E0,-6.794080314961E-1));
#7366=VECTOR('',#7365,1.051791462701E0);
#7367=CARTESIAN_POINT('',(-5.271763212601E0,0.E0,-1.353945435119E1));
#7368=LINE('',#7367,#7366);
#7369=DIRECTION('',(7.337606740202E-1,0.E0,6.794080314961E-1));
#7370=VECTOR('',#7369,1.051791462701E0);
#7371=CARTESIAN_POINT('',(-5.271763212601E0,0.E0,1.353945435119E1));
#7372=LINE('',#7371,#7370);
#7373=CARTESIAN_POINT('',(-4.5E0,0.E0,0.E0));
#7374=DIRECTION('',(1.E0,0.E0,0.E0));
#7375=DIRECTION('',(0.E0,0.E0,-1.E0));
#7376=AXIS2_PLACEMENT_3D('',#7373,#7374,#7375);
#7378=CARTESIAN_POINT('',(-4.5E0,0.E0,0.E0));
#7379=DIRECTION('',(1.E0,0.E0,0.E0));
#7380=DIRECTION('',(0.E0,0.E0,1.E0));
#7381=AXIS2_PLACEMENT_3D('',#7378,#7379,#7380);
#7383=CARTESIAN_POINT('',(-4.500000000001E0,0.E0,0.E0));
#7384=DIRECTION('',(-1.E0,0.E0,0.E0));
#7385=DIRECTION('',(0.E0,0.E0,-1.E0));
#7386=AXIS2_PLACEMENT_3D('',#7383,#7384,#7385);
#7388=CARTESIAN_POINT('',(-4.500000000001E0,0.E0,0.E0));
#7389=DIRECTION('',(-1.E0,0.E0,0.E0));
#7390=DIRECTION('',(0.E0,0.E0,1.E0));
#7391=AXIS2_PLACEMENT_3D('',#7388,#7389,#7390);
#7393=DIRECTION('',(-1.E0,0.E0,3.072489469397E-12));
#7394=VECTOR('',#7393,2.867619242045E-1);
#7395=CARTESIAN_POINT('',(-4.5E0,0.E0,-1.496666666667E1));
#7396=LINE('',#7395,#7394);
#7397=DIRECTION('',(-1.E0,0.E0,-3.072489469397E-12));
#7398=VECTOR('',#7397,2.867619242045E-1);
#7399=CARTESIAN_POINT('',(-4.5E0,0.E0,1.496666666667E1));
#7400=LINE('',#7399,#7398);
#7401=DIRECTION('',(5.144957554259E-1,0.E0,-8.574929257135E-1));
#7402=VECTOR('',#7401,4.698571136960E-1);
#7403=CARTESIAN_POINT('',(-5.028501414858E0,0.E0,-1.456376751558E1));
#7404=LINE('',#7403,#7402);
#7405=CARTESIAN_POINT('',(-4.786761924203E0,0.E0,0.E0));
#7406=DIRECTION('',(-1.E0,0.E0,0.E0));
#7407=DIRECTION('',(0.E0,0.E0,-1.E0));
#7408=AXIS2_PLACEMENT_3D('',#7405,#7406,#7407);
#7410=CARTESIAN_POINT('',(-5.028501414859E0,0.E0,0.E0));
#7411=DIRECTION('',(-1.E0,0.E0,0.E0));
#7412=DIRECTION('',(0.E0,0.E0,-1.E0));
#7413=AXIS2_PLACEMENT_3D('',#7410,#7411,#7412);
#7415=DIRECTION('',(-8.574929257073E-1,0.E0,5.144957554363E-1));
#7416=VECTOR('',#7415,2.000000000027E-1);
#7417=CARTESIAN_POINT('',(-5.028501414858E0,0.E0,1.456376751558E1));
#7418=LINE('',#7417,#7416);
#7419=DIRECTION('',(-8.574929257073E-1,0.E0,-5.144957554363E-1));
#7420=VECTOR('',#7419,2.000000000027E-1);
#7421=CARTESIAN_POINT('',(-5.028501414858E0,0.E0,-1.456376751558E1));
#7422=LINE('',#7421,#7420);
#7423=CARTESIAN_POINT('',(-5.028501414859E0,0.E0,0.E0));
#7424=DIRECTION('',(-1.E0,0.E0,0.E0));
#7425=DIRECTION('',(0.E0,0.E0,1.E0));
#7426=AXIS2_PLACEMENT_3D('',#7423,#7424,#7425);
#7428=CARTESIAN_POINT('',(-5.2E0,0.E0,0.E0));
#7429=DIRECTION('',(-1.E0,0.E0,0.E0));
#7430=DIRECTION('',(0.E0,0.E0,1.E0));
#7431=AXIS2_PLACEMENT_3D('',#7428,#7429,#7430);
#7433=DIRECTION('',(5.144957554275E-1,0.E0,-8.574929257126E-1));
#7434=VECTOR('',#7433,5.830951894877E-1);
#7435=CARTESIAN_POINT('',(-5.200000000002E0,0.E0,-1.466666666667E1));
#7436=LINE('',#7435,#7434);
#7437=CARTESIAN_POINT('',(-4.9E0,0.E0,0.E0));
#7438=DIRECTION('',(1.E0,0.E0,0.E0));
#7439=DIRECTION('',(0.E0,0.E0,-1.E0));
#7440=AXIS2_PLACEMENT_3D('',#7437,#7438,#7439);
#7442=DIRECTION('',(5.144957554275E-1,0.E0,8.574929257126E-1));
#7443=VECTOR('',#7442,5.830951894877E-1);
#7444=CARTESIAN_POINT('',(-5.200000000002E0,0.E0,1.466666666667E1));
#7445=LINE('',#7444,#7443);
#7446=CARTESIAN_POINT('',(-4.9E0,0.E0,0.E0));
#7447=DIRECTION('',(1.E0,0.E0,0.E0));
#7448=DIRECTION('',(0.E0,0.E0,1.E0));
#7449=AXIS2_PLACEMENT_3D('',#7446,#7447,#7448);
#7451=CARTESIAN_POINT('',(-5.2E0,0.E0,0.E0));
#7452=DIRECTION('',(-1.E0,0.E0,0.E0));
#7453=DIRECTION('',(0.E0,0.E0,-1.E0));
#7454=AXIS2_PLACEMENT_3D('',#7451,#7452,#7453);
#7456=DIRECTION('',(-1.E0,0.E0,-1.184237892933E-14));
#7457=VECTOR('',#7456,6.E-1);
#7458=CARTESIAN_POINT('',(-4.3E0,0.E0,-1.516666666667E1));
#7459=LINE('',#7458,#7457);
#7460=DIRECTION('',(-1.E0,0.E0,1.184237892933E-14));
#7461=VECTOR('',#7460,6.E-1);
#7462=CARTESIAN_POINT('',(-4.3E0,0.E0,1.516666666667E1));
#7463=LINE('',#7462,#7461);
#7464=CARTESIAN_POINT('',(-4.3E0,0.E0,0.E0));
#7465=DIRECTION('',(-1.E0,0.E0,0.E0));
#7466=DIRECTION('',(0.E0,0.E0,1.E0));
#7467=AXIS2_PLACEMENT_3D('',#7464,#7465,#7466);
#7469=CARTESIAN_POINT('',(-4.3E0,0.E0,0.E0));
#7470=DIRECTION('',(-1.E0,0.E0,0.E0));
#7471=DIRECTION('',(0.E0,0.E0,-1.E0));
#7472=AXIS2_PLACEMENT_3D('',#7469,#7470,#7471);
#7474=CARTESIAN_POINT('',(-4.3E0,0.E0,0.E0));
#7475=DIRECTION('',(1.E0,0.E0,0.E0));
#7476=DIRECTION('',(0.E0,0.E0,-1.E0));
#7477=AXIS2_PLACEMENT_3D('',#7474,#7475,#7476);
#7479=CARTESIAN_POINT('',(-4.3E0,0.E0,0.E0));
#7480=DIRECTION('',(1.E0,0.E0,0.E0));
#7481=DIRECTION('',(0.E0,0.E0,1.E0));
#7482=AXIS2_PLACEMENT_3D('',#7479,#7480,#7481);
#7484=CARTESIAN_POINT('',(-4.364118393698E0,0.E0,0.E0));
#7485=DIRECTION('',(1.E0,0.E0,0.E0));
#7486=DIRECTION('',(0.E0,0.E0,-1.E0));
#7487=AXIS2_PLACEMENT_3D('',#7484,#7485,#7486);
#7489=CARTESIAN_POINT('',(-4.5E0,0.E0,1.425404991841E1));
#7490=DIRECTION('',(0.E0,-1.E0,0.E0));
#7491=DIRECTION('',(6.794080315083E-1,0.E0,-7.337606740089E-1));
#7492=AXIS2_PLACEMENT_3D('',#7489,#7490,#7491);
#7494=DIRECTION('',(7.337606740203E-1,0.E0,6.794080314960E-1));
#7495=VECTOR('',#7494,1.051791462702E0);
#7496=CARTESIAN_POINT('',(-5.135881606301E0,0.E0,1.339270221639E1));
#7497=LINE('',#7496,#7495);
#7498=DIRECTION('',(7.337606740203E-1,0.E0,-6.794080314960E-1));
#7499=VECTOR('',#7498,1.051791462702E0);
#7500=CARTESIAN_POINT('',(-5.135881606301E0,0.E0,-1.339270221639E1));
#7501=LINE('',#7500,#7499);
#7502=CARTESIAN_POINT('',(-5.135881606302E0,0.E0,0.E0));
#7503=DIRECTION('',(-1.E0,0.E0,0.E0));
#7504=DIRECTION('',(0.E0,0.E0,-1.E0));
#7505=AXIS2_PLACEMENT_3D('',#7502,#7503,#7504);
#7507=CARTESIAN_POINT('',(-5.E0,0.E0,1.324595008159E1));
#7508=DIRECTION('',(0.E0,-1.E0,0.E0));
#7509=DIRECTION('',(-6.794080315083E-1,0.E0,7.337606740089E-1));
#7510=AXIS2_PLACEMENT_3D('',#7507,#7508,#7509);
#7512=CARTESIAN_POINT('',(-5.E0,0.E0,-1.324595008159E1));
#7513=DIRECTION('',(0.E0,1.E0,0.E0));
#7514=DIRECTION('',(-6.794080315083E-1,0.E0,-7.337606740089E-1));
#7515=AXIS2_PLACEMENT_3D('',#7512,#7513,#7514);
#7517=CARTESIAN_POINT('',(-5.135881606302E0,0.E0,0.E0));
#7518=DIRECTION('',(-1.E0,0.E0,0.E0));
#7519=DIRECTION('',(0.E0,0.E0,1.E0));
#7520=AXIS2_PLACEMENT_3D('',#7517,#7518,#7519);
#7522=CARTESIAN_POINT('',(-5.2E0,0.E0,0.E0));
#7523=DIRECTION('',(-1.E0,0.E0,0.E0));
#7524=DIRECTION('',(0.E0,0.E0,1.E0));
#7525=AXIS2_PLACEMENT_3D('',#7522,#7523,#7524);
#7527=CARTESIAN_POINT('',(-5.2E0,0.E0,0.E0));
#7528=DIRECTION('',(-1.E0,0.E0,0.E0));
#7529=DIRECTION('',(0.E0,0.E0,-1.E0));
#7530=AXIS2_PLACEMENT_3D('',#7527,#7528,#7529);
#7532=CARTESIAN_POINT('',(-5.2E0,0.E0,0.E0));
#7533=DIRECTION('',(1.E0,0.E0,0.E0));
#7534=DIRECTION('',(0.E0,0.E0,-1.E0));
#7535=AXIS2_PLACEMENT_3D('',#7532,#7533,#7534);
#7537=CARTESIAN_POINT('',(-5.2E0,0.E0,0.E0));
#7538=DIRECTION('',(1.E0,0.E0,0.E0));
#7539=DIRECTION('',(0.E0,0.E0,1.E0));
#7540=AXIS2_PLACEMENT_3D('',#7537,#7538,#7539);
#7542=CARTESIAN_POINT('',(-5.E0,0.E0,-1.103333333333E1));
#7543=DIRECTION('',(0.E0,1.E0,0.E0));
#7544=DIRECTION('',(-1.E0,0.E0,0.E0));
#7545=AXIS2_PLACEMENT_3D('',#7542,#7543,#7544);
#7547=CARTESIAN_POINT('',(-5.E0,0.E0,0.E0));
#7548=DIRECTION('',(1.E0,0.E0,0.E0));
#7549=DIRECTION('',(0.E0,0.E0,-1.E0));
#7550=AXIS2_PLACEMENT_3D('',#7547,#7548,#7549);
#7552=CARTESIAN_POINT('',(-5.E0,0.E0,1.103333333333E1));
#7553=DIRECTION('',(0.E0,-1.E0,0.E0));
#7554=DIRECTION('',(-1.E0,0.E0,0.E0));
#7555=AXIS2_PLACEMENT_3D('',#7552,#7553,#7554);
#7557=CARTESIAN_POINT('',(-5.E0,0.E0,0.E0));
#7558=DIRECTION('',(1.E0,0.E0,0.E0));
#7559=DIRECTION('',(0.E0,0.E0,1.E0));
#7560=AXIS2_PLACEMENT_3D('',#7557,#7558,#7559);
#7562=DIRECTION('',(-1.E0,0.E0,0.E0));
#7563=VECTOR('',#7562,7.E-1);
#7564=CARTESIAN_POINT('',(-4.3E0,0.E0,-1.083333333333E1));
#7565=LINE('',#7564,#7563);
#7566=DIRECTION('',(-1.E0,0.E0,0.E0));
#7567=VECTOR('',#7566,7.E-1);
#7568=CARTESIAN_POINT('',(-4.3E0,0.E0,1.083333333333E1));
#7569=LINE('',#7568,#7567);
#7570=CARTESIAN_POINT('',(-4.3E0,0.E0,0.E0));
#7571=DIRECTION('',(-1.E0,0.E0,0.E0));
#7572=DIRECTION('',(0.E0,0.E0,1.E0));
#7573=AXIS2_PLACEMENT_3D('',#7570,#7571,#7572);
#7575=CARTESIAN_POINT('',(-4.3E0,0.E0,0.E0));
#7576=DIRECTION('',(-1.E0,0.E0,0.E0));
#7577=DIRECTION('',(0.E0,0.E0,-1.E0));
#7578=AXIS2_PLACEMENT_3D('',#7575,#7576,#7577);
#7580=CARTESIAN_POINT('',(-4.3E0,0.E0,0.E0));
#7581=DIRECTION('',(1.E0,0.E0,0.E0));
#7582=DIRECTION('',(0.E0,0.E0,-1.E0));
#7583=AXIS2_PLACEMENT_3D('',#7580,#7581,#7582);
#7585=CARTESIAN_POINT('',(-4.3E0,0.E0,0.E0));
#7586=DIRECTION('',(1.E0,0.E0,0.E0));
#7587=DIRECTION('',(0.E0,0.E0,1.E0));
#7588=AXIS2_PLACEMENT_3D('',#7585,#7586,#7587);
#7590=DIRECTION('',(-1.E0,0.E0,0.E0));
#7591=VECTOR('',#7590,7.E-1);
#7592=CARTESIAN_POINT('',(-4.3E0,0.E0,-1.063333333333E1));
#7593=LINE('',#7592,#7591);
#7594=DIRECTION('',(-1.E0,0.E0,0.E0));
#7595=VECTOR('',#7594,7.E-1);
#7596=CARTESIAN_POINT('',(-4.3E0,0.E0,1.063333333333E1));
#7597=LINE('',#7596,#7595);
#7598=CARTESIAN_POINT('',(-4.5E0,0.E0,-1.425404991841E1));
#7599=DIRECTION('',(0.E0,1.E0,0.E0));
#7600=DIRECTION('',(6.794080315083E-1,0.E0,7.337606740089E-1));
#7601=AXIS2_PLACEMENT_3D('',#7598,#7599,#7600);
#7603=CARTESIAN_POINT('',(-4.364118393698E0,0.E0,0.E0));
#7604=DIRECTION('',(1.E0,0.E0,0.E0));
#7605=DIRECTION('',(0.E0,0.E0,1.E0));
#7606=AXIS2_PLACEMENT_3D('',#7603,#7604,#7605);
#7608=DIRECTION('',(5.144957554259E-1,0.E0,8.574929257135E-1));
#7609=VECTOR('',#7608,4.698571136960E-1);
#7610=CARTESIAN_POINT('',(-5.028501414858E0,0.E0,1.456376751558E1));
#7611=LINE('',#7610,#7609);
#7612=CARTESIAN_POINT('',(-4.786761924203E0,0.E0,0.E0));
#7613=DIRECTION('',(-1.E0,0.E0,0.E0));
#7614=DIRECTION('',(0.E0,0.E0,1.E0));
#7615=AXIS2_PLACEMENT_3D('',#7612,#7613,#7614);
#7617=CARTESIAN_POINT('',(-5.E0,0.E0,-1.324595008159E1));
#7618=DIRECTION('',(0.E0,1.E0,0.E0));
#7619=DIRECTION('',(-6.794080315069E-1,0.E0,-7.337606740102E-1));
#7620=AXIS2_PLACEMENT_3D('',#7617,#7618,#7619);
#7622=CARTESIAN_POINT('',(-5.271763212603E0,0.E0,0.E0));
#7623=DIRECTION('',(1.E0,0.E0,0.E0));
#7624=DIRECTION('',(0.E0,0.E0,1.E0));
#7625=AXIS2_PLACEMENT_3D('',#7622,#7623,#7624);
#7627=CARTESIAN_POINT('',(-5.4E0,0.E0,-1.103333333333E1));
#7628=CARTESIAN_POINT('',(-5.E0,0.E0,-1.063333333333E1));
#7629=VERTEX_POINT('',#7627);
#7630=VERTEX_POINT('',#7628);
#7631=CARTESIAN_POINT('',(-5.E0,0.E0,1.063333333333E1));
#7632=VERTEX_POINT('',#7631);
#7633=CARTESIAN_POINT('',(-5.4E0,0.E0,1.103333333333E1));
#7634=VERTEX_POINT('',#7633);
#7635=CARTESIAN_POINT('',(-5.4E0,0.E0,-1.324595008159E1));
#7636=CARTESIAN_POINT('',(-5.4E0,0.E0,1.324595008159E1));
#7637=VERTEX_POINT('',#7635);
#7638=VERTEX_POINT('',#7636);
#7639=CARTESIAN_POINT('',(-5.271763212603E0,0.E0,-1.353945435119E1));
#7640=CARTESIAN_POINT('',(-5.271763212603E0,0.E0,1.353945435119E1));
#7641=VERTEX_POINT('',#7639);
#7642=VERTEX_POINT('',#7640);
#7643=CARTESIAN_POINT('',(-4.5E0,0.E0,-1.425404991841E1));
#7644=VERTEX_POINT('',#7643);
#7645=CARTESIAN_POINT('',(-4.500000000001E0,0.E0,1.425404991841E1));
#7646=VERTEX_POINT('',#7645);
#7647=CARTESIAN_POINT('',(-4.5E0,0.E0,-1.496666666667E1));
#7648=CARTESIAN_POINT('',(-4.5E0,0.E0,1.496666666667E1));
#7649=VERTEX_POINT('',#7647);
#7650=VERTEX_POINT('',#7648);
#7651=CARTESIAN_POINT('',(-4.786761924205E0,0.E0,-1.496666666667E1));
#7652=VERTEX_POINT('',#7651);
#7653=CARTESIAN_POINT('',(-4.786761924203E0,0.E0,1.496666666667E1));
#7654=VERTEX_POINT('',#7653);
#7655=CARTESIAN_POINT('',(-5.028501414859E0,0.E0,-1.456376751558E1));
#7656=CARTESIAN_POINT('',(-5.028501414859E0,0.E0,1.456376751558E1));
#7657=VERTEX_POINT('',#7655);
#7658=VERTEX_POINT('',#7656);
#7659=CARTESIAN_POINT('',(-5.200000000002E0,0.E0,1.466666666667E1));
#7660=VERTEX_POINT('',#7659);
#7661=CARTESIAN_POINT('',(-5.2E0,0.E0,-1.466666666667E1));
#7662=VERTEX_POINT('',#7661);
#7663=CARTESIAN_POINT('',(-4.9E0,0.E0,-1.516666666667E1));
#7664=VERTEX_POINT('',#7663);
#7665=CARTESIAN_POINT('',(-4.9E0,0.E0,1.516666666667E1));
#7666=VERTEX_POINT('',#7665);
#7667=CARTESIAN_POINT('',(-4.3E0,0.E0,-1.516666666667E1));
#7668=VERTEX_POINT('',#7667);
#7669=CARTESIAN_POINT('',(-4.3E0,0.E0,1.516666666667E1));
#7670=VERTEX_POINT('',#7669);
#7671=CARTESIAN_POINT('',(-4.3E0,0.E0,-1.425404991841E1));
#7672=CARTESIAN_POINT('',(-4.3E0,0.E0,1.425404991841E1));
#7673=VERTEX_POINT('',#7671);
#7674=VERTEX_POINT('',#7672);
#7675=CARTESIAN_POINT('',(-4.364118393698E0,0.E0,-1.410729778361E1));
#7676=CARTESIAN_POINT('',(-4.364118393698E0,0.E0,1.410729778361E1));
#7677=VERTEX_POINT('',#7675);
#7678=VERTEX_POINT('',#7676);
#7679=CARTESIAN_POINT('',(-5.135881606301E0,0.E0,1.339270221639E1));
#7680=VERTEX_POINT('',#7679);
#7681=CARTESIAN_POINT('',(-5.135881606301E0,0.E0,-1.339270221639E1));
#7682=VERTEX_POINT('',#7681);
#7683=CARTESIAN_POINT('',(-5.2E0,0.E0,1.324595008159E1));
#7684=VERTEX_POINT('',#7683);
#7685=CARTESIAN_POINT('',(-5.2E0,0.E0,-1.324595008159E1));
#7686=VERTEX_POINT('',#7685);
#7687=CARTESIAN_POINT('',(-5.2E0,0.E0,-1.103333333333E1));
#7688=CARTESIAN_POINT('',(-5.2E0,0.E0,1.103333333333E1));
#7689=VERTEX_POINT('',#7687);
#7690=VERTEX_POINT('',#7688);
#7691=CARTESIAN_POINT('',(-5.E0,0.E0,-1.083333333333E1));
#7692=VERTEX_POINT('',#7691);
#7693=CARTESIAN_POINT('',(-5.E0,0.E0,1.083333333333E1));
#7694=VERTEX_POINT('',#7693);
#7695=CARTESIAN_POINT('',(-4.3E0,0.E0,-1.083333333333E1));
#7696=VERTEX_POINT('',#7695);
#7697=CARTESIAN_POINT('',(-4.3E0,0.E0,1.083333333333E1));
#7698=VERTEX_POINT('',#7697);
#7699=CARTESIAN_POINT('',(-4.3E0,0.E0,-1.063333333333E1));
#7700=CARTESIAN_POINT('',(-4.3E0,0.E0,1.063333333333E1));
#7701=VERTEX_POINT('',#7699);
#7702=VERTEX_POINT('',#7700);
#7703=CARTESIAN_POINT('',(-5.E0,0.E0,0.E0));
#7704=DIRECTION('',(-1.E0,0.E0,0.E0));
#7705=DIRECTION('',(0.E0,0.E0,1.E0));
#7706=AXIS2_PLACEMENT_3D('',#7703,#7704,#7705);
#7707=TOROIDAL_SURFACE('',#7706,1.103333333333E1,4.E-1);
#7709=ORIENTED_EDGE('',*,*,#7708,.T.);
#7711=ORIENTED_EDGE('',*,*,#7710,.T.);
#7713=ORIENTED_EDGE('',*,*,#7712,.F.);
#7715=ORIENTED_EDGE('',*,*,#7714,.F.);
#7716=EDGE_LOOP('',(#7709,#7711,#7713,#7715));
#7717=FACE_OUTER_BOUND('',#7716,.F.);
#7718=ADVANCED_FACE('',(#7717),#7707,.T.);
#7719=CARTESIAN_POINT('',(-5.E0,0.E0,0.E0));
#7720=DIRECTION('',(-1.E0,0.E0,0.E0));
#7721=DIRECTION('',(0.E0,0.E0,1.E0));
#7722=AXIS2_PLACEMENT_3D('',#7719,#7720,#7721);
#7723=TOROIDAL_SURFACE('',#7722,1.103333333333E1,4.E-1);
#7725=ORIENTED_EDGE('',*,*,#7724,.F.);
#7726=ORIENTED_EDGE('',*,*,#7712,.T.);
#7728=ORIENTED_EDGE('',*,*,#7727,.T.);
#7729=ORIENTED_EDGE('',*,*,#7708,.F.);
#7730=EDGE_LOOP('',(#7725,#7726,#7728,#7729));
#7731=FACE_OUTER_BOUND('',#7730,.F.);
#7732=ADVANCED_FACE('',(#7731),#7723,.T.);
#7733=CARTESIAN_POINT('',(-5.4E0,1.324595008159E1,0.E0));
#7734=DIRECTION('',(1.E0,0.E0,0.E0));
#7735=DIRECTION('',(0.E0,0.E0,-1.E0));
#7736=AXIS2_PLACEMENT_3D('',#7733,#7734,#7735);
#7737=PLANE('',#7736);
#7739=ORIENTED_EDGE('',*,*,#7738,.T.);
#7741=ORIENTED_EDGE('',*,*,#7740,.T.);
#7742=EDGE_LOOP('',(#7739,#7741));
#7743=FACE_OUTER_BOUND('',#7742,.F.);
#7744=ORIENTED_EDGE('',*,*,#7724,.T.);
#7745=ORIENTED_EDGE('',*,*,#7714,.T.);
#7746=EDGE_LOOP('',(#7744,#7745));
#7747=FACE_BOUND('',#7746,.F.);
#7748=ADVANCED_FACE('',(#7743,#7747),#7737,.F.);
#7749=CARTESIAN_POINT('',(-5.E0,0.E0,0.E0));
#7750=DIRECTION('',(-1.E0,0.E0,0.E0));
#7751=DIRECTION('',(0.E0,0.E0,1.E0));
#7752=AXIS2_PLACEMENT_3D('',#7749,#7750,#7751);
#7753=TOROIDAL_SURFACE('',#7752,1.324595008159E1,4.E-1);
#7755=ORIENTED_EDGE('',*,*,#7754,.T.);
#7757=ORIENTED_EDGE('',*,*,#7756,.T.);
#7758=ORIENTED_EDGE('',*,*,#7738,.F.);
#7760=ORIENTED_EDGE('',*,*,#7759,.F.);
#7761=EDGE_LOOP('',(#7755,#7757,#7758,#7760));
#7762=FACE_OUTER_BOUND('',#7761,.F.);
#7763=ADVANCED_FACE('',(#7762),#7753,.T.);
#7764=CARTESIAN_POINT('',(-4.885881606300E0,0.E0,0.E0));
#7765=DIRECTION('',(1.E0,0.E0,0.E0));
#7766=DIRECTION('',(0.E0,0.E0,-1.E0));
#7767=AXIS2_PLACEMENT_3D('',#7764,#7765,#7766);
#7768=CONICAL_SURFACE('',#7767,1.389675213480E1,4.279740183823E1);
#7769=ORIENTED_EDGE('',*,*,#7754,.F.);
#7771=ORIENTED_EDGE('',*,*,#7770,.T.);
#7773=ORIENTED_EDGE('',*,*,#7772,.F.);
#7775=ORIENTED_EDGE('',*,*,#7774,.F.);
#7776=EDGE_LOOP('',(#7769,#7771,#7773,#7775));
#7777=FACE_OUTER_BOUND('',#7776,.F.);
#7778=ADVANCED_FACE('',(#7777),#7768,.T.);
#7779=CARTESIAN_POINT('',(-4.885881606300E0,0.E0,0.E0));
#7780=DIRECTION('',(1.E0,0.E0,0.E0));
#7781=DIRECTION('',(0.E0,0.E0,-1.E0));
#7782=AXIS2_PLACEMENT_3D('',#7779,#7780,#7781);
#7783=CONICAL_SURFACE('',#7782,1.389675213480E1,4.279740183823E1);
#7784=ORIENTED_EDGE('',*,*,#7774,.T.);
#7786=ORIENTED_EDGE('',*,*,#7785,.F.);
#7787=ORIENTED_EDGE('',*,*,#7770,.F.);
#7789=ORIENTED_EDGE('',*,*,#7788,.F.);
#7790=EDGE_LOOP('',(#7784,#7786,#7787,#7789));
#7791=FACE_OUTER_BOUND('',#7790,.F.);
#7792=ADVANCED_FACE('',(#7791),#7783,.T.);
#7793=CARTESIAN_POINT('',(-4.5E0,1.516666666667E1,0.E0));
#7794=DIRECTION('',(1.E0,0.E0,0.E0));
#7795=DIRECTION('',(0.E0,0.E0,-1.E0));
#7796=AXIS2_PLACEMENT_3D('',#7793,#7794,#7795);
#7797=PLANE('',#7796);
#7799=ORIENTED_EDGE('',*,*,#7798,.T.);
#7801=ORIENTED_EDGE('',*,*,#7800,.T.);
#7802=EDGE_LOOP('',(#7799,#7801));
#7803=FACE_OUTER_BOUND('',#7802,.F.);
#7804=ORIENTED_EDGE('',*,*,#7785,.T.);
#7805=ORIENTED_EDGE('',*,*,#7772,.T.);
#7806=EDGE_LOOP('',(#7804,#7805));
#7807=FACE_BOUND('',#7806,.F.);
#7808=ADVANCED_FACE('',(#7803,#7807),#7797,.F.);
#7809=CARTESIAN_POINT('',(0.E0,0.E0,0.E0));
#7810=DIRECTION('',(-1.E0,0.E0,0.E0));
#7811=DIRECTION('',(0.E0,0.E0,1.E0));
#7812=AXIS2_PLACEMENT_3D('',#7809,#7810,#7811);
#7813=CYLINDRICAL_SURFACE('',#7812,1.496666666667E1);
#7815=ORIENTED_EDGE('',*,*,#7814,.T.);
#7817=ORIENTED_EDGE('',*,*,#7816,.F.);
#7819=ORIENTED_EDGE('',*,*,#7818,.F.);
#7820=ORIENTED_EDGE('',*,*,#7798,.F.);
#7821=EDGE_LOOP('',(#7815,#7817,#7819,#7820));
#7822=FACE_OUTER_BOUND('',#7821,.F.);
#7823=ADVANCED_FACE('',(#7822),#7813,.F.);
#7824=CARTESIAN_POINT('',(0.E0,0.E0,0.E0));
#7825=DIRECTION('',(-1.E0,0.E0,0.E0));
#7826=DIRECTION('',(0.E0,0.E0,1.E0));
#7827=AXIS2_PLACEMENT_3D('',#7824,#7825,#7826);
#7828=CYLINDRICAL_SURFACE('',#7827,1.496666666667E1);
#7829=ORIENTED_EDGE('',*,*,#7800,.F.);
#7830=ORIENTED_EDGE('',*,*,#7818,.T.);
#7832=ORIENTED_EDGE('',*,*,#7831,.F.);
#7833=ORIENTED_EDGE('',*,*,#7814,.F.);
#7834=EDGE_LOOP('',(#7829,#7830,#7832,#7833));
#7835=FACE_OUTER_BOUND('',#7834,.F.);
#7836=ADVANCED_FACE('',(#7835),#7828,.F.);
#7837=CARTESIAN_POINT('',(-4.907631669530E0,0.E0,0.E0));
#7838=DIRECTION('',(1.E0,0.E0,0.E0));
#7839=DIRECTION('',(0.E0,0.E0,-1.E0));
#7840=AXIS2_PLACEMENT_3D('',#7837,#7838,#7839);
#7841=CONICAL_SURFACE('',#7840,1.476521709112E1,5.903624346793E1);
#7843=ORIENTED_EDGE('',*,*,#7842,.F.);
#7845=ORIENTED_EDGE('',*,*,#7844,.T.);
#7846=ORIENTED_EDGE('',*,*,#7831,.T.);
#7848=ORIENTED_EDGE('',*,*,#7847,.F.);
#7849=EDGE_LOOP('',(#7843,#7845,#7846,#7848));
#7850=FACE_OUTER_BOUND('',#7849,.F.);
#7851=ADVANCED_FACE('',(#7850),#7841,.F.);
#7852=CARTESIAN_POINT('',(-5.114250707431E0,0.E0,0.E0));
#7853=DIRECTION('',(-1.E0,0.E0,0.E0));
#7854=DIRECTION('',(0.E0,0.E0,1.E0));
#7855=AXIS2_PLACEMENT_3D('',#7852,#7853,#7854);
#7856=CONICAL_SURFACE('',#7855,1.461521709112E1,3.096375653207E1);
#7857=ORIENTED_EDGE('',*,*,#7842,.T.);
#7859=ORIENTED_EDGE('',*,*,#7858,.T.);
#7861=ORIENTED_EDGE('',*,*,#7860,.F.);
#7863=ORIENTED_EDGE('',*,*,#7862,.F.);
#7864=EDGE_LOOP('',(#7857,#7859,#7861,#7863));
#7865=FACE_OUTER_BOUND('',#7864,.F.);
#7866=ADVANCED_FACE('',(#7865),#7856,.F.);
#7867=CARTESIAN_POINT('',(-5.114250707431E0,0.E0,0.E0));
#7868=DIRECTION('',(-1.E0,0.E0,0.E0));
#7869=DIRECTION('',(0.E0,0.E0,1.E0));
#7870=AXIS2_PLACEMENT_3D('',#7867,#7868,#7869);
#7871=CONICAL_SURFACE('',#7870,1.461521709112E1,3.096375653207E1);
#7872=ORIENTED_EDGE('',*,*,#7862,.T.);
#7874=ORIENTED_EDGE('',*,*,#7873,.F.);
#7875=ORIENTED_EDGE('',*,*,#7858,.F.);
#7877=ORIENTED_EDGE('',*,*,#7876,.T.);
#7878=EDGE_LOOP('',(#7872,#7874,#7875,#7877));
#7879=FACE_OUTER_BOUND('',#7878,.F.);
#7880=ADVANCED_FACE('',(#7879),#7871,.F.);
#7881=CARTESIAN_POINT('',(-5.05E0,0.E0,0.E0));
#7882=DIRECTION('',(1.E0,0.E0,0.E0));
#7883=DIRECTION('',(0.E0,0.E0,-1.E0));
#7884=AXIS2_PLACEMENT_3D('',#7881,#7882,#7883);
#7885=CONICAL_SURFACE('',#7884,1.491666666667E1,5.903624346793E1);
#7886=ORIENTED_EDGE('',*,*,#7873,.T.);
#7888=ORIENTED_EDGE('',*,*,#7887,.T.);
#7890=ORIENTED_EDGE('',*,*,#7889,.T.);
#7892=ORIENTED_EDGE('',*,*,#7891,.F.);
#7893=EDGE_LOOP('',(#7886,#7888,#7890,#7892));
#7894=FACE_OUTER_BOUND('',#7893,.F.);
#7895=ADVANCED_FACE('',(#7894),#7885,.T.);
#7896=CARTESIAN_POINT('',(-5.05E0,0.E0,0.E0));
#7897=DIRECTION('',(1.E0,0.E0,0.E0));
#7898=DIRECTION('',(0.E0,0.E0,-1.E0));
#7899=AXIS2_PLACEMENT_3D('',#7896,#7897,#7898);
#7900=CONICAL_SURFACE('',#7899,1.491666666667E1,5.903624346793E1);
#7901=ORIENTED_EDGE('',*,*,#7891,.T.);
#7903=ORIENTED_EDGE('',*,*,#7902,.T.);
#7904=ORIENTED_EDGE('',*,*,#7887,.F.);
#7905=ORIENTED_EDGE('',*,*,#7860,.T.);
#7906=EDGE_LOOP('',(#7901,#7903,#7904,#7905));
#7907=FACE_OUTER_BOUND('',#7906,.F.);
#7908=ADVANCED_FACE('',(#7907),#7900,.T.);
#7909=CARTESIAN_POINT('',(0.E0,0.E0,0.E0));
#7910=DIRECTION('',(-1.E0,0.E0,0.E0));
#7911=DIRECTION('',(0.E0,0.E0,1.E0));
#7912=AXIS2_PLACEMENT_3D('',#7909,#7910,#7911);
#7913=CYLINDRICAL_SURFACE('',#7912,1.516666666667E1);
#7915=ORIENTED_EDGE('',*,*,#7914,.T.);
#7916=ORIENTED_EDGE('',*,*,#7902,.F.);
#7918=ORIENTED_EDGE('',*,*,#7917,.F.);
#7920=ORIENTED_EDGE('',*,*,#7919,.F.);
#7921=EDGE_LOOP('',(#7915,#7916,#7918,#7920));
#7922=FACE_OUTER_BOUND('',#7921,.F.);
#7923=ADVANCED_FACE('',(#7922),#7913,.T.);
#7924=CARTESIAN_POINT('',(0.E0,0.E0,0.E0));
#7925=DIRECTION('',(-1.E0,0.E0,0.E0));
#7926=DIRECTION('',(0.E0,0.E0,1.E0));
#7927=AXIS2_PLACEMENT_3D('',#7924,#7925,#7926);
#7928=CYLINDRICAL_SURFACE('',#7927,1.516666666667E1);
#7930=ORIENTED_EDGE('',*,*,#7929,.F.);
#7931=ORIENTED_EDGE('',*,*,#7917,.T.);
#7932=ORIENTED_EDGE('',*,*,#7889,.F.);
#7933=ORIENTED_EDGE('',*,*,#7914,.F.);
#7934=EDGE_LOOP('',(#7930,#7931,#7932,#7933));
#7935=FACE_OUTER_BOUND('',#7934,.F.);
#7936=ADVANCED_FACE('',(#7935),#7928,.T.);
#7937=CARTESIAN_POINT('',(-4.3E0,1.516666666667E1,0.E0));
#7938=DIRECTION('',(1.E0,0.E0,0.E0));
#7939=DIRECTION('',(0.E0,0.E0,-1.E0));
#7940=AXIS2_PLACEMENT_3D('',#7937,#7938,#7939);
#7941=PLANE('',#7940);
#7942=ORIENTED_EDGE('',*,*,#7929,.T.);
#7943=ORIENTED_EDGE('',*,*,#7919,.T.);
#7944=EDGE_LOOP('',(#7942,#7943));
#7945=FACE_OUTER_BOUND('',#7944,.F.);
#7947=ORIENTED_EDGE('',*,*,#7946,.T.);
#7949=ORIENTED_EDGE('',*,*,#7948,.T.);
#7950=EDGE_LOOP('',(#7947,#7949));
#7951=FACE_BOUND('',#7950,.F.);
#7952=ADVANCED_FACE('',(#7945,#7951),#7941,.T.);
#7953=CARTESIAN_POINT('',(-4.5E0,0.E0,0.E0));
#7954=DIRECTION('',(-1.E0,0.E0,0.E0));
#7955=DIRECTION('',(0.E0,0.E0,1.E0));
#7956=AXIS2_PLACEMENT_3D('',#7953,#7954,#7955);
#7957=TOROIDAL_SURFACE('',#7956,1.425404991841E1,2.E-1);
#7959=ORIENTED_EDGE('',*,*,#7958,.T.);
#7961=ORIENTED_EDGE('',*,*,#7960,.T.);
#7962=ORIENTED_EDGE('',*,*,#7946,.F.);
#7964=ORIENTED_EDGE('',*,*,#7963,.F.);
#7965=EDGE_LOOP('',(#7959,#7961,#7962,#7964));
#7966=FACE_OUTER_BOUND('',#7965,.F.);
#7967=ADVANCED_FACE('',(#7966),#7957,.T.);
#7968=CARTESIAN_POINT('',(-4.75E0,0.E0,0.E0));
#7969=DIRECTION('',(1.E0,0.E0,0.E0));
#7970=DIRECTION('',(0.E0,0.E0,-1.E0));
#7971=AXIS2_PLACEMENT_3D('',#7968,#7969,#7970);
#7972=CONICAL_SURFACE('',#7971,1.375E1,4.279740183823E1);
#7974=ORIENTED_EDGE('',*,*,#7973,.T.);
#7975=ORIENTED_EDGE('',*,*,#7958,.F.);
#7977=ORIENTED_EDGE('',*,*,#7976,.F.);
#7979=ORIENTED_EDGE('',*,*,#7978,.F.);
#7980=EDGE_LOOP('',(#7974,#7975,#7977,#7979));
#7981=FACE_OUTER_BOUND('',#7980,.F.);
#7982=ADVANCED_FACE('',(#7981),#7972,.F.);
#7983=CARTESIAN_POINT('',(-4.75E0,0.E0,0.E0));
#7984=DIRECTION('',(1.E0,0.E0,0.E0));
#7985=DIRECTION('',(0.E0,0.E0,-1.E0));
#7986=AXIS2_PLACEMENT_3D('',#7983,#7984,#7985);
#7987=CONICAL_SURFACE('',#7986,1.375E1,4.279740183823E1);
#7989=ORIENTED_EDGE('',*,*,#7988,.F.);
#7990=ORIENTED_EDGE('',*,*,#7976,.T.);
#7992=ORIENTED_EDGE('',*,*,#7991,.F.);
#7993=ORIENTED_EDGE('',*,*,#7973,.F.);
#7994=EDGE_LOOP('',(#7989,#7990,#7992,#7993));
#7995=FACE_OUTER_BOUND('',#7994,.F.);
#7996=ADVANCED_FACE('',(#7995),#7987,.F.);
#7997=CARTESIAN_POINT('',(-5.E0,0.E0,0.E0));
#7998=DIRECTION('',(-1.E0,0.E0,0.E0));
#7999=DIRECTION('',(0.E0,0.E0,1.E0));
#8000=AXIS2_PLACEMENT_3D('',#7997,#7998,#7999);
#8001=TOROIDAL_SURFACE('',#8000,1.324595008159E1,2.E-1);
#8002=ORIENTED_EDGE('',*,*,#7988,.T.);
#8004=ORIENTED_EDGE('',*,*,#8003,.T.);
#8006=ORIENTED_EDGE('',*,*,#8005,.F.);
#8008=ORIENTED_EDGE('',*,*,#8007,.F.);
#8009=EDGE_LOOP('',(#8002,#8004,#8006,#8008));
#8010=FACE_OUTER_BOUND('',#8009,.F.);
#8011=ADVANCED_FACE('',(#8010),#8001,.F.);
#8012=CARTESIAN_POINT('',(-5.E0,0.E0,0.E0));
#8013=DIRECTION('',(-1.E0,0.E0,0.E0));
#8014=DIRECTION('',(0.E0,0.E0,1.E0));
#8015=AXIS2_PLACEMENT_3D('',#8012,#8013,#8014);
#8016=TOROIDAL_SURFACE('',#8015,1.324595008159E1,2.E-1);
#8017=ORIENTED_EDGE('',*,*,#8007,.T.);
#8019=ORIENTED_EDGE('',*,*,#8018,.F.);
#8020=ORIENTED_EDGE('',*,*,#8003,.F.);
#8021=ORIENTED_EDGE('',*,*,#7978,.T.);
#8022=EDGE_LOOP('',(#8017,#8019,#8020,#8021));
#8023=FACE_OUTER_BOUND('',#8022,.F.);
#8024=ADVANCED_FACE('',(#8023),#8016,.F.);
#8025=CARTESIAN_POINT('',(-5.2E0,1.324595008159E1,0.E0));
#8026=DIRECTION('',(1.E0,0.E0,0.E0));
#8027=DIRECTION('',(0.E0,0.E0,-1.E0));
#8028=AXIS2_PLACEMENT_3D('',#8025,#8026,#8027);
#8029=PLANE('',#8028);
#8030=ORIENTED_EDGE('',*,*,#8018,.T.);
#8031=ORIENTED_EDGE('',*,*,#8005,.T.);
#8032=EDGE_LOOP('',(#8030,#8031));
#8033=FACE_OUTER_BOUND('',#8032,.F.);
#8035=ORIENTED_EDGE('',*,*,#8034,.T.);
#8037=ORIENTED_EDGE('',*,*,#8036,.T.);
#8038=EDGE_LOOP('',(#8035,#8037));
#8039=FACE_BOUND('',#8038,.F.);
#8040=ADVANCED_FACE('',(#8033,#8039),#8029,.T.);
#8041=CARTESIAN_POINT('',(-5.E0,0.E0,0.E0));
#8042=DIRECTION('',(-1.E0,0.E0,0.E0));
#8043=DIRECTION('',(0.E0,0.E0,1.E0));
#8044=AXIS2_PLACEMENT_3D('',#8041,#8042,#8043);
#8045=TOROIDAL_SURFACE('',#8044,1.103333333333E1,2.E-1);
#8047=ORIENTED_EDGE('',*,*,#8046,.T.);
#8049=ORIENTED_EDGE('',*,*,#8048,.T.);
#8051=ORIENTED_EDGE('',*,*,#8050,.F.);
#8052=ORIENTED_EDGE('',*,*,#8034,.F.);
#8053=EDGE_LOOP('',(#8047,#8049,#8051,#8052));
#8054=FACE_OUTER_BOUND('',#8053,.F.);
#8055=ADVANCED_FACE('',(#8054),#8045,.F.);
#8056=CARTESIAN_POINT('',(-5.E0,0.E0,0.E0));
#8057=DIRECTION('',(-1.E0,0.E0,0.E0));
#8058=DIRECTION('',(0.E0,0.E0,1.E0));
#8059=AXIS2_PLACEMENT_3D('',#8056,#8057,#8058);
#8060=TOROIDAL_SURFACE('',#8059,1.103333333333E1,2.E-1);
#8061=ORIENTED_EDGE('',*,*,#8036,.F.);
#8062=ORIENTED_EDGE('',*,*,#8050,.T.);
#8064=ORIENTED_EDGE('',*,*,#8063,.T.);
#8065=ORIENTED_EDGE('',*,*,#8046,.F.);
#8066=EDGE_LOOP('',(#8061,#8062,#8064,#8065));
#8067=FACE_OUTER_BOUND('',#8066,.F.);
#8068=ADVANCED_FACE('',(#8067),#8060,.F.);
#8069=CARTESIAN_POINT('',(0.E0,0.E0,0.E0));
#8070=DIRECTION('',(-1.E0,0.E0,0.E0));
#8071=DIRECTION('',(0.E0,0.E0,1.E0));
#8072=AXIS2_PLACEMENT_3D('',#8069,#8070,#8071);
#8073=CYLINDRICAL_SURFACE('',#8072,1.083333333333E1);
#8075=ORIENTED_EDGE('',*,*,#8074,.T.);
#8076=ORIENTED_EDGE('',*,*,#8063,.F.);
#8078=ORIENTED_EDGE('',*,*,#8077,.F.);
#8080=ORIENTED_EDGE('',*,*,#8079,.F.);
#8081=EDGE_LOOP('',(#8075,#8076,#8078,#8080));
#8082=FACE_OUTER_BOUND('',#8081,.F.);
#8083=ADVANCED_FACE('',(#8082),#8073,.T.);
#8084=CARTESIAN_POINT('',(0.E0,0.E0,0.E0));
#8085=DIRECTION('',(-1.E0,0.E0,0.E0));
#8086=DIRECTION('',(0.E0,0.E0,1.E0));
#8087=AXIS2_PLACEMENT_3D('',#8084,#8085,#8086);
#8088=CYLINDRICAL_SURFACE('',#8087,1.083333333333E1);
#8090=ORIENTED_EDGE('',*,*,#8089,.F.);
#8091=ORIENTED_EDGE('',*,*,#8077,.T.);
#8092=ORIENTED_EDGE('',*,*,#8048,.F.);
#8093=ORIENTED_EDGE('',*,*,#8074,.F.);
#8094=EDGE_LOOP('',(#8090,#8091,#8092,#8093));
#8095=FACE_OUTER_BOUND('',#8094,.F.);
#8096=ADVANCED_FACE('',(#8095),#8088,.T.);
#8097=CARTESIAN_POINT('',(-4.3E0,1.083333333333E1,0.E0));
#8098=DIRECTION('',(1.E0,0.E0,0.E0));
#8099=DIRECTION('',(0.E0,0.E0,-1.E0));
#8100=AXIS2_PLACEMENT_3D('',#8097,#8098,#8099);
#8101=PLANE('',#8100);
#8102=ORIENTED_EDGE('',*,*,#8089,.T.);
#8103=ORIENTED_EDGE('',*,*,#8079,.T.);
#8104=EDGE_LOOP('',(#8102,#8103));
#8105=FACE_OUTER_BOUND('',#8104,.F.);
#8107=ORIENTED_EDGE('',*,*,#8106,.T.);
#8109=ORIENTED_EDGE('',*,*,#8108,.T.);
#8110=EDGE_LOOP('',(#8107,#8109));
#8111=FACE_BOUND('',#8110,.F.);
#8112=ADVANCED_FACE('',(#8105,#8111),#8101,.T.);
#8113=CARTESIAN_POINT('',(0.E0,0.E0,0.E0));
#8114=DIRECTION('',(-1.E0,0.E0,0.E0));
#8115=DIRECTION('',(0.E0,0.E0,1.E0));
#8116=AXIS2_PLACEMENT_3D('',#8113,#8114,#8115);
#8117=CYLINDRICAL_SURFACE('',#8116,1.063333333333E1);
#8119=ORIENTED_EDGE('',*,*,#8118,.T.);
#8120=ORIENTED_EDGE('',*,*,#7727,.F.);
#8122=ORIENTED_EDGE('',*,*,#8121,.F.);
#8123=ORIENTED_EDGE('',*,*,#8106,.F.);
#8124=EDGE_LOOP('',(#8119,#8120,#8122,#8123));
#8125=FACE_OUTER_BOUND('',#8124,.F.);
#8126=ADVANCED_FACE('',(#8125),#8117,.F.);
#8127=CARTESIAN_POINT('',(0.E0,0.E0,0.E0));
#8128=DIRECTION('',(-1.E0,0.E0,0.E0));
#8129=DIRECTION('',(0.E0,0.E0,1.E0));
#8130=AXIS2_PLACEMENT_3D('',#8127,#8128,#8129);
#8131=CYLINDRICAL_SURFACE('',#8130,1.063333333333E1);
#8132=ORIENTED_EDGE('',*,*,#8108,.F.);
#8133=ORIENTED_EDGE('',*,*,#8121,.T.);
#8134=ORIENTED_EDGE('',*,*,#7710,.F.);
#8135=ORIENTED_EDGE('',*,*,#8118,.F.);
#8136=EDGE_LOOP('',(#8132,#8133,#8134,#8135));
#8137=FACE_OUTER_BOUND('',#8136,.F.);
#8138=ADVANCED_FACE('',(#8137),#8131,.F.);
#8139=CARTESIAN_POINT('',(-4.5E0,0.E0,0.E0));
#8140=DIRECTION('',(-1.E0,0.E0,0.E0));
#8141=DIRECTION('',(0.E0,0.E0,1.E0));
#8142=AXIS2_PLACEMENT_3D('',#8139,#8140,#8141);
#8143=TOROIDAL_SURFACE('',#8142,1.425404991841E1,2.E-1);
#8144=ORIENTED_EDGE('',*,*,#7963,.T.);
#8145=ORIENTED_EDGE('',*,*,#7948,.F.);
#8146=ORIENTED_EDGE('',*,*,#7960,.F.);
#8147=ORIENTED_EDGE('',*,*,#7991,.T.);
#8148=EDGE_LOOP('',(#8144,#8145,#8146,#8147));
#8149=FACE_OUTER_BOUND('',#8148,.F.);
#8150=ADVANCED_FACE('',(#8149),#8143,.T.);
#8151=CARTESIAN_POINT('',(-4.907631669530E0,0.E0,0.E0));
#8152=DIRECTION('',(1.E0,0.E0,0.E0));
#8153=DIRECTION('',(0.E0,0.E0,-1.E0));
#8154=AXIS2_PLACEMENT_3D('',#8151,#8152,#8153);
#8155=CONICAL_SURFACE('',#8154,1.476521709112E1,5.903624346793E1);
#8156=ORIENTED_EDGE('',*,*,#7847,.T.);
#8157=ORIENTED_EDGE('',*,*,#7816,.T.);
#8158=ORIENTED_EDGE('',*,*,#7844,.F.);
#8159=ORIENTED_EDGE('',*,*,#7876,.F.);
#8160=EDGE_LOOP('',(#8156,#8157,#8158,#8159));
#8161=FACE_OUTER_BOUND('',#8160,.F.);
#8162=ADVANCED_FACE('',(#8161),#8155,.F.);
#8163=CARTESIAN_POINT('',(-5.E0,0.E0,0.E0));
#8164=DIRECTION('',(-1.E0,0.E0,0.E0));
#8165=DIRECTION('',(0.E0,0.E0,1.E0));
#8166=AXIS2_PLACEMENT_3D('',#8163,#8164,#8165);
#8167=TOROIDAL_SURFACE('',#8166,1.324595008159E1,4.E-1);
#8168=ORIENTED_EDGE('',*,*,#7759,.T.);
#8169=ORIENTED_EDGE('',*,*,#7740,.F.);
#8170=ORIENTED_EDGE('',*,*,#7756,.F.);
#8171=ORIENTED_EDGE('',*,*,#7788,.T.);
#8172=EDGE_LOOP('',(#8168,#8169,#8170,#8171));
#8173=FACE_OUTER_BOUND('',#8172,.F.);
#8174=ADVANCED_FACE('',(#8173),#8167,.T.);
#8175=CLOSED_SHELL('',(#7718,#7732,#7748,#7763,#7778,#7792,#7808,#7823,#7836,
#7851,#7866,#7880,#7895,#7908,#7923,#7936,#7952,#7967,#7982,#7996,#8011,#8024,
#8040,#8055,#8068,#8083,#8096,#8112,#8126,#8138,#8150,#8162,#8174));
#8176=MANIFOLD_SOLID_BREP('',#8175);
#8177=PRESENTATION_LAYER_ASSIGNMENT('INTFCLR_2771_9','',(#7718,#7732,#7748,
#7763,#7778,#7792,#7808,#7823,#7836,#7851,#7866,#7880,#7895,#7908,#7923,#7936,
#7952,#7967,#7982,#7996,#8011,#8024,#8040,#8055,#8068,#8083,#8096,#8112,#8126,
#8138,#8150,#8162,#8174,#8176));
#8178=PRESENTATION_LAYER_ASSIGNMENT('NONE_7_1','',(#7718,#7732,#7748,#7763,
#7778,#7792,#7808,#7823,#7836,#7851,#7866,#7880,#7895,#7908,#7923,#7936,#7952,
#7967,#7982,#7996,#8011,#8024,#8040,#8055,#8068,#8083,#8096,#8112,#8126,#8138,
#8150,#8162,#8174,#8176));
#8180=DIMENSIONAL_EXPONENTS(0.E0,0.E0,0.E0,0.E0,0.E0,0.E0,0.E0);
#8182=PLANE_ANGLE_MEASURE_WITH_UNIT(PLANE_ANGLE_MEASURE(1.745329251994E-2),
#8181);
#8183=(CONVERSION_BASED_UNIT('DEGREE',#8182)NAMED_UNIT(*)PLANE_ANGLE_UNIT());
#8185=UNCERTAINTY_MEASURE_WITH_UNIT(LENGTH_MEASURE(5.E-3),#8179,'closure',
'Maximum model space distance between geometric entities at asserted connectivities');
#8186=(GEOMETRIC_REPRESENTATION_CONTEXT(3)GLOBAL_UNCERTAINTY_ASSIGNED_CONTEXT((
#8185))GLOBAL_UNIT_ASSIGNED_CONTEXT((#8179,#8183,#8184))REPRESENTATION_CONTEXT(
'ID5','3'));
#8187=CARTESIAN_POINT('',(0.E0,0.E0,0.E0));
#8188=DIRECTION('',(0.E0,0.E0,1.E0));
#8189=DIRECTION('',(1.E0,0.E0,0.E0));
#8192=DESIGN_CONTEXT('',#329,'design');
#8193=MECHANICAL_CONTEXT('',#329,'mechanical');
#8194=PRODUCT('_1_2_3_4000_1-10724','_1_2_3_4000_1-10724','NOT SPECIFIED',
(#8193));
#8195=PRODUCT_DEFINITION_FORMATION_WITH_SPECIFIED_SOURCE('1','LAST_VERSION',
#8194,.MADE.);
#8201=CARTESIAN_POINT('',(0.E0,0.E0,0.E0));
#8202=DIRECTION('',(0.E0,0.E0,1.E0));
#8203=DIRECTION('',(1.E0,0.E0,0.E0));
#8204=AXIS2_PLACEMENT_3D('',#8201,#8202,#8203);
#8205=ITEM_DEFINED_TRANSFORMATION('','',#8190,#8204);
#8206=CARTESIAN_POINT('',(0.E0,0.E0,0.E0));
#8207=DIRECTION('',(0.E0,0.E0,1.E0));
#8208=DIRECTION('',(1.E0,0.E0,0.E0));
#8210=(REPRESENTATION_RELATIONSHIP('','',#8191,#340)REPRESENTATION_RELATIONSHIP_WITH_TRANSFORMATION(#8205)SHAPE_REPRESENTATION_RELATIONSHIP());
#8211=CONTEXT_DEPENDENT_SHAPE_REPRESENTATION(#8210,#8200);
#8212=CARTESIAN_POINT('',(0.E0,-1.174615775982E1,4.275251791571E0));
#8213=DIRECTION('',(0.E0,3.420201433257E-1,9.396926207859E-1));
#8214=DIRECTION('',(0.E0,9.396926207859E-1,-3.420201433257E-1));
#8215=AXIS2_PLACEMENT_3D('',#8212,#8213,#8214);
#8217=CARTESIAN_POINT('',(0.E0,-1.174615775982E1,4.275251791571E0));
#8218=DIRECTION('',(0.E0,-9.396926207859E-1,3.420201433257E-1));
#8219=DIRECTION('',(-1.E0,0.E0,0.E0));
#8220=AXIS2_PLACEMENT_3D('',#8217,#8218,#8219);
#8222=CARTESIAN_POINT('',(0.E0,-1.174615775982E1,4.275251791571E0));
#8223=DIRECTION('',(0.E0,-3.420201433257E-1,-9.396926207859E-1));
#8224=DIRECTION('',(0.E0,9.396926207859E-1,-3.420201433257E-1));
#8225=AXIS2_PLACEMENT_3D('',#8222,#8223,#8224);
#8227=CARTESIAN_POINT('',(0.E0,-1.174615775982E1,4.275251791571E0));
#8228=DIRECTION('',(0.E0,-9.396926207859E-1,3.420201433257E-1));
#8229=DIRECTION('',(0.E0,3.420201433257E-1,9.396926207859E-1));
#8230=AXIS2_PLACEMENT_3D('',#8227,#8228,#8229);
#8232=CARTESIAN_POINT('',(0.E0,-1.174615775982E1,4.275251791571E0));
#8233=DIRECTION('',(0.E0,-3.420201433257E-1,-9.396926207859E-1));
#8234=DIRECTION('',(1.E0,0.E0,0.E0));
#8235=AXIS2_PLACEMENT_3D('',#8232,#8233,#8234);
#8237=CARTESIAN_POINT('',(0.E0,-1.174615775982E1,4.275251791571E0));
#8238=DIRECTION('',(0.E0,9.396926207859E-1,-3.420201433257E-1));
#8239=DIRECTION('',(0.E0,3.420201433257E-1,9.396926207859E-1));
#8240=AXIS2_PLACEMENT_3D('',#8237,#8238,#8239);
#8242=CARTESIAN_POINT('',(0.E0,-1.174615775982E1,4.275251791571E0));
#8243=DIRECTION('',(0.E0,3.420201433257E-1,9.396926207859E-1));
#8244=DIRECTION('',(-1.E0,0.E0,0.E0));
#8245=AXIS2_PLACEMENT_3D('',#8242,#8243,#8244);
#8247=CARTESIAN_POINT('',(0.E0,-1.174615775982E1,4.275251791571E0));
#8248=DIRECTION('',(0.E0,9.396926207859E-1,-3.420201433257E-1));
#8249=DIRECTION('',(1.E0,0.E0,0.E0));
#8250=AXIS2_PLACEMENT_3D('',#8247,#8248,#8249);
#8252=CARTESIAN_POINT('',(0.E0,-8.851904487799E0,3.221829750128E0));
#8253=CARTESIAN_POINT('',(-3.08E0,-1.174615775982E1,4.275251791571E0));
#8254=VERTEX_POINT('',#8252);
#8255=VERTEX_POINT('',#8253);
#8256=CARTESIAN_POINT('',(0.E0,-1.279957980126E1,1.380998519550E0));
#8257=VERTEX_POINT('',#8256);
#8258=CARTESIAN_POINT('',(3.08E0,-1.174615775982E1,4.275251791571E0));
#8259=VERTEX_POINT('',#8258);
#8260=CARTESIAN_POINT('',(0.E0,-1.069273571838E1,7.169505063592E0));
#8261=VERTEX_POINT('',#8260);
#8262=CARTESIAN_POINT('',(0.E0,-1.464041103184E1,5.328673833014E0));
#8263=VERTEX_POINT('',#8262);
#8264=CARTESIAN_POINT('',(0.E0,-1.174615775982E1,4.275251791571E0));
#8265=DIRECTION('',(0.E0,3.420201433257E-1,9.396926207859E-1));
#8266=DIRECTION('',(1.E0,0.E0,0.E0));
#8267=AXIS2_PLACEMENT_3D('',#8264,#8265,#8266);
#8268=SPHERICAL_SURFACE('',#8267,3.08E0);
#8270=ORIENTED_EDGE('',*,*,#8269,.T.);
#8272=ORIENTED_EDGE('',*,*,#8271,.T.);
#8274=ORIENTED_EDGE('',*,*,#8273,.F.);
#8276=ORIENTED_EDGE('',*,*,#8275,.F.);
#8277=EDGE_LOOP('',(#8270,#8272,#8274,#8276));
#8278=FACE_OUTER_BOUND('',#8277,.F.);
#8279=ADVANCED_FACE('',(#8278),#8268,.T.);
#8280=CARTESIAN_POINT('',(0.E0,-1.174615775982E1,4.275251791571E0));
#8281=DIRECTION('',(0.E0,3.420201433257E-1,9.396926207859E-1));
#8282=DIRECTION('',(1.E0,0.E0,0.E0));
#8283=AXIS2_PLACEMENT_3D('',#8280,#8281,#8282);
#8284=SPHERICAL_SURFACE('',#8283,3.08E0);
#8285=ORIENTED_EDGE('',*,*,#8275,.T.);
#8287=ORIENTED_EDGE('',*,*,#8286,.F.);
#8289=ORIENTED_EDGE('',*,*,#8288,.T.);
#8290=ORIENTED_EDGE('',*,*,#8269,.F.);
#8291=EDGE_LOOP('',(#8285,#8287,#8289,#8290));
#8292=FACE_OUTER_BOUND('',#8291,.F.);
#8293=ADVANCED_FACE('',(#8292),#8284,.T.);
#8294=CARTESIAN_POINT('',(0.E0,-1.174615775982E1,4.275251791571E0));
#8295=DIRECTION('',(0.E0,3.420201433257E-1,9.396926207859E-1));
#8296=DIRECTION('',(1.E0,0.E0,0.E0));
#8297=AXIS2_PLACEMENT_3D('',#8294,#8295,#8296);
#8298=SPHERICAL_SURFACE('',#8297,3.08E0);
#8300=ORIENTED_EDGE('',*,*,#8299,.T.);
#8302=ORIENTED_EDGE('',*,*,#8301,.F.);
#8303=ORIENTED_EDGE('',*,*,#8288,.F.);
#8304=ORIENTED_EDGE('',*,*,#8286,.T.);
#8305=EDGE_LOOP('',(#8300,#8302,#8303,#8304));
#8306=FACE_OUTER_BOUND('',#8305,.F.);
#8307=ADVANCED_FACE('',(#8306),#8298,.T.);
#8308=CARTESIAN_POINT('',(0.E0,-1.174615775982E1,4.275251791571E0));
#8309=DIRECTION('',(0.E0,3.420201433257E-1,9.396926207859E-1));
#8310=DIRECTION('',(1.E0,0.E0,0.E0));
#8311=AXIS2_PLACEMENT_3D('',#8308,#8309,#8310);
#8312=SPHERICAL_SURFACE('',#8311,3.08E0);
#8313=ORIENTED_EDGE('',*,*,#8301,.T.);
#8314=ORIENTED_EDGE('',*,*,#8299,.F.);
#8315=ORIENTED_EDGE('',*,*,#8273,.T.);
#8316=ORIENTED_EDGE('',*,*,#8271,.F.);
#8317=EDGE_LOOP('',(#8313,#8314,#8315,#8316));
#8318=FACE_OUTER_BOUND('',#8317,.F.);
#8319=ADVANCED_FACE('',(#8318),#8312,.T.);
#8320=CLOSED_SHELL('',(#8279,#8293,#8307,#8319));
#8321=MANIFOLD_SOLID_BREP('',#8320);
#8322=PRESENTATION_LAYER_ASSIGNMENT('INTFCLR_2771_10','',(#8279,#8293,#8307,
#8319,#8321));
#8323=PRESENTATION_LAYER_ASSIGNMENT('NONE_11','',(#8279,#8293,#8307,#8319,
#8321));
#8325=DIMENSIONAL_EXPONENTS(0.E0,0.E0,0.E0,0.E0,0.E0,0.E0,0.E0);
#8327=PLANE_ANGLE_MEASURE_WITH_UNIT(PLANE_ANGLE_MEASURE(1.745329251994E-2),
#8326);
#8328=(CONVERSION_BASED_UNIT('DEGREE',#8327)NAMED_UNIT(*)PLANE_ANGLE_UNIT());
#8330=UNCERTAINTY_MEASURE_WITH_UNIT(LENGTH_MEASURE(5.E-3),#8324,'closure',
'Maximum model space distance between geometric entities at asserted connectivities');
#8331=(GEOMETRIC_REPRESENTATION_CONTEXT(3)GLOBAL_UNCERTAINTY_ASSIGNED_CONTEXT((
#8330))GLOBAL_UNIT_ASSIGNED_CONTEXT((#8324,#8328,#8329))REPRESENTATION_CONTEXT(
'ID6','3'));
#8332=CARTESIAN_POINT('',(0.E0,0.E0,0.E0));
#8333=DIRECTION('',(0.E0,0.E0,1.E0));
#8334=DIRECTION('',(1.E0,0.E0,0.E0));
#8337=MECHANICAL_CONTEXT('',#329,'mechanical');
#8338=PRODUCT('_4__1_2_3_4000_1','_4__1_2_3_4000_1','NOT SPECIFIED',(#8337));
#8339=PRODUCT_DEFINITION_FORMATION_WITH_SPECIFIED_SOURCE('1','LAST_VERSION',
#8338,.MADE.);
#8345=CARTESIAN_POINT('',(0.E0,0.E0,0.E0));
#8346=DIRECTION('',(0.E0,0.E0,1.E0));
#8347=DIRECTION('',(1.E0,0.E0,0.E0));
#8348=AXIS2_PLACEMENT_3D('',#8345,#8346,#8347);
#8349=ITEM_DEFINED_TRANSFORMATION('','',#8335,#8348);
#8350=CARTESIAN_POINT('',(0.E0,0.E0,0.E0));
#8351=DIRECTION('',(0.E0,0.E0,1.E0));
#8352=DIRECTION('',(1.E0,0.E0,0.E0));
#8354=(REPRESENTATION_RELATIONSHIP('','',#8336,#340)REPRESENTATION_RELATIONSHIP_WITH_TRANSFORMATION(#8349)SHAPE_REPRESENTATION_RELATIONSHIP());
#8355=CONTEXT_DEPENDENT_SHAPE_REPRESENTATION(#8354,#8344);
#8356=CARTESIAN_POINT('',(0.E0,-6.25E0,1.082531754731E1));
#8357=DIRECTION('',(0.E0,8.660254037844E-1,5.E-1));
#8358=DIRECTION('',(0.E0,5.E-1,-8.660254037844E-1));
#8359=AXIS2_PLACEMENT_3D('',#8356,#8357,#8358);
#8361=CARTESIAN_POINT('',(0.E0,-6.25E0,1.082531754731E1));
#8362=DIRECTION('',(0.E0,-5.E-1,8.660254037844E-1));
#8363=DIRECTION('',(-1.E0,0.E0,0.E0));
#8364=AXIS2_PLACEMENT_3D('',#8361,#8362,#8363);
#8366=CARTESIAN_POINT('',(0.E0,-6.25E0,1.082531754731E1));
#8367=DIRECTION('',(0.E0,-8.660254037844E-1,-5.E-1));
#8368=DIRECTION('',(0.E0,5.E-1,-8.660254037844E-1));
#8369=AXIS2_PLACEMENT_3D('',#8366,#8367,#8368);
#8371=CARTESIAN_POINT('',(0.E0,-6.25E0,1.082531754731E1));
#8372=DIRECTION('',(0.E0,-5.E-1,8.660254037844E-1));
#8373=DIRECTION('',(0.E0,8.660254037844E-1,5.E-1));
#8374=AXIS2_PLACEMENT_3D('',#8371,#8372,#8373);
#8376=CARTESIAN_POINT('',(0.E0,-6.25E0,1.082531754731E1));
#8377=DIRECTION('',(0.E0,-8.660254037844E-1,-5.E-1));
#8378=DIRECTION('',(1.E0,0.E0,0.E0));
#8379=AXIS2_PLACEMENT_3D('',#8376,#8377,#8378);
#8381=CARTESIAN_POINT('',(0.E0,-6.25E0,1.082531754731E1));
#8382=DIRECTION('',(0.E0,5.E-1,-8.660254037844E-1));
#8383=DIRECTION('',(0.E0,8.660254037844E-1,5.E-1));
#8384=AXIS2_PLACEMENT_3D('',#8381,#8382,#8383);
#8386=CARTESIAN_POINT('',(0.E0,-6.25E0,1.082531754731E1));
#8387=DIRECTION('',(0.E0,8.660254037844E-1,5.E-1));
#8388=DIRECTION('',(-1.E0,0.E0,0.E0));
#8389=AXIS2_PLACEMENT_3D('',#8386,#8387,#8388);
#8391=CARTESIAN_POINT('',(0.E0,-6.25E0,1.082531754731E1));
#8392=DIRECTION('',(0.E0,5.E-1,-8.660254037844E-1));
#8393=DIRECTION('',(1.E0,0.E0,0.E0));
#8394=AXIS2_PLACEMENT_3D('',#8391,#8392,#8393);
#8396=CARTESIAN_POINT('',(0.E0,-4.71E0,8.157959303654E0));
#8397=CARTESIAN_POINT('',(-3.08E0,-6.25E0,1.082531754731E1));
#8398=VERTEX_POINT('',#8396);
#8399=VERTEX_POINT('',#8397);
#8400=CARTESIAN_POINT('',(0.E0,-8.917358243656E0,9.285317547310E0));
#8401=VERTEX_POINT('',#8400);
#8402=CARTESIAN_POINT('',(3.08E0,-6.25E0,1.082531754731E1));
#8403=VERTEX_POINT('',#8402);
#8404=CARTESIAN_POINT('',(0.E0,-3.582641756344E0,1.236531754731E1));
#8405=VERTEX_POINT('',#8404);
#8406=CARTESIAN_POINT('',(0.E0,-7.79E0,1.349267579097E1));
#8407=VERTEX_POINT('',#8406);
#8408=CARTESIAN_POINT('',(0.E0,-6.25E0,1.082531754731E1));
#8409=DIRECTION('',(0.E0,8.660254037844E-1,5.E-1));
#8410=DIRECTION('',(1.E0,0.E0,0.E0));
#8411=AXIS2_PLACEMENT_3D('',#8408,#8409,#8410);
#8412=SPHERICAL_SURFACE('',#8411,3.08E0);
#8414=ORIENTED_EDGE('',*,*,#8413,.T.);
#8416=ORIENTED_EDGE('',*,*,#8415,.T.);
#8418=ORIENTED_EDGE('',*,*,#8417,.F.);
#8420=ORIENTED_EDGE('',*,*,#8419,.F.);
#8421=EDGE_LOOP('',(#8414,#8416,#8418,#8420));
#8422=FACE_OUTER_BOUND('',#8421,.F.);
#8423=ADVANCED_FACE('',(#8422),#8412,.T.);
#8424=CARTESIAN_POINT('',(0.E0,-6.25E0,1.082531754731E1));
#8425=DIRECTION('',(0.E0,8.660254037844E-1,5.E-1));
#8426=DIRECTION('',(1.E0,0.E0,0.E0));
#8427=AXIS2_PLACEMENT_3D('',#8424,#8425,#8426);
#8428=SPHERICAL_SURFACE('',#8427,3.08E0);
#8429=ORIENTED_EDGE('',*,*,#8419,.T.);
#8431=ORIENTED_EDGE('',*,*,#8430,.F.);
#8433=ORIENTED_EDGE('',*,*,#8432,.T.);
#8434=ORIENTED_EDGE('',*,*,#8413,.F.);
#8435=EDGE_LOOP('',(#8429,#8431,#8433,#8434));
#8436=FACE_OUTER_BOUND('',#8435,.F.);
#8437=ADVANCED_FACE('',(#8436),#8428,.T.);
#8438=CARTESIAN_POINT('',(0.E0,-6.25E0,1.082531754731E1));
#8439=DIRECTION('',(0.E0,8.660254037844E-1,5.E-1));
#8440=DIRECTION('',(1.E0,0.E0,0.E0));
#8441=AXIS2_PLACEMENT_3D('',#8438,#8439,#8440);
#8442=SPHERICAL_SURFACE('',#8441,3.08E0);
#8444=ORIENTED_EDGE('',*,*,#8443,.T.);
#8446=ORIENTED_EDGE('',*,*,#8445,.F.);
#8447=ORIENTED_EDGE('',*,*,#8432,.F.);
#8448=ORIENTED_EDGE('',*,*,#8430,.T.);
#8449=EDGE_LOOP('',(#8444,#8446,#8447,#8448));
#8450=FACE_OUTER_BOUND('',#8449,.F.);
#8451=ADVANCED_FACE('',(#8450),#8442,.T.);
#8452=CARTESIAN_POINT('',(0.E0,-6.25E0,1.082531754731E1));
#8453=DIRECTION('',(0.E0,8.660254037844E-1,5.E-1));
#8454=DIRECTION('',(1.E0,0.E0,0.E0));
#8455=AXIS2_PLACEMENT_3D('',#8452,#8453,#8454);
#8456=SPHERICAL_SURFACE('',#8455,3.08E0);
#8457=ORIENTED_EDGE('',*,*,#8445,.T.);
#8458=ORIENTED_EDGE('',*,*,#8443,.F.);
#8459=ORIENTED_EDGE('',*,*,#8417,.T.);
#8460=ORIENTED_EDGE('',*,*,#8415,.F.);
#8461=EDGE_LOOP('',(#8457,#8458,#8459,#8460));
#8462=FACE_OUTER_BOUND('',#8461,.F.);
#8463=ADVANCED_FACE('',(#8462),#8456,.T.);
#8464=CLOSED_SHELL('',(#8423,#8437,#8451,#8463));
#8465=MANIFOLD_SOLID_BREP('',#8464);
#8466=PRESENTATION_LAYER_ASSIGNMENT('INTFCLR_2771_6_1','',(#8423,#8437,#8451,
#8463,#8465));
#8467=PRESENTATION_LAYER_ASSIGNMENT('NONE_6','',(#8423,#8437,#8451,#8463,
#8465));
#8469=DIMENSIONAL_EXPONENTS(0.E0,0.E0,0.E0,0.E0,0.E0,0.E0,0.E0);
#8471=PLANE_ANGLE_MEASURE_WITH_UNIT(PLANE_ANGLE_MEASURE(1.745329251994E-2),
#8470);
#8472=(CONVERSION_BASED_UNIT('DEGREE',#8471)NAMED_UNIT(*)PLANE_ANGLE_UNIT());
#8474=UNCERTAINTY_MEASURE_WITH_UNIT(LENGTH_MEASURE(5.E-3),#8468,'closure',
'Maximum model space distance between geometric entities at asserted connectivities');
#8475=(GEOMETRIC_REPRESENTATION_CONTEXT(3)GLOBAL_UNCERTAINTY_ASSIGNED_CONTEXT((
#8474))GLOBAL_UNIT_ASSIGNED_CONTEXT((#8468,#8472,#8473))REPRESENTATION_CONTEXT(
'ID7','3'));
#8476=CARTESIAN_POINT('',(0.E0,0.E0,0.E0));
#8477=DIRECTION('',(0.E0,0.E0,1.E0));
#8478=DIRECTION('',(1.E0,0.E0,0.E0));
#8481=DESIGN_CONTEXT('',#329,'design');
#8482=MECHANICAL_CONTEXT('',#329,'mechanical');
#8483=PRODUCT('_3__1_2_3_4000_1','_3__1_2_3_4000_1','NOT SPECIFIED',(#8482));
#8484=PRODUCT_DEFINITION_FORMATION_WITH_SPECIFIED_SOURCE('1','LAST_VERSION',
#8483,.MADE.);
#8490=CARTESIAN_POINT('',(0.E0,0.E0,0.E0));
#8491=DIRECTION('',(0.E0,0.E0,1.E0));
#8492=DIRECTION('',(1.E0,0.E0,0.E0));
#8493=AXIS2_PLACEMENT_3D('',#8490,#8491,#8492);
#8494=ITEM_DEFINED_TRANSFORMATION('','',#8479,#8493);
#8495=CARTESIAN_POINT('',(0.E0,0.E0,0.E0));
#8496=DIRECTION('',(0.E0,0.E0,1.E0));
#8497=DIRECTION('',(1.E0,0.E0,0.E0));
#8499=(REPRESENTATION_RELATIONSHIP('','',#8480,#340)REPRESENTATION_RELATIONSHIP_WITH_TRANSFORMATION(#8494)SHAPE_REPRESENTATION_RELATIONSHIP());
#8500=CONTEXT_DEPENDENT_SHAPE_REPRESENTATION(#8499,#8489);
#8501=CARTESIAN_POINT('',(0.E0,9.575555538987E0,8.034845121082E0));
#8502=DIRECTION('',(0.E0,6.427876096865E-1,-7.660444431190E-1));
#8503=DIRECTION('',(0.E0,-7.660444431190E-1,-6.427876096865E-1));
#8504=AXIS2_PLACEMENT_3D('',#8501,#8502,#8503);
#8506=CARTESIAN_POINT('',(0.E0,9.575555538987E0,8.034845121082E0));
#8507=DIRECTION('',(0.E0,7.660444431190E-1,6.427876096865E-1));
#8508=DIRECTION('',(-1.E0,0.E0,0.E0));
#8509=AXIS2_PLACEMENT_3D('',#8506,#8507,#8508);
#8511=CARTESIAN_POINT('',(0.E0,9.575555538987E0,8.034845121082E0));
#8512=DIRECTION('',(0.E0,-6.427876096865E-1,7.660444431190E-1));
#8513=DIRECTION('',(0.E0,-7.660444431190E-1,-6.427876096865E-1));
#8514=AXIS2_PLACEMENT_3D('',#8511,#8512,#8513);
#8516=CARTESIAN_POINT('',(0.E0,9.575555538987E0,8.034845121082E0));
#8517=DIRECTION('',(0.E0,7.660444431190E-1,6.427876096865E-1));
#8518=DIRECTION('',(0.E0,6.427876096865E-1,-7.660444431190E-1));
#8519=AXIS2_PLACEMENT_3D('',#8516,#8517,#8518);
#8521=CARTESIAN_POINT('',(0.E0,9.575555538987E0,8.034845121082E0));
#8522=DIRECTION('',(0.E0,-6.427876096865E-1,7.660444431190E-1));
#8523=DIRECTION('',(1.E0,0.E0,0.E0));
#8524=AXIS2_PLACEMENT_3D('',#8521,#8522,#8523);
#8526=CARTESIAN_POINT('',(0.E0,9.575555538987E0,8.034845121082E0));
#8527=DIRECTION('',(0.E0,-7.660444431190E-1,-6.427876096865E-1));
#8528=DIRECTION('',(0.E0,6.427876096865E-1,-7.660444431190E-1));
#8529=AXIS2_PLACEMENT_3D('',#8526,#8527,#8528);
#8531=CARTESIAN_POINT('',(0.E0,9.575555538987E0,8.034845121082E0));
#8532=DIRECTION('',(0.E0,6.427876096865E-1,-7.660444431190E-1));
#8533=DIRECTION('',(-1.E0,0.E0,0.E0));
#8534=AXIS2_PLACEMENT_3D('',#8531,#8532,#8533);
#8536=CARTESIAN_POINT('',(0.E0,9.575555538987E0,8.034845121082E0));
#8537=DIRECTION('',(0.E0,-7.660444431190E-1,-6.427876096865E-1));
#8538=DIRECTION('',(1.E0,0.E0,0.E0));
#8539=AXIS2_PLACEMENT_3D('',#8536,#8537,#8538);
#8541=CARTESIAN_POINT('',(0.E0,7.216138654180E0,6.055059283248E0));
#8542=CARTESIAN_POINT('',(-3.08E0,9.575555538987E0,8.034845121082E0));
#8543=VERTEX_POINT('',#8541);
#8544=VERTEX_POINT('',#8542);
#8545=CARTESIAN_POINT('',(0.E0,7.595769701153E0,1.039426200589E1));
#8546=VERTEX_POINT('',#8545);
#8547=CARTESIAN_POINT('',(3.08E0,9.575555538987E0,8.034845121082E0));
#8548=VERTEX_POINT('',#8547);
#8549=CARTESIAN_POINT('',(0.E0,1.155534137682E1,5.675428236275E0));
#8550=VERTEX_POINT('',#8549);
#8551=CARTESIAN_POINT('',(0.E0,1.193497242379E1,1.001463095892E1));
#8552=VERTEX_POINT('',#8551);
#8553=CARTESIAN_POINT('',(0.E0,9.575555538987E0,8.034845121082E0));
#8554=DIRECTION('',(0.E0,6.427876096865E-1,-7.660444431190E-1));
#8555=DIRECTION('',(1.E0,0.E0,0.E0));
#8556=AXIS2_PLACEMENT_3D('',#8553,#8554,#8555);
#8557=SPHERICAL_SURFACE('',#8556,3.08E0);
#8559=ORIENTED_EDGE('',*,*,#8558,.T.);
#8561=ORIENTED_EDGE('',*,*,#8560,.T.);
#8563=ORIENTED_EDGE('',*,*,#8562,.F.);
#8565=ORIENTED_EDGE('',*,*,#8564,.F.);
#8566=EDGE_LOOP('',(#8559,#8561,#8563,#8565));
#8567=FACE_OUTER_BOUND('',#8566,.F.);
#8568=ADVANCED_FACE('',(#8567),#8557,.T.);
#8569=CARTESIAN_POINT('',(0.E0,9.575555538987E0,8.034845121082E0));
#8570=DIRECTION('',(0.E0,6.427876096865E-1,-7.660444431190E-1));
#8571=DIRECTION('',(1.E0,0.E0,0.E0));
#8572=AXIS2_PLACEMENT_3D('',#8569,#8570,#8571);
#8573=SPHERICAL_SURFACE('',#8572,3.08E0);
#8574=ORIENTED_EDGE('',*,*,#8564,.T.);
#8576=ORIENTED_EDGE('',*,*,#8575,.F.);
#8578=ORIENTED_EDGE('',*,*,#8577,.T.);
#8579=ORIENTED_EDGE('',*,*,#8558,.F.);
#8580=EDGE_LOOP('',(#8574,#8576,#8578,#8579));
#8581=FACE_OUTER_BOUND('',#8580,.F.);
#8582=ADVANCED_FACE('',(#8581),#8573,.T.);
#8583=CARTESIAN_POINT('',(0.E0,9.575555538987E0,8.034845121082E0));
#8584=DIRECTION('',(0.E0,6.427876096865E-1,-7.660444431190E-1));
#8585=DIRECTION('',(1.E0,0.E0,0.E0));
#8586=AXIS2_PLACEMENT_3D('',#8583,#8584,#8585);
#8587=SPHERICAL_SURFACE('',#8586,3.08E0);
#8589=ORIENTED_EDGE('',*,*,#8588,.T.);
#8591=ORIENTED_EDGE('',*,*,#8590,.F.);
#8592=ORIENTED_EDGE('',*,*,#8577,.F.);
#8593=ORIENTED_EDGE('',*,*,#8575,.T.);
#8594=EDGE_LOOP('',(#8589,#8591,#8592,#8593));
#8595=FACE_OUTER_BOUND('',#8594,.F.);
#8596=ADVANCED_FACE('',(#8595),#8587,.T.);
#8597=CARTESIAN_POINT('',(0.E0,9.575555538987E0,8.034845121082E0));
#8598=DIRECTION('',(0.E0,6.427876096865E-1,-7.660444431190E-1));
#8599=DIRECTION('',(1.E0,0.E0,0.E0));
#8600=AXIS2_PLACEMENT_3D('',#8597,#8598,#8599);
#8601=SPHERICAL_SURFACE('',#8600,3.08E0);
#8602=ORIENTED_EDGE('',*,*,#8590,.T.);
#8603=ORIENTED_EDGE('',*,*,#8588,.F.);
#8604=ORIENTED_EDGE('',*,*,#8562,.T.);
#8605=ORIENTED_EDGE('',*,*,#8560,.F.);
#8606=EDGE_LOOP('',(#8602,#8603,#8604,#8605));
#8607=FACE_OUTER_BOUND('',#8606,.F.);
#8608=ADVANCED_FACE('',(#8607),#8601,.T.);
#8609=CLOSED_SHELL('',(#8568,#8582,#8596,#8608));
#8610=MANIFOLD_SOLID_BREP('',#8609);
#8611=PRESENTATION_LAYER_ASSIGNMENT('INTFCLR_2771_8','',(#8568,#8582,#8596,
#8608,#8610));
#8612=PRESENTATION_LAYER_ASSIGNMENT('NONE_10','',(#8568,#8582,#8596,#8608,
#8610));
#8614=DIMENSIONAL_EXPONENTS(0.E0,0.E0,0.E0,0.E0,0.E0,0.E0,0.E0);
#8616=PLANE_ANGLE_MEASURE_WITH_UNIT(PLANE_ANGLE_MEASURE(1.745329251994E-2),
#8615);
#8617=(CONVERSION_BASED_UNIT('DEGREE',#8616)NAMED_UNIT(*)PLANE_ANGLE_UNIT());
#8619=UNCERTAINTY_MEASURE_WITH_UNIT(LENGTH_MEASURE(5.E-3),#8613,'closure',
'Maximum model space distance between geometric entities at asserted connectivities');
#8620=(GEOMETRIC_REPRESENTATION_CONTEXT(3)GLOBAL_UNCERTAINTY_ASSIGNED_CONTEXT((
#8619))GLOBAL_UNIT_ASSIGNED_CONTEXT((#8613,#8617,#8618))REPRESENTATION_CONTEXT(
'ID8','3'));
#8621=CARTESIAN_POINT('',(0.E0,0.E0,0.E0));
#8622=DIRECTION('',(0.E0,0.E0,1.E0));
#8623=DIRECTION('',(1.E0,0.E0,0.E0));
#8626=MECHANICAL_CONTEXT('',#329,'mechanical');
#8627=PRODUCT('_1__1_2_3_4000_1','_1__1_2_3_4000_1','NOT SPECIFIED',(#8626));
#8628=PRODUCT_DEFINITION_FORMATION_WITH_SPECIFIED_SOURCE('1','LAST_VERSION',
#8627,.MADE.);
#8634=CARTESIAN_POINT('',(0.E0,0.E0,0.E0));
#8635=DIRECTION('',(0.E0,0.E0,1.E0));
#8636=DIRECTION('',(1.E0,0.E0,0.E0));
#8637=AXIS2_PLACEMENT_3D('',#8634,#8635,#8636);
#8638=ITEM_DEFINED_TRANSFORMATION('','',#8624,#8637);
#8639=CARTESIAN_POINT('',(0.E0,0.E0,0.E0));
#8640=DIRECTION('',(0.E0,0.E0,1.E0));
#8641=DIRECTION('',(1.E0,0.E0,0.E0));
#8643=(REPRESENTATION_RELATIONSHIP('','',#8625,#340)REPRESENTATION_RELATIONSHIP_WITH_TRANSFORMATION(#8638)SHAPE_REPRESENTATION_RELATIONSHIP());
#8644=CONTEXT_DEPENDENT_SHAPE_REPRESENTATION(#8643,#8633);
#8645=DIRECTION('',(-1.E0,0.E0,-3.147765239459E-13));
#8646=VECTOR('',#8645,1.709899186862E0);
#8647=CARTESIAN_POINT('',(4.3E0,0.E0,-1.083333333333E1));
#8648=LINE('',#8647,#8646);
#8649=DIRECTION('',(-1.E0,0.E0,3.158153903616E-13));
#8650=VECTOR('',#8649,1.709899186862E0);
#8651=CARTESIAN_POINT('',(4.3E0,0.E0,1.083333333333E1));
#8652=LINE('',#8651,#8650);
#8653=CARTESIAN_POINT('',(4.3E0,0.E0,0.E0));
#8654=DIRECTION('',(-1.E0,0.E0,0.E0));
#8655=DIRECTION('',(0.E0,0.E0,1.E0));
#8656=AXIS2_PLACEMENT_3D('',#8653,#8654,#8655);
#8658=CARTESIAN_POINT('',(4.3E0,0.E0,0.E0));
#8659=DIRECTION('',(-1.E0,0.E0,0.E0));
#8660=DIRECTION('',(0.E0,0.E0,-1.E0));
#8661=AXIS2_PLACEMENT_3D('',#8658,#8659,#8660);
#8663=CARTESIAN_POINT('',(4.3E0,0.E0,0.E0));
#8664=DIRECTION('',(1.E0,0.E0,0.E0));
#8665=DIRECTION('',(0.E0,0.E0,-1.E0));
#8666=AXIS2_PLACEMENT_3D('',#8663,#8664,#8665);
#8668=CARTESIAN_POINT('',(4.3E0,0.E0,0.E0));
#8669=DIRECTION('',(1.E0,0.E0,0.E0));
#8670=DIRECTION('',(0.E0,0.E0,1.E0));
#8671=AXIS2_PLACEMENT_3D('',#8668,#8669,#8670);
#8673=DIRECTION('',(-1.E0,0.E0,6.690944095067E-13));
#8674=VECTOR('',#8673,6.000000000007E-1);
#8675=CARTESIAN_POINT('',(4.900000000001E0,0.E0,9.833333333333E0));
#8676=LINE('',#8675,#8674);
#8677=CARTESIAN_POINT('',(4.900000000001E0,0.E0,0.E0));
#8678=DIRECTION('',(-1.E0,0.E0,0.E0));
#8679=DIRECTION('',(0.E0,0.E0,1.E0));
#8680=AXIS2_PLACEMENT_3D('',#8677,#8678,#8679);
#8682=DIRECTION('',(5.144957554286E-1,0.E0,-8.574929257119E-1));
#8683=VECTOR('',#8682,5.830951894820E-1);
#8684=CARTESIAN_POINT('',(4.900000000001E0,0.E0,-9.833333333333E0));
#8685=LINE('',#8684,#8683);
#8686=CARTESIAN_POINT('',(5.2E0,0.E0,0.E0));
#8687=DIRECTION('',(1.E0,0.E0,0.E0));
#8688=DIRECTION('',(0.E0,0.E0,-1.E0));
#8689=AXIS2_PLACEMENT_3D('',#8686,#8687,#8688);
#8691=DIRECTION('',(5.144957554286E-1,0.E0,8.574929257119E-1));
#8692=VECTOR('',#8691,5.830951894820E-1);
#8693=CARTESIAN_POINT('',(4.900000000001E0,0.E0,9.833333333333E0));
#8694=LINE('',#8693,#8692);
#8695=CARTESIAN_POINT('',(5.2E0,0.E0,0.E0));
#8696=DIRECTION('',(1.E0,0.E0,0.E0));
#8697=DIRECTION('',(0.E0,0.E0,1.E0));
#8698=AXIS2_PLACEMENT_3D('',#8695,#8696,#8697);
#8700=CARTESIAN_POINT('',(4.900000000001E0,0.E0,0.E0));
#8701=DIRECTION('',(-1.E0,0.E0,0.E0));
#8702=DIRECTION('',(0.E0,0.E0,-1.E0));
#8703=AXIS2_PLACEMENT_3D('',#8700,#8701,#8702);
#8705=DIRECTION('',(-1.E0,0.E0,-2.368475785867E-14));
#8706=VECTOR('',#8705,3.E-1);
#8707=CARTESIAN_POINT('',(5.5E0,0.E0,-1.033333333333E1));
#8708=LINE('',#8707,#8706);
#8709=DIRECTION('',(-1.E0,0.E0,2.368475785867E-14));
#8710=VECTOR('',#8709,3.E-1);
#8711=CARTESIAN_POINT('',(5.5E0,0.E0,1.033333333333E1));
#8712=LINE('',#8711,#8710);
#8713=CARTESIAN_POINT('',(5.5E0,0.E0,0.E0));
#8714=DIRECTION('',(-1.E0,0.E0,0.E0));
#8715=DIRECTION('',(0.E0,0.E0,1.E0));
#8716=AXIS2_PLACEMENT_3D('',#8713,#8714,#8715);
#8718=CARTESIAN_POINT('',(5.5E0,0.E0,0.E0));
#8719=DIRECTION('',(-1.E0,0.E0,0.E0));
#8720=DIRECTION('',(0.E0,0.E0,-1.E0));
#8721=AXIS2_PLACEMENT_3D('',#8718,#8719,#8720);
#8723=CARTESIAN_POINT('',(5.5E0,0.E0,0.E0));
#8724=DIRECTION('',(1.E0,0.E0,0.E0));
#8725=DIRECTION('',(0.E0,0.E0,-1.E0));
#8726=AXIS2_PLACEMENT_3D('',#8723,#8724,#8725);
#8728=CARTESIAN_POINT('',(5.5E0,0.E0,0.E0));
#8729=DIRECTION('',(1.E0,0.E0,0.E0));
#8730=DIRECTION('',(0.E0,0.E0,1.E0));
#8731=AXIS2_PLACEMENT_3D('',#8728,#8729,#8730);
#8733=CARTESIAN_POINT('',(4.9E0,0.E0,0.E0));
#8734=DIRECTION('',(1.E0,0.E0,0.E0));
#8735=DIRECTION('',(0.E0,0.E0,-1.E0));
#8736=AXIS2_PLACEMENT_3D('',#8733,#8734,#8735);
#8738=CARTESIAN_POINT('',(4.9E0,0.E0,8.1E0));
#8739=DIRECTION('',(0.E0,-1.E0,0.E0));
#8740=DIRECTION('',(0.E0,0.E0,-1.E0));
#8741=AXIS2_PLACEMENT_3D('',#8738,#8739,#8740);
#8743=DIRECTION('',(-1.E0,0.E0,0.E0));
#8744=VECTOR('',#8743,9.8E0);
#8745=CARTESIAN_POINT('',(4.9E0,0.E0,-7.5E0));
#8746=LINE('',#8745,#8744);
#8747=DIRECTION('',(-1.E0,0.E0,0.E0));
#8748=VECTOR('',#8747,9.8E0);
#8749=CARTESIAN_POINT('',(4.9E0,0.E0,7.5E0));
#8750=LINE('',#8749,#8748);
#8751=CARTESIAN_POINT('',(4.9E0,0.E0,-8.1E0));
#8752=DIRECTION('',(0.E0,1.E0,0.E0));
#8753=DIRECTION('',(0.E0,0.E0,1.E0));
#8754=AXIS2_PLACEMENT_3D('',#8751,#8752,#8753);
#8756=CARTESIAN_POINT('',(4.9E0,0.E0,0.E0));
#8757=DIRECTION('',(1.E0,0.E0,0.E0));
#8758=DIRECTION('',(0.E0,0.E0,1.E0));
#8759=AXIS2_PLACEMENT_3D('',#8756,#8757,#8758);
#8761=CARTESIAN_POINT('',(-4.9E0,0.E0,-8.1E0));
#8762=DIRECTION('',(0.E0,1.E0,0.E0));
#8763=DIRECTION('',(-1.E0,0.E0,0.E0));
#8764=AXIS2_PLACEMENT_3D('',#8761,#8762,#8763);
#8766=CARTESIAN_POINT('',(-4.9E0,0.E0,0.E0));
#8767=DIRECTION('',(-1.E0,0.E0,0.E0));
#8768=DIRECTION('',(0.E0,0.E0,-1.E0));
#8769=AXIS2_PLACEMENT_3D('',#8766,#8767,#8768);
#8771=CARTESIAN_POINT('',(-4.9E0,0.E0,8.1E0));
#8772=DIRECTION('',(0.E0,-1.E0,0.E0));
#8773=DIRECTION('',(-1.E0,0.E0,0.E0));
#8774=AXIS2_PLACEMENT_3D('',#8771,#8772,#8773);
#8776=CARTESIAN_POINT('',(-4.9E0,0.E0,0.E0));
#8777=DIRECTION('',(-1.E0,0.E0,0.E0));
#8778=DIRECTION('',(0.E0,0.E0,1.E0));
#8779=AXIS2_PLACEMENT_3D('',#8776,#8777,#8778);
#8781=CARTESIAN_POINT('',(-5.5E0,0.E0,0.E0));
#8782=DIRECTION('',(1.E0,0.E0,0.E0));
#8783=DIRECTION('',(0.E0,0.E0,-1.E0));
#8784=AXIS2_PLACEMENT_3D('',#8781,#8782,#8783);
#8786=CARTESIAN_POINT('',(-5.5E0,0.E0,0.E0));
#8787=DIRECTION('',(1.E0,0.E0,0.E0));
#8788=DIRECTION('',(0.E0,0.E0,1.E0));
#8789=AXIS2_PLACEMENT_3D('',#8786,#8787,#8788);
#8791=CARTESIAN_POINT('',(-5.5E0,0.E0,0.E0));
#8792=DIRECTION('',(-1.E0,0.E0,0.E0));
#8793=DIRECTION('',(0.E0,0.E0,1.E0));
#8794=AXIS2_PLACEMENT_3D('',#8791,#8792,#8793);
#8796=CARTESIAN_POINT('',(-5.5E0,0.E0,0.E0));
#8797=DIRECTION('',(-1.E0,0.E0,0.E0));
#8798=DIRECTION('',(0.E0,0.E0,-1.E0));
#8799=AXIS2_PLACEMENT_3D('',#8796,#8797,#8798);
#8801=DIRECTION('',(-1.E0,0.E0,-2.368475785867E-14));
#8802=VECTOR('',#8801,3.E-1);
#8803=CARTESIAN_POINT('',(-5.2E0,0.E0,1.033333333333E1));
#8804=LINE('',#8803,#8802);
#8805=CARTESIAN_POINT('',(-4.900000000001E0,0.E0,0.E0));
#8806=DIRECTION('',(1.E0,0.E0,0.E0));
#8807=DIRECTION('',(0.E0,0.E0,-1.E0));
#8808=AXIS2_PLACEMENT_3D('',#8805,#8806,#8807);
#8810=DIRECTION('',(-5.144957554286E-1,0.E0,8.574929257119E-1));
#8811=VECTOR('',#8810,5.830951894820E-1);
#8812=CARTESIAN_POINT('',(-4.900000000001E0,0.E0,9.833333333333E0));
#8813=LINE('',#8812,#8811);
#8814=CARTESIAN_POINT('',(-5.2E0,0.E0,0.E0));
#8815=DIRECTION('',(-1.E0,0.E0,0.E0));
#8816=DIRECTION('',(0.E0,0.E0,1.E0));
#8817=AXIS2_PLACEMENT_3D('',#8814,#8815,#8816);
#8819=DIRECTION('',(-1.E0,0.E0,-6.690944095067E-13));
#8820=VECTOR('',#8819,6.000000000007E-1);
#8821=CARTESIAN_POINT('',(-4.3E0,0.E0,9.833333333333E0));
#8822=LINE('',#8821,#8820);
#8823=CARTESIAN_POINT('',(-4.3E0,0.E0,0.E0));
#8824=DIRECTION('',(1.E0,0.E0,0.E0));
#8825=DIRECTION('',(0.E0,0.E0,-1.E0));
#8826=AXIS2_PLACEMENT_3D('',#8823,#8824,#8825);
#8828=CARTESIAN_POINT('',(-4.3E0,0.E0,0.E0));
#8829=DIRECTION('',(1.E0,0.E0,0.E0));
#8830=DIRECTION('',(0.E0,0.E0,1.E0));
#8831=AXIS2_PLACEMENT_3D('',#8828,#8829,#8830);
#8833=CARTESIAN_POINT('',(-4.3E0,0.E0,0.E0));
#8834=DIRECTION('',(-1.E0,0.E0,0.E0));
#8835=DIRECTION('',(0.E0,0.E0,1.E0));
#8836=AXIS2_PLACEMENT_3D('',#8833,#8834,#8835);
#8838=CARTESIAN_POINT('',(-4.3E0,0.E0,0.E0));
#8839=DIRECTION('',(-1.E0,0.E0,0.E0));
#8840=DIRECTION('',(0.E0,0.E0,-1.E0));
#8841=AXIS2_PLACEMENT_3D('',#8838,#8839,#8840);
#8843=DIRECTION('',(-1.E0,0.E0,-3.137376575302E-13));
#8844=VECTOR('',#8843,1.709899186862E0);
#8845=CARTESIAN_POINT('',(-2.590100813138E0,0.E0,1.083333333333E1));
#8846=LINE('',#8845,#8844);
#8847=CARTESIAN_POINT('',(-2.590100813137E0,0.E0,0.E0));
#8848=DIRECTION('',(-1.E0,0.E0,0.E0));
#8849=DIRECTION('',(0.E0,0.E0,1.E0));
#8850=AXIS2_PLACEMENT_3D('',#8847,#8848,#8849);
#8852=CARTESIAN_POINT('',(0.E0,0.E0,-1.25E1));
#8853=DIRECTION('',(0.E0,1.E0,0.E0));
#8854=DIRECTION('',(-8.409418224472E-1,0.E0,5.411255411263E-1));
#8855=AXIS2_PLACEMENT_3D('',#8852,#8853,#8854);
#8857=CARTESIAN_POINT('',(-2.590100813137E0,0.E0,0.E0));
#8858=DIRECTION('',(-1.E0,0.E0,0.E0));
#8859=DIRECTION('',(0.E0,0.E0,-1.E0));
#8860=AXIS2_PLACEMENT_3D('',#8857,#8858,#8859);
#8862=CARTESIAN_POINT('',(0.E0,0.E0,1.25E1));
#8863=DIRECTION('',(0.E0,-1.E0,0.E0));
#8864=DIRECTION('',(-8.409418224472E-1,0.E0,-5.411255411263E-1));
#8865=AXIS2_PLACEMENT_3D('',#8862,#8863,#8864);
#8867=DIRECTION('',(-1.E0,0.E0,3.137376575302E-13));
#8868=VECTOR('',#8867,1.709899186862E0);
#8869=CARTESIAN_POINT('',(-2.590100813138E0,0.E0,-1.083333333333E1));
#8870=LINE('',#8869,#8868);
#8871=CARTESIAN_POINT('',(0.E0,0.E0,0.E0));
#8872=DIRECTION('',(-1.E0,0.E0,0.E0));
#8873=DIRECTION('',(0.E0,0.E0,-1.E0));
#8874=AXIS2_PLACEMENT_3D('',#8871,#8872,#8873);
#8876=CARTESIAN_POINT('',(0.E0,0.E0,1.25E1));
#8877=DIRECTION('',(0.E0,-1.E0,0.E0));
#8878=DIRECTION('',(0.E0,0.E0,-1.E0));
#8879=AXIS2_PLACEMENT_3D('',#8876,#8877,#8878);
#8881=CARTESIAN_POINT('',(2.590100813137E0,0.E0,0.E0));
#8882=DIRECTION('',(1.E0,0.E0,0.E0));
#8883=DIRECTION('',(0.E0,0.E0,1.E0));
#8884=AXIS2_PLACEMENT_3D('',#8881,#8882,#8883);
#8886=CARTESIAN_POINT('',(0.E0,0.E0,0.E0));
#8887=DIRECTION('',(-1.E0,0.E0,0.E0));
#8888=DIRECTION('',(0.E0,0.E0,1.E0));
#8889=AXIS2_PLACEMENT_3D('',#8886,#8887,#8888);
#8891=CARTESIAN_POINT('',(0.E0,0.E0,-1.25E1));
#8892=DIRECTION('',(0.E0,1.E0,0.E0));
#8893=DIRECTION('',(0.E0,0.E0,1.E0));
#8894=AXIS2_PLACEMENT_3D('',#8891,#8892,#8893);
#8896=CARTESIAN_POINT('',(2.590100813137E0,0.E0,0.E0));
#8897=DIRECTION('',(1.E0,0.E0,0.E0));
#8898=DIRECTION('',(0.E0,0.E0,-1.E0));
#8899=AXIS2_PLACEMENT_3D('',#8896,#8897,#8898);
#8901=DIRECTION('',(-1.E0,0.E0,6.690944095067E-13));
#8902=VECTOR('',#8901,6.000000000007E-1);
#8903=CARTESIAN_POINT('',(-4.3E0,0.E0,-9.833333333333E0));
#8904=LINE('',#8903,#8902);
#8905=DIRECTION('',(-5.144957554286E-1,0.E0,-8.574929257119E-1));
#8906=VECTOR('',#8905,5.830951894820E-1);
#8907=CARTESIAN_POINT('',(-4.900000000001E0,0.E0,-9.833333333333E0));
#8908=LINE('',#8907,#8906);
#8909=CARTESIAN_POINT('',(-5.2E0,0.E0,0.E0));
#8910=DIRECTION('',(-1.E0,0.E0,0.E0));
#8911=DIRECTION('',(0.E0,0.E0,-1.E0));
#8912=AXIS2_PLACEMENT_3D('',#8909,#8910,#8911);
#8914=CARTESIAN_POINT('',(-4.900000000001E0,0.E0,0.E0));
#8915=DIRECTION('',(1.E0,0.E0,0.E0));
#8916=DIRECTION('',(0.E0,0.E0,1.E0));
#8917=AXIS2_PLACEMENT_3D('',#8914,#8915,#8916);
#8919=DIRECTION('',(-1.E0,0.E0,2.368475785867E-14));
#8920=VECTOR('',#8919,3.E-1);
#8921=CARTESIAN_POINT('',(-5.2E0,0.E0,-1.033333333333E1));
#8922=LINE('',#8921,#8920);
#8923=DIRECTION('',(-1.E0,0.E0,-6.690944095067E-13));
#8924=VECTOR('',#8923,6.000000000007E-1);
#8925=CARTESIAN_POINT('',(4.900000000001E0,0.E0,-9.833333333333E0));
#8926=LINE('',#8925,#8924);
#8927=CARTESIAN_POINT('',(4.3E0,0.E0,-1.083333333333E1));
#8928=CARTESIAN_POINT('',(2.590100813138E0,0.E0,-1.083333333333E1));
#8929=VERTEX_POINT('',#8927);
#8930=VERTEX_POINT('',#8928);
#8931=CARTESIAN_POINT('',(2.590100813137E0,0.E0,1.083333333333E1));
#8932=VERTEX_POINT('',#8931);
#8933=CARTESIAN_POINT('',(4.3E0,0.E0,1.083333333333E1));
#8934=VERTEX_POINT('',#8933);
#8935=CARTESIAN_POINT('',(4.3E0,0.E0,-9.833333333333E0));
#8936=CARTESIAN_POINT('',(4.3E0,0.E0,9.833333333333E0));
#8937=VERTEX_POINT('',#8935);
#8938=VERTEX_POINT('',#8936);
#8939=CARTESIAN_POINT('',(4.900000000001E0,0.E0,9.833333333332E0));
#8940=CARTESIAN_POINT('',(4.900000000001E0,0.E0,-9.833333333332E0));
#8941=VERTEX_POINT('',#8939);
#8942=VERTEX_POINT('',#8940);
#8943=CARTESIAN_POINT('',(5.2E0,0.E0,-1.033333333333E1));
#8944=VERTEX_POINT('',#8943);
#8945=CARTESIAN_POINT('',(5.2E0,0.E0,1.033333333333E1));
#8946=VERTEX_POINT('',#8945);
#8947=CARTESIAN_POINT('',(5.5E0,0.E0,-1.033333333333E1));
#8948=VERTEX_POINT('',#8947);
#8949=CARTESIAN_POINT('',(5.5E0,0.E0,1.033333333333E1));
#8950=VERTEX_POINT('',#8949);
#8951=CARTESIAN_POINT('',(5.5E0,0.E0,-8.1E0));
#8952=CARTESIAN_POINT('',(5.5E0,0.E0,8.1E0));
#8953=VERTEX_POINT('',#8951);
#8954=VERTEX_POINT('',#8952);
#8955=CARTESIAN_POINT('',(4.9E0,0.E0,-7.5E0));
#8956=CARTESIAN_POINT('',(4.9E0,0.E0,7.5E0));
#8957=VERTEX_POINT('',#8955);
#8958=VERTEX_POINT('',#8956);
#8959=CARTESIAN_POINT('',(-4.9E0,0.E0,-7.5E0));
#8960=VERTEX_POINT('',#8959);
#8961=CARTESIAN_POINT('',(-4.9E0,0.E0,7.5E0));
#8962=VERTEX_POINT('',#8961);
#8963=CARTESIAN_POINT('',(-5.5E0,0.E0,-8.1E0));
#8964=VERTEX_POINT('',#8963);
#8965=CARTESIAN_POINT('',(-5.5E0,0.E0,8.1E0));
#8966=VERTEX_POINT('',#8965);
#8967=CARTESIAN_POINT('',(-5.5E0,0.E0,-1.033333333333E1));
#8968=CARTESIAN_POINT('',(-5.5E0,0.E0,1.033333333333E1));
#8969=VERTEX_POINT('',#8967);
#8970=VERTEX_POINT('',#8968);
#8971=CARTESIAN_POINT('',(-5.2E0,0.E0,1.033333333333E1));
#8972=CARTESIAN_POINT('',(-5.2E0,0.E0,-1.033333333333E1));
#8973=VERTEX_POINT('',#8971);
#8974=VERTEX_POINT('',#8972);
#8975=CARTESIAN_POINT('',(-4.900000000001E0,0.E0,-9.833333333332E0));
#8976=CARTESIAN_POINT('',(-4.900000000001E0,0.E0,9.833333333332E0));
#8977=VERTEX_POINT('',#8975);
#8978=VERTEX_POINT('',#8976);
#8979=CARTESIAN_POINT('',(-4.3E0,0.E0,9.833333333333E0));
#8980=CARTESIAN_POINT('',(-4.3E0,0.E0,-9.833333333333E0));
#8981=VERTEX_POINT('',#8979);
#8982=VERTEX_POINT('',#8980);
#8983=CARTESIAN_POINT('',(-4.3E0,0.E0,-1.083333333333E1));
#8984=CARTESIAN_POINT('',(-4.3E0,0.E0,1.083333333333E1));
#8985=VERTEX_POINT('',#8983);
#8986=VERTEX_POINT('',#8984);
#8987=CARTESIAN_POINT('',(-2.590100813137E0,0.E0,1.083333333333E1));
#8988=CARTESIAN_POINT('',(-2.590100813137E0,0.E0,-1.083333333333E1));
#8989=VERTEX_POINT('',#8987);
#8990=VERTEX_POINT('',#8988);
#8991=CARTESIAN_POINT('',(0.E0,0.E0,9.42E0));
#8992=VERTEX_POINT('',#8991);
#8993=CARTESIAN_POINT('',(0.E0,0.E0,-9.42E0));
#8994=VERTEX_POINT('',#8993);
#8995=CARTESIAN_POINT('',(0.E0,0.E0,0.E0));
#8996=DIRECTION('',(-1.E0,0.E0,0.E0));
#8997=DIRECTION('',(0.E0,0.E0,1.E0));
#8998=AXIS2_PLACEMENT_3D('',#8995,#8996,#8997);
#8999=CYLINDRICAL_SURFACE('',#8998,1.083333333333E1);
#9001=ORIENTED_EDGE('',*,*,#9000,.T.);
#9003=ORIENTED_EDGE('',*,*,#9002,.F.);
#9005=ORIENTED_EDGE('',*,*,#9004,.F.);
#9007=ORIENTED_EDGE('',*,*,#9006,.F.);
#9008=EDGE_LOOP('',(#9001,#9003,#9005,#9007));
#9009=FACE_OUTER_BOUND('',#9008,.F.);
#9010=ADVANCED_FACE('',(#9009),#8999,.T.);
#9011=CARTESIAN_POINT('',(0.E0,0.E0,0.E0));
#9012=DIRECTION('',(-1.E0,0.E0,0.E0));
#9013=DIRECTION('',(0.E0,0.E0,1.E0));
#9014=AXIS2_PLACEMENT_3D('',#9011,#9012,#9013);
#9015=CYLINDRICAL_SURFACE('',#9014,1.083333333333E1);
#9017=ORIENTED_EDGE('',*,*,#9016,.F.);
#9018=ORIENTED_EDGE('',*,*,#9004,.T.);
#9020=ORIENTED_EDGE('',*,*,#9019,.F.);
#9021=ORIENTED_EDGE('',*,*,#9000,.F.);
#9022=EDGE_LOOP('',(#9017,#9018,#9020,#9021));
#9023=FACE_OUTER_BOUND('',#9022,.F.);
#9024=ADVANCED_FACE('',(#9023),#9015,.T.);
#9025=CARTESIAN_POINT('',(4.3E0,1.083333333333E1,0.E0));
#9026=DIRECTION('',(-1.E0,0.E0,0.E0));
#9027=DIRECTION('',(0.E0,0.E0,1.E0));
#9028=AXIS2_PLACEMENT_3D('',#9025,#9026,#9027);
#9029=PLANE('',#9028);
#9030=ORIENTED_EDGE('',*,*,#9016,.T.);
#9031=ORIENTED_EDGE('',*,*,#9006,.T.);
#9032=EDGE_LOOP('',(#9030,#9031));
#9033=FACE_OUTER_BOUND('',#9032,.F.);
#9035=ORIENTED_EDGE('',*,*,#9034,.T.);
#9037=ORIENTED_EDGE('',*,*,#9036,.T.);
#9038=EDGE_LOOP('',(#9035,#9037));
#9039=FACE_BOUND('',#9038,.F.);
#9040=ADVANCED_FACE('',(#9033,#9039),#9029,.F.);
#9041=CARTESIAN_POINT('',(0.E0,0.E0,0.E0));
#9042=DIRECTION('',(-1.E0,0.E0,0.E0));
#9043=DIRECTION('',(0.E0,0.E0,1.E0));
#9044=AXIS2_PLACEMENT_3D('',#9041,#9042,#9043);
#9045=CYLINDRICAL_SURFACE('',#9044,9.833333333333E0);
#9047=ORIENTED_EDGE('',*,*,#9046,.F.);
#9049=ORIENTED_EDGE('',*,*,#9048,.T.);
#9050=ORIENTED_EDGE('',*,*,#9034,.F.);
#9052=ORIENTED_EDGE('',*,*,#9051,.F.);
#9053=EDGE_LOOP('',(#9047,#9049,#9050,#9052));
#9054=FACE_OUTER_BOUND('',#9053,.F.);
#9055=ADVANCED_FACE('',(#9054),#9045,.T.);
#9056=CARTESIAN_POINT('',(5.050000000001E0,0.E0,0.E0));
#9057=DIRECTION('',(1.E0,0.E0,0.E0));
#9058=DIRECTION('',(0.E0,0.E0,-1.E0));
#9059=AXIS2_PLACEMENT_3D('',#9056,#9057,#9058);
#9060=CONICAL_SURFACE('',#9059,1.008333333333E1,5.903624346793E1);
#9061=ORIENTED_EDGE('',*,*,#9046,.T.);
#9063=ORIENTED_EDGE('',*,*,#9062,.T.);
#9065=ORIENTED_EDGE('',*,*,#9064,.T.);
#9067=ORIENTED_EDGE('',*,*,#9066,.F.);
#9068=EDGE_LOOP('',(#9061,#9063,#9065,#9067));
#9069=FACE_OUTER_BOUND('',#9068,.F.);
#9070=ADVANCED_FACE('',(#9069),#9060,.T.);
#9071=CARTESIAN_POINT('',(5.050000000001E0,0.E0,0.E0));
#9072=DIRECTION('',(1.E0,0.E0,0.E0));
#9073=DIRECTION('',(0.E0,0.E0,-1.E0));
#9074=AXIS2_PLACEMENT_3D('',#9071,#9072,#9073);
#9075=CONICAL_SURFACE('',#9074,1.008333333333E1,5.903624346793E1);
#9076=ORIENTED_EDGE('',*,*,#9066,.T.);
#9078=ORIENTED_EDGE('',*,*,#9077,.T.);
#9079=ORIENTED_EDGE('',*,*,#9062,.F.);
#9081=ORIENTED_EDGE('',*,*,#9080,.T.);
#9082=EDGE_LOOP('',(#9076,#9078,#9079,#9081));
#9083=FACE_OUTER_BOUND('',#9082,.F.);
#9084=ADVANCED_FACE('',(#9083),#9075,.T.);
#9085=CARTESIAN_POINT('',(0.E0,0.E0,0.E0));
#9086=DIRECTION('',(-1.E0,0.E0,0.E0));
#9087=DIRECTION('',(0.E0,0.E0,1.E0));
#9088=AXIS2_PLACEMENT_3D('',#9085,#9086,#9087);
#9089=CYLINDRICAL_SURFACE('',#9088,1.033333333333E1);
#9091=ORIENTED_EDGE('',*,*,#9090,.T.);
#9092=ORIENTED_EDGE('',*,*,#9077,.F.);
#9094=ORIENTED_EDGE('',*,*,#9093,.F.);
#9096=ORIENTED_EDGE('',*,*,#9095,.F.);
#9097=EDGE_LOOP('',(#9091,#9092,#9094,#9096));
#9098=FACE_OUTER_BOUND('',#9097,.F.);
#9099=ADVANCED_FACE('',(#9098),#9089,.T.);
#9100=CARTESIAN_POINT('',(0.E0,0.E0,0.E0));
#9101=DIRECTION('',(-1.E0,0.E0,0.E0));
#9102=DIRECTION('',(0.E0,0.E0,1.E0));
#9103=AXIS2_PLACEMENT_3D('',#9100,#9101,#9102);
#9104=CYLINDRICAL_SURFACE('',#9103,1.033333333333E1);
#9106=ORIENTED_EDGE('',*,*,#9105,.F.);
#9107=ORIENTED_EDGE('',*,*,#9093,.T.);
#9108=ORIENTED_EDGE('',*,*,#9064,.F.);
#9109=ORIENTED_EDGE('',*,*,#9090,.F.);
#9110=EDGE_LOOP('',(#9106,#9107,#9108,#9109));
#9111=FACE_OUTER_BOUND('',#9110,.F.);
#9112=ADVANCED_FACE('',(#9111),#9104,.T.);
#9113=CARTESIAN_POINT('',(5.5E0,1.033333333333E1,0.E0));
#9114=DIRECTION('',(-1.E0,0.E0,0.E0));
#9115=DIRECTION('',(0.E0,0.E0,1.E0));
#9116=AXIS2_PLACEMENT_3D('',#9113,#9114,#9115);
#9117=PLANE('',#9116);
#9118=ORIENTED_EDGE('',*,*,#9105,.T.);
#9119=ORIENTED_EDGE('',*,*,#9095,.T.);
#9120=EDGE_LOOP('',(#9118,#9119));
#9121=FACE_OUTER_BOUND('',#9120,.F.);
#9123=ORIENTED_EDGE('',*,*,#9122,.T.);
#9125=ORIENTED_EDGE('',*,*,#9124,.T.);
#9126=EDGE_LOOP('',(#9123,#9125));
#9127=FACE_BOUND('',#9126,.F.);
#9128=ADVANCED_FACE('',(#9121,#9127),#9117,.F.);
#9129=CARTESIAN_POINT('',(4.9E0,0.E0,0.E0));
#9130=DIRECTION('',(-1.E0,0.E0,0.E0));
#9131=DIRECTION('',(0.E0,0.E0,1.E0));
#9132=AXIS2_PLACEMENT_3D('',#9129,#9130,#9131);
#9133=TOROIDAL_SURFACE('',#9132,8.1E0,6.E-1);
#9135=ORIENTED_EDGE('',*,*,#9134,.T.);
#9137=ORIENTED_EDGE('',*,*,#9136,.T.);
#9138=ORIENTED_EDGE('',*,*,#9122,.F.);
#9140=ORIENTED_EDGE('',*,*,#9139,.F.);
#9141=EDGE_LOOP('',(#9135,#9137,#9138,#9140));
#9142=FACE_OUTER_BOUND('',#9141,.F.);
#9143=ADVANCED_FACE('',(#9142),#9133,.T.);
#9144=CARTESIAN_POINT('',(0.E0,0.E0,0.E0));
#9145=DIRECTION('',(-1.E0,0.E0,0.E0));
#9146=DIRECTION('',(0.E0,0.E0,1.E0));
#9147=AXIS2_PLACEMENT_3D('',#9144,#9145,#9146);
#9148=CYLINDRICAL_SURFACE('',#9147,7.5E0);
#9150=ORIENTED_EDGE('',*,*,#9149,.T.);
#9152=ORIENTED_EDGE('',*,*,#9151,.F.);
#9154=ORIENTED_EDGE('',*,*,#9153,.F.);
#9155=ORIENTED_EDGE('',*,*,#9134,.F.);
#9156=EDGE_LOOP('',(#9150,#9152,#9154,#9155));
#9157=FACE_OUTER_BOUND('',#9156,.F.);
#9158=ADVANCED_FACE('',(#9157),#9148,.F.);
#9159=CARTESIAN_POINT('',(0.E0,0.E0,0.E0));
#9160=DIRECTION('',(-1.E0,0.E0,0.E0));
#9161=DIRECTION('',(0.E0,0.E0,1.E0));
#9162=AXIS2_PLACEMENT_3D('',#9159,#9160,#9161);
#9163=CYLINDRICAL_SURFACE('',#9162,7.5E0);
#9165=ORIENTED_EDGE('',*,*,#9164,.F.);
#9166=ORIENTED_EDGE('',*,*,#9153,.T.);
#9168=ORIENTED_EDGE('',*,*,#9167,.F.);
#9169=ORIENTED_EDGE('',*,*,#9149,.F.);
#9170=EDGE_LOOP('',(#9165,#9166,#9168,#9169));
#9171=FACE_OUTER_BOUND('',#9170,.F.);
#9172=ADVANCED_FACE('',(#9171),#9163,.F.);
#9173=CARTESIAN_POINT('',(4.9E0,0.E0,0.E0));
#9174=DIRECTION('',(-1.E0,0.E0,0.E0));
#9175=DIRECTION('',(0.E0,0.E0,1.E0));
#9176=AXIS2_PLACEMENT_3D('',#9173,#9174,#9175);
#9177=TOROIDAL_SURFACE('',#9176,8.1E0,6.E-1);
#9178=ORIENTED_EDGE('',*,*,#9139,.T.);
#9179=ORIENTED_EDGE('',*,*,#9124,.F.);
#9180=ORIENTED_EDGE('',*,*,#9136,.F.);
#9181=ORIENTED_EDGE('',*,*,#9164,.T.);
#9182=EDGE_LOOP('',(#9178,#9179,#9180,#9181));
#9183=FACE_OUTER_BOUND('',#9182,.F.);
#9184=ADVANCED_FACE('',(#9183),#9177,.T.);
#9185=CARTESIAN_POINT('',(-4.9E0,0.E0,0.E0));
#9186=DIRECTION('',(-1.E0,0.E0,0.E0));
#9187=DIRECTION('',(0.E0,0.E0,1.E0));
#9188=AXIS2_PLACEMENT_3D('',#9185,#9186,#9187);
#9189=TOROIDAL_SURFACE('',#9188,8.1E0,6.E-1);
#9191=ORIENTED_EDGE('',*,*,#9190,.T.);
#9192=ORIENTED_EDGE('',*,*,#9167,.T.);
#9194=ORIENTED_EDGE('',*,*,#9193,.F.);
#9196=ORIENTED_EDGE('',*,*,#9195,.F.);
#9197=EDGE_LOOP('',(#9191,#9192,#9194,#9196));
#9198=FACE_OUTER_BOUND('',#9197,.F.);
#9199=ADVANCED_FACE('',(#9198),#9189,.T.);
#9200=CARTESIAN_POINT('',(-4.9E0,0.E0,0.E0));
#9201=DIRECTION('',(-1.E0,0.E0,0.E0));
#9202=DIRECTION('',(0.E0,0.E0,1.E0));
#9203=AXIS2_PLACEMENT_3D('',#9200,#9201,#9202);
#9204=TOROIDAL_SURFACE('',#9203,8.1E0,6.E-1);
#9206=ORIENTED_EDGE('',*,*,#9205,.F.);
#9207=ORIENTED_EDGE('',*,*,#9193,.T.);
#9208=ORIENTED_EDGE('',*,*,#9151,.T.);
#9209=ORIENTED_EDGE('',*,*,#9190,.F.);
#9210=EDGE_LOOP('',(#9206,#9207,#9208,#9209));
#9211=FACE_OUTER_BOUND('',#9210,.F.);
#9212=ADVANCED_FACE('',(#9211),#9204,.T.);
#9213=CARTESIAN_POINT('',(-5.5E0,1.033333333333E1,0.E0));
#9214=DIRECTION('',(1.E0,0.E0,0.E0));
#9215=DIRECTION('',(0.E0,0.E0,-1.E0));
#9216=AXIS2_PLACEMENT_3D('',#9213,#9214,#9215);
#9217=PLANE('',#9216);
#9219=ORIENTED_EDGE('',*,*,#9218,.T.);
#9221=ORIENTED_EDGE('',*,*,#9220,.T.);
#9222=EDGE_LOOP('',(#9219,#9221));
#9223=FACE_OUTER_BOUND('',#9222,.F.);
#9224=ORIENTED_EDGE('',*,*,#9205,.T.);
#9225=ORIENTED_EDGE('',*,*,#9195,.T.);
#9226=EDGE_LOOP('',(#9224,#9225));
#9227=FACE_BOUND('',#9226,.F.);
#9228=ADVANCED_FACE('',(#9223,#9227),#9217,.F.);
#9229=CARTESIAN_POINT('',(0.E0,0.E0,0.E0));
#9230=DIRECTION('',(-1.E0,0.E0,0.E0));
#9231=DIRECTION('',(0.E0,0.E0,1.E0));
#9232=AXIS2_PLACEMENT_3D('',#9229,#9230,#9231);
#9233=CYLINDRICAL_SURFACE('',#9232,1.033333333333E1);
#9235=ORIENTED_EDGE('',*,*,#9234,.F.);
#9237=ORIENTED_EDGE('',*,*,#9236,.T.);
#9238=ORIENTED_EDGE('',*,*,#9218,.F.);
#9240=ORIENTED_EDGE('',*,*,#9239,.F.);
#9241=EDGE_LOOP('',(#9235,#9237,#9238,#9240));
#9242=FACE_OUTER_BOUND('',#9241,.F.);
#9243=ADVANCED_FACE('',(#9242),#9233,.T.);
#9244=CARTESIAN_POINT('',(-5.050000000001E0,0.E0,0.E0));
#9245=DIRECTION('',(-1.E0,0.E0,0.E0));
#9246=DIRECTION('',(0.E0,0.E0,1.E0));
#9247=AXIS2_PLACEMENT_3D('',#9244,#9245,#9246);
#9248=CONICAL_SURFACE('',#9247,1.008333333333E1,5.903624346793E1);
#9250=ORIENTED_EDGE('',*,*,#9249,.T.);
#9252=ORIENTED_EDGE('',*,*,#9251,.T.);
#9253=ORIENTED_EDGE('',*,*,#9234,.T.);
#9255=ORIENTED_EDGE('',*,*,#9254,.F.);
#9256=EDGE_LOOP('',(#9250,#9252,#9253,#9255));
#9257=FACE_OUTER_BOUND('',#9256,.F.);
#9258=ADVANCED_FACE('',(#9257),#9248,.T.);
#9259=CARTESIAN_POINT('',(0.E0,0.E0,0.E0));
#9260=DIRECTION('',(-1.E0,0.E0,0.E0));
#9261=DIRECTION('',(0.E0,0.E0,1.E0));
#9262=AXIS2_PLACEMENT_3D('',#9259,#9260,#9261);
#9263=CYLINDRICAL_SURFACE('',#9262,9.833333333333E0);
#9265=ORIENTED_EDGE('',*,*,#9264,.F.);
#9267=ORIENTED_EDGE('',*,*,#9266,.T.);
#9268=ORIENTED_EDGE('',*,*,#9249,.F.);
#9270=ORIENTED_EDGE('',*,*,#9269,.F.);
#9271=EDGE_LOOP('',(#9265,#9267,#9268,#9270));
#9272=FACE_OUTER_BOUND('',#9271,.F.);
#9273=ADVANCED_FACE('',(#9272),#9263,.T.);
#9274=CARTESIAN_POINT('',(-4.3E0,1.083333333333E1,0.E0));
#9275=DIRECTION('',(1.E0,0.E0,0.E0));
#9276=DIRECTION('',(0.E0,0.E0,-1.E0));
#9277=AXIS2_PLACEMENT_3D('',#9274,#9275,#9276);
#9278=PLANE('',#9277);
#9280=ORIENTED_EDGE('',*,*,#9279,.T.);
#9282=ORIENTED_EDGE('',*,*,#9281,.T.);
#9283=EDGE_LOOP('',(#9280,#9282));
#9284=FACE_OUTER_BOUND('',#9283,.F.);
#9285=ORIENTED_EDGE('',*,*,#9264,.T.);
#9287=ORIENTED_EDGE('',*,*,#9286,.T.);
#9288=EDGE_LOOP('',(#9285,#9287));
#9289=FACE_BOUND('',#9288,.F.);
#9290=ADVANCED_FACE('',(#9284,#9289),#9278,.F.);
#9291=CARTESIAN_POINT('',(0.E0,0.E0,0.E0));
#9292=DIRECTION('',(-1.E0,0.E0,0.E0));
#9293=DIRECTION('',(0.E0,0.E0,1.E0));
#9294=AXIS2_PLACEMENT_3D('',#9291,#9292,#9293);
#9295=CYLINDRICAL_SURFACE('',#9294,1.083333333333E1);
#9297=ORIENTED_EDGE('',*,*,#9296,.F.);
#9299=ORIENTED_EDGE('',*,*,#9298,.T.);
#9300=ORIENTED_EDGE('',*,*,#9279,.F.);
#9302=ORIENTED_EDGE('',*,*,#9301,.F.);
#9303=EDGE_LOOP('',(#9297,#9299,#9300,#9302));
#9304=FACE_OUTER_BOUND('',#9303,.F.);
#9305=ADVANCED_FACE('',(#9304),#9295,.T.);
#9306=CARTESIAN_POINT('',(0.E0,0.E0,0.E0));
#9307=DIRECTION('',(-1.E0,0.E0,0.E0));
#9308=DIRECTION('',(0.E0,0.E0,1.E0));
#9309=AXIS2_PLACEMENT_3D('',#9306,#9307,#9308);
#9310=TOROIDAL_SURFACE('',#9309,1.25E1,3.08E0);
#9312=ORIENTED_EDGE('',*,*,#9311,.F.);
#9313=ORIENTED_EDGE('',*,*,#9296,.T.);
#9315=ORIENTED_EDGE('',*,*,#9314,.T.);
#9317=ORIENTED_EDGE('',*,*,#9316,.F.);
#9318=EDGE_LOOP('',(#9312,#9313,#9315,#9317));
#9319=FACE_OUTER_BOUND('',#9318,.F.);
#9320=ADVANCED_FACE('',(#9319),#9310,.F.);
#9321=CARTESIAN_POINT('',(0.E0,0.E0,0.E0));
#9322=DIRECTION('',(-1.E0,0.E0,0.E0));
#9323=DIRECTION('',(0.E0,0.E0,1.E0));
#9324=AXIS2_PLACEMENT_3D('',#9321,#9322,#9323);
#9325=TOROIDAL_SURFACE('',#9324,1.25E1,3.08E0);
#9326=ORIENTED_EDGE('',*,*,#9314,.F.);
#9328=ORIENTED_EDGE('',*,*,#9327,.T.);
#9329=ORIENTED_EDGE('',*,*,#9311,.T.);
#9331=ORIENTED_EDGE('',*,*,#9330,.F.);
#9332=EDGE_LOOP('',(#9326,#9328,#9329,#9331));
#9333=FACE_OUTER_BOUND('',#9332,.F.);
#9334=ADVANCED_FACE('',(#9333),#9325,.F.);
#9335=CARTESIAN_POINT('',(0.E0,0.E0,0.E0));
#9336=DIRECTION('',(-1.E0,0.E0,0.E0));
#9337=DIRECTION('',(0.E0,0.E0,1.E0));
#9338=AXIS2_PLACEMENT_3D('',#9335,#9336,#9337);
#9339=CYLINDRICAL_SURFACE('',#9338,1.083333333333E1);
#9340=ORIENTED_EDGE('',*,*,#9301,.T.);
#9341=ORIENTED_EDGE('',*,*,#9281,.F.);
#9342=ORIENTED_EDGE('',*,*,#9298,.F.);
#9343=ORIENTED_EDGE('',*,*,#9327,.F.);
#9344=EDGE_LOOP('',(#9340,#9341,#9342,#9343));
#9345=FACE_OUTER_BOUND('',#9344,.F.);
#9346=ADVANCED_FACE('',(#9345),#9339,.T.);
#9347=CARTESIAN_POINT('',(0.E0,0.E0,0.E0));
#9348=DIRECTION('',(-1.E0,0.E0,0.E0));
#9349=DIRECTION('',(0.E0,0.E0,1.E0));
#9350=AXIS2_PLACEMENT_3D('',#9347,#9348,#9349);
#9351=TOROIDAL_SURFACE('',#9350,1.25E1,3.08E0);
#9352=ORIENTED_EDGE('',*,*,#9330,.T.);
#9354=ORIENTED_EDGE('',*,*,#9353,.T.);
#9355=ORIENTED_EDGE('',*,*,#9002,.T.);
#9357=ORIENTED_EDGE('',*,*,#9356,.F.);
#9358=EDGE_LOOP('',(#9352,#9354,#9355,#9357));
#9359=FACE_OUTER_BOUND('',#9358,.F.);
#9360=ADVANCED_FACE('',(#9359),#9351,.F.);
#9361=CARTESIAN_POINT('',(0.E0,0.E0,0.E0));
#9362=DIRECTION('',(-1.E0,0.E0,0.E0));
#9363=DIRECTION('',(0.E0,0.E0,1.E0));
#9364=AXIS2_PLACEMENT_3D('',#9361,#9362,#9363);
#9365=TOROIDAL_SURFACE('',#9364,1.25E1,3.08E0);
#9366=ORIENTED_EDGE('',*,*,#9316,.T.);
#9367=ORIENTED_EDGE('',*,*,#9356,.T.);
#9368=ORIENTED_EDGE('',*,*,#9019,.T.);
#9369=ORIENTED_EDGE('',*,*,#9353,.F.);
#9370=EDGE_LOOP('',(#9366,#9367,#9368,#9369));
#9371=FACE_OUTER_BOUND('',#9370,.F.);
#9372=ADVANCED_FACE('',(#9371),#9365,.F.);
#9373=CARTESIAN_POINT('',(0.E0,0.E0,0.E0));
#9374=DIRECTION('',(-1.E0,0.E0,0.E0));
#9375=DIRECTION('',(0.E0,0.E0,1.E0));
#9376=AXIS2_PLACEMENT_3D('',#9373,#9374,#9375);
#9377=CYLINDRICAL_SURFACE('',#9376,9.833333333333E0);
#9378=ORIENTED_EDGE('',*,*,#9269,.T.);
#9380=ORIENTED_EDGE('',*,*,#9379,.F.);
#9381=ORIENTED_EDGE('',*,*,#9266,.F.);
#9382=ORIENTED_EDGE('',*,*,#9286,.F.);
#9383=EDGE_LOOP('',(#9378,#9380,#9381,#9382));
#9384=FACE_OUTER_BOUND('',#9383,.F.);
#9385=ADVANCED_FACE('',(#9384),#9377,.T.);
#9386=CARTESIAN_POINT('',(-5.050000000001E0,0.E0,0.E0));
#9387=DIRECTION('',(-1.E0,0.E0,0.E0));
#9388=DIRECTION('',(0.E0,0.E0,1.E0));
#9389=AXIS2_PLACEMENT_3D('',#9386,#9387,#9388);
#9390=CONICAL_SURFACE('',#9389,1.008333333333E1,5.903624346793E1);
#9391=ORIENTED_EDGE('',*,*,#9254,.T.);
#9393=ORIENTED_EDGE('',*,*,#9392,.T.);
#9394=ORIENTED_EDGE('',*,*,#9251,.F.);
#9395=ORIENTED_EDGE('',*,*,#9379,.T.);
#9396=EDGE_LOOP('',(#9391,#9393,#9394,#9395));
#9397=FACE_OUTER_BOUND('',#9396,.F.);
#9398=ADVANCED_FACE('',(#9397),#9390,.T.);
#9399=CARTESIAN_POINT('',(0.E0,0.E0,0.E0));
#9400=DIRECTION('',(-1.E0,0.E0,0.E0));
#9401=DIRECTION('',(0.E0,0.E0,1.E0));
#9402=AXIS2_PLACEMENT_3D('',#9399,#9400,#9401);
#9403=CYLINDRICAL_SURFACE('',#9402,1.033333333333E1);
#9404=ORIENTED_EDGE('',*,*,#9239,.T.);
#9405=ORIENTED_EDGE('',*,*,#9220,.F.);
#9406=ORIENTED_EDGE('',*,*,#9236,.F.);
#9407=ORIENTED_EDGE('',*,*,#9392,.F.);
#9408=EDGE_LOOP('',(#9404,#9405,#9406,#9407));
#9409=FACE_OUTER_BOUND('',#9408,.F.);
#9410=ADVANCED_FACE('',(#9409),#9403,.T.);
#9411=CARTESIAN_POINT('',(0.E0,0.E0,0.E0));
#9412=DIRECTION('',(-1.E0,0.E0,0.E0));
#9413=DIRECTION('',(0.E0,0.E0,1.E0));
#9414=AXIS2_PLACEMENT_3D('',#9411,#9412,#9413);
#9415=CYLINDRICAL_SURFACE('',#9414,9.833333333333E0);
#9416=ORIENTED_EDGE('',*,*,#9051,.T.);
#9417=ORIENTED_EDGE('',*,*,#9036,.F.);
#9418=ORIENTED_EDGE('',*,*,#9048,.F.);
#9419=ORIENTED_EDGE('',*,*,#9080,.F.);
#9420=EDGE_LOOP('',(#9416,#9417,#9418,#9419));
#9421=FACE_OUTER_BOUND('',#9420,.F.);
#9422=ADVANCED_FACE('',(#9421),#9415,.T.);
#9423=CLOSED_SHELL('',(#9010,#9024,#9040,#9055,#9070,#9084,#9099,#9112,#9128,
#9143,#9158,#9172,#9184,#9199,#9212,#9228,#9243,#9258,#9273,#9290,#9305,#9320,
#9334,#9346,#9360,#9372,#9385,#9398,#9410,#9422));
#9424=MANIFOLD_SOLID_BREP('',#9423);
#9425=PRESENTATION_LAYER_ASSIGNMENT('INTFCLR_2771_4','',(#9010,#9024,#9040,
#9055,#9070,#9084,#9099,#9112,#9128,#9143,#9158,#9172,#9184,#9199,#9212,#9228,
#9243,#9258,#9273,#9290,#9305,#9320,#9334,#9346,#9360,#9372,#9385,#9398,#9410,
#9422,#9424));
#9426=PRESENTATION_LAYER_ASSIGNMENT('NONE_5_1','',(#9010,#9024,#9040,#9055,
#9070,#9084,#9099,#9112,#9128,#9143,#9158,#9172,#9184,#9199,#9212,#9228,#9243,
#9258,#9273,#9290,#9305,#9320,#9334,#9346,#9360,#9372,#9385,#9398,#9410,#9422,
#9424));
#9428=DIMENSIONAL_EXPONENTS(0.E0,0.E0,0.E0,0.E0,0.E0,0.E0,0.E0);
#9430=PLANE_ANGLE_MEASURE_WITH_UNIT(PLANE_ANGLE_MEASURE(1.745329251994E-2),
#9429);
#9431=(CONVERSION_BASED_UNIT('DEGREE',#9430)NAMED_UNIT(*)PLANE_ANGLE_UNIT());
#9433=UNCERTAINTY_MEASURE_WITH_UNIT(LENGTH_MEASURE(5.E-3),#9427,'closure',
'Maximum model space distance between geometric entities at asserted connectivities');
#9434=(GEOMETRIC_REPRESENTATION_CONTEXT(3)GLOBAL_UNCERTAINTY_ASSIGNED_CONTEXT((
#9433))GLOBAL_UNIT_ASSIGNED_CONTEXT((#9427,#9431,#9432))REPRESENTATION_CONTEXT(
'ID9','3'));
#9435=CARTESIAN_POINT('',(0.E0,0.E0,0.E0));
#9436=DIRECTION('',(0.E0,0.E0,1.E0));
#9437=DIRECTION('',(1.E0,0.E0,0.E0));
#9440=DESIGN_CONTEXT('',#329,'design');
#9441=MECHANICAL_CONTEXT('',#329,'mechanical');
#9442=PRODUCT('_1_2_3_400_1-12738','_1_2_3_400_1-12738','NOT SPECIFIED',
(#9441));
#9443=PRODUCT_DEFINITION_FORMATION_WITH_SPECIFIED_SOURCE('1','LAST_VERSION',
#9442,.MADE.);
#9449=CARTESIAN_POINT('',(0.E0,0.E0,0.E0));
#9450=DIRECTION('',(0.E0,0.E0,1.E0));
#9451=DIRECTION('',(1.E0,0.E0,0.E0));
#9452=AXIS2_PLACEMENT_3D('',#9449,#9450,#9451);
#9453=ITEM_DEFINED_TRANSFORMATION('','',#9438,#9452);
#9454=CARTESIAN_POINT('',(0.E0,0.E0,0.E0));
#9455=DIRECTION('',(0.E0,0.E0,1.E0));
#9456=DIRECTION('',(1.E0,0.E0,0.E0));
#9458=(REPRESENTATION_RELATIONSHIP('','',#9439,#340)REPRESENTATION_RELATIONSHIP_WITH_TRANSFORMATION(#9453)SHAPE_REPRESENTATION_RELATIONSHIP());
#9459=CONTEXT_DEPENDENT_SHAPE_REPRESENTATION(#9458,#9448);
#9460=CARTESIAN_POINT('',(0.E0,2.170602220837E0,1.231009691265E1));
#9461=DIRECTION('',(0.E0,9.848077530122E-1,-1.736481776669E-1));
#9462=DIRECTION('',(0.E0,-1.736481776669E-1,-9.848077530122E-1));
#9463=AXIS2_PLACEMENT_3D('',#9460,#9461,#9462);
#9465=CARTESIAN_POINT('',(0.E0,2.170602220837E0,1.231009691265E1));
#9466=DIRECTION('',(0.E0,1.736481776669E-1,9.848077530122E-1));
#9467=DIRECTION('',(-1.E0,0.E0,0.E0));
#9468=AXIS2_PLACEMENT_3D('',#9465,#9466,#9467);
#9470=CARTESIAN_POINT('',(0.E0,2.170602220837E0,1.231009691265E1));
#9471=DIRECTION('',(0.E0,-9.848077530122E-1,1.736481776669E-1));
#9472=DIRECTION('',(0.E0,-1.736481776669E-1,-9.848077530122E-1));
#9473=AXIS2_PLACEMENT_3D('',#9470,#9471,#9472);
#9475=CARTESIAN_POINT('',(0.E0,2.170602220837E0,1.231009691265E1));
#9476=DIRECTION('',(0.E0,1.736481776669E-1,9.848077530122E-1));
#9477=DIRECTION('',(0.E0,9.848077530122E-1,-1.736481776669E-1));
#9478=AXIS2_PLACEMENT_3D('',#9475,#9476,#9477);
#9480=CARTESIAN_POINT('',(0.E0,2.170602220837E0,1.231009691265E1));
#9481=DIRECTION('',(0.E0,-9.848077530122E-1,1.736481776669E-1));
#9482=DIRECTION('',(1.E0,0.E0,0.E0));
#9483=AXIS2_PLACEMENT_3D('',#9480,#9481,#9482);
#9485=CARTESIAN_POINT('',(0.E0,2.170602220837E0,1.231009691265E1));
#9486=DIRECTION('',(0.E0,-1.736481776669E-1,-9.848077530122E-1));
#9487=DIRECTION('',(0.E0,9.848077530122E-1,-1.736481776669E-1));
#9488=AXIS2_PLACEMENT_3D('',#9485,#9486,#9487);
#9490=CARTESIAN_POINT('',(0.E0,2.170602220837E0,1.231009691265E1));
#9491=DIRECTION('',(0.E0,9.848077530122E-1,-1.736481776669E-1));
#9492=DIRECTION('',(-1.E0,0.E0,0.E0));
#9493=AXIS2_PLACEMENT_3D('',#9490,#9491,#9492);
#9495=CARTESIAN_POINT('',(0.E0,2.170602220837E0,1.231009691265E1));
#9496=DIRECTION('',(0.E0,-1.736481776669E-1,-9.848077530122E-1));
#9497=DIRECTION('',(1.E0,0.E0,0.E0));
#9498=AXIS2_PLACEMENT_3D('',#9495,#9496,#9497);
#9500=CARTESIAN_POINT('',(0.E0,1.635765833623E0,9.276889033372E0));
#9501=CARTESIAN_POINT('',(-3.08E0,2.170602220837E0,1.231009691265E1));
#9502=VERTEX_POINT('',#9500);
#9503=VERTEX_POINT('',#9501);
#9504=CARTESIAN_POINT('',(0.E0,-8.626056584406E-1,1.284493329986E1));
#9505=VERTEX_POINT('',#9504);
#9506=CARTESIAN_POINT('',(3.08E0,2.170602220837E0,1.231009691265E1));
#9507=VERTEX_POINT('',#9506);
#9508=CARTESIAN_POINT('',(0.E0,5.203810100115E0,1.177526052544E1));
#9509=VERTEX_POINT('',#9508);
#9510=CARTESIAN_POINT('',(0.E0,2.705438608051E0,1.534330479193E1));
#9511=VERTEX_POINT('',#9510);
#9512=CARTESIAN_POINT('',(0.E0,2.170602220837E0,1.231009691265E1));
#9513=DIRECTION('',(0.E0,9.848077530122E-1,-1.736481776669E-1));
#9514=DIRECTION('',(1.E0,0.E0,0.E0));
#9515=AXIS2_PLACEMENT_3D('',#9512,#9513,#9514);
#9516=SPHERICAL_SURFACE('',#9515,3.08E0);
#9518=ORIENTED_EDGE('',*,*,#9517,.T.);
#9520=ORIENTED_EDGE('',*,*,#9519,.T.);
#9522=ORIENTED_EDGE('',*,*,#9521,.F.);
#9524=ORIENTED_EDGE('',*,*,#9523,.F.);
#9525=EDGE_LOOP('',(#9518,#9520,#9522,#9524));
#9526=FACE_OUTER_BOUND('',#9525,.F.);
#9527=ADVANCED_FACE('',(#9526),#9516,.T.);
#9528=CARTESIAN_POINT('',(0.E0,2.170602220837E0,1.231009691265E1));
#9529=DIRECTION('',(0.E0,9.848077530122E-1,-1.736481776669E-1));
#9530=DIRECTION('',(1.E0,0.E0,0.E0));
#9531=AXIS2_PLACEMENT_3D('',#9528,#9529,#9530);
#9532=SPHERICAL_SURFACE('',#9531,3.08E0);
#9533=ORIENTED_EDGE('',*,*,#9523,.T.);
#9535=ORIENTED_EDGE('',*,*,#9534,.F.);
#9537=ORIENTED_EDGE('',*,*,#9536,.T.);
#9538=ORIENTED_EDGE('',*,*,#9517,.F.);
#9539=EDGE_LOOP('',(#9533,#9535,#9537,#9538));
#9540=FACE_OUTER_BOUND('',#9539,.F.);
#9541=ADVANCED_FACE('',(#9540),#9532,.T.);
#9542=CARTESIAN_POINT('',(0.E0,2.170602220837E0,1.231009691265E1));
#9543=DIRECTION('',(0.E0,9.848077530122E-1,-1.736481776669E-1));
#9544=DIRECTION('',(1.E0,0.E0,0.E0));
#9545=AXIS2_PLACEMENT_3D('',#9542,#9543,#9544);
#9546=SPHERICAL_SURFACE('',#9545,3.08E0);
#9548=ORIENTED_EDGE('',*,*,#9547,.T.);
#9550=ORIENTED_EDGE('',*,*,#9549,.F.);
#9551=ORIENTED_EDGE('',*,*,#9536,.F.);
#9552=ORIENTED_EDGE('',*,*,#9534,.T.);
#9553=EDGE_LOOP('',(#9548,#9550,#9551,#9552));
#9554=FACE_OUTER_BOUND('',#9553,.F.);
#9555=ADVANCED_FACE('',(#9554),#9546,.T.);
#9556=CARTESIAN_POINT('',(0.E0,2.170602220837E0,1.231009691265E1));
#9557=DIRECTION('',(0.E0,9.848077530122E-1,-1.736481776669E-1));
#9558=DIRECTION('',(1.E0,0.E0,0.E0));
#9559=AXIS2_PLACEMENT_3D('',#9556,#9557,#9558);
#9560=SPHERICAL_SURFACE('',#9559,3.08E0);
#9561=ORIENTED_EDGE('',*,*,#9549,.T.);
#9562=ORIENTED_EDGE('',*,*,#9547,.F.);
#9563=ORIENTED_EDGE('',*,*,#9521,.T.);
#9564=ORIENTED_EDGE('',*,*,#9519,.F.);
#9565=EDGE_LOOP('',(#9561,#9562,#9563,#9564));
#9566=FACE_OUTER_BOUND('',#9565,.F.);
#9567=ADVANCED_FACE('',(#9566),#9560,.T.);
#9568=CLOSED_SHELL('',(#9527,#9541,#9555,#9567));
#9569=MANIFOLD_SOLID_BREP('',#9568);
#9570=PRESENTATION_LAYER_ASSIGNMENT('INTFCLR_2771_7','',(#9527,#9541,#9555,
#9567,#9569));
#9571=PRESENTATION_LAYER_ASSIGNMENT('NONE','',(#9527,#9541,#9555,#9567,#9569));
#9573=DIMENSIONAL_EXPONENTS(0.E0,0.E0,0.E0,0.E0,0.E0,0.E0,0.E0);
#9575=PLANE_ANGLE_MEASURE_WITH_UNIT(PLANE_ANGLE_MEASURE(1.745329251994E-2),
#9574);
#9576=(CONVERSION_BASED_UNIT('DEGREE',#9575)NAMED_UNIT(*)PLANE_ANGLE_UNIT());
#9578=UNCERTAINTY_MEASURE_WITH_UNIT(LENGTH_MEASURE(5.E-3),#9572,'closure',
'Maximum model space distance between geometric entities at asserted connectivities');
#9579=(GEOMETRIC_REPRESENTATION_CONTEXT(3)GLOBAL_UNCERTAINTY_ASSIGNED_CONTEXT((
#9578))GLOBAL_UNIT_ASSIGNED_CONTEXT((#9572,#9576,#9577))REPRESENTATION_CONTEXT(
'ID10','3'));
#9580=CARTESIAN_POINT('',(0.E0,0.E0,0.E0));
#9581=DIRECTION('',(0.E0,0.E0,1.E0));
#9582=DIRECTION('',(1.E0,0.E0,0.E0));
#9585=MECHANICAL_CONTEXT('',#329,'mechanical');
#9586=PRODUCT('_2__1_2_3_4000_1','_2__1_2_3_4000_1','NOT SPECIFIED',(#9585));
#9587=PRODUCT_DEFINITION_FORMATION_WITH_SPECIFIED_SOURCE('1','LAST_VERSION',
#9586,.MADE.);
#9593=CARTESIAN_POINT('',(0.E0,0.E0,0.E0));
#9594=DIRECTION('',(0.E0,0.E0,1.E0));
#9595=DIRECTION('',(1.E0,0.E0,0.E0));
#9596=AXIS2_PLACEMENT_3D('',#9593,#9594,#9595);
#9597=ITEM_DEFINED_TRANSFORMATION('','',#9583,#9596);
#9598=CARTESIAN_POINT('',(0.E0,0.E0,0.E0));
#9599=DIRECTION('',(0.E0,0.E0,1.E0));
#9600=DIRECTION('',(1.E0,0.E0,0.E0));
#9602=(REPRESENTATION_RELATIONSHIP('','',#9584,#340)REPRESENTATION_RELATIONSHIP_WITH_TRANSFORMATION(#9597)SHAPE_REPRESENTATION_RELATIONSHIP());
#9603=CONTEXT_DEPENDENT_SHAPE_REPRESENTATION(#9602,#9592);
#9604=CARTESIAN_POINT('',(4.9E0,0.E0,1.69E1));
#9605=DIRECTION('',(0.E0,-1.E0,0.E0));
#9606=DIRECTION('',(1.E0,0.E0,0.E0));
#9607=AXIS2_PLACEMENT_3D('',#9604,#9605,#9606);
#9609=CARTESIAN_POINT('',(4.9E0,0.E0,0.E0));
#9610=DIRECTION('',(-1.E0,0.E0,0.E0));
#9611=DIRECTION('',(0.E0,0.E0,1.E0));
#9612=AXIS2_PLACEMENT_3D('',#9609,#9610,#9611);
#9614=CARTESIAN_POINT('',(5.5E0,0.E0,0.E0));
#9615=DIRECTION('',(-1.E0,0.E0,0.E0));
#9616=DIRECTION('',(0.E0,0.E0,1.E0));
#9617=AXIS2_PLACEMENT_3D('',#9614,#9615,#9616);
#9619=CARTESIAN_POINT('',(5.5E0,0.E0,0.E0));
#9620=DIRECTION('',(-1.E0,0.E0,0.E0));
#9621=DIRECTION('',(0.E0,0.E0,-1.E0));
#9622=AXIS2_PLACEMENT_3D('',#9619,#9620,#9621);
#9624=CARTESIAN_POINT('',(5.5E0,0.E0,0.E0));
#9625=DIRECTION('',(1.E0,0.E0,0.E0));
#9626=DIRECTION('',(0.E0,0.E0,-1.E0));
#9627=AXIS2_PLACEMENT_3D('',#9624,#9625,#9626);
#9629=CARTESIAN_POINT('',(5.5E0,0.E0,0.E0));
#9630=DIRECTION('',(1.E0,0.E0,0.E0));
#9631=DIRECTION('',(0.E0,0.E0,1.E0));
#9632=AXIS2_PLACEMENT_3D('',#9629,#9630,#9631);
#9634=CARTESIAN_POINT('',(4.9E0,0.E0,-1.69E1));
#9635=DIRECTION('',(0.E0,1.E0,0.E0));
#9636=DIRECTION('',(1.E0,0.E0,0.E0));
#9637=AXIS2_PLACEMENT_3D('',#9634,#9635,#9636);
#9639=CARTESIAN_POINT('',(4.9E0,0.E0,0.E0));
#9640=DIRECTION('',(-1.E0,0.E0,0.E0));
#9641=DIRECTION('',(0.E0,0.E0,-1.E0));
#9642=AXIS2_PLACEMENT_3D('',#9639,#9640,#9641);
#9644=DIRECTION('',(-1.E0,0.E0,0.E0));
#9645=VECTOR('',#9644,9.8E0);
#9646=CARTESIAN_POINT('',(4.9E0,0.E0,-1.75E1));
#9647=LINE('',#9646,#9645);
#9648=DIRECTION('',(-1.E0,0.E0,0.E0));
#9649=VECTOR('',#9648,9.8E0);
#9650=CARTESIAN_POINT('',(4.9E0,0.E0,1.75E1));
#9651=LINE('',#9650,#9649);
#9652=CARTESIAN_POINT('',(-4.9E0,0.E0,0.E0));
#9653=DIRECTION('',(1.E0,0.E0,0.E0));
#9654=DIRECTION('',(0.E0,0.E0,-1.E0));
#9655=AXIS2_PLACEMENT_3D('',#9652,#9653,#9654);
#9657=CARTESIAN_POINT('',(-4.9E0,0.E0,1.69E1));
#9658=DIRECTION('',(0.E0,-1.E0,0.E0));
#9659=DIRECTION('',(0.E0,0.E0,1.E0));
#9660=AXIS2_PLACEMENT_3D('',#9657,#9658,#9659);
#9662=CARTESIAN_POINT('',(-4.9E0,0.E0,-1.69E1));
#9663=DIRECTION('',(0.E0,1.E0,0.E0));
#9664=DIRECTION('',(0.E0,0.E0,-1.E0));
#9665=AXIS2_PLACEMENT_3D('',#9662,#9663,#9664);
#9667=CARTESIAN_POINT('',(-4.9E0,0.E0,0.E0));
#9668=DIRECTION('',(1.E0,0.E0,0.E0));
#9669=DIRECTION('',(0.E0,0.E0,1.E0));
#9670=AXIS2_PLACEMENT_3D('',#9667,#9668,#9669);
#9672=CARTESIAN_POINT('',(-5.5E0,0.E0,0.E0));
#9673=DIRECTION('',(1.E0,0.E0,0.E0));
#9674=DIRECTION('',(0.E0,0.E0,-1.E0));
#9675=AXIS2_PLACEMENT_3D('',#9672,#9673,#9674);
#9677=CARTESIAN_POINT('',(-5.5E0,0.E0,0.E0));
#9678=DIRECTION('',(1.E0,0.E0,0.E0));
#9679=DIRECTION('',(0.E0,0.E0,1.E0));
#9680=AXIS2_PLACEMENT_3D('',#9677,#9678,#9679);
#9682=CARTESIAN_POINT('',(-5.5E0,0.E0,0.E0));
#9683=DIRECTION('',(-1.E0,0.E0,0.E0));
#9684=DIRECTION('',(0.E0,0.E0,1.E0));
#9685=AXIS2_PLACEMENT_3D('',#9682,#9683,#9684);
#9687=CARTESIAN_POINT('',(-5.5E0,0.E0,0.E0));
#9688=DIRECTION('',(-1.E0,0.E0,0.E0));
#9689=DIRECTION('',(0.E0,0.E0,-1.E0));
#9690=AXIS2_PLACEMENT_3D('',#9687,#9688,#9689);
#9692=DIRECTION('',(-1.E0,0.E0,-2.368475785867E-14));
#9693=VECTOR('',#9692,3.E-1);
#9694=CARTESIAN_POINT('',(-5.2E0,0.E0,-1.466666666667E1));
#9695=LINE('',#9694,#9693);
#9696=DIRECTION('',(-1.E0,0.E0,2.368475785867E-14));
#9697=VECTOR('',#9696,3.E-1);
#9698=CARTESIAN_POINT('',(-5.2E0,0.E0,1.466666666667E1));
#9699=LINE('',#9698,#9697);
#9700=CARTESIAN_POINT('',(-5.2E0,0.E0,0.E0));
#9701=DIRECTION('',(1.E0,0.E0,0.E0));
#9702=DIRECTION('',(0.E0,0.E0,1.E0));
#9703=AXIS2_PLACEMENT_3D('',#9700,#9701,#9702);
#9705=DIRECTION('',(5.144957554275E-1,0.E0,-8.574929257126E-1));
#9706=VECTOR('',#9705,5.830951894845E-1);
#9707=CARTESIAN_POINT('',(-5.2E0,0.E0,-1.466666666667E1));
#9708=LINE('',#9707,#9706);
#9709=CARTESIAN_POINT('',(-4.9E0,0.E0,0.E0));
#9710=DIRECTION('',(-1.E0,0.E0,0.E0));
#9711=DIRECTION('',(0.E0,0.E0,-1.E0));
#9712=AXIS2_PLACEMENT_3D('',#9709,#9710,#9711);
#9714=DIRECTION('',(5.144957554275E-1,0.E0,8.574929257126E-1));
#9715=VECTOR('',#9714,5.830951894845E-1);
#9716=CARTESIAN_POINT('',(-5.2E0,0.E0,1.466666666667E1));
#9717=LINE('',#9716,#9715);
#9718=CARTESIAN_POINT('',(-4.9E0,0.E0,0.E0));
#9719=DIRECTION('',(-1.E0,0.E0,0.E0));
#9720=DIRECTION('',(0.E0,0.E0,1.E0));
#9721=AXIS2_PLACEMENT_3D('',#9718,#9719,#9720);
#9723=CARTESIAN_POINT('',(-5.2E0,0.E0,0.E0));
#9724=DIRECTION('',(1.E0,0.E0,0.E0));
#9725=DIRECTION('',(0.E0,0.E0,-1.E0));
#9726=AXIS2_PLACEMENT_3D('',#9723,#9724,#9725);
#9728=DIRECTION('',(-1.E0,0.E0,-1.184237892933E-14));
#9729=VECTOR('',#9728,6.E-1);
#9730=CARTESIAN_POINT('',(-4.3E0,0.E0,-1.516666666667E1));
#9731=LINE('',#9730,#9729);
#9732=DIRECTION('',(-1.E0,0.E0,1.184237892933E-14));
#9733=VECTOR('',#9732,6.E-1);
#9734=CARTESIAN_POINT('',(-4.3E0,0.E0,1.516666666667E1));
#9735=LINE('',#9734,#9733);
#9736=CARTESIAN_POINT('',(-4.3E0,0.E0,0.E0));
#9737=DIRECTION('',(1.E0,0.E0,0.E0));
#9738=DIRECTION('',(0.E0,0.E0,-1.E0));
#9739=AXIS2_PLACEMENT_3D('',#9736,#9737,#9738);
#9741=CARTESIAN_POINT('',(-4.3E0,0.E0,0.E0));
#9742=DIRECTION('',(1.E0,0.E0,0.E0));
#9743=DIRECTION('',(0.E0,0.E0,1.E0));
#9744=AXIS2_PLACEMENT_3D('',#9741,#9742,#9743);
#9746=CARTESIAN_POINT('',(-4.3E0,0.E0,0.E0));
#9747=DIRECTION('',(-1.E0,0.E0,0.E0));
#9748=DIRECTION('',(0.E0,0.E0,1.E0));
#9749=AXIS2_PLACEMENT_3D('',#9746,#9747,#9748);
#9751=CARTESIAN_POINT('',(-4.3E0,0.E0,0.E0));
#9752=DIRECTION('',(-1.E0,0.E0,0.E0));
#9753=DIRECTION('',(0.E0,0.E0,-1.E0));
#9754=AXIS2_PLACEMENT_3D('',#9751,#9752,#9753);
#9756=DIRECTION('',(-1.E0,0.E0,-3.126987911146E-13));
#9757=VECTOR('',#9756,1.709899186862E0);
#9758=CARTESIAN_POINT('',(-2.590100813138E0,0.E0,-1.416666666667E1));
#9759=LINE('',#9758,#9757);
#9760=DIRECTION('',(-1.E0,0.E0,3.126987911146E-13));
#9761=VECTOR('',#9760,1.709899186862E0);
#9762=CARTESIAN_POINT('',(-2.590100813138E0,0.E0,1.416666666667E1));
#9763=LINE('',#9762,#9761);
#9764=CARTESIAN_POINT('',(2.590100813137E0,0.E0,0.E0));
#9765=DIRECTION('',(-1.E0,0.E0,0.E0));
#9766=DIRECTION('',(0.E0,0.E0,-1.E0));
#9767=AXIS2_PLACEMENT_3D('',#9764,#9765,#9766);
#9769=CARTESIAN_POINT('',(0.E0,0.E0,1.25E1));
#9770=DIRECTION('',(0.E0,-1.E0,0.E0));
#9771=DIRECTION('',(8.409418224472E-1,0.E0,5.411255411263E-1));
#9772=AXIS2_PLACEMENT_3D('',#9769,#9770,#9771);
#9774=CARTESIAN_POINT('',(0.E0,0.E0,1.25E1));
#9775=DIRECTION('',(0.E0,-1.E0,0.E0));
#9776=DIRECTION('',(0.E0,0.E0,1.E0));
#9777=AXIS2_PLACEMENT_3D('',#9774,#9775,#9776);
#9779=CARTESIAN_POINT('',(-2.590100813137E0,0.E0,0.E0));
#9780=DIRECTION('',(1.E0,0.E0,0.E0));
#9781=DIRECTION('',(0.E0,0.E0,1.E0));
#9782=AXIS2_PLACEMENT_3D('',#9779,#9780,#9781);
#9784=DIRECTION('',(-1.E0,0.E0,-3.126987911146E-13));
#9785=VECTOR('',#9784,1.709899186862E0);
#9786=CARTESIAN_POINT('',(4.3E0,0.E0,1.416666666667E1));
#9787=LINE('',#9786,#9785);
#9788=CARTESIAN_POINT('',(4.3E0,0.E0,0.E0));
#9789=DIRECTION('',(-1.E0,0.E0,0.E0));
#9790=DIRECTION('',(0.E0,0.E0,1.E0));
#9791=AXIS2_PLACEMENT_3D('',#9788,#9789,#9790);
#9793=CARTESIAN_POINT('',(4.3E0,0.E0,0.E0));
#9794=DIRECTION('',(-1.E0,0.E0,0.E0));
#9795=DIRECTION('',(0.E0,0.E0,-1.E0));
#9796=AXIS2_PLACEMENT_3D('',#9793,#9794,#9795);
#9798=CARTESIAN_POINT('',(4.3E0,0.E0,0.E0));
#9799=DIRECTION('',(1.E0,0.E0,0.E0));
#9800=DIRECTION('',(0.E0,0.E0,-1.E0));
#9801=AXIS2_PLACEMENT_3D('',#9798,#9799,#9800);
#9803=CARTESIAN_POINT('',(4.3E0,0.E0,0.E0));
#9804=DIRECTION('',(1.E0,0.E0,0.E0));
#9805=DIRECTION('',(0.E0,0.E0,1.E0));
#9806=AXIS2_PLACEMENT_3D('',#9803,#9804,#9805);
#9808=DIRECTION('',(-1.E0,0.E0,1.184237892933E-14));
#9809=VECTOR('',#9808,6.E-1);
#9810=CARTESIAN_POINT('',(4.9E0,0.E0,-1.516666666667E1));
#9811=LINE('',#9810,#9809);
#9812=DIRECTION('',(-1.E0,0.E0,-1.184237892933E-14));
#9813=VECTOR('',#9812,6.E-1);
#9814=CARTESIAN_POINT('',(4.9E0,0.E0,1.516666666667E1));
#9815=LINE('',#9814,#9813);
#9816=CARTESIAN_POINT('',(5.2E0,0.E0,0.E0));
#9817=DIRECTION('',(-1.E0,0.E0,0.E0));
#9818=DIRECTION('',(0.E0,0.E0,-1.E0));
#9819=AXIS2_PLACEMENT_3D('',#9816,#9817,#9818);
#9821=DIRECTION('',(-5.144957554275E-1,0.E0,8.574929257126E-1));
#9822=VECTOR('',#9821,5.830951894845E-1);
#9823=CARTESIAN_POINT('',(5.2E0,0.E0,1.466666666667E1));
#9824=LINE('',#9823,#9822);
#9825=CARTESIAN_POINT('',(4.9E0,0.E0,0.E0));
#9826=DIRECTION('',(1.E0,0.E0,0.E0));
#9827=DIRECTION('',(0.E0,0.E0,1.E0));
#9828=AXIS2_PLACEMENT_3D('',#9825,#9826,#9827);
#9830=DIRECTION('',(-1.E0,0.E0,-2.368475785867E-14));
#9831=VECTOR('',#9830,3.E-1);
#9832=CARTESIAN_POINT('',(5.5E0,0.E0,1.466666666667E1));
#9833=LINE('',#9832,#9831);
#9834=DIRECTION('',(-1.E0,0.E0,2.368475785867E-14));
#9835=VECTOR('',#9834,3.E-1);
#9836=CARTESIAN_POINT('',(5.5E0,0.E0,-1.466666666667E1));
#9837=LINE('',#9836,#9835);
#9838=DIRECTION('',(-5.144957554275E-1,0.E0,-8.574929257126E-1));
#9839=VECTOR('',#9838,5.830951894845E-1);
#9840=CARTESIAN_POINT('',(5.2E0,0.E0,-1.466666666667E1));
#9841=LINE('',#9840,#9839);
#9842=CARTESIAN_POINT('',(4.9E0,0.E0,0.E0));
#9843=DIRECTION('',(1.E0,0.E0,0.E0));
#9844=DIRECTION('',(0.E0,0.E0,-1.E0));
#9845=AXIS2_PLACEMENT_3D('',#9842,#9843,#9844);
#9847=CARTESIAN_POINT('',(5.2E0,0.E0,0.E0));
#9848=DIRECTION('',(-1.E0,0.E0,0.E0));
#9849=DIRECTION('',(0.E0,0.E0,1.E0));
#9850=AXIS2_PLACEMENT_3D('',#9847,#9848,#9849);
#9852=DIRECTION('',(-1.E0,0.E0,3.126987911146E-13));
#9853=VECTOR('',#9852,1.709899186862E0);
#9854=CARTESIAN_POINT('',(4.3E0,0.E0,-1.416666666667E1));
#9855=LINE('',#9854,#9853);
#9856=CARTESIAN_POINT('',(0.E0,0.E0,-1.25E1));
#9857=DIRECTION('',(0.E0,1.E0,0.E0));
#9858=DIRECTION('',(0.E0,0.E0,-1.E0));
#9859=AXIS2_PLACEMENT_3D('',#9856,#9857,#9858);
#9861=CARTESIAN_POINT('',(-2.590100813137E0,0.E0,0.E0));
#9862=DIRECTION('',(1.E0,0.E0,0.E0));
#9863=DIRECTION('',(0.E0,0.E0,-1.E0));
#9864=AXIS2_PLACEMENT_3D('',#9861,#9862,#9863);
#9866=CARTESIAN_POINT('',(2.590100813137E0,0.E0,0.E0));
#9867=DIRECTION('',(-1.E0,0.E0,0.E0));
#9868=DIRECTION('',(0.E0,0.E0,1.E0));
#9869=AXIS2_PLACEMENT_3D('',#9866,#9867,#9868);
#9871=CARTESIAN_POINT('',(0.E0,0.E0,-1.25E1));
#9872=DIRECTION('',(0.E0,1.E0,0.E0));
#9873=DIRECTION('',(8.409418224472E-1,0.E0,-5.411255411263E-1));
#9874=AXIS2_PLACEMENT_3D('',#9871,#9872,#9873);
#9876=CARTESIAN_POINT('',(5.5E0,0.E0,1.69E1));
#9877=CARTESIAN_POINT('',(5.5E0,0.E0,-1.69E1));
#9878=VERTEX_POINT('',#9876);
#9879=VERTEX_POINT('',#9877);
#9880=CARTESIAN_POINT('',(4.9E0,0.E0,1.75E1));
#9881=VERTEX_POINT('',#9880);
#9882=CARTESIAN_POINT('',(4.9E0,0.E0,-1.75E1));
#9883=VERTEX_POINT('',#9882);
#9884=CARTESIAN_POINT('',(5.5E0,0.E0,-1.466666666667E1));
#9885=CARTESIAN_POINT('',(5.5E0,0.E0,1.466666666667E1));
#9886=VERTEX_POINT('',#9884);
#9887=VERTEX_POINT('',#9885);
#9888=CARTESIAN_POINT('',(-4.9E0,0.E0,-1.75E1));
#9889=VERTEX_POINT('',#9888);
#9890=CARTESIAN_POINT('',(-4.9E0,0.E0,1.75E1));
#9891=VERTEX_POINT('',#9890);
#9892=CARTESIAN_POINT('',(-5.5E0,0.E0,1.69E1));
#9893=VERTEX_POINT('',#9892);
#9894=CARTESIAN_POINT('',(-5.5E0,0.E0,-1.69E1));
#9895=VERTEX_POINT('',#9894);
#9896=CARTESIAN_POINT('',(-5.5E0,0.E0,1.466666666667E1));
#9897=CARTESIAN_POINT('',(-5.5E0,0.E0,-1.466666666667E1));
#9898=VERTEX_POINT('',#9896);
#9899=VERTEX_POINT('',#9897);
#9900=CARTESIAN_POINT('',(-5.2E0,0.E0,-1.466666666667E1));
#9901=VERTEX_POINT('',#9900);
#9902=CARTESIAN_POINT('',(-5.2E0,0.E0,1.466666666667E1));
#9903=VERTEX_POINT('',#9902);
#9904=CARTESIAN_POINT('',(-4.9E0,0.E0,-1.516666666667E1));
#9905=VERTEX_POINT('',#9904);
#9906=CARTESIAN_POINT('',(-4.9E0,0.E0,1.516666666667E1));
#9907=VERTEX_POINT('',#9906);
#9908=CARTESIAN_POINT('',(-4.3E0,0.E0,-1.516666666667E1));
#9909=VERTEX_POINT('',#9908);
#9910=CARTESIAN_POINT('',(-4.3E0,0.E0,1.516666666667E1));
#9911=VERTEX_POINT('',#9910);
#9912=CARTESIAN_POINT('',(-4.3E0,0.E0,1.416666666667E1));
#9913=CARTESIAN_POINT('',(-4.3E0,0.E0,-1.416666666667E1));
#9914=VERTEX_POINT('',#9912);
#9915=VERTEX_POINT('',#9913);
#9916=CARTESIAN_POINT('',(-2.590100813138E0,0.E0,-1.416666666667E1));
#9917=VERTEX_POINT('',#9916);
#9918=CARTESIAN_POINT('',(-2.590100813138E0,0.E0,1.416666666667E1));
#9919=VERTEX_POINT('',#9918);
#9920=CARTESIAN_POINT('',(2.590100813137E0,0.E0,-1.416666666667E1));
#9921=CARTESIAN_POINT('',(2.590100813137E0,0.E0,1.416666666667E1));
#9922=VERTEX_POINT('',#9920);
#9923=VERTEX_POINT('',#9921);
#9924=CARTESIAN_POINT('',(0.E0,0.E0,1.558E1));
#9925=VERTEX_POINT('',#9924);
#9926=CARTESIAN_POINT('',(0.E0,0.E0,-1.558E1));
#9927=VERTEX_POINT('',#9926);
#9928=CARTESIAN_POINT('',(4.3E0,0.E0,1.416666666667E1));
#9929=CARTESIAN_POINT('',(4.3E0,0.E0,-1.416666666667E1));
#9930=VERTEX_POINT('',#9928);
#9931=VERTEX_POINT('',#9929);
#9932=CARTESIAN_POINT('',(4.3E0,0.E0,1.516666666667E1));
#9933=CARTESIAN_POINT('',(4.3E0,0.E0,-1.516666666667E1));
#9934=VERTEX_POINT('',#9932);
#9935=VERTEX_POINT('',#9933);
#9936=CARTESIAN_POINT('',(4.9E0,0.E0,-1.516666666667E1));
#9937=VERTEX_POINT('',#9936);
#9938=CARTESIAN_POINT('',(4.9E0,0.E0,1.516666666667E1));
#9939=VERTEX_POINT('',#9938);
#9940=CARTESIAN_POINT('',(5.2E0,0.E0,-1.466666666667E1));
#9941=CARTESIAN_POINT('',(5.2E0,0.E0,1.466666666667E1));
#9942=VERTEX_POINT('',#9940);
#9943=VERTEX_POINT('',#9941);
#9944=CARTESIAN_POINT('',(4.9E0,0.E0,0.E0));
#9945=DIRECTION('',(-1.E0,0.E0,0.E0));
#9946=DIRECTION('',(0.E0,0.E0,1.E0));
#9947=AXIS2_PLACEMENT_3D('',#9944,#9945,#9946);
#9948=TOROIDAL_SURFACE('',#9947,1.69E1,6.E-1);
#9950=ORIENTED_EDGE('',*,*,#9949,.F.);
#9952=ORIENTED_EDGE('',*,*,#9951,.T.);
#9954=ORIENTED_EDGE('',*,*,#9953,.T.);
#9956=ORIENTED_EDGE('',*,*,#9955,.F.);
#9957=EDGE_LOOP('',(#9950,#9952,#9954,#9956));
#9958=FACE_OUTER_BOUND('',#9957,.F.);
#9959=ADVANCED_FACE('',(#9958),#9948,.T.);
#9960=CARTESIAN_POINT('',(5.5E0,1.69E1,0.E0));
#9961=DIRECTION('',(-1.E0,0.E0,0.E0));
#9962=DIRECTION('',(0.E0,0.E0,1.E0));
#9963=AXIS2_PLACEMENT_3D('',#9960,#9961,#9962);
#9964=PLANE('',#9963);
#9965=ORIENTED_EDGE('',*,*,#9949,.T.);
#9967=ORIENTED_EDGE('',*,*,#9966,.T.);
#9968=EDGE_LOOP('',(#9965,#9967));
#9969=FACE_OUTER_BOUND('',#9968,.F.);
#9971=ORIENTED_EDGE('',*,*,#9970,.T.);
#9973=ORIENTED_EDGE('',*,*,#9972,.T.);
#9974=EDGE_LOOP('',(#9971,#9973));
#9975=FACE_BOUND('',#9974,.F.);
#9976=ADVANCED_FACE('',(#9969,#9975),#9964,.F.);
#9977=CARTESIAN_POINT('',(4.9E0,0.E0,0.E0));
#9978=DIRECTION('',(-1.E0,0.E0,0.E0));
#9979=DIRECTION('',(0.E0,0.E0,1.E0));
#9980=AXIS2_PLACEMENT_3D('',#9977,#9978,#9979);
#9981=TOROIDAL_SURFACE('',#9980,1.69E1,6.E-1);
#9982=ORIENTED_EDGE('',*,*,#9955,.T.);
#9984=ORIENTED_EDGE('',*,*,#9983,.T.);
#9985=ORIENTED_EDGE('',*,*,#9951,.F.);
#9986=ORIENTED_EDGE('',*,*,#9966,.F.);
#9987=EDGE_LOOP('',(#9982,#9984,#9985,#9986));
#9988=FACE_OUTER_BOUND('',#9987,.F.);
#9989=ADVANCED_FACE('',(#9988),#9981,.T.);
#9990=CARTESIAN_POINT('',(0.E0,0.E0,0.E0));
#9991=DIRECTION('',(-1.E0,0.E0,0.E0));
#9992=DIRECTION('',(0.E0,0.E0,1.E0));
#9993=AXIS2_PLACEMENT_3D('',#9990,#9991,#9992);
#9994=CYLINDRICAL_SURFACE('',#9993,1.75E1);
#9996=ORIENTED_EDGE('',*,*,#9995,.T.);
#9998=ORIENTED_EDGE('',*,*,#9997,.F.);
#10000=ORIENTED_EDGE('',*,*,#9999,.F.);
#10001=ORIENTED_EDGE('',*,*,#9983,.F.);
#10002=EDGE_LOOP('',(#9996,#9998,#10000,#10001));
#10003=FACE_OUTER_BOUND('',#10002,.F.);
#10004=ADVANCED_FACE('',(#10003),#9994,.T.);
#10005=CARTESIAN_POINT('',(0.E0,0.E0,0.E0));
#10006=DIRECTION('',(-1.E0,0.E0,0.E0));
#10007=DIRECTION('',(0.E0,0.E0,1.E0));
#10008=AXIS2_PLACEMENT_3D('',#10005,#10006,#10007);
#10009=CYLINDRICAL_SURFACE('',#10008,1.75E1);
#10010=ORIENTED_EDGE('',*,*,#9953,.F.);
#10011=ORIENTED_EDGE('',*,*,#9999,.T.);
#10013=ORIENTED_EDGE('',*,*,#10012,.F.);
#10014=ORIENTED_EDGE('',*,*,#9995,.F.);
#10015=EDGE_LOOP('',(#10010,#10011,#10013,#10014));
#10016=FACE_OUTER_BOUND('',#10015,.F.);
#10017=ADVANCED_FACE('',(#10016),#10009,.T.);
#10018=CARTESIAN_POINT('',(-4.9E0,0.E0,0.E0));
#10019=DIRECTION('',(-1.E0,0.E0,0.E0));
#10020=DIRECTION('',(0.E0,0.E0,1.E0));
#10021=AXIS2_PLACEMENT_3D('',#10018,#10019,#10020);
#10022=TOROIDAL_SURFACE('',#10021,1.69E1,6.E-1);
#10023=ORIENTED_EDGE('',*,*,#10012,.T.);
#10025=ORIENTED_EDGE('',*,*,#10024,.T.);
#10027=ORIENTED_EDGE('',*,*,#10026,.F.);
#10029=ORIENTED_EDGE('',*,*,#10028,.F.);
#10030=EDGE_LOOP('',(#10023,#10025,#10027,#10029));
#10031=FACE_OUTER_BOUND('',#10030,.F.);
#10032=ADVANCED_FACE('',(#10031),#10022,.T.);
#10033=CARTESIAN_POINT('',(-4.9E0,0.E0,0.E0));
#10034=DIRECTION('',(-1.E0,0.E0,0.E0));
#10035=DIRECTION('',(0.E0,0.E0,1.E0));
#10036=AXIS2_PLACEMENT_3D('',#10033,#10034,#10035);
#10037=TOROIDAL_SURFACE('',#10036,1.69E1,6.E-1);
#10038=ORIENTED_EDGE('',*,*,#10028,.T.);
#10040=ORIENTED_EDGE('',*,*,#10039,.F.);
#10041=ORIENTED_EDGE('',*,*,#10024,.F.);
#10042=ORIENTED_EDGE('',*,*,#9997,.T.);
#10043=EDGE_LOOP('',(#10038,#10040,#10041,#10042));
#10044=FACE_OUTER_BOUND('',#10043,.F.);
#10045=ADVANCED_FACE('',(#10044),#10037,.T.);
#10046=CARTESIAN_POINT('',(-5.5E0,1.466666666667E1,0.E0));
#10047=DIRECTION('',(1.E0,0.E0,0.E0));
#10048=DIRECTION('',(0.E0,0.E0,-1.E0));
#10049=AXIS2_PLACEMENT_3D('',#10046,#10047,#10048);
#10050=PLANE('',#10049);
#10051=ORIENTED_EDGE('',*,*,#10026,.T.);
#10052=ORIENTED_EDGE('',*,*,#10039,.T.);
#10053=EDGE_LOOP('',(#10051,#10052));
#10054=FACE_OUTER_BOUND('',#10053,.F.);
#10056=ORIENTED_EDGE('',*,*,#10055,.T.);
#10058=ORIENTED_EDGE('',*,*,#10057,.T.);
#10059=EDGE_LOOP('',(#10056,#10058));
#10060=FACE_BOUND('',#10059,.F.);
#10061=ADVANCED_FACE('',(#10054,#10060),#10050,.F.);
#10062=CARTESIAN_POINT('',(0.E0,0.E0,0.E0));
#10063=DIRECTION('',(-1.E0,0.E0,0.E0));
#10064=DIRECTION('',(0.E0,0.E0,1.E0));
#10065=AXIS2_PLACEMENT_3D('',#10062,#10063,#10064);
#10066=CYLINDRICAL_SURFACE('',#10065,1.466666666667E1);
#10068=ORIENTED_EDGE('',*,*,#10067,.T.);
#10069=ORIENTED_EDGE('',*,*,#10055,.F.);
#10071=ORIENTED_EDGE('',*,*,#10070,.F.);
#10073=ORIENTED_EDGE('',*,*,#10072,.F.);
#10074=EDGE_LOOP('',(#10068,#10069,#10071,#10073));
#10075=FACE_OUTER_BOUND('',#10074,.F.);
#10076=ADVANCED_FACE('',(#10075),#10066,.F.);
#10077=CARTESIAN_POINT('',(0.E0,0.E0,0.E0));
#10078=DIRECTION('',(-1.E0,0.E0,0.E0));
#10079=DIRECTION('',(0.E0,0.E0,1.E0));
#10080=AXIS2_PLACEMENT_3D('',#10077,#10078,#10079);
#10081=CYLINDRICAL_SURFACE('',#10080,1.466666666667E1);
#10083=ORIENTED_EDGE('',*,*,#10082,.F.);
#10084=ORIENTED_EDGE('',*,*,#10070,.T.);
#10085=ORIENTED_EDGE('',*,*,#10057,.F.);
#10086=ORIENTED_EDGE('',*,*,#10067,.F.);
#10087=EDGE_LOOP('',(#10083,#10084,#10085,#10086));
#10088=FACE_OUTER_BOUND('',#10087,.F.);
#10089=ADVANCED_FACE('',(#10088),#10081,.F.);
#10090=CARTESIAN_POINT('',(-5.05E0,0.E0,0.E0));
#10091=DIRECTION('',(1.E0,0.E0,0.E0));
#10092=DIRECTION('',(0.E0,0.E0,-1.E0));
#10093=AXIS2_PLACEMENT_3D('',#10090,#10091,#10092);
#10094=CONICAL_SURFACE('',#10093,1.491666666667E1,5.903624346793E1);
#10095=ORIENTED_EDGE('',*,*,#10082,.T.);
#10097=ORIENTED_EDGE('',*,*,#10096,.T.);
#10099=ORIENTED_EDGE('',*,*,#10098,.T.);
#10101=ORIENTED_EDGE('',*,*,#10100,.F.);
#10102=EDGE_LOOP('',(#10095,#10097,#10099,#10101));
#10103=FACE_OUTER_BOUND('',#10102,.F.);
#10104=ADVANCED_FACE('',(#10103),#10094,.F.);
#10105=CARTESIAN_POINT('',(-5.05E0,0.E0,0.E0));
#10106=DIRECTION('',(1.E0,0.E0,0.E0));
#10107=DIRECTION('',(0.E0,0.E0,-1.E0));
#10108=AXIS2_PLACEMENT_3D('',#10105,#10106,#10107);
#10109=CONICAL_SURFACE('',#10108,1.491666666667E1,5.903624346793E1);
#10110=ORIENTED_EDGE('',*,*,#10100,.T.);
#10112=ORIENTED_EDGE('',*,*,#10111,.T.);
#10113=ORIENTED_EDGE('',*,*,#10096,.F.);
#10114=ORIENTED_EDGE('',*,*,#10072,.T.);
#10115=EDGE_LOOP('',(#10110,#10112,#10113,#10114));
#10116=FACE_OUTER_BOUND('',#10115,.F.);
#10117=ADVANCED_FACE('',(#10116),#10109,.F.);
#10118=CARTESIAN_POINT('',(0.E0,0.E0,0.E0));
#10119=DIRECTION('',(-1.E0,0.E0,0.E0));
#10120=DIRECTION('',(0.E0,0.E0,1.E0));
#10121=AXIS2_PLACEMENT_3D('',#10118,#10119,#10120);
#10122=CYLINDRICAL_SURFACE('',#10121,1.516666666667E1);
#10124=ORIENTED_EDGE('',*,*,#10123,.T.);
#10125=ORIENTED_EDGE('',*,*,#10111,.F.);
#10127=ORIENTED_EDGE('',*,*,#10126,.F.);
#10129=ORIENTED_EDGE('',*,*,#10128,.F.);
#10130=EDGE_LOOP('',(#10124,#10125,#10127,#10129));
#10131=FACE_OUTER_BOUND('',#10130,.F.);
#10132=ADVANCED_FACE('',(#10131),#10122,.F.);
#10133=CARTESIAN_POINT('',(0.E0,0.E0,0.E0));
#10134=DIRECTION('',(-1.E0,0.E0,0.E0));
#10135=DIRECTION('',(0.E0,0.E0,1.E0));
#10136=AXIS2_PLACEMENT_3D('',#10133,#10134,#10135);
#10137=CYLINDRICAL_SURFACE('',#10136,1.516666666667E1);
#10139=ORIENTED_EDGE('',*,*,#10138,.F.);
#10140=ORIENTED_EDGE('',*,*,#10126,.T.);
#10141=ORIENTED_EDGE('',*,*,#10098,.F.);
#10142=ORIENTED_EDGE('',*,*,#10123,.F.);
#10143=EDGE_LOOP('',(#10139,#10140,#10141,#10142));
#10144=FACE_OUTER_BOUND('',#10143,.F.);
#10145=ADVANCED_FACE('',(#10144),#10137,.F.);
#10146=CARTESIAN_POINT('',(-4.3E0,1.416666666667E1,0.E0));
#10147=DIRECTION('',(1.E0,0.E0,0.E0));
#10148=DIRECTION('',(0.E0,0.E0,-1.E0));
#10149=AXIS2_PLACEMENT_3D('',#10146,#10147,#10148);
#10150=PLANE('',#10149);
#10151=ORIENTED_EDGE('',*,*,#10128,.T.);
#10152=ORIENTED_EDGE('',*,*,#10138,.T.);
#10153=EDGE_LOOP('',(#10151,#10152));
#10154=FACE_OUTER_BOUND('',#10153,.F.);
#10156=ORIENTED_EDGE('',*,*,#10155,.T.);
#10158=ORIENTED_EDGE('',*,*,#10157,.T.);
#10159=EDGE_LOOP('',(#10156,#10158));
#10160=FACE_BOUND('',#10159,.F.);
#10161=ADVANCED_FACE('',(#10154,#10160),#10150,.F.);
#10162=CARTESIAN_POINT('',(0.E0,0.E0,0.E0));
#10163=DIRECTION('',(-1.E0,0.E0,0.E0));
#10164=DIRECTION('',(0.E0,0.E0,1.E0));
#10165=AXIS2_PLACEMENT_3D('',#10162,#10163,#10164);
#10166=CYLINDRICAL_SURFACE('',#10165,1.416666666667E1);
#10168=ORIENTED_EDGE('',*,*,#10167,.T.);
#10169=ORIENTED_EDGE('',*,*,#10155,.F.);
#10171=ORIENTED_EDGE('',*,*,#10170,.F.);
#10173=ORIENTED_EDGE('',*,*,#10172,.F.);
#10174=EDGE_LOOP('',(#10168,#10169,#10171,#10173));
#10175=FACE_OUTER_BOUND('',#10174,.F.);
#10176=ADVANCED_FACE('',(#10175),#10166,.F.);
#10177=CARTESIAN_POINT('',(0.E0,0.E0,0.E0));
#10178=DIRECTION('',(-1.E0,0.E0,0.E0));
#10179=DIRECTION('',(0.E0,0.E0,1.E0));
#10180=AXIS2_PLACEMENT_3D('',#10177,#10178,#10179);
#10181=CYLINDRICAL_SURFACE('',#10180,1.416666666667E1);
#10183=ORIENTED_EDGE('',*,*,#10182,.F.);
#10184=ORIENTED_EDGE('',*,*,#10170,.T.);
#10185=ORIENTED_EDGE('',*,*,#10157,.F.);
#10186=ORIENTED_EDGE('',*,*,#10167,.F.);
#10187=EDGE_LOOP('',(#10183,#10184,#10185,#10186));
#10188=FACE_OUTER_BOUND('',#10187,.F.);
#10189=ADVANCED_FACE('',(#10188),#10181,.F.);
#10190=CARTESIAN_POINT('',(0.E0,0.E0,0.E0));
#10191=DIRECTION('',(-1.E0,0.E0,0.E0));
#10192=DIRECTION('',(0.E0,0.E0,1.E0));
#10193=AXIS2_PLACEMENT_3D('',#10190,#10191,#10192);
#10194=TOROIDAL_SURFACE('',#10193,1.25E1,3.08E0);
#10196=ORIENTED_EDGE('',*,*,#10195,.T.);
#10198=ORIENTED_EDGE('',*,*,#10197,.T.);
#10200=ORIENTED_EDGE('',*,*,#10199,.T.);
#10201=ORIENTED_EDGE('',*,*,#10182,.T.);
#10203=ORIENTED_EDGE('',*,*,#10202,.F.);
#10205=ORIENTED_EDGE('',*,*,#10204,.F.);
#10206=EDGE_LOOP('',(#10196,#10198,#10200,#10201,#10203,#10205));
#10207=FACE_OUTER_BOUND('',#10206,.F.);
#10208=ADVANCED_FACE('',(#10207),#10194,.F.);
#10209=CARTESIAN_POINT('',(0.E0,0.E0,0.E0));
#10210=DIRECTION('',(-1.E0,0.E0,0.E0));
#10211=DIRECTION('',(0.E0,0.E0,1.E0));
#10212=AXIS2_PLACEMENT_3D('',#10209,#10210,#10211);
#10213=CYLINDRICAL_SURFACE('',#10212,1.416666666667E1);
#10215=ORIENTED_EDGE('',*,*,#10214,.F.);
#10217=ORIENTED_EDGE('',*,*,#10216,.T.);
#10218=ORIENTED_EDGE('',*,*,#10195,.F.);
#10220=ORIENTED_EDGE('',*,*,#10219,.F.);
#10221=EDGE_LOOP('',(#10215,#10217,#10218,#10220));
#10222=FACE_OUTER_BOUND('',#10221,.F.);
#10223=ADVANCED_FACE('',(#10222),#10213,.F.);
#10224=CARTESIAN_POINT('',(4.3E0,1.516666666667E1,0.E0));
#10225=DIRECTION('',(-1.E0,0.E0,0.E0));
#10226=DIRECTION('',(0.E0,0.E0,1.E0));
#10227=AXIS2_PLACEMENT_3D('',#10224,#10225,#10226);
#10228=PLANE('',#10227);
#10230=ORIENTED_EDGE('',*,*,#10229,.T.);
#10232=ORIENTED_EDGE('',*,*,#10231,.T.);
#10233=EDGE_LOOP('',(#10230,#10232));
#10234=FACE_OUTER_BOUND('',#10233,.F.);
#10236=ORIENTED_EDGE('',*,*,#10235,.T.);
#10237=ORIENTED_EDGE('',*,*,#10214,.T.);
#10238=EDGE_LOOP('',(#10236,#10237));
#10239=FACE_BOUND('',#10238,.F.);
#10240=ADVANCED_FACE('',(#10234,#10239),#10228,.F.);
#10241=CARTESIAN_POINT('',(0.E0,0.E0,0.E0));
#10242=DIRECTION('',(-1.E0,0.E0,0.E0));
#10243=DIRECTION('',(0.E0,0.E0,1.E0));
#10244=AXIS2_PLACEMENT_3D('',#10241,#10242,#10243);
#10245=CYLINDRICAL_SURFACE('',#10244,1.516666666667E1);
#10247=ORIENTED_EDGE('',*,*,#10246,.T.);
#10248=ORIENTED_EDGE('',*,*,#10229,.F.);
#10250=ORIENTED_EDGE('',*,*,#10249,.F.);
#10252=ORIENTED_EDGE('',*,*,#10251,.F.);
#10253=EDGE_LOOP('',(#10247,#10248,#10250,#10252));
#10254=FACE_OUTER_BOUND('',#10253,.F.);
#10255=ADVANCED_FACE('',(#10254),#10245,.F.);
#10256=CARTESIAN_POINT('',(0.E0,0.E0,0.E0));
#10257=DIRECTION('',(-1.E0,0.E0,0.E0));
#10258=DIRECTION('',(0.E0,0.E0,1.E0));
#10259=AXIS2_PLACEMENT_3D('',#10256,#10257,#10258);
#10260=CYLINDRICAL_SURFACE('',#10259,1.516666666667E1);
#10262=ORIENTED_EDGE('',*,*,#10261,.F.);
#10263=ORIENTED_EDGE('',*,*,#10249,.T.);
#10264=ORIENTED_EDGE('',*,*,#10231,.F.);
#10265=ORIENTED_EDGE('',*,*,#10246,.F.);
#10266=EDGE_LOOP('',(#10262,#10263,#10264,#10265));
#10267=FACE_OUTER_BOUND('',#10266,.F.);
#10268=ADVANCED_FACE('',(#10267),#10260,.F.);
#10269=CARTESIAN_POINT('',(5.05E0,0.E0,0.E0));
#10270=DIRECTION('',(-1.E0,0.E0,0.E0));
#10271=DIRECTION('',(0.E0,0.E0,1.E0));
#10272=AXIS2_PLACEMENT_3D('',#10269,#10270,#10271);
#10273=CONICAL_SURFACE('',#10272,1.491666666667E1,5.903624346793E1);
#10275=ORIENTED_EDGE('',*,*,#10274,.T.);
#10277=ORIENTED_EDGE('',*,*,#10276,.T.);
#10278=ORIENTED_EDGE('',*,*,#10261,.T.);
#10280=ORIENTED_EDGE('',*,*,#10279,.F.);
#10281=EDGE_LOOP('',(#10275,#10277,#10278,#10280));
#10282=FACE_OUTER_BOUND('',#10281,.F.);
#10283=ADVANCED_FACE('',(#10282),#10273,.F.);
#10284=CARTESIAN_POINT('',(0.E0,0.E0,0.E0));
#10285=DIRECTION('',(-1.E0,0.E0,0.E0));
#10286=DIRECTION('',(0.E0,0.E0,1.E0));
#10287=AXIS2_PLACEMENT_3D('',#10284,#10285,#10286);
#10288=CYLINDRICAL_SURFACE('',#10287,1.466666666667E1);
#10289=ORIENTED_EDGE('',*,*,#9972,.F.);
#10291=ORIENTED_EDGE('',*,*,#10290,.T.);
#10292=ORIENTED_EDGE('',*,*,#10274,.F.);
#10294=ORIENTED_EDGE('',*,*,#10293,.F.);
#10295=EDGE_LOOP('',(#10289,#10291,#10292,#10294));
#10296=FACE_OUTER_BOUND('',#10295,.F.);
#10297=ADVANCED_FACE('',(#10296),#10288,.F.);
#10298=CARTESIAN_POINT('',(0.E0,0.E0,0.E0));
#10299=DIRECTION('',(-1.E0,0.E0,0.E0));
#10300=DIRECTION('',(0.E0,0.E0,1.E0));
#10301=AXIS2_PLACEMENT_3D('',#10298,#10299,#10300);
#10302=CYLINDRICAL_SURFACE('',#10301,1.466666666667E1);
#10303=ORIENTED_EDGE('',*,*,#10293,.T.);
#10305=ORIENTED_EDGE('',*,*,#10304,.F.);
#10306=ORIENTED_EDGE('',*,*,#10290,.F.);
#10307=ORIENTED_EDGE('',*,*,#9970,.F.);
#10308=EDGE_LOOP('',(#10303,#10305,#10306,#10307));
#10309=FACE_OUTER_BOUND('',#10308,.F.);
#10310=ADVANCED_FACE('',(#10309),#10302,.F.);
#10311=CARTESIAN_POINT('',(5.05E0,0.E0,0.E0));
#10312=DIRECTION('',(-1.E0,0.E0,0.E0));
#10313=DIRECTION('',(0.E0,0.E0,1.E0));
#10314=AXIS2_PLACEMENT_3D('',#10311,#10312,#10313);
#10315=CONICAL_SURFACE('',#10314,1.491666666667E1,5.903624346793E1);
#10316=ORIENTED_EDGE('',*,*,#10279,.T.);
#10317=ORIENTED_EDGE('',*,*,#10251,.T.);
#10318=ORIENTED_EDGE('',*,*,#10276,.F.);
#10319=ORIENTED_EDGE('',*,*,#10304,.T.);
#10320=EDGE_LOOP('',(#10316,#10317,#10318,#10319));
#10321=FACE_OUTER_BOUND('',#10320,.F.);
#10322=ADVANCED_FACE('',(#10321),#10315,.F.);
#10323=CARTESIAN_POINT('',(0.E0,0.E0,0.E0));
#10324=DIRECTION('',(-1.E0,0.E0,0.E0));
#10325=DIRECTION('',(0.E0,0.E0,1.E0));
#10326=AXIS2_PLACEMENT_3D('',#10323,#10324,#10325);
#10327=CYLINDRICAL_SURFACE('',#10326,1.416666666667E1);
#10328=ORIENTED_EDGE('',*,*,#10219,.T.);
#10330=ORIENTED_EDGE('',*,*,#10329,.F.);
#10331=ORIENTED_EDGE('',*,*,#10216,.F.);
#10332=ORIENTED_EDGE('',*,*,#10235,.F.);
#10333=EDGE_LOOP('',(#10328,#10330,#10331,#10332));
#10334=FACE_OUTER_BOUND('',#10333,.F.);
#10335=ADVANCED_FACE('',(#10334),#10327,.F.);
#10336=CARTESIAN_POINT('',(0.E0,0.E0,0.E0));
#10337=DIRECTION('',(-1.E0,0.E0,0.E0));
#10338=DIRECTION('',(0.E0,0.E0,1.E0));
#10339=AXIS2_PLACEMENT_3D('',#10336,#10337,#10338);
#10340=TOROIDAL_SURFACE('',#10339,1.25E1,3.08E0);
#10341=ORIENTED_EDGE('',*,*,#10202,.T.);
#10342=ORIENTED_EDGE('',*,*,#10172,.T.);
#10343=ORIENTED_EDGE('',*,*,#10199,.F.);
#10344=ORIENTED_EDGE('',*,*,#10197,.F.);
#10345=ORIENTED_EDGE('',*,*,#10329,.T.);
#10346=ORIENTED_EDGE('',*,*,#10204,.T.);
#10347=EDGE_LOOP('',(#10341,#10342,#10343,#10344,#10345,#10346));
#10348=FACE_OUTER_BOUND('',#10347,.F.);
#10349=ADVANCED_FACE('',(#10348),#10340,.F.);
#10350=CLOSED_SHELL('',(#9959,#9976,#9989,#10004,#10017,#10032,#10045,#10061,
#10076,#10089,#10104,#10117,#10132,#10145,#10161,#10176,#10189,#10208,#10223,
#10240,#10255,#10268,#10283,#10297,#10310,#10322,#10335,#10349));
#10351=MANIFOLD_SOLID_BREP('',#10350);
#10352=PRESENTATION_LAYER_ASSIGNMENT('INTFCLR_2771_1_1','',(#9959,#9976,#9989,
#10004,#10017,#10032,#10045,#10061,#10076,#10089,#10104,#10117,#10132,#10145,
#10161,#10176,#10189,#10208,#10223,#10240,#10255,#10268,#10283,#10297,#10310,
#10322,#10335,#10349,#10351));
#10353=PRESENTATION_LAYER_ASSIGNMENT('NONE_4','',(#9959,#9976,#9989,#10004,
#10017,#10032,#10045,#10061,#10076,#10089,#10104,#10117,#10132,#10145,#10161,
#10176,#10189,#10208,#10223,#10240,#10255,#10268,#10283,#10297,#10310,#10322,
#10335,#10349,#10351));
#10355=DIMENSIONAL_EXPONENTS(0.E0,0.E0,0.E0,0.E0,0.E0,0.E0,0.E0);
#10357=PLANE_ANGLE_MEASURE_WITH_UNIT(PLANE_ANGLE_MEASURE(1.745329251994E-2),
#10356);
#10358=(CONVERSION_BASED_UNIT('DEGREE',#10357)NAMED_UNIT(*)PLANE_ANGLE_UNIT());
#10360=UNCERTAINTY_MEASURE_WITH_UNIT(LENGTH_MEASURE(5.E-3),#10354,'closure',
'Maximum model space distance between geometric entities at asserted connectivities');
#10361=(GEOMETRIC_REPRESENTATION_CONTEXT(3)GLOBAL_UNCERTAINTY_ASSIGNED_CONTEXT((
#10360))GLOBAL_UNIT_ASSIGNED_CONTEXT((#10354,#10358,#10359))REPRESENTATION_CONTEXT('ID11','3'));
#10362=CARTESIAN_POINT('',(0.E0,0.E0,0.E0));
#10363=DIRECTION('',(0.E0,0.E0,1.E0));
#10364=DIRECTION('',(1.E0,0.E0,0.E0));
#10367=DESIGN_CONTEXT('',#329,'design');
#10368=MECHANICAL_CONTEXT('',#329,'mechanical');
#10369=PRODUCT('_1_2_3_400_1-14197','_1_2_3_400_1-14197','NOT SPECIFIED',
(#10368));
#10370=PRODUCT_DEFINITION_FORMATION_WITH_SPECIFIED_SOURCE('1','LAST_VERSION',
#10369,.MADE.);
#10376=CARTESIAN_POINT('',(0.E0,0.E0,0.E0));
#10377=DIRECTION('',(0.E0,0.E0,1.E0));
#10378=DIRECTION('',(1.E0,0.E0,0.E0));
#10379=AXIS2_PLACEMENT_3D('',#10376,#10377,#10378);
#10380=ITEM_DEFINED_TRANSFORMATION('','',#10365,#10379);
#10381=CARTESIAN_POINT('',(0.E0,0.E0,0.E0));
#10382=DIRECTION('',(0.E0,0.E0,1.E0));
#10383=DIRECTION('',(1.E0,0.E0,0.E0));
#10385=(REPRESENTATION_RELATIONSHIP('','',#10366,#340)REPRESENTATION_RELATIONSHIP_WITH_TRANSFORMATION(#10380)SHAPE_REPRESENTATION_RELATIONSHIP());
#10386=CONTEXT_DEPENDENT_SHAPE_REPRESENTATION(#10385,#10375);
#10387=CARTESIAN_POINT('',(0.E0,9.575555538987E0,-8.034845121082E0));
#10388=DIRECTION('',(0.E0,-6.427876096865E-1,-7.660444431190E-1));
#10389=DIRECTION('',(0.E0,-7.660444431190E-1,6.427876096865E-1));
#10390=AXIS2_PLACEMENT_3D('',#10387,#10388,#10389);
#10392=CARTESIAN_POINT('',(0.E0,9.575555538987E0,-8.034845121082E0));
#10393=DIRECTION('',(0.E0,7.660444431190E-1,-6.427876096865E-1));
#10394=DIRECTION('',(-1.E0,0.E0,0.E0));
#10395=AXIS2_PLACEMENT_3D('',#10392,#10393,#10394);
#10397=CARTESIAN_POINT('',(0.E0,9.575555538987E0,-8.034845121082E0));
#10398=DIRECTION('',(0.E0,6.427876096865E-1,7.660444431190E-1));
#10399=DIRECTION('',(0.E0,-7.660444431190E-1,6.427876096865E-1));
#10400=AXIS2_PLACEMENT_3D('',#10397,#10398,#10399);
#10402=CARTESIAN_POINT('',(0.E0,9.575555538987E0,-8.034845121082E0));
#10403=DIRECTION('',(0.E0,7.660444431190E-1,-6.427876096865E-1));
#10404=DIRECTION('',(0.E0,-6.427876096865E-1,-7.660444431190E-1));
#10405=AXIS2_PLACEMENT_3D('',#10402,#10403,#10404);
#10407=CARTESIAN_POINT('',(0.E0,9.575555538987E0,-8.034845121082E0));
#10408=DIRECTION('',(0.E0,6.427876096865E-1,7.660444431190E-1));
#10409=DIRECTION('',(1.E0,0.E0,0.E0));
#10410=AXIS2_PLACEMENT_3D('',#10407,#10408,#10409);
#10412=CARTESIAN_POINT('',(0.E0,9.575555538987E0,-8.034845121082E0));
#10413=DIRECTION('',(0.E0,-7.660444431190E-1,6.427876096865E-1));
#10414=DIRECTION('',(0.E0,-6.427876096865E-1,-7.660444431190E-1));
#10415=AXIS2_PLACEMENT_3D('',#10412,#10413,#10414);
#10417=CARTESIAN_POINT('',(0.E0,9.575555538987E0,-8.034845121082E0));
#10418=DIRECTION('',(0.E0,-6.427876096865E-1,-7.660444431190E-1));
#10419=DIRECTION('',(-1.E0,0.E0,0.E0));
#10420=AXIS2_PLACEMENT_3D('',#10417,#10418,#10419);
#10422=CARTESIAN_POINT('',(0.E0,9.575555538987E0,-8.034845121082E0));
#10423=DIRECTION('',(0.E0,-7.660444431190E-1,6.427876096865E-1));
#10424=DIRECTION('',(1.E0,0.E0,0.E0));
#10425=AXIS2_PLACEMENT_3D('',#10422,#10423,#10424);
#10427=CARTESIAN_POINT('',(0.E0,7.216138654180E0,-6.055059283248E0));
#10428=CARTESIAN_POINT('',(-3.08E0,9.575555538987E0,-8.034845121082E0));
#10429=VERTEX_POINT('',#10427);
#10430=VERTEX_POINT('',#10428);
#10431=CARTESIAN_POINT('',(0.E0,1.155534137682E1,-5.675428236275E0));
#10432=VERTEX_POINT('',#10431);
#10433=CARTESIAN_POINT('',(3.08E0,9.575555538987E0,-8.034845121082E0));
#10434=VERTEX_POINT('',#10433);
#10435=CARTESIAN_POINT('',(0.E0,7.595769701153E0,-1.039426200589E1));
#10436=VERTEX_POINT('',#10435);
#10437=CARTESIAN_POINT('',(0.E0,1.193497242379E1,-1.001463095892E1));
#10438=VERTEX_POINT('',#10437);
#10439=CARTESIAN_POINT('',(0.E0,9.575555538987E0,-8.034845121082E0));
#10440=DIRECTION('',(0.E0,-6.427876096865E-1,-7.660444431190E-1));
#10441=DIRECTION('',(1.E0,0.E0,0.E0));
#10442=AXIS2_PLACEMENT_3D('',#10439,#10440,#10441);
#10443=SPHERICAL_SURFACE('',#10442,3.08E0);
#10445=ORIENTED_EDGE('',*,*,#10444,.T.);
#10447=ORIENTED_EDGE('',*,*,#10446,.T.);
#10449=ORIENTED_EDGE('',*,*,#10448,.F.);
#10451=ORIENTED_EDGE('',*,*,#10450,.F.);
#10452=EDGE_LOOP('',(#10445,#10447,#10449,#10451));
#10453=FACE_OUTER_BOUND('',#10452,.F.);
#10454=ADVANCED_FACE('',(#10453),#10443,.T.);
#10455=CARTESIAN_POINT('',(0.E0,9.575555538987E0,-8.034845121082E0));
#10456=DIRECTION('',(0.E0,-6.427876096865E-1,-7.660444431190E-1));
#10457=DIRECTION('',(1.E0,0.E0,0.E0));
#10458=AXIS2_PLACEMENT_3D('',#10455,#10456,#10457);
#10459=SPHERICAL_SURFACE('',#10458,3.08E0);
#10460=ORIENTED_EDGE('',*,*,#10450,.T.);
#10462=ORIENTED_EDGE('',*,*,#10461,.F.);
#10464=ORIENTED_EDGE('',*,*,#10463,.T.);
#10465=ORIENTED_EDGE('',*,*,#10444,.F.);
#10466=EDGE_LOOP('',(#10460,#10462,#10464,#10465));
#10467=FACE_OUTER_BOUND('',#10466,.F.);
#10468=ADVANCED_FACE('',(#10467),#10459,.T.);
#10469=CARTESIAN_POINT('',(0.E0,9.575555538987E0,-8.034845121082E0));
#10470=DIRECTION('',(0.E0,-6.427876096865E-1,-7.660444431190E-1));
#10471=DIRECTION('',(1.E0,0.E0,0.E0));
#10472=AXIS2_PLACEMENT_3D('',#10469,#10470,#10471);
#10473=SPHERICAL_SURFACE('',#10472,3.08E0);
#10475=ORIENTED_EDGE('',*,*,#10474,.T.);
#10477=ORIENTED_EDGE('',*,*,#10476,.F.);
#10478=ORIENTED_EDGE('',*,*,#10463,.F.);
#10479=ORIENTED_EDGE('',*,*,#10461,.T.);
#10480=EDGE_LOOP('',(#10475,#10477,#10478,#10479));
#10481=FACE_OUTER_BOUND('',#10480,.F.);
#10482=ADVANCED_FACE('',(#10481),#10473,.T.);
#10483=CARTESIAN_POINT('',(0.E0,9.575555538987E0,-8.034845121082E0));
#10484=DIRECTION('',(0.E0,-6.427876096865E-1,-7.660444431190E-1));
#10485=DIRECTION('',(1.E0,0.E0,0.E0));
#10486=AXIS2_PLACEMENT_3D('',#10483,#10484,#10485);
#10487=SPHERICAL_SURFACE('',#10486,3.08E0);
#10488=ORIENTED_EDGE('',*,*,#10476,.T.);
#10489=ORIENTED_EDGE('',*,*,#10474,.F.);
#10490=ORIENTED_EDGE('',*,*,#10448,.T.);
#10491=ORIENTED_EDGE('',*,*,#10446,.F.);
#10492=EDGE_LOOP('',(#10488,#10489,#10490,#10491));
#10493=FACE_OUTER_BOUND('',#10492,.F.);
#10494=ADVANCED_FACE('',(#10493),#10487,.T.);
#10495=CLOSED_SHELL('',(#10454,#10468,#10482,#10494));
#10496=MANIFOLD_SOLID_BREP('',#10495);
#10497=PRESENTATION_LAYER_ASSIGNMENT('INTFCLR_2771_5','',(#10454,#10468,#10482,
#10494,#10496));
#10498=PRESENTATION_LAYER_ASSIGNMENT('NONE_1','',(#10454,#10468,#10482,#10494,
#10496));
#10500=DIMENSIONAL_EXPONENTS(0.E0,0.E0,0.E0,0.E0,0.E0,0.E0,0.E0);
#10502=PLANE_ANGLE_MEASURE_WITH_UNIT(PLANE_ANGLE_MEASURE(1.745329251994E-2),
#10501);
#10503=(CONVERSION_BASED_UNIT('DEGREE',#10502)NAMED_UNIT(*)PLANE_ANGLE_UNIT());
#10505=UNCERTAINTY_MEASURE_WITH_UNIT(LENGTH_MEASURE(5.E-3),#10499,'closure',
'Maximum model space distance between geometric entities at asserted connectivities');
#10506=(GEOMETRIC_REPRESENTATION_CONTEXT(3)GLOBAL_UNCERTAINTY_ASSIGNED_CONTEXT((
#10505))GLOBAL_UNIT_ASSIGNED_CONTEXT((#10499,#10503,#10504))REPRESENTATION_CONTEXT('ID12','3'));
#10507=CARTESIAN_POINT('',(0.E0,0.E0,0.E0));
#10508=DIRECTION('',(0.E0,0.E0,1.E0));
#10509=DIRECTION('',(1.E0,0.E0,0.E0));
#10512=MECHANICAL_CONTEXT('',#329,'mechanical');
#10513=PRODUCT('_8__1_2_3_4000_1','_8__1_2_3_4000_1','NOT SPECIFIED',(#10512));
#10514=PRODUCT_DEFINITION_FORMATION_WITH_SPECIFIED_SOURCE('1','LAST_VERSION',
#10513,.MADE.);
#10520=CARTESIAN_POINT('',(0.E0,0.E0,0.E0));
#10521=DIRECTION('',(0.E0,0.E0,1.E0));
#10522=DIRECTION('',(1.E0,0.E0,0.E0));
#10523=AXIS2_PLACEMENT_3D('',#10520,#10521,#10522);
#10524=ITEM_DEFINED_TRANSFORMATION('','',#10510,#10523);
#10525=CARTESIAN_POINT('',(0.E0,0.E0,0.E0));
#10526=DIRECTION('',(0.E0,0.E0,1.E0));
#10527=DIRECTION('',(1.E0,0.E0,0.E0));
#10529=(REPRESENTATION_RELATIONSHIP('','',#10511,#340)REPRESENTATION_RELATIONSHIP_WITH_TRANSFORMATION(#10524)SHAPE_REPRESENTATION_RELATIONSHIP());
#10530=CONTEXT_DEPENDENT_SHAPE_REPRESENTATION(#10529,#10519);
#10531=CARTESIAN_POINT('',(0.E0,2.170602220837E0,-1.231009691265E1));
#10532=DIRECTION('',(0.E0,-9.848077530122E-1,-1.736481776669E-1));
#10533=DIRECTION('',(0.E0,-1.736481776669E-1,9.848077530122E-1));
#10534=AXIS2_PLACEMENT_3D('',#10531,#10532,#10533);
#10536=CARTESIAN_POINT('',(0.E0,2.170602220837E0,-1.231009691265E1));
#10537=DIRECTION('',(0.E0,1.736481776669E-1,-9.848077530122E-1));
#10538=DIRECTION('',(-1.E0,0.E0,0.E0));
#10539=AXIS2_PLACEMENT_3D('',#10536,#10537,#10538);
#10541=CARTESIAN_POINT('',(0.E0,2.170602220837E0,-1.231009691265E1));
#10542=DIRECTION('',(0.E0,9.848077530122E-1,1.736481776669E-1));
#10543=DIRECTION('',(0.E0,-1.736481776669E-1,9.848077530122E-1));
#10544=AXIS2_PLACEMENT_3D('',#10541,#10542,#10543);
#10546=CARTESIAN_POINT('',(0.E0,2.170602220837E0,-1.231009691265E1));
#10547=DIRECTION('',(0.E0,1.736481776669E-1,-9.848077530122E-1));
#10548=DIRECTION('',(0.E0,-9.848077530122E-1,-1.736481776669E-1));
#10549=AXIS2_PLACEMENT_3D('',#10546,#10547,#10548);
#10551=CARTESIAN_POINT('',(0.E0,2.170602220837E0,-1.231009691265E1));
#10552=DIRECTION('',(0.E0,9.848077530122E-1,1.736481776669E-1));
#10553=DIRECTION('',(1.E0,0.E0,0.E0));
#10554=AXIS2_PLACEMENT_3D('',#10551,#10552,#10553);
#10556=CARTESIAN_POINT('',(0.E0,2.170602220837E0,-1.231009691265E1));
#10557=DIRECTION('',(0.E0,-1.736481776669E-1,9.848077530122E-1));
#10558=DIRECTION('',(0.E0,-9.848077530122E-1,-1.736481776669E-1));
#10559=AXIS2_PLACEMENT_3D('',#10556,#10557,#10558);
#10561=CARTESIAN_POINT('',(0.E0,2.170602220837E0,-1.231009691265E1));
#10562=DIRECTION('',(0.E0,-9.848077530122E-1,-1.736481776669E-1));
#10563=DIRECTION('',(-1.E0,0.E0,0.E0));
#10564=AXIS2_PLACEMENT_3D('',#10561,#10562,#10563);
#10566=CARTESIAN_POINT('',(0.E0,2.170602220837E0,-1.231009691265E1));
#10567=DIRECTION('',(0.E0,-1.736481776669E-1,9.848077530122E-1));
#10568=DIRECTION('',(1.E0,0.E0,0.E0));
#10569=AXIS2_PLACEMENT_3D('',#10566,#10567,#10568);
#10571=CARTESIAN_POINT('',(0.E0,1.635765833623E0,-9.276889033372E0));
#10572=CARTESIAN_POINT('',(-3.08E0,2.170602220837E0,-1.231009691265E1));
#10573=VERTEX_POINT('',#10571);
#10574=VERTEX_POINT('',#10572);
#10575=CARTESIAN_POINT('',(0.E0,5.203810100115E0,-1.177526052544E1));
#10576=VERTEX_POINT('',#10575);
#10577=CARTESIAN_POINT('',(3.08E0,2.170602220837E0,-1.231009691265E1));
#10578=VERTEX_POINT('',#10577);
#10579=CARTESIAN_POINT('',(0.E0,-8.626056584406E-1,-1.284493329986E1));
#10580=VERTEX_POINT('',#10579);
#10581=CARTESIAN_POINT('',(0.E0,2.705438608051E0,-1.534330479193E1));
#10582=VERTEX_POINT('',#10581);
#10583=CARTESIAN_POINT('',(0.E0,2.170602220837E0,-1.231009691265E1));
#10584=DIRECTION('',(0.E0,-9.848077530122E-1,-1.736481776669E-1));
#10585=DIRECTION('',(1.E0,0.E0,0.E0));
#10586=AXIS2_PLACEMENT_3D('',#10583,#10584,#10585);
#10587=SPHERICAL_SURFACE('',#10586,3.08E0);
#10589=ORIENTED_EDGE('',*,*,#10588,.T.);
#10591=ORIENTED_EDGE('',*,*,#10590,.T.);
#10593=ORIENTED_EDGE('',*,*,#10592,.F.);
#10595=ORIENTED_EDGE('',*,*,#10594,.F.);
#10596=EDGE_LOOP('',(#10589,#10591,#10593,#10595));
#10597=FACE_OUTER_BOUND('',#10596,.F.);
#10598=ADVANCED_FACE('',(#10597),#10587,.T.);
#10599=CARTESIAN_POINT('',(0.E0,2.170602220837E0,-1.231009691265E1));
#10600=DIRECTION('',(0.E0,-9.848077530122E-1,-1.736481776669E-1));
#10601=DIRECTION('',(1.E0,0.E0,0.E0));
#10602=AXIS2_PLACEMENT_3D('',#10599,#10600,#10601);
#10603=SPHERICAL_SURFACE('',#10602,3.08E0);
#10604=ORIENTED_EDGE('',*,*,#10594,.T.);
#10606=ORIENTED_EDGE('',*,*,#10605,.F.);
#10608=ORIENTED_EDGE('',*,*,#10607,.T.);
#10609=ORIENTED_EDGE('',*,*,#10588,.F.);
#10610=EDGE_LOOP('',(#10604,#10606,#10608,#10609));
#10611=FACE_OUTER_BOUND('',#10610,.F.);
#10612=ADVANCED_FACE('',(#10611),#10603,.T.);
#10613=CARTESIAN_POINT('',(0.E0,2.170602220837E0,-1.231009691265E1));
#10614=DIRECTION('',(0.E0,-9.848077530122E-1,-1.736481776669E-1));
#10615=DIRECTION('',(1.E0,0.E0,0.E0));
#10616=AXIS2_PLACEMENT_3D('',#10613,#10614,#10615);
#10617=SPHERICAL_SURFACE('',#10616,3.08E0);
#10619=ORIENTED_EDGE('',*,*,#10618,.T.);
#10621=ORIENTED_EDGE('',*,*,#10620,.F.);
#10622=ORIENTED_EDGE('',*,*,#10607,.F.);
#10623=ORIENTED_EDGE('',*,*,#10605,.T.);
#10624=EDGE_LOOP('',(#10619,#10621,#10622,#10623));
#10625=FACE_OUTER_BOUND('',#10624,.F.);
#10626=ADVANCED_FACE('',(#10625),#10617,.T.);
#10627=CARTESIAN_POINT('',(0.E0,2.170602220837E0,-1.231009691265E1));
#10628=DIRECTION('',(0.E0,-9.848077530122E-1,-1.736481776669E-1));
#10629=DIRECTION('',(1.E0,0.E0,0.E0));
#10630=AXIS2_PLACEMENT_3D('',#10627,#10628,#10629);
#10631=SPHERICAL_SURFACE('',#10630,3.08E0);
#10632=ORIENTED_EDGE('',*,*,#10620,.T.);
#10633=ORIENTED_EDGE('',*,*,#10618,.F.);
#10634=ORIENTED_EDGE('',*,*,#10592,.T.);
#10635=ORIENTED_EDGE('',*,*,#10590,.F.);
#10636=EDGE_LOOP('',(#10632,#10633,#10634,#10635));
#10637=FACE_OUTER_BOUND('',#10636,.F.);
#10638=ADVANCED_FACE('',(#10637),#10631,.T.);
#10639=CLOSED_SHELL('',(#10598,#10612,#10626,#10638));
#10640=MANIFOLD_SOLID_BREP('',#10639);
#10641=PRESENTATION_LAYER_ASSIGNMENT('INTFCLR_2771_2_1','',(#10598,#10612,
#10626,#10638,#10640));
#10642=PRESENTATION_LAYER_ASSIGNMENT('NONE_3','',(#10598,#10612,#10626,#10638,
#10640));
#10644=DIMENSIONAL_EXPONENTS(0.E0,0.E0,0.E0,0.E0,0.E0,0.E0,0.E0);
#10646=PLANE_ANGLE_MEASURE_WITH_UNIT(PLANE_ANGLE_MEASURE(1.745329251994E-2),
#10645);
#10647=(CONVERSION_BASED_UNIT('DEGREE',#10646)NAMED_UNIT(*)PLANE_ANGLE_UNIT());
#10649=UNCERTAINTY_MEASURE_WITH_UNIT(LENGTH_MEASURE(5.E-3),#10643,'closure',
'Maximum model space distance between geometric entities at asserted connectivities');
#10650=(GEOMETRIC_REPRESENTATION_CONTEXT(3)GLOBAL_UNCERTAINTY_ASSIGNED_CONTEXT((
#10649))GLOBAL_UNIT_ASSIGNED_CONTEXT((#10643,#10647,#10648))REPRESENTATION_CONTEXT('ID13','3'));
#10651=CARTESIAN_POINT('',(0.E0,0.E0,0.E0));
#10652=DIRECTION('',(0.E0,0.E0,1.E0));
#10653=DIRECTION('',(1.E0,0.E0,0.E0));
#10656=DESIGN_CONTEXT('',#329,'design');
#10657=MECHANICAL_CONTEXT('',#329,'mechanical');
#10658=PRODUCT('_7__1_2_3_4000_1','_7__1_2_3_4000_1','NOT SPECIFIED',(#10657));
#10659=PRODUCT_DEFINITION_FORMATION_WITH_SPECIFIED_SOURCE('1','LAST_VERSION',
#10658,.MADE.);
#10665=CARTESIAN_POINT('',(0.E0,0.E0,0.E0));
#10666=DIRECTION('',(0.E0,0.E0,1.E0));
#10667=DIRECTION('',(1.E0,0.E0,0.E0));
#10668=AXIS2_PLACEMENT_3D('',#10665,#10666,#10667);
#10669=ITEM_DEFINED_TRANSFORMATION('','',#10654,#10668);
#10670=CARTESIAN_POINT('',(0.E0,0.E0,0.E0));
#10671=DIRECTION('',(0.E0,0.E0,1.E0));
#10672=DIRECTION('',(1.E0,0.E0,0.E0));
#10674=(REPRESENTATION_RELATIONSHIP('','',#10655,#340)REPRESENTATION_RELATIONSHIP_WITH_TRANSFORMATION(#10669)SHAPE_REPRESENTATION_RELATIONSHIP());
#10675=CONTEXT_DEPENDENT_SHAPE_REPRESENTATION(#10674,#10664);
#10676=CARTESIAN_POINT('',(0.E0,1.25E1,0.E0));
#10677=DIRECTION('',(0.E0,0.E0,-1.E0));
#10678=DIRECTION('',(0.E0,-1.E0,0.E0));
#10679=AXIS2_PLACEMENT_3D('',#10676,#10677,#10678);
#10681=CARTESIAN_POINT('',(0.E0,1.25E1,0.E0));
#10682=DIRECTION('',(0.E0,1.E0,0.E0));
#10683=DIRECTION('',(-1.E0,0.E0,0.E0));
#10684=AXIS2_PLACEMENT_3D('',#10681,#10682,#10683);
#10686=CARTESIAN_POINT('',(0.E0,1.25E1,0.E0));
#10687=DIRECTION('',(0.E0,0.E0,1.E0));
#10688=DIRECTION('',(0.E0,-1.E0,0.E0));
#10689=AXIS2_PLACEMENT_3D('',#10686,#10687,#10688);
#10691=CARTESIAN_POINT('',(0.E0,1.25E1,0.E0));
#10692=DIRECTION('',(0.E0,1.E0,0.E0));
#10693=DIRECTION('',(0.E0,0.E0,-1.E0));
#10694=AXIS2_PLACEMENT_3D('',#10691,#10692,#10693);
#10696=CARTESIAN_POINT('',(0.E0,1.25E1,0.E0));
#10697=DIRECTION('',(0.E0,0.E0,1.E0));
#10698=DIRECTION('',(1.E0,0.E0,0.E0));
#10699=AXIS2_PLACEMENT_3D('',#10696,#10697,#10698);
#10701=CARTESIAN_POINT('',(0.E0,1.25E1,0.E0));
#10702=DIRECTION('',(0.E0,-1.E0,0.E0));
#10703=DIRECTION('',(0.E0,0.E0,-1.E0));
#10704=AXIS2_PLACEMENT_3D('',#10701,#10702,#10703);
#10706=CARTESIAN_POINT('',(0.E0,1.25E1,0.E0));
#10707=DIRECTION('',(0.E0,0.E0,-1.E0));
#10708=DIRECTION('',(-1.E0,0.E0,0.E0));
#10709=AXIS2_PLACEMENT_3D('',#10706,#10707,#10708);
#10711=CARTESIAN_POINT('',(0.E0,1.25E1,0.E0));
#10712=DIRECTION('',(0.E0,-1.E0,0.E0));
#10713=DIRECTION('',(1.E0,0.E0,0.E0));
#10714=AXIS2_PLACEMENT_3D('',#10711,#10712,#10713);
#10716=CARTESIAN_POINT('',(0.E0,9.42E0,0.E0));
#10717=CARTESIAN_POINT('',(-3.08E0,1.25E1,0.E0));
#10718=VERTEX_POINT('',#10716);
#10719=VERTEX_POINT('',#10717);
#10720=CARTESIAN_POINT('',(0.E0,1.25E1,3.08E0));
#10721=VERTEX_POINT('',#10720);
#10722=CARTESIAN_POINT('',(3.08E0,1.25E1,0.E0));
#10723=VERTEX_POINT('',#10722);
#10724=CARTESIAN_POINT('',(0.E0,1.25E1,-3.08E0));
#10725=VERTEX_POINT('',#10724);
#10726=CARTESIAN_POINT('',(0.E0,1.558E1,0.E0));
#10727=VERTEX_POINT('',#10726);
#10728=CARTESIAN_POINT('',(0.E0,1.25E1,0.E0));
#10729=DIRECTION('',(0.E0,0.E0,-1.E0));
#10730=DIRECTION('',(1.E0,0.E0,0.E0));
#10731=AXIS2_PLACEMENT_3D('',#10728,#10729,#10730);
#10732=SPHERICAL_SURFACE('',#10731,3.08E0);
#10734=ORIENTED_EDGE('',*,*,#10733,.T.);
#10736=ORIENTED_EDGE('',*,*,#10735,.T.);
#10738=ORIENTED_EDGE('',*,*,#10737,.F.);
#10740=ORIENTED_EDGE('',*,*,#10739,.F.);
#10741=EDGE_LOOP('',(#10734,#10736,#10738,#10740));
#10742=FACE_OUTER_BOUND('',#10741,.F.);
#10743=ADVANCED_FACE('',(#10742),#10732,.T.);
#10744=CARTESIAN_POINT('',(0.E0,1.25E1,0.E0));
#10745=DIRECTION('',(0.E0,0.E0,-1.E0));
#10746=DIRECTION('',(1.E0,0.E0,0.E0));
#10747=AXIS2_PLACEMENT_3D('',#10744,#10745,#10746);
#10748=SPHERICAL_SURFACE('',#10747,3.08E0);
#10749=ORIENTED_EDGE('',*,*,#10739,.T.);
#10751=ORIENTED_EDGE('',*,*,#10750,.F.);
#10753=ORIENTED_EDGE('',*,*,#10752,.T.);
#10754=ORIENTED_EDGE('',*,*,#10733,.F.);
#10755=EDGE_LOOP('',(#10749,#10751,#10753,#10754));
#10756=FACE_OUTER_BOUND('',#10755,.F.);
#10757=ADVANCED_FACE('',(#10756),#10748,.T.);
#10758=CARTESIAN_POINT('',(0.E0,1.25E1,0.E0));
#10759=DIRECTION('',(0.E0,0.E0,-1.E0));
#10760=DIRECTION('',(1.E0,0.E0,0.E0));
#10761=AXIS2_PLACEMENT_3D('',#10758,#10759,#10760);
#10762=SPHERICAL_SURFACE('',#10761,3.08E0);
#10764=ORIENTED_EDGE('',*,*,#10763,.T.);
#10766=ORIENTED_EDGE('',*,*,#10765,.F.);
#10767=ORIENTED_EDGE('',*,*,#10752,.F.);
#10768=ORIENTED_EDGE('',*,*,#10750,.T.);
#10769=EDGE_LOOP('',(#10764,#10766,#10767,#10768));
#10770=FACE_OUTER_BOUND('',#10769,.F.);
#10771=ADVANCED_FACE('',(#10770),#10762,.T.);
#10772=CARTESIAN_POINT('',(0.E0,1.25E1,0.E0));
#10773=DIRECTION('',(0.E0,0.E0,-1.E0));
#10774=DIRECTION('',(1.E0,0.E0,0.E0));
#10775=AXIS2_PLACEMENT_3D('',#10772,#10773,#10774);
#10776=SPHERICAL_SURFACE('',#10775,3.08E0);
#10777=ORIENTED_EDGE('',*,*,#10765,.T.);
#10778=ORIENTED_EDGE('',*,*,#10763,.F.);
#10779=ORIENTED_EDGE('',*,*,#10737,.T.);
#10780=ORIENTED_EDGE('',*,*,#10735,.F.);
#10781=EDGE_LOOP('',(#10777,#10778,#10779,#10780));
#10782=FACE_OUTER_BOUND('',#10781,.F.);
#10783=ADVANCED_FACE('',(#10782),#10776,.T.);
#10784=CLOSED_SHELL('',(#10743,#10757,#10771,#10783));
#10785=MANIFOLD_SOLID_BREP('',#10784);
#10786=PRESENTATION_LAYER_ASSIGNMENT('INTFCLR_2771_3','',(#10743,#10757,#10771,
#10783,#10785));
#10787=PRESENTATION_LAYER_ASSIGNMENT('NONE_2','',(#10743,#10757,#10771,#10783,
#10785));
#10789=DIMENSIONAL_EXPONENTS(0.E0,0.E0,0.E0,0.E0,0.E0,0.E0,0.E0);
#10791=PLANE_ANGLE_MEASURE_WITH_UNIT(PLANE_ANGLE_MEASURE(1.745329251994E-2),
#10790);
#10792=(CONVERSION_BASED_UNIT('DEGREE',#10791)NAMED_UNIT(*)PLANE_ANGLE_UNIT());
#10794=UNCERTAINTY_MEASURE_WITH_UNIT(LENGTH_MEASURE(5.E-3),#10788,'closure',
'Maximum model space distance between geometric entities at asserted connectivities');
#10795=(GEOMETRIC_REPRESENTATION_CONTEXT(3)GLOBAL_UNCERTAINTY_ASSIGNED_CONTEXT((
#10794))GLOBAL_UNIT_ASSIGNED_CONTEXT((#10788,#10792,#10793))REPRESENTATION_CONTEXT('ID14','3'));
#10796=CARTESIAN_POINT('',(0.E0,0.E0,0.E0));
#10797=DIRECTION('',(0.E0,0.E0,1.E0));
#10798=DIRECTION('',(1.E0,0.E0,0.E0));
#10801=MECHANICAL_CONTEXT('',#329,'mechanical');
#10802=PRODUCT('_1_2_3_4000_1-14952','_1_2_3_4000_1-14952','NOT SPECIFIED',(
#10801));
#10803=PRODUCT_DEFINITION_FORMATION_WITH_SPECIFIED_SOURCE('1','LAST_VERSION',
#10802,.MADE.);
#10809=CARTESIAN_POINT('',(0.E0,0.E0,0.E0));
#10810=DIRECTION('',(0.E0,0.E0,1.E0));
#10811=DIRECTION('',(1.E0,0.E0,0.E0));
#10812=AXIS2_PLACEMENT_3D('',#10809,#10810,#10811);
#10813=ITEM_DEFINED_TRANSFORMATION('','',#10799,#10812);
#10814=CARTESIAN_POINT('',(0.E0,0.E0,0.E0));
#10815=DIRECTION('',(0.E0,0.E0,1.E0));
#10816=DIRECTION('',(1.E0,0.E0,0.E0));
#10818=(REPRESENTATION_RELATIONSHIP('','',#10800,#340)REPRESENTATION_RELATIONSHIP_WITH_TRANSFORMATION(#10813)SHAPE_REPRESENTATION_RELATIONSHIP());
#10819=CONTEXT_DEPENDENT_SHAPE_REPRESENTATION(#10818,#10808);
#10820=PRESENTATION_LAYER_ASSIGNMENT('NONE_3_1','',(#10598,#10612,#10626,#10638,
#10640));
#10821=PRESENTATION_LAYER_ASSIGNMENT('NONE_4_1','',(#9959,#9976,#9989,#10004,
#10017,#10032,#10045,#10061,#10076,#10089,#10104,#10117,#10132,#10145,#10161,
#10176,#10189,#10208,#10223,#10240,#10255,#10268,#10283,#10297,#10310,#10322,
#10335,#10349,#10351));
#10822=PRESENTATION_LAYER_ASSIGNMENT('NONE_5','',(#9010,#9024,#9040,#9055,#9070,
#9084,#9099,#9112,#9128,#9143,#9158,#9172,#9184,#9199,#9212,#9228,#9243,#9258,
#9273,#9290,#9305,#9320,#9334,#9346,#9360,#9372,#9385,#9398,#9410,#9422,#9424));
#10823=PRESENTATION_LAYER_ASSIGNMENT('NONE_6_1','',(#8423,#8437,#8451,#8463,
#8465));
#10824=PRESENTATION_LAYER_ASSIGNMENT('NONE_7','',(#7718,#7732,#7748,#7763,#7778,
#7792,#7808,#7823,#7836,#7851,#7866,#7880,#7895,#7908,#7923,#7936,#7952,#7967,
#7982,#7996,#8011,#8024,#8040,#8055,#8068,#8083,#8096,#8112,#8126,#8138,#8150,
#8162,#8174,#8176));
#10825=PRESENTATION_LAYER_ASSIGNMENT('NONE_8_1','',(#1317,#1331,#1345,#1357,
#1359));
#10826=PRESENTATION_LAYER_ASSIGNMENT('NONE_9_1','',(#271,#285,#299,#311,#313));
#10828=DIMENSIONAL_EXPONENTS(0.E0,0.E0,0.E0,0.E0,0.E0,0.E0,0.E0);
#10830=PLANE_ANGLE_MEASURE_WITH_UNIT(PLANE_ANGLE_MEASURE(1.745329251994E-2),
#10829);
#10831=(CONVERSION_BASED_UNIT('DEGREE',#10830)NAMED_UNIT(*)PLANE_ANGLE_UNIT());
#10833=UNCERTAINTY_MEASURE_WITH_UNIT(LENGTH_MEASURE(5.E-3),#10827,'closure',
'Maximum model space distance between geometric entities at asserted connectivities');
#10834=(GEOMETRIC_REPRESENTATION_CONTEXT(3)GLOBAL_UNCERTAINTY_ASSIGNED_CONTEXT((
#10833))GLOBAL_UNIT_ASSIGNED_CONTEXT((#10827,#10831,#10832))REPRESENTATION_CONTEXT('ID15','3'));
#10835=CARTESIAN_POINT('',(0.E0,0.E0,0.E0));
#10836=DIRECTION('',(0.E0,0.E0,1.E0));
#10837=DIRECTION('',(1.E0,0.E0,0.E0));
#10839=DESIGN_CONTEXT('',#329,'design');
#10840=MECHANICAL_CONTEXT('',#329,'mechanical');
#10841=PRODUCT('NBHXVMZH_ASM_1_ASM','NBHXVMZH_ASM_1_ASM','NOT SPECIFIED',
(#10840));
#10842=PRODUCT_DEFINITION_FORMATION_WITH_SPECIFIED_SOURCE('1','LAST_VERSION',
#10841,.MADE.);
#10849=CARTESIAN_POINT('',(0.E0,0.E0,0.E0));
#10850=DIRECTION('',(0.E0,0.E0,1.E0));
#10851=DIRECTION('',(1.E0,0.E0,0.E0));
#10852=AXIS2_PLACEMENT_3D('',#10849,#10850,#10851);
#10853=ITEM_DEFINED_TRANSFORMATION('','',#351,#10852);
#10854=CARTESIAN_POINT('',(0.E0,0.E0,0.E0));
#10855=DIRECTION('',(0.E0,0.E0,1.E0));
#10856=DIRECTION('',(1.E0,0.E0,0.E0));
#10858=(REPRESENTATION_RELATIONSHIP('','',#340,#10846)REPRESENTATION_RELATIONSHIP_WITH_TRANSFORMATION(#10853)SHAPE_REPRESENTATION_RELATIONSHIP());
#10859=CONTEXT_DEPENDENT_SHAPE_REPRESENTATION(#10858,#10848);
#10861=DIMENSIONAL_EXPONENTS(0.E0,0.E0,0.E0,0.E0,0.E0,0.E0,0.E0);
#10863=PLANE_ANGLE_MEASURE_WITH_UNIT(PLANE_ANGLE_MEASURE(1.745329251994E-2),
#10862);
#10864=(CONVERSION_BASED_UNIT('DEGREE',#10863)NAMED_UNIT(*)PLANE_ANGLE_UNIT());
#10866=UNCERTAINTY_MEASURE_WITH_UNIT(LENGTH_MEASURE(5.E-3),#10860,'closure',
'Maximum model space distance between geometric entities at asserted connectivities');
#10867=(GEOMETRIC_REPRESENTATION_CONTEXT(3)GLOBAL_UNCERTAINTY_ASSIGNED_CONTEXT((
#10866))GLOBAL_UNIT_ASSIGNED_CONTEXT((#10860,#10864,#10865))REPRESENTATION_CONTEXT('ID16','3'));
#10868=CARTESIAN_POINT('',(0.E0,0.E0,0.E0));
#10869=DIRECTION('',(0.E0,0.E0,1.E0));
#10870=DIRECTION('',(1.E0,0.E0,0.E0));
#10872=MECHANICAL_CONTEXT('',#329,'mechanical');
#10873=PRODUCT('6202ZZ_ASM_1_ASM','6202ZZ_ASM_1_ASM','NOT SPECIFIED',(#10872));
#10874=PRODUCT_DEFINITION_FORMATION_WITH_SPECIFIED_SOURCE('1','LAST_VERSION',
#10873,.MADE.);
#10881=CARTESIAN_POINT('',(0.E0,0.E0,0.E0));
#10882=DIRECTION('',(0.E0,0.E0,1.E0));
#10883=DIRECTION('',(1.E0,0.E0,0.E0));
#10884=AXIS2_PLACEMENT_3D('',#10881,#10882,#10883);
#10885=ITEM_DEFINED_TRANSFORMATION('','',#10857,#10884);
#10886=(REPRESENTATION_RELATIONSHIP('','',#10846,#10878)REPRESENTATION_RELATIONSHIP_WITH_TRANSFORMATION(#10885)SHAPE_REPRESENTATION_RELATIONSHIP());
#10887=CONTEXT_DEPENDENT_SHAPE_REPRESENTATION(#10886,#10880);
#10889=DIMENSIONAL_EXPONENTS(0.E0,0.E0,0.E0,0.E0,0.E0,0.E0,0.E0);
#10891=PLANE_ANGLE_MEASURE_WITH_UNIT(PLANE_ANGLE_MEASURE(1.745329251994E-2),
#10890);
#10892=(CONVERSION_BASED_UNIT('DEGREE',#10891)NAMED_UNIT(*)PLANE_ANGLE_UNIT());
#10894=UNCERTAINTY_MEASURE_WITH_UNIT(LENGTH_MEASURE(5.E-3),#10888,'closure',
'Maximum model space distance between geometric entities at asserted connectivities');
#10895=(GEOMETRIC_REPRESENTATION_CONTEXT(3)GLOBAL_UNCERTAINTY_ASSIGNED_CONTEXT((
#10894))GLOBAL_UNIT_ASSIGNED_CONTEXT((#10888,#10892,#10893))REPRESENTATION_CONTEXT('ID17','3'));
#10896=CARTESIAN_POINT('',(0.E0,0.E0,0.E0));
#10897=DIRECTION('',(0.E0,0.E0,1.E0));
#10898=DIRECTION('',(1.E0,0.E0,0.E0));
#10900=DESIGN_CONTEXT('',#329,'design');
#10901=MECHANICAL_CONTEXT('',#329,'mechanical');
#10902=PRODUCT('6202ZZ_-_EA039_ASM','6202ZZ_-_EA039_ASM','NOT SPECIFIED',
(#10901));
#10903=PRODUCT_DEFINITION_FORMATION_WITH_SPECIFIED_SOURCE('1','LAST_VERSION',
#10902,.MADE.);
#10905=PRODUCT_CATEGORY('part','');
#10906=PRODUCT_RELATED_PRODUCT_CATEGORY('assembly','',(#10841,#10873,#10902));
#10907=PRODUCT_CATEGORY_RELATIONSHIP('','',#10905,#10906);
#10908=PRODUCT_CATEGORY('part','');
#10909=PRODUCT_RELATED_PRODUCT_CATEGORY('detail','',(#333,#1232,#1377,#7297,
#8194,#8338,#8483,#8627,#9442,#9586,#10369,#10513,#10658,#10802));
#10910=PRODUCT_CATEGORY_RELATIONSHIP('','',#10908,#10909);
#10911=SECURITY_CLASSIFICATION_LEVEL('unclassified');
#10912=SECURITY_CLASSIFICATION('','',#10911);
#10913=CC_DESIGN_SECURITY_CLASSIFICATION(#10912,(#334,#1233,#1378,#7298,#8195,
#8339,#8484,#8628,#9443,#9587,#10370,#10514,#10659,#10803,#10842,#10874,#10903,
#341,#1237,#1382,#7302,#8199,#8343,#8488,#8632,#9447,#9591,#10374,#10518,#10663,
#10807,#10847,#10879));
#10914=APPROVAL_STATUS('approved');
#10915=APPROVAL(#10914,'');
#10916=CC_DESIGN_APPROVAL(#10915,(#10912,#334,#1233,#1378,#7298,#8195,#8339,
#8484,#8628,#9443,#9587,#10370,#10514,#10659,#10803,#10842,#10874,#10903,#335,
#1234,#1379,#7299,#8196,#8340,#8485,#8629,#9444,#9588,#10371,#10515,#10660,
#10804,#10843,#10875,#10904));
#10917=CALENDAR_DATE(125,19,12);
#10918=COORDINATED_UNIVERSAL_TIME_OFFSET(8,0,.AHEAD.);
#10919=LOCAL_TIME(11,22,4.3E1,#10918);
#10920=DATE_AND_TIME(#10917,#10919);
#10921=APPROVAL_DATE_TIME(#10920,#10915);
#10922=DATE_TIME_ROLE('creation_date');
#10923=CC_DESIGN_DATE_AND_TIME_ASSIGNMENT(#10920,#10922,(#335,#1234,#1379,#7299,
#8196,#8340,#8485,#8629,#9444,#9588,#10371,#10515,#10660,#10804,#10843,#10875,
#10904));
#10924=DATE_TIME_ROLE('classification_date');
#10925=CC_DESIGN_DATE_AND_TIME_ASSIGNMENT(#10920,#10924,(#10912));
#10926=PERSON('UNSPECIFIED','UNSPECIFIED',$,$,$,$);
#10927=ORGANIZATION('UNSPECIFIED','UNSPECIFIED','UNSPECIFIED');
#10928=PERSON_AND_ORGANIZATION(#10926,#10927);
#10929=APPROVAL_ROLE('approver');
#10930=APPROVAL_PERSON_ORGANIZATION(#10928,#10915,#10929);
#10931=PERSON_AND_ORGANIZATION_ROLE('creator');
#10932=CC_DESIGN_PERSON_AND_ORGANIZATION_ASSIGNMENT(#10928,#10931,(#334,#1233,
#1378,#7298,#8195,#8339,#8484,#8628,#9443,#9587,#10370,#10514,#10659,#10803,
#10842,#10874,#10903,#335,#1234,#1379,#7299,#8196,#8340,#8485,#8629,#9444,#9588,
#10371,#10515,#10660,#10804,#10843,#10875,#10904));
#10933=PERSON_AND_ORGANIZATION_ROLE('design_supplier');
#10934=CC_DESIGN_PERSON_AND_ORGANIZATION_ASSIGNMENT(#10928,#10933,(#334,#1233,
#1378,#7298,#8195,#8339,#8484,#8628,#9443,#9587,#10370,#10514,#10659,#10803,
#10842,#10874,#10903));
#10935=PERSON_AND_ORGANIZATION_ROLE('classification_officer');
#10936=CC_DESIGN_PERSON_AND_ORGANIZATION_ASSIGNMENT(#10928,#10935,(#10912));
#10937=PERSON_AND_ORGANIZATION_ROLE('design_owner');
#10938=CC_DESIGN_PERSON_AND_ORGANIZATION_ASSIGNMENT(#10928,#10937,(#10841,
#10873,#10902,#333,#1232,#1377,#7297,#8194,#8338,#8483,#8627,#9442,#9586,#10369,
#10513,#10658,#10802));
#1=DRAUGHTING_PRE_DEFINED_COLOUR('black');
#2=COLOUR_RGB('',0.E0,0.E0,4.7E-1);
#3=COLOUR_RGB('',0.E0,0.E0,6.E-1);
#4=COLOUR_RGB('',0.E0,0.E0,8.E-1);
#5=COLOUR_RGB('',0.E0,2.745098039216E-2,7.019607843137E-1);
#6=COLOUR_RGB('',0.E0,3.137254901961E-2,3.411764705882E-1);
#7=COLOUR_RGB('',0.E0,2.E-1,1.E0);
#8=COLOUR_RGB('',0.E0,3.3E-1,0.E0);
#9=COLOUR_RGB('',0.E0,3.3E-1,3.3E-1);
#10=COLOUR_RGB('',0.E0,4.E-1,0.E0);
#11=COLOUR_RGB('',0.E0,4.E-1,4.E-1);
#12=COLOUR_RGB('',0.E0,4.E-1,1.E0);
#13=COLOUR_RGB('',0.E0,5.019607843137E-1,5.019607843137E-1);
#14=COLOUR_RGB('',0.E0,6.E-1,0.E0);
#15=COLOUR_RGB('',0.E0,6.E-1,6.E-1);
#16=COLOUR_RGB('',0.E0,6.E-1,1.E0);
#17=COLOUR_RGB('',0.E0,8.E-1,0.E0);
#18=COLOUR_RGB('',0.E0,8.E-1,8.E-1);
#19=COLOUR_RGB('',0.E0,8.E-1,1.E0);
#20=COLOUR_RGB('',0.E0,9.3E-1,0.E0);
#21=COLOUR_RGB('',0.E0,9.3E-1,9.3E-1);
#22=DRAUGHTING_PRE_DEFINED_COLOUR('green');
#23=COLOUR_RGB('',0.E0,1.E0,2.E-1);
#24=COLOUR_RGB('',0.E0,1.E0,4.E-1);
#25=COLOUR_RGB('',0.E0,1.E0,6.E-1);
#26=COLOUR_RGB('',0.E0,1.E0,8.E-1);
#27=DRAUGHTING_PRE_DEFINED_COLOUR('cyan');
#28=COLOUR_RGB('',3.1E-2,2.E-1,6.27E-1);
#29=COLOUR_RGB('',3.529411764706E-2,5.137254901961E-1,1.725490196078E-1);
#30=COLOUR_RGB('',6.6667E-2,5.17647E-1,6.39216E-1);
#31=COLOUR_RGB('',7.E-2,7.E-2,1.E0);
#32=COLOUR_RGB('',7.E-2,6.E-1,3.E-1);
#33=COLOUR_RGB('',8.E-2,1.E-1,1.1E-1);
#34=COLOUR_RGB('',9.803921568627E-2,9.803921568627E-2,4.392156862745E-1);
#35=COLOUR_RGB('',1.019607843137E-1,6.313725490196E-1,5.019607843137E-1);
#36=COLOUR_RGB('',1.176470588235E-1,5.647058823529E-1,1.E0);
#37=COLOUR_RGB('',1.254901960784E-1,6.980392156863E-1,6.666666666667E-1);
#38=COLOUR_RGB('',1.333333333333E-1,5.450980392157E-1,1.333333333333E-1);
#39=COLOUR_RGB('',1.450980392157E-1,3.529411764706E-2,0.E0);
#40=COLOUR_RGB('',1.686274509804E-1,1.686274509804E-1,1.803921568627E-1);
#41=COLOUR_RGB('',1.803921568627E-1,5.450980392157E-1,3.411764705882E-1);
#42=COLOUR_RGB('',1.9E-1,2.3E-1,3.1E-1);
#43=COLOUR_RGB('',1.960784313725E-1,8.039215686275E-1,1.960784313725E-1);
#44=COLOUR_RGB('',2.E-1,1.E0,0.E0);
#45=COLOUR_RGB('',2.E-1,1.E0,2.E-1);
#46=COLOUR_RGB('',2.E-1,1.E0,1.E0);
#47=COLOUR_RGB('',2.313725490196E-1,3.803921568627E-1,5.607843137255E-1);
#48=COLOUR_RGB('',2.352941176471E-1,7.019607843137E-1,4.431372549020E-1);
#49=COLOUR_RGB('',2.431372549020E-1,8.784313725490E-1,8.156862745098E-1);
#50=COLOUR_RGB('',2.470588235294E-1,5.921568627451E-1,6.313725490196E-1);
#51=COLOUR_RGB('',2.5098E-1,2.35294E-1,8.62745E-1);
#52=COLOUR_RGB('',2.549019607843E-1,4.117647058824E-1,1.E0);
#53=COLOUR_RGB('',2.58824E-1,7.80392E-1,8.86275E-1);
#54=COLOUR_RGB('',2.7E-1,0.E0,4.E-1);
#55=COLOUR_RGB('',2.7E-1,2.7E-1,0.E0);
#56=COLOUR_RGB('',2.7E-1,2.7E-1,1.E0);
#57=COLOUR_RGB('',2.745098039216E-1,5.098039215686E-1,7.058823529412E-1);
#58=COLOUR_RGB('',2.784313725490E-1,2.784313725490E-1,2.784313725490E-1);
#59=COLOUR_RGB('',2.823529411765E-1,2.392156862745E-1,5.450980392157E-1);
#60=COLOUR_RGB('',3.13725E-1,4.70588E-1,1.96078E-1);
#61=COLOUR_RGB('',3.2549E-1,4.98039E-1,9.84314E-1);
#62=COLOUR_RGB('',3.254901960784E-1,5.764705882353E-1,8.117647058824E-1);
#63=COLOUR_RGB('',3.3E-1,0.E0,0.E0);
#64=COLOUR_RGB('',3.3E-1,0.E0,3.3E-1);
#65=COLOUR_RGB('',3.3E-1,0.E0,5.3E-1);
#66=COLOUR_RGB('',3.450980392157E-1,3.647058823529E-1,3.725490196078E-1);
#67=COLOUR_RGB('',3.725490196078E-1,6.196078431373E-1,6.274509803922E-1);
#68=COLOUR_RGB('',3.803921568627E-1,4.392156862745E-1,5.960784313725E-1);
#69=COLOUR_RGB('',3.882352941176E-1,4.392156862745E-1,4.901960784314E-1);
#70=COLOUR_RGB('',3.921568627451E-1,5.843137254902E-1,9.294117647059E-1);
#71=COLOUR_RGB('',3.96078E-1,7.13725E-1,1.E0);
#72=COLOUR_RGB('',4.E-1,0.E0,4.E-1);
#73=COLOUR_RGB('',4.E-1,0.E0,6.7E-1);
#74=COLOUR_RGB('',4.E-1,1.3E-1,0.E0);
#75=COLOUR_RGB('',4.E-1,4.E-1,0.E0);
#76=COLOUR_RGB('',4.E-1,4.E-1,1.E0);
#77=COLOUR_RGB('',4.E-1,8.039215686275E-1,6.666666666667E-1);
#78=COLOUR_RGB('',4.E-1,1.E0,0.E0);
#79=COLOUR_RGB('',4.E-1,1.E0,4.E-1);
#80=COLOUR_RGB('',4.E-1,1.E0,1.E0);
#81=COLOUR_RGB('',4.156862745098E-1,3.529411764706E-1,8.039215686275E-1);
#82=COLOUR_RGB('',4.196078431373E-1,5.568627450980E-1,1.372549019608E-1);
#83=COLOUR_RGB('',4.666666666667E-1,5.333333333333E-1,6.E-1);
#84=COLOUR_RGB('',4.7E-1,0.E0,0.E0);
#85=COLOUR_RGB('',4.7E-1,0.E0,8.E-1);
#86=COLOUR_RGB('',4.7E-1,2.E-1,7.E-2);
#87=COLOUR_RGB('',4.823529411765E-1,4.078431372549E-1,9.333333333333E-1);
#88=COLOUR_RGB('',4.980392156863E-1,1.E0,8.313725490196E-1);
#89=COLOUR_RGB('',5.019607843137E-1,0.E0,5.019607843137E-1);
#90=COLOUR_RGB('',5.019607843137E-1,5.019607843137E-1,0.E0);
#91=COLOUR_RGB('',5.01961E-1,5.01961E-1,5.01961E-1);
#92=COLOUR_RGB('',5.098039215686E-1,3.960784313725E-1,1.058823529412E-1);
#93=COLOUR_RGB('',5.3E-1,0.E0,9.3E-1);
#94=COLOUR_RGB('',5.3E-1,2.7E-1,1.3E-1);
#95=COLOUR_RGB('',5.3E-1,5.3E-1,1.E0);
#96=COLOUR_RGB('',5.294117647059E-1,8.078431372549E-1,9.215686274510E-1);
#97=COLOUR_RGB('',5.411764705882E-1,1.686274509804E-1,8.862745098039E-1);
#98=COLOUR_RGB('',5.5E-1,6.5E-1,7.3E-1);
#99=COLOUR_RGB('',5.607843137255E-1,7.372549019608E-1,5.607843137255E-1);
#100=COLOUR_RGB('',5.68627E-1,9.37255E-1,9.37255E-1);
#101=COLOUR_RGB('',5.725490196078E-1,6.117647058824E-1,6.313725490196E-1);
#102=COLOUR_RGB('',5.764705882353E-1,4.392156862745E-1,8.588235294118E-1);
#103=COLOUR_RGB('',5.803921568627E-1,0.E0,8.274509803922E-1);
#104=COLOUR_RGB('',5.88235E-1,2.35294E-1,1.56863E-1);
#105=COLOUR_RGB('',6.E-1,0.E0,6.E-1);
#106=COLOUR_RGB('',6.E-1,1.960784313725E-1,8.E-1);
#107=COLOUR_RGB('',6.E-1,2.E-1,1.E0);
#108=COLOUR_RGB('',6.E-1,3.3E-1,2.E-1);
#109=COLOUR_RGB('',6.E-1,6.E-1,0.E0);
#110=COLOUR_RGB('',6.E-1,1.E0,6.E-1);
#111=COLOUR_RGB('',6.E-1,1.E0,1.E0);
#112=COLOUR_RGB('',6.27451E-1,4.70588E-1,3.52941E-1);
#113=COLOUR_RGB('',6.627450980392E-1,6.627450980392E-1,6.627450980392E-1);
#114=COLOUR_RGB('',6.66667E-1,8.23529E-1,1.96078E-1);
#115=COLOUR_RGB('',6.66667E-1,8.23529E-1,5.88235E-1);
#116=COLOUR_RGB('',6.7E-1,0.E0,0.E0);
#117=COLOUR_RGB('',6.7E-1,4.E-1,2.7E-1);
#118=COLOUR_RGB('',6.7E-1,4.E-1,1.E0);
#119=COLOUR_RGB('',6.7E-1,6.7E-1,1.E0);
#120=COLOUR_RGB('',6.7E-1,1.E0,0.E0);
#121=COLOUR_RGB('',6.784313725490E-1,8.117647058824E-1,1.E0);
#122=COLOUR_RGB('',6.784313725490E-1,8.470588235294E-1,9.019607843137E-1);
#123=COLOUR_RGB('',6.784313725490E-1,1.E0,1.843137254902E-1);
#124=COLOUR_RGB('',6.862745098039E-1,6.823529411765E-1,7.607843137255E-1);
#125=COLOUR_RGB('',6.980392156863E-1,1.333333333333E-1,1.333333333333E-1);
#126=COLOUR_RGB('',7.17647E-1,1.68627E-1,4.43137E-1);
#127=COLOUR_RGB('',7.215686274510E-1,5.254901960784E-1,4.313725490196E-2);
#128=COLOUR_RGB('',7.294117647059E-1,2.705882352941E-1,1.E0);
#129=COLOUR_RGB('',7.294117647059E-1,3.333333333333E-1,8.274509803922E-1);
#130=COLOUR_RGB('',7.294117647059E-1,4.E-1,0.E0);
#131=COLOUR_RGB('',7.3E-1,4.7E-1,3.3E-1);
#132=COLOUR_RGB('',7.372549019608E-1,5.607843137255E-1,5.607843137255E-1);
#133=COLOUR_RGB('',7.411764705882E-1,7.176470588235E-1,4.196078431373E-1);
#134=COLOUR_RGB('',7.803921568627E-1,8.235294117647E-2,5.215686274510E-1);
#135=COLOUR_RGB('',8.E-1,0.E0,8.E-1);
#136=COLOUR_RGB('',8.E-1,5.3E-1,4.E-1);
#137=COLOUR_RGB('',8.E-1,6.E-1,1.E0);
#138=COLOUR_RGB('',8.E-1,8.E-1,0.E0);
#139=COLOUR_RGB('',8.E-1,8.E-1,1.E0);
#140=COLOUR_RGB('',8.E-1,1.E0,8.E-1);
#141=COLOUR_RGB('',8.E-1,1.E0,1.E0);
#142=COLOUR_RGB('',8.039215686275E-1,3.607843137255E-1,3.607843137255E-1);
#143=COLOUR_RGB('',8.03922E-1,5.88235E-1,1.96078E-1);
#144=COLOUR_RGB('',8.196078431373E-1,7.098039215686E-1,5.490196078431E-2);
#145=COLOUR_RGB('',8.235294117647E-1,4.117647058824E-1,1.176470588235E-1);
#146=COLOUR_RGB('',8.235294117647E-1,7.058823529412E-1,5.490196078431E-1);
#147=COLOUR_RGB('',8.274509803922E-1,8.274509803922E-1,8.274509803922E-1);
#148=COLOUR_RGB('',8.392156862745E-1,8.E-1,7.137254901961E-1);
#149=COLOUR_RGB('',8.431372549020E-1,8.980392156863E-1,9.333333333333E-1);
#150=COLOUR_RGB('',8.549019607843E-1,6.470588235294E-1,1.254901960784E-1);
#151=COLOUR_RGB('',8.588235294118E-1,4.392156862745E-1,5.764705882353E-1);
#152=COLOUR_RGB('',8.627450980392E-1,7.843137254902E-2,2.352941176471E-1);
#153=COLOUR_RGB('',8.666666666667E-1,6.274509803922E-1,8.666666666667E-1);
#154=COLOUR_RGB('',8.7E-1,0.E0,0.E0);
#155=COLOUR_RGB('',8.7E-1,6.E-1,4.7E-1);
#156=COLOUR_RGB('',8.98039E-1,6.07843E-1,1.E0);
#157=COLOUR_RGB('',9.E-1,8.3E-1,1.2E-1);
#158=COLOUR_RGB('',9.09804E-1,3.68627E-1,8.19608E-1);
#159=COLOUR_RGB('',9.3E-1,0.E0,9.3E-1);
#160=COLOUR_RGB('',9.3E-1,6.7E-1,5.3E-1);
#161=COLOUR_RGB('',9.3E-1,8.E-1,1.E0);
#162=COLOUR_RGB('',9.3E-1,9.3E-1,0.E0);
#163=COLOUR_RGB('',9.3E-1,1.E0,9.3E-1);
#164=COLOUR_RGB('',9.3E-1,1.E0,1.E0);
#165=COLOUR_RGB('',9.333333333333E-1,5.098039215686E-1,9.333333333333E-1);
#166=COLOUR_RGB('',9.333333333333E-1,9.098039215686E-1,6.666666666667E-1);
#167=COLOUR_RGB('',9.411764705882E-1,9.019607843137E-1,5.490196078431E-1);
#168=COLOUR_RGB('',9.568627450980E-1,6.431372549020E-1,3.764705882353E-1);
#169=DRAUGHTING_PRE_DEFINED_COLOUR('red');
#170=COLOUR_RGB('',1.E0,0.E0,2.705882352941E-1);
#171=COLOUR_RGB('',1.E0,0.E0,4.705882352941E-1);
#172=COLOUR_RGB('',1.E0,0.E0,7.803921568627E-1);
#173=DRAUGHTING_PRE_DEFINED_COLOUR('magenta');
#174=COLOUR_RGB('',1.E0,3.1E-2,3.1E-2);
#175=COLOUR_RGB('',1.E0,7.E-2,7.E-2);
#176=COLOUR_RGB('',1.E0,7.843137254902E-2,5.764705882353E-1);
#177=COLOUR_RGB('',1.E0,2.E-1,1.E0);
#178=COLOUR_RGB('',1.E0,2.7E-1,0.E0);
#179=COLOUR_RGB('',1.E0,2.7E-1,2.7E-1);
#180=COLOUR_RGB('',1.E0,3.882352941176E-1,2.784313725490E-1);
#181=COLOUR_RGB('',1.E0,4.E-1,1.E0);
#182=COLOUR_RGB('',1.E0,4.117647058824E-1,7.058823529412E-1);
#183=COLOUR_RGB('',1.E0,4.7E-1,0.E0);
#184=COLOUR_RGB('',1.E0,4.7E-1,4.7E-1);
#185=COLOUR_RGB('',1.E0,4.980392156863E-1,3.137254901961E-1);
#186=COLOUR_RGB('',1.E0,6.E-1,1.E0);
#187=COLOUR_RGB('',1.E0,6.7E-1,0.E0);
#188=COLOUR_RGB('',1.E0,6.7E-1,6.7E-1);
#189=COLOUR_RGB('',1.E0,7.3E-1,6.E-1);
#190=COLOUR_RGB('',1.E0,7.686274509804E-1,5.882352941176E-2);
#191=COLOUR_RGB('',1.E0,8.E-1,8.E-1);
#192=COLOUR_RGB('',1.E0,8.E-1,1.E0);
#193=COLOUR_RGB('',1.E0,8.7E-1,0.E0);
#194=COLOUR_RGB('',1.E0,9.215686274510E-1,8.039215686275E-1);
#195=COLOUR_RGB('',1.E0,9.3E-1,9.3E-1);
#196=COLOUR_RGB('',1.E0,9.3E-1,1.E0);
#197=DRAUGHTING_PRE_DEFINED_COLOUR('yellow');
#198=COLOUR_RGB('',1.E0,1.E0,1.3E-1);
#199=COLOUR_RGB('',1.E0,1.E0,3.3E-1);
#200=COLOUR_RGB('',1.E0,1.E0,5.3E-1);
#201=COLOUR_RGB('',1.E0,1.E0,7.3E-1);
#202=COLOUR_RGB('',1.E0,1.E0,9.3E-1);
#203=DRAUGHTING_PRE_DEFINED_COLOUR('white');
#208=CIRCLE('',#207,3.08E0);
#213=CIRCLE('',#212,3.08E0);
#218=CIRCLE('',#217,3.08E0);
#223=CIRCLE('',#222,3.08E0);
#228=CIRCLE('',#227,3.08E0);
#233=CIRCLE('',#232,3.08E0);
#238=CIRCLE('',#237,3.08E0);
#243=CIRCLE('',#242,3.08E0);
#261=EDGE_CURVE('',#246,#247,#208,.T.);
#263=EDGE_CURVE('',#247,#249,#213,.T.);
#265=EDGE_CURVE('',#251,#249,#243,.T.);
#267=EDGE_CURVE('',#246,#251,#218,.T.);
#278=EDGE_CURVE('',#253,#251,#233,.T.);
#280=EDGE_CURVE('',#253,#247,#223,.T.);
#291=EDGE_CURVE('',#251,#255,#228,.T.);
#293=EDGE_CURVE('',#247,#255,#238,.T.);
#316=(LENGTH_UNIT()NAMED_UNIT(*)SI_UNIT(.MILLI.,.METRE.));
#318=(NAMED_UNIT(*)PLANE_ANGLE_UNIT()SI_UNIT($,.RADIAN.));
#321=(NAMED_UNIT(*)SI_UNIT($,.STERADIAN.)SOLID_ANGLE_UNIT());
#327=AXIS2_PLACEMENT_3D('',#324,#325,#326);
#328=ADVANCED_BREP_SHAPE_REPRESENTATION('',(#327,#313),#323);
#335=PRODUCT_DEFINITION('design','',#334,#331);
#336=PRODUCT_DEFINITION_SHAPE('','SHAPE FOR _5__1_2_3_4000_1.',#335);
#337=SHAPE_DEFINITION_REPRESENTATION(#336,#328);
#338=SHAPE_DEFINITION_REPRESENTATION(#339,#340);
#339=PRODUCT_DEFINITION_SHAPE('','SHAPE FOR NBHXVMZH_ASM_1_ASM.',#10843);
#340=SHAPE_REPRESENTATION('',(#351,#346,#1247,#1242,#1392,#1387,#7312,#7307,
#8209,#8204,#8353,#8348,#8498,#8493,#8642,#8637,#9457,#9452,#9601,#9596,#10384,
#10379,#10528,#10523,#10673,#10668,#10817,#10812,#10838),#10834);
#341=NEXT_ASSEMBLY_USAGE_OCCURRENCE('0','Next assembly relationship',
'_X2_6EDA52A84F53_X0__5__1_2_3_4',#10843,#335,$);
#342=PRODUCT_DEFINITION_SHAPE('Placement #0',
'Placement of _5__1_2_3_4000_1 with respect to NBHXVMZH_ASM_1_ASM',#341);
#351=AXIS2_PLACEMENT_3D('',#348,#349,#350);
#358=CIRCLE('',#357,1.456376751558E1);
#367=CIRCLE('',#366,1.496666666667E1);
#376=CIRCLE('',#375,1.466666666666E1);
#385=CIRCLE('',#384,1.466666666666E1);
#394=CIRCLE('',#393,1.516666666667E1);
#403=CIRCLE('',#402,1.516666666667E1);
#416=CIRCLE('',#415,1.516666666667E1);
#421=CIRCLE('',#420,1.516666666667E1);
#426=CIRCLE('',#425,1.425404991841E1);
#431=CIRCLE('',#430,1.425404991841E1);
#436=CIRCLE('',#435,2.E-1);
#441=CIRCLE('',#440,1.410729778361E1);
#446=CIRCLE('',#445,1.410729778361E1);
#451=CIRCLE('',#450,2.E-1);
#464=CIRCLE('',#463,1.339270221639E1);
#469=CIRCLE('',#468,2.E-1);
#474=CIRCLE('',#473,2.E-1);
#479=CIRCLE('',#478,1.339270221639E1);
#484=CIRCLE('',#483,1.324595008159E1);
#489=CIRCLE('',#488,1.324595008159E1);
#494=CIRCLE('',#493,1.103333333333E1);
#499=CIRCLE('',#498,1.103333333333E1);
#504=CIRCLE('',#503,2.E-1);
#509=CIRCLE('',#508,1.083333333333E1);
#514=CIRCLE('',#513,2.E-1);
#519=CIRCLE('',#518,1.083333333333E1);
#528=CIRCLE('',#527,1.083333333333E1);
#533=CIRCLE('',#532,1.083333333333E1);
#538=CIRCLE('',#537,1.063333333333E1);
#543=CIRCLE('',#542,1.063333333333E1);
#560=CIRCLE('',#559,4.E-1);
#565=CIRCLE('',#564,1.063333333333E1);
#570=CIRCLE('',#569,1.324595008159E1);
#575=CIRCLE('',#574,1.324595008159E1);
#580=CIRCLE('',#579,1.103333333333E1);
#585=CIRCLE('',#584,1.103333333333E1);
#590=CIRCLE('',#589,4.E-1);
#595=CIRCLE('',#594,1.353945435119E1);
#600=CIRCLE('',#599,1.353945435119E1);
#605=CIRCLE('',#604,4.E-1);
#618=CIRCLE('',#617,1.496666666667E1);
#623=CIRCLE('',#622,1.496666666667E1);
#628=CIRCLE('',#627,1.425404991841E1);
#633=CIRCLE('',#632,1.425404991841E1);
#650=CIRCLE('',#649,1.496666666667E1);
#655=CIRCLE('',#654,1.456376751558E1);
#660=CIRCLE('',#659,4.E-1);
#665=CIRCLE('',#664,1.063333333333E1);
#747=EDGE_CURVE('',#668,#669,#358,.T.);
#749=EDGE_CURVE('',#669,#671,#362,.T.);
#751=EDGE_CURVE('',#671,#673,#367,.T.);
#753=EDGE_CURVE('',#668,#673,#645,.T.);
#764=EDGE_CURVE('',#668,#675,#371,.T.);
#766=EDGE_CURVE('',#675,#677,#376,.T.);
#768=EDGE_CURVE('',#669,#677,#380,.T.);
#779=EDGE_CURVE('',#677,#675,#385,.T.);
#782=EDGE_CURVE('',#669,#668,#655,.T.);
#793=EDGE_CURVE('',#677,#679,#389,.T.);
#795=EDGE_CURVE('',#679,#681,#394,.T.);
#797=EDGE_CURVE('',#675,#681,#398,.T.);
#808=EDGE_CURVE('',#681,#679,#403,.T.);
#820=EDGE_CURVE('',#683,#679,#407,.T.);
#823=EDGE_CURVE('',#685,#681,#411,.T.);
#825=EDGE_CURVE('',#683,#685,#416,.T.);
#835=EDGE_CURVE('',#685,#683,#421,.T.);
#852=EDGE_CURVE('',#688,#689,#426,.T.);
#854=EDGE_CURVE('',#689,#688,#431,.T.);
#864=EDGE_CURVE('',#691,#689,#436,.T.);
#867=EDGE_CURVE('',#693,#688,#451,.T.);
#869=EDGE_CURVE('',#693,#691,#441,.T.);
#879=EDGE_CURVE('',#691,#693,#446,.T.);
#892=EDGE_CURVE('',#695,#693,#455,.T.);
#895=EDGE_CURVE('',#697,#691,#459,.T.);
#897=EDGE_CURVE('',#695,#697,#479,.T.);
#907=EDGE_CURVE('',#697,#695,#464,.T.);
#921=EDGE_CURVE('',#695,#699,#469,.T.);
#923=EDGE_CURVE('',#701,#699,#484,.T.);
#925=EDGE_CURVE('',#697,#701,#474,.T.);
#936=EDGE_CURVE('',#699,#701,#489,.T.);
#952=EDGE_CURVE('',#704,#705,#494,.T.);
#954=EDGE_CURVE('',#705,#704,#499,.T.);
#965=EDGE_CURVE('',#704,#707,#504,.T.);
#967=EDGE_CURVE('',#707,#709,#509,.T.);
#969=EDGE_CURVE('',#705,#709,#514,.T.);
#980=EDGE_CURVE('',#709,#707,#519,.T.);
#992=EDGE_CURVE('',#712,#713,#533,.T.);
#994=EDGE_CURVE('',#712,#707,#523,.T.);
#997=EDGE_CURVE('',#713,#709,#547,.T.);
#1007=EDGE_CURVE('',#713,#712,#528,.T.);
#1012=EDGE_CURVE('',#716,#717,#538,.T.);
#1014=EDGE_CURVE('',#717,#716,#543,.T.);
#1037=EDGE_CURVE('',#716,#719,#551,.T.);
#1039=EDGE_CURVE('',#721,#719,#665,.T.);
#1041=EDGE_CURVE('',#717,#721,#555,.T.);
#1052=EDGE_CURVE('',#719,#721,#565,.T.);
#1064=EDGE_CURVE('',#724,#725,#585,.T.);
#1066=EDGE_CURVE('',#724,#719,#560,.T.);
#1069=EDGE_CURVE('',#725,#721,#660,.T.);
#1079=EDGE_CURVE('',#728,#729,#570,.T.);
#1081=EDGE_CURVE('',#729,#728,#575,.T.);
#1085=EDGE_CURVE('',#725,#724,#580,.T.);
#1096=EDGE_CURVE('',#731,#729,#590,.T.);
#1099=EDGE_CURVE('',#733,#728,#605,.T.);
#1101=EDGE_CURVE('',#733,#731,#595,.T.);
#1111=EDGE_CURVE('',#731,#733,#600,.T.);
#1125=EDGE_CURVE('',#731,#735,#609,.T.);
#1127=EDGE_CURVE('',#737,#735,#628,.T.);
#1129=EDGE_CURVE('',#733,#737,#613,.T.);
#1140=EDGE_CURVE('',#735,#737,#633,.T.);
#1152=EDGE_CURVE('',#740,#741,#618,.T.);
#1154=EDGE_CURVE('',#741,#740,#623,.T.);
#1169=EDGE_CURVE('',#740,#673,#637,.T.);
#1172=EDGE_CURVE('',#741,#671,#641,.T.);
#1183=EDGE_CURVE('',#673,#671,#650,.T.);
#1218=(LENGTH_UNIT()NAMED_UNIT(*)SI_UNIT(.MILLI.,.METRE.));
#1220=(NAMED_UNIT(*)PLANE_ANGLE_UNIT()SI_UNIT($,.RADIAN.));
#1223=(NAMED_UNIT(*)SI_UNIT($,.STERADIAN.)SOLID_ANGLE_UNIT());
#1229=AXIS2_PLACEMENT_3D('',#1226,#1227,#1228);
#1230=ADVANCED_BREP_SHAPE_REPRESENTATION('',(#1229,#1215),#1225);
#1234=PRODUCT_DEFINITION('design','',#1233,#331);
#1235=PRODUCT_DEFINITION_SHAPE('','SHAPE FOR 0_1_2_3_4000_1.',#1234);
#1236=SHAPE_DEFINITION_REPRESENTATION(#1235,#1230);
#1237=NEXT_ASSEMBLY_USAGE_OCCURRENCE('1','Next assembly relationship',
'_X2_96325C1876D6_X0_0_1_2_3_4',#10843,#1234,$);
#1238=PRODUCT_DEFINITION_SHAPE('Placement #1',
'Placement of 0_1_2_3_4000_1 with respect to NBHXVMZH_ASM_1_ASM',#1237);
#1247=AXIS2_PLACEMENT_3D('',#1244,#1245,#1246);
#1254=CIRCLE('',#1253,3.08E0);
#1259=CIRCLE('',#1258,3.08E0);
#1264=CIRCLE('',#1263,3.08E0);
#1269=CIRCLE('',#1268,3.08E0);
#1274=CIRCLE('',#1273,3.08E0);
#1279=CIRCLE('',#1278,3.08E0);
#1284=CIRCLE('',#1283,3.08E0);
#1289=CIRCLE('',#1288,3.08E0);
#1307=EDGE_CURVE('',#1292,#1293,#1254,.T.);
#1309=EDGE_CURVE('',#1293,#1295,#1259,.T.);
#1311=EDGE_CURVE('',#1297,#1295,#1289,.T.);
#1313=EDGE_CURVE('',#1292,#1297,#1264,.T.);
#1324=EDGE_CURVE('',#1299,#1297,#1279,.T.);
#1326=EDGE_CURVE('',#1299,#1293,#1269,.T.);
#1337=EDGE_CURVE('',#1297,#1301,#1274,.T.);
#1339=EDGE_CURVE('',#1293,#1301,#1284,.T.);
#1362=(LENGTH_UNIT()NAMED_UNIT(*)SI_UNIT(.MILLI.,.METRE.));
#1364=(NAMED_UNIT(*)PLANE_ANGLE_UNIT()SI_UNIT($,.RADIAN.));
#1367=(NAMED_UNIT(*)SI_UNIT($,.STERADIAN.)SOLID_ANGLE_UNIT());
#1373=AXIS2_PLACEMENT_3D('',#1370,#1371,#1372);
#1374=ADVANCED_BREP_SHAPE_REPRESENTATION('',(#1373,#1359),#1369);
#1379=PRODUCT_DEFINITION('design','',#1378,#1375);
#1380=PRODUCT_DEFINITION_SHAPE('','SHAPE FOR _6__1_2_3_4000_1.',#1379);
#1381=SHAPE_DEFINITION_REPRESENTATION(#1380,#1374);
#1382=NEXT_ASSEMBLY_USAGE_OCCURRENCE('2','Next assembly relationship',
'_X2_6EDA52A84F53_X0__6__1_2_3_4',#10843,#1379,$);
#1383=PRODUCT_DEFINITION_SHAPE('Placement #2',
'Placement of _6__1_2_3_4000_1 with respect to NBHXVMZH_ASM_1_ASM',#1382);
#1392=AXIS2_PLACEMENT_3D('',#1389,#1390,#1391);
#1399=CIRCLE('',#1398,3.388E0);
#1419=B_SPLINE_CURVE_WITH_KNOTS('',3,(#1400,#1401,#1402,#1403,#1404,#1405,#1406,
#1407,#1408,#1409,#1410,#1411,#1412,#1413,#1414,#1415,#1416,#1417,#1418),
.UNSPECIFIED.,.F.,.F.,(4,1,1,1,1,1,1,1,1,1,1,1,1,1,1,1,4),(0.E0,6.25E-2,1.25E-1,
1.875E-1,2.5E-1,3.125E-1,3.75E-1,4.375E-1,5.E-1,5.625E-1,6.25E-1,6.875E-1,
7.5E-1,8.125E-1,8.75E-1,9.375E-1,1.E0),.UNSPECIFIED.);
#1424=CIRCLE('',#1423,3.373970954232E0);
#1429=CIRCLE('',#1428,3.373970954232E0);
#1451=B_SPLINE_CURVE_WITH_KNOTS('',3,(#1430,#1431,#1432,#1433,#1434,#1435,#1436,
#1437,#1438,#1439,#1440,#1441,#1442,#1443,#1444,#1445,#1446,#1447,#1448,#1449,
#1450),.UNSPECIFIED.,.F.,.F.,(4,1,1,1,1,1,1,1,1,1,1,1,1,1,1,1,1,1,4),(0.E0,
5.555555555556E-2,1.111111111111E-1,1.666666666667E-1,2.222222222222E-1,
2.777777777778E-1,3.333333333333E-1,3.888888888889E-1,4.444444444444E-1,5.E-1,
5.555555555556E-1,6.111111111111E-1,6.666666666667E-1,7.222222222222E-1,
7.777777777778E-1,8.333333333333E-1,8.888888888889E-1,9.444444444444E-1,1.E0),
.UNSPECIFIED.);
#1456=CIRCLE('',#1455,3.388E0);
#1478=B_SPLINE_CURVE_WITH_KNOTS('',3,(#1457,#1458,#1459,#1460,#1461,#1462,#1463,
#1464,#1465,#1466,#1467,#1468,#1469,#1470,#1471,#1472,#1473,#1474,#1475,#1476,
#1477),.UNSPECIFIED.,.F.,.F.,(4,1,1,1,1,1,1,1,1,1,1,1,1,1,1,1,1,1,4),(0.E0,
5.555555555556E-2,1.111111111111E-1,1.666666666667E-1,2.222222222222E-1,
2.777777777778E-1,3.333333333333E-1,3.888888888889E-1,4.444444444444E-1,5.E-1,
5.555555555556E-1,6.111111111111E-1,6.666666666667E-1,7.222222222222E-1,
7.777777777778E-1,8.333333333333E-1,8.888888888889E-1,9.444444444444E-1,1.E0),
.UNSPECIFIED.);
#1483=CIRCLE('',#1482,3.373970954232E0);
#1488=CIRCLE('',#1487,3.373970954232E0);
#1501=B_SPLINE_CURVE_WITH_KNOTS('',3,(#1489,#1490,#1491,#1492,#1493,#1494,#1495,
#1496,#1497,#1498,#1499,#1500),.UNSPECIFIED.,.F.,.F.,(4,1,1,1,1,1,1,1,1,4),
(0.E0,1.111111111111E-1,2.222222222222E-1,3.333333333333E-1,4.444444444444E-1,
5.555555555556E-1,6.666666666667E-1,7.777777777778E-1,8.888888888889E-1,1.E0),
.UNSPECIFIED.);
#1525=B_SPLINE_CURVE_WITH_KNOTS('',3,(#1518,#1519,#1520,#1521,#1522,#1523,
#1524),.UNSPECIFIED.,.F.,.F.,(4,1,1,1,4),(0.E0,2.5E-1,5.E-1,7.5E-1,1.E0),
.UNSPECIFIED.);
#1540=B_SPLINE_CURVE_WITH_KNOTS('',3,(#1526,#1527,#1528,#1529,#1530,#1531,#1532,
#1533,#1534,#1535,#1536,#1537,#1538,#1539),.UNSPECIFIED.,.F.,.F.,(4,1,1,1,1,1,1,
1,1,1,1,4),(0.E0,9.090909090909E-2,1.818181818182E-1,2.727272727273E-1,
3.636363636364E-1,4.545454545455E-1,5.454545454545E-1,6.363636363636E-1,
7.272727272727E-1,8.181818181818E-1,9.090909090909E-1,1.E0),.UNSPECIFIED.);
#1545=CIRCLE('',#1544,3.373970954232E0);
#1550=CIRCLE('',#1549,3.373970954232E0);
#1559=B_SPLINE_CURVE_WITH_KNOTS('',3,(#1551,#1552,#1553,#1554,#1555,#1556,#1557,
#1558),.UNSPECIFIED.,.F.,.F.,(4,1,1,1,1,4),(0.E0,2.E-1,4.E-1,6.E-1,8.E-1,1.E0),
.UNSPECIFIED.);
#1567=B_SPLINE_CURVE_WITH_KNOTS('',3,(#1560,#1561,#1562,#1563,#1564,#1565,
#1566),.UNSPECIFIED.,.F.,.F.,(4,1,1,1,4),(0.E0,2.5E-1,5.E-1,7.5E-1,1.E0),
.UNSPECIFIED.);
#1572=CIRCLE('',#1571,1.375E1);
#1577=CIRCLE('',#1576,1.125E1);
#1582=CIRCLE('',#1581,3.388E0);
#1602=B_SPLINE_CURVE_WITH_KNOTS('',3,(#1583,#1584,#1585,#1586,#1587,#1588,#1589,
#1590,#1591,#1592,#1593,#1594,#1595,#1596,#1597,#1598,#1599,#1600,#1601),
.UNSPECIFIED.,.F.,.F.,(4,1,1,1,1,1,1,1,1,1,1,1,1,1,1,1,4),(0.E0,6.25E-2,1.25E-1,
1.875E-1,2.5E-1,3.125E-1,3.75E-1,4.375E-1,5.E-1,5.625E-1,6.25E-1,6.875E-1,
7.5E-1,8.125E-1,8.75E-1,9.375E-1,1.E0),.UNSPECIFIED.);
#1607=CIRCLE('',#1606,3.373970954232E0);
#1612=CIRCLE('',#1611,3.373970954232E0);
#1634=B_SPLINE_CURVE_WITH_KNOTS('',3,(#1613,#1614,#1615,#1616,#1617,#1618,#1619,
#1620,#1621,#1622,#1623,#1624,#1625,#1626,#1627,#1628,#1629,#1630,#1631,#1632,
#1633),.UNSPECIFIED.,.F.,.F.,(4,1,1,1,1,1,1,1,1,1,1,1,1,1,1,1,1,1,4),(0.E0,
5.555555555556E-2,1.111111111111E-1,1.666666666667E-1,2.222222222222E-1,
2.777777777778E-1,3.333333333333E-1,3.888888888889E-1,4.444444444444E-1,5.E-1,
5.555555555556E-1,6.111111111111E-1,6.666666666667E-1,7.222222222222E-1,
7.777777777778E-1,8.333333333333E-1,8.888888888889E-1,9.444444444444E-1,1.E0),
.UNSPECIFIED.);
#1639=CIRCLE('',#1638,3.388E0);
#1661=B_SPLINE_CURVE_WITH_KNOTS('',3,(#1640,#1641,#1642,#1643,#1644,#1645,#1646,
#1647,#1648,#1649,#1650,#1651,#1652,#1653,#1654,#1655,#1656,#1657,#1658,#1659,
#1660),.UNSPECIFIED.,.F.,.F.,(4,1,1,1,1,1,1,1,1,1,1,1,1,1,1,1,1,1,4),(0.E0,
5.555555555556E-2,1.111111111111E-1,1.666666666667E-1,2.222222222222E-1,
2.777777777778E-1,3.333333333333E-1,3.888888888889E-1,4.444444444444E-1,5.E-1,
5.555555555556E-1,6.111111111111E-1,6.666666666667E-1,7.222222222222E-1,
7.777777777778E-1,8.333333333333E-1,8.888888888889E-1,9.444444444444E-1,1.E0),
.UNSPECIFIED.);
#1666=CIRCLE('',#1665,3.373970954232E0);
#1671=CIRCLE('',#1670,3.373970954232E0);
#1684=B_SPLINE_CURVE_WITH_KNOTS('',3,(#1672,#1673,#1674,#1675,#1676,#1677,#1678,
#1679,#1680,#1681,#1682,#1683),.UNSPECIFIED.,.F.,.F.,(4,1,1,1,1,1,1,1,1,4),
(0.E0,1.111111111111E-1,2.222222222222E-1,3.333333333333E-1,4.444444444444E-1,
5.555555555556E-1,6.666666666667E-1,7.777777777778E-1,8.888888888889E-1,1.E0),
.UNSPECIFIED.);
#1689=CIRCLE('',#1688,1.375E1);
#1694=CIRCLE('',#1693,1.125E1);
#1699=CIRCLE('',#1698,3.388E0);
#1719=B_SPLINE_CURVE_WITH_KNOTS('',3,(#1700,#1701,#1702,#1703,#1704,#1705,#1706,
#1707,#1708,#1709,#1710,#1711,#1712,#1713,#1714,#1715,#1716,#1717,#1718),
.UNSPECIFIED.,.F.,.F.,(4,1,1,1,1,1,1,1,1,1,1,1,1,1,1,1,4),(0.E0,6.25E-2,1.25E-1,
1.875E-1,2.5E-1,3.125E-1,3.75E-1,4.375E-1,5.E-1,5.625E-1,6.25E-1,6.875E-1,
7.5E-1,8.125E-1,8.75E-1,9.375E-1,1.E0),.UNSPECIFIED.);
#1724=CIRCLE('',#1723,3.373970954232E0);
#1729=CIRCLE('',#1728,3.373970954232E0);
#1751=B_SPLINE_CURVE_WITH_KNOTS('',3,(#1730,#1731,#1732,#1733,#1734,#1735,#1736,
#1737,#1738,#1739,#1740,#1741,#1742,#1743,#1744,#1745,#1746,#1747,#1748,#1749,
#1750),.UNSPECIFIED.,.F.,.F.,(4,1,1,1,1,1,1,1,1,1,1,1,1,1,1,1,1,1,4),(0.E0,
5.555555555556E-2,1.111111111111E-1,1.666666666667E-1,2.222222222222E-1,
2.777777777778E-1,3.333333333333E-1,3.888888888889E-1,4.444444444444E-1,5.E-1,
5.555555555556E-1,6.111111111111E-1,6.666666666667E-1,7.222222222222E-1,
7.777777777778E-1,8.333333333333E-1,8.888888888889E-1,9.444444444444E-1,1.E0),
.UNSPECIFIED.);
#1756=CIRCLE('',#1755,3.388E0);
#1778=B_SPLINE_CURVE_WITH_KNOTS('',3,(#1757,#1758,#1759,#1760,#1761,#1762,#1763,
#1764,#1765,#1766,#1767,#1768,#1769,#1770,#1771,#1772,#1773,#1774,#1775,#1776,
#1777),.UNSPECIFIED.,.F.,.F.,(4,1,1,1,1,1,1,1,1,1,1,1,1,1,1,1,1,1,4),(0.E0,
5.555555555556E-2,1.111111111111E-1,1.666666666667E-1,2.222222222222E-1,
2.777777777778E-1,3.333333333333E-1,3.888888888889E-1,4.444444444444E-1,5.E-1,
5.555555555556E-1,6.111111111111E-1,6.666666666667E-1,7.222222222222E-1,
7.777777777778E-1,8.333333333333E-1,8.888888888889E-1,9.444444444444E-1,1.E0),
.UNSPECIFIED.);
#1783=CIRCLE('',#1782,3.373970954232E0);
#1788=CIRCLE('',#1787,3.373970954232E0);
#1801=B_SPLINE_CURVE_WITH_KNOTS('',3,(#1789,#1790,#1791,#1792,#1793,#1794,#1795,
#1796,#1797,#1798,#1799,#1800),.UNSPECIFIED.,.F.,.F.,(4,1,1,1,1,1,1,1,1,4),
(0.E0,1.111111111111E-1,2.222222222222E-1,3.333333333333E-1,4.444444444444E-1,
5.555555555556E-1,6.666666666667E-1,7.777777777778E-1,8.888888888889E-1,1.E0),
.UNSPECIFIED.);
#1806=CIRCLE('',#1805,1.375E1);
#1811=CIRCLE('',#1810,1.125E1);
#1816=CIRCLE('',#1815,3.388E0);
#1836=B_SPLINE_CURVE_WITH_KNOTS('',3,(#1817,#1818,#1819,#1820,#1821,#1822,#1823,
#1824,#1825,#1826,#1827,#1828,#1829,#1830,#1831,#1832,#1833,#1834,#1835),
.UNSPECIFIED.,.F.,.F.,(4,1,1,1,1,1,1,1,1,1,1,1,1,1,1,1,4),(0.E0,6.25E-2,1.25E-1,
1.875E-1,2.5E-1,3.125E-1,3.75E-1,4.375E-1,5.E-1,5.625E-1,6.25E-1,6.875E-1,
7.5E-1,8.125E-1,8.75E-1,9.375E-1,1.E0),.UNSPECIFIED.);
#1841=CIRCLE('',#1840,3.373970954232E0);
#1846=CIRCLE('',#1845,3.373970954232E0);
#1868=B_SPLINE_CURVE_WITH_KNOTS('',3,(#1847,#1848,#1849,#1850,#1851,#1852,#1853,
#1854,#1855,#1856,#1857,#1858,#1859,#1860,#1861,#1862,#1863,#1864,#1865,#1866,
#1867),.UNSPECIFIED.,.F.,.F.,(4,1,1,1,1,1,1,1,1,1,1,1,1,1,1,1,1,1,4),(0.E0,
5.555555555556E-2,1.111111111111E-1,1.666666666667E-1,2.222222222222E-1,
2.777777777778E-1,3.333333333333E-1,3.888888888889E-1,4.444444444444E-1,5.E-1,
5.555555555556E-1,6.111111111111E-1,6.666666666667E-1,7.222222222222E-1,
7.777777777778E-1,8.333333333333E-1,8.888888888889E-1,9.444444444444E-1,1.E0),
.UNSPECIFIED.);
#1873=CIRCLE('',#1872,3.388E0);
#1895=B_SPLINE_CURVE_WITH_KNOTS('',3,(#1874,#1875,#1876,#1877,#1878,#1879,#1880,
#1881,#1882,#1883,#1884,#1885,#1886,#1887,#1888,#1889,#1890,#1891,#1892,#1893,
#1894),.UNSPECIFIED.,.F.,.F.,(4,1,1,1,1,1,1,1,1,1,1,1,1,1,1,1,1,1,4),(0.E0,
5.555555555556E-2,1.111111111111E-1,1.666666666667E-1,2.222222222222E-1,
2.777777777778E-1,3.333333333333E-1,3.888888888889E-1,4.444444444444E-1,5.E-1,
5.555555555556E-1,6.111111111111E-1,6.666666666667E-1,7.222222222222E-1,
7.777777777778E-1,8.333333333333E-1,8.888888888889E-1,9.444444444444E-1,1.E0),
.UNSPECIFIED.);
#1900=CIRCLE('',#1899,3.373970954232E0);
#1905=CIRCLE('',#1904,3.373970954232E0);
#1918=B_SPLINE_CURVE_WITH_KNOTS('',3,(#1906,#1907,#1908,#1909,#1910,#1911,#1912,
#1913,#1914,#1915,#1916,#1917),.UNSPECIFIED.,.F.,.F.,(4,1,1,1,1,1,1,1,1,4),
(0.E0,1.111111111111E-1,2.222222222222E-1,3.333333333333E-1,4.444444444444E-1,
5.555555555556E-1,6.666666666667E-1,7.777777777778E-1,8.888888888889E-1,1.E0),
.UNSPECIFIED.);
#1923=CIRCLE('',#1922,1.375E1);
#1928=CIRCLE('',#1927,1.125E1);
#1933=CIRCLE('',#1932,3.388E0);
#1953=B_SPLINE_CURVE_WITH_KNOTS('',3,(#1934,#1935,#1936,#1937,#1938,#1939,#1940,
#1941,#1942,#1943,#1944,#1945,#1946,#1947,#1948,#1949,#1950,#1951,#1952),
.UNSPECIFIED.,.F.,.F.,(4,1,1,1,1,1,1,1,1,1,1,1,1,1,1,1,4),(0.E0,6.25E-2,1.25E-1,
1.875E-1,2.5E-1,3.125E-1,3.75E-1,4.375E-1,5.E-1,5.625E-1,6.25E-1,6.875E-1,
7.5E-1,8.125E-1,8.75E-1,9.375E-1,1.E0),.UNSPECIFIED.);
#1958=CIRCLE('',#1957,3.373970954232E0);
#1963=CIRCLE('',#1962,3.373970954232E0);
#1985=B_SPLINE_CURVE_WITH_KNOTS('',3,(#1964,#1965,#1966,#1967,#1968,#1969,#1970,
#1971,#1972,#1973,#1974,#1975,#1976,#1977,#1978,#1979,#1980,#1981,#1982,#1983,
#1984),.UNSPECIFIED.,.F.,.F.,(4,1,1,1,1,1,1,1,1,1,1,1,1,1,1,1,1,1,4),(0.E0,
5.555555555556E-2,1.111111111111E-1,1.666666666667E-1,2.222222222222E-1,
2.777777777778E-1,3.333333333333E-1,3.888888888889E-1,4.444444444444E-1,5.E-1,
5.555555555556E-1,6.111111111111E-1,6.666666666667E-1,7.222222222222E-1,
7.777777777778E-1,8.333333333333E-1,8.888888888889E-1,9.444444444444E-1,1.E0),
.UNSPECIFIED.);
#1990=CIRCLE('',#1989,3.388E0);
#2012=B_SPLINE_CURVE_WITH_KNOTS('',3,(#1991,#1992,#1993,#1994,#1995,#1996,#1997,
#1998,#1999,#2000,#2001,#2002,#2003,#2004,#2005,#2006,#2007,#2008,#2009,#2010,
#2011),.UNSPECIFIED.,.F.,.F.,(4,1,1,1,1,1,1,1,1,1,1,1,1,1,1,1,1,1,4),(0.E0,
5.555555555556E-2,1.111111111111E-1,1.666666666667E-1,2.222222222222E-1,
2.777777777778E-1,3.333333333333E-1,3.888888888889E-1,4.444444444444E-1,5.E-1,
5.555555555556E-1,6.111111111111E-1,6.666666666667E-1,7.222222222222E-1,
7.777777777778E-1,8.333333333333E-1,8.888888888889E-1,9.444444444444E-1,1.E0),
.UNSPECIFIED.);
#2017=CIRCLE('',#2016,3.373970954232E0);
#2022=CIRCLE('',#2021,3.373970954232E0);
#2035=B_SPLINE_CURVE_WITH_KNOTS('',3,(#2023,#2024,#2025,#2026,#2027,#2028,#2029,
#2030,#2031,#2032,#2033,#2034),.UNSPECIFIED.,.F.,.F.,(4,1,1,1,1,1,1,1,1,4),
(0.E0,1.111111111111E-1,2.222222222222E-1,3.333333333333E-1,4.444444444444E-1,
5.555555555556E-1,6.666666666667E-1,7.777777777778E-1,8.888888888889E-1,1.E0),
.UNSPECIFIED.);
#2040=CIRCLE('',#2039,1.375E1);
#2045=CIRCLE('',#2044,1.125E1);
#2050=CIRCLE('',#2049,3.388E0);
#2058=B_SPLINE_CURVE_WITH_KNOTS('',3,(#2051,#2052,#2053,#2054,#2055,#2056,
#2057),.UNSPECIFIED.,.F.,.F.,(4,1,1,1,4),(0.E0,2.5E-1,5.E-1,7.5E-1,1.E0),
.UNSPECIFIED.);
#2067=B_SPLINE_CURVE_WITH_KNOTS('',3,(#2059,#2060,#2061,#2062,#2063,#2064,#2065,
#2066),.UNSPECIFIED.,.F.,.F.,(4,1,1,1,1,4),(0.E0,2.E-1,4.E-1,6.E-1,8.E-1,1.E0),
.UNSPECIFIED.);
#2072=CIRCLE('',#2071,3.373970954232E0);
#2077=CIRCLE('',#2076,3.373970954232E0);
#2092=B_SPLINE_CURVE_WITH_KNOTS('',3,(#2078,#2079,#2080,#2081,#2082,#2083,#2084,
#2085,#2086,#2087,#2088,#2089,#2090,#2091),.UNSPECIFIED.,.F.,.F.,(4,1,1,1,1,1,1,
1,1,1,1,4),(0.E0,9.090909090909E-2,1.818181818182E-1,2.727272727273E-1,
3.636363636364E-1,4.545454545455E-1,5.454545454545E-1,6.363636363636E-1,
7.272727272727E-1,8.181818181818E-1,9.090909090909E-1,1.E0),.UNSPECIFIED.);
#2100=B_SPLINE_CURVE_WITH_KNOTS('',3,(#2093,#2094,#2095,#2096,#2097,#2098,
#2099),.UNSPECIFIED.,.F.,.F.,(4,1,1,1,4),(0.E0,2.5E-1,5.E-1,7.5E-1,1.E0),
.UNSPECIFIED.);
#2105=CIRCLE('',#2104,3.388E0);
#2127=B_SPLINE_CURVE_WITH_KNOTS('',3,(#2106,#2107,#2108,#2109,#2110,#2111,#2112,
#2113,#2114,#2115,#2116,#2117,#2118,#2119,#2120,#2121,#2122,#2123,#2124,#2125,
#2126),.UNSPECIFIED.,.F.,.F.,(4,1,1,1,1,1,1,1,1,1,1,1,1,1,1,1,1,1,4),(0.E0,
5.555555555556E-2,1.111111111111E-1,1.666666666667E-1,2.222222222222E-1,
2.777777777778E-1,3.333333333333E-1,3.888888888889E-1,4.444444444444E-1,5.E-1,
5.555555555556E-1,6.111111111111E-1,6.666666666667E-1,7.222222222222E-1,
7.777777777778E-1,8.333333333333E-1,8.888888888889E-1,9.444444444444E-1,1.E0),
.UNSPECIFIED.);
#2132=CIRCLE('',#2131,3.373970954232E0);
#2137=CIRCLE('',#2136,3.373970954232E0);
#2150=B_SPLINE_CURVE_WITH_KNOTS('',3,(#2138,#2139,#2140,#2141,#2142,#2143,#2144,
#2145,#2146,#2147,#2148,#2149),.UNSPECIFIED.,.F.,.F.,(4,1,1,1,1,1,1,1,1,4),
(0.E0,1.111111111111E-1,2.222222222222E-1,3.333333333333E-1,4.444444444444E-1,
5.555555555556E-1,6.666666666667E-1,7.777777777778E-1,8.888888888889E-1,1.E0),
.UNSPECIFIED.);
#2155=CIRCLE('',#2154,1.375E1);
#2160=CIRCLE('',#2159,1.125E1);
#2165=CIRCLE('',#2164,3.388E0);
#2185=B_SPLINE_CURVE_WITH_KNOTS('',3,(#2166,#2167,#2168,#2169,#2170,#2171,#2172,
#2173,#2174,#2175,#2176,#2177,#2178,#2179,#2180,#2181,#2182,#2183,#2184),
.UNSPECIFIED.,.F.,.F.,(4,1,1,1,1,1,1,1,1,1,1,1,1,1,1,1,4),(0.E0,6.25E-2,1.25E-1,
1.875E-1,2.5E-1,3.125E-1,3.75E-1,4.375E-1,5.E-1,5.625E-1,6.25E-1,6.875E-1,
7.5E-1,8.125E-1,8.75E-1,9.375E-1,1.E0),.UNSPECIFIED.);
#2190=CIRCLE('',#2189,3.373970954232E0);
#2195=CIRCLE('',#2194,3.373970954232E0);
#2217=B_SPLINE_CURVE_WITH_KNOTS('',3,(#2196,#2197,#2198,#2199,#2200,#2201,#2202,
#2203,#2204,#2205,#2206,#2207,#2208,#2209,#2210,#2211,#2212,#2213,#2214,#2215,
#2216),.UNSPECIFIED.,.F.,.F.,(4,1,1,1,1,1,1,1,1,1,1,1,1,1,1,1,1,1,4),(0.E0,
5.555555555556E-2,1.111111111111E-1,1.666666666667E-1,2.222222222222E-1,
2.777777777778E-1,3.333333333333E-1,3.888888888889E-1,4.444444444444E-1,5.E-1,
5.555555555556E-1,6.111111111111E-1,6.666666666667E-1,7.222222222222E-1,
7.777777777778E-1,8.333333333333E-1,8.888888888889E-1,9.444444444444E-1,1.E0),
.UNSPECIFIED.);
#2222=CIRCLE('',#2221,3.388E0);
#2244=B_SPLINE_CURVE_WITH_KNOTS('',3,(#2223,#2224,#2225,#2226,#2227,#2228,#2229,
#2230,#2231,#2232,#2233,#2234,#2235,#2236,#2237,#2238,#2239,#2240,#2241,#2242,
#2243),.UNSPECIFIED.,.F.,.F.,(4,1,1,1,1,1,1,1,1,1,1,1,1,1,1,1,1,1,4),(0.E0,
5.555555555556E-2,1.111111111111E-1,1.666666666667E-1,2.222222222222E-1,
2.777777777778E-1,3.333333333333E-1,3.888888888889E-1,4.444444444444E-1,5.E-1,
5.555555555556E-1,6.111111111111E-1,6.666666666667E-1,7.222222222222E-1,
7.777777777778E-1,8.333333333333E-1,8.888888888889E-1,9.444444444444E-1,1.E0),
.UNSPECIFIED.);
#2249=CIRCLE('',#2248,3.373970954232E0);
#2254=CIRCLE('',#2253,3.373970954232E0);
#2267=B_SPLINE_CURVE_WITH_KNOTS('',3,(#2255,#2256,#2257,#2258,#2259,#2260,#2261,
#2262,#2263,#2264,#2265,#2266),.UNSPECIFIED.,.F.,.F.,(4,1,1,1,1,1,1,1,1,4),
(0.E0,1.111111111111E-1,2.222222222222E-1,3.333333333333E-1,4.444444444444E-1,
5.555555555556E-1,6.666666666667E-1,7.777777777778E-1,8.888888888889E-1,1.E0),
.UNSPECIFIED.);
#2272=CIRCLE('',#2271,1.375E1);
#2277=CIRCLE('',#2276,1.125E1);
#2282=CIRCLE('',#2281,3.388E0);
#2302=B_SPLINE_CURVE_WITH_KNOTS('',3,(#2283,#2284,#2285,#2286,#2287,#2288,#2289,
#2290,#2291,#2292,#2293,#2294,#2295,#2296,#2297,#2298,#2299,#2300,#2301),
.UNSPECIFIED.,.F.,.F.,(4,1,1,1,1,1,1,1,1,1,1,1,1,1,1,1,4),(0.E0,6.25E-2,1.25E-1,
1.875E-1,2.5E-1,3.125E-1,3.75E-1,4.375E-1,5.E-1,5.625E-1,6.25E-1,6.875E-1,
7.5E-1,8.125E-1,8.75E-1,9.375E-1,1.E0),.UNSPECIFIED.);
#2307=CIRCLE('',#2306,3.373970954232E0);
#2312=CIRCLE('',#2311,3.373970954232E0);
#2334=B_SPLINE_CURVE_WITH_KNOTS('',3,(#2313,#2314,#2315,#2316,#2317,#2318,#2319,
#2320,#2321,#2322,#2323,#2324,#2325,#2326,#2327,#2328,#2329,#2330,#2331,#2332,
#2333),.UNSPECIFIED.,.F.,.F.,(4,1,1,1,1,1,1,1,1,1,1,1,1,1,1,1,1,1,4),(0.E0,
5.555555555556E-2,1.111111111111E-1,1.666666666667E-1,2.222222222222E-1,
2.777777777778E-1,3.333333333333E-1,3.888888888889E-1,4.444444444444E-1,5.E-1,
5.555555555556E-1,6.111111111111E-1,6.666666666667E-1,7.222222222222E-1,
7.777777777778E-1,8.333333333333E-1,8.888888888889E-1,9.444444444444E-1,1.E0),
.UNSPECIFIED.);
#2339=CIRCLE('',#2338,3.388E0);
#2361=B_SPLINE_CURVE_WITH_KNOTS('',3,(#2340,#2341,#2342,#2343,#2344,#2345,#2346,
#2347,#2348,#2349,#2350,#2351,#2352,#2353,#2354,#2355,#2356,#2357,#2358,#2359,
#2360),.UNSPECIFIED.,.F.,.F.,(4,1,1,1,1,1,1,1,1,1,1,1,1,1,1,1,1,1,4),(0.E0,
5.555555555556E-2,1.111111111111E-1,1.666666666667E-1,2.222222222222E-1,
2.777777777778E-1,3.333333333333E-1,3.888888888889E-1,4.444444444444E-1,5.E-1,
5.555555555556E-1,6.111111111111E-1,6.666666666667E-1,7.222222222222E-1,
7.777777777778E-1,8.333333333333E-1,8.888888888889E-1,9.444444444444E-1,1.E0),
.UNSPECIFIED.);
#2366=CIRCLE('',#2365,3.373970954232E0);
#2371=CIRCLE('',#2370,3.373970954232E0);
#2384=B_SPLINE_CURVE_WITH_KNOTS('',3,(#2372,#2373,#2374,#2375,#2376,#2377,#2378,
#2379,#2380,#2381,#2382,#2383),.UNSPECIFIED.,.F.,.F.,(4,1,1,1,1,1,1,1,1,4),
(0.E0,1.111111111111E-1,2.222222222222E-1,3.333333333333E-1,4.444444444444E-1,
5.555555555556E-1,6.666666666667E-1,7.777777777778E-1,8.888888888889E-1,1.E0),
.UNSPECIFIED.);
#2389=CIRCLE('',#2388,1.375E1);
#2394=CIRCLE('',#2393,1.125E1);
#2399=CIRCLE('',#2398,3.388E0);
#2419=B_SPLINE_CURVE_WITH_KNOTS('',3,(#2400,#2401,#2402,#2403,#2404,#2405,#2406,
#2407,#2408,#2409,#2410,#2411,#2412,#2413,#2414,#2415,#2416,#2417,#2418),
.UNSPECIFIED.,.F.,.F.,(4,1,1,1,1,1,1,1,1,1,1,1,1,1,1,1,4),(0.E0,6.25E-2,1.25E-1,
1.875E-1,2.5E-1,3.125E-1,3.75E-1,4.375E-1,5.E-1,5.625E-1,6.25E-1,6.875E-1,
7.5E-1,8.125E-1,8.75E-1,9.375E-1,1.E0),.UNSPECIFIED.);
#2424=CIRCLE('',#2423,3.373970954232E0);
#2429=CIRCLE('',#2428,3.373970954232E0);
#2451=B_SPLINE_CURVE_WITH_KNOTS('',3,(#2430,#2431,#2432,#2433,#2434,#2435,#2436,
#2437,#2438,#2439,#2440,#2441,#2442,#2443,#2444,#2445,#2446,#2447,#2448,#2449,
#2450),.UNSPECIFIED.,.F.,.F.,(4,1,1,1,1,1,1,1,1,1,1,1,1,1,1,1,1,1,4),(0.E0,
5.555555555556E-2,1.111111111111E-1,1.666666666667E-1,2.222222222222E-1,
2.777777777778E-1,3.333333333333E-1,3.888888888889E-1,4.444444444444E-1,5.E-1,
5.555555555556E-1,6.111111111111E-1,6.666666666667E-1,7.222222222222E-1,
7.777777777778E-1,8.333333333333E-1,8.888888888889E-1,9.444444444444E-1,1.E0),
.UNSPECIFIED.);
#2456=CIRCLE('',#2455,3.388E0);
#2478=B_SPLINE_CURVE_WITH_KNOTS('',3,(#2457,#2458,#2459,#2460,#2461,#2462,#2463,
#2464,#2465,#2466,#2467,#2468,#2469,#2470,#2471,#2472,#2473,#2474,#2475,#2476,
#2477),.UNSPECIFIED.,.F.,.F.,(4,1,1,1,1,1,1,1,1,1,1,1,1,1,1,1,1,1,4),(0.E0,
5.555555555556E-2,1.111111111111E-1,1.666666666667E-1,2.222222222222E-1,
2.777777777778E-1,3.333333333333E-1,3.888888888889E-1,4.444444444444E-1,5.E-1,
5.555555555556E-1,6.111111111111E-1,6.666666666667E-1,7.222222222222E-1,
7.777777777778E-1,8.333333333333E-1,8.888888888889E-1,9.444444444444E-1,1.E0),
.UNSPECIFIED.);
#2483=CIRCLE('',#2482,3.373970954232E0);
#2488=CIRCLE('',#2487,3.373970954232E0);
#2501=B_SPLINE_CURVE_WITH_KNOTS('',3,(#2489,#2490,#2491,#2492,#2493,#2494,#2495,
#2496,#2497,#2498,#2499,#2500),.UNSPECIFIED.,.F.,.F.,(4,1,1,1,1,1,1,1,1,4),
(0.E0,1.111111111111E-1,2.222222222222E-1,3.333333333333E-1,4.444444444444E-1,
5.555555555556E-1,6.666666666667E-1,7.777777777778E-1,8.888888888889E-1,1.E0),
.UNSPECIFIED.);
#2506=CIRCLE('',#2505,1.375E1);
#2511=CIRCLE('',#2510,1.125E1);
#2516=CIRCLE('',#2515,3.388E0);
#2536=B_SPLINE_CURVE_WITH_KNOTS('',3,(#2517,#2518,#2519,#2520,#2521,#2522,#2523,
#2524,#2525,#2526,#2527,#2528,#2529,#2530,#2531,#2532,#2533,#2534,#2535),
.UNSPECIFIED.,.F.,.F.,(4,1,1,1,1,1,1,1,1,1,1,1,1,1,1,1,4),(0.E0,6.25E-2,1.25E-1,
1.875E-1,2.5E-1,3.125E-1,3.75E-1,4.375E-1,5.E-1,5.625E-1,6.25E-1,6.875E-1,
7.5E-1,8.125E-1,8.75E-1,9.375E-1,1.E0),.UNSPECIFIED.);
#2541=CIRCLE('',#2540,3.373970954232E0);
#2546=CIRCLE('',#2545,3.373970954232E0);
#2568=B_SPLINE_CURVE_WITH_KNOTS('',3,(#2547,#2548,#2549,#2550,#2551,#2552,#2553,
#2554,#2555,#2556,#2557,#2558,#2559,#2560,#2561,#2562,#2563,#2564,#2565,#2566,
#2567),.UNSPECIFIED.,.F.,.F.,(4,1,1,1,1,1,1,1,1,1,1,1,1,1,1,1,1,1,4),(0.E0,
5.555555555556E-2,1.111111111111E-1,1.666666666667E-1,2.222222222222E-1,
2.777777777778E-1,3.333333333333E-1,3.888888888889E-1,4.444444444444E-1,5.E-1,
5.555555555556E-1,6.111111111111E-1,6.666666666667E-1,7.222222222222E-1,
7.777777777778E-1,8.333333333333E-1,8.888888888889E-1,9.444444444444E-1,1.E0),
.UNSPECIFIED.);
#2573=CIRCLE('',#2572,3.388E0);
#2594=CIRCLE('',#2593,3.08E0);
#2599=CIRCLE('',#2598,3.08E0);
#2607=B_SPLINE_CURVE_WITH_KNOTS('',3,(#2600,#2601,#2602,#2603,#2604,#2605,
#2606),.UNSPECIFIED.,.F.,.F.,(4,1,1,1,4),(0.E0,2.5E-1,5.E-1,7.5E-1,1.E0),
.UNSPECIFIED.);
#2621=B_SPLINE_CURVE_WITH_KNOTS('',3,(#2608,#2609,#2610,#2611,#2612,#2613,#2614,
#2615,#2616,#2617,#2618,#2619,#2620),.UNSPECIFIED.,.F.,.F.,(4,1,1,1,1,1,1,1,1,1,
4),(0.E0,1.E-1,2.E-1,3.E-1,4.E-1,5.E-1,6.E-1,7.E-1,8.E-1,9.E-1,1.E0),
.UNSPECIFIED.);
#2629=B_SPLINE_CURVE_WITH_KNOTS('',3,(#2622,#2623,#2624,#2625,#2626,#2627,
#2628),.UNSPECIFIED.,.F.,.F.,(4,1,1,1,4),(0.E0,2.5E-1,5.E-1,7.5E-1,1.E0),
.UNSPECIFIED.);
#2634=CIRCLE('',#2633,3.08E0);
#2655=B_SPLINE_CURVE_WITH_KNOTS('',3,(#2635,#2636,#2637,#2638,#2639,#2640,#2641,
#2642,#2643,#2644,#2645,#2646,#2647,#2648,#2649,#2650,#2651,#2652,#2653,#2654),
.UNSPECIFIED.,.F.,.F.,(4,1,1,1,1,1,1,1,1,1,1,1,1,1,1,1,1,4),(0.E0,
5.882352941176E-2,1.176470588235E-1,1.764705882353E-1,2.352941176471E-1,
2.941176470588E-1,3.529411764706E-1,4.117647058824E-1,4.705882352941E-1,
5.294117647059E-1,5.882352941176E-1,6.470588235294E-1,7.058823529412E-1,
7.647058823529E-1,8.235294117647E-1,8.823529411765E-1,9.411764705882E-1,1.E0),
.UNSPECIFIED.);
#2660=CIRCLE('',#2659,3.08E0);
#2665=CIRCLE('',#2664,3.08E0);
#2670=CIRCLE('',#2669,3.08E0);
#2712=B_SPLINE_CURVE_WITH_KNOTS('',3,(#2671,#2672,#2673,#2674,#2675,#2676,#2677,
#2678,#2679,#2680,#2681,#2682,#2683,#2684,#2685,#2686,#2687,#2688,#2689,#2690,
#2691,#2692,#2693,#2694,#2695,#2696,#2697,#2698,#2699,#2700,#2701,#2702,#2703,
#2704,#2705,#2706,#2707,#2708,#2709,#2710,#2711),.UNSPECIFIED.,.F.,.F.,(4,1,1,1,
1,1,1,1,1,1,1,1,1,1,1,1,1,1,1,1,1,1,1,1,1,1,1,1,1,1,1,1,1,1,1,1,1,1,4),(0.E0,
2.631578947368E-2,5.263157894737E-2,7.894736842105E-2,1.052631578947E-1,
1.315789473684E-1,1.578947368421E-1,1.842105263158E-1,2.105263157895E-1,
2.368421052632E-1,2.631578947368E-1,2.894736842105E-1,3.157894736842E-1,
3.421052631579E-1,3.684210526316E-1,3.947368421053E-1,4.210526315789E-1,
4.473684210526E-1,4.736842105263E-1,5.E-1,5.263157894737E-1,5.526315789474E-1,
5.789473684211E-1,6.052631578947E-1,6.315789473684E-1,6.578947368421E-1,
6.842105263158E-1,7.105263157895E-1,7.368421052632E-1,7.631578947368E-1,
7.894736842105E-1,8.157894736842E-1,8.421052631579E-1,8.684210526316E-1,
8.947368421053E-1,9.210526315789E-1,9.473684210526E-1,9.736842105263E-1,1.E0),
.UNSPECIFIED.);
#2721=B_SPLINE_CURVE_WITH_KNOTS('',3,(#2713,#2714,#2715,#2716,#2717,#2718,#2719,
#2720),.UNSPECIFIED.,.F.,.F.,(4,1,1,1,1,4),(0.E0,2.E-1,4.E-1,6.E-1,8.E-1,1.E0),
.UNSPECIFIED.);
#2746=B_SPLINE_CURVE_WITH_KNOTS('',3,(#2722,#2723,#2724,#2725,#2726,#2727,#2728,
#2729,#2730,#2731,#2732,#2733,#2734,#2735,#2736,#2737,#2738,#2739,#2740,#2741,
#2742,#2743,#2744,#2745),.UNSPECIFIED.,.F.,.F.,(4,1,1,1,1,1,1,1,1,1,1,1,1,1,1,1,
1,1,1,1,1,4),(0.E0,4.761904761905E-2,9.523809523810E-2,1.428571428571E-1,
1.904761904762E-1,2.380952380952E-1,2.857142857143E-1,3.333333333333E-1,
3.809523809524E-1,4.285714285714E-1,4.761904761905E-1,5.238095238095E-1,
5.714285714286E-1,6.190476190476E-1,6.666666666667E-1,7.142857142857E-1,
7.619047619048E-1,8.095238095238E-1,8.571428571429E-1,9.047619047619E-1,
9.523809523810E-1,1.E0),.UNSPECIFIED.);
#2755=B_SPLINE_CURVE_WITH_KNOTS('',3,(#2747,#2748,#2749,#2750,#2751,#2752,#2753,
#2754),.UNSPECIFIED.,.F.,.F.,(4,1,1,1,1,4),(0.E0,2.E-1,4.E-1,6.E-1,8.E-1,1.E0),
.UNSPECIFIED.);
#2760=CIRCLE('',#2759,3.08E0);
#2765=CIRCLE('',#2764,3.08E0);
#2773=B_SPLINE_CURVE_WITH_KNOTS('',3,(#2766,#2767,#2768,#2769,#2770,#2771,
#2772),.UNSPECIFIED.,.F.,.F.,(4,1,1,1,4),(0.E0,2.5E-1,5.E-1,7.5E-1,1.E0),
.UNSPECIFIED.);
#2788=B_SPLINE_CURVE_WITH_KNOTS('',3,(#2774,#2775,#2776,#2777,#2778,#2779,#2780,
#2781,#2782,#2783,#2784,#2785,#2786,#2787),.UNSPECIFIED.,.F.,.F.,(4,1,1,1,1,1,1,
1,1,1,1,4),(0.E0,9.090909090909E-2,1.818181818182E-1,2.727272727273E-1,
3.636363636364E-1,4.545454545455E-1,5.454545454545E-1,6.363636363636E-1,
7.272727272727E-1,8.181818181818E-1,9.090909090909E-1,1.E0),.UNSPECIFIED.);
#2793=CIRCLE('',#2792,3.373970954232E0);
#2798=CIRCLE('',#2797,3.373970954232E0);
#2807=B_SPLINE_CURVE_WITH_KNOTS('',3,(#2799,#2800,#2801,#2802,#2803,#2804,#2805,
#2806),.UNSPECIFIED.,.F.,.F.,(4,1,1,1,1,4),(0.E0,2.E-1,4.E-1,6.E-1,8.E-1,1.E0),
.UNSPECIFIED.);
#2815=B_SPLINE_CURVE_WITH_KNOTS('',3,(#2808,#2809,#2810,#2811,#2812,#2813,
#2814),.UNSPECIFIED.,.F.,.F.,(4,1,1,1,4),(0.E0,2.5E-1,5.E-1,7.5E-1,1.E0),
.UNSPECIFIED.);
#2820=CIRCLE('',#2819,1.375E1);
#2825=CIRCLE('',#2824,1.125E1);
#2830=CIRCLE('',#2829,3.388E0);
#2850=B_SPLINE_CURVE_WITH_KNOTS('',3,(#2831,#2832,#2833,#2834,#2835,#2836,#2837,
#2838,#2839,#2840,#2841,#2842,#2843,#2844,#2845,#2846,#2847,#2848,#2849),
.UNSPECIFIED.,.F.,.F.,(4,1,1,1,1,1,1,1,1,1,1,1,1,1,1,1,4),(0.E0,6.25E-2,1.25E-1,
1.875E-1,2.5E-1,3.125E-1,3.75E-1,4.375E-1,5.E-1,5.625E-1,6.25E-1,6.875E-1,
7.5E-1,8.125E-1,8.75E-1,9.375E-1,1.E0),.UNSPECIFIED.);
#2855=CIRCLE('',#2854,3.373970954232E0);
#2860=CIRCLE('',#2859,3.373970954232E0);
#2882=B_SPLINE_CURVE_WITH_KNOTS('',3,(#2861,#2862,#2863,#2864,#2865,#2866,#2867,
#2868,#2869,#2870,#2871,#2872,#2873,#2874,#2875,#2876,#2877,#2878,#2879,#2880,
#2881),.UNSPECIFIED.,.F.,.F.,(4,1,1,1,1,1,1,1,1,1,1,1,1,1,1,1,1,1,4),(0.E0,
5.555555555556E-2,1.111111111111E-1,1.666666666667E-1,2.222222222222E-1,
2.777777777778E-1,3.333333333333E-1,3.888888888889E-1,4.444444444444E-1,5.E-1,
5.555555555556E-1,6.111111111111E-1,6.666666666667E-1,7.222222222222E-1,
7.777777777778E-1,8.333333333333E-1,8.888888888889E-1,9.444444444444E-1,1.E0),
.UNSPECIFIED.);
#2887=CIRCLE('',#2886,3.388E0);
#2892=CIRCLE('',#2891,1.375E1);
#2897=CIRCLE('',#2896,1.125E1);
#2919=B_SPLINE_CURVE_WITH_KNOTS('',3,(#2898,#2899,#2900,#2901,#2902,#2903,#2904,
#2905,#2906,#2907,#2908,#2909,#2910,#2911,#2912,#2913,#2914,#2915,#2916,#2917,
#2918),.UNSPECIFIED.,.F.,.F.,(4,1,1,1,1,1,1,1,1,1,1,1,1,1,1,1,1,1,4),(0.E0,
5.555555555556E-2,1.111111111111E-1,1.666666666667E-1,2.222222222222E-1,
2.777777777778E-1,3.333333333333E-1,3.888888888889E-1,4.444444444444E-1,5.E-1,
5.555555555556E-1,6.111111111111E-1,6.666666666667E-1,7.222222222222E-1,
7.777777777778E-1,8.333333333333E-1,8.888888888889E-1,9.444444444444E-1,1.E0),
.UNSPECIFIED.);
#2924=CIRCLE('',#2923,3.373970954232E0);
#2929=CIRCLE('',#2928,3.373970954232E0);
#2942=B_SPLINE_CURVE_WITH_KNOTS('',3,(#2930,#2931,#2932,#2933,#2934,#2935,#2936,
#2937,#2938,#2939,#2940,#2941),.UNSPECIFIED.,.F.,.F.,(4,1,1,1,1,1,1,1,1,4),
(0.E0,1.111111111111E-1,2.222222222222E-1,3.333333333333E-1,4.444444444444E-1,
5.555555555556E-1,6.666666666667E-1,7.777777777778E-1,8.888888888889E-1,1.E0),
.UNSPECIFIED.);
#2947=CIRCLE('',#2946,3.388E0);
#2967=B_SPLINE_CURVE_WITH_KNOTS('',3,(#2948,#2949,#2950,#2951,#2952,#2953,#2954,
#2955,#2956,#2957,#2958,#2959,#2960,#2961,#2962,#2963,#2964,#2965,#2966),
.UNSPECIFIED.,.F.,.F.,(4,1,1,1,1,1,1,1,1,1,1,1,1,1,1,1,4),(0.E0,6.25E-2,1.25E-1,
1.875E-1,2.5E-1,3.125E-1,3.75E-1,4.375E-1,5.E-1,5.625E-1,6.25E-1,6.875E-1,
7.5E-1,8.125E-1,8.75E-1,9.375E-1,1.E0),.UNSPECIFIED.);
#2972=CIRCLE('',#2971,3.373970954232E0);
#2977=CIRCLE('',#2976,3.373970954232E0);
#2999=B_SPLINE_CURVE_WITH_KNOTS('',3,(#2978,#2979,#2980,#2981,#2982,#2983,#2984,
#2985,#2986,#2987,#2988,#2989,#2990,#2991,#2992,#2993,#2994,#2995,#2996,#2997,
#2998),.UNSPECIFIED.,.F.,.F.,(4,1,1,1,1,1,1,1,1,1,1,1,1,1,1,1,1,1,4),(0.E0,
5.555555555556E-2,1.111111111111E-1,1.666666666667E-1,2.222222222222E-1,
2.777777777778E-1,3.333333333333E-1,3.888888888889E-1,4.444444444444E-1,5.E-1,
5.555555555556E-1,6.111111111111E-1,6.666666666667E-1,7.222222222222E-1,
7.777777777778E-1,8.333333333333E-1,8.888888888889E-1,9.444444444444E-1,1.E0),
.UNSPECIFIED.);
#3004=CIRCLE('',#3003,3.388E0);
#3009=CIRCLE('',#3008,1.375E1);
#3014=CIRCLE('',#3013,1.125E1);
#3036=B_SPLINE_CURVE_WITH_KNOTS('',3,(#3015,#3016,#3017,#3018,#3019,#3020,#3021,
#3022,#3023,#3024,#3025,#3026,#3027,#3028,#3029,#3030,#3031,#3032,#3033,#3034,
#3035),.UNSPECIFIED.,.F.,.F.,(4,1,1,1,1,1,1,1,1,1,1,1,1,1,1,1,1,1,4),(0.E0,
5.555555555556E-2,1.111111111111E-1,1.666666666667E-1,2.222222222222E-1,
2.777777777778E-1,3.333333333333E-1,3.888888888889E-1,4.444444444444E-1,5.E-1,
5.555555555556E-1,6.111111111111E-1,6.666666666667E-1,7.222222222222E-1,
7.777777777778E-1,8.333333333333E-1,8.888888888889E-1,9.444444444444E-1,1.E0),
.UNSPECIFIED.);
#3041=CIRCLE('',#3040,3.373970954232E0);
#3046=CIRCLE('',#3045,3.373970954232E0);
#3059=B_SPLINE_CURVE_WITH_KNOTS('',3,(#3047,#3048,#3049,#3050,#3051,#3052,#3053,
#3054,#3055,#3056,#3057,#3058),.UNSPECIFIED.,.F.,.F.,(4,1,1,1,1,1,1,1,1,4),
(0.E0,1.111111111111E-1,2.222222222222E-1,3.333333333333E-1,4.444444444444E-1,
5.555555555556E-1,6.666666666667E-1,7.777777777778E-1,8.888888888889E-1,1.E0),
.UNSPECIFIED.);
#3064=CIRCLE('',#3063,3.388E0);
#3084=B_SPLINE_CURVE_WITH_KNOTS('',3,(#3065,#3066,#3067,#3068,#3069,#3070,#3071,
#3072,#3073,#3074,#3075,#3076,#3077,#3078,#3079,#3080,#3081,#3082,#3083),
.UNSPECIFIED.,.F.,.F.,(4,1,1,1,1,1,1,1,1,1,1,1,1,1,1,1,4),(0.E0,6.25E-2,1.25E-1,
1.875E-1,2.5E-1,3.125E-1,3.75E-1,4.375E-1,5.E-1,5.625E-1,6.25E-1,6.875E-1,
7.5E-1,8.125E-1,8.75E-1,9.375E-1,1.E0),.UNSPECIFIED.);
#3089=CIRCLE('',#3088,3.373970954232E0);
#3094=CIRCLE('',#3093,3.373970954232E0);
#3116=B_SPLINE_CURVE_WITH_KNOTS('',3,(#3095,#3096,#3097,#3098,#3099,#3100,#3101,
#3102,#3103,#3104,#3105,#3106,#3107,#3108,#3109,#3110,#3111,#3112,#3113,#3114,
#3115),.UNSPECIFIED.,.F.,.F.,(4,1,1,1,1,1,1,1,1,1,1,1,1,1,1,1,1,1,4),(0.E0,
5.555555555556E-2,1.111111111111E-1,1.666666666667E-1,2.222222222222E-1,
2.777777777778E-1,3.333333333333E-1,3.888888888889E-1,4.444444444444E-1,5.E-1,
5.555555555556E-1,6.111111111111E-1,6.666666666667E-1,7.222222222222E-1,
7.777777777778E-1,8.333333333333E-1,8.888888888889E-1,9.444444444444E-1,1.E0),
.UNSPECIFIED.);
#3121=CIRCLE('',#3120,3.388E0);
#3126=CIRCLE('',#3125,1.375E1);
#3131=CIRCLE('',#3130,1.125E1);
#3153=B_SPLINE_CURVE_WITH_KNOTS('',3,(#3132,#3133,#3134,#3135,#3136,#3137,#3138,
#3139,#3140,#3141,#3142,#3143,#3144,#3145,#3146,#3147,#3148,#3149,#3150,#3151,
#3152),.UNSPECIFIED.,.F.,.F.,(4,1,1,1,1,1,1,1,1,1,1,1,1,1,1,1,1,1,4),(0.E0,
5.555555555556E-2,1.111111111111E-1,1.666666666667E-1,2.222222222222E-1,
2.777777777778E-1,3.333333333333E-1,3.888888888889E-1,4.444444444444E-1,5.E-1,
5.555555555556E-1,6.111111111111E-1,6.666666666667E-1,7.222222222222E-1,
7.777777777778E-1,8.333333333333E-1,8.888888888889E-1,9.444444444444E-1,1.E0),
.UNSPECIFIED.);
#3158=CIRCLE('',#3157,3.373970954232E0);
#3163=CIRCLE('',#3162,3.373970954232E0);
#3176=B_SPLINE_CURVE_WITH_KNOTS('',3,(#3164,#3165,#3166,#3167,#3168,#3169,#3170,
#3171,#3172,#3173,#3174,#3175),.UNSPECIFIED.,.F.,.F.,(4,1,1,1,1,1,1,1,1,4),
(0.E0,1.111111111111E-1,2.222222222222E-1,3.333333333333E-1,4.444444444444E-1,
5.555555555556E-1,6.666666666667E-1,7.777777777778E-1,8.888888888889E-1,1.E0),
.UNSPECIFIED.);
#3181=CIRCLE('',#3180,3.388E0);
#3201=B_SPLINE_CURVE_WITH_KNOTS('',3,(#3182,#3183,#3184,#3185,#3186,#3187,#3188,
#3189,#3190,#3191,#3192,#3193,#3194,#3195,#3196,#3197,#3198,#3199,#3200),
.UNSPECIFIED.,.F.,.F.,(4,1,1,1,1,1,1,1,1,1,1,1,1,1,1,1,4),(0.E0,6.25E-2,1.25E-1,
1.875E-1,2.5E-1,3.125E-1,3.75E-1,4.375E-1,5.E-1,5.625E-1,6.25E-1,6.875E-1,
7.5E-1,8.125E-1,8.75E-1,9.375E-1,1.E0),.UNSPECIFIED.);
#3206=CIRCLE('',#3205,3.373970954232E0);
#3211=CIRCLE('',#3210,3.373970954232E0);
#3233=B_SPLINE_CURVE_WITH_KNOTS('',3,(#3212,#3213,#3214,#3215,#3216,#3217,#3218,
#3219,#3220,#3221,#3222,#3223,#3224,#3225,#3226,#3227,#3228,#3229,#3230,#3231,
#3232),.UNSPECIFIED.,.F.,.F.,(4,1,1,1,1,1,1,1,1,1,1,1,1,1,1,1,1,1,4),(0.E0,
5.555555555556E-2,1.111111111111E-1,1.666666666667E-1,2.222222222222E-1,
2.777777777778E-1,3.333333333333E-1,3.888888888889E-1,4.444444444444E-1,5.E-1,
5.555555555556E-1,6.111111111111E-1,6.666666666667E-1,7.222222222222E-1,
7.777777777778E-1,8.333333333333E-1,8.888888888889E-1,9.444444444444E-1,1.E0),
.UNSPECIFIED.);
#3238=CIRCLE('',#3237,3.388E0);
#3243=CIRCLE('',#3242,1.375E1);
#3248=CIRCLE('',#3247,1.125E1);
#3270=B_SPLINE_CURVE_WITH_KNOTS('',3,(#3249,#3250,#3251,#3252,#3253,#3254,#3255,
#3256,#3257,#3258,#3259,#3260,#3261,#3262,#3263,#3264,#3265,#3266,#3267,#3268,
#3269),.UNSPECIFIED.,.F.,.F.,(4,1,1,1,1,1,1,1,1,1,1,1,1,1,1,1,1,1,4),(0.E0,
5.555555555556E-2,1.111111111111E-1,1.666666666667E-1,2.222222222222E-1,
2.777777777778E-1,3.333333333333E-1,3.888888888889E-1,4.444444444444E-1,5.E-1,
5.555555555556E-1,6.111111111111E-1,6.666666666667E-1,7.222222222222E-1,
7.777777777778E-1,8.333333333333E-1,8.888888888889E-1,9.444444444444E-1,1.E0),
.UNSPECIFIED.);
#3275=CIRCLE('',#3274,3.373970954232E0);
#3280=CIRCLE('',#3279,3.373970954232E0);
#3293=B_SPLINE_CURVE_WITH_KNOTS('',3,(#3281,#3282,#3283,#3284,#3285,#3286,#3287,
#3288,#3289,#3290,#3291,#3292),.UNSPECIFIED.,.F.,.F.,(4,1,1,1,1,1,1,1,1,4),
(0.E0,1.111111111111E-1,2.222222222222E-1,3.333333333333E-1,4.444444444444E-1,
5.555555555556E-1,6.666666666667E-1,7.777777777778E-1,8.888888888889E-1,1.E0),
.UNSPECIFIED.);
#3298=CIRCLE('',#3297,3.388E0);
#3306=B_SPLINE_CURVE_WITH_KNOTS('',3,(#3299,#3300,#3301,#3302,#3303,#3304,
#3305),.UNSPECIFIED.,.F.,.F.,(4,1,1,1,4),(0.E0,2.5E-1,5.E-1,7.5E-1,1.E0),
.UNSPECIFIED.);
#3315=B_SPLINE_CURVE_WITH_KNOTS('',3,(#3307,#3308,#3309,#3310,#3311,#3312,#3313,
#3314),.UNSPECIFIED.,.F.,.F.,(4,1,1,1,1,4),(0.E0,2.E-1,4.E-1,6.E-1,8.E-1,1.E0),
.UNSPECIFIED.);
#3320=CIRCLE('',#3319,3.373970954232E0);
#3325=CIRCLE('',#3324,3.373970954232E0);
#3340=B_SPLINE_CURVE_WITH_KNOTS('',3,(#3326,#3327,#3328,#3329,#3330,#3331,#3332,
#3333,#3334,#3335,#3336,#3337,#3338,#3339),.UNSPECIFIED.,.F.,.F.,(4,1,1,1,1,1,1,
1,1,1,1,4),(0.E0,9.090909090909E-2,1.818181818182E-1,2.727272727273E-1,
3.636363636364E-1,4.545454545455E-1,5.454545454545E-1,6.363636363636E-1,
7.272727272727E-1,8.181818181818E-1,9.090909090909E-1,1.E0),.UNSPECIFIED.);
#3348=B_SPLINE_CURVE_WITH_KNOTS('',3,(#3341,#3342,#3343,#3344,#3345,#3346,
#3347),.UNSPECIFIED.,.F.,.F.,(4,1,1,1,4),(0.E0,2.5E-1,5.E-1,7.5E-1,1.E0),
.UNSPECIFIED.);
#3353=CIRCLE('',#3352,3.388E0);
#3358=CIRCLE('',#3357,1.375E1);
#3363=CIRCLE('',#3362,1.125E1);
#3385=B_SPLINE_CURVE_WITH_KNOTS('',3,(#3364,#3365,#3366,#3367,#3368,#3369,#3370,
#3371,#3372,#3373,#3374,#3375,#3376,#3377,#3378,#3379,#3380,#3381,#3382,#3383,
#3384),.UNSPECIFIED.,.F.,.F.,(4,1,1,1,1,1,1,1,1,1,1,1,1,1,1,1,1,1,4),(0.E0,
5.555555555556E-2,1.111111111111E-1,1.666666666667E-1,2.222222222222E-1,
2.777777777778E-1,3.333333333333E-1,3.888888888889E-1,4.444444444444E-1,5.E-1,
5.555555555556E-1,6.111111111111E-1,6.666666666667E-1,7.222222222222E-1,
7.777777777778E-1,8.333333333333E-1,8.888888888889E-1,9.444444444444E-1,1.E0),
.UNSPECIFIED.);
#3390=CIRCLE('',#3389,3.373970954232E0);
#3395=CIRCLE('',#3394,3.373970954232E0);
#3408=B_SPLINE_CURVE_WITH_KNOTS('',3,(#3396,#3397,#3398,#3399,#3400,#3401,#3402,
#3403,#3404,#3405,#3406,#3407),.UNSPECIFIED.,.F.,.F.,(4,1,1,1,1,1,1,1,1,4),
(0.E0,1.111111111111E-1,2.222222222222E-1,3.333333333333E-1,4.444444444444E-1,
5.555555555556E-1,6.666666666667E-1,7.777777777778E-1,8.888888888889E-1,1.E0),
.UNSPECIFIED.);
#3413=CIRCLE('',#3412,3.388E0);
#3433=B_SPLINE_CURVE_WITH_KNOTS('',3,(#3414,#3415,#3416,#3417,#3418,#3419,#3420,
#3421,#3422,#3423,#3424,#3425,#3426,#3427,#3428,#3429,#3430,#3431,#3432),
.UNSPECIFIED.,.F.,.F.,(4,1,1,1,1,1,1,1,1,1,1,1,1,1,1,1,4),(0.E0,6.25E-2,1.25E-1,
1.875E-1,2.5E-1,3.125E-1,3.75E-1,4.375E-1,5.E-1,5.625E-1,6.25E-1,6.875E-1,
7.5E-1,8.125E-1,8.75E-1,9.375E-1,1.E0),.UNSPECIFIED.);
#3438=CIRCLE('',#3437,3.373970954232E0);
#3443=CIRCLE('',#3442,3.373970954232E0);
#3465=B_SPLINE_CURVE_WITH_KNOTS('',3,(#3444,#3445,#3446,#3447,#3448,#3449,#3450,
#3451,#3452,#3453,#3454,#3455,#3456,#3457,#3458,#3459,#3460,#3461,#3462,#3463,
#3464),.UNSPECIFIED.,.F.,.F.,(4,1,1,1,1,1,1,1,1,1,1,1,1,1,1,1,1,1,4),(0.E0,
5.555555555556E-2,1.111111111111E-1,1.666666666667E-1,2.222222222222E-1,
2.777777777778E-1,3.333333333333E-1,3.888888888889E-1,4.444444444444E-1,5.E-1,
5.555555555556E-1,6.111111111111E-1,6.666666666667E-1,7.222222222222E-1,
7.777777777778E-1,8.333333333333E-1,8.888888888889E-1,9.444444444444E-1,1.E0),
.UNSPECIFIED.);
#3470=CIRCLE('',#3469,3.388E0);
#3475=CIRCLE('',#3474,1.375E1);
#3480=CIRCLE('',#3479,1.125E1);
#3502=B_SPLINE_CURVE_WITH_KNOTS('',3,(#3481,#3482,#3483,#3484,#3485,#3486,#3487,
#3488,#3489,#3490,#3491,#3492,#3493,#3494,#3495,#3496,#3497,#3498,#3499,#3500,
#3501),.UNSPECIFIED.,.F.,.F.,(4,1,1,1,1,1,1,1,1,1,1,1,1,1,1,1,1,1,4),(0.E0,
5.555555555556E-2,1.111111111111E-1,1.666666666667E-1,2.222222222222E-1,
2.777777777778E-1,3.333333333333E-1,3.888888888889E-1,4.444444444444E-1,5.E-1,
5.555555555556E-1,6.111111111111E-1,6.666666666667E-1,7.222222222222E-1,
7.777777777778E-1,8.333333333333E-1,8.888888888889E-1,9.444444444444E-1,1.E0),
.UNSPECIFIED.);
#3507=CIRCLE('',#3506,3.373970954232E0);
#3512=CIRCLE('',#3511,3.373970954232E0);
#3525=B_SPLINE_CURVE_WITH_KNOTS('',3,(#3513,#3514,#3515,#3516,#3517,#3518,#3519,
#3520,#3521,#3522,#3523,#3524),.UNSPECIFIED.,.F.,.F.,(4,1,1,1,1,1,1,1,1,4),
(0.E0,1.111111111111E-1,2.222222222222E-1,3.333333333333E-1,4.444444444444E-1,
5.555555555556E-1,6.666666666667E-1,7.777777777778E-1,8.888888888889E-1,1.E0),
.UNSPECIFIED.);
#3530=CIRCLE('',#3529,3.388E0);
#3550=B_SPLINE_CURVE_WITH_KNOTS('',3,(#3531,#3532,#3533,#3534,#3535,#3536,#3537,
#3538,#3539,#3540,#3541,#3542,#3543,#3544,#3545,#3546,#3547,#3548,#3549),
.UNSPECIFIED.,.F.,.F.,(4,1,1,1,1,1,1,1,1,1,1,1,1,1,1,1,4),(0.E0,6.25E-2,1.25E-1,
1.875E-1,2.5E-1,3.125E-1,3.75E-1,4.375E-1,5.E-1,5.625E-1,6.25E-1,6.875E-1,
7.5E-1,8.125E-1,8.75E-1,9.375E-1,1.E0),.UNSPECIFIED.);
#3555=CIRCLE('',#3554,3.373970954232E0);
#3560=CIRCLE('',#3559,3.373970954232E0);
#3582=B_SPLINE_CURVE_WITH_KNOTS('',3,(#3561,#3562,#3563,#3564,#3565,#3566,#3567,
#3568,#3569,#3570,#3571,#3572,#3573,#3574,#3575,#3576,#3577,#3578,#3579,#3580,
#3581),.UNSPECIFIED.,.F.,.F.,(4,1,1,1,1,1,1,1,1,1,1,1,1,1,1,1,1,1,4),(0.E0,
5.555555555556E-2,1.111111111111E-1,1.666666666667E-1,2.222222222222E-1,
2.777777777778E-1,3.333333333333E-1,3.888888888889E-1,4.444444444444E-1,5.E-1,
5.555555555556E-1,6.111111111111E-1,6.666666666667E-1,7.222222222222E-1,
7.777777777778E-1,8.333333333333E-1,8.888888888889E-1,9.444444444444E-1,1.E0),
.UNSPECIFIED.);
#3587=CIRCLE('',#3586,3.388E0);
#3592=CIRCLE('',#3591,1.375E1);
#3597=CIRCLE('',#3596,1.125E1);
#3619=B_SPLINE_CURVE_WITH_KNOTS('',3,(#3598,#3599,#3600,#3601,#3602,#3603,#3604,
#3605,#3606,#3607,#3608,#3609,#3610,#3611,#3612,#3613,#3614,#3615,#3616,#3617,
#3618),.UNSPECIFIED.,.F.,.F.,(4,1,1,1,1,1,1,1,1,1,1,1,1,1,1,1,1,1,4),(0.E0,
5.555555555556E-2,1.111111111111E-1,1.666666666667E-1,2.222222222222E-1,
2.777777777778E-1,3.333333333333E-1,3.888888888889E-1,4.444444444444E-1,5.E-1,
5.555555555556E-1,6.111111111111E-1,6.666666666667E-1,7.222222222222E-1,
7.777777777778E-1,8.333333333333E-1,8.888888888889E-1,9.444444444444E-1,1.E0),
.UNSPECIFIED.);
#3624=CIRCLE('',#3623,3.373970954232E0);
#3629=CIRCLE('',#3628,3.373970954232E0);
#3642=B_SPLINE_CURVE_WITH_KNOTS('',3,(#3630,#3631,#3632,#3633,#3634,#3635,#3636,
#3637,#3638,#3639,#3640,#3641),.UNSPECIFIED.,.F.,.F.,(4,1,1,1,1,1,1,1,1,4),
(0.E0,1.111111111111E-1,2.222222222222E-1,3.333333333333E-1,4.444444444444E-1,
5.555555555556E-1,6.666666666667E-1,7.777777777778E-1,8.888888888889E-1,1.E0),
.UNSPECIFIED.);
#3647=CIRCLE('',#3646,3.388E0);
#3667=B_SPLINE_CURVE_WITH_KNOTS('',3,(#3648,#3649,#3650,#3651,#3652,#3653,#3654,
#3655,#3656,#3657,#3658,#3659,#3660,#3661,#3662,#3663,#3664,#3665,#3666),
.UNSPECIFIED.,.F.,.F.,(4,1,1,1,1,1,1,1,1,1,1,1,1,1,1,1,4),(0.E0,6.25E-2,1.25E-1,
1.875E-1,2.5E-1,3.125E-1,3.75E-1,4.375E-1,5.E-1,5.625E-1,6.25E-1,6.875E-1,
7.5E-1,8.125E-1,8.75E-1,9.375E-1,1.E0),.UNSPECIFIED.);
#3672=CIRCLE('',#3671,3.373970954232E0);
#3677=CIRCLE('',#3676,3.373970954232E0);
#3699=B_SPLINE_CURVE_WITH_KNOTS('',3,(#3678,#3679,#3680,#3681,#3682,#3683,#3684,
#3685,#3686,#3687,#3688,#3689,#3690,#3691,#3692,#3693,#3694,#3695,#3696,#3697,
#3698),.UNSPECIFIED.,.F.,.F.,(4,1,1,1,1,1,1,1,1,1,1,1,1,1,1,1,1,1,4),(0.E0,
5.555555555556E-2,1.111111111111E-1,1.666666666667E-1,2.222222222222E-1,
2.777777777778E-1,3.333333333333E-1,3.888888888889E-1,4.444444444444E-1,5.E-1,
5.555555555556E-1,6.111111111111E-1,6.666666666667E-1,7.222222222222E-1,
7.777777777778E-1,8.333333333333E-1,8.888888888889E-1,9.444444444444E-1,1.E0),
.UNSPECIFIED.);
#3704=CIRCLE('',#3703,3.388E0);
#3709=CIRCLE('',#3708,1.375E1);
#3714=CIRCLE('',#3713,1.125E1);
#3719=CIRCLE('',#3718,3.08E0);
#3727=B_SPLINE_CURVE_WITH_KNOTS('',3,(#3720,#3721,#3722,#3723,#3724,#3725,
#3726),.UNSPECIFIED.,.F.,.F.,(4,1,1,1,4),(0.E0,2.5E-1,5.E-1,7.5E-1,1.E0),
.UNSPECIFIED.);
#3741=B_SPLINE_CURVE_WITH_KNOTS('',3,(#3728,#3729,#3730,#3731,#3732,#3733,#3734,
#3735,#3736,#3737,#3738,#3739,#3740),.UNSPECIFIED.,.F.,.F.,(4,1,1,1,1,1,1,1,1,1,
4),(0.E0,1.E-1,2.E-1,3.E-1,4.E-1,5.E-1,6.E-1,7.E-1,8.E-1,9.E-1,1.E0),
.UNSPECIFIED.);
#3749=B_SPLINE_CURVE_WITH_KNOTS('',3,(#3742,#3743,#3744,#3745,#3746,#3747,
#3748),.UNSPECIFIED.,.F.,.F.,(4,1,1,1,4),(0.E0,2.5E-1,5.E-1,7.5E-1,1.E0),
.UNSPECIFIED.);
#3754=CIRCLE('',#3753,3.08E0);
#3759=CIRCLE('',#3758,3.08E0);
#3764=CIRCLE('',#3763,3.08E0);
#3785=B_SPLINE_CURVE_WITH_KNOTS('',3,(#3765,#3766,#3767,#3768,#3769,#3770,#3771,
#3772,#3773,#3774,#3775,#3776,#3777,#3778,#3779,#3780,#3781,#3782,#3783,#3784),
.UNSPECIFIED.,.F.,.F.,(4,1,1,1,1,1,1,1,1,1,1,1,1,1,1,1,1,4),(0.E0,
5.882352941176E-2,1.176470588235E-1,1.764705882353E-1,2.352941176471E-1,
2.941176470588E-1,3.529411764706E-1,4.117647058824E-1,4.705882352941E-1,
5.294117647059E-1,5.882352941176E-1,6.470588235294E-1,7.058823529412E-1,
7.647058823529E-1,8.235294117647E-1,8.823529411765E-1,9.411764705882E-1,1.E0),
.UNSPECIFIED.);
#3827=B_SPLINE_CURVE_WITH_KNOTS('',3,(#3786,#3787,#3788,#3789,#3790,#3791,#3792,
#3793,#3794,#3795,#3796,#3797,#3798,#3799,#3800,#3801,#3802,#3803,#3804,#3805,
#3806,#3807,#3808,#3809,#3810,#3811,#3812,#3813,#3814,#3815,#3816,#3817,#3818,
#3819,#3820,#3821,#3822,#3823,#3824,#3825,#3826),.UNSPECIFIED.,.F.,.F.,(4,1,1,1,
1,1,1,1,1,1,1,1,1,1,1,1,1,1,1,1,1,1,1,1,1,1,1,1,1,1,1,1,1,1,1,1,1,1,4),(0.E0,
2.631578947368E-2,5.263157894737E-2,7.894736842105E-2,1.052631578947E-1,
1.315789473684E-1,1.578947368421E-1,1.842105263158E-1,2.105263157895E-1,
2.368421052632E-1,2.631578947368E-1,2.894736842105E-1,3.157894736842E-1,
3.421052631579E-1,3.684210526316E-1,3.947368421053E-1,4.210526315789E-1,
4.473684210526E-1,4.736842105263E-1,5.E-1,5.263157894737E-1,5.526315789474E-1,
5.789473684211E-1,6.052631578947E-1,6.315789473684E-1,6.578947368421E-1,
6.842105263158E-1,7.105263157895E-1,7.368421052632E-1,7.631578947368E-1,
7.894736842105E-1,8.157894736842E-1,8.421052631579E-1,8.684210526316E-1,
8.947368421053E-1,9.210526315789E-1,9.473684210526E-1,9.736842105263E-1,1.E0),
.UNSPECIFIED.);
#3832=CIRCLE('',#3831,3.08E0);
#3837=CIRCLE('',#3836,3.08E0);
#3842=CIRCLE('',#3841,3.08E0);
#3847=CIRCLE('',#3846,3.08E0);
#3856=B_SPLINE_CURVE_WITH_KNOTS('',3,(#3848,#3849,#3850,#3851,#3852,#3853,#3854,
#3855),.UNSPECIFIED.,.F.,.F.,(4,1,1,1,1,4),(0.E0,2.E-1,4.E-1,6.E-1,8.E-1,1.E0),
.UNSPECIFIED.);
#3881=B_SPLINE_CURVE_WITH_KNOTS('',3,(#3857,#3858,#3859,#3860,#3861,#3862,#3863,
#3864,#3865,#3866,#3867,#3868,#3869,#3870,#3871,#3872,#3873,#3874,#3875,#3876,
#3877,#3878,#3879,#3880),.UNSPECIFIED.,.F.,.F.,(4,1,1,1,1,1,1,1,1,1,1,1,1,1,1,1,
1,1,1,1,1,4),(0.E0,4.761904761905E-2,9.523809523810E-2,1.428571428571E-1,
1.904761904762E-1,2.380952380952E-1,2.857142857143E-1,3.333333333333E-1,
3.809523809524E-1,4.285714285714E-1,4.761904761905E-1,5.238095238095E-1,
5.714285714286E-1,6.190476190476E-1,6.666666666667E-1,7.142857142857E-1,
7.619047619048E-1,8.095238095238E-1,8.571428571429E-1,9.047619047619E-1,
9.523809523810E-1,1.E0),.UNSPECIFIED.);
#3890=B_SPLINE_CURVE_WITH_KNOTS('',3,(#3882,#3883,#3884,#3885,#3886,#3887,#3888,
#3889),.UNSPECIFIED.,.F.,.F.,(4,1,1,1,1,4),(0.E0,2.E-1,4.E-1,6.E-1,8.E-1,1.E0),
.UNSPECIFIED.);
#3895=CIRCLE('',#3894,3.08E0);
#3900=CIRCLE('',#3899,3.08E0);
#3921=B_SPLINE_CURVE_WITH_KNOTS('',3,(#3901,#3902,#3903,#3904,#3905,#3906,#3907,
#3908,#3909,#3910,#3911,#3912,#3913,#3914,#3915,#3916,#3917,#3918,#3919,#3920),
.UNSPECIFIED.,.F.,.F.,(4,1,1,1,1,1,1,1,1,1,1,1,1,1,1,1,1,4),(0.E0,
5.882352941176E-2,1.176470588235E-1,1.764705882353E-1,2.352941176471E-1,
2.941176470588E-1,3.529411764706E-1,4.117647058824E-1,4.705882352941E-1,
5.294117647059E-1,5.882352941176E-1,6.470588235294E-1,7.058823529412E-1,
7.647058823529E-1,8.235294117647E-1,8.823529411765E-1,9.411764705882E-1,1.E0),
.UNSPECIFIED.);
#3926=CIRCLE('',#3925,3.08E0);
#3947=B_SPLINE_CURVE_WITH_KNOTS('',3,(#3927,#3928,#3929,#3930,#3931,#3932,#3933,
#3934,#3935,#3936,#3937,#3938,#3939,#3940,#3941,#3942,#3943,#3944,#3945,#3946),
.UNSPECIFIED.,.F.,.F.,(4,1,1,1,1,1,1,1,1,1,1,1,1,1,1,1,1,4),(0.E0,
5.882352941176E-2,1.176470588235E-1,1.764705882353E-1,2.352941176471E-1,
2.941176470588E-1,3.529411764706E-1,4.117647058824E-1,4.705882352941E-1,
5.294117647059E-1,5.882352941176E-1,6.470588235294E-1,7.058823529412E-1,
7.647058823529E-1,8.235294117647E-1,8.823529411765E-1,9.411764705882E-1,1.E0),
.UNSPECIFIED.);
#3952=CIRCLE('',#3951,3.08E0);
#3957=CIRCLE('',#3956,3.08E0);
#3962=CIRCLE('',#3961,3.08E0);
#4004=B_SPLINE_CURVE_WITH_KNOTS('',3,(#3963,#3964,#3965,#3966,#3967,#3968,#3969,
#3970,#3971,#3972,#3973,#3974,#3975,#3976,#3977,#3978,#3979,#3980,#3981,#3982,
#3983,#3984,#3985,#3986,#3987,#3988,#3989,#3990,#3991,#3992,#3993,#3994,#3995,
#3996,#3997,#3998,#3999,#4000,#4001,#4002,#4003),.UNSPECIFIED.,.F.,.F.,(4,1,1,1,
1,1,1,1,1,1,1,1,1,1,1,1,1,1,1,1,1,1,1,1,1,1,1,1,1,1,1,1,1,1,1,1,1,1,4),(0.E0,
2.631578947368E-2,5.263157894737E-2,7.894736842105E-2,1.052631578947E-1,
1.315789473684E-1,1.578947368421E-1,1.842105263158E-1,2.105263157895E-1,
2.368421052632E-1,2.631578947368E-1,2.894736842105E-1,3.157894736842E-1,
3.421052631579E-1,3.684210526316E-1,3.947368421053E-1,4.210526315789E-1,
4.473684210526E-1,4.736842105263E-1,5.E-1,5.263157894737E-1,5.526315789474E-1,
5.789473684211E-1,6.052631578947E-1,6.315789473684E-1,6.578947368421E-1,
6.842105263158E-1,7.105263157895E-1,7.368421052632E-1,7.631578947368E-1,
7.894736842105E-1,8.157894736842E-1,8.421052631579E-1,8.684210526316E-1,
8.947368421053E-1,9.210526315789E-1,9.473684210526E-1,9.736842105263E-1,1.E0),
.UNSPECIFIED.);
#4046=B_SPLINE_CURVE_WITH_KNOTS('',3,(#4005,#4006,#4007,#4008,#4009,#4010,#4011,
#4012,#4013,#4014,#4015,#4016,#4017,#4018,#4019,#4020,#4021,#4022,#4023,#4024,
#4025,#4026,#4027,#4028,#4029,#4030,#4031,#4032,#4033,#4034,#4035,#4036,#4037,
#4038,#4039,#4040,#4041,#4042,#4043,#4044,#4045),.UNSPECIFIED.,.F.,.F.,(4,1,1,1,
1,1,1,1,1,1,1,1,1,1,1,1,1,1,1,1,1,1,1,1,1,1,1,1,1,1,1,1,1,1,1,1,1,1,4),(0.E0,
2.631578947368E-2,5.263157894737E-2,7.894736842105E-2,1.052631578947E-1,
1.315789473684E-1,1.578947368421E-1,1.842105263158E-1,2.105263157895E-1,
2.368421052632E-1,2.631578947368E-1,2.894736842105E-1,3.157894736842E-1,
3.421052631579E-1,3.684210526316E-1,3.947368421053E-1,4.210526315789E-1,
4.473684210526E-1,4.736842105263E-1,5.E-1,5.263157894737E-1,5.526315789474E-1,
5.789473684211E-1,6.052631578947E-1,6.315789473684E-1,6.578947368421E-1,
6.842105263158E-1,7.105263157895E-1,7.368421052632E-1,7.631578947368E-1,
7.894736842105E-1,8.157894736842E-1,8.421052631579E-1,8.684210526316E-1,
8.947368421053E-1,9.210526315789E-1,9.473684210526E-1,9.736842105263E-1,1.E0),
.UNSPECIFIED.);
#4051=CIRCLE('',#4050,3.08E0);
#4056=CIRCLE('',#4055,3.08E0);
#4061=CIRCLE('',#4060,3.08E0);
#4066=CIRCLE('',#4065,3.08E0);
#4087=B_SPLINE_CURVE_WITH_KNOTS('',3,(#4067,#4068,#4069,#4070,#4071,#4072,#4073,
#4074,#4075,#4076,#4077,#4078,#4079,#4080,#4081,#4082,#4083,#4084,#4085,#4086),
.UNSPECIFIED.,.F.,.F.,(4,1,1,1,1,1,1,1,1,1,1,1,1,1,1,1,1,4),(0.E0,
5.882352941176E-2,1.176470588235E-1,1.764705882353E-1,2.352941176471E-1,
2.941176470588E-1,3.529411764706E-1,4.117647058824E-1,4.705882352941E-1,
5.294117647059E-1,5.882352941176E-1,6.470588235294E-1,7.058823529412E-1,
7.647058823529E-1,8.235294117647E-1,8.823529411765E-1,9.411764705882E-1,1.E0),
.UNSPECIFIED.);
#4092=CIRCLE('',#4091,3.08E0);
#4113=B_SPLINE_CURVE_WITH_KNOTS('',3,(#4093,#4094,#4095,#4096,#4097,#4098,#4099,
#4100,#4101,#4102,#4103,#4104,#4105,#4106,#4107,#4108,#4109,#4110,#4111,#4112),
.UNSPECIFIED.,.F.,.F.,(4,1,1,1,1,1,1,1,1,1,1,1,1,1,1,1,1,4),(0.E0,
5.882352941176E-2,1.176470588235E-1,1.764705882353E-1,2.352941176471E-1,
2.941176470588E-1,3.529411764706E-1,4.117647058824E-1,4.705882352941E-1,
5.294117647059E-1,5.882352941176E-1,6.470588235294E-1,7.058823529412E-1,
7.647058823529E-1,8.235294117647E-1,8.823529411765E-1,9.411764705882E-1,1.E0),
.UNSPECIFIED.);
#4118=CIRCLE('',#4117,3.08E0);
#4123=CIRCLE('',#4122,3.08E0);
#4128=CIRCLE('',#4127,3.08E0);
#4170=B_SPLINE_CURVE_WITH_KNOTS('',3,(#4129,#4130,#4131,#4132,#4133,#4134,#4135,
#4136,#4137,#4138,#4139,#4140,#4141,#4142,#4143,#4144,#4145,#4146,#4147,#4148,
#4149,#4150,#4151,#4152,#4153,#4154,#4155,#4156,#4157,#4158,#4159,#4160,#4161,
#4162,#4163,#4164,#4165,#4166,#4167,#4168,#4169),.UNSPECIFIED.,.F.,.F.,(4,1,1,1,
1,1,1,1,1,1,1,1,1,1,1,1,1,1,1,1,1,1,1,1,1,1,1,1,1,1,1,1,1,1,1,1,1,1,4),(0.E0,
2.631578947368E-2,5.263157894737E-2,7.894736842105E-2,1.052631578947E-1,
1.315789473684E-1,1.578947368421E-1,1.842105263158E-1,2.105263157895E-1,
2.368421052632E-1,2.631578947368E-1,2.894736842105E-1,3.157894736842E-1,
3.421052631579E-1,3.684210526316E-1,3.947368421053E-1,4.210526315789E-1,
4.473684210526E-1,4.736842105263E-1,5.E-1,5.263157894737E-1,5.526315789474E-1,
5.789473684211E-1,6.052631578947E-1,6.315789473684E-1,6.578947368421E-1,
6.842105263158E-1,7.105263157895E-1,7.368421052632E-1,7.631578947368E-1,
7.894736842105E-1,8.157894736842E-1,8.421052631579E-1,8.684210526316E-1,
8.947368421053E-1,9.210526315789E-1,9.473684210526E-1,9.736842105263E-1,1.E0),
.UNSPECIFIED.);
#4212=B_SPLINE_CURVE_WITH_KNOTS('',3,(#4171,#4172,#4173,#4174,#4175,#4176,#4177,
#4178,#4179,#4180,#4181,#4182,#4183,#4184,#4185,#4186,#4187,#4188,#4189,#4190,
#4191,#4192,#4193,#4194,#4195,#4196,#4197,#4198,#4199,#4200,#4201,#4202,#4203,
#4204,#4205,#4206,#4207,#4208,#4209,#4210,#4211),.UNSPECIFIED.,.F.,.F.,(4,1,1,1,
1,1,1,1,1,1,1,1,1,1,1,1,1,1,1,1,1,1,1,1,1,1,1,1,1,1,1,1,1,1,1,1,1,1,4),(0.E0,
2.631578947368E-2,5.263157894737E-2,7.894736842105E-2,1.052631578947E-1,
1.315789473684E-1,1.578947368421E-1,1.842105263158E-1,2.105263157895E-1,
2.368421052632E-1,2.631578947368E-1,2.894736842105E-1,3.157894736842E-1,
3.421052631579E-1,3.684210526316E-1,3.947368421053E-1,4.210526315789E-1,
4.473684210526E-1,4.736842105263E-1,5.E-1,5.263157894737E-1,5.526315789474E-1,
5.789473684211E-1,6.052631578947E-1,6.315789473684E-1,6.578947368421E-1,
6.842105263158E-1,7.105263157895E-1,7.368421052632E-1,7.631578947368E-1,
7.894736842105E-1,8.157894736842E-1,8.421052631579E-1,8.684210526316E-1,
8.947368421053E-1,9.210526315789E-1,9.473684210526E-1,9.736842105263E-1,1.E0),
.UNSPECIFIED.);
#4217=CIRCLE('',#4216,3.08E0);
#4222=CIRCLE('',#4221,3.08E0);
#4227=CIRCLE('',#4226,3.08E0);
#4232=CIRCLE('',#4231,3.08E0);
#4253=B_SPLINE_CURVE_WITH_KNOTS('',3,(#4233,#4234,#4235,#4236,#4237,#4238,#4239,
#4240,#4241,#4242,#4243,#4244,#4245,#4246,#4247,#4248,#4249,#4250,#4251,#4252),
.UNSPECIFIED.,.F.,.F.,(4,1,1,1,1,1,1,1,1,1,1,1,1,1,1,1,1,4),(0.E0,
5.882352941176E-2,1.176470588235E-1,1.764705882353E-1,2.352941176471E-1,
2.941176470588E-1,3.529411764706E-1,4.117647058824E-1,4.705882352941E-1,
5.294117647059E-1,5.882352941176E-1,6.470588235294E-1,7.058823529412E-1,
7.647058823529E-1,8.235294117647E-1,8.823529411765E-1,9.411764705882E-1,1.E0),
.UNSPECIFIED.);
#4258=CIRCLE('',#4257,3.08E0);
#4279=B_SPLINE_CURVE_WITH_KNOTS('',3,(#4259,#4260,#4261,#4262,#4263,#4264,#4265,
#4266,#4267,#4268,#4269,#4270,#4271,#4272,#4273,#4274,#4275,#4276,#4277,#4278),
.UNSPECIFIED.,.F.,.F.,(4,1,1,1,1,1,1,1,1,1,1,1,1,1,1,1,1,4),(0.E0,
5.882352941176E-2,1.176470588235E-1,1.764705882353E-1,2.352941176471E-1,
2.941176470588E-1,3.529411764706E-1,4.117647058824E-1,4.705882352941E-1,
5.294117647059E-1,5.882352941176E-1,6.470588235294E-1,7.058823529412E-1,
7.647058823529E-1,8.235294117647E-1,8.823529411765E-1,9.411764705882E-1,1.E0),
.UNSPECIFIED.);
#4284=CIRCLE('',#4283,3.08E0);
#4289=CIRCLE('',#4288,3.08E0);
#4294=CIRCLE('',#4293,3.08E0);
#4336=B_SPLINE_CURVE_WITH_KNOTS('',3,(#4295,#4296,#4297,#4298,#4299,#4300,#4301,
#4302,#4303,#4304,#4305,#4306,#4307,#4308,#4309,#4310,#4311,#4312,#4313,#4314,
#4315,#4316,#4317,#4318,#4319,#4320,#4321,#4322,#4323,#4324,#4325,#4326,#4327,
#4328,#4329,#4330,#4331,#4332,#4333,#4334,#4335),.UNSPECIFIED.,.F.,.F.,(4,1,1,1,
1,1,1,1,1,1,1,1,1,1,1,1,1,1,1,1,1,1,1,1,1,1,1,1,1,1,1,1,1,1,1,1,1,1,4),(0.E0,
2.631578947368E-2,5.263157894737E-2,7.894736842105E-2,1.052631578947E-1,
1.315789473684E-1,1.578947368421E-1,1.842105263158E-1,2.105263157895E-1,
2.368421052632E-1,2.631578947368E-1,2.894736842105E-1,3.157894736842E-1,
3.421052631579E-1,3.684210526316E-1,3.947368421053E-1,4.210526315789E-1,
4.473684210526E-1,4.736842105263E-1,5.E-1,5.263157894737E-1,5.526315789474E-1,
5.789473684211E-1,6.052631578947E-1,6.315789473684E-1,6.578947368421E-1,
6.842105263158E-1,7.105263157895E-1,7.368421052632E-1,7.631578947368E-1,
7.894736842105E-1,8.157894736842E-1,8.421052631579E-1,8.684210526316E-1,
8.947368421053E-1,9.210526315789E-1,9.473684210526E-1,9.736842105263E-1,1.E0),
.UNSPECIFIED.);
#4378=B_SPLINE_CURVE_WITH_KNOTS('',3,(#4337,#4338,#4339,#4340,#4341,#4342,#4343,
#4344,#4345,#4346,#4347,#4348,#4349,#4350,#4351,#4352,#4353,#4354,#4355,#4356,
#4357,#4358,#4359,#4360,#4361,#4362,#4363,#4364,#4365,#4366,#4367,#4368,#4369,
#4370,#4371,#4372,#4373,#4374,#4375,#4376,#4377),.UNSPECIFIED.,.F.,.F.,(4,1,1,1,
1,1,1,1,1,1,1,1,1,1,1,1,1,1,1,1,1,1,1,1,1,1,1,1,1,1,1,1,1,1,1,1,1,1,4),(0.E0,
2.631578947368E-2,5.263157894737E-2,7.894736842105E-2,1.052631578947E-1,
1.315789473684E-1,1.578947368421E-1,1.842105263158E-1,2.105263157895E-1,
2.368421052632E-1,2.631578947368E-1,2.894736842105E-1,3.157894736842E-1,
3.421052631579E-1,3.684210526316E-1,3.947368421053E-1,4.210526315789E-1,
4.473684210526E-1,4.736842105263E-1,5.E-1,5.263157894737E-1,5.526315789474E-1,
5.789473684211E-1,6.052631578947E-1,6.315789473684E-1,6.578947368421E-1,
6.842105263158E-1,7.105263157895E-1,7.368421052632E-1,7.631578947368E-1,
7.894736842105E-1,8.157894736842E-1,8.421052631579E-1,8.684210526316E-1,
8.947368421053E-1,9.210526315789E-1,9.473684210526E-1,9.736842105263E-1,1.E0),
.UNSPECIFIED.);
#4383=CIRCLE('',#4382,3.08E0);
#4388=CIRCLE('',#4387,3.08E0);
#4393=CIRCLE('',#4392,3.08E0);
#4398=CIRCLE('',#4397,3.08E0);
#4419=B_SPLINE_CURVE_WITH_KNOTS('',3,(#4399,#4400,#4401,#4402,#4403,#4404,#4405,
#4406,#4407,#4408,#4409,#4410,#4411,#4412,#4413,#4414,#4415,#4416,#4417,#4418),
.UNSPECIFIED.,.F.,.F.,(4,1,1,1,1,1,1,1,1,1,1,1,1,1,1,1,1,4),(0.E0,
5.882352941176E-2,1.176470588235E-1,1.764705882353E-1,2.352941176471E-1,
2.941176470588E-1,3.529411764706E-1,4.117647058824E-1,4.705882352941E-1,
5.294117647059E-1,5.882352941176E-1,6.470588235294E-1,7.058823529412E-1,
7.647058823529E-1,8.235294117647E-1,8.823529411765E-1,9.411764705882E-1,1.E0),
.UNSPECIFIED.);
#4424=CIRCLE('',#4423,3.08E0);
#4445=B_SPLINE_CURVE_WITH_KNOTS('',3,(#4425,#4426,#4427,#4428,#4429,#4430,#4431,
#4432,#4433,#4434,#4435,#4436,#4437,#4438,#4439,#4440,#4441,#4442,#4443,#4444),
.UNSPECIFIED.,.F.,.F.,(4,1,1,1,1,1,1,1,1,1,1,1,1,1,1,1,1,4),(0.E0,
5.882352941176E-2,1.176470588235E-1,1.764705882353E-1,2.352941176471E-1,
2.941176470588E-1,3.529411764706E-1,4.117647058824E-1,4.705882352941E-1,
5.294117647059E-1,5.882352941176E-1,6.470588235294E-1,7.058823529412E-1,
7.647058823529E-1,8.235294117647E-1,8.823529411765E-1,9.411764705882E-1,1.E0),
.UNSPECIFIED.);
#4450=CIRCLE('',#4449,3.08E0);
#4455=CIRCLE('',#4454,3.08E0);
#4460=CIRCLE('',#4459,3.08E0);
#4502=B_SPLINE_CURVE_WITH_KNOTS('',3,(#4461,#4462,#4463,#4464,#4465,#4466,#4467,
#4468,#4469,#4470,#4471,#4472,#4473,#4474,#4475,#4476,#4477,#4478,#4479,#4480,
#4481,#4482,#4483,#4484,#4485,#4486,#4487,#4488,#4489,#4490,#4491,#4492,#4493,
#4494,#4495,#4496,#4497,#4498,#4499,#4500,#4501),.UNSPECIFIED.,.F.,.F.,(4,1,1,1,
1,1,1,1,1,1,1,1,1,1,1,1,1,1,1,1,1,1,1,1,1,1,1,1,1,1,1,1,1,1,1,1,1,1,4),(0.E0,
2.631578947368E-2,5.263157894737E-2,7.894736842105E-2,1.052631578947E-1,
1.315789473684E-1,1.578947368421E-1,1.842105263158E-1,2.105263157895E-1,
2.368421052632E-1,2.631578947368E-1,2.894736842105E-1,3.157894736842E-1,
3.421052631579E-1,3.684210526316E-1,3.947368421053E-1,4.210526315789E-1,
4.473684210526E-1,4.736842105263E-1,5.E-1,5.263157894737E-1,5.526315789474E-1,
5.789473684211E-1,6.052631578947E-1,6.315789473684E-1,6.578947368421E-1,
6.842105263158E-1,7.105263157895E-1,7.368421052632E-1,7.631578947368E-1,
7.894736842105E-1,8.157894736842E-1,8.421052631579E-1,8.684210526316E-1,
8.947368421053E-1,9.210526315789E-1,9.473684210526E-1,9.736842105263E-1,1.E0),
.UNSPECIFIED.);
#4544=B_SPLINE_CURVE_WITH_KNOTS('',3,(#4503,#4504,#4505,#4506,#4507,#4508,#4509,
#4510,#4511,#4512,#4513,#4514,#4515,#4516,#4517,#4518,#4519,#4520,#4521,#4522,
#4523,#4524,#4525,#4526,#4527,#4528,#4529,#4530,#4531,#4532,#4533,#4534,#4535,
#4536,#4537,#4538,#4539,#4540,#4541,#4542,#4543),.UNSPECIFIED.,.F.,.F.,(4,1,1,1,
1,1,1,1,1,1,1,1,1,1,1,1,1,1,1,1,1,1,1,1,1,1,1,1,1,1,1,1,1,1,1,1,1,1,4),(0.E0,
2.631578947368E-2,5.263157894737E-2,7.894736842105E-2,1.052631578947E-1,
1.315789473684E-1,1.578947368421E-1,1.842105263158E-1,2.105263157895E-1,
2.368421052632E-1,2.631578947368E-1,2.894736842105E-1,3.157894736842E-1,
3.421052631579E-1,3.684210526316E-1,3.947368421053E-1,4.210526315789E-1,
4.473684210526E-1,4.736842105263E-1,5.E-1,5.263157894737E-1,5.526315789474E-1,
5.789473684211E-1,6.052631578947E-1,6.315789473684E-1,6.578947368421E-1,
6.842105263158E-1,7.105263157895E-1,7.368421052632E-1,7.631578947368E-1,
7.894736842105E-1,8.157894736842E-1,8.421052631579E-1,8.684210526316E-1,
8.947368421053E-1,9.210526315789E-1,9.473684210526E-1,9.736842105263E-1,1.E0),
.UNSPECIFIED.);
#4549=CIRCLE('',#4548,3.08E0);
#4554=CIRCLE('',#4553,3.08E0);
#4559=CIRCLE('',#4558,3.08E0);
#4564=CIRCLE('',#4563,3.08E0);
#4585=B_SPLINE_CURVE_WITH_KNOTS('',3,(#4565,#4566,#4567,#4568,#4569,#4570,#4571,
#4572,#4573,#4574,#4575,#4576,#4577,#4578,#4579,#4580,#4581,#4582,#4583,#4584),
.UNSPECIFIED.,.F.,.F.,(4,1,1,1,1,1,1,1,1,1,1,1,1,1,1,1,1,4),(0.E0,
5.882352941176E-2,1.176470588235E-1,1.764705882353E-1,2.352941176471E-1,
2.941176470588E-1,3.529411764706E-1,4.117647058824E-1,4.705882352941E-1,
5.294117647059E-1,5.882352941176E-1,6.470588235294E-1,7.058823529412E-1,
7.647058823529E-1,8.235294117647E-1,8.823529411765E-1,9.411764705882E-1,1.E0),
.UNSPECIFIED.);
#4590=CIRCLE('',#4589,3.08E0);
#4611=B_SPLINE_CURVE_WITH_KNOTS('',3,(#4591,#4592,#4593,#4594,#4595,#4596,#4597,
#4598,#4599,#4600,#4601,#4602,#4603,#4604,#4605,#4606,#4607,#4608,#4609,#4610),
.UNSPECIFIED.,.F.,.F.,(4,1,1,1,1,1,1,1,1,1,1,1,1,1,1,1,1,4),(0.E0,
5.882352941176E-2,1.176470588235E-1,1.764705882353E-1,2.352941176471E-1,
2.941176470588E-1,3.529411764706E-1,4.117647058824E-1,4.705882352941E-1,
5.294117647059E-1,5.882352941176E-1,6.470588235294E-1,7.058823529412E-1,
7.647058823529E-1,8.235294117647E-1,8.823529411765E-1,9.411764705882E-1,1.E0),
.UNSPECIFIED.);
#4616=CIRCLE('',#4615,3.08E0);
#4621=CIRCLE('',#4620,3.08E0);
#4626=CIRCLE('',#4625,3.08E0);
#4668=B_SPLINE_CURVE_WITH_KNOTS('',3,(#4627,#4628,#4629,#4630,#4631,#4632,#4633,
#4634,#4635,#4636,#4637,#4638,#4639,#4640,#4641,#4642,#4643,#4644,#4645,#4646,
#4647,#4648,#4649,#4650,#4651,#4652,#4653,#4654,#4655,#4656,#4657,#4658,#4659,
#4660,#4661,#4662,#4663,#4664,#4665,#4666,#4667),.UNSPECIFIED.,.F.,.F.,(4,1,1,1,
1,1,1,1,1,1,1,1,1,1,1,1,1,1,1,1,1,1,1,1,1,1,1,1,1,1,1,1,1,1,1,1,1,1,4),(0.E0,
2.631578947368E-2,5.263157894737E-2,7.894736842105E-2,1.052631578947E-1,
1.315789473684E-1,1.578947368421E-1,1.842105263158E-1,2.105263157895E-1,
2.368421052632E-1,2.631578947368E-1,2.894736842105E-1,3.157894736842E-1,
3.421052631579E-1,3.684210526316E-1,3.947368421053E-1,4.210526315789E-1,
4.473684210526E-1,4.736842105263E-1,5.E-1,5.263157894737E-1,5.526315789474E-1,
5.789473684211E-1,6.052631578947E-1,6.315789473684E-1,6.578947368421E-1,
6.842105263158E-1,7.105263157895E-1,7.368421052632E-1,7.631578947368E-1,
7.894736842105E-1,8.157894736842E-1,8.421052631579E-1,8.684210526316E-1,
8.947368421053E-1,9.210526315789E-1,9.473684210526E-1,9.736842105263E-1,1.E0),
.UNSPECIFIED.);
#4710=B_SPLINE_CURVE_WITH_KNOTS('',3,(#4669,#4670,#4671,#4672,#4673,#4674,#4675,
#4676,#4677,#4678,#4679,#4680,#4681,#4682,#4683,#4684,#4685,#4686,#4687,#4688,
#4689,#4690,#4691,#4692,#4693,#4694,#4695,#4696,#4697,#4698,#4699,#4700,#4701,
#4702,#4703,#4704,#4705,#4706,#4707,#4708,#4709),.UNSPECIFIED.,.F.,.F.,(4,1,1,1,
1,1,1,1,1,1,1,1,1,1,1,1,1,1,1,1,1,1,1,1,1,1,1,1,1,1,1,1,1,1,1,1,1,1,4),(0.E0,
2.631578947368E-2,5.263157894737E-2,7.894736842105E-2,1.052631578947E-1,
1.315789473684E-1,1.578947368421E-1,1.842105263158E-1,2.105263157895E-1,
2.368421052632E-1,2.631578947368E-1,2.894736842105E-1,3.157894736842E-1,
3.421052631579E-1,3.684210526316E-1,3.947368421053E-1,4.210526315789E-1,
4.473684210526E-1,4.736842105263E-1,5.E-1,5.263157894737E-1,5.526315789474E-1,
5.789473684211E-1,6.052631578947E-1,6.315789473684E-1,6.578947368421E-1,
6.842105263158E-1,7.105263157895E-1,7.368421052632E-1,7.631578947368E-1,
7.894736842105E-1,8.157894736842E-1,8.421052631579E-1,8.684210526316E-1,
8.947368421053E-1,9.210526315789E-1,9.473684210526E-1,9.736842105263E-1,1.E0),
.UNSPECIFIED.);
#4715=CIRCLE('',#4714,3.08E0);
#4720=CIRCLE('',#4719,3.08E0);
#4725=CIRCLE('',#4724,3.08E0);
#4730=CIRCLE('',#4729,3.08E0);
#4751=B_SPLINE_CURVE_WITH_KNOTS('',3,(#4731,#4732,#4733,#4734,#4735,#4736,#4737,
#4738,#4739,#4740,#4741,#4742,#4743,#4744,#4745,#4746,#4747,#4748,#4749,#4750),
.UNSPECIFIED.,.F.,.F.,(4,1,1,1,1,1,1,1,1,1,1,1,1,1,1,1,1,4),(0.E0,
5.882352941176E-2,1.176470588235E-1,1.764705882353E-1,2.352941176471E-1,
2.941176470588E-1,3.529411764706E-1,4.117647058824E-1,4.705882352941E-1,
5.294117647059E-1,5.882352941176E-1,6.470588235294E-1,7.058823529412E-1,
7.647058823529E-1,8.235294117647E-1,8.823529411765E-1,9.411764705882E-1,1.E0),
.UNSPECIFIED.);
#4756=CIRCLE('',#4755,3.08E0);
#4777=B_SPLINE_CURVE_WITH_KNOTS('',3,(#4757,#4758,#4759,#4760,#4761,#4762,#4763,
#4764,#4765,#4766,#4767,#4768,#4769,#4770,#4771,#4772,#4773,#4774,#4775,#4776),
.UNSPECIFIED.,.F.,.F.,(4,1,1,1,1,1,1,1,1,1,1,1,1,1,1,1,1,4),(0.E0,
5.882352941176E-2,1.176470588235E-1,1.764705882353E-1,2.352941176471E-1,
2.941176470588E-1,3.529411764706E-1,4.117647058824E-1,4.705882352941E-1,
5.294117647059E-1,5.882352941176E-1,6.470588235294E-1,7.058823529412E-1,
7.647058823529E-1,8.235294117647E-1,8.823529411765E-1,9.411764705882E-1,1.E0),
.UNSPECIFIED.);
#4782=CIRCLE('',#4781,3.08E0);
#4787=CIRCLE('',#4786,3.08E0);
#4792=CIRCLE('',#4791,3.08E0);
#4834=B_SPLINE_CURVE_WITH_KNOTS('',3,(#4793,#4794,#4795,#4796,#4797,#4798,#4799,
#4800,#4801,#4802,#4803,#4804,#4805,#4806,#4807,#4808,#4809,#4810,#4811,#4812,
#4813,#4814,#4815,#4816,#4817,#4818,#4819,#4820,#4821,#4822,#4823,#4824,#4825,
#4826,#4827,#4828,#4829,#4830,#4831,#4832,#4833),.UNSPECIFIED.,.F.,.F.,(4,1,1,1,
1,1,1,1,1,1,1,1,1,1,1,1,1,1,1,1,1,1,1,1,1,1,1,1,1,1,1,1,1,1,1,1,1,1,4),(0.E0,
2.631578947368E-2,5.263157894737E-2,7.894736842105E-2,1.052631578947E-1,
1.315789473684E-1,1.578947368421E-1,1.842105263158E-1,2.105263157895E-1,
2.368421052632E-1,2.631578947368E-1,2.894736842105E-1,3.157894736842E-1,
3.421052631579E-1,3.684210526316E-1,3.947368421053E-1,4.210526315789E-1,
4.473684210526E-1,4.736842105263E-1,5.E-1,5.263157894737E-1,5.526315789474E-1,
5.789473684211E-1,6.052631578947E-1,6.315789473684E-1,6.578947368421E-1,
6.842105263158E-1,7.105263157895E-1,7.368421052632E-1,7.631578947368E-1,
7.894736842105E-1,8.157894736842E-1,8.421052631579E-1,8.684210526316E-1,
8.947368421053E-1,9.210526315789E-1,9.473684210526E-1,9.736842105263E-1,1.E0),
.UNSPECIFIED.);
#4876=B_SPLINE_CURVE_WITH_KNOTS('',3,(#4835,#4836,#4837,#4838,#4839,#4840,#4841,
#4842,#4843,#4844,#4845,#4846,#4847,#4848,#4849,#4850,#4851,#4852,#4853,#4854,
#4855,#4856,#4857,#4858,#4859,#4860,#4861,#4862,#4863,#4864,#4865,#4866,#4867,
#4868,#4869,#4870,#4871,#4872,#4873,#4874,#4875),.UNSPECIFIED.,.F.,.F.,(4,1,1,1,
1,1,1,1,1,1,1,1,1,1,1,1,1,1,1,1,1,1,1,1,1,1,1,1,1,1,1,1,1,1,1,1,1,1,4),(0.E0,
2.631578947368E-2,5.263157894737E-2,7.894736842105E-2,1.052631578947E-1,
1.315789473684E-1,1.578947368421E-1,1.842105263158E-1,2.105263157895E-1,
2.368421052632E-1,2.631578947368E-1,2.894736842105E-1,3.157894736842E-1,
3.421052631579E-1,3.684210526316E-1,3.947368421053E-1,4.210526315789E-1,
4.473684210526E-1,4.736842105263E-1,5.E-1,5.263157894737E-1,5.526315789474E-1,
5.789473684211E-1,6.052631578947E-1,6.315789473684E-1,6.578947368421E-1,
6.842105263158E-1,7.105263157895E-1,7.368421052632E-1,7.631578947368E-1,
7.894736842105E-1,8.157894736842E-1,8.421052631579E-1,8.684210526316E-1,
8.947368421053E-1,9.210526315789E-1,9.473684210526E-1,9.736842105263E-1,1.E0),
.UNSPECIFIED.);
#4881=CIRCLE('',#4880,3.08E0);
#4886=CIRCLE('',#4885,3.08E0);
#4891=CIRCLE('',#4890,3.08E0);
#4896=CIRCLE('',#4895,3.08E0);
#4917=B_SPLINE_CURVE_WITH_KNOTS('',3,(#4897,#4898,#4899,#4900,#4901,#4902,#4903,
#4904,#4905,#4906,#4907,#4908,#4909,#4910,#4911,#4912,#4913,#4914,#4915,#4916),
.UNSPECIFIED.,.F.,.F.,(4,1,1,1,1,1,1,1,1,1,1,1,1,1,1,1,1,4),(0.E0,
5.882352941176E-2,1.176470588235E-1,1.764705882353E-1,2.352941176471E-1,
2.941176470588E-1,3.529411764706E-1,4.117647058824E-1,4.705882352941E-1,
5.294117647059E-1,5.882352941176E-1,6.470588235294E-1,7.058823529412E-1,
7.647058823529E-1,8.235294117647E-1,8.823529411765E-1,9.411764705882E-1,1.E0),
.UNSPECIFIED.);
#4922=CIRCLE('',#4921,3.08E0);
#4943=B_SPLINE_CURVE_WITH_KNOTS('',3,(#4923,#4924,#4925,#4926,#4927,#4928,#4929,
#4930,#4931,#4932,#4933,#4934,#4935,#4936,#4937,#4938,#4939,#4940,#4941,#4942),
.UNSPECIFIED.,.F.,.F.,(4,1,1,1,1,1,1,1,1,1,1,1,1,1,1,1,1,4),(0.E0,
5.882352941176E-2,1.176470588235E-1,1.764705882353E-1,2.352941176471E-1,
2.941176470588E-1,3.529411764706E-1,4.117647058824E-1,4.705882352941E-1,
5.294117647059E-1,5.882352941176E-1,6.470588235294E-1,7.058823529412E-1,
7.647058823529E-1,8.235294117647E-1,8.823529411765E-1,9.411764705882E-1,1.E0),
.UNSPECIFIED.);
#4948=CIRCLE('',#4947,3.08E0);
#4953=CIRCLE('',#4952,3.08E0);
#4958=CIRCLE('',#4957,3.08E0);
#5000=B_SPLINE_CURVE_WITH_KNOTS('',3,(#4959,#4960,#4961,#4962,#4963,#4964,#4965,
#4966,#4967,#4968,#4969,#4970,#4971,#4972,#4973,#4974,#4975,#4976,#4977,#4978,
#4979,#4980,#4981,#4982,#4983,#4984,#4985,#4986,#4987,#4988,#4989,#4990,#4991,
#4992,#4993,#4994,#4995,#4996,#4997,#4998,#4999),.UNSPECIFIED.,.F.,.F.,(4,1,1,1,
1,1,1,1,1,1,1,1,1,1,1,1,1,1,1,1,1,1,1,1,1,1,1,1,1,1,1,1,1,1,1,1,1,1,4),(0.E0,
2.631578947368E-2,5.263157894737E-2,7.894736842105E-2,1.052631578947E-1,
1.315789473684E-1,1.578947368421E-1,1.842105263158E-1,2.105263157895E-1,
2.368421052632E-1,2.631578947368E-1,2.894736842105E-1,3.157894736842E-1,
3.421052631579E-1,3.684210526316E-1,3.947368421053E-1,4.210526315789E-1,
4.473684210526E-1,4.736842105263E-1,5.E-1,5.263157894737E-1,5.526315789474E-1,
5.789473684211E-1,6.052631578947E-1,6.315789473684E-1,6.578947368421E-1,
6.842105263158E-1,7.105263157895E-1,7.368421052632E-1,7.631578947368E-1,
7.894736842105E-1,8.157894736842E-1,8.421052631579E-1,8.684210526316E-1,
8.947368421053E-1,9.210526315789E-1,9.473684210526E-1,9.736842105263E-1,1.E0),
.UNSPECIFIED.);
#5042=B_SPLINE_CURVE_WITH_KNOTS('',3,(#5001,#5002,#5003,#5004,#5005,#5006,#5007,
#5008,#5009,#5010,#5011,#5012,#5013,#5014,#5015,#5016,#5017,#5018,#5019,#5020,
#5021,#5022,#5023,#5024,#5025,#5026,#5027,#5028,#5029,#5030,#5031,#5032,#5033,
#5034,#5035,#5036,#5037,#5038,#5039,#5040,#5041),.UNSPECIFIED.,.F.,.F.,(4,1,1,1,
1,1,1,1,1,1,1,1,1,1,1,1,1,1,1,1,1,1,1,1,1,1,1,1,1,1,1,1,1,1,1,1,1,1,4),(0.E0,
2.631578947368E-2,5.263157894737E-2,7.894736842105E-2,1.052631578947E-1,
1.315789473684E-1,1.578947368421E-1,1.842105263158E-1,2.105263157895E-1,
2.368421052632E-1,2.631578947368E-1,2.894736842105E-1,3.157894736842E-1,
3.421052631579E-1,3.684210526316E-1,3.947368421053E-1,4.210526315789E-1,
4.473684210526E-1,4.736842105263E-1,5.E-1,5.263157894737E-1,5.526315789474E-1,
5.789473684211E-1,6.052631578947E-1,6.315789473684E-1,6.578947368421E-1,
6.842105263158E-1,7.105263157895E-1,7.368421052632E-1,7.631578947368E-1,
7.894736842105E-1,8.157894736842E-1,8.421052631579E-1,8.684210526316E-1,
8.947368421053E-1,9.210526315789E-1,9.473684210526E-1,9.736842105263E-1,1.E0),
.UNSPECIFIED.);
#5047=CIRCLE('',#5046,3.08E0);
#5052=CIRCLE('',#5051,3.08E0);
#5460=EDGE_CURVE('',#5055,#5056,#1399,.T.);
#5462=EDGE_CURVE('',#5056,#5057,#1419,.T.);
#5464=EDGE_CURVE('',#5057,#5059,#1424,.T.);
#5466=EDGE_CURVE('',#5059,#5061,#1429,.T.);
#5468=EDGE_CURVE('',#5061,#5062,#1451,.T.);
#5470=EDGE_CURVE('',#5062,#5055,#1456,.T.);
#5480=EDGE_CURVE('',#5062,#5063,#1478,.T.);
#5482=EDGE_CURVE('',#5063,#5065,#1483,.T.);
#5484=EDGE_CURVE('',#5065,#5067,#1488,.T.);
#5486=EDGE_CURVE('',#5067,#5056,#1501,.T.);
#5498=EDGE_CURVE('',#5070,#5071,#1505,.T.);
#5500=EDGE_CURVE('',#5072,#5071,#3881,.T.);
#5502=EDGE_CURVE('',#5072,#5074,#1509,.T.);
#5504=EDGE_CURVE('',#5075,#5074,#3340,.T.);
#5506=EDGE_CURVE('',#5077,#5075,#3358,.T.);
#5508=EDGE_CURVE('',#5078,#5077,#3385,.T.);
#5510=EDGE_CURVE('',#5079,#5078,#3465,.T.);
#5512=EDGE_CURVE('',#5081,#5079,#3475,.T.);
#5514=EDGE_CURVE('',#5082,#5081,#3502,.T.);
#5516=EDGE_CURVE('',#5083,#5082,#3582,.T.);
#5518=EDGE_CURVE('',#5085,#5083,#3592,.T.);
#5520=EDGE_CURVE('',#5086,#5085,#3619,.T.);
#5522=EDGE_CURVE('',#5087,#5086,#3699,.T.);
#5524=EDGE_CURVE('',#5063,#5087,#3709,.T.);
#5528=EDGE_CURVE('',#5089,#5061,#2820,.T.);
#5530=EDGE_CURVE('',#5090,#5089,#2788,.T.);
#5532=EDGE_CURVE('',#5092,#5090,#1517,.T.);
#5534=EDGE_CURVE('',#5093,#5092,#2746,.T.);
#5536=EDGE_CURVE('',#5095,#5093,#1513,.T.);
#5538=EDGE_CURVE('',#5096,#5095,#2092,.T.);
#5540=EDGE_CURVE('',#5098,#5096,#2040,.T.);
#5542=EDGE_CURVE('',#5099,#5098,#2012,.T.);
#5544=EDGE_CURVE('',#5100,#5099,#1985,.T.);
#5546=EDGE_CURVE('',#5102,#5100,#1923,.T.);
#5548=EDGE_CURVE('',#5103,#5102,#1895,.T.);
#5550=EDGE_CURVE('',#5104,#5103,#1868,.T.);
#5552=EDGE_CURVE('',#5106,#5104,#1806,.T.);
#5554=EDGE_CURVE('',#5107,#5106,#1778,.T.);
#5556=EDGE_CURVE('',#5108,#5107,#1751,.T.);
#5558=EDGE_CURVE('',#5110,#5108,#1689,.T.);
#5560=EDGE_CURVE('',#5111,#5110,#1661,.T.);
#5562=EDGE_CURVE('',#5112,#5111,#1634,.T.);
#5564=EDGE_CURVE('',#5114,#5112,#1572,.T.);
#5566=EDGE_CURVE('',#5070,#5114,#1540,.T.);
#5570=EDGE_CURVE('',#5115,#5116,#4170,.T.);
#5572=EDGE_CURVE('',#5116,#5115,#4212,.T.);
#5576=EDGE_CURVE('',#5117,#5118,#4004,.T.);
#5578=EDGE_CURVE('',#5118,#5117,#4046,.T.);
#5582=EDGE_CURVE('',#5119,#5120,#4502,.T.);
#5584=EDGE_CURVE('',#5120,#5119,#4544,.T.);
#5588=EDGE_CURVE('',#5121,#5122,#4336,.T.);
#5590=EDGE_CURVE('',#5122,#5121,#4378,.T.);
#5600=EDGE_CURVE('',#5123,#5070,#1525,.T.);
#5602=EDGE_CURVE('',#5124,#5123,#2568,.T.);
#5604=EDGE_CURVE('',#5126,#5124,#2506,.T.);
#5606=EDGE_CURVE('',#5127,#5126,#2478,.T.);
#5608=EDGE_CURVE('',#5128,#5127,#2451,.T.);
#5610=EDGE_CURVE('',#5130,#5128,#2389,.T.);
#5612=EDGE_CURVE('',#5131,#5130,#2361,.T.);
#5614=EDGE_CURVE('',#5132,#5131,#2334,.T.);
#5616=EDGE_CURVE('',#5134,#5132,#2272,.T.);
#5618=EDGE_CURVE('',#5135,#5134,#2244,.T.);
#5620=EDGE_CURVE('',#5136,#5135,#2217,.T.);
#5622=EDGE_CURVE('',#5138,#5136,#2155,.T.);
#5624=EDGE_CURVE('',#5139,#5138,#2127,.T.);
#5626=EDGE_CURVE('',#5095,#5139,#2100,.T.);
#5629=EDGE_CURVE('',#5140,#5093,#2721,.T.);
#5631=EDGE_CURVE('',#5141,#5140,#2712,.T.);
#5633=EDGE_CURVE('',#5092,#5141,#2755,.T.);
#5636=EDGE_CURVE('',#5142,#5090,#2773,.T.);
#5638=EDGE_CURVE('',#5143,#5142,#2882,.T.);
#5640=EDGE_CURVE('',#5145,#5143,#2892,.T.);
#5642=EDGE_CURVE('',#5146,#5145,#2919,.T.);
#5644=EDGE_CURVE('',#5147,#5146,#2999,.T.);
#5646=EDGE_CURVE('',#5149,#5147,#3009,.T.);
#5648=EDGE_CURVE('',#5150,#5149,#3036,.T.);
#5650=EDGE_CURVE('',#5151,#5150,#3116,.T.);
#5652=EDGE_CURVE('',#5153,#5151,#3126,.T.);
#5654=EDGE_CURVE('',#5154,#5153,#3153,.T.);
#5656=EDGE_CURVE('',#5155,#5154,#3233,.T.);
#5658=EDGE_CURVE('',#5157,#5155,#3243,.T.);
#5660=EDGE_CURVE('',#5158,#5157,#3270,.T.);
#5662=EDGE_CURVE('',#5074,#5158,#3348,.T.);
#5665=EDGE_CURVE('',#5159,#5072,#3856,.T.);
#5667=EDGE_CURVE('',#5160,#5159,#3827,.T.);
#5669=EDGE_CURVE('',#5071,#5160,#3890,.T.);
#5674=EDGE_CURVE('',#5161,#5162,#4668,.T.);
#5676=EDGE_CURVE('',#5162,#5161,#4710,.T.);
#5680=EDGE_CURVE('',#5163,#5164,#4834,.T.);
#5682=EDGE_CURVE('',#5164,#5163,#4876,.T.);
#5686=EDGE_CURVE('',#5165,#5166,#5000,.T.);
#5688=EDGE_CURVE('',#5166,#5165,#5042,.T.);
#5700=EDGE_CURVE('',#5114,#5168,#1545,.T.);
#5702=EDGE_CURVE('',#5168,#5170,#1550,.T.);
#5704=EDGE_CURVE('',#5170,#5171,#1559,.T.);
#5706=EDGE_CURVE('',#5171,#5172,#1567,.T.);
#5708=EDGE_CURVE('',#5174,#5172,#2516,.T.);
#5710=EDGE_CURVE('',#5123,#5174,#2573,.T.);
#5721=EDGE_CURVE('',#5176,#5112,#1612,.T.);
#5723=EDGE_CURVE('',#5178,#5176,#1607,.T.);
#5725=EDGE_CURVE('',#5178,#5170,#1577,.T.);
#5737=EDGE_CURVE('',#5181,#5182,#1582,.T.);
#5739=EDGE_CURVE('',#5182,#5178,#1602,.T.);
#5744=EDGE_CURVE('',#5111,#5181,#1639,.T.);
#5755=EDGE_CURVE('',#5110,#5184,#1666,.T.);
#5757=EDGE_CURVE('',#5184,#5186,#1671,.T.);
#5759=EDGE_CURVE('',#5186,#5182,#1684,.T.);
#5772=EDGE_CURVE('',#5188,#5108,#1729,.T.);
#5774=EDGE_CURVE('',#5190,#5188,#1724,.T.);
#5776=EDGE_CURVE('',#5190,#5186,#1694,.T.);
#5788=EDGE_CURVE('',#5193,#5194,#1699,.T.);
#5790=EDGE_CURVE('',#5194,#5190,#1719,.T.);
#5795=EDGE_CURVE('',#5107,#5193,#1756,.T.);
#5806=EDGE_CURVE('',#5106,#5196,#1783,.T.);
#5808=EDGE_CURVE('',#5196,#5198,#1788,.T.);
#5810=EDGE_CURVE('',#5198,#5194,#1801,.T.);
#5823=EDGE_CURVE('',#5200,#5104,#1846,.T.);
#5825=EDGE_CURVE('',#5202,#5200,#1841,.T.);
#5827=EDGE_CURVE('',#5202,#5198,#1811,.T.);
#5839=EDGE_CURVE('',#5205,#5206,#1816,.T.);
#5841=EDGE_CURVE('',#5206,#5202,#1836,.T.);
#5846=EDGE_CURVE('',#5103,#5205,#1873,.T.);
#5857=EDGE_CURVE('',#5102,#5208,#1900,.T.);
#5859=EDGE_CURVE('',#5208,#5210,#1905,.T.);
#5861=EDGE_CURVE('',#5210,#5206,#1918,.T.);
#5874=EDGE_CURVE('',#5212,#5100,#1963,.T.);
#5876=EDGE_CURVE('',#5214,#5212,#1958,.T.);
#5878=EDGE_CURVE('',#5214,#5210,#1928,.T.);
#5890=EDGE_CURVE('',#5217,#5218,#1933,.T.);
#5892=EDGE_CURVE('',#5218,#5214,#1953,.T.);
#5897=EDGE_CURVE('',#5099,#5217,#1990,.T.);
#5908=EDGE_CURVE('',#5098,#5220,#2017,.T.);
#5910=EDGE_CURVE('',#5220,#5222,#2022,.T.);
#5912=EDGE_CURVE('',#5222,#5218,#2035,.T.);
#5925=EDGE_CURVE('',#5224,#5096,#2077,.T.);
#5927=EDGE_CURVE('',#5226,#5224,#2072,.T.);
#5929=EDGE_CURVE('',#5226,#5222,#2045,.T.);
#5941=EDGE_CURVE('',#5229,#5230,#2050,.T.);
#5943=EDGE_CURVE('',#5230,#5231,#2058,.T.);
#5945=EDGE_CURVE('',#5231,#5226,#2067,.T.);
#5951=EDGE_CURVE('',#5139,#5229,#2105,.T.);
#5962=EDGE_CURVE('',#5138,#5233,#2132,.T.);
#5964=EDGE_CURVE('',#5233,#5235,#2137,.T.);
#5966=EDGE_CURVE('',#5235,#5230,#2150,.T.);
#5979=EDGE_CURVE('',#5237,#5136,#2195,.T.);
#5981=EDGE_CURVE('',#5239,#5237,#2190,.T.);
#5983=EDGE_CURVE('',#5239,#5235,#2160,.T.);
#5995=EDGE_CURVE('',#5242,#5243,#2165,.T.);
#5997=EDGE_CURVE('',#5243,#5239,#2185,.T.);
#6002=EDGE_CURVE('',#5135,#5242,#2222,.T.);
#6013=EDGE_CURVE('',#5134,#5245,#2249,.T.);
#6015=EDGE_CURVE('',#5245,#5247,#2254,.T.);
#6017=EDGE_CURVE('',#5247,#5243,#2267,.T.);
#6030=EDGE_CURVE('',#5251,#5132,#2312,.T.);
#6032=EDGE_CURVE('',#5250,#5251,#2307,.T.);
#6034=EDGE_CURVE('',#5250,#5247,#2277,.T.);
#6046=EDGE_CURVE('',#5254,#5255,#2282,.T.);
#6048=EDGE_CURVE('',#5255,#5250,#2302,.T.);
#6053=EDGE_CURVE('',#5131,#5254,#2339,.T.);
#6064=EDGE_CURVE('',#5130,#5257,#2366,.T.);
#6066=EDGE_CURVE('',#5257,#5259,#2371,.T.);
#6068=EDGE_CURVE('',#5259,#5255,#2384,.T.);
#6081=EDGE_CURVE('',#5261,#5128,#2429,.T.);
#6083=EDGE_CURVE('',#5263,#5261,#2424,.T.);
#6085=EDGE_CURVE('',#5263,#5259,#2394,.T.);
#6097=EDGE_CURVE('',#5266,#5267,#2399,.T.);
#6099=EDGE_CURVE('',#5267,#5263,#2419,.T.);
#6104=EDGE_CURVE('',#5127,#5266,#2456,.T.);
#6115=EDGE_CURVE('',#5126,#5269,#2483,.T.);
#6117=EDGE_CURVE('',#5269,#5271,#2488,.T.);
#6119=EDGE_CURVE('',#5271,#5267,#2501,.T.);
#6132=EDGE_CURVE('',#5273,#5124,#2546,.T.);
#6134=EDGE_CURVE('',#5275,#5273,#2541,.T.);
#6136=EDGE_CURVE('',#5275,#5271,#2511,.T.);
#6149=EDGE_CURVE('',#5172,#5275,#2536,.T.);
#6163=EDGE_CURVE('',#5171,#5277,#2577,.T.);
#6165=EDGE_CURVE('',#5278,#5277,#3727,.T.);
#6167=EDGE_CURVE('',#5279,#5278,#3785,.T.);
#6169=EDGE_CURVE('',#5280,#5279,#3749,.T.);
#6171=EDGE_CURVE('',#5280,#5282,#2581,.T.);
#6173=EDGE_CURVE('',#5283,#5282,#3306,.T.);
#6175=EDGE_CURVE('',#5284,#5283,#3293,.T.);
#6177=EDGE_CURVE('',#5286,#5284,#3248,.T.);
#6179=EDGE_CURVE('',#5287,#5286,#3201,.T.);
#6181=EDGE_CURVE('',#5288,#5287,#3176,.T.);
#6183=EDGE_CURVE('',#5290,#5288,#3131,.T.);
#6185=EDGE_CURVE('',#5291,#5290,#3084,.T.);
#6187=EDGE_CURVE('',#5292,#5291,#3059,.T.);
#6189=EDGE_CURVE('',#5294,#5292,#3014,.T.);
#6191=EDGE_CURVE('',#5295,#5294,#2967,.T.);
#6193=EDGE_CURVE('',#5296,#5295,#2942,.T.);
#6195=EDGE_CURVE('',#5298,#5296,#2897,.T.);
#6197=EDGE_CURVE('',#5299,#5298,#2850,.T.);
#6199=EDGE_CURVE('',#5300,#5299,#2815,.T.);
#6201=EDGE_CURVE('',#5302,#5300,#2589,.T.);
#6203=EDGE_CURVE('',#5303,#5302,#2607,.T.);
#6205=EDGE_CURVE('',#5304,#5303,#2655,.T.);
#6207=EDGE_CURVE('',#5305,#5304,#2629,.T.);
#6209=EDGE_CURVE('',#5231,#5305,#2585,.T.);
#6227=EDGE_CURVE('',#5306,#5307,#4585,.T.);
#6229=EDGE_CURVE('',#5307,#5306,#4611,.T.);
#6233=EDGE_CURVE('',#5308,#5309,#4751,.T.);
#6235=EDGE_CURVE('',#5309,#5308,#4777,.T.);
#6239=EDGE_CURVE('',#5310,#5311,#4917,.T.);
#6241=EDGE_CURVE('',#5311,#5310,#4943,.T.);
#6267=EDGE_CURVE('',#5302,#5305,#2621,.T.);
#6270=EDGE_CURVE('',#5312,#5300,#2807,.T.);
#6272=EDGE_CURVE('',#5057,#5312,#2825,.T.);
#6276=EDGE_CURVE('',#5314,#5067,#3714,.T.);
#6278=EDGE_CURVE('',#5315,#5314,#3667,.T.);
#6280=EDGE_CURVE('',#5316,#5315,#3642,.T.);
#6282=EDGE_CURVE('',#5318,#5316,#3597,.T.);
#6284=EDGE_CURVE('',#5319,#5318,#3550,.T.);
#6286=EDGE_CURVE('',#5320,#5319,#3525,.T.);
#6288=EDGE_CURVE('',#5322,#5320,#3480,.T.);
#6290=EDGE_CURVE('',#5323,#5322,#3433,.T.);
#6292=EDGE_CURVE('',#5324,#5323,#3408,.T.);
#6294=EDGE_CURVE('',#5326,#5324,#3363,.T.);
#6296=EDGE_CURVE('',#5282,#5326,#3315,.T.);
#6299=EDGE_CURVE('',#5277,#5280,#3741,.T.);
#6304=EDGE_CURVE('',#5327,#5328,#3921,.T.);
#6306=EDGE_CURVE('',#5328,#5327,#3947,.T.);
#6310=EDGE_CURVE('',#5329,#5330,#4087,.T.);
#6312=EDGE_CURVE('',#5330,#5329,#4113,.T.);
#6316=EDGE_CURVE('',#5331,#5332,#4253,.T.);
#6318=EDGE_CURVE('',#5332,#5331,#4279,.T.);
#6322=EDGE_CURVE('',#5333,#5334,#4419,.T.);
#6324=EDGE_CURVE('',#5334,#5333,#4445,.T.);
#6334=EDGE_CURVE('',#5336,#5304,#2634,.T.);
#6336=EDGE_CURVE('',#5336,#5338,#2594,.T.);
#6338=EDGE_CURVE('',#5340,#5338,#2765,.T.);
#6340=EDGE_CURVE('',#5340,#5303,#2599,.T.);
#6356=EDGE_CURVE('',#5342,#5340,#2670,.T.);
#6358=EDGE_CURVE('',#5342,#5336,#2660,.T.);
#6368=EDGE_CURVE('',#5140,#5336,#2665,.T.);
#6372=EDGE_CURVE('',#5141,#5340,#2760,.T.);
#6400=EDGE_CURVE('',#5089,#5344,#2793,.T.);
#6402=EDGE_CURVE('',#5344,#5312,#2798,.T.);
#6406=EDGE_CURVE('',#5346,#5299,#2830,.T.);
#6408=EDGE_CURVE('',#5142,#5346,#2887,.T.);
#6434=EDGE_CURVE('',#5298,#5348,#2855,.T.);
#6436=EDGE_CURVE('',#5348,#5143,#2860,.T.);
#6452=EDGE_CURVE('',#5350,#5296,#2929,.T.);
#6454=EDGE_CURVE('',#5145,#5350,#2924,.T.);
#6468=EDGE_CURVE('',#5352,#5295,#2947,.T.);
#6470=EDGE_CURVE('',#5146,#5352,#3004,.T.);
#6482=EDGE_CURVE('',#5294,#5354,#2972,.T.);
#6484=EDGE_CURVE('',#5354,#5147,#2977,.T.);
#6500=EDGE_CURVE('',#5356,#5292,#3046,.T.);
#6502=EDGE_CURVE('',#5149,#5356,#3041,.T.);
#6516=EDGE_CURVE('',#5358,#5291,#3064,.T.);
#6518=EDGE_CURVE('',#5150,#5358,#3121,.T.);
#6530=EDGE_CURVE('',#5290,#5360,#3089,.T.);
#6532=EDGE_CURVE('',#5360,#5151,#3094,.T.);
#6548=EDGE_CURVE('',#5362,#5288,#3163,.T.);
#6550=EDGE_CURVE('',#5153,#5362,#3158,.T.);
#6564=EDGE_CURVE('',#5364,#5287,#3181,.T.);
#6566=EDGE_CURVE('',#5154,#5364,#3238,.T.);
#6578=EDGE_CURVE('',#5286,#5366,#3206,.T.);
#6580=EDGE_CURVE('',#5366,#5155,#3211,.T.);
#6596=EDGE_CURVE('',#5368,#5284,#3280,.T.);
#6598=EDGE_CURVE('',#5157,#5368,#3275,.T.);
#6612=EDGE_CURVE('',#5370,#5283,#3298,.T.);
#6614=EDGE_CURVE('',#5158,#5370,#3353,.T.);
#6627=EDGE_CURVE('',#5326,#5372,#3320,.T.);
#6629=EDGE_CURVE('',#5372,#5075,#3325,.T.);
#6646=EDGE_CURVE('',#5374,#5324,#3395,.T.);
#6648=EDGE_CURVE('',#5077,#5374,#3390,.T.);
#6662=EDGE_CURVE('',#5376,#5323,#3413,.T.);
#6664=EDGE_CURVE('',#5078,#5376,#3470,.T.);
#6676=EDGE_CURVE('',#5322,#5378,#3438,.T.);
#6678=EDGE_CURVE('',#5378,#5079,#3443,.T.);
#6694=EDGE_CURVE('',#5380,#5320,#3512,.T.);
#6696=EDGE_CURVE('',#5081,#5380,#3507,.T.);
#6710=EDGE_CURVE('',#5382,#5319,#3530,.T.);
#6712=EDGE_CURVE('',#5082,#5382,#3587,.T.);
#6724=EDGE_CURVE('',#5318,#5384,#3555,.T.);
#6726=EDGE_CURVE('',#5384,#5083,#3560,.T.);
#6742=EDGE_CURVE('',#5386,#5316,#3629,.T.);
#6744=EDGE_CURVE('',#5085,#5386,#3624,.T.);
#6758=EDGE_CURVE('',#5388,#5315,#3647,.T.);
#6760=EDGE_CURVE('',#5086,#5388,#3704,.T.);
#6772=EDGE_CURVE('',#5314,#5390,#3672,.T.);
#6774=EDGE_CURVE('',#5390,#5087,#3677,.T.);
#6800=EDGE_CURVE('',#5392,#5278,#3719,.T.);
#6805=EDGE_CURVE('',#5394,#5279,#3764,.T.);
#6807=EDGE_CURVE('',#5396,#5394,#3847,.T.);
#6809=EDGE_CURVE('',#5396,#5392,#3754,.T.);
#6820=EDGE_CURVE('',#5392,#5398,#3759,.T.);
#6822=EDGE_CURVE('',#5394,#5398,#3837,.T.);
#6835=EDGE_CURVE('',#5159,#5394,#3832,.T.);
#6839=EDGE_CURVE('',#5160,#5392,#3842,.T.);
#6864=EDGE_CURVE('',#5400,#5328,#3926,.T.);
#6866=EDGE_CURVE('',#5400,#5402,#3895,.T.);
#6868=EDGE_CURVE('',#5404,#5402,#4056,.T.);
#6870=EDGE_CURVE('',#5404,#5327,#3900,.T.);
#6884=EDGE_CURVE('',#5406,#5404,#3962,.T.);
#6886=EDGE_CURVE('',#5406,#5400,#3952,.T.);
#6896=EDGE_CURVE('',#5118,#5400,#3957,.T.);
#6900=EDGE_CURVE('',#5117,#5404,#4051,.T.);
#6924=EDGE_CURVE('',#5408,#5330,#4092,.T.);
#6926=EDGE_CURVE('',#5408,#5410,#4061,.T.);
#6928=EDGE_CURVE('',#5412,#5410,#4222,.T.);
#6930=EDGE_CURVE('',#5412,#5329,#4066,.T.);
#6944=EDGE_CURVE('',#5414,#5412,#4128,.T.);
#6946=EDGE_CURVE('',#5414,#5408,#4118,.T.);
#6956=EDGE_CURVE('',#5116,#5408,#4123,.T.);
#6960=EDGE_CURVE('',#5115,#5412,#4217,.T.);
#6984=EDGE_CURVE('',#5416,#5332,#4258,.T.);
#6986=EDGE_CURVE('',#5416,#5418,#4227,.T.);
#6988=EDGE_CURVE('',#5420,#5418,#4388,.T.);
#6990=EDGE_CURVE('',#5420,#5331,#4232,.T.);
#7004=EDGE_CURVE('',#5422,#5420,#4294,.T.);
#7006=EDGE_CURVE('',#5422,#5416,#4284,.T.);
#7016=EDGE_CURVE('',#5122,#5416,#4289,.T.);
#7020=EDGE_CURVE('',#5121,#5420,#4383,.T.);
#7044=EDGE_CURVE('',#5424,#5334,#4424,.T.);
#7046=EDGE_CURVE('',#5424,#5426,#4393,.T.);
#7048=EDGE_CURVE('',#5428,#5426,#4554,.T.);
#7050=EDGE_CURVE('',#5428,#5333,#4398,.T.);
#7064=EDGE_CURVE('',#5430,#5428,#4460,.T.);
#7066=EDGE_CURVE('',#5430,#5424,#4450,.T.);
#7076=EDGE_CURVE('',#5120,#5424,#4455,.T.);
#7080=EDGE_CURVE('',#5119,#5428,#4549,.T.);
#7104=EDGE_CURVE('',#5432,#5307,#4590,.T.);
#7106=EDGE_CURVE('',#5432,#5434,#4559,.T.);
#7108=EDGE_CURVE('',#5436,#5434,#4720,.T.);
#7110=EDGE_CURVE('',#5436,#5306,#4564,.T.);
#7124=EDGE_CURVE('',#5438,#5436,#4626,.T.);
#7126=EDGE_CURVE('',#5438,#5432,#4616,.T.);
#7136=EDGE_CURVE('',#5162,#5432,#4621,.T.);
#7140=EDGE_CURVE('',#5161,#5436,#4715,.T.);
#7164=EDGE_CURVE('',#5440,#5309,#4756,.T.);
#7166=EDGE_CURVE('',#5440,#5442,#4725,.T.);
#7168=EDGE_CURVE('',#5444,#5442,#4886,.T.);
#7170=EDGE_CURVE('',#5444,#5308,#4730,.T.);
#7184=EDGE_CURVE('',#5446,#5444,#4792,.T.);
#7186=EDGE_CURVE('',#5446,#5440,#4782,.T.);
#7196=EDGE_CURVE('',#5164,#5440,#4787,.T.);
#7200=EDGE_CURVE('',#5163,#5444,#4881,.T.);
#7224=EDGE_CURVE('',#5448,#5311,#4922,.T.);
#7226=EDGE_CURVE('',#5448,#5450,#4891,.T.);
#7228=EDGE_CURVE('',#5452,#5450,#5052,.T.);
#7230=EDGE_CURVE('',#5452,#5310,#4896,.T.);
#7244=EDGE_CURVE('',#5454,#5452,#4958,.T.);
#7246=EDGE_CURVE('',#5454,#5448,#4948,.T.);
#7256=EDGE_CURVE('',#5166,#5448,#4953,.T.);
#7260=EDGE_CURVE('',#5165,#5452,#5047,.T.);
#7283=(LENGTH_UNIT()NAMED_UNIT(*)SI_UNIT(.MILLI.,.METRE.));
#7285=(NAMED_UNIT(*)PLANE_ANGLE_UNIT()SI_UNIT($,.RADIAN.));
#7288=(NAMED_UNIT(*)SI_UNIT($,.STERADIAN.)SOLID_ANGLE_UNIT());
#7294=AXIS2_PLACEMENT_3D('',#7291,#7292,#7293);
#7295=ADVANCED_BREP_SHAPE_REPRESENTATION('',(#7294,#7280),#7290);
#7299=PRODUCT_DEFINITION('design','',#7298,#1375);
#7300=PRODUCT_DEFINITION_SHAPE('','SHAPE FOR _1_2_3_4000_1-9344.',#7299);
#7301=SHAPE_DEFINITION_REPRESENTATION(#7300,#7295);
#7302=NEXT_ASSEMBLY_USAGE_OCCURRENCE('3','Next assembly relationship',
'_X2_4FDD630167B6_X0__1_2_3_4',#10843,#7299,$);
#7303=PRODUCT_DEFINITION_SHAPE('Placement #3',
'Placement of _1_2_3_4000_1-9344 with respect to NBHXVMZH_ASM_1_ASM',#7302);
#7312=AXIS2_PLACEMENT_3D('',#7309,#7310,#7311);
#7319=CIRCLE('',#7318,4.E-1);
#7324=CIRCLE('',#7323,1.063333333333E1);
#7329=CIRCLE('',#7328,4.E-1);
#7334=CIRCLE('',#7333,1.063333333333E1);
#7339=CIRCLE('',#7338,1.324595008159E1);
#7344=CIRCLE('',#7343,1.324595008159E1);
#7349=CIRCLE('',#7348,1.103333333333E1);
#7354=CIRCLE('',#7353,1.103333333333E1);
#7359=CIRCLE('',#7358,1.353945435119E1);
#7364=CIRCLE('',#7363,4.E-1);
#7377=CIRCLE('',#7376,1.496666666667E1);
#7382=CIRCLE('',#7381,1.496666666667E1);
#7387=CIRCLE('',#7386,1.425404991841E1);
#7392=CIRCLE('',#7391,1.425404991841E1);
#7409=CIRCLE('',#7408,1.496666666667E1);
#7414=CIRCLE('',#7413,1.456376751558E1);
#7427=CIRCLE('',#7426,1.456376751558E1);
#7432=CIRCLE('',#7431,1.466666666667E1);
#7441=CIRCLE('',#7440,1.516666666667E1);
#7450=CIRCLE('',#7449,1.516666666667E1);
#7455=CIRCLE('',#7454,1.466666666667E1);
#7468=CIRCLE('',#7467,1.516666666667E1);
#7473=CIRCLE('',#7472,1.516666666667E1);
#7478=CIRCLE('',#7477,1.425404991841E1);
#7483=CIRCLE('',#7482,1.425404991841E1);
#7488=CIRCLE('',#7487,1.410729778361E1);
#7493=CIRCLE('',#7492,2.E-1);
#7506=CIRCLE('',#7505,1.339270221639E1);
#7511=CIRCLE('',#7510,2.E-1);
#7516=CIRCLE('',#7515,2.E-1);
#7521=CIRCLE('',#7520,1.339270221639E1);
#7526=CIRCLE('',#7525,1.324595008159E1);
#7531=CIRCLE('',#7530,1.324595008159E1);
#7536=CIRCLE('',#7535,1.103333333333E1);
#7541=CIRCLE('',#7540,1.103333333333E1);
#7546=CIRCLE('',#7545,2.E-1);
#7551=CIRCLE('',#7550,1.083333333333E1);
#7556=CIRCLE('',#7555,2.E-1);
#7561=CIRCLE('',#7560,1.083333333333E1);
#7574=CIRCLE('',#7573,1.083333333333E1);
#7579=CIRCLE('',#7578,1.083333333333E1);
#7584=CIRCLE('',#7583,1.063333333333E1);
#7589=CIRCLE('',#7588,1.063333333333E1);
#7602=CIRCLE('',#7601,2.E-1);
#7607=CIRCLE('',#7606,1.410729778361E1);
#7616=CIRCLE('',#7615,1.496666666667E1);
#7621=CIRCLE('',#7620,4.E-1);
#7626=CIRCLE('',#7625,1.353945435119E1);
#7708=EDGE_CURVE('',#7629,#7630,#7319,.T.);
#7710=EDGE_CURVE('',#7630,#7632,#7324,.T.);
#7712=EDGE_CURVE('',#7634,#7632,#7329,.T.);
#7714=EDGE_CURVE('',#7629,#7634,#7354,.T.);
#7724=EDGE_CURVE('',#7634,#7629,#7349,.T.);
#7727=EDGE_CURVE('',#7632,#7630,#7334,.T.);
#7738=EDGE_CURVE('',#7637,#7638,#7339,.T.);
#7740=EDGE_CURVE('',#7638,#7637,#7344,.T.);
#7754=EDGE_CURVE('',#7641,#7642,#7359,.T.);
#7756=EDGE_CURVE('',#7642,#7638,#7364,.T.);
#7759=EDGE_CURVE('',#7641,#7637,#7621,.T.);
#7770=EDGE_CURVE('',#7641,#7644,#7368,.T.);
#7772=EDGE_CURVE('',#7646,#7644,#7392,.T.);
#7774=EDGE_CURVE('',#7642,#7646,#7372,.T.);
#7785=EDGE_CURVE('',#7644,#7646,#7387,.T.);
#7788=EDGE_CURVE('',#7642,#7641,#7626,.T.);
#7798=EDGE_CURVE('',#7649,#7650,#7377,.T.);
#7800=EDGE_CURVE('',#7650,#7649,#7382,.T.);
#7814=EDGE_CURVE('',#7649,#7652,#7396,.T.);
#7816=EDGE_CURVE('',#7654,#7652,#7616,.T.);
#7818=EDGE_CURVE('',#7650,#7654,#7400,.T.);
#7831=EDGE_CURVE('',#7652,#7654,#7409,.T.);
#7842=EDGE_CURVE('',#7657,#7658,#7414,.T.);
#7844=EDGE_CURVE('',#7657,#7652,#7404,.T.);
#7847=EDGE_CURVE('',#7658,#7654,#7611,.T.);
#7858=EDGE_CURVE('',#7658,#7660,#7418,.T.);
#7860=EDGE_CURVE('',#7662,#7660,#7455,.T.);
#7862=EDGE_CURVE('',#7657,#7662,#7422,.T.);
#7873=EDGE_CURVE('',#7660,#7662,#7432,.T.);
#7876=EDGE_CURVE('',#7658,#7657,#7427,.T.);
#7887=EDGE_CURVE('',#7662,#7664,#7436,.T.);
#7889=EDGE_CURVE('',#7664,#7666,#7441,.T.);
#7891=EDGE_CURVE('',#7660,#7666,#7445,.T.);
#7902=EDGE_CURVE('',#7666,#7664,#7450,.T.);
#7914=EDGE_CURVE('',#7668,#7664,#7459,.T.);
#7917=EDGE_CURVE('',#7670,#7666,#7463,.T.);
#7919=EDGE_CURVE('',#7668,#7670,#7473,.T.);
#7929=EDGE_CURVE('',#7670,#7668,#7468,.T.);
#7946=EDGE_CURVE('',#7673,#7674,#7478,.T.);
#7948=EDGE_CURVE('',#7674,#7673,#7483,.T.);
#7958=EDGE_CURVE('',#7677,#7678,#7488,.T.);
#7960=EDGE_CURVE('',#7678,#7674,#7493,.T.);
#7963=EDGE_CURVE('',#7677,#7673,#7602,.T.);
#7973=EDGE_CURVE('',#7680,#7678,#7497,.T.);
#7976=EDGE_CURVE('',#7682,#7677,#7501,.T.);
#7978=EDGE_CURVE('',#7680,#7682,#7521,.T.);
#7988=EDGE_CURVE('',#7682,#7680,#7506,.T.);
#7991=EDGE_CURVE('',#7678,#7677,#7607,.T.);
#8003=EDGE_CURVE('',#7680,#7684,#7511,.T.);
#8005=EDGE_CURVE('',#7686,#7684,#7531,.T.);
#8007=EDGE_CURVE('',#7682,#7686,#7516,.T.);
#8018=EDGE_CURVE('',#7684,#7686,#7526,.T.);
#8034=EDGE_CURVE('',#7689,#7690,#7536,.T.);
#8036=EDGE_CURVE('',#7690,#7689,#7541,.T.);
#8046=EDGE_CURVE('',#7689,#7692,#7546,.T.);
#8048=EDGE_CURVE('',#7692,#7694,#7551,.T.);
#8050=EDGE_CURVE('',#7690,#7694,#7556,.T.);
#8063=EDGE_CURVE('',#7694,#7692,#7561,.T.);
#8074=EDGE_CURVE('',#7696,#7692,#7565,.T.);
#8077=EDGE_CURVE('',#7698,#7694,#7569,.T.);
#8079=EDGE_CURVE('',#7696,#7698,#7579,.T.);
#8089=EDGE_CURVE('',#7698,#7696,#7574,.T.);
#8106=EDGE_CURVE('',#7701,#7702,#7584,.T.);
#8108=EDGE_CURVE('',#7702,#7701,#7589,.T.);
#8118=EDGE_CURVE('',#7701,#7630,#7593,.T.);
#8121=EDGE_CURVE('',#7702,#7632,#7597,.T.);
#8179=(LENGTH_UNIT()NAMED_UNIT(*)SI_UNIT(.MILLI.,.METRE.));
#8181=(NAMED_UNIT(*)PLANE_ANGLE_UNIT()SI_UNIT($,.RADIAN.));
#8184=(NAMED_UNIT(*)SI_UNIT($,.STERADIAN.)SOLID_ANGLE_UNIT());
#8190=AXIS2_PLACEMENT_3D('',#8187,#8188,#8189);
#8191=ADVANCED_BREP_SHAPE_REPRESENTATION('',(#8190,#8176),#8186);
#8196=PRODUCT_DEFINITION('design','',#8195,#8192);
#8197=PRODUCT_DEFINITION_SHAPE('','SHAPE FOR _1_2_3_4000_1-10724.',#8196);
#8198=SHAPE_DEFINITION_REPRESENTATION(#8197,#8191);
#8199=NEXT_ASSEMBLY_USAGE_OCCURRENCE('4','Next assembly relationship',
'_X2_96325C1876D6_X0__1_2_3_4',#10843,#8196,$);
#8200=PRODUCT_DEFINITION_SHAPE('Placement #4',
'Placement of _1_2_3_4000_1-10724 with respect to NBHXVMZH_ASM_1_ASM',#8199);
#8209=AXIS2_PLACEMENT_3D('',#8206,#8207,#8208);
#8216=CIRCLE('',#8215,3.08E0);
#8221=CIRCLE('',#8220,3.08E0);
#8226=CIRCLE('',#8225,3.08E0);
#8231=CIRCLE('',#8230,3.08E0);
#8236=CIRCLE('',#8235,3.08E0);
#8241=CIRCLE('',#8240,3.08E0);
#8246=CIRCLE('',#8245,3.08E0);
#8251=CIRCLE('',#8250,3.08E0);
#8269=EDGE_CURVE('',#8254,#8255,#8216,.T.);
#8271=EDGE_CURVE('',#8255,#8257,#8221,.T.);
#8273=EDGE_CURVE('',#8259,#8257,#8251,.T.);
#8275=EDGE_CURVE('',#8254,#8259,#8226,.T.);
#8286=EDGE_CURVE('',#8261,#8259,#8241,.T.);
#8288=EDGE_CURVE('',#8261,#8255,#8231,.T.);
#8299=EDGE_CURVE('',#8259,#8263,#8236,.T.);
#8301=EDGE_CURVE('',#8255,#8263,#8246,.T.);
#8324=(LENGTH_UNIT()NAMED_UNIT(*)SI_UNIT(.MILLI.,.METRE.));
#8326=(NAMED_UNIT(*)PLANE_ANGLE_UNIT()SI_UNIT($,.RADIAN.));
#8329=(NAMED_UNIT(*)SI_UNIT($,.STERADIAN.)SOLID_ANGLE_UNIT());
#8335=AXIS2_PLACEMENT_3D('',#8332,#8333,#8334);
#8336=ADVANCED_BREP_SHAPE_REPRESENTATION('',(#8335,#8321),#8331);
#8340=PRODUCT_DEFINITION('design','',#8339,#8192);
#8341=PRODUCT_DEFINITION_SHAPE('','SHAPE FOR _4__1_2_3_4000_1.',#8340);
#8342=SHAPE_DEFINITION_REPRESENTATION(#8341,#8336);
#8343=NEXT_ASSEMBLY_USAGE_OCCURRENCE('5','Next assembly relationship',
'_X2_6EDA52A84F53_X0__4__1_2_3_4',#10843,#8340,$);
#8344=PRODUCT_DEFINITION_SHAPE('Placement #5',
'Placement of _4__1_2_3_4000_1 with respect to NBHXVMZH_ASM_1_ASM',#8343);
#8353=AXIS2_PLACEMENT_3D('',#8350,#8351,#8352);
#8360=CIRCLE('',#8359,3.08E0);
#8365=CIRCLE('',#8364,3.08E0);
#8370=CIRCLE('',#8369,3.08E0);
#8375=CIRCLE('',#8374,3.08E0);
#8380=CIRCLE('',#8379,3.08E0);
#8385=CIRCLE('',#8384,3.08E0);
#8390=CIRCLE('',#8389,3.08E0);
#8395=CIRCLE('',#8394,3.08E0);
#8413=EDGE_CURVE('',#8398,#8399,#8360,.T.);
#8415=EDGE_CURVE('',#8399,#8401,#8365,.T.);
#8417=EDGE_CURVE('',#8403,#8401,#8395,.T.);
#8419=EDGE_CURVE('',#8398,#8403,#8370,.T.);
#8430=EDGE_CURVE('',#8405,#8403,#8385,.T.);
#8432=EDGE_CURVE('',#8405,#8399,#8375,.T.);
#8443=EDGE_CURVE('',#8403,#8407,#8380,.T.);
#8445=EDGE_CURVE('',#8399,#8407,#8390,.T.);
#8468=(LENGTH_UNIT()NAMED_UNIT(*)SI_UNIT(.MILLI.,.METRE.));
#8470=(NAMED_UNIT(*)PLANE_ANGLE_UNIT()SI_UNIT($,.RADIAN.));
#8473=(NAMED_UNIT(*)SI_UNIT($,.STERADIAN.)SOLID_ANGLE_UNIT());
#8479=AXIS2_PLACEMENT_3D('',#8476,#8477,#8478);
#8480=ADVANCED_BREP_SHAPE_REPRESENTATION('',(#8479,#8465),#8475);
#8485=PRODUCT_DEFINITION('design','',#8484,#8481);
#8486=PRODUCT_DEFINITION_SHAPE('','SHAPE FOR _3__1_2_3_4000_1.',#8485);
#8487=SHAPE_DEFINITION_REPRESENTATION(#8486,#8480);
#8488=NEXT_ASSEMBLY_USAGE_OCCURRENCE('6','Next assembly relationship',
'_X2_6EDA52A84F53_X0__3__1_2_3_4',#10843,#8485,$);
#8489=PRODUCT_DEFINITION_SHAPE('Placement #6',
'Placement of _3__1_2_3_4000_1 with respect to NBHXVMZH_ASM_1_ASM',#8488);
#8498=AXIS2_PLACEMENT_3D('',#8495,#8496,#8497);
#8505=CIRCLE('',#8504,3.08E0);
#8510=CIRCLE('',#8509,3.08E0);
#8515=CIRCLE('',#8514,3.08E0);
#8520=CIRCLE('',#8519,3.08E0);
#8525=CIRCLE('',#8524,3.08E0);
#8530=CIRCLE('',#8529,3.08E0);
#8535=CIRCLE('',#8534,3.08E0);
#8540=CIRCLE('',#8539,3.08E0);
#8558=EDGE_CURVE('',#8543,#8544,#8505,.T.);
#8560=EDGE_CURVE('',#8544,#8546,#8510,.T.);
#8562=EDGE_CURVE('',#8548,#8546,#8540,.T.);
#8564=EDGE_CURVE('',#8543,#8548,#8515,.T.);
#8575=EDGE_CURVE('',#8550,#8548,#8530,.T.);
#8577=EDGE_CURVE('',#8550,#8544,#8520,.T.);
#8588=EDGE_CURVE('',#8548,#8552,#8525,.T.);
#8590=EDGE_CURVE('',#8544,#8552,#8535,.T.);
#8613=(LENGTH_UNIT()NAMED_UNIT(*)SI_UNIT(.MILLI.,.METRE.));
#8615=(NAMED_UNIT(*)PLANE_ANGLE_UNIT()SI_UNIT($,.RADIAN.));
#8618=(NAMED_UNIT(*)SI_UNIT($,.STERADIAN.)SOLID_ANGLE_UNIT());
#8624=AXIS2_PLACEMENT_3D('',#8621,#8622,#8623);
#8625=ADVANCED_BREP_SHAPE_REPRESENTATION('',(#8624,#8610),#8620);
#8629=PRODUCT_DEFINITION('design','',#8628,#8481);
#8630=PRODUCT_DEFINITION_SHAPE('','SHAPE FOR _1__1_2_3_4000_1.',#8629);
#8631=SHAPE_DEFINITION_REPRESENTATION(#8630,#8625);
#8632=NEXT_ASSEMBLY_USAGE_OCCURRENCE('7','Next assembly relationship',
'_X2_6EDA52A84F53_X0__1__1_2_3_4',#10843,#8629,$);
#8633=PRODUCT_DEFINITION_SHAPE('Placement #7',
'Placement of _1__1_2_3_4000_1 with respect to NBHXVMZH_ASM_1_ASM',#8632);
#8642=AXIS2_PLACEMENT_3D('',#8639,#8640,#8641);
#8657=CIRCLE('',#8656,1.083333333333E1);
#8662=CIRCLE('',#8661,1.083333333333E1);
#8667=CIRCLE('',#8666,9.833333333333E0);
#8672=CIRCLE('',#8671,9.833333333333E0);
#8681=CIRCLE('',#8680,9.833333333332E0);
#8690=CIRCLE('',#8689,1.033333333333E1);
#8699=CIRCLE('',#8698,1.033333333333E1);
#8704=CIRCLE('',#8703,9.833333333332E0);
#8717=CIRCLE('',#8716,1.033333333333E1);
#8722=CIRCLE('',#8721,1.033333333333E1);
#8727=CIRCLE('',#8726,8.1E0);
#8732=CIRCLE('',#8731,8.1E0);
#8737=CIRCLE('',#8736,7.5E0);
#8742=CIRCLE('',#8741,6.E-1);
#8755=CIRCLE('',#8754,6.E-1);
#8760=CIRCLE('',#8759,7.5E0);
#8765=CIRCLE('',#8764,6.E-1);
#8770=CIRCLE('',#8769,7.5E0);
#8775=CIRCLE('',#8774,6.E-1);
#8780=CIRCLE('',#8779,7.5E0);
#8785=CIRCLE('',#8784,1.033333333333E1);
#8790=CIRCLE('',#8789,1.033333333333E1);
#8795=CIRCLE('',#8794,8.1E0);
#8800=CIRCLE('',#8799,8.1E0);
#8809=CIRCLE('',#8808,9.833333333332E0);
#8818=CIRCLE('',#8817,1.033333333333E1);
#8827=CIRCLE('',#8826,1.083333333333E1);
#8832=CIRCLE('',#8831,1.083333333333E1);
#8837=CIRCLE('',#8836,9.833333333333E0);
#8842=CIRCLE('',#8841,9.833333333333E0);
#8851=CIRCLE('',#8850,1.083333333333E1);
#8856=CIRCLE('',#8855,3.08E0);
#8861=CIRCLE('',#8860,1.083333333333E1);
#8866=CIRCLE('',#8865,3.08E0);
#8875=CIRCLE('',#8874,9.42E0);
#8880=CIRCLE('',#8879,3.08E0);
#8885=CIRCLE('',#8884,1.083333333333E1);
#8890=CIRCLE('',#8889,9.42E0);
#8895=CIRCLE('',#8894,3.08E0);
#8900=CIRCLE('',#8899,1.083333333333E1);
#8913=CIRCLE('',#8912,1.033333333333E1);
#8918=CIRCLE('',#8917,9.833333333332E0);
#9000=EDGE_CURVE('',#8929,#8930,#8648,.T.);
#9002=EDGE_CURVE('',#8932,#8930,#8885,.T.);
#9004=EDGE_CURVE('',#8934,#8932,#8652,.T.);
#9006=EDGE_CURVE('',#8929,#8934,#8662,.T.);
#9016=EDGE_CURVE('',#8934,#8929,#8657,.T.);
#9019=EDGE_CURVE('',#8930,#8932,#8900,.T.);
#9034=EDGE_CURVE('',#8937,#8938,#8667,.T.);
#9036=EDGE_CURVE('',#8938,#8937,#8672,.T.);
#9046=EDGE_CURVE('',#8941,#8942,#8681,.T.);
#9048=EDGE_CURVE('',#8941,#8938,#8676,.T.);
#9051=EDGE_CURVE('',#8942,#8937,#8926,.T.);
#9062=EDGE_CURVE('',#8942,#8944,#8685,.T.);
#9064=EDGE_CURVE('',#8944,#8946,#8690,.T.);
#9066=EDGE_CURVE('',#8941,#8946,#8694,.T.);
#9077=EDGE_CURVE('',#8946,#8944,#8699,.T.);
#9080=EDGE_CURVE('',#8942,#8941,#8704,.T.);
#9090=EDGE_CURVE('',#8948,#8944,#8708,.T.);
#9093=EDGE_CURVE('',#8950,#8946,#8712,.T.);
#9095=EDGE_CURVE('',#8948,#8950,#8722,.T.);
#9105=EDGE_CURVE('',#8950,#8948,#8717,.T.);
#9122=EDGE_CURVE('',#8953,#8954,#8727,.T.);
#9124=EDGE_CURVE('',#8954,#8953,#8732,.T.);
#9134=EDGE_CURVE('',#8957,#8958,#8737,.T.);
#9136=EDGE_CURVE('',#8958,#8954,#8742,.T.);
#9139=EDGE_CURVE('',#8957,#8953,#8755,.T.);
#9149=EDGE_CURVE('',#8957,#8960,#8746,.T.);
#9151=EDGE_CURVE('',#8962,#8960,#8780,.T.);
#9153=EDGE_CURVE('',#8958,#8962,#8750,.T.);
#9164=EDGE_CURVE('',#8958,#8957,#8760,.T.);
#9167=EDGE_CURVE('',#8960,#8962,#8770,.T.);
#9190=EDGE_CURVE('',#8964,#8960,#8765,.T.);
#9193=EDGE_CURVE('',#8966,#8962,#8775,.T.);
#9195=EDGE_CURVE('',#8964,#8966,#8800,.T.);
#9205=EDGE_CURVE('',#8966,#8964,#8795,.T.);
#9218=EDGE_CURVE('',#8969,#8970,#8785,.T.);
#9220=EDGE_CURVE('',#8970,#8969,#8790,.T.);
#9234=EDGE_CURVE('',#8973,#8974,#8818,.T.);
#9236=EDGE_CURVE('',#8973,#8970,#8804,.T.);
#9239=EDGE_CURVE('',#8974,#8969,#8922,.T.);
#9249=EDGE_CURVE('',#8977,#8978,#8809,.T.);
#9251=EDGE_CURVE('',#8978,#8973,#8813,.T.);
#9254=EDGE_CURVE('',#8977,#8974,#8908,.T.);
#9264=EDGE_CURVE('',#8981,#8982,#8837,.T.);
#9266=EDGE_CURVE('',#8981,#8978,#8822,.T.);
#9269=EDGE_CURVE('',#8982,#8977,#8904,.T.);
#9279=EDGE_CURVE('',#8985,#8986,#8827,.T.);
#9281=EDGE_CURVE('',#8986,#8985,#8832,.T.);
#9286=EDGE_CURVE('',#8982,#8981,#8842,.T.);
#9296=EDGE_CURVE('',#8989,#8990,#8851,.T.);
#9298=EDGE_CURVE('',#8989,#8986,#8846,.T.);
#9301=EDGE_CURVE('',#8990,#8985,#8870,.T.);
#9311=EDGE_CURVE('',#8989,#8992,#8866,.T.);
#9314=EDGE_CURVE('',#8990,#8994,#8856,.T.);
#9316=EDGE_CURVE('',#8992,#8994,#8890,.T.);
#9327=EDGE_CURVE('',#8990,#8989,#8861,.T.);
#9330=EDGE_CURVE('',#8994,#8992,#8875,.T.);
#9353=EDGE_CURVE('',#8992,#8932,#8880,.T.);
#9356=EDGE_CURVE('',#8994,#8930,#8895,.T.);
#9379=EDGE_CURVE('',#8978,#8977,#8918,.T.);
#9392=EDGE_CURVE('',#8974,#8973,#8913,.T.);
#9427=(LENGTH_UNIT()NAMED_UNIT(*)SI_UNIT(.MILLI.,.METRE.));
#9429=(NAMED_UNIT(*)PLANE_ANGLE_UNIT()SI_UNIT($,.RADIAN.));
#9432=(NAMED_UNIT(*)SI_UNIT($,.STERADIAN.)SOLID_ANGLE_UNIT());
#9438=AXIS2_PLACEMENT_3D('',#9435,#9436,#9437);
#9439=ADVANCED_BREP_SHAPE_REPRESENTATION('',(#9438,#9424),#9434);
#9444=PRODUCT_DEFINITION('design','',#9443,#9440);
#9445=PRODUCT_DEFINITION_SHAPE('','SHAPE FOR _1_2_3_400_1-12738.',#9444);
#9446=SHAPE_DEFINITION_REPRESENTATION(#9445,#9439);
#9447=NEXT_ASSEMBLY_USAGE_OCCURRENCE('8','Next assembly relationship',
'_X2_51855708_X0__1_2_3_4',#10843,#9444,$);
#9448=PRODUCT_DEFINITION_SHAPE('Placement #8',
'Placement of _1_2_3_400_1-12738 with respect to NBHXVMZH_ASM_1_ASM',#9447);
#9457=AXIS2_PLACEMENT_3D('',#9454,#9455,#9456);
#9464=CIRCLE('',#9463,3.08E0);
#9469=CIRCLE('',#9468,3.08E0);
#9474=CIRCLE('',#9473,3.08E0);
#9479=CIRCLE('',#9478,3.08E0);
#9484=CIRCLE('',#9483,3.08E0);
#9489=CIRCLE('',#9488,3.08E0);
#9494=CIRCLE('',#9493,3.08E0);
#9499=CIRCLE('',#9498,3.08E0);
#9517=EDGE_CURVE('',#9502,#9503,#9464,.T.);
#9519=EDGE_CURVE('',#9503,#9505,#9469,.T.);
#9521=EDGE_CURVE('',#9507,#9505,#9499,.T.);
#9523=EDGE_CURVE('',#9502,#9507,#9474,.T.);
#9534=EDGE_CURVE('',#9509,#9507,#9489,.T.);
#9536=EDGE_CURVE('',#9509,#9503,#9479,.T.);
#9547=EDGE_CURVE('',#9507,#9511,#9484,.T.);
#9549=EDGE_CURVE('',#9503,#9511,#9494,.T.);
#9572=(LENGTH_UNIT()NAMED_UNIT(*)SI_UNIT(.MILLI.,.METRE.));
#9574=(NAMED_UNIT(*)PLANE_ANGLE_UNIT()SI_UNIT($,.RADIAN.));
#9577=(NAMED_UNIT(*)SI_UNIT($,.STERADIAN.)SOLID_ANGLE_UNIT());
#9583=AXIS2_PLACEMENT_3D('',#9580,#9581,#9582);
#9584=ADVANCED_BREP_SHAPE_REPRESENTATION('',(#9583,#9569),#9579);
#9588=PRODUCT_DEFINITION('design','',#9587,#9440);
#9589=PRODUCT_DEFINITION_SHAPE('','SHAPE FOR _2__1_2_3_4000_1.',#9588);
#9590=SHAPE_DEFINITION_REPRESENTATION(#9589,#9584);
#9591=NEXT_ASSEMBLY_USAGE_OCCURRENCE('9','Next assembly relationship',
'_X2_6EDA52A84F53_X0__2__1_2_3_4',#10843,#9588,$);
#9592=PRODUCT_DEFINITION_SHAPE('Placement #9',
'Placement of _2__1_2_3_4000_1 with respect to NBHXVMZH_ASM_1_ASM',#9591);
#9601=AXIS2_PLACEMENT_3D('',#9598,#9599,#9600);
#9608=CIRCLE('',#9607,6.E-1);
#9613=CIRCLE('',#9612,1.75E1);
#9618=CIRCLE('',#9617,1.69E1);
#9623=CIRCLE('',#9622,1.69E1);
#9628=CIRCLE('',#9627,1.466666666667E1);
#9633=CIRCLE('',#9632,1.466666666667E1);
#9638=CIRCLE('',#9637,6.E-1);
#9643=CIRCLE('',#9642,1.75E1);
#9656=CIRCLE('',#9655,1.75E1);
#9661=CIRCLE('',#9660,6.E-1);
#9666=CIRCLE('',#9665,6.E-1);
#9671=CIRCLE('',#9670,1.75E1);
#9676=CIRCLE('',#9675,1.69E1);
#9681=CIRCLE('',#9680,1.69E1);
#9686=CIRCLE('',#9685,1.466666666667E1);
#9691=CIRCLE('',#9690,1.466666666667E1);
#9704=CIRCLE('',#9703,1.466666666667E1);
#9713=CIRCLE('',#9712,1.516666666667E1);
#9722=CIRCLE('',#9721,1.516666666667E1);
#9727=CIRCLE('',#9726,1.466666666667E1);
#9740=CIRCLE('',#9739,1.516666666667E1);
#9745=CIRCLE('',#9744,1.516666666667E1);
#9750=CIRCLE('',#9749,1.416666666667E1);
#9755=CIRCLE('',#9754,1.416666666667E1);
#9768=CIRCLE('',#9767,1.416666666667E1);
#9773=CIRCLE('',#9772,3.08E0);
#9778=CIRCLE('',#9777,3.08E0);
#9783=CIRCLE('',#9782,1.416666666667E1);
#9792=CIRCLE('',#9791,1.516666666667E1);
#9797=CIRCLE('',#9796,1.516666666667E1);
#9802=CIRCLE('',#9801,1.416666666667E1);
#9807=CIRCLE('',#9806,1.416666666667E1);
#9820=CIRCLE('',#9819,1.466666666667E1);
#9829=CIRCLE('',#9828,1.516666666667E1);
#9846=CIRCLE('',#9845,1.516666666667E1);
#9851=CIRCLE('',#9850,1.466666666667E1);
#9860=CIRCLE('',#9859,3.08E0);
#9865=CIRCLE('',#9864,1.416666666667E1);
#9870=CIRCLE('',#9869,1.416666666667E1);
#9875=CIRCLE('',#9874,3.08E0);
#9949=EDGE_CURVE('',#9878,#9879,#9618,.T.);
#9951=EDGE_CURVE('',#9878,#9881,#9608,.T.);
#9953=EDGE_CURVE('',#9881,#9883,#9613,.T.);
#9955=EDGE_CURVE('',#9879,#9883,#9638,.T.);
#9966=EDGE_CURVE('',#9879,#9878,#9623,.T.);
#9970=EDGE_CURVE('',#9886,#9887,#9628,.T.);
#9972=EDGE_CURVE('',#9887,#9886,#9633,.T.);
#9983=EDGE_CURVE('',#9883,#9881,#9643,.T.);
#9995=EDGE_CURVE('',#9883,#9889,#9647,.T.);
#9997=EDGE_CURVE('',#9891,#9889,#9671,.T.);
#9999=EDGE_CURVE('',#9881,#9891,#9651,.T.);
#10012=EDGE_CURVE('',#9889,#9891,#9656,.T.);
#10024=EDGE_CURVE('',#9891,#9893,#9661,.T.);
#10026=EDGE_CURVE('',#9895,#9893,#9676,.T.);
#10028=EDGE_CURVE('',#9889,#9895,#9666,.T.);
#10039=EDGE_CURVE('',#9893,#9895,#9681,.T.);
#10055=EDGE_CURVE('',#9898,#9899,#9686,.T.);
#10057=EDGE_CURVE('',#9899,#9898,#9691,.T.);
#10067=EDGE_CURVE('',#9901,#9899,#9695,.T.);
#10070=EDGE_CURVE('',#9903,#9898,#9699,.T.);
#10072=EDGE_CURVE('',#9901,#9903,#9727,.T.);
#10082=EDGE_CURVE('',#9903,#9901,#9704,.T.);
#10096=EDGE_CURVE('',#9901,#9905,#9708,.T.);
#10098=EDGE_CURVE('',#9905,#9907,#9713,.T.);
#10100=EDGE_CURVE('',#9903,#9907,#9717,.T.);
#10111=EDGE_CURVE('',#9907,#9905,#9722,.T.);
#10123=EDGE_CURVE('',#9909,#9905,#9731,.T.);
#10126=EDGE_CURVE('',#9911,#9907,#9735,.T.);
#10128=EDGE_CURVE('',#9909,#9911,#9740,.T.);
#10138=EDGE_CURVE('',#9911,#9909,#9745,.T.);
#10155=EDGE_CURVE('',#9914,#9915,#9750,.T.);
#10157=EDGE_CURVE('',#9915,#9914,#9755,.T.);
#10167=EDGE_CURVE('',#9917,#9915,#9759,.T.);
#10170=EDGE_CURVE('',#9919,#9914,#9763,.T.);
#10172=EDGE_CURVE('',#9917,#9919,#9865,.T.);
#10182=EDGE_CURVE('',#9919,#9917,#9783,.T.);
#10195=EDGE_CURVE('',#9922,#9923,#9768,.T.);
#10197=EDGE_CURVE('',#9923,#9925,#9773,.T.);
#10199=EDGE_CURVE('',#9925,#9919,#9778,.T.);
#10202=EDGE_CURVE('',#9927,#9917,#9860,.T.);
#10204=EDGE_CURVE('',#9922,#9927,#9875,.T.);
#10214=EDGE_CURVE('',#9930,#9931,#9807,.T.);
#10216=EDGE_CURVE('',#9930,#9923,#9787,.T.);
#10219=EDGE_CURVE('',#9931,#9922,#9855,.T.);
#10229=EDGE_CURVE('',#9934,#9935,#9792,.T.);
#10231=EDGE_CURVE('',#9935,#9934,#9797,.T.);
#10235=EDGE_CURVE('',#9931,#9930,#9802,.T.);
#10246=EDGE_CURVE('',#9937,#9935,#9811,.T.);
#10249=EDGE_CURVE('',#9939,#9934,#9815,.T.);
#10251=EDGE_CURVE('',#9937,#9939,#9846,.T.);
#10261=EDGE_CURVE('',#9939,#9937,#9829,.T.);
#10274=EDGE_CURVE('',#9942,#9943,#9820,.T.);
#10276=EDGE_CURVE('',#9943,#9939,#9824,.T.);
#10279=EDGE_CURVE('',#9942,#9937,#9841,.T.);
#10290=EDGE_CURVE('',#9887,#9943,#9833,.T.);
#10293=EDGE_CURVE('',#9886,#9942,#9837,.T.);
#10304=EDGE_CURVE('',#9943,#9942,#9851,.T.);
#10329=EDGE_CURVE('',#9923,#9922,#9870,.T.);
#10354=(LENGTH_UNIT()NAMED_UNIT(*)SI_UNIT(.MILLI.,.METRE.));
#10356=(NAMED_UNIT(*)PLANE_ANGLE_UNIT()SI_UNIT($,.RADIAN.));
#10359=(NAMED_UNIT(*)SI_UNIT($,.STERADIAN.)SOLID_ANGLE_UNIT());
#10365=AXIS2_PLACEMENT_3D('',#10362,#10363,#10364);
#10366=ADVANCED_BREP_SHAPE_REPRESENTATION('',(#10365,#10351),#10361);
#10371=PRODUCT_DEFINITION('design','',#10370,#10367);
#10372=PRODUCT_DEFINITION_SHAPE('','SHAPE FOR _1_2_3_400_1-14197.',#10371);
#10373=SHAPE_DEFINITION_REPRESENTATION(#10372,#10366);
#10374=NEXT_ASSEMBLY_USAGE_OCCURRENCE('10','Next assembly relationship',
'_X2_59165708_X0__1_2_3_4',#10843,#10371,$);
#10375=PRODUCT_DEFINITION_SHAPE('Placement #10',
'Placement of _1_2_3_400_1-14197 with respect to NBHXVMZH_ASM_1_ASM',#10374);
#10384=AXIS2_PLACEMENT_3D('',#10381,#10382,#10383);
#10391=CIRCLE('',#10390,3.08E0);
#10396=CIRCLE('',#10395,3.08E0);
#10401=CIRCLE('',#10400,3.08E0);
#10406=CIRCLE('',#10405,3.08E0);
#10411=CIRCLE('',#10410,3.08E0);
#10416=CIRCLE('',#10415,3.08E0);
#10421=CIRCLE('',#10420,3.08E0);
#10426=CIRCLE('',#10425,3.08E0);
#10444=EDGE_CURVE('',#10429,#10430,#10391,.T.);
#10446=EDGE_CURVE('',#10430,#10432,#10396,.T.);
#10448=EDGE_CURVE('',#10434,#10432,#10426,.T.);
#10450=EDGE_CURVE('',#10429,#10434,#10401,.T.);
#10461=EDGE_CURVE('',#10436,#10434,#10416,.T.);
#10463=EDGE_CURVE('',#10436,#10430,#10406,.T.);
#10474=EDGE_CURVE('',#10434,#10438,#10411,.T.);
#10476=EDGE_CURVE('',#10430,#10438,#10421,.T.);
#10499=(LENGTH_UNIT()NAMED_UNIT(*)SI_UNIT(.MILLI.,.METRE.));
#10501=(NAMED_UNIT(*)PLANE_ANGLE_UNIT()SI_UNIT($,.RADIAN.));
#10504=(NAMED_UNIT(*)SI_UNIT($,.STERADIAN.)SOLID_ANGLE_UNIT());
#10510=AXIS2_PLACEMENT_3D('',#10507,#10508,#10509);
#10511=ADVANCED_BREP_SHAPE_REPRESENTATION('',(#10510,#10496),#10506);
#10515=PRODUCT_DEFINITION('design','',#10514,#10367);
#10516=PRODUCT_DEFINITION_SHAPE('','SHAPE FOR _8__1_2_3_4000_1.',#10515);
#10517=SHAPE_DEFINITION_REPRESENTATION(#10516,#10511);
#10518=NEXT_ASSEMBLY_USAGE_OCCURRENCE('11','Next assembly relationship',
'_X2_6EDA52A84F53_X0__8__1_2_3_4',#10843,#10515,$);
#10519=PRODUCT_DEFINITION_SHAPE('Placement #11',
'Placement of _8__1_2_3_4000_1 with respect to NBHXVMZH_ASM_1_ASM',#10518);
#10528=AXIS2_PLACEMENT_3D('',#10525,#10526,#10527);
#10535=CIRCLE('',#10534,3.08E0);
#10540=CIRCLE('',#10539,3.08E0);
#10545=CIRCLE('',#10544,3.08E0);
#10550=CIRCLE('',#10549,3.08E0);
#10555=CIRCLE('',#10554,3.08E0);
#10560=CIRCLE('',#10559,3.08E0);
#10565=CIRCLE('',#10564,3.08E0);
#10570=CIRCLE('',#10569,3.08E0);
#10588=EDGE_CURVE('',#10573,#10574,#10535,.T.);
#10590=EDGE_CURVE('',#10574,#10576,#10540,.T.);
#10592=EDGE_CURVE('',#10578,#10576,#10570,.T.);
#10594=EDGE_CURVE('',#10573,#10578,#10545,.T.);
#10605=EDGE_CURVE('',#10580,#10578,#10560,.T.);
#10607=EDGE_CURVE('',#10580,#10574,#10550,.T.);
#10618=EDGE_CURVE('',#10578,#10582,#10555,.T.);
#10620=EDGE_CURVE('',#10574,#10582,#10565,.T.);
#10643=(LENGTH_UNIT()NAMED_UNIT(*)SI_UNIT(.MILLI.,.METRE.));
#10645=(NAMED_UNIT(*)PLANE_ANGLE_UNIT()SI_UNIT($,.RADIAN.));
#10648=(NAMED_UNIT(*)SI_UNIT($,.STERADIAN.)SOLID_ANGLE_UNIT());
#10654=AXIS2_PLACEMENT_3D('',#10651,#10652,#10653);
#10655=ADVANCED_BREP_SHAPE_REPRESENTATION('',(#10654,#10640),#10650);
#10660=PRODUCT_DEFINITION('design','',#10659,#10656);
#10661=PRODUCT_DEFINITION_SHAPE('','SHAPE FOR _7__1_2_3_4000_1.',#10660);
#10662=SHAPE_DEFINITION_REPRESENTATION(#10661,#10655);
#10663=NEXT_ASSEMBLY_USAGE_OCCURRENCE('12','Next assembly relationship',
'_X2_6EDA52A84F53_X0__7__1_2_3_4',#10843,#10660,$);
#10664=PRODUCT_DEFINITION_SHAPE('Placement #12',
'Placement of _7__1_2_3_4000_1 with respect to NBHXVMZH_ASM_1_ASM',#10663);
#10673=AXIS2_PLACEMENT_3D('',#10670,#10671,#10672);
#10680=CIRCLE('',#10679,3.08E0);
#10685=CIRCLE('',#10684,3.08E0);
#10690=CIRCLE('',#10689,3.08E0);
#10695=CIRCLE('',#10694,3.08E0);
#10700=CIRCLE('',#10699,3.08E0);
#10705=CIRCLE('',#10704,3.08E0);
#10710=CIRCLE('',#10709,3.08E0);
#10715=CIRCLE('',#10714,3.08E0);
#10733=EDGE_CURVE('',#10718,#10719,#10680,.T.);
#10735=EDGE_CURVE('',#10719,#10721,#10685,.T.);
#10737=EDGE_CURVE('',#10723,#10721,#10715,.T.);
#10739=EDGE_CURVE('',#10718,#10723,#10690,.T.);
#10750=EDGE_CURVE('',#10725,#10723,#10705,.T.);
#10752=EDGE_CURVE('',#10725,#10719,#10695,.T.);
#10763=EDGE_CURVE('',#10723,#10727,#10700,.T.);
#10765=EDGE_CURVE('',#10719,#10727,#10710,.T.);
#10788=(LENGTH_UNIT()NAMED_UNIT(*)SI_UNIT(.MILLI.,.METRE.));
#10790=(NAMED_UNIT(*)PLANE_ANGLE_UNIT()SI_UNIT($,.RADIAN.));
#10793=(NAMED_UNIT(*)SI_UNIT($,.STERADIAN.)SOLID_ANGLE_UNIT());
#10799=AXIS2_PLACEMENT_3D('',#10796,#10797,#10798);
#10800=ADVANCED_BREP_SHAPE_REPRESENTATION('',(#10799,#10785),#10795);
#10804=PRODUCT_DEFINITION('design','',#10803,#10656);
#10805=PRODUCT_DEFINITION_SHAPE('','SHAPE FOR _1_2_3_4000_1-14952.',#10804);
#10806=SHAPE_DEFINITION_REPRESENTATION(#10805,#10800);
#10807=NEXT_ASSEMBLY_USAGE_OCCURRENCE('13','Next assembly relationship',
'_X2_6EDA52A84F53_X0__1_2_3_4',#10843,#10804,$);
#10808=PRODUCT_DEFINITION_SHAPE('Placement #13',
'Placement of _1_2_3_4000_1-14952 with respect to NBHXVMZH_ASM_1_ASM',#10807);
#10817=AXIS2_PLACEMENT_3D('',#10814,#10815,#10816);
#10827=(LENGTH_UNIT()NAMED_UNIT(*)SI_UNIT(.MILLI.,.METRE.));
#10829=(NAMED_UNIT(*)PLANE_ANGLE_UNIT()SI_UNIT($,.RADIAN.));
#10832=(NAMED_UNIT(*)SI_UNIT($,.STERADIAN.)SOLID_ANGLE_UNIT());
#10838=AXIS2_PLACEMENT_3D('',#10835,#10836,#10837);
#10843=PRODUCT_DEFINITION('design','',#10842,#10839);
#10844=SHAPE_DEFINITION_REPRESENTATION(#10845,#10846);
#10845=PRODUCT_DEFINITION_SHAPE('','SHAPE FOR 6202ZZ_ASM_1_ASM.',#10875);
#10846=SHAPE_REPRESENTATION('',(#10857,#10852,#10871),#10867);
#10847=NEXT_ASSEMBLY_USAGE_OCCURRENCE('14','Next assembly relationship',
'NBHXVMZH',#10875,#10843,$);
#10848=PRODUCT_DEFINITION_SHAPE('Placement #14',
'Placement of NBHXVMZH_ASM_1_ASM with respect to 6202ZZ_ASM_1_ASM',#10847);
#10857=AXIS2_PLACEMENT_3D('',#10854,#10855,#10856);
#10860=(LENGTH_UNIT()NAMED_UNIT(*)SI_UNIT(.MILLI.,.METRE.));
#10862=(NAMED_UNIT(*)PLANE_ANGLE_UNIT()SI_UNIT($,.RADIAN.));
#10865=(NAMED_UNIT(*)SI_UNIT($,.STERADIAN.)SOLID_ANGLE_UNIT());
#10871=AXIS2_PLACEMENT_3D('',#10868,#10869,#10870);
#10875=PRODUCT_DEFINITION('design','',#10874,#10839);
#10876=SHAPE_DEFINITION_REPRESENTATION(#10877,#10878);
#10877=PRODUCT_DEFINITION_SHAPE('','SHAPE FOR 6202ZZ_-_EA039_ASM.',#10904);
#10878=SHAPE_REPRESENTATION('',(#10884,#10899),#10895);
#10879=NEXT_ASSEMBLY_USAGE_OCCURRENCE('15','Next assembly relationship',
'6202ZZ_ASM_1',#10904,#10875,$);
#10880=PRODUCT_DEFINITION_SHAPE('Placement #15',
'Placement of 6202ZZ_ASM_1_ASM with respect to 6202ZZ_-_EA039_ASM',#10879);
#10888=(LENGTH_UNIT()NAMED_UNIT(*)SI_UNIT(.MILLI.,.METRE.));
#10890=(NAMED_UNIT(*)PLANE_ANGLE_UNIT()SI_UNIT($,.RADIAN.));
#10893=(NAMED_UNIT(*)SI_UNIT($,.STERADIAN.)SOLID_ANGLE_UNIT());
#10899=AXIS2_PLACEMENT_3D('',#10896,#10897,#10898);
#10904=PRODUCT_DEFINITION('design','',#10903,#10900);
ENDSEC;
END-ISO-10303-21;
