ISO-10303-21;
HEADER;
FILE_DESCRIPTION((''),'2;1');
FILE_NAME('6700ZZ_-_EA032','2025-12-19T11:25:34',('qinghui.yi'),(''),
'CREO PARAMETRIC BY PTC INC, 2019164','CREO PARAMETRIC BY PTC INC, 2019164','');
FILE_SCHEMA(('CONFIG_CONTROL_DESIGN','SHAPE_APPEARANCE_LAYERS_GROUPS'));
ENDSEC;
DATA;
#204=CARTESIAN_POINT('',(8.280879708704E-1,-4.681930774931E0,
-4.681930774931E0));
#205=CARTESIAN_POINT('',(8.280879708704E-1,-4.614743167516E0,
-4.749118382347E0));
#206=CARTESIAN_POINT('',(7.981299011840E-1,-4.489619006097E0,
-4.868528025782E0));
#207=CARTESIAN_POINT('',(6.966240149921E-1,-4.332443898026E0,
-5.008191587644E0));
#208=CARTESIAN_POINT('',(5.633846791124E-1,-4.212361753297E0,
-5.109069125379E0));
#209=CARTESIAN_POINT('',(4.168473264834E-1,-4.127633852520E0,
-5.177455633624E0));
#210=CARTESIAN_POINT('',(2.679871868054E-1,-4.074115097752E0,
-5.219510991864E0));
#211=CARTESIAN_POINT('',(1.309391193909E-1,-4.047244454899E0,
-5.240312236240E0));
#212=CARTESIAN_POINT('',(-4.144948615710E-4,-4.038904998031E0,
-5.246730474770E0));
#213=CARTESIAN_POINT('',(-1.317826310845E-1,-4.047355191946E0,
-5.240226895268E0));
#214=CARTESIAN_POINT('',(-2.687228877925E-1,-4.074324283109E0,
-5.219348068339E0));
#215=CARTESIAN_POINT('',(-4.174254324502E-1,-4.127910761973E0,
-5.177235236444E0));
#216=CARTESIAN_POINT('',(-5.637785688727E-1,-4.212659401144E0,
-5.108823745446E0));
#217=CARTESIAN_POINT('',(-6.968316805233E-1,-4.332705807242E0,
-5.007964036433E0));
#218=CARTESIAN_POINT('',(-7.981805547839E-1,-4.489779131146E0,
-4.868377713480E0));
#219=CARTESIAN_POINT('',(-8.280879708704E-1,-4.614801531354E0,
-4.749060018509E0));
#220=CARTESIAN_POINT('',(-8.280879708704E-1,-4.681930774931E0,
-4.681930774932E0));
#222=CARTESIAN_POINT('',(0.E0,-4.419417382416E0,-4.419417382416E0));
#223=DIRECTION('',(0.E0,7.071067811866E-1,-7.071067811865E-1));
#224=DIRECTION('',(-9.124936318130E-1,-2.892709559399E-1,-2.892709559399E-1));
#225=AXIS2_PLACEMENT_3D('',#222,#223,#224);
#227=CARTESIAN_POINT('',(0.E0,-4.419417382416E0,-4.419417382416E0));
#228=DIRECTION('',(0.E0,-7.071067811865E-1,-7.071067811866E-1));
#229=DIRECTION('',(-1.E0,0.E0,0.E0));
#230=AXIS2_PLACEMENT_3D('',#227,#228,#229);
#232=DIRECTION('',(-1.E0,3.958397070187E-13,1.066889083388E-12));
#233=VECTOR('',#232,8.657934277058E-2);
#234=CARTESIAN_POINT('',(9.146673136408E-1,0.E0,-6.62125E0));
#235=LINE('',#234,#233);
#236=DIRECTION('',(-1.E0,-3.958397070197E-13,-1.928607189206E-12));
#237=VECTOR('',#236,8.657934277035E-2);
#238=CARTESIAN_POINT('',(-8.280879708705E-1,4.390368798022E-14,-6.62125E0));
#239=LINE('',#238,#237);
#240=DIRECTION('',(-1.E0,-1.213390000010E-13,-1.066889083388E-12));
#241=VECTOR('',#240,8.657934277058E-2);
#242=CARTESIAN_POINT('',(9.146673136408E-1,0.E0,6.62125E0));
#243=LINE('',#242,#241);
#244=DIRECTION('',(-1.E0,1.213390000013E-13,1.928607189206E-12));
#245=VECTOR('',#244,8.657934277035E-2);
#246=CARTESIAN_POINT('',(-8.280879708705E-1,-1.131632013441E-14,6.62125E0));
#247=LINE('',#246,#245);
#248=CARTESIAN_POINT('',(9.146673136408E-1,0.E0,6.495892857143E0));
#249=DIRECTION('',(0.E0,-1.E0,0.E0));
#250=DIRECTION('',(9.657120958502E-1,0.E0,2.596153846146E-1));
#251=AXIS2_PLACEMENT_3D('',#248,#249,#250);
#253=CARTESIAN_POINT('',(9.146673136408E-1,0.E0,0.E0));
#254=DIRECTION('',(-1.E0,0.E0,0.E0));
#255=DIRECTION('',(0.E0,0.E0,1.E0));
#256=AXIS2_PLACEMENT_3D('',#253,#254,#255);
#258=CARTESIAN_POINT('',(0.E0,0.E0,6.25E0));
#259=DIRECTION('',(0.E0,-1.E0,0.E0));
#260=DIRECTION('',(9.657120958500E-1,0.E0,-2.596153846154E-1));
#261=AXIS2_PLACEMENT_3D('',#258,#259,#260);
#263=CARTESIAN_POINT('',(1.035726222799E0,0.E0,0.E0));
#264=DIRECTION('',(-1.E0,0.E0,0.E0));
#265=DIRECTION('',(0.E0,0.E0,1.E0));
#266=AXIS2_PLACEMENT_3D('',#263,#264,#265);
#268=CARTESIAN_POINT('',(9.146673136408E-1,0.E0,0.E0));
#269=DIRECTION('',(1.E0,0.E0,0.E0));
#270=DIRECTION('',(0.E0,0.E0,-1.E0));
#271=AXIS2_PLACEMENT_3D('',#268,#269,#270);
#273=CARTESIAN_POINT('',(9.146673136408E-1,0.E0,6.004107142857E0));
#274=DIRECTION('',(0.E0,-1.E0,0.E0));
#275=DIRECTION('',(0.E0,0.E0,-1.E0));
#276=AXIS2_PLACEMENT_3D('',#273,#274,#275);
#278=CARTESIAN_POINT('',(1.035726222799E0,0.E0,0.E0));
#279=DIRECTION('',(-1.E0,0.E0,0.E0));
#280=DIRECTION('',(0.E0,0.E0,1.E0));
#281=AXIS2_PLACEMENT_3D('',#278,#279,#280);
#283=DIRECTION('',(-1.E0,3.514506592616E-13,-1.046371985630E-12));
#284=VECTOR('',#283,8.657934277058E-2);
#285=CARTESIAN_POINT('',(9.146673136408E-1,0.E0,-5.87875E0));
#286=LINE('',#285,#284);
#287=DIRECTION('',(-1.E0,-3.514506592616E-13,1.046371985630E-12));
#288=VECTOR('',#287,8.657934277058E-2);
#289=CARTESIAN_POINT('',(-8.280879708702E-1,3.898037465942E-14,-5.87875E0));
#290=LINE('',#289,#288);
#291=DIRECTION('',(-1.E0,-1.218641254057E-13,1.046371985630E-12));
#292=VECTOR('',#291,8.657934277058E-2);
#293=CARTESIAN_POINT('',(9.146673136408E-1,0.E0,5.87875E0));
#294=LINE('',#293,#292);
#295=DIRECTION('',(-1.E0,1.218641254057E-13,-1.046371985630E-12));
#296=VECTOR('',#295,8.657934277058E-2);
#297=CARTESIAN_POINT('',(-8.280879708702E-1,-1.127085512199E-14,5.87875E0));
#298=LINE('',#297,#296);
#299=CARTESIAN_POINT('',(9.146673136408E-1,0.E0,-6.004107142857E0));
#300=DIRECTION('',(0.E0,1.E0,0.E0));
#301=DIRECTION('',(0.E0,0.E0,1.E0));
#302=AXIS2_PLACEMENT_3D('',#299,#300,#301);
#304=CARTESIAN_POINT('',(1.035726222799E0,0.E0,0.E0));
#305=DIRECTION('',(-1.E0,0.E0,0.E0));
#306=DIRECTION('',(0.E0,0.E0,-1.E0));
#307=AXIS2_PLACEMENT_3D('',#304,#305,#306);
#309=CARTESIAN_POINT('',(9.146673136408E-1,0.E0,0.E0));
#310=DIRECTION('',(1.E0,0.E0,0.E0));
#311=DIRECTION('',(0.E0,0.E0,1.E0));
#312=AXIS2_PLACEMENT_3D('',#309,#310,#311);
#314=CARTESIAN_POINT('',(0.E0,0.E0,-6.25E0));
#315=DIRECTION('',(0.E0,1.E0,0.E0));
#316=DIRECTION('',(9.657120958500E-1,0.E0,2.596153846154E-1));
#317=AXIS2_PLACEMENT_3D('',#314,#315,#316);
#319=CARTESIAN_POINT('',(1.035726222799E0,0.E0,0.E0));
#320=DIRECTION('',(-1.E0,0.E0,0.E0));
#321=DIRECTION('',(0.E0,0.E0,-1.E0));
#322=AXIS2_PLACEMENT_3D('',#319,#320,#321);
#324=CARTESIAN_POINT('',(9.146673136408E-1,0.E0,-6.495892857143E0));
#325=DIRECTION('',(0.E0,1.E0,0.E0));
#326=DIRECTION('',(9.657120958502E-1,0.E0,-2.596153846146E-1));
#327=AXIS2_PLACEMENT_3D('',#324,#325,#326);
#329=CARTESIAN_POINT('',(9.146673136408E-1,0.E0,0.E0));
#330=DIRECTION('',(-1.E0,0.E0,0.E0));
#331=DIRECTION('',(0.E0,0.E0,-1.E0));
#332=AXIS2_PLACEMENT_3D('',#329,#330,#331);
#334=CARTESIAN_POINT('',(0.E0,-2.182177100693E-14,6.25E0));
#335=DIRECTION('',(0.E0,0.E0,-1.E0));
#336=DIRECTION('',(1.E0,0.E0,0.E0));
#337=AXIS2_PLACEMENT_3D('',#334,#335,#336);
#339=CARTESIAN_POINT('',(0.E0,-2.182177100693E-14,6.25E0));
#340=DIRECTION('',(0.E0,-1.E0,0.E0));
#341=DIRECTION('',(-1.E0,0.E0,0.E0));
#342=AXIS2_PLACEMENT_3D('',#339,#340,#341);
#344=CARTESIAN_POINT('',(-8.280879708702E-1,-1.127085512199E-14,5.87875E0));
#345=CARTESIAN_POINT('',(-8.280879708702E-1,-9.607111317415E-2,5.87875E0));
#346=CARTESIAN_POINT('',(-7.948210783644E-1,-2.714379743586E-1,
5.874208068745E0));
#347=CARTESIAN_POINT('',(-6.657815645798E-1,-4.967598051339E-1,
5.858751241045E0));
#348=CARTESIAN_POINT('',(-5.037907080050E-1,-6.471156937523E-1,
5.843408294871E0));
#349=CARTESIAN_POINT('',(-3.295470927384E-1,-7.425441645056E-1,
5.831806116237E0));
#350=CARTESIAN_POINT('',(-1.650904933783E-1,-7.906030563778E-1,
5.825362929985E0));
#351=CARTESIAN_POINT('',(1.154089616916E-4,-8.065715091120E-1,
5.823154466944E0));
#352=CARTESIAN_POINT('',(1.653288332339E-1,-7.905597152857E-1,
5.825368958771E0));
#353=CARTESIAN_POINT('',(3.297921668253E-1,-7.424374284863E-1,
5.831819752703E0));
#354=CARTESIAN_POINT('',(5.038990790109E-1,-6.470274893057E-1,
5.843418059853E0));
#355=CARTESIAN_POINT('',(6.658355035071E-1,-4.966805756425E-1,
5.858757356501E0));
#356=CARTESIAN_POINT('',(7.948126964019E-1,-2.714394873831E-1,
5.874207200547E0));
#357=CARTESIAN_POINT('',(8.280879708702E-1,-9.607497023400E-2,5.87875E0));
#358=CARTESIAN_POINT('',(8.280879708702E-1,-1.127085512199E-14,5.87875E0));
#360=CARTESIAN_POINT('',(0.E0,-2.182177100693E-14,6.25E0));
#361=DIRECTION('',(0.E0,1.E0,0.E0));
#362=DIRECTION('',(1.E0,0.E0,0.E0));
#363=AXIS2_PLACEMENT_3D('',#360,#361,#362);
#365=CARTESIAN_POINT('',(8.280879708702E-1,-1.127085512199E-14,5.87875E0));
#366=CARTESIAN_POINT('',(8.280879708702E-1,9.607108960478E-2,5.87875E0));
#367=CARTESIAN_POINT('',(7.948211037466E-1,2.714379263175E-1,5.874208071837E0));
#368=CARTESIAN_POINT('',(6.657815264231E-1,4.967598682474E-1,5.858751236562E0));
#369=CARTESIAN_POINT('',(5.037906217757E-1,6.471157621881E-1,5.843408287161E0));
#370=CARTESIAN_POINT('',(3.295469089540E-1,7.425442445173E-1,5.831806106052E0));
#371=CARTESIAN_POINT('',(1.650902989690E-1,7.906030952288E-1,5.825362924610E0));
#372=CARTESIAN_POINT('',(-1.156694352970E-4,8.065715129794E-1,
5.823154466377E0));
#373=CARTESIAN_POINT('',(-1.653291666985E-1,7.905596607518E-1,
5.825368966445E0));
#374=CARTESIAN_POINT('',(-3.297925803508E-1,7.424372489644E-1,
5.831819775648E0));
#375=CARTESIAN_POINT('',(-5.038992223170E-1,6.470273647617E-1,
5.843418073386E0));
#376=CARTESIAN_POINT('',(-6.658355747790E-1,4.966804749689E-1,
5.858757364380E0));
#377=CARTESIAN_POINT('',(-7.948126921694E-1,2.714394723660E-1,
5.874207200314E0));
#378=CARTESIAN_POINT('',(-8.280879708702E-1,9.607496812693E-2,5.87875E0));
#379=CARTESIAN_POINT('',(-8.280879708702E-1,-1.127085512199E-14,5.87875E0));
#381=CARTESIAN_POINT('',(0.E0,-2.182177100693E-14,6.25E0));
#382=DIRECTION('',(0.E0,0.E0,-1.E0));
#383=DIRECTION('',(0.E0,1.E0,0.E0));
#384=AXIS2_PLACEMENT_3D('',#381,#382,#383);
#386=CARTESIAN_POINT('',(0.E0,-2.182177100693E-14,6.25E0));
#387=DIRECTION('',(0.E0,1.E0,0.E0));
#388=DIRECTION('',(9.124936318129E-1,0.E0,4.090909090909E-1));
#389=AXIS2_PLACEMENT_3D('',#386,#387,#388);
#391=CARTESIAN_POINT('',(0.E0,-2.182177100693E-14,6.25E0));
#392=DIRECTION('',(0.E0,0.E0,1.E0));
#393=DIRECTION('',(0.E0,1.E0,0.E0));
#394=AXIS2_PLACEMENT_3D('',#391,#392,#393);
#396=CARTESIAN_POINT('',(-8.280879708705E-1,-1.131632013441E-14,6.62125E0));
#397=CARTESIAN_POINT('',(-8.280879708705E-1,9.501504746347E-2,6.62125E0));
#398=CARTESIAN_POINT('',(-7.981314891639E-1,2.679222003616E-1,
6.617209443062E0));
#399=CARTESIAN_POINT('',(-6.966307017838E-1,4.778145516922E-1,
6.604827476523E0));
#400=CARTESIAN_POINT('',(-5.633979488617E-1,6.340548632984E-1,
6.591248233227E0));
#401=CARTESIAN_POINT('',(-4.168673611067E-1,7.423238848961E-1,
6.579693262090E0));
#402=CARTESIAN_POINT('',(-2.680136036732E-1,8.099076358499E-1,
6.571587218240E0));
#403=CARTESIAN_POINT('',(-1.309713247646E-1,8.436210686167E-1,
6.567294997048E0));
#404=CARTESIAN_POINT('',(3.861555776136E-4,8.540618513104E-1,6.565935775956E0));
#405=CARTESIAN_POINT('',(1.317568159988E-1,8.434919408483E-1,6.567311721523E0));
#406=CARTESIAN_POINT('',(2.686989782216E-1,8.096625630564E-1,6.571617687286E0));
#407=CARTESIAN_POINT('',(4.174065610923E-1,7.419959374123E-1,6.579730529673E0));
#408=CARTESIAN_POINT('',(5.637653814495E-1,6.336966945175E-1,6.591282709234E0));
#409=CARTESIAN_POINT('',(6.968246213390E-1,4.774914218249E-1,6.604850161442E0));
#410=CARTESIAN_POINT('',(7.981788152210E-1,2.677171398841E-1,6.617215926123E0));
#411=CARTESIAN_POINT('',(8.280879708702E-1,9.493792408772E-2,6.62125E0));
#412=CARTESIAN_POINT('',(8.280879708702E-1,-1.131632013441E-14,6.62125E0));
#414=CARTESIAN_POINT('',(8.280879708702E-1,-1.131632013441E-14,6.62125E0));
#415=CARTESIAN_POINT('',(8.280879708702E-1,-9.501762563051E-2,6.62125E0));
#416=CARTESIAN_POINT('',(7.981299011840E-1,-2.679291372717E-1,
6.617209225582E0));
#417=CARTESIAN_POINT('',(6.966240149920E-1,-4.778257736999E-1,
6.604826692509E0));
#418=CARTESIAN_POINT('',(5.633846791123E-1,-6.340678635390E-1,
6.591246984673E0));
#419=CARTESIAN_POINT('',(4.168473264833E-1,-7.423361004560E-1,
6.579691875200E0));
#420=CARTESIAN_POINT('',(2.679871868053E-1,-8.099172038701E-1,
6.571586029779E0));
#421=CARTESIAN_POINT('',(1.309391193908E-1,-8.436263186014E-1,
6.567294316959E0));
#422=CARTESIAN_POINT('',(-4.144948617528E-4,-8.540615850921E-1,
6.565935810444E0));
#423=CARTESIAN_POINT('',(-1.317826310847E-1,-8.434876705043E-1,
6.567312274696E0));
#424=CARTESIAN_POINT('',(-2.687228877928E-1,-8.096540831554E-1,
6.571618741835E0));
#425=CARTESIAN_POINT('',(-4.174254324505E-1,-7.419844515631E-1,
6.579731835412E0));
#426=CARTESIAN_POINT('',(-5.637785688730E-1,-6.336838849134E-1,
6.591283943670E0));
#427=CARTESIAN_POINT('',(-6.968316805236E-1,-4.774796729125E-1,
6.604850987288E0));
#428=CARTESIAN_POINT('',(-7.981805547841E-1,-2.677096249153E-1,
6.617216164243E0));
#429=CARTESIAN_POINT('',(-8.280879708705E-1,-9.493508669884E-2,6.62125E0));
#430=CARTESIAN_POINT('',(-8.280879708705E-1,-1.131632013441E-14,6.62125E0));
#432=CARTESIAN_POINT('',(0.E0,-2.182177100693E-14,6.25E0));
#433=DIRECTION('',(0.E0,-1.E0,0.E0));
#434=DIRECTION('',(-9.124936318130E-1,0.E0,4.090909090908E-1));
#435=AXIS2_PLACEMENT_3D('',#432,#433,#434);
#437=CARTESIAN_POINT('',(0.E0,-2.182177100693E-14,6.25E0));
#438=DIRECTION('',(0.E0,0.E0,1.E0));
#439=DIRECTION('',(-1.E0,0.E0,0.E0));
#440=AXIS2_PLACEMENT_3D('',#437,#438,#439);
#442=CARTESIAN_POINT('',(-9.146673136408E-1,0.E0,-6.004107142857E0));
#443=DIRECTION('',(0.E0,1.E0,0.E0));
#444=DIRECTION('',(-9.657120958502E-1,0.E0,2.596153846146E-1));
#445=AXIS2_PLACEMENT_3D('',#442,#443,#444);
#447=CARTESIAN_POINT('',(-9.146673136408E-1,0.E0,0.E0));
#448=DIRECTION('',(-1.E0,0.E0,0.E0));
#449=DIRECTION('',(0.E0,0.E0,-1.E0));
#450=AXIS2_PLACEMENT_3D('',#447,#448,#449);
#452=CARTESIAN_POINT('',(-9.146673136408E-1,0.E0,6.004107142857E0));
#453=DIRECTION('',(0.E0,-1.E0,0.E0));
#454=DIRECTION('',(-9.657120958502E-1,0.E0,-2.596153846146E-1));
#455=AXIS2_PLACEMENT_3D('',#452,#453,#454);
#457=CARTESIAN_POINT('',(-9.146673136408E-1,0.E0,0.E0));
#458=DIRECTION('',(-1.E0,0.E0,0.E0));
#459=DIRECTION('',(0.E0,0.E0,1.E0));
#460=AXIS2_PLACEMENT_3D('',#457,#458,#459);
#462=CARTESIAN_POINT('',(0.E0,0.E0,6.25E0));
#463=DIRECTION('',(0.E0,-1.E0,0.E0));
#464=DIRECTION('',(-9.657120958500E-1,0.E0,2.596153846154E-1));
#465=AXIS2_PLACEMENT_3D('',#462,#463,#464);
#467=CARTESIAN_POINT('',(-1.035726222799E0,0.E0,0.E0));
#468=DIRECTION('',(-1.E0,0.E0,0.E0));
#469=DIRECTION('',(0.E0,0.E0,1.E0));
#470=AXIS2_PLACEMENT_3D('',#467,#468,#469);
#472=CARTESIAN_POINT('',(-9.146673136408E-1,0.E0,0.E0));
#473=DIRECTION('',(1.E0,0.E0,0.E0));
#474=DIRECTION('',(0.E0,0.E0,-1.E0));
#475=AXIS2_PLACEMENT_3D('',#472,#473,#474);
#477=CARTESIAN_POINT('',(-9.146673136408E-1,0.E0,6.495892857143E0));
#478=DIRECTION('',(0.E0,-1.E0,0.E0));
#479=DIRECTION('',(0.E0,0.E0,1.E0));
#480=AXIS2_PLACEMENT_3D('',#477,#478,#479);
#482=CARTESIAN_POINT('',(-1.035726222799E0,0.E0,0.E0));
#483=DIRECTION('',(-1.E0,0.E0,0.E0));
#484=DIRECTION('',(0.E0,0.E0,1.E0));
#485=AXIS2_PLACEMENT_3D('',#482,#483,#484);
#487=CARTESIAN_POINT('',(-9.146673136408E-1,0.E0,-6.495892857143E0));
#488=DIRECTION('',(0.E0,1.E0,0.E0));
#489=DIRECTION('',(0.E0,0.E0,-1.E0));
#490=AXIS2_PLACEMENT_3D('',#487,#488,#489);
#492=CARTESIAN_POINT('',(-1.035726222799E0,0.E0,0.E0));
#493=DIRECTION('',(-1.E0,0.E0,0.E0));
#494=DIRECTION('',(0.E0,0.E0,-1.E0));
#495=AXIS2_PLACEMENT_3D('',#492,#493,#494);
#497=CARTESIAN_POINT('',(-9.146673136408E-1,0.E0,0.E0));
#498=DIRECTION('',(1.E0,0.E0,0.E0));
#499=DIRECTION('',(0.E0,0.E0,1.E0));
#500=AXIS2_PLACEMENT_3D('',#497,#498,#499);
#502=CARTESIAN_POINT('',(0.E0,0.E0,-6.25E0));
#503=DIRECTION('',(0.E0,1.E0,0.E0));
#504=DIRECTION('',(-9.657120958500E-1,0.E0,-2.596153846154E-1));
#505=AXIS2_PLACEMENT_3D('',#502,#503,#504);
#507=CARTESIAN_POINT('',(-1.035726222799E0,0.E0,0.E0));
#508=DIRECTION('',(-1.E0,0.E0,0.E0));
#509=DIRECTION('',(0.E0,0.E0,-1.E0));
#510=AXIS2_PLACEMENT_3D('',#507,#508,#509);
#512=CARTESIAN_POINT('',(0.E0,6.546531302080E-14,-6.25E0));
#513=DIRECTION('',(0.E0,-1.E0,-1.047445008333E-14));
#514=DIRECTION('',(1.E0,0.E0,0.E0));
#515=AXIS2_PLACEMENT_3D('',#512,#513,#514);
#517=CARTESIAN_POINT('',(8.280879708702E-1,3.898037465942E-14,-5.87875E0));
#518=CARTESIAN_POINT('',(8.280879708702E-1,-9.607108960475E-2,-5.87875E0));
#519=CARTESIAN_POINT('',(7.948211037466E-1,-2.714379263175E-1,
-5.874208071837E0));
#520=CARTESIAN_POINT('',(6.657815264231E-1,-4.967598682474E-1,
-5.858751236562E0));
#521=CARTESIAN_POINT('',(5.037906217757E-1,-6.471157621880E-1,
-5.843408287161E0));
#522=CARTESIAN_POINT('',(3.295469089540E-1,-7.425442445172E-1,
-5.831806106052E0));
#523=CARTESIAN_POINT('',(1.650902989690E-1,-7.906030952288E-1,
-5.825362924610E0));
#524=CARTESIAN_POINT('',(-1.156694352962E-4,-8.065715129794E-1,
-5.823154466377E0));
#525=CARTESIAN_POINT('',(-1.653291666985E-1,-7.905596607517E-1,
-5.825368966445E0));
#526=CARTESIAN_POINT('',(-3.297925803508E-1,-7.424372489644E-1,
-5.831819775648E0));
#527=CARTESIAN_POINT('',(-5.038992223170E-1,-6.470273647617E-1,
-5.843418073386E0));
#528=CARTESIAN_POINT('',(-6.658355747790E-1,-4.966804749689E-1,
-5.858757364380E0));
#529=CARTESIAN_POINT('',(-7.948126921694E-1,-2.714394723660E-1,
-5.874207200314E0));
#530=CARTESIAN_POINT('',(-8.280879708702E-1,-9.607496812690E-2,-5.87875E0));
#531=CARTESIAN_POINT('',(-8.280879708702E-1,3.898037465942E-14,-5.87875E0));
#533=CARTESIAN_POINT('',(0.E0,6.546531302080E-14,-6.25E0));
#534=DIRECTION('',(0.E0,-1.047445008333E-14,1.E0));
#535=DIRECTION('',(0.E0,-1.E0,-1.076579902667E-14));
#536=AXIS2_PLACEMENT_3D('',#533,#534,#535);
#538=CARTESIAN_POINT('',(0.E0,6.546531302080E-14,-6.25E0));
#539=DIRECTION('',(0.E0,-1.047445008333E-14,1.E0));
#540=DIRECTION('',(1.E0,0.E0,0.E0));
#541=AXIS2_PLACEMENT_3D('',#538,#539,#540);
#543=CARTESIAN_POINT('',(0.E0,6.546531302080E-14,-6.25E0));
#544=DIRECTION('',(0.E0,1.E0,1.047445008333E-14));
#545=DIRECTION('',(-1.E0,0.E0,0.E0));
#546=AXIS2_PLACEMENT_3D('',#543,#544,#545);
#548=CARTESIAN_POINT('',(-8.280879708702E-1,3.898037465942E-14,-5.87875E0));
#549=CARTESIAN_POINT('',(-8.280879708702E-1,9.607111317418E-2,-5.87875E0));
#550=CARTESIAN_POINT('',(-7.948210783644E-1,2.714379743586E-1,
-5.874208068745E0));
#551=CARTESIAN_POINT('',(-6.657815645798E-1,4.967598051339E-1,
-5.858751241045E0));
#552=CARTESIAN_POINT('',(-5.037907080050E-1,6.471156937523E-1,
-5.843408294871E0));
#553=CARTESIAN_POINT('',(-3.295470927384E-1,7.425441645057E-1,
-5.831806116237E0));
#554=CARTESIAN_POINT('',(-1.650904933783E-1,7.906030563779E-1,
-5.825362929985E0));
#555=CARTESIAN_POINT('',(1.154089616921E-4,8.065715091121E-1,
-5.823154466944E0));
#556=CARTESIAN_POINT('',(1.653288332339E-1,7.905597152857E-1,
-5.825368958771E0));
#557=CARTESIAN_POINT('',(3.297921668253E-1,7.424374284864E-1,
-5.831819752703E0));
#558=CARTESIAN_POINT('',(5.038990790109E-1,6.470274893058E-1,
-5.843418059853E0));
#559=CARTESIAN_POINT('',(6.658355035072E-1,4.966805756425E-1,
-5.858757356501E0));
#560=CARTESIAN_POINT('',(7.948126964019E-1,2.714394873831E-1,
-5.874207200547E0));
#561=CARTESIAN_POINT('',(8.280879708702E-1,9.607497023403E-2,-5.87875E0));
#562=CARTESIAN_POINT('',(8.280879708702E-1,3.898037465942E-14,-5.87875E0));
#564=CARTESIAN_POINT('',(8.280879708702E-1,4.390368798022E-14,-6.62125E0));
#565=CARTESIAN_POINT('',(8.280879708702E-1,9.501762563055E-2,-6.62125E0));
#566=CARTESIAN_POINT('',(7.981299011840E-1,2.679291372717E-1,
-6.617209225582E0));
#567=CARTESIAN_POINT('',(6.966240149921E-1,4.778257737E-1,-6.604826692509E0));
#568=CARTESIAN_POINT('',(5.633846791123E-1,6.340678635390E-1,
-6.591246984673E0));
#569=CARTESIAN_POINT('',(4.168473264833E-1,7.423361004561E-1,
-6.579691875200E0));
#570=CARTESIAN_POINT('',(2.679871868053E-1,8.099172038702E-1,
-6.571586029779E0));
#571=CARTESIAN_POINT('',(1.309391193908E-1,8.436263186015E-1,
-6.567294316959E0));
#572=CARTESIAN_POINT('',(-4.144948617588E-4,8.540615850921E-1,
-6.565935810444E0));
#573=CARTESIAN_POINT('',(-1.317826310847E-1,8.434876705043E-1,
-6.567312274696E0));
#574=CARTESIAN_POINT('',(-2.687228877928E-1,8.096540831554E-1,
-6.571618741835E0));
#575=CARTESIAN_POINT('',(-4.174254324505E-1,7.419844515631E-1,
-6.579731835412E0));
#576=CARTESIAN_POINT('',(-5.637785688730E-1,6.336838849134E-1,
-6.591283943670E0));
#577=CARTESIAN_POINT('',(-6.968316805236E-1,4.774796729125E-1,
-6.604850987288E0));
#578=CARTESIAN_POINT('',(-7.981805547841E-1,2.677096249153E-1,
-6.617216164243E0));
#579=CARTESIAN_POINT('',(-8.280879708705E-1,9.493508669887E-2,-6.62125E0));
#580=CARTESIAN_POINT('',(-8.280879708705E-1,4.390368798022E-14,-6.62125E0));
#582=CARTESIAN_POINT('',(0.E0,6.546531302080E-14,-6.25E0));
#583=DIRECTION('',(0.E0,1.E0,1.047445008333E-14));
#584=DIRECTION('',(-9.124936318130E-1,0.E0,-4.090909090908E-1));
#585=AXIS2_PLACEMENT_3D('',#582,#583,#584);
#587=CARTESIAN_POINT('',(0.E0,6.546531302080E-14,-6.25E0));
#588=DIRECTION('',(0.E0,1.047445008333E-14,-1.E0));
#589=DIRECTION('',(-1.E0,0.E0,0.E0));
#590=AXIS2_PLACEMENT_3D('',#587,#588,#589);
#592=CARTESIAN_POINT('',(0.E0,6.546531302080E-14,-6.25E0));
#593=DIRECTION('',(0.E0,-1.E0,-1.047445008333E-14));
#594=DIRECTION('',(9.124936318129E-1,0.E0,-4.090909090909E-1));
#595=AXIS2_PLACEMENT_3D('',#592,#593,#594);
#597=CARTESIAN_POINT('',(0.E0,6.546531302080E-14,-6.25E0));
#598=DIRECTION('',(0.E0,1.047445008333E-14,-1.E0));
#599=DIRECTION('',(0.E0,-1.E0,-1.076579902667E-14));
#600=AXIS2_PLACEMENT_3D('',#597,#598,#599);
#602=CARTESIAN_POINT('',(-8.280879708705E-1,4.390368798022E-14,-6.62125E0));
#603=CARTESIAN_POINT('',(-8.280879708705E-1,-9.501504746343E-2,-6.62125E0));
#604=CARTESIAN_POINT('',(-7.981314891639E-1,-2.679222003615E-1,
-6.617209443062E0));
#605=CARTESIAN_POINT('',(-6.966307017838E-1,-4.778145516922E-1,
-6.604827476523E0));
#606=CARTESIAN_POINT('',(-5.633979488617E-1,-6.340548632984E-1,
-6.591248233227E0));
#607=CARTESIAN_POINT('',(-4.168673611067E-1,-7.423238848961E-1,
-6.579693262090E0));
#608=CARTESIAN_POINT('',(-2.680136036732E-1,-8.099076358498E-1,
-6.571587218240E0));
#609=CARTESIAN_POINT('',(-1.309713247646E-1,-8.436210686167E-1,
-6.567294997048E0));
#610=CARTESIAN_POINT('',(3.861555776129E-4,-8.540618513103E-1,
-6.565935775956E0));
#611=CARTESIAN_POINT('',(1.317568159988E-1,-8.434919408482E-1,
-6.567311721523E0));
#612=CARTESIAN_POINT('',(2.686989782216E-1,-8.096625630564E-1,
-6.571617687286E0));
#613=CARTESIAN_POINT('',(4.174065610923E-1,-7.419959374122E-1,
-6.579730529673E0));
#614=CARTESIAN_POINT('',(5.637653814495E-1,-6.336966945174E-1,
-6.591282709234E0));
#615=CARTESIAN_POINT('',(6.968246213389E-1,-4.774914218248E-1,
-6.604850161442E0));
#616=CARTESIAN_POINT('',(7.981788152210E-1,-2.677171398841E-1,
-6.617215926123E0));
#617=CARTESIAN_POINT('',(8.280879708702E-1,-9.493792408768E-2,-6.62125E0));
#618=CARTESIAN_POINT('',(8.280879708702E-1,4.390368798022E-14,-6.62125E0));
#620=CARTESIAN_POINT('',(0.E0,-2.391771452282E0,-5.774247078196E0));
#621=DIRECTION('',(0.E0,-9.238795325113E-1,3.826834323651E-1));
#622=DIRECTION('',(1.E0,0.E0,0.E0));
#623=AXIS2_PLACEMENT_3D('',#620,#621,#622);
#625=CARTESIAN_POINT('',(8.280879708701E-1,-2.249700228016E0,
-5.431256801751E0));
#626=CARTESIAN_POINT('',(8.280879708701E-1,-2.338458341368E0,
-5.394491987430E0));
#627=CARTESIAN_POINT('',(7.948211037465E-1,-2.498738051829E0,
-5.323185809965E0));
#628=CARTESIAN_POINT('',(6.657815264231E-1,-2.700993307427E0,
-5.222678582092E0));
#629=CARTESIAN_POINT('',(5.037906217757E-1,-2.834032547892E0,
-5.150964835603E0));
#630=CARTESIAN_POINT('',(3.295469089540E-1,-2.917757007045E0,
-5.103726918781E0));
#631=CARTESIAN_POINT('',(1.650902989690E-1,-2.959691896784E0,
-5.079382869377E0));
#632=CARTESIAN_POINT('',(-1.156694353052E-4,-2.973599650733E0,
-5.071231671103E0));
#633=CARTESIAN_POINT('',(-1.653291666986E-1,-2.959654080670E0,
-5.079405072959E0));
#634=CARTESIAN_POINT('',(-3.297925803509E-1,-2.917663387171E0,
-5.103780493266E0));
#635=CARTESIAN_POINT('',(-5.038992223171E-1,-2.833954624346E0,
-5.151007705127E0));
#636=CARTESIAN_POINT('',(-6.658355747791E-1,-2.700922302617E0,
-5.222714625951E0));
#637=CARTESIAN_POINT('',(-7.948126921693E-1,-2.498739146674E0,
-5.323184413136E0));
#638=CARTESIAN_POINT('',(-8.280879708701E-1,-2.338461924655E0,
-5.394490503184E0));
#639=CARTESIAN_POINT('',(-8.280879708701E-1,-2.249700228016E0,
-5.431256801751E0));
#641=CARTESIAN_POINT('',(0.E0,-2.391771452282E0,-5.774247078196E0));
#642=DIRECTION('',(0.E0,3.826834323651E-1,9.238795325113E-1));
#643=DIRECTION('',(0.E0,-9.238795325113E-1,3.826834323651E-1));
#644=AXIS2_PLACEMENT_3D('',#641,#642,#643);
#646=CARTESIAN_POINT('',(0.E0,-2.391771452282E0,-5.774247078196E0));
#647=DIRECTION('',(0.E0,3.826834323651E-1,9.238795325113E-1));
#648=DIRECTION('',(1.E0,0.E0,0.E0));
#649=AXIS2_PLACEMENT_3D('',#646,#647,#648);
#651=CARTESIAN_POINT('',(0.E0,-2.391771452282E0,-5.774247078196E0));
#652=DIRECTION('',(0.E0,9.238795325113E-1,-3.826834323651E-1));
#653=DIRECTION('',(-1.E0,0.E0,0.E0));
#654=AXIS2_PLACEMENT_3D('',#651,#652,#653);
#656=CARTESIAN_POINT('',(-8.280879708701E-1,-2.249700228016E0,
-5.431256801751E0));
#657=CARTESIAN_POINT('',(-8.280879708701E-1,-2.160942092889E0,
-5.468021625091E0));
#658=CARTESIAN_POINT('',(-7.948210783640E-1,-1.997186117318E0,
-5.530935420128E0));
#659=CARTESIAN_POINT('',(-6.657815645796E-1,-1.783100817759E0,
-5.602882104966E0));
#660=CARTESIAN_POINT('',(-5.037907080048E-1,-1.638318598367E0,
-5.646245778560E0));
#661=CARTESIAN_POINT('',(-3.295470927383E-1,-1.545714225877E0,
-5.672045657921E0));
#662=CARTESIAN_POINT('',(-1.650904933782E-1,-1.498847898691E0,
-5.684484271716E0));
#663=CARTESIAN_POINT('',(1.154089617142E-4,-1.483249829827E0,
-5.688554780216E0));
#664=CARTESIAN_POINT('',(1.653288332339E-1,-1.498890247755E0,
-5.684473255670E0));
#665=CARTESIAN_POINT('',(3.297921668252E-1,-1.545818055550E0,
-5.672017410266E0));
#666=CARTESIAN_POINT('',(5.038990790107E-1,-1.638403825547E0,
-5.646221045847E0));
#667=CARTESIAN_POINT('',(6.658355035069E-1,-1.783176356548E0,
-5.602857435097E0));
#668=CARTESIAN_POINT('',(7.948126964016E-1,-1.997184387220E0,
-5.530935197027E0));
#669=CARTESIAN_POINT('',(8.280879708701E-1,-2.160938529430E0,
-5.468023101124E0));
#670=CARTESIAN_POINT('',(8.280879708701E-1,-2.249700228016E0,
-5.431256801751E0));
#672=CARTESIAN_POINT('',(8.280879708705E-1,-2.533842676547E0,
-6.117237354640E0));
#673=CARTESIAN_POINT('',(8.280879708705E-1,-2.446057836999E0,
-6.153599025752E0));
#674=CARTESIAN_POINT('',(7.981299011841E-1,-2.284762093035E0,
-6.216036207742E0));
#675=CARTESIAN_POINT('',(6.966240149921E-1,-2.086104296438E0,
-6.284920204145E0));
#676=CARTESIAN_POINT('',(5.633846791123E-1,-1.936558698314E0,
-6.332165449238E0));
#677=CARTESIAN_POINT('',(4.168473264833E-1,-1.832109941250E0,
-6.362922380619E0));
#678=CARTESIAN_POINT('',(2.679871868052E-1,-1.766571170274E0,
-6.381295724559E0));
#679=CARTESIAN_POINT('',(1.309391193907E-1,-1.733785641722E0,
-6.390230618652E0));
#680=CARTESIAN_POINT('',(-4.144948618015E-4,-1.723624834659E0,
-6.392968925887E0));
#681=CARTESIAN_POINT('',(-1.317826310847E-1,-1.733920607989E0,
-6.390194151108E0));
#682=CARTESIAN_POINT('',(-2.687228877928E-1,-1.766826780478E0,
-6.381225254619E0));
#683=CARTESIAN_POINT('',(-4.174254324505E-1,-1.832450114576E0,
-6.362824728836E0));
#684=CARTESIAN_POINT('',(-5.637785688730E-1,-1.936927591903E0,
-6.332052652640E0));
#685=CARTESIAN_POINT('',(-6.968316805236E-1,-2.086433349081E0,
-6.284810202557E0));
#686=CARTESIAN_POINT('',(-7.981805547842E-1,-2.284967551318E0,
-6.215958614487E0));
#687=CARTESIAN_POINT('',(-8.280879708706E-1,-2.446134093029E0,
-6.153567439470E0));
#688=CARTESIAN_POINT('',(-8.280879708706E-1,-2.533842676547E0,
-6.117237354640E0));
#690=CARTESIAN_POINT('',(0.E0,-2.391771452282E0,-5.774247078196E0));
#691=DIRECTION('',(0.E0,9.238795325113E-1,-3.826834323651E-1));
#692=DIRECTION('',(-9.124936318134E-1,-1.565523132399E-1,-3.779507178446E-1));
#693=AXIS2_PLACEMENT_3D('',#690,#691,#692);
#695=CARTESIAN_POINT('',(0.E0,-2.391771452282E0,-5.774247078196E0));
#696=DIRECTION('',(0.E0,-3.826834323651E-1,-9.238795325113E-1));
#697=DIRECTION('',(-1.E0,0.E0,0.E0));
#698=AXIS2_PLACEMENT_3D('',#695,#696,#697);
#700=CARTESIAN_POINT('',(0.E0,-2.391771452282E0,-5.774247078196E0));
#701=DIRECTION('',(0.E0,-9.238795325113E-1,3.826834323651E-1));
#702=DIRECTION('',(9.124936318133E-1,-1.565523132399E-1,-3.779507178447E-1));
#703=AXIS2_PLACEMENT_3D('',#700,#701,#702);
#705=CARTESIAN_POINT('',(0.E0,-2.391771452282E0,-5.774247078196E0));
#706=DIRECTION('',(0.E0,-3.826834323651E-1,-9.238795325113E-1));
#707=DIRECTION('',(0.E0,-9.238795325113E-1,3.826834323651E-1));
#708=AXIS2_PLACEMENT_3D('',#705,#706,#707);
#710=CARTESIAN_POINT('',(-8.280879708706E-1,-2.533842676547E0,
-6.117237354640E0));
#711=CARTESIAN_POINT('',(-8.280879708706E-1,-2.621625134179E0,
-6.080876670150E0));
#712=CARTESIAN_POINT('',(-7.981314891642E-1,-2.779824259569E0,
-6.010974979544E0));
#713=CARTESIAN_POINT('',(-6.966307017840E-1,-2.969001133540E0,
-5.919213208652E0));
#714=CARTESIAN_POINT('',(-5.633979488619E-1,-3.108151808153E0,
-5.846877044985E0));
#715=CARTESIAN_POINT('',(-4.168673611067E-1,-3.203757445196E0,
-5.794768882848E0));
#716=CARTESIAN_POINT('',(-2.680136036732E-1,-3.263094640749E0,
-5.761416693059E0));
#717=CARTESIAN_POINT('',(-1.309713247646E-1,-3.292599229315E0,
-5.744549625582E0));
#718=CARTESIAN_POINT('',(3.861555776509E-4,-3.301725103356E0,
-5.739298354477E0));
#719=CARTESIAN_POINT('',(1.317568159988E-1,-3.292486330992E0,
-5.744614492040E0));
#720=CARTESIAN_POINT('',(2.686989782217E-1,-3.262879883010E0,
-5.761538628085E0));
#721=CARTESIAN_POINT('',(4.174065610924E-1,-3.203468722914E0,
-5.794928813674E0));
#722=CARTESIAN_POINT('',(5.637653814497E-1,-3.107834096743E0,
-5.847045961920E0));
#723=CARTESIAN_POINT('',(6.968246213392E-1,-2.968711281612E0,
-5.919357823231E0));
#724=CARTESIAN_POINT('',(7.981788152212E-1,-2.779637289351E0,
-6.011059442359E0));
#725=CARTESIAN_POINT('',(8.280879708705E-1,-2.621553881471E0,
-6.080906183989E0));
#726=CARTESIAN_POINT('',(8.280879708705E-1,-2.533842676547E0,
-6.117237354640E0));
#728=CARTESIAN_POINT('',(0.E0,-5.774247078196E0,-2.391771452282E0));
#729=DIRECTION('',(0.E0,-3.826834323651E-1,9.238795325113E-1));
#730=DIRECTION('',(1.E0,0.E0,0.E0));
#731=AXIS2_PLACEMENT_3D('',#728,#729,#730);
#733=CARTESIAN_POINT('',(8.280879708701E-1,-5.431256801751E0,
-2.249700228016E0));
#734=CARTESIAN_POINT('',(8.280879708701E-1,-5.468021616072E0,
-2.160942114664E0));
#735=CARTESIAN_POINT('',(7.948211037462E-1,-5.530935404600E0,
-1.997186162885E0));
#736=CARTESIAN_POINT('',(6.657815264229E-1,-5.602882124977E0,
-1.783100757734E0));
#737=CARTESIAN_POINT('',(5.037906217755E-1,-5.646245797627E0,
-1.638318532191E0));
#738=CARTESIAN_POINT('',(3.295469089539E-1,-5.672045679131E0,
-1.545714148058E0));
#739=CARTESIAN_POINT('',(1.650902989689E-1,-5.684484281618E0,
-1.498847860740E0));
#740=CARTESIAN_POINT('',(-1.156694353082E-4,-5.688554781172E0,
-1.483249826037E0));
#741=CARTESIAN_POINT('',(-1.653291666985E-1,-5.684473241891E0,
-1.498890301075E0));
#742=CARTESIAN_POINT('',(-3.297925803507E-1,-5.672017362765E0,
-1.545818230187E0));
#743=CARTESIAN_POINT('',(-5.038992223169E-1,-5.646221010689E0,
-1.638403945790E0));
#744=CARTESIAN_POINT('',(-6.658355747788E-1,-5.602857403850E0,
-1.783176452574E0));
#745=CARTESIAN_POINT('',(-7.948126921690E-1,-5.530935191065E0,
-1.997184401005E0));
#746=CARTESIAN_POINT('',(-8.280879708701E-1,-5.468023100318E0,
-2.160938531377E0));
#747=CARTESIAN_POINT('',(-8.280879708701E-1,-5.431256801751E0,
-2.249700228016E0));
#749=CARTESIAN_POINT('',(0.E0,-5.774247078196E0,-2.391771452282E0));
#750=DIRECTION('',(0.E0,9.238795325113E-1,3.826834323651E-1));
#751=DIRECTION('',(0.E0,-3.826834323651E-1,9.238795325113E-1));
#752=AXIS2_PLACEMENT_3D('',#749,#750,#751);
#754=CARTESIAN_POINT('',(0.E0,-5.774247078196E0,-2.391771452282E0));
#755=DIRECTION('',(0.E0,9.238795325113E-1,3.826834323651E-1));
#756=DIRECTION('',(1.E0,0.E0,0.E0));
#757=AXIS2_PLACEMENT_3D('',#754,#755,#756);
#759=CARTESIAN_POINT('',(0.E0,-5.774247078196E0,-2.391771452282E0));
#760=DIRECTION('',(0.E0,3.826834323651E-1,-9.238795325113E-1));
#761=DIRECTION('',(-1.E0,0.E0,0.E0));
#762=AXIS2_PLACEMENT_3D('',#759,#760,#761);
#764=CARTESIAN_POINT('',(-8.280879708701E-1,-5.431256801751E0,
-2.249700228016E0));
#765=CARTESIAN_POINT('',(-8.280879708701E-1,-5.394491978410E0,
-2.338458363143E0));
#766=CARTESIAN_POINT('',(-7.948210783643E-1,-5.323185788724E0,
-2.498738095029E0));
#767=CARTESIAN_POINT('',(-6.657815645798E-1,-5.222678610387E0,
-2.700993250834E0));
#768=CARTESIAN_POINT('',(-5.037907080051E-1,-5.150964868915E0,
-2.834032487616E0));
#769=CARTESIAN_POINT('',(-3.295470927385E-1,-5.103726958810E0,
-2.917756937022E0));
#770=CARTESIAN_POINT('',(-1.650904933783E-1,-5.079382889210E0,
-2.959691862947E0));
#771=CARTESIAN_POINT('',(1.154089616946E-4,-5.071231673107E0,
-2.973599647377E0));
#772=CARTESIAN_POINT('',(1.653288332340E-1,-5.079405045E0,-2.959654128116E0));
#773=CARTESIAN_POINT('',(3.297921668254E-1,-5.103780403368E0,
-2.917663544247E0));
#774=CARTESIAN_POINT('',(5.038990790109E-1,-5.151007644963E0,
-2.833954734230E0));
#775=CARTESIAN_POINT('',(6.658355035072E-1,-5.222714580146E0,
-2.700922392612E0));
#776=CARTESIAN_POINT('',(7.948126964018E-1,-5.323184407605E0,
-2.498739160637E0));
#777=CARTESIAN_POINT('',(8.280879708701E-1,-5.394490502377E0,
-2.338461926602E0));
#778=CARTESIAN_POINT('',(8.280879708701E-1,-5.431256801751E0,
-2.249700228016E0));
#780=CARTESIAN_POINT('',(8.280879708705E-1,-6.117237354640E0,
-2.533842676547E0));
#781=CARTESIAN_POINT('',(8.280879708705E-1,-6.080875683529E0,
-2.621627516095E0));
#782=CARTESIAN_POINT('',(7.981299011842E-1,-6.010972123979E0,
-2.779830585213E0));
#783=CARTESIAN_POINT('',(6.966240149923E-1,-5.919208189841E0,
-2.969011201294E0));
#784=CARTESIAN_POINT('',(5.633846791124E-1,-5.846870916495E0,
-3.108163341008E0));
#785=CARTESIAN_POINT('',(4.168473264834E-1,-5.794762926837E0,
-3.203768200162E0));
#786=CARTESIAN_POINT('',(2.679871868054E-1,-5.761411933542E0,
-3.263103025643E0));
#787=CARTESIAN_POINT('',(1.309391193908E-1,-5.744546988180E0,
-3.292603819409E0));
#788=CARTESIAN_POINT('',(-4.144948616742E-4,-5.739298488218E0,
-3.301724870601E0));
#789=CARTESIAN_POINT('',(-1.317826310846E-1,-5.744616637295E0,
-3.292482597399E0));
#790=CARTESIAN_POINT('',(-2.687228877926E-1,-5.761542847478E0,
-3.262872452162E0));
#791=CARTESIAN_POINT('',(-4.174254324503E-1,-5.794934415464E0,
-3.203458611058E0));
#792=CARTESIAN_POINT('',(-5.637785688728E-1,-5.847052004414E0,
-3.107822734611E0));
#793=CARTESIAN_POINT('',(-6.968316805234E-1,-5.919363082327E0,
-2.968700743070E0));
#794=CARTESIAN_POINT('',(-7.981805547841E-1,-6.011062538207E0,
-2.779630437551E0));
#795=CARTESIAN_POINT('',(-8.280879708705E-1,-6.080907269810E0,
-2.621551260066E0));
#796=CARTESIAN_POINT('',(-8.280879708705E-1,-6.117237354640E0,
-2.533842676548E0));
#798=CARTESIAN_POINT('',(0.E0,-5.774247078196E0,-2.391771452282E0));
#799=DIRECTION('',(0.E0,3.826834323651E-1,-9.238795325113E-1));
#800=DIRECTION('',(-9.124936318132E-1,-3.779507178449E-1,-1.565523132400E-1));
#801=AXIS2_PLACEMENT_3D('',#798,#799,#800);
#803=CARTESIAN_POINT('',(0.E0,-5.774247078196E0,-2.391771452282E0));
#804=DIRECTION('',(0.E0,-9.238795325113E-1,-3.826834323651E-1));
#805=DIRECTION('',(-1.E0,0.E0,0.E0));
#806=AXIS2_PLACEMENT_3D('',#803,#804,#805);
#808=CARTESIAN_POINT('',(0.E0,-5.774247078196E0,-2.391771452282E0));
#809=DIRECTION('',(0.E0,-3.826834323651E-1,9.238795325113E-1));
#810=DIRECTION('',(9.124936318133E-1,-3.779507178447E-1,-1.565523132399E-1));
#811=AXIS2_PLACEMENT_3D('',#808,#809,#810);
#813=CARTESIAN_POINT('',(0.E0,-5.774247078196E0,-2.391771452282E0));
#814=DIRECTION('',(0.E0,-9.238795325113E-1,-3.826834323651E-1));
#815=DIRECTION('',(0.E0,-3.826834323651E-1,9.238795325113E-1));
#816=AXIS2_PLACEMENT_3D('',#813,#814,#815);
#818=CARTESIAN_POINT('',(-8.280879708705E-1,-6.117237354640E0,
-2.533842676548E0));
#819=CARTESIAN_POINT('',(-8.280879708705E-1,-6.153598039130E0,
-2.446060218915E0));
#820=CARTESIAN_POINT('',(-7.981314891644E-1,-6.216033754026E0,
-2.284768585131E0));
#821=CARTESIAN_POINT('',(-6.966307017842E-1,-6.284916634003E0,
-2.086114964251E0));
#822=CARTESIAN_POINT('',(-5.633979488622E-1,-6.332161627775E0,
-1.936571186771E0));
#823=CARTESIAN_POINT('',(-4.168673611072E-1,-6.362918987246E0,
-1.832121757696E0));
#824=CARTESIAN_POINT('',(-2.680136036737E-1,-6.381293161030E0,
-1.766580464776E0));
#825=CARTESIAN_POINT('',(-1.309713247651E-1,-6.390229237890E0,
-1.733790752334E0));
#826=CARTESIAN_POINT('',(3.861555771566E-4,-6.392968995901E0,
-1.723624575507E0));
#827=CARTESIAN_POINT('',(1.317568159984E-1,-6.390195274232E0,
-1.733916451016E0));
#828=CARTESIAN_POINT('',(2.686989782212E-1,-6.381227525461E0,
-1.766818542513E0));
#829=CARTESIAN_POINT('',(4.174065610920E-1,-6.362827917934E0,
-1.832439003350E0));
#830=CARTESIAN_POINT('',(5.637653814493E-1,-6.332056414193E0,
-1.936915284973E0));
#831=CARTESIAN_POINT('',(6.968246213389E-1,-6.284813935689E0,
-2.086422178464E0));
#832=CARTESIAN_POINT('',(7.981788152211E-1,-6.215961270347E0,
-2.284960517268E0));
#833=CARTESIAN_POINT('',(8.280879708705E-1,-6.153568525292E0,
-2.446131471623E0));
#834=CARTESIAN_POINT('',(8.280879708705E-1,-6.117237354640E0,
-2.533842676547E0));
#836=CARTESIAN_POINT('',(0.E0,-5.774247078196E0,2.391771452282E0));
#837=DIRECTION('',(0.E0,3.826834323651E-1,9.238795325113E-1));
#838=DIRECTION('',(1.E0,0.E0,0.E0));
#839=AXIS2_PLACEMENT_3D('',#836,#837,#838);
#841=CARTESIAN_POINT('',(8.280879708701E-1,-5.431256801751E0,2.249700228016E0));
#842=CARTESIAN_POINT('',(8.280879708701E-1,-5.394491987430E0,2.338458341368E0));
#843=CARTESIAN_POINT('',(7.948211037465E-1,-5.323185809965E0,2.498738051829E0));
#844=CARTESIAN_POINT('',(6.657815264231E-1,-5.222678582092E0,2.700993307427E0));
#845=CARTESIAN_POINT('',(5.037906217757E-1,-5.150964835603E0,2.834032547892E0));
#846=CARTESIAN_POINT('',(3.295469089540E-1,-5.103726918781E0,2.917757007045E0));
#847=CARTESIAN_POINT('',(1.650902989690E-1,-5.079382869377E0,2.959691896784E0));
#848=CARTESIAN_POINT('',(-1.156694353034E-4,-5.071231671103E0,
2.973599650733E0));
#849=CARTESIAN_POINT('',(-1.653291666986E-1,-5.079405072959E0,
2.959654080670E0));
#850=CARTESIAN_POINT('',(-3.297925803509E-1,-5.103780493266E0,
2.917663387171E0));
#851=CARTESIAN_POINT('',(-5.038992223171E-1,-5.151007705127E0,
2.833954624345E0));
#852=CARTESIAN_POINT('',(-6.658355747791E-1,-5.222714625951E0,
2.700922302617E0));
#853=CARTESIAN_POINT('',(-7.948126921693E-1,-5.323184413136E0,
2.498739146674E0));
#854=CARTESIAN_POINT('',(-8.280879708701E-1,-5.394490503184E0,
2.338461924655E0));
#855=CARTESIAN_POINT('',(-8.280879708701E-1,-5.431256801751E0,
2.249700228016E0));
#857=CARTESIAN_POINT('',(0.E0,-5.774247078196E0,2.391771452282E0));
#858=DIRECTION('',(0.E0,9.238795325113E-1,-3.826834323651E-1));
#859=DIRECTION('',(0.E0,3.826834323651E-1,9.238795325113E-1));
#860=AXIS2_PLACEMENT_3D('',#857,#858,#859);
#862=CARTESIAN_POINT('',(0.E0,-5.774247078196E0,2.391771452282E0));
#863=DIRECTION('',(0.E0,9.238795325113E-1,-3.826834323651E-1));
#864=DIRECTION('',(1.E0,0.E0,0.E0));
#865=AXIS2_PLACEMENT_3D('',#862,#863,#864);
#867=CARTESIAN_POINT('',(0.E0,-5.774247078196E0,2.391771452282E0));
#868=DIRECTION('',(0.E0,-3.826834323651E-1,-9.238795325113E-1));
#869=DIRECTION('',(-1.E0,0.E0,0.E0));
#870=AXIS2_PLACEMENT_3D('',#867,#868,#869);
#872=CARTESIAN_POINT('',(-8.280879708701E-1,-5.431256801751E0,
2.249700228016E0));
#873=CARTESIAN_POINT('',(-8.280879708701E-1,-5.468021625091E0,
2.160942092889E0));
#874=CARTESIAN_POINT('',(-7.948210783640E-1,-5.530935420128E0,
1.997186117318E0));
#875=CARTESIAN_POINT('',(-6.657815645796E-1,-5.602882104966E0,
1.783100817759E0));
#876=CARTESIAN_POINT('',(-5.037907080048E-1,-5.646245778560E0,
1.638318598367E0));
#877=CARTESIAN_POINT('',(-3.295470927383E-1,-5.672045657921E0,
1.545714225877E0));
#878=CARTESIAN_POINT('',(-1.650904933782E-1,-5.684484271716E0,
1.498847898691E0));
#879=CARTESIAN_POINT('',(1.154089617137E-4,-5.688554780216E0,1.483249829827E0));
#880=CARTESIAN_POINT('',(1.653288332339E-1,-5.684473255670E0,1.498890247755E0));
#881=CARTESIAN_POINT('',(3.297921668252E-1,-5.672017410266E0,1.545818055550E0));
#882=CARTESIAN_POINT('',(5.038990790107E-1,-5.646221045847E0,1.638403825547E0));
#883=CARTESIAN_POINT('',(6.658355035069E-1,-5.602857435097E0,1.783176356548E0));
#884=CARTESIAN_POINT('',(7.948126964016E-1,-5.530935197027E0,1.997184387220E0));
#885=CARTESIAN_POINT('',(8.280879708701E-1,-5.468023101124E0,2.160938529431E0));
#886=CARTESIAN_POINT('',(8.280879708701E-1,-5.431256801751E0,2.249700228016E0));
#888=CARTESIAN_POINT('',(8.280879708705E-1,-6.117237354640E0,2.533842676547E0));
#889=CARTESIAN_POINT('',(8.280879708705E-1,-6.153599025752E0,2.446057836999E0));
#890=CARTESIAN_POINT('',(7.981299011841E-1,-6.216036207742E0,2.284762093035E0));
#891=CARTESIAN_POINT('',(6.966240149921E-1,-6.284920204145E0,2.086104296438E0));
#892=CARTESIAN_POINT('',(5.633846791123E-1,-6.332165449238E0,1.936558698314E0));
#893=CARTESIAN_POINT('',(4.168473264833E-1,-6.362922380619E0,1.832109941250E0));
#894=CARTESIAN_POINT('',(2.679871868052E-1,-6.381295724559E0,1.766571170274E0));
#895=CARTESIAN_POINT('',(1.309391193907E-1,-6.390230618652E0,1.733785641722E0));
#896=CARTESIAN_POINT('',(-4.144948618053E-4,-6.392968925887E0,
1.723624834659E0));
#897=CARTESIAN_POINT('',(-1.317826310847E-1,-6.390194151108E0,
1.733920607989E0));
#898=CARTESIAN_POINT('',(-2.687228877928E-1,-6.381225254619E0,
1.766826780478E0));
#899=CARTESIAN_POINT('',(-4.174254324505E-1,-6.362824728836E0,
1.832450114576E0));
#900=CARTESIAN_POINT('',(-5.637785688730E-1,-6.332052652640E0,
1.936927591903E0));
#901=CARTESIAN_POINT('',(-6.968316805236E-1,-6.284810202557E0,
2.086433349081E0));
#902=CARTESIAN_POINT('',(-7.981805547842E-1,-6.215958614487E0,
2.284967551318E0));
#903=CARTESIAN_POINT('',(-8.280879708706E-1,-6.153567439470E0,
2.446134093029E0));
#904=CARTESIAN_POINT('',(-8.280879708706E-1,-6.117237354640E0,
2.533842676547E0));
#906=CARTESIAN_POINT('',(0.E0,-5.774247078196E0,2.391771452282E0));
#907=DIRECTION('',(0.E0,-3.826834323651E-1,-9.238795325113E-1));
#908=DIRECTION('',(-9.124936318134E-1,-3.779507178446E-1,1.565523132399E-1));
#909=AXIS2_PLACEMENT_3D('',#906,#907,#908);
#911=CARTESIAN_POINT('',(0.E0,-5.774247078196E0,2.391771452282E0));
#912=DIRECTION('',(0.E0,-9.238795325113E-1,3.826834323651E-1));
#913=DIRECTION('',(-1.E0,0.E0,0.E0));
#914=AXIS2_PLACEMENT_3D('',#911,#912,#913);
#916=CARTESIAN_POINT('',(0.E0,-5.774247078196E0,2.391771452282E0));
#917=DIRECTION('',(0.E0,3.826834323651E-1,9.238795325113E-1));
#918=DIRECTION('',(9.124936318133E-1,-3.779507178447E-1,1.565523132399E-1));
#919=AXIS2_PLACEMENT_3D('',#916,#917,#918);
#921=CARTESIAN_POINT('',(0.E0,-5.774247078196E0,2.391771452282E0));
#922=DIRECTION('',(0.E0,-9.238795325113E-1,3.826834323651E-1));
#923=DIRECTION('',(0.E0,3.826834323651E-1,9.238795325113E-1));
#924=AXIS2_PLACEMENT_3D('',#921,#922,#923);
#926=CARTESIAN_POINT('',(-8.280879708706E-1,-6.117237354640E0,
2.533842676547E0));
#927=CARTESIAN_POINT('',(-8.280879708706E-1,-6.080876670150E0,
2.621625134179E0));
#928=CARTESIAN_POINT('',(-7.981314891642E-1,-6.010974979544E0,
2.779824259569E0));
#929=CARTESIAN_POINT('',(-6.966307017840E-1,-5.919213208652E0,
2.969001133540E0));
#930=CARTESIAN_POINT('',(-5.633979488619E-1,-5.846877044985E0,
3.108151808153E0));
#931=CARTESIAN_POINT('',(-4.168673611067E-1,-5.794768882848E0,
3.203757445196E0));
#932=CARTESIAN_POINT('',(-2.680136036732E-1,-5.761416693059E0,
3.263094640749E0));
#933=CARTESIAN_POINT('',(-1.309713247646E-1,-5.744549625582E0,
3.292599229315E0));
#934=CARTESIAN_POINT('',(3.861555776493E-4,-5.739298354477E0,3.301725103356E0));
#935=CARTESIAN_POINT('',(1.317568159988E-1,-5.744614492040E0,3.292486330992E0));
#936=CARTESIAN_POINT('',(2.686989782217E-1,-5.761538628085E0,3.262879883010E0));
#937=CARTESIAN_POINT('',(4.174065610924E-1,-5.794928813674E0,3.203468722914E0));
#938=CARTESIAN_POINT('',(5.637653814497E-1,-5.847045961920E0,3.107834096743E0));
#939=CARTESIAN_POINT('',(6.968246213392E-1,-5.919357823231E0,2.968711281612E0));
#940=CARTESIAN_POINT('',(7.981788152212E-1,-6.011059442359E0,2.779637289351E0));
#941=CARTESIAN_POINT('',(8.280879708705E-1,-6.080906183989E0,2.621553881471E0));
#942=CARTESIAN_POINT('',(8.280879708705E-1,-6.117237354640E0,2.533842676547E0));
#944=CARTESIAN_POINT('',(0.E0,-2.391771452282E0,5.774247078196E0));
#945=DIRECTION('',(0.E0,9.238795325113E-1,3.826834323651E-1));
#946=DIRECTION('',(1.E0,0.E0,0.E0));
#947=AXIS2_PLACEMENT_3D('',#944,#945,#946);
#949=CARTESIAN_POINT('',(8.280879708701E-1,-2.249700228016E0,5.431256801751E0));
#950=CARTESIAN_POINT('',(8.280879708701E-1,-2.160942114664E0,5.468021616072E0));
#951=CARTESIAN_POINT('',(7.948211037462E-1,-1.997186162885E0,5.530935404600E0));
#952=CARTESIAN_POINT('',(6.657815264229E-1,-1.783100757734E0,5.602882124977E0));
#953=CARTESIAN_POINT('',(5.037906217755E-1,-1.638318532191E0,5.646245797627E0));
#954=CARTESIAN_POINT('',(3.295469089539E-1,-1.545714148058E0,5.672045679131E0));
#955=CARTESIAN_POINT('',(1.650902989689E-1,-1.498847860740E0,5.684484281618E0));
#956=CARTESIAN_POINT('',(-1.156694353077E-4,-1.483249826037E0,
5.688554781172E0));
#957=CARTESIAN_POINT('',(-1.653291666985E-1,-1.498890301075E0,
5.684473241891E0));
#958=CARTESIAN_POINT('',(-3.297925803507E-1,-1.545818230187E0,
5.672017362765E0));
#959=CARTESIAN_POINT('',(-5.038992223169E-1,-1.638403945790E0,
5.646221010689E0));
#960=CARTESIAN_POINT('',(-6.658355747788E-1,-1.783176452574E0,
5.602857403850E0));
#961=CARTESIAN_POINT('',(-7.948126921690E-1,-1.997184401005E0,
5.530935191065E0));
#962=CARTESIAN_POINT('',(-8.280879708701E-1,-2.160938531377E0,
5.468023100318E0));
#963=CARTESIAN_POINT('',(-8.280879708701E-1,-2.249700228016E0,
5.431256801751E0));
#965=CARTESIAN_POINT('',(0.E0,-2.391771452282E0,5.774247078196E0));
#966=DIRECTION('',(0.E0,3.826834323651E-1,-9.238795325113E-1));
#967=DIRECTION('',(0.E0,9.238795325113E-1,3.826834323651E-1));
#968=AXIS2_PLACEMENT_3D('',#965,#966,#967);
#970=CARTESIAN_POINT('',(0.E0,-2.391771452282E0,5.774247078196E0));
#971=DIRECTION('',(0.E0,3.826834323651E-1,-9.238795325113E-1));
#972=DIRECTION('',(1.E0,0.E0,0.E0));
#973=AXIS2_PLACEMENT_3D('',#970,#971,#972);
#975=CARTESIAN_POINT('',(0.E0,-2.391771452282E0,5.774247078196E0));
#976=DIRECTION('',(0.E0,-9.238795325113E-1,-3.826834323651E-1));
#977=DIRECTION('',(-1.E0,0.E0,0.E0));
#978=AXIS2_PLACEMENT_3D('',#975,#976,#977);
#980=CARTESIAN_POINT('',(-8.280879708701E-1,-2.249700228016E0,
5.431256801751E0));
#981=CARTESIAN_POINT('',(-8.280879708701E-1,-2.338458363143E0,
5.394491978410E0));
#982=CARTESIAN_POINT('',(-7.948210783643E-1,-2.498738095030E0,
5.323185788724E0));
#983=CARTESIAN_POINT('',(-6.657815645798E-1,-2.700993250834E0,
5.222678610387E0));
#984=CARTESIAN_POINT('',(-5.037907080050E-1,-2.834032487616E0,
5.150964868915E0));
#985=CARTESIAN_POINT('',(-3.295470927385E-1,-2.917756937022E0,
5.103726958810E0));
#986=CARTESIAN_POINT('',(-1.650904933783E-1,-2.959691862947E0,
5.079382889210E0));
#987=CARTESIAN_POINT('',(1.154089616942E-4,-2.973599647377E0,5.071231673107E0));
#988=CARTESIAN_POINT('',(1.653288332340E-1,-2.959654128116E0,5.079405045E0));
#989=CARTESIAN_POINT('',(3.297921668254E-1,-2.917663544247E0,5.103780403368E0));
#990=CARTESIAN_POINT('',(5.038990790109E-1,-2.833954734230E0,5.151007644963E0));
#991=CARTESIAN_POINT('',(6.658355035072E-1,-2.700922392612E0,5.222714580146E0));
#992=CARTESIAN_POINT('',(7.948126964018E-1,-2.498739160637E0,5.323184407605E0));
#993=CARTESIAN_POINT('',(8.280879708701E-1,-2.338461926602E0,5.394490502377E0));
#994=CARTESIAN_POINT('',(8.280879708701E-1,-2.249700228016E0,5.431256801751E0));
#996=CARTESIAN_POINT('',(8.280879708705E-1,-2.533842676547E0,6.117237354640E0));
#997=CARTESIAN_POINT('',(8.280879708705E-1,-2.621627516095E0,6.080875683529E0));
#998=CARTESIAN_POINT('',(7.981299011842E-1,-2.779830585213E0,6.010972123979E0));
#999=CARTESIAN_POINT('',(6.966240149923E-1,-2.969011201294E0,5.919208189841E0));
#1000=CARTESIAN_POINT('',(5.633846791124E-1,-3.108163341008E0,
5.846870916495E0));
#1001=CARTESIAN_POINT('',(4.168473264834E-1,-3.203768200162E0,
5.794762926837E0));
#1002=CARTESIAN_POINT('',(2.679871868053E-1,-3.263103025643E0,
5.761411933542E0));
#1003=CARTESIAN_POINT('',(1.309391193908E-1,-3.292603819409E0,
5.744546988180E0));
#1004=CARTESIAN_POINT('',(-4.144948616750E-4,-3.301724870601E0,
5.739298488218E0));
#1005=CARTESIAN_POINT('',(-1.317826310846E-1,-3.292482597399E0,
5.744616637295E0));
#1006=CARTESIAN_POINT('',(-2.687228877926E-1,-3.262872452162E0,
5.761542847478E0));
#1007=CARTESIAN_POINT('',(-4.174254324503E-1,-3.203458611058E0,
5.794934415464E0));
#1008=CARTESIAN_POINT('',(-5.637785688728E-1,-3.107822734611E0,
5.847052004414E0));
#1009=CARTESIAN_POINT('',(-6.968316805234E-1,-2.968700743070E0,
5.919363082327E0));
#1010=CARTESIAN_POINT('',(-7.981805547841E-1,-2.779630437551E0,
6.011062538207E0));
#1011=CARTESIAN_POINT('',(-8.280879708705E-1,-2.621551260066E0,
6.080907269810E0));
#1012=CARTESIAN_POINT('',(-8.280879708705E-1,-2.533842676548E0,
6.117237354640E0));
#1014=CARTESIAN_POINT('',(0.E0,-2.391771452282E0,5.774247078196E0));
#1015=DIRECTION('',(0.E0,-9.238795325113E-1,-3.826834323651E-1));
#1016=DIRECTION('',(-9.124936318132E-1,-1.565523132400E-1,3.779507178449E-1));
#1017=AXIS2_PLACEMENT_3D('',#1014,#1015,#1016);
#1019=CARTESIAN_POINT('',(0.E0,-2.391771452282E0,5.774247078196E0));
#1020=DIRECTION('',(0.E0,-3.826834323651E-1,9.238795325113E-1));
#1021=DIRECTION('',(-1.E0,0.E0,0.E0));
#1022=AXIS2_PLACEMENT_3D('',#1019,#1020,#1021);
#1024=CARTESIAN_POINT('',(0.E0,-2.391771452282E0,5.774247078196E0));
#1025=DIRECTION('',(0.E0,9.238795325113E-1,3.826834323651E-1));
#1026=DIRECTION('',(9.124936318133E-1,-1.565523132399E-1,3.779507178447E-1));
#1027=AXIS2_PLACEMENT_3D('',#1024,#1025,#1026);
#1029=CARTESIAN_POINT('',(0.E0,-2.391771452282E0,5.774247078196E0));
#1030=DIRECTION('',(0.E0,-3.826834323651E-1,9.238795325113E-1));
#1031=DIRECTION('',(0.E0,9.238795325113E-1,3.826834323651E-1));
#1032=AXIS2_PLACEMENT_3D('',#1029,#1030,#1031);
#1034=CARTESIAN_POINT('',(-8.280879708705E-1,-2.533842676548E0,
6.117237354640E0));
#1035=CARTESIAN_POINT('',(-8.280879708705E-1,-2.446060218915E0,
6.153598039130E0));
#1036=CARTESIAN_POINT('',(-7.981314891644E-1,-2.284768585131E0,
6.216033754026E0));
#1037=CARTESIAN_POINT('',(-6.966307017842E-1,-2.086114964251E0,
6.284916634003E0));
#1038=CARTESIAN_POINT('',(-5.633979488622E-1,-1.936571186771E0,
6.332161627775E0));
#1039=CARTESIAN_POINT('',(-4.168673611072E-1,-1.832121757696E0,
6.362918987246E0));
#1040=CARTESIAN_POINT('',(-2.680136036737E-1,-1.766580464776E0,
6.381293161030E0));
#1041=CARTESIAN_POINT('',(-1.309713247651E-1,-1.733790752334E0,
6.390229237890E0));
#1042=CARTESIAN_POINT('',(3.861555771569E-4,-1.723624575507E0,
6.392968995901E0));
#1043=CARTESIAN_POINT('',(1.317568159984E-1,-1.733916451016E0,
6.390195274232E0));
#1044=CARTESIAN_POINT('',(2.686989782212E-1,-1.766818542513E0,
6.381227525461E0));
#1045=CARTESIAN_POINT('',(4.174065610920E-1,-1.832439003350E0,
6.362827917934E0));
#1046=CARTESIAN_POINT('',(5.637653814493E-1,-1.936915284973E0,
6.332056414193E0));
#1047=CARTESIAN_POINT('',(6.968246213389E-1,-2.086422178464E0,
6.284813935689E0));
#1048=CARTESIAN_POINT('',(7.981788152211E-1,-2.284960517268E0,
6.215961270347E0));
#1049=CARTESIAN_POINT('',(8.280879708705E-1,-2.446131471623E0,
6.153568525292E0));
#1050=CARTESIAN_POINT('',(8.280879708705E-1,-2.533842676547E0,
6.117237354640E0));
#1052=CARTESIAN_POINT('',(0.E0,-4.419417382416E0,4.419417382416E0));
#1053=DIRECTION('',(0.E0,7.071067811865E-1,7.071067811866E-1));
#1054=DIRECTION('',(1.E0,0.E0,0.E0));
#1055=AXIS2_PLACEMENT_3D('',#1052,#1053,#1054);
#1057=CARTESIAN_POINT('',(8.280879708701E-1,-4.156903989900E0,
4.156903989900E0));
#1058=CARTESIAN_POINT('',(8.280879708700E-1,-4.088971470965E0,
4.224836508836E0));
#1059=CARTESIAN_POINT('',(7.948211037466E-1,-3.961756763326E0,
4.345627960067E0));
#1060=CARTESIAN_POINT('',(6.657815264230E-1,-3.791500457199E0,
4.494025000117E0));
#1061=CARTESIAN_POINT('',(5.037906217757E-1,-3.674333681437E0,
4.589493568749E0));
#1062=CARTESIAN_POINT('',(3.295469089540E-1,-3.598651573525E0,
4.648767714784E0));
#1063=CARTESIAN_POINT('',(1.650902989690E-1,-3.560112817001E0,
4.678194436728E0));
#1064=CARTESIAN_POINT('',(-1.156694353023E-4,-3.547259824732E0,
4.687924197411E0));
#1065=CARTESIAN_POINT('',(-1.653291666985E-1,-3.560147802037E0,
4.678167996137E0));
#1066=CARTESIAN_POINT('',(-3.297925803508E-1,-3.598736896670E0,
4.648701723366E0));
#1067=CARTESIAN_POINT('',(-5.038992223171E-1,-3.674403107763E0,
4.589437982236E0));
#1068=CARTESIAN_POINT('',(-6.658355747790E-1,-3.791560929746E0,
4.493973193613E0));
#1069=CARTESIAN_POINT('',(-7.948126921694E-1,-3.961755053845E0,
4.345628437028E0));
#1070=CARTESIAN_POINT('',(-8.280879708700E-1,-4.088968728435E0,
4.224839251365E0));
#1071=CARTESIAN_POINT('',(-8.280879708701E-1,-4.156903989900E0,
4.156903989900E0));
#1073=CARTESIAN_POINT('',(0.E0,-4.419417382416E0,4.419417382416E0));
#1074=DIRECTION('',(0.E0,7.071067811866E-1,-7.071067811865E-1));
#1075=DIRECTION('',(0.E0,7.071067811865E-1,7.071067811866E-1));
#1076=AXIS2_PLACEMENT_3D('',#1073,#1074,#1075);
#1078=CARTESIAN_POINT('',(0.E0,-4.419417382416E0,4.419417382416E0));
#1079=DIRECTION('',(0.E0,7.071067811866E-1,-7.071067811865E-1));
#1080=DIRECTION('',(1.E0,0.E0,0.E0));
#1081=AXIS2_PLACEMENT_3D('',#1078,#1079,#1080);
#1083=CARTESIAN_POINT('',(0.E0,-4.419417382416E0,4.419417382416E0));
#1084=DIRECTION('',(0.E0,-7.071067811865E-1,-7.071067811866E-1));
#1085=DIRECTION('',(-1.E0,0.E0,0.E0));
#1086=AXIS2_PLACEMENT_3D('',#1083,#1084,#1085);
#1088=CARTESIAN_POINT('',(-8.280879708701E-1,-4.156903989900E0,
4.156903989900E0));
#1089=CARTESIAN_POINT('',(-8.280879708701E-1,-4.224836525502E0,
4.088971454299E0));
#1090=CARTESIAN_POINT('',(-7.948210783644E-1,-4.345627991851E0,
3.961756727170E0));
#1091=CARTESIAN_POINT('',(-6.657815645797E-1,-4.494024958659E0,
3.791500504997E0));
#1092=CARTESIAN_POINT('',(-5.037907080050E-1,-4.589493525809E0,
3.674333735280E0));
#1093=CARTESIAN_POINT('',(-3.295470927384E-1,-4.648767665409E0,
3.598651637304E0));
#1094=CARTESIAN_POINT('',(-1.650904933783E-1,-4.678194413056E0,
3.560112848273E0));
#1095=CARTESIAN_POINT('',(1.154089617127E-4,-4.687924195078E0,
3.547259827868E0));
#1096=CARTESIAN_POINT('',(1.653288332339E-1,-4.678168029272E0,
3.560147758049E0));
#1097=CARTESIAN_POINT('',(3.297921668253E-1,-4.648701834083E0,
3.598736753504E0));
#1098=CARTESIAN_POINT('',(5.038990790108E-1,-4.589438060732E0,
3.674403010128E0));
#1099=CARTESIAN_POINT('',(6.658355035071E-1,-4.493973259229E0,
3.791560852988E0));
#1100=CARTESIAN_POINT('',(7.948126964019E-1,-4.345628447812E0,
3.961755043392E0));
#1101=CARTESIAN_POINT('',(8.280879708701E-1,-4.224839252855E0,
4.088968726945E0));
#1102=CARTESIAN_POINT('',(8.280879708701E-1,-4.156903989900E0,
4.156903989900E0));
#1104=CARTESIAN_POINT('',(8.280879708704E-1,-4.681930774931E0,
4.681930774931E0));
#1105=CARTESIAN_POINT('',(8.280879708704E-1,-4.749118382347E0,
4.614743167516E0));
#1106=CARTESIAN_POINT('',(7.981299011840E-1,-4.868528025782E0,
4.489619006097E0));
#1107=CARTESIAN_POINT('',(6.966240149921E-1,-5.008191587644E0,
4.332443898026E0));
#1108=CARTESIAN_POINT('',(5.633846791123E-1,-5.109069125379E0,
4.212361753297E0));
#1109=CARTESIAN_POINT('',(4.168473264834E-1,-5.177455633624E0,
4.127633852520E0));
#1110=CARTESIAN_POINT('',(2.679871868054E-1,-5.219510991864E0,
4.074115097752E0));
#1111=CARTESIAN_POINT('',(1.309391193909E-1,-5.240312236240E0,
4.047244454899E0));
#1112=CARTESIAN_POINT('',(-4.144948616369E-4,-5.246730474770E0,
4.038904998031E0));
#1113=CARTESIAN_POINT('',(-1.317826310846E-1,-5.240226895268E0,
4.047355191946E0));
#1114=CARTESIAN_POINT('',(-2.687228877926E-1,-5.219348068339E0,
4.074324283109E0));
#1115=CARTESIAN_POINT('',(-4.174254324503E-1,-5.177235236444E0,
4.127910761973E0));
#1116=CARTESIAN_POINT('',(-5.637785688728E-1,-5.108823745446E0,
4.212659401144E0));
#1117=CARTESIAN_POINT('',(-6.968316805233E-1,-5.007964036433E0,
4.332705807242E0));
#1118=CARTESIAN_POINT('',(-7.981805547839E-1,-4.868377713480E0,
4.489779131146E0));
#1119=CARTESIAN_POINT('',(-8.280879708704E-1,-4.749060018509E0,
4.614801531354E0));
#1120=CARTESIAN_POINT('',(-8.280879708704E-1,-4.681930774932E0,
4.681930774931E0));
#1122=CARTESIAN_POINT('',(0.E0,-4.419417382416E0,4.419417382416E0));
#1123=DIRECTION('',(0.E0,-7.071067811865E-1,-7.071067811866E-1));
#1124=DIRECTION('',(-9.124936318130E-1,-2.892709559399E-1,2.892709559399E-1));
#1125=AXIS2_PLACEMENT_3D('',#1122,#1123,#1124);
#1127=CARTESIAN_POINT('',(0.E0,-4.419417382416E0,4.419417382416E0));
#1128=DIRECTION('',(0.E0,-7.071067811866E-1,7.071067811865E-1));
#1129=DIRECTION('',(-1.E0,0.E0,0.E0));
#1130=AXIS2_PLACEMENT_3D('',#1127,#1128,#1129);
#1132=CARTESIAN_POINT('',(0.E0,-4.419417382416E0,4.419417382416E0));
#1133=DIRECTION('',(0.E0,7.071067811865E-1,7.071067811866E-1));
#1134=DIRECTION('',(9.124936318132E-1,-2.892709559395E-1,2.892709559395E-1));
#1135=AXIS2_PLACEMENT_3D('',#1132,#1133,#1134);
#1137=CARTESIAN_POINT('',(0.E0,-4.419417382416E0,4.419417382416E0));
#1138=DIRECTION('',(0.E0,-7.071067811866E-1,7.071067811865E-1));
#1139=DIRECTION('',(0.E0,7.071067811865E-1,7.071067811866E-1));
#1140=AXIS2_PLACEMENT_3D('',#1137,#1138,#1139);
#1142=CARTESIAN_POINT('',(-8.280879708704E-1,-4.681930774932E0,
4.681930774931E0));
#1143=CARTESIAN_POINT('',(-8.280879708704E-1,-4.614744990555E0,
4.749116559307E0));
#1144=CARTESIAN_POINT('',(-7.981314891642E-1,-4.489624065015E0,
4.868523274426E0));
#1145=CARTESIAN_POINT('',(-6.966307017841E-1,-4.332452387566E0,
5.008184206868E0));
#1146=CARTESIAN_POINT('',(-5.633979488622E-1,-4.212371828716E0,
5.109060815681E0));
#1147=CARTESIAN_POINT('',(-4.168673611071E-1,-4.127643470905E0,
5.177447976598E0));
#1148=CARTESIAN_POINT('',(-2.680136036737E-1,-4.074122703732E0,
5.219505066620E0));
#1149=CARTESIAN_POINT('',(-1.309713247651E-1,-4.047248648094E0,
5.240309004835E0));
#1150=CARTESIAN_POINT('',(3.861555771483E-4,-4.038904785399E0,
5.246730638628E0));
#1151=CARTESIAN_POINT('',(1.317568159984E-1,-4.047351781204E0,
5.240229523705E0));
#1152=CARTESIAN_POINT('',(2.686989782212E-1,-4.074317541235E0,
5.219353318856E0));
#1153=CARTESIAN_POINT('',(4.174065610920E-1,-4.127901716954E0,
5.177242434869E0));
#1154=CARTESIAN_POINT('',(5.637653814493E-1,-4.212649470508E0,
5.108831930326E0));
#1155=CARTESIAN_POINT('',(6.968246213389E-1,-4.332696915546E0,
5.007971760208E0));
#1156=CARTESIAN_POINT('',(7.981788152209E-1,-4.489773648885E0,
4.868382858989E0));
#1157=CARTESIAN_POINT('',(8.280879708704E-1,-4.614799525017E0,
4.749062024845E0));
#1158=CARTESIAN_POINT('',(8.280879708704E-1,-4.681930774931E0,
4.681930774931E0));
#1160=CARTESIAN_POINT('',(0.E0,-6.25E0,-4.364354201387E-14));
#1161=DIRECTION('',(0.E0,0.E0,1.E0));
#1162=DIRECTION('',(1.E0,0.E0,0.E0));
#1163=AXIS2_PLACEMENT_3D('',#1160,#1161,#1162);
#1165=CARTESIAN_POINT('',(8.280879708702E-1,-5.87875E0,-4.337934132060E-14));
#1166=CARTESIAN_POINT('',(8.280879708702E-1,-5.87875E0,9.607108960475E-2));
#1167=CARTESIAN_POINT('',(7.948211037466E-1,-5.874208071837E0,
2.714379263175E-1));
#1168=CARTESIAN_POINT('',(6.657815264231E-1,-5.858751236562E0,
4.967598682474E-1));
#1169=CARTESIAN_POINT('',(5.037906217757E-1,-5.843408287161E0,
6.471157621880E-1));
#1170=CARTESIAN_POINT('',(3.295469089540E-1,-5.831806106052E0,
7.425442445172E-1));
#1171=CARTESIAN_POINT('',(1.650902989690E-1,-5.825362924610E0,
7.906030952288E-1));
#1172=CARTESIAN_POINT('',(-1.156694352974E-4,-5.823154466377E0,
8.065715129794E-1));
#1173=CARTESIAN_POINT('',(-1.653291666985E-1,-5.825368966445E0,
7.905596607517E-1));
#1174=CARTESIAN_POINT('',(-3.297925803508E-1,-5.831819775648E0,
7.424372489644E-1));
#1175=CARTESIAN_POINT('',(-5.038992223170E-1,-5.843418073386E0,
6.470273647617E-1));
#1176=CARTESIAN_POINT('',(-6.658355747790E-1,-5.858757364380E0,
4.966804749689E-1));
#1177=CARTESIAN_POINT('',(-7.948126921694E-1,-5.874207200314E0,
2.714394723660E-1));
#1178=CARTESIAN_POINT('',(-8.280879708702E-1,-5.87875E0,9.607496812690E-2));
#1179=CARTESIAN_POINT('',(-8.280879708702E-1,-5.87875E0,-4.337934132060E-14));
#1181=CARTESIAN_POINT('',(0.E0,-6.25E0,-4.364354201387E-14));
#1182=DIRECTION('',(0.E0,1.E0,0.E0));
#1183=DIRECTION('',(0.E0,0.E0,1.E0));
#1184=AXIS2_PLACEMENT_3D('',#1181,#1182,#1183);
#1186=CARTESIAN_POINT('',(0.E0,-6.25E0,-4.364354201387E-14));
#1187=DIRECTION('',(0.E0,1.E0,0.E0));
#1188=DIRECTION('',(1.E0,0.E0,0.E0));
#1189=AXIS2_PLACEMENT_3D('',#1186,#1187,#1188);
#1191=CARTESIAN_POINT('',(0.E0,-6.25E0,-4.364354201387E-14));
#1192=DIRECTION('',(0.E0,0.E0,-1.E0));
#1193=DIRECTION('',(-1.E0,0.E0,0.E0));
#1194=AXIS2_PLACEMENT_3D('',#1191,#1192,#1193);
#1196=CARTESIAN_POINT('',(-8.280879708702E-1,-5.87875E0,-4.337934132060E-14));
#1197=CARTESIAN_POINT('',(-8.280879708702E-1,-5.87875E0,-9.607111317418E-2));
#1198=CARTESIAN_POINT('',(-7.948210783644E-1,-5.874208068745E0,
-2.714379743586E-1));
#1199=CARTESIAN_POINT('',(-6.657815645798E-1,-5.858751241045E0,
-4.967598051339E-1));
#1200=CARTESIAN_POINT('',(-5.037907080050E-1,-5.843408294871E0,
-6.471156937523E-1));
#1201=CARTESIAN_POINT('',(-3.295470927384E-1,-5.831806116237E0,
-7.425441645057E-1));
#1202=CARTESIAN_POINT('',(-1.650904933783E-1,-5.825362929985E0,
-7.906030563779E-1));
#1203=CARTESIAN_POINT('',(1.154089616926E-4,-5.823154466944E0,
-8.065715091121E-1));
#1204=CARTESIAN_POINT('',(1.653288332339E-1,-5.825368958771E0,
-7.905597152857E-1));
#1205=CARTESIAN_POINT('',(3.297921668253E-1,-5.831819752703E0,
-7.424374284863E-1));
#1206=CARTESIAN_POINT('',(5.038990790108E-1,-5.843418059853E0,
-6.470274893058E-1));
#1207=CARTESIAN_POINT('',(6.658355035071E-1,-5.858757356501E0,
-4.966805756425E-1));
#1208=CARTESIAN_POINT('',(7.948126964019E-1,-5.874207200547E0,
-2.714394873832E-1));
#1209=CARTESIAN_POINT('',(8.280879708702E-1,-5.87875E0,-9.607497023403E-2));
#1210=CARTESIAN_POINT('',(8.280879708702E-1,-5.87875E0,-4.337934132060E-14));
#1212=CARTESIAN_POINT('',(8.280879708702E-1,-6.62125E0,-4.518339960403E-14));
#1213=CARTESIAN_POINT('',(8.280879708702E-1,-6.62125E0,-9.501762563053E-2));
#1214=CARTESIAN_POINT('',(7.981299011840E-1,-6.617209225582E0,
-2.679291372717E-1));
#1215=CARTESIAN_POINT('',(6.966240149921E-1,-6.604826692509E0,
-4.778257736999E-1));
#1216=CARTESIAN_POINT('',(5.633846791123E-1,-6.591246984673E0,
-6.340678635390E-1));
#1217=CARTESIAN_POINT('',(4.168473264834E-1,-6.579691875200E0,
-7.423361004560E-1));
#1218=CARTESIAN_POINT('',(2.679871868053E-1,-6.571586029779E0,
-8.099172038702E-1));
#1219=CARTESIAN_POINT('',(1.309391193908E-1,-6.567294316959E0,
-8.436263186014E-1));
#1220=CARTESIAN_POINT('',(-4.144948616904E-4,-6.565935810444E0,
-8.540615850921E-1));
#1221=CARTESIAN_POINT('',(-1.317826310846E-1,-6.567312274696E0,
-8.434876705043E-1));
#1222=CARTESIAN_POINT('',(-2.687228877927E-1,-6.571618741835E0,
-8.096540831554E-1));
#1223=CARTESIAN_POINT('',(-4.174254324504E-1,-6.579731835412E0,
-7.419844515632E-1));
#1224=CARTESIAN_POINT('',(-5.637785688729E-1,-6.591283943670E0,
-6.336838849135E-1));
#1225=CARTESIAN_POINT('',(-6.968316805235E-1,-6.604850987288E0,
-4.774796729126E-1));
#1226=CARTESIAN_POINT('',(-7.981805547840E-1,-6.617216164243E0,
-2.677096249156E-1));
#1227=CARTESIAN_POINT('',(-8.280879708704E-1,-6.62125E0,-9.493508669893E-2));
#1228=CARTESIAN_POINT('',(-8.280879708704E-1,-6.62125E0,-1.177138997284E-13));
#1230=CARTESIAN_POINT('',(0.E0,-6.25E0,-4.364354201387E-14));
#1231=DIRECTION('',(0.E0,0.E0,-1.E0));
#1232=DIRECTION('',(-9.124936318130E-1,-4.090909090908E-1,0.E0));
#1233=AXIS2_PLACEMENT_3D('',#1230,#1231,#1232);
#1235=CARTESIAN_POINT('',(0.E0,-6.25E0,-4.364354201387E-14));
#1236=DIRECTION('',(0.E0,-1.E0,0.E0));
#1237=DIRECTION('',(-1.E0,0.E0,0.E0));
#1238=AXIS2_PLACEMENT_3D('',#1235,#1236,#1237);
#1240=CARTESIAN_POINT('',(0.E0,-6.25E0,-4.364354201387E-14));
#1241=DIRECTION('',(0.E0,0.E0,1.E0));
#1242=DIRECTION('',(9.124936318129E-1,-4.090909090909E-1,0.E0));
#1243=AXIS2_PLACEMENT_3D('',#1240,#1241,#1242);
#1245=CARTESIAN_POINT('',(0.E0,-6.25E0,-4.364354201387E-14));
#1246=DIRECTION('',(0.E0,-1.E0,0.E0));
#1247=DIRECTION('',(0.E0,0.E0,1.E0));
#1248=AXIS2_PLACEMENT_3D('',#1245,#1246,#1247);
#1250=CARTESIAN_POINT('',(-8.280879708704E-1,-6.62125E0,-1.177138997284E-13));
#1251=CARTESIAN_POINT('',(-8.280879708704E-1,-6.62125E0,9.501504746338E-2));
#1252=CARTESIAN_POINT('',(-7.981314891640E-1,-6.617209443062E0,
2.679222003613E-1));
#1253=CARTESIAN_POINT('',(-6.966307017839E-1,-6.604827476523E0,
4.778145516921E-1));
#1254=CARTESIAN_POINT('',(-5.633979488618E-1,-6.591248233227E0,
6.340548632983E-1));
#1255=CARTESIAN_POINT('',(-4.168673611068E-1,-6.579693262090E0,
7.423238848960E-1));
#1256=CARTESIAN_POINT('',(-2.680136036733E-1,-6.571587218240E0,
8.099076358498E-1));
#1257=CARTESIAN_POINT('',(-1.309713247647E-1,-6.567294997048E0,
8.436210686167E-1));
#1258=CARTESIAN_POINT('',(3.861555775443E-4,-6.565935775956E0,
8.540618513103E-1));
#1259=CARTESIAN_POINT('',(1.317568159987E-1,-6.567311721523E0,
8.434919408483E-1));
#1260=CARTESIAN_POINT('',(2.686989782216E-1,-6.571617687286E0,
8.096625630564E-1));
#1261=CARTESIAN_POINT('',(4.174065610923E-1,-6.579730529673E0,
7.419959374123E-1));
#1262=CARTESIAN_POINT('',(5.637653814495E-1,-6.591282709234E0,
6.336966945175E-1));
#1263=CARTESIAN_POINT('',(6.968246213389E-1,-6.604850161442E0,
4.774914218248E-1));
#1264=CARTESIAN_POINT('',(7.981788152210E-1,-6.617215926123E0,
2.677171398841E-1));
#1265=CARTESIAN_POINT('',(8.280879708702E-1,-6.62125E0,9.493792408769E-2));
#1266=CARTESIAN_POINT('',(8.280879708702E-1,-6.62125E0,-4.518339960403E-14));
#1268=CARTESIAN_POINT('',(0.E0,-4.419417382416E0,-4.419417382416E0));
#1269=DIRECTION('',(0.E0,-7.071067811866E-1,7.071067811865E-1));
#1270=DIRECTION('',(1.E0,0.E0,0.E0));
#1271=AXIS2_PLACEMENT_3D('',#1268,#1269,#1270);
#1273=CARTESIAN_POINT('',(8.280879708701E-1,-4.156903989900E0,
-4.156903989900E0));
#1274=CARTESIAN_POINT('',(8.280879708700E-1,-4.224836508836E0,
-4.088971470965E0));
#1275=CARTESIAN_POINT('',(7.948211037466E-1,-4.345627960067E0,
-3.961756763326E0));
#1276=CARTESIAN_POINT('',(6.657815264231E-1,-4.494025000117E0,
-3.791500457199E0));
#1277=CARTESIAN_POINT('',(5.037906217757E-1,-4.589493568749E0,
-3.674333681437E0));
#1278=CARTESIAN_POINT('',(3.295469089540E-1,-4.648767714784E0,
-3.598651573525E0));
#1279=CARTESIAN_POINT('',(1.650902989690E-1,-4.678194436728E0,
-3.560112817001E0));
#1280=CARTESIAN_POINT('',(-1.156694353040E-4,-4.687924197411E0,
-3.547259824732E0));
#1281=CARTESIAN_POINT('',(-1.653291666985E-1,-4.678167996137E0,
-3.560147802037E0));
#1282=CARTESIAN_POINT('',(-3.297925803508E-1,-4.648701723366E0,
-3.598736896670E0));
#1283=CARTESIAN_POINT('',(-5.038992223171E-1,-4.589437982236E0,
-3.674403107763E0));
#1284=CARTESIAN_POINT('',(-6.658355747790E-1,-4.493973193613E0,
-3.791560929746E0));
#1285=CARTESIAN_POINT('',(-7.948126921694E-1,-4.345628437028E0,
-3.961755053845E0));
#1286=CARTESIAN_POINT('',(-8.280879708700E-1,-4.224839251365E0,
-4.088968728435E0));
#1287=CARTESIAN_POINT('',(-8.280879708701E-1,-4.156903989900E0,
-4.156903989900E0));
#1289=CARTESIAN_POINT('',(0.E0,-4.419417382416E0,-4.419417382416E0));
#1290=DIRECTION('',(0.E0,7.071067811865E-1,7.071067811866E-1));
#1291=DIRECTION('',(0.E0,-7.071067811866E-1,7.071067811865E-1));
#1292=AXIS2_PLACEMENT_3D('',#1289,#1290,#1291);
#1294=CARTESIAN_POINT('',(0.E0,-4.419417382416E0,-4.419417382416E0));
#1295=DIRECTION('',(0.E0,7.071067811865E-1,7.071067811866E-1));
#1296=DIRECTION('',(1.E0,0.E0,0.E0));
#1297=AXIS2_PLACEMENT_3D('',#1294,#1295,#1296);
#1299=CARTESIAN_POINT('',(0.E0,-4.419417382416E0,-4.419417382416E0));
#1300=DIRECTION('',(0.E0,7.071067811866E-1,-7.071067811865E-1));
#1301=DIRECTION('',(-1.E0,0.E0,0.E0));
#1302=AXIS2_PLACEMENT_3D('',#1299,#1300,#1301);
#1304=CARTESIAN_POINT('',(-8.280879708701E-1,-4.156903989900E0,
-4.156903989900E0));
#1305=CARTESIAN_POINT('',(-8.280879708701E-1,-4.088971454299E0,
-4.224836525502E0));
#1306=CARTESIAN_POINT('',(-7.948210783644E-1,-3.961756727170E0,
-4.345627991851E0));
#1307=CARTESIAN_POINT('',(-6.657815645797E-1,-3.791500504997E0,
-4.494024958659E0));
#1308=CARTESIAN_POINT('',(-5.037907080050E-1,-3.674333735280E0,
-4.589493525809E0));
#1309=CARTESIAN_POINT('',(-3.295470927384E-1,-3.598651637304E0,
-4.648767665409E0));
#1310=CARTESIAN_POINT('',(-1.650904933783E-1,-3.560112848273E0,
-4.678194413056E0));
#1311=CARTESIAN_POINT('',(1.154089617118E-4,-3.547259827868E0,
-4.687924195078E0));
#1312=CARTESIAN_POINT('',(1.653288332339E-1,-3.560147758049E0,
-4.678168029272E0));
#1313=CARTESIAN_POINT('',(3.297921668253E-1,-3.598736753504E0,
-4.648701834083E0));
#1314=CARTESIAN_POINT('',(5.038990790108E-1,-3.674403010128E0,
-4.589438060732E0));
#1315=CARTESIAN_POINT('',(6.658355035071E-1,-3.791560852988E0,
-4.493973259229E0));
#1316=CARTESIAN_POINT('',(7.948126964019E-1,-3.961755043392E0,
-4.345628447812E0));
#1317=CARTESIAN_POINT('',(8.280879708701E-1,-4.088968726945E0,
-4.224839252855E0));
#1318=CARTESIAN_POINT('',(8.280879708701E-1,-4.156903989900E0,
-4.156903989900E0));
#1320=CARTESIAN_POINT('',(0.E0,-4.419417382416E0,-4.419417382416E0));
#1321=DIRECTION('',(0.E0,-7.071067811866E-1,7.071067811865E-1));
#1322=DIRECTION('',(9.124936318132E-1,-2.892709559395E-1,-2.892709559395E-1));
#1323=AXIS2_PLACEMENT_3D('',#1320,#1321,#1322);
#1325=CARTESIAN_POINT('',(0.E0,-4.419417382416E0,-4.419417382416E0));
#1326=DIRECTION('',(0.E0,-7.071067811865E-1,-7.071067811866E-1));
#1327=DIRECTION('',(0.E0,-7.071067811866E-1,7.071067811865E-1));
#1328=AXIS2_PLACEMENT_3D('',#1325,#1326,#1327);
#1330=CARTESIAN_POINT('',(-8.280879708704E-1,-4.681930774931E0,
-4.681930774932E0));
#1331=CARTESIAN_POINT('',(-8.280879708704E-1,-4.749116559307E0,
-4.614744990555E0));
#1332=CARTESIAN_POINT('',(-7.981314891642E-1,-4.868523274426E0,
-4.489624065015E0));
#1333=CARTESIAN_POINT('',(-6.966307017841E-1,-5.008184206868E0,
-4.332452387566E0));
#1334=CARTESIAN_POINT('',(-5.633979488622E-1,-5.109060815681E0,
-4.212371828716E0));
#1335=CARTESIAN_POINT('',(-4.168673611071E-1,-5.177447976598E0,
-4.127643470905E0));
#1336=CARTESIAN_POINT('',(-2.680136036736E-1,-5.219505066620E0,
-4.074122703732E0));
#1337=CARTESIAN_POINT('',(-1.309713247651E-1,-5.240309004835E0,
-4.047248648094E0));
#1338=CARTESIAN_POINT('',(3.861555771834E-4,-5.246730638628E0,
-4.038904785399E0));
#1339=CARTESIAN_POINT('',(1.317568159984E-1,-5.240229523705E0,
-4.047351781204E0));
#1340=CARTESIAN_POINT('',(2.686989782213E-1,-5.219353318856E0,
-4.074317541235E0));
#1341=CARTESIAN_POINT('',(4.174065610920E-1,-5.177242434869E0,
-4.127901716955E0));
#1342=CARTESIAN_POINT('',(5.637653814493E-1,-5.108831930326E0,
-4.212649470508E0));
#1343=CARTESIAN_POINT('',(6.968246213389E-1,-5.007971760208E0,
-4.332696915546E0));
#1344=CARTESIAN_POINT('',(7.981788152209E-1,-4.868382858989E0,
-4.489773648885E0));
#1345=CARTESIAN_POINT('',(8.280879708704E-1,-4.749062024845E0,
-4.614799525017E0));
#1346=CARTESIAN_POINT('',(8.280879708704E-1,-4.681930774931E0,
-4.681930774931E0));
#1348=CARTESIAN_POINT('',(0.E0,4.419417382416E0,-4.419417382416E0));
#1349=DIRECTION('',(0.E0,-7.071067811865E-1,-7.071067811866E-1));
#1350=DIRECTION('',(1.E0,0.E0,0.E0));
#1351=AXIS2_PLACEMENT_3D('',#1348,#1349,#1350);
#1353=CARTESIAN_POINT('',(8.280879708701E-1,4.156903989900E0,
-4.156903989900E0));
#1354=CARTESIAN_POINT('',(8.280879708700E-1,4.088971470965E0,
-4.224836508836E0));
#1355=CARTESIAN_POINT('',(7.948211037466E-1,3.961756763326E0,
-4.345627960067E0));
#1356=CARTESIAN_POINT('',(6.657815264230E-1,3.791500457199E0,
-4.494025000117E0));
#1357=CARTESIAN_POINT('',(5.037906217757E-1,3.674333681437E0,
-4.589493568749E0));
#1358=CARTESIAN_POINT('',(3.295469089540E-1,3.598651573525E0,
-4.648767714784E0));
#1359=CARTESIAN_POINT('',(1.650902989690E-1,3.560112817001E0,
-4.678194436728E0));
#1360=CARTESIAN_POINT('',(-1.156694353032E-4,3.547259824732E0,
-4.687924197411E0));
#1361=CARTESIAN_POINT('',(-1.653291666985E-1,3.560147802037E0,
-4.678167996137E0));
#1362=CARTESIAN_POINT('',(-3.297925803508E-1,3.598736896670E0,
-4.648701723366E0));
#1363=CARTESIAN_POINT('',(-5.038992223171E-1,3.674403107763E0,
-4.589437982236E0));
#1364=CARTESIAN_POINT('',(-6.658355747790E-1,3.791560929746E0,
-4.493973193613E0));
#1365=CARTESIAN_POINT('',(-7.948126921694E-1,3.961755053845E0,
-4.345628437028E0));
#1366=CARTESIAN_POINT('',(-8.280879708700E-1,4.088968728435E0,
-4.224839251365E0));
#1367=CARTESIAN_POINT('',(-8.280879708701E-1,4.156903989900E0,
-4.156903989900E0));
#1369=CARTESIAN_POINT('',(0.E0,4.419417382416E0,-4.419417382416E0));
#1370=DIRECTION('',(0.E0,-7.071067811866E-1,7.071067811865E-1));
#1371=DIRECTION('',(0.E0,-7.071067811865E-1,-7.071067811866E-1));
#1372=AXIS2_PLACEMENT_3D('',#1369,#1370,#1371);
#1374=CARTESIAN_POINT('',(0.E0,4.419417382416E0,-4.419417382416E0));
#1375=DIRECTION('',(0.E0,-7.071067811866E-1,7.071067811865E-1));
#1376=DIRECTION('',(1.E0,0.E0,0.E0));
#1377=AXIS2_PLACEMENT_3D('',#1374,#1375,#1376);
#1379=CARTESIAN_POINT('',(0.E0,4.419417382416E0,-4.419417382416E0));
#1380=DIRECTION('',(0.E0,7.071067811865E-1,7.071067811866E-1));
#1381=DIRECTION('',(-1.E0,0.E0,0.E0));
#1382=AXIS2_PLACEMENT_3D('',#1379,#1380,#1381);
#1384=CARTESIAN_POINT('',(-8.280879708701E-1,4.156903989900E0,
-4.156903989900E0));
#1385=CARTESIAN_POINT('',(-8.280879708701E-1,4.224836525502E0,
-4.088971454299E0));
#1386=CARTESIAN_POINT('',(-7.948210783644E-1,4.345627991851E0,
-3.961756727170E0));
#1387=CARTESIAN_POINT('',(-6.657815645797E-1,4.494024958659E0,
-3.791500504997E0));
#1388=CARTESIAN_POINT('',(-5.037907080050E-1,4.589493525809E0,
-3.674333735280E0));
#1389=CARTESIAN_POINT('',(-3.295470927384E-1,4.648767665409E0,
-3.598651637304E0));
#1390=CARTESIAN_POINT('',(-1.650904933783E-1,4.678194413056E0,
-3.560112848273E0));
#1391=CARTESIAN_POINT('',(1.154089617127E-4,4.687924195078E0,
-3.547259827868E0));
#1392=CARTESIAN_POINT('',(1.653288332339E-1,4.678168029272E0,
-3.560147758049E0));
#1393=CARTESIAN_POINT('',(3.297921668253E-1,4.648701834083E0,
-3.598736753504E0));
#1394=CARTESIAN_POINT('',(5.038990790108E-1,4.589438060732E0,
-3.674403010128E0));
#1395=CARTESIAN_POINT('',(6.658355035071E-1,4.493973259229E0,
-3.791560852988E0));
#1396=CARTESIAN_POINT('',(7.948126964019E-1,4.345628447812E0,
-3.961755043392E0));
#1397=CARTESIAN_POINT('',(8.280879708701E-1,4.224839252855E0,
-4.088968726945E0));
#1398=CARTESIAN_POINT('',(8.280879708701E-1,4.156903989900E0,
-4.156903989900E0));
#1400=CARTESIAN_POINT('',(8.280879708702E-1,4.681930774932E0,
-4.681930774931E0));
#1401=CARTESIAN_POINT('',(8.280879708702E-1,4.749118382347E0,
-4.614743167516E0));
#1402=CARTESIAN_POINT('',(7.981299011838E-1,4.868528025782E0,
-4.489619006097E0));
#1403=CARTESIAN_POINT('',(6.966240149919E-1,5.008191587644E0,
-4.332443898026E0));
#1404=CARTESIAN_POINT('',(5.633846791121E-1,5.109069125379E0,
-4.212361753297E0));
#1405=CARTESIAN_POINT('',(4.168473264832E-1,5.177455633624E0,
-4.127633852520E0));
#1406=CARTESIAN_POINT('',(2.679871868052E-1,5.219510991864E0,
-4.074115097752E0));
#1407=CARTESIAN_POINT('',(1.309391193907E-1,5.240312236240E0,
-4.047244454899E0));
#1408=CARTESIAN_POINT('',(-4.144948617744E-4,5.246730474770E0,
-4.038904998031E0));
#1409=CARTESIAN_POINT('',(-1.317826310847E-1,5.240226895268E0,
-4.047355191946E0));
#1410=CARTESIAN_POINT('',(-2.687228877927E-1,5.219348068339E0,
-4.074324283109E0));
#1411=CARTESIAN_POINT('',(-4.174254324504E-1,5.177235236444E0,
-4.127910761973E0));
#1412=CARTESIAN_POINT('',(-5.637785688728E-1,5.108823745446E0,
-4.212659401144E0));
#1413=CARTESIAN_POINT('',(-6.968316805234E-1,5.007964036433E0,
-4.332705807242E0));
#1414=CARTESIAN_POINT('',(-7.981805547840E-1,4.868377713480E0,
-4.489779131146E0));
#1415=CARTESIAN_POINT('',(-8.280879708704E-1,4.749060018509E0,
-4.614801531354E0));
#1416=CARTESIAN_POINT('',(-8.280879708704E-1,4.681930774932E0,
-4.681930774931E0));
#1418=CARTESIAN_POINT('',(0.E0,4.419417382416E0,-4.419417382416E0));
#1419=DIRECTION('',(0.E0,7.071067811865E-1,7.071067811866E-1));
#1420=DIRECTION('',(-9.124936318130E-1,2.892709559399E-1,-2.892709559399E-1));
#1421=AXIS2_PLACEMENT_3D('',#1418,#1419,#1420);
#1423=CARTESIAN_POINT('',(0.E0,4.419417382416E0,-4.419417382416E0));
#1424=DIRECTION('',(0.E0,7.071067811866E-1,-7.071067811865E-1));
#1425=DIRECTION('',(-1.E0,0.E0,0.E0));
#1426=AXIS2_PLACEMENT_3D('',#1423,#1424,#1425);
#1428=CARTESIAN_POINT('',(0.E0,4.419417382416E0,-4.419417382416E0));
#1429=DIRECTION('',(0.E0,-7.071067811865E-1,-7.071067811866E-1));
#1430=DIRECTION('',(9.124936318129E-1,2.892709559400E-1,-2.892709559399E-1));
#1431=AXIS2_PLACEMENT_3D('',#1428,#1429,#1430);
#1433=CARTESIAN_POINT('',(0.E0,4.419417382416E0,-4.419417382416E0));
#1434=DIRECTION('',(0.E0,7.071067811866E-1,-7.071067811865E-1));
#1435=DIRECTION('',(0.E0,-7.071067811865E-1,-7.071067811866E-1));
#1436=AXIS2_PLACEMENT_3D('',#1433,#1434,#1435);
#1438=CARTESIAN_POINT('',(-8.280879708704E-1,4.681930774932E0,
-4.681930774931E0));
#1439=CARTESIAN_POINT('',(-8.280879708704E-1,4.614744990555E0,
-4.749116559307E0));
#1440=CARTESIAN_POINT('',(-7.981314891642E-1,4.489624065015E0,
-4.868523274426E0));
#1441=CARTESIAN_POINT('',(-6.966307017841E-1,4.332452387566E0,
-5.008184206868E0));
#1442=CARTESIAN_POINT('',(-5.633979488621E-1,4.212371828716E0,
-5.109060815681E0));
#1443=CARTESIAN_POINT('',(-4.168673611070E-1,4.127643470904E0,
-5.177447976598E0));
#1444=CARTESIAN_POINT('',(-2.680136036735E-1,4.074122703732E0,
-5.219505066620E0));
#1445=CARTESIAN_POINT('',(-1.309713247649E-1,4.047248648094E0,
-5.240309004836E0));
#1446=CARTESIAN_POINT('',(3.861555774034E-4,4.038904785399E0,
-5.246730638628E0));
#1447=CARTESIAN_POINT('',(1.317568159986E-1,4.047351781204E0,
-5.240229523705E0));
#1448=CARTESIAN_POINT('',(2.686989782215E-1,4.074317541235E0,
-5.219353318856E0));
#1449=CARTESIAN_POINT('',(4.174065610923E-1,4.127901716955E0,
-5.177242434869E0));
#1450=CARTESIAN_POINT('',(5.637653814496E-1,4.212649470508E0,
-5.108831930326E0));
#1451=CARTESIAN_POINT('',(6.968246213391E-1,4.332696915546E0,
-5.007971760207E0));
#1452=CARTESIAN_POINT('',(7.981788152212E-1,4.489773648886E0,
-4.868382858989E0));
#1453=CARTESIAN_POINT('',(8.280879708702E-1,4.614799525017E0,
-4.749062024846E0));
#1454=CARTESIAN_POINT('',(8.280879708702E-1,4.681930774932E0,
-4.681930774931E0));
#1456=CARTESIAN_POINT('',(0.E0,4.419417382416E0,4.419417382416E0));
#1457=DIRECTION('',(0.E0,7.071067811865E-1,-7.071067811865E-1));
#1458=DIRECTION('',(1.E0,0.E0,0.E0));
#1459=AXIS2_PLACEMENT_3D('',#1456,#1457,#1458);
#1461=CARTESIAN_POINT('',(8.280879708701E-1,4.156903989900E0,4.156903989900E0));
#1462=CARTESIAN_POINT('',(8.280879708701E-1,4.224836508836E0,4.088971470965E0));
#1463=CARTESIAN_POINT('',(7.948211037466E-1,4.345627960067E0,3.961756763326E0));
#1464=CARTESIAN_POINT('',(6.657815264230E-1,4.494025000117E0,3.791500457199E0));
#1465=CARTESIAN_POINT('',(5.037906217757E-1,4.589493568749E0,3.674333681437E0));
#1466=CARTESIAN_POINT('',(3.295469089540E-1,4.648767714784E0,3.598651573525E0));
#1467=CARTESIAN_POINT('',(1.650902989690E-1,4.678194436728E0,3.560112817001E0));
#1468=CARTESIAN_POINT('',(-1.156694353031E-4,4.687924197411E0,
3.547259824732E0));
#1469=CARTESIAN_POINT('',(-1.653291666985E-1,4.678167996137E0,
3.560147802037E0));
#1470=CARTESIAN_POINT('',(-3.297925803508E-1,4.648701723366E0,
3.598736896670E0));
#1471=CARTESIAN_POINT('',(-5.038992223170E-1,4.589437982236E0,
3.674403107763E0));
#1472=CARTESIAN_POINT('',(-6.658355747790E-1,4.493973193613E0,
3.791560929746E0));
#1473=CARTESIAN_POINT('',(-7.948126921694E-1,4.345628437028E0,
3.961755053845E0));
#1474=CARTESIAN_POINT('',(-8.280879708701E-1,4.224839251365E0,
4.088968728435E0));
#1475=CARTESIAN_POINT('',(-8.280879708701E-1,4.156903989900E0,
4.156903989900E0));
#1477=CARTESIAN_POINT('',(0.E0,4.419417382416E0,4.419417382416E0));
#1478=DIRECTION('',(0.E0,-7.071067811865E-1,-7.071067811865E-1));
#1479=DIRECTION('',(0.E0,7.071067811865E-1,-7.071067811865E-1));
#1480=AXIS2_PLACEMENT_3D('',#1477,#1478,#1479);
#1482=CARTESIAN_POINT('',(0.E0,4.419417382416E0,4.419417382416E0));
#1483=DIRECTION('',(0.E0,-7.071067811865E-1,-7.071067811865E-1));
#1484=DIRECTION('',(1.E0,0.E0,0.E0));
#1485=AXIS2_PLACEMENT_3D('',#1482,#1483,#1484);
#1487=CARTESIAN_POINT('',(0.E0,4.419417382416E0,4.419417382416E0));
#1488=DIRECTION('',(0.E0,-7.071067811865E-1,7.071067811865E-1));
#1489=DIRECTION('',(-1.E0,0.E0,0.E0));
#1490=AXIS2_PLACEMENT_3D('',#1487,#1488,#1489);
#1492=CARTESIAN_POINT('',(-8.280879708701E-1,4.156903989900E0,
4.156903989900E0));
#1493=CARTESIAN_POINT('',(-8.280879708701E-1,4.088971454299E0,
4.224836525502E0));
#1494=CARTESIAN_POINT('',(-7.948210783644E-1,3.961756727170E0,
4.345627991851E0));
#1495=CARTESIAN_POINT('',(-6.657815645797E-1,3.791500504997E0,
4.494024958659E0));
#1496=CARTESIAN_POINT('',(-5.037907080050E-1,3.674333735280E0,
4.589493525809E0));
#1497=CARTESIAN_POINT('',(-3.295470927384E-1,3.598651637304E0,
4.648767665409E0));
#1498=CARTESIAN_POINT('',(-1.650904933783E-1,3.560112848273E0,
4.678194413056E0));
#1499=CARTESIAN_POINT('',(1.154089617130E-4,3.547259827868E0,4.687924195078E0));
#1500=CARTESIAN_POINT('',(1.653288332340E-1,3.560147758049E0,4.678168029272E0));
#1501=CARTESIAN_POINT('',(3.297921668253E-1,3.598736753504E0,4.648701834083E0));
#1502=CARTESIAN_POINT('',(5.038990790109E-1,3.674403010128E0,4.589438060732E0));
#1503=CARTESIAN_POINT('',(6.658355035071E-1,3.791560852988E0,4.493973259229E0));
#1504=CARTESIAN_POINT('',(7.948126964019E-1,3.961755043392E0,4.345628447812E0));
#1505=CARTESIAN_POINT('',(8.280879708701E-1,4.088968726945E0,4.224839252855E0));
#1506=CARTESIAN_POINT('',(8.280879708701E-1,4.156903989900E0,4.156903989900E0));
#1508=CARTESIAN_POINT('',(8.280879708704E-1,4.681930774931E0,4.681930774931E0));
#1509=CARTESIAN_POINT('',(8.280879708704E-1,4.614743167516E0,4.749118382347E0));
#1510=CARTESIAN_POINT('',(7.981299011840E-1,4.489619006097E0,4.868528025782E0));
#1511=CARTESIAN_POINT('',(6.966240149921E-1,4.332443898026E0,5.008191587644E0));
#1512=CARTESIAN_POINT('',(5.633846791123E-1,4.212361753297E0,5.109069125379E0));
#1513=CARTESIAN_POINT('',(4.168473264834E-1,4.127633852520E0,5.177455633624E0));
#1514=CARTESIAN_POINT('',(2.679871868054E-1,4.074115097752E0,5.219510991864E0));
#1515=CARTESIAN_POINT('',(1.309391193909E-1,4.047244454899E0,5.240312236240E0));
#1516=CARTESIAN_POINT('',(-4.144948616335E-4,4.038904998031E0,
5.246730474770E0));
#1517=CARTESIAN_POINT('',(-1.317826310846E-1,4.047355191946E0,
5.240226895268E0));
#1518=CARTESIAN_POINT('',(-2.687228877926E-1,4.074324283109E0,
5.219348068339E0));
#1519=CARTESIAN_POINT('',(-4.174254324503E-1,4.127910761973E0,
5.177235236444E0));
#1520=CARTESIAN_POINT('',(-5.637785688728E-1,4.212659401144E0,
5.108823745446E0));
#1521=CARTESIAN_POINT('',(-6.968316805233E-1,4.332705807242E0,
5.007964036433E0));
#1522=CARTESIAN_POINT('',(-7.981805547839E-1,4.489779131146E0,
4.868377713480E0));
#1523=CARTESIAN_POINT('',(-8.280879708704E-1,4.614801531354E0,
4.749060018509E0));
#1524=CARTESIAN_POINT('',(-8.280879708704E-1,4.681930774931E0,
4.681930774932E0));
#1526=CARTESIAN_POINT('',(0.E0,4.419417382416E0,4.419417382416E0));
#1527=DIRECTION('',(0.E0,-7.071067811865E-1,7.071067811865E-1));
#1528=DIRECTION('',(-9.124936318130E-1,2.892709559399E-1,2.892709559399E-1));
#1529=AXIS2_PLACEMENT_3D('',#1526,#1527,#1528);
#1531=CARTESIAN_POINT('',(0.E0,4.419417382416E0,4.419417382416E0));
#1532=DIRECTION('',(0.E0,7.071067811865E-1,7.071067811865E-1));
#1533=DIRECTION('',(-1.E0,0.E0,0.E0));
#1534=AXIS2_PLACEMENT_3D('',#1531,#1532,#1533);
#1536=CARTESIAN_POINT('',(0.E0,4.419417382416E0,4.419417382416E0));
#1537=DIRECTION('',(0.E0,7.071067811865E-1,-7.071067811865E-1));
#1538=DIRECTION('',(9.124936318132E-1,2.892709559395E-1,2.892709559395E-1));
#1539=AXIS2_PLACEMENT_3D('',#1536,#1537,#1538);
#1541=CARTESIAN_POINT('',(0.E0,4.419417382416E0,4.419417382416E0));
#1542=DIRECTION('',(0.E0,7.071067811865E-1,7.071067811865E-1));
#1543=DIRECTION('',(0.E0,7.071067811865E-1,-7.071067811865E-1));
#1544=AXIS2_PLACEMENT_3D('',#1541,#1542,#1543);
#1546=CARTESIAN_POINT('',(-8.280879708704E-1,4.681930774931E0,
4.681930774932E0));
#1547=CARTESIAN_POINT('',(-8.280879708704E-1,4.749116559307E0,
4.614744990555E0));
#1548=CARTESIAN_POINT('',(-7.981314891642E-1,4.868523274426E0,
4.489624065015E0));
#1549=CARTESIAN_POINT('',(-6.966307017841E-1,5.008184206868E0,
4.332452387566E0));
#1550=CARTESIAN_POINT('',(-5.633979488622E-1,5.109060815681E0,
4.212371828716E0));
#1551=CARTESIAN_POINT('',(-4.168673611072E-1,5.177447976598E0,
4.127643470905E0));
#1552=CARTESIAN_POINT('',(-2.680136036737E-1,5.219505066620E0,
4.074122703732E0));
#1553=CARTESIAN_POINT('',(-1.309713247651E-1,5.240309004835E0,
4.047248648094E0));
#1554=CARTESIAN_POINT('',(3.861555771408E-4,5.246730638628E0,4.038904785399E0));
#1555=CARTESIAN_POINT('',(1.317568159983E-1,5.240229523705E0,4.047351781204E0));
#1556=CARTESIAN_POINT('',(2.686989782212E-1,5.219353318856E0,4.074317541235E0));
#1557=CARTESIAN_POINT('',(4.174065610920E-1,5.177242434869E0,4.127901716954E0));
#1558=CARTESIAN_POINT('',(5.637653814493E-1,5.108831930326E0,4.212649470508E0));
#1559=CARTESIAN_POINT('',(6.968246213389E-1,5.007971760208E0,4.332696915546E0));
#1560=CARTESIAN_POINT('',(7.981788152209E-1,4.868382858989E0,4.489773648885E0));
#1561=CARTESIAN_POINT('',(8.280879708704E-1,4.749062024845E0,4.614799525017E0));
#1562=CARTESIAN_POINT('',(8.280879708704E-1,4.681930774931E0,4.681930774931E0));
#1564=CARTESIAN_POINT('',(0.E0,6.25E0,0.E0));
#1565=DIRECTION('',(0.E0,0.E0,-1.E0));
#1566=DIRECTION('',(1.E0,0.E0,0.E0));
#1567=AXIS2_PLACEMENT_3D('',#1564,#1565,#1566);
#1569=CARTESIAN_POINT('',(8.280879708702E-1,5.87875E0,0.E0));
#1570=CARTESIAN_POINT('',(8.280879708702E-1,5.87875E0,-9.607108960479E-2));
#1571=CARTESIAN_POINT('',(7.948211037466E-1,5.874208071837E0,
-2.714379263175E-1));
#1572=CARTESIAN_POINT('',(6.657815264231E-1,5.858751236562E0,
-4.967598682474E-1));
#1573=CARTESIAN_POINT('',(5.037906217757E-1,5.843408287161E0,
-6.471157621881E-1));
#1574=CARTESIAN_POINT('',(3.295469089540E-1,5.831806106052E0,
-7.425442445173E-1));
#1575=CARTESIAN_POINT('',(1.650902989690E-1,5.825362924610E0,
-7.906030952289E-1));
#1576=CARTESIAN_POINT('',(-1.156694352969E-4,5.823154466377E0,
-8.065715129794E-1));
#1577=CARTESIAN_POINT('',(-1.653291666985E-1,5.825368966445E0,
-7.905596607518E-1));
#1578=CARTESIAN_POINT('',(-3.297925803508E-1,5.831819775648E0,
-7.424372489644E-1));
#1579=CARTESIAN_POINT('',(-5.038992223170E-1,5.843418073386E0,
-6.470273647617E-1));
#1580=CARTESIAN_POINT('',(-6.658355747790E-1,5.858757364380E0,
-4.966804749690E-1));
#1581=CARTESIAN_POINT('',(-7.948126921694E-1,5.874207200314E0,
-2.714394723660E-1));
#1582=CARTESIAN_POINT('',(-8.280879708702E-1,5.87875E0,-9.607496812694E-2));
#1583=CARTESIAN_POINT('',(-8.280879708702E-1,5.87875E0,0.E0));
#1585=CARTESIAN_POINT('',(0.E0,6.25E0,0.E0));
#1586=DIRECTION('',(0.E0,-1.E0,0.E0));
#1587=DIRECTION('',(0.E0,0.E0,-1.E0));
#1588=AXIS2_PLACEMENT_3D('',#1585,#1586,#1587);
#1590=CARTESIAN_POINT('',(0.E0,6.25E0,0.E0));
#1591=DIRECTION('',(0.E0,-1.E0,0.E0));
#1592=DIRECTION('',(1.E0,0.E0,0.E0));
#1593=AXIS2_PLACEMENT_3D('',#1590,#1591,#1592);
#1595=CARTESIAN_POINT('',(0.E0,6.25E0,0.E0));
#1596=DIRECTION('',(0.E0,0.E0,1.E0));
#1597=DIRECTION('',(-1.E0,0.E0,0.E0));
#1598=AXIS2_PLACEMENT_3D('',#1595,#1596,#1597);
#1600=CARTESIAN_POINT('',(-8.280879708702E-1,5.87875E0,0.E0));
#1601=CARTESIAN_POINT('',(-8.280879708702E-1,5.87875E0,9.607111317414E-2));
#1602=CARTESIAN_POINT('',(-7.948210783644E-1,5.874208068745E0,
2.714379743586E-1));
#1603=CARTESIAN_POINT('',(-6.657815645798E-1,5.858751241045E0,
4.967598051339E-1));
#1604=CARTESIAN_POINT('',(-5.037907080050E-1,5.843408294871E0,
6.471156937523E-1));
#1605=CARTESIAN_POINT('',(-3.295470927384E-1,5.831806116237E0,
7.425441645056E-1));
#1606=CARTESIAN_POINT('',(-1.650904933783E-1,5.825362929985E0,
7.906030563778E-1));
#1607=CARTESIAN_POINT('',(1.154089616923E-4,5.823154466944E0,
8.065715091120E-1));
#1608=CARTESIAN_POINT('',(1.653288332339E-1,5.825368958771E0,
7.905597152857E-1));
#1609=CARTESIAN_POINT('',(3.297921668253E-1,5.831819752703E0,
7.424374284863E-1));
#1610=CARTESIAN_POINT('',(5.038990790108E-1,5.843418059853E0,
6.470274893057E-1));
#1611=CARTESIAN_POINT('',(6.658355035071E-1,5.858757356501E0,
4.966805756425E-1));
#1612=CARTESIAN_POINT('',(7.948126964019E-1,5.874207200547E0,
2.714394873831E-1));
#1613=CARTESIAN_POINT('',(8.280879708702E-1,5.87875E0,9.607497023399E-2));
#1614=CARTESIAN_POINT('',(8.280879708702E-1,5.87875E0,0.E0));
#1616=CARTESIAN_POINT('',(8.280879708702E-1,6.62125E0,0.E0));
#1617=CARTESIAN_POINT('',(8.280879708702E-1,6.62125E0,9.501762563049E-2));
#1618=CARTESIAN_POINT('',(7.981299011840E-1,6.617209225582E0,
2.679291372717E-1));
#1619=CARTESIAN_POINT('',(6.966240149921E-1,6.604826692509E0,
4.778257736999E-1));
#1620=CARTESIAN_POINT('',(5.633846791123E-1,6.591246984673E0,
6.340678635389E-1));
#1621=CARTESIAN_POINT('',(4.168473264834E-1,6.579691875200E0,
7.423361004560E-1));
#1622=CARTESIAN_POINT('',(2.679871868053E-1,6.571586029779E0,
8.099172038701E-1));
#1623=CARTESIAN_POINT('',(1.309391193908E-1,6.567294316959E0,
8.436263186014E-1));
#1624=CARTESIAN_POINT('',(-4.144948616831E-4,6.565935810444E0,
8.540615850921E-1));
#1625=CARTESIAN_POINT('',(-1.317826310846E-1,6.567312274696E0,
8.434876705043E-1));
#1626=CARTESIAN_POINT('',(-2.687228877927E-1,6.571618741835E0,
8.096540831554E-1));
#1627=CARTESIAN_POINT('',(-4.174254324504E-1,6.579731835412E0,
7.419844515631E-1));
#1628=CARTESIAN_POINT('',(-5.637785688729E-1,6.591283943670E0,
6.336838849134E-1));
#1629=CARTESIAN_POINT('',(-6.968316805235E-1,6.604850987288E0,
4.774796729126E-1));
#1630=CARTESIAN_POINT('',(-7.981805547840E-1,6.617216164243E0,
2.677096249155E-1));
#1631=CARTESIAN_POINT('',(-8.280879708704E-1,6.62125E0,9.493508669889E-2));
#1632=CARTESIAN_POINT('',(-8.280879708704E-1,6.62125E0,7.266564500140E-14));
#1634=CARTESIAN_POINT('',(0.E0,6.25E0,0.E0));
#1635=DIRECTION('',(0.E0,0.E0,1.E0));
#1636=DIRECTION('',(-9.124936318130E-1,4.090909090908E-1,0.E0));
#1637=AXIS2_PLACEMENT_3D('',#1634,#1635,#1636);
#1639=CARTESIAN_POINT('',(0.E0,6.25E0,0.E0));
#1640=DIRECTION('',(0.E0,1.E0,0.E0));
#1641=DIRECTION('',(-1.E0,0.E0,0.E0));
#1642=AXIS2_PLACEMENT_3D('',#1639,#1640,#1641);
#1644=CARTESIAN_POINT('',(0.E0,6.25E0,0.E0));
#1645=DIRECTION('',(0.E0,0.E0,-1.E0));
#1646=DIRECTION('',(9.124936318129E-1,4.090909090909E-1,0.E0));
#1647=AXIS2_PLACEMENT_3D('',#1644,#1645,#1646);
#1649=CARTESIAN_POINT('',(0.E0,6.25E0,0.E0));
#1650=DIRECTION('',(0.E0,1.E0,0.E0));
#1651=DIRECTION('',(0.E0,0.E0,-1.E0));
#1652=AXIS2_PLACEMENT_3D('',#1649,#1650,#1651);
#1654=CARTESIAN_POINT('',(-8.280879708704E-1,6.62125E0,7.266564500140E-14));
#1655=CARTESIAN_POINT('',(-8.280879708704E-1,6.62125E0,-9.501504746342E-2));
#1656=CARTESIAN_POINT('',(-7.981314891640E-1,6.617209443062E0,
-2.679222003613E-1));
#1657=CARTESIAN_POINT('',(-6.966307017839E-1,6.604827476523E0,
-4.778145516921E-1));
#1658=CARTESIAN_POINT('',(-5.633979488618E-1,6.591248233227E0,
-6.340548632983E-1));
#1659=CARTESIAN_POINT('',(-4.168673611068E-1,6.579693262090E0,
-7.423238848961E-1));
#1660=CARTESIAN_POINT('',(-2.680136036733E-1,6.571587218240E0,
-8.099076358498E-1));
#1661=CARTESIAN_POINT('',(-1.309713247647E-1,6.567294997048E0,
-8.436210686167E-1));
#1662=CARTESIAN_POINT('',(3.861555775478E-4,6.565935775956E0,
-8.540618513104E-1));
#1663=CARTESIAN_POINT('',(1.317568159987E-1,6.567311721523E0,
-8.434919408483E-1));
#1664=CARTESIAN_POINT('',(2.686989782216E-1,6.571617687286E0,
-8.096625630564E-1));
#1665=CARTESIAN_POINT('',(4.174065610923E-1,6.579730529673E0,
-7.419959374123E-1));
#1666=CARTESIAN_POINT('',(5.637653814495E-1,6.591282709234E0,
-6.336966945175E-1));
#1667=CARTESIAN_POINT('',(6.968246213389E-1,6.604850161442E0,
-4.774914218249E-1));
#1668=CARTESIAN_POINT('',(7.981788152210E-1,6.617215926123E0,
-2.677171398841E-1));
#1669=CARTESIAN_POINT('',(8.280879708702E-1,6.62125E0,-9.493792408774E-2));
#1670=CARTESIAN_POINT('',(8.280879708702E-1,6.62125E0,0.E0));
#1672=CARTESIAN_POINT('',(0.E0,5.774247078196E0,2.391771452282E0));
#1673=DIRECTION('',(0.E0,3.826834323651E-1,-9.238795325113E-1));
#1674=DIRECTION('',(1.E0,0.E0,0.E0));
#1675=AXIS2_PLACEMENT_3D('',#1672,#1673,#1674);
#1677=CARTESIAN_POINT('',(8.280879708701E-1,5.431256801751E0,2.249700228016E0));
#1678=CARTESIAN_POINT('',(8.280879708701E-1,5.468021616072E0,2.160942114664E0));
#1679=CARTESIAN_POINT('',(7.948211037462E-1,5.530935404600E0,1.997186162885E0));
#1680=CARTESIAN_POINT('',(6.657815264229E-1,5.602882124977E0,1.783100757734E0));
#1681=CARTESIAN_POINT('',(5.037906217755E-1,5.646245797627E0,1.638318532191E0));
#1682=CARTESIAN_POINT('',(3.295469089539E-1,5.672045679131E0,1.545714148058E0));
#1683=CARTESIAN_POINT('',(1.650902989689E-1,5.684484281618E0,1.498847860740E0));
#1684=CARTESIAN_POINT('',(-1.156694353088E-4,5.688554781172E0,
1.483249826037E0));
#1685=CARTESIAN_POINT('',(-1.653291666985E-1,5.684473241891E0,
1.498890301075E0));
#1686=CARTESIAN_POINT('',(-3.297925803507E-1,5.672017362765E0,
1.545818230187E0));
#1687=CARTESIAN_POINT('',(-5.038992223169E-1,5.646221010689E0,
1.638403945790E0));
#1688=CARTESIAN_POINT('',(-6.658355747788E-1,5.602857403850E0,
1.783176452574E0));
#1689=CARTESIAN_POINT('',(-7.948126921690E-1,5.530935191065E0,
1.997184401005E0));
#1690=CARTESIAN_POINT('',(-8.280879708701E-1,5.468023100318E0,
2.160938531377E0));
#1691=CARTESIAN_POINT('',(-8.280879708701E-1,5.431256801751E0,
2.249700228016E0));
#1693=CARTESIAN_POINT('',(0.E0,5.774247078196E0,2.391771452282E0));
#1694=DIRECTION('',(0.E0,-9.238795325113E-1,-3.826834323651E-1));
#1695=DIRECTION('',(0.E0,3.826834323651E-1,-9.238795325113E-1));
#1696=AXIS2_PLACEMENT_3D('',#1693,#1694,#1695);
#1698=CARTESIAN_POINT('',(0.E0,5.774247078196E0,2.391771452282E0));
#1699=DIRECTION('',(0.E0,-9.238795325113E-1,-3.826834323651E-1));
#1700=DIRECTION('',(1.E0,0.E0,0.E0));
#1701=AXIS2_PLACEMENT_3D('',#1698,#1699,#1700);
#1703=CARTESIAN_POINT('',(0.E0,5.774247078196E0,2.391771452282E0));
#1704=DIRECTION('',(0.E0,-3.826834323651E-1,9.238795325113E-1));
#1705=DIRECTION('',(-1.E0,0.E0,0.E0));
#1706=AXIS2_PLACEMENT_3D('',#1703,#1704,#1705);
#1708=CARTESIAN_POINT('',(-8.280879708701E-1,5.431256801751E0,
2.249700228016E0));
#1709=CARTESIAN_POINT('',(-8.280879708701E-1,5.394491978410E0,
2.338458363143E0));
#1710=CARTESIAN_POINT('',(-7.948210783643E-1,5.323185788724E0,
2.498738095029E0));
#1711=CARTESIAN_POINT('',(-6.657815645798E-1,5.222678610387E0,
2.700993250834E0));
#1712=CARTESIAN_POINT('',(-5.037907080051E-1,5.150964868915E0,
2.834032487616E0));
#1713=CARTESIAN_POINT('',(-3.295470927385E-1,5.103726958810E0,
2.917756937022E0));
#1714=CARTESIAN_POINT('',(-1.650904933783E-1,5.079382889210E0,
2.959691862947E0));
#1715=CARTESIAN_POINT('',(1.154089616951E-4,5.071231673107E0,2.973599647377E0));
#1716=CARTESIAN_POINT('',(1.653288332340E-1,5.079405045E0,2.959654128116E0));
#1717=CARTESIAN_POINT('',(3.297921668254E-1,5.103780403368E0,2.917663544247E0));
#1718=CARTESIAN_POINT('',(5.038990790109E-1,5.151007644963E0,2.833954734230E0));
#1719=CARTESIAN_POINT('',(6.658355035072E-1,5.222714580146E0,2.700922392612E0));
#1720=CARTESIAN_POINT('',(7.948126964018E-1,5.323184407605E0,2.498739160637E0));
#1721=CARTESIAN_POINT('',(8.280879708701E-1,5.394490502377E0,2.338461926602E0));
#1722=CARTESIAN_POINT('',(8.280879708701E-1,5.431256801751E0,2.249700228016E0));
#1724=CARTESIAN_POINT('',(8.280879708705E-1,6.117237354640E0,2.533842676547E0));
#1725=CARTESIAN_POINT('',(8.280879708705E-1,6.080875683529E0,2.621627516095E0));
#1726=CARTESIAN_POINT('',(7.981299011842E-1,6.010972123979E0,2.779830585213E0));
#1727=CARTESIAN_POINT('',(6.966240149923E-1,5.919208189841E0,2.969011201294E0));
#1728=CARTESIAN_POINT('',(5.633846791124E-1,5.846870916495E0,3.108163341008E0));
#1729=CARTESIAN_POINT('',(4.168473264834E-1,5.794762926837E0,3.203768200162E0));
#1730=CARTESIAN_POINT('',(2.679871868054E-1,5.761411933542E0,3.263103025643E0));
#1731=CARTESIAN_POINT('',(1.309391193908E-1,5.744546988180E0,3.292603819409E0));
#1732=CARTESIAN_POINT('',(-4.144948616692E-4,5.739298488218E0,
3.301724870601E0));
#1733=CARTESIAN_POINT('',(-1.317826310846E-1,5.744616637295E0,
3.292482597399E0));
#1734=CARTESIAN_POINT('',(-2.687228877926E-1,5.761542847478E0,
3.262872452162E0));
#1735=CARTESIAN_POINT('',(-4.174254324503E-1,5.794934415464E0,
3.203458611058E0));
#1736=CARTESIAN_POINT('',(-5.637785688728E-1,5.847052004414E0,
3.107822734611E0));
#1737=CARTESIAN_POINT('',(-6.968316805234E-1,5.919363082327E0,
2.968700743070E0));
#1738=CARTESIAN_POINT('',(-7.981805547841E-1,6.011062538207E0,
2.779630437551E0));
#1739=CARTESIAN_POINT('',(-8.280879708705E-1,6.080907269810E0,
2.621551260066E0));
#1740=CARTESIAN_POINT('',(-8.280879708705E-1,6.117237354640E0,
2.533842676548E0));
#1742=CARTESIAN_POINT('',(0.E0,5.774247078196E0,2.391771452282E0));
#1743=DIRECTION('',(0.E0,-3.826834323651E-1,9.238795325113E-1));
#1744=DIRECTION('',(-9.124936318132E-1,3.779507178449E-1,1.565523132400E-1));
#1745=AXIS2_PLACEMENT_3D('',#1742,#1743,#1744);
#1747=CARTESIAN_POINT('',(0.E0,5.774247078196E0,2.391771452282E0));
#1748=DIRECTION('',(0.E0,9.238795325113E-1,3.826834323651E-1));
#1749=DIRECTION('',(-1.E0,0.E0,0.E0));
#1750=AXIS2_PLACEMENT_3D('',#1747,#1748,#1749);
#1752=CARTESIAN_POINT('',(0.E0,5.774247078196E0,2.391771452282E0));
#1753=DIRECTION('',(0.E0,3.826834323651E-1,-9.238795325113E-1));
#1754=DIRECTION('',(9.124936318133E-1,3.779507178447E-1,1.565523132399E-1));
#1755=AXIS2_PLACEMENT_3D('',#1752,#1753,#1754);
#1757=CARTESIAN_POINT('',(0.E0,5.774247078196E0,2.391771452282E0));
#1758=DIRECTION('',(0.E0,9.238795325113E-1,3.826834323651E-1));
#1759=DIRECTION('',(0.E0,3.826834323651E-1,-9.238795325113E-1));
#1760=AXIS2_PLACEMENT_3D('',#1757,#1758,#1759);
#1762=CARTESIAN_POINT('',(-8.280879708705E-1,6.117237354640E0,
2.533842676548E0));
#1763=CARTESIAN_POINT('',(-8.280879708705E-1,6.153598039130E0,
2.446060218915E0));
#1764=CARTESIAN_POINT('',(-7.981314891644E-1,6.216033754026E0,
2.284768585131E0));
#1765=CARTESIAN_POINT('',(-6.966307017842E-1,6.284916634003E0,
2.086114964251E0));
#1766=CARTESIAN_POINT('',(-5.633979488623E-1,6.332161627775E0,
1.936571186771E0));
#1767=CARTESIAN_POINT('',(-4.168673611072E-1,6.362918987246E0,
1.832121757696E0));
#1768=CARTESIAN_POINT('',(-2.680136036737E-1,6.381293161030E0,
1.766580464776E0));
#1769=CARTESIAN_POINT('',(-1.309713247651E-1,6.390229237890E0,
1.733790752334E0));
#1770=CARTESIAN_POINT('',(3.861555771167E-4,6.392968995901E0,1.723624575507E0));
#1771=CARTESIAN_POINT('',(1.317568159983E-1,6.390195274232E0,1.733916451016E0));
#1772=CARTESIAN_POINT('',(2.686989782212E-1,6.381227525461E0,1.766818542513E0));
#1773=CARTESIAN_POINT('',(4.174065610920E-1,6.362827917934E0,1.832439003350E0));
#1774=CARTESIAN_POINT('',(5.637653814493E-1,6.332056414193E0,1.936915284973E0));
#1775=CARTESIAN_POINT('',(6.968246213389E-1,6.284813935689E0,2.086422178464E0));
#1776=CARTESIAN_POINT('',(7.981788152211E-1,6.215961270347E0,2.284960517268E0));
#1777=CARTESIAN_POINT('',(8.280879708705E-1,6.153568525292E0,2.446131471623E0));
#1778=CARTESIAN_POINT('',(8.280879708705E-1,6.117237354640E0,2.533842676547E0));
#1780=CARTESIAN_POINT('',(0.E0,2.391771452282E0,5.774247078196E0));
#1781=DIRECTION('',(0.E0,9.238795325113E-1,-3.826834323651E-1));
#1782=DIRECTION('',(1.E0,0.E0,0.E0));
#1783=AXIS2_PLACEMENT_3D('',#1780,#1781,#1782);
#1785=CARTESIAN_POINT('',(8.280879708701E-1,2.249700228016E0,5.431256801751E0));
#1786=CARTESIAN_POINT('',(8.280879708701E-1,2.338458341368E0,5.394491987430E0));
#1787=CARTESIAN_POINT('',(7.948211037465E-1,2.498738051829E0,5.323185809965E0));
#1788=CARTESIAN_POINT('',(6.657815264231E-1,2.700993307427E0,5.222678582092E0));
#1789=CARTESIAN_POINT('',(5.037906217757E-1,2.834032547892E0,5.150964835603E0));
#1790=CARTESIAN_POINT('',(3.295469089540E-1,2.917757007045E0,5.103726918781E0));
#1791=CARTESIAN_POINT('',(1.650902989690E-1,2.959691896784E0,5.079382869377E0));
#1792=CARTESIAN_POINT('',(-1.156694353043E-4,2.973599650733E0,
5.071231671103E0));
#1793=CARTESIAN_POINT('',(-1.653291666986E-1,2.959654080670E0,
5.079405072959E0));
#1794=CARTESIAN_POINT('',(-3.297925803509E-1,2.917663387171E0,
5.103780493266E0));
#1795=CARTESIAN_POINT('',(-5.038992223171E-1,2.833954624346E0,
5.151007705127E0));
#1796=CARTESIAN_POINT('',(-6.658355747791E-1,2.700922302617E0,
5.222714625951E0));
#1797=CARTESIAN_POINT('',(-7.948126921693E-1,2.498739146674E0,
5.323184413136E0));
#1798=CARTESIAN_POINT('',(-8.280879708701E-1,2.338461924655E0,
5.394490503184E0));
#1799=CARTESIAN_POINT('',(-8.280879708701E-1,2.249700228016E0,
5.431256801751E0));
#1801=CARTESIAN_POINT('',(0.E0,2.391771452282E0,5.774247078196E0));
#1802=DIRECTION('',(0.E0,-3.826834323651E-1,-9.238795325113E-1));
#1803=DIRECTION('',(0.E0,9.238795325113E-1,-3.826834323651E-1));
#1804=AXIS2_PLACEMENT_3D('',#1801,#1802,#1803);
#1806=CARTESIAN_POINT('',(0.E0,2.391771452282E0,5.774247078196E0));
#1807=DIRECTION('',(0.E0,-3.826834323651E-1,-9.238795325113E-1));
#1808=DIRECTION('',(1.E0,0.E0,0.E0));
#1809=AXIS2_PLACEMENT_3D('',#1806,#1807,#1808);
#1811=CARTESIAN_POINT('',(0.E0,2.391771452282E0,5.774247078196E0));
#1812=DIRECTION('',(0.E0,-9.238795325113E-1,3.826834323651E-1));
#1813=DIRECTION('',(-1.E0,0.E0,0.E0));
#1814=AXIS2_PLACEMENT_3D('',#1811,#1812,#1813);
#1816=CARTESIAN_POINT('',(-8.280879708701E-1,2.249700228016E0,
5.431256801751E0));
#1817=CARTESIAN_POINT('',(-8.280879708701E-1,2.160942092889E0,
5.468021625091E0));
#1818=CARTESIAN_POINT('',(-7.948210783640E-1,1.997186117318E0,
5.530935420128E0));
#1819=CARTESIAN_POINT('',(-6.657815645796E-1,1.783100817759E0,
5.602882104966E0));
#1820=CARTESIAN_POINT('',(-5.037907080048E-1,1.638318598367E0,
5.646245778560E0));
#1821=CARTESIAN_POINT('',(-3.295470927383E-1,1.545714225877E0,
5.672045657921E0));
#1822=CARTESIAN_POINT('',(-1.650904933782E-1,1.498847898691E0,
5.684484271716E0));
#1823=CARTESIAN_POINT('',(1.154089617132E-4,1.483249829827E0,5.688554780216E0));
#1824=CARTESIAN_POINT('',(1.653288332339E-1,1.498890247755E0,5.684473255670E0));
#1825=CARTESIAN_POINT('',(3.297921668252E-1,1.545818055550E0,5.672017410266E0));
#1826=CARTESIAN_POINT('',(5.038990790107E-1,1.638403825547E0,5.646221045847E0));
#1827=CARTESIAN_POINT('',(6.658355035069E-1,1.783176356548E0,5.602857435097E0));
#1828=CARTESIAN_POINT('',(7.948126964016E-1,1.997184387220E0,5.530935197027E0));
#1829=CARTESIAN_POINT('',(8.280879708701E-1,2.160938529430E0,5.468023101124E0));
#1830=CARTESIAN_POINT('',(8.280879708701E-1,2.249700228016E0,5.431256801751E0));
#1832=CARTESIAN_POINT('',(8.280879708705E-1,2.533842676547E0,6.117237354640E0));
#1833=CARTESIAN_POINT('',(8.280879708705E-1,2.446057836999E0,6.153599025752E0));
#1834=CARTESIAN_POINT('',(7.981299011841E-1,2.284762093035E0,6.216036207742E0));
#1835=CARTESIAN_POINT('',(6.966240149921E-1,2.086104296438E0,6.284920204145E0));
#1836=CARTESIAN_POINT('',(5.633846791123E-1,1.936558698314E0,6.332165449238E0));
#1837=CARTESIAN_POINT('',(4.168473264833E-1,1.832109941250E0,6.362922380619E0));
#1838=CARTESIAN_POINT('',(2.679871868052E-1,1.766571170274E0,6.381295724559E0));
#1839=CARTESIAN_POINT('',(1.309391193907E-1,1.733785641722E0,6.390230618652E0));
#1840=CARTESIAN_POINT('',(-4.144948618053E-4,1.723624834659E0,
6.392968925887E0));
#1841=CARTESIAN_POINT('',(-1.317826310847E-1,1.733920607989E0,
6.390194151108E0));
#1842=CARTESIAN_POINT('',(-2.687228877928E-1,1.766826780478E0,
6.381225254619E0));
#1843=CARTESIAN_POINT('',(-4.174254324505E-1,1.832450114576E0,
6.362824728836E0));
#1844=CARTESIAN_POINT('',(-5.637785688730E-1,1.936927591903E0,
6.332052652640E0));
#1845=CARTESIAN_POINT('',(-6.968316805236E-1,2.086433349081E0,
6.284810202557E0));
#1846=CARTESIAN_POINT('',(-7.981805547842E-1,2.284967551318E0,
6.215958614487E0));
#1847=CARTESIAN_POINT('',(-8.280879708706E-1,2.446134093029E0,
6.153567439470E0));
#1848=CARTESIAN_POINT('',(-8.280879708706E-1,2.533842676547E0,
6.117237354640E0));
#1850=CARTESIAN_POINT('',(0.E0,2.391771452282E0,5.774247078196E0));
#1851=DIRECTION('',(0.E0,-9.238795325113E-1,3.826834323651E-1));
#1852=DIRECTION('',(-9.124936318134E-1,1.565523132399E-1,3.779507178446E-1));
#1853=AXIS2_PLACEMENT_3D('',#1850,#1851,#1852);
#1855=CARTESIAN_POINT('',(0.E0,2.391771452282E0,5.774247078196E0));
#1856=DIRECTION('',(0.E0,3.826834323651E-1,9.238795325113E-1));
#1857=DIRECTION('',(-1.E0,0.E0,0.E0));
#1858=AXIS2_PLACEMENT_3D('',#1855,#1856,#1857);
#1860=CARTESIAN_POINT('',(0.E0,2.391771452282E0,5.774247078196E0));
#1861=DIRECTION('',(0.E0,9.238795325113E-1,-3.826834323651E-1));
#1862=DIRECTION('',(9.124936318133E-1,1.565523132399E-1,3.779507178447E-1));
#1863=AXIS2_PLACEMENT_3D('',#1860,#1861,#1862);
#1865=CARTESIAN_POINT('',(0.E0,2.391771452282E0,5.774247078196E0));
#1866=DIRECTION('',(0.E0,3.826834323651E-1,9.238795325113E-1));
#1867=DIRECTION('',(0.E0,9.238795325113E-1,-3.826834323651E-1));
#1868=AXIS2_PLACEMENT_3D('',#1865,#1866,#1867);
#1870=CARTESIAN_POINT('',(-8.280879708706E-1,2.533842676547E0,
6.117237354640E0));
#1871=CARTESIAN_POINT('',(-8.280879708706E-1,2.621625134179E0,
6.080876670150E0));
#1872=CARTESIAN_POINT('',(-7.981314891642E-1,2.779824259569E0,
6.010974979544E0));
#1873=CARTESIAN_POINT('',(-6.966307017840E-1,2.969001133540E0,
5.919213208652E0));
#1874=CARTESIAN_POINT('',(-5.633979488618E-1,3.108151808153E0,
5.846877044985E0));
#1875=CARTESIAN_POINT('',(-4.168673611067E-1,3.203757445196E0,
5.794768882848E0));
#1876=CARTESIAN_POINT('',(-2.680136036732E-1,3.263094640749E0,
5.761416693059E0));
#1877=CARTESIAN_POINT('',(-1.309713247646E-1,3.292599229315E0,
5.744549625582E0));
#1878=CARTESIAN_POINT('',(3.861555776486E-4,3.301725103356E0,5.739298354477E0));
#1879=CARTESIAN_POINT('',(1.317568159988E-1,3.292486330992E0,5.744614492040E0));
#1880=CARTESIAN_POINT('',(2.686989782217E-1,3.262879883010E0,5.761538628085E0));
#1881=CARTESIAN_POINT('',(4.174065610924E-1,3.203468722914E0,5.794928813674E0));
#1882=CARTESIAN_POINT('',(5.637653814497E-1,3.107834096743E0,5.847045961920E0));
#1883=CARTESIAN_POINT('',(6.968246213392E-1,2.968711281612E0,5.919357823231E0));
#1884=CARTESIAN_POINT('',(7.981788152212E-1,2.779637289351E0,6.011059442359E0));
#1885=CARTESIAN_POINT('',(8.280879708705E-1,2.621553881471E0,6.080906183989E0));
#1886=CARTESIAN_POINT('',(8.280879708705E-1,2.533842676547E0,6.117237354640E0));
#1888=CARTESIAN_POINT('',(0.E0,2.391771452282E0,-5.774247078196E0));
#1889=DIRECTION('',(0.E0,-9.238795325113E-1,-3.826834323651E-1));
#1890=DIRECTION('',(1.E0,0.E0,0.E0));
#1891=AXIS2_PLACEMENT_3D('',#1888,#1889,#1890);
#1893=CARTESIAN_POINT('',(8.280879708701E-1,2.249700228016E0,
-5.431256801751E0));
#1894=CARTESIAN_POINT('',(8.280879708701E-1,2.160942114664E0,
-5.468021616072E0));
#1895=CARTESIAN_POINT('',(7.948211037462E-1,1.997186162885E0,
-5.530935404600E0));
#1896=CARTESIAN_POINT('',(6.657815264229E-1,1.783100757734E0,
-5.602882124977E0));
#1897=CARTESIAN_POINT('',(5.037906217755E-1,1.638318532191E0,
-5.646245797627E0));
#1898=CARTESIAN_POINT('',(3.295469089539E-1,1.545714148058E0,
-5.672045679131E0));
#1899=CARTESIAN_POINT('',(1.650902989689E-1,1.498847860740E0,
-5.684484281618E0));
#1900=CARTESIAN_POINT('',(-1.156694353085E-4,1.483249826037E0,
-5.688554781172E0));
#1901=CARTESIAN_POINT('',(-1.653291666985E-1,1.498890301075E0,
-5.684473241891E0));
#1902=CARTESIAN_POINT('',(-3.297925803507E-1,1.545818230187E0,
-5.672017362765E0));
#1903=CARTESIAN_POINT('',(-5.038992223169E-1,1.638403945790E0,
-5.646221010689E0));
#1904=CARTESIAN_POINT('',(-6.658355747788E-1,1.783176452574E0,
-5.602857403850E0));
#1905=CARTESIAN_POINT('',(-7.948126921690E-1,1.997184401005E0,
-5.530935191065E0));
#1906=CARTESIAN_POINT('',(-8.280879708701E-1,2.160938531377E0,
-5.468023100318E0));
#1907=CARTESIAN_POINT('',(-8.280879708701E-1,2.249700228016E0,
-5.431256801751E0));
#1909=CARTESIAN_POINT('',(0.E0,2.391771452282E0,-5.774247078196E0));
#1910=DIRECTION('',(0.E0,-3.826834323651E-1,9.238795325113E-1));
#1911=DIRECTION('',(0.E0,-9.238795325113E-1,-3.826834323651E-1));
#1912=AXIS2_PLACEMENT_3D('',#1909,#1910,#1911);
#1914=CARTESIAN_POINT('',(0.E0,2.391771452282E0,-5.774247078196E0));
#1915=DIRECTION('',(0.E0,-3.826834323651E-1,9.238795325113E-1));
#1916=DIRECTION('',(1.E0,0.E0,0.E0));
#1917=AXIS2_PLACEMENT_3D('',#1914,#1915,#1916);
#1919=CARTESIAN_POINT('',(0.E0,2.391771452282E0,-5.774247078196E0));
#1920=DIRECTION('',(0.E0,9.238795325113E-1,3.826834323651E-1));
#1921=DIRECTION('',(-1.E0,0.E0,0.E0));
#1922=AXIS2_PLACEMENT_3D('',#1919,#1920,#1921);
#1924=CARTESIAN_POINT('',(-8.280879708701E-1,2.249700228016E0,
-5.431256801751E0));
#1925=CARTESIAN_POINT('',(-8.280879708701E-1,2.338458363143E0,
-5.394491978410E0));
#1926=CARTESIAN_POINT('',(-7.948210783643E-1,2.498738095029E0,
-5.323185788724E0));
#1927=CARTESIAN_POINT('',(-6.657815645798E-1,2.700993250834E0,
-5.222678610387E0));
#1928=CARTESIAN_POINT('',(-5.037907080051E-1,2.834032487616E0,
-5.150964868915E0));
#1929=CARTESIAN_POINT('',(-3.295470927385E-1,2.917756937022E0,
-5.103726958810E0));
#1930=CARTESIAN_POINT('',(-1.650904933783E-1,2.959691862947E0,
-5.079382889210E0));
#1931=CARTESIAN_POINT('',(1.154089616950E-4,2.973599647377E0,
-5.071231673107E0));
#1932=CARTESIAN_POINT('',(1.653288332340E-1,2.959654128116E0,-5.079405045E0));
#1933=CARTESIAN_POINT('',(3.297921668254E-1,2.917663544247E0,
-5.103780403368E0));
#1934=CARTESIAN_POINT('',(5.038990790109E-1,2.833954734230E0,
-5.151007644963E0));
#1935=CARTESIAN_POINT('',(6.658355035072E-1,2.700922392612E0,
-5.222714580146E0));
#1936=CARTESIAN_POINT('',(7.948126964018E-1,2.498739160637E0,
-5.323184407605E0));
#1937=CARTESIAN_POINT('',(8.280879708701E-1,2.338461926602E0,
-5.394490502377E0));
#1938=CARTESIAN_POINT('',(8.280879708701E-1,2.249700228016E0,
-5.431256801751E0));
#1940=CARTESIAN_POINT('',(8.280879708705E-1,2.533842676547E0,
-6.117237354640E0));
#1941=CARTESIAN_POINT('',(8.280879708705E-1,2.621627516095E0,
-6.080875683529E0));
#1942=CARTESIAN_POINT('',(7.981299011842E-1,2.779830585213E0,
-6.010972123979E0));
#1943=CARTESIAN_POINT('',(6.966240149923E-1,2.969011201294E0,
-5.919208189841E0));
#1944=CARTESIAN_POINT('',(5.633846791124E-1,3.108163341008E0,
-5.846870916495E0));
#1945=CARTESIAN_POINT('',(4.168473264834E-1,3.203768200162E0,
-5.794762926837E0));
#1946=CARTESIAN_POINT('',(2.679871868054E-1,3.263103025643E0,
-5.761411933542E0));
#1947=CARTESIAN_POINT('',(1.309391193908E-1,3.292603819409E0,
-5.744546988180E0));
#1948=CARTESIAN_POINT('',(-4.144948616734E-4,3.301724870601E0,
-5.739298488218E0));
#1949=CARTESIAN_POINT('',(-1.317826310846E-1,3.292482597399E0,
-5.744616637295E0));
#1950=CARTESIAN_POINT('',(-2.687228877926E-1,3.262872452162E0,
-5.761542847478E0));
#1951=CARTESIAN_POINT('',(-4.174254324503E-1,3.203458611058E0,
-5.794934415464E0));
#1952=CARTESIAN_POINT('',(-5.637785688728E-1,3.107822734611E0,
-5.847052004414E0));
#1953=CARTESIAN_POINT('',(-6.968316805234E-1,2.968700743070E0,
-5.919363082327E0));
#1954=CARTESIAN_POINT('',(-7.981805547841E-1,2.779630437551E0,
-6.011062538207E0));
#1955=CARTESIAN_POINT('',(-8.280879708705E-1,2.621551260066E0,
-6.080907269810E0));
#1956=CARTESIAN_POINT('',(-8.280879708705E-1,2.533842676548E0,
-6.117237354640E0));
#1958=CARTESIAN_POINT('',(0.E0,2.391771452282E0,-5.774247078196E0));
#1959=DIRECTION('',(0.E0,9.238795325113E-1,3.826834323651E-1));
#1960=DIRECTION('',(-9.124936318132E-1,1.565523132400E-1,-3.779507178449E-1));
#1961=AXIS2_PLACEMENT_3D('',#1958,#1959,#1960);
#1963=CARTESIAN_POINT('',(0.E0,2.391771452282E0,-5.774247078196E0));
#1964=DIRECTION('',(0.E0,3.826834323651E-1,-9.238795325113E-1));
#1965=DIRECTION('',(-1.E0,0.E0,0.E0));
#1966=AXIS2_PLACEMENT_3D('',#1963,#1964,#1965);
#1968=CARTESIAN_POINT('',(0.E0,2.391771452282E0,-5.774247078196E0));
#1969=DIRECTION('',(0.E0,-9.238795325113E-1,-3.826834323651E-1));
#1970=DIRECTION('',(9.124936318133E-1,1.565523132399E-1,-3.779507178447E-1));
#1971=AXIS2_PLACEMENT_3D('',#1968,#1969,#1970);
#1973=CARTESIAN_POINT('',(0.E0,2.391771452282E0,-5.774247078196E0));
#1974=DIRECTION('',(0.E0,3.826834323651E-1,-9.238795325113E-1));
#1975=DIRECTION('',(0.E0,-9.238795325113E-1,-3.826834323651E-1));
#1976=AXIS2_PLACEMENT_3D('',#1973,#1974,#1975);
#1978=CARTESIAN_POINT('',(-8.280879708705E-1,2.533842676548E0,
-6.117237354640E0));
#1979=CARTESIAN_POINT('',(-8.280879708705E-1,2.446060218915E0,
-6.153598039130E0));
#1980=CARTESIAN_POINT('',(-7.981314891644E-1,2.284768585131E0,
-6.216033754026E0));
#1981=CARTESIAN_POINT('',(-6.966307017842E-1,2.086114964251E0,
-6.284916634003E0));
#1982=CARTESIAN_POINT('',(-5.633979488622E-1,1.936571186771E0,
-6.332161627775E0));
#1983=CARTESIAN_POINT('',(-4.168673611072E-1,1.832121757696E0,
-6.362918987246E0));
#1984=CARTESIAN_POINT('',(-2.680136036737E-1,1.766580464776E0,
-6.381293161030E0));
#1985=CARTESIAN_POINT('',(-1.309713247651E-1,1.733790752334E0,
-6.390229237890E0));
#1986=CARTESIAN_POINT('',(3.861555771554E-4,1.723624575507E0,
-6.392968995901E0));
#1987=CARTESIAN_POINT('',(1.317568159984E-1,1.733916451016E0,
-6.390195274232E0));
#1988=CARTESIAN_POINT('',(2.686989782212E-1,1.766818542513E0,
-6.381227525461E0));
#1989=CARTESIAN_POINT('',(4.174065610920E-1,1.832439003350E0,
-6.362827917934E0));
#1990=CARTESIAN_POINT('',(5.637653814493E-1,1.936915284973E0,
-6.332056414193E0));
#1991=CARTESIAN_POINT('',(6.968246213389E-1,2.086422178464E0,
-6.284813935689E0));
#1992=CARTESIAN_POINT('',(7.981788152211E-1,2.284960517268E0,
-6.215961270347E0));
#1993=CARTESIAN_POINT('',(8.280879708705E-1,2.446131471623E0,
-6.153568525292E0));
#1994=CARTESIAN_POINT('',(8.280879708705E-1,2.533842676547E0,
-6.117237354640E0));
#1996=CARTESIAN_POINT('',(0.E0,5.774247078196E0,-2.391771452282E0));
#1997=DIRECTION('',(0.E0,-3.826834323651E-1,-9.238795325113E-1));
#1998=DIRECTION('',(1.E0,0.E0,0.E0));
#1999=AXIS2_PLACEMENT_3D('',#1996,#1997,#1998);
#2001=CARTESIAN_POINT('',(8.280879708701E-1,5.431256801751E0,
-2.249700228016E0));
#2002=CARTESIAN_POINT('',(8.280879708701E-1,5.394491987430E0,
-2.338458341368E0));
#2003=CARTESIAN_POINT('',(7.948211037465E-1,5.323185809965E0,
-2.498738051829E0));
#2004=CARTESIAN_POINT('',(6.657815264231E-1,5.222678582092E0,
-2.700993307427E0));
#2005=CARTESIAN_POINT('',(5.037906217757E-1,5.150964835603E0,
-2.834032547892E0));
#2006=CARTESIAN_POINT('',(3.295469089540E-1,5.103726918781E0,
-2.917757007045E0));
#2007=CARTESIAN_POINT('',(1.650902989690E-1,5.079382869377E0,
-2.959691896784E0));
#2008=CARTESIAN_POINT('',(-1.156694353050E-4,5.071231671103E0,
-2.973599650733E0));
#2009=CARTESIAN_POINT('',(-1.653291666986E-1,5.079405072959E0,
-2.959654080670E0));
#2010=CARTESIAN_POINT('',(-3.297925803509E-1,5.103780493266E0,
-2.917663387171E0));
#2011=CARTESIAN_POINT('',(-5.038992223171E-1,5.151007705127E0,
-2.833954624346E0));
#2012=CARTESIAN_POINT('',(-6.658355747791E-1,5.222714625951E0,
-2.700922302617E0));
#2013=CARTESIAN_POINT('',(-7.948126921693E-1,5.323184413136E0,
-2.498739146674E0));
#2014=CARTESIAN_POINT('',(-8.280879708701E-1,5.394490503184E0,
-2.338461924655E0));
#2015=CARTESIAN_POINT('',(-8.280879708701E-1,5.431256801751E0,
-2.249700228016E0));
#2017=CARTESIAN_POINT('',(0.E0,5.774247078196E0,-2.391771452282E0));
#2018=DIRECTION('',(0.E0,-9.238795325113E-1,3.826834323651E-1));
#2019=DIRECTION('',(0.E0,-3.826834323651E-1,-9.238795325113E-1));
#2020=AXIS2_PLACEMENT_3D('',#2017,#2018,#2019);
#2022=CARTESIAN_POINT('',(0.E0,5.774247078196E0,-2.391771452282E0));
#2023=DIRECTION('',(0.E0,-9.238795325113E-1,3.826834323651E-1));
#2024=DIRECTION('',(1.E0,0.E0,0.E0));
#2025=AXIS2_PLACEMENT_3D('',#2022,#2023,#2024);
#2027=CARTESIAN_POINT('',(0.E0,5.774247078196E0,-2.391771452282E0));
#2028=DIRECTION('',(0.E0,3.826834323651E-1,9.238795325113E-1));
#2029=DIRECTION('',(-1.E0,0.E0,0.E0));
#2030=AXIS2_PLACEMENT_3D('',#2027,#2028,#2029);
#2032=CARTESIAN_POINT('',(-8.280879708701E-1,5.431256801751E0,
-2.249700228016E0));
#2033=CARTESIAN_POINT('',(-8.280879708701E-1,5.468021625091E0,
-2.160942092889E0));
#2034=CARTESIAN_POINT('',(-7.948210783640E-1,5.530935420128E0,
-1.997186117318E0));
#2035=CARTESIAN_POINT('',(-6.657815645796E-1,5.602882104966E0,
-1.783100817759E0));
#2036=CARTESIAN_POINT('',(-5.037907080048E-1,5.646245778560E0,
-1.638318598367E0));
#2037=CARTESIAN_POINT('',(-3.295470927383E-1,5.672045657921E0,
-1.545714225877E0));
#2038=CARTESIAN_POINT('',(-1.650904933782E-1,5.684484271716E0,
-1.498847898691E0));
#2039=CARTESIAN_POINT('',(1.154089617134E-4,5.688554780216E0,
-1.483249829827E0));
#2040=CARTESIAN_POINT('',(1.653288332339E-1,5.684473255670E0,
-1.498890247755E0));
#2041=CARTESIAN_POINT('',(3.297921668252E-1,5.672017410266E0,
-1.545818055550E0));
#2042=CARTESIAN_POINT('',(5.038990790107E-1,5.646221045847E0,
-1.638403825547E0));
#2043=CARTESIAN_POINT('',(6.658355035069E-1,5.602857435097E0,
-1.783176356548E0));
#2044=CARTESIAN_POINT('',(7.948126964016E-1,5.530935197027E0,
-1.997184387220E0));
#2045=CARTESIAN_POINT('',(8.280879708701E-1,5.468023101124E0,
-2.160938529430E0));
#2046=CARTESIAN_POINT('',(8.280879708701E-1,5.431256801751E0,
-2.249700228016E0));
#2048=CARTESIAN_POINT('',(8.280879708705E-1,6.117237354640E0,
-2.533842676547E0));
#2049=CARTESIAN_POINT('',(8.280879708705E-1,6.153599025752E0,
-2.446057836999E0));
#2050=CARTESIAN_POINT('',(7.981299011841E-1,6.216036207742E0,
-2.284762093035E0));
#2051=CARTESIAN_POINT('',(6.966240149921E-1,6.284920204145E0,
-2.086104296438E0));
#2052=CARTESIAN_POINT('',(5.633846791123E-1,6.332165449238E0,
-1.936558698314E0));
#2053=CARTESIAN_POINT('',(4.168473264833E-1,6.362922380619E0,
-1.832109941250E0));
#2054=CARTESIAN_POINT('',(2.679871868053E-1,6.381295724559E0,
-1.766571170274E0));
#2055=CARTESIAN_POINT('',(1.309391193908E-1,6.390230618652E0,
-1.733785641722E0));
#2056=CARTESIAN_POINT('',(-4.144948617602E-4,6.392968925887E0,
-1.723624834659E0));
#2057=CARTESIAN_POINT('',(-1.317826310847E-1,6.390194151108E0,
-1.733920607989E0));
#2058=CARTESIAN_POINT('',(-2.687228877927E-1,6.381225254619E0,
-1.766826780478E0));
#2059=CARTESIAN_POINT('',(-4.174254324505E-1,6.362824728836E0,
-1.832450114576E0));
#2060=CARTESIAN_POINT('',(-5.637785688730E-1,6.332052652640E0,
-1.936927591903E0));
#2061=CARTESIAN_POINT('',(-6.968316805236E-1,6.284810202557E0,
-2.086433349081E0));
#2062=CARTESIAN_POINT('',(-7.981805547842E-1,6.215958614487E0,
-2.284967551318E0));
#2063=CARTESIAN_POINT('',(-8.280879708706E-1,6.153567439470E0,
-2.446134093029E0));
#2064=CARTESIAN_POINT('',(-8.280879708706E-1,6.117237354640E0,
-2.533842676547E0));
#2066=CARTESIAN_POINT('',(0.E0,5.774247078196E0,-2.391771452282E0));
#2067=DIRECTION('',(0.E0,3.826834323651E-1,9.238795325113E-1));
#2068=DIRECTION('',(-9.124936318134E-1,3.779507178446E-1,-1.565523132399E-1));
#2069=AXIS2_PLACEMENT_3D('',#2066,#2067,#2068);
#2071=CARTESIAN_POINT('',(0.E0,5.774247078196E0,-2.391771452282E0));
#2072=DIRECTION('',(0.E0,9.238795325113E-1,-3.826834323651E-1));
#2073=DIRECTION('',(-1.E0,0.E0,0.E0));
#2074=AXIS2_PLACEMENT_3D('',#2071,#2072,#2073);
#2076=CARTESIAN_POINT('',(0.E0,5.774247078196E0,-2.391771452282E0));
#2077=DIRECTION('',(0.E0,-3.826834323651E-1,-9.238795325113E-1));
#2078=DIRECTION('',(9.124936318133E-1,3.779507178447E-1,-1.565523132399E-1));
#2079=AXIS2_PLACEMENT_3D('',#2076,#2077,#2078);
#2081=CARTESIAN_POINT('',(0.E0,5.774247078196E0,-2.391771452282E0));
#2082=DIRECTION('',(0.E0,9.238795325113E-1,-3.826834323651E-1));
#2083=DIRECTION('',(0.E0,-3.826834323651E-1,-9.238795325113E-1));
#2084=AXIS2_PLACEMENT_3D('',#2081,#2082,#2083);
#2086=CARTESIAN_POINT('',(-8.280879708706E-1,6.117237354640E0,
-2.533842676547E0));
#2087=CARTESIAN_POINT('',(-8.280879708706E-1,6.080876670150E0,
-2.621625134179E0));
#2088=CARTESIAN_POINT('',(-7.981314891642E-1,6.010974979544E0,
-2.779824259569E0));
#2089=CARTESIAN_POINT('',(-6.966307017840E-1,5.919213208652E0,
-2.969001133540E0));
#2090=CARTESIAN_POINT('',(-5.633979488618E-1,5.846877044985E0,
-3.108151808153E0));
#2091=CARTESIAN_POINT('',(-4.168673611067E-1,5.794768882848E0,
-3.203757445196E0));
#2092=CARTESIAN_POINT('',(-2.680136036732E-1,5.761416693059E0,
-3.263094640749E0));
#2093=CARTESIAN_POINT('',(-1.309713247646E-1,5.744549625582E0,
-3.292599229315E0));
#2094=CARTESIAN_POINT('',(3.861555776507E-4,5.739298354477E0,
-3.301725103356E0));
#2095=CARTESIAN_POINT('',(1.317568159988E-1,5.744614492040E0,
-3.292486330992E0));
#2096=CARTESIAN_POINT('',(2.686989782217E-1,5.761538628085E0,
-3.262879883010E0));
#2097=CARTESIAN_POINT('',(4.174065610924E-1,5.794928813674E0,
-3.203468722914E0));
#2098=CARTESIAN_POINT('',(5.637653814497E-1,5.847045961920E0,
-3.107834096743E0));
#2099=CARTESIAN_POINT('',(6.968246213392E-1,5.919357823231E0,
-2.968711281612E0));
#2100=CARTESIAN_POINT('',(7.981788152212E-1,6.011059442359E0,
-2.779637289351E0));
#2101=CARTESIAN_POINT('',(8.280879708705E-1,6.080906183989E0,
-2.621553881471E0));
#2102=CARTESIAN_POINT('',(8.280879708705E-1,6.117237354640E0,
-2.533842676547E0));
#2104=VERTEX_POINT('',#888);
#2105=VERTEX_POINT('',#904);
#2106=CARTESIAN_POINT('',(-9.075E-1,-5.774247078196E0,2.391771452282E0));
#2107=VERTEX_POINT('',#2106);
#2108=CARTESIAN_POINT('',(0.E0,-6.121532293067E0,1.553350776528E0));
#2109=VERTEX_POINT('',#2108);
#2110=CARTESIAN_POINT('',(9.075E-1,-5.774247078196E0,2.391771452282E0));
#2111=VERTEX_POINT('',#2110);
#2112=CARTESIAN_POINT('',(9.146673136408E-1,0.E0,-6.62125E0));
#2113=CARTESIAN_POINT('',(8.280879708702E-1,4.390368798022E-14,-6.62125E0));
#2114=VERTEX_POINT('',#2112);
#2115=VERTEX_POINT('',#2113);
#2116=VERTEX_POINT('',#602);
#2117=CARTESIAN_POINT('',(-9.146673136408E-1,0.E0,-6.62125E0));
#2118=VERTEX_POINT('',#2117);
#2119=CARTESIAN_POINT('',(-9.146673136408E-1,0.E0,6.62125E0));
#2120=VERTEX_POINT('',#2119);
#2121=CARTESIAN_POINT('',(-8.280879708705E-1,-1.131632013441E-14,6.62125E0));
#2122=VERTEX_POINT('',#2121);
#2123=VERTEX_POINT('',#414);
#2124=CARTESIAN_POINT('',(9.146673136408E-1,0.E0,6.62125E0));
#2125=VERTEX_POINT('',#2124);
#2126=VERTEX_POINT('',#204);
#2127=VERTEX_POINT('',#220);
#2128=VERTEX_POINT('',#1212);
#2129=VERTEX_POINT('',#1228);
#2130=VERTEX_POINT('',#1104);
#2131=VERTEX_POINT('',#1120);
#2132=VERTEX_POINT('',#996);
#2133=VERTEX_POINT('',#1012);
#2134=VERTEX_POINT('',#780);
#2135=VERTEX_POINT('',#796);
#2136=VERTEX_POINT('',#672);
#2137=VERTEX_POINT('',#688);
#2138=VERTEX_POINT('',#2048);
#2139=VERTEX_POINT('',#2064);
#2140=VERTEX_POINT('',#1940);
#2141=VERTEX_POINT('',#1956);
#2142=VERTEX_POINT('',#1832);
#2143=VERTEX_POINT('',#1848);
#2144=VERTEX_POINT('',#1724);
#2145=VERTEX_POINT('',#1740);
#2146=VERTEX_POINT('',#1616);
#2147=VERTEX_POINT('',#1632);
#2148=VERTEX_POINT('',#1508);
#2149=VERTEX_POINT('',#1524);
#2150=VERTEX_POINT('',#1400);
#2151=VERTEX_POINT('',#1416);
#2152=CARTESIAN_POINT('',(1.035726222799E0,0.E0,6.5284375E0));
#2153=CARTESIAN_POINT('',(1.035726222799E0,0.E0,-6.5284375E0));
#2154=VERTEX_POINT('',#2152);
#2155=VERTEX_POINT('',#2153);
#2156=CARTESIAN_POINT('',(1.035726222799E0,0.E0,5.9715625E0));
#2157=CARTESIAN_POINT('',(1.035726222799E0,0.E0,-5.9715625E0));
#2158=VERTEX_POINT('',#2156);
#2159=VERTEX_POINT('',#2157);
#2160=CARTESIAN_POINT('',(9.146673136408E-1,1.638407589148E-14,-5.87875E0));
#2161=CARTESIAN_POINT('',(9.146673136408E-1,0.E0,5.87875E0));
#2162=VERTEX_POINT('',#2160);
#2163=VERTEX_POINT('',#2161);
#2164=CARTESIAN_POINT('',(8.280879708702E-1,3.898037465942E-14,-5.87875E0));
#2165=VERTEX_POINT('',#2164);
#2166=VERTEX_POINT('',#548);
#2167=CARTESIAN_POINT('',(-9.146673136408E-1,0.E0,-5.87875E0));
#2168=VERTEX_POINT('',#2167);
#2169=CARTESIAN_POINT('',(-9.146673136408E-1,0.E0,5.87875E0));
#2170=VERTEX_POINT('',#2169);
#2171=CARTESIAN_POINT('',(-8.280879708702E-1,-1.127085512199E-14,5.87875E0));
#2172=VERTEX_POINT('',#2171);
#2173=VERTEX_POINT('',#365);
#2174=VERTEX_POINT('',#1353);
#2175=VERTEX_POINT('',#1367);
#2176=VERTEX_POINT('',#1461);
#2177=VERTEX_POINT('',#1475);
#2178=VERTEX_POINT('',#1569);
#2179=VERTEX_POINT('',#1583);
#2180=VERTEX_POINT('',#1677);
#2181=VERTEX_POINT('',#1691);
#2182=VERTEX_POINT('',#1785);
#2183=VERTEX_POINT('',#1799);
#2184=VERTEX_POINT('',#1893);
#2185=VERTEX_POINT('',#1907);
#2186=VERTEX_POINT('',#2001);
#2187=VERTEX_POINT('',#2015);
#2188=VERTEX_POINT('',#625);
#2189=VERTEX_POINT('',#639);
#2190=VERTEX_POINT('',#733);
#2191=VERTEX_POINT('',#747);
#2192=VERTEX_POINT('',#841);
#2193=VERTEX_POINT('',#855);
#2194=VERTEX_POINT('',#949);
#2195=VERTEX_POINT('',#963);
#2196=VERTEX_POINT('',#1057);
#2197=VERTEX_POINT('',#1071);
#2198=VERTEX_POINT('',#1165);
#2199=VERTEX_POINT('',#1179);
#2200=VERTEX_POINT('',#1273);
#2201=VERTEX_POINT('',#1287);
#2202=CARTESIAN_POINT('',(9.075E-1,-2.182177100693E-14,6.25E0));
#2203=VERTEX_POINT('',#2202);
#2204=CARTESIAN_POINT('',(0.E0,-9.075E-1,6.25E0));
#2205=VERTEX_POINT('',#2204);
#2206=CARTESIAN_POINT('',(-9.075E-1,-2.182177100693E-14,6.25E0));
#2207=VERTEX_POINT('',#2206);
#2208=CARTESIAN_POINT('',(0.E0,9.075E-1,6.25E0));
#2209=VERTEX_POINT('',#2208);
#2210=CARTESIAN_POINT('',(-1.035726222799E0,0.E0,-5.9715625E0));
#2211=VERTEX_POINT('',#2210);
#2212=CARTESIAN_POINT('',(-1.035726222799E0,0.E0,5.9715625E0));
#2213=VERTEX_POINT('',#2212);
#2214=CARTESIAN_POINT('',(-1.035726222799E0,0.E0,6.5284375E0));
#2215=CARTESIAN_POINT('',(-1.035726222799E0,0.E0,-6.5284375E0));
#2216=VERTEX_POINT('',#2214);
#2217=VERTEX_POINT('',#2215);
#2218=CARTESIAN_POINT('',(9.075E-1,6.546531302080E-14,-6.25E0));
#2219=VERTEX_POINT('',#2218);
#2220=CARTESIAN_POINT('',(-9.075E-1,6.546531302080E-14,-6.25E0));
#2221=VERTEX_POINT('',#2220);
#2222=CARTESIAN_POINT('',(0.E0,-9.074999999999E-1,-6.25E0));
#2223=VERTEX_POINT('',#2222);
#2224=CARTESIAN_POINT('',(0.E0,9.075000000001E-1,-6.25E0));
#2225=VERTEX_POINT('',#2224);
#2226=CARTESIAN_POINT('',(9.075E-1,-2.391771452282E0,-5.774247078196E0));
#2227=VERTEX_POINT('',#2226);
#2228=CARTESIAN_POINT('',(-9.075E-1,-2.391771452282E0,-5.774247078196E0));
#2229=VERTEX_POINT('',#2228);
#2230=CARTESIAN_POINT('',(0.E0,-3.230192128036E0,-5.426961863325E0));
#2231=VERTEX_POINT('',#2230);
#2232=CARTESIAN_POINT('',(0.E0,-1.553350776528E0,-6.121532293067E0));
#2233=VERTEX_POINT('',#2232);
#2234=CARTESIAN_POINT('',(9.075E-1,-5.774247078196E0,-2.391771452282E0));
#2235=VERTEX_POINT('',#2234);
#2236=CARTESIAN_POINT('',(-9.075E-1,-5.774247078196E0,-2.391771452282E0));
#2237=VERTEX_POINT('',#2236);
#2238=CARTESIAN_POINT('',(0.E0,-6.121532293067E0,-1.553350776528E0));
#2239=VERTEX_POINT('',#2238);
#2240=CARTESIAN_POINT('',(0.E0,-5.426961863325E0,-3.230192128036E0));
#2241=VERTEX_POINT('',#2240);
#2242=CARTESIAN_POINT('',(0.E0,-5.426961863325E0,3.230192128036E0));
#2243=VERTEX_POINT('',#2242);
#2244=CARTESIAN_POINT('',(9.075E-1,-2.391771452282E0,5.774247078196E0));
#2245=VERTEX_POINT('',#2244);
#2246=CARTESIAN_POINT('',(-9.075E-1,-2.391771452282E0,5.774247078196E0));
#2247=VERTEX_POINT('',#2246);
#2248=CARTESIAN_POINT('',(0.E0,-1.553350776528E0,6.121532293067E0));
#2249=VERTEX_POINT('',#2248);
#2250=CARTESIAN_POINT('',(0.E0,-3.230192128036E0,5.426961863325E0));
#2251=VERTEX_POINT('',#2250);
#2252=CARTESIAN_POINT('',(9.075E-1,-4.419417382416E0,4.419417382416E0));
#2253=VERTEX_POINT('',#2252);
#2254=CARTESIAN_POINT('',(-9.075E-1,-4.419417382416E0,4.419417382416E0));
#2255=VERTEX_POINT('',#2254);
#2256=CARTESIAN_POINT('',(0.E0,-3.777717978489E0,5.061116786343E0));
#2257=VERTEX_POINT('',#2256);
#2258=CARTESIAN_POINT('',(0.E0,-5.061116786343E0,3.777717978489E0));
#2259=VERTEX_POINT('',#2258);
#2260=CARTESIAN_POINT('',(9.075E-1,-6.25E0,-4.364354201387E-14));
#2261=VERTEX_POINT('',#2260);
#2262=CARTESIAN_POINT('',(-9.075E-1,-6.25E0,-4.364354201387E-14));
#2263=VERTEX_POINT('',#2262);
#2264=CARTESIAN_POINT('',(0.E0,-6.25E0,9.075E-1));
#2265=VERTEX_POINT('',#2264);
#2266=CARTESIAN_POINT('',(0.E0,-6.25E0,-9.075E-1));
#2267=VERTEX_POINT('',#2266);
#2268=CARTESIAN_POINT('',(9.075E-1,-4.419417382416E0,-4.419417382416E0));
#2269=VERTEX_POINT('',#2268);
#2270=CARTESIAN_POINT('',(-9.075E-1,-4.419417382416E0,-4.419417382416E0));
#2271=VERTEX_POINT('',#2270);
#2272=CARTESIAN_POINT('',(0.E0,-5.061116786343E0,-3.777717978489E0));
#2273=VERTEX_POINT('',#2272);
#2274=CARTESIAN_POINT('',(0.E0,-3.777717978489E0,-5.061116786343E0));
#2275=VERTEX_POINT('',#2274);
#2276=CARTESIAN_POINT('',(9.075E-1,4.419417382416E0,-4.419417382416E0));
#2277=VERTEX_POINT('',#2276);
#2278=CARTESIAN_POINT('',(-9.075E-1,4.419417382416E0,-4.419417382416E0));
#2279=VERTEX_POINT('',#2278);
#2280=CARTESIAN_POINT('',(0.E0,3.777717978489E0,-5.061116786343E0));
#2281=VERTEX_POINT('',#2280);
#2282=CARTESIAN_POINT('',(0.E0,5.061116786343E0,-3.777717978489E0));
#2283=VERTEX_POINT('',#2282);
#2284=CARTESIAN_POINT('',(9.075E-1,4.419417382416E0,4.419417382416E0));
#2285=VERTEX_POINT('',#2284);
#2286=CARTESIAN_POINT('',(-9.075E-1,4.419417382416E0,4.419417382416E0));
#2287=VERTEX_POINT('',#2286);
#2288=CARTESIAN_POINT('',(0.E0,5.061116786343E0,3.777717978489E0));
#2289=VERTEX_POINT('',#2288);
#2290=CARTESIAN_POINT('',(0.E0,3.777717978489E0,5.061116786343E0));
#2291=VERTEX_POINT('',#2290);
#2292=CARTESIAN_POINT('',(9.075E-1,6.25E0,0.E0));
#2293=VERTEX_POINT('',#2292);
#2294=CARTESIAN_POINT('',(-9.075E-1,6.25E0,0.E0));
#2295=VERTEX_POINT('',#2294);
#2296=CARTESIAN_POINT('',(0.E0,6.25E0,-9.075E-1));
#2297=VERTEX_POINT('',#2296);
#2298=CARTESIAN_POINT('',(0.E0,6.25E0,9.075E-1));
#2299=VERTEX_POINT('',#2298);
#2300=CARTESIAN_POINT('',(9.075E-1,5.774247078196E0,2.391771452282E0));
#2301=VERTEX_POINT('',#2300);
#2302=CARTESIAN_POINT('',(-9.075E-1,5.774247078196E0,2.391771452282E0));
#2303=VERTEX_POINT('',#2302);
#2304=CARTESIAN_POINT('',(0.E0,6.121532293067E0,1.553350776528E0));
#2305=VERTEX_POINT('',#2304);
#2306=CARTESIAN_POINT('',(0.E0,5.426961863325E0,3.230192128036E0));
#2307=VERTEX_POINT('',#2306);
#2308=CARTESIAN_POINT('',(9.075E-1,2.391771452282E0,5.774247078196E0));
#2309=VERTEX_POINT('',#2308);
#2310=CARTESIAN_POINT('',(-9.075E-1,2.391771452282E0,5.774247078196E0));
#2311=VERTEX_POINT('',#2310);
#2312=CARTESIAN_POINT('',(0.E0,3.230192128036E0,5.426961863325E0));
#2313=VERTEX_POINT('',#2312);
#2314=CARTESIAN_POINT('',(0.E0,1.553350776528E0,6.121532293067E0));
#2315=VERTEX_POINT('',#2314);
#2316=CARTESIAN_POINT('',(9.075E-1,2.391771452282E0,-5.774247078196E0));
#2317=VERTEX_POINT('',#2316);
#2318=CARTESIAN_POINT('',(-9.075E-1,2.391771452282E0,-5.774247078196E0));
#2319=VERTEX_POINT('',#2318);
#2320=CARTESIAN_POINT('',(0.E0,1.553350776528E0,-6.121532293067E0));
#2321=VERTEX_POINT('',#2320);
#2322=CARTESIAN_POINT('',(0.E0,3.230192128036E0,-5.426961863325E0));
#2323=VERTEX_POINT('',#2322);
#2324=CARTESIAN_POINT('',(9.075E-1,5.774247078196E0,-2.391771452282E0));
#2325=VERTEX_POINT('',#2324);
#2326=CARTESIAN_POINT('',(-9.075E-1,5.774247078196E0,-2.391771452282E0));
#2327=VERTEX_POINT('',#2326);
#2328=CARTESIAN_POINT('',(0.E0,5.426961863325E0,-3.230192128036E0));
#2329=VERTEX_POINT('',#2328);
#2330=CARTESIAN_POINT('',(0.E0,6.121532293067E0,-1.553350776528E0));
#2331=VERTEX_POINT('',#2330);
#2332=CARTESIAN_POINT('',(0.E0,-4.419417382416E0,-4.419417382416E0));
#2333=DIRECTION('',(0.E0,-7.071067811866E-1,7.071067811865E-1));
#2334=DIRECTION('',(-1.E0,0.E0,0.E0));
#2335=AXIS2_PLACEMENT_3D('',#2332,#2333,#2334);
#2336=SPHERICAL_SURFACE('',#2335,9.075E-1);
#2338=ORIENTED_EDGE('',*,*,#2337,.T.);
#2340=ORIENTED_EDGE('',*,*,#2339,.T.);
#2342=ORIENTED_EDGE('',*,*,#2341,.T.);
#2344=ORIENTED_EDGE('',*,*,#2343,.F.);
#2346=ORIENTED_EDGE('',*,*,#2345,.F.);
#2347=EDGE_LOOP('',(#2338,#2340,#2342,#2344,#2346));
#2348=FACE_OUTER_BOUND('',#2347,.F.);
#2349=ADVANCED_FACE('',(#2348),#2336,.F.);
#2350=CARTESIAN_POINT('',(-1.5E0,0.E0,0.E0));
#2351=DIRECTION('',(-1.E0,0.E0,0.E0));
#2352=DIRECTION('',(0.E0,0.E0,1.E0));
#2353=AXIS2_PLACEMENT_3D('',#2350,#2351,#2352);
#2354=CYLINDRICAL_SURFACE('',#2353,6.62125E0);
#2356=ORIENTED_EDGE('',*,*,#2355,.T.);
#2358=ORIENTED_EDGE('',*,*,#2357,.F.);
#2360=ORIENTED_EDGE('',*,*,#2359,.T.);
#2362=ORIENTED_EDGE('',*,*,#2361,.F.);
#2364=ORIENTED_EDGE('',*,*,#2363,.F.);
#2366=ORIENTED_EDGE('',*,*,#2365,.F.);
#2368=ORIENTED_EDGE('',*,*,#2367,.F.);
#2370=ORIENTED_EDGE('',*,*,#2369,.F.);
#2371=EDGE_LOOP('',(#2356,#2358,#2360,#2362,#2364,#2366,#2368,#2370));
#2372=FACE_OUTER_BOUND('',#2371,.F.);
#2373=ORIENTED_EDGE('',*,*,#2337,.F.);
#2375=ORIENTED_EDGE('',*,*,#2374,.F.);
#2376=EDGE_LOOP('',(#2373,#2375));
#2377=FACE_BOUND('',#2376,.F.);
#2379=ORIENTED_EDGE('',*,*,#2378,.F.);
#2381=ORIENTED_EDGE('',*,*,#2380,.F.);
#2382=EDGE_LOOP('',(#2379,#2381));
#2383=FACE_BOUND('',#2382,.F.);
#2385=ORIENTED_EDGE('',*,*,#2384,.F.);
#2387=ORIENTED_EDGE('',*,*,#2386,.F.);
#2388=EDGE_LOOP('',(#2385,#2387));
#2389=FACE_BOUND('',#2388,.F.);
#2391=ORIENTED_EDGE('',*,*,#2390,.F.);
#2393=ORIENTED_EDGE('',*,*,#2392,.F.);
#2394=EDGE_LOOP('',(#2391,#2393));
#2395=FACE_BOUND('',#2394,.F.);
#2397=ORIENTED_EDGE('',*,*,#2396,.F.);
#2399=ORIENTED_EDGE('',*,*,#2398,.F.);
#2400=EDGE_LOOP('',(#2397,#2399));
#2401=FACE_BOUND('',#2400,.F.);
#2403=ORIENTED_EDGE('',*,*,#2402,.F.);
#2405=ORIENTED_EDGE('',*,*,#2404,.F.);
#2406=EDGE_LOOP('',(#2403,#2405));
#2407=FACE_BOUND('',#2406,.F.);
#2409=ORIENTED_EDGE('',*,*,#2408,.F.);
#2411=ORIENTED_EDGE('',*,*,#2410,.F.);
#2412=EDGE_LOOP('',(#2409,#2411));
#2413=FACE_BOUND('',#2412,.F.);
#2414=ADVANCED_FACE('',(#2372,#2377,#2383,#2389,#2395,#2401,#2407,#2413),#2354,
.T.);
#2415=CARTESIAN_POINT('',(-1.5E0,0.E0,0.E0));
#2416=DIRECTION('',(-1.E0,0.E0,0.E0));
#2417=DIRECTION('',(0.E0,0.E0,1.E0));
#2418=AXIS2_PLACEMENT_3D('',#2415,#2416,#2417);
#2419=CYLINDRICAL_SURFACE('',#2418,6.62125E0);
#2421=ORIENTED_EDGE('',*,*,#2420,.F.);
#2422=ORIENTED_EDGE('',*,*,#2367,.T.);
#2424=ORIENTED_EDGE('',*,*,#2423,.F.);
#2425=ORIENTED_EDGE('',*,*,#2363,.T.);
#2427=ORIENTED_EDGE('',*,*,#2426,.F.);
#2428=ORIENTED_EDGE('',*,*,#2359,.F.);
#2430=ORIENTED_EDGE('',*,*,#2429,.F.);
#2431=ORIENTED_EDGE('',*,*,#2355,.F.);
#2432=EDGE_LOOP('',(#2421,#2422,#2424,#2425,#2427,#2428,#2430,#2431));
#2433=FACE_OUTER_BOUND('',#2432,.F.);
#2435=ORIENTED_EDGE('',*,*,#2434,.F.);
#2437=ORIENTED_EDGE('',*,*,#2436,.F.);
#2438=EDGE_LOOP('',(#2435,#2437));
#2439=FACE_BOUND('',#2438,.F.);
#2441=ORIENTED_EDGE('',*,*,#2440,.F.);
#2443=ORIENTED_EDGE('',*,*,#2442,.F.);
#2444=EDGE_LOOP('',(#2441,#2443));
#2445=FACE_BOUND('',#2444,.F.);
#2447=ORIENTED_EDGE('',*,*,#2446,.F.);
#2449=ORIENTED_EDGE('',*,*,#2448,.F.);
#2450=EDGE_LOOP('',(#2447,#2449));
#2451=FACE_BOUND('',#2450,.F.);
#2453=ORIENTED_EDGE('',*,*,#2452,.F.);
#2455=ORIENTED_EDGE('',*,*,#2454,.F.);
#2456=EDGE_LOOP('',(#2453,#2455));
#2457=FACE_BOUND('',#2456,.F.);
#2459=ORIENTED_EDGE('',*,*,#2458,.F.);
#2461=ORIENTED_EDGE('',*,*,#2460,.F.);
#2462=EDGE_LOOP('',(#2459,#2461));
#2463=FACE_BOUND('',#2462,.F.);
#2465=ORIENTED_EDGE('',*,*,#2464,.F.);
#2467=ORIENTED_EDGE('',*,*,#2466,.F.);
#2468=EDGE_LOOP('',(#2465,#2467));
#2469=FACE_BOUND('',#2468,.F.);
#2471=ORIENTED_EDGE('',*,*,#2470,.F.);
#2473=ORIENTED_EDGE('',*,*,#2472,.F.);
#2474=EDGE_LOOP('',(#2471,#2473));
#2475=FACE_BOUND('',#2474,.F.);
#2476=ADVANCED_FACE('',(#2433,#2439,#2445,#2451,#2457,#2463,#2469,#2475),#2419,
.T.);
#2477=CARTESIAN_POINT('',(9.146673136408E-1,0.E0,0.E0));
#2478=DIRECTION('',(-1.E0,0.E0,0.E0));
#2479=DIRECTION('',(0.E0,0.E0,1.E0));
#2480=AXIS2_PLACEMENT_3D('',#2477,#2478,#2479);
#2481=TOROIDAL_SURFACE('',#2480,6.495892857143E0,1.253571428572E-1);
#2483=ORIENTED_EDGE('',*,*,#2482,.F.);
#2485=ORIENTED_EDGE('',*,*,#2484,.T.);
#2486=ORIENTED_EDGE('',*,*,#2420,.T.);
#2488=ORIENTED_EDGE('',*,*,#2487,.F.);
#2489=EDGE_LOOP('',(#2483,#2485,#2486,#2488));
#2490=FACE_OUTER_BOUND('',#2489,.F.);
#2491=ADVANCED_FACE('',(#2490),#2481,.T.);
#2492=CARTESIAN_POINT('',(0.E0,0.E0,0.E0));
#2493=DIRECTION('',(-1.E0,0.E0,0.E0));
#2494=DIRECTION('',(0.E0,0.E0,1.E0));
#2495=AXIS2_PLACEMENT_3D('',#2492,#2493,#2494);
#2496=TOROIDAL_SURFACE('',#2495,6.25E0,1.0725E0);
#2498=ORIENTED_EDGE('',*,*,#2497,.F.);
#2500=ORIENTED_EDGE('',*,*,#2499,.T.);
#2501=ORIENTED_EDGE('',*,*,#2482,.T.);
#2503=ORIENTED_EDGE('',*,*,#2502,.F.);
#2504=EDGE_LOOP('',(#2498,#2500,#2501,#2503));
#2505=FACE_OUTER_BOUND('',#2504,.F.);
#2506=ADVANCED_FACE('',(#2505),#2496,.T.);
#2507=CARTESIAN_POINT('',(9.146673136408E-1,0.E0,0.E0));
#2508=DIRECTION('',(-1.E0,0.E0,0.E0));
#2509=DIRECTION('',(0.E0,0.E0,1.E0));
#2510=AXIS2_PLACEMENT_3D('',#2507,#2508,#2509);
#2511=TOROIDAL_SURFACE('',#2510,6.004107142857E0,1.253571428572E-1);
#2513=ORIENTED_EDGE('',*,*,#2512,.T.);
#2515=ORIENTED_EDGE('',*,*,#2514,.T.);
#2516=ORIENTED_EDGE('',*,*,#2497,.T.);
#2518=ORIENTED_EDGE('',*,*,#2517,.F.);
#2519=EDGE_LOOP('',(#2513,#2515,#2516,#2518));
#2520=FACE_OUTER_BOUND('',#2519,.F.);
#2521=ADVANCED_FACE('',(#2520),#2511,.T.);
#2522=CARTESIAN_POINT('',(-1.5E0,0.E0,0.E0));
#2523=DIRECTION('',(-1.E0,0.E0,0.E0));
#2524=DIRECTION('',(0.E0,0.E0,1.E0));
#2525=AXIS2_PLACEMENT_3D('',#2522,#2523,#2524);
#2526=CYLINDRICAL_SURFACE('',#2525,5.87875E0);
#2528=ORIENTED_EDGE('',*,*,#2527,.T.);
#2530=ORIENTED_EDGE('',*,*,#2529,.F.);
#2532=ORIENTED_EDGE('',*,*,#2531,.T.);
#2534=ORIENTED_EDGE('',*,*,#2533,.F.);
#2536=ORIENTED_EDGE('',*,*,#2535,.F.);
#2538=ORIENTED_EDGE('',*,*,#2537,.F.);
#2540=ORIENTED_EDGE('',*,*,#2539,.F.);
#2541=ORIENTED_EDGE('',*,*,#2512,.F.);
#2542=EDGE_LOOP('',(#2528,#2530,#2532,#2534,#2536,#2538,#2540,#2541));
#2543=FACE_OUTER_BOUND('',#2542,.F.);
#2545=ORIENTED_EDGE('',*,*,#2544,.F.);
#2547=ORIENTED_EDGE('',*,*,#2546,.F.);
#2548=EDGE_LOOP('',(#2545,#2547));
#2549=FACE_BOUND('',#2548,.F.);
#2551=ORIENTED_EDGE('',*,*,#2550,.F.);
#2553=ORIENTED_EDGE('',*,*,#2552,.F.);
#2554=EDGE_LOOP('',(#2551,#2553));
#2555=FACE_BOUND('',#2554,.F.);
#2557=ORIENTED_EDGE('',*,*,#2556,.F.);
#2559=ORIENTED_EDGE('',*,*,#2558,.F.);
#2560=EDGE_LOOP('',(#2557,#2559));
#2561=FACE_BOUND('',#2560,.F.);
#2563=ORIENTED_EDGE('',*,*,#2562,.F.);
#2565=ORIENTED_EDGE('',*,*,#2564,.F.);
#2566=EDGE_LOOP('',(#2563,#2565));
#2567=FACE_BOUND('',#2566,.F.);
#2569=ORIENTED_EDGE('',*,*,#2568,.F.);
#2571=ORIENTED_EDGE('',*,*,#2570,.F.);
#2572=EDGE_LOOP('',(#2569,#2571));
#2573=FACE_BOUND('',#2572,.F.);
#2575=ORIENTED_EDGE('',*,*,#2574,.F.);
#2577=ORIENTED_EDGE('',*,*,#2576,.F.);
#2578=EDGE_LOOP('',(#2575,#2577));
#2579=FACE_BOUND('',#2578,.F.);
#2581=ORIENTED_EDGE('',*,*,#2580,.F.);
#2583=ORIENTED_EDGE('',*,*,#2582,.F.);
#2584=EDGE_LOOP('',(#2581,#2583));
#2585=FACE_BOUND('',#2584,.F.);
#2586=ADVANCED_FACE('',(#2543,#2549,#2555,#2561,#2567,#2573,#2579,#2585),#2526,
.F.);
#2587=CARTESIAN_POINT('',(-1.5E0,0.E0,0.E0));
#2588=DIRECTION('',(-1.E0,0.E0,0.E0));
#2589=DIRECTION('',(0.E0,0.E0,1.E0));
#2590=AXIS2_PLACEMENT_3D('',#2587,#2588,#2589);
#2591=CYLINDRICAL_SURFACE('',#2590,5.87875E0);
#2593=ORIENTED_EDGE('',*,*,#2592,.F.);
#2594=ORIENTED_EDGE('',*,*,#2539,.T.);
#2596=ORIENTED_EDGE('',*,*,#2595,.F.);
#2597=ORIENTED_EDGE('',*,*,#2535,.T.);
#2599=ORIENTED_EDGE('',*,*,#2598,.F.);
#2600=ORIENTED_EDGE('',*,*,#2531,.F.);
#2602=ORIENTED_EDGE('',*,*,#2601,.F.);
#2603=ORIENTED_EDGE('',*,*,#2527,.F.);
#2604=EDGE_LOOP('',(#2593,#2594,#2596,#2597,#2599,#2600,#2602,#2603));
#2605=FACE_OUTER_BOUND('',#2604,.F.);
#2607=ORIENTED_EDGE('',*,*,#2606,.F.);
#2609=ORIENTED_EDGE('',*,*,#2608,.F.);
#2610=EDGE_LOOP('',(#2607,#2609));
#2611=FACE_BOUND('',#2610,.F.);
#2613=ORIENTED_EDGE('',*,*,#2612,.F.);
#2615=ORIENTED_EDGE('',*,*,#2614,.F.);
#2616=EDGE_LOOP('',(#2613,#2615));
#2617=FACE_BOUND('',#2616,.F.);
#2619=ORIENTED_EDGE('',*,*,#2618,.F.);
#2621=ORIENTED_EDGE('',*,*,#2620,.F.);
#2622=EDGE_LOOP('',(#2619,#2621));
#2623=FACE_BOUND('',#2622,.F.);
#2625=ORIENTED_EDGE('',*,*,#2624,.F.);
#2627=ORIENTED_EDGE('',*,*,#2626,.F.);
#2628=EDGE_LOOP('',(#2625,#2627));
#2629=FACE_BOUND('',#2628,.F.);
#2631=ORIENTED_EDGE('',*,*,#2630,.F.);
#2633=ORIENTED_EDGE('',*,*,#2632,.F.);
#2634=EDGE_LOOP('',(#2631,#2633));
#2635=FACE_BOUND('',#2634,.F.);
#2637=ORIENTED_EDGE('',*,*,#2636,.F.);
#2639=ORIENTED_EDGE('',*,*,#2638,.F.);
#2640=EDGE_LOOP('',(#2637,#2639));
#2641=FACE_BOUND('',#2640,.F.);
#2643=ORIENTED_EDGE('',*,*,#2642,.F.);
#2645=ORIENTED_EDGE('',*,*,#2644,.F.);
#2646=EDGE_LOOP('',(#2643,#2645));
#2647=FACE_BOUND('',#2646,.F.);
#2648=ADVANCED_FACE('',(#2605,#2611,#2617,#2623,#2629,#2635,#2641,#2647),#2591,
.F.);
#2649=CARTESIAN_POINT('',(9.146673136408E-1,0.E0,0.E0));
#2650=DIRECTION('',(-1.E0,0.E0,0.E0));
#2651=DIRECTION('',(0.E0,0.E0,1.E0));
#2652=AXIS2_PLACEMENT_3D('',#2649,#2650,#2651);
#2653=TOROIDAL_SURFACE('',#2652,6.004107142857E0,1.253571428572E-1);
#2654=ORIENTED_EDGE('',*,*,#2517,.T.);
#2656=ORIENTED_EDGE('',*,*,#2655,.T.);
#2657=ORIENTED_EDGE('',*,*,#2514,.F.);
#2658=ORIENTED_EDGE('',*,*,#2592,.T.);
#2659=EDGE_LOOP('',(#2654,#2656,#2657,#2658));
#2660=FACE_OUTER_BOUND('',#2659,.F.);
#2661=ADVANCED_FACE('',(#2660),#2653,.T.);
#2662=CARTESIAN_POINT('',(0.E0,0.E0,0.E0));
#2663=DIRECTION('',(-1.E0,0.E0,0.E0));
#2664=DIRECTION('',(0.E0,0.E0,1.E0));
#2665=AXIS2_PLACEMENT_3D('',#2662,#2663,#2664);
#2666=TOROIDAL_SURFACE('',#2665,6.25E0,1.0725E0);
#2667=ORIENTED_EDGE('',*,*,#2502,.T.);
#2669=ORIENTED_EDGE('',*,*,#2668,.T.);
#2670=ORIENTED_EDGE('',*,*,#2499,.F.);
#2671=ORIENTED_EDGE('',*,*,#2655,.F.);
#2672=EDGE_LOOP('',(#2667,#2669,#2670,#2671));
#2673=FACE_OUTER_BOUND('',#2672,.F.);
#2674=ADVANCED_FACE('',(#2673),#2666,.T.);
#2675=CARTESIAN_POINT('',(9.146673136408E-1,0.E0,0.E0));
#2676=DIRECTION('',(-1.E0,0.E0,0.E0));
#2677=DIRECTION('',(0.E0,0.E0,1.E0));
#2678=AXIS2_PLACEMENT_3D('',#2675,#2676,#2677);
#2679=TOROIDAL_SURFACE('',#2678,6.495892857143E0,1.253571428572E-1);
#2680=ORIENTED_EDGE('',*,*,#2487,.T.);
#2681=ORIENTED_EDGE('',*,*,#2369,.T.);
#2682=ORIENTED_EDGE('',*,*,#2484,.F.);
#2683=ORIENTED_EDGE('',*,*,#2668,.F.);
#2684=EDGE_LOOP('',(#2680,#2681,#2682,#2683));
#2685=FACE_OUTER_BOUND('',#2684,.F.);
#2686=ADVANCED_FACE('',(#2685),#2679,.T.);
#2687=CARTESIAN_POINT('',(0.E0,-2.182177100693E-14,6.25E0));
#2688=DIRECTION('',(0.E0,1.E0,0.E0));
#2689=DIRECTION('',(-1.E0,0.E0,0.E0));
#2690=AXIS2_PLACEMENT_3D('',#2687,#2688,#2689);
#2691=SPHERICAL_SURFACE('',#2690,9.075E-1);
#2693=ORIENTED_EDGE('',*,*,#2692,.F.);
#2695=ORIENTED_EDGE('',*,*,#2694,.T.);
#2697=ORIENTED_EDGE('',*,*,#2696,.F.);
#2699=ORIENTED_EDGE('',*,*,#2698,.T.);
#2700=ORIENTED_EDGE('',*,*,#2595,.T.);
#2701=EDGE_LOOP('',(#2693,#2695,#2697,#2699,#2700));
#2702=FACE_OUTER_BOUND('',#2701,.F.);
#2703=ADVANCED_FACE('',(#2702),#2691,.F.);
#2704=CARTESIAN_POINT('',(0.E0,-2.182177100693E-14,6.25E0));
#2705=DIRECTION('',(0.E0,1.E0,0.E0));
#2706=DIRECTION('',(-1.E0,0.E0,0.E0));
#2707=AXIS2_PLACEMENT_3D('',#2704,#2705,#2706);
#2708=SPHERICAL_SURFACE('',#2707,9.075E-1);
#2709=ORIENTED_EDGE('',*,*,#2692,.T.);
#2710=ORIENTED_EDGE('',*,*,#2537,.T.);
#2711=ORIENTED_EDGE('',*,*,#2698,.F.);
#2713=ORIENTED_EDGE('',*,*,#2712,.F.);
#2715=ORIENTED_EDGE('',*,*,#2714,.T.);
#2716=EDGE_LOOP('',(#2709,#2710,#2711,#2713,#2715));
#2717=FACE_OUTER_BOUND('',#2716,.F.);
#2718=ADVANCED_FACE('',(#2717),#2708,.F.);
#2719=CARTESIAN_POINT('',(0.E0,-2.182177100693E-14,6.25E0));
#2720=DIRECTION('',(0.E0,1.E0,0.E0));
#2721=DIRECTION('',(-1.E0,0.E0,0.E0));
#2722=AXIS2_PLACEMENT_3D('',#2719,#2720,#2721);
#2723=SPHERICAL_SURFACE('',#2722,9.075E-1);
#2725=ORIENTED_EDGE('',*,*,#2724,.T.);
#2726=ORIENTED_EDGE('',*,*,#2714,.F.);
#2727=ORIENTED_EDGE('',*,*,#2712,.T.);
#2729=ORIENTED_EDGE('',*,*,#2728,.F.);
#2730=ORIENTED_EDGE('',*,*,#2423,.T.);
#2731=EDGE_LOOP('',(#2725,#2726,#2727,#2729,#2730));
#2732=FACE_OUTER_BOUND('',#2731,.F.);
#2733=ADVANCED_FACE('',(#2732),#2723,.F.);
#2734=CARTESIAN_POINT('',(0.E0,-2.182177100693E-14,6.25E0));
#2735=DIRECTION('',(0.E0,1.E0,0.E0));
#2736=DIRECTION('',(-1.E0,0.E0,0.E0));
#2737=AXIS2_PLACEMENT_3D('',#2734,#2735,#2736);
#2738=SPHERICAL_SURFACE('',#2737,9.075E-1);
#2739=ORIENTED_EDGE('',*,*,#2365,.T.);
#2740=ORIENTED_EDGE('',*,*,#2728,.T.);
#2741=ORIENTED_EDGE('',*,*,#2696,.T.);
#2742=ORIENTED_EDGE('',*,*,#2694,.F.);
#2743=ORIENTED_EDGE('',*,*,#2724,.F.);
#2744=EDGE_LOOP('',(#2739,#2740,#2741,#2742,#2743));
#2745=FACE_OUTER_BOUND('',#2744,.F.);
#2746=ADVANCED_FACE('',(#2745),#2738,.F.);
#2747=CARTESIAN_POINT('',(-9.146673136408E-1,0.E0,0.E0));
#2748=DIRECTION('',(-1.E0,0.E0,0.E0));
#2749=DIRECTION('',(0.E0,0.E0,1.E0));
#2750=AXIS2_PLACEMENT_3D('',#2747,#2748,#2749);
#2751=TOROIDAL_SURFACE('',#2750,6.004107142857E0,1.253571428572E-1);
#2753=ORIENTED_EDGE('',*,*,#2752,.T.);
#2754=ORIENTED_EDGE('',*,*,#2598,.T.);
#2756=ORIENTED_EDGE('',*,*,#2755,.F.);
#2758=ORIENTED_EDGE('',*,*,#2757,.F.);
#2759=EDGE_LOOP('',(#2753,#2754,#2756,#2758));
#2760=FACE_OUTER_BOUND('',#2759,.F.);
#2761=ADVANCED_FACE('',(#2760),#2751,.T.);
#2762=CARTESIAN_POINT('',(-9.146673136408E-1,0.E0,0.E0));
#2763=DIRECTION('',(-1.E0,0.E0,0.E0));
#2764=DIRECTION('',(0.E0,0.E0,1.E0));
#2765=AXIS2_PLACEMENT_3D('',#2762,#2763,#2764);
#2766=TOROIDAL_SURFACE('',#2765,6.004107142857E0,1.253571428572E-1);
#2768=ORIENTED_EDGE('',*,*,#2767,.F.);
#2769=ORIENTED_EDGE('',*,*,#2755,.T.);
#2770=ORIENTED_EDGE('',*,*,#2533,.T.);
#2771=ORIENTED_EDGE('',*,*,#2752,.F.);
#2772=EDGE_LOOP('',(#2768,#2769,#2770,#2771));
#2773=FACE_OUTER_BOUND('',#2772,.F.);
#2774=ADVANCED_FACE('',(#2773),#2766,.T.);
#2775=CARTESIAN_POINT('',(0.E0,0.E0,0.E0));
#2776=DIRECTION('',(-1.E0,0.E0,0.E0));
#2777=DIRECTION('',(0.E0,0.E0,1.E0));
#2778=AXIS2_PLACEMENT_3D('',#2775,#2776,#2777);
#2779=TOROIDAL_SURFACE('',#2778,6.25E0,1.0725E0);
#2781=ORIENTED_EDGE('',*,*,#2780,.F.);
#2783=ORIENTED_EDGE('',*,*,#2782,.T.);
#2784=ORIENTED_EDGE('',*,*,#2767,.T.);
#2786=ORIENTED_EDGE('',*,*,#2785,.F.);
#2787=EDGE_LOOP('',(#2781,#2783,#2784,#2786));
#2788=FACE_OUTER_BOUND('',#2787,.F.);
#2789=ADVANCED_FACE('',(#2788),#2779,.T.);
#2790=CARTESIAN_POINT('',(-9.146673136408E-1,0.E0,0.E0));
#2791=DIRECTION('',(-1.E0,0.E0,0.E0));
#2792=DIRECTION('',(0.E0,0.E0,1.E0));
#2793=AXIS2_PLACEMENT_3D('',#2790,#2791,#2792);
#2794=TOROIDAL_SURFACE('',#2793,6.495892857143E0,1.253571428572E-1);
#2795=ORIENTED_EDGE('',*,*,#2426,.T.);
#2797=ORIENTED_EDGE('',*,*,#2796,.T.);
#2798=ORIENTED_EDGE('',*,*,#2780,.T.);
#2800=ORIENTED_EDGE('',*,*,#2799,.F.);
#2801=EDGE_LOOP('',(#2795,#2797,#2798,#2800));
#2802=FACE_OUTER_BOUND('',#2801,.F.);
#2803=ADVANCED_FACE('',(#2802),#2794,.T.);
#2804=CARTESIAN_POINT('',(-9.146673136408E-1,0.E0,0.E0));
#2805=DIRECTION('',(-1.E0,0.E0,0.E0));
#2806=DIRECTION('',(0.E0,0.E0,1.E0));
#2807=AXIS2_PLACEMENT_3D('',#2804,#2805,#2806);
#2808=TOROIDAL_SURFACE('',#2807,6.495892857143E0,1.253571428572E-1);
#2809=ORIENTED_EDGE('',*,*,#2799,.T.);
#2811=ORIENTED_EDGE('',*,*,#2810,.T.);
#2812=ORIENTED_EDGE('',*,*,#2796,.F.);
#2813=ORIENTED_EDGE('',*,*,#2361,.T.);
#2814=EDGE_LOOP('',(#2809,#2811,#2812,#2813));
#2815=FACE_OUTER_BOUND('',#2814,.F.);
#2816=ADVANCED_FACE('',(#2815),#2808,.T.);
#2817=CARTESIAN_POINT('',(0.E0,0.E0,0.E0));
#2818=DIRECTION('',(-1.E0,0.E0,0.E0));
#2819=DIRECTION('',(0.E0,0.E0,1.E0));
#2820=AXIS2_PLACEMENT_3D('',#2817,#2818,#2819);
#2821=TOROIDAL_SURFACE('',#2820,6.25E0,1.0725E0);
#2822=ORIENTED_EDGE('',*,*,#2785,.T.);
#2823=ORIENTED_EDGE('',*,*,#2757,.T.);
#2824=ORIENTED_EDGE('',*,*,#2782,.F.);
#2825=ORIENTED_EDGE('',*,*,#2810,.F.);
#2826=EDGE_LOOP('',(#2822,#2823,#2824,#2825));
#2827=FACE_OUTER_BOUND('',#2826,.F.);
#2828=ADVANCED_FACE('',(#2827),#2821,.T.);
#2829=CARTESIAN_POINT('',(0.E0,6.546531302080E-14,-6.25E0));
#2830=DIRECTION('',(0.E0,-1.E0,-1.047445008333E-14));
#2831=DIRECTION('',(-1.E0,0.E0,0.E0));
#2832=AXIS2_PLACEMENT_3D('',#2829,#2830,#2831);
#2833=SPHERICAL_SURFACE('',#2832,9.075E-1);
#2835=ORIENTED_EDGE('',*,*,#2834,.T.);
#2836=ORIENTED_EDGE('',*,*,#2601,.T.);
#2838=ORIENTED_EDGE('',*,*,#2837,.F.);
#2840=ORIENTED_EDGE('',*,*,#2839,.F.);
#2842=ORIENTED_EDGE('',*,*,#2841,.T.);
#2843=EDGE_LOOP('',(#2835,#2836,#2838,#2840,#2842));
#2844=FACE_OUTER_BOUND('',#2843,.F.);
#2845=ADVANCED_FACE('',(#2844),#2833,.F.);
#2846=CARTESIAN_POINT('',(0.E0,6.546531302080E-14,-6.25E0));
#2847=DIRECTION('',(0.E0,-1.E0,-1.047445008333E-14));
#2848=DIRECTION('',(-1.E0,0.E0,0.E0));
#2849=AXIS2_PLACEMENT_3D('',#2846,#2847,#2848);
#2850=SPHERICAL_SURFACE('',#2849,9.075E-1);
#2851=ORIENTED_EDGE('',*,*,#2834,.F.);
#2853=ORIENTED_EDGE('',*,*,#2852,.T.);
#2855=ORIENTED_EDGE('',*,*,#2854,.F.);
#2856=ORIENTED_EDGE('',*,*,#2837,.T.);
#2857=ORIENTED_EDGE('',*,*,#2529,.T.);
#2858=EDGE_LOOP('',(#2851,#2853,#2855,#2856,#2857));
#2859=FACE_OUTER_BOUND('',#2858,.F.);
#2860=ADVANCED_FACE('',(#2859),#2850,.F.);
#2861=CARTESIAN_POINT('',(0.E0,6.546531302080E-14,-6.25E0));
#2862=DIRECTION('',(0.E0,-1.E0,-1.047445008333E-14));
#2863=DIRECTION('',(-1.E0,0.E0,0.E0));
#2864=AXIS2_PLACEMENT_3D('',#2861,#2862,#2863);
#2865=SPHERICAL_SURFACE('',#2864,9.075E-1);
#2866=ORIENTED_EDGE('',*,*,#2429,.T.);
#2868=ORIENTED_EDGE('',*,*,#2867,.T.);
#2869=ORIENTED_EDGE('',*,*,#2854,.T.);
#2870=ORIENTED_EDGE('',*,*,#2852,.F.);
#2872=ORIENTED_EDGE('',*,*,#2871,.F.);
#2873=EDGE_LOOP('',(#2866,#2868,#2869,#2870,#2872));
#2874=FACE_OUTER_BOUND('',#2873,.F.);
#2875=ADVANCED_FACE('',(#2874),#2865,.F.);
#2876=CARTESIAN_POINT('',(0.E0,6.546531302080E-14,-6.25E0));
#2877=DIRECTION('',(0.E0,-1.E0,-1.047445008333E-14));
#2878=DIRECTION('',(-1.E0,0.E0,0.E0));
#2879=AXIS2_PLACEMENT_3D('',#2876,#2877,#2878);
#2880=SPHERICAL_SURFACE('',#2879,9.075E-1);
#2881=ORIENTED_EDGE('',*,*,#2871,.T.);
#2882=ORIENTED_EDGE('',*,*,#2841,.F.);
#2883=ORIENTED_EDGE('',*,*,#2839,.T.);
#2884=ORIENTED_EDGE('',*,*,#2867,.F.);
#2885=ORIENTED_EDGE('',*,*,#2357,.T.);
#2886=EDGE_LOOP('',(#2881,#2882,#2883,#2884,#2885));
#2887=FACE_OUTER_BOUND('',#2886,.F.);
#2888=ADVANCED_FACE('',(#2887),#2880,.F.);
#2889=CARTESIAN_POINT('',(0.E0,-2.391771452282E0,-5.774247078196E0));
#2890=DIRECTION('',(0.E0,-9.238795325113E-1,3.826834323651E-1));
#2891=DIRECTION('',(-1.E0,0.E0,0.E0));
#2892=AXIS2_PLACEMENT_3D('',#2889,#2890,#2891);
#2893=SPHERICAL_SURFACE('',#2892,9.075E-1);
#2895=ORIENTED_EDGE('',*,*,#2894,.T.);
#2896=ORIENTED_EDGE('',*,*,#2606,.T.);
#2898=ORIENTED_EDGE('',*,*,#2897,.F.);
#2900=ORIENTED_EDGE('',*,*,#2899,.F.);
#2902=ORIENTED_EDGE('',*,*,#2901,.T.);
#2903=EDGE_LOOP('',(#2895,#2896,#2898,#2900,#2902));
#2904=FACE_OUTER_BOUND('',#2903,.F.);
#2905=ADVANCED_FACE('',(#2904),#2893,.F.);
#2906=CARTESIAN_POINT('',(0.E0,-2.391771452282E0,-5.774247078196E0));
#2907=DIRECTION('',(0.E0,-9.238795325113E-1,3.826834323651E-1));
#2908=DIRECTION('',(-1.E0,0.E0,0.E0));
#2909=AXIS2_PLACEMENT_3D('',#2906,#2907,#2908);
#2910=SPHERICAL_SURFACE('',#2909,9.075E-1);
#2911=ORIENTED_EDGE('',*,*,#2894,.F.);
#2913=ORIENTED_EDGE('',*,*,#2912,.T.);
#2915=ORIENTED_EDGE('',*,*,#2914,.F.);
#2916=ORIENTED_EDGE('',*,*,#2897,.T.);
#2917=ORIENTED_EDGE('',*,*,#2608,.T.);
#2918=EDGE_LOOP('',(#2911,#2913,#2915,#2916,#2917));
#2919=FACE_OUTER_BOUND('',#2918,.F.);
#2920=ADVANCED_FACE('',(#2919),#2910,.F.);
#2921=CARTESIAN_POINT('',(0.E0,-2.391771452282E0,-5.774247078196E0));
#2922=DIRECTION('',(0.E0,-9.238795325113E-1,3.826834323651E-1));
#2923=DIRECTION('',(-1.E0,0.E0,0.E0));
#2924=AXIS2_PLACEMENT_3D('',#2921,#2922,#2923);
#2925=SPHERICAL_SURFACE('',#2924,9.075E-1);
#2926=ORIENTED_EDGE('',*,*,#2408,.T.);
#2928=ORIENTED_EDGE('',*,*,#2927,.T.);
#2929=ORIENTED_EDGE('',*,*,#2914,.T.);
#2930=ORIENTED_EDGE('',*,*,#2912,.F.);
#2932=ORIENTED_EDGE('',*,*,#2931,.F.);
#2933=EDGE_LOOP('',(#2926,#2928,#2929,#2930,#2932));
#2934=FACE_OUTER_BOUND('',#2933,.F.);
#2935=ADVANCED_FACE('',(#2934),#2925,.F.);
#2936=CARTESIAN_POINT('',(0.E0,-2.391771452282E0,-5.774247078196E0));
#2937=DIRECTION('',(0.E0,-9.238795325113E-1,3.826834323651E-1));
#2938=DIRECTION('',(-1.E0,0.E0,0.E0));
#2939=AXIS2_PLACEMENT_3D('',#2936,#2937,#2938);
#2940=SPHERICAL_SURFACE('',#2939,9.075E-1);
#2941=ORIENTED_EDGE('',*,*,#2931,.T.);
#2942=ORIENTED_EDGE('',*,*,#2901,.F.);
#2943=ORIENTED_EDGE('',*,*,#2899,.T.);
#2944=ORIENTED_EDGE('',*,*,#2927,.F.);
#2945=ORIENTED_EDGE('',*,*,#2410,.T.);
#2946=EDGE_LOOP('',(#2941,#2942,#2943,#2944,#2945));
#2947=FACE_OUTER_BOUND('',#2946,.F.);
#2948=ADVANCED_FACE('',(#2947),#2940,.F.);
#2949=CARTESIAN_POINT('',(0.E0,-5.774247078196E0,-2.391771452282E0));
#2950=DIRECTION('',(0.E0,-3.826834323651E-1,9.238795325113E-1));
#2951=DIRECTION('',(-1.E0,0.E0,0.E0));
#2952=AXIS2_PLACEMENT_3D('',#2949,#2950,#2951);
#2953=SPHERICAL_SURFACE('',#2952,9.075E-1);
#2955=ORIENTED_EDGE('',*,*,#2954,.T.);
#2956=ORIENTED_EDGE('',*,*,#2612,.T.);
#2958=ORIENTED_EDGE('',*,*,#2957,.F.);
#2960=ORIENTED_EDGE('',*,*,#2959,.F.);
#2962=ORIENTED_EDGE('',*,*,#2961,.T.);
#2963=EDGE_LOOP('',(#2955,#2956,#2958,#2960,#2962));
#2964=FACE_OUTER_BOUND('',#2963,.F.);
#2965=ADVANCED_FACE('',(#2964),#2953,.F.);
#2966=CARTESIAN_POINT('',(0.E0,-5.774247078196E0,-2.391771452282E0));
#2967=DIRECTION('',(0.E0,-3.826834323651E-1,9.238795325113E-1));
#2968=DIRECTION('',(-1.E0,0.E0,0.E0));
#2969=AXIS2_PLACEMENT_3D('',#2966,#2967,#2968);
#2970=SPHERICAL_SURFACE('',#2969,9.075E-1);
#2971=ORIENTED_EDGE('',*,*,#2954,.F.);
#2973=ORIENTED_EDGE('',*,*,#2972,.T.);
#2975=ORIENTED_EDGE('',*,*,#2974,.F.);
#2976=ORIENTED_EDGE('',*,*,#2957,.T.);
#2977=ORIENTED_EDGE('',*,*,#2614,.T.);
#2978=EDGE_LOOP('',(#2971,#2973,#2975,#2976,#2977));
#2979=FACE_OUTER_BOUND('',#2978,.F.);
#2980=ADVANCED_FACE('',(#2979),#2970,.F.);
#2981=CARTESIAN_POINT('',(0.E0,-5.774247078196E0,-2.391771452282E0));
#2982=DIRECTION('',(0.E0,-3.826834323651E-1,9.238795325113E-1));
#2983=DIRECTION('',(-1.E0,0.E0,0.E0));
#2984=AXIS2_PLACEMENT_3D('',#2981,#2982,#2983);
#2985=SPHERICAL_SURFACE('',#2984,9.075E-1);
#2986=ORIENTED_EDGE('',*,*,#2402,.T.);
#2988=ORIENTED_EDGE('',*,*,#2987,.T.);
#2989=ORIENTED_EDGE('',*,*,#2974,.T.);
#2990=ORIENTED_EDGE('',*,*,#2972,.F.);
#2992=ORIENTED_EDGE('',*,*,#2991,.F.);
#2993=EDGE_LOOP('',(#2986,#2988,#2989,#2990,#2992));
#2994=FACE_OUTER_BOUND('',#2993,.F.);
#2995=ADVANCED_FACE('',(#2994),#2985,.F.);
#2996=CARTESIAN_POINT('',(0.E0,-5.774247078196E0,-2.391771452282E0));
#2997=DIRECTION('',(0.E0,-3.826834323651E-1,9.238795325113E-1));
#2998=DIRECTION('',(-1.E0,0.E0,0.E0));
#2999=AXIS2_PLACEMENT_3D('',#2996,#2997,#2998);
#3000=SPHERICAL_SURFACE('',#2999,9.075E-1);
#3001=ORIENTED_EDGE('',*,*,#2991,.T.);
#3002=ORIENTED_EDGE('',*,*,#2961,.F.);
#3003=ORIENTED_EDGE('',*,*,#2959,.T.);
#3004=ORIENTED_EDGE('',*,*,#2987,.F.);
#3005=ORIENTED_EDGE('',*,*,#2404,.T.);
#3006=EDGE_LOOP('',(#3001,#3002,#3003,#3004,#3005));
#3007=FACE_OUTER_BOUND('',#3006,.F.);
#3008=ADVANCED_FACE('',(#3007),#3000,.F.);
#3009=CARTESIAN_POINT('',(0.E0,-5.774247078196E0,2.391771452282E0));
#3010=DIRECTION('',(0.E0,3.826834323651E-1,9.238795325113E-1));
#3011=DIRECTION('',(-1.E0,0.E0,0.E0));
#3012=AXIS2_PLACEMENT_3D('',#3009,#3010,#3011);
#3013=SPHERICAL_SURFACE('',#3012,9.075E-1);
#3015=ORIENTED_EDGE('',*,*,#3014,.T.);
#3016=ORIENTED_EDGE('',*,*,#2618,.T.);
#3018=ORIENTED_EDGE('',*,*,#3017,.F.);
#3020=ORIENTED_EDGE('',*,*,#3019,.F.);
#3022=ORIENTED_EDGE('',*,*,#3021,.T.);
#3023=EDGE_LOOP('',(#3015,#3016,#3018,#3020,#3022));
#3024=FACE_OUTER_BOUND('',#3023,.F.);
#3025=ADVANCED_FACE('',(#3024),#3013,.F.);
#3026=CARTESIAN_POINT('',(0.E0,-5.774247078196E0,2.391771452282E0));
#3027=DIRECTION('',(0.E0,3.826834323651E-1,9.238795325113E-1));
#3028=DIRECTION('',(-1.E0,0.E0,0.E0));
#3029=AXIS2_PLACEMENT_3D('',#3026,#3027,#3028);
#3030=SPHERICAL_SURFACE('',#3029,9.075E-1);
#3031=ORIENTED_EDGE('',*,*,#3014,.F.);
#3033=ORIENTED_EDGE('',*,*,#3032,.T.);
#3035=ORIENTED_EDGE('',*,*,#3034,.F.);
#3036=ORIENTED_EDGE('',*,*,#3017,.T.);
#3037=ORIENTED_EDGE('',*,*,#2620,.T.);
#3038=EDGE_LOOP('',(#3031,#3033,#3035,#3036,#3037));
#3039=FACE_OUTER_BOUND('',#3038,.F.);
#3040=ADVANCED_FACE('',(#3039),#3030,.F.);
#3041=CARTESIAN_POINT('',(0.E0,-5.774247078196E0,2.391771452282E0));
#3042=DIRECTION('',(0.E0,3.826834323651E-1,9.238795325113E-1));
#3043=DIRECTION('',(-1.E0,0.E0,0.E0));
#3044=AXIS2_PLACEMENT_3D('',#3041,#3042,#3043);
#3045=SPHERICAL_SURFACE('',#3044,9.075E-1);
#3046=ORIENTED_EDGE('',*,*,#2396,.T.);
#3048=ORIENTED_EDGE('',*,*,#3047,.T.);
#3049=ORIENTED_EDGE('',*,*,#3034,.T.);
#3050=ORIENTED_EDGE('',*,*,#3032,.F.);
#3052=ORIENTED_EDGE('',*,*,#3051,.F.);
#3053=EDGE_LOOP('',(#3046,#3048,#3049,#3050,#3052));
#3054=FACE_OUTER_BOUND('',#3053,.F.);
#3055=ADVANCED_FACE('',(#3054),#3045,.F.);
#3056=CARTESIAN_POINT('',(0.E0,-5.774247078196E0,2.391771452282E0));
#3057=DIRECTION('',(0.E0,3.826834323651E-1,9.238795325113E-1));
#3058=DIRECTION('',(-1.E0,0.E0,0.E0));
#3059=AXIS2_PLACEMENT_3D('',#3056,#3057,#3058);
#3060=SPHERICAL_SURFACE('',#3059,9.075E-1);
#3061=ORIENTED_EDGE('',*,*,#3051,.T.);
#3062=ORIENTED_EDGE('',*,*,#3021,.F.);
#3063=ORIENTED_EDGE('',*,*,#3019,.T.);
#3064=ORIENTED_EDGE('',*,*,#3047,.F.);
#3065=ORIENTED_EDGE('',*,*,#2398,.T.);
#3066=EDGE_LOOP('',(#3061,#3062,#3063,#3064,#3065));
#3067=FACE_OUTER_BOUND('',#3066,.F.);
#3068=ADVANCED_FACE('',(#3067),#3060,.F.);
#3069=CARTESIAN_POINT('',(0.E0,-2.391771452282E0,5.774247078196E0));
#3070=DIRECTION('',(0.E0,9.238795325113E-1,3.826834323651E-1));
#3071=DIRECTION('',(-1.E0,0.E0,0.E0));
#3072=AXIS2_PLACEMENT_3D('',#3069,#3070,#3071);
#3073=SPHERICAL_SURFACE('',#3072,9.075E-1);
#3075=ORIENTED_EDGE('',*,*,#3074,.T.);
#3076=ORIENTED_EDGE('',*,*,#2624,.T.);
#3078=ORIENTED_EDGE('',*,*,#3077,.F.);
#3080=ORIENTED_EDGE('',*,*,#3079,.F.);
#3082=ORIENTED_EDGE('',*,*,#3081,.T.);
#3083=EDGE_LOOP('',(#3075,#3076,#3078,#3080,#3082));
#3084=FACE_OUTER_BOUND('',#3083,.F.);
#3085=ADVANCED_FACE('',(#3084),#3073,.F.);
#3086=CARTESIAN_POINT('',(0.E0,-2.391771452282E0,5.774247078196E0));
#3087=DIRECTION('',(0.E0,9.238795325113E-1,3.826834323651E-1));
#3088=DIRECTION('',(-1.E0,0.E0,0.E0));
#3089=AXIS2_PLACEMENT_3D('',#3086,#3087,#3088);
#3090=SPHERICAL_SURFACE('',#3089,9.075E-1);
#3091=ORIENTED_EDGE('',*,*,#3074,.F.);
#3093=ORIENTED_EDGE('',*,*,#3092,.T.);
#3095=ORIENTED_EDGE('',*,*,#3094,.F.);
#3096=ORIENTED_EDGE('',*,*,#3077,.T.);
#3097=ORIENTED_EDGE('',*,*,#2626,.T.);
#3098=EDGE_LOOP('',(#3091,#3093,#3095,#3096,#3097));
#3099=FACE_OUTER_BOUND('',#3098,.F.);
#3100=ADVANCED_FACE('',(#3099),#3090,.F.);
#3101=CARTESIAN_POINT('',(0.E0,-2.391771452282E0,5.774247078196E0));
#3102=DIRECTION('',(0.E0,9.238795325113E-1,3.826834323651E-1));
#3103=DIRECTION('',(-1.E0,0.E0,0.E0));
#3104=AXIS2_PLACEMENT_3D('',#3101,#3102,#3103);
#3105=SPHERICAL_SURFACE('',#3104,9.075E-1);
#3106=ORIENTED_EDGE('',*,*,#2390,.T.);
#3108=ORIENTED_EDGE('',*,*,#3107,.T.);
#3109=ORIENTED_EDGE('',*,*,#3094,.T.);
#3110=ORIENTED_EDGE('',*,*,#3092,.F.);
#3112=ORIENTED_EDGE('',*,*,#3111,.F.);
#3113=EDGE_LOOP('',(#3106,#3108,#3109,#3110,#3112));
#3114=FACE_OUTER_BOUND('',#3113,.F.);
#3115=ADVANCED_FACE('',(#3114),#3105,.F.);
#3116=CARTESIAN_POINT('',(0.E0,-2.391771452282E0,5.774247078196E0));
#3117=DIRECTION('',(0.E0,9.238795325113E-1,3.826834323651E-1));
#3118=DIRECTION('',(-1.E0,0.E0,0.E0));
#3119=AXIS2_PLACEMENT_3D('',#3116,#3117,#3118);
#3120=SPHERICAL_SURFACE('',#3119,9.075E-1);
#3121=ORIENTED_EDGE('',*,*,#3111,.T.);
#3122=ORIENTED_EDGE('',*,*,#3081,.F.);
#3123=ORIENTED_EDGE('',*,*,#3079,.T.);
#3124=ORIENTED_EDGE('',*,*,#3107,.F.);
#3125=ORIENTED_EDGE('',*,*,#2392,.T.);
#3126=EDGE_LOOP('',(#3121,#3122,#3123,#3124,#3125));
#3127=FACE_OUTER_BOUND('',#3126,.F.);
#3128=ADVANCED_FACE('',(#3127),#3120,.F.);
#3129=CARTESIAN_POINT('',(0.E0,-4.419417382416E0,4.419417382416E0));
#3130=DIRECTION('',(0.E0,7.071067811865E-1,7.071067811866E-1));
#3131=DIRECTION('',(-1.E0,0.E0,0.E0));
#3132=AXIS2_PLACEMENT_3D('',#3129,#3130,#3131);
#3133=SPHERICAL_SURFACE('',#3132,9.075E-1);
#3135=ORIENTED_EDGE('',*,*,#3134,.T.);
#3136=ORIENTED_EDGE('',*,*,#2630,.T.);
#3138=ORIENTED_EDGE('',*,*,#3137,.F.);
#3140=ORIENTED_EDGE('',*,*,#3139,.F.);
#3142=ORIENTED_EDGE('',*,*,#3141,.T.);
#3143=EDGE_LOOP('',(#3135,#3136,#3138,#3140,#3142));
#3144=FACE_OUTER_BOUND('',#3143,.F.);
#3145=ADVANCED_FACE('',(#3144),#3133,.F.);
#3146=CARTESIAN_POINT('',(0.E0,-4.419417382416E0,4.419417382416E0));
#3147=DIRECTION('',(0.E0,7.071067811865E-1,7.071067811866E-1));
#3148=DIRECTION('',(-1.E0,0.E0,0.E0));
#3149=AXIS2_PLACEMENT_3D('',#3146,#3147,#3148);
#3150=SPHERICAL_SURFACE('',#3149,9.075E-1);
#3151=ORIENTED_EDGE('',*,*,#3134,.F.);
#3153=ORIENTED_EDGE('',*,*,#3152,.T.);
#3155=ORIENTED_EDGE('',*,*,#3154,.F.);
#3156=ORIENTED_EDGE('',*,*,#3137,.T.);
#3157=ORIENTED_EDGE('',*,*,#2632,.T.);
#3158=EDGE_LOOP('',(#3151,#3153,#3155,#3156,#3157));
#3159=FACE_OUTER_BOUND('',#3158,.F.);
#3160=ADVANCED_FACE('',(#3159),#3150,.F.);
#3161=CARTESIAN_POINT('',(0.E0,-4.419417382416E0,4.419417382416E0));
#3162=DIRECTION('',(0.E0,7.071067811865E-1,7.071067811866E-1));
#3163=DIRECTION('',(-1.E0,0.E0,0.E0));
#3164=AXIS2_PLACEMENT_3D('',#3161,#3162,#3163);
#3165=SPHERICAL_SURFACE('',#3164,9.075E-1);
#3166=ORIENTED_EDGE('',*,*,#2384,.T.);
#3168=ORIENTED_EDGE('',*,*,#3167,.T.);
#3169=ORIENTED_EDGE('',*,*,#3154,.T.);
#3170=ORIENTED_EDGE('',*,*,#3152,.F.);
#3172=ORIENTED_EDGE('',*,*,#3171,.F.);
#3173=EDGE_LOOP('',(#3166,#3168,#3169,#3170,#3172));
#3174=FACE_OUTER_BOUND('',#3173,.F.);
#3175=ADVANCED_FACE('',(#3174),#3165,.F.);
#3176=CARTESIAN_POINT('',(0.E0,-4.419417382416E0,4.419417382416E0));
#3177=DIRECTION('',(0.E0,7.071067811865E-1,7.071067811866E-1));
#3178=DIRECTION('',(-1.E0,0.E0,0.E0));
#3179=AXIS2_PLACEMENT_3D('',#3176,#3177,#3178);
#3180=SPHERICAL_SURFACE('',#3179,9.075E-1);
#3181=ORIENTED_EDGE('',*,*,#3171,.T.);
#3182=ORIENTED_EDGE('',*,*,#3141,.F.);
#3183=ORIENTED_EDGE('',*,*,#3139,.T.);
#3184=ORIENTED_EDGE('',*,*,#3167,.F.);
#3185=ORIENTED_EDGE('',*,*,#2386,.T.);
#3186=EDGE_LOOP('',(#3181,#3182,#3183,#3184,#3185));
#3187=FACE_OUTER_BOUND('',#3186,.F.);
#3188=ADVANCED_FACE('',(#3187),#3180,.F.);
#3189=CARTESIAN_POINT('',(0.E0,-6.25E0,-4.364354201387E-14));
#3190=DIRECTION('',(0.E0,0.E0,1.E0));
#3191=DIRECTION('',(-1.E0,0.E0,0.E0));
#3192=AXIS2_PLACEMENT_3D('',#3189,#3190,#3191);
#3193=SPHERICAL_SURFACE('',#3192,9.075E-1);
#3195=ORIENTED_EDGE('',*,*,#3194,.T.);
#3196=ORIENTED_EDGE('',*,*,#2636,.T.);
#3198=ORIENTED_EDGE('',*,*,#3197,.F.);
#3200=ORIENTED_EDGE('',*,*,#3199,.F.);
#3202=ORIENTED_EDGE('',*,*,#3201,.T.);
#3203=EDGE_LOOP('',(#3195,#3196,#3198,#3200,#3202));
#3204=FACE_OUTER_BOUND('',#3203,.F.);
#3205=ADVANCED_FACE('',(#3204),#3193,.F.);
#3206=CARTESIAN_POINT('',(0.E0,-6.25E0,-4.364354201387E-14));
#3207=DIRECTION('',(0.E0,0.E0,1.E0));
#3208=DIRECTION('',(-1.E0,0.E0,0.E0));
#3209=AXIS2_PLACEMENT_3D('',#3206,#3207,#3208);
#3210=SPHERICAL_SURFACE('',#3209,9.075E-1);
#3211=ORIENTED_EDGE('',*,*,#3194,.F.);
#3213=ORIENTED_EDGE('',*,*,#3212,.T.);
#3215=ORIENTED_EDGE('',*,*,#3214,.F.);
#3216=ORIENTED_EDGE('',*,*,#3197,.T.);
#3217=ORIENTED_EDGE('',*,*,#2638,.T.);
#3218=EDGE_LOOP('',(#3211,#3213,#3215,#3216,#3217));
#3219=FACE_OUTER_BOUND('',#3218,.F.);
#3220=ADVANCED_FACE('',(#3219),#3210,.F.);
#3221=CARTESIAN_POINT('',(0.E0,-6.25E0,-4.364354201387E-14));
#3222=DIRECTION('',(0.E0,0.E0,1.E0));
#3223=DIRECTION('',(-1.E0,0.E0,0.E0));
#3224=AXIS2_PLACEMENT_3D('',#3221,#3222,#3223);
#3225=SPHERICAL_SURFACE('',#3224,9.075E-1);
#3226=ORIENTED_EDGE('',*,*,#2378,.T.);
#3228=ORIENTED_EDGE('',*,*,#3227,.T.);
#3229=ORIENTED_EDGE('',*,*,#3214,.T.);
#3230=ORIENTED_EDGE('',*,*,#3212,.F.);
#3232=ORIENTED_EDGE('',*,*,#3231,.F.);
#3233=EDGE_LOOP('',(#3226,#3228,#3229,#3230,#3232));
#3234=FACE_OUTER_BOUND('',#3233,.F.);
#3235=ADVANCED_FACE('',(#3234),#3225,.F.);
#3236=CARTESIAN_POINT('',(0.E0,-6.25E0,-4.364354201387E-14));
#3237=DIRECTION('',(0.E0,0.E0,1.E0));
#3238=DIRECTION('',(-1.E0,0.E0,0.E0));
#3239=AXIS2_PLACEMENT_3D('',#3236,#3237,#3238);
#3240=SPHERICAL_SURFACE('',#3239,9.075E-1);
#3241=ORIENTED_EDGE('',*,*,#3231,.T.);
#3242=ORIENTED_EDGE('',*,*,#3201,.F.);
#3243=ORIENTED_EDGE('',*,*,#3199,.T.);
#3244=ORIENTED_EDGE('',*,*,#3227,.F.);
#3245=ORIENTED_EDGE('',*,*,#2380,.T.);
#3246=EDGE_LOOP('',(#3241,#3242,#3243,#3244,#3245));
#3247=FACE_OUTER_BOUND('',#3246,.F.);
#3248=ADVANCED_FACE('',(#3247),#3240,.F.);
#3249=CARTESIAN_POINT('',(0.E0,-4.419417382416E0,-4.419417382416E0));
#3250=DIRECTION('',(0.E0,-7.071067811866E-1,7.071067811865E-1));
#3251=DIRECTION('',(-1.E0,0.E0,0.E0));
#3252=AXIS2_PLACEMENT_3D('',#3249,#3250,#3251);
#3253=SPHERICAL_SURFACE('',#3252,9.075E-1);
#3255=ORIENTED_EDGE('',*,*,#3254,.T.);
#3256=ORIENTED_EDGE('',*,*,#2642,.T.);
#3258=ORIENTED_EDGE('',*,*,#3257,.F.);
#3260=ORIENTED_EDGE('',*,*,#3259,.F.);
#3262=ORIENTED_EDGE('',*,*,#3261,.T.);
#3263=EDGE_LOOP('',(#3255,#3256,#3258,#3260,#3262));
#3264=FACE_OUTER_BOUND('',#3263,.F.);
#3265=ADVANCED_FACE('',(#3264),#3253,.F.);
#3266=CARTESIAN_POINT('',(0.E0,-4.419417382416E0,-4.419417382416E0));
#3267=DIRECTION('',(0.E0,-7.071067811866E-1,7.071067811865E-1));
#3268=DIRECTION('',(-1.E0,0.E0,0.E0));
#3269=AXIS2_PLACEMENT_3D('',#3266,#3267,#3268);
#3270=SPHERICAL_SURFACE('',#3269,9.075E-1);
#3271=ORIENTED_EDGE('',*,*,#3254,.F.);
#3272=ORIENTED_EDGE('',*,*,#2343,.T.);
#3273=ORIENTED_EDGE('',*,*,#2341,.F.);
#3274=ORIENTED_EDGE('',*,*,#3257,.T.);
#3275=ORIENTED_EDGE('',*,*,#2644,.T.);
#3276=EDGE_LOOP('',(#3271,#3272,#3273,#3274,#3275));
#3277=FACE_OUTER_BOUND('',#3276,.F.);
#3278=ADVANCED_FACE('',(#3277),#3270,.F.);
#3279=CARTESIAN_POINT('',(0.E0,-4.419417382416E0,-4.419417382416E0));
#3280=DIRECTION('',(0.E0,-7.071067811866E-1,7.071067811865E-1));
#3281=DIRECTION('',(-1.E0,0.E0,0.E0));
#3282=AXIS2_PLACEMENT_3D('',#3279,#3280,#3281);
#3283=SPHERICAL_SURFACE('',#3282,9.075E-1);
#3284=ORIENTED_EDGE('',*,*,#2345,.T.);
#3285=ORIENTED_EDGE('',*,*,#3261,.F.);
#3286=ORIENTED_EDGE('',*,*,#3259,.T.);
#3287=ORIENTED_EDGE('',*,*,#2339,.F.);
#3288=ORIENTED_EDGE('',*,*,#2374,.T.);
#3289=EDGE_LOOP('',(#3284,#3285,#3286,#3287,#3288));
#3290=FACE_OUTER_BOUND('',#3289,.F.);
#3291=ADVANCED_FACE('',(#3290),#3283,.F.);
#3292=CARTESIAN_POINT('',(0.E0,4.419417382416E0,-4.419417382416E0));
#3293=DIRECTION('',(0.E0,-7.071067811865E-1,-7.071067811866E-1));
#3294=DIRECTION('',(-1.E0,0.E0,0.E0));
#3295=AXIS2_PLACEMENT_3D('',#3292,#3293,#3294);
#3296=SPHERICAL_SURFACE('',#3295,9.075E-1);
#3298=ORIENTED_EDGE('',*,*,#3297,.T.);
#3299=ORIENTED_EDGE('',*,*,#2544,.T.);
#3301=ORIENTED_EDGE('',*,*,#3300,.F.);
#3303=ORIENTED_EDGE('',*,*,#3302,.F.);
#3305=ORIENTED_EDGE('',*,*,#3304,.T.);
#3306=EDGE_LOOP('',(#3298,#3299,#3301,#3303,#3305));
#3307=FACE_OUTER_BOUND('',#3306,.F.);
#3308=ADVANCED_FACE('',(#3307),#3296,.F.);
#3309=CARTESIAN_POINT('',(0.E0,4.419417382416E0,-4.419417382416E0));
#3310=DIRECTION('',(0.E0,-7.071067811865E-1,-7.071067811866E-1));
#3311=DIRECTION('',(-1.E0,0.E0,0.E0));
#3312=AXIS2_PLACEMENT_3D('',#3309,#3310,#3311);
#3313=SPHERICAL_SURFACE('',#3312,9.075E-1);
#3314=ORIENTED_EDGE('',*,*,#3297,.F.);
#3316=ORIENTED_EDGE('',*,*,#3315,.T.);
#3318=ORIENTED_EDGE('',*,*,#3317,.F.);
#3319=ORIENTED_EDGE('',*,*,#3300,.T.);
#3320=ORIENTED_EDGE('',*,*,#2546,.T.);
#3321=EDGE_LOOP('',(#3314,#3316,#3318,#3319,#3320));
#3322=FACE_OUTER_BOUND('',#3321,.F.);
#3323=ADVANCED_FACE('',(#3322),#3313,.F.);
#3324=CARTESIAN_POINT('',(0.E0,4.419417382416E0,-4.419417382416E0));
#3325=DIRECTION('',(0.E0,-7.071067811865E-1,-7.071067811866E-1));
#3326=DIRECTION('',(-1.E0,0.E0,0.E0));
#3327=AXIS2_PLACEMENT_3D('',#3324,#3325,#3326);
#3328=SPHERICAL_SURFACE('',#3327,9.075E-1);
#3329=ORIENTED_EDGE('',*,*,#2470,.T.);
#3331=ORIENTED_EDGE('',*,*,#3330,.T.);
#3332=ORIENTED_EDGE('',*,*,#3317,.T.);
#3333=ORIENTED_EDGE('',*,*,#3315,.F.);
#3335=ORIENTED_EDGE('',*,*,#3334,.F.);
#3336=EDGE_LOOP('',(#3329,#3331,#3332,#3333,#3335));
#3337=FACE_OUTER_BOUND('',#3336,.F.);
#3338=ADVANCED_FACE('',(#3337),#3328,.F.);
#3339=CARTESIAN_POINT('',(0.E0,4.419417382416E0,-4.419417382416E0));
#3340=DIRECTION('',(0.E0,-7.071067811865E-1,-7.071067811866E-1));
#3341=DIRECTION('',(-1.E0,0.E0,0.E0));
#3342=AXIS2_PLACEMENT_3D('',#3339,#3340,#3341);
#3343=SPHERICAL_SURFACE('',#3342,9.075E-1);
#3344=ORIENTED_EDGE('',*,*,#3334,.T.);
#3345=ORIENTED_EDGE('',*,*,#3304,.F.);
#3346=ORIENTED_EDGE('',*,*,#3302,.T.);
#3347=ORIENTED_EDGE('',*,*,#3330,.F.);
#3348=ORIENTED_EDGE('',*,*,#2472,.T.);
#3349=EDGE_LOOP('',(#3344,#3345,#3346,#3347,#3348));
#3350=FACE_OUTER_BOUND('',#3349,.F.);
#3351=ADVANCED_FACE('',(#3350),#3343,.F.);
#3352=CARTESIAN_POINT('',(0.E0,4.419417382416E0,4.419417382416E0));
#3353=DIRECTION('',(0.E0,7.071067811865E-1,-7.071067811865E-1));
#3354=DIRECTION('',(-1.E0,0.E0,0.E0));
#3355=AXIS2_PLACEMENT_3D('',#3352,#3353,#3354);
#3356=SPHERICAL_SURFACE('',#3355,9.075E-1);
#3358=ORIENTED_EDGE('',*,*,#3357,.T.);
#3359=ORIENTED_EDGE('',*,*,#2550,.T.);
#3361=ORIENTED_EDGE('',*,*,#3360,.F.);
#3363=ORIENTED_EDGE('',*,*,#3362,.F.);
#3365=ORIENTED_EDGE('',*,*,#3364,.T.);
#3366=EDGE_LOOP('',(#3358,#3359,#3361,#3363,#3365));
#3367=FACE_OUTER_BOUND('',#3366,.F.);
#3368=ADVANCED_FACE('',(#3367),#3356,.F.);
#3369=CARTESIAN_POINT('',(0.E0,4.419417382416E0,4.419417382416E0));
#3370=DIRECTION('',(0.E0,7.071067811865E-1,-7.071067811865E-1));
#3371=DIRECTION('',(-1.E0,0.E0,0.E0));
#3372=AXIS2_PLACEMENT_3D('',#3369,#3370,#3371);
#3373=SPHERICAL_SURFACE('',#3372,9.075E-1);
#3374=ORIENTED_EDGE('',*,*,#3357,.F.);
#3376=ORIENTED_EDGE('',*,*,#3375,.T.);
#3378=ORIENTED_EDGE('',*,*,#3377,.F.);
#3379=ORIENTED_EDGE('',*,*,#3360,.T.);
#3380=ORIENTED_EDGE('',*,*,#2552,.T.);
#3381=EDGE_LOOP('',(#3374,#3376,#3378,#3379,#3380));
#3382=FACE_OUTER_BOUND('',#3381,.F.);
#3383=ADVANCED_FACE('',(#3382),#3373,.F.);
#3384=CARTESIAN_POINT('',(0.E0,4.419417382416E0,4.419417382416E0));
#3385=DIRECTION('',(0.E0,7.071067811865E-1,-7.071067811865E-1));
#3386=DIRECTION('',(-1.E0,0.E0,0.E0));
#3387=AXIS2_PLACEMENT_3D('',#3384,#3385,#3386);
#3388=SPHERICAL_SURFACE('',#3387,9.075E-1);
#3389=ORIENTED_EDGE('',*,*,#2464,.T.);
#3391=ORIENTED_EDGE('',*,*,#3390,.T.);
#3392=ORIENTED_EDGE('',*,*,#3377,.T.);
#3393=ORIENTED_EDGE('',*,*,#3375,.F.);
#3395=ORIENTED_EDGE('',*,*,#3394,.F.);
#3396=EDGE_LOOP('',(#3389,#3391,#3392,#3393,#3395));
#3397=FACE_OUTER_BOUND('',#3396,.F.);
#3398=ADVANCED_FACE('',(#3397),#3388,.F.);
#3399=CARTESIAN_POINT('',(0.E0,4.419417382416E0,4.419417382416E0));
#3400=DIRECTION('',(0.E0,7.071067811865E-1,-7.071067811865E-1));
#3401=DIRECTION('',(-1.E0,0.E0,0.E0));
#3402=AXIS2_PLACEMENT_3D('',#3399,#3400,#3401);
#3403=SPHERICAL_SURFACE('',#3402,9.075E-1);
#3404=ORIENTED_EDGE('',*,*,#3394,.T.);
#3405=ORIENTED_EDGE('',*,*,#3364,.F.);
#3406=ORIENTED_EDGE('',*,*,#3362,.T.);
#3407=ORIENTED_EDGE('',*,*,#3390,.F.);
#3408=ORIENTED_EDGE('',*,*,#2466,.T.);
#3409=EDGE_LOOP('',(#3404,#3405,#3406,#3407,#3408));
#3410=FACE_OUTER_BOUND('',#3409,.F.);
#3411=ADVANCED_FACE('',(#3410),#3403,.F.);
#3412=CARTESIAN_POINT('',(0.E0,6.25E0,0.E0));
#3413=DIRECTION('',(0.E0,0.E0,-1.E0));
#3414=DIRECTION('',(-1.E0,0.E0,0.E0));
#3415=AXIS2_PLACEMENT_3D('',#3412,#3413,#3414);
#3416=SPHERICAL_SURFACE('',#3415,9.075E-1);
#3418=ORIENTED_EDGE('',*,*,#3417,.T.);
#3419=ORIENTED_EDGE('',*,*,#2556,.T.);
#3421=ORIENTED_EDGE('',*,*,#3420,.F.);
#3423=ORIENTED_EDGE('',*,*,#3422,.F.);
#3425=ORIENTED_EDGE('',*,*,#3424,.T.);
#3426=EDGE_LOOP('',(#3418,#3419,#3421,#3423,#3425));
#3427=FACE_OUTER_BOUND('',#3426,.F.);
#3428=ADVANCED_FACE('',(#3427),#3416,.F.);
#3429=CARTESIAN_POINT('',(0.E0,6.25E0,0.E0));
#3430=DIRECTION('',(0.E0,0.E0,-1.E0));
#3431=DIRECTION('',(-1.E0,0.E0,0.E0));
#3432=AXIS2_PLACEMENT_3D('',#3429,#3430,#3431);
#3433=SPHERICAL_SURFACE('',#3432,9.075E-1);
#3434=ORIENTED_EDGE('',*,*,#3417,.F.);
#3436=ORIENTED_EDGE('',*,*,#3435,.T.);
#3438=ORIENTED_EDGE('',*,*,#3437,.F.);
#3439=ORIENTED_EDGE('',*,*,#3420,.T.);
#3440=ORIENTED_EDGE('',*,*,#2558,.T.);
#3441=EDGE_LOOP('',(#3434,#3436,#3438,#3439,#3440));
#3442=FACE_OUTER_BOUND('',#3441,.F.);
#3443=ADVANCED_FACE('',(#3442),#3433,.F.);
#3444=CARTESIAN_POINT('',(0.E0,6.25E0,0.E0));
#3445=DIRECTION('',(0.E0,0.E0,-1.E0));
#3446=DIRECTION('',(-1.E0,0.E0,0.E0));
#3447=AXIS2_PLACEMENT_3D('',#3444,#3445,#3446);
#3448=SPHERICAL_SURFACE('',#3447,9.075E-1);
#3449=ORIENTED_EDGE('',*,*,#2458,.T.);
#3451=ORIENTED_EDGE('',*,*,#3450,.T.);
#3452=ORIENTED_EDGE('',*,*,#3437,.T.);
#3453=ORIENTED_EDGE('',*,*,#3435,.F.);
#3455=ORIENTED_EDGE('',*,*,#3454,.F.);
#3456=EDGE_LOOP('',(#3449,#3451,#3452,#3453,#3455));
#3457=FACE_OUTER_BOUND('',#3456,.F.);
#3458=ADVANCED_FACE('',(#3457),#3448,.F.);
#3459=CARTESIAN_POINT('',(0.E0,6.25E0,0.E0));
#3460=DIRECTION('',(0.E0,0.E0,-1.E0));
#3461=DIRECTION('',(-1.E0,0.E0,0.E0));
#3462=AXIS2_PLACEMENT_3D('',#3459,#3460,#3461);
#3463=SPHERICAL_SURFACE('',#3462,9.075E-1);
#3464=ORIENTED_EDGE('',*,*,#3454,.T.);
#3465=ORIENTED_EDGE('',*,*,#3424,.F.);
#3466=ORIENTED_EDGE('',*,*,#3422,.T.);
#3467=ORIENTED_EDGE('',*,*,#3450,.F.);
#3468=ORIENTED_EDGE('',*,*,#2460,.T.);
#3469=EDGE_LOOP('',(#3464,#3465,#3466,#3467,#3468));
#3470=FACE_OUTER_BOUND('',#3469,.F.);
#3471=ADVANCED_FACE('',(#3470),#3463,.F.);
#3472=CARTESIAN_POINT('',(0.E0,5.774247078196E0,2.391771452282E0));
#3473=DIRECTION('',(0.E0,3.826834323651E-1,-9.238795325113E-1));
#3474=DIRECTION('',(-1.E0,0.E0,0.E0));
#3475=AXIS2_PLACEMENT_3D('',#3472,#3473,#3474);
#3476=SPHERICAL_SURFACE('',#3475,9.075E-1);
#3478=ORIENTED_EDGE('',*,*,#3477,.T.);
#3479=ORIENTED_EDGE('',*,*,#2562,.T.);
#3481=ORIENTED_EDGE('',*,*,#3480,.F.);
#3483=ORIENTED_EDGE('',*,*,#3482,.F.);
#3485=ORIENTED_EDGE('',*,*,#3484,.T.);
#3486=EDGE_LOOP('',(#3478,#3479,#3481,#3483,#3485));
#3487=FACE_OUTER_BOUND('',#3486,.F.);
#3488=ADVANCED_FACE('',(#3487),#3476,.F.);
#3489=CARTESIAN_POINT('',(0.E0,5.774247078196E0,2.391771452282E0));
#3490=DIRECTION('',(0.E0,3.826834323651E-1,-9.238795325113E-1));
#3491=DIRECTION('',(-1.E0,0.E0,0.E0));
#3492=AXIS2_PLACEMENT_3D('',#3489,#3490,#3491);
#3493=SPHERICAL_SURFACE('',#3492,9.075E-1);
#3494=ORIENTED_EDGE('',*,*,#3477,.F.);
#3496=ORIENTED_EDGE('',*,*,#3495,.T.);
#3498=ORIENTED_EDGE('',*,*,#3497,.F.);
#3499=ORIENTED_EDGE('',*,*,#3480,.T.);
#3500=ORIENTED_EDGE('',*,*,#2564,.T.);
#3501=EDGE_LOOP('',(#3494,#3496,#3498,#3499,#3500));
#3502=FACE_OUTER_BOUND('',#3501,.F.);
#3503=ADVANCED_FACE('',(#3502),#3493,.F.);
#3504=CARTESIAN_POINT('',(0.E0,5.774247078196E0,2.391771452282E0));
#3505=DIRECTION('',(0.E0,3.826834323651E-1,-9.238795325113E-1));
#3506=DIRECTION('',(-1.E0,0.E0,0.E0));
#3507=AXIS2_PLACEMENT_3D('',#3504,#3505,#3506);
#3508=SPHERICAL_SURFACE('',#3507,9.075E-1);
#3509=ORIENTED_EDGE('',*,*,#2452,.T.);
#3511=ORIENTED_EDGE('',*,*,#3510,.T.);
#3512=ORIENTED_EDGE('',*,*,#3497,.T.);
#3513=ORIENTED_EDGE('',*,*,#3495,.F.);
#3515=ORIENTED_EDGE('',*,*,#3514,.F.);
#3516=EDGE_LOOP('',(#3509,#3511,#3512,#3513,#3515));
#3517=FACE_OUTER_BOUND('',#3516,.F.);
#3518=ADVANCED_FACE('',(#3517),#3508,.F.);
#3519=CARTESIAN_POINT('',(0.E0,5.774247078196E0,2.391771452282E0));
#3520=DIRECTION('',(0.E0,3.826834323651E-1,-9.238795325113E-1));
#3521=DIRECTION('',(-1.E0,0.E0,0.E0));
#3522=AXIS2_PLACEMENT_3D('',#3519,#3520,#3521);
#3523=SPHERICAL_SURFACE('',#3522,9.075E-1);
#3524=ORIENTED_EDGE('',*,*,#3514,.T.);
#3525=ORIENTED_EDGE('',*,*,#3484,.F.);
#3526=ORIENTED_EDGE('',*,*,#3482,.T.);
#3527=ORIENTED_EDGE('',*,*,#3510,.F.);
#3528=ORIENTED_EDGE('',*,*,#2454,.T.);
#3529=EDGE_LOOP('',(#3524,#3525,#3526,#3527,#3528));
#3530=FACE_OUTER_BOUND('',#3529,.F.);
#3531=ADVANCED_FACE('',(#3530),#3523,.F.);
#3532=CARTESIAN_POINT('',(0.E0,2.391771452282E0,5.774247078196E0));
#3533=DIRECTION('',(0.E0,9.238795325113E-1,-3.826834323651E-1));
#3534=DIRECTION('',(-1.E0,0.E0,0.E0));
#3535=AXIS2_PLACEMENT_3D('',#3532,#3533,#3534);
#3536=SPHERICAL_SURFACE('',#3535,9.075E-1);
#3538=ORIENTED_EDGE('',*,*,#3537,.T.);
#3539=ORIENTED_EDGE('',*,*,#2568,.T.);
#3541=ORIENTED_EDGE('',*,*,#3540,.F.);
#3543=ORIENTED_EDGE('',*,*,#3542,.F.);
#3545=ORIENTED_EDGE('',*,*,#3544,.T.);
#3546=EDGE_LOOP('',(#3538,#3539,#3541,#3543,#3545));
#3547=FACE_OUTER_BOUND('',#3546,.F.);
#3548=ADVANCED_FACE('',(#3547),#3536,.F.);
#3549=CARTESIAN_POINT('',(0.E0,2.391771452282E0,5.774247078196E0));
#3550=DIRECTION('',(0.E0,9.238795325113E-1,-3.826834323651E-1));
#3551=DIRECTION('',(-1.E0,0.E0,0.E0));
#3552=AXIS2_PLACEMENT_3D('',#3549,#3550,#3551);
#3553=SPHERICAL_SURFACE('',#3552,9.075E-1);
#3554=ORIENTED_EDGE('',*,*,#3537,.F.);
#3556=ORIENTED_EDGE('',*,*,#3555,.T.);
#3558=ORIENTED_EDGE('',*,*,#3557,.F.);
#3559=ORIENTED_EDGE('',*,*,#3540,.T.);
#3560=ORIENTED_EDGE('',*,*,#2570,.T.);
#3561=EDGE_LOOP('',(#3554,#3556,#3558,#3559,#3560));
#3562=FACE_OUTER_BOUND('',#3561,.F.);
#3563=ADVANCED_FACE('',(#3562),#3553,.F.);
#3564=CARTESIAN_POINT('',(0.E0,2.391771452282E0,5.774247078196E0));
#3565=DIRECTION('',(0.E0,9.238795325113E-1,-3.826834323651E-1));
#3566=DIRECTION('',(-1.E0,0.E0,0.E0));
#3567=AXIS2_PLACEMENT_3D('',#3564,#3565,#3566);
#3568=SPHERICAL_SURFACE('',#3567,9.075E-1);
#3569=ORIENTED_EDGE('',*,*,#2446,.T.);
#3571=ORIENTED_EDGE('',*,*,#3570,.T.);
#3572=ORIENTED_EDGE('',*,*,#3557,.T.);
#3573=ORIENTED_EDGE('',*,*,#3555,.F.);
#3575=ORIENTED_EDGE('',*,*,#3574,.F.);
#3576=EDGE_LOOP('',(#3569,#3571,#3572,#3573,#3575));
#3577=FACE_OUTER_BOUND('',#3576,.F.);
#3578=ADVANCED_FACE('',(#3577),#3568,.F.);
#3579=CARTESIAN_POINT('',(0.E0,2.391771452282E0,5.774247078196E0));
#3580=DIRECTION('',(0.E0,9.238795325113E-1,-3.826834323651E-1));
#3581=DIRECTION('',(-1.E0,0.E0,0.E0));
#3582=AXIS2_PLACEMENT_3D('',#3579,#3580,#3581);
#3583=SPHERICAL_SURFACE('',#3582,9.075E-1);
#3584=ORIENTED_EDGE('',*,*,#3574,.T.);
#3585=ORIENTED_EDGE('',*,*,#3544,.F.);
#3586=ORIENTED_EDGE('',*,*,#3542,.T.);
#3587=ORIENTED_EDGE('',*,*,#3570,.F.);
#3588=ORIENTED_EDGE('',*,*,#2448,.T.);
#3589=EDGE_LOOP('',(#3584,#3585,#3586,#3587,#3588));
#3590=FACE_OUTER_BOUND('',#3589,.F.);
#3591=ADVANCED_FACE('',(#3590),#3583,.F.);
#3592=CARTESIAN_POINT('',(0.E0,2.391771452282E0,-5.774247078196E0));
#3593=DIRECTION('',(0.E0,-9.238795325113E-1,-3.826834323651E-1));
#3594=DIRECTION('',(-1.E0,0.E0,0.E0));
#3595=AXIS2_PLACEMENT_3D('',#3592,#3593,#3594);
#3596=SPHERICAL_SURFACE('',#3595,9.075E-1);
#3598=ORIENTED_EDGE('',*,*,#3597,.T.);
#3599=ORIENTED_EDGE('',*,*,#2574,.T.);
#3601=ORIENTED_EDGE('',*,*,#3600,.F.);
#3603=ORIENTED_EDGE('',*,*,#3602,.F.);
#3605=ORIENTED_EDGE('',*,*,#3604,.T.);
#3606=EDGE_LOOP('',(#3598,#3599,#3601,#3603,#3605));
#3607=FACE_OUTER_BOUND('',#3606,.F.);
#3608=ADVANCED_FACE('',(#3607),#3596,.F.);
#3609=CARTESIAN_POINT('',(0.E0,2.391771452282E0,-5.774247078196E0));
#3610=DIRECTION('',(0.E0,-9.238795325113E-1,-3.826834323651E-1));
#3611=DIRECTION('',(-1.E0,0.E0,0.E0));
#3612=AXIS2_PLACEMENT_3D('',#3609,#3610,#3611);
#3613=SPHERICAL_SURFACE('',#3612,9.075E-1);
#3614=ORIENTED_EDGE('',*,*,#3597,.F.);
#3616=ORIENTED_EDGE('',*,*,#3615,.T.);
#3618=ORIENTED_EDGE('',*,*,#3617,.F.);
#3619=ORIENTED_EDGE('',*,*,#3600,.T.);
#3620=ORIENTED_EDGE('',*,*,#2576,.T.);
#3621=EDGE_LOOP('',(#3614,#3616,#3618,#3619,#3620));
#3622=FACE_OUTER_BOUND('',#3621,.F.);
#3623=ADVANCED_FACE('',(#3622),#3613,.F.);
#3624=CARTESIAN_POINT('',(0.E0,2.391771452282E0,-5.774247078196E0));
#3625=DIRECTION('',(0.E0,-9.238795325113E-1,-3.826834323651E-1));
#3626=DIRECTION('',(-1.E0,0.E0,0.E0));
#3627=AXIS2_PLACEMENT_3D('',#3624,#3625,#3626);
#3628=SPHERICAL_SURFACE('',#3627,9.075E-1);
#3629=ORIENTED_EDGE('',*,*,#2440,.T.);
#3631=ORIENTED_EDGE('',*,*,#3630,.T.);
#3632=ORIENTED_EDGE('',*,*,#3617,.T.);
#3633=ORIENTED_EDGE('',*,*,#3615,.F.);
#3635=ORIENTED_EDGE('',*,*,#3634,.F.);
#3636=EDGE_LOOP('',(#3629,#3631,#3632,#3633,#3635));
#3637=FACE_OUTER_BOUND('',#3636,.F.);
#3638=ADVANCED_FACE('',(#3637),#3628,.F.);
#3639=CARTESIAN_POINT('',(0.E0,2.391771452282E0,-5.774247078196E0));
#3640=DIRECTION('',(0.E0,-9.238795325113E-1,-3.826834323651E-1));
#3641=DIRECTION('',(-1.E0,0.E0,0.E0));
#3642=AXIS2_PLACEMENT_3D('',#3639,#3640,#3641);
#3643=SPHERICAL_SURFACE('',#3642,9.075E-1);
#3644=ORIENTED_EDGE('',*,*,#3634,.T.);
#3645=ORIENTED_EDGE('',*,*,#3604,.F.);
#3646=ORIENTED_EDGE('',*,*,#3602,.T.);
#3647=ORIENTED_EDGE('',*,*,#3630,.F.);
#3648=ORIENTED_EDGE('',*,*,#2442,.T.);
#3649=EDGE_LOOP('',(#3644,#3645,#3646,#3647,#3648));
#3650=FACE_OUTER_BOUND('',#3649,.F.);
#3651=ADVANCED_FACE('',(#3650),#3643,.F.);
#3652=CARTESIAN_POINT('',(0.E0,5.774247078196E0,-2.391771452282E0));
#3653=DIRECTION('',(0.E0,-3.826834323651E-1,-9.238795325113E-1));
#3654=DIRECTION('',(-1.E0,0.E0,0.E0));
#3655=AXIS2_PLACEMENT_3D('',#3652,#3653,#3654);
#3656=SPHERICAL_SURFACE('',#3655,9.075E-1);
#3658=ORIENTED_EDGE('',*,*,#3657,.T.);
#3659=ORIENTED_EDGE('',*,*,#2580,.T.);
#3661=ORIENTED_EDGE('',*,*,#3660,.F.);
#3663=ORIENTED_EDGE('',*,*,#3662,.F.);
#3665=ORIENTED_EDGE('',*,*,#3664,.T.);
#3666=EDGE_LOOP('',(#3658,#3659,#3661,#3663,#3665));
#3667=FACE_OUTER_BOUND('',#3666,.F.);
#3668=ADVANCED_FACE('',(#3667),#3656,.F.);
#3669=CARTESIAN_POINT('',(0.E0,5.774247078196E0,-2.391771452282E0));
#3670=DIRECTION('',(0.E0,-3.826834323651E-1,-9.238795325113E-1));
#3671=DIRECTION('',(-1.E0,0.E0,0.E0));
#3672=AXIS2_PLACEMENT_3D('',#3669,#3670,#3671);
#3673=SPHERICAL_SURFACE('',#3672,9.075E-1);
#3674=ORIENTED_EDGE('',*,*,#3657,.F.);
#3676=ORIENTED_EDGE('',*,*,#3675,.T.);
#3678=ORIENTED_EDGE('',*,*,#3677,.F.);
#3679=ORIENTED_EDGE('',*,*,#3660,.T.);
#3680=ORIENTED_EDGE('',*,*,#2582,.T.);
#3681=EDGE_LOOP('',(#3674,#3676,#3678,#3679,#3680));
#3682=FACE_OUTER_BOUND('',#3681,.F.);
#3683=ADVANCED_FACE('',(#3682),#3673,.F.);
#3684=CARTESIAN_POINT('',(0.E0,5.774247078196E0,-2.391771452282E0));
#3685=DIRECTION('',(0.E0,-3.826834323651E-1,-9.238795325113E-1));
#3686=DIRECTION('',(-1.E0,0.E0,0.E0));
#3687=AXIS2_PLACEMENT_3D('',#3684,#3685,#3686);
#3688=SPHERICAL_SURFACE('',#3687,9.075E-1);
#3689=ORIENTED_EDGE('',*,*,#2434,.T.);
#3691=ORIENTED_EDGE('',*,*,#3690,.T.);
#3692=ORIENTED_EDGE('',*,*,#3677,.T.);
#3693=ORIENTED_EDGE('',*,*,#3675,.F.);
#3695=ORIENTED_EDGE('',*,*,#3694,.F.);
#3696=EDGE_LOOP('',(#3689,#3691,#3692,#3693,#3695));
#3697=FACE_OUTER_BOUND('',#3696,.F.);
#3698=ADVANCED_FACE('',(#3697),#3688,.F.);
#3699=CARTESIAN_POINT('',(0.E0,5.774247078196E0,-2.391771452282E0));
#3700=DIRECTION('',(0.E0,-3.826834323651E-1,-9.238795325113E-1));
#3701=DIRECTION('',(-1.E0,0.E0,0.E0));
#3702=AXIS2_PLACEMENT_3D('',#3699,#3700,#3701);
#3703=SPHERICAL_SURFACE('',#3702,9.075E-1);
#3704=ORIENTED_EDGE('',*,*,#3694,.T.);
#3705=ORIENTED_EDGE('',*,*,#3664,.F.);
#3706=ORIENTED_EDGE('',*,*,#3662,.T.);
#3707=ORIENTED_EDGE('',*,*,#3690,.F.);
#3708=ORIENTED_EDGE('',*,*,#2436,.T.);
#3709=EDGE_LOOP('',(#3704,#3705,#3706,#3707,#3708));
#3710=FACE_OUTER_BOUND('',#3709,.F.);
#3711=ADVANCED_FACE('',(#3710),#3703,.F.);
#3712=CLOSED_SHELL('',(#2349,#2414,#2476,#2491,#2506,#2521,#2586,#2648,#2661,
#2674,#2686,#2703,#2718,#2733,#2746,#2761,#2774,#2789,#2803,#2816,#2828,#2845,
#2860,#2875,#2888,#2905,#2920,#2935,#2948,#2965,#2980,#2995,#3008,#3025,#3040,
#3055,#3068,#3085,#3100,#3115,#3128,#3145,#3160,#3175,#3188,#3205,#3220,#3235,
#3248,#3265,#3278,#3291,#3308,#3323,#3338,#3351,#3368,#3383,#3398,#3411,#3428,
#3443,#3458,#3471,#3488,#3503,#3518,#3531,#3548,#3563,#3578,#3591,#3608,#3623,
#3638,#3651,#3668,#3683,#3698,#3711));
#3713=MANIFOLD_SOLID_BREP('',#3712);
#3714=DIRECTION('',(-1.E0,0.E0,0.E0));
#3715=VECTOR('',#3714,8.793137920929E-1);
#3716=CARTESIAN_POINT('',(1.425E0,0.E0,5.63125E0));
#3717=LINE('',#3716,#3715);
#3718=CARTESIAN_POINT('',(1.425E0,0.E0,5.55625E0));
#3719=DIRECTION('',(0.E0,-1.E0,0.E0));
#3720=DIRECTION('',(1.E0,0.E0,0.E0));
#3721=AXIS2_PLACEMENT_3D('',#3718,#3719,#3720);
#3723=CARTESIAN_POINT('',(1.425E0,0.E0,0.E0));
#3724=DIRECTION('',(-1.E0,0.E0,0.E0));
#3725=DIRECTION('',(0.E0,0.E0,1.E0));
#3726=AXIS2_PLACEMENT_3D('',#3723,#3724,#3725);
#3728=CARTESIAN_POINT('',(1.5E0,0.E0,0.E0));
#3729=DIRECTION('',(-1.E0,0.E0,0.E0));
#3730=DIRECTION('',(0.E0,0.E0,1.E0));
#3731=AXIS2_PLACEMENT_3D('',#3728,#3729,#3730);
#3733=CARTESIAN_POINT('',(1.5E0,0.E0,0.E0));
#3734=DIRECTION('',(-1.E0,0.E0,0.E0));
#3735=DIRECTION('',(0.E0,0.E0,-1.E0));
#3736=AXIS2_PLACEMENT_3D('',#3733,#3734,#3735);
#3738=CARTESIAN_POINT('',(1.5E0,0.E0,0.E0));
#3739=DIRECTION('',(1.E0,0.E0,0.E0));
#3740=DIRECTION('',(0.E0,0.E0,-1.E0));
#3741=AXIS2_PLACEMENT_3D('',#3738,#3739,#3740);
#3743=CARTESIAN_POINT('',(1.5E0,0.E0,0.E0));
#3744=DIRECTION('',(1.E0,0.E0,0.E0));
#3745=DIRECTION('',(0.E0,0.E0,1.E0));
#3746=AXIS2_PLACEMENT_3D('',#3743,#3744,#3745);
#3748=CARTESIAN_POINT('',(1.425E0,0.E0,-5.55625E0));
#3749=DIRECTION('',(0.E0,1.E0,0.E0));
#3750=DIRECTION('',(1.E0,0.E0,0.E0));
#3751=AXIS2_PLACEMENT_3D('',#3748,#3749,#3750);
#3753=CARTESIAN_POINT('',(1.425E0,0.E0,0.E0));
#3754=DIRECTION('',(-1.E0,0.E0,0.E0));
#3755=DIRECTION('',(0.E0,0.E0,-1.E0));
#3756=AXIS2_PLACEMENT_3D('',#3753,#3754,#3755);
#3758=DIRECTION('',(-1.E0,0.E0,0.E0));
#3759=VECTOR('',#3758,8.793137920929E-1);
#3760=CARTESIAN_POINT('',(1.425E0,0.E0,-5.63125E0));
#3761=LINE('',#3760,#3759);
#3762=CARTESIAN_POINT('',(0.E0,0.E0,0.E0));
#3763=DIRECTION('',(-1.E0,0.E0,0.E0));
#3764=DIRECTION('',(0.E0,0.E0,-1.E0));
#3765=AXIS2_PLACEMENT_3D('',#3762,#3763,#3764);
#3767=CARTESIAN_POINT('',(0.E0,0.E0,6.25E0));
#3768=DIRECTION('',(0.E0,-1.E0,0.E0));
#3769=DIRECTION('',(0.E0,0.E0,-1.E0));
#3770=AXIS2_PLACEMENT_3D('',#3767,#3768,#3769);
#3772=CARTESIAN_POINT('',(5.456862079071E-1,0.E0,0.E0));
#3773=DIRECTION('',(1.E0,0.E0,0.E0));
#3774=DIRECTION('',(0.E0,0.E0,1.E0));
#3775=AXIS2_PLACEMENT_3D('',#3772,#3773,#3774);
#3777=CARTESIAN_POINT('',(-5.456862079071E-1,0.E0,0.E0));
#3778=DIRECTION('',(-1.E0,0.E0,0.E0));
#3779=DIRECTION('',(0.E0,0.E0,-1.E0));
#3780=AXIS2_PLACEMENT_3D('',#3777,#3778,#3779);
#3782=CARTESIAN_POINT('',(0.E0,0.E0,6.25E0));
#3783=DIRECTION('',(0.E0,-1.E0,0.E0));
#3784=DIRECTION('',(-6.614378277662E-1,0.E0,-7.5E-1));
#3785=AXIS2_PLACEMENT_3D('',#3782,#3783,#3784);
#3787=CARTESIAN_POINT('',(-5.456862079071E-1,0.E0,0.E0));
#3788=DIRECTION('',(-1.E0,0.E0,0.E0));
#3789=DIRECTION('',(0.E0,0.E0,1.E0));
#3790=AXIS2_PLACEMENT_3D('',#3787,#3788,#3789);
#3792=CARTESIAN_POINT('',(0.E0,0.E0,-6.25E0));
#3793=DIRECTION('',(0.E0,1.E0,0.E0));
#3794=DIRECTION('',(-6.614378277662E-1,0.E0,7.5E-1));
#3795=AXIS2_PLACEMENT_3D('',#3792,#3793,#3794);
#3797=DIRECTION('',(-1.E0,0.E0,0.E0));
#3798=VECTOR('',#3797,8.793137920929E-1);
#3799=CARTESIAN_POINT('',(-5.456862079071E-1,0.E0,5.63125E0));
#3800=LINE('',#3799,#3798);
#3801=DIRECTION('',(-1.E0,0.E0,0.E0));
#3802=VECTOR('',#3801,8.793137920929E-1);
#3803=CARTESIAN_POINT('',(-5.456862079071E-1,0.E0,-5.63125E0));
#3804=LINE('',#3803,#3802);
#3805=CARTESIAN_POINT('',(-1.425E0,0.E0,-5.55625E0));
#3806=DIRECTION('',(0.E0,1.E0,0.E0));
#3807=DIRECTION('',(0.E0,0.E0,-1.E0));
#3808=AXIS2_PLACEMENT_3D('',#3805,#3806,#3807);
#3810=CARTESIAN_POINT('',(-1.425E0,0.E0,0.E0));
#3811=DIRECTION('',(1.E0,0.E0,0.E0));
#3812=DIRECTION('',(0.E0,0.E0,1.E0));
#3813=AXIS2_PLACEMENT_3D('',#3810,#3811,#3812);
#3815=CARTESIAN_POINT('',(-1.425E0,0.E0,0.E0));
#3816=DIRECTION('',(1.E0,0.E0,0.E0));
#3817=DIRECTION('',(0.E0,0.E0,-1.E0));
#3818=AXIS2_PLACEMENT_3D('',#3815,#3816,#3817);
#3820=CARTESIAN_POINT('',(-1.425E0,0.E0,5.55625E0));
#3821=DIRECTION('',(0.E0,-1.E0,0.E0));
#3822=DIRECTION('',(0.E0,0.E0,1.E0));
#3823=AXIS2_PLACEMENT_3D('',#3820,#3821,#3822);
#3825=CARTESIAN_POINT('',(-1.5E0,0.E0,0.E0));
#3826=DIRECTION('',(1.E0,0.E0,0.E0));
#3827=DIRECTION('',(0.E0,0.E0,-1.E0));
#3828=AXIS2_PLACEMENT_3D('',#3825,#3826,#3827);
#3830=CARTESIAN_POINT('',(-1.5E0,0.E0,0.E0));
#3831=DIRECTION('',(1.E0,0.E0,0.E0));
#3832=DIRECTION('',(0.E0,0.E0,1.E0));
#3833=AXIS2_PLACEMENT_3D('',#3830,#3831,#3832);
#3835=CARTESIAN_POINT('',(-1.5E0,0.E0,0.E0));
#3836=DIRECTION('',(-1.E0,0.E0,0.E0));
#3837=DIRECTION('',(0.E0,0.E0,1.E0));
#3838=AXIS2_PLACEMENT_3D('',#3835,#3836,#3837);
#3840=CARTESIAN_POINT('',(-1.5E0,0.E0,0.E0));
#3841=DIRECTION('',(-1.E0,0.E0,0.E0));
#3842=DIRECTION('',(0.E0,0.E0,-1.E0));
#3843=AXIS2_PLACEMENT_3D('',#3840,#3841,#3842);
#3845=CARTESIAN_POINT('',(-1.35E0,0.E0,5.15E0));
#3846=DIRECTION('',(0.E0,-1.E0,0.E0));
#3847=DIRECTION('',(-1.E0,0.E0,0.E0));
#3848=AXIS2_PLACEMENT_3D('',#3845,#3846,#3847);
#3850=CARTESIAN_POINT('',(-1.35E0,0.E0,0.E0));
#3851=DIRECTION('',(-1.E0,0.E0,0.E0));
#3852=DIRECTION('',(0.E0,0.E0,1.E0));
#3853=AXIS2_PLACEMENT_3D('',#3850,#3851,#3852);
#3855=CARTESIAN_POINT('',(-1.35E0,0.E0,-5.15E0));
#3856=DIRECTION('',(0.E0,1.E0,0.E0));
#3857=DIRECTION('',(-1.E0,0.E0,0.E0));
#3858=AXIS2_PLACEMENT_3D('',#3855,#3856,#3857);
#3860=CARTESIAN_POINT('',(-1.35E0,0.E0,0.E0));
#3861=DIRECTION('',(-1.E0,0.E0,0.E0));
#3862=DIRECTION('',(0.E0,0.E0,-1.E0));
#3863=AXIS2_PLACEMENT_3D('',#3860,#3861,#3862);
#3865=DIRECTION('',(-1.E0,0.E0,0.E0));
#3866=VECTOR('',#3865,2.7E0);
#3867=CARTESIAN_POINT('',(1.35E0,0.E0,5.E0));
#3868=LINE('',#3867,#3866);
#3869=CARTESIAN_POINT('',(1.35E0,0.E0,-5.15E0));
#3870=DIRECTION('',(0.E0,1.E0,0.E0));
#3871=DIRECTION('',(0.E0,0.E0,1.E0));
#3872=AXIS2_PLACEMENT_3D('',#3869,#3870,#3871);
#3874=CARTESIAN_POINT('',(1.35E0,0.E0,0.E0));
#3875=DIRECTION('',(1.E0,0.E0,0.E0));
#3876=DIRECTION('',(0.E0,0.E0,1.E0));
#3877=AXIS2_PLACEMENT_3D('',#3874,#3875,#3876);
#3879=CARTESIAN_POINT('',(1.35E0,0.E0,0.E0));
#3880=DIRECTION('',(1.E0,0.E0,0.E0));
#3881=DIRECTION('',(0.E0,0.E0,-1.E0));
#3882=AXIS2_PLACEMENT_3D('',#3879,#3880,#3881);
#3884=CARTESIAN_POINT('',(1.35E0,0.E0,5.15E0));
#3885=DIRECTION('',(0.E0,-1.E0,0.E0));
#3886=DIRECTION('',(0.E0,0.E0,-1.E0));
#3887=AXIS2_PLACEMENT_3D('',#3884,#3885,#3886);
#3889=DIRECTION('',(-1.E0,0.E0,0.E0));
#3890=VECTOR('',#3889,2.7E0);
#3891=CARTESIAN_POINT('',(1.35E0,0.E0,-5.E0));
#3892=LINE('',#3891,#3890);
#3893=CARTESIAN_POINT('',(0.E0,0.E0,0.E0));
#3894=DIRECTION('',(-1.E0,0.E0,0.E0));
#3895=DIRECTION('',(0.E0,0.E0,1.E0));
#3896=AXIS2_PLACEMENT_3D('',#3893,#3894,#3895);
#3898=CARTESIAN_POINT('',(0.E0,0.E0,-6.25E0));
#3899=DIRECTION('',(0.E0,1.E0,0.E0));
#3900=DIRECTION('',(0.E0,0.E0,1.E0));
#3901=AXIS2_PLACEMENT_3D('',#3898,#3899,#3900);
#3903=CARTESIAN_POINT('',(5.456862079071E-1,0.E0,0.E0));
#3904=DIRECTION('',(1.E0,0.E0,0.E0));
#3905=DIRECTION('',(0.E0,0.E0,-1.E0));
#3906=AXIS2_PLACEMENT_3D('',#3903,#3904,#3905);
#3908=CARTESIAN_POINT('',(-1.5E0,0.E0,5.15E0));
#3909=CARTESIAN_POINT('',(-1.5E0,0.E0,-5.15E0));
#3910=VERTEX_POINT('',#3908);
#3911=VERTEX_POINT('',#3909);
#3912=CARTESIAN_POINT('',(-1.35E0,0.E0,5.E0));
#3913=VERTEX_POINT('',#3912);
#3914=CARTESIAN_POINT('',(-1.35E0,0.E0,-5.E0));
#3915=VERTEX_POINT('',#3914);
#3916=CARTESIAN_POINT('',(-1.5E0,0.E0,-5.55625E0));
#3917=CARTESIAN_POINT('',(-1.5E0,0.E0,5.55625E0));
#3918=VERTEX_POINT('',#3916);
#3919=VERTEX_POINT('',#3917);
#3920=CARTESIAN_POINT('',(-1.425E0,0.E0,-5.63125E0));
#3921=CARTESIAN_POINT('',(-1.425E0,0.E0,5.63125E0));
#3922=VERTEX_POINT('',#3920);
#3923=VERTEX_POINT('',#3921);
#3924=CARTESIAN_POINT('',(-5.456862079071E-1,0.E0,5.63125E0));
#3925=CARTESIAN_POINT('',(-5.456862079071E-1,0.E0,-5.63125E0));
#3926=VERTEX_POINT('',#3924);
#3927=VERTEX_POINT('',#3925);
#3928=CARTESIAN_POINT('',(0.E0,0.E0,5.425E0));
#3929=VERTEX_POINT('',#3928);
#3930=CARTESIAN_POINT('',(0.E0,0.E0,-5.425E0));
#3931=VERTEX_POINT('',#3930);
#3932=CARTESIAN_POINT('',(5.456862079071E-1,0.E0,5.63125E0));
#3933=VERTEX_POINT('',#3932);
#3934=CARTESIAN_POINT('',(5.456862079071E-1,0.E0,-5.63125E0));
#3935=VERTEX_POINT('',#3934);
#3936=CARTESIAN_POINT('',(1.425E0,0.E0,5.63125E0));
#3937=CARTESIAN_POINT('',(1.425E0,0.E0,-5.63125E0));
#3938=VERTEX_POINT('',#3936);
#3939=VERTEX_POINT('',#3937);
#3940=CARTESIAN_POINT('',(1.5E0,0.E0,5.55625E0));
#3941=CARTESIAN_POINT('',(1.5E0,0.E0,-5.55625E0));
#3942=VERTEX_POINT('',#3940);
#3943=VERTEX_POINT('',#3941);
#3944=CARTESIAN_POINT('',(1.5E0,0.E0,-5.15E0));
#3945=CARTESIAN_POINT('',(1.5E0,0.E0,5.15E0));
#3946=VERTEX_POINT('',#3944);
#3947=VERTEX_POINT('',#3945);
#3948=CARTESIAN_POINT('',(1.35E0,0.E0,-5.E0));
#3949=CARTESIAN_POINT('',(1.35E0,0.E0,5.E0));
#3950=VERTEX_POINT('',#3948);
#3951=VERTEX_POINT('',#3949);
#3952=CARTESIAN_POINT('',(-1.5E0,0.E0,0.E0));
#3953=DIRECTION('',(-1.E0,0.E0,0.E0));
#3954=DIRECTION('',(0.E0,0.E0,1.E0));
#3955=AXIS2_PLACEMENT_3D('',#3952,#3953,#3954);
#3956=CYLINDRICAL_SURFACE('',#3955,5.63125E0);
#3958=ORIENTED_EDGE('',*,*,#3957,.F.);
#3960=ORIENTED_EDGE('',*,*,#3959,.T.);
#3962=ORIENTED_EDGE('',*,*,#3961,.F.);
#3964=ORIENTED_EDGE('',*,*,#3963,.F.);
#3965=EDGE_LOOP('',(#3958,#3960,#3962,#3964));
#3966=FACE_OUTER_BOUND('',#3965,.F.);
#3967=ADVANCED_FACE('',(#3966),#3956,.T.);
#3968=CARTESIAN_POINT('',(1.425E0,0.E0,0.E0));
#3969=DIRECTION('',(-1.E0,0.E0,0.E0));
#3970=DIRECTION('',(0.E0,0.E0,1.E0));
#3971=AXIS2_PLACEMENT_3D('',#3968,#3969,#3970);
#3972=TOROIDAL_SURFACE('',#3971,5.55625E0,7.5E-2);
#3974=ORIENTED_EDGE('',*,*,#3973,.F.);
#3976=ORIENTED_EDGE('',*,*,#3975,.T.);
#3977=ORIENTED_EDGE('',*,*,#3957,.T.);
#3979=ORIENTED_EDGE('',*,*,#3978,.F.);
#3980=EDGE_LOOP('',(#3974,#3976,#3977,#3979));
#3981=FACE_OUTER_BOUND('',#3980,.F.);
#3982=ADVANCED_FACE('',(#3981),#3972,.T.);
#3983=CARTESIAN_POINT('',(1.5E0,5.55625E0,0.E0));
#3984=DIRECTION('',(-1.E0,0.E0,0.E0));
#3985=DIRECTION('',(0.E0,0.E0,1.E0));
#3986=AXIS2_PLACEMENT_3D('',#3983,#3984,#3985);
#3987=PLANE('',#3986);
#3988=ORIENTED_EDGE('',*,*,#3973,.T.);
#3990=ORIENTED_EDGE('',*,*,#3989,.T.);
#3991=EDGE_LOOP('',(#3988,#3990));
#3992=FACE_OUTER_BOUND('',#3991,.F.);
#3994=ORIENTED_EDGE('',*,*,#3993,.T.);
#3996=ORIENTED_EDGE('',*,*,#3995,.T.);
#3997=EDGE_LOOP('',(#3994,#3996));
#3998=FACE_BOUND('',#3997,.F.);
#3999=ADVANCED_FACE('',(#3992,#3998),#3987,.F.);
#4000=CARTESIAN_POINT('',(1.425E0,0.E0,0.E0));
#4001=DIRECTION('',(-1.E0,0.E0,0.E0));
#4002=DIRECTION('',(0.E0,0.E0,1.E0));
#4003=AXIS2_PLACEMENT_3D('',#4000,#4001,#4002);
#4004=TOROIDAL_SURFACE('',#4003,5.55625E0,7.5E-2);
#4005=ORIENTED_EDGE('',*,*,#3978,.T.);
#4007=ORIENTED_EDGE('',*,*,#4006,.T.);
#4008=ORIENTED_EDGE('',*,*,#3975,.F.);
#4009=ORIENTED_EDGE('',*,*,#3989,.F.);
#4010=EDGE_LOOP('',(#4005,#4007,#4008,#4009));
#4011=FACE_OUTER_BOUND('',#4010,.F.);
#4012=ADVANCED_FACE('',(#4011),#4004,.T.);
#4013=CARTESIAN_POINT('',(-1.5E0,0.E0,0.E0));
#4014=DIRECTION('',(-1.E0,0.E0,0.E0));
#4015=DIRECTION('',(0.E0,0.E0,1.E0));
#4016=AXIS2_PLACEMENT_3D('',#4013,#4014,#4015);
#4017=CYLINDRICAL_SURFACE('',#4016,5.63125E0);
#4018=ORIENTED_EDGE('',*,*,#3963,.T.);
#4020=ORIENTED_EDGE('',*,*,#4019,.F.);
#4021=ORIENTED_EDGE('',*,*,#3959,.F.);
#4022=ORIENTED_EDGE('',*,*,#4006,.F.);
#4023=EDGE_LOOP('',(#4018,#4020,#4021,#4022));
#4024=FACE_OUTER_BOUND('',#4023,.F.);
#4025=ADVANCED_FACE('',(#4024),#4017,.T.);
#4026=CARTESIAN_POINT('',(0.E0,0.E0,0.E0));
#4027=DIRECTION('',(-1.E0,0.E0,0.E0));
#4028=DIRECTION('',(0.E0,0.E0,1.E0));
#4029=AXIS2_PLACEMENT_3D('',#4026,#4027,#4028);
#4030=TOROIDAL_SURFACE('',#4029,6.25E0,8.25E-1);
#4032=ORIENTED_EDGE('',*,*,#4031,.T.);
#4034=ORIENTED_EDGE('',*,*,#4033,.T.);
#4035=ORIENTED_EDGE('',*,*,#4019,.T.);
#4037=ORIENTED_EDGE('',*,*,#4036,.F.);
#4038=EDGE_LOOP('',(#4032,#4034,#4035,#4037));
#4039=FACE_OUTER_BOUND('',#4038,.F.);
#4040=ADVANCED_FACE('',(#4039),#4030,.F.);
#4041=CARTESIAN_POINT('',(0.E0,0.E0,0.E0));
#4042=DIRECTION('',(-1.E0,0.E0,0.E0));
#4043=DIRECTION('',(0.E0,0.E0,1.E0));
#4044=AXIS2_PLACEMENT_3D('',#4041,#4042,#4043);
#4045=TOROIDAL_SURFACE('',#4044,6.25E0,8.25E-1);
#4047=ORIENTED_EDGE('',*,*,#4046,.F.);
#4049=ORIENTED_EDGE('',*,*,#4048,.T.);
#4051=ORIENTED_EDGE('',*,*,#4050,.T.);
#4052=ORIENTED_EDGE('',*,*,#4031,.F.);
#4053=EDGE_LOOP('',(#4047,#4049,#4051,#4052));
#4054=FACE_OUTER_BOUND('',#4053,.F.);
#4055=ADVANCED_FACE('',(#4054),#4045,.F.);
#4056=CARTESIAN_POINT('',(0.E0,0.E0,0.E0));
#4057=DIRECTION('',(-1.E0,0.E0,0.E0));
#4058=DIRECTION('',(0.E0,0.E0,1.E0));
#4059=AXIS2_PLACEMENT_3D('',#4056,#4057,#4058);
#4060=TOROIDAL_SURFACE('',#4059,6.25E0,8.25E-1);
#4061=ORIENTED_EDGE('',*,*,#4050,.F.);
#4063=ORIENTED_EDGE('',*,*,#4062,.T.);
#4064=ORIENTED_EDGE('',*,*,#4046,.T.);
#4066=ORIENTED_EDGE('',*,*,#4065,.F.);
#4067=EDGE_LOOP('',(#4061,#4063,#4064,#4066));
#4068=FACE_OUTER_BOUND('',#4067,.F.);
#4069=ADVANCED_FACE('',(#4068),#4060,.F.);
#4070=CARTESIAN_POINT('',(-1.5E0,0.E0,0.E0));
#4071=DIRECTION('',(-1.E0,0.E0,0.E0));
#4072=DIRECTION('',(0.E0,0.E0,1.E0));
#4073=AXIS2_PLACEMENT_3D('',#4070,#4071,#4072);
#4074=CYLINDRICAL_SURFACE('',#4073,5.63125E0);
#4075=ORIENTED_EDGE('',*,*,#4062,.F.);
#4077=ORIENTED_EDGE('',*,*,#4076,.T.);
#4079=ORIENTED_EDGE('',*,*,#4078,.F.);
#4081=ORIENTED_EDGE('',*,*,#4080,.F.);
#4082=EDGE_LOOP('',(#4075,#4077,#4079,#4081));
#4083=FACE_OUTER_BOUND('',#4082,.F.);
#4084=ADVANCED_FACE('',(#4083),#4074,.T.);
#4085=CARTESIAN_POINT('',(-1.5E0,0.E0,0.E0));
#4086=DIRECTION('',(-1.E0,0.E0,0.E0));
#4087=DIRECTION('',(0.E0,0.E0,1.E0));
#4088=AXIS2_PLACEMENT_3D('',#4085,#4086,#4087);
#4089=CYLINDRICAL_SURFACE('',#4088,5.63125E0);
#4090=ORIENTED_EDGE('',*,*,#4080,.T.);
#4092=ORIENTED_EDGE('',*,*,#4091,.F.);
#4093=ORIENTED_EDGE('',*,*,#4076,.F.);
#4094=ORIENTED_EDGE('',*,*,#4048,.F.);
#4095=EDGE_LOOP('',(#4090,#4092,#4093,#4094));
#4096=FACE_OUTER_BOUND('',#4095,.F.);
#4097=ADVANCED_FACE('',(#4096),#4089,.T.);
#4098=CARTESIAN_POINT('',(-1.425E0,0.E0,0.E0));
#4099=DIRECTION('',(-1.E0,0.E0,0.E0));
#4100=DIRECTION('',(0.E0,0.E0,1.E0));
#4101=AXIS2_PLACEMENT_3D('',#4098,#4099,#4100);
#4102=TOROIDAL_SURFACE('',#4101,5.55625E0,7.5E-2);
#4104=ORIENTED_EDGE('',*,*,#4103,.T.);
#4106=ORIENTED_EDGE('',*,*,#4105,.F.);
#4108=ORIENTED_EDGE('',*,*,#4107,.F.);
#4109=ORIENTED_EDGE('',*,*,#4091,.T.);
#4110=EDGE_LOOP('',(#4104,#4106,#4108,#4109));
#4111=FACE_OUTER_BOUND('',#4110,.F.);
#4112=ADVANCED_FACE('',(#4111),#4102,.T.);
#4113=CARTESIAN_POINT('',(-1.425E0,0.E0,0.E0));
#4114=DIRECTION('',(-1.E0,0.E0,0.E0));
#4115=DIRECTION('',(0.E0,0.E0,1.E0));
#4116=AXIS2_PLACEMENT_3D('',#4113,#4114,#4115);
#4117=TOROIDAL_SURFACE('',#4116,5.55625E0,7.5E-2);
#4118=ORIENTED_EDGE('',*,*,#4078,.T.);
#4119=ORIENTED_EDGE('',*,*,#4107,.T.);
#4121=ORIENTED_EDGE('',*,*,#4120,.F.);
#4122=ORIENTED_EDGE('',*,*,#4103,.F.);
#4123=EDGE_LOOP('',(#4118,#4119,#4121,#4122));
#4124=FACE_OUTER_BOUND('',#4123,.F.);
#4125=ADVANCED_FACE('',(#4124),#4117,.T.);
#4126=CARTESIAN_POINT('',(-1.5E0,5.55625E0,0.E0));
#4127=DIRECTION('',(1.E0,0.E0,0.E0));
#4128=DIRECTION('',(0.E0,0.E0,-1.E0));
#4129=AXIS2_PLACEMENT_3D('',#4126,#4127,#4128);
#4130=PLANE('',#4129);
#4131=ORIENTED_EDGE('',*,*,#4120,.T.);
#4132=ORIENTED_EDGE('',*,*,#4105,.T.);
#4133=EDGE_LOOP('',(#4131,#4132));
#4134=FACE_OUTER_BOUND('',#4133,.F.);
#4136=ORIENTED_EDGE('',*,*,#4135,.T.);
#4138=ORIENTED_EDGE('',*,*,#4137,.T.);
#4139=EDGE_LOOP('',(#4136,#4138));
#4140=FACE_BOUND('',#4139,.F.);
#4141=ADVANCED_FACE('',(#4134,#4140),#4130,.F.);
#4142=CARTESIAN_POINT('',(-1.35E0,0.E0,0.E0));
#4143=DIRECTION('',(-1.E0,0.E0,0.E0));
#4144=DIRECTION('',(0.E0,0.E0,1.E0));
#4145=AXIS2_PLACEMENT_3D('',#4142,#4143,#4144);
#4146=TOROIDAL_SURFACE('',#4145,5.15E0,1.5E-1);
#4147=ORIENTED_EDGE('',*,*,#4135,.F.);
#4149=ORIENTED_EDGE('',*,*,#4148,.T.);
#4151=ORIENTED_EDGE('',*,*,#4150,.T.);
#4153=ORIENTED_EDGE('',*,*,#4152,.F.);
#4154=EDGE_LOOP('',(#4147,#4149,#4151,#4153));
#4155=FACE_OUTER_BOUND('',#4154,.F.);
#4156=ADVANCED_FACE('',(#4155),#4146,.T.);
#4157=CARTESIAN_POINT('',(-1.35E0,0.E0,0.E0));
#4158=DIRECTION('',(-1.E0,0.E0,0.E0));
#4159=DIRECTION('',(0.E0,0.E0,1.E0));
#4160=AXIS2_PLACEMENT_3D('',#4157,#4158,#4159);
#4161=TOROIDAL_SURFACE('',#4160,5.15E0,1.5E-1);
#4162=ORIENTED_EDGE('',*,*,#4152,.T.);
#4164=ORIENTED_EDGE('',*,*,#4163,.T.);
#4165=ORIENTED_EDGE('',*,*,#4148,.F.);
#4166=ORIENTED_EDGE('',*,*,#4137,.F.);
#4167=EDGE_LOOP('',(#4162,#4164,#4165,#4166));
#4168=FACE_OUTER_BOUND('',#4167,.F.);
#4169=ADVANCED_FACE('',(#4168),#4161,.T.);
#4170=CARTESIAN_POINT('',(-1.5E0,0.E0,0.E0));
#4171=DIRECTION('',(-1.E0,0.E0,0.E0));
#4172=DIRECTION('',(0.E0,0.E0,1.E0));
#4173=AXIS2_PLACEMENT_3D('',#4170,#4171,#4172);
#4174=CYLINDRICAL_SURFACE('',#4173,5.E0);
#4176=ORIENTED_EDGE('',*,*,#4175,.F.);
#4178=ORIENTED_EDGE('',*,*,#4177,.T.);
#4179=ORIENTED_EDGE('',*,*,#4163,.F.);
#4181=ORIENTED_EDGE('',*,*,#4180,.F.);
#4182=EDGE_LOOP('',(#4176,#4178,#4179,#4181));
#4183=FACE_OUTER_BOUND('',#4182,.F.);
#4184=ADVANCED_FACE('',(#4183),#4174,.F.);
#4185=CARTESIAN_POINT('',(1.35E0,0.E0,0.E0));
#4186=DIRECTION('',(-1.E0,0.E0,0.E0));
#4187=DIRECTION('',(0.E0,0.E0,1.E0));
#4188=AXIS2_PLACEMENT_3D('',#4185,#4186,#4187);
#4189=TOROIDAL_SURFACE('',#4188,5.15E0,1.5E-1);
#4191=ORIENTED_EDGE('',*,*,#4190,.T.);
#4192=ORIENTED_EDGE('',*,*,#3995,.F.);
#4194=ORIENTED_EDGE('',*,*,#4193,.F.);
#4195=ORIENTED_EDGE('',*,*,#4175,.T.);
#4196=EDGE_LOOP('',(#4191,#4192,#4194,#4195));
#4197=FACE_OUTER_BOUND('',#4196,.F.);
#4198=ADVANCED_FACE('',(#4197),#4189,.T.);
#4199=CARTESIAN_POINT('',(1.35E0,0.E0,0.E0));
#4200=DIRECTION('',(-1.E0,0.E0,0.E0));
#4201=DIRECTION('',(0.E0,0.E0,1.E0));
#4202=AXIS2_PLACEMENT_3D('',#4199,#4200,#4201);
#4203=TOROIDAL_SURFACE('',#4202,5.15E0,1.5E-1);
#4205=ORIENTED_EDGE('',*,*,#4204,.T.);
#4206=ORIENTED_EDGE('',*,*,#4193,.T.);
#4207=ORIENTED_EDGE('',*,*,#3993,.F.);
#4208=ORIENTED_EDGE('',*,*,#4190,.F.);
#4209=EDGE_LOOP('',(#4205,#4206,#4207,#4208));
#4210=FACE_OUTER_BOUND('',#4209,.F.);
#4211=ADVANCED_FACE('',(#4210),#4203,.T.);
#4212=CARTESIAN_POINT('',(-1.5E0,0.E0,0.E0));
#4213=DIRECTION('',(-1.E0,0.E0,0.E0));
#4214=DIRECTION('',(0.E0,0.E0,1.E0));
#4215=AXIS2_PLACEMENT_3D('',#4212,#4213,#4214);
#4216=CYLINDRICAL_SURFACE('',#4215,5.E0);
#4217=ORIENTED_EDGE('',*,*,#4180,.T.);
#4218=ORIENTED_EDGE('',*,*,#4150,.F.);
#4219=ORIENTED_EDGE('',*,*,#4177,.F.);
#4220=ORIENTED_EDGE('',*,*,#4204,.F.);
#4221=EDGE_LOOP('',(#4217,#4218,#4219,#4220));
#4222=FACE_OUTER_BOUND('',#4221,.F.);
#4223=ADVANCED_FACE('',(#4222),#4216,.F.);
#4224=CARTESIAN_POINT('',(0.E0,0.E0,0.E0));
#4225=DIRECTION('',(-1.E0,0.E0,0.E0));
#4226=DIRECTION('',(0.E0,0.E0,1.E0));
#4227=AXIS2_PLACEMENT_3D('',#4224,#4225,#4226);
#4228=TOROIDAL_SURFACE('',#4227,6.25E0,8.25E-1);
#4229=ORIENTED_EDGE('',*,*,#4065,.T.);
#4230=ORIENTED_EDGE('',*,*,#4036,.T.);
#4231=ORIENTED_EDGE('',*,*,#3961,.T.);
#4232=ORIENTED_EDGE('',*,*,#4033,.F.);
#4233=EDGE_LOOP('',(#4229,#4230,#4231,#4232));
#4234=FACE_OUTER_BOUND('',#4233,.F.);
#4235=ADVANCED_FACE('',(#4234),#4228,.F.);
#4236=CLOSED_SHELL('',(#3967,#3982,#3999,#4012,#4025,#4040,#4055,#4069,#4084,
#4097,#4112,#4125,#4141,#4156,#4169,#4184,#4198,#4211,#4223,#4235));
#4237=MANIFOLD_SOLID_BREP('',#4236);
#4238=DIRECTION('',(-1.E0,0.E0,0.E0));
#4239=VECTOR('',#4238,8.793137920929E-1);
#4240=CARTESIAN_POINT('',(-5.456862079071E-1,0.E0,-6.86875E0));
#4241=LINE('',#4240,#4239);
#4242=DIRECTION('',(-1.E0,0.E0,0.E0));
#4243=VECTOR('',#4242,8.793137920929E-1);
#4244=CARTESIAN_POINT('',(-5.456862079071E-1,0.E0,6.86875E0));
#4245=LINE('',#4244,#4243);
#4246=CARTESIAN_POINT('',(5.456862079071E-1,0.E0,0.E0));
#4247=DIRECTION('',(-1.E0,0.E0,0.E0));
#4248=DIRECTION('',(0.E0,0.E0,-1.E0));
#4249=AXIS2_PLACEMENT_3D('',#4246,#4247,#4248);
#4251=CARTESIAN_POINT('',(0.E0,0.E0,6.25E0));
#4252=DIRECTION('',(0.E0,-1.E0,0.E0));
#4253=DIRECTION('',(6.614378277662E-1,0.E0,7.5E-1));
#4254=AXIS2_PLACEMENT_3D('',#4251,#4252,#4253);
#4256=CARTESIAN_POINT('',(0.E0,0.E0,6.25E0));
#4257=DIRECTION('',(0.E0,-1.E0,0.E0));
#4258=DIRECTION('',(0.E0,0.E0,1.E0));
#4259=AXIS2_PLACEMENT_3D('',#4256,#4257,#4258);
#4261=CARTESIAN_POINT('',(-5.456862079071E-1,0.E0,0.E0));
#4262=DIRECTION('',(1.E0,0.E0,0.E0));
#4263=DIRECTION('',(0.E0,0.E0,1.E0));
#4264=AXIS2_PLACEMENT_3D('',#4261,#4262,#4263);
#4266=DIRECTION('',(-1.E0,0.E0,0.E0));
#4267=VECTOR('',#4266,8.793137920929E-1);
#4268=CARTESIAN_POINT('',(1.425E0,0.E0,6.86875E0));
#4269=LINE('',#4268,#4267);
#4270=CARTESIAN_POINT('',(1.425E0,0.E0,-6.94375E0));
#4271=DIRECTION('',(0.E0,1.E0,0.E0));
#4272=DIRECTION('',(0.E0,0.E0,1.E0));
#4273=AXIS2_PLACEMENT_3D('',#4270,#4271,#4272);
#4275=CARTESIAN_POINT('',(1.425E0,0.E0,0.E0));
#4276=DIRECTION('',(1.E0,0.E0,0.E0));
#4277=DIRECTION('',(0.E0,0.E0,1.E0));
#4278=AXIS2_PLACEMENT_3D('',#4275,#4276,#4277);
#4280=CARTESIAN_POINT('',(1.425E0,0.E0,0.E0));
#4281=DIRECTION('',(1.E0,0.E0,0.E0));
#4282=DIRECTION('',(0.E0,0.E0,-1.E0));
#4283=AXIS2_PLACEMENT_3D('',#4280,#4281,#4282);
#4285=CARTESIAN_POINT('',(1.425E0,0.E0,6.94375E0));
#4286=DIRECTION('',(0.E0,-1.E0,0.E0));
#4287=DIRECTION('',(0.E0,0.E0,-1.E0));
#4288=AXIS2_PLACEMENT_3D('',#4285,#4286,#4287);
#4290=DIRECTION('',(-1.E0,0.E0,0.E0));
#4291=VECTOR('',#4290,8.793137920929E-1);
#4292=CARTESIAN_POINT('',(1.425E0,0.E0,-6.86875E0));
#4293=LINE('',#4292,#4291);
#4294=CARTESIAN_POINT('',(0.E0,0.E0,-6.25E0));
#4295=DIRECTION('',(0.E0,1.E0,0.E0));
#4296=DIRECTION('',(0.E0,0.E0,-1.E0));
#4297=AXIS2_PLACEMENT_3D('',#4294,#4295,#4296);
#4299=CARTESIAN_POINT('',(-5.456862079071E-1,0.E0,0.E0));
#4300=DIRECTION('',(1.E0,0.E0,0.E0));
#4301=DIRECTION('',(0.E0,0.E0,-1.E0));
#4302=AXIS2_PLACEMENT_3D('',#4299,#4300,#4301);
#4304=CARTESIAN_POINT('',(5.456862079071E-1,0.E0,0.E0));
#4305=DIRECTION('',(-1.E0,0.E0,0.E0));
#4306=DIRECTION('',(0.E0,0.E0,1.E0));
#4307=AXIS2_PLACEMENT_3D('',#4304,#4305,#4306);
#4309=CARTESIAN_POINT('',(0.E0,0.E0,-6.25E0));
#4310=DIRECTION('',(0.E0,1.E0,0.E0));
#4311=DIRECTION('',(6.614378277662E-1,0.E0,-7.5E-1));
#4312=AXIS2_PLACEMENT_3D('',#4309,#4310,#4311);
#4314=CARTESIAN_POINT('',(1.5E0,0.E0,0.E0));
#4315=DIRECTION('',(-1.E0,0.E0,0.E0));
#4316=DIRECTION('',(0.E0,0.E0,1.E0));
#4317=AXIS2_PLACEMENT_3D('',#4314,#4315,#4316);
#4319=CARTESIAN_POINT('',(1.5E0,0.E0,0.E0));
#4320=DIRECTION('',(-1.E0,0.E0,0.E0));
#4321=DIRECTION('',(0.E0,0.E0,-1.E0));
#4322=AXIS2_PLACEMENT_3D('',#4319,#4320,#4321);
#4324=CARTESIAN_POINT('',(1.5E0,0.E0,0.E0));
#4325=DIRECTION('',(1.E0,0.E0,0.E0));
#4326=DIRECTION('',(0.E0,0.E0,-1.E0));
#4327=AXIS2_PLACEMENT_3D('',#4324,#4325,#4326);
#4329=CARTESIAN_POINT('',(1.5E0,0.E0,0.E0));
#4330=DIRECTION('',(1.E0,0.E0,0.E0));
#4331=DIRECTION('',(0.E0,0.E0,1.E0));
#4332=AXIS2_PLACEMENT_3D('',#4329,#4330,#4331);
#4334=CARTESIAN_POINT('',(1.35E0,0.E0,7.35E0));
#4335=DIRECTION('',(0.E0,-1.E0,0.E0));
#4336=DIRECTION('',(1.E0,0.E0,0.E0));
#4337=AXIS2_PLACEMENT_3D('',#4334,#4335,#4336);
#4339=CARTESIAN_POINT('',(1.35E0,0.E0,0.E0));
#4340=DIRECTION('',(-1.E0,0.E0,0.E0));
#4341=DIRECTION('',(0.E0,0.E0,1.E0));
#4342=AXIS2_PLACEMENT_3D('',#4339,#4340,#4341);
#4344=CARTESIAN_POINT('',(1.35E0,0.E0,-7.35E0));
#4345=DIRECTION('',(0.E0,1.E0,0.E0));
#4346=DIRECTION('',(1.E0,0.E0,0.E0));
#4347=AXIS2_PLACEMENT_3D('',#4344,#4345,#4346);
#4349=CARTESIAN_POINT('',(1.35E0,0.E0,0.E0));
#4350=DIRECTION('',(-1.E0,0.E0,0.E0));
#4351=DIRECTION('',(0.E0,0.E0,-1.E0));
#4352=AXIS2_PLACEMENT_3D('',#4349,#4350,#4351);
#4354=DIRECTION('',(-1.E0,0.E0,0.E0));
#4355=VECTOR('',#4354,2.7E0);
#4356=CARTESIAN_POINT('',(1.35E0,0.E0,-7.5E0));
#4357=LINE('',#4356,#4355);
#4358=DIRECTION('',(-1.E0,0.E0,0.E0));
#4359=VECTOR('',#4358,2.7E0);
#4360=CARTESIAN_POINT('',(1.35E0,0.E0,7.5E0));
#4361=LINE('',#4360,#4359);
#4362=CARTESIAN_POINT('',(-1.35E0,0.E0,0.E0));
#4363=DIRECTION('',(1.E0,0.E0,0.E0));
#4364=DIRECTION('',(0.E0,0.E0,-1.E0));
#4365=AXIS2_PLACEMENT_3D('',#4362,#4363,#4364);
#4367=CARTESIAN_POINT('',(-1.35E0,0.E0,7.35E0));
#4368=DIRECTION('',(0.E0,-1.E0,0.E0));
#4369=DIRECTION('',(0.E0,0.E0,1.E0));
#4370=AXIS2_PLACEMENT_3D('',#4367,#4368,#4369);
#4372=CARTESIAN_POINT('',(-1.35E0,0.E0,-7.35E0));
#4373=DIRECTION('',(0.E0,1.E0,0.E0));
#4374=DIRECTION('',(0.E0,0.E0,-1.E0));
#4375=AXIS2_PLACEMENT_3D('',#4372,#4373,#4374);
#4377=CARTESIAN_POINT('',(-1.35E0,0.E0,0.E0));
#4378=DIRECTION('',(1.E0,0.E0,0.E0));
#4379=DIRECTION('',(0.E0,0.E0,1.E0));
#4380=AXIS2_PLACEMENT_3D('',#4377,#4378,#4379);
#4382=CARTESIAN_POINT('',(-1.5E0,0.E0,0.E0));
#4383=DIRECTION('',(1.E0,0.E0,0.E0));
#4384=DIRECTION('',(0.E0,0.E0,-1.E0));
#4385=AXIS2_PLACEMENT_3D('',#4382,#4383,#4384);
#4387=CARTESIAN_POINT('',(-1.5E0,0.E0,0.E0));
#4388=DIRECTION('',(1.E0,0.E0,0.E0));
#4389=DIRECTION('',(0.E0,0.E0,1.E0));
#4390=AXIS2_PLACEMENT_3D('',#4387,#4388,#4389);
#4392=CARTESIAN_POINT('',(-1.5E0,0.E0,0.E0));
#4393=DIRECTION('',(-1.E0,0.E0,0.E0));
#4394=DIRECTION('',(0.E0,0.E0,1.E0));
#4395=AXIS2_PLACEMENT_3D('',#4392,#4393,#4394);
#4397=CARTESIAN_POINT('',(-1.5E0,0.E0,0.E0));
#4398=DIRECTION('',(-1.E0,0.E0,0.E0));
#4399=DIRECTION('',(0.E0,0.E0,-1.E0));
#4400=AXIS2_PLACEMENT_3D('',#4397,#4398,#4399);
#4402=CARTESIAN_POINT('',(-1.425E0,0.E0,6.94375E0));
#4403=DIRECTION('',(0.E0,-1.E0,0.E0));
#4404=DIRECTION('',(-1.E0,0.E0,0.E0));
#4405=AXIS2_PLACEMENT_3D('',#4402,#4403,#4404);
#4407=CARTESIAN_POINT('',(-1.425E0,0.E0,0.E0));
#4408=DIRECTION('',(-1.E0,0.E0,0.E0));
#4409=DIRECTION('',(0.E0,0.E0,1.E0));
#4410=AXIS2_PLACEMENT_3D('',#4407,#4408,#4409);
#4412=CARTESIAN_POINT('',(-1.425E0,0.E0,-6.94375E0));
#4413=DIRECTION('',(0.E0,1.E0,0.E0));
#4414=DIRECTION('',(-1.E0,0.E0,0.E0));
#4415=AXIS2_PLACEMENT_3D('',#4412,#4413,#4414);
#4417=CARTESIAN_POINT('',(-1.425E0,0.E0,0.E0));
#4418=DIRECTION('',(-1.E0,0.E0,0.E0));
#4419=DIRECTION('',(0.E0,0.E0,-1.E0));
#4420=AXIS2_PLACEMENT_3D('',#4417,#4418,#4419);
#4422=CARTESIAN_POINT('',(-1.35E0,0.E0,-7.5E0));
#4423=CARTESIAN_POINT('',(-1.35E0,0.E0,7.5E0));
#4424=VERTEX_POINT('',#4422);
#4425=VERTEX_POINT('',#4423);
#4426=CARTESIAN_POINT('',(-1.5E0,0.E0,7.35E0));
#4427=VERTEX_POINT('',#4426);
#4428=CARTESIAN_POINT('',(-1.5E0,0.E0,-7.35E0));
#4429=VERTEX_POINT('',#4428);
#4430=CARTESIAN_POINT('',(1.35E0,0.E0,7.5E0));
#4431=CARTESIAN_POINT('',(1.35E0,0.E0,-7.5E0));
#4432=VERTEX_POINT('',#4430);
#4433=VERTEX_POINT('',#4431);
#4434=CARTESIAN_POINT('',(1.5E0,0.E0,7.35E0));
#4435=CARTESIAN_POINT('',(1.5E0,0.E0,-7.35E0));
#4436=VERTEX_POINT('',#4434);
#4437=VERTEX_POINT('',#4435);
#4438=CARTESIAN_POINT('',(1.5E0,0.E0,-6.94375E0));
#4439=CARTESIAN_POINT('',(1.5E0,0.E0,6.94375E0));
#4440=VERTEX_POINT('',#4438);
#4441=VERTEX_POINT('',#4439);
#4442=CARTESIAN_POINT('',(-1.5E0,0.E0,6.94375E0));
#4443=CARTESIAN_POINT('',(-1.5E0,0.E0,-6.94375E0));
#4444=VERTEX_POINT('',#4442);
#4445=VERTEX_POINT('',#4443);
#4446=CARTESIAN_POINT('',(-1.425E0,0.E0,6.86875E0));
#4447=VERTEX_POINT('',#4446);
#4448=CARTESIAN_POINT('',(-1.425E0,0.E0,-6.86875E0));
#4449=VERTEX_POINT('',#4448);
#4450=CARTESIAN_POINT('',(-5.456862079071E-1,0.E0,6.86875E0));
#4451=CARTESIAN_POINT('',(-5.456862079071E-1,0.E0,-6.86875E0));
#4452=VERTEX_POINT('',#4450);
#4453=VERTEX_POINT('',#4451);
#4454=CARTESIAN_POINT('',(5.456862079071E-1,0.E0,-6.86875E0));
#4455=CARTESIAN_POINT('',(5.456862079071E-1,0.E0,6.86875E0));
#4456=VERTEX_POINT('',#4454);
#4457=VERTEX_POINT('',#4455);
#4458=CARTESIAN_POINT('',(0.E0,0.E0,7.075E0));
#4459=VERTEX_POINT('',#4458);
#4460=CARTESIAN_POINT('',(0.E0,0.E0,-7.075E0));
#4461=VERTEX_POINT('',#4460);
#4462=CARTESIAN_POINT('',(1.425E0,0.E0,6.86875E0));
#4463=CARTESIAN_POINT('',(1.425E0,0.E0,-6.86875E0));
#4464=VERTEX_POINT('',#4462);
#4465=VERTEX_POINT('',#4463);
#4466=CARTESIAN_POINT('',(-1.5E0,0.E0,0.E0));
#4467=DIRECTION('',(-1.E0,0.E0,0.E0));
#4468=DIRECTION('',(0.E0,0.E0,1.E0));
#4469=AXIS2_PLACEMENT_3D('',#4466,#4467,#4468);
#4470=CYLINDRICAL_SURFACE('',#4469,6.86875E0);
#4472=ORIENTED_EDGE('',*,*,#4471,.T.);
#4474=ORIENTED_EDGE('',*,*,#4473,.F.);
#4476=ORIENTED_EDGE('',*,*,#4475,.F.);
#4478=ORIENTED_EDGE('',*,*,#4477,.F.);
#4479=EDGE_LOOP('',(#4472,#4474,#4476,#4478));
#4480=FACE_OUTER_BOUND('',#4479,.F.);
#4481=ADVANCED_FACE('',(#4480),#4470,.F.);
#4482=CARTESIAN_POINT('',(-1.5E0,0.E0,0.E0));
#4483=DIRECTION('',(-1.E0,0.E0,0.E0));
#4484=DIRECTION('',(0.E0,0.E0,1.E0));
#4485=AXIS2_PLACEMENT_3D('',#4482,#4483,#4484);
#4486=CYLINDRICAL_SURFACE('',#4485,6.86875E0);
#4488=ORIENTED_EDGE('',*,*,#4487,.F.);
#4489=ORIENTED_EDGE('',*,*,#4475,.T.);
#4491=ORIENTED_EDGE('',*,*,#4490,.F.);
#4492=ORIENTED_EDGE('',*,*,#4471,.F.);
#4493=EDGE_LOOP('',(#4488,#4489,#4491,#4492));
#4494=FACE_OUTER_BOUND('',#4493,.F.);
#4495=ADVANCED_FACE('',(#4494),#4486,.F.);
#4496=CARTESIAN_POINT('',(0.E0,0.E0,0.E0));
#4497=DIRECTION('',(-1.E0,0.E0,0.E0));
#4498=DIRECTION('',(0.E0,0.E0,1.E0));
#4499=AXIS2_PLACEMENT_3D('',#4496,#4497,#4498);
#4500=TOROIDAL_SURFACE('',#4499,6.25E0,8.25E-1);
#4502=ORIENTED_EDGE('',*,*,#4501,.T.);
#4504=ORIENTED_EDGE('',*,*,#4503,.T.);
#4506=ORIENTED_EDGE('',*,*,#4505,.T.);
#4507=ORIENTED_EDGE('',*,*,#4487,.T.);
#4509=ORIENTED_EDGE('',*,*,#4508,.F.);
#4511=ORIENTED_EDGE('',*,*,#4510,.F.);
#4512=EDGE_LOOP('',(#4502,#4504,#4506,#4507,#4509,#4511));
#4513=FACE_OUTER_BOUND('',#4512,.F.);
#4514=ADVANCED_FACE('',(#4513),#4500,.F.);
#4515=CARTESIAN_POINT('',(-1.5E0,0.E0,0.E0));
#4516=DIRECTION('',(-1.E0,0.E0,0.E0));
#4517=DIRECTION('',(0.E0,0.E0,1.E0));
#4518=AXIS2_PLACEMENT_3D('',#4515,#4516,#4517);
#4519=CYLINDRICAL_SURFACE('',#4518,6.86875E0);
#4521=ORIENTED_EDGE('',*,*,#4520,.F.);
#4523=ORIENTED_EDGE('',*,*,#4522,.T.);
#4524=ORIENTED_EDGE('',*,*,#4501,.F.);
#4526=ORIENTED_EDGE('',*,*,#4525,.F.);
#4527=EDGE_LOOP('',(#4521,#4523,#4524,#4526));
#4528=FACE_OUTER_BOUND('',#4527,.F.);
#4529=ADVANCED_FACE('',(#4528),#4519,.F.);
#4530=CARTESIAN_POINT('',(1.425E0,0.E0,0.E0));
#4531=DIRECTION('',(-1.E0,0.E0,0.E0));
#4532=DIRECTION('',(0.E0,0.E0,1.E0));
#4533=AXIS2_PLACEMENT_3D('',#4530,#4531,#4532);
#4534=TOROIDAL_SURFACE('',#4533,6.94375E0,7.5E-2);
#4536=ORIENTED_EDGE('',*,*,#4535,.T.);
#4538=ORIENTED_EDGE('',*,*,#4537,.F.);
#4540=ORIENTED_EDGE('',*,*,#4539,.F.);
#4541=ORIENTED_EDGE('',*,*,#4520,.T.);
#4542=EDGE_LOOP('',(#4536,#4538,#4540,#4541));
#4543=FACE_OUTER_BOUND('',#4542,.F.);
#4544=ADVANCED_FACE('',(#4543),#4534,.T.);
#4545=CARTESIAN_POINT('',(1.425E0,0.E0,0.E0));
#4546=DIRECTION('',(-1.E0,0.E0,0.E0));
#4547=DIRECTION('',(0.E0,0.E0,1.E0));
#4548=AXIS2_PLACEMENT_3D('',#4545,#4546,#4547);
#4549=TOROIDAL_SURFACE('',#4548,6.94375E0,7.5E-2);
#4551=ORIENTED_EDGE('',*,*,#4550,.T.);
#4552=ORIENTED_EDGE('',*,*,#4539,.T.);
#4554=ORIENTED_EDGE('',*,*,#4553,.F.);
#4555=ORIENTED_EDGE('',*,*,#4535,.F.);
#4556=EDGE_LOOP('',(#4551,#4552,#4554,#4555));
#4557=FACE_OUTER_BOUND('',#4556,.F.);
#4558=ADVANCED_FACE('',(#4557),#4549,.T.);
#4559=CARTESIAN_POINT('',(-1.5E0,0.E0,0.E0));
#4560=DIRECTION('',(-1.E0,0.E0,0.E0));
#4561=DIRECTION('',(0.E0,0.E0,1.E0));
#4562=AXIS2_PLACEMENT_3D('',#4559,#4560,#4561);
#4563=CYLINDRICAL_SURFACE('',#4562,6.86875E0);
#4564=ORIENTED_EDGE('',*,*,#4525,.T.);
#4566=ORIENTED_EDGE('',*,*,#4565,.F.);
#4567=ORIENTED_EDGE('',*,*,#4522,.F.);
#4568=ORIENTED_EDGE('',*,*,#4550,.F.);
#4569=EDGE_LOOP('',(#4564,#4566,#4567,#4568));
#4570=FACE_OUTER_BOUND('',#4569,.F.);
#4571=ADVANCED_FACE('',(#4570),#4563,.F.);
#4572=CARTESIAN_POINT('',(0.E0,0.E0,0.E0));
#4573=DIRECTION('',(-1.E0,0.E0,0.E0));
#4574=DIRECTION('',(0.E0,0.E0,1.E0));
#4575=AXIS2_PLACEMENT_3D('',#4572,#4573,#4574);
#4576=TOROIDAL_SURFACE('',#4575,6.25E0,8.25E-1);
#4577=ORIENTED_EDGE('',*,*,#4508,.T.);
#4578=ORIENTED_EDGE('',*,*,#4477,.T.);
#4579=ORIENTED_EDGE('',*,*,#4505,.F.);
#4580=ORIENTED_EDGE('',*,*,#4503,.F.);
#4581=ORIENTED_EDGE('',*,*,#4565,.T.);
#4582=ORIENTED_EDGE('',*,*,#4510,.T.);
#4583=EDGE_LOOP('',(#4577,#4578,#4579,#4580,#4581,#4582));
#4584=FACE_OUTER_BOUND('',#4583,.F.);
#4585=ADVANCED_FACE('',(#4584),#4576,.F.);
#4586=CARTESIAN_POINT('',(1.5E0,6.94375E0,0.E0));
#4587=DIRECTION('',(-1.E0,0.E0,0.E0));
#4588=DIRECTION('',(0.E0,0.E0,1.E0));
#4589=AXIS2_PLACEMENT_3D('',#4586,#4587,#4588);
#4590=PLANE('',#4589);
#4592=ORIENTED_EDGE('',*,*,#4591,.T.);
#4594=ORIENTED_EDGE('',*,*,#4593,.T.);
#4595=EDGE_LOOP('',(#4592,#4594));
#4596=FACE_OUTER_BOUND('',#4595,.F.);
#4597=ORIENTED_EDGE('',*,*,#4553,.T.);
#4598=ORIENTED_EDGE('',*,*,#4537,.T.);
#4599=EDGE_LOOP('',(#4597,#4598));
#4600=FACE_BOUND('',#4599,.F.);
#4601=ADVANCED_FACE('',(#4596,#4600),#4590,.F.);
#4602=CARTESIAN_POINT('',(1.35E0,0.E0,0.E0));
#4603=DIRECTION('',(-1.E0,0.E0,0.E0));
#4604=DIRECTION('',(0.E0,0.E0,1.E0));
#4605=AXIS2_PLACEMENT_3D('',#4602,#4603,#4604);
#4606=TOROIDAL_SURFACE('',#4605,7.35E0,1.5E-1);
#4607=ORIENTED_EDGE('',*,*,#4591,.F.);
#4609=ORIENTED_EDGE('',*,*,#4608,.T.);
#4611=ORIENTED_EDGE('',*,*,#4610,.T.);
#4613=ORIENTED_EDGE('',*,*,#4612,.F.);
#4614=EDGE_LOOP('',(#4607,#4609,#4611,#4613));
#4615=FACE_OUTER_BOUND('',#4614,.F.);
#4616=ADVANCED_FACE('',(#4615),#4606,.T.);
#4617=CARTESIAN_POINT('',(1.35E0,0.E0,0.E0));
#4618=DIRECTION('',(-1.E0,0.E0,0.E0));
#4619=DIRECTION('',(0.E0,0.E0,1.E0));
#4620=AXIS2_PLACEMENT_3D('',#4617,#4618,#4619);
#4621=TOROIDAL_SURFACE('',#4620,7.35E0,1.5E-1);
#4622=ORIENTED_EDGE('',*,*,#4612,.T.);
#4624=ORIENTED_EDGE('',*,*,#4623,.T.);
#4625=ORIENTED_EDGE('',*,*,#4608,.F.);
#4626=ORIENTED_EDGE('',*,*,#4593,.F.);
#4627=EDGE_LOOP('',(#4622,#4624,#4625,#4626));
#4628=FACE_OUTER_BOUND('',#4627,.F.);
#4629=ADVANCED_FACE('',(#4628),#4621,.T.);
#4630=CARTESIAN_POINT('',(-1.5E0,0.E0,0.E0));
#4631=DIRECTION('',(-1.E0,0.E0,0.E0));
#4632=DIRECTION('',(0.E0,0.E0,1.E0));
#4633=AXIS2_PLACEMENT_3D('',#4630,#4631,#4632);
#4634=CYLINDRICAL_SURFACE('',#4633,7.5E0);
#4636=ORIENTED_EDGE('',*,*,#4635,.T.);
#4638=ORIENTED_EDGE('',*,*,#4637,.F.);
#4640=ORIENTED_EDGE('',*,*,#4639,.F.);
#4641=ORIENTED_EDGE('',*,*,#4623,.F.);
#4642=EDGE_LOOP('',(#4636,#4638,#4640,#4641));
#4643=FACE_OUTER_BOUND('',#4642,.F.);
#4644=ADVANCED_FACE('',(#4643),#4634,.T.);
#4645=CARTESIAN_POINT('',(-1.5E0,0.E0,0.E0));
#4646=DIRECTION('',(-1.E0,0.E0,0.E0));
#4647=DIRECTION('',(0.E0,0.E0,1.E0));
#4648=AXIS2_PLACEMENT_3D('',#4645,#4646,#4647);
#4649=CYLINDRICAL_SURFACE('',#4648,7.5E0);
#4650=ORIENTED_EDGE('',*,*,#4610,.F.);
#4651=ORIENTED_EDGE('',*,*,#4639,.T.);
#4653=ORIENTED_EDGE('',*,*,#4652,.F.);
#4654=ORIENTED_EDGE('',*,*,#4635,.F.);
#4655=EDGE_LOOP('',(#4650,#4651,#4653,#4654));
#4656=FACE_OUTER_BOUND('',#4655,.F.);
#4657=ADVANCED_FACE('',(#4656),#4649,.T.);
#4658=CARTESIAN_POINT('',(-1.35E0,0.E0,0.E0));
#4659=DIRECTION('',(-1.E0,0.E0,0.E0));
#4660=DIRECTION('',(0.E0,0.E0,1.E0));
#4661=AXIS2_PLACEMENT_3D('',#4658,#4659,#4660);
#4662=TOROIDAL_SURFACE('',#4661,7.35E0,1.5E-1);
#4663=ORIENTED_EDGE('',*,*,#4652,.T.);
#4665=ORIENTED_EDGE('',*,*,#4664,.T.);
#4667=ORIENTED_EDGE('',*,*,#4666,.F.);
#4669=ORIENTED_EDGE('',*,*,#4668,.F.);
#4670=EDGE_LOOP('',(#4663,#4665,#4667,#4669));
#4671=FACE_OUTER_BOUND('',#4670,.F.);
#4672=ADVANCED_FACE('',(#4671),#4662,.T.);
#4673=CARTESIAN_POINT('',(-1.35E0,0.E0,0.E0));
#4674=DIRECTION('',(-1.E0,0.E0,0.E0));
#4675=DIRECTION('',(0.E0,0.E0,1.E0));
#4676=AXIS2_PLACEMENT_3D('',#4673,#4674,#4675);
#4677=TOROIDAL_SURFACE('',#4676,7.35E0,1.5E-1);
#4678=ORIENTED_EDGE('',*,*,#4668,.T.);
#4680=ORIENTED_EDGE('',*,*,#4679,.F.);
#4681=ORIENTED_EDGE('',*,*,#4664,.F.);
#4682=ORIENTED_EDGE('',*,*,#4637,.T.);
#4683=EDGE_LOOP('',(#4678,#4680,#4681,#4682));
#4684=FACE_OUTER_BOUND('',#4683,.F.);
#4685=ADVANCED_FACE('',(#4684),#4677,.T.);
#4686=CARTESIAN_POINT('',(-1.5E0,6.94375E0,0.E0));
#4687=DIRECTION('',(1.E0,0.E0,0.E0));
#4688=DIRECTION('',(0.E0,0.E0,-1.E0));
#4689=AXIS2_PLACEMENT_3D('',#4686,#4687,#4688);
#4690=PLANE('',#4689);
#4691=ORIENTED_EDGE('',*,*,#4666,.T.);
#4692=ORIENTED_EDGE('',*,*,#4679,.T.);
#4693=EDGE_LOOP('',(#4691,#4692));
#4694=FACE_OUTER_BOUND('',#4693,.F.);
#4696=ORIENTED_EDGE('',*,*,#4695,.T.);
#4698=ORIENTED_EDGE('',*,*,#4697,.T.);
#4699=EDGE_LOOP('',(#4696,#4698));
#4700=FACE_BOUND('',#4699,.F.);
#4701=ADVANCED_FACE('',(#4694,#4700),#4690,.F.);
#4702=CARTESIAN_POINT('',(-1.425E0,0.E0,0.E0));
#4703=DIRECTION('',(-1.E0,0.E0,0.E0));
#4704=DIRECTION('',(0.E0,0.E0,1.E0));
#4705=AXIS2_PLACEMENT_3D('',#4702,#4703,#4704);
#4706=TOROIDAL_SURFACE('',#4705,6.94375E0,7.5E-2);
#4707=ORIENTED_EDGE('',*,*,#4695,.F.);
#4709=ORIENTED_EDGE('',*,*,#4708,.T.);
#4710=ORIENTED_EDGE('',*,*,#4473,.T.);
#4712=ORIENTED_EDGE('',*,*,#4711,.F.);
#4713=EDGE_LOOP('',(#4707,#4709,#4710,#4712));
#4714=FACE_OUTER_BOUND('',#4713,.F.);
#4715=ADVANCED_FACE('',(#4714),#4706,.T.);
#4716=CARTESIAN_POINT('',(-1.425E0,0.E0,0.E0));
#4717=DIRECTION('',(-1.E0,0.E0,0.E0));
#4718=DIRECTION('',(0.E0,0.E0,1.E0));
#4719=AXIS2_PLACEMENT_3D('',#4716,#4717,#4718);
#4720=TOROIDAL_SURFACE('',#4719,6.94375E0,7.5E-2);
#4721=ORIENTED_EDGE('',*,*,#4711,.T.);
#4722=ORIENTED_EDGE('',*,*,#4490,.T.);
#4723=ORIENTED_EDGE('',*,*,#4708,.F.);
#4724=ORIENTED_EDGE('',*,*,#4697,.F.);
#4725=EDGE_LOOP('',(#4721,#4722,#4723,#4724));
#4726=FACE_OUTER_BOUND('',#4725,.F.);
#4727=ADVANCED_FACE('',(#4726),#4720,.T.);
#4728=CLOSED_SHELL('',(#4481,#4495,#4514,#4529,#4544,#4558,#4571,#4585,#4601,
#4616,#4629,#4644,#4657,#4672,#4685,#4701,#4715,#4727));
#4729=MANIFOLD_SOLID_BREP('',#4728);
#4731=DIMENSIONAL_EXPONENTS(0.E0,0.E0,0.E0,0.E0,0.E0,0.E0,0.E0);
#4733=PLANE_ANGLE_MEASURE_WITH_UNIT(PLANE_ANGLE_MEASURE(1.745329251994E-2),
#4732);
#4734=(CONVERSION_BASED_UNIT('DEGREE',#4733)NAMED_UNIT(*)PLANE_ANGLE_UNIT());
#4736=UNCERTAINTY_MEASURE_WITH_UNIT(LENGTH_MEASURE(5.E-3),#4730,'closure',
'Maximum model space distance between geometric entities at asserted connectivities');
#4737=(GEOMETRIC_REPRESENTATION_CONTEXT(3)GLOBAL_UNCERTAINTY_ASSIGNED_CONTEXT((
#4736))GLOBAL_UNIT_ASSIGNED_CONTEXT((#4730,#4734,#4735))REPRESENTATION_CONTEXT(
'ID1','3'));
#4739=APPLICATION_CONTEXT(
'CONFIGURATION CONTROLLED 3D DESIGNS OF MECHANICAL PARTS AND ASSEMBLIES');
#4740=APPLICATION_PROTOCOL_DEFINITION('international standard',
'config_control_design',1994,#4739);
#4741=DESIGN_CONTEXT('',#4739,'design');
#4742=MECHANICAL_CONTEXT('',#4739,'mechanical');
#4743=PRODUCT('6700ZZ_-_EA032','6700ZZ_-_EA032','NOT SPECIFIED',(#4742));
#4744=PRODUCT_DEFINITION_FORMATION_WITH_SPECIFIED_SOURCE('1','LAST_VERSION',
#4743,.MADE.);
#4748=PRODUCT_CATEGORY('part','');
#4749=PRODUCT_RELATED_PRODUCT_CATEGORY('detail','',(#4743));
#4750=PRODUCT_CATEGORY_RELATIONSHIP('','',#4748,#4749);
#4751=SECURITY_CLASSIFICATION_LEVEL('unclassified');
#4752=SECURITY_CLASSIFICATION('','',#4751);
#4753=CC_DESIGN_SECURITY_CLASSIFICATION(#4752,(#4744));
#4754=APPROVAL_STATUS('approved');
#4755=APPROVAL(#4754,'');
#4756=CC_DESIGN_APPROVAL(#4755,(#4752,#4744,#4745));
#4757=CALENDAR_DATE(125,19,12);
#4758=COORDINATED_UNIVERSAL_TIME_OFFSET(8,0,.AHEAD.);
#4759=LOCAL_TIME(11,25,3.4E1,#4758);
#4760=DATE_AND_TIME(#4757,#4759);
#4761=APPROVAL_DATE_TIME(#4760,#4755);
#4762=DATE_TIME_ROLE('creation_date');
#4763=CC_DESIGN_DATE_AND_TIME_ASSIGNMENT(#4760,#4762,(#4745));
#4764=DATE_TIME_ROLE('classification_date');
#4765=CC_DESIGN_DATE_AND_TIME_ASSIGNMENT(#4760,#4764,(#4752));
#4766=PERSON('UNSPECIFIED','UNSPECIFIED',$,$,$,$);
#4767=ORGANIZATION('UNSPECIFIED','UNSPECIFIED','UNSPECIFIED');
#4768=PERSON_AND_ORGANIZATION(#4766,#4767);
#4769=APPROVAL_ROLE('approver');
#4770=APPROVAL_PERSON_ORGANIZATION(#4768,#4755,#4769);
#4771=PERSON_AND_ORGANIZATION_ROLE('creator');
#4772=CC_DESIGN_PERSON_AND_ORGANIZATION_ASSIGNMENT(#4768,#4771,(#4744,#4745));
#4773=PERSON_AND_ORGANIZATION_ROLE('design_supplier');
#4774=CC_DESIGN_PERSON_AND_ORGANIZATION_ASSIGNMENT(#4768,#4773,(#4744));
#4775=PERSON_AND_ORGANIZATION_ROLE('classification_officer');
#4776=CC_DESIGN_PERSON_AND_ORGANIZATION_ASSIGNMENT(#4768,#4775,(#4752));
#4777=PERSON_AND_ORGANIZATION_ROLE('design_owner');
#4778=CC_DESIGN_PERSON_AND_ORGANIZATION_ASSIGNMENT(#4768,#4777,(#4743));
#1=DRAUGHTING_PRE_DEFINED_COLOUR('black');
#2=COLOUR_RGB('',0.E0,0.E0,4.7E-1);
#3=COLOUR_RGB('',0.E0,0.E0,6.E-1);
#4=COLOUR_RGB('',0.E0,0.E0,8.E-1);
#5=COLOUR_RGB('',0.E0,2.745098039216E-2,7.019607843137E-1);
#6=COLOUR_RGB('',0.E0,3.137254901961E-2,3.411764705882E-1);
#7=COLOUR_RGB('',0.E0,2.E-1,1.E0);
#8=COLOUR_RGB('',0.E0,3.3E-1,0.E0);
#9=COLOUR_RGB('',0.E0,3.3E-1,3.3E-1);
#10=COLOUR_RGB('',0.E0,4.E-1,0.E0);
#11=COLOUR_RGB('',0.E0,4.E-1,4.E-1);
#12=COLOUR_RGB('',0.E0,4.E-1,1.E0);
#13=COLOUR_RGB('',0.E0,5.019607843137E-1,5.019607843137E-1);
#14=COLOUR_RGB('',0.E0,6.E-1,0.E0);
#15=COLOUR_RGB('',0.E0,6.E-1,6.E-1);
#16=COLOUR_RGB('',0.E0,6.E-1,1.E0);
#17=COLOUR_RGB('',0.E0,8.E-1,0.E0);
#18=COLOUR_RGB('',0.E0,8.E-1,8.E-1);
#19=COLOUR_RGB('',0.E0,8.E-1,1.E0);
#20=COLOUR_RGB('',0.E0,9.3E-1,0.E0);
#21=COLOUR_RGB('',0.E0,9.3E-1,9.3E-1);
#22=DRAUGHTING_PRE_DEFINED_COLOUR('green');
#23=COLOUR_RGB('',0.E0,1.E0,2.E-1);
#24=COLOUR_RGB('',0.E0,1.E0,4.E-1);
#25=COLOUR_RGB('',0.E0,1.E0,6.E-1);
#26=COLOUR_RGB('',0.E0,1.E0,8.E-1);
#27=DRAUGHTING_PRE_DEFINED_COLOUR('cyan');
#28=COLOUR_RGB('',3.1E-2,2.E-1,6.27E-1);
#29=COLOUR_RGB('',3.529411764706E-2,5.137254901961E-1,1.725490196078E-1);
#30=COLOUR_RGB('',6.6667E-2,5.17647E-1,6.39216E-1);
#31=COLOUR_RGB('',7.E-2,7.E-2,1.E0);
#32=COLOUR_RGB('',7.E-2,6.E-1,3.E-1);
#33=COLOUR_RGB('',8.E-2,1.E-1,1.1E-1);
#34=COLOUR_RGB('',9.803921568627E-2,9.803921568627E-2,4.392156862745E-1);
#35=COLOUR_RGB('',1.019607843137E-1,6.313725490196E-1,5.019607843137E-1);
#36=COLOUR_RGB('',1.176470588235E-1,5.647058823529E-1,1.E0);
#37=COLOUR_RGB('',1.254901960784E-1,6.980392156863E-1,6.666666666667E-1);
#38=COLOUR_RGB('',1.333333333333E-1,5.450980392157E-1,1.333333333333E-1);
#39=COLOUR_RGB('',1.450980392157E-1,3.529411764706E-2,0.E0);
#40=COLOUR_RGB('',1.686274509804E-1,1.686274509804E-1,1.803921568627E-1);
#41=COLOUR_RGB('',1.803921568627E-1,5.450980392157E-1,3.411764705882E-1);
#42=COLOUR_RGB('',1.9E-1,2.3E-1,3.1E-1);
#43=COLOUR_RGB('',1.960784313725E-1,8.039215686275E-1,1.960784313725E-1);
#44=COLOUR_RGB('',2.E-1,1.E0,0.E0);
#45=COLOUR_RGB('',2.E-1,1.E0,2.E-1);
#46=COLOUR_RGB('',2.E-1,1.E0,1.E0);
#47=COLOUR_RGB('',2.313725490196E-1,3.803921568627E-1,5.607843137255E-1);
#48=COLOUR_RGB('',2.352941176471E-1,7.019607843137E-1,4.431372549020E-1);
#49=COLOUR_RGB('',2.431372549020E-1,8.784313725490E-1,8.156862745098E-1);
#50=COLOUR_RGB('',2.470588235294E-1,5.921568627451E-1,6.313725490196E-1);
#51=COLOUR_RGB('',2.5098E-1,2.35294E-1,8.62745E-1);
#52=COLOUR_RGB('',2.549019607843E-1,4.117647058824E-1,1.E0);
#53=COLOUR_RGB('',2.58824E-1,7.80392E-1,8.86275E-1);
#54=COLOUR_RGB('',2.7E-1,0.E0,4.E-1);
#55=COLOUR_RGB('',2.7E-1,2.7E-1,0.E0);
#56=COLOUR_RGB('',2.7E-1,2.7E-1,1.E0);
#57=COLOUR_RGB('',2.745098039216E-1,5.098039215686E-1,7.058823529412E-1);
#58=COLOUR_RGB('',2.784313725490E-1,2.784313725490E-1,2.784313725490E-1);
#59=COLOUR_RGB('',2.823529411765E-1,2.392156862745E-1,5.450980392157E-1);
#60=COLOUR_RGB('',3.13725E-1,4.70588E-1,1.96078E-1);
#61=COLOUR_RGB('',3.2549E-1,4.98039E-1,9.84314E-1);
#62=COLOUR_RGB('',3.254901960784E-1,5.764705882353E-1,8.117647058824E-1);
#63=COLOUR_RGB('',3.3E-1,0.E0,0.E0);
#64=COLOUR_RGB('',3.3E-1,0.E0,3.3E-1);
#65=COLOUR_RGB('',3.3E-1,0.E0,5.3E-1);
#66=COLOUR_RGB('',3.450980392157E-1,3.647058823529E-1,3.725490196078E-1);
#67=COLOUR_RGB('',3.725490196078E-1,6.196078431373E-1,6.274509803922E-1);
#68=COLOUR_RGB('',3.803921568627E-1,4.392156862745E-1,5.960784313725E-1);
#69=COLOUR_RGB('',3.882352941176E-1,4.392156862745E-1,4.901960784314E-1);
#70=COLOUR_RGB('',3.921568627451E-1,5.843137254902E-1,9.294117647059E-1);
#71=COLOUR_RGB('',3.96078E-1,7.13725E-1,1.E0);
#72=COLOUR_RGB('',4.E-1,0.E0,4.E-1);
#73=COLOUR_RGB('',4.E-1,0.E0,6.7E-1);
#74=COLOUR_RGB('',4.E-1,1.3E-1,0.E0);
#75=COLOUR_RGB('',4.E-1,4.E-1,0.E0);
#76=COLOUR_RGB('',4.E-1,4.E-1,1.E0);
#77=COLOUR_RGB('',4.E-1,8.039215686275E-1,6.666666666667E-1);
#78=COLOUR_RGB('',4.E-1,1.E0,0.E0);
#79=COLOUR_RGB('',4.E-1,1.E0,4.E-1);
#80=COLOUR_RGB('',4.E-1,1.E0,1.E0);
#81=COLOUR_RGB('',4.156862745098E-1,3.529411764706E-1,8.039215686275E-1);
#82=COLOUR_RGB('',4.196078431373E-1,5.568627450980E-1,1.372549019608E-1);
#83=COLOUR_RGB('',4.666666666667E-1,5.333333333333E-1,6.E-1);
#84=COLOUR_RGB('',4.7E-1,0.E0,0.E0);
#85=COLOUR_RGB('',4.7E-1,0.E0,8.E-1);
#86=COLOUR_RGB('',4.7E-1,2.E-1,7.E-2);
#87=COLOUR_RGB('',4.823529411765E-1,4.078431372549E-1,9.333333333333E-1);
#88=COLOUR_RGB('',4.980392156863E-1,1.E0,8.313725490196E-1);
#89=COLOUR_RGB('',5.019607843137E-1,0.E0,5.019607843137E-1);
#90=COLOUR_RGB('',5.019607843137E-1,5.019607843137E-1,0.E0);
#91=COLOUR_RGB('',5.01961E-1,5.01961E-1,5.01961E-1);
#92=COLOUR_RGB('',5.098039215686E-1,3.960784313725E-1,1.058823529412E-1);
#93=COLOUR_RGB('',5.3E-1,0.E0,9.3E-1);
#94=COLOUR_RGB('',5.3E-1,2.7E-1,1.3E-1);
#95=COLOUR_RGB('',5.3E-1,5.3E-1,1.E0);
#96=COLOUR_RGB('',5.294117647059E-1,8.078431372549E-1,9.215686274510E-1);
#97=COLOUR_RGB('',5.411764705882E-1,1.686274509804E-1,8.862745098039E-1);
#98=COLOUR_RGB('',5.5E-1,6.5E-1,7.3E-1);
#99=COLOUR_RGB('',5.607843137255E-1,7.372549019608E-1,5.607843137255E-1);
#100=COLOUR_RGB('',5.68627E-1,9.37255E-1,9.37255E-1);
#101=COLOUR_RGB('',5.725490196078E-1,6.117647058824E-1,6.313725490196E-1);
#102=COLOUR_RGB('',5.764705882353E-1,4.392156862745E-1,8.588235294118E-1);
#103=COLOUR_RGB('',5.803921568627E-1,0.E0,8.274509803922E-1);
#104=COLOUR_RGB('',5.88235E-1,2.35294E-1,1.56863E-1);
#105=COLOUR_RGB('',6.E-1,0.E0,6.E-1);
#106=COLOUR_RGB('',6.E-1,1.960784313725E-1,8.E-1);
#107=COLOUR_RGB('',6.E-1,2.E-1,1.E0);
#108=COLOUR_RGB('',6.E-1,3.3E-1,2.E-1);
#109=COLOUR_RGB('',6.E-1,6.E-1,0.E0);
#110=COLOUR_RGB('',6.E-1,1.E0,6.E-1);
#111=COLOUR_RGB('',6.E-1,1.E0,1.E0);
#112=COLOUR_RGB('',6.27451E-1,4.70588E-1,3.52941E-1);
#113=COLOUR_RGB('',6.627450980392E-1,6.627450980392E-1,6.627450980392E-1);
#114=COLOUR_RGB('',6.66667E-1,8.23529E-1,1.96078E-1);
#115=COLOUR_RGB('',6.66667E-1,8.23529E-1,5.88235E-1);
#116=COLOUR_RGB('',6.7E-1,0.E0,0.E0);
#117=COLOUR_RGB('',6.7E-1,4.E-1,2.7E-1);
#118=COLOUR_RGB('',6.7E-1,4.E-1,1.E0);
#119=COLOUR_RGB('',6.7E-1,6.7E-1,1.E0);
#120=COLOUR_RGB('',6.7E-1,1.E0,0.E0);
#121=COLOUR_RGB('',6.784313725490E-1,8.117647058824E-1,1.E0);
#122=COLOUR_RGB('',6.784313725490E-1,8.470588235294E-1,9.019607843137E-1);
#123=COLOUR_RGB('',6.784313725490E-1,1.E0,1.843137254902E-1);
#124=COLOUR_RGB('',6.862745098039E-1,6.823529411765E-1,7.607843137255E-1);
#125=COLOUR_RGB('',6.980392156863E-1,1.333333333333E-1,1.333333333333E-1);
#126=COLOUR_RGB('',7.17647E-1,1.68627E-1,4.43137E-1);
#127=COLOUR_RGB('',7.215686274510E-1,5.254901960784E-1,4.313725490196E-2);
#128=COLOUR_RGB('',7.294117647059E-1,2.705882352941E-1,1.E0);
#129=COLOUR_RGB('',7.294117647059E-1,3.333333333333E-1,8.274509803922E-1);
#130=COLOUR_RGB('',7.294117647059E-1,4.E-1,0.E0);
#131=COLOUR_RGB('',7.3E-1,4.7E-1,3.3E-1);
#132=COLOUR_RGB('',7.372549019608E-1,5.607843137255E-1,5.607843137255E-1);
#133=COLOUR_RGB('',7.411764705882E-1,7.176470588235E-1,4.196078431373E-1);
#134=COLOUR_RGB('',7.803921568627E-1,8.235294117647E-2,5.215686274510E-1);
#135=COLOUR_RGB('',8.E-1,0.E0,8.E-1);
#136=COLOUR_RGB('',8.E-1,5.3E-1,4.E-1);
#137=COLOUR_RGB('',8.E-1,6.E-1,1.E0);
#138=COLOUR_RGB('',8.E-1,8.E-1,0.E0);
#139=COLOUR_RGB('',8.E-1,8.E-1,1.E0);
#140=COLOUR_RGB('',8.E-1,1.E0,8.E-1);
#141=COLOUR_RGB('',8.E-1,1.E0,1.E0);
#142=COLOUR_RGB('',8.039215686275E-1,3.607843137255E-1,3.607843137255E-1);
#143=COLOUR_RGB('',8.03922E-1,5.88235E-1,1.96078E-1);
#144=COLOUR_RGB('',8.196078431373E-1,7.098039215686E-1,5.490196078431E-2);
#145=COLOUR_RGB('',8.235294117647E-1,4.117647058824E-1,1.176470588235E-1);
#146=COLOUR_RGB('',8.235294117647E-1,7.058823529412E-1,5.490196078431E-1);
#147=COLOUR_RGB('',8.274509803922E-1,8.274509803922E-1,8.274509803922E-1);
#148=COLOUR_RGB('',8.392156862745E-1,8.E-1,7.137254901961E-1);
#149=COLOUR_RGB('',8.431372549020E-1,8.980392156863E-1,9.333333333333E-1);
#150=COLOUR_RGB('',8.549019607843E-1,6.470588235294E-1,1.254901960784E-1);
#151=COLOUR_RGB('',8.588235294118E-1,4.392156862745E-1,5.764705882353E-1);
#152=COLOUR_RGB('',8.627450980392E-1,7.843137254902E-2,2.352941176471E-1);
#153=COLOUR_RGB('',8.666666666667E-1,6.274509803922E-1,8.666666666667E-1);
#154=COLOUR_RGB('',8.7E-1,0.E0,0.E0);
#155=COLOUR_RGB('',8.7E-1,6.E-1,4.7E-1);
#156=COLOUR_RGB('',8.98039E-1,6.07843E-1,1.E0);
#157=COLOUR_RGB('',9.E-1,8.3E-1,1.2E-1);
#158=COLOUR_RGB('',9.09804E-1,3.68627E-1,8.19608E-1);
#159=COLOUR_RGB('',9.3E-1,0.E0,9.3E-1);
#160=COLOUR_RGB('',9.3E-1,6.7E-1,5.3E-1);
#161=COLOUR_RGB('',9.3E-1,8.E-1,1.E0);
#162=COLOUR_RGB('',9.3E-1,9.3E-1,0.E0);
#163=COLOUR_RGB('',9.3E-1,1.E0,9.3E-1);
#164=COLOUR_RGB('',9.3E-1,1.E0,1.E0);
#165=COLOUR_RGB('',9.333333333333E-1,5.098039215686E-1,9.333333333333E-1);
#166=COLOUR_RGB('',9.333333333333E-1,9.098039215686E-1,6.666666666667E-1);
#167=COLOUR_RGB('',9.411764705882E-1,9.019607843137E-1,5.490196078431E-1);
#168=COLOUR_RGB('',9.568627450980E-1,6.431372549020E-1,3.764705882353E-1);
#169=DRAUGHTING_PRE_DEFINED_COLOUR('red');
#170=COLOUR_RGB('',1.E0,0.E0,2.705882352941E-1);
#171=COLOUR_RGB('',1.E0,0.E0,4.705882352941E-1);
#172=COLOUR_RGB('',1.E0,0.E0,7.803921568627E-1);
#173=DRAUGHTING_PRE_DEFINED_COLOUR('magenta');
#174=COLOUR_RGB('',1.E0,3.1E-2,3.1E-2);
#175=COLOUR_RGB('',1.E0,7.E-2,7.E-2);
#176=COLOUR_RGB('',1.E0,7.843137254902E-2,5.764705882353E-1);
#177=COLOUR_RGB('',1.E0,2.E-1,1.E0);
#178=COLOUR_RGB('',1.E0,2.7E-1,0.E0);
#179=COLOUR_RGB('',1.E0,2.7E-1,2.7E-1);
#180=COLOUR_RGB('',1.E0,3.882352941176E-1,2.784313725490E-1);
#181=COLOUR_RGB('',1.E0,4.E-1,1.E0);
#182=COLOUR_RGB('',1.E0,4.117647058824E-1,7.058823529412E-1);
#183=COLOUR_RGB('',1.E0,4.7E-1,0.E0);
#184=COLOUR_RGB('',1.E0,4.7E-1,4.7E-1);
#185=COLOUR_RGB('',1.E0,4.980392156863E-1,3.137254901961E-1);
#186=COLOUR_RGB('',1.E0,6.E-1,1.E0);
#187=COLOUR_RGB('',1.E0,6.7E-1,0.E0);
#188=COLOUR_RGB('',1.E0,6.7E-1,6.7E-1);
#189=COLOUR_RGB('',1.E0,7.3E-1,6.E-1);
#190=COLOUR_RGB('',1.E0,7.686274509804E-1,5.882352941176E-2);
#191=COLOUR_RGB('',1.E0,8.E-1,8.E-1);
#192=COLOUR_RGB('',1.E0,8.E-1,1.E0);
#193=COLOUR_RGB('',1.E0,8.7E-1,0.E0);
#194=COLOUR_RGB('',1.E0,9.215686274510E-1,8.039215686275E-1);
#195=COLOUR_RGB('',1.E0,9.3E-1,9.3E-1);
#196=COLOUR_RGB('',1.E0,9.3E-1,1.E0);
#197=DRAUGHTING_PRE_DEFINED_COLOUR('yellow');
#198=COLOUR_RGB('',1.E0,1.E0,1.3E-1);
#199=COLOUR_RGB('',1.E0,1.E0,3.3E-1);
#200=COLOUR_RGB('',1.E0,1.E0,5.3E-1);
#201=COLOUR_RGB('',1.E0,1.E0,7.3E-1);
#202=COLOUR_RGB('',1.E0,1.E0,9.3E-1);
#203=DRAUGHTING_PRE_DEFINED_COLOUR('white');
#221=B_SPLINE_CURVE_WITH_KNOTS('',3,(#204,#205,#206,#207,#208,#209,#210,#211,
#212,#213,#214,#215,#216,#217,#218,#219,#220),.UNSPECIFIED.,.F.,.F.,(4,1,1,1,1,
1,1,1,1,1,1,1,1,1,4),(0.E0,7.142857142857E-2,1.428571428571E-1,
2.142857142857E-1,2.857142857143E-1,3.571428571429E-1,4.285714285714E-1,5.E-1,
5.714285714286E-1,6.428571428571E-1,7.142857142857E-1,7.857142857143E-1,
8.571428571429E-1,9.285714285714E-1,1.E0),.UNSPECIFIED.);
#226=CIRCLE('',#225,9.075E-1);
#231=CIRCLE('',#230,9.075E-1);
#252=CIRCLE('',#251,1.253571428572E-1);
#257=CIRCLE('',#256,6.62125E0);
#262=CIRCLE('',#261,1.0725E0);
#267=CIRCLE('',#266,6.5284375E0);
#272=CIRCLE('',#271,5.87875E0);
#277=CIRCLE('',#276,1.253571428572E-1);
#282=CIRCLE('',#281,5.9715625E0);
#303=CIRCLE('',#302,1.253571428572E-1);
#308=CIRCLE('',#307,5.9715625E0);
#313=CIRCLE('',#312,5.87875E0);
#318=CIRCLE('',#317,1.0725E0);
#323=CIRCLE('',#322,6.5284375E0);
#328=CIRCLE('',#327,1.253571428572E-1);
#333=CIRCLE('',#332,6.62125E0);
#338=CIRCLE('',#337,9.075E-1);
#343=CIRCLE('',#342,9.075E-1);
#359=B_SPLINE_CURVE_WITH_KNOTS('',3,(#344,#345,#346,#347,#348,#349,#350,#351,
#352,#353,#354,#355,#356,#357,#358),.UNSPECIFIED.,.F.,.F.,(4,1,1,1,1,1,1,1,1,1,
1,1,4),(0.E0,8.333333333333E-2,1.666666666667E-1,2.5E-1,3.333333333333E-1,
4.166666666667E-1,5.E-1,5.833333333333E-1,6.666666666667E-1,7.5E-1,
8.333333333333E-1,9.166666666667E-1,1.E0),.UNSPECIFIED.);
#364=CIRCLE('',#363,9.075E-1);
#380=B_SPLINE_CURVE_WITH_KNOTS('',3,(#365,#366,#367,#368,#369,#370,#371,#372,
#373,#374,#375,#376,#377,#378,#379),.UNSPECIFIED.,.F.,.F.,(4,1,1,1,1,1,1,1,1,1,
1,1,4),(0.E0,8.333333333333E-2,1.666666666667E-1,2.5E-1,3.333333333333E-1,
4.166666666667E-1,5.E-1,5.833333333333E-1,6.666666666667E-1,7.5E-1,
8.333333333333E-1,9.166666666667E-1,1.E0),.UNSPECIFIED.);
#385=CIRCLE('',#384,9.075E-1);
#390=CIRCLE('',#389,9.075E-1);
#395=CIRCLE('',#394,9.075E-1);
#413=B_SPLINE_CURVE_WITH_KNOTS('',3,(#396,#397,#398,#399,#400,#401,#402,#403,
#404,#405,#406,#407,#408,#409,#410,#411,#412),.UNSPECIFIED.,.F.,.F.,(4,1,1,1,1,
1,1,1,1,1,1,1,1,1,4),(0.E0,7.142857142857E-2,1.428571428571E-1,
2.142857142857E-1,2.857142857143E-1,3.571428571429E-1,4.285714285714E-1,5.E-1,
5.714285714286E-1,6.428571428571E-1,7.142857142857E-1,7.857142857143E-1,
8.571428571429E-1,9.285714285714E-1,1.E0),.UNSPECIFIED.);
#431=B_SPLINE_CURVE_WITH_KNOTS('',3,(#414,#415,#416,#417,#418,#419,#420,#421,
#422,#423,#424,#425,#426,#427,#428,#429,#430),.UNSPECIFIED.,.F.,.F.,(4,1,1,1,1,
1,1,1,1,1,1,1,1,1,4),(0.E0,7.142857142857E-2,1.428571428571E-1,
2.142857142857E-1,2.857142857143E-1,3.571428571429E-1,4.285714285714E-1,5.E-1,
5.714285714286E-1,6.428571428571E-1,7.142857142857E-1,7.857142857143E-1,
8.571428571429E-1,9.285714285714E-1,1.E0),.UNSPECIFIED.);
#436=CIRCLE('',#435,9.075E-1);
#441=CIRCLE('',#440,9.075E-1);
#446=CIRCLE('',#445,1.253571428572E-1);
#451=CIRCLE('',#450,5.87875E0);
#456=CIRCLE('',#455,1.253571428572E-1);
#461=CIRCLE('',#460,5.87875E0);
#466=CIRCLE('',#465,1.0725E0);
#471=CIRCLE('',#470,5.9715625E0);
#476=CIRCLE('',#475,6.62125E0);
#481=CIRCLE('',#480,1.253571428572E-1);
#486=CIRCLE('',#485,6.5284375E0);
#491=CIRCLE('',#490,1.253571428572E-1);
#496=CIRCLE('',#495,6.5284375E0);
#501=CIRCLE('',#500,6.62125E0);
#506=CIRCLE('',#505,1.0725E0);
#511=CIRCLE('',#510,5.9715625E0);
#516=CIRCLE('',#515,9.075E-1);
#532=B_SPLINE_CURVE_WITH_KNOTS('',3,(#517,#518,#519,#520,#521,#522,#523,#524,
#525,#526,#527,#528,#529,#530,#531),.UNSPECIFIED.,.F.,.F.,(4,1,1,1,1,1,1,1,1,1,
1,1,4),(0.E0,8.333333333333E-2,1.666666666667E-1,2.5E-1,3.333333333333E-1,
4.166666666667E-1,5.E-1,5.833333333333E-1,6.666666666667E-1,7.5E-1,
8.333333333333E-1,9.166666666667E-1,1.E0),.UNSPECIFIED.);
#537=CIRCLE('',#536,9.075E-1);
#542=CIRCLE('',#541,9.075E-1);
#547=CIRCLE('',#546,9.075E-1);
#563=B_SPLINE_CURVE_WITH_KNOTS('',3,(#548,#549,#550,#551,#552,#553,#554,#555,
#556,#557,#558,#559,#560,#561,#562),.UNSPECIFIED.,.F.,.F.,(4,1,1,1,1,1,1,1,1,1,
1,1,4),(0.E0,8.333333333333E-2,1.666666666667E-1,2.5E-1,3.333333333333E-1,
4.166666666667E-1,5.E-1,5.833333333333E-1,6.666666666667E-1,7.5E-1,
8.333333333333E-1,9.166666666667E-1,1.E0),.UNSPECIFIED.);
#581=B_SPLINE_CURVE_WITH_KNOTS('',3,(#564,#565,#566,#567,#568,#569,#570,#571,
#572,#573,#574,#575,#576,#577,#578,#579,#580),.UNSPECIFIED.,.F.,.F.,(4,1,1,1,1,
1,1,1,1,1,1,1,1,1,4),(0.E0,7.142857142857E-2,1.428571428571E-1,
2.142857142857E-1,2.857142857143E-1,3.571428571429E-1,4.285714285714E-1,5.E-1,
5.714285714286E-1,6.428571428571E-1,7.142857142857E-1,7.857142857143E-1,
8.571428571429E-1,9.285714285714E-1,1.E0),.UNSPECIFIED.);
#586=CIRCLE('',#585,9.075E-1);
#591=CIRCLE('',#590,9.075E-1);
#596=CIRCLE('',#595,9.075E-1);
#601=CIRCLE('',#600,9.075E-1);
#619=B_SPLINE_CURVE_WITH_KNOTS('',3,(#602,#603,#604,#605,#606,#607,#608,#609,
#610,#611,#612,#613,#614,#615,#616,#617,#618),.UNSPECIFIED.,.F.,.F.,(4,1,1,1,1,
1,1,1,1,1,1,1,1,1,4),(0.E0,7.142857142857E-2,1.428571428571E-1,
2.142857142857E-1,2.857142857143E-1,3.571428571429E-1,4.285714285714E-1,5.E-1,
5.714285714286E-1,6.428571428571E-1,7.142857142857E-1,7.857142857143E-1,
8.571428571429E-1,9.285714285714E-1,1.E0),.UNSPECIFIED.);
#624=CIRCLE('',#623,9.075E-1);
#640=B_SPLINE_CURVE_WITH_KNOTS('',3,(#625,#626,#627,#628,#629,#630,#631,#632,
#633,#634,#635,#636,#637,#638,#639),.UNSPECIFIED.,.F.,.F.,(4,1,1,1,1,1,1,1,1,1,
1,1,4),(0.E0,8.333333333333E-2,1.666666666667E-1,2.5E-1,3.333333333333E-1,
4.166666666667E-1,5.E-1,5.833333333333E-1,6.666666666667E-1,7.5E-1,
8.333333333333E-1,9.166666666667E-1,1.E0),.UNSPECIFIED.);
#645=CIRCLE('',#644,9.075E-1);
#650=CIRCLE('',#649,9.075E-1);
#655=CIRCLE('',#654,9.075E-1);
#671=B_SPLINE_CURVE_WITH_KNOTS('',3,(#656,#657,#658,#659,#660,#661,#662,#663,
#664,#665,#666,#667,#668,#669,#670),.UNSPECIFIED.,.F.,.F.,(4,1,1,1,1,1,1,1,1,1,
1,1,4),(0.E0,8.333333333333E-2,1.666666666667E-1,2.5E-1,3.333333333333E-1,
4.166666666667E-1,5.E-1,5.833333333333E-1,6.666666666667E-1,7.5E-1,
8.333333333333E-1,9.166666666667E-1,1.E0),.UNSPECIFIED.);
#689=B_SPLINE_CURVE_WITH_KNOTS('',3,(#672,#673,#674,#675,#676,#677,#678,#679,
#680,#681,#682,#683,#684,#685,#686,#687,#688),.UNSPECIFIED.,.F.,.F.,(4,1,1,1,1,
1,1,1,1,1,1,1,1,1,4),(0.E0,7.142857142857E-2,1.428571428571E-1,
2.142857142857E-1,2.857142857143E-1,3.571428571429E-1,4.285714285714E-1,5.E-1,
5.714285714286E-1,6.428571428571E-1,7.142857142857E-1,7.857142857143E-1,
8.571428571429E-1,9.285714285714E-1,1.E0),.UNSPECIFIED.);
#694=CIRCLE('',#693,9.075E-1);
#699=CIRCLE('',#698,9.075E-1);
#704=CIRCLE('',#703,9.075E-1);
#709=CIRCLE('',#708,9.075E-1);
#727=B_SPLINE_CURVE_WITH_KNOTS('',3,(#710,#711,#712,#713,#714,#715,#716,#717,
#718,#719,#720,#721,#722,#723,#724,#725,#726),.UNSPECIFIED.,.F.,.F.,(4,1,1,1,1,
1,1,1,1,1,1,1,1,1,4),(0.E0,7.142857142857E-2,1.428571428571E-1,
2.142857142857E-1,2.857142857143E-1,3.571428571429E-1,4.285714285714E-1,5.E-1,
5.714285714286E-1,6.428571428571E-1,7.142857142857E-1,7.857142857143E-1,
8.571428571429E-1,9.285714285714E-1,1.E0),.UNSPECIFIED.);
#732=CIRCLE('',#731,9.075E-1);
#748=B_SPLINE_CURVE_WITH_KNOTS('',3,(#733,#734,#735,#736,#737,#738,#739,#740,
#741,#742,#743,#744,#745,#746,#747),.UNSPECIFIED.,.F.,.F.,(4,1,1,1,1,1,1,1,1,1,
1,1,4),(0.E0,8.333333333333E-2,1.666666666667E-1,2.5E-1,3.333333333333E-1,
4.166666666667E-1,5.E-1,5.833333333333E-1,6.666666666667E-1,7.5E-1,
8.333333333333E-1,9.166666666667E-1,1.E0),.UNSPECIFIED.);
#753=CIRCLE('',#752,9.075E-1);
#758=CIRCLE('',#757,9.075E-1);
#763=CIRCLE('',#762,9.075E-1);
#779=B_SPLINE_CURVE_WITH_KNOTS('',3,(#764,#765,#766,#767,#768,#769,#770,#771,
#772,#773,#774,#775,#776,#777,#778),.UNSPECIFIED.,.F.,.F.,(4,1,1,1,1,1,1,1,1,1,
1,1,4),(0.E0,8.333333333333E-2,1.666666666667E-1,2.5E-1,3.333333333333E-1,
4.166666666667E-1,5.E-1,5.833333333333E-1,6.666666666667E-1,7.5E-1,
8.333333333333E-1,9.166666666667E-1,1.E0),.UNSPECIFIED.);
#797=B_SPLINE_CURVE_WITH_KNOTS('',3,(#780,#781,#782,#783,#784,#785,#786,#787,
#788,#789,#790,#791,#792,#793,#794,#795,#796),.UNSPECIFIED.,.F.,.F.,(4,1,1,1,1,
1,1,1,1,1,1,1,1,1,4),(0.E0,7.142857142857E-2,1.428571428571E-1,
2.142857142857E-1,2.857142857143E-1,3.571428571429E-1,4.285714285714E-1,5.E-1,
5.714285714286E-1,6.428571428571E-1,7.142857142857E-1,7.857142857143E-1,
8.571428571429E-1,9.285714285714E-1,1.E0),.UNSPECIFIED.);
#802=CIRCLE('',#801,9.075E-1);
#807=CIRCLE('',#806,9.075E-1);
#812=CIRCLE('',#811,9.075E-1);
#817=CIRCLE('',#816,9.075E-1);
#835=B_SPLINE_CURVE_WITH_KNOTS('',3,(#818,#819,#820,#821,#822,#823,#824,#825,
#826,#827,#828,#829,#830,#831,#832,#833,#834),.UNSPECIFIED.,.F.,.F.,(4,1,1,1,1,
1,1,1,1,1,1,1,1,1,4),(0.E0,7.142857142857E-2,1.428571428571E-1,
2.142857142857E-1,2.857142857143E-1,3.571428571429E-1,4.285714285714E-1,5.E-1,
5.714285714286E-1,6.428571428571E-1,7.142857142857E-1,7.857142857143E-1,
8.571428571429E-1,9.285714285714E-1,1.E0),.UNSPECIFIED.);
#840=CIRCLE('',#839,9.075E-1);
#856=B_SPLINE_CURVE_WITH_KNOTS('',3,(#841,#842,#843,#844,#845,#846,#847,#848,
#849,#850,#851,#852,#853,#854,#855),.UNSPECIFIED.,.F.,.F.,(4,1,1,1,1,1,1,1,1,1,
1,1,4),(0.E0,8.333333333333E-2,1.666666666667E-1,2.5E-1,3.333333333333E-1,
4.166666666667E-1,5.E-1,5.833333333333E-1,6.666666666667E-1,7.5E-1,
8.333333333333E-1,9.166666666667E-1,1.E0),.UNSPECIFIED.);
#861=CIRCLE('',#860,9.075E-1);
#866=CIRCLE('',#865,9.075E-1);
#871=CIRCLE('',#870,9.075E-1);
#887=B_SPLINE_CURVE_WITH_KNOTS('',3,(#872,#873,#874,#875,#876,#877,#878,#879,
#880,#881,#882,#883,#884,#885,#886),.UNSPECIFIED.,.F.,.F.,(4,1,1,1,1,1,1,1,1,1,
1,1,4),(0.E0,8.333333333333E-2,1.666666666667E-1,2.5E-1,3.333333333333E-1,
4.166666666667E-1,5.E-1,5.833333333333E-1,6.666666666667E-1,7.5E-1,
8.333333333333E-1,9.166666666667E-1,1.E0),.UNSPECIFIED.);
#905=B_SPLINE_CURVE_WITH_KNOTS('',3,(#888,#889,#890,#891,#892,#893,#894,#895,
#896,#897,#898,#899,#900,#901,#902,#903,#904),.UNSPECIFIED.,.F.,.F.,(4,1,1,1,1,
1,1,1,1,1,1,1,1,1,4),(0.E0,7.142857142857E-2,1.428571428571E-1,
2.142857142857E-1,2.857142857143E-1,3.571428571429E-1,4.285714285714E-1,5.E-1,
5.714285714286E-1,6.428571428571E-1,7.142857142857E-1,7.857142857143E-1,
8.571428571429E-1,9.285714285714E-1,1.E0),.UNSPECIFIED.);
#910=CIRCLE('',#909,9.075E-1);
#915=CIRCLE('',#914,9.075E-1);
#920=CIRCLE('',#919,9.075E-1);
#925=CIRCLE('',#924,9.075E-1);
#943=B_SPLINE_CURVE_WITH_KNOTS('',3,(#926,#927,#928,#929,#930,#931,#932,#933,
#934,#935,#936,#937,#938,#939,#940,#941,#942),.UNSPECIFIED.,.F.,.F.,(4,1,1,1,1,
1,1,1,1,1,1,1,1,1,4),(0.E0,7.142857142857E-2,1.428571428571E-1,
2.142857142857E-1,2.857142857143E-1,3.571428571429E-1,4.285714285714E-1,5.E-1,
5.714285714286E-1,6.428571428571E-1,7.142857142857E-1,7.857142857143E-1,
8.571428571429E-1,9.285714285714E-1,1.E0),.UNSPECIFIED.);
#948=CIRCLE('',#947,9.075E-1);
#964=B_SPLINE_CURVE_WITH_KNOTS('',3,(#949,#950,#951,#952,#953,#954,#955,#956,
#957,#958,#959,#960,#961,#962,#963),.UNSPECIFIED.,.F.,.F.,(4,1,1,1,1,1,1,1,1,1,
1,1,4),(0.E0,8.333333333333E-2,1.666666666667E-1,2.5E-1,3.333333333333E-1,
4.166666666667E-1,5.E-1,5.833333333333E-1,6.666666666667E-1,7.5E-1,
8.333333333333E-1,9.166666666667E-1,1.E0),.UNSPECIFIED.);
#969=CIRCLE('',#968,9.075E-1);
#974=CIRCLE('',#973,9.075E-1);
#979=CIRCLE('',#978,9.075E-1);
#995=B_SPLINE_CURVE_WITH_KNOTS('',3,(#980,#981,#982,#983,#984,#985,#986,#987,
#988,#989,#990,#991,#992,#993,#994),.UNSPECIFIED.,.F.,.F.,(4,1,1,1,1,1,1,1,1,1,
1,1,4),(0.E0,8.333333333333E-2,1.666666666667E-1,2.5E-1,3.333333333333E-1,
4.166666666667E-1,5.E-1,5.833333333333E-1,6.666666666667E-1,7.5E-1,
8.333333333333E-1,9.166666666667E-1,1.E0),.UNSPECIFIED.);
#1013=B_SPLINE_CURVE_WITH_KNOTS('',3,(#996,#997,#998,#999,#1000,#1001,#1002,
#1003,#1004,#1005,#1006,#1007,#1008,#1009,#1010,#1011,#1012),.UNSPECIFIED.,.F.,
.F.,(4,1,1,1,1,1,1,1,1,1,1,1,1,1,4),(0.E0,7.142857142857E-2,1.428571428571E-1,
2.142857142857E-1,2.857142857143E-1,3.571428571429E-1,4.285714285714E-1,5.E-1,
5.714285714286E-1,6.428571428571E-1,7.142857142857E-1,7.857142857143E-1,
8.571428571429E-1,9.285714285714E-1,1.E0),.UNSPECIFIED.);
#1018=CIRCLE('',#1017,9.075E-1);
#1023=CIRCLE('',#1022,9.075E-1);
#1028=CIRCLE('',#1027,9.075E-1);
#1033=CIRCLE('',#1032,9.075E-1);
#1051=B_SPLINE_CURVE_WITH_KNOTS('',3,(#1034,#1035,#1036,#1037,#1038,#1039,#1040,
#1041,#1042,#1043,#1044,#1045,#1046,#1047,#1048,#1049,#1050),.UNSPECIFIED.,.F.,
.F.,(4,1,1,1,1,1,1,1,1,1,1,1,1,1,4),(0.E0,7.142857142857E-2,1.428571428571E-1,
2.142857142857E-1,2.857142857143E-1,3.571428571429E-1,4.285714285714E-1,5.E-1,
5.714285714286E-1,6.428571428571E-1,7.142857142857E-1,7.857142857143E-1,
8.571428571429E-1,9.285714285714E-1,1.E0),.UNSPECIFIED.);
#1056=CIRCLE('',#1055,9.075E-1);
#1072=B_SPLINE_CURVE_WITH_KNOTS('',3,(#1057,#1058,#1059,#1060,#1061,#1062,#1063,
#1064,#1065,#1066,#1067,#1068,#1069,#1070,#1071),.UNSPECIFIED.,.F.,.F.,(4,1,1,1,
1,1,1,1,1,1,1,1,4),(0.E0,8.333333333333E-2,1.666666666667E-1,2.5E-1,
3.333333333333E-1,4.166666666667E-1,5.E-1,5.833333333333E-1,6.666666666667E-1,
7.5E-1,8.333333333333E-1,9.166666666667E-1,1.E0),.UNSPECIFIED.);
#1077=CIRCLE('',#1076,9.075E-1);
#1082=CIRCLE('',#1081,9.075E-1);
#1087=CIRCLE('',#1086,9.075E-1);
#1103=B_SPLINE_CURVE_WITH_KNOTS('',3,(#1088,#1089,#1090,#1091,#1092,#1093,#1094,
#1095,#1096,#1097,#1098,#1099,#1100,#1101,#1102),.UNSPECIFIED.,.F.,.F.,(4,1,1,1,
1,1,1,1,1,1,1,1,4),(0.E0,8.333333333333E-2,1.666666666667E-1,2.5E-1,
3.333333333333E-1,4.166666666667E-1,5.E-1,5.833333333333E-1,6.666666666667E-1,
7.5E-1,8.333333333333E-1,9.166666666667E-1,1.E0),.UNSPECIFIED.);
#1121=B_SPLINE_CURVE_WITH_KNOTS('',3,(#1104,#1105,#1106,#1107,#1108,#1109,#1110,
#1111,#1112,#1113,#1114,#1115,#1116,#1117,#1118,#1119,#1120),.UNSPECIFIED.,.F.,
.F.,(4,1,1,1,1,1,1,1,1,1,1,1,1,1,4),(0.E0,7.142857142857E-2,1.428571428571E-1,
2.142857142857E-1,2.857142857143E-1,3.571428571429E-1,4.285714285714E-1,5.E-1,
5.714285714286E-1,6.428571428571E-1,7.142857142857E-1,7.857142857143E-1,
8.571428571429E-1,9.285714285714E-1,1.E0),.UNSPECIFIED.);
#1126=CIRCLE('',#1125,9.075E-1);
#1131=CIRCLE('',#1130,9.075E-1);
#1136=CIRCLE('',#1135,9.075E-1);
#1141=CIRCLE('',#1140,9.075E-1);
#1159=B_SPLINE_CURVE_WITH_KNOTS('',3,(#1142,#1143,#1144,#1145,#1146,#1147,#1148,
#1149,#1150,#1151,#1152,#1153,#1154,#1155,#1156,#1157,#1158),.UNSPECIFIED.,.F.,
.F.,(4,1,1,1,1,1,1,1,1,1,1,1,1,1,4),(0.E0,7.142857142857E-2,1.428571428571E-1,
2.142857142857E-1,2.857142857143E-1,3.571428571429E-1,4.285714285714E-1,5.E-1,
5.714285714286E-1,6.428571428571E-1,7.142857142857E-1,7.857142857143E-1,
8.571428571429E-1,9.285714285714E-1,1.E0),.UNSPECIFIED.);
#1164=CIRCLE('',#1163,9.075E-1);
#1180=B_SPLINE_CURVE_WITH_KNOTS('',3,(#1165,#1166,#1167,#1168,#1169,#1170,#1171,
#1172,#1173,#1174,#1175,#1176,#1177,#1178,#1179),.UNSPECIFIED.,.F.,.F.,(4,1,1,1,
1,1,1,1,1,1,1,1,4),(0.E0,8.333333333333E-2,1.666666666667E-1,2.5E-1,
3.333333333333E-1,4.166666666667E-1,5.E-1,5.833333333333E-1,6.666666666667E-1,
7.5E-1,8.333333333333E-1,9.166666666667E-1,1.E0),.UNSPECIFIED.);
#1185=CIRCLE('',#1184,9.075E-1);
#1190=CIRCLE('',#1189,9.075E-1);
#1195=CIRCLE('',#1194,9.075E-1);
#1211=B_SPLINE_CURVE_WITH_KNOTS('',3,(#1196,#1197,#1198,#1199,#1200,#1201,#1202,
#1203,#1204,#1205,#1206,#1207,#1208,#1209,#1210),.UNSPECIFIED.,.F.,.F.,(4,1,1,1,
1,1,1,1,1,1,1,1,4),(0.E0,8.333333333333E-2,1.666666666667E-1,2.5E-1,
3.333333333333E-1,4.166666666667E-1,5.E-1,5.833333333333E-1,6.666666666667E-1,
7.5E-1,8.333333333333E-1,9.166666666667E-1,1.E0),.UNSPECIFIED.);
#1229=B_SPLINE_CURVE_WITH_KNOTS('',3,(#1212,#1213,#1214,#1215,#1216,#1217,#1218,
#1219,#1220,#1221,#1222,#1223,#1224,#1225,#1226,#1227,#1228),.UNSPECIFIED.,.F.,
.F.,(4,1,1,1,1,1,1,1,1,1,1,1,1,1,4),(0.E0,7.142857142857E-2,1.428571428571E-1,
2.142857142857E-1,2.857142857143E-1,3.571428571429E-1,4.285714285714E-1,5.E-1,
5.714285714286E-1,6.428571428571E-1,7.142857142857E-1,7.857142857143E-1,
8.571428571429E-1,9.285714285714E-1,1.E0),.UNSPECIFIED.);
#1234=CIRCLE('',#1233,9.075E-1);
#1239=CIRCLE('',#1238,9.075E-1);
#1244=CIRCLE('',#1243,9.075E-1);
#1249=CIRCLE('',#1248,9.075E-1);
#1267=B_SPLINE_CURVE_WITH_KNOTS('',3,(#1250,#1251,#1252,#1253,#1254,#1255,#1256,
#1257,#1258,#1259,#1260,#1261,#1262,#1263,#1264,#1265,#1266),.UNSPECIFIED.,.F.,
.F.,(4,1,1,1,1,1,1,1,1,1,1,1,1,1,4),(0.E0,7.142857142857E-2,1.428571428571E-1,
2.142857142857E-1,2.857142857143E-1,3.571428571429E-1,4.285714285714E-1,5.E-1,
5.714285714286E-1,6.428571428571E-1,7.142857142857E-1,7.857142857143E-1,
8.571428571429E-1,9.285714285714E-1,1.E0),.UNSPECIFIED.);
#1272=CIRCLE('',#1271,9.075E-1);
#1288=B_SPLINE_CURVE_WITH_KNOTS('',3,(#1273,#1274,#1275,#1276,#1277,#1278,#1279,
#1280,#1281,#1282,#1283,#1284,#1285,#1286,#1287),.UNSPECIFIED.,.F.,.F.,(4,1,1,1,
1,1,1,1,1,1,1,1,4),(0.E0,8.333333333333E-2,1.666666666667E-1,2.5E-1,
3.333333333333E-1,4.166666666667E-1,5.E-1,5.833333333333E-1,6.666666666667E-1,
7.5E-1,8.333333333333E-1,9.166666666667E-1,1.E0),.UNSPECIFIED.);
#1293=CIRCLE('',#1292,9.075E-1);
#1298=CIRCLE('',#1297,9.075E-1);
#1303=CIRCLE('',#1302,9.075E-1);
#1319=B_SPLINE_CURVE_WITH_KNOTS('',3,(#1304,#1305,#1306,#1307,#1308,#1309,#1310,
#1311,#1312,#1313,#1314,#1315,#1316,#1317,#1318),.UNSPECIFIED.,.F.,.F.,(4,1,1,1,
1,1,1,1,1,1,1,1,4),(0.E0,8.333333333333E-2,1.666666666667E-1,2.5E-1,
3.333333333333E-1,4.166666666667E-1,5.E-1,5.833333333333E-1,6.666666666667E-1,
7.5E-1,8.333333333333E-1,9.166666666667E-1,1.E0),.UNSPECIFIED.);
#1324=CIRCLE('',#1323,9.075E-1);
#1329=CIRCLE('',#1328,9.075E-1);
#1347=B_SPLINE_CURVE_WITH_KNOTS('',3,(#1330,#1331,#1332,#1333,#1334,#1335,#1336,
#1337,#1338,#1339,#1340,#1341,#1342,#1343,#1344,#1345,#1346),.UNSPECIFIED.,.F.,
.F.,(4,1,1,1,1,1,1,1,1,1,1,1,1,1,4),(0.E0,7.142857142857E-2,1.428571428571E-1,
2.142857142857E-1,2.857142857143E-1,3.571428571429E-1,4.285714285714E-1,5.E-1,
5.714285714286E-1,6.428571428571E-1,7.142857142857E-1,7.857142857143E-1,
8.571428571429E-1,9.285714285714E-1,1.E0),.UNSPECIFIED.);
#1352=CIRCLE('',#1351,9.075E-1);
#1368=B_SPLINE_CURVE_WITH_KNOTS('',3,(#1353,#1354,#1355,#1356,#1357,#1358,#1359,
#1360,#1361,#1362,#1363,#1364,#1365,#1366,#1367),.UNSPECIFIED.,.F.,.F.,(4,1,1,1,
1,1,1,1,1,1,1,1,4),(0.E0,8.333333333333E-2,1.666666666667E-1,2.5E-1,
3.333333333333E-1,4.166666666667E-1,5.E-1,5.833333333333E-1,6.666666666667E-1,
7.5E-1,8.333333333333E-1,9.166666666667E-1,1.E0),.UNSPECIFIED.);
#1373=CIRCLE('',#1372,9.075E-1);
#1378=CIRCLE('',#1377,9.075E-1);
#1383=CIRCLE('',#1382,9.075E-1);
#1399=B_SPLINE_CURVE_WITH_KNOTS('',3,(#1384,#1385,#1386,#1387,#1388,#1389,#1390,
#1391,#1392,#1393,#1394,#1395,#1396,#1397,#1398),.UNSPECIFIED.,.F.,.F.,(4,1,1,1,
1,1,1,1,1,1,1,1,4),(0.E0,8.333333333333E-2,1.666666666667E-1,2.5E-1,
3.333333333333E-1,4.166666666667E-1,5.E-1,5.833333333333E-1,6.666666666667E-1,
7.5E-1,8.333333333333E-1,9.166666666667E-1,1.E0),.UNSPECIFIED.);
#1417=B_SPLINE_CURVE_WITH_KNOTS('',3,(#1400,#1401,#1402,#1403,#1404,#1405,#1406,
#1407,#1408,#1409,#1410,#1411,#1412,#1413,#1414,#1415,#1416),.UNSPECIFIED.,.F.,
.F.,(4,1,1,1,1,1,1,1,1,1,1,1,1,1,4),(0.E0,7.142857142857E-2,1.428571428571E-1,
2.142857142857E-1,2.857142857143E-1,3.571428571429E-1,4.285714285714E-1,5.E-1,
5.714285714286E-1,6.428571428571E-1,7.142857142857E-1,7.857142857143E-1,
8.571428571429E-1,9.285714285714E-1,1.E0),.UNSPECIFIED.);
#1422=CIRCLE('',#1421,9.075E-1);
#1427=CIRCLE('',#1426,9.075E-1);
#1432=CIRCLE('',#1431,9.075E-1);
#1437=CIRCLE('',#1436,9.075E-1);
#1455=B_SPLINE_CURVE_WITH_KNOTS('',3,(#1438,#1439,#1440,#1441,#1442,#1443,#1444,
#1445,#1446,#1447,#1448,#1449,#1450,#1451,#1452,#1453,#1454),.UNSPECIFIED.,.F.,
.F.,(4,1,1,1,1,1,1,1,1,1,1,1,1,1,4),(0.E0,7.142857142857E-2,1.428571428571E-1,
2.142857142857E-1,2.857142857143E-1,3.571428571429E-1,4.285714285714E-1,5.E-1,
5.714285714286E-1,6.428571428571E-1,7.142857142857E-1,7.857142857143E-1,
8.571428571429E-1,9.285714285714E-1,1.E0),.UNSPECIFIED.);
#1460=CIRCLE('',#1459,9.075E-1);
#1476=B_SPLINE_CURVE_WITH_KNOTS('',3,(#1461,#1462,#1463,#1464,#1465,#1466,#1467,
#1468,#1469,#1470,#1471,#1472,#1473,#1474,#1475),.UNSPECIFIED.,.F.,.F.,(4,1,1,1,
1,1,1,1,1,1,1,1,4),(0.E0,8.333333333333E-2,1.666666666667E-1,2.5E-1,
3.333333333333E-1,4.166666666667E-1,5.E-1,5.833333333333E-1,6.666666666667E-1,
7.5E-1,8.333333333333E-1,9.166666666667E-1,1.E0),.UNSPECIFIED.);
#1481=CIRCLE('',#1480,9.075E-1);
#1486=CIRCLE('',#1485,9.075E-1);
#1491=CIRCLE('',#1490,9.075E-1);
#1507=B_SPLINE_CURVE_WITH_KNOTS('',3,(#1492,#1493,#1494,#1495,#1496,#1497,#1498,
#1499,#1500,#1501,#1502,#1503,#1504,#1505,#1506),.UNSPECIFIED.,.F.,.F.,(4,1,1,1,
1,1,1,1,1,1,1,1,4),(0.E0,8.333333333333E-2,1.666666666667E-1,2.5E-1,
3.333333333333E-1,4.166666666667E-1,5.E-1,5.833333333333E-1,6.666666666667E-1,
7.5E-1,8.333333333333E-1,9.166666666667E-1,1.E0),.UNSPECIFIED.);
#1525=B_SPLINE_CURVE_WITH_KNOTS('',3,(#1508,#1509,#1510,#1511,#1512,#1513,#1514,
#1515,#1516,#1517,#1518,#1519,#1520,#1521,#1522,#1523,#1524),.UNSPECIFIED.,.F.,
.F.,(4,1,1,1,1,1,1,1,1,1,1,1,1,1,4),(0.E0,7.142857142857E-2,1.428571428571E-1,
2.142857142857E-1,2.857142857143E-1,3.571428571429E-1,4.285714285714E-1,5.E-1,
5.714285714286E-1,6.428571428571E-1,7.142857142857E-1,7.857142857143E-1,
8.571428571429E-1,9.285714285714E-1,1.E0),.UNSPECIFIED.);
#1530=CIRCLE('',#1529,9.075E-1);
#1535=CIRCLE('',#1534,9.075E-1);
#1540=CIRCLE('',#1539,9.075E-1);
#1545=CIRCLE('',#1544,9.075E-1);
#1563=B_SPLINE_CURVE_WITH_KNOTS('',3,(#1546,#1547,#1548,#1549,#1550,#1551,#1552,
#1553,#1554,#1555,#1556,#1557,#1558,#1559,#1560,#1561,#1562),.UNSPECIFIED.,.F.,
.F.,(4,1,1,1,1,1,1,1,1,1,1,1,1,1,4),(0.E0,7.142857142857E-2,1.428571428571E-1,
2.142857142857E-1,2.857142857143E-1,3.571428571429E-1,4.285714285714E-1,5.E-1,
5.714285714286E-1,6.428571428571E-1,7.142857142857E-1,7.857142857143E-1,
8.571428571429E-1,9.285714285714E-1,1.E0),.UNSPECIFIED.);
#1568=CIRCLE('',#1567,9.075E-1);
#1584=B_SPLINE_CURVE_WITH_KNOTS('',3,(#1569,#1570,#1571,#1572,#1573,#1574,#1575,
#1576,#1577,#1578,#1579,#1580,#1581,#1582,#1583),.UNSPECIFIED.,.F.,.F.,(4,1,1,1,
1,1,1,1,1,1,1,1,4),(0.E0,8.333333333333E-2,1.666666666667E-1,2.5E-1,
3.333333333333E-1,4.166666666667E-1,5.E-1,5.833333333333E-1,6.666666666667E-1,
7.5E-1,8.333333333333E-1,9.166666666667E-1,1.E0),.UNSPECIFIED.);
#1589=CIRCLE('',#1588,9.075E-1);
#1594=CIRCLE('',#1593,9.075E-1);
#1599=CIRCLE('',#1598,9.075E-1);
#1615=B_SPLINE_CURVE_WITH_KNOTS('',3,(#1600,#1601,#1602,#1603,#1604,#1605,#1606,
#1607,#1608,#1609,#1610,#1611,#1612,#1613,#1614),.UNSPECIFIED.,.F.,.F.,(4,1,1,1,
1,1,1,1,1,1,1,1,4),(0.E0,8.333333333333E-2,1.666666666667E-1,2.5E-1,
3.333333333333E-1,4.166666666667E-1,5.E-1,5.833333333333E-1,6.666666666667E-1,
7.5E-1,8.333333333333E-1,9.166666666667E-1,1.E0),.UNSPECIFIED.);
#1633=B_SPLINE_CURVE_WITH_KNOTS('',3,(#1616,#1617,#1618,#1619,#1620,#1621,#1622,
#1623,#1624,#1625,#1626,#1627,#1628,#1629,#1630,#1631,#1632),.UNSPECIFIED.,.F.,
.F.,(4,1,1,1,1,1,1,1,1,1,1,1,1,1,4),(0.E0,7.142857142857E-2,1.428571428571E-1,
2.142857142857E-1,2.857142857143E-1,3.571428571429E-1,4.285714285714E-1,5.E-1,
5.714285714286E-1,6.428571428571E-1,7.142857142857E-1,7.857142857143E-1,
8.571428571429E-1,9.285714285714E-1,1.E0),.UNSPECIFIED.);
#1638=CIRCLE('',#1637,9.075E-1);
#1643=CIRCLE('',#1642,9.075E-1);
#1648=CIRCLE('',#1647,9.075E-1);
#1653=CIRCLE('',#1652,9.075E-1);
#1671=B_SPLINE_CURVE_WITH_KNOTS('',3,(#1654,#1655,#1656,#1657,#1658,#1659,#1660,
#1661,#1662,#1663,#1664,#1665,#1666,#1667,#1668,#1669,#1670),.UNSPECIFIED.,.F.,
.F.,(4,1,1,1,1,1,1,1,1,1,1,1,1,1,4),(0.E0,7.142857142857E-2,1.428571428571E-1,
2.142857142857E-1,2.857142857143E-1,3.571428571429E-1,4.285714285714E-1,5.E-1,
5.714285714286E-1,6.428571428571E-1,7.142857142857E-1,7.857142857143E-1,
8.571428571429E-1,9.285714285714E-1,1.E0),.UNSPECIFIED.);
#1676=CIRCLE('',#1675,9.075E-1);
#1692=B_SPLINE_CURVE_WITH_KNOTS('',3,(#1677,#1678,#1679,#1680,#1681,#1682,#1683,
#1684,#1685,#1686,#1687,#1688,#1689,#1690,#1691),.UNSPECIFIED.,.F.,.F.,(4,1,1,1,
1,1,1,1,1,1,1,1,4),(0.E0,8.333333333333E-2,1.666666666667E-1,2.5E-1,
3.333333333333E-1,4.166666666667E-1,5.E-1,5.833333333333E-1,6.666666666667E-1,
7.5E-1,8.333333333333E-1,9.166666666667E-1,1.E0),.UNSPECIFIED.);
#1697=CIRCLE('',#1696,9.075E-1);
#1702=CIRCLE('',#1701,9.075E-1);
#1707=CIRCLE('',#1706,9.075E-1);
#1723=B_SPLINE_CURVE_WITH_KNOTS('',3,(#1708,#1709,#1710,#1711,#1712,#1713,#1714,
#1715,#1716,#1717,#1718,#1719,#1720,#1721,#1722),.UNSPECIFIED.,.F.,.F.,(4,1,1,1,
1,1,1,1,1,1,1,1,4),(0.E0,8.333333333333E-2,1.666666666667E-1,2.5E-1,
3.333333333333E-1,4.166666666667E-1,5.E-1,5.833333333333E-1,6.666666666667E-1,
7.5E-1,8.333333333333E-1,9.166666666667E-1,1.E0),.UNSPECIFIED.);
#1741=B_SPLINE_CURVE_WITH_KNOTS('',3,(#1724,#1725,#1726,#1727,#1728,#1729,#1730,
#1731,#1732,#1733,#1734,#1735,#1736,#1737,#1738,#1739,#1740),.UNSPECIFIED.,.F.,
.F.,(4,1,1,1,1,1,1,1,1,1,1,1,1,1,4),(0.E0,7.142857142857E-2,1.428571428571E-1,
2.142857142857E-1,2.857142857143E-1,3.571428571429E-1,4.285714285714E-1,5.E-1,
5.714285714286E-1,6.428571428571E-1,7.142857142857E-1,7.857142857143E-1,
8.571428571429E-1,9.285714285714E-1,1.E0),.UNSPECIFIED.);
#1746=CIRCLE('',#1745,9.075E-1);
#1751=CIRCLE('',#1750,9.075E-1);
#1756=CIRCLE('',#1755,9.075E-1);
#1761=CIRCLE('',#1760,9.075E-1);
#1779=B_SPLINE_CURVE_WITH_KNOTS('',3,(#1762,#1763,#1764,#1765,#1766,#1767,#1768,
#1769,#1770,#1771,#1772,#1773,#1774,#1775,#1776,#1777,#1778),.UNSPECIFIED.,.F.,
.F.,(4,1,1,1,1,1,1,1,1,1,1,1,1,1,4),(0.E0,7.142857142857E-2,1.428571428571E-1,
2.142857142857E-1,2.857142857143E-1,3.571428571429E-1,4.285714285714E-1,5.E-1,
5.714285714286E-1,6.428571428571E-1,7.142857142857E-1,7.857142857143E-1,
8.571428571429E-1,9.285714285714E-1,1.E0),.UNSPECIFIED.);
#1784=CIRCLE('',#1783,9.075E-1);
#1800=B_SPLINE_CURVE_WITH_KNOTS('',3,(#1785,#1786,#1787,#1788,#1789,#1790,#1791,
#1792,#1793,#1794,#1795,#1796,#1797,#1798,#1799),.UNSPECIFIED.,.F.,.F.,(4,1,1,1,
1,1,1,1,1,1,1,1,4),(0.E0,8.333333333333E-2,1.666666666667E-1,2.5E-1,
3.333333333333E-1,4.166666666667E-1,5.E-1,5.833333333333E-1,6.666666666667E-1,
7.5E-1,8.333333333333E-1,9.166666666667E-1,1.E0),.UNSPECIFIED.);
#1805=CIRCLE('',#1804,9.075E-1);
#1810=CIRCLE('',#1809,9.075E-1);
#1815=CIRCLE('',#1814,9.075E-1);
#1831=B_SPLINE_CURVE_WITH_KNOTS('',3,(#1816,#1817,#1818,#1819,#1820,#1821,#1822,
#1823,#1824,#1825,#1826,#1827,#1828,#1829,#1830),.UNSPECIFIED.,.F.,.F.,(4,1,1,1,
1,1,1,1,1,1,1,1,4),(0.E0,8.333333333333E-2,1.666666666667E-1,2.5E-1,
3.333333333333E-1,4.166666666667E-1,5.E-1,5.833333333333E-1,6.666666666667E-1,
7.5E-1,8.333333333333E-1,9.166666666667E-1,1.E0),.UNSPECIFIED.);
#1849=B_SPLINE_CURVE_WITH_KNOTS('',3,(#1832,#1833,#1834,#1835,#1836,#1837,#1838,
#1839,#1840,#1841,#1842,#1843,#1844,#1845,#1846,#1847,#1848),.UNSPECIFIED.,.F.,
.F.,(4,1,1,1,1,1,1,1,1,1,1,1,1,1,4),(0.E0,7.142857142857E-2,1.428571428571E-1,
2.142857142857E-1,2.857142857143E-1,3.571428571429E-1,4.285714285714E-1,5.E-1,
5.714285714286E-1,6.428571428571E-1,7.142857142857E-1,7.857142857143E-1,
8.571428571429E-1,9.285714285714E-1,1.E0),.UNSPECIFIED.);
#1854=CIRCLE('',#1853,9.075E-1);
#1859=CIRCLE('',#1858,9.075E-1);
#1864=CIRCLE('',#1863,9.075E-1);
#1869=CIRCLE('',#1868,9.075E-1);
#1887=B_SPLINE_CURVE_WITH_KNOTS('',3,(#1870,#1871,#1872,#1873,#1874,#1875,#1876,
#1877,#1878,#1879,#1880,#1881,#1882,#1883,#1884,#1885,#1886),.UNSPECIFIED.,.F.,
.F.,(4,1,1,1,1,1,1,1,1,1,1,1,1,1,4),(0.E0,7.142857142857E-2,1.428571428571E-1,
2.142857142857E-1,2.857142857143E-1,3.571428571429E-1,4.285714285714E-1,5.E-1,
5.714285714286E-1,6.428571428571E-1,7.142857142857E-1,7.857142857143E-1,
8.571428571429E-1,9.285714285714E-1,1.E0),.UNSPECIFIED.);
#1892=CIRCLE('',#1891,9.075E-1);
#1908=B_SPLINE_CURVE_WITH_KNOTS('',3,(#1893,#1894,#1895,#1896,#1897,#1898,#1899,
#1900,#1901,#1902,#1903,#1904,#1905,#1906,#1907),.UNSPECIFIED.,.F.,.F.,(4,1,1,1,
1,1,1,1,1,1,1,1,4),(0.E0,8.333333333333E-2,1.666666666667E-1,2.5E-1,
3.333333333333E-1,4.166666666667E-1,5.E-1,5.833333333333E-1,6.666666666667E-1,
7.5E-1,8.333333333333E-1,9.166666666667E-1,1.E0),.UNSPECIFIED.);
#1913=CIRCLE('',#1912,9.075E-1);
#1918=CIRCLE('',#1917,9.075E-1);
#1923=CIRCLE('',#1922,9.075E-1);
#1939=B_SPLINE_CURVE_WITH_KNOTS('',3,(#1924,#1925,#1926,#1927,#1928,#1929,#1930,
#1931,#1932,#1933,#1934,#1935,#1936,#1937,#1938),.UNSPECIFIED.,.F.,.F.,(4,1,1,1,
1,1,1,1,1,1,1,1,4),(0.E0,8.333333333333E-2,1.666666666667E-1,2.5E-1,
3.333333333333E-1,4.166666666667E-1,5.E-1,5.833333333333E-1,6.666666666667E-1,
7.5E-1,8.333333333333E-1,9.166666666667E-1,1.E0),.UNSPECIFIED.);
#1957=B_SPLINE_CURVE_WITH_KNOTS('',3,(#1940,#1941,#1942,#1943,#1944,#1945,#1946,
#1947,#1948,#1949,#1950,#1951,#1952,#1953,#1954,#1955,#1956),.UNSPECIFIED.,.F.,
.F.,(4,1,1,1,1,1,1,1,1,1,1,1,1,1,4),(0.E0,7.142857142857E-2,1.428571428571E-1,
2.142857142857E-1,2.857142857143E-1,3.571428571429E-1,4.285714285714E-1,5.E-1,
5.714285714286E-1,6.428571428571E-1,7.142857142857E-1,7.857142857143E-1,
8.571428571429E-1,9.285714285714E-1,1.E0),.UNSPECIFIED.);
#1962=CIRCLE('',#1961,9.075E-1);
#1967=CIRCLE('',#1966,9.075E-1);
#1972=CIRCLE('',#1971,9.075E-1);
#1977=CIRCLE('',#1976,9.075E-1);
#1995=B_SPLINE_CURVE_WITH_KNOTS('',3,(#1978,#1979,#1980,#1981,#1982,#1983,#1984,
#1985,#1986,#1987,#1988,#1989,#1990,#1991,#1992,#1993,#1994),.UNSPECIFIED.,.F.,
.F.,(4,1,1,1,1,1,1,1,1,1,1,1,1,1,4),(0.E0,7.142857142857E-2,1.428571428571E-1,
2.142857142857E-1,2.857142857143E-1,3.571428571429E-1,4.285714285714E-1,5.E-1,
5.714285714286E-1,6.428571428571E-1,7.142857142857E-1,7.857142857143E-1,
8.571428571429E-1,9.285714285714E-1,1.E0),.UNSPECIFIED.);
#2000=CIRCLE('',#1999,9.075E-1);
#2016=B_SPLINE_CURVE_WITH_KNOTS('',3,(#2001,#2002,#2003,#2004,#2005,#2006,#2007,
#2008,#2009,#2010,#2011,#2012,#2013,#2014,#2015),.UNSPECIFIED.,.F.,.F.,(4,1,1,1,
1,1,1,1,1,1,1,1,4),(0.E0,8.333333333333E-2,1.666666666667E-1,2.5E-1,
3.333333333333E-1,4.166666666667E-1,5.E-1,5.833333333333E-1,6.666666666667E-1,
7.5E-1,8.333333333333E-1,9.166666666667E-1,1.E0),.UNSPECIFIED.);
#2021=CIRCLE('',#2020,9.075E-1);
#2026=CIRCLE('',#2025,9.075E-1);
#2031=CIRCLE('',#2030,9.075E-1);
#2047=B_SPLINE_CURVE_WITH_KNOTS('',3,(#2032,#2033,#2034,#2035,#2036,#2037,#2038,
#2039,#2040,#2041,#2042,#2043,#2044,#2045,#2046),.UNSPECIFIED.,.F.,.F.,(4,1,1,1,
1,1,1,1,1,1,1,1,4),(0.E0,8.333333333333E-2,1.666666666667E-1,2.5E-1,
3.333333333333E-1,4.166666666667E-1,5.E-1,5.833333333333E-1,6.666666666667E-1,
7.5E-1,8.333333333333E-1,9.166666666667E-1,1.E0),.UNSPECIFIED.);
#2065=B_SPLINE_CURVE_WITH_KNOTS('',3,(#2048,#2049,#2050,#2051,#2052,#2053,#2054,
#2055,#2056,#2057,#2058,#2059,#2060,#2061,#2062,#2063,#2064),.UNSPECIFIED.,.F.,
.F.,(4,1,1,1,1,1,1,1,1,1,1,1,1,1,4),(0.E0,7.142857142857E-2,1.428571428571E-1,
2.142857142857E-1,2.857142857143E-1,3.571428571429E-1,4.285714285714E-1,5.E-1,
5.714285714286E-1,6.428571428571E-1,7.142857142857E-1,7.857142857143E-1,
8.571428571429E-1,9.285714285714E-1,1.E0),.UNSPECIFIED.);
#2070=CIRCLE('',#2069,9.075E-1);
#2075=CIRCLE('',#2074,9.075E-1);
#2080=CIRCLE('',#2079,9.075E-1);
#2085=CIRCLE('',#2084,9.075E-1);
#2103=B_SPLINE_CURVE_WITH_KNOTS('',3,(#2086,#2087,#2088,#2089,#2090,#2091,#2092,
#2093,#2094,#2095,#2096,#2097,#2098,#2099,#2100,#2101,#2102),.UNSPECIFIED.,.F.,
.F.,(4,1,1,1,1,1,1,1,1,1,1,1,1,1,4),(0.E0,7.142857142857E-2,1.428571428571E-1,
2.142857142857E-1,2.857142857143E-1,3.571428571429E-1,4.285714285714E-1,5.E-1,
5.714285714286E-1,6.428571428571E-1,7.142857142857E-1,7.857142857143E-1,
8.571428571429E-1,9.285714285714E-1,1.E0),.UNSPECIFIED.);
#2337=EDGE_CURVE('',#2126,#2127,#221,.T.);
#2339=EDGE_CURVE('',#2127,#2271,#226,.T.);
#2341=EDGE_CURVE('',#2271,#2275,#231,.T.);
#2343=EDGE_CURVE('',#2269,#2275,#1298,.T.);
#2345=EDGE_CURVE('',#2126,#2269,#1324,.T.);
#2355=EDGE_CURVE('',#2114,#2115,#235,.T.);
#2357=EDGE_CURVE('',#2116,#2115,#619,.T.);
#2359=EDGE_CURVE('',#2116,#2118,#239,.T.);
#2361=EDGE_CURVE('',#2120,#2118,#501,.T.);
#2363=EDGE_CURVE('',#2122,#2120,#247,.T.);
#2365=EDGE_CURVE('',#2123,#2122,#431,.T.);
#2367=EDGE_CURVE('',#2125,#2123,#243,.T.);
#2369=EDGE_CURVE('',#2114,#2125,#333,.T.);
#2374=EDGE_CURVE('',#2127,#2126,#1347,.T.);
#2378=EDGE_CURVE('',#2128,#2129,#1229,.T.);
#2380=EDGE_CURVE('',#2129,#2128,#1267,.T.);
#2384=EDGE_CURVE('',#2130,#2131,#1121,.T.);
#2386=EDGE_CURVE('',#2131,#2130,#1159,.T.);
#2390=EDGE_CURVE('',#2132,#2133,#1013,.T.);
#2392=EDGE_CURVE('',#2133,#2132,#1051,.T.);
#2396=EDGE_CURVE('',#2104,#2105,#905,.T.);
#2398=EDGE_CURVE('',#2105,#2104,#943,.T.);
#2402=EDGE_CURVE('',#2134,#2135,#797,.T.);
#2404=EDGE_CURVE('',#2135,#2134,#835,.T.);
#2408=EDGE_CURVE('',#2136,#2137,#689,.T.);
#2410=EDGE_CURVE('',#2137,#2136,#727,.T.);
#2420=EDGE_CURVE('',#2125,#2114,#257,.T.);
#2423=EDGE_CURVE('',#2122,#2123,#413,.T.);
#2426=EDGE_CURVE('',#2118,#2120,#476,.T.);
#2429=EDGE_CURVE('',#2115,#2116,#581,.T.);
#2434=EDGE_CURVE('',#2138,#2139,#2065,.T.);
#2436=EDGE_CURVE('',#2139,#2138,#2103,.T.);
#2440=EDGE_CURVE('',#2140,#2141,#1957,.T.);
#2442=EDGE_CURVE('',#2141,#2140,#1995,.T.);
#2446=EDGE_CURVE('',#2142,#2143,#1849,.T.);
#2448=EDGE_CURVE('',#2143,#2142,#1887,.T.);
#2452=EDGE_CURVE('',#2144,#2145,#1741,.T.);
#2454=EDGE_CURVE('',#2145,#2144,#1779,.T.);
#2458=EDGE_CURVE('',#2146,#2147,#1633,.T.);
#2460=EDGE_CURVE('',#2147,#2146,#1671,.T.);
#2464=EDGE_CURVE('',#2148,#2149,#1525,.T.);
#2466=EDGE_CURVE('',#2149,#2148,#1563,.T.);
#2470=EDGE_CURVE('',#2150,#2151,#1417,.T.);
#2472=EDGE_CURVE('',#2151,#2150,#1455,.T.);
#2482=EDGE_CURVE('',#2154,#2155,#267,.T.);
#2484=EDGE_CURVE('',#2154,#2125,#252,.T.);
#2487=EDGE_CURVE('',#2155,#2114,#328,.T.);
#2497=EDGE_CURVE('',#2158,#2159,#282,.T.);
#2499=EDGE_CURVE('',#2158,#2154,#262,.T.);
#2502=EDGE_CURVE('',#2159,#2155,#318,.T.);
#2512=EDGE_CURVE('',#2162,#2163,#272,.T.);
#2514=EDGE_CURVE('',#2163,#2158,#277,.T.);
#2517=EDGE_CURVE('',#2162,#2159,#303,.T.);
#2527=EDGE_CURVE('',#2162,#2165,#286,.T.);
#2529=EDGE_CURVE('',#2166,#2165,#563,.T.);
#2531=EDGE_CURVE('',#2166,#2168,#290,.T.);
#2533=EDGE_CURVE('',#2170,#2168,#461,.T.);
#2535=EDGE_CURVE('',#2172,#2170,#298,.T.);
#2537=EDGE_CURVE('',#2173,#2172,#380,.T.);
#2539=EDGE_CURVE('',#2163,#2173,#294,.T.);
#2544=EDGE_CURVE('',#2174,#2175,#1368,.T.);
#2546=EDGE_CURVE('',#2175,#2174,#1399,.T.);
#2550=EDGE_CURVE('',#2176,#2177,#1476,.T.);
#2552=EDGE_CURVE('',#2177,#2176,#1507,.T.);
#2556=EDGE_CURVE('',#2178,#2179,#1584,.T.);
#2558=EDGE_CURVE('',#2179,#2178,#1615,.T.);
#2562=EDGE_CURVE('',#2180,#2181,#1692,.T.);
#2564=EDGE_CURVE('',#2181,#2180,#1723,.T.);
#2568=EDGE_CURVE('',#2182,#2183,#1800,.T.);
#2570=EDGE_CURVE('',#2183,#2182,#1831,.T.);
#2574=EDGE_CURVE('',#2184,#2185,#1908,.T.);
#2576=EDGE_CURVE('',#2185,#2184,#1939,.T.);
#2580=EDGE_CURVE('',#2186,#2187,#2016,.T.);
#2582=EDGE_CURVE('',#2187,#2186,#2047,.T.);
#2592=EDGE_CURVE('',#2163,#2162,#313,.T.);
#2595=EDGE_CURVE('',#2172,#2173,#359,.T.);
#2598=EDGE_CURVE('',#2168,#2170,#451,.T.);
#2601=EDGE_CURVE('',#2165,#2166,#532,.T.);
#2606=EDGE_CURVE('',#2188,#2189,#640,.T.);
#2608=EDGE_CURVE('',#2189,#2188,#671,.T.);
#2612=EDGE_CURVE('',#2190,#2191,#748,.T.);
#2614=EDGE_CURVE('',#2191,#2190,#779,.T.);
#2618=EDGE_CURVE('',#2192,#2193,#856,.T.);
#2620=EDGE_CURVE('',#2193,#2192,#887,.T.);
#2624=EDGE_CURVE('',#2194,#2195,#964,.T.);
#2626=EDGE_CURVE('',#2195,#2194,#995,.T.);
#2630=EDGE_CURVE('',#2196,#2197,#1072,.T.);
#2632=EDGE_CURVE('',#2197,#2196,#1103,.T.);
#2636=EDGE_CURVE('',#2198,#2199,#1180,.T.);
#2638=EDGE_CURVE('',#2199,#2198,#1211,.T.);
#2642=EDGE_CURVE('',#2200,#2201,#1288,.T.);
#2644=EDGE_CURVE('',#2201,#2200,#1319,.T.);
#2655=EDGE_CURVE('',#2159,#2158,#308,.T.);
#2668=EDGE_CURVE('',#2155,#2154,#323,.T.);
#2692=EDGE_CURVE('',#2203,#2173,#364,.T.);
#2694=EDGE_CURVE('',#2203,#2205,#338,.T.);
#2696=EDGE_CURVE('',#2207,#2205,#441,.T.);
#2698=EDGE_CURVE('',#2207,#2172,#343,.T.);
#2712=EDGE_CURVE('',#2209,#2207,#395,.T.);
#2714=EDGE_CURVE('',#2209,#2203,#385,.T.);
#2724=EDGE_CURVE('',#2123,#2203,#390,.T.);
#2728=EDGE_CURVE('',#2122,#2207,#436,.T.);
#2752=EDGE_CURVE('',#2211,#2168,#446,.T.);
#2755=EDGE_CURVE('',#2213,#2170,#456,.T.);
#2757=EDGE_CURVE('',#2211,#2213,#511,.T.);
#2767=EDGE_CURVE('',#2213,#2211,#471,.T.);
#2780=EDGE_CURVE('',#2216,#2217,#486,.T.);
#2782=EDGE_CURVE('',#2216,#2213,#466,.T.);
#2785=EDGE_CURVE('',#2217,#2211,#506,.T.);
#2796=EDGE_CURVE('',#2120,#2216,#481,.T.);
#2799=EDGE_CURVE('',#2118,#2217,#491,.T.);
#2810=EDGE_CURVE('',#2217,#2216,#496,.T.);
#2834=EDGE_CURVE('',#2219,#2165,#516,.T.);
#2837=EDGE_CURVE('',#2221,#2166,#547,.T.);
#2839=EDGE_CURVE('',#2223,#2221,#601,.T.);
#2841=EDGE_CURVE('',#2223,#2219,#537,.T.);
#2852=EDGE_CURVE('',#2219,#2225,#542,.T.);
#2854=EDGE_CURVE('',#2221,#2225,#591,.T.);
#2867=EDGE_CURVE('',#2116,#2221,#586,.T.);
#2871=EDGE_CURVE('',#2115,#2219,#596,.T.);
#2894=EDGE_CURVE('',#2227,#2188,#624,.T.);
#2897=EDGE_CURVE('',#2229,#2189,#655,.T.);
#2899=EDGE_CURVE('',#2231,#2229,#709,.T.);
#2901=EDGE_CURVE('',#2231,#2227,#645,.T.);
#2912=EDGE_CURVE('',#2227,#2233,#650,.T.);
#2914=EDGE_CURVE('',#2229,#2233,#699,.T.);
#2927=EDGE_CURVE('',#2137,#2229,#694,.T.);
#2931=EDGE_CURVE('',#2136,#2227,#704,.T.);
#2954=EDGE_CURVE('',#2235,#2190,#732,.T.);
#2957=EDGE_CURVE('',#2237,#2191,#763,.T.);
#2959=EDGE_CURVE('',#2239,#2237,#817,.T.);
#2961=EDGE_CURVE('',#2239,#2235,#753,.T.);
#2972=EDGE_CURVE('',#2235,#2241,#758,.T.);
#2974=EDGE_CURVE('',#2237,#2241,#807,.T.);
#2987=EDGE_CURVE('',#2135,#2237,#802,.T.);
#2991=EDGE_CURVE('',#2134,#2235,#812,.T.);
#3014=EDGE_CURVE('',#2111,#2192,#840,.T.);
#3017=EDGE_CURVE('',#2107,#2193,#871,.T.);
#3019=EDGE_CURVE('',#2243,#2107,#925,.T.);
#3021=EDGE_CURVE('',#2243,#2111,#861,.T.);
#3032=EDGE_CURVE('',#2111,#2109,#866,.T.);
#3034=EDGE_CURVE('',#2107,#2109,#915,.T.);
#3047=EDGE_CURVE('',#2105,#2107,#910,.T.);
#3051=EDGE_CURVE('',#2104,#2111,#920,.T.);
#3074=EDGE_CURVE('',#2245,#2194,#948,.T.);
#3077=EDGE_CURVE('',#2247,#2195,#979,.T.);
#3079=EDGE_CURVE('',#2249,#2247,#1033,.T.);
#3081=EDGE_CURVE('',#2249,#2245,#969,.T.);
#3092=EDGE_CURVE('',#2245,#2251,#974,.T.);
#3094=EDGE_CURVE('',#2247,#2251,#1023,.T.);
#3107=EDGE_CURVE('',#2133,#2247,#1018,.T.);
#3111=EDGE_CURVE('',#2132,#2245,#1028,.T.);
#3134=EDGE_CURVE('',#2253,#2196,#1056,.T.);
#3137=EDGE_CURVE('',#2255,#2197,#1087,.T.);
#3139=EDGE_CURVE('',#2257,#2255,#1141,.T.);
#3141=EDGE_CURVE('',#2257,#2253,#1077,.T.);
#3152=EDGE_CURVE('',#2253,#2259,#1082,.T.);
#3154=EDGE_CURVE('',#2255,#2259,#1131,.T.);
#3167=EDGE_CURVE('',#2131,#2255,#1126,.T.);
#3171=EDGE_CURVE('',#2130,#2253,#1136,.T.);
#3194=EDGE_CURVE('',#2261,#2198,#1164,.T.);
#3197=EDGE_CURVE('',#2263,#2199,#1195,.T.);
#3199=EDGE_CURVE('',#2265,#2263,#1249,.T.);
#3201=EDGE_CURVE('',#2265,#2261,#1185,.T.);
#3212=EDGE_CURVE('',#2261,#2267,#1190,.T.);
#3214=EDGE_CURVE('',#2263,#2267,#1239,.T.);
#3227=EDGE_CURVE('',#2129,#2263,#1234,.T.);
#3231=EDGE_CURVE('',#2128,#2261,#1244,.T.);
#3254=EDGE_CURVE('',#2269,#2200,#1272,.T.);
#3257=EDGE_CURVE('',#2271,#2201,#1303,.T.);
#3259=EDGE_CURVE('',#2273,#2271,#1329,.T.);
#3261=EDGE_CURVE('',#2273,#2269,#1293,.T.);
#3297=EDGE_CURVE('',#2277,#2174,#1352,.T.);
#3300=EDGE_CURVE('',#2279,#2175,#1383,.T.);
#3302=EDGE_CURVE('',#2281,#2279,#1437,.T.);
#3304=EDGE_CURVE('',#2281,#2277,#1373,.T.);
#3315=EDGE_CURVE('',#2277,#2283,#1378,.T.);
#3317=EDGE_CURVE('',#2279,#2283,#1427,.T.);
#3330=EDGE_CURVE('',#2151,#2279,#1422,.T.);
#3334=EDGE_CURVE('',#2150,#2277,#1432,.T.);
#3357=EDGE_CURVE('',#2285,#2176,#1460,.T.);
#3360=EDGE_CURVE('',#2287,#2177,#1491,.T.);
#3362=EDGE_CURVE('',#2289,#2287,#1545,.T.);
#3364=EDGE_CURVE('',#2289,#2285,#1481,.T.);
#3375=EDGE_CURVE('',#2285,#2291,#1486,.T.);
#3377=EDGE_CURVE('',#2287,#2291,#1535,.T.);
#3390=EDGE_CURVE('',#2149,#2287,#1530,.T.);
#3394=EDGE_CURVE('',#2148,#2285,#1540,.T.);
#3417=EDGE_CURVE('',#2293,#2178,#1568,.T.);
#3420=EDGE_CURVE('',#2295,#2179,#1599,.T.);
#3422=EDGE_CURVE('',#2297,#2295,#1653,.T.);
#3424=EDGE_CURVE('',#2297,#2293,#1589,.T.);
#3435=EDGE_CURVE('',#2293,#2299,#1594,.T.);
#3437=EDGE_CURVE('',#2295,#2299,#1643,.T.);
#3450=EDGE_CURVE('',#2147,#2295,#1638,.T.);
#3454=EDGE_CURVE('',#2146,#2293,#1648,.T.);
#3477=EDGE_CURVE('',#2301,#2180,#1676,.T.);
#3480=EDGE_CURVE('',#2303,#2181,#1707,.T.);
#3482=EDGE_CURVE('',#2305,#2303,#1761,.T.);
#3484=EDGE_CURVE('',#2305,#2301,#1697,.T.);
#3495=EDGE_CURVE('',#2301,#2307,#1702,.T.);
#3497=EDGE_CURVE('',#2303,#2307,#1751,.T.);
#3510=EDGE_CURVE('',#2145,#2303,#1746,.T.);
#3514=EDGE_CURVE('',#2144,#2301,#1756,.T.);
#3537=EDGE_CURVE('',#2309,#2182,#1784,.T.);
#3540=EDGE_CURVE('',#2311,#2183,#1815,.T.);
#3542=EDGE_CURVE('',#2313,#2311,#1869,.T.);
#3544=EDGE_CURVE('',#2313,#2309,#1805,.T.);
#3555=EDGE_CURVE('',#2309,#2315,#1810,.T.);
#3557=EDGE_CURVE('',#2311,#2315,#1859,.T.);
#3570=EDGE_CURVE('',#2143,#2311,#1854,.T.);
#3574=EDGE_CURVE('',#2142,#2309,#1864,.T.);
#3597=EDGE_CURVE('',#2317,#2184,#1892,.T.);
#3600=EDGE_CURVE('',#2319,#2185,#1923,.T.);
#3602=EDGE_CURVE('',#2321,#2319,#1977,.T.);
#3604=EDGE_CURVE('',#2321,#2317,#1913,.T.);
#3615=EDGE_CURVE('',#2317,#2323,#1918,.T.);
#3617=EDGE_CURVE('',#2319,#2323,#1967,.T.);
#3630=EDGE_CURVE('',#2141,#2319,#1962,.T.);
#3634=EDGE_CURVE('',#2140,#2317,#1972,.T.);
#3657=EDGE_CURVE('',#2325,#2186,#2000,.T.);
#3660=EDGE_CURVE('',#2327,#2187,#2031,.T.);
#3662=EDGE_CURVE('',#2329,#2327,#2085,.T.);
#3664=EDGE_CURVE('',#2329,#2325,#2021,.T.);
#3675=EDGE_CURVE('',#2325,#2331,#2026,.T.);
#3677=EDGE_CURVE('',#2327,#2331,#2075,.T.);
#3690=EDGE_CURVE('',#2139,#2327,#2070,.T.);
#3694=EDGE_CURVE('',#2138,#2325,#2080,.T.);
#3722=CIRCLE('',#3721,7.5E-2);
#3727=CIRCLE('',#3726,5.63125E0);
#3732=CIRCLE('',#3731,5.55625E0);
#3737=CIRCLE('',#3736,5.55625E0);
#3742=CIRCLE('',#3741,5.15E0);
#3747=CIRCLE('',#3746,5.15E0);
#3752=CIRCLE('',#3751,7.5E-2);
#3757=CIRCLE('',#3756,5.63125E0);
#3766=CIRCLE('',#3765,5.425E0);
#3771=CIRCLE('',#3770,8.25E-1);
#3776=CIRCLE('',#3775,5.63125E0);
#3781=CIRCLE('',#3780,5.63125E0);
#3786=CIRCLE('',#3785,8.25E-1);
#3791=CIRCLE('',#3790,5.63125E0);
#3796=CIRCLE('',#3795,8.25E-1);
#3809=CIRCLE('',#3808,7.5E-2);
#3814=CIRCLE('',#3813,5.63125E0);
#3819=CIRCLE('',#3818,5.63125E0);
#3824=CIRCLE('',#3823,7.5E-2);
#3829=CIRCLE('',#3828,5.55625E0);
#3834=CIRCLE('',#3833,5.55625E0);
#3839=CIRCLE('',#3838,5.15E0);
#3844=CIRCLE('',#3843,5.15E0);
#3849=CIRCLE('',#3848,1.5E-1);
#3854=CIRCLE('',#3853,5.E0);
#3859=CIRCLE('',#3858,1.5E-1);
#3864=CIRCLE('',#3863,5.E0);
#3873=CIRCLE('',#3872,1.5E-1);
#3878=CIRCLE('',#3877,5.E0);
#3883=CIRCLE('',#3882,5.E0);
#3888=CIRCLE('',#3887,1.5E-1);
#3897=CIRCLE('',#3896,5.425E0);
#3902=CIRCLE('',#3901,8.25E-1);
#3907=CIRCLE('',#3906,5.63125E0);
#3957=EDGE_CURVE('',#3938,#3939,#3727,.T.);
#3959=EDGE_CURVE('',#3938,#3933,#3717,.T.);
#3961=EDGE_CURVE('',#3935,#3933,#3907,.T.);
#3963=EDGE_CURVE('',#3939,#3935,#3761,.T.);
#3973=EDGE_CURVE('',#3942,#3943,#3732,.T.);
#3975=EDGE_CURVE('',#3942,#3938,#3722,.T.);
#3978=EDGE_CURVE('',#3943,#3939,#3752,.T.);
#3989=EDGE_CURVE('',#3943,#3942,#3737,.T.);
#3993=EDGE_CURVE('',#3946,#3947,#3742,.T.);
#3995=EDGE_CURVE('',#3947,#3946,#3747,.T.);
#4006=EDGE_CURVE('',#3939,#3938,#3757,.T.);
#4019=EDGE_CURVE('',#3933,#3935,#3776,.T.);
#4031=EDGE_CURVE('',#3931,#3929,#3766,.T.);
#4033=EDGE_CURVE('',#3929,#3933,#3771,.T.);
#4036=EDGE_CURVE('',#3931,#3935,#3902,.T.);
#4046=EDGE_CURVE('',#3927,#3931,#3796,.T.);
#4048=EDGE_CURVE('',#3927,#3926,#3781,.T.);
#4050=EDGE_CURVE('',#3926,#3929,#3786,.T.);
#4062=EDGE_CURVE('',#3926,#3927,#3791,.T.);
#4065=EDGE_CURVE('',#3929,#3931,#3897,.T.);
#4076=EDGE_CURVE('',#3926,#3923,#3800,.T.);
#4078=EDGE_CURVE('',#3922,#3923,#3819,.T.);
#4080=EDGE_CURVE('',#3927,#3922,#3804,.T.);
#4091=EDGE_CURVE('',#3923,#3922,#3814,.T.);
#4103=EDGE_CURVE('',#3922,#3918,#3809,.T.);
#4105=EDGE_CURVE('',#3919,#3918,#3834,.T.);
#4107=EDGE_CURVE('',#3923,#3919,#3824,.T.);
#4120=EDGE_CURVE('',#3918,#3919,#3829,.T.);
#4135=EDGE_CURVE('',#3910,#3911,#3839,.T.);
#4137=EDGE_CURVE('',#3911,#3910,#3844,.T.);
#4148=EDGE_CURVE('',#3910,#3913,#3849,.T.);
#4150=EDGE_CURVE('',#3913,#3915,#3854,.T.);
#4152=EDGE_CURVE('',#3911,#3915,#3859,.T.);
#4163=EDGE_CURVE('',#3915,#3913,#3864,.T.);
#4175=EDGE_CURVE('',#3951,#3950,#3878,.T.);
#4177=EDGE_CURVE('',#3951,#3913,#3868,.T.);
#4180=EDGE_CURVE('',#3950,#3915,#3892,.T.);
#4190=EDGE_CURVE('',#3950,#3946,#3873,.T.);
#4193=EDGE_CURVE('',#3951,#3947,#3888,.T.);
#4204=EDGE_CURVE('',#3950,#3951,#3883,.T.);
#4250=CIRCLE('',#4249,6.86875E0);
#4255=CIRCLE('',#4254,8.25E-1);
#4260=CIRCLE('',#4259,8.25E-1);
#4265=CIRCLE('',#4264,6.86875E0);
#4274=CIRCLE('',#4273,7.5E-2);
#4279=CIRCLE('',#4278,6.86875E0);
#4284=CIRCLE('',#4283,6.86875E0);
#4289=CIRCLE('',#4288,7.5E-2);
#4298=CIRCLE('',#4297,8.25E-1);
#4303=CIRCLE('',#4302,6.86875E0);
#4308=CIRCLE('',#4307,6.86875E0);
#4313=CIRCLE('',#4312,8.25E-1);
#4318=CIRCLE('',#4317,7.35E0);
#4323=CIRCLE('',#4322,7.35E0);
#4328=CIRCLE('',#4327,6.94375E0);
#4333=CIRCLE('',#4332,6.94375E0);
#4338=CIRCLE('',#4337,1.5E-1);
#4343=CIRCLE('',#4342,7.5E0);
#4348=CIRCLE('',#4347,1.5E-1);
#4353=CIRCLE('',#4352,7.5E0);
#4366=CIRCLE('',#4365,7.5E0);
#4371=CIRCLE('',#4370,1.5E-1);
#4376=CIRCLE('',#4375,1.5E-1);
#4381=CIRCLE('',#4380,7.5E0);
#4386=CIRCLE('',#4385,7.35E0);
#4391=CIRCLE('',#4390,7.35E0);
#4396=CIRCLE('',#4395,6.94375E0);
#4401=CIRCLE('',#4400,6.94375E0);
#4406=CIRCLE('',#4405,7.5E-2);
#4411=CIRCLE('',#4410,6.86875E0);
#4416=CIRCLE('',#4415,7.5E-2);
#4421=CIRCLE('',#4420,6.86875E0);
#4471=EDGE_CURVE('',#4453,#4449,#4241,.T.);
#4473=EDGE_CURVE('',#4447,#4449,#4411,.T.);
#4475=EDGE_CURVE('',#4452,#4447,#4245,.T.);
#4477=EDGE_CURVE('',#4453,#4452,#4303,.T.);
#4487=EDGE_CURVE('',#4452,#4453,#4265,.T.);
#4490=EDGE_CURVE('',#4449,#4447,#4421,.T.);
#4501=EDGE_CURVE('',#4456,#4457,#4250,.T.);
#4503=EDGE_CURVE('',#4457,#4459,#4255,.T.);
#4505=EDGE_CURVE('',#4459,#4452,#4260,.T.);
#4508=EDGE_CURVE('',#4461,#4453,#4298,.T.);
#4510=EDGE_CURVE('',#4456,#4461,#4313,.T.);
#4520=EDGE_CURVE('',#4464,#4465,#4279,.T.);
#4522=EDGE_CURVE('',#4464,#4457,#4269,.T.);
#4525=EDGE_CURVE('',#4465,#4456,#4293,.T.);
#4535=EDGE_CURVE('',#4465,#4440,#4274,.T.);
#4537=EDGE_CURVE('',#4441,#4440,#4333,.T.);
#4539=EDGE_CURVE('',#4464,#4441,#4289,.T.);
#4550=EDGE_CURVE('',#4465,#4464,#4284,.T.);
#4553=EDGE_CURVE('',#4440,#4441,#4328,.T.);
#4565=EDGE_CURVE('',#4457,#4456,#4308,.T.);
#4591=EDGE_CURVE('',#4436,#4437,#4318,.T.);
#4593=EDGE_CURVE('',#4437,#4436,#4323,.T.);
#4608=EDGE_CURVE('',#4436,#4432,#4338,.T.);
#4610=EDGE_CURVE('',#4432,#4433,#4343,.T.);
#4612=EDGE_CURVE('',#4437,#4433,#4348,.T.);
#4623=EDGE_CURVE('',#4433,#4432,#4353,.T.);
#4635=EDGE_CURVE('',#4433,#4424,#4357,.T.);
#4637=EDGE_CURVE('',#4425,#4424,#4381,.T.);
#4639=EDGE_CURVE('',#4432,#4425,#4361,.T.);
#4652=EDGE_CURVE('',#4424,#4425,#4366,.T.);
#4664=EDGE_CURVE('',#4425,#4427,#4371,.T.);
#4666=EDGE_CURVE('',#4429,#4427,#4386,.T.);
#4668=EDGE_CURVE('',#4424,#4429,#4376,.T.);
#4679=EDGE_CURVE('',#4427,#4429,#4391,.T.);
#4695=EDGE_CURVE('',#4444,#4445,#4396,.T.);
#4697=EDGE_CURVE('',#4445,#4444,#4401,.T.);
#4708=EDGE_CURVE('',#4444,#4447,#4406,.T.);
#4711=EDGE_CURVE('',#4445,#4449,#4416,.T.);
#4730=(LENGTH_UNIT()NAMED_UNIT(*)SI_UNIT(.MILLI.,.METRE.));
#4732=(NAMED_UNIT(*)PLANE_ANGLE_UNIT()SI_UNIT($,.RADIAN.));
#4735=(NAMED_UNIT(*)SI_UNIT($,.STERADIAN.)SOLID_ANGLE_UNIT());
#4738=ADVANCED_BREP_SHAPE_REPRESENTATION('',(#3713,#4237,#4729),#4737);
#4745=PRODUCT_DEFINITION('design','',#4744,#4741);
#4746=PRODUCT_DEFINITION_SHAPE('','SHAPE FOR 6700ZZ_-_EA032.',#4745);
#4747=SHAPE_DEFINITION_REPRESENTATION(#4746,#4738);
ENDSEC;
END-ISO-10303-21;
