ISO-10303-21;
HEADER;
FILE_DESCRIPTION((''),'2;1');
FILE_NAME('MR52_-_EA003','2025-12-19T16:40:30',('qinghui.yi'),(''),
'CREO PARAMETRIC BY PTC INC, 2019164','CREO PARAMETRIC BY PTC INC, 2019164','');
FILE_SCHEMA(('CONFIG_CONTROL_DESIGN','SHAPE_APPEARANCE_LAYERS_GROUPS'));
ENDSEC;
DATA;
#204=CARTESIAN_POINT('',(-1.1E0,0.E0,2.0625E0));
#205=DIRECTION('',(0.E0,-1.E0,0.E0));
#206=DIRECTION('',(1.E0,0.E0,0.E0));
#207=AXIS2_PLACEMENT_3D('',#204,#205,#206);
#209=CARTESIAN_POINT('',(-1.1E0,0.E0,2.0625E0));
#210=DIRECTION('',(0.E0,-1.E0,0.E0));
#211=DIRECTION('',(0.E0,0.E0,1.E0));
#212=AXIS2_PLACEMENT_3D('',#209,#210,#211);
#214=CARTESIAN_POINT('',(-1.11E0,0.E0,0.E0));
#215=DIRECTION('',(1.E0,0.E0,0.E0));
#216=DIRECTION('',(0.E0,0.E0,1.E0));
#217=AXIS2_PLACEMENT_3D('',#214,#215,#216);
#219=CARTESIAN_POINT('',(-1.083333333333E0,0.E0,0.E0));
#220=DIRECTION('',(1.E0,0.E0,0.E0));
#221=DIRECTION('',(0.E0,0.E0,-1.E0));
#222=AXIS2_PLACEMENT_3D('',#219,#220,#221);
#224=CARTESIAN_POINT('',(-1.083333333333E0,0.E0,0.E0));
#225=DIRECTION('',(1.E0,0.E0,0.E0));
#226=DIRECTION('',(0.E0,0.E0,1.E0));
#227=AXIS2_PLACEMENT_3D('',#224,#225,#226);
#229=CARTESIAN_POINT('',(-1.083333333333E0,0.E0,0.E0));
#230=DIRECTION('',(-1.E0,0.E0,0.E0));
#231=DIRECTION('',(0.E0,0.E0,1.E0));
#232=AXIS2_PLACEMENT_3D('',#229,#230,#231);
#234=CARTESIAN_POINT('',(-1.083333333333E0,0.E0,0.E0));
#235=DIRECTION('',(-1.E0,0.E0,0.E0));
#236=DIRECTION('',(0.E0,0.E0,-1.E0));
#237=AXIS2_PLACEMENT_3D('',#234,#235,#236);
#239=CARTESIAN_POINT('',(-1.1E0,0.E0,-2.0625E0));
#240=DIRECTION('',(0.E0,1.E0,0.E0));
#241=DIRECTION('',(0.E0,0.E0,-1.E0));
#242=AXIS2_PLACEMENT_3D('',#239,#240,#241);
#244=CARTESIAN_POINT('',(-1.11E0,0.E0,0.E0));
#245=DIRECTION('',(1.E0,0.E0,0.E0));
#246=DIRECTION('',(0.E0,0.E0,-1.E0));
#247=AXIS2_PLACEMENT_3D('',#244,#245,#246);
#249=CARTESIAN_POINT('',(-1.1E0,0.E0,-2.0625E0));
#250=DIRECTION('',(0.E0,1.E0,0.E0));
#251=DIRECTION('',(1.E0,0.E0,0.E0));
#252=AXIS2_PLACEMENT_3D('',#249,#250,#251);
#254=DIRECTION('',(7.999999999991E-1,0.E0,6.000000000012E-1));
#255=VECTOR('',#254,8.749999999980E-2);
#256=CARTESIAN_POINT('',(-1.18E0,0.E0,2.023333333333E0));
#257=LINE('',#256,#255);
#258=DIRECTION('',(7.999999999991E-1,0.E0,-6.000000000012E-1));
#259=VECTOR('',#258,8.749999999980E-2);
#260=CARTESIAN_POINT('',(-1.18E0,0.E0,-2.023333333333E0));
#261=LINE('',#260,#259);
#262=CARTESIAN_POINT('',(-1.2E0,0.E0,0.E0));
#263=DIRECTION('',(1.E0,0.E0,0.E0));
#264=DIRECTION('',(0.E0,0.E0,1.E0));
#265=AXIS2_PLACEMENT_3D('',#262,#263,#264);
#267=CARTESIAN_POINT('',(-1.18E0,0.E0,0.E0));
#268=DIRECTION('',(-1.E0,0.E0,0.E0));
#269=DIRECTION('',(0.E0,0.E0,-1.E0));
#270=AXIS2_PLACEMENT_3D('',#267,#268,#269);
#272=DIRECTION('',(-5.999999999976E-1,0.E0,8.000000000018E-1));
#273=VECTOR('',#272,3.333333333360E-2);
#274=CARTESIAN_POINT('',(-1.18E0,0.E0,2.023333333333E0));
#275=LINE('',#274,#273);
#276=DIRECTION('',(-1.E0,0.E0,-1.216804434987E-12));
#277=VECTOR('',#276,5.000000000008E-2);
#278=CARTESIAN_POINT('',(-1.2E0,0.E0,2.05E0));
#279=LINE('',#278,#277);
#280=DIRECTION('',(-1.E0,0.E0,1.216804434987E-12));
#281=VECTOR('',#280,5.000000000008E-2);
#282=CARTESIAN_POINT('',(-1.2E0,0.E0,-2.05E0));
#283=LINE('',#282,#281);
#284=CARTESIAN_POINT('',(-1.2E0,0.E0,0.E0));
#285=DIRECTION('',(1.E0,0.E0,0.E0));
#286=DIRECTION('',(0.E0,0.E0,-1.E0));
#287=AXIS2_PLACEMENT_3D('',#284,#285,#286);
#289=CARTESIAN_POINT('',(-1.18E0,0.E0,0.E0));
#290=DIRECTION('',(-1.E0,0.E0,0.E0));
#291=DIRECTION('',(0.E0,0.E0,1.E0));
#292=AXIS2_PLACEMENT_3D('',#289,#290,#291);
#294=DIRECTION('',(-5.999999999976E-1,0.E0,-8.000000000018E-1));
#295=VECTOR('',#294,3.333333333360E-2);
#296=CARTESIAN_POINT('',(-1.18E0,0.E0,-2.023333333333E0));
#297=LINE('',#296,#295);
#298=CARTESIAN_POINT('',(-1.25E0,0.E0,0.E0));
#299=DIRECTION('',(1.E0,0.E0,0.E0));
#300=DIRECTION('',(0.E0,0.E0,-1.E0));
#301=AXIS2_PLACEMENT_3D('',#298,#299,#300);
#303=CARTESIAN_POINT('',(-1.25E0,0.E0,0.E0));
#304=DIRECTION('',(1.E0,0.E0,0.E0));
#305=DIRECTION('',(0.E0,0.E0,1.E0));
#306=AXIS2_PLACEMENT_3D('',#303,#304,#305);
#308=CARTESIAN_POINT('',(-1.25E0,0.E0,0.E0));
#309=DIRECTION('',(-1.E0,0.E0,0.E0));
#310=DIRECTION('',(0.E0,0.E0,1.E0));
#311=AXIS2_PLACEMENT_3D('',#308,#309,#310);
#313=CARTESIAN_POINT('',(-1.25E0,0.E0,0.E0));
#314=DIRECTION('',(-1.E0,0.E0,0.E0));
#315=DIRECTION('',(0.E0,0.E0,-1.E0));
#316=AXIS2_PLACEMENT_3D('',#313,#314,#315);
#318=CARTESIAN_POINT('',(-1.15E0,0.E0,0.E0));
#319=DIRECTION('',(1.E0,0.E0,0.E0));
#320=DIRECTION('',(0.E0,0.E0,-1.E0));
#321=AXIS2_PLACEMENT_3D('',#318,#319,#320);
#323=CARTESIAN_POINT('',(-1.15E0,0.E0,2.4E0));
#324=DIRECTION('',(0.E0,-1.E0,0.E0));
#325=DIRECTION('',(0.E0,0.E0,1.E0));
#326=AXIS2_PLACEMENT_3D('',#323,#324,#325);
#328=DIRECTION('',(-1.E0,0.E0,0.E0));
#329=VECTOR('',#328,2.3E0);
#330=CARTESIAN_POINT('',(1.15E0,0.E0,2.5E0));
#331=LINE('',#330,#329);
#332=CARTESIAN_POINT('',(1.15E0,0.E0,2.4E0));
#333=DIRECTION('',(0.E0,-1.E0,0.E0));
#334=DIRECTION('',(1.E0,0.E0,0.E0));
#335=AXIS2_PLACEMENT_3D('',#332,#333,#334);
#337=CARTESIAN_POINT('',(1.15E0,0.E0,0.E0));
#338=DIRECTION('',(-1.E0,0.E0,0.E0));
#339=DIRECTION('',(0.E0,0.E0,1.E0));
#340=AXIS2_PLACEMENT_3D('',#337,#338,#339);
#342=CARTESIAN_POINT('',(1.25E0,0.E0,0.E0));
#343=DIRECTION('',(-1.E0,0.E0,0.E0));
#344=DIRECTION('',(0.E0,0.E0,1.E0));
#345=AXIS2_PLACEMENT_3D('',#342,#343,#344);
#347=CARTESIAN_POINT('',(1.25E0,0.E0,0.E0));
#348=DIRECTION('',(-1.E0,0.E0,0.E0));
#349=DIRECTION('',(0.E0,0.E0,-1.E0));
#350=AXIS2_PLACEMENT_3D('',#347,#348,#349);
#352=CARTESIAN_POINT('',(1.25E0,0.E0,0.E0));
#353=DIRECTION('',(1.E0,0.E0,0.E0));
#354=DIRECTION('',(0.E0,0.E0,-1.E0));
#355=AXIS2_PLACEMENT_3D('',#352,#353,#354);
#357=CARTESIAN_POINT('',(1.25E0,0.E0,0.E0));
#358=DIRECTION('',(1.E0,0.E0,0.E0));
#359=DIRECTION('',(0.E0,0.E0,1.E0));
#360=AXIS2_PLACEMENT_3D('',#357,#358,#359);
#362=CARTESIAN_POINT('',(1.15E0,0.E0,-2.4E0));
#363=DIRECTION('',(0.E0,1.E0,0.E0));
#364=DIRECTION('',(1.E0,0.E0,0.E0));
#365=AXIS2_PLACEMENT_3D('',#362,#363,#364);
#367=CARTESIAN_POINT('',(1.15E0,0.E0,0.E0));
#368=DIRECTION('',(-1.E0,0.E0,0.E0));
#369=DIRECTION('',(0.E0,0.E0,-1.E0));
#370=AXIS2_PLACEMENT_3D('',#367,#368,#369);
#372=DIRECTION('',(-1.E0,0.E0,0.E0));
#373=VECTOR('',#372,2.3E0);
#374=CARTESIAN_POINT('',(1.15E0,0.E0,-2.5E0));
#375=LINE('',#374,#373);
#376=CARTESIAN_POINT('',(-1.15E0,0.E0,-2.4E0));
#377=DIRECTION('',(0.E0,1.E0,0.E0));
#378=DIRECTION('',(0.E0,0.E0,-1.E0));
#379=AXIS2_PLACEMENT_3D('',#376,#377,#378);
#381=CARTESIAN_POINT('',(-1.15E0,0.E0,0.E0));
#382=DIRECTION('',(1.E0,0.E0,0.E0));
#383=DIRECTION('',(0.E0,0.E0,1.E0));
#384=AXIS2_PLACEMENT_3D('',#381,#382,#383);
#386=DIRECTION('',(-1.E0,0.E0,-1.216804434987E-12));
#387=VECTOR('',#386,5.000000000008E-2);
#388=CARTESIAN_POINT('',(1.25E0,0.E0,-2.05E0));
#389=LINE('',#388,#387);
#390=CARTESIAN_POINT('',(1.2E0,0.E0,0.E0));
#391=DIRECTION('',(-1.E0,0.E0,0.E0));
#392=DIRECTION('',(0.E0,0.E0,1.E0));
#393=AXIS2_PLACEMENT_3D('',#390,#391,#392);
#395=DIRECTION('',(5.999999999976E-1,0.E0,8.000000000018E-1));
#396=VECTOR('',#395,3.333333333360E-2);
#397=CARTESIAN_POINT('',(1.18E0,0.E0,2.023333333333E0));
#398=LINE('',#397,#396);
#399=CARTESIAN_POINT('',(1.2E0,0.E0,0.E0));
#400=DIRECTION('',(-1.E0,0.E0,0.E0));
#401=DIRECTION('',(0.E0,0.E0,-1.E0));
#402=AXIS2_PLACEMENT_3D('',#399,#400,#401);
#404=DIRECTION('',(5.999999999976E-1,0.E0,-8.000000000018E-1));
#405=VECTOR('',#404,3.333333333360E-2);
#406=CARTESIAN_POINT('',(1.18E0,0.E0,-2.023333333333E0));
#407=LINE('',#406,#405);
#408=DIRECTION('',(-1.E0,0.E0,1.216804434987E-12));
#409=VECTOR('',#408,5.000000000008E-2);
#410=CARTESIAN_POINT('',(1.25E0,0.E0,2.05E0));
#411=LINE('',#410,#409);
#412=DIRECTION('',(-7.999999999991E-1,0.E0,6.000000000012E-1));
#413=VECTOR('',#412,8.749999999980E-2);
#414=CARTESIAN_POINT('',(1.18E0,0.E0,2.023333333333E0));
#415=LINE('',#414,#413);
#416=CARTESIAN_POINT('',(1.18E0,0.E0,0.E0));
#417=DIRECTION('',(-1.E0,0.E0,0.E0));
#418=DIRECTION('',(0.E0,0.E0,-1.E0));
#419=AXIS2_PLACEMENT_3D('',#416,#417,#418);
#421=CARTESIAN_POINT('',(1.18E0,0.E0,0.E0));
#422=DIRECTION('',(-1.E0,0.E0,0.E0));
#423=DIRECTION('',(0.E0,0.E0,1.E0));
#424=AXIS2_PLACEMENT_3D('',#421,#422,#423);
#426=DIRECTION('',(-7.999999999991E-1,0.E0,-6.000000000012E-1));
#427=VECTOR('',#426,8.749999999980E-2);
#428=CARTESIAN_POINT('',(1.18E0,0.E0,-2.023333333333E0));
#429=LINE('',#428,#427);
#430=CARTESIAN_POINT('',(1.1E0,0.E0,2.0625E0));
#431=DIRECTION('',(0.E0,1.E0,0.E0));
#432=DIRECTION('',(-1.E0,0.E0,0.E0));
#433=AXIS2_PLACEMENT_3D('',#430,#431,#432);
#435=CARTESIAN_POINT('',(1.1E0,0.E0,2.0625E0));
#436=DIRECTION('',(0.E0,1.E0,0.E0));
#437=DIRECTION('',(0.E0,0.E0,1.E0));
#438=AXIS2_PLACEMENT_3D('',#435,#436,#437);
#440=CARTESIAN_POINT('',(1.11E0,0.E0,0.E0));
#441=DIRECTION('',(-1.E0,0.E0,0.E0));
#442=DIRECTION('',(0.E0,0.E0,1.E0));
#443=AXIS2_PLACEMENT_3D('',#440,#441,#442);
#445=CARTESIAN_POINT('',(1.083333333333E0,0.E0,0.E0));
#446=DIRECTION('',(-1.E0,0.E0,0.E0));
#447=DIRECTION('',(0.E0,0.E0,1.E0));
#448=AXIS2_PLACEMENT_3D('',#445,#446,#447);
#450=CARTESIAN_POINT('',(1.083333333333E0,0.E0,0.E0));
#451=DIRECTION('',(-1.E0,0.E0,0.E0));
#452=DIRECTION('',(0.E0,0.E0,-1.E0));
#453=AXIS2_PLACEMENT_3D('',#450,#451,#452);
#455=CARTESIAN_POINT('',(1.083333333333E0,0.E0,0.E0));
#456=DIRECTION('',(1.E0,0.E0,0.E0));
#457=DIRECTION('',(0.E0,0.E0,-1.E0));
#458=AXIS2_PLACEMENT_3D('',#455,#456,#457);
#460=CARTESIAN_POINT('',(1.083333333333E0,0.E0,0.E0));
#461=DIRECTION('',(1.E0,0.E0,0.E0));
#462=DIRECTION('',(0.E0,0.E0,1.E0));
#463=AXIS2_PLACEMENT_3D('',#460,#461,#462);
#465=CARTESIAN_POINT('',(1.1E0,0.E0,-2.0625E0));
#466=DIRECTION('',(0.E0,-1.E0,0.E0));
#467=DIRECTION('',(0.E0,0.E0,-1.E0));
#468=AXIS2_PLACEMENT_3D('',#465,#466,#467);
#470=CARTESIAN_POINT('',(1.11E0,0.E0,0.E0));
#471=DIRECTION('',(-1.E0,0.E0,0.E0));
#472=DIRECTION('',(0.E0,0.E0,-1.E0));
#473=AXIS2_PLACEMENT_3D('',#470,#471,#472);
#475=CARTESIAN_POINT('',(1.1E0,0.E0,-2.0625E0));
#476=DIRECTION('',(0.E0,-1.E0,0.E0));
#477=DIRECTION('',(-1.E0,0.E0,0.E0));
#478=AXIS2_PLACEMENT_3D('',#475,#476,#477);
#480=CARTESIAN_POINT('',(1.095346394976E0,0.E0,0.E0));
#481=DIRECTION('',(1.E0,0.E0,0.E0));
#482=DIRECTION('',(0.E0,0.E0,-1.E0));
#483=AXIS2_PLACEMENT_3D('',#480,#481,#482);
#485=CARTESIAN_POINT('',(1.116720050395E0,0.E0,2.03125E0));
#486=DIRECTION('',(0.E0,1.E0,0.E0));
#487=DIRECTION('',(-6.401843996615E-1,0.E0,-7.682212795998E-1));
#488=AXIS2_PLACEMENT_3D('',#485,#486,#487);
#490=DIRECTION('',(-7.682212795978E-1,0.E0,6.401843996639E-1));
#491=VECTOR('',#490,7.033125270124E-2);
#492=CARTESIAN_POINT('',(1.149376359922E0,0.E0,1.960576642709E0));
#493=LINE('',#492,#491);
#494=DIRECTION('',(-7.682212795978E-1,0.E0,-6.401843996639E-1));
#495=VECTOR('',#494,7.033125270124E-2);
#496=CARTESIAN_POINT('',(1.149376359922E0,0.E0,-1.960576642709E0));
#497=LINE('',#496,#495);
#498=CARTESIAN_POINT('',(1.149376359922E0,0.E0,0.E0));
#499=DIRECTION('',(-1.E0,0.E0,0.E0));
#500=DIRECTION('',(0.E0,0.E0,-1.E0));
#501=AXIS2_PLACEMENT_3D('',#498,#499,#500);
#503=CARTESIAN_POINT('',(1.E0,0.E0,1.781325010803E0));
#504=DIRECTION('',(0.E0,1.E0,0.E0));
#505=DIRECTION('',(6.401843996653E-1,0.E0,7.682212795967E-1));
#506=AXIS2_PLACEMENT_3D('',#503,#504,#505);
#508=CARTESIAN_POINT('',(1.E0,0.E0,-1.781325010803E0));
#509=DIRECTION('',(0.E0,-1.E0,0.E0));
#510=DIRECTION('',(6.401843996653E-1,0.E0,-7.682212795967E-1));
#511=AXIS2_PLACEMENT_3D('',#508,#509,#510);
#513=CARTESIAN_POINT('',(1.149376359922E0,0.E0,0.E0));
#514=DIRECTION('',(-1.E0,0.E0,0.E0));
#515=DIRECTION('',(0.E0,0.E0,1.E0));
#516=AXIS2_PLACEMENT_3D('',#513,#514,#515);
#518=CARTESIAN_POINT('',(1.233333333333E0,0.E0,0.E0));
#519=DIRECTION('',(-1.E0,0.E0,0.E0));
#520=DIRECTION('',(0.E0,0.E0,1.E0));
#521=AXIS2_PLACEMENT_3D('',#518,#519,#520);
#523=CARTESIAN_POINT('',(1.233333333333E0,0.E0,0.E0));
#524=DIRECTION('',(-1.E0,0.E0,0.E0));
#525=DIRECTION('',(0.E0,0.E0,-1.E0));
#526=AXIS2_PLACEMENT_3D('',#523,#524,#525);
#528=CARTESIAN_POINT('',(1.233333333333E0,0.E0,0.E0));
#529=DIRECTION('',(1.E0,0.E0,0.E0));
#530=DIRECTION('',(0.E0,0.E0,-1.E0));
#531=AXIS2_PLACEMENT_3D('',#528,#529,#530);
#533=CARTESIAN_POINT('',(1.233333333333E0,0.E0,0.E0));
#534=DIRECTION('',(1.E0,0.E0,0.E0));
#535=DIRECTION('',(0.E0,0.E0,1.E0));
#536=AXIS2_PLACEMENT_3D('',#533,#534,#535);
#538=DIRECTION('',(1.E0,0.E0,0.E0));
#539=VECTOR('',#538,3.333333333300E-2);
#540=CARTESIAN_POINT('',(1.2E0,0.E0,1.45E0));
#541=LINE('',#540,#539);
#542=CARTESIAN_POINT('',(1.2E0,0.E0,0.E0));
#543=DIRECTION('',(1.E0,0.E0,0.E0));
#544=DIRECTION('',(0.E0,0.E0,-1.E0));
#545=AXIS2_PLACEMENT_3D('',#542,#543,#544);
#547=CARTESIAN_POINT('',(1.2E0,0.E0,0.E0));
#548=DIRECTION('',(1.E0,0.E0,0.E0));
#549=DIRECTION('',(0.E0,0.E0,1.E0));
#550=AXIS2_PLACEMENT_3D('',#547,#548,#549);
#552=CARTESIAN_POINT('',(1.2E0,0.E0,0.E0));
#553=DIRECTION('',(-1.E0,0.E0,0.E0));
#554=DIRECTION('',(0.E0,0.E0,1.E0));
#555=AXIS2_PLACEMENT_3D('',#552,#553,#554);
#557=CARTESIAN_POINT('',(1.2E0,0.E0,0.E0));
#558=DIRECTION('',(-1.E0,0.E0,0.E0));
#559=DIRECTION('',(0.E0,0.E0,-1.E0));
#560=AXIS2_PLACEMENT_3D('',#557,#558,#559);
#562=CARTESIAN_POINT('',(1.128036879933E0,0.E0,0.E0));
#563=DIRECTION('',(1.E0,0.E0,0.E0));
#564=DIRECTION('',(0.E0,0.E0,-1.E0));
#565=AXIS2_PLACEMENT_3D('',#562,#563,#564);
#567=CARTESIAN_POINT('',(1.E0,0.E0,1.781325010803E0));
#568=DIRECTION('',(0.E0,1.E0,0.E0));
#569=DIRECTION('',(6.401843996635E-1,0.E0,7.682212795982E-1));
#570=AXIS2_PLACEMENT_3D('',#567,#568,#569);
#572=DIRECTION('',(-7.682212795980E-1,0.E0,-6.401843996638E-1));
#573=VECTOR('',#572,7.033125270060E-2);
#574=CARTESIAN_POINT('',(1.128036879933E0,0.E0,-1.934969266723E0));
#575=LINE('',#574,#573);
#576=DIRECTION('',(-7.682212795980E-1,0.E0,6.401843996638E-1));
#577=VECTOR('',#576,7.033125270060E-2);
#578=CARTESIAN_POINT('',(1.128036879933E0,0.E0,1.934969266723E0));
#579=LINE('',#578,#577);
#580=CARTESIAN_POINT('',(1.074006914987E0,0.E0,0.E0));
#581=DIRECTION('',(-1.E0,0.E0,0.E0));
#582=DIRECTION('',(0.E0,0.E0,-1.E0));
#583=AXIS2_PLACEMENT_3D('',#580,#581,#582);
#585=CARTESIAN_POINT('',(1.116720050395E0,0.E0,2.03125E0));
#586=DIRECTION('',(0.E0,1.E0,0.E0));
#587=DIRECTION('',(-6.401843996615E-1,0.E0,-7.682212795998E-1));
#588=AXIS2_PLACEMENT_3D('',#585,#586,#587);
#590=CARTESIAN_POINT('',(1.05E0,0.E0,0.E0));
#591=DIRECTION('',(-1.E0,0.E0,0.E0));
#592=DIRECTION('',(0.E0,0.E0,-1.E0));
#593=AXIS2_PLACEMENT_3D('',#590,#591,#592);
#595=CARTESIAN_POINT('',(1.05E0,0.E0,0.E0));
#596=DIRECTION('',(-1.E0,0.E0,0.E0));
#597=DIRECTION('',(0.E0,0.E0,1.E0));
#598=AXIS2_PLACEMENT_3D('',#595,#596,#597);
#600=CARTESIAN_POINT('',(1.05E0,0.E0,0.E0));
#601=DIRECTION('',(1.E0,0.E0,0.E0));
#602=DIRECTION('',(0.E0,0.E0,-1.E0));
#603=AXIS2_PLACEMENT_3D('',#600,#601,#602);
#605=CARTESIAN_POINT('',(1.05E0,0.E0,0.E0));
#606=DIRECTION('',(1.E0,0.E0,0.E0));
#607=DIRECTION('',(0.E0,0.E0,1.E0));
#608=AXIS2_PLACEMENT_3D('',#605,#606,#607);
#610=CARTESIAN_POINT('',(1.074006914987E0,0.E0,0.E0));
#611=DIRECTION('',(-1.E0,0.E0,0.E0));
#612=DIRECTION('',(0.E0,0.E0,1.E0));
#613=AXIS2_PLACEMENT_3D('',#610,#611,#612);
#615=CARTESIAN_POINT('',(1.116720050395E0,0.E0,-2.03125E0));
#616=DIRECTION('',(0.E0,-1.E0,0.E0));
#617=DIRECTION('',(-6.401843996615E-1,0.E0,7.682212795998E-1));
#618=AXIS2_PLACEMENT_3D('',#615,#616,#617);
#620=DIRECTION('',(-1.E0,0.E0,0.E0));
#621=VECTOR('',#620,7.377501000801E-1);
#622=CARTESIAN_POINT('',(1.05E0,0.E0,-2.E0));
#623=LINE('',#622,#621);
#624=DIRECTION('',(-1.E0,0.E0,0.E0));
#625=VECTOR('',#624,7.377501000801E-1);
#626=CARTESIAN_POINT('',(1.05E0,0.E0,2.E0));
#627=LINE('',#626,#625);
#628=CARTESIAN_POINT('',(3.122498999199E-1,0.E0,0.E0));
#629=DIRECTION('',(-1.E0,0.E0,0.E0));
#630=DIRECTION('',(0.E0,0.E0,-1.E0));
#631=AXIS2_PLACEMENT_3D('',#628,#629,#630);
#633=CARTESIAN_POINT('',(0.E0,0.E0,1.75E0));
#634=DIRECTION('',(0.E0,-1.E0,0.E0));
#635=DIRECTION('',(7.806247497998E-1,0.E0,6.25E-1));
#636=AXIS2_PLACEMENT_3D('',#633,#634,#635);
#638=CARTESIAN_POINT('',(0.E0,0.E0,1.75E0));
#639=DIRECTION('',(0.E0,-1.E0,0.E0));
#640=DIRECTION('',(0.E0,0.E0,1.E0));
#641=AXIS2_PLACEMENT_3D('',#638,#639,#640);
#643=CARTESIAN_POINT('',(-3.122498999199E-1,0.E0,0.E0));
#644=DIRECTION('',(1.E0,0.E0,0.E0));
#645=DIRECTION('',(0.E0,0.E0,1.E0));
#646=AXIS2_PLACEMENT_3D('',#643,#644,#645);
#648=CARTESIAN_POINT('',(0.E0,0.E0,-1.75E0));
#649=DIRECTION('',(0.E0,-1.E0,0.E0));
#650=DIRECTION('',(-7.806247497998E-1,0.E0,-6.25E-1));
#651=AXIS2_PLACEMENT_3D('',#648,#649,#650);
#653=CARTESIAN_POINT('',(0.E0,0.E0,-1.75E0));
#654=DIRECTION('',(0.E0,-1.E0,0.E0));
#655=DIRECTION('',(0.E0,0.E0,-1.E0));
#656=AXIS2_PLACEMENT_3D('',#653,#654,#655);
#658=CARTESIAN_POINT('',(-3.122498999199E-1,0.E0,0.E0));
#659=DIRECTION('',(1.E0,0.E0,0.E0));
#660=DIRECTION('',(0.E0,0.E0,-1.E0));
#661=AXIS2_PLACEMENT_3D('',#658,#659,#660);
#663=CARTESIAN_POINT('',(3.122498999199E-1,0.E0,0.E0));
#664=DIRECTION('',(-1.E0,0.E0,0.E0));
#665=DIRECTION('',(0.E0,0.E0,1.E0));
#666=AXIS2_PLACEMENT_3D('',#663,#664,#665);
#668=DIRECTION('',(-1.E0,0.E0,0.E0));
#669=VECTOR('',#668,7.377501000801E-1);
#670=CARTESIAN_POINT('',(-3.122498999199E-1,0.E0,-2.E0));
#671=LINE('',#670,#669);
#672=DIRECTION('',(-1.E0,0.E0,0.E0));
#673=VECTOR('',#672,7.377501000801E-1);
#674=CARTESIAN_POINT('',(-3.122498999199E-1,0.E0,2.E0));
#675=LINE('',#674,#673);
#676=CARTESIAN_POINT('',(-1.05E0,0.E0,0.E0));
#677=DIRECTION('',(1.E0,0.E0,0.E0));
#678=DIRECTION('',(0.E0,0.E0,-1.E0));
#679=AXIS2_PLACEMENT_3D('',#676,#677,#678);
#681=CARTESIAN_POINT('',(-1.05E0,0.E0,0.E0));
#682=DIRECTION('',(1.E0,0.E0,0.E0));
#683=DIRECTION('',(0.E0,0.E0,1.E0));
#684=AXIS2_PLACEMENT_3D('',#681,#682,#683);
#686=CARTESIAN_POINT('',(-1.05E0,0.E0,0.E0));
#687=DIRECTION('',(-1.E0,0.E0,0.E0));
#688=DIRECTION('',(0.E0,0.E0,1.E0));
#689=AXIS2_PLACEMENT_3D('',#686,#687,#688);
#691=CARTESIAN_POINT('',(-1.05E0,0.E0,0.E0));
#692=DIRECTION('',(-1.E0,0.E0,0.E0));
#693=DIRECTION('',(0.E0,0.E0,-1.E0));
#694=AXIS2_PLACEMENT_3D('',#691,#692,#693);
#696=CARTESIAN_POINT('',(-1.074006914987E0,0.E0,0.E0));
#697=DIRECTION('',(1.E0,0.E0,0.E0));
#698=DIRECTION('',(0.E0,0.E0,-1.E0));
#699=AXIS2_PLACEMENT_3D('',#696,#697,#698);
#701=CARTESIAN_POINT('',(-1.116720050395E0,0.E0,2.03125E0));
#702=DIRECTION('',(0.E0,-1.E0,0.E0));
#703=DIRECTION('',(6.401843996615E-1,0.E0,-7.682212795998E-1));
#704=AXIS2_PLACEMENT_3D('',#701,#702,#703);
#706=CARTESIAN_POINT('',(-1.074006914987E0,0.E0,0.E0));
#707=DIRECTION('',(1.E0,0.E0,0.E0));
#708=DIRECTION('',(0.E0,0.E0,1.E0));
#709=AXIS2_PLACEMENT_3D('',#706,#707,#708);
#711=CARTESIAN_POINT('',(-1.116720050395E0,0.E0,-2.03125E0));
#712=DIRECTION('',(0.E0,1.E0,0.E0));
#713=DIRECTION('',(6.401843996615E-1,0.E0,7.682212795998E-1));
#714=AXIS2_PLACEMENT_3D('',#711,#712,#713);
#716=DIRECTION('',(7.682212795980E-1,0.E0,-6.401843996638E-1));
#717=VECTOR('',#716,7.033125270060E-2);
#718=CARTESIAN_POINT('',(-1.128036879933E0,0.E0,-1.934969266723E0));
#719=LINE('',#718,#717);
#720=CARTESIAN_POINT('',(-1.128036879933E0,0.E0,0.E0));
#721=DIRECTION('',(-1.E0,0.E0,0.E0));
#722=DIRECTION('',(0.E0,0.E0,-1.E0));
#723=AXIS2_PLACEMENT_3D('',#720,#721,#722);
#725=CARTESIAN_POINT('',(-1.E0,0.E0,1.781325010803E0));
#726=DIRECTION('',(0.E0,-1.E0,0.E0));
#727=DIRECTION('',(-6.401843996635E-1,0.E0,7.682212795982E-1));
#728=AXIS2_PLACEMENT_3D('',#725,#726,#727);
#730=CARTESIAN_POINT('',(-1.E0,0.E0,-1.781325010803E0));
#731=DIRECTION('',(0.E0,1.E0,0.E0));
#732=DIRECTION('',(-6.401843996635E-1,0.E0,-7.682212795982E-1));
#733=AXIS2_PLACEMENT_3D('',#730,#731,#732);
#735=CARTESIAN_POINT('',(-1.128036879933E0,0.E0,0.E0));
#736=DIRECTION('',(-1.E0,0.E0,0.E0));
#737=DIRECTION('',(0.E0,0.E0,1.E0));
#738=AXIS2_PLACEMENT_3D('',#735,#736,#737);
#740=CARTESIAN_POINT('',(-1.2E0,0.E0,0.E0));
#741=DIRECTION('',(-1.E0,0.E0,0.E0));
#742=DIRECTION('',(0.E0,0.E0,1.E0));
#743=AXIS2_PLACEMENT_3D('',#740,#741,#742);
#745=CARTESIAN_POINT('',(-1.2E0,0.E0,0.E0));
#746=DIRECTION('',(-1.E0,0.E0,0.E0));
#747=DIRECTION('',(0.E0,0.E0,-1.E0));
#748=AXIS2_PLACEMENT_3D('',#745,#746,#747);
#750=CARTESIAN_POINT('',(-1.2E0,0.E0,0.E0));
#751=DIRECTION('',(1.E0,0.E0,0.E0));
#752=DIRECTION('',(0.E0,0.E0,-1.E0));
#753=AXIS2_PLACEMENT_3D('',#750,#751,#752);
#755=CARTESIAN_POINT('',(-1.2E0,0.E0,0.E0));
#756=DIRECTION('',(1.E0,0.E0,0.E0));
#757=DIRECTION('',(0.E0,0.E0,1.E0));
#758=AXIS2_PLACEMENT_3D('',#755,#756,#757);
#760=DIRECTION('',(-1.E0,0.E0,0.E0));
#761=VECTOR('',#760,3.333333333300E-2);
#762=CARTESIAN_POINT('',(-1.2E0,0.E0,-1.45E0));
#763=LINE('',#762,#761);
#764=DIRECTION('',(-1.E0,0.E0,0.E0));
#765=VECTOR('',#764,3.333333333300E-2);
#766=CARTESIAN_POINT('',(-1.2E0,0.E0,1.45E0));
#767=LINE('',#766,#765);
#768=CARTESIAN_POINT('',(-1.233333333333E0,0.E0,0.E0));
#769=DIRECTION('',(1.E0,0.E0,0.E0));
#770=DIRECTION('',(0.E0,0.E0,-1.E0));
#771=AXIS2_PLACEMENT_3D('',#768,#769,#770);
#773=CARTESIAN_POINT('',(-1.233333333333E0,0.E0,0.E0));
#774=DIRECTION('',(1.E0,0.E0,0.E0));
#775=DIRECTION('',(0.E0,0.E0,1.E0));
#776=AXIS2_PLACEMENT_3D('',#773,#774,#775);
#778=CARTESIAN_POINT('',(-1.233333333333E0,0.E0,0.E0));
#779=DIRECTION('',(-1.E0,0.E0,0.E0));
#780=DIRECTION('',(0.E0,0.E0,1.E0));
#781=AXIS2_PLACEMENT_3D('',#778,#779,#780);
#783=CARTESIAN_POINT('',(-1.233333333333E0,0.E0,0.E0));
#784=DIRECTION('',(-1.E0,0.E0,0.E0));
#785=DIRECTION('',(0.E0,0.E0,-1.E0));
#786=AXIS2_PLACEMENT_3D('',#783,#784,#785);
#788=CARTESIAN_POINT('',(-1.149376359922E0,0.E0,0.E0));
#789=DIRECTION('',(1.E0,0.E0,0.E0));
#790=DIRECTION('',(0.E0,0.E0,-1.E0));
#791=AXIS2_PLACEMENT_3D('',#788,#789,#790);
#793=CARTESIAN_POINT('',(-1.E0,0.E0,1.781325010803E0));
#794=DIRECTION('',(0.E0,-1.E0,0.E0));
#795=DIRECTION('',(-6.401843996653E-1,0.E0,7.682212795967E-1));
#796=AXIS2_PLACEMENT_3D('',#793,#794,#795);
#798=DIRECTION('',(7.682212795978E-1,0.E0,-6.401843996639E-1));
#799=VECTOR('',#798,7.033125270124E-2);
#800=CARTESIAN_POINT('',(-1.149376359922E0,0.E0,-1.960576642709E0));
#801=LINE('',#800,#799);
#802=DIRECTION('',(7.682212795978E-1,0.E0,6.401843996639E-1));
#803=VECTOR('',#802,7.033125270124E-2);
#804=CARTESIAN_POINT('',(-1.149376359922E0,0.E0,1.960576642709E0));
#805=LINE('',#804,#803);
#806=CARTESIAN_POINT('',(-1.095346394976E0,0.E0,0.E0));
#807=DIRECTION('',(-1.E0,0.E0,0.E0));
#808=DIRECTION('',(0.E0,0.E0,-1.E0));
#809=AXIS2_PLACEMENT_3D('',#806,#807,#808);
#811=CARTESIAN_POINT('',(-1.116720050395E0,0.E0,2.03125E0));
#812=DIRECTION('',(0.E0,-1.E0,0.E0));
#813=DIRECTION('',(6.401843996615E-1,0.E0,-7.682212795998E-1));
#814=AXIS2_PLACEMENT_3D('',#811,#812,#813);
#816=CARTESIAN_POINT('',(-1.116720050395E0,0.E0,-2.03125E0));
#817=DIRECTION('',(0.E0,1.E0,0.E0));
#818=DIRECTION('',(6.401843996615E-1,0.E0,7.682212795998E-1));
#819=AXIS2_PLACEMENT_3D('',#816,#817,#818);
#821=CARTESIAN_POINT('',(-1.095346394976E0,0.E0,0.E0));
#822=DIRECTION('',(-1.E0,0.E0,0.E0));
#823=DIRECTION('',(0.E0,0.E0,1.E0));
#824=AXIS2_PLACEMENT_3D('',#821,#822,#823);
#826=CARTESIAN_POINT('',(-1.E0,0.E0,-1.781325010803E0));
#827=DIRECTION('',(0.E0,1.E0,0.E0));
#828=DIRECTION('',(-6.401843996653E-1,0.E0,-7.682212795967E-1));
#829=AXIS2_PLACEMENT_3D('',#826,#827,#828);
#831=CARTESIAN_POINT('',(-1.149376359922E0,0.E0,0.E0));
#832=DIRECTION('',(1.E0,0.E0,0.E0));
#833=DIRECTION('',(0.E0,0.E0,1.E0));
#834=AXIS2_PLACEMENT_3D('',#831,#832,#833);
#836=DIRECTION('',(7.682212795980E-1,0.E0,6.401843996638E-1));
#837=VECTOR('',#836,7.033125270060E-2);
#838=CARTESIAN_POINT('',(-1.128036879933E0,0.E0,1.934969266723E0));
#839=LINE('',#838,#837);
#840=CARTESIAN_POINT('',(1.E0,0.E0,-1.781325010803E0));
#841=DIRECTION('',(0.E0,-1.E0,0.E0));
#842=DIRECTION('',(6.401843996635E-1,0.E0,-7.682212795982E-1));
#843=AXIS2_PLACEMENT_3D('',#840,#841,#842);
#845=CARTESIAN_POINT('',(1.128036879933E0,0.E0,0.E0));
#846=DIRECTION('',(1.E0,0.E0,0.E0));
#847=DIRECTION('',(0.E0,0.E0,1.E0));
#848=AXIS2_PLACEMENT_3D('',#845,#846,#847);
#850=DIRECTION('',(1.E0,0.E0,0.E0));
#851=VECTOR('',#850,3.333333333300E-2);
#852=CARTESIAN_POINT('',(1.2E0,0.E0,-1.45E0));
#853=LINE('',#852,#851);
#854=CARTESIAN_POINT('',(1.116720050395E0,0.E0,-2.03125E0));
#855=DIRECTION('',(0.E0,-1.E0,0.E0));
#856=DIRECTION('',(-6.401843996615E-1,0.E0,7.682212795998E-1));
#857=AXIS2_PLACEMENT_3D('',#854,#855,#856);
#859=CARTESIAN_POINT('',(1.095346394976E0,0.E0,0.E0));
#860=DIRECTION('',(1.E0,0.E0,0.E0));
#861=DIRECTION('',(0.E0,0.E0,1.E0));
#862=AXIS2_PLACEMENT_3D('',#859,#860,#861);
#864=CARTESIAN_POINT('',(1.25E0,0.E0,-2.4E0));
#865=CARTESIAN_POINT('',(1.15E0,0.E0,-2.5E0));
#866=VERTEX_POINT('',#864);
#867=VERTEX_POINT('',#865);
#868=CARTESIAN_POINT('',(1.15E0,0.E0,2.5E0));
#869=VERTEX_POINT('',#868);
#870=CARTESIAN_POINT('',(1.25E0,0.E0,2.4E0));
#871=VERTEX_POINT('',#870);
#872=CARTESIAN_POINT('',(1.25E0,0.E0,-2.05E0));
#873=CARTESIAN_POINT('',(1.25E0,0.E0,2.05E0));
#874=VERTEX_POINT('',#872);
#875=VERTEX_POINT('',#873);
#876=CARTESIAN_POINT('',(1.2E0,0.E0,2.05E0));
#877=CARTESIAN_POINT('',(1.2E0,0.E0,-2.05E0));
#878=VERTEX_POINT('',#876);
#879=VERTEX_POINT('',#877);
#880=CARTESIAN_POINT('',(1.18E0,0.E0,-2.023333333333E0));
#881=VERTEX_POINT('',#880);
#882=CARTESIAN_POINT('',(1.18E0,0.E0,2.023333333333E0));
#883=VERTEX_POINT('',#882);
#884=CARTESIAN_POINT('',(1.11E0,0.E0,2.075833333333E0));
#885=VERTEX_POINT('',#884);
#886=CARTESIAN_POINT('',(1.11E0,0.E0,-2.075833333333E0));
#887=VERTEX_POINT('',#886);
#888=CARTESIAN_POINT('',(1.083333333333E0,0.E0,2.0625E0));
#889=CARTESIAN_POINT('',(1.083333333333E0,0.E0,-2.0625E0));
#890=VERTEX_POINT('',#888);
#891=VERTEX_POINT('',#889);
#892=CARTESIAN_POINT('',(1.1E0,0.E0,2.079166666667E0));
#893=VERTEX_POINT('',#892);
#894=CARTESIAN_POINT('',(1.1E0,0.E0,-2.079166666667E0));
#895=VERTEX_POINT('',#894);
#896=CARTESIAN_POINT('',(1.083333333333E0,0.E0,-2.03125E0));
#897=CARTESIAN_POINT('',(1.083333333333E0,0.E0,2.03125E0));
#898=VERTEX_POINT('',#896);
#899=VERTEX_POINT('',#897);
#900=CARTESIAN_POINT('',(1.095346394976E0,0.E0,-2.005601613497E0));
#901=CARTESIAN_POINT('',(1.095346394976E0,0.E0,2.005601613497E0));
#902=VERTEX_POINT('',#900);
#903=VERTEX_POINT('',#901);
#904=CARTESIAN_POINT('',(1.149376359922E0,0.E0,1.960576642709E0));
#905=VERTEX_POINT('',#904);
#906=CARTESIAN_POINT('',(1.149376359922E0,0.E0,-1.960576642709E0));
#907=VERTEX_POINT('',#906);
#908=CARTESIAN_POINT('',(1.233333333333E0,0.E0,1.781325010803E0));
#909=VERTEX_POINT('',#908);
#910=CARTESIAN_POINT('',(1.233333333333E0,0.E0,-1.781325010803E0));
#911=VERTEX_POINT('',#910);
#912=CARTESIAN_POINT('',(1.233333333333E0,0.E0,-1.45E0));
#913=CARTESIAN_POINT('',(1.233333333333E0,0.E0,1.45E0));
#914=VERTEX_POINT('',#912);
#915=VERTEX_POINT('',#913);
#916=CARTESIAN_POINT('',(1.2E0,0.E0,1.45E0));
#917=CARTESIAN_POINT('',(1.2E0,0.E0,-1.45E0));
#918=VERTEX_POINT('',#916);
#919=VERTEX_POINT('',#917);
#920=CARTESIAN_POINT('',(1.2E0,0.E0,-1.781325010803E0));
#921=CARTESIAN_POINT('',(1.2E0,0.E0,1.781325010803E0));
#922=VERTEX_POINT('',#920);
#923=VERTEX_POINT('',#921);
#924=CARTESIAN_POINT('',(1.128036879933E0,0.E0,-1.934969266722E0));
#925=CARTESIAN_POINT('',(1.128036879933E0,0.E0,1.934969266722E0));
#926=VERTEX_POINT('',#924);
#927=VERTEX_POINT('',#925);
#928=CARTESIAN_POINT('',(1.074006914987E0,0.E0,-1.979994237511E0));
#929=VERTEX_POINT('',#928);
#930=CARTESIAN_POINT('',(1.074006914987E0,0.E0,1.979994237510E0));
#931=VERTEX_POINT('',#930);
#932=CARTESIAN_POINT('',(1.05E0,0.E0,-2.03125E0));
#933=CARTESIAN_POINT('',(1.05E0,0.E0,2.03125E0));
#934=VERTEX_POINT('',#932);
#935=VERTEX_POINT('',#933);
#936=CARTESIAN_POINT('',(1.05E0,0.E0,-2.E0));
#937=CARTESIAN_POINT('',(1.05E0,0.E0,2.E0));
#938=VERTEX_POINT('',#936);
#939=VERTEX_POINT('',#937);
#940=CARTESIAN_POINT('',(3.122498999199E-1,0.E0,-2.E0));
#941=VERTEX_POINT('',#940);
#942=CARTESIAN_POINT('',(3.122498999199E-1,0.E0,2.E0));
#943=VERTEX_POINT('',#942);
#944=CARTESIAN_POINT('',(0.E0,0.E0,2.15E0));
#945=CARTESIAN_POINT('',(-3.122498999199E-1,0.E0,2.E0));
#946=VERTEX_POINT('',#944);
#947=VERTEX_POINT('',#945);
#948=CARTESIAN_POINT('',(-3.122498999199E-1,0.E0,-2.E0));
#949=VERTEX_POINT('',#948);
#950=CARTESIAN_POINT('',(0.E0,0.E0,-2.15E0));
#951=VERTEX_POINT('',#950);
#952=CARTESIAN_POINT('',(-1.05E0,0.E0,-2.E0));
#953=VERTEX_POINT('',#952);
#954=CARTESIAN_POINT('',(-1.05E0,0.E0,2.E0));
#955=VERTEX_POINT('',#954);
#956=CARTESIAN_POINT('',(-1.05E0,0.E0,-2.03125E0));
#957=CARTESIAN_POINT('',(-1.05E0,0.E0,2.03125E0));
#958=VERTEX_POINT('',#956);
#959=VERTEX_POINT('',#957);
#960=CARTESIAN_POINT('',(-1.074006914987E0,0.E0,-1.979994237510E0));
#961=VERTEX_POINT('',#960);
#962=CARTESIAN_POINT('',(-1.074006914987E0,0.E0,1.979994237510E0));
#963=VERTEX_POINT('',#962);
#964=CARTESIAN_POINT('',(-1.128036879933E0,0.E0,-1.934969266722E0));
#965=CARTESIAN_POINT('',(-1.128036879933E0,0.E0,1.934969266722E0));
#966=VERTEX_POINT('',#964);
#967=VERTEX_POINT('',#965);
#968=CARTESIAN_POINT('',(-1.2E0,0.E0,1.781325010803E0));
#969=VERTEX_POINT('',#968);
#970=CARTESIAN_POINT('',(-1.2E0,0.E0,-1.781325010803E0));
#971=VERTEX_POINT('',#970);
#972=CARTESIAN_POINT('',(-1.2E0,0.E0,-1.45E0));
#973=CARTESIAN_POINT('',(-1.2E0,0.E0,1.45E0));
#974=VERTEX_POINT('',#972);
#975=VERTEX_POINT('',#973);
#976=CARTESIAN_POINT('',(-1.233333333333E0,0.E0,-1.45E0));
#977=VERTEX_POINT('',#976);
#978=CARTESIAN_POINT('',(-1.233333333333E0,0.E0,1.45E0));
#979=VERTEX_POINT('',#978);
#980=CARTESIAN_POINT('',(-1.233333333333E0,0.E0,-1.781325010803E0));
#981=CARTESIAN_POINT('',(-1.233333333333E0,0.E0,1.781325010803E0));
#982=VERTEX_POINT('',#980);
#983=VERTEX_POINT('',#981);
#984=CARTESIAN_POINT('',(-1.149376359922E0,0.E0,-1.960576642709E0));
#985=CARTESIAN_POINT('',(-1.149376359922E0,0.E0,1.960576642709E0));
#986=VERTEX_POINT('',#984);
#987=VERTEX_POINT('',#985);
#988=CARTESIAN_POINT('',(-1.095346394976E0,0.E0,-2.005601613497E0));
#989=VERTEX_POINT('',#988);
#990=CARTESIAN_POINT('',(-1.095346394976E0,0.E0,2.005601613497E0));
#991=VERTEX_POINT('',#990);
#992=CARTESIAN_POINT('',(-1.083333333333E0,0.E0,2.03125E0));
#993=VERTEX_POINT('',#992);
#994=CARTESIAN_POINT('',(-1.083333333333E0,0.E0,-2.03125E0));
#995=VERTEX_POINT('',#994);
#996=CARTESIAN_POINT('',(-1.083333333333E0,0.E0,-2.0625E0));
#997=CARTESIAN_POINT('',(-1.083333333333E0,0.E0,2.0625E0));
#998=VERTEX_POINT('',#996);
#999=VERTEX_POINT('',#997);
#1000=CARTESIAN_POINT('',(-1.1E0,0.E0,-2.079166666667E0));
#1001=CARTESIAN_POINT('',(-1.11E0,0.E0,-2.075833333333E0));
#1002=VERTEX_POINT('',#1000);
#1003=VERTEX_POINT('',#1001);
#1004=CARTESIAN_POINT('',(-1.11E0,0.E0,2.075833333333E0));
#1005=VERTEX_POINT('',#1004);
#1006=CARTESIAN_POINT('',(-1.1E0,0.E0,2.079166666667E0));
#1007=VERTEX_POINT('',#1006);
#1008=CARTESIAN_POINT('',(-1.18E0,0.E0,-2.023333333333E0));
#1009=CARTESIAN_POINT('',(-1.18E0,0.E0,2.023333333333E0));
#1010=VERTEX_POINT('',#1008);
#1011=VERTEX_POINT('',#1009);
#1012=CARTESIAN_POINT('',(-1.2E0,0.E0,2.05E0));
#1013=CARTESIAN_POINT('',(-1.2E0,0.E0,-2.05E0));
#1014=VERTEX_POINT('',#1012);
#1015=VERTEX_POINT('',#1013);
#1016=CARTESIAN_POINT('',(-1.25E0,0.E0,2.05E0));
#1017=VERTEX_POINT('',#1016);
#1018=CARTESIAN_POINT('',(-1.25E0,0.E0,-2.05E0));
#1019=VERTEX_POINT('',#1018);
#1020=CARTESIAN_POINT('',(-1.25E0,0.E0,-2.4E0));
#1021=CARTESIAN_POINT('',(-1.25E0,0.E0,2.4E0));
#1022=VERTEX_POINT('',#1020);
#1023=VERTEX_POINT('',#1021);
#1024=CARTESIAN_POINT('',(-1.15E0,0.E0,-2.5E0));
#1025=CARTESIAN_POINT('',(-1.15E0,0.E0,2.5E0));
#1026=VERTEX_POINT('',#1024);
#1027=VERTEX_POINT('',#1025);
#1028=CARTESIAN_POINT('',(-1.1E0,0.E0,0.E0));
#1029=DIRECTION('',(-1.E0,0.E0,0.E0));
#1030=DIRECTION('',(0.E0,0.E0,1.E0));
#1031=AXIS2_PLACEMENT_3D('',#1028,#1029,#1030);
#1032=TOROIDAL_SURFACE('',#1031,2.0625E0,1.666666666667E-2);
#1034=ORIENTED_EDGE('',*,*,#1033,.F.);
#1036=ORIENTED_EDGE('',*,*,#1035,.T.);
#1038=ORIENTED_EDGE('',*,*,#1037,.T.);
#1040=ORIENTED_EDGE('',*,*,#1039,.T.);
#1042=ORIENTED_EDGE('',*,*,#1041,.F.);
#1044=ORIENTED_EDGE('',*,*,#1043,.F.);
#1045=EDGE_LOOP('',(#1034,#1036,#1038,#1040,#1042,#1044));
#1046=FACE_OUTER_BOUND('',#1045,.F.);
#1047=ADVANCED_FACE('',(#1046),#1032,.F.);
#1048=CARTESIAN_POINT('',(-1.083333333333E0,2.03125E0,0.E0));
#1049=DIRECTION('',(1.E0,0.E0,0.E0));
#1050=DIRECTION('',(0.E0,0.E0,-1.E0));
#1051=AXIS2_PLACEMENT_3D('',#1048,#1049,#1050);
#1052=PLANE('',#1051);
#1054=ORIENTED_EDGE('',*,*,#1053,.T.);
#1055=ORIENTED_EDGE('',*,*,#1033,.T.);
#1056=EDGE_LOOP('',(#1054,#1055));
#1057=FACE_OUTER_BOUND('',#1056,.F.);
#1059=ORIENTED_EDGE('',*,*,#1058,.T.);
#1061=ORIENTED_EDGE('',*,*,#1060,.T.);
#1062=EDGE_LOOP('',(#1059,#1061));
#1063=FACE_BOUND('',#1062,.F.);
#1064=ADVANCED_FACE('',(#1057,#1063),#1052,.F.);
#1065=CARTESIAN_POINT('',(-1.1E0,0.E0,0.E0));
#1066=DIRECTION('',(-1.E0,0.E0,0.E0));
#1067=DIRECTION('',(0.E0,0.E0,1.E0));
#1068=AXIS2_PLACEMENT_3D('',#1065,#1066,#1067);
#1069=TOROIDAL_SURFACE('',#1068,2.0625E0,1.666666666667E-2);
#1070=ORIENTED_EDGE('',*,*,#1041,.T.);
#1072=ORIENTED_EDGE('',*,*,#1071,.T.);
#1073=ORIENTED_EDGE('',*,*,#1037,.F.);
#1074=ORIENTED_EDGE('',*,*,#1035,.F.);
#1075=ORIENTED_EDGE('',*,*,#1053,.F.);
#1076=ORIENTED_EDGE('',*,*,#1043,.T.);
#1077=EDGE_LOOP('',(#1070,#1072,#1073,#1074,#1075,#1076));
#1078=FACE_OUTER_BOUND('',#1077,.F.);
#1079=ADVANCED_FACE('',(#1078),#1069,.F.);
#1080=CARTESIAN_POINT('',(-1.145E0,0.E0,0.E0));
#1081=DIRECTION('',(1.E0,0.E0,0.E0));
#1082=DIRECTION('',(0.E0,0.E0,-1.E0));
#1083=AXIS2_PLACEMENT_3D('',#1080,#1081,#1082);
#1084=CONICAL_SURFACE('',#1083,2.049583333333E0,3.686989764584E1);
#1086=ORIENTED_EDGE('',*,*,#1085,.T.);
#1087=ORIENTED_EDGE('',*,*,#1071,.F.);
#1089=ORIENTED_EDGE('',*,*,#1088,.F.);
#1091=ORIENTED_EDGE('',*,*,#1090,.F.);
#1092=EDGE_LOOP('',(#1086,#1087,#1089,#1091));
#1093=FACE_OUTER_BOUND('',#1092,.F.);
#1094=ADVANCED_FACE('',(#1093),#1084,.F.);
#1095=CARTESIAN_POINT('',(-1.145E0,0.E0,0.E0));
#1096=DIRECTION('',(1.E0,0.E0,0.E0));
#1097=DIRECTION('',(0.E0,0.E0,-1.E0));
#1098=AXIS2_PLACEMENT_3D('',#1095,#1096,#1097);
#1099=CONICAL_SURFACE('',#1098,2.049583333333E0,3.686989764584E1);
#1101=ORIENTED_EDGE('',*,*,#1100,.F.);
#1102=ORIENTED_EDGE('',*,*,#1088,.T.);
#1103=ORIENTED_EDGE('',*,*,#1039,.F.);
#1104=ORIENTED_EDGE('',*,*,#1085,.F.);
#1105=EDGE_LOOP('',(#1101,#1102,#1103,#1104));
#1106=FACE_OUTER_BOUND('',#1105,.F.);
#1107=ADVANCED_FACE('',(#1106),#1099,.F.);
#1108=CARTESIAN_POINT('',(-1.19E0,0.E0,0.E0));
#1109=DIRECTION('',(-1.E0,0.E0,0.E0));
#1110=DIRECTION('',(0.E0,0.E0,1.E0));
#1111=AXIS2_PLACEMENT_3D('',#1108,#1109,#1110);
#1112=CONICAL_SURFACE('',#1111,2.036666666667E0,5.313010235416E1);
#1114=ORIENTED_EDGE('',*,*,#1113,.T.);
#1116=ORIENTED_EDGE('',*,*,#1115,.F.);
#1117=ORIENTED_EDGE('',*,*,#1100,.T.);
#1119=ORIENTED_EDGE('',*,*,#1118,.T.);
#1120=EDGE_LOOP('',(#1114,#1116,#1117,#1119));
#1121=FACE_OUTER_BOUND('',#1120,.F.);
#1122=ADVANCED_FACE('',(#1121),#1112,.F.);
#1123=CARTESIAN_POINT('',(0.E0,0.E0,0.E0));
#1124=DIRECTION('',(-1.E0,0.E0,0.E0));
#1125=DIRECTION('',(0.E0,0.E0,1.E0));
#1126=AXIS2_PLACEMENT_3D('',#1123,#1124,#1125);
#1127=CYLINDRICAL_SURFACE('',#1126,2.05E0);
#1128=ORIENTED_EDGE('',*,*,#1113,.F.);
#1130=ORIENTED_EDGE('',*,*,#1129,.T.);
#1132=ORIENTED_EDGE('',*,*,#1131,.F.);
#1134=ORIENTED_EDGE('',*,*,#1133,.F.);
#1135=EDGE_LOOP('',(#1128,#1130,#1132,#1134));
#1136=FACE_OUTER_BOUND('',#1135,.F.);
#1137=ADVANCED_FACE('',(#1136),#1127,.F.);
#1138=CARTESIAN_POINT('',(0.E0,0.E0,0.E0));
#1139=DIRECTION('',(-1.E0,0.E0,0.E0));
#1140=DIRECTION('',(0.E0,0.E0,1.E0));
#1141=AXIS2_PLACEMENT_3D('',#1138,#1139,#1140);
#1142=CYLINDRICAL_SURFACE('',#1141,2.05E0);
#1144=ORIENTED_EDGE('',*,*,#1143,.F.);
#1145=ORIENTED_EDGE('',*,*,#1133,.T.);
#1147=ORIENTED_EDGE('',*,*,#1146,.F.);
#1148=ORIENTED_EDGE('',*,*,#1129,.F.);
#1149=EDGE_LOOP('',(#1144,#1145,#1147,#1148));
#1150=FACE_OUTER_BOUND('',#1149,.F.);
#1151=ADVANCED_FACE('',(#1150),#1142,.F.);
#1152=CARTESIAN_POINT('',(-1.19E0,0.E0,0.E0));
#1153=DIRECTION('',(-1.E0,0.E0,0.E0));
#1154=DIRECTION('',(0.E0,0.E0,1.E0));
#1155=AXIS2_PLACEMENT_3D('',#1152,#1153,#1154);
#1156=CONICAL_SURFACE('',#1155,2.036666666667E0,5.313010235416E1);
#1157=ORIENTED_EDGE('',*,*,#1143,.T.);
#1158=ORIENTED_EDGE('',*,*,#1118,.F.);
#1159=ORIENTED_EDGE('',*,*,#1090,.T.);
#1160=ORIENTED_EDGE('',*,*,#1115,.T.);
#1161=EDGE_LOOP('',(#1157,#1158,#1159,#1160));
#1162=FACE_OUTER_BOUND('',#1161,.F.);
#1163=ADVANCED_FACE('',(#1162),#1156,.F.);
#1164=CARTESIAN_POINT('',(-1.25E0,2.05E0,0.E0));
#1165=DIRECTION('',(1.E0,0.E0,0.E0));
#1166=DIRECTION('',(0.E0,0.E0,-1.E0));
#1167=AXIS2_PLACEMENT_3D('',#1164,#1165,#1166);
#1168=PLANE('',#1167);
#1170=ORIENTED_EDGE('',*,*,#1169,.T.);
#1172=ORIENTED_EDGE('',*,*,#1171,.T.);
#1173=EDGE_LOOP('',(#1170,#1172));
#1174=FACE_OUTER_BOUND('',#1173,.F.);
#1175=ORIENTED_EDGE('',*,*,#1146,.T.);
#1176=ORIENTED_EDGE('',*,*,#1131,.T.);
#1177=EDGE_LOOP('',(#1175,#1176));
#1178=FACE_BOUND('',#1177,.F.);
#1179=ADVANCED_FACE('',(#1174,#1178),#1168,.F.);
#1180=CARTESIAN_POINT('',(-1.15E0,0.E0,0.E0));
#1181=DIRECTION('',(-1.E0,0.E0,0.E0));
#1182=DIRECTION('',(0.E0,0.E0,1.E0));
#1183=AXIS2_PLACEMENT_3D('',#1180,#1181,#1182);
#1184=TOROIDAL_SURFACE('',#1183,2.4E0,1.E-1);
#1186=ORIENTED_EDGE('',*,*,#1185,.T.);
#1188=ORIENTED_EDGE('',*,*,#1187,.T.);
#1189=ORIENTED_EDGE('',*,*,#1169,.F.);
#1191=ORIENTED_EDGE('',*,*,#1190,.F.);
#1192=EDGE_LOOP('',(#1186,#1188,#1189,#1191));
#1193=FACE_OUTER_BOUND('',#1192,.F.);
#1194=ADVANCED_FACE('',(#1193),#1184,.T.);
#1195=CARTESIAN_POINT('',(0.E0,0.E0,0.E0));
#1196=DIRECTION('',(-1.E0,0.E0,0.E0));
#1197=DIRECTION('',(0.E0,0.E0,1.E0));
#1198=AXIS2_PLACEMENT_3D('',#1195,#1196,#1197);
#1199=CYLINDRICAL_SURFACE('',#1198,2.5E0);
#1201=ORIENTED_EDGE('',*,*,#1200,.F.);
#1203=ORIENTED_EDGE('',*,*,#1202,.T.);
#1204=ORIENTED_EDGE('',*,*,#1185,.F.);
#1206=ORIENTED_EDGE('',*,*,#1205,.F.);
#1207=EDGE_LOOP('',(#1201,#1203,#1204,#1206));
#1208=FACE_OUTER_BOUND('',#1207,.F.);
#1209=ADVANCED_FACE('',(#1208),#1199,.T.);
#1210=CARTESIAN_POINT('',(1.15E0,0.E0,0.E0));
#1211=DIRECTION('',(-1.E0,0.E0,0.E0));
#1212=DIRECTION('',(0.E0,0.E0,1.E0));
#1213=AXIS2_PLACEMENT_3D('',#1210,#1211,#1212);
#1214=TOROIDAL_SURFACE('',#1213,2.4E0,1.E-1);
#1216=ORIENTED_EDGE('',*,*,#1215,.F.);
#1218=ORIENTED_EDGE('',*,*,#1217,.T.);
#1219=ORIENTED_EDGE('',*,*,#1200,.T.);
#1221=ORIENTED_EDGE('',*,*,#1220,.F.);
#1222=EDGE_LOOP('',(#1216,#1218,#1219,#1221));
#1223=FACE_OUTER_BOUND('',#1222,.F.);
#1224=ADVANCED_FACE('',(#1223),#1214,.T.);
#1225=CARTESIAN_POINT('',(1.25E0,2.4E0,0.E0));
#1226=DIRECTION('',(-1.E0,0.E0,0.E0));
#1227=DIRECTION('',(0.E0,0.E0,1.E0));
#1228=AXIS2_PLACEMENT_3D('',#1225,#1226,#1227);
#1229=PLANE('',#1228);
#1230=ORIENTED_EDGE('',*,*,#1215,.T.);
#1232=ORIENTED_EDGE('',*,*,#1231,.T.);
#1233=EDGE_LOOP('',(#1230,#1232));
#1234=FACE_OUTER_BOUND('',#1233,.F.);
#1236=ORIENTED_EDGE('',*,*,#1235,.T.);
#1238=ORIENTED_EDGE('',*,*,#1237,.T.);
#1239=EDGE_LOOP('',(#1236,#1238));
#1240=FACE_BOUND('',#1239,.F.);
#1241=ADVANCED_FACE('',(#1234,#1240),#1229,.F.);
#1242=CARTESIAN_POINT('',(1.15E0,0.E0,0.E0));
#1243=DIRECTION('',(-1.E0,0.E0,0.E0));
#1244=DIRECTION('',(0.E0,0.E0,1.E0));
#1245=AXIS2_PLACEMENT_3D('',#1242,#1243,#1244);
#1246=TOROIDAL_SURFACE('',#1245,2.4E0,1.E-1);
#1247=ORIENTED_EDGE('',*,*,#1220,.T.);
#1249=ORIENTED_EDGE('',*,*,#1248,.T.);
#1250=ORIENTED_EDGE('',*,*,#1217,.F.);
#1251=ORIENTED_EDGE('',*,*,#1231,.F.);
#1252=EDGE_LOOP('',(#1247,#1249,#1250,#1251));
#1253=FACE_OUTER_BOUND('',#1252,.F.);
#1254=ADVANCED_FACE('',(#1253),#1246,.T.);
#1255=CARTESIAN_POINT('',(0.E0,0.E0,0.E0));
#1256=DIRECTION('',(-1.E0,0.E0,0.E0));
#1257=DIRECTION('',(0.E0,0.E0,1.E0));
#1258=AXIS2_PLACEMENT_3D('',#1255,#1256,#1257);
#1259=CYLINDRICAL_SURFACE('',#1258,2.5E0);
#1260=ORIENTED_EDGE('',*,*,#1205,.T.);
#1262=ORIENTED_EDGE('',*,*,#1261,.F.);
#1263=ORIENTED_EDGE('',*,*,#1202,.F.);
#1264=ORIENTED_EDGE('',*,*,#1248,.F.);
#1265=EDGE_LOOP('',(#1260,#1262,#1263,#1264));
#1266=FACE_OUTER_BOUND('',#1265,.F.);
#1267=ADVANCED_FACE('',(#1266),#1259,.T.);
#1268=CARTESIAN_POINT('',(-1.15E0,0.E0,0.E0));
#1269=DIRECTION('',(-1.E0,0.E0,0.E0));
#1270=DIRECTION('',(0.E0,0.E0,1.E0));
#1271=AXIS2_PLACEMENT_3D('',#1268,#1269,#1270);
#1272=TOROIDAL_SURFACE('',#1271,2.4E0,1.E-1);
#1273=ORIENTED_EDGE('',*,*,#1190,.T.);
#1274=ORIENTED_EDGE('',*,*,#1171,.F.);
#1275=ORIENTED_EDGE('',*,*,#1187,.F.);
#1276=ORIENTED_EDGE('',*,*,#1261,.T.);
#1277=EDGE_LOOP('',(#1273,#1274,#1275,#1276));
#1278=FACE_OUTER_BOUND('',#1277,.F.);
#1279=ADVANCED_FACE('',(#1278),#1272,.T.);
#1280=CARTESIAN_POINT('',(0.E0,0.E0,0.E0));
#1281=DIRECTION('',(-1.E0,0.E0,0.E0));
#1282=DIRECTION('',(0.E0,0.E0,1.E0));
#1283=AXIS2_PLACEMENT_3D('',#1280,#1281,#1282);
#1284=CYLINDRICAL_SURFACE('',#1283,2.05E0);
#1286=ORIENTED_EDGE('',*,*,#1285,.F.);
#1288=ORIENTED_EDGE('',*,*,#1287,.F.);
#1289=ORIENTED_EDGE('',*,*,#1235,.F.);
#1291=ORIENTED_EDGE('',*,*,#1290,.T.);
#1292=EDGE_LOOP('',(#1286,#1288,#1289,#1291));
#1293=FACE_OUTER_BOUND('',#1292,.F.);
#1294=ADVANCED_FACE('',(#1293),#1284,.F.);
#1295=CARTESIAN_POINT('',(1.19E0,0.E0,0.E0));
#1296=DIRECTION('',(1.E0,0.E0,0.E0));
#1297=DIRECTION('',(0.E0,0.E0,1.E0));
#1298=AXIS2_PLACEMENT_3D('',#1295,#1296,#1297);
#1299=CONICAL_SURFACE('',#1298,2.036666666667E0,5.313010235416E1);
#1300=ORIENTED_EDGE('',*,*,#1285,.T.);
#1302=ORIENTED_EDGE('',*,*,#1301,.F.);
#1304=ORIENTED_EDGE('',*,*,#1303,.F.);
#1306=ORIENTED_EDGE('',*,*,#1305,.T.);
#1307=EDGE_LOOP('',(#1300,#1302,#1304,#1306));
#1308=FACE_OUTER_BOUND('',#1307,.F.);
#1309=ADVANCED_FACE('',(#1308),#1299,.F.);
#1310=CARTESIAN_POINT('',(1.19E0,0.E0,0.E0));
#1311=DIRECTION('',(1.E0,0.E0,0.E0));
#1312=DIRECTION('',(0.E0,0.E0,1.E0));
#1313=AXIS2_PLACEMENT_3D('',#1310,#1311,#1312);
#1314=CONICAL_SURFACE('',#1313,2.036666666667E0,5.313010235416E1);
#1316=ORIENTED_EDGE('',*,*,#1315,.T.);
#1317=ORIENTED_EDGE('',*,*,#1305,.F.);
#1319=ORIENTED_EDGE('',*,*,#1318,.F.);
#1320=ORIENTED_EDGE('',*,*,#1301,.T.);
#1321=EDGE_LOOP('',(#1316,#1317,#1319,#1320));
#1322=FACE_OUTER_BOUND('',#1321,.F.);
#1323=ADVANCED_FACE('',(#1322),#1314,.F.);
#1324=CARTESIAN_POINT('',(0.E0,0.E0,0.E0));
#1325=DIRECTION('',(-1.E0,0.E0,0.E0));
#1326=DIRECTION('',(0.E0,0.E0,1.E0));
#1327=AXIS2_PLACEMENT_3D('',#1324,#1325,#1326);
#1328=CYLINDRICAL_SURFACE('',#1327,2.05E0);
#1329=ORIENTED_EDGE('',*,*,#1315,.F.);
#1330=ORIENTED_EDGE('',*,*,#1290,.F.);
#1331=ORIENTED_EDGE('',*,*,#1237,.F.);
#1332=ORIENTED_EDGE('',*,*,#1287,.T.);
#1333=EDGE_LOOP('',(#1329,#1330,#1331,#1332));
#1334=FACE_OUTER_BOUND('',#1333,.F.);
#1335=ADVANCED_FACE('',(#1334),#1328,.F.);
#1336=CARTESIAN_POINT('',(1.145E0,0.E0,0.E0));
#1337=DIRECTION('',(-1.E0,0.E0,0.E0));
#1338=DIRECTION('',(0.E0,0.E0,-1.E0));
#1339=AXIS2_PLACEMENT_3D('',#1336,#1337,#1338);
#1340=CONICAL_SURFACE('',#1339,2.049583333333E0,3.686989764584E1);
#1342=ORIENTED_EDGE('',*,*,#1341,.T.);
#1344=ORIENTED_EDGE('',*,*,#1343,.F.);
#1346=ORIENTED_EDGE('',*,*,#1345,.F.);
#1347=ORIENTED_EDGE('',*,*,#1318,.T.);
#1348=EDGE_LOOP('',(#1342,#1344,#1346,#1347));
#1349=FACE_OUTER_BOUND('',#1348,.F.);
#1350=ADVANCED_FACE('',(#1349),#1340,.F.);
#1351=CARTESIAN_POINT('',(1.145E0,0.E0,0.E0));
#1352=DIRECTION('',(-1.E0,0.E0,0.E0));
#1353=DIRECTION('',(0.E0,0.E0,-1.E0));
#1354=AXIS2_PLACEMENT_3D('',#1351,#1352,#1353);
#1355=CONICAL_SURFACE('',#1354,2.049583333333E0,3.686989764584E1);
#1356=ORIENTED_EDGE('',*,*,#1303,.T.);
#1357=ORIENTED_EDGE('',*,*,#1345,.T.);
#1359=ORIENTED_EDGE('',*,*,#1358,.F.);
#1360=ORIENTED_EDGE('',*,*,#1341,.F.);
#1361=EDGE_LOOP('',(#1356,#1357,#1359,#1360));
#1362=FACE_OUTER_BOUND('',#1361,.F.);
#1363=ADVANCED_FACE('',(#1362),#1355,.F.);
#1364=CARTESIAN_POINT('',(1.1E0,0.E0,0.E0));
#1365=DIRECTION('',(1.E0,0.E0,0.E0));
#1366=DIRECTION('',(0.E0,0.E0,1.E0));
#1367=AXIS2_PLACEMENT_3D('',#1364,#1365,#1366);
#1368=TOROIDAL_SURFACE('',#1367,2.0625E0,1.666666666667E-2);
#1370=ORIENTED_EDGE('',*,*,#1369,.F.);
#1372=ORIENTED_EDGE('',*,*,#1371,.T.);
#1374=ORIENTED_EDGE('',*,*,#1373,.T.);
#1375=ORIENTED_EDGE('',*,*,#1358,.T.);
#1377=ORIENTED_EDGE('',*,*,#1376,.F.);
#1379=ORIENTED_EDGE('',*,*,#1378,.F.);
#1380=EDGE_LOOP('',(#1370,#1372,#1374,#1375,#1377,#1379));
#1381=FACE_OUTER_BOUND('',#1380,.F.);
#1382=ADVANCED_FACE('',(#1381),#1368,.F.);
#1383=CARTESIAN_POINT('',(1.083333333333E0,2.03125E0,0.E0));
#1384=DIRECTION('',(-1.E0,0.E0,0.E0));
#1385=DIRECTION('',(0.E0,0.E0,-1.E0));
#1386=AXIS2_PLACEMENT_3D('',#1383,#1384,#1385);
#1387=PLANE('',#1386);
#1388=ORIENTED_EDGE('',*,*,#1369,.T.);
#1390=ORIENTED_EDGE('',*,*,#1389,.T.);
#1391=EDGE_LOOP('',(#1388,#1390));
#1392=FACE_OUTER_BOUND('',#1391,.F.);
#1394=ORIENTED_EDGE('',*,*,#1393,.T.);
#1396=ORIENTED_EDGE('',*,*,#1395,.T.);
#1397=EDGE_LOOP('',(#1394,#1396));
#1398=FACE_BOUND('',#1397,.F.);
#1399=ADVANCED_FACE('',(#1392,#1398),#1387,.F.);
#1400=CARTESIAN_POINT('',(1.1E0,0.E0,0.E0));
#1401=DIRECTION('',(1.E0,0.E0,0.E0));
#1402=DIRECTION('',(0.E0,0.E0,1.E0));
#1403=AXIS2_PLACEMENT_3D('',#1400,#1401,#1402);
#1404=TOROIDAL_SURFACE('',#1403,2.0625E0,1.666666666667E-2);
#1405=ORIENTED_EDGE('',*,*,#1376,.T.);
#1406=ORIENTED_EDGE('',*,*,#1343,.T.);
#1407=ORIENTED_EDGE('',*,*,#1373,.F.);
#1408=ORIENTED_EDGE('',*,*,#1371,.F.);
#1409=ORIENTED_EDGE('',*,*,#1389,.F.);
#1410=ORIENTED_EDGE('',*,*,#1378,.T.);
#1411=EDGE_LOOP('',(#1405,#1406,#1407,#1408,#1409,#1410));
#1412=FACE_OUTER_BOUND('',#1411,.F.);
#1413=ADVANCED_FACE('',(#1412),#1404,.F.);
#1414=CARTESIAN_POINT('',(1.116720050395E0,0.E0,0.E0));
#1415=DIRECTION('',(1.E0,0.E0,0.E0));
#1416=DIRECTION('',(0.E0,0.E0,1.E0));
#1417=AXIS2_PLACEMENT_3D('',#1414,#1415,#1416);
#1418=TOROIDAL_SURFACE('',#1417,2.03125E0,3.338671706202E-2);
#1420=ORIENTED_EDGE('',*,*,#1419,.T.);
#1422=ORIENTED_EDGE('',*,*,#1421,.T.);
#1423=ORIENTED_EDGE('',*,*,#1393,.F.);
#1425=ORIENTED_EDGE('',*,*,#1424,.F.);
#1426=EDGE_LOOP('',(#1420,#1422,#1423,#1425));
#1427=FACE_OUTER_BOUND('',#1426,.F.);
#1428=ADVANCED_FACE('',(#1427),#1418,.F.);
#1429=CARTESIAN_POINT('',(1.122361377449E0,0.E0,0.E0));
#1430=DIRECTION('',(-1.E0,0.E0,0.E0));
#1431=DIRECTION('',(0.E0,0.E0,-1.E0));
#1432=AXIS2_PLACEMENT_3D('',#1429,#1430,#1431);
#1433=CONICAL_SURFACE('',#1432,1.983089128103E0,3.980557109227E1);
#1435=ORIENTED_EDGE('',*,*,#1434,.T.);
#1436=ORIENTED_EDGE('',*,*,#1419,.F.);
#1438=ORIENTED_EDGE('',*,*,#1437,.F.);
#1440=ORIENTED_EDGE('',*,*,#1439,.F.);
#1441=EDGE_LOOP('',(#1435,#1436,#1438,#1440));
#1442=FACE_OUTER_BOUND('',#1441,.F.);
#1443=ADVANCED_FACE('',(#1442),#1433,.T.);
#1444=CARTESIAN_POINT('',(1.122361377449E0,0.E0,0.E0));
#1445=DIRECTION('',(-1.E0,0.E0,0.E0));
#1446=DIRECTION('',(0.E0,0.E0,-1.E0));
#1447=AXIS2_PLACEMENT_3D('',#1444,#1445,#1446);
#1448=CONICAL_SURFACE('',#1447,1.983089128103E0,3.980557109227E1);
#1450=ORIENTED_EDGE('',*,*,#1449,.F.);
#1451=ORIENTED_EDGE('',*,*,#1437,.T.);
#1453=ORIENTED_EDGE('',*,*,#1452,.F.);
#1454=ORIENTED_EDGE('',*,*,#1434,.F.);
#1455=EDGE_LOOP('',(#1450,#1451,#1453,#1454));
#1456=FACE_OUTER_BOUND('',#1455,.F.);
#1457=ADVANCED_FACE('',(#1456),#1448,.T.);
#1458=CARTESIAN_POINT('',(1.E0,0.E0,0.E0));
#1459=DIRECTION('',(1.E0,0.E0,0.E0));
#1460=DIRECTION('',(0.E0,0.E0,1.E0));
#1461=AXIS2_PLACEMENT_3D('',#1458,#1459,#1460);
#1462=TOROIDAL_SURFACE('',#1461,1.781325010803E0,2.333333333333E-1);
#1463=ORIENTED_EDGE('',*,*,#1449,.T.);
#1465=ORIENTED_EDGE('',*,*,#1464,.T.);
#1467=ORIENTED_EDGE('',*,*,#1466,.F.);
#1469=ORIENTED_EDGE('',*,*,#1468,.F.);
#1470=EDGE_LOOP('',(#1463,#1465,#1467,#1469));
#1471=FACE_OUTER_BOUND('',#1470,.F.);
#1472=ADVANCED_FACE('',(#1471),#1462,.T.);
#1473=CARTESIAN_POINT('',(1.E0,0.E0,0.E0));
#1474=DIRECTION('',(1.E0,0.E0,0.E0));
#1475=DIRECTION('',(0.E0,0.E0,1.E0));
#1476=AXIS2_PLACEMENT_3D('',#1473,#1474,#1475);
#1477=TOROIDAL_SURFACE('',#1476,1.781325010803E0,2.333333333333E-1);
#1478=ORIENTED_EDGE('',*,*,#1468,.T.);
#1480=ORIENTED_EDGE('',*,*,#1479,.F.);
#1481=ORIENTED_EDGE('',*,*,#1464,.F.);
#1482=ORIENTED_EDGE('',*,*,#1439,.T.);
#1483=EDGE_LOOP('',(#1478,#1480,#1481,#1482));
#1484=FACE_OUTER_BOUND('',#1483,.F.);
#1485=ADVANCED_FACE('',(#1484),#1477,.T.);
#1486=CARTESIAN_POINT('',(1.233333333333E0,1.781325010803E0,0.E0));
#1487=DIRECTION('',(-1.E0,0.E0,0.E0));
#1488=DIRECTION('',(0.E0,0.E0,-1.E0));
#1489=AXIS2_PLACEMENT_3D('',#1486,#1487,#1488);
#1490=PLANE('',#1489);
#1491=ORIENTED_EDGE('',*,*,#1479,.T.);
#1492=ORIENTED_EDGE('',*,*,#1466,.T.);
#1493=EDGE_LOOP('',(#1491,#1492));
#1494=FACE_OUTER_BOUND('',#1493,.F.);
#1496=ORIENTED_EDGE('',*,*,#1495,.T.);
#1498=ORIENTED_EDGE('',*,*,#1497,.T.);
#1499=EDGE_LOOP('',(#1496,#1498));
#1500=FACE_BOUND('',#1499,.F.);
#1501=ADVANCED_FACE('',(#1494,#1500),#1490,.F.);
#1502=CARTESIAN_POINT('',(0.E0,0.E0,0.E0));
#1503=DIRECTION('',(1.E0,0.E0,0.E0));
#1504=DIRECTION('',(0.E0,0.E0,1.E0));
#1505=AXIS2_PLACEMENT_3D('',#1502,#1503,#1504);
#1506=CYLINDRICAL_SURFACE('',#1505,1.45E0);
#1508=ORIENTED_EDGE('',*,*,#1507,.F.);
#1510=ORIENTED_EDGE('',*,*,#1509,.T.);
#1511=ORIENTED_EDGE('',*,*,#1495,.F.);
#1513=ORIENTED_EDGE('',*,*,#1512,.F.);
#1514=EDGE_LOOP('',(#1508,#1510,#1511,#1513));
#1515=FACE_OUTER_BOUND('',#1514,.F.);
#1516=ADVANCED_FACE('',(#1515),#1506,.F.);
#1517=CARTESIAN_POINT('',(1.2E0,1.781325010803E0,0.E0));
#1518=DIRECTION('',(-1.E0,0.E0,0.E0));
#1519=DIRECTION('',(0.E0,0.E0,-1.E0));
#1520=AXIS2_PLACEMENT_3D('',#1517,#1518,#1519);
#1521=PLANE('',#1520);
#1523=ORIENTED_EDGE('',*,*,#1522,.T.);
#1525=ORIENTED_EDGE('',*,*,#1524,.T.);
#1526=EDGE_LOOP('',(#1523,#1525));
#1527=FACE_OUTER_BOUND('',#1526,.F.);
#1528=ORIENTED_EDGE('',*,*,#1507,.T.);
#1530=ORIENTED_EDGE('',*,*,#1529,.T.);
#1531=EDGE_LOOP('',(#1528,#1530));
#1532=FACE_BOUND('',#1531,.F.);
#1533=ADVANCED_FACE('',(#1527,#1532),#1521,.T.);
#1534=CARTESIAN_POINT('',(1.E0,0.E0,0.E0));
#1535=DIRECTION('',(1.E0,0.E0,0.E0));
#1536=DIRECTION('',(0.E0,0.E0,1.E0));
#1537=AXIS2_PLACEMENT_3D('',#1534,#1535,#1536);
#1538=TOROIDAL_SURFACE('',#1537,1.781325010803E0,2.E-1);
#1540=ORIENTED_EDGE('',*,*,#1539,.T.);
#1542=ORIENTED_EDGE('',*,*,#1541,.T.);
#1543=ORIENTED_EDGE('',*,*,#1522,.F.);
#1545=ORIENTED_EDGE('',*,*,#1544,.F.);
#1546=EDGE_LOOP('',(#1540,#1542,#1543,#1545));
#1547=FACE_OUTER_BOUND('',#1546,.F.);
#1548=ADVANCED_FACE('',(#1547),#1538,.F.);
#1549=CARTESIAN_POINT('',(1.101021897460E0,0.E0,0.E0));
#1550=DIRECTION('',(-1.E0,0.E0,0.E0));
#1551=DIRECTION('',(0.E0,0.E0,-1.E0));
#1552=AXIS2_PLACEMENT_3D('',#1549,#1550,#1551);
#1553=CONICAL_SURFACE('',#1552,1.957481752117E0,3.980557109227E1);
#1554=ORIENTED_EDGE('',*,*,#1539,.F.);
#1556=ORIENTED_EDGE('',*,*,#1555,.T.);
#1558=ORIENTED_EDGE('',*,*,#1557,.F.);
#1560=ORIENTED_EDGE('',*,*,#1559,.F.);
#1561=EDGE_LOOP('',(#1554,#1556,#1558,#1560));
#1562=FACE_OUTER_BOUND('',#1561,.F.);
#1563=ADVANCED_FACE('',(#1562),#1553,.F.);
#1564=CARTESIAN_POINT('',(1.101021897460E0,0.E0,0.E0));
#1565=DIRECTION('',(-1.E0,0.E0,0.E0));
#1566=DIRECTION('',(0.E0,0.E0,-1.E0));
#1567=AXIS2_PLACEMENT_3D('',#1564,#1565,#1566);
#1568=CONICAL_SURFACE('',#1567,1.957481752117E0,3.980557109227E1);
#1569=ORIENTED_EDGE('',*,*,#1559,.T.);
#1571=ORIENTED_EDGE('',*,*,#1570,.F.);
#1572=ORIENTED_EDGE('',*,*,#1555,.F.);
#1574=ORIENTED_EDGE('',*,*,#1573,.F.);
#1575=EDGE_LOOP('',(#1569,#1571,#1572,#1574));
#1576=FACE_OUTER_BOUND('',#1575,.F.);
#1577=ADVANCED_FACE('',(#1576),#1568,.F.);
#1578=CARTESIAN_POINT('',(1.116720050395E0,0.E0,0.E0));
#1579=DIRECTION('',(1.E0,0.E0,0.E0));
#1580=DIRECTION('',(0.E0,0.E0,1.E0));
#1581=AXIS2_PLACEMENT_3D('',#1578,#1579,#1580);
#1582=TOROIDAL_SURFACE('',#1581,2.03125E0,6.672005039535E-2);
#1584=ORIENTED_EDGE('',*,*,#1583,.F.);
#1586=ORIENTED_EDGE('',*,*,#1585,.F.);
#1587=ORIENTED_EDGE('',*,*,#1570,.T.);
#1589=ORIENTED_EDGE('',*,*,#1588,.T.);
#1590=EDGE_LOOP('',(#1584,#1586,#1587,#1589));
#1591=FACE_OUTER_BOUND('',#1590,.F.);
#1592=ADVANCED_FACE('',(#1591),#1582,.T.);
#1593=CARTESIAN_POINT('',(1.05E0,2.E0,0.E0));
#1594=DIRECTION('',(-1.E0,0.E0,0.E0));
#1595=DIRECTION('',(0.E0,0.E0,1.E0));
#1596=AXIS2_PLACEMENT_3D('',#1593,#1594,#1595);
#1597=PLANE('',#1596);
#1598=ORIENTED_EDGE('',*,*,#1583,.T.);
#1600=ORIENTED_EDGE('',*,*,#1599,.T.);
#1601=EDGE_LOOP('',(#1598,#1600));
#1602=FACE_OUTER_BOUND('',#1601,.F.);
#1604=ORIENTED_EDGE('',*,*,#1603,.T.);
#1606=ORIENTED_EDGE('',*,*,#1605,.T.);
#1607=EDGE_LOOP('',(#1604,#1606));
#1608=FACE_BOUND('',#1607,.F.);
#1609=ADVANCED_FACE('',(#1602,#1608),#1597,.F.);
#1610=CARTESIAN_POINT('',(1.116720050395E0,0.E0,0.E0));
#1611=DIRECTION('',(1.E0,0.E0,0.E0));
#1612=DIRECTION('',(0.E0,0.E0,1.E0));
#1613=AXIS2_PLACEMENT_3D('',#1610,#1611,#1612);
#1614=TOROIDAL_SURFACE('',#1613,2.03125E0,6.672005039535E-2);
#1615=ORIENTED_EDGE('',*,*,#1599,.F.);
#1616=ORIENTED_EDGE('',*,*,#1588,.F.);
#1617=ORIENTED_EDGE('',*,*,#1557,.T.);
#1618=ORIENTED_EDGE('',*,*,#1585,.T.);
#1619=EDGE_LOOP('',(#1615,#1616,#1617,#1618));
#1620=FACE_OUTER_BOUND('',#1619,.F.);
#1621=ADVANCED_FACE('',(#1620),#1614,.T.);
#1622=CARTESIAN_POINT('',(0.E0,0.E0,0.E0));
#1623=DIRECTION('',(-1.E0,0.E0,0.E0));
#1624=DIRECTION('',(0.E0,0.E0,1.E0));
#1625=AXIS2_PLACEMENT_3D('',#1622,#1623,#1624);
#1626=CYLINDRICAL_SURFACE('',#1625,2.E0);
#1628=ORIENTED_EDGE('',*,*,#1627,.T.);
#1630=ORIENTED_EDGE('',*,*,#1629,.F.);
#1632=ORIENTED_EDGE('',*,*,#1631,.F.);
#1633=ORIENTED_EDGE('',*,*,#1603,.F.);
#1634=EDGE_LOOP('',(#1628,#1630,#1632,#1633));
#1635=FACE_OUTER_BOUND('',#1634,.F.);
#1636=ADVANCED_FACE('',(#1635),#1626,.F.);
#1637=CARTESIAN_POINT('',(0.E0,0.E0,0.E0));
#1638=DIRECTION('',(-1.E0,0.E0,0.E0));
#1639=DIRECTION('',(0.E0,0.E0,1.E0));
#1640=AXIS2_PLACEMENT_3D('',#1637,#1638,#1639);
#1641=CYLINDRICAL_SURFACE('',#1640,2.E0);
#1642=ORIENTED_EDGE('',*,*,#1605,.F.);
#1643=ORIENTED_EDGE('',*,*,#1631,.T.);
#1645=ORIENTED_EDGE('',*,*,#1644,.F.);
#1646=ORIENTED_EDGE('',*,*,#1627,.F.);
#1647=EDGE_LOOP('',(#1642,#1643,#1645,#1646));
#1648=FACE_OUTER_BOUND('',#1647,.F.);
#1649=ADVANCED_FACE('',(#1648),#1641,.F.);
#1650=CARTESIAN_POINT('',(0.E0,0.E0,0.E0));
#1651=DIRECTION('',(-1.E0,0.E0,0.E0));
#1652=DIRECTION('',(0.E0,0.E0,1.E0));
#1653=AXIS2_PLACEMENT_3D('',#1650,#1651,#1652);
#1654=TOROIDAL_SURFACE('',#1653,1.75E0,4.E-1);
#1655=ORIENTED_EDGE('',*,*,#1644,.T.);
#1657=ORIENTED_EDGE('',*,*,#1656,.T.);
#1659=ORIENTED_EDGE('',*,*,#1658,.T.);
#1661=ORIENTED_EDGE('',*,*,#1660,.T.);
#1663=ORIENTED_EDGE('',*,*,#1662,.T.);
#1665=ORIENTED_EDGE('',*,*,#1664,.T.);
#1666=EDGE_LOOP('',(#1655,#1657,#1659,#1661,#1663,#1665));
#1667=FACE_OUTER_BOUND('',#1666,.F.);
#1668=ADVANCED_FACE('',(#1667),#1654,.F.);
#1669=CARTESIAN_POINT('',(0.E0,0.E0,0.E0));
#1670=DIRECTION('',(-1.E0,0.E0,0.E0));
#1671=DIRECTION('',(0.E0,0.E0,1.E0));
#1672=AXIS2_PLACEMENT_3D('',#1669,#1670,#1671);
#1673=TOROIDAL_SURFACE('',#1672,1.75E0,4.E-1);
#1674=ORIENTED_EDGE('',*,*,#1664,.F.);
#1675=ORIENTED_EDGE('',*,*,#1662,.F.);
#1677=ORIENTED_EDGE('',*,*,#1676,.T.);
#1678=ORIENTED_EDGE('',*,*,#1658,.F.);
#1679=ORIENTED_EDGE('',*,*,#1656,.F.);
#1680=ORIENTED_EDGE('',*,*,#1629,.T.);
#1681=EDGE_LOOP('',(#1674,#1675,#1677,#1678,#1679,#1680));
#1682=FACE_OUTER_BOUND('',#1681,.F.);
#1683=ADVANCED_FACE('',(#1682),#1673,.F.);
#1684=CARTESIAN_POINT('',(0.E0,0.E0,0.E0));
#1685=DIRECTION('',(-1.E0,0.E0,0.E0));
#1686=DIRECTION('',(0.E0,0.E0,1.E0));
#1687=AXIS2_PLACEMENT_3D('',#1684,#1685,#1686);
#1688=CYLINDRICAL_SURFACE('',#1687,2.E0);
#1690=ORIENTED_EDGE('',*,*,#1689,.T.);
#1692=ORIENTED_EDGE('',*,*,#1691,.F.);
#1694=ORIENTED_EDGE('',*,*,#1693,.F.);
#1695=ORIENTED_EDGE('',*,*,#1676,.F.);
#1696=EDGE_LOOP('',(#1690,#1692,#1694,#1695));
#1697=FACE_OUTER_BOUND('',#1696,.F.);
#1698=ADVANCED_FACE('',(#1697),#1688,.F.);
#1699=CARTESIAN_POINT('',(0.E0,0.E0,0.E0));
#1700=DIRECTION('',(-1.E0,0.E0,0.E0));
#1701=DIRECTION('',(0.E0,0.E0,1.E0));
#1702=AXIS2_PLACEMENT_3D('',#1699,#1700,#1701);
#1703=CYLINDRICAL_SURFACE('',#1702,2.E0);
#1704=ORIENTED_EDGE('',*,*,#1660,.F.);
#1705=ORIENTED_EDGE('',*,*,#1693,.T.);
#1707=ORIENTED_EDGE('',*,*,#1706,.F.);
#1708=ORIENTED_EDGE('',*,*,#1689,.F.);
#1709=EDGE_LOOP('',(#1704,#1705,#1707,#1708));
#1710=FACE_OUTER_BOUND('',#1709,.F.);
#1711=ADVANCED_FACE('',(#1710),#1703,.F.);
#1712=CARTESIAN_POINT('',(-1.05E0,2.E0,0.E0));
#1713=DIRECTION('',(1.E0,0.E0,0.E0));
#1714=DIRECTION('',(0.E0,0.E0,-1.E0));
#1715=AXIS2_PLACEMENT_3D('',#1712,#1713,#1714);
#1716=PLANE('',#1715);
#1718=ORIENTED_EDGE('',*,*,#1717,.T.);
#1720=ORIENTED_EDGE('',*,*,#1719,.T.);
#1721=EDGE_LOOP('',(#1718,#1720));
#1722=FACE_OUTER_BOUND('',#1721,.F.);
#1723=ORIENTED_EDGE('',*,*,#1691,.T.);
#1724=ORIENTED_EDGE('',*,*,#1706,.T.);
#1725=EDGE_LOOP('',(#1723,#1724));
#1726=FACE_BOUND('',#1725,.F.);
#1727=ADVANCED_FACE('',(#1722,#1726),#1716,.F.);
#1728=CARTESIAN_POINT('',(-1.116720050395E0,0.E0,0.E0));
#1729=DIRECTION('',(-1.E0,0.E0,0.E0));
#1730=DIRECTION('',(0.E0,0.E0,1.E0));
#1731=AXIS2_PLACEMENT_3D('',#1728,#1729,#1730);
#1732=TOROIDAL_SURFACE('',#1731,2.03125E0,6.672005039535E-2);
#1733=ORIENTED_EDGE('',*,*,#1717,.F.);
#1735=ORIENTED_EDGE('',*,*,#1734,.F.);
#1737=ORIENTED_EDGE('',*,*,#1736,.T.);
#1739=ORIENTED_EDGE('',*,*,#1738,.T.);
#1740=EDGE_LOOP('',(#1733,#1735,#1737,#1739));
#1741=FACE_OUTER_BOUND('',#1740,.F.);
#1742=ADVANCED_FACE('',(#1741),#1732,.T.);
#1743=CARTESIAN_POINT('',(-1.116720050395E0,0.E0,0.E0));
#1744=DIRECTION('',(-1.E0,0.E0,0.E0));
#1745=DIRECTION('',(0.E0,0.E0,1.E0));
#1746=AXIS2_PLACEMENT_3D('',#1743,#1744,#1745);
#1747=TOROIDAL_SURFACE('',#1746,2.03125E0,6.672005039535E-2);
#1748=ORIENTED_EDGE('',*,*,#1719,.F.);
#1749=ORIENTED_EDGE('',*,*,#1738,.F.);
#1751=ORIENTED_EDGE('',*,*,#1750,.T.);
#1752=ORIENTED_EDGE('',*,*,#1734,.T.);
#1753=EDGE_LOOP('',(#1748,#1749,#1751,#1752));
#1754=FACE_OUTER_BOUND('',#1753,.F.);
#1755=ADVANCED_FACE('',(#1754),#1747,.T.);
#1756=CARTESIAN_POINT('',(-1.101021897460E0,0.E0,0.E0));
#1757=DIRECTION('',(1.E0,0.E0,0.E0));
#1758=DIRECTION('',(0.E0,0.E0,-1.E0));
#1759=AXIS2_PLACEMENT_3D('',#1756,#1757,#1758);
#1760=CONICAL_SURFACE('',#1759,1.957481752117E0,3.980557109227E1);
#1762=ORIENTED_EDGE('',*,*,#1761,.F.);
#1764=ORIENTED_EDGE('',*,*,#1763,.T.);
#1765=ORIENTED_EDGE('',*,*,#1750,.F.);
#1767=ORIENTED_EDGE('',*,*,#1766,.F.);
#1768=EDGE_LOOP('',(#1762,#1764,#1765,#1767));
#1769=FACE_OUTER_BOUND('',#1768,.F.);
#1770=ADVANCED_FACE('',(#1769),#1760,.F.);
#1771=CARTESIAN_POINT('',(-1.E0,0.E0,0.E0));
#1772=DIRECTION('',(-1.E0,0.E0,0.E0));
#1773=DIRECTION('',(0.E0,0.E0,1.E0));
#1774=AXIS2_PLACEMENT_3D('',#1771,#1772,#1773);
#1775=TOROIDAL_SURFACE('',#1774,1.781325010803E0,2.E-1);
#1776=ORIENTED_EDGE('',*,*,#1761,.T.);
#1778=ORIENTED_EDGE('',*,*,#1777,.T.);
#1780=ORIENTED_EDGE('',*,*,#1779,.F.);
#1782=ORIENTED_EDGE('',*,*,#1781,.F.);
#1783=EDGE_LOOP('',(#1776,#1778,#1780,#1782));
#1784=FACE_OUTER_BOUND('',#1783,.F.);
#1785=ADVANCED_FACE('',(#1784),#1775,.F.);
#1786=CARTESIAN_POINT('',(-1.E0,0.E0,0.E0));
#1787=DIRECTION('',(-1.E0,0.E0,0.E0));
#1788=DIRECTION('',(0.E0,0.E0,1.E0));
#1789=AXIS2_PLACEMENT_3D('',#1786,#1787,#1788);
#1790=TOROIDAL_SURFACE('',#1789,1.781325010803E0,2.E-1);
#1791=ORIENTED_EDGE('',*,*,#1781,.T.);
#1793=ORIENTED_EDGE('',*,*,#1792,.F.);
#1794=ORIENTED_EDGE('',*,*,#1777,.F.);
#1796=ORIENTED_EDGE('',*,*,#1795,.T.);
#1797=EDGE_LOOP('',(#1791,#1793,#1794,#1796));
#1798=FACE_OUTER_BOUND('',#1797,.F.);
#1799=ADVANCED_FACE('',(#1798),#1790,.F.);
#1800=CARTESIAN_POINT('',(-1.2E0,1.781325010803E0,0.E0));
#1801=DIRECTION('',(1.E0,0.E0,0.E0));
#1802=DIRECTION('',(0.E0,0.E0,-1.E0));
#1803=AXIS2_PLACEMENT_3D('',#1800,#1801,#1802);
#1804=PLANE('',#1803);
#1805=ORIENTED_EDGE('',*,*,#1792,.T.);
#1806=ORIENTED_EDGE('',*,*,#1779,.T.);
#1807=EDGE_LOOP('',(#1805,#1806));
#1808=FACE_OUTER_BOUND('',#1807,.F.);
#1810=ORIENTED_EDGE('',*,*,#1809,.T.);
#1812=ORIENTED_EDGE('',*,*,#1811,.T.);
#1813=EDGE_LOOP('',(#1810,#1812));
#1814=FACE_BOUND('',#1813,.F.);
#1815=ADVANCED_FACE('',(#1808,#1814),#1804,.T.);
#1816=CARTESIAN_POINT('',(0.E0,0.E0,0.E0));
#1817=DIRECTION('',(-1.E0,0.E0,0.E0));
#1818=DIRECTION('',(0.E0,0.E0,1.E0));
#1819=AXIS2_PLACEMENT_3D('',#1816,#1817,#1818);
#1820=CYLINDRICAL_SURFACE('',#1819,1.45E0);
#1822=ORIENTED_EDGE('',*,*,#1821,.T.);
#1824=ORIENTED_EDGE('',*,*,#1823,.F.);
#1826=ORIENTED_EDGE('',*,*,#1825,.F.);
#1827=ORIENTED_EDGE('',*,*,#1809,.F.);
#1828=EDGE_LOOP('',(#1822,#1824,#1826,#1827));
#1829=FACE_OUTER_BOUND('',#1828,.F.);
#1830=ADVANCED_FACE('',(#1829),#1820,.F.);
#1831=CARTESIAN_POINT('',(0.E0,0.E0,0.E0));
#1832=DIRECTION('',(-1.E0,0.E0,0.E0));
#1833=DIRECTION('',(0.E0,0.E0,1.E0));
#1834=AXIS2_PLACEMENT_3D('',#1831,#1832,#1833);
#1835=CYLINDRICAL_SURFACE('',#1834,1.45E0);
#1836=ORIENTED_EDGE('',*,*,#1811,.F.);
#1837=ORIENTED_EDGE('',*,*,#1825,.T.);
#1839=ORIENTED_EDGE('',*,*,#1838,.F.);
#1840=ORIENTED_EDGE('',*,*,#1821,.F.);
#1841=EDGE_LOOP('',(#1836,#1837,#1839,#1840));
#1842=FACE_OUTER_BOUND('',#1841,.F.);
#1843=ADVANCED_FACE('',(#1842),#1835,.F.);
#1844=CARTESIAN_POINT('',(-1.233333333333E0,1.781325010803E0,0.E0));
#1845=DIRECTION('',(1.E0,0.E0,0.E0));
#1846=DIRECTION('',(0.E0,0.E0,-1.E0));
#1847=AXIS2_PLACEMENT_3D('',#1844,#1845,#1846);
#1848=PLANE('',#1847);
#1850=ORIENTED_EDGE('',*,*,#1849,.T.);
#1852=ORIENTED_EDGE('',*,*,#1851,.T.);
#1853=EDGE_LOOP('',(#1850,#1852));
#1854=FACE_OUTER_BOUND('',#1853,.F.);
#1855=ORIENTED_EDGE('',*,*,#1823,.T.);
#1856=ORIENTED_EDGE('',*,*,#1838,.T.);
#1857=EDGE_LOOP('',(#1855,#1856));
#1858=FACE_BOUND('',#1857,.F.);
#1859=ADVANCED_FACE('',(#1854,#1858),#1848,.F.);
#1860=CARTESIAN_POINT('',(-1.E0,0.E0,0.E0));
#1861=DIRECTION('',(-1.E0,0.E0,0.E0));
#1862=DIRECTION('',(0.E0,0.E0,1.E0));
#1863=AXIS2_PLACEMENT_3D('',#1860,#1861,#1862);
#1864=TOROIDAL_SURFACE('',#1863,1.781325010803E0,2.333333333333E-1);
#1866=ORIENTED_EDGE('',*,*,#1865,.T.);
#1868=ORIENTED_EDGE('',*,*,#1867,.T.);
#1869=ORIENTED_EDGE('',*,*,#1849,.F.);
#1871=ORIENTED_EDGE('',*,*,#1870,.F.);
#1872=EDGE_LOOP('',(#1866,#1868,#1869,#1871));
#1873=FACE_OUTER_BOUND('',#1872,.F.);
#1874=ADVANCED_FACE('',(#1873),#1864,.T.);
#1875=CARTESIAN_POINT('',(-1.122361377449E0,0.E0,0.E0));
#1876=DIRECTION('',(1.E0,0.E0,0.E0));
#1877=DIRECTION('',(0.E0,0.E0,-1.E0));
#1878=AXIS2_PLACEMENT_3D('',#1875,#1876,#1877);
#1879=CONICAL_SURFACE('',#1878,1.983089128103E0,3.980557109227E1);
#1880=ORIENTED_EDGE('',*,*,#1865,.F.);
#1882=ORIENTED_EDGE('',*,*,#1881,.T.);
#1884=ORIENTED_EDGE('',*,*,#1883,.F.);
#1886=ORIENTED_EDGE('',*,*,#1885,.F.);
#1887=EDGE_LOOP('',(#1880,#1882,#1884,#1886));
#1888=FACE_OUTER_BOUND('',#1887,.F.);
#1889=ADVANCED_FACE('',(#1888),#1879,.T.);
#1890=CARTESIAN_POINT('',(-1.122361377449E0,0.E0,0.E0));
#1891=DIRECTION('',(1.E0,0.E0,0.E0));
#1892=DIRECTION('',(0.E0,0.E0,-1.E0));
#1893=AXIS2_PLACEMENT_3D('',#1890,#1891,#1892);
#1894=CONICAL_SURFACE('',#1893,1.983089128103E0,3.980557109227E1);
#1895=ORIENTED_EDGE('',*,*,#1885,.T.);
#1897=ORIENTED_EDGE('',*,*,#1896,.F.);
#1898=ORIENTED_EDGE('',*,*,#1881,.F.);
#1900=ORIENTED_EDGE('',*,*,#1899,.F.);
#1901=EDGE_LOOP('',(#1895,#1897,#1898,#1900));
#1902=FACE_OUTER_BOUND('',#1901,.F.);
#1903=ADVANCED_FACE('',(#1902),#1894,.T.);
#1904=CARTESIAN_POINT('',(-1.116720050395E0,0.E0,0.E0));
#1905=DIRECTION('',(-1.E0,0.E0,0.E0));
#1906=DIRECTION('',(0.E0,0.E0,1.E0));
#1907=AXIS2_PLACEMENT_3D('',#1904,#1905,#1906);
#1908=TOROIDAL_SURFACE('',#1907,2.03125E0,3.338671706202E-2);
#1909=ORIENTED_EDGE('',*,*,#1896,.T.);
#1911=ORIENTED_EDGE('',*,*,#1910,.T.);
#1912=ORIENTED_EDGE('',*,*,#1060,.F.);
#1914=ORIENTED_EDGE('',*,*,#1913,.F.);
#1915=EDGE_LOOP('',(#1909,#1911,#1912,#1914));
#1916=FACE_OUTER_BOUND('',#1915,.F.);
#1917=ADVANCED_FACE('',(#1916),#1908,.F.);
#1918=CARTESIAN_POINT('',(-1.116720050395E0,0.E0,0.E0));
#1919=DIRECTION('',(-1.E0,0.E0,0.E0));
#1920=DIRECTION('',(0.E0,0.E0,1.E0));
#1921=AXIS2_PLACEMENT_3D('',#1918,#1919,#1920);
#1922=TOROIDAL_SURFACE('',#1921,2.03125E0,3.338671706202E-2);
#1923=ORIENTED_EDGE('',*,*,#1913,.T.);
#1924=ORIENTED_EDGE('',*,*,#1058,.F.);
#1925=ORIENTED_EDGE('',*,*,#1910,.F.);
#1926=ORIENTED_EDGE('',*,*,#1883,.T.);
#1927=EDGE_LOOP('',(#1923,#1924,#1925,#1926));
#1928=FACE_OUTER_BOUND('',#1927,.F.);
#1929=ADVANCED_FACE('',(#1928),#1922,.F.);
#1930=CARTESIAN_POINT('',(-1.E0,0.E0,0.E0));
#1931=DIRECTION('',(-1.E0,0.E0,0.E0));
#1932=DIRECTION('',(0.E0,0.E0,1.E0));
#1933=AXIS2_PLACEMENT_3D('',#1930,#1931,#1932);
#1934=TOROIDAL_SURFACE('',#1933,1.781325010803E0,2.333333333333E-1);
#1935=ORIENTED_EDGE('',*,*,#1870,.T.);
#1936=ORIENTED_EDGE('',*,*,#1851,.F.);
#1937=ORIENTED_EDGE('',*,*,#1867,.F.);
#1938=ORIENTED_EDGE('',*,*,#1899,.T.);
#1939=EDGE_LOOP('',(#1935,#1936,#1937,#1938));
#1940=FACE_OUTER_BOUND('',#1939,.F.);
#1941=ADVANCED_FACE('',(#1940),#1934,.T.);
#1942=CARTESIAN_POINT('',(-1.101021897460E0,0.E0,0.E0));
#1943=DIRECTION('',(1.E0,0.E0,0.E0));
#1944=DIRECTION('',(0.E0,0.E0,-1.E0));
#1945=AXIS2_PLACEMENT_3D('',#1942,#1943,#1944);
#1946=CONICAL_SURFACE('',#1945,1.957481752117E0,3.980557109227E1);
#1947=ORIENTED_EDGE('',*,*,#1766,.T.);
#1948=ORIENTED_EDGE('',*,*,#1736,.F.);
#1949=ORIENTED_EDGE('',*,*,#1763,.F.);
#1950=ORIENTED_EDGE('',*,*,#1795,.F.);
#1951=EDGE_LOOP('',(#1947,#1948,#1949,#1950));
#1952=FACE_OUTER_BOUND('',#1951,.F.);
#1953=ADVANCED_FACE('',(#1952),#1946,.F.);
#1954=CARTESIAN_POINT('',(1.E0,0.E0,0.E0));
#1955=DIRECTION('',(1.E0,0.E0,0.E0));
#1956=DIRECTION('',(0.E0,0.E0,1.E0));
#1957=AXIS2_PLACEMENT_3D('',#1954,#1955,#1956);
#1958=TOROIDAL_SURFACE('',#1957,1.781325010803E0,2.E-1);
#1959=ORIENTED_EDGE('',*,*,#1544,.T.);
#1960=ORIENTED_EDGE('',*,*,#1524,.F.);
#1961=ORIENTED_EDGE('',*,*,#1541,.F.);
#1962=ORIENTED_EDGE('',*,*,#1573,.T.);
#1963=EDGE_LOOP('',(#1959,#1960,#1961,#1962));
#1964=FACE_OUTER_BOUND('',#1963,.F.);
#1965=ADVANCED_FACE('',(#1964),#1958,.F.);
#1966=CARTESIAN_POINT('',(0.E0,0.E0,0.E0));
#1967=DIRECTION('',(1.E0,0.E0,0.E0));
#1968=DIRECTION('',(0.E0,0.E0,1.E0));
#1969=AXIS2_PLACEMENT_3D('',#1966,#1967,#1968);
#1970=CYLINDRICAL_SURFACE('',#1969,1.45E0);
#1971=ORIENTED_EDGE('',*,*,#1512,.T.);
#1972=ORIENTED_EDGE('',*,*,#1497,.F.);
#1973=ORIENTED_EDGE('',*,*,#1509,.F.);
#1974=ORIENTED_EDGE('',*,*,#1529,.F.);
#1975=EDGE_LOOP('',(#1971,#1972,#1973,#1974));
#1976=FACE_OUTER_BOUND('',#1975,.F.);
#1977=ADVANCED_FACE('',(#1976),#1970,.F.);
#1978=CARTESIAN_POINT('',(1.116720050395E0,0.E0,0.E0));
#1979=DIRECTION('',(1.E0,0.E0,0.E0));
#1980=DIRECTION('',(0.E0,0.E0,1.E0));
#1981=AXIS2_PLACEMENT_3D('',#1978,#1979,#1980);
#1982=TOROIDAL_SURFACE('',#1981,2.03125E0,3.338671706202E-2);
#1983=ORIENTED_EDGE('',*,*,#1424,.T.);
#1984=ORIENTED_EDGE('',*,*,#1395,.F.);
#1985=ORIENTED_EDGE('',*,*,#1421,.F.);
#1986=ORIENTED_EDGE('',*,*,#1452,.T.);
#1987=EDGE_LOOP('',(#1983,#1984,#1985,#1986));
#1988=FACE_OUTER_BOUND('',#1987,.F.);
#1989=ADVANCED_FACE('',(#1988),#1982,.F.);
#1990=CLOSED_SHELL('',(#1047,#1064,#1079,#1094,#1107,#1122,#1137,#1151,#1163,
#1179,#1194,#1209,#1224,#1241,#1254,#1267,#1279,#1294,#1309,#1323,#1335,#1350,
#1363,#1382,#1399,#1413,#1428,#1443,#1457,#1472,#1485,#1501,#1516,#1533,#1548,
#1563,#1577,#1592,#1609,#1621,#1636,#1649,#1668,#1683,#1698,#1711,#1727,#1742,
#1755,#1770,#1785,#1799,#1815,#1830,#1843,#1859,#1874,#1889,#1903,#1917,#1929,
#1941,#1953,#1965,#1977,#1989));
#1991=MANIFOLD_SOLID_BREP('',#1990);
#1992=CARTESIAN_POINT('',(-3.122498999199E-1,0.E0,0.E0));
#1993=DIRECTION('',(-1.E0,0.E0,0.E0));
#1994=DIRECTION('',(0.E0,0.E0,-1.E0));
#1995=AXIS2_PLACEMENT_3D('',#1992,#1993,#1994);
#1997=CARTESIAN_POINT('',(0.E0,0.E0,1.75E0));
#1998=DIRECTION('',(0.E0,-1.E0,0.E0));
#1999=DIRECTION('',(-7.806247497998E-1,0.E0,-6.25E-1));
#2000=AXIS2_PLACEMENT_3D('',#1997,#1998,#1999);
#2002=CARTESIAN_POINT('',(-3.122498999199E-1,0.E0,0.E0));
#2003=DIRECTION('',(-1.E0,0.E0,0.E0));
#2004=DIRECTION('',(0.E0,0.E0,1.E0));
#2005=AXIS2_PLACEMENT_3D('',#2002,#2003,#2004);
#2007=CARTESIAN_POINT('',(0.E0,0.E0,-1.75E0));
#2008=DIRECTION('',(0.E0,1.E0,0.E0));
#2009=DIRECTION('',(-7.806247497998E-1,0.E0,6.25E-1));
#2010=AXIS2_PLACEMENT_3D('',#2007,#2008,#2009);
#2012=DIRECTION('',(-1.E0,0.E0,0.E0));
#2013=VECTOR('',#2012,7.377501000801E-1);
#2014=CARTESIAN_POINT('',(-3.122498999199E-1,0.E0,1.5E0));
#2015=LINE('',#2014,#2013);
#2016=DIRECTION('',(-1.E0,0.E0,0.E0));
#2017=VECTOR('',#2016,7.377501000801E-1);
#2018=CARTESIAN_POINT('',(-3.122498999199E-1,0.E0,-1.5E0));
#2019=LINE('',#2018,#2017);
#2020=CARTESIAN_POINT('',(-1.05E0,0.E0,0.E0));
#2021=DIRECTION('',(1.E0,0.E0,0.E0));
#2022=DIRECTION('',(0.E0,0.E0,-1.E0));
#2023=AXIS2_PLACEMENT_3D('',#2020,#2021,#2022);
#2025=CARTESIAN_POINT('',(-1.05E0,0.E0,0.E0));
#2026=DIRECTION('',(1.E0,0.E0,0.E0));
#2027=DIRECTION('',(0.E0,0.E0,1.E0));
#2028=AXIS2_PLACEMENT_3D('',#2025,#2026,#2027);
#2030=CARTESIAN_POINT('',(-1.05E0,0.E0,0.E0));
#2031=DIRECTION('',(-1.E0,0.E0,0.E0));
#2032=DIRECTION('',(0.E0,0.E0,1.E0));
#2033=AXIS2_PLACEMENT_3D('',#2030,#2031,#2032);
#2035=CARTESIAN_POINT('',(-1.05E0,0.E0,0.E0));
#2036=DIRECTION('',(-1.E0,0.E0,0.E0));
#2037=DIRECTION('',(0.E0,0.E0,-1.E0));
#2038=AXIS2_PLACEMENT_3D('',#2035,#2036,#2037);
#2040=DIRECTION('',(-1.E0,0.E0,0.E0));
#2041=VECTOR('',#2040,2.E-1);
#2042=CARTESIAN_POINT('',(-1.05E0,0.E0,1.4375E0));
#2043=LINE('',#2042,#2041);
#2044=DIRECTION('',(-1.E0,0.E0,0.E0));
#2045=VECTOR('',#2044,2.E-1);
#2046=CARTESIAN_POINT('',(-1.05E0,0.E0,-1.4375E0));
#2047=LINE('',#2046,#2045);
#2048=CARTESIAN_POINT('',(-1.25E0,0.E0,0.E0));
#2049=DIRECTION('',(1.E0,0.E0,0.E0));
#2050=DIRECTION('',(0.E0,0.E0,-1.E0));
#2051=AXIS2_PLACEMENT_3D('',#2048,#2049,#2050);
#2053=CARTESIAN_POINT('',(-1.25E0,0.E0,0.E0));
#2054=DIRECTION('',(1.E0,0.E0,0.E0));
#2055=DIRECTION('',(0.E0,0.E0,1.E0));
#2056=AXIS2_PLACEMENT_3D('',#2053,#2054,#2055);
#2058=CARTESIAN_POINT('',(-1.25E0,0.E0,0.E0));
#2059=DIRECTION('',(-1.E0,0.E0,0.E0));
#2060=DIRECTION('',(0.E0,0.E0,1.E0));
#2061=AXIS2_PLACEMENT_3D('',#2058,#2059,#2060);
#2063=CARTESIAN_POINT('',(-1.25E0,0.E0,0.E0));
#2064=DIRECTION('',(-1.E0,0.E0,0.E0));
#2065=DIRECTION('',(0.E0,0.E0,-1.E0));
#2066=AXIS2_PLACEMENT_3D('',#2063,#2064,#2065);
#2068=CARTESIAN_POINT('',(-1.15E0,0.E0,1.1E0));
#2069=DIRECTION('',(0.E0,-1.E0,0.E0));
#2070=DIRECTION('',(-1.E0,0.E0,0.E0));
#2071=AXIS2_PLACEMENT_3D('',#2068,#2069,#2070);
#2073=CARTESIAN_POINT('',(-1.15E0,0.E0,0.E0));
#2074=DIRECTION('',(-1.E0,0.E0,0.E0));
#2075=DIRECTION('',(0.E0,0.E0,1.E0));
#2076=AXIS2_PLACEMENT_3D('',#2073,#2074,#2075);
#2078=CARTESIAN_POINT('',(-1.15E0,0.E0,-1.1E0));
#2079=DIRECTION('',(0.E0,1.E0,0.E0));
#2080=DIRECTION('',(-1.E0,0.E0,0.E0));
#2081=AXIS2_PLACEMENT_3D('',#2078,#2079,#2080);
#2083=CARTESIAN_POINT('',(-1.15E0,0.E0,0.E0));
#2084=DIRECTION('',(-1.E0,0.E0,0.E0));
#2085=DIRECTION('',(0.E0,0.E0,-1.E0));
#2086=AXIS2_PLACEMENT_3D('',#2083,#2084,#2085);
#2088=DIRECTION('',(-1.E0,0.E0,0.E0));
#2089=VECTOR('',#2088,2.3E0);
#2090=CARTESIAN_POINT('',(1.15E0,0.E0,1.E0));
#2091=LINE('',#2090,#2089);
#2092=CARTESIAN_POINT('',(1.15E0,0.E0,-1.1E0));
#2093=DIRECTION('',(0.E0,1.E0,0.E0));
#2094=DIRECTION('',(0.E0,0.E0,1.E0));
#2095=AXIS2_PLACEMENT_3D('',#2092,#2093,#2094);
#2097=CARTESIAN_POINT('',(1.15E0,0.E0,0.E0));
#2098=DIRECTION('',(1.E0,0.E0,0.E0));
#2099=DIRECTION('',(0.E0,0.E0,1.E0));
#2100=AXIS2_PLACEMENT_3D('',#2097,#2098,#2099);
#2102=CARTESIAN_POINT('',(1.15E0,0.E0,0.E0));
#2103=DIRECTION('',(1.E0,0.E0,0.E0));
#2104=DIRECTION('',(0.E0,0.E0,-1.E0));
#2105=AXIS2_PLACEMENT_3D('',#2102,#2103,#2104);
#2107=CARTESIAN_POINT('',(1.15E0,0.E0,1.1E0));
#2108=DIRECTION('',(0.E0,-1.E0,0.E0));
#2109=DIRECTION('',(0.E0,0.E0,-1.E0));
#2110=AXIS2_PLACEMENT_3D('',#2107,#2108,#2109);
#2112=DIRECTION('',(-1.E0,0.E0,0.E0));
#2113=VECTOR('',#2112,2.3E0);
#2114=CARTESIAN_POINT('',(1.15E0,0.E0,-1.E0));
#2115=LINE('',#2114,#2113);
#2116=CARTESIAN_POINT('',(1.25E0,0.E0,0.E0));
#2117=DIRECTION('',(-1.E0,0.E0,0.E0));
#2118=DIRECTION('',(0.E0,0.E0,1.E0));
#2119=AXIS2_PLACEMENT_3D('',#2116,#2117,#2118);
#2121=CARTESIAN_POINT('',(1.25E0,0.E0,0.E0));
#2122=DIRECTION('',(-1.E0,0.E0,0.E0));
#2123=DIRECTION('',(0.E0,0.E0,-1.E0));
#2124=AXIS2_PLACEMENT_3D('',#2121,#2122,#2123);
#2126=CARTESIAN_POINT('',(1.25E0,0.E0,0.E0));
#2127=DIRECTION('',(1.E0,0.E0,0.E0));
#2128=DIRECTION('',(0.E0,0.E0,-1.E0));
#2129=AXIS2_PLACEMENT_3D('',#2126,#2127,#2128);
#2131=CARTESIAN_POINT('',(1.25E0,0.E0,0.E0));
#2132=DIRECTION('',(1.E0,0.E0,0.E0));
#2133=DIRECTION('',(0.E0,0.E0,1.E0));
#2134=AXIS2_PLACEMENT_3D('',#2131,#2132,#2133);
#2136=DIRECTION('',(-1.E0,0.E0,0.E0));
#2137=VECTOR('',#2136,2.E-1);
#2138=CARTESIAN_POINT('',(1.25E0,0.E0,1.4375E0));
#2139=LINE('',#2138,#2137);
#2140=DIRECTION('',(-1.E0,0.E0,0.E0));
#2141=VECTOR('',#2140,2.E-1);
#2142=CARTESIAN_POINT('',(1.25E0,0.E0,-1.4375E0));
#2143=LINE('',#2142,#2141);
#2144=CARTESIAN_POINT('',(1.05E0,0.E0,0.E0));
#2145=DIRECTION('',(-1.E0,0.E0,0.E0));
#2146=DIRECTION('',(0.E0,0.E0,1.E0));
#2147=AXIS2_PLACEMENT_3D('',#2144,#2145,#2146);
#2149=CARTESIAN_POINT('',(1.05E0,0.E0,0.E0));
#2150=DIRECTION('',(-1.E0,0.E0,0.E0));
#2151=DIRECTION('',(0.E0,0.E0,-1.E0));
#2152=AXIS2_PLACEMENT_3D('',#2149,#2150,#2151);
#2154=CARTESIAN_POINT('',(1.05E0,0.E0,0.E0));
#2155=DIRECTION('',(1.E0,0.E0,0.E0));
#2156=DIRECTION('',(0.E0,0.E0,-1.E0));
#2157=AXIS2_PLACEMENT_3D('',#2154,#2155,#2156);
#2159=CARTESIAN_POINT('',(1.05E0,0.E0,0.E0));
#2160=DIRECTION('',(1.E0,0.E0,0.E0));
#2161=DIRECTION('',(0.E0,0.E0,1.E0));
#2162=AXIS2_PLACEMENT_3D('',#2159,#2160,#2161);
#2164=DIRECTION('',(-1.E0,0.E0,0.E0));
#2165=VECTOR('',#2164,7.377501000801E-1);
#2166=CARTESIAN_POINT('',(1.05E0,0.E0,1.5E0));
#2167=LINE('',#2166,#2165);
#2168=DIRECTION('',(-1.E0,0.E0,0.E0));
#2169=VECTOR('',#2168,7.377501000801E-1);
#2170=CARTESIAN_POINT('',(1.05E0,0.E0,-1.5E0));
#2171=LINE('',#2170,#2169);
#2172=CARTESIAN_POINT('',(0.E0,0.E0,0.E0));
#2173=DIRECTION('',(-1.E0,0.E0,0.E0));
#2174=DIRECTION('',(0.E0,0.E0,-1.E0));
#2175=AXIS2_PLACEMENT_3D('',#2172,#2173,#2174);
#2177=CARTESIAN_POINT('',(0.E0,0.E0,1.75E0));
#2178=DIRECTION('',(0.E0,-1.E0,0.E0));
#2179=DIRECTION('',(0.E0,0.E0,-1.E0));
#2180=AXIS2_PLACEMENT_3D('',#2177,#2178,#2179);
#2182=CARTESIAN_POINT('',(3.122498999199E-1,0.E0,0.E0));
#2183=DIRECTION('',(1.E0,0.E0,0.E0));
#2184=DIRECTION('',(0.E0,0.E0,1.E0));
#2185=AXIS2_PLACEMENT_3D('',#2182,#2183,#2184);
#2187=CARTESIAN_POINT('',(0.E0,0.E0,0.E0));
#2188=DIRECTION('',(-1.E0,0.E0,0.E0));
#2189=DIRECTION('',(0.E0,0.E0,1.E0));
#2190=AXIS2_PLACEMENT_3D('',#2187,#2188,#2189);
#2192=CARTESIAN_POINT('',(0.E0,0.E0,-1.75E0));
#2193=DIRECTION('',(0.E0,1.E0,0.E0));
#2194=DIRECTION('',(0.E0,0.E0,1.E0));
#2195=AXIS2_PLACEMENT_3D('',#2192,#2193,#2194);
#2197=CARTESIAN_POINT('',(3.122498999199E-1,0.E0,0.E0));
#2198=DIRECTION('',(1.E0,0.E0,0.E0));
#2199=DIRECTION('',(0.E0,0.E0,-1.E0));
#2200=AXIS2_PLACEMENT_3D('',#2197,#2198,#2199);
#2202=CARTESIAN_POINT('',(1.15E0,0.E0,-1.E0));
#2203=CARTESIAN_POINT('',(1.25E0,0.E0,-1.1E0));
#2204=VERTEX_POINT('',#2202);
#2205=VERTEX_POINT('',#2203);
#2206=CARTESIAN_POINT('',(1.25E0,0.E0,1.1E0));
#2207=VERTEX_POINT('',#2206);
#2208=CARTESIAN_POINT('',(1.15E0,0.E0,1.E0));
#2209=VERTEX_POINT('',#2208);
#2210=CARTESIAN_POINT('',(-1.15E0,0.E0,-1.E0));
#2211=VERTEX_POINT('',#2210);
#2212=CARTESIAN_POINT('',(-1.15E0,0.E0,1.E0));
#2213=VERTEX_POINT('',#2212);
#2214=CARTESIAN_POINT('',(-1.25E0,0.E0,-1.1E0));
#2215=VERTEX_POINT('',#2214);
#2216=CARTESIAN_POINT('',(-1.25E0,0.E0,1.1E0));
#2217=VERTEX_POINT('',#2216);
#2218=CARTESIAN_POINT('',(-1.25E0,0.E0,-1.4375E0));
#2219=CARTESIAN_POINT('',(-1.25E0,0.E0,1.4375E0));
#2220=VERTEX_POINT('',#2218);
#2221=VERTEX_POINT('',#2219);
#2222=CARTESIAN_POINT('',(-1.05E0,0.E0,1.4375E0));
#2223=CARTESIAN_POINT('',(-1.05E0,0.E0,-1.4375E0));
#2224=VERTEX_POINT('',#2222);
#2225=VERTEX_POINT('',#2223);
#2226=CARTESIAN_POINT('',(-1.05E0,0.E0,-1.5E0));
#2227=CARTESIAN_POINT('',(-1.05E0,0.E0,1.5E0));
#2228=VERTEX_POINT('',#2226);
#2229=VERTEX_POINT('',#2227);
#2230=CARTESIAN_POINT('',(-3.122498999199E-1,0.E0,1.5E0));
#2231=CARTESIAN_POINT('',(-3.122498999199E-1,0.E0,-1.5E0));
#2232=VERTEX_POINT('',#2230);
#2233=VERTEX_POINT('',#2231);
#2234=CARTESIAN_POINT('',(0.E0,0.E0,1.35E0));
#2235=VERTEX_POINT('',#2234);
#2236=CARTESIAN_POINT('',(0.E0,0.E0,-1.35E0));
#2237=VERTEX_POINT('',#2236);
#2238=CARTESIAN_POINT('',(3.122498999199E-1,0.E0,1.5E0));
#2239=VERTEX_POINT('',#2238);
#2240=CARTESIAN_POINT('',(3.122498999199E-1,0.E0,-1.5E0));
#2241=VERTEX_POINT('',#2240);
#2242=CARTESIAN_POINT('',(1.05E0,0.E0,1.5E0));
#2243=CARTESIAN_POINT('',(1.05E0,0.E0,-1.5E0));
#2244=VERTEX_POINT('',#2242);
#2245=VERTEX_POINT('',#2243);
#2246=CARTESIAN_POINT('',(1.05E0,0.E0,-1.4375E0));
#2247=CARTESIAN_POINT('',(1.05E0,0.E0,1.4375E0));
#2248=VERTEX_POINT('',#2246);
#2249=VERTEX_POINT('',#2247);
#2250=CARTESIAN_POINT('',(1.25E0,0.E0,1.4375E0));
#2251=CARTESIAN_POINT('',(1.25E0,0.E0,-1.4375E0));
#2252=VERTEX_POINT('',#2250);
#2253=VERTEX_POINT('',#2251);
#2254=CARTESIAN_POINT('',(0.E0,0.E0,0.E0));
#2255=DIRECTION('',(-1.E0,0.E0,0.E0));
#2256=DIRECTION('',(0.E0,0.E0,1.E0));
#2257=AXIS2_PLACEMENT_3D('',#2254,#2255,#2256);
#2258=TOROIDAL_SURFACE('',#2257,1.75E0,4.E-1);
#2260=ORIENTED_EDGE('',*,*,#2259,.F.);
#2262=ORIENTED_EDGE('',*,*,#2261,.T.);
#2264=ORIENTED_EDGE('',*,*,#2263,.T.);
#2266=ORIENTED_EDGE('',*,*,#2265,.F.);
#2267=EDGE_LOOP('',(#2260,#2262,#2264,#2266));
#2268=FACE_OUTER_BOUND('',#2267,.F.);
#2269=ADVANCED_FACE('',(#2268),#2258,.F.);
#2270=CARTESIAN_POINT('',(0.E0,0.E0,0.E0));
#2271=DIRECTION('',(-1.E0,0.E0,0.E0));
#2272=DIRECTION('',(0.E0,0.E0,1.E0));
#2273=AXIS2_PLACEMENT_3D('',#2270,#2271,#2272);
#2274=TOROIDAL_SURFACE('',#2273,1.75E0,4.E-1);
#2275=ORIENTED_EDGE('',*,*,#2263,.F.);
#2277=ORIENTED_EDGE('',*,*,#2276,.T.);
#2278=ORIENTED_EDGE('',*,*,#2259,.T.);
#2280=ORIENTED_EDGE('',*,*,#2279,.F.);
#2281=EDGE_LOOP('',(#2275,#2277,#2278,#2280));
#2282=FACE_OUTER_BOUND('',#2281,.F.);
#2283=ADVANCED_FACE('',(#2282),#2274,.F.);
#2284=CARTESIAN_POINT('',(0.E0,0.E0,0.E0));
#2285=DIRECTION('',(-1.E0,0.E0,0.E0));
#2286=DIRECTION('',(0.E0,0.E0,1.E0));
#2287=AXIS2_PLACEMENT_3D('',#2284,#2285,#2286);
#2288=CYLINDRICAL_SURFACE('',#2287,1.5E0);
#2289=ORIENTED_EDGE('',*,*,#2276,.F.);
#2291=ORIENTED_EDGE('',*,*,#2290,.T.);
#2293=ORIENTED_EDGE('',*,*,#2292,.F.);
#2295=ORIENTED_EDGE('',*,*,#2294,.F.);
#2296=EDGE_LOOP('',(#2289,#2291,#2293,#2295));
#2297=FACE_OUTER_BOUND('',#2296,.F.);
#2298=ADVANCED_FACE('',(#2297),#2288,.T.);
#2299=CARTESIAN_POINT('',(0.E0,0.E0,0.E0));
#2300=DIRECTION('',(-1.E0,0.E0,0.E0));
#2301=DIRECTION('',(0.E0,0.E0,1.E0));
#2302=AXIS2_PLACEMENT_3D('',#2299,#2300,#2301);
#2303=CYLINDRICAL_SURFACE('',#2302,1.5E0);
#2304=ORIENTED_EDGE('',*,*,#2294,.T.);
#2306=ORIENTED_EDGE('',*,*,#2305,.F.);
#2307=ORIENTED_EDGE('',*,*,#2290,.F.);
#2308=ORIENTED_EDGE('',*,*,#2261,.F.);
#2309=EDGE_LOOP('',(#2304,#2306,#2307,#2308));
#2310=FACE_OUTER_BOUND('',#2309,.F.);
#2311=ADVANCED_FACE('',(#2310),#2303,.T.);
#2312=CARTESIAN_POINT('',(-1.05E0,1.4375E0,0.E0));
#2313=DIRECTION('',(1.E0,0.E0,0.E0));
#2314=DIRECTION('',(0.E0,0.E0,-1.E0));
#2315=AXIS2_PLACEMENT_3D('',#2312,#2313,#2314);
#2316=PLANE('',#2315);
#2317=ORIENTED_EDGE('',*,*,#2292,.T.);
#2318=ORIENTED_EDGE('',*,*,#2305,.T.);
#2319=EDGE_LOOP('',(#2317,#2318));
#2320=FACE_OUTER_BOUND('',#2319,.F.);
#2322=ORIENTED_EDGE('',*,*,#2321,.T.);
#2324=ORIENTED_EDGE('',*,*,#2323,.T.);
#2325=EDGE_LOOP('',(#2322,#2324));
#2326=FACE_BOUND('',#2325,.F.);
#2327=ADVANCED_FACE('',(#2320,#2326),#2316,.F.);
#2328=CARTESIAN_POINT('',(0.E0,0.E0,0.E0));
#2329=DIRECTION('',(-1.E0,0.E0,0.E0));
#2330=DIRECTION('',(0.E0,0.E0,1.E0));
#2331=AXIS2_PLACEMENT_3D('',#2328,#2329,#2330);
#2332=CYLINDRICAL_SURFACE('',#2331,1.4375E0);
#2333=ORIENTED_EDGE('',*,*,#2321,.F.);
#2335=ORIENTED_EDGE('',*,*,#2334,.T.);
#2337=ORIENTED_EDGE('',*,*,#2336,.F.);
#2339=ORIENTED_EDGE('',*,*,#2338,.F.);
#2340=EDGE_LOOP('',(#2333,#2335,#2337,#2339));
#2341=FACE_OUTER_BOUND('',#2340,.F.);
#2342=ADVANCED_FACE('',(#2341),#2332,.T.);
#2343=CARTESIAN_POINT('',(0.E0,0.E0,0.E0));
#2344=DIRECTION('',(-1.E0,0.E0,0.E0));
#2345=DIRECTION('',(0.E0,0.E0,1.E0));
#2346=AXIS2_PLACEMENT_3D('',#2343,#2344,#2345);
#2347=CYLINDRICAL_SURFACE('',#2346,1.4375E0);
#2348=ORIENTED_EDGE('',*,*,#2338,.T.);
#2350=ORIENTED_EDGE('',*,*,#2349,.F.);
#2351=ORIENTED_EDGE('',*,*,#2334,.F.);
#2352=ORIENTED_EDGE('',*,*,#2323,.F.);
#2353=EDGE_LOOP('',(#2348,#2350,#2351,#2352));
#2354=FACE_OUTER_BOUND('',#2353,.F.);
#2355=ADVANCED_FACE('',(#2354),#2347,.T.);
#2356=CARTESIAN_POINT('',(-1.25E0,1.4375E0,0.E0));
#2357=DIRECTION('',(1.E0,0.E0,0.E0));
#2358=DIRECTION('',(0.E0,0.E0,-1.E0));
#2359=AXIS2_PLACEMENT_3D('',#2356,#2357,#2358);
#2360=PLANE('',#2359);
#2361=ORIENTED_EDGE('',*,*,#2336,.T.);
#2362=ORIENTED_EDGE('',*,*,#2349,.T.);
#2363=EDGE_LOOP('',(#2361,#2362));
#2364=FACE_OUTER_BOUND('',#2363,.F.);
#2366=ORIENTED_EDGE('',*,*,#2365,.T.);
#2368=ORIENTED_EDGE('',*,*,#2367,.T.);
#2369=EDGE_LOOP('',(#2366,#2368));
#2370=FACE_BOUND('',#2369,.F.);
#2371=ADVANCED_FACE('',(#2364,#2370),#2360,.F.);
#2372=CARTESIAN_POINT('',(-1.15E0,0.E0,0.E0));
#2373=DIRECTION('',(-1.E0,0.E0,0.E0));
#2374=DIRECTION('',(0.E0,0.E0,1.E0));
#2375=AXIS2_PLACEMENT_3D('',#2372,#2373,#2374);
#2376=TOROIDAL_SURFACE('',#2375,1.1E0,1.E-1);
#2377=ORIENTED_EDGE('',*,*,#2365,.F.);
#2379=ORIENTED_EDGE('',*,*,#2378,.T.);
#2381=ORIENTED_EDGE('',*,*,#2380,.T.);
#2383=ORIENTED_EDGE('',*,*,#2382,.F.);
#2384=EDGE_LOOP('',(#2377,#2379,#2381,#2383));
#2385=FACE_OUTER_BOUND('',#2384,.F.);
#2386=ADVANCED_FACE('',(#2385),#2376,.T.);
#2387=CARTESIAN_POINT('',(-1.15E0,0.E0,0.E0));
#2388=DIRECTION('',(-1.E0,0.E0,0.E0));
#2389=DIRECTION('',(0.E0,0.E0,1.E0));
#2390=AXIS2_PLACEMENT_3D('',#2387,#2388,#2389);
#2391=TOROIDAL_SURFACE('',#2390,1.1E0,1.E-1);
#2392=ORIENTED_EDGE('',*,*,#2382,.T.);
#2394=ORIENTED_EDGE('',*,*,#2393,.T.);
#2395=ORIENTED_EDGE('',*,*,#2378,.F.);
#2396=ORIENTED_EDGE('',*,*,#2367,.F.);
#2397=EDGE_LOOP('',(#2392,#2394,#2395,#2396));
#2398=FACE_OUTER_BOUND('',#2397,.F.);
#2399=ADVANCED_FACE('',(#2398),#2391,.T.);
#2400=CARTESIAN_POINT('',(0.E0,0.E0,0.E0));
#2401=DIRECTION('',(-1.E0,0.E0,0.E0));
#2402=DIRECTION('',(0.E0,0.E0,1.E0));
#2403=AXIS2_PLACEMENT_3D('',#2400,#2401,#2402);
#2404=CYLINDRICAL_SURFACE('',#2403,1.E0);
#2406=ORIENTED_EDGE('',*,*,#2405,.F.);
#2408=ORIENTED_EDGE('',*,*,#2407,.T.);
#2409=ORIENTED_EDGE('',*,*,#2393,.F.);
#2411=ORIENTED_EDGE('',*,*,#2410,.F.);
#2412=EDGE_LOOP('',(#2406,#2408,#2409,#2411));
#2413=FACE_OUTER_BOUND('',#2412,.F.);
#2414=ADVANCED_FACE('',(#2413),#2404,.F.);
#2415=CARTESIAN_POINT('',(1.15E0,0.E0,0.E0));
#2416=DIRECTION('',(-1.E0,0.E0,0.E0));
#2417=DIRECTION('',(0.E0,0.E0,1.E0));
#2418=AXIS2_PLACEMENT_3D('',#2415,#2416,#2417);
#2419=TOROIDAL_SURFACE('',#2418,1.1E0,1.E-1);
#2421=ORIENTED_EDGE('',*,*,#2420,.T.);
#2423=ORIENTED_EDGE('',*,*,#2422,.F.);
#2425=ORIENTED_EDGE('',*,*,#2424,.F.);
#2426=ORIENTED_EDGE('',*,*,#2405,.T.);
#2427=EDGE_LOOP('',(#2421,#2423,#2425,#2426));
#2428=FACE_OUTER_BOUND('',#2427,.F.);
#2429=ADVANCED_FACE('',(#2428),#2419,.T.);
#2430=CARTESIAN_POINT('',(1.15E0,0.E0,0.E0));
#2431=DIRECTION('',(-1.E0,0.E0,0.E0));
#2432=DIRECTION('',(0.E0,0.E0,1.E0));
#2433=AXIS2_PLACEMENT_3D('',#2430,#2431,#2432);
#2434=TOROIDAL_SURFACE('',#2433,1.1E0,1.E-1);
#2436=ORIENTED_EDGE('',*,*,#2435,.T.);
#2437=ORIENTED_EDGE('',*,*,#2424,.T.);
#2439=ORIENTED_EDGE('',*,*,#2438,.F.);
#2440=ORIENTED_EDGE('',*,*,#2420,.F.);
#2441=EDGE_LOOP('',(#2436,#2437,#2439,#2440));
#2442=FACE_OUTER_BOUND('',#2441,.F.);
#2443=ADVANCED_FACE('',(#2442),#2434,.T.);
#2444=CARTESIAN_POINT('',(0.E0,0.E0,0.E0));
#2445=DIRECTION('',(-1.E0,0.E0,0.E0));
#2446=DIRECTION('',(0.E0,0.E0,1.E0));
#2447=AXIS2_PLACEMENT_3D('',#2444,#2445,#2446);
#2448=CYLINDRICAL_SURFACE('',#2447,1.E0);
#2449=ORIENTED_EDGE('',*,*,#2410,.T.);
#2450=ORIENTED_EDGE('',*,*,#2380,.F.);
#2451=ORIENTED_EDGE('',*,*,#2407,.F.);
#2452=ORIENTED_EDGE('',*,*,#2435,.F.);
#2453=EDGE_LOOP('',(#2449,#2450,#2451,#2452));
#2454=FACE_OUTER_BOUND('',#2453,.F.);
#2455=ADVANCED_FACE('',(#2454),#2448,.F.);
#2456=CARTESIAN_POINT('',(1.25E0,1.4375E0,0.E0));
#2457=DIRECTION('',(-1.E0,0.E0,0.E0));
#2458=DIRECTION('',(0.E0,0.E0,1.E0));
#2459=AXIS2_PLACEMENT_3D('',#2456,#2457,#2458);
#2460=PLANE('',#2459);
#2462=ORIENTED_EDGE('',*,*,#2461,.T.);
#2464=ORIENTED_EDGE('',*,*,#2463,.T.);
#2465=EDGE_LOOP('',(#2462,#2464));
#2466=FACE_OUTER_BOUND('',#2465,.F.);
#2467=ORIENTED_EDGE('',*,*,#2438,.T.);
#2468=ORIENTED_EDGE('',*,*,#2422,.T.);
#2469=EDGE_LOOP('',(#2467,#2468));
#2470=FACE_BOUND('',#2469,.F.);
#2471=ADVANCED_FACE('',(#2466,#2470),#2460,.F.);
#2472=CARTESIAN_POINT('',(0.E0,0.E0,0.E0));
#2473=DIRECTION('',(-1.E0,0.E0,0.E0));
#2474=DIRECTION('',(0.E0,0.E0,1.E0));
#2475=AXIS2_PLACEMENT_3D('',#2472,#2473,#2474);
#2476=CYLINDRICAL_SURFACE('',#2475,1.4375E0);
#2477=ORIENTED_EDGE('',*,*,#2461,.F.);
#2479=ORIENTED_EDGE('',*,*,#2478,.T.);
#2481=ORIENTED_EDGE('',*,*,#2480,.F.);
#2483=ORIENTED_EDGE('',*,*,#2482,.F.);
#2484=EDGE_LOOP('',(#2477,#2479,#2481,#2483));
#2485=FACE_OUTER_BOUND('',#2484,.F.);
#2486=ADVANCED_FACE('',(#2485),#2476,.T.);
#2487=CARTESIAN_POINT('',(0.E0,0.E0,0.E0));
#2488=DIRECTION('',(-1.E0,0.E0,0.E0));
#2489=DIRECTION('',(0.E0,0.E0,1.E0));
#2490=AXIS2_PLACEMENT_3D('',#2487,#2488,#2489);
#2491=CYLINDRICAL_SURFACE('',#2490,1.4375E0);
#2492=ORIENTED_EDGE('',*,*,#2482,.T.);
#2494=ORIENTED_EDGE('',*,*,#2493,.F.);
#2495=ORIENTED_EDGE('',*,*,#2478,.F.);
#2496=ORIENTED_EDGE('',*,*,#2463,.F.);
#2497=EDGE_LOOP('',(#2492,#2494,#2495,#2496));
#2498=FACE_OUTER_BOUND('',#2497,.F.);
#2499=ADVANCED_FACE('',(#2498),#2491,.T.);
#2500=CARTESIAN_POINT('',(1.05E0,1.4375E0,0.E0));
#2501=DIRECTION('',(-1.E0,0.E0,0.E0));
#2502=DIRECTION('',(0.E0,0.E0,1.E0));
#2503=AXIS2_PLACEMENT_3D('',#2500,#2501,#2502);
#2504=PLANE('',#2503);
#2506=ORIENTED_EDGE('',*,*,#2505,.T.);
#2508=ORIENTED_EDGE('',*,*,#2507,.T.);
#2509=EDGE_LOOP('',(#2506,#2508));
#2510=FACE_OUTER_BOUND('',#2509,.F.);
#2511=ORIENTED_EDGE('',*,*,#2480,.T.);
#2512=ORIENTED_EDGE('',*,*,#2493,.T.);
#2513=EDGE_LOOP('',(#2511,#2512));
#2514=FACE_BOUND('',#2513,.F.);
#2515=ADVANCED_FACE('',(#2510,#2514),#2504,.F.);
#2516=CARTESIAN_POINT('',(0.E0,0.E0,0.E0));
#2517=DIRECTION('',(-1.E0,0.E0,0.E0));
#2518=DIRECTION('',(0.E0,0.E0,1.E0));
#2519=AXIS2_PLACEMENT_3D('',#2516,#2517,#2518);
#2520=CYLINDRICAL_SURFACE('',#2519,1.5E0);
#2521=ORIENTED_EDGE('',*,*,#2505,.F.);
#2523=ORIENTED_EDGE('',*,*,#2522,.T.);
#2525=ORIENTED_EDGE('',*,*,#2524,.F.);
#2527=ORIENTED_EDGE('',*,*,#2526,.F.);
#2528=EDGE_LOOP('',(#2521,#2523,#2525,#2527));
#2529=FACE_OUTER_BOUND('',#2528,.F.);
#2530=ADVANCED_FACE('',(#2529),#2520,.T.);
#2531=CARTESIAN_POINT('',(0.E0,0.E0,0.E0));
#2532=DIRECTION('',(-1.E0,0.E0,0.E0));
#2533=DIRECTION('',(0.E0,0.E0,1.E0));
#2534=AXIS2_PLACEMENT_3D('',#2531,#2532,#2533);
#2535=CYLINDRICAL_SURFACE('',#2534,1.5E0);
#2536=ORIENTED_EDGE('',*,*,#2526,.T.);
#2538=ORIENTED_EDGE('',*,*,#2537,.F.);
#2539=ORIENTED_EDGE('',*,*,#2522,.F.);
#2540=ORIENTED_EDGE('',*,*,#2507,.F.);
#2541=EDGE_LOOP('',(#2536,#2538,#2539,#2540));
#2542=FACE_OUTER_BOUND('',#2541,.F.);
#2543=ADVANCED_FACE('',(#2542),#2535,.T.);
#2544=CARTESIAN_POINT('',(0.E0,0.E0,0.E0));
#2545=DIRECTION('',(-1.E0,0.E0,0.E0));
#2546=DIRECTION('',(0.E0,0.E0,1.E0));
#2547=AXIS2_PLACEMENT_3D('',#2544,#2545,#2546);
#2548=TOROIDAL_SURFACE('',#2547,1.75E0,4.E-1);
#2549=ORIENTED_EDGE('',*,*,#2265,.T.);
#2551=ORIENTED_EDGE('',*,*,#2550,.T.);
#2552=ORIENTED_EDGE('',*,*,#2537,.T.);
#2554=ORIENTED_EDGE('',*,*,#2553,.F.);
#2555=EDGE_LOOP('',(#2549,#2551,#2552,#2554));
#2556=FACE_OUTER_BOUND('',#2555,.F.);
#2557=ADVANCED_FACE('',(#2556),#2548,.F.);
#2558=CARTESIAN_POINT('',(0.E0,0.E0,0.E0));
#2559=DIRECTION('',(-1.E0,0.E0,0.E0));
#2560=DIRECTION('',(0.E0,0.E0,1.E0));
#2561=AXIS2_PLACEMENT_3D('',#2558,#2559,#2560);
#2562=TOROIDAL_SURFACE('',#2561,1.75E0,4.E-1);
#2563=ORIENTED_EDGE('',*,*,#2279,.T.);
#2564=ORIENTED_EDGE('',*,*,#2553,.T.);
#2565=ORIENTED_EDGE('',*,*,#2524,.T.);
#2566=ORIENTED_EDGE('',*,*,#2550,.F.);
#2567=EDGE_LOOP('',(#2563,#2564,#2565,#2566));
#2568=FACE_OUTER_BOUND('',#2567,.F.);
#2569=ADVANCED_FACE('',(#2568),#2562,.F.);
#2570=CLOSED_SHELL('',(#2269,#2283,#2298,#2311,#2327,#2342,#2355,#2371,#2386,
#2399,#2414,#2429,#2443,#2455,#2471,#2486,#2499,#2515,#2530,#2543,#2557,#2569));
#2571=MANIFOLD_SOLID_BREP('',#2570);
#2573=DIMENSIONAL_EXPONENTS(0.E0,0.E0,0.E0,0.E0,0.E0,0.E0,0.E0);
#2575=PLANE_ANGLE_MEASURE_WITH_UNIT(PLANE_ANGLE_MEASURE(1.745329251994E-2),
#2574);
#2576=(CONVERSION_BASED_UNIT('DEGREE',#2575)NAMED_UNIT(*)PLANE_ANGLE_UNIT());
#2578=UNCERTAINTY_MEASURE_WITH_UNIT(LENGTH_MEASURE(5.E-3),#2572,'closure',
'Maximum model space distance between geometric entities at asserted connectivities');
#2579=(GEOMETRIC_REPRESENTATION_CONTEXT(3)GLOBAL_UNCERTAINTY_ASSIGNED_CONTEXT((
#2578))GLOBAL_UNIT_ASSIGNED_CONTEXT((#2572,#2576,#2577))REPRESENTATION_CONTEXT(
'ID1','3'));
#2581=APPLICATION_CONTEXT(
'CONFIGURATION CONTROLLED 3D DESIGNS OF MECHANICAL PARTS AND ASSEMBLIES');
#2582=APPLICATION_PROTOCOL_DEFINITION('international standard',
'config_control_design',1994,#2581);
#2583=DESIGN_CONTEXT('',#2581,'design');
#2584=MECHANICAL_CONTEXT('',#2581,'mechanical');
#2585=PRODUCT('MR52_-_EA003','MR52_-_EA003','NOT SPECIFIED',(#2584));
#2586=PRODUCT_DEFINITION_FORMATION_WITH_SPECIFIED_SOURCE('1','LAST_VERSION',
#2585,.MADE.);
#2590=PRODUCT_CATEGORY('part','');
#2591=PRODUCT_RELATED_PRODUCT_CATEGORY('detail','',(#2585));
#2592=PRODUCT_CATEGORY_RELATIONSHIP('','',#2590,#2591);
#2593=SECURITY_CLASSIFICATION_LEVEL('unclassified');
#2594=SECURITY_CLASSIFICATION('','',#2593);
#2595=CC_DESIGN_SECURITY_CLASSIFICATION(#2594,(#2586));
#2596=APPROVAL_STATUS('approved');
#2597=APPROVAL(#2596,'');
#2598=CC_DESIGN_APPROVAL(#2597,(#2594,#2586,#2587));
#2599=CALENDAR_DATE(125,19,12);
#2600=COORDINATED_UNIVERSAL_TIME_OFFSET(8,0,.AHEAD.);
#2601=LOCAL_TIME(16,40,3.E1,#2600);
#2602=DATE_AND_TIME(#2599,#2601);
#2603=APPROVAL_DATE_TIME(#2602,#2597);
#2604=DATE_TIME_ROLE('creation_date');
#2605=CC_DESIGN_DATE_AND_TIME_ASSIGNMENT(#2602,#2604,(#2587));
#2606=DATE_TIME_ROLE('classification_date');
#2607=CC_DESIGN_DATE_AND_TIME_ASSIGNMENT(#2602,#2606,(#2594));
#2608=PERSON('UNSPECIFIED','UNSPECIFIED',$,$,$,$);
#2609=ORGANIZATION('UNSPECIFIED','UNSPECIFIED','UNSPECIFIED');
#2610=PERSON_AND_ORGANIZATION(#2608,#2609);
#2611=APPROVAL_ROLE('approver');
#2612=APPROVAL_PERSON_ORGANIZATION(#2610,#2597,#2611);
#2613=PERSON_AND_ORGANIZATION_ROLE('creator');
#2614=CC_DESIGN_PERSON_AND_ORGANIZATION_ASSIGNMENT(#2610,#2613,(#2586,#2587));
#2615=PERSON_AND_ORGANIZATION_ROLE('design_supplier');
#2616=CC_DESIGN_PERSON_AND_ORGANIZATION_ASSIGNMENT(#2610,#2615,(#2586));
#2617=PERSON_AND_ORGANIZATION_ROLE('classification_officer');
#2618=CC_DESIGN_PERSON_AND_ORGANIZATION_ASSIGNMENT(#2610,#2617,(#2594));
#2619=PERSON_AND_ORGANIZATION_ROLE('design_owner');
#2620=CC_DESIGN_PERSON_AND_ORGANIZATION_ASSIGNMENT(#2610,#2619,(#2585));
#1=DRAUGHTING_PRE_DEFINED_COLOUR('black');
#2=COLOUR_RGB('',0.E0,0.E0,4.7E-1);
#3=COLOUR_RGB('',0.E0,0.E0,6.E-1);
#4=COLOUR_RGB('',0.E0,0.E0,8.E-1);
#5=COLOUR_RGB('',0.E0,2.745098039216E-2,7.019607843137E-1);
#6=COLOUR_RGB('',0.E0,3.137254901961E-2,3.411764705882E-1);
#7=COLOUR_RGB('',0.E0,2.E-1,1.E0);
#8=COLOUR_RGB('',0.E0,3.3E-1,0.E0);
#9=COLOUR_RGB('',0.E0,3.3E-1,3.3E-1);
#10=COLOUR_RGB('',0.E0,4.E-1,0.E0);
#11=COLOUR_RGB('',0.E0,4.E-1,4.E-1);
#12=COLOUR_RGB('',0.E0,4.E-1,1.E0);
#13=COLOUR_RGB('',0.E0,5.019607843137E-1,5.019607843137E-1);
#14=COLOUR_RGB('',0.E0,6.E-1,0.E0);
#15=COLOUR_RGB('',0.E0,6.E-1,6.E-1);
#16=COLOUR_RGB('',0.E0,6.E-1,1.E0);
#17=COLOUR_RGB('',0.E0,8.E-1,0.E0);
#18=COLOUR_RGB('',0.E0,8.E-1,8.E-1);
#19=COLOUR_RGB('',0.E0,8.E-1,1.E0);
#20=COLOUR_RGB('',0.E0,9.3E-1,0.E0);
#21=COLOUR_RGB('',0.E0,9.3E-1,9.3E-1);
#22=DRAUGHTING_PRE_DEFINED_COLOUR('green');
#23=COLOUR_RGB('',0.E0,1.E0,2.E-1);
#24=COLOUR_RGB('',0.E0,1.E0,4.E-1);
#25=COLOUR_RGB('',0.E0,1.E0,6.E-1);
#26=COLOUR_RGB('',0.E0,1.E0,8.E-1);
#27=DRAUGHTING_PRE_DEFINED_COLOUR('cyan');
#28=COLOUR_RGB('',3.1E-2,2.E-1,6.27E-1);
#29=COLOUR_RGB('',3.529411764706E-2,5.137254901961E-1,1.725490196078E-1);
#30=COLOUR_RGB('',6.6667E-2,5.17647E-1,6.39216E-1);
#31=COLOUR_RGB('',7.E-2,7.E-2,1.E0);
#32=COLOUR_RGB('',7.E-2,6.E-1,3.E-1);
#33=COLOUR_RGB('',8.E-2,1.E-1,1.1E-1);
#34=COLOUR_RGB('',9.803921568627E-2,9.803921568627E-2,4.392156862745E-1);
#35=COLOUR_RGB('',1.019607843137E-1,6.313725490196E-1,5.019607843137E-1);
#36=COLOUR_RGB('',1.176470588235E-1,5.647058823529E-1,1.E0);
#37=COLOUR_RGB('',1.254901960784E-1,6.980392156863E-1,6.666666666667E-1);
#38=COLOUR_RGB('',1.333333333333E-1,5.450980392157E-1,1.333333333333E-1);
#39=COLOUR_RGB('',1.450980392157E-1,3.529411764706E-2,0.E0);
#40=COLOUR_RGB('',1.686274509804E-1,1.686274509804E-1,1.803921568627E-1);
#41=COLOUR_RGB('',1.803921568627E-1,5.450980392157E-1,3.411764705882E-1);
#42=COLOUR_RGB('',1.9E-1,2.3E-1,3.1E-1);
#43=COLOUR_RGB('',1.960784313725E-1,8.039215686275E-1,1.960784313725E-1);
#44=COLOUR_RGB('',2.E-1,1.E0,0.E0);
#45=COLOUR_RGB('',2.E-1,1.E0,2.E-1);
#46=COLOUR_RGB('',2.E-1,1.E0,1.E0);
#47=COLOUR_RGB('',2.313725490196E-1,3.803921568627E-1,5.607843137255E-1);
#48=COLOUR_RGB('',2.352941176471E-1,7.019607843137E-1,4.431372549020E-1);
#49=COLOUR_RGB('',2.431372549020E-1,8.784313725490E-1,8.156862745098E-1);
#50=COLOUR_RGB('',2.470588235294E-1,5.921568627451E-1,6.313725490196E-1);
#51=COLOUR_RGB('',2.5098E-1,2.35294E-1,8.62745E-1);
#52=COLOUR_RGB('',2.549019607843E-1,4.117647058824E-1,1.E0);
#53=COLOUR_RGB('',2.58824E-1,7.80392E-1,8.86275E-1);
#54=COLOUR_RGB('',2.7E-1,0.E0,4.E-1);
#55=COLOUR_RGB('',2.7E-1,2.7E-1,0.E0);
#56=COLOUR_RGB('',2.7E-1,2.7E-1,1.E0);
#57=COLOUR_RGB('',2.745098039216E-1,5.098039215686E-1,7.058823529412E-1);
#58=COLOUR_RGB('',2.784313725490E-1,2.784313725490E-1,2.784313725490E-1);
#59=COLOUR_RGB('',2.823529411765E-1,2.392156862745E-1,5.450980392157E-1);
#60=COLOUR_RGB('',3.13725E-1,4.70588E-1,1.96078E-1);
#61=COLOUR_RGB('',3.2549E-1,4.98039E-1,9.84314E-1);
#62=COLOUR_RGB('',3.254901960784E-1,5.764705882353E-1,8.117647058824E-1);
#63=COLOUR_RGB('',3.3E-1,0.E0,0.E0);
#64=COLOUR_RGB('',3.3E-1,0.E0,3.3E-1);
#65=COLOUR_RGB('',3.3E-1,0.E0,5.3E-1);
#66=COLOUR_RGB('',3.450980392157E-1,3.647058823529E-1,3.725490196078E-1);
#67=COLOUR_RGB('',3.725490196078E-1,6.196078431373E-1,6.274509803922E-1);
#68=COLOUR_RGB('',3.803921568627E-1,4.392156862745E-1,5.960784313725E-1);
#69=COLOUR_RGB('',3.882352941176E-1,4.392156862745E-1,4.901960784314E-1);
#70=COLOUR_RGB('',3.921568627451E-1,5.843137254902E-1,9.294117647059E-1);
#71=COLOUR_RGB('',3.96078E-1,7.13725E-1,1.E0);
#72=COLOUR_RGB('',4.E-1,0.E0,4.E-1);
#73=COLOUR_RGB('',4.E-1,0.E0,6.7E-1);
#74=COLOUR_RGB('',4.E-1,1.3E-1,0.E0);
#75=COLOUR_RGB('',4.E-1,4.E-1,0.E0);
#76=COLOUR_RGB('',4.E-1,4.E-1,1.E0);
#77=COLOUR_RGB('',4.E-1,8.039215686275E-1,6.666666666667E-1);
#78=COLOUR_RGB('',4.E-1,1.E0,0.E0);
#79=COLOUR_RGB('',4.E-1,1.E0,4.E-1);
#80=COLOUR_RGB('',4.E-1,1.E0,1.E0);
#81=COLOUR_RGB('',4.156862745098E-1,3.529411764706E-1,8.039215686275E-1);
#82=COLOUR_RGB('',4.196078431373E-1,5.568627450980E-1,1.372549019608E-1);
#83=COLOUR_RGB('',4.666666666667E-1,5.333333333333E-1,6.E-1);
#84=COLOUR_RGB('',4.7E-1,0.E0,0.E0);
#85=COLOUR_RGB('',4.7E-1,0.E0,8.E-1);
#86=COLOUR_RGB('',4.7E-1,2.E-1,7.E-2);
#87=COLOUR_RGB('',4.823529411765E-1,4.078431372549E-1,9.333333333333E-1);
#88=COLOUR_RGB('',4.980392156863E-1,1.E0,8.313725490196E-1);
#89=COLOUR_RGB('',5.019607843137E-1,0.E0,5.019607843137E-1);
#90=COLOUR_RGB('',5.019607843137E-1,5.019607843137E-1,0.E0);
#91=COLOUR_RGB('',5.01961E-1,5.01961E-1,5.01961E-1);
#92=COLOUR_RGB('',5.098039215686E-1,3.960784313725E-1,1.058823529412E-1);
#93=COLOUR_RGB('',5.3E-1,0.E0,9.3E-1);
#94=COLOUR_RGB('',5.3E-1,2.7E-1,1.3E-1);
#95=COLOUR_RGB('',5.3E-1,5.3E-1,1.E0);
#96=COLOUR_RGB('',5.294117647059E-1,8.078431372549E-1,9.215686274510E-1);
#97=COLOUR_RGB('',5.411764705882E-1,1.686274509804E-1,8.862745098039E-1);
#98=COLOUR_RGB('',5.5E-1,6.5E-1,7.3E-1);
#99=COLOUR_RGB('',5.607843137255E-1,7.372549019608E-1,5.607843137255E-1);
#100=COLOUR_RGB('',5.68627E-1,9.37255E-1,9.37255E-1);
#101=COLOUR_RGB('',5.725490196078E-1,6.117647058824E-1,6.313725490196E-1);
#102=COLOUR_RGB('',5.764705882353E-1,4.392156862745E-1,8.588235294118E-1);
#103=COLOUR_RGB('',5.803921568627E-1,0.E0,8.274509803922E-1);
#104=COLOUR_RGB('',5.88235E-1,2.35294E-1,1.56863E-1);
#105=COLOUR_RGB('',6.E-1,0.E0,6.E-1);
#106=COLOUR_RGB('',6.E-1,1.960784313725E-1,8.E-1);
#107=COLOUR_RGB('',6.E-1,2.E-1,1.E0);
#108=COLOUR_RGB('',6.E-1,3.3E-1,2.E-1);
#109=COLOUR_RGB('',6.E-1,6.E-1,0.E0);
#110=COLOUR_RGB('',6.E-1,1.E0,6.E-1);
#111=COLOUR_RGB('',6.E-1,1.E0,1.E0);
#112=COLOUR_RGB('',6.27451E-1,4.70588E-1,3.52941E-1);
#113=COLOUR_RGB('',6.627450980392E-1,6.627450980392E-1,6.627450980392E-1);
#114=COLOUR_RGB('',6.66667E-1,8.23529E-1,1.96078E-1);
#115=COLOUR_RGB('',6.66667E-1,8.23529E-1,5.88235E-1);
#116=COLOUR_RGB('',6.7E-1,0.E0,0.E0);
#117=COLOUR_RGB('',6.7E-1,4.E-1,2.7E-1);
#118=COLOUR_RGB('',6.7E-1,4.E-1,1.E0);
#119=COLOUR_RGB('',6.7E-1,6.7E-1,1.E0);
#120=COLOUR_RGB('',6.7E-1,1.E0,0.E0);
#121=COLOUR_RGB('',6.784313725490E-1,8.117647058824E-1,1.E0);
#122=COLOUR_RGB('',6.784313725490E-1,8.470588235294E-1,9.019607843137E-1);
#123=COLOUR_RGB('',6.784313725490E-1,1.E0,1.843137254902E-1);
#124=COLOUR_RGB('',6.862745098039E-1,6.823529411765E-1,7.607843137255E-1);
#125=COLOUR_RGB('',6.980392156863E-1,1.333333333333E-1,1.333333333333E-1);
#126=COLOUR_RGB('',7.17647E-1,1.68627E-1,4.43137E-1);
#127=COLOUR_RGB('',7.215686274510E-1,5.254901960784E-1,4.313725490196E-2);
#128=COLOUR_RGB('',7.294117647059E-1,2.705882352941E-1,1.E0);
#129=COLOUR_RGB('',7.294117647059E-1,3.333333333333E-1,8.274509803922E-1);
#130=COLOUR_RGB('',7.294117647059E-1,4.E-1,0.E0);
#131=COLOUR_RGB('',7.3E-1,4.7E-1,3.3E-1);
#132=COLOUR_RGB('',7.372549019608E-1,5.607843137255E-1,5.607843137255E-1);
#133=COLOUR_RGB('',7.411764705882E-1,7.176470588235E-1,4.196078431373E-1);
#134=COLOUR_RGB('',7.803921568627E-1,8.235294117647E-2,5.215686274510E-1);
#135=COLOUR_RGB('',8.E-1,0.E0,8.E-1);
#136=COLOUR_RGB('',8.E-1,5.3E-1,4.E-1);
#137=COLOUR_RGB('',8.E-1,6.E-1,1.E0);
#138=COLOUR_RGB('',8.E-1,8.E-1,0.E0);
#139=COLOUR_RGB('',8.E-1,8.E-1,1.E0);
#140=COLOUR_RGB('',8.E-1,1.E0,8.E-1);
#141=COLOUR_RGB('',8.E-1,1.E0,1.E0);
#142=COLOUR_RGB('',8.039215686275E-1,3.607843137255E-1,3.607843137255E-1);
#143=COLOUR_RGB('',8.03922E-1,5.88235E-1,1.96078E-1);
#144=COLOUR_RGB('',8.196078431373E-1,7.098039215686E-1,5.490196078431E-2);
#145=COLOUR_RGB('',8.235294117647E-1,4.117647058824E-1,1.176470588235E-1);
#146=COLOUR_RGB('',8.235294117647E-1,7.058823529412E-1,5.490196078431E-1);
#147=COLOUR_RGB('',8.274509803922E-1,8.274509803922E-1,8.274509803922E-1);
#148=COLOUR_RGB('',8.392156862745E-1,8.E-1,7.137254901961E-1);
#149=COLOUR_RGB('',8.431372549020E-1,8.980392156863E-1,9.333333333333E-1);
#150=COLOUR_RGB('',8.549019607843E-1,6.470588235294E-1,1.254901960784E-1);
#151=COLOUR_RGB('',8.588235294118E-1,4.392156862745E-1,5.764705882353E-1);
#152=COLOUR_RGB('',8.627450980392E-1,7.843137254902E-2,2.352941176471E-1);
#153=COLOUR_RGB('',8.666666666667E-1,6.274509803922E-1,8.666666666667E-1);
#154=COLOUR_RGB('',8.7E-1,0.E0,0.E0);
#155=COLOUR_RGB('',8.7E-1,6.E-1,4.7E-1);
#156=COLOUR_RGB('',8.98039E-1,6.07843E-1,1.E0);
#157=COLOUR_RGB('',9.E-1,8.3E-1,1.2E-1);
#158=COLOUR_RGB('',9.09804E-1,3.68627E-1,8.19608E-1);
#159=COLOUR_RGB('',9.3E-1,0.E0,9.3E-1);
#160=COLOUR_RGB('',9.3E-1,6.7E-1,5.3E-1);
#161=COLOUR_RGB('',9.3E-1,8.E-1,1.E0);
#162=COLOUR_RGB('',9.3E-1,9.3E-1,0.E0);
#163=COLOUR_RGB('',9.3E-1,1.E0,9.3E-1);
#164=COLOUR_RGB('',9.3E-1,1.E0,1.E0);
#165=COLOUR_RGB('',9.333333333333E-1,5.098039215686E-1,9.333333333333E-1);
#166=COLOUR_RGB('',9.333333333333E-1,9.098039215686E-1,6.666666666667E-1);
#167=COLOUR_RGB('',9.411764705882E-1,9.019607843137E-1,5.490196078431E-1);
#168=COLOUR_RGB('',9.568627450980E-1,6.431372549020E-1,3.764705882353E-1);
#169=DRAUGHTING_PRE_DEFINED_COLOUR('red');
#170=COLOUR_RGB('',1.E0,0.E0,2.705882352941E-1);
#171=COLOUR_RGB('',1.E0,0.E0,4.705882352941E-1);
#172=COLOUR_RGB('',1.E0,0.E0,7.803921568627E-1);
#173=DRAUGHTING_PRE_DEFINED_COLOUR('magenta');
#174=COLOUR_RGB('',1.E0,3.1E-2,3.1E-2);
#175=COLOUR_RGB('',1.E0,7.E-2,7.E-2);
#176=COLOUR_RGB('',1.E0,7.843137254902E-2,5.764705882353E-1);
#177=COLOUR_RGB('',1.E0,2.E-1,1.E0);
#178=COLOUR_RGB('',1.E0,2.7E-1,0.E0);
#179=COLOUR_RGB('',1.E0,2.7E-1,2.7E-1);
#180=COLOUR_RGB('',1.E0,3.882352941176E-1,2.784313725490E-1);
#181=COLOUR_RGB('',1.E0,4.E-1,1.E0);
#182=COLOUR_RGB('',1.E0,4.117647058824E-1,7.058823529412E-1);
#183=COLOUR_RGB('',1.E0,4.7E-1,0.E0);
#184=COLOUR_RGB('',1.E0,4.7E-1,4.7E-1);
#185=COLOUR_RGB('',1.E0,4.980392156863E-1,3.137254901961E-1);
#186=COLOUR_RGB('',1.E0,6.E-1,1.E0);
#187=COLOUR_RGB('',1.E0,6.7E-1,0.E0);
#188=COLOUR_RGB('',1.E0,6.7E-1,6.7E-1);
#189=COLOUR_RGB('',1.E0,7.3E-1,6.E-1);
#190=COLOUR_RGB('',1.E0,7.686274509804E-1,5.882352941176E-2);
#191=COLOUR_RGB('',1.E0,8.E-1,8.E-1);
#192=COLOUR_RGB('',1.E0,8.E-1,1.E0);
#193=COLOUR_RGB('',1.E0,8.7E-1,0.E0);
#194=COLOUR_RGB('',1.E0,9.215686274510E-1,8.039215686275E-1);
#195=COLOUR_RGB('',1.E0,9.3E-1,9.3E-1);
#196=COLOUR_RGB('',1.E0,9.3E-1,1.E0);
#197=DRAUGHTING_PRE_DEFINED_COLOUR('yellow');
#198=COLOUR_RGB('',1.E0,1.E0,1.3E-1);
#199=COLOUR_RGB('',1.E0,1.E0,3.3E-1);
#200=COLOUR_RGB('',1.E0,1.E0,5.3E-1);
#201=COLOUR_RGB('',1.E0,1.E0,7.3E-1);
#202=COLOUR_RGB('',1.E0,1.E0,9.3E-1);
#203=DRAUGHTING_PRE_DEFINED_COLOUR('white');
#208=CIRCLE('',#207,1.666666666667E-2);
#213=CIRCLE('',#212,1.666666666667E-2);
#218=CIRCLE('',#217,2.075833333333E0);
#223=CIRCLE('',#222,2.0625E0);
#228=CIRCLE('',#227,2.0625E0);
#233=CIRCLE('',#232,2.03125E0);
#238=CIRCLE('',#237,2.03125E0);
#243=CIRCLE('',#242,1.666666666667E-2);
#248=CIRCLE('',#247,2.075833333333E0);
#253=CIRCLE('',#252,1.666666666667E-2);
#266=CIRCLE('',#265,2.05E0);
#271=CIRCLE('',#270,2.023333333333E0);
#288=CIRCLE('',#287,2.05E0);
#293=CIRCLE('',#292,2.023333333333E0);
#302=CIRCLE('',#301,2.4E0);
#307=CIRCLE('',#306,2.4E0);
#312=CIRCLE('',#311,2.05E0);
#317=CIRCLE('',#316,2.05E0);
#322=CIRCLE('',#321,2.5E0);
#327=CIRCLE('',#326,1.E-1);
#336=CIRCLE('',#335,1.E-1);
#341=CIRCLE('',#340,2.5E0);
#346=CIRCLE('',#345,2.4E0);
#351=CIRCLE('',#350,2.4E0);
#356=CIRCLE('',#355,2.05E0);
#361=CIRCLE('',#360,2.05E0);
#366=CIRCLE('',#365,1.E-1);
#371=CIRCLE('',#370,2.5E0);
#380=CIRCLE('',#379,1.E-1);
#385=CIRCLE('',#384,2.5E0);
#394=CIRCLE('',#393,2.05E0);
#403=CIRCLE('',#402,2.05E0);
#420=CIRCLE('',#419,2.023333333333E0);
#425=CIRCLE('',#424,2.023333333333E0);
#434=CIRCLE('',#433,1.666666666667E-2);
#439=CIRCLE('',#438,1.666666666667E-2);
#444=CIRCLE('',#443,2.075833333333E0);
#449=CIRCLE('',#448,2.0625E0);
#454=CIRCLE('',#453,2.0625E0);
#459=CIRCLE('',#458,2.03125E0);
#464=CIRCLE('',#463,2.03125E0);
#469=CIRCLE('',#468,1.666666666667E-2);
#474=CIRCLE('',#473,2.075833333333E0);
#479=CIRCLE('',#478,1.666666666667E-2);
#484=CIRCLE('',#483,2.005601613497E0);
#489=CIRCLE('',#488,3.338671706202E-2);
#502=CIRCLE('',#501,1.960576642709E0);
#507=CIRCLE('',#506,2.333333333333E-1);
#512=CIRCLE('',#511,2.333333333333E-1);
#517=CIRCLE('',#516,1.960576642709E0);
#522=CIRCLE('',#521,1.781325010803E0);
#527=CIRCLE('',#526,1.781325010803E0);
#532=CIRCLE('',#531,1.45E0);
#537=CIRCLE('',#536,1.45E0);
#546=CIRCLE('',#545,1.781325010803E0);
#551=CIRCLE('',#550,1.781325010803E0);
#556=CIRCLE('',#555,1.45E0);
#561=CIRCLE('',#560,1.45E0);
#566=CIRCLE('',#565,1.934969266722E0);
#571=CIRCLE('',#570,2.E-1);
#584=CIRCLE('',#583,1.979994237510E0);
#589=CIRCLE('',#588,6.672005039535E-2);
#594=CIRCLE('',#593,2.03125E0);
#599=CIRCLE('',#598,2.03125E0);
#604=CIRCLE('',#603,2.E0);
#609=CIRCLE('',#608,2.E0);
#614=CIRCLE('',#613,1.979994237510E0);
#619=CIRCLE('',#618,6.672005039535E-2);
#632=CIRCLE('',#631,2.E0);
#637=CIRCLE('',#636,4.E-1);
#642=CIRCLE('',#641,4.E-1);
#647=CIRCLE('',#646,2.E0);
#652=CIRCLE('',#651,4.E-1);
#657=CIRCLE('',#656,4.E-1);
#662=CIRCLE('',#661,2.E0);
#667=CIRCLE('',#666,2.E0);
#680=CIRCLE('',#679,2.03125E0);
#685=CIRCLE('',#684,2.03125E0);
#690=CIRCLE('',#689,2.E0);
#695=CIRCLE('',#694,2.E0);
#700=CIRCLE('',#699,1.979994237510E0);
#705=CIRCLE('',#704,6.672005039535E-2);
#710=CIRCLE('',#709,1.979994237510E0);
#715=CIRCLE('',#714,6.672005039535E-2);
#724=CIRCLE('',#723,1.934969266722E0);
#729=CIRCLE('',#728,2.E-1);
#734=CIRCLE('',#733,2.E-1);
#739=CIRCLE('',#738,1.934969266722E0);
#744=CIRCLE('',#743,1.781325010803E0);
#749=CIRCLE('',#748,1.781325010803E0);
#754=CIRCLE('',#753,1.45E0);
#759=CIRCLE('',#758,1.45E0);
#772=CIRCLE('',#771,1.781325010803E0);
#777=CIRCLE('',#776,1.781325010803E0);
#782=CIRCLE('',#781,1.45E0);
#787=CIRCLE('',#786,1.45E0);
#792=CIRCLE('',#791,1.960576642709E0);
#797=CIRCLE('',#796,2.333333333333E-1);
#810=CIRCLE('',#809,2.005601613497E0);
#815=CIRCLE('',#814,3.338671706202E-2);
#820=CIRCLE('',#819,3.338671706202E-2);
#825=CIRCLE('',#824,2.005601613497E0);
#830=CIRCLE('',#829,2.333333333333E-1);
#835=CIRCLE('',#834,1.960576642709E0);
#844=CIRCLE('',#843,2.E-1);
#849=CIRCLE('',#848,1.934969266722E0);
#858=CIRCLE('',#857,3.338671706202E-2);
#863=CIRCLE('',#862,2.005601613497E0);
#1033=EDGE_CURVE('',#999,#998,#228,.T.);
#1035=EDGE_CURVE('',#999,#1007,#208,.T.);
#1037=EDGE_CURVE('',#1007,#1005,#213,.T.);
#1039=EDGE_CURVE('',#1005,#1003,#218,.T.);
#1041=EDGE_CURVE('',#1002,#1003,#243,.T.);
#1043=EDGE_CURVE('',#998,#1002,#253,.T.);
#1053=EDGE_CURVE('',#998,#999,#223,.T.);
#1058=EDGE_CURVE('',#993,#995,#233,.T.);
#1060=EDGE_CURVE('',#995,#993,#238,.T.);
#1071=EDGE_CURVE('',#1003,#1005,#248,.T.);
#1085=EDGE_CURVE('',#1011,#1005,#257,.T.);
#1088=EDGE_CURVE('',#1010,#1003,#261,.T.);
#1090=EDGE_CURVE('',#1011,#1010,#293,.T.);
#1100=EDGE_CURVE('',#1010,#1011,#271,.T.);
#1113=EDGE_CURVE('',#1014,#1015,#266,.T.);
#1115=EDGE_CURVE('',#1010,#1015,#297,.T.);
#1118=EDGE_CURVE('',#1011,#1014,#275,.T.);
#1129=EDGE_CURVE('',#1014,#1017,#279,.T.);
#1131=EDGE_CURVE('',#1019,#1017,#317,.T.);
#1133=EDGE_CURVE('',#1015,#1019,#283,.T.);
#1143=EDGE_CURVE('',#1015,#1014,#288,.T.);
#1146=EDGE_CURVE('',#1017,#1019,#312,.T.);
#1169=EDGE_CURVE('',#1022,#1023,#302,.T.);
#1171=EDGE_CURVE('',#1023,#1022,#307,.T.);
#1185=EDGE_CURVE('',#1026,#1027,#322,.T.);
#1187=EDGE_CURVE('',#1027,#1023,#327,.T.);
#1190=EDGE_CURVE('',#1026,#1022,#380,.T.);
#1200=EDGE_CURVE('',#869,#867,#341,.T.);
#1202=EDGE_CURVE('',#869,#1027,#331,.T.);
#1205=EDGE_CURVE('',#867,#1026,#375,.T.);
#1215=EDGE_CURVE('',#871,#866,#346,.T.);
#1217=EDGE_CURVE('',#871,#869,#336,.T.);
#1220=EDGE_CURVE('',#866,#867,#366,.T.);
#1231=EDGE_CURVE('',#866,#871,#351,.T.);
#1235=EDGE_CURVE('',#874,#875,#356,.T.);
#1237=EDGE_CURVE('',#875,#874,#361,.T.);
#1248=EDGE_CURVE('',#867,#869,#371,.T.);
#1261=EDGE_CURVE('',#1027,#1026,#385,.T.);
#1285=EDGE_CURVE('',#878,#879,#394,.T.);
#1287=EDGE_CURVE('',#875,#878,#411,.T.);
#1290=EDGE_CURVE('',#874,#879,#389,.T.);
#1301=EDGE_CURVE('',#881,#879,#407,.T.);
#1303=EDGE_CURVE('',#883,#881,#425,.T.);
#1305=EDGE_CURVE('',#883,#878,#398,.T.);
#1315=EDGE_CURVE('',#879,#878,#403,.T.);
#1318=EDGE_CURVE('',#881,#883,#420,.T.);
#1341=EDGE_CURVE('',#883,#885,#415,.T.);
#1343=EDGE_CURVE('',#887,#885,#474,.T.);
#1345=EDGE_CURVE('',#881,#887,#429,.T.);
#1358=EDGE_CURVE('',#885,#887,#444,.T.);
#1369=EDGE_CURVE('',#890,#891,#449,.T.);
#1371=EDGE_CURVE('',#890,#893,#434,.T.);
#1373=EDGE_CURVE('',#893,#885,#439,.T.);
#1376=EDGE_CURVE('',#895,#887,#469,.T.);
#1378=EDGE_CURVE('',#891,#895,#479,.T.);
#1389=EDGE_CURVE('',#891,#890,#454,.T.);
#1393=EDGE_CURVE('',#898,#899,#459,.T.);
#1395=EDGE_CURVE('',#899,#898,#464,.T.);
#1419=EDGE_CURVE('',#902,#903,#484,.T.);
#1421=EDGE_CURVE('',#903,#899,#489,.T.);
#1424=EDGE_CURVE('',#902,#898,#858,.T.);
#1434=EDGE_CURVE('',#905,#903,#493,.T.);
#1437=EDGE_CURVE('',#907,#902,#497,.T.);
#1439=EDGE_CURVE('',#905,#907,#517,.T.);
#1449=EDGE_CURVE('',#907,#905,#502,.T.);
#1452=EDGE_CURVE('',#903,#902,#863,.T.);
#1464=EDGE_CURVE('',#905,#909,#507,.T.);
#1466=EDGE_CURVE('',#911,#909,#527,.T.);
#1468=EDGE_CURVE('',#907,#911,#512,.T.);
#1479=EDGE_CURVE('',#909,#911,#522,.T.);
#1495=EDGE_CURVE('',#914,#915,#532,.T.);
#1497=EDGE_CURVE('',#915,#914,#537,.T.);
#1507=EDGE_CURVE('',#918,#919,#556,.T.);
#1509=EDGE_CURVE('',#918,#915,#541,.T.);
#1512=EDGE_CURVE('',#919,#914,#853,.T.);
#1522=EDGE_CURVE('',#922,#923,#546,.T.);
#1524=EDGE_CURVE('',#923,#922,#551,.T.);
#1529=EDGE_CURVE('',#919,#918,#561,.T.);
#1539=EDGE_CURVE('',#926,#927,#566,.T.);
#1541=EDGE_CURVE('',#927,#923,#571,.T.);
#1544=EDGE_CURVE('',#926,#922,#844,.T.);
#1555=EDGE_CURVE('',#926,#929,#575,.T.);
#1557=EDGE_CURVE('',#931,#929,#614,.T.);
#1559=EDGE_CURVE('',#927,#931,#579,.T.);
#1570=EDGE_CURVE('',#929,#931,#584,.T.);
#1573=EDGE_CURVE('',#927,#926,#849,.T.);
#1583=EDGE_CURVE('',#934,#935,#594,.T.);
#1585=EDGE_CURVE('',#929,#934,#619,.T.);
#1588=EDGE_CURVE('',#931,#935,#589,.T.);
#1599=EDGE_CURVE('',#935,#934,#599,.T.);
#1603=EDGE_CURVE('',#938,#939,#604,.T.);
#1605=EDGE_CURVE('',#939,#938,#609,.T.);
#1627=EDGE_CURVE('',#938,#941,#623,.T.);
#1629=EDGE_CURVE('',#943,#941,#667,.T.);
#1631=EDGE_CURVE('',#939,#943,#627,.T.);
#1644=EDGE_CURVE('',#941,#943,#632,.T.);
#1656=EDGE_CURVE('',#943,#946,#637,.T.);
#1658=EDGE_CURVE('',#946,#947,#642,.T.);
#1660=EDGE_CURVE('',#947,#949,#647,.T.);
#1662=EDGE_CURVE('',#949,#951,#652,.T.);
#1664=EDGE_CURVE('',#951,#941,#657,.T.);
#1676=EDGE_CURVE('',#949,#947,#662,.T.);
#1689=EDGE_CURVE('',#949,#953,#671,.T.);
#1691=EDGE_CURVE('',#955,#953,#690,.T.);
#1693=EDGE_CURVE('',#947,#955,#675,.T.);
#1706=EDGE_CURVE('',#953,#955,#695,.T.);
#1717=EDGE_CURVE('',#958,#959,#680,.T.);
#1719=EDGE_CURVE('',#959,#958,#685,.T.);
#1734=EDGE_CURVE('',#961,#958,#715,.T.);
#1736=EDGE_CURVE('',#961,#963,#700,.T.);
#1738=EDGE_CURVE('',#963,#959,#705,.T.);
#1750=EDGE_CURVE('',#963,#961,#710,.T.);
#1761=EDGE_CURVE('',#966,#967,#724,.T.);
#1763=EDGE_CURVE('',#966,#961,#719,.T.);
#1766=EDGE_CURVE('',#967,#963,#839,.T.);
#1777=EDGE_CURVE('',#967,#969,#729,.T.);
#1779=EDGE_CURVE('',#971,#969,#749,.T.);
#1781=EDGE_CURVE('',#966,#971,#734,.T.);
#1792=EDGE_CURVE('',#969,#971,#744,.T.);
#1795=EDGE_CURVE('',#967,#966,#739,.T.);
#1809=EDGE_CURVE('',#974,#975,#754,.T.);
#1811=EDGE_CURVE('',#975,#974,#759,.T.);
#1821=EDGE_CURVE('',#974,#977,#763,.T.);
#1823=EDGE_CURVE('',#979,#977,#782,.T.);
#1825=EDGE_CURVE('',#975,#979,#767,.T.);
#1838=EDGE_CURVE('',#977,#979,#787,.T.);
#1849=EDGE_CURVE('',#982,#983,#772,.T.);
#1851=EDGE_CURVE('',#983,#982,#777,.T.);
#1865=EDGE_CURVE('',#986,#987,#792,.T.);
#1867=EDGE_CURVE('',#987,#983,#797,.T.);
#1870=EDGE_CURVE('',#986,#982,#830,.T.);
#1881=EDGE_CURVE('',#986,#989,#801,.T.);
#1883=EDGE_CURVE('',#991,#989,#825,.T.);
#1885=EDGE_CURVE('',#987,#991,#805,.T.);
#1896=EDGE_CURVE('',#989,#991,#810,.T.);
#1899=EDGE_CURVE('',#987,#986,#835,.T.);
#1910=EDGE_CURVE('',#991,#993,#815,.T.);
#1913=EDGE_CURVE('',#989,#995,#820,.T.);
#1996=CIRCLE('',#1995,1.5E0);
#2001=CIRCLE('',#2000,4.E-1);
#2006=CIRCLE('',#2005,1.5E0);
#2011=CIRCLE('',#2010,4.E-1);
#2024=CIRCLE('',#2023,1.5E0);
#2029=CIRCLE('',#2028,1.5E0);
#2034=CIRCLE('',#2033,1.4375E0);
#2039=CIRCLE('',#2038,1.4375E0);
#2052=CIRCLE('',#2051,1.4375E0);
#2057=CIRCLE('',#2056,1.4375E0);
#2062=CIRCLE('',#2061,1.1E0);
#2067=CIRCLE('',#2066,1.1E0);
#2072=CIRCLE('',#2071,1.E-1);
#2077=CIRCLE('',#2076,1.E0);
#2082=CIRCLE('',#2081,1.E-1);
#2087=CIRCLE('',#2086,1.E0);
#2096=CIRCLE('',#2095,1.E-1);
#2101=CIRCLE('',#2100,1.E0);
#2106=CIRCLE('',#2105,1.E0);
#2111=CIRCLE('',#2110,1.E-1);
#2120=CIRCLE('',#2119,1.4375E0);
#2125=CIRCLE('',#2124,1.4375E0);
#2130=CIRCLE('',#2129,1.1E0);
#2135=CIRCLE('',#2134,1.1E0);
#2148=CIRCLE('',#2147,1.5E0);
#2153=CIRCLE('',#2152,1.5E0);
#2158=CIRCLE('',#2157,1.4375E0);
#2163=CIRCLE('',#2162,1.4375E0);
#2176=CIRCLE('',#2175,1.35E0);
#2181=CIRCLE('',#2180,4.E-1);
#2186=CIRCLE('',#2185,1.5E0);
#2191=CIRCLE('',#2190,1.35E0);
#2196=CIRCLE('',#2195,4.E-1);
#2201=CIRCLE('',#2200,1.5E0);
#2259=EDGE_CURVE('',#2233,#2237,#2011,.T.);
#2261=EDGE_CURVE('',#2233,#2232,#1996,.T.);
#2263=EDGE_CURVE('',#2232,#2235,#2001,.T.);
#2265=EDGE_CURVE('',#2237,#2235,#2176,.T.);
#2276=EDGE_CURVE('',#2232,#2233,#2006,.T.);
#2279=EDGE_CURVE('',#2235,#2237,#2191,.T.);
#2290=EDGE_CURVE('',#2232,#2229,#2015,.T.);
#2292=EDGE_CURVE('',#2228,#2229,#2024,.T.);
#2294=EDGE_CURVE('',#2233,#2228,#2019,.T.);
#2305=EDGE_CURVE('',#2229,#2228,#2029,.T.);
#2321=EDGE_CURVE('',#2224,#2225,#2034,.T.);
#2323=EDGE_CURVE('',#2225,#2224,#2039,.T.);
#2334=EDGE_CURVE('',#2224,#2221,#2043,.T.);
#2336=EDGE_CURVE('',#2220,#2221,#2052,.T.);
#2338=EDGE_CURVE('',#2225,#2220,#2047,.T.);
#2349=EDGE_CURVE('',#2221,#2220,#2057,.T.);
#2365=EDGE_CURVE('',#2217,#2215,#2062,.T.);
#2367=EDGE_CURVE('',#2215,#2217,#2067,.T.);
#2378=EDGE_CURVE('',#2217,#2213,#2072,.T.);
#2380=EDGE_CURVE('',#2213,#2211,#2077,.T.);
#2382=EDGE_CURVE('',#2215,#2211,#2082,.T.);
#2393=EDGE_CURVE('',#2211,#2213,#2087,.T.);
#2405=EDGE_CURVE('',#2209,#2204,#2101,.T.);
#2407=EDGE_CURVE('',#2209,#2213,#2091,.T.);
#2410=EDGE_CURVE('',#2204,#2211,#2115,.T.);
#2420=EDGE_CURVE('',#2204,#2205,#2096,.T.);
#2422=EDGE_CURVE('',#2207,#2205,#2135,.T.);
#2424=EDGE_CURVE('',#2209,#2207,#2111,.T.);
#2435=EDGE_CURVE('',#2204,#2209,#2106,.T.);
#2438=EDGE_CURVE('',#2205,#2207,#2130,.T.);
#2461=EDGE_CURVE('',#2252,#2253,#2120,.T.);
#2463=EDGE_CURVE('',#2253,#2252,#2125,.T.);
#2478=EDGE_CURVE('',#2252,#2249,#2139,.T.);
#2480=EDGE_CURVE('',#2248,#2249,#2158,.T.);
#2482=EDGE_CURVE('',#2253,#2248,#2143,.T.);
#2493=EDGE_CURVE('',#2249,#2248,#2163,.T.);
#2505=EDGE_CURVE('',#2244,#2245,#2148,.T.);
#2507=EDGE_CURVE('',#2245,#2244,#2153,.T.);
#2522=EDGE_CURVE('',#2244,#2239,#2167,.T.);
#2524=EDGE_CURVE('',#2241,#2239,#2201,.T.);
#2526=EDGE_CURVE('',#2245,#2241,#2171,.T.);
#2537=EDGE_CURVE('',#2239,#2241,#2186,.T.);
#2550=EDGE_CURVE('',#2235,#2239,#2181,.T.);
#2553=EDGE_CURVE('',#2237,#2241,#2196,.T.);
#2572=(LENGTH_UNIT()NAMED_UNIT(*)SI_UNIT(.MILLI.,.METRE.));
#2574=(NAMED_UNIT(*)PLANE_ANGLE_UNIT()SI_UNIT($,.RADIAN.));
#2577=(NAMED_UNIT(*)SI_UNIT($,.STERADIAN.)SOLID_ANGLE_UNIT());
#2580=ADVANCED_BREP_SHAPE_REPRESENTATION('',(#1991,#2571),#2579);
#2587=PRODUCT_DEFINITION('design','',#2586,#2583);
#2588=PRODUCT_DEFINITION_SHAPE('','SHAPE FOR MR52_-_EA003.',#2587);
#2589=SHAPE_DEFINITION_REPRESENTATION(#2588,#2580);
ENDSEC;
END-ISO-10303-21;
