ISO-10303-21;
HEADER;
FILE_DESCRIPTION((''),'2;1');
FILE_NAME('6002ZZ_-_EA038','2025-12-19T11:29:16',('qinghui.yi'),(''),
'CREO PARAMETRIC BY PTC INC, 2019164','CREO PARAMETRIC BY PTC INC, 2019164','');
FILE_SCHEMA(('CONFIG_CONTROL_DESIGN','SHAPE_APPEARANCE_LAYERS_GROUPS'));
ENDSEC;
DATA;
#204=CARTESIAN_POINT('',(-1.712864522118E1,1.766782967732E0,2.850006154198E1));
#205=DIRECTION('',(-1.E0,0.E0,0.E0));
#206=DIRECTION('',(0.E0,0.E0,-1.E0));
#207=AXIS2_PLACEMENT_3D('',#204,#205,#206);
#209=CARTESIAN_POINT('',(-1.679531188784E1,1.766782967732E0,2.850006154198E1));
#210=DIRECTION('',(1.E0,0.E0,0.E0));
#211=DIRECTION('',(0.E0,0.E0,1.E0));
#212=AXIS2_PLACEMENT_3D('',#209,#210,#211);
#214=CARTESIAN_POINT('',(-1.679531188784E1,1.766782967732E0,2.850006154198E1));
#215=DIRECTION('',(1.E0,0.E0,0.E0));
#216=DIRECTION('',(0.E0,0.E0,-1.E0));
#217=AXIS2_PLACEMENT_3D('',#214,#215,#216);
#219=CARTESIAN_POINT('',(-1.712309814595E1,1.766782967732E0,4.225009231297E1));
#220=DIRECTION('',(0.E0,-1.E0,0.E0));
#221=DIRECTION('',(6.555725162027E-1,0.E0,-7.551322241831E-1));
#222=AXIS2_PLACEMENT_3D('',#219,#220,#221);
#224=CARTESIAN_POINT('',(-1.712309814595E1,1.766782967732E0,4.225009231297E1));
#225=DIRECTION('',(0.E0,-1.E0,0.E0));
#226=DIRECTION('',(0.E0,0.E0,1.E0));
#227=AXIS2_PLACEMENT_3D('',#224,#225,#226);
#229=CARTESIAN_POINT('',(-1.712864522118E1,1.766782967732E0,2.850006154198E1));
#230=DIRECTION('',(-1.E0,0.E0,0.E0));
#231=DIRECTION('',(0.E0,0.E0,1.E0));
#232=AXIS2_PLACEMENT_3D('',#229,#230,#231);
#234=CARTESIAN_POINT('',(-1.712309814595E1,1.766782967732E0,1.475003077099E1));
#235=DIRECTION('',(0.E0,-1.E0,0.E0));
#236=DIRECTION('',(-1.109415046E-2,0.E0,-9.999384580191E-1));
#237=AXIS2_PLACEMENT_3D('',#234,#235,#236);
#239=CARTESIAN_POINT('',(-1.712309814595E1,1.766782967732E0,1.475003077099E1));
#240=DIRECTION('',(0.E0,-1.E0,0.E0));
#241=DIRECTION('',(0.E0,0.E0,-1.E0));
#242=AXIS2_PLACEMENT_3D('',#239,#240,#241);
#244=DIRECTION('',(-6.688673863079E-1,1.442913418635E-14,-7.433817454939E-1));
#245=VECTOR('',#244,2.000521879377E-1);
#246=CARTESIAN_POINT('',(-1.679531188785E1,1.766782967732E0,1.512759688308E1));
#247=LINE('',#246,#245);
#248=DIRECTION('',(-6.688673863079E-1,0.E0,7.433817454940E-1));
#249=VECTOR('',#248,2.000521879377E-1);
#250=CARTESIAN_POINT('',(-1.679531188785E1,1.766782967732E0,4.187252620088E1));
#251=LINE('',#250,#249);
#252=CARTESIAN_POINT('',(-1.692912027192E1,1.766782967732E0,2.850006154198E1));
#253=DIRECTION('',(-1.E0,0.E0,0.E0));
#254=DIRECTION('',(0.E0,0.E0,-1.E0));
#255=AXIS2_PLACEMENT_3D('',#252,#253,#254);
#257=CARTESIAN_POINT('',(-1.712309814595E1,1.766782967732E0,4.225009231297E1));
#258=DIRECTION('',(0.E0,-1.E0,0.E0));
#259=DIRECTION('',(6.465922635839E-1,0.E0,-7.628357914214E-1));
#260=AXIS2_PLACEMENT_3D('',#257,#258,#259);
#262=CARTESIAN_POINT('',(-1.712741584852E1,1.766782967732E0,2.850006154198E1));
#263=DIRECTION('',(1.E0,0.E0,0.E0));
#264=DIRECTION('',(0.E0,0.E0,1.E0));
#265=AXIS2_PLACEMENT_3D('',#262,#263,#264);
#267=CARTESIAN_POINT('',(-1.712309814595E1,1.766782967732E0,1.475003077099E1));
#268=DIRECTION('',(0.E0,1.E0,0.E0));
#269=DIRECTION('',(6.465922635839E-1,0.E0,7.628357914214E-1));
#270=AXIS2_PLACEMENT_3D('',#267,#268,#269);
#272=CARTESIAN_POINT('',(-1.712741584852E1,1.766782967732E0,2.850006154198E1));
#273=DIRECTION('',(1.E0,0.E0,0.E0));
#274=DIRECTION('',(0.E0,0.E0,-1.E0));
#275=AXIS2_PLACEMENT_3D('',#272,#273,#274);
#277=CARTESIAN_POINT('',(-1.692912027192E1,1.766782967732E0,2.850006154198E1));
#278=DIRECTION('',(-1.E0,0.E0,0.E0));
#279=DIRECTION('',(0.E0,0.E0,1.E0));
#280=AXIS2_PLACEMENT_3D('',#277,#278,#279);
#282=DIRECTION('',(-1.E0,0.E0,-3.166504621487E-13));
#283=VECTOR('',#282,7.012293726600E-1);
#284=CARTESIAN_POINT('',(-1.712741584852E1,1.766782967732E0,1.445006154198E1));
#285=LINE('',#284,#283);
#286=DIRECTION('',(-1.E0,0.E0,3.039844436627E-13));
#287=VECTOR('',#286,7.012293726600E-1);
#288=CARTESIAN_POINT('',(-1.712741584852E1,1.766782967732E0,4.255006154198E1));
#289=LINE('',#288,#287);
#290=CARTESIAN_POINT('',(-1.782864522118E1,1.766782967732E0,2.850006154198E1));
#291=DIRECTION('',(-1.E0,0.E0,0.E0));
#292=DIRECTION('',(0.E0,0.E0,1.E0));
#293=AXIS2_PLACEMENT_3D('',#290,#291,#292);
#295=CARTESIAN_POINT('',(-1.782864522118E1,1.766782967732E0,2.850006154198E1));
#296=DIRECTION('',(-1.E0,0.E0,0.E0));
#297=DIRECTION('',(0.E0,0.E0,-1.E0));
#298=AXIS2_PLACEMENT_3D('',#295,#296,#297);
#300=CARTESIAN_POINT('',(-1.782864522118E1,1.766782967732E0,2.850006154198E1));
#301=DIRECTION('',(1.E0,0.E0,0.E0));
#302=DIRECTION('',(0.E0,0.E0,-1.E0));
#303=AXIS2_PLACEMENT_3D('',#300,#301,#302);
#305=CARTESIAN_POINT('',(-1.782864522118E1,1.766782967732E0,2.850006154198E1));
#306=DIRECTION('',(1.E0,0.E0,0.E0));
#307=DIRECTION('',(0.E0,0.E0,1.E0));
#308=AXIS2_PLACEMENT_3D('',#305,#306,#307);
#310=DIRECTION('',(-7.229721345962E-1,0.E0,6.908771906767E-1));
#311=VECTOR('',#310,1.106543339247E0);
#312=CARTESIAN_POINT('',(-1.702864522118E1,1.766782967732E0,4.098557598840E1));
#313=LINE('',#312,#311);
#314=CARTESIAN_POINT('',(-1.702864522118E1,1.766782967732E0,2.850006154198E1));
#315=DIRECTION('',(-1.E0,0.E0,0.E0));
#316=DIRECTION('',(0.E0,0.E0,1.E0));
#317=AXIS2_PLACEMENT_3D('',#314,#315,#316);
#319=CARTESIAN_POINT('',(-1.702864522118E1,1.766782967732E0,2.850006154198E1));
#320=DIRECTION('',(-1.E0,0.E0,0.E0));
#321=DIRECTION('',(0.E0,0.E0,-1.E0));
#322=AXIS2_PLACEMENT_3D('',#319,#320,#321);
#324=CARTESIAN_POINT('',(-1.702864522118E1,1.766782967732E0,2.850006154198E1));
#325=DIRECTION('',(1.E0,0.E0,0.E0));
#326=DIRECTION('',(0.E0,0.E0,-1.E0));
#327=AXIS2_PLACEMENT_3D('',#324,#325,#326);
#329=CARTESIAN_POINT('',(-1.702864522118E1,1.766782967732E0,2.850006154198E1));
#330=DIRECTION('',(1.E0,0.E0,0.E0));
#331=DIRECTION('',(0.E0,0.E0,1.E0));
#332=AXIS2_PLACEMENT_3D('',#329,#330,#331);
#334=DIRECTION('',(-7.229721345962E-1,0.E0,-6.908771906767E-1));
#335=VECTOR('',#334,1.106543339247E0);
#336=CARTESIAN_POINT('',(-1.702864522118E1,1.766782967732E0,1.601454709556E1));
#337=LINE('',#336,#335);
#338=DIRECTION('',(-1.E0,0.E0,0.E0));
#339=VECTOR('',#338,5.E-1);
#340=CARTESIAN_POINT('',(-1.702864522118E1,1.766782967732E0,1.895006154198E1));
#341=LINE('',#340,#339);
#342=DIRECTION('',(-1.E0,0.E0,0.E0));
#343=VECTOR('',#342,5.E-1);
#344=CARTESIAN_POINT('',(-1.702864522118E1,1.766782967732E0,3.805006154198E1));
#345=LINE('',#344,#343);
#346=CARTESIAN_POINT('',(-1.752864522118E1,1.766782967732E0,2.850006154198E1));
#347=DIRECTION('',(1.E0,0.E0,0.E0));
#348=DIRECTION('',(0.E0,0.E0,-1.E0));
#349=AXIS2_PLACEMENT_3D('',#346,#347,#348);
#351=CARTESIAN_POINT('',(-1.752864522118E1,1.766782967732E0,2.850006154198E1));
#352=DIRECTION('',(1.E0,0.E0,0.E0));
#353=DIRECTION('',(0.E0,0.E0,1.E0));
#354=AXIS2_PLACEMENT_3D('',#351,#352,#353);
#356=CARTESIAN_POINT('',(-1.752864522118E1,1.766782967732E0,2.850006154198E1));
#357=DIRECTION('',(-1.E0,0.E0,0.E0));
#358=DIRECTION('',(0.E0,0.E0,1.E0));
#359=AXIS2_PLACEMENT_3D('',#356,#357,#358);
#361=CARTESIAN_POINT('',(-1.752864522118E1,1.766782967732E0,2.850006154198E1));
#362=DIRECTION('',(-1.E0,0.E0,0.E0));
#363=DIRECTION('',(0.E0,0.E0,-1.E0));
#364=AXIS2_PLACEMENT_3D('',#361,#362,#363);
#366=DIRECTION('',(-1.E0,0.E0,0.E0));
#367=VECTOR('',#366,3.E-1);
#368=CARTESIAN_POINT('',(-1.722864522118E1,1.766782967732E0,3.825006154198E1));
#369=LINE('',#368,#367);
#370=CARTESIAN_POINT('',(-1.722864522118E1,1.766782967732E0,2.850006154198E1));
#371=DIRECTION('',(1.E0,0.E0,0.E0));
#372=DIRECTION('',(0.E0,0.E0,-1.E0));
#373=AXIS2_PLACEMENT_3D('',#370,#371,#372);
#375=CARTESIAN_POINT('',(-1.722864522118E1,1.766782967732E0,2.850006154198E1));
#376=DIRECTION('',(1.E0,0.E0,0.E0));
#377=DIRECTION('',(0.E0,0.E0,1.E0));
#378=AXIS2_PLACEMENT_3D('',#375,#376,#377);
#380=CARTESIAN_POINT('',(-1.722864522118E1,1.766782967732E0,2.850006154198E1));
#381=DIRECTION('',(-1.E0,0.E0,0.E0));
#382=DIRECTION('',(0.E0,0.E0,1.E0));
#383=AXIS2_PLACEMENT_3D('',#380,#381,#382);
#385=CARTESIAN_POINT('',(-1.722864522118E1,1.766782967732E0,2.850006154198E1));
#386=DIRECTION('',(-1.E0,0.E0,0.E0));
#387=DIRECTION('',(0.E0,0.E0,-1.E0));
#388=AXIS2_PLACEMENT_3D('',#385,#386,#387);
#390=DIRECTION('',(-7.229721345962E-1,0.E0,-6.908771906767E-1));
#391=VECTOR('',#390,1.106543339247E0);
#392=CARTESIAN_POINT('',(-1.722864522118E1,1.766782967732E0,1.610006154198E1));
#393=LINE('',#392,#391);
#394=DIRECTION('',(-7.229721345962E-1,0.E0,6.908771906768E-1));
#395=VECTOR('',#394,1.106543339247E0);
#396=CARTESIAN_POINT('',(-1.722864522118E1,1.766782967732E0,4.090006154198E1));
#397=LINE('',#396,#395);
#398=CARTESIAN_POINT('',(-1.802864522118E1,1.766782967732E0,2.850006154198E1));
#399=DIRECTION('',(1.E0,0.E0,0.E0));
#400=DIRECTION('',(0.E0,0.E0,-1.E0));
#401=AXIS2_PLACEMENT_3D('',#398,#399,#400);
#403=CARTESIAN_POINT('',(-1.802864522118E1,1.766782967732E0,2.850006154198E1));
#404=DIRECTION('',(1.E0,0.E0,0.E0));
#405=DIRECTION('',(0.E0,0.E0,1.E0));
#406=AXIS2_PLACEMENT_3D('',#403,#404,#405);
#408=CARTESIAN_POINT('',(-1.802864522118E1,1.766782967732E0,2.850006154198E1));
#409=DIRECTION('',(-1.E0,0.E0,0.E0));
#410=DIRECTION('',(0.E0,0.E0,1.E0));
#411=AXIS2_PLACEMENT_3D('',#408,#409,#410);
#413=CARTESIAN_POINT('',(-1.802864522118E1,1.766782967732E0,2.850006154198E1));
#414=DIRECTION('',(-1.E0,0.E0,0.E0));
#415=DIRECTION('',(0.E0,0.E0,-1.E0));
#416=AXIS2_PLACEMENT_3D('',#413,#414,#415);
#418=DIRECTION('',(1.E0,0.E0,1.093981334402E-12));
#419=VECTOR('',#418,1.273023330741E0);
#420=CARTESIAN_POINT('',(-1.930166855192E1,1.766782967732E0,4.187506154198E1));
#421=LINE('',#420,#419);
#422=DIRECTION('',(1.E0,0.E0,-1.095376718757E-12));
#423=VECTOR('',#422,1.273023330741E0);
#424=CARTESIAN_POINT('',(-1.930166855192E1,1.766782967732E0,1.512506154198E1));
#425=LINE('',#424,#423);
#426=CARTESIAN_POINT('',(-2.112864522118E1,1.766782967732E0,1.693256154198E1));
#427=DIRECTION('',(0.E0,-1.E0,0.E0));
#428=DIRECTION('',(0.E0,0.E0,-1.E0));
#429=AXIS2_PLACEMENT_3D('',#426,#427,#428);
#431=CARTESIAN_POINT('',(-1.930166855193E1,1.766782967732E0,2.850006154198E1));
#432=DIRECTION('',(-1.E0,0.E0,0.E0));
#433=DIRECTION('',(0.E0,0.E0,-1.E0));
#434=AXIS2_PLACEMENT_3D('',#431,#432,#433);
#436=CARTESIAN_POINT('',(-2.295562189043E1,1.766782967732E0,2.850006154198E1));
#437=DIRECTION('',(1.E0,0.E0,0.E0));
#438=DIRECTION('',(0.E0,0.E0,1.E0));
#439=AXIS2_PLACEMENT_3D('',#436,#437,#438);
#441=CARTESIAN_POINT('',(-2.112864522118E1,1.766782967732E0,1.693256154198E1));
#442=DIRECTION('',(0.E0,-1.E0,0.E0));
#443=DIRECTION('',(-7.108858635223E-1,0.E0,-7.033073929970E-1));
#444=AXIS2_PLACEMENT_3D('',#441,#442,#443);
#446=CARTESIAN_POINT('',(-2.295562189043E1,1.766782967732E0,2.850006154198E1));
#447=DIRECTION('',(1.E0,0.E0,0.E0));
#448=DIRECTION('',(0.E0,0.E0,-1.E0));
#449=AXIS2_PLACEMENT_3D('',#446,#447,#448);
#451=CARTESIAN_POINT('',(-2.112864522118E1,1.766782967732E0,4.006756154198E1));
#452=DIRECTION('',(0.E0,1.E0,0.E0));
#453=DIRECTION('',(-7.108858635223E-1,0.E0,7.033073929970E-1));
#454=AXIS2_PLACEMENT_3D('',#451,#452,#453);
#456=CARTESIAN_POINT('',(-2.112864522118E1,1.766782967732E0,4.006756154198E1));
#457=DIRECTION('',(0.E0,1.E0,0.E0));
#458=DIRECTION('',(0.E0,0.E0,1.E0));
#459=AXIS2_PLACEMENT_3D('',#456,#457,#458);
#461=CARTESIAN_POINT('',(-1.930166855193E1,1.766782967732E0,2.850006154198E1));
#462=DIRECTION('',(-1.E0,0.E0,0.E0));
#463=DIRECTION('',(0.E0,0.E0,1.E0));
#464=AXIS2_PLACEMENT_3D('',#461,#462,#463);
#466=DIRECTION('',(1.E0,0.E0,8.707198375804E-13));
#467=VECTOR('',#466,1.273023330749E0);
#468=CARTESIAN_POINT('',(-2.422864522118E1,1.766782967732E0,4.187506154198E1));
#469=LINE('',#468,#467);
#470=CARTESIAN_POINT('',(-2.422864522118E1,1.766782967732E0,2.850006154198E1));
#471=DIRECTION('',(-1.E0,0.E0,0.E0));
#472=DIRECTION('',(0.E0,0.E0,-1.E0));
#473=AXIS2_PLACEMENT_3D('',#470,#471,#472);
#475=CARTESIAN_POINT('',(-2.422864522118E1,1.766782967732E0,2.850006154198E1));
#476=DIRECTION('',(-1.E0,0.E0,0.E0));
#477=DIRECTION('',(0.E0,0.E0,1.E0));
#478=AXIS2_PLACEMENT_3D('',#475,#476,#477);
#480=CARTESIAN_POINT('',(-2.422864522118E1,1.766782967732E0,2.850006154198E1));
#481=DIRECTION('',(1.E0,0.E0,0.E0));
#482=DIRECTION('',(0.E0,0.E0,1.E0));
#483=AXIS2_PLACEMENT_3D('',#480,#481,#482);
#485=CARTESIAN_POINT('',(-2.422864522118E1,1.766782967732E0,2.850006154198E1));
#486=DIRECTION('',(1.E0,0.E0,0.E0));
#487=DIRECTION('',(0.E0,0.E0,-1.E0));
#488=AXIS2_PLACEMENT_3D('',#485,#486,#487);
#490=DIRECTION('',(1.E0,0.E0,-8.693244532253E-13));
#491=VECTOR('',#490,1.273023330749E0);
#492=CARTESIAN_POINT('',(-2.422864522118E1,1.766782967732E0,1.512506154198E1));
#493=LINE('',#492,#491);
#494=DIRECTION('',(7.229721345962E-1,0.E0,-6.908771906767E-1));
#495=VECTOR('',#494,1.106543339247E0);
#496=CARTESIAN_POINT('',(-2.502864522118E1,1.766782967732E0,1.610006154198E1));
#497=LINE('',#496,#495);
#498=DIRECTION('',(7.229721345962E-1,0.E0,6.908771906768E-1));
#499=VECTOR('',#498,1.106543339247E0);
#500=CARTESIAN_POINT('',(-2.502864522118E1,1.766782967732E0,4.090006154198E1));
#501=LINE('',#500,#499);
#502=CARTESIAN_POINT('',(-2.502864522118E1,1.766782967732E0,2.850006154198E1));
#503=DIRECTION('',(-1.E0,0.E0,0.E0));
#504=DIRECTION('',(0.E0,0.E0,-1.E0));
#505=AXIS2_PLACEMENT_3D('',#502,#503,#504);
#507=CARTESIAN_POINT('',(-2.502864522118E1,1.766782967732E0,2.850006154198E1));
#508=DIRECTION('',(-1.E0,0.E0,0.E0));
#509=DIRECTION('',(0.E0,0.E0,1.E0));
#510=AXIS2_PLACEMENT_3D('',#507,#508,#509);
#512=CARTESIAN_POINT('',(-2.502864522118E1,1.766782967732E0,2.850006154198E1));
#513=DIRECTION('',(1.E0,0.E0,0.E0));
#514=DIRECTION('',(0.E0,0.E0,1.E0));
#515=AXIS2_PLACEMENT_3D('',#512,#513,#514);
#517=CARTESIAN_POINT('',(-2.502864522118E1,1.766782967732E0,2.850006154198E1));
#518=DIRECTION('',(1.E0,0.E0,0.E0));
#519=DIRECTION('',(0.E0,0.E0,-1.E0));
#520=AXIS2_PLACEMENT_3D('',#517,#518,#519);
#522=DIRECTION('',(1.E0,0.E0,0.E0));
#523=VECTOR('',#522,3.E-1);
#524=CARTESIAN_POINT('',(-2.502864522118E1,1.766782967732E0,3.825006154198E1));
#525=LINE('',#524,#523);
#526=DIRECTION('',(1.E0,0.E0,0.E0));
#527=VECTOR('',#526,3.E-1);
#528=CARTESIAN_POINT('',(-2.502864522118E1,1.766782967732E0,1.875006154198E1));
#529=LINE('',#528,#527);
#530=CARTESIAN_POINT('',(-2.472864522118E1,1.766782967732E0,2.850006154198E1));
#531=DIRECTION('',(-1.E0,0.E0,0.E0));
#532=DIRECTION('',(0.E0,0.E0,-1.E0));
#533=AXIS2_PLACEMENT_3D('',#530,#531,#532);
#535=CARTESIAN_POINT('',(-2.472864522118E1,1.766782967732E0,2.850006154198E1));
#536=DIRECTION('',(-1.E0,0.E0,0.E0));
#537=DIRECTION('',(0.E0,0.E0,1.E0));
#538=AXIS2_PLACEMENT_3D('',#535,#536,#537);
#540=CARTESIAN_POINT('',(-2.472864522118E1,1.766782967732E0,2.850006154198E1));
#541=DIRECTION('',(1.E0,0.E0,0.E0));
#542=DIRECTION('',(0.E0,0.E0,1.E0));
#543=AXIS2_PLACEMENT_3D('',#540,#541,#542);
#545=CARTESIAN_POINT('',(-2.472864522118E1,1.766782967732E0,2.850006154198E1));
#546=DIRECTION('',(1.E0,0.E0,0.E0));
#547=DIRECTION('',(0.E0,0.E0,-1.E0));
#548=AXIS2_PLACEMENT_3D('',#545,#546,#547);
#550=DIRECTION('',(1.E0,0.E0,0.E0));
#551=VECTOR('',#550,5.E-1);
#552=CARTESIAN_POINT('',(-2.522864522118E1,1.766782967732E0,1.895006154198E1));
#553=LINE('',#552,#551);
#554=DIRECTION('',(1.E0,0.E0,0.E0));
#555=VECTOR('',#554,5.E-1);
#556=CARTESIAN_POINT('',(-2.522864522118E1,1.766782967732E0,3.805006154198E1));
#557=LINE('',#556,#555);
#558=CARTESIAN_POINT('',(-2.522864522118E1,1.766782967732E0,2.850006154198E1));
#559=DIRECTION('',(1.E0,0.E0,0.E0));
#560=DIRECTION('',(0.E0,0.E0,1.E0));
#561=AXIS2_PLACEMENT_3D('',#558,#559,#560);
#563=CARTESIAN_POINT('',(-2.522864522118E1,1.766782967732E0,2.850006154198E1));
#564=DIRECTION('',(1.E0,0.E0,0.E0));
#565=DIRECTION('',(0.E0,0.E0,-1.E0));
#566=AXIS2_PLACEMENT_3D('',#563,#564,#565);
#568=CARTESIAN_POINT('',(-2.522864522118E1,1.766782967732E0,2.850006154198E1));
#569=DIRECTION('',(-1.E0,0.E0,0.E0));
#570=DIRECTION('',(0.E0,0.E0,-1.E0));
#571=AXIS2_PLACEMENT_3D('',#568,#569,#570);
#573=CARTESIAN_POINT('',(-2.522864522118E1,1.766782967732E0,2.850006154198E1));
#574=DIRECTION('',(-1.E0,0.E0,0.E0));
#575=DIRECTION('',(0.E0,0.E0,1.E0));
#576=AXIS2_PLACEMENT_3D('',#573,#574,#575);
#578=DIRECTION('',(7.229721345962E-1,0.E0,6.908771906768E-1));
#579=VECTOR('',#578,1.106543339247E0);
#580=CARTESIAN_POINT('',(-2.522864522118E1,1.766782967732E0,4.098557598840E1));
#581=LINE('',#580,#579);
#582=DIRECTION('',(7.229721345962E-1,0.E0,-6.908771906767E-1));
#583=VECTOR('',#582,1.106543339247E0);
#584=CARTESIAN_POINT('',(-2.522864522118E1,1.766782967732E0,1.601454709556E1));
#585=LINE('',#584,#583);
#586=CARTESIAN_POINT('',(-2.442864522118E1,1.766782967732E0,2.850006154198E1));
#587=DIRECTION('',(1.E0,0.E0,0.E0));
#588=DIRECTION('',(0.E0,0.E0,1.E0));
#589=AXIS2_PLACEMENT_3D('',#586,#587,#588);
#591=CARTESIAN_POINT('',(-2.442864522118E1,1.766782967732E0,2.850006154198E1));
#592=DIRECTION('',(1.E0,0.E0,0.E0));
#593=DIRECTION('',(0.E0,0.E0,-1.E0));
#594=AXIS2_PLACEMENT_3D('',#591,#592,#593);
#596=CARTESIAN_POINT('',(-2.442864522118E1,1.766782967732E0,2.850006154198E1));
#597=DIRECTION('',(-1.E0,0.E0,0.E0));
#598=DIRECTION('',(0.E0,0.E0,-1.E0));
#599=AXIS2_PLACEMENT_3D('',#596,#597,#598);
#601=CARTESIAN_POINT('',(-2.442864522118E1,1.766782967732E0,2.850006154198E1));
#602=DIRECTION('',(-1.E0,0.E0,0.E0));
#603=DIRECTION('',(0.E0,0.E0,1.E0));
#604=AXIS2_PLACEMENT_3D('',#601,#602,#603);
#606=DIRECTION('',(1.E0,0.E0,-3.166504621487E-13));
#607=VECTOR('',#606,7.012293726600E-1);
#608=CARTESIAN_POINT('',(-2.512987459384E1,1.766782967732E0,1.445006154198E1));
#609=LINE('',#608,#607);
#610=DIRECTION('',(1.E0,0.E0,3.039844436627E-13));
#611=VECTOR('',#610,7.012293726600E-1);
#612=CARTESIAN_POINT('',(-2.512987459384E1,1.766782967732E0,4.255006154198E1));
#613=LINE('',#612,#611);
#614=CARTESIAN_POINT('',(-2.532817017044E1,1.766782967732E0,2.850006154198E1));
#615=DIRECTION('',(1.E0,0.E0,0.E0));
#616=DIRECTION('',(0.E0,0.E0,-1.E0));
#617=AXIS2_PLACEMENT_3D('',#614,#615,#616);
#619=CARTESIAN_POINT('',(-2.513419229641E1,1.766782967732E0,4.225009231297E1));
#620=DIRECTION('',(0.E0,1.E0,0.E0));
#621=DIRECTION('',(-6.465922635839E-1,0.E0,-7.628357914214E-1));
#622=AXIS2_PLACEMENT_3D('',#619,#620,#621);
#624=CARTESIAN_POINT('',(-2.512987459384E1,1.766782967732E0,2.850006154198E1));
#625=DIRECTION('',(-1.E0,0.E0,0.E0));
#626=DIRECTION('',(0.E0,0.E0,1.E0));
#627=AXIS2_PLACEMENT_3D('',#624,#625,#626);
#629=DIRECTION('',(6.688673863079E-1,0.E0,7.433817454939E-1));
#630=VECTOR('',#629,2.000521879377E-1);
#631=CARTESIAN_POINT('',(-2.546197855451E1,1.766782967732E0,4.187252620088E1));
#632=LINE('',#631,#630);
#633=CARTESIAN_POINT('',(-2.512864522118E1,1.766782967732E0,2.850006154198E1));
#634=DIRECTION('',(1.E0,0.E0,0.E0));
#635=DIRECTION('',(0.E0,0.E0,-1.E0));
#636=AXIS2_PLACEMENT_3D('',#633,#634,#635);
#638=CARTESIAN_POINT('',(-2.546197855452E1,1.766782967732E0,2.850006154198E1));
#639=DIRECTION('',(-1.E0,0.E0,0.E0));
#640=DIRECTION('',(0.E0,0.E0,1.E0));
#641=AXIS2_PLACEMENT_3D('',#638,#639,#640);
#643=CARTESIAN_POINT('',(-2.546197855452E1,1.766782967732E0,2.850006154198E1));
#644=DIRECTION('',(-1.E0,0.E0,0.E0));
#645=DIRECTION('',(0.E0,0.E0,-1.E0));
#646=AXIS2_PLACEMENT_3D('',#643,#644,#645);
#648=CARTESIAN_POINT('',(-2.513419229641E1,1.766782967732E0,4.225009231297E1));
#649=DIRECTION('',(0.E0,1.E0,0.E0));
#650=DIRECTION('',(-6.555725162027E-1,0.E0,-7.551322241831E-1));
#651=AXIS2_PLACEMENT_3D('',#648,#649,#650);
#653=CARTESIAN_POINT('',(-2.513419229641E1,1.766782967732E0,4.225009231297E1));
#654=DIRECTION('',(0.E0,1.E0,0.E0));
#655=DIRECTION('',(0.E0,0.E0,1.E0));
#656=AXIS2_PLACEMENT_3D('',#653,#654,#655);
#658=CARTESIAN_POINT('',(-2.512864522118E1,1.766782967732E0,2.850006154198E1));
#659=DIRECTION('',(1.E0,0.E0,0.E0));
#660=DIRECTION('',(0.E0,0.E0,1.E0));
#661=AXIS2_PLACEMENT_3D('',#658,#659,#660);
#663=CARTESIAN_POINT('',(-2.513419229641E1,1.766782967732E0,1.475003077099E1));
#664=DIRECTION('',(0.E0,1.E0,0.E0));
#665=DIRECTION('',(1.109415045999E-2,0.E0,-9.999384580191E-1));
#666=AXIS2_PLACEMENT_3D('',#663,#664,#665);
#668=CARTESIAN_POINT('',(-2.513419229641E1,1.766782967732E0,1.475003077099E1));
#669=DIRECTION('',(0.E0,1.E0,0.E0));
#670=DIRECTION('',(0.E0,0.E0,-1.E0));
#671=AXIS2_PLACEMENT_3D('',#668,#669,#670);
#673=DIRECTION('',(6.688673863079E-1,-1.331920078740E-14,-7.433817454939E-1));
#674=VECTOR('',#673,2.000521879377E-1);
#675=CARTESIAN_POINT('',(-2.546197855451E1,1.766782967732E0,1.512759688308E1));
#676=LINE('',#675,#674);
#677=CARTESIAN_POINT('',(-2.513419229641E1,1.766782967732E0,1.475003077099E1));
#678=DIRECTION('',(0.E0,-1.E0,0.E0));
#679=DIRECTION('',(-6.465922635839E-1,0.E0,7.628357914214E-1));
#680=AXIS2_PLACEMENT_3D('',#677,#678,#679);
#682=CARTESIAN_POINT('',(-2.512987459384E1,1.766782967732E0,2.850006154198E1));
#683=DIRECTION('',(-1.E0,0.E0,0.E0));
#684=DIRECTION('',(0.E0,0.E0,-1.E0));
#685=AXIS2_PLACEMENT_3D('',#682,#683,#684);
#687=CARTESIAN_POINT('',(-2.532817017044E1,1.766782967732E0,2.850006154198E1));
#688=DIRECTION('',(1.E0,0.E0,0.E0));
#689=DIRECTION('',(0.E0,0.E0,1.E0));
#690=AXIS2_PLACEMENT_3D('',#687,#688,#689);
#692=DIRECTION('',(1.E0,0.E0,2.526374171591E-13));
#693=VECTOR('',#692,9.E-1);
#694=CARTESIAN_POINT('',(-2.512864522118E1,1.766782967732E0,4.275006154198E1));
#695=LINE('',#694,#693);
#696=CARTESIAN_POINT('',(-2.422864522118E1,1.766782967732E0,2.850006154198E1));
#697=DIRECTION('',(1.E0,0.E0,0.E0));
#698=DIRECTION('',(0.E0,0.E0,1.E0));
#699=AXIS2_PLACEMENT_3D('',#696,#697,#698);
#701=CARTESIAN_POINT('',(-2.422864522118E1,1.766782967732E0,2.850006154198E1));
#702=DIRECTION('',(1.E0,0.E0,0.E0));
#703=DIRECTION('',(0.E0,0.E0,-1.E0));
#704=AXIS2_PLACEMENT_3D('',#701,#702,#703);
#706=CARTESIAN_POINT('',(-2.422864522118E1,1.766782967732E0,2.850006154198E1));
#707=DIRECTION('',(-1.E0,0.E0,0.E0));
#708=DIRECTION('',(0.E0,0.E0,-1.E0));
#709=AXIS2_PLACEMENT_3D('',#706,#707,#708);
#711=CARTESIAN_POINT('',(-2.422864522118E1,1.766782967732E0,2.850006154198E1));
#712=DIRECTION('',(-1.E0,0.E0,0.E0));
#713=DIRECTION('',(0.E0,0.E0,1.E0));
#714=AXIS2_PLACEMENT_3D('',#711,#712,#713);
#716=DIRECTION('',(1.E0,0.E0,1.098803587799E-12));
#717=VECTOR('',#716,7.000000000011E-1);
#718=CARTESIAN_POINT('',(-2.492864522118E1,1.766782967732E0,1.390006154198E1));
#719=LINE('',#718,#717);
#720=DIRECTION('',(1.E0,0.E0,-1.116567156193E-12));
#721=VECTOR('',#720,7.000000000011E-1);
#722=CARTESIAN_POINT('',(-2.492864522118E1,1.766782967732E0,4.310006154198E1));
#723=LINE('',#722,#721);
#724=CARTESIAN_POINT('',(-2.517371785956E1,1.766782967732E0,2.850006154198E1));
#725=DIRECTION('',(1.E0,0.E0,0.E0));
#726=DIRECTION('',(0.E0,0.E0,-1.E0));
#727=AXIS2_PLACEMENT_3D('',#724,#725,#726);
#729=DIRECTION('',(5.735764363484E-1,0.E0,8.191520442909E-1));
#730=VECTOR('',#729,4.272711060646E-1);
#731=CARTESIAN_POINT('',(-2.517371785955E1,1.766782967732E0,4.275006154198E1));
#732=LINE('',#731,#730);
#733=CARTESIAN_POINT('',(-2.492864522118E1,1.766782967732E0,2.850006154198E1));
#734=DIRECTION('',(-1.E0,0.E0,0.E0));
#735=DIRECTION('',(0.E0,0.E0,1.E0));
#736=AXIS2_PLACEMENT_3D('',#733,#734,#735);
#738=DIRECTION('',(1.E0,0.E0,3.451758628919E-12));
#739=VECTOR('',#738,4.549273616277E-1);
#740=CARTESIAN_POINT('',(-2.562864522118E1,1.766782967732E0,4.275006154198E1));
#741=LINE('',#740,#739);
#742=CARTESIAN_POINT('',(-2.562864522118E1,1.766782967732E0,2.850006154198E1));
#743=DIRECTION('',(1.E0,0.E0,0.E0));
#744=DIRECTION('',(0.E0,0.E0,-1.E0));
#745=AXIS2_PLACEMENT_3D('',#742,#743,#744);
#747=CARTESIAN_POINT('',(-2.562864522118E1,1.766782967732E0,2.850006154198E1));
#748=DIRECTION('',(1.E0,0.E0,0.E0));
#749=DIRECTION('',(0.E0,0.E0,1.E0));
#750=AXIS2_PLACEMENT_3D('',#747,#748,#749);
#752=CARTESIAN_POINT('',(-2.562864522118E1,1.766782967732E0,2.850006154198E1));
#753=DIRECTION('',(-1.E0,0.E0,0.E0));
#754=DIRECTION('',(0.E0,0.E0,-1.E0));
#755=AXIS2_PLACEMENT_3D('',#752,#753,#754);
#757=CARTESIAN_POINT('',(-2.562864522118E1,1.766782967732E0,2.850006154198E1));
#758=DIRECTION('',(-1.E0,0.E0,0.E0));
#759=DIRECTION('',(0.E0,0.E0,1.E0));
#760=AXIS2_PLACEMENT_3D('',#757,#758,#759);
#762=CARTESIAN_POINT('',(-2.532864522118E1,1.766782967732E0,1.280006154198E1));
#763=DIRECTION('',(0.E0,-1.E0,0.E0));
#764=DIRECTION('',(-1.E0,0.E0,0.E0));
#765=AXIS2_PLACEMENT_3D('',#762,#763,#764);
#767=CARTESIAN_POINT('',(-2.532864522118E1,1.766782967732E0,2.850006154198E1));
#768=DIRECTION('',(1.E0,0.E0,0.E0));
#769=DIRECTION('',(0.E0,0.E0,-1.E0));
#770=AXIS2_PLACEMENT_3D('',#767,#768,#769);
#772=CARTESIAN_POINT('',(-2.532864522118E1,1.766782967732E0,4.420006154198E1));
#773=DIRECTION('',(0.E0,1.E0,0.E0));
#774=DIRECTION('',(-1.E0,0.E0,0.E0));
#775=AXIS2_PLACEMENT_3D('',#772,#773,#774);
#777=CARTESIAN_POINT('',(-2.532864522118E1,1.766782967732E0,2.850006154198E1));
#778=DIRECTION('',(1.E0,0.E0,0.E0));
#779=DIRECTION('',(0.E0,0.E0,1.E0));
#780=AXIS2_PLACEMENT_3D('',#777,#778,#779);
#782=DIRECTION('',(1.E0,0.E0,0.E0));
#783=VECTOR('',#782,8.4E0);
#784=CARTESIAN_POINT('',(-2.532864522118E1,1.766782967732E0,4.450006154198E1));
#785=LINE('',#784,#783);
#786=DIRECTION('',(1.E0,0.E0,0.E0));
#787=VECTOR('',#786,8.4E0);
#788=CARTESIAN_POINT('',(-2.532864522118E1,1.766782967732E0,1.250006154198E1));
#789=LINE('',#788,#787);
#790=CARTESIAN_POINT('',(-1.692864522118E1,1.766782967732E0,4.420006154198E1));
#791=DIRECTION('',(0.E0,-1.E0,0.E0));
#792=DIRECTION('',(1.E0,0.E0,0.E0));
#793=AXIS2_PLACEMENT_3D('',#790,#791,#792);
#795=CARTESIAN_POINT('',(-1.692864522118E1,1.766782967732E0,2.850006154198E1));
#796=DIRECTION('',(-1.E0,0.E0,0.E0));
#797=DIRECTION('',(0.E0,0.E0,1.E0));
#798=AXIS2_PLACEMENT_3D('',#795,#796,#797);
#800=CARTESIAN_POINT('',(-1.692864522118E1,1.766782967732E0,1.280006154198E1));
#801=DIRECTION('',(0.E0,1.E0,0.E0));
#802=DIRECTION('',(1.E0,0.E0,0.E0));
#803=AXIS2_PLACEMENT_3D('',#800,#801,#802);
#805=CARTESIAN_POINT('',(-1.692864522118E1,1.766782967732E0,2.850006154198E1));
#806=DIRECTION('',(-1.E0,0.E0,0.E0));
#807=DIRECTION('',(0.E0,0.E0,-1.E0));
#808=AXIS2_PLACEMENT_3D('',#805,#806,#807);
#810=CARTESIAN_POINT('',(-1.662864522118E1,1.766782967732E0,2.850006154198E1));
#811=DIRECTION('',(-1.E0,0.E0,0.E0));
#812=DIRECTION('',(0.E0,0.E0,1.E0));
#813=AXIS2_PLACEMENT_3D('',#810,#811,#812);
#815=CARTESIAN_POINT('',(-1.662864522118E1,1.766782967732E0,2.850006154198E1));
#816=DIRECTION('',(-1.E0,0.E0,0.E0));
#817=DIRECTION('',(0.E0,0.E0,-1.E0));
#818=AXIS2_PLACEMENT_3D('',#815,#816,#817);
#820=CARTESIAN_POINT('',(-1.662864522118E1,1.766782967732E0,2.850006154198E1));
#821=DIRECTION('',(1.E0,0.E0,0.E0));
#822=DIRECTION('',(0.E0,0.E0,1.E0));
#823=AXIS2_PLACEMENT_3D('',#820,#821,#822);
#825=CARTESIAN_POINT('',(-1.662864522118E1,1.766782967732E0,2.850006154198E1));
#826=DIRECTION('',(1.E0,0.E0,0.E0));
#827=DIRECTION('',(0.E0,0.E0,-1.E0));
#828=AXIS2_PLACEMENT_3D('',#825,#826,#827);
#830=DIRECTION('',(1.E0,0.E0,3.447853924587E-12));
#831=VECTOR('',#830,4.549273616278E-1);
#832=CARTESIAN_POINT('',(-1.708357258281E1,1.766782967732E0,1.425006154198E1));
#833=LINE('',#832,#831);
#834=DIRECTION('',(1.E0,0.E0,-3.451758628919E-12));
#835=VECTOR('',#834,4.549273616278E-1);
#836=CARTESIAN_POINT('',(-1.708357258281E1,1.766782967732E0,4.275006154198E1));
#837=LINE('',#836,#835);
#838=CARTESIAN_POINT('',(-1.708357258280E1,1.766782967732E0,2.850006154198E1));
#839=DIRECTION('',(-1.E0,0.E0,0.E0));
#840=DIRECTION('',(0.E0,0.E0,1.E0));
#841=AXIS2_PLACEMENT_3D('',#838,#839,#840);
#843=DIRECTION('',(-5.735764363484E-1,0.E0,-8.191520442909E-1));
#844=VECTOR('',#843,4.272711060646E-1);
#845=CARTESIAN_POINT('',(-1.708357258281E1,1.766782967732E0,1.425006154198E1));
#846=LINE('',#845,#844);
#847=CARTESIAN_POINT('',(-1.732864522118E1,1.766782967732E0,2.850006154198E1));
#848=DIRECTION('',(1.E0,0.E0,0.E0));
#849=DIRECTION('',(0.E0,0.E0,-1.E0));
#850=AXIS2_PLACEMENT_3D('',#847,#848,#849);
#852=DIRECTION('',(-5.735764363484E-1,0.E0,8.191520442909E-1));
#853=VECTOR('',#852,4.272711060646E-1);
#854=CARTESIAN_POINT('',(-1.708357258281E1,1.766782967732E0,4.275006154198E1));
#855=LINE('',#854,#853);
#856=CARTESIAN_POINT('',(-1.732864522118E1,1.766782967732E0,2.850006154198E1));
#857=DIRECTION('',(1.E0,0.E0,0.E0));
#858=DIRECTION('',(0.E0,0.E0,1.E0));
#859=AXIS2_PLACEMENT_3D('',#856,#857,#858);
#861=CARTESIAN_POINT('',(-1.708357258280E1,1.766782967732E0,2.850006154198E1));
#862=DIRECTION('',(-1.E0,0.E0,0.E0));
#863=DIRECTION('',(0.E0,0.E0,-1.E0));
#864=AXIS2_PLACEMENT_3D('',#861,#862,#863);
#866=DIRECTION('',(1.E0,0.E0,-1.098803587799E-12));
#867=VECTOR('',#866,7.000000000011E-1);
#868=CARTESIAN_POINT('',(-1.802864522118E1,1.766782967732E0,1.390006154198E1));
#869=LINE('',#868,#867);
#870=DIRECTION('',(1.E0,0.E0,1.116567156193E-12));
#871=VECTOR('',#870,7.000000000011E-1);
#872=CARTESIAN_POINT('',(-1.802864522118E1,1.766782967732E0,4.310006154198E1));
#873=LINE('',#872,#871);
#874=CARTESIAN_POINT('',(-1.802864522118E1,1.766782967732E0,2.850006154198E1));
#875=DIRECTION('',(-1.E0,0.E0,0.E0));
#876=DIRECTION('',(0.E0,0.E0,-1.E0));
#877=AXIS2_PLACEMENT_3D('',#874,#875,#876);
#879=CARTESIAN_POINT('',(-1.802864522118E1,1.766782967732E0,2.850006154198E1));
#880=DIRECTION('',(-1.E0,0.E0,0.E0));
#881=DIRECTION('',(0.E0,0.E0,1.E0));
#882=AXIS2_PLACEMENT_3D('',#879,#880,#881);
#884=CARTESIAN_POINT('',(-1.802864522118E1,1.766782967732E0,2.850006154198E1));
#885=DIRECTION('',(1.E0,0.E0,0.E0));
#886=DIRECTION('',(0.E0,0.E0,-1.E0));
#887=AXIS2_PLACEMENT_3D('',#884,#885,#886);
#889=CARTESIAN_POINT('',(-1.802864522118E1,1.766782967732E0,2.850006154198E1));
#890=DIRECTION('',(1.E0,0.E0,0.E0));
#891=DIRECTION('',(0.E0,0.E0,1.E0));
#892=AXIS2_PLACEMENT_3D('',#889,#890,#891);
#894=DIRECTION('',(-1.E0,0.E0,2.526374171591E-13));
#895=VECTOR('',#894,9.E-1);
#896=CARTESIAN_POINT('',(-1.712864522118E1,1.766782967732E0,4.275006154198E1));
#897=LINE('',#896,#895);
#898=DIRECTION('',(-1.E0,0.E0,-2.565848768023E-13));
#899=VECTOR('',#898,9.E-1);
#900=CARTESIAN_POINT('',(-1.712864522118E1,1.766782967732E0,1.425006154198E1));
#901=LINE('',#900,#899);
#902=DIRECTION('',(1.E0,0.E0,-3.447853924587E-12));
#903=VECTOR('',#902,4.549273616277E-1);
#904=CARTESIAN_POINT('',(-2.562864522118E1,1.766782967732E0,1.425006154198E1));
#905=LINE('',#904,#903);
#906=DIRECTION('',(5.735764363484E-1,0.E0,-8.191520442909E-1));
#907=VECTOR('',#906,4.272711060646E-1);
#908=CARTESIAN_POINT('',(-2.517371785955E1,1.766782967732E0,1.425006154198E1));
#909=LINE('',#908,#907);
#910=CARTESIAN_POINT('',(-2.492864522118E1,1.766782967732E0,2.850006154198E1));
#911=DIRECTION('',(-1.E0,0.E0,0.E0));
#912=DIRECTION('',(0.E0,0.E0,-1.E0));
#913=AXIS2_PLACEMENT_3D('',#910,#911,#912);
#915=CARTESIAN_POINT('',(-2.517371785956E1,1.766782967732E0,2.850006154198E1));
#916=DIRECTION('',(1.E0,0.E0,0.E0));
#917=DIRECTION('',(0.E0,0.E0,1.E0));
#918=AXIS2_PLACEMENT_3D('',#915,#916,#917);
#920=DIRECTION('',(1.E0,0.E0,-2.565848768023E-13));
#921=VECTOR('',#920,9.E-1);
#922=CARTESIAN_POINT('',(-2.512864522118E1,1.766782967732E0,1.425006154198E1));
#923=LINE('',#922,#921);
#924=DIRECTION('',(-1.E0,0.E0,0.E0));
#925=VECTOR('',#924,3.E-1);
#926=CARTESIAN_POINT('',(-1.722864522118E1,1.766782967732E0,1.875006154198E1));
#927=LINE('',#926,#925);
#928=CARTESIAN_POINT('',(-1.722864522118E1,1.766782967732E0,4.090006154198E1));
#929=CARTESIAN_POINT('',(-1.722864522118E1,1.766782967732E0,1.610006154198E1));
#930=VERTEX_POINT('',#928);
#931=VERTEX_POINT('',#929);
#932=CARTESIAN_POINT('',(-1.802864522118E1,1.766782967732E0,4.166454709556E1));
#933=VERTEX_POINT('',#932);
#934=CARTESIAN_POINT('',(-1.802864522118E1,1.766782967732E0,1.533557598840E1));
#935=VERTEX_POINT('',#934);
#936=CARTESIAN_POINT('',(-1.722864522118E1,1.766782967732E0,3.825006154198E1));
#937=CARTESIAN_POINT('',(-1.722864522118E1,1.766782967732E0,1.875006154198E1));
#938=VERTEX_POINT('',#936);
#939=VERTEX_POINT('',#937);
#940=CARTESIAN_POINT('',(-1.802864522118E1,1.766782967732E0,1.512506154198E1));
#941=CARTESIAN_POINT('',(-1.802864522118E1,1.766782967732E0,4.187506154198E1));
#942=VERTEX_POINT('',#940);
#943=VERTEX_POINT('',#941);
#944=CARTESIAN_POINT('',(-1.930166855192E1,1.766782967732E0,1.512506154198E1));
#945=VERTEX_POINT('',#944);
#946=CARTESIAN_POINT('',(-1.930166855193E1,1.766782967732E0,4.187506154198E1));
#947=VERTEX_POINT('',#946);
#948=CARTESIAN_POINT('',(-2.112864522118E1,1.766782967732E0,1.436256154198E1));
#949=VERTEX_POINT('',#948);
#950=CARTESIAN_POINT('',(-2.112864522118E1,1.766782967732E0,4.263756154198E1));
#951=VERTEX_POINT('',#950);
#952=CARTESIAN_POINT('',(-2.295562189043E1,1.766782967732E0,4.187506154198E1));
#953=VERTEX_POINT('',#952);
#954=CARTESIAN_POINT('',(-2.295562189043E1,1.766782967732E0,1.512506154198E1));
#955=VERTEX_POINT('',#954);
#956=CARTESIAN_POINT('',(-2.422864522118E1,1.766782967732E0,4.187506154198E1));
#957=CARTESIAN_POINT('',(-2.422864522118E1,1.766782967732E0,1.512506154198E1));
#958=VERTEX_POINT('',#956);
#959=VERTEX_POINT('',#957);
#960=CARTESIAN_POINT('',(-2.422864522118E1,1.766782967732E0,4.166454709556E1));
#961=CARTESIAN_POINT('',(-2.422864522118E1,1.766782967732E0,1.533557598840E1));
#962=VERTEX_POINT('',#960);
#963=VERTEX_POINT('',#961);
#964=CARTESIAN_POINT('',(-2.502864522118E1,1.766782967732E0,1.610006154198E1));
#965=VERTEX_POINT('',#964);
#966=CARTESIAN_POINT('',(-2.502864522118E1,1.766782967732E0,4.090006154198E1));
#967=VERTEX_POINT('',#966);
#968=CARTESIAN_POINT('',(-2.502864522118E1,1.766782967732E0,3.825006154198E1));
#969=CARTESIAN_POINT('',(-2.502864522118E1,1.766782967732E0,1.875006154198E1));
#970=VERTEX_POINT('',#968);
#971=VERTEX_POINT('',#969);
#972=CARTESIAN_POINT('',(-2.472864522118E1,1.766782967732E0,3.825006154198E1));
#973=VERTEX_POINT('',#972);
#974=CARTESIAN_POINT('',(-2.472864522118E1,1.766782967732E0,1.875006154198E1));
#975=VERTEX_POINT('',#974);
#976=CARTESIAN_POINT('',(-2.472864522118E1,1.766782967732E0,3.805006154198E1));
#977=CARTESIAN_POINT('',(-2.472864522118E1,1.766782967732E0,1.895006154198E1));
#978=VERTEX_POINT('',#976);
#979=VERTEX_POINT('',#977);
#980=CARTESIAN_POINT('',(-2.522864522118E1,1.766782967732E0,1.895006154198E1));
#981=VERTEX_POINT('',#980);
#982=CARTESIAN_POINT('',(-2.522864522118E1,1.766782967732E0,3.805006154198E1));
#983=VERTEX_POINT('',#982);
#984=CARTESIAN_POINT('',(-2.522864522118E1,1.766782967732E0,4.098557598840E1));
#985=CARTESIAN_POINT('',(-2.522864522118E1,1.766782967732E0,1.601454709556E1));
#986=VERTEX_POINT('',#984);
#987=VERTEX_POINT('',#985);
#988=CARTESIAN_POINT('',(-2.442864522118E1,1.766782967732E0,4.175006154198E1));
#989=VERTEX_POINT('',#988);
#990=CARTESIAN_POINT('',(-2.442864522118E1,1.766782967732E0,1.525006154198E1));
#991=VERTEX_POINT('',#990);
#992=CARTESIAN_POINT('',(-2.442864522118E1,1.766782967732E0,4.255006154198E1));
#993=CARTESIAN_POINT('',(-2.442864522118E1,1.766782967732E0,1.445006154198E1));
#994=VERTEX_POINT('',#992);
#995=VERTEX_POINT('',#993);
#996=CARTESIAN_POINT('',(-2.512987459384E1,1.766782967732E0,1.445006154198E1));
#997=VERTEX_POINT('',#996);
#998=CARTESIAN_POINT('',(-2.512987459384E1,1.766782967732E0,4.255006154198E1));
#999=VERTEX_POINT('',#998);
#1000=CARTESIAN_POINT('',(-2.532817017044E1,1.766782967732E0,1.497888173842E1));
#1001=CARTESIAN_POINT('',(-2.532817017044E1,1.766782967732E0,4.202124134554E1));
#1002=VERTEX_POINT('',#1000);
#1003=VERTEX_POINT('',#1001);
#1004=CARTESIAN_POINT('',(-2.546197855452E1,1.766782967732E0,4.187252620088E1));
#1005=CARTESIAN_POINT('',(-2.546197855452E1,1.766782967732E0,1.512759688308E1));
#1006=VERTEX_POINT('',#1004);
#1007=VERTEX_POINT('',#1005);
#1008=CARTESIAN_POINT('',(-2.513419229641E1,1.766782967732E0,1.425003077099E1));
#1009=VERTEX_POINT('',#1008);
#1010=CARTESIAN_POINT('',(-2.512864522118E1,1.766782967732E0,1.425006154198E1));
#1011=VERTEX_POINT('',#1010);
#1012=CARTESIAN_POINT('',(-2.512864522118E1,1.766782967732E0,4.275006154198E1));
#1013=VERTEX_POINT('',#1012);
#1014=CARTESIAN_POINT('',(-2.513419229641E1,1.766782967732E0,4.275009231297E1));
#1015=VERTEX_POINT('',#1014);
#1016=CARTESIAN_POINT('',(-2.422864522118E1,1.766782967732E0,1.425006154198E1));
#1017=CARTESIAN_POINT('',(-2.422864522118E1,1.766782967732E0,4.275006154198E1));
#1018=VERTEX_POINT('',#1016);
#1019=VERTEX_POINT('',#1017);
#1020=CARTESIAN_POINT('',(-2.422864522118E1,1.766782967732E0,4.310006154198E1));
#1021=CARTESIAN_POINT('',(-2.422864522118E1,1.766782967732E0,1.390006154198E1));
#1022=VERTEX_POINT('',#1020);
#1023=VERTEX_POINT('',#1021);
#1024=CARTESIAN_POINT('',(-2.492864522118E1,1.766782967732E0,1.390006154198E1));
#1025=VERTEX_POINT('',#1024);
#1026=CARTESIAN_POINT('',(-2.492864522118E1,1.766782967732E0,4.310006154198E1));
#1027=VERTEX_POINT('',#1026);
#1028=CARTESIAN_POINT('',(-2.517371785956E1,1.766782967732E0,1.425006154198E1));
#1029=CARTESIAN_POINT('',(-2.517371785956E1,1.766782967732E0,4.275006154198E1));
#1030=VERTEX_POINT('',#1028);
#1031=VERTEX_POINT('',#1029);
#1032=CARTESIAN_POINT('',(-2.562864522118E1,1.766782967732E0,4.275006154198E1));
#1033=CARTESIAN_POINT('',(-2.562864522118E1,1.766782967732E0,1.425006154198E1));
#1034=VERTEX_POINT('',#1032);
#1035=VERTEX_POINT('',#1033);
#1036=CARTESIAN_POINT('',(-2.562864522118E1,1.766782967732E0,1.280006154198E1));
#1037=CARTESIAN_POINT('',(-2.562864522118E1,1.766782967732E0,4.420006154198E1));
#1038=VERTEX_POINT('',#1036);
#1039=VERTEX_POINT('',#1037);
#1040=CARTESIAN_POINT('',(-2.532864522118E1,1.766782967732E0,1.250006154198E1));
#1041=VERTEX_POINT('',#1040);
#1042=CARTESIAN_POINT('',(-2.532864522118E1,1.766782967732E0,4.450006154198E1));
#1043=VERTEX_POINT('',#1042);
#1044=CARTESIAN_POINT('',(-1.692864522118E1,1.766782967732E0,4.450006154198E1));
#1045=VERTEX_POINT('',#1044);
#1046=CARTESIAN_POINT('',(-1.692864522118E1,1.766782967732E0,1.250006154198E1));
#1047=VERTEX_POINT('',#1046);
#1048=CARTESIAN_POINT('',(-1.662864522118E1,1.766782967732E0,4.420006154198E1));
#1049=VERTEX_POINT('',#1048);
#1050=CARTESIAN_POINT('',(-1.662864522118E1,1.766782967732E0,1.280006154198E1));
#1051=VERTEX_POINT('',#1050);
#1052=CARTESIAN_POINT('',(-1.662864522118E1,1.766782967732E0,4.275006154198E1));
#1053=CARTESIAN_POINT('',(-1.662864522118E1,1.766782967732E0,1.425006154198E1));
#1054=VERTEX_POINT('',#1052);
#1055=VERTEX_POINT('',#1053);
#1056=CARTESIAN_POINT('',(-1.708357258281E1,1.766782967732E0,1.425006154198E1));
#1057=VERTEX_POINT('',#1056);
#1058=CARTESIAN_POINT('',(-1.708357258281E1,1.766782967732E0,4.275006154198E1));
#1059=VERTEX_POINT('',#1058);
#1060=CARTESIAN_POINT('',(-1.732864522118E1,1.766782967732E0,1.390006154198E1));
#1061=VERTEX_POINT('',#1060);
#1062=CARTESIAN_POINT('',(-1.732864522118E1,1.766782967732E0,4.310006154198E1));
#1063=VERTEX_POINT('',#1062);
#1064=CARTESIAN_POINT('',(-1.802864522118E1,1.766782967732E0,1.390006154198E1));
#1065=VERTEX_POINT('',#1064);
#1066=CARTESIAN_POINT('',(-1.802864522118E1,1.766782967732E0,4.310006154198E1));
#1067=VERTEX_POINT('',#1066);
#1068=CARTESIAN_POINT('',(-1.802864522118E1,1.766782967732E0,1.425006154198E1));
#1069=CARTESIAN_POINT('',(-1.802864522118E1,1.766782967732E0,4.275006154198E1));
#1070=VERTEX_POINT('',#1068);
#1071=VERTEX_POINT('',#1069);
#1072=CARTESIAN_POINT('',(-1.712864522118E1,1.766782967732E0,1.425006154198E1));
#1073=VERTEX_POINT('',#1072);
#1074=CARTESIAN_POINT('',(-1.712864522118E1,1.766782967732E0,4.275006154198E1));
#1075=VERTEX_POINT('',#1074);
#1076=CARTESIAN_POINT('',(-1.712309814595E1,1.766782967732E0,1.425003077099E1));
#1077=CARTESIAN_POINT('',(-1.679531188785E1,1.766782967732E0,1.512759688308E1));
#1078=VERTEX_POINT('',#1076);
#1079=VERTEX_POINT('',#1077);
#1080=CARTESIAN_POINT('',(-1.712309814595E1,1.766782967732E0,4.275009231297E1));
#1081=VERTEX_POINT('',#1080);
#1082=CARTESIAN_POINT('',(-1.679531188785E1,1.766782967732E0,4.187252620088E1));
#1083=VERTEX_POINT('',#1082);
#1084=CARTESIAN_POINT('',(-1.692912027192E1,1.766782967732E0,1.497888173842E1));
#1085=VERTEX_POINT('',#1084);
#1086=CARTESIAN_POINT('',(-1.692912027192E1,1.766782967732E0,4.202124134554E1));
#1087=VERTEX_POINT('',#1086);
#1088=CARTESIAN_POINT('',(-1.712741584852E1,1.766782967732E0,4.255006154198E1));
#1089=VERTEX_POINT('',#1088);
#1090=CARTESIAN_POINT('',(-1.712741584852E1,1.766782967732E0,1.445006154198E1));
#1091=VERTEX_POINT('',#1090);
#1092=CARTESIAN_POINT('',(-1.782864522118E1,1.766782967732E0,1.445006154198E1));
#1093=VERTEX_POINT('',#1092);
#1094=CARTESIAN_POINT('',(-1.782864522118E1,1.766782967732E0,4.255006154198E1));
#1095=VERTEX_POINT('',#1094);
#1096=CARTESIAN_POINT('',(-1.782864522118E1,1.766782967732E0,1.525006154198E1));
#1097=CARTESIAN_POINT('',(-1.782864522118E1,1.766782967732E0,4.175006154198E1));
#1098=VERTEX_POINT('',#1096);
#1099=VERTEX_POINT('',#1097);
#1100=CARTESIAN_POINT('',(-1.702864522118E1,1.766782967732E0,4.098557598840E1));
#1101=CARTESIAN_POINT('',(-1.702864522118E1,1.766782967732E0,1.601454709556E1));
#1102=VERTEX_POINT('',#1100);
#1103=VERTEX_POINT('',#1101);
#1104=CARTESIAN_POINT('',(-1.702864522118E1,1.766782967732E0,1.895006154198E1));
#1105=CARTESIAN_POINT('',(-1.702864522118E1,1.766782967732E0,3.805006154198E1));
#1106=VERTEX_POINT('',#1104);
#1107=VERTEX_POINT('',#1105);
#1108=CARTESIAN_POINT('',(-1.752864522118E1,1.766782967732E0,1.895006154198E1));
#1109=VERTEX_POINT('',#1108);
#1110=CARTESIAN_POINT('',(-1.752864522118E1,1.766782967732E0,3.805006154198E1));
#1111=VERTEX_POINT('',#1110);
#1112=CARTESIAN_POINT('',(-1.752864522118E1,1.766782967732E0,1.875006154198E1));
#1113=CARTESIAN_POINT('',(-1.752864522118E1,1.766782967732E0,3.825006154198E1));
#1114=VERTEX_POINT('',#1112);
#1115=VERTEX_POINT('',#1113);
#1116=CARTESIAN_POINT('',(-1.712309814595E1,1.766782967732E0,2.850006154198E1));
#1117=DIRECTION('',(-1.E0,0.E0,0.E0));
#1118=DIRECTION('',(0.E0,0.E0,1.E0));
#1119=AXIS2_PLACEMENT_3D('',#1116,#1117,#1118);
#1120=TOROIDAL_SURFACE('',#1119,1.375003077099E1,5.E-1);
#1122=ORIENTED_EDGE('',*,*,#1121,.F.);
#1124=ORIENTED_EDGE('',*,*,#1123,.F.);
#1126=ORIENTED_EDGE('',*,*,#1125,.T.);
#1128=ORIENTED_EDGE('',*,*,#1127,.F.);
#1130=ORIENTED_EDGE('',*,*,#1129,.F.);
#1132=ORIENTED_EDGE('',*,*,#1131,.T.);
#1133=EDGE_LOOP('',(#1122,#1124,#1126,#1128,#1130,#1132));
#1134=FACE_OUTER_BOUND('',#1133,.F.);
#1135=ADVANCED_FACE('',(#1134),#1120,.T.);
#1136=CARTESIAN_POINT('',(-1.712309814595E1,1.766782967732E0,2.850006154198E1));
#1137=DIRECTION('',(-1.E0,0.E0,0.E0));
#1138=DIRECTION('',(0.E0,0.E0,1.E0));
#1139=AXIS2_PLACEMENT_3D('',#1136,#1137,#1138);
#1140=TOROIDAL_SURFACE('',#1139,1.375003077099E1,5.E-1);
#1142=ORIENTED_EDGE('',*,*,#1141,.T.);
#1143=ORIENTED_EDGE('',*,*,#1129,.T.);
#1144=ORIENTED_EDGE('',*,*,#1127,.T.);
#1146=ORIENTED_EDGE('',*,*,#1145,.T.);
#1147=ORIENTED_EDGE('',*,*,#1123,.T.);
#1148=ORIENTED_EDGE('',*,*,#1121,.T.);
#1149=EDGE_LOOP('',(#1142,#1143,#1144,#1146,#1147,#1148));
#1150=FACE_OUTER_BOUND('',#1149,.F.);
#1151=ADVANCED_FACE('',(#1150),#1140,.T.);
#1152=CARTESIAN_POINT('',(-1.686221607988E1,1.766782967732E0,2.850006154198E1));
#1153=DIRECTION('',(-1.E0,0.E0,0.E0));
#1154=DIRECTION('',(0.E0,0.E0,1.E0));
#1155=AXIS2_PLACEMENT_3D('',#1152,#1153,#1154);
#1156=CONICAL_SURFACE('',#1155,1.344682223123E1,4.802029078771E1);
#1158=ORIENTED_EDGE('',*,*,#1157,.T.);
#1160=ORIENTED_EDGE('',*,*,#1159,.F.);
#1162=ORIENTED_EDGE('',*,*,#1161,.F.);
#1163=ORIENTED_EDGE('',*,*,#1141,.F.);
#1164=EDGE_LOOP('',(#1158,#1160,#1162,#1163));
#1165=FACE_OUTER_BOUND('',#1164,.F.);
#1166=ADVANCED_FACE('',(#1165),#1156,.F.);
#1167=CARTESIAN_POINT('',(-1.686221607988E1,1.766782967732E0,2.850006154198E1));
#1168=DIRECTION('',(-1.E0,0.E0,0.E0));
#1169=DIRECTION('',(0.E0,0.E0,1.E0));
#1170=AXIS2_PLACEMENT_3D('',#1167,#1168,#1169);
#1171=CONICAL_SURFACE('',#1170,1.344682223123E1,4.802029078771E1);
#1172=ORIENTED_EDGE('',*,*,#1131,.F.);
#1173=ORIENTED_EDGE('',*,*,#1161,.T.);
#1175=ORIENTED_EDGE('',*,*,#1174,.F.);
#1176=ORIENTED_EDGE('',*,*,#1157,.F.);
#1177=EDGE_LOOP('',(#1172,#1173,#1175,#1176));
#1178=FACE_OUTER_BOUND('',#1177,.F.);
#1179=ADVANCED_FACE('',(#1178),#1171,.F.);
#1180=CARTESIAN_POINT('',(-1.712309814595E1,1.766782967732E0,2.850006154198E1));
#1181=DIRECTION('',(-1.E0,0.E0,0.E0));
#1182=DIRECTION('',(0.E0,0.E0,1.E0));
#1183=AXIS2_PLACEMENT_3D('',#1180,#1181,#1182);
#1184=TOROIDAL_SURFACE('',#1183,1.375003077099E1,3.000003015133E-1);
#1185=ORIENTED_EDGE('',*,*,#1174,.T.);
#1187=ORIENTED_EDGE('',*,*,#1186,.T.);
#1189=ORIENTED_EDGE('',*,*,#1188,.T.);
#1191=ORIENTED_EDGE('',*,*,#1190,.F.);
#1192=EDGE_LOOP('',(#1185,#1187,#1189,#1191));
#1193=FACE_OUTER_BOUND('',#1192,.F.);
#1194=ADVANCED_FACE('',(#1193),#1184,.F.);
#1195=CARTESIAN_POINT('',(-1.712309814595E1,1.766782967732E0,2.850006154198E1));
#1196=DIRECTION('',(-1.E0,0.E0,0.E0));
#1197=DIRECTION('',(0.E0,0.E0,1.E0));
#1198=AXIS2_PLACEMENT_3D('',#1195,#1196,#1197);
#1199=TOROIDAL_SURFACE('',#1198,1.375003077099E1,3.000003015133E-1);
#1200=ORIENTED_EDGE('',*,*,#1190,.T.);
#1202=ORIENTED_EDGE('',*,*,#1201,.T.);
#1203=ORIENTED_EDGE('',*,*,#1186,.F.);
#1204=ORIENTED_EDGE('',*,*,#1159,.T.);
#1205=EDGE_LOOP('',(#1200,#1202,#1203,#1204));
#1206=FACE_OUTER_BOUND('',#1205,.F.);
#1207=ADVANCED_FACE('',(#1206),#1199,.F.);
#1208=CARTESIAN_POINT('',(-3.703279938342E1,1.766782967732E0,2.850006154198E1));
#1209=DIRECTION('',(-1.E0,0.E0,0.E0));
#1210=DIRECTION('',(0.E0,0.E0,1.E0));
#1211=AXIS2_PLACEMENT_3D('',#1208,#1209,#1210);
#1212=CYLINDRICAL_SURFACE('',#1211,1.405E1);
#1214=ORIENTED_EDGE('',*,*,#1213,.T.);
#1216=ORIENTED_EDGE('',*,*,#1215,.F.);
#1218=ORIENTED_EDGE('',*,*,#1217,.F.);
#1219=ORIENTED_EDGE('',*,*,#1201,.F.);
#1220=EDGE_LOOP('',(#1214,#1216,#1218,#1219));
#1221=FACE_OUTER_BOUND('',#1220,.F.);
#1222=ADVANCED_FACE('',(#1221),#1212,.F.);
#1223=CARTESIAN_POINT('',(-3.703279938342E1,1.766782967732E0,2.850006154198E1));
#1224=DIRECTION('',(-1.E0,0.E0,0.E0));
#1225=DIRECTION('',(0.E0,0.E0,1.E0));
#1226=AXIS2_PLACEMENT_3D('',#1223,#1224,#1225);
#1227=CYLINDRICAL_SURFACE('',#1226,1.405E1);
#1228=ORIENTED_EDGE('',*,*,#1188,.F.);
#1229=ORIENTED_EDGE('',*,*,#1217,.T.);
#1231=ORIENTED_EDGE('',*,*,#1230,.F.);
#1232=ORIENTED_EDGE('',*,*,#1213,.F.);
#1233=EDGE_LOOP('',(#1228,#1229,#1231,#1232));
#1234=FACE_OUTER_BOUND('',#1233,.F.);
#1235=ADVANCED_FACE('',(#1234),#1227,.F.);
#1236=CARTESIAN_POINT('',(-1.782864522118E1,1.766782967732E0,1.525006154198E1));
#1237=DIRECTION('',(-1.E0,0.E0,0.E0));
#1238=DIRECTION('',(0.E0,0.E0,1.E0));
#1239=AXIS2_PLACEMENT_3D('',#1236,#1237,#1238);
#1240=PLANE('',#1239);
#1241=ORIENTED_EDGE('',*,*,#1215,.T.);
#1242=ORIENTED_EDGE('',*,*,#1230,.T.);
#1243=EDGE_LOOP('',(#1241,#1242));
#1244=FACE_OUTER_BOUND('',#1243,.F.);
#1246=ORIENTED_EDGE('',*,*,#1245,.T.);
#1248=ORIENTED_EDGE('',*,*,#1247,.T.);
#1249=EDGE_LOOP('',(#1246,#1248));
#1250=FACE_BOUND('',#1249,.F.);
#1251=ADVANCED_FACE('',(#1244,#1250),#1240,.F.);
#1252=CARTESIAN_POINT('',(-1.742864522118E1,1.766782967732E0,2.850006154198E1));
#1253=DIRECTION('',(-1.E0,0.E0,0.E0));
#1254=DIRECTION('',(0.E0,0.E0,1.E0));
#1255=AXIS2_PLACEMENT_3D('',#1252,#1253,#1254);
#1256=CONICAL_SURFACE('',#1255,1.286775722321E1,4.369958628019E1);
#1258=ORIENTED_EDGE('',*,*,#1257,.F.);
#1260=ORIENTED_EDGE('',*,*,#1259,.T.);
#1261=ORIENTED_EDGE('',*,*,#1245,.F.);
#1263=ORIENTED_EDGE('',*,*,#1262,.F.);
#1264=EDGE_LOOP('',(#1258,#1260,#1261,#1263));
#1265=FACE_OUTER_BOUND('',#1264,.F.);
#1266=ADVANCED_FACE('',(#1265),#1256,.T.);
#1267=CARTESIAN_POINT('',(-1.702864522118E1,1.766782967732E0,1.895006154198E1));
#1268=DIRECTION('',(-1.E0,0.E0,0.E0));
#1269=DIRECTION('',(0.E0,0.E0,1.E0));
#1270=AXIS2_PLACEMENT_3D('',#1267,#1268,#1269);
#1271=PLANE('',#1270);
#1272=ORIENTED_EDGE('',*,*,#1257,.T.);
#1274=ORIENTED_EDGE('',*,*,#1273,.T.);
#1275=EDGE_LOOP('',(#1272,#1274));
#1276=FACE_OUTER_BOUND('',#1275,.F.);
#1278=ORIENTED_EDGE('',*,*,#1277,.T.);
#1280=ORIENTED_EDGE('',*,*,#1279,.T.);
#1281=EDGE_LOOP('',(#1278,#1280));
#1282=FACE_BOUND('',#1281,.F.);
#1283=ADVANCED_FACE('',(#1276,#1282),#1271,.F.);
#1284=CARTESIAN_POINT('',(-1.742864522118E1,1.766782967732E0,2.850006154198E1));
#1285=DIRECTION('',(-1.E0,0.E0,0.E0));
#1286=DIRECTION('',(0.E0,0.E0,1.E0));
#1287=AXIS2_PLACEMENT_3D('',#1284,#1285,#1286);
#1288=CONICAL_SURFACE('',#1287,1.286775722321E1,4.369958628019E1);
#1289=ORIENTED_EDGE('',*,*,#1262,.T.);
#1290=ORIENTED_EDGE('',*,*,#1247,.F.);
#1291=ORIENTED_EDGE('',*,*,#1259,.F.);
#1292=ORIENTED_EDGE('',*,*,#1273,.F.);
#1293=EDGE_LOOP('',(#1289,#1290,#1291,#1292));
#1294=FACE_OUTER_BOUND('',#1293,.F.);
#1295=ADVANCED_FACE('',(#1294),#1288,.T.);
#1296=CARTESIAN_POINT('',(-3.703279938342E1,1.766782967732E0,2.850006154198E1));
#1297=DIRECTION('',(-1.E0,0.E0,0.E0));
#1298=DIRECTION('',(0.E0,0.E0,1.E0));
#1299=AXIS2_PLACEMENT_3D('',#1296,#1297,#1298);
#1300=CYLINDRICAL_SURFACE('',#1299,9.55E0);
#1302=ORIENTED_EDGE('',*,*,#1301,.T.);
#1304=ORIENTED_EDGE('',*,*,#1303,.F.);
#1306=ORIENTED_EDGE('',*,*,#1305,.F.);
#1307=ORIENTED_EDGE('',*,*,#1277,.F.);
#1308=EDGE_LOOP('',(#1302,#1304,#1306,#1307));
#1309=FACE_OUTER_BOUND('',#1308,.F.);
#1310=ADVANCED_FACE('',(#1309),#1300,.F.);
#1311=CARTESIAN_POINT('',(-3.703279938342E1,1.766782967732E0,2.850006154198E1));
#1312=DIRECTION('',(-1.E0,0.E0,0.E0));
#1313=DIRECTION('',(0.E0,0.E0,1.E0));
#1314=AXIS2_PLACEMENT_3D('',#1311,#1312,#1313);
#1315=CYLINDRICAL_SURFACE('',#1314,9.55E0);
#1316=ORIENTED_EDGE('',*,*,#1279,.F.);
#1317=ORIENTED_EDGE('',*,*,#1305,.T.);
#1319=ORIENTED_EDGE('',*,*,#1318,.F.);
#1320=ORIENTED_EDGE('',*,*,#1301,.F.);
#1321=EDGE_LOOP('',(#1316,#1317,#1319,#1320));
#1322=FACE_OUTER_BOUND('',#1321,.F.);
#1323=ADVANCED_FACE('',(#1322),#1315,.F.);
#1324=CARTESIAN_POINT('',(-1.752864522118E1,1.766782967732E0,1.875006154198E1));
#1325=DIRECTION('',(1.E0,0.E0,0.E0));
#1326=DIRECTION('',(0.E0,0.E0,-1.E0));
#1327=AXIS2_PLACEMENT_3D('',#1324,#1325,#1326);
#1328=PLANE('',#1327);
#1330=ORIENTED_EDGE('',*,*,#1329,.T.);
#1332=ORIENTED_EDGE('',*,*,#1331,.T.);
#1333=EDGE_LOOP('',(#1330,#1332));
#1334=FACE_OUTER_BOUND('',#1333,.F.);
#1335=ORIENTED_EDGE('',*,*,#1303,.T.);
#1336=ORIENTED_EDGE('',*,*,#1318,.T.);
#1337=EDGE_LOOP('',(#1335,#1336));
#1338=FACE_BOUND('',#1337,.F.);
#1339=ADVANCED_FACE('',(#1334,#1338),#1328,.F.);
#1340=CARTESIAN_POINT('',(-3.703279938342E1,1.766782967732E0,2.850006154198E1));
#1341=DIRECTION('',(-1.E0,0.E0,0.E0));
#1342=DIRECTION('',(0.E0,0.E0,1.E0));
#1343=AXIS2_PLACEMENT_3D('',#1340,#1341,#1342);
#1344=CYLINDRICAL_SURFACE('',#1343,9.75E0);
#1346=ORIENTED_EDGE('',*,*,#1345,.F.);
#1348=ORIENTED_EDGE('',*,*,#1347,.T.);
#1349=ORIENTED_EDGE('',*,*,#1329,.F.);
#1351=ORIENTED_EDGE('',*,*,#1350,.F.);
#1352=EDGE_LOOP('',(#1346,#1348,#1349,#1351));
#1353=FACE_OUTER_BOUND('',#1352,.F.);
#1354=ADVANCED_FACE('',(#1353),#1344,.T.);
#1355=CARTESIAN_POINT('',(-1.722864522118E1,1.766782967732E0,1.610006154198E1));
#1356=DIRECTION('',(1.E0,0.E0,0.E0));
#1357=DIRECTION('',(0.E0,0.E0,-1.E0));
#1358=AXIS2_PLACEMENT_3D('',#1355,#1356,#1357);
#1359=PLANE('',#1358);
#1361=ORIENTED_EDGE('',*,*,#1360,.T.);
#1363=ORIENTED_EDGE('',*,*,#1362,.T.);
#1364=EDGE_LOOP('',(#1361,#1363));
#1365=FACE_OUTER_BOUND('',#1364,.F.);
#1366=ORIENTED_EDGE('',*,*,#1345,.T.);
#1368=ORIENTED_EDGE('',*,*,#1367,.T.);
#1369=EDGE_LOOP('',(#1366,#1368));
#1370=FACE_BOUND('',#1369,.F.);
#1371=ADVANCED_FACE('',(#1365,#1370),#1359,.F.);
#1372=CARTESIAN_POINT('',(-1.762864522118E1,1.766782967732E0,2.850006154198E1));
#1373=DIRECTION('',(-1.E0,0.E0,0.E0));
#1374=DIRECTION('',(0.E0,0.E0,1.E0));
#1375=AXIS2_PLACEMENT_3D('',#1372,#1373,#1374);
#1376=CONICAL_SURFACE('',#1375,1.278224277679E1,4.369958628019E1);
#1378=ORIENTED_EDGE('',*,*,#1377,.T.);
#1380=ORIENTED_EDGE('',*,*,#1379,.F.);
#1382=ORIENTED_EDGE('',*,*,#1381,.F.);
#1383=ORIENTED_EDGE('',*,*,#1360,.F.);
#1384=EDGE_LOOP('',(#1378,#1380,#1382,#1383));
#1385=FACE_OUTER_BOUND('',#1384,.F.);
#1386=ADVANCED_FACE('',(#1385),#1376,.F.);
#1387=CARTESIAN_POINT('',(-1.762864522118E1,1.766782967732E0,2.850006154198E1));
#1388=DIRECTION('',(-1.E0,0.E0,0.E0));
#1389=DIRECTION('',(0.E0,0.E0,1.E0));
#1390=AXIS2_PLACEMENT_3D('',#1387,#1388,#1389);
#1391=CONICAL_SURFACE('',#1390,1.278224277679E1,4.369958628019E1);
#1392=ORIENTED_EDGE('',*,*,#1362,.F.);
#1393=ORIENTED_EDGE('',*,*,#1381,.T.);
#1395=ORIENTED_EDGE('',*,*,#1394,.F.);
#1396=ORIENTED_EDGE('',*,*,#1377,.F.);
#1397=EDGE_LOOP('',(#1392,#1393,#1395,#1396));
#1398=FACE_OUTER_BOUND('',#1397,.F.);
#1399=ADVANCED_FACE('',(#1398),#1391,.F.);
#1400=CARTESIAN_POINT('',(-1.802864522118E1,1.766782967732E0,1.425006154198E1));
#1401=DIRECTION('',(1.E0,0.E0,0.E0));
#1402=DIRECTION('',(0.E0,0.E0,-1.E0));
#1403=AXIS2_PLACEMENT_3D('',#1400,#1401,#1402);
#1404=PLANE('',#1403);
#1406=ORIENTED_EDGE('',*,*,#1405,.T.);
#1408=ORIENTED_EDGE('',*,*,#1407,.T.);
#1409=EDGE_LOOP('',(#1406,#1408));
#1410=FACE_OUTER_BOUND('',#1409,.F.);
#1411=ORIENTED_EDGE('',*,*,#1379,.T.);
#1412=ORIENTED_EDGE('',*,*,#1394,.T.);
#1413=EDGE_LOOP('',(#1411,#1412));
#1414=FACE_BOUND('',#1413,.F.);
#1415=ADVANCED_FACE('',(#1410,#1414),#1404,.F.);
#1416=CARTESIAN_POINT('',(-1.510846166609E1,1.766782967732E0,2.850006154198E1));
#1417=DIRECTION('',(1.E0,0.E0,0.E0));
#1418=DIRECTION('',(0.E0,0.E0,1.E0));
#1419=AXIS2_PLACEMENT_3D('',#1416,#1417,#1418);
#1420=CYLINDRICAL_SURFACE('',#1419,1.3375E1);
#1421=ORIENTED_EDGE('',*,*,#1405,.F.);
#1423=ORIENTED_EDGE('',*,*,#1422,.F.);
#1425=ORIENTED_EDGE('',*,*,#1424,.F.);
#1427=ORIENTED_EDGE('',*,*,#1426,.T.);
#1428=EDGE_LOOP('',(#1421,#1423,#1425,#1427));
#1429=FACE_OUTER_BOUND('',#1428,.F.);
#1430=ADVANCED_FACE('',(#1429),#1420,.F.);
#1431=CARTESIAN_POINT('',(-1.510846166609E1,1.766782967732E0,2.850006154198E1));
#1432=DIRECTION('',(1.E0,0.E0,0.E0));
#1433=DIRECTION('',(0.E0,0.E0,1.E0));
#1434=AXIS2_PLACEMENT_3D('',#1431,#1432,#1433);
#1435=CYLINDRICAL_SURFACE('',#1434,1.3375E1);
#1436=ORIENTED_EDGE('',*,*,#1407,.F.);
#1437=ORIENTED_EDGE('',*,*,#1426,.F.);
#1439=ORIENTED_EDGE('',*,*,#1438,.F.);
#1440=ORIENTED_EDGE('',*,*,#1422,.T.);
#1441=EDGE_LOOP('',(#1436,#1437,#1439,#1440));
#1442=FACE_OUTER_BOUND('',#1441,.F.);
#1443=ADVANCED_FACE('',(#1442),#1435,.F.);
#1444=CARTESIAN_POINT('',(-2.112864522118E1,1.766782967732E0,2.850006154198E1));
#1445=DIRECTION('',(1.E0,0.E0,0.E0));
#1446=DIRECTION('',(0.E0,0.E0,1.E0));
#1447=AXIS2_PLACEMENT_3D('',#1444,#1445,#1446);
#1448=TOROIDAL_SURFACE('',#1447,1.15675E1,2.57E0);
#1450=ORIENTED_EDGE('',*,*,#1449,.T.);
#1451=ORIENTED_EDGE('',*,*,#1438,.T.);
#1453=ORIENTED_EDGE('',*,*,#1452,.F.);
#1455=ORIENTED_EDGE('',*,*,#1454,.F.);
#1457=ORIENTED_EDGE('',*,*,#1456,.T.);
#1459=ORIENTED_EDGE('',*,*,#1458,.T.);
#1460=EDGE_LOOP('',(#1450,#1451,#1453,#1455,#1457,#1459));
#1461=FACE_OUTER_BOUND('',#1460,.F.);
#1462=ADVANCED_FACE('',(#1461),#1448,.F.);
#1463=CARTESIAN_POINT('',(-2.112864522118E1,1.766782967732E0,2.850006154198E1));
#1464=DIRECTION('',(1.E0,0.E0,0.E0));
#1465=DIRECTION('',(0.E0,0.E0,1.E0));
#1466=AXIS2_PLACEMENT_3D('',#1463,#1464,#1465);
#1467=TOROIDAL_SURFACE('',#1466,1.15675E1,2.57E0);
#1469=ORIENTED_EDGE('',*,*,#1468,.T.);
#1470=ORIENTED_EDGE('',*,*,#1454,.T.);
#1471=ORIENTED_EDGE('',*,*,#1452,.T.);
#1472=ORIENTED_EDGE('',*,*,#1424,.T.);
#1473=ORIENTED_EDGE('',*,*,#1449,.F.);
#1474=ORIENTED_EDGE('',*,*,#1458,.F.);
#1475=EDGE_LOOP('',(#1469,#1470,#1471,#1472,#1473,#1474));
#1476=FACE_OUTER_BOUND('',#1475,.F.);
#1477=ADVANCED_FACE('',(#1476),#1467,.F.);
#1478=CARTESIAN_POINT('',(-1.510846166609E1,1.766782967732E0,2.850006154198E1));
#1479=DIRECTION('',(1.E0,0.E0,0.E0));
#1480=DIRECTION('',(0.E0,0.E0,1.E0));
#1481=AXIS2_PLACEMENT_3D('',#1478,#1479,#1480);
#1482=CYLINDRICAL_SURFACE('',#1481,1.3375E1);
#1484=ORIENTED_EDGE('',*,*,#1483,.F.);
#1486=ORIENTED_EDGE('',*,*,#1485,.T.);
#1487=ORIENTED_EDGE('',*,*,#1468,.F.);
#1489=ORIENTED_EDGE('',*,*,#1488,.F.);
#1490=EDGE_LOOP('',(#1484,#1486,#1487,#1489));
#1491=FACE_OUTER_BOUND('',#1490,.F.);
#1492=ADVANCED_FACE('',(#1491),#1482,.F.);
#1493=CARTESIAN_POINT('',(-2.422864522118E1,1.766782967732E0,1.425006154198E1));
#1494=DIRECTION('',(-1.E0,0.E0,0.E0));
#1495=DIRECTION('',(0.E0,0.E0,-1.E0));
#1496=AXIS2_PLACEMENT_3D('',#1493,#1494,#1495);
#1497=PLANE('',#1496);
#1499=ORIENTED_EDGE('',*,*,#1498,.T.);
#1500=ORIENTED_EDGE('',*,*,#1483,.T.);
#1501=EDGE_LOOP('',(#1499,#1500));
#1502=FACE_OUTER_BOUND('',#1501,.F.);
#1504=ORIENTED_EDGE('',*,*,#1503,.T.);
#1506=ORIENTED_EDGE('',*,*,#1505,.T.);
#1507=EDGE_LOOP('',(#1504,#1506));
#1508=FACE_BOUND('',#1507,.F.);
#1509=ADVANCED_FACE('',(#1502,#1508),#1497,.F.);
#1510=CARTESIAN_POINT('',(-1.510846166609E1,1.766782967732E0,2.850006154198E1));
#1511=DIRECTION('',(1.E0,0.E0,0.E0));
#1512=DIRECTION('',(0.E0,0.E0,1.E0));
#1513=AXIS2_PLACEMENT_3D('',#1510,#1511,#1512);
#1514=CYLINDRICAL_SURFACE('',#1513,1.3375E1);
#1515=ORIENTED_EDGE('',*,*,#1498,.F.);
#1516=ORIENTED_EDGE('',*,*,#1488,.T.);
#1517=ORIENTED_EDGE('',*,*,#1456,.F.);
#1518=ORIENTED_EDGE('',*,*,#1485,.F.);
#1519=EDGE_LOOP('',(#1515,#1516,#1517,#1518));
#1520=FACE_OUTER_BOUND('',#1519,.F.);
#1521=ADVANCED_FACE('',(#1520),#1514,.F.);
#1522=CARTESIAN_POINT('',(-2.462864522118E1,1.766782967732E0,2.850006154198E1));
#1523=DIRECTION('',(1.E0,0.E0,0.E0));
#1524=DIRECTION('',(0.E0,0.E0,1.E0));
#1525=AXIS2_PLACEMENT_3D('',#1522,#1523,#1524);
#1526=CONICAL_SURFACE('',#1525,1.278224277679E1,4.369958628019E1);
#1528=ORIENTED_EDGE('',*,*,#1527,.T.);
#1529=ORIENTED_EDGE('',*,*,#1503,.F.);
#1531=ORIENTED_EDGE('',*,*,#1530,.F.);
#1533=ORIENTED_EDGE('',*,*,#1532,.F.);
#1534=EDGE_LOOP('',(#1528,#1529,#1531,#1533));
#1535=FACE_OUTER_BOUND('',#1534,.F.);
#1536=ADVANCED_FACE('',(#1535),#1526,.F.);
#1537=CARTESIAN_POINT('',(-2.462864522118E1,1.766782967732E0,2.850006154198E1));
#1538=DIRECTION('',(1.E0,0.E0,0.E0));
#1539=DIRECTION('',(0.E0,0.E0,1.E0));
#1540=AXIS2_PLACEMENT_3D('',#1537,#1538,#1539);
#1541=CONICAL_SURFACE('',#1540,1.278224277679E1,4.369958628019E1);
#1543=ORIENTED_EDGE('',*,*,#1542,.F.);
#1544=ORIENTED_EDGE('',*,*,#1530,.T.);
#1545=ORIENTED_EDGE('',*,*,#1505,.F.);
#1546=ORIENTED_EDGE('',*,*,#1527,.F.);
#1547=EDGE_LOOP('',(#1543,#1544,#1545,#1546));
#1548=FACE_OUTER_BOUND('',#1547,.F.);
#1549=ADVANCED_FACE('',(#1548),#1541,.F.);
#1550=CARTESIAN_POINT('',(-2.502864522118E1,1.766782967732E0,1.610006154198E1));
#1551=DIRECTION('',(-1.E0,0.E0,0.E0));
#1552=DIRECTION('',(0.E0,0.E0,-1.E0));
#1553=AXIS2_PLACEMENT_3D('',#1550,#1551,#1552);
#1554=PLANE('',#1553);
#1555=ORIENTED_EDGE('',*,*,#1532,.T.);
#1556=ORIENTED_EDGE('',*,*,#1542,.T.);
#1557=EDGE_LOOP('',(#1555,#1556));
#1558=FACE_OUTER_BOUND('',#1557,.F.);
#1560=ORIENTED_EDGE('',*,*,#1559,.T.);
#1562=ORIENTED_EDGE('',*,*,#1561,.T.);
#1563=EDGE_LOOP('',(#1560,#1562));
#1564=FACE_BOUND('',#1563,.F.);
#1565=ADVANCED_FACE('',(#1558,#1564),#1554,.F.);
#1566=CARTESIAN_POINT('',(-5.224491058941E0,1.766782967732E0,2.850006154198E1));
#1567=DIRECTION('',(1.E0,0.E0,0.E0));
#1568=DIRECTION('',(0.E0,0.E0,1.E0));
#1569=AXIS2_PLACEMENT_3D('',#1566,#1567,#1568);
#1570=CYLINDRICAL_SURFACE('',#1569,9.75E0);
#1571=ORIENTED_EDGE('',*,*,#1559,.F.);
#1573=ORIENTED_EDGE('',*,*,#1572,.T.);
#1575=ORIENTED_EDGE('',*,*,#1574,.F.);
#1577=ORIENTED_EDGE('',*,*,#1576,.F.);
#1578=EDGE_LOOP('',(#1571,#1573,#1575,#1577));
#1579=FACE_OUTER_BOUND('',#1578,.F.);
#1580=ADVANCED_FACE('',(#1579),#1570,.T.);
#1581=CARTESIAN_POINT('',(-5.224491058941E0,1.766782967732E0,2.850006154198E1));
#1582=DIRECTION('',(1.E0,0.E0,0.E0));
#1583=DIRECTION('',(0.E0,0.E0,1.E0));
#1584=AXIS2_PLACEMENT_3D('',#1581,#1582,#1583);
#1585=CYLINDRICAL_SURFACE('',#1584,9.75E0);
#1586=ORIENTED_EDGE('',*,*,#1576,.T.);
#1588=ORIENTED_EDGE('',*,*,#1587,.F.);
#1589=ORIENTED_EDGE('',*,*,#1572,.F.);
#1590=ORIENTED_EDGE('',*,*,#1561,.F.);
#1591=EDGE_LOOP('',(#1586,#1588,#1589,#1590));
#1592=FACE_OUTER_BOUND('',#1591,.F.);
#1593=ADVANCED_FACE('',(#1592),#1585,.T.);
#1594=CARTESIAN_POINT('',(-2.472864522118E1,1.766782967732E0,1.875006154198E1));
#1595=DIRECTION('',(-1.E0,0.E0,0.E0));
#1596=DIRECTION('',(0.E0,0.E0,-1.E0));
#1597=AXIS2_PLACEMENT_3D('',#1594,#1595,#1596);
#1598=PLANE('',#1597);
#1599=ORIENTED_EDGE('',*,*,#1574,.T.);
#1600=ORIENTED_EDGE('',*,*,#1587,.T.);
#1601=EDGE_LOOP('',(#1599,#1600));
#1602=FACE_OUTER_BOUND('',#1601,.F.);
#1604=ORIENTED_EDGE('',*,*,#1603,.T.);
#1606=ORIENTED_EDGE('',*,*,#1605,.T.);
#1607=EDGE_LOOP('',(#1604,#1606));
#1608=FACE_BOUND('',#1607,.F.);
#1609=ADVANCED_FACE('',(#1602,#1608),#1598,.F.);
#1610=CARTESIAN_POINT('',(-5.224491058941E0,1.766782967732E0,2.850006154198E1));
#1611=DIRECTION('',(1.E0,0.E0,0.E0));
#1612=DIRECTION('',(0.E0,0.E0,1.E0));
#1613=AXIS2_PLACEMENT_3D('',#1610,#1611,#1612);
#1614=CYLINDRICAL_SURFACE('',#1613,9.55E0);
#1616=ORIENTED_EDGE('',*,*,#1615,.T.);
#1617=ORIENTED_EDGE('',*,*,#1603,.F.);
#1619=ORIENTED_EDGE('',*,*,#1618,.F.);
#1621=ORIENTED_EDGE('',*,*,#1620,.F.);
#1622=EDGE_LOOP('',(#1616,#1617,#1619,#1621));
#1623=FACE_OUTER_BOUND('',#1622,.F.);
#1624=ADVANCED_FACE('',(#1623),#1614,.F.);
#1625=CARTESIAN_POINT('',(-5.224491058941E0,1.766782967732E0,2.850006154198E1));
#1626=DIRECTION('',(1.E0,0.E0,0.E0));
#1627=DIRECTION('',(0.E0,0.E0,1.E0));
#1628=AXIS2_PLACEMENT_3D('',#1625,#1626,#1627);
#1629=CYLINDRICAL_SURFACE('',#1628,9.55E0);
#1631=ORIENTED_EDGE('',*,*,#1630,.F.);
#1632=ORIENTED_EDGE('',*,*,#1618,.T.);
#1633=ORIENTED_EDGE('',*,*,#1605,.F.);
#1634=ORIENTED_EDGE('',*,*,#1615,.F.);
#1635=EDGE_LOOP('',(#1631,#1632,#1633,#1634));
#1636=FACE_OUTER_BOUND('',#1635,.F.);
#1637=ADVANCED_FACE('',(#1636),#1629,.F.);
#1638=CARTESIAN_POINT('',(-2.522864522118E1,1.766782967732E0,1.895006154198E1));
#1639=DIRECTION('',(1.E0,0.E0,0.E0));
#1640=DIRECTION('',(0.E0,0.E0,1.E0));
#1641=AXIS2_PLACEMENT_3D('',#1638,#1639,#1640);
#1642=PLANE('',#1641);
#1644=ORIENTED_EDGE('',*,*,#1643,.T.);
#1646=ORIENTED_EDGE('',*,*,#1645,.T.);
#1647=EDGE_LOOP('',(#1644,#1646));
#1648=FACE_OUTER_BOUND('',#1647,.F.);
#1649=ORIENTED_EDGE('',*,*,#1620,.T.);
#1650=ORIENTED_EDGE('',*,*,#1630,.T.);
#1651=EDGE_LOOP('',(#1649,#1650));
#1652=FACE_BOUND('',#1651,.F.);
#1653=ADVANCED_FACE('',(#1648,#1652),#1642,.F.);
#1654=CARTESIAN_POINT('',(-2.482864522118E1,1.766782967732E0,2.850006154198E1));
#1655=DIRECTION('',(1.E0,0.E0,0.E0));
#1656=DIRECTION('',(0.E0,0.E0,1.E0));
#1657=AXIS2_PLACEMENT_3D('',#1654,#1655,#1656);
#1658=CONICAL_SURFACE('',#1657,1.286775722321E1,4.369958628019E1);
#1659=ORIENTED_EDGE('',*,*,#1643,.F.);
#1661=ORIENTED_EDGE('',*,*,#1660,.T.);
#1663=ORIENTED_EDGE('',*,*,#1662,.F.);
#1665=ORIENTED_EDGE('',*,*,#1664,.F.);
#1666=EDGE_LOOP('',(#1659,#1661,#1663,#1665));
#1667=FACE_OUTER_BOUND('',#1666,.F.);
#1668=ADVANCED_FACE('',(#1667),#1658,.T.);
#1669=CARTESIAN_POINT('',(-2.482864522118E1,1.766782967732E0,2.850006154198E1));
#1670=DIRECTION('',(1.E0,0.E0,0.E0));
#1671=DIRECTION('',(0.E0,0.E0,1.E0));
#1672=AXIS2_PLACEMENT_3D('',#1669,#1670,#1671);
#1673=CONICAL_SURFACE('',#1672,1.286775722321E1,4.369958628019E1);
#1674=ORIENTED_EDGE('',*,*,#1664,.T.);
#1676=ORIENTED_EDGE('',*,*,#1675,.F.);
#1677=ORIENTED_EDGE('',*,*,#1660,.F.);
#1678=ORIENTED_EDGE('',*,*,#1645,.F.);
#1679=EDGE_LOOP('',(#1674,#1676,#1677,#1678));
#1680=FACE_OUTER_BOUND('',#1679,.F.);
#1681=ADVANCED_FACE('',(#1680),#1673,.T.);
#1682=CARTESIAN_POINT('',(-2.442864522118E1,1.766782967732E0,1.525006154198E1));
#1683=DIRECTION('',(1.E0,0.E0,0.E0));
#1684=DIRECTION('',(0.E0,0.E0,1.E0));
#1685=AXIS2_PLACEMENT_3D('',#1682,#1683,#1684);
#1686=PLANE('',#1685);
#1688=ORIENTED_EDGE('',*,*,#1687,.T.);
#1690=ORIENTED_EDGE('',*,*,#1689,.T.);
#1691=EDGE_LOOP('',(#1688,#1690));
#1692=FACE_OUTER_BOUND('',#1691,.F.);
#1693=ORIENTED_EDGE('',*,*,#1662,.T.);
#1694=ORIENTED_EDGE('',*,*,#1675,.T.);
#1695=EDGE_LOOP('',(#1693,#1694));
#1696=FACE_BOUND('',#1695,.F.);
#1697=ADVANCED_FACE('',(#1692,#1696),#1686,.F.);
#1698=CARTESIAN_POINT('',(-5.224491058941E0,1.766782967732E0,2.850006154198E1));
#1699=DIRECTION('',(1.E0,0.E0,0.E0));
#1700=DIRECTION('',(0.E0,0.E0,1.E0));
#1701=AXIS2_PLACEMENT_3D('',#1698,#1699,#1700);
#1702=CYLINDRICAL_SURFACE('',#1701,1.405E1);
#1704=ORIENTED_EDGE('',*,*,#1703,.T.);
#1705=ORIENTED_EDGE('',*,*,#1687,.F.);
#1707=ORIENTED_EDGE('',*,*,#1706,.F.);
#1709=ORIENTED_EDGE('',*,*,#1708,.F.);
#1710=EDGE_LOOP('',(#1704,#1705,#1707,#1709));
#1711=FACE_OUTER_BOUND('',#1710,.F.);
#1712=ADVANCED_FACE('',(#1711),#1702,.F.);
#1713=CARTESIAN_POINT('',(-5.224491058941E0,1.766782967732E0,2.850006154198E1));
#1714=DIRECTION('',(1.E0,0.E0,0.E0));
#1715=DIRECTION('',(0.E0,0.E0,1.E0));
#1716=AXIS2_PLACEMENT_3D('',#1713,#1714,#1715);
#1717=CYLINDRICAL_SURFACE('',#1716,1.405E1);
#1719=ORIENTED_EDGE('',*,*,#1718,.F.);
#1720=ORIENTED_EDGE('',*,*,#1706,.T.);
#1721=ORIENTED_EDGE('',*,*,#1689,.F.);
#1722=ORIENTED_EDGE('',*,*,#1703,.F.);
#1723=EDGE_LOOP('',(#1719,#1720,#1721,#1722));
#1724=FACE_OUTER_BOUND('',#1723,.F.);
#1725=ADVANCED_FACE('',(#1724),#1717,.F.);
#1726=CARTESIAN_POINT('',(-2.513419229641E1,1.766782967732E0,2.850006154198E1));
#1727=DIRECTION('',(1.E0,0.E0,0.E0));
#1728=DIRECTION('',(0.E0,0.E0,1.E0));
#1729=AXIS2_PLACEMENT_3D('',#1726,#1727,#1728);
#1730=TOROIDAL_SURFACE('',#1729,1.375003077099E1,3.000003015133E-1);
#1732=ORIENTED_EDGE('',*,*,#1731,.T.);
#1734=ORIENTED_EDGE('',*,*,#1733,.T.);
#1735=ORIENTED_EDGE('',*,*,#1718,.T.);
#1737=ORIENTED_EDGE('',*,*,#1736,.F.);
#1738=EDGE_LOOP('',(#1732,#1734,#1735,#1737));
#1739=FACE_OUTER_BOUND('',#1738,.F.);
#1740=ADVANCED_FACE('',(#1739),#1730,.F.);
#1741=CARTESIAN_POINT('',(-2.539507436248E1,1.766782967732E0,2.850006154198E1));
#1742=DIRECTION('',(1.E0,0.E0,0.E0));
#1743=DIRECTION('',(0.E0,0.E0,1.E0));
#1744=AXIS2_PLACEMENT_3D('',#1741,#1742,#1743);
#1745=CONICAL_SURFACE('',#1744,1.344682223123E1,4.802029078771E1);
#1747=ORIENTED_EDGE('',*,*,#1746,.F.);
#1749=ORIENTED_EDGE('',*,*,#1748,.T.);
#1750=ORIENTED_EDGE('',*,*,#1731,.F.);
#1752=ORIENTED_EDGE('',*,*,#1751,.F.);
#1753=EDGE_LOOP('',(#1747,#1749,#1750,#1752));
#1754=FACE_OUTER_BOUND('',#1753,.F.);
#1755=ADVANCED_FACE('',(#1754),#1745,.F.);
#1756=CARTESIAN_POINT('',(-2.513419229641E1,1.766782967732E0,2.850006154198E1));
#1757=DIRECTION('',(1.E0,0.E0,0.E0));
#1758=DIRECTION('',(0.E0,0.E0,1.E0));
#1759=AXIS2_PLACEMENT_3D('',#1756,#1757,#1758);
#1760=TOROIDAL_SURFACE('',#1759,1.375003077099E1,5.E-1);
#1762=ORIENTED_EDGE('',*,*,#1761,.F.);
#1764=ORIENTED_EDGE('',*,*,#1763,.F.);
#1766=ORIENTED_EDGE('',*,*,#1765,.T.);
#1768=ORIENTED_EDGE('',*,*,#1767,.F.);
#1770=ORIENTED_EDGE('',*,*,#1769,.F.);
#1771=ORIENTED_EDGE('',*,*,#1746,.T.);
#1772=EDGE_LOOP('',(#1762,#1764,#1766,#1768,#1770,#1771));
#1773=FACE_OUTER_BOUND('',#1772,.F.);
#1774=ADVANCED_FACE('',(#1773),#1760,.T.);
#1775=CARTESIAN_POINT('',(-2.513419229641E1,1.766782967732E0,2.850006154198E1));
#1776=DIRECTION('',(1.E0,0.E0,0.E0));
#1777=DIRECTION('',(0.E0,0.E0,1.E0));
#1778=AXIS2_PLACEMENT_3D('',#1775,#1776,#1777);
#1779=TOROIDAL_SURFACE('',#1778,1.375003077099E1,5.E-1);
#1781=ORIENTED_EDGE('',*,*,#1780,.T.);
#1782=ORIENTED_EDGE('',*,*,#1769,.T.);
#1783=ORIENTED_EDGE('',*,*,#1767,.T.);
#1785=ORIENTED_EDGE('',*,*,#1784,.T.);
#1786=ORIENTED_EDGE('',*,*,#1763,.T.);
#1787=ORIENTED_EDGE('',*,*,#1761,.T.);
#1788=EDGE_LOOP('',(#1781,#1782,#1783,#1785,#1786,#1787));
#1789=FACE_OUTER_BOUND('',#1788,.F.);
#1790=ADVANCED_FACE('',(#1789),#1779,.T.);
#1791=CARTESIAN_POINT('',(-2.539507436248E1,1.766782967732E0,2.850006154198E1));
#1792=DIRECTION('',(1.E0,0.E0,0.E0));
#1793=DIRECTION('',(0.E0,0.E0,1.E0));
#1794=AXIS2_PLACEMENT_3D('',#1791,#1792,#1793);
#1795=CONICAL_SURFACE('',#1794,1.344682223123E1,4.802029078771E1);
#1796=ORIENTED_EDGE('',*,*,#1751,.T.);
#1798=ORIENTED_EDGE('',*,*,#1797,.F.);
#1799=ORIENTED_EDGE('',*,*,#1748,.F.);
#1800=ORIENTED_EDGE('',*,*,#1780,.F.);
#1801=EDGE_LOOP('',(#1796,#1798,#1799,#1800));
#1802=FACE_OUTER_BOUND('',#1801,.F.);
#1803=ADVANCED_FACE('',(#1802),#1795,.F.);
#1804=CARTESIAN_POINT('',(-2.513419229641E1,1.766782967732E0,2.850006154198E1));
#1805=DIRECTION('',(1.E0,0.E0,0.E0));
#1806=DIRECTION('',(0.E0,0.E0,1.E0));
#1807=AXIS2_PLACEMENT_3D('',#1804,#1805,#1806);
#1808=TOROIDAL_SURFACE('',#1807,1.375003077099E1,3.000003015133E-1);
#1809=ORIENTED_EDGE('',*,*,#1736,.T.);
#1810=ORIENTED_EDGE('',*,*,#1708,.T.);
#1811=ORIENTED_EDGE('',*,*,#1733,.F.);
#1812=ORIENTED_EDGE('',*,*,#1797,.T.);
#1813=EDGE_LOOP('',(#1809,#1810,#1811,#1812));
#1814=FACE_OUTER_BOUND('',#1813,.F.);
#1815=ADVANCED_FACE('',(#1814),#1808,.F.);
#1816=CARTESIAN_POINT('',(-5.224491058941E0,1.766782967732E0,2.850006154198E1));
#1817=DIRECTION('',(1.E0,0.E0,0.E0));
#1818=DIRECTION('',(0.E0,0.E0,1.E0));
#1819=AXIS2_PLACEMENT_3D('',#1816,#1817,#1818);
#1820=CYLINDRICAL_SURFACE('',#1819,1.425E1);
#1822=ORIENTED_EDGE('',*,*,#1821,.F.);
#1824=ORIENTED_EDGE('',*,*,#1823,.F.);
#1825=ORIENTED_EDGE('',*,*,#1784,.F.);
#1827=ORIENTED_EDGE('',*,*,#1826,.T.);
#1828=EDGE_LOOP('',(#1822,#1824,#1825,#1827));
#1829=FACE_OUTER_BOUND('',#1828,.F.);
#1830=ADVANCED_FACE('',(#1829),#1820,.T.);
#1831=CARTESIAN_POINT('',(-2.422864522118E1,1.766782967732E0,1.390006154198E1));
#1832=DIRECTION('',(1.E0,0.E0,0.E0));
#1833=DIRECTION('',(0.E0,0.E0,1.E0));
#1834=AXIS2_PLACEMENT_3D('',#1831,#1832,#1833);
#1835=PLANE('',#1834);
#1837=ORIENTED_EDGE('',*,*,#1836,.T.);
#1839=ORIENTED_EDGE('',*,*,#1838,.T.);
#1840=EDGE_LOOP('',(#1837,#1839));
#1841=FACE_OUTER_BOUND('',#1840,.F.);
#1842=ORIENTED_EDGE('',*,*,#1821,.T.);
#1844=ORIENTED_EDGE('',*,*,#1843,.T.);
#1845=EDGE_LOOP('',(#1842,#1844));
#1846=FACE_BOUND('',#1845,.F.);
#1847=ADVANCED_FACE('',(#1841,#1846),#1835,.F.);
#1848=CARTESIAN_POINT('',(-1.510846166609E1,1.766782967732E0,2.850006154198E1));
#1849=DIRECTION('',(1.E0,0.E0,0.E0));
#1850=DIRECTION('',(0.E0,0.E0,1.E0));
#1851=AXIS2_PLACEMENT_3D('',#1848,#1849,#1850);
#1852=CYLINDRICAL_SURFACE('',#1851,1.46E1);
#1854=ORIENTED_EDGE('',*,*,#1853,.T.);
#1855=ORIENTED_EDGE('',*,*,#1836,.F.);
#1857=ORIENTED_EDGE('',*,*,#1856,.F.);
#1859=ORIENTED_EDGE('',*,*,#1858,.F.);
#1860=EDGE_LOOP('',(#1854,#1855,#1857,#1859));
#1861=FACE_OUTER_BOUND('',#1860,.F.);
#1862=ADVANCED_FACE('',(#1861),#1852,.F.);
#1863=CARTESIAN_POINT('',(-1.510846166609E1,1.766782967732E0,2.850006154198E1));
#1864=DIRECTION('',(1.E0,0.E0,0.E0));
#1865=DIRECTION('',(0.E0,0.E0,1.E0));
#1866=AXIS2_PLACEMENT_3D('',#1863,#1864,#1865);
#1867=CYLINDRICAL_SURFACE('',#1866,1.46E1);
#1869=ORIENTED_EDGE('',*,*,#1868,.F.);
#1870=ORIENTED_EDGE('',*,*,#1856,.T.);
#1871=ORIENTED_EDGE('',*,*,#1838,.F.);
#1872=ORIENTED_EDGE('',*,*,#1853,.F.);
#1873=EDGE_LOOP('',(#1869,#1870,#1871,#1872));
#1874=FACE_OUTER_BOUND('',#1873,.F.);
#1875=ADVANCED_FACE('',(#1874),#1867,.F.);
#1876=CARTESIAN_POINT('',(-2.505118154037E1,1.766782967732E0,2.850006154198E1));
#1877=DIRECTION('',(1.E0,0.E0,0.E0));
#1878=DIRECTION('',(0.E0,0.E0,1.E0));
#1879=AXIS2_PLACEMENT_3D('',#1876,#1877,#1878);
#1880=CONICAL_SURFACE('',#1879,1.4425E1,5.5E1);
#1882=ORIENTED_EDGE('',*,*,#1881,.T.);
#1884=ORIENTED_EDGE('',*,*,#1883,.T.);
#1885=ORIENTED_EDGE('',*,*,#1868,.T.);
#1887=ORIENTED_EDGE('',*,*,#1886,.F.);
#1888=EDGE_LOOP('',(#1882,#1884,#1885,#1887));
#1889=FACE_OUTER_BOUND('',#1888,.F.);
#1890=ADVANCED_FACE('',(#1889),#1880,.F.);
#1891=CARTESIAN_POINT('',(-1.510846166609E1,1.766782967732E0,2.850006154198E1));
#1892=DIRECTION('',(1.E0,0.E0,0.E0));
#1893=DIRECTION('',(0.E0,0.E0,1.E0));
#1894=AXIS2_PLACEMENT_3D('',#1891,#1892,#1893);
#1895=CYLINDRICAL_SURFACE('',#1894,1.425E1);
#1897=ORIENTED_EDGE('',*,*,#1896,.F.);
#1899=ORIENTED_EDGE('',*,*,#1898,.T.);
#1900=ORIENTED_EDGE('',*,*,#1881,.F.);
#1902=ORIENTED_EDGE('',*,*,#1901,.F.);
#1903=EDGE_LOOP('',(#1897,#1899,#1900,#1902));
#1904=FACE_OUTER_BOUND('',#1903,.F.);
#1905=ADVANCED_FACE('',(#1904),#1895,.F.);
#1906=CARTESIAN_POINT('',(-2.562864522118E1,1.766782967732E0,1.250006154198E1));
#1907=DIRECTION('',(1.E0,0.E0,0.E0));
#1908=DIRECTION('',(0.E0,0.E0,1.E0));
#1909=AXIS2_PLACEMENT_3D('',#1906,#1907,#1908);
#1910=PLANE('',#1909);
#1912=ORIENTED_EDGE('',*,*,#1911,.T.);
#1914=ORIENTED_EDGE('',*,*,#1913,.T.);
#1915=EDGE_LOOP('',(#1912,#1914));
#1916=FACE_OUTER_BOUND('',#1915,.F.);
#1918=ORIENTED_EDGE('',*,*,#1917,.T.);
#1919=ORIENTED_EDGE('',*,*,#1896,.T.);
#1920=EDGE_LOOP('',(#1918,#1919));
#1921=FACE_BOUND('',#1920,.F.);
#1922=ADVANCED_FACE('',(#1916,#1921),#1910,.F.);
#1923=CARTESIAN_POINT('',(-2.532864522118E1,1.766782967732E0,2.850006154198E1));
#1924=DIRECTION('',(1.E0,0.E0,0.E0));
#1925=DIRECTION('',(0.E0,0.E0,1.E0));
#1926=AXIS2_PLACEMENT_3D('',#1923,#1924,#1925);
#1927=TOROIDAL_SURFACE('',#1926,1.57E1,3.E-1);
#1929=ORIENTED_EDGE('',*,*,#1928,.T.);
#1931=ORIENTED_EDGE('',*,*,#1930,.T.);
#1933=ORIENTED_EDGE('',*,*,#1932,.F.);
#1934=ORIENTED_EDGE('',*,*,#1911,.F.);
#1935=EDGE_LOOP('',(#1929,#1931,#1933,#1934));
#1936=FACE_OUTER_BOUND('',#1935,.F.);
#1937=ADVANCED_FACE('',(#1936),#1927,.T.);
#1938=CARTESIAN_POINT('',(-2.532864522118E1,1.766782967732E0,2.850006154198E1));
#1939=DIRECTION('',(1.E0,0.E0,0.E0));
#1940=DIRECTION('',(0.E0,0.E0,1.E0));
#1941=AXIS2_PLACEMENT_3D('',#1938,#1939,#1940);
#1942=TOROIDAL_SURFACE('',#1941,1.57E1,3.E-1);
#1943=ORIENTED_EDGE('',*,*,#1913,.F.);
#1944=ORIENTED_EDGE('',*,*,#1932,.T.);
#1946=ORIENTED_EDGE('',*,*,#1945,.T.);
#1947=ORIENTED_EDGE('',*,*,#1928,.F.);
#1948=EDGE_LOOP('',(#1943,#1944,#1946,#1947));
#1949=FACE_OUTER_BOUND('',#1948,.F.);
#1950=ADVANCED_FACE('',(#1949),#1942,.T.);
#1951=CARTESIAN_POINT('',(-1.510846166609E1,1.766782967732E0,2.850006154198E1));
#1952=DIRECTION('',(1.E0,0.E0,0.E0));
#1953=DIRECTION('',(0.E0,0.E0,1.E0));
#1954=AXIS2_PLACEMENT_3D('',#1951,#1952,#1953);
#1955=CYLINDRICAL_SURFACE('',#1954,1.6E1);
#1956=ORIENTED_EDGE('',*,*,#1945,.F.);
#1958=ORIENTED_EDGE('',*,*,#1957,.T.);
#1960=ORIENTED_EDGE('',*,*,#1959,.F.);
#1962=ORIENTED_EDGE('',*,*,#1961,.F.);
#1963=EDGE_LOOP('',(#1956,#1958,#1960,#1962));
#1964=FACE_OUTER_BOUND('',#1963,.F.);
#1965=ADVANCED_FACE('',(#1964),#1955,.T.);
#1966=CARTESIAN_POINT('',(-1.510846166609E1,1.766782967732E0,2.850006154198E1));
#1967=DIRECTION('',(1.E0,0.E0,0.E0));
#1968=DIRECTION('',(0.E0,0.E0,1.E0));
#1969=AXIS2_PLACEMENT_3D('',#1966,#1967,#1968);
#1970=CYLINDRICAL_SURFACE('',#1969,1.6E1);
#1971=ORIENTED_EDGE('',*,*,#1961,.T.);
#1973=ORIENTED_EDGE('',*,*,#1972,.F.);
#1974=ORIENTED_EDGE('',*,*,#1957,.F.);
#1975=ORIENTED_EDGE('',*,*,#1930,.F.);
#1976=EDGE_LOOP('',(#1971,#1973,#1974,#1975));
#1977=FACE_OUTER_BOUND('',#1976,.F.);
#1978=ADVANCED_FACE('',(#1977),#1970,.T.);
#1979=CARTESIAN_POINT('',(-1.692864522118E1,1.766782967732E0,2.850006154198E1));
#1980=DIRECTION('',(-1.E0,0.E0,0.E0));
#1981=DIRECTION('',(0.E0,0.E0,-1.E0));
#1982=AXIS2_PLACEMENT_3D('',#1979,#1980,#1981);
#1983=TOROIDAL_SURFACE('',#1982,1.57E1,3.E-1);
#1985=ORIENTED_EDGE('',*,*,#1984,.T.);
#1986=ORIENTED_EDGE('',*,*,#1972,.T.);
#1988=ORIENTED_EDGE('',*,*,#1987,.F.);
#1990=ORIENTED_EDGE('',*,*,#1989,.F.);
#1991=EDGE_LOOP('',(#1985,#1986,#1988,#1990));
#1992=FACE_OUTER_BOUND('',#1991,.F.);
#1993=ADVANCED_FACE('',(#1992),#1983,.T.);
#1994=CARTESIAN_POINT('',(-1.692864522118E1,1.766782967732E0,2.850006154198E1));
#1995=DIRECTION('',(-1.E0,0.E0,0.E0));
#1996=DIRECTION('',(0.E0,0.E0,-1.E0));
#1997=AXIS2_PLACEMENT_3D('',#1994,#1995,#1996);
#1998=TOROIDAL_SURFACE('',#1997,1.57E1,3.E-1);
#2000=ORIENTED_EDGE('',*,*,#1999,.F.);
#2001=ORIENTED_EDGE('',*,*,#1987,.T.);
#2002=ORIENTED_EDGE('',*,*,#1959,.T.);
#2003=ORIENTED_EDGE('',*,*,#1984,.F.);
#2004=EDGE_LOOP('',(#2000,#2001,#2002,#2003));
#2005=FACE_OUTER_BOUND('',#2004,.F.);
#2006=ADVANCED_FACE('',(#2005),#1998,.T.);
#2007=CARTESIAN_POINT('',(-1.662864522118E1,1.766782967732E0,1.250006154198E1));
#2008=DIRECTION('',(-1.E0,0.E0,0.E0));
#2009=DIRECTION('',(0.E0,0.E0,-1.E0));
#2010=AXIS2_PLACEMENT_3D('',#2007,#2008,#2009);
#2011=PLANE('',#2010);
#2012=ORIENTED_EDGE('',*,*,#1989,.T.);
#2013=ORIENTED_EDGE('',*,*,#1999,.T.);
#2014=EDGE_LOOP('',(#2012,#2013));
#2015=FACE_OUTER_BOUND('',#2014,.F.);
#2017=ORIENTED_EDGE('',*,*,#2016,.T.);
#2019=ORIENTED_EDGE('',*,*,#2018,.T.);
#2020=EDGE_LOOP('',(#2017,#2019));
#2021=FACE_BOUND('',#2020,.F.);
#2022=ADVANCED_FACE('',(#2015,#2021),#2011,.F.);
#2023=CARTESIAN_POINT('',(-1.510846166609E1,1.766782967732E0,2.850006154198E1));
#2024=DIRECTION('',(1.E0,0.E0,0.E0));
#2025=DIRECTION('',(0.E0,0.E0,1.E0));
#2026=AXIS2_PLACEMENT_3D('',#2023,#2024,#2025);
#2027=CYLINDRICAL_SURFACE('',#2026,1.425E1);
#2029=ORIENTED_EDGE('',*,*,#2028,.T.);
#2030=ORIENTED_EDGE('',*,*,#2016,.F.);
#2032=ORIENTED_EDGE('',*,*,#2031,.F.);
#2034=ORIENTED_EDGE('',*,*,#2033,.F.);
#2035=EDGE_LOOP('',(#2029,#2030,#2032,#2034));
#2036=FACE_OUTER_BOUND('',#2035,.F.);
#2037=ADVANCED_FACE('',(#2036),#2027,.F.);
#2038=CARTESIAN_POINT('',(-1.510846166609E1,1.766782967732E0,2.850006154198E1));
#2039=DIRECTION('',(1.E0,0.E0,0.E0));
#2040=DIRECTION('',(0.E0,0.E0,1.E0));
#2041=AXIS2_PLACEMENT_3D('',#2038,#2039,#2040);
#2042=CYLINDRICAL_SURFACE('',#2041,1.425E1);
#2044=ORIENTED_EDGE('',*,*,#2043,.F.);
#2045=ORIENTED_EDGE('',*,*,#2031,.T.);
#2046=ORIENTED_EDGE('',*,*,#2018,.F.);
#2047=ORIENTED_EDGE('',*,*,#2028,.F.);
#2048=EDGE_LOOP('',(#2044,#2045,#2046,#2047));
#2049=FACE_OUTER_BOUND('',#2048,.F.);
#2050=ADVANCED_FACE('',(#2049),#2042,.F.);
#2051=CARTESIAN_POINT('',(-1.720610890199E1,1.766782967732E0,2.850006154198E1));
#2052=DIRECTION('',(-1.E0,0.E0,0.E0));
#2053=DIRECTION('',(0.E0,0.E0,-1.E0));
#2054=AXIS2_PLACEMENT_3D('',#2051,#2052,#2053);
#2055=CONICAL_SURFACE('',#2054,1.4425E1,5.5E1);
#2056=ORIENTED_EDGE('',*,*,#2043,.T.);
#2058=ORIENTED_EDGE('',*,*,#2057,.T.);
#2060=ORIENTED_EDGE('',*,*,#2059,.T.);
#2062=ORIENTED_EDGE('',*,*,#2061,.F.);
#2063=EDGE_LOOP('',(#2056,#2058,#2060,#2062));
#2064=FACE_OUTER_BOUND('',#2063,.F.);
#2065=ADVANCED_FACE('',(#2064),#2055,.F.);
#2066=CARTESIAN_POINT('',(-1.720610890199E1,1.766782967732E0,2.850006154198E1));
#2067=DIRECTION('',(-1.E0,0.E0,0.E0));
#2068=DIRECTION('',(0.E0,0.E0,-1.E0));
#2069=AXIS2_PLACEMENT_3D('',#2066,#2067,#2068);
#2070=CONICAL_SURFACE('',#2069,1.4425E1,5.5E1);
#2071=ORIENTED_EDGE('',*,*,#2061,.T.);
#2073=ORIENTED_EDGE('',*,*,#2072,.T.);
#2074=ORIENTED_EDGE('',*,*,#2057,.F.);
#2075=ORIENTED_EDGE('',*,*,#2033,.T.);
#2076=EDGE_LOOP('',(#2071,#2073,#2074,#2075));
#2077=FACE_OUTER_BOUND('',#2076,.F.);
#2078=ADVANCED_FACE('',(#2077),#2070,.F.);
#2079=CARTESIAN_POINT('',(-1.510846166609E1,1.766782967732E0,2.850006154198E1));
#2080=DIRECTION('',(1.E0,0.E0,0.E0));
#2081=DIRECTION('',(0.E0,0.E0,1.E0));
#2082=AXIS2_PLACEMENT_3D('',#2079,#2080,#2081);
#2083=CYLINDRICAL_SURFACE('',#2082,1.46E1);
#2085=ORIENTED_EDGE('',*,*,#2084,.T.);
#2086=ORIENTED_EDGE('',*,*,#2072,.F.);
#2088=ORIENTED_EDGE('',*,*,#2087,.F.);
#2090=ORIENTED_EDGE('',*,*,#2089,.F.);
#2091=EDGE_LOOP('',(#2085,#2086,#2088,#2090));
#2092=FACE_OUTER_BOUND('',#2091,.F.);
#2093=ADVANCED_FACE('',(#2092),#2083,.F.);
#2094=CARTESIAN_POINT('',(-1.510846166609E1,1.766782967732E0,2.850006154198E1));
#2095=DIRECTION('',(1.E0,0.E0,0.E0));
#2096=DIRECTION('',(0.E0,0.E0,1.E0));
#2097=AXIS2_PLACEMENT_3D('',#2094,#2095,#2096);
#2098=CYLINDRICAL_SURFACE('',#2097,1.46E1);
#2100=ORIENTED_EDGE('',*,*,#2099,.F.);
#2101=ORIENTED_EDGE('',*,*,#2087,.T.);
#2102=ORIENTED_EDGE('',*,*,#2059,.F.);
#2103=ORIENTED_EDGE('',*,*,#2084,.F.);
#2104=EDGE_LOOP('',(#2100,#2101,#2102,#2103));
#2105=FACE_OUTER_BOUND('',#2104,.F.);
#2106=ADVANCED_FACE('',(#2105),#2098,.F.);
#2107=CARTESIAN_POINT('',(-1.802864522118E1,1.766782967732E0,1.390006154198E1));
#2108=DIRECTION('',(-1.E0,0.E0,0.E0));
#2109=DIRECTION('',(0.E0,0.E0,-1.E0));
#2110=AXIS2_PLACEMENT_3D('',#2107,#2108,#2109);
#2111=PLANE('',#2110);
#2112=ORIENTED_EDGE('',*,*,#2089,.T.);
#2113=ORIENTED_EDGE('',*,*,#2099,.T.);
#2114=EDGE_LOOP('',(#2112,#2113));
#2115=FACE_OUTER_BOUND('',#2114,.F.);
#2117=ORIENTED_EDGE('',*,*,#2116,.T.);
#2119=ORIENTED_EDGE('',*,*,#2118,.T.);
#2120=EDGE_LOOP('',(#2117,#2119));
#2121=FACE_BOUND('',#2120,.F.);
#2122=ADVANCED_FACE('',(#2115,#2121),#2111,.F.);
#2123=CARTESIAN_POINT('',(-3.703279938342E1,1.766782967732E0,2.850006154198E1));
#2124=DIRECTION('',(-1.E0,0.E0,0.E0));
#2125=DIRECTION('',(0.E0,0.E0,1.E0));
#2126=AXIS2_PLACEMENT_3D('',#2123,#2124,#2125);
#2127=CYLINDRICAL_SURFACE('',#2126,1.425E1);
#2128=ORIENTED_EDGE('',*,*,#2116,.F.);
#2130=ORIENTED_EDGE('',*,*,#2129,.F.);
#2131=ORIENTED_EDGE('',*,*,#1145,.F.);
#2133=ORIENTED_EDGE('',*,*,#2132,.T.);
#2134=EDGE_LOOP('',(#2128,#2130,#2131,#2133));
#2135=FACE_OUTER_BOUND('',#2134,.F.);
#2136=ADVANCED_FACE('',(#2135),#2127,.T.);
#2137=CARTESIAN_POINT('',(-3.703279938342E1,1.766782967732E0,2.850006154198E1));
#2138=DIRECTION('',(-1.E0,0.E0,0.E0));
#2139=DIRECTION('',(0.E0,0.E0,1.E0));
#2140=AXIS2_PLACEMENT_3D('',#2137,#2138,#2139);
#2141=CYLINDRICAL_SURFACE('',#2140,1.425E1);
#2142=ORIENTED_EDGE('',*,*,#2118,.F.);
#2143=ORIENTED_EDGE('',*,*,#2132,.F.);
#2144=ORIENTED_EDGE('',*,*,#1125,.F.);
#2145=ORIENTED_EDGE('',*,*,#2129,.T.);
#2146=EDGE_LOOP('',(#2142,#2143,#2144,#2145));
#2147=FACE_OUTER_BOUND('',#2146,.F.);
#2148=ADVANCED_FACE('',(#2147),#2141,.T.);
#2149=CARTESIAN_POINT('',(-1.510846166609E1,1.766782967732E0,2.850006154198E1));
#2150=DIRECTION('',(1.E0,0.E0,0.E0));
#2151=DIRECTION('',(0.E0,0.E0,1.E0));
#2152=AXIS2_PLACEMENT_3D('',#2149,#2150,#2151);
#2153=CYLINDRICAL_SURFACE('',#2152,1.425E1);
#2154=ORIENTED_EDGE('',*,*,#1901,.T.);
#2156=ORIENTED_EDGE('',*,*,#2155,.F.);
#2157=ORIENTED_EDGE('',*,*,#1898,.F.);
#2158=ORIENTED_EDGE('',*,*,#1917,.F.);
#2159=EDGE_LOOP('',(#2154,#2156,#2157,#2158));
#2160=FACE_OUTER_BOUND('',#2159,.F.);
#2161=ADVANCED_FACE('',(#2160),#2153,.F.);
#2162=CARTESIAN_POINT('',(-2.505118154037E1,1.766782967732E0,2.850006154198E1));
#2163=DIRECTION('',(1.E0,0.E0,0.E0));
#2164=DIRECTION('',(0.E0,0.E0,1.E0));
#2165=AXIS2_PLACEMENT_3D('',#2162,#2163,#2164);
#2166=CONICAL_SURFACE('',#2165,1.4425E1,5.5E1);
#2167=ORIENTED_EDGE('',*,*,#1886,.T.);
#2168=ORIENTED_EDGE('',*,*,#1858,.T.);
#2169=ORIENTED_EDGE('',*,*,#1883,.F.);
#2170=ORIENTED_EDGE('',*,*,#2155,.T.);
#2171=EDGE_LOOP('',(#2167,#2168,#2169,#2170));
#2172=FACE_OUTER_BOUND('',#2171,.F.);
#2173=ADVANCED_FACE('',(#2172),#2166,.F.);
#2174=CARTESIAN_POINT('',(-5.224491058941E0,1.766782967732E0,2.850006154198E1));
#2175=DIRECTION('',(1.E0,0.E0,0.E0));
#2176=DIRECTION('',(0.E0,0.E0,1.E0));
#2177=AXIS2_PLACEMENT_3D('',#2174,#2175,#2176);
#2178=CYLINDRICAL_SURFACE('',#2177,1.425E1);
#2179=ORIENTED_EDGE('',*,*,#1843,.F.);
#2180=ORIENTED_EDGE('',*,*,#1826,.F.);
#2181=ORIENTED_EDGE('',*,*,#1765,.F.);
#2182=ORIENTED_EDGE('',*,*,#1823,.T.);
#2183=EDGE_LOOP('',(#2179,#2180,#2181,#2182));
#2184=FACE_OUTER_BOUND('',#2183,.F.);
#2185=ADVANCED_FACE('',(#2184),#2178,.T.);
#2186=CARTESIAN_POINT('',(-3.703279938342E1,1.766782967732E0,2.850006154198E1));
#2187=DIRECTION('',(-1.E0,0.E0,0.E0));
#2188=DIRECTION('',(0.E0,0.E0,1.E0));
#2189=AXIS2_PLACEMENT_3D('',#2186,#2187,#2188);
#2190=CYLINDRICAL_SURFACE('',#2189,9.75E0);
#2191=ORIENTED_EDGE('',*,*,#1350,.T.);
#2192=ORIENTED_EDGE('',*,*,#1331,.F.);
#2193=ORIENTED_EDGE('',*,*,#1347,.F.);
#2194=ORIENTED_EDGE('',*,*,#1367,.F.);
#2195=EDGE_LOOP('',(#2191,#2192,#2193,#2194));
#2196=FACE_OUTER_BOUND('',#2195,.F.);
#2197=ADVANCED_FACE('',(#2196),#2190,.T.);
#2198=CLOSED_SHELL('',(#1135,#1151,#1166,#1179,#1194,#1207,#1222,#1235,#1251,
#1266,#1283,#1295,#1310,#1323,#1339,#1354,#1371,#1386,#1399,#1415,#1430,#1443,
#1462,#1477,#1492,#1509,#1521,#1536,#1549,#1565,#1580,#1593,#1609,#1624,#1637,
#1653,#1668,#1681,#1697,#1712,#1725,#1740,#1755,#1774,#1790,#1803,#1815,#1830,
#1847,#1862,#1875,#1890,#1905,#1922,#1937,#1950,#1965,#1978,#1993,#2006,#2022,
#2037,#2050,#2065,#2078,#2093,#2106,#2122,#2136,#2148,#2161,#2173,#2185,#2197));
#2199=MANIFOLD_SOLID_BREP('',#2198);
#2200=CARTESIAN_POINT('',(-2.112864522118E1,1.766782967732E0,2.850006154198E1));
#2201=DIRECTION('',(1.E0,0.E0,0.E0));
#2202=DIRECTION('',(0.E0,0.E0,1.E0));
#2203=AXIS2_PLACEMENT_3D('',#2200,#2201,#2202);
#2205=CARTESIAN_POINT('',(-2.112864522118E1,1.766782967732E0,1.669106154198E1));
#2206=DIRECTION('',(0.E0,-1.E0,0.E0));
#2207=DIRECTION('',(0.E0,0.E0,1.E0));
#2208=AXIS2_PLACEMENT_3D('',#2205,#2206,#2207);
#2210=CARTESIAN_POINT('',(-2.291786823690E1,1.766782967732E0,2.850006154198E1));
#2211=DIRECTION('',(-1.E0,0.E0,0.E0));
#2212=DIRECTION('',(0.E0,0.E0,-1.E0));
#2213=AXIS2_PLACEMENT_3D('',#2210,#2211,#2212);
#2215=CARTESIAN_POINT('',(-1.933942220546E1,1.766782967732E0,2.850006154198E1));
#2216=DIRECTION('',(1.E0,0.E0,0.E0));
#2217=DIRECTION('',(0.E0,0.E0,1.E0));
#2218=AXIS2_PLACEMENT_3D('',#2215,#2216,#2217);
#2220=CARTESIAN_POINT('',(-2.112864522118E1,1.766782967732E0,1.669106154198E1));
#2221=DIRECTION('',(0.E0,-1.E0,0.E0));
#2222=DIRECTION('',(7.332881211997E-1,0.E0,6.799180327859E-1));
#2223=AXIS2_PLACEMENT_3D('',#2220,#2221,#2222);
#2225=CARTESIAN_POINT('',(-1.933942220546E1,1.766782967732E0,2.850006154198E1));
#2226=DIRECTION('',(1.E0,0.E0,0.E0));
#2227=DIRECTION('',(0.E0,0.E0,-1.E0));
#2228=AXIS2_PLACEMENT_3D('',#2225,#2226,#2227);
#2230=CARTESIAN_POINT('',(-2.112864522118E1,1.766782967732E0,4.030906154198E1));
#2231=DIRECTION('',(0.E0,1.E0,0.E0));
#2232=DIRECTION('',(7.332881211997E-1,0.E0,-6.799180327859E-1));
#2233=AXIS2_PLACEMENT_3D('',#2230,#2231,#2232);
#2235=DIRECTION('',(1.E0,0.E0,1.237221696178E-12));
#2236=VECTOR('',#2235,1.010776984271E0);
#2237=CARTESIAN_POINT('',(-1.933942220545E1,1.766782967732E0,1.835006154198E1));
#2238=LINE('',#2237,#2236);
#2239=DIRECTION('',(1.E0,0.E0,-1.244251364906E-12));
#2240=VECTOR('',#2239,1.010776984271E0);
#2241=CARTESIAN_POINT('',(-1.933942220545E1,1.766782967732E0,3.865006154198E1));
#2242=LINE('',#2241,#2240);
#2243=CARTESIAN_POINT('',(-1.832864522118E1,1.766782967732E0,2.850006154198E1));
#2244=DIRECTION('',(-1.E0,0.E0,0.E0));
#2245=DIRECTION('',(0.E0,0.E0,-1.E0));
#2246=AXIS2_PLACEMENT_3D('',#2243,#2244,#2245);
#2248=CARTESIAN_POINT('',(-1.832864522118E1,1.766782967732E0,2.850006154198E1));
#2249=DIRECTION('',(-1.E0,0.E0,0.E0));
#2250=DIRECTION('',(0.E0,0.E0,1.E0));
#2251=AXIS2_PLACEMENT_3D('',#2248,#2249,#2250);
#2253=CARTESIAN_POINT('',(-1.832864522118E1,1.766782967732E0,2.850006154198E1));
#2254=DIRECTION('',(1.E0,0.E0,0.E0));
#2255=DIRECTION('',(0.E0,0.E0,1.E0));
#2256=AXIS2_PLACEMENT_3D('',#2253,#2254,#2255);
#2258=CARTESIAN_POINT('',(-1.832864522118E1,1.766782967732E0,2.850006154198E1));
#2259=DIRECTION('',(1.E0,0.E0,0.E0));
#2260=DIRECTION('',(0.E0,0.E0,-1.E0));
#2261=AXIS2_PLACEMENT_3D('',#2258,#2259,#2260);
#2263=DIRECTION('',(1.E0,0.E0,0.E0));
#2264=VECTOR('',#2263,1.7E0);
#2265=CARTESIAN_POINT('',(-1.832864522118E1,1.766782967732E0,3.787506154198E1));
#2266=LINE('',#2265,#2264);
#2267=DIRECTION('',(1.E0,0.E0,0.E0));
#2268=VECTOR('',#2267,1.7E0);
#2269=CARTESIAN_POINT('',(-1.832864522118E1,1.766782967732E0,1.912506154198E1));
#2270=LINE('',#2269,#2268);
#2271=CARTESIAN_POINT('',(-1.662864522118E1,1.766782967732E0,2.850006154198E1));
#2272=DIRECTION('',(-1.E0,0.E0,0.E0));
#2273=DIRECTION('',(0.E0,0.E0,-1.E0));
#2274=AXIS2_PLACEMENT_3D('',#2271,#2272,#2273);
#2276=CARTESIAN_POINT('',(-1.662864522118E1,1.766782967732E0,2.850006154198E1));
#2277=DIRECTION('',(-1.E0,0.E0,0.E0));
#2278=DIRECTION('',(0.E0,0.E0,1.E0));
#2279=AXIS2_PLACEMENT_3D('',#2276,#2277,#2278);
#2281=CARTESIAN_POINT('',(-1.662864522118E1,1.766782967732E0,2.850006154198E1));
#2282=DIRECTION('',(1.E0,0.E0,0.E0));
#2283=DIRECTION('',(0.E0,0.E0,1.E0));
#2284=AXIS2_PLACEMENT_3D('',#2281,#2282,#2283);
#2286=CARTESIAN_POINT('',(-1.662864522118E1,1.766782967732E0,2.850006154198E1));
#2287=DIRECTION('',(1.E0,0.E0,0.E0));
#2288=DIRECTION('',(0.E0,0.E0,-1.E0));
#2289=AXIS2_PLACEMENT_3D('',#2286,#2287,#2288);
#2291=DIRECTION('',(1.E0,0.E0,0.E0));
#2292=VECTOR('',#2291,9.E0);
#2293=CARTESIAN_POINT('',(-2.562864522118E1,1.766782967732E0,2.100006154198E1));
#2294=LINE('',#2293,#2292);
#2295=DIRECTION('',(1.E0,0.E0,0.E0));
#2296=VECTOR('',#2295,9.E0);
#2297=CARTESIAN_POINT('',(-2.562864522118E1,1.766782967732E0,3.600006154198E1));
#2298=LINE('',#2297,#2296);
#2299=CARTESIAN_POINT('',(-2.562864522118E1,1.766782967732E0,2.850006154198E1));
#2300=DIRECTION('',(1.E0,0.E0,0.E0));
#2301=DIRECTION('',(0.E0,0.E0,1.E0));
#2302=AXIS2_PLACEMENT_3D('',#2299,#2300,#2301);
#2304=CARTESIAN_POINT('',(-2.562864522118E1,1.766782967732E0,2.850006154198E1));
#2305=DIRECTION('',(1.E0,0.E0,0.E0));
#2306=DIRECTION('',(0.E0,0.E0,-1.E0));
#2307=AXIS2_PLACEMENT_3D('',#2304,#2305,#2306);
#2309=CARTESIAN_POINT('',(-2.562864522118E1,1.766782967732E0,2.850006154198E1));
#2310=DIRECTION('',(-1.E0,0.E0,0.E0));
#2311=DIRECTION('',(0.E0,0.E0,-1.E0));
#2312=AXIS2_PLACEMENT_3D('',#2309,#2310,#2311);
#2314=CARTESIAN_POINT('',(-2.562864522118E1,1.766782967732E0,2.850006154198E1));
#2315=DIRECTION('',(-1.E0,0.E0,0.E0));
#2316=DIRECTION('',(0.E0,0.E0,1.E0));
#2317=AXIS2_PLACEMENT_3D('',#2314,#2315,#2316);
#2319=DIRECTION('',(1.E0,0.E0,0.E0));
#2320=VECTOR('',#2319,1.7E0);
#2321=CARTESIAN_POINT('',(-2.562864522118E1,1.766782967732E0,3.787506154198E1));
#2322=LINE('',#2321,#2320);
#2323=DIRECTION('',(1.E0,0.E0,0.E0));
#2324=VECTOR('',#2323,1.7E0);
#2325=CARTESIAN_POINT('',(-2.562864522118E1,1.766782967732E0,1.912506154198E1));
#2326=LINE('',#2325,#2324);
#2327=CARTESIAN_POINT('',(-2.392864522118E1,1.766782967732E0,2.850006154198E1));
#2328=DIRECTION('',(1.E0,0.E0,0.E0));
#2329=DIRECTION('',(0.E0,0.E0,1.E0));
#2330=AXIS2_PLACEMENT_3D('',#2327,#2328,#2329);
#2332=CARTESIAN_POINT('',(-2.392864522118E1,1.766782967732E0,2.850006154198E1));
#2333=DIRECTION('',(1.E0,0.E0,0.E0));
#2334=DIRECTION('',(0.E0,0.E0,-1.E0));
#2335=AXIS2_PLACEMENT_3D('',#2332,#2333,#2334);
#2337=CARTESIAN_POINT('',(-2.392864522118E1,1.766782967732E0,2.850006154198E1));
#2338=DIRECTION('',(-1.E0,0.E0,0.E0));
#2339=DIRECTION('',(0.E0,0.E0,-1.E0));
#2340=AXIS2_PLACEMENT_3D('',#2337,#2338,#2339);
#2342=CARTESIAN_POINT('',(-2.392864522118E1,1.766782967732E0,2.850006154198E1));
#2343=DIRECTION('',(-1.E0,0.E0,0.E0));
#2344=DIRECTION('',(0.E0,0.E0,1.E0));
#2345=AXIS2_PLACEMENT_3D('',#2342,#2343,#2344);
#2347=DIRECTION('',(1.E0,0.E0,-1.223162358712E-12));
#2348=VECTOR('',#2347,1.010776984279E0);
#2349=CARTESIAN_POINT('',(-2.392864522118E1,1.766782967732E0,3.865006154198E1));
#2350=LINE('',#2349,#2348);
#2351=DIRECTION('',(1.E0,0.E0,1.230192027441E-12));
#2352=VECTOR('',#2351,1.010776984279E0);
#2353=CARTESIAN_POINT('',(-2.392864522118E1,1.766782967732E0,1.835006154198E1));
#2354=LINE('',#2353,#2352);
#2355=CARTESIAN_POINT('',(-2.112864522118E1,1.766782967732E0,2.850006154198E1));
#2356=DIRECTION('',(1.E0,0.E0,0.E0));
#2357=DIRECTION('',(0.E0,0.E0,-1.E0));
#2358=AXIS2_PLACEMENT_3D('',#2355,#2356,#2357);
#2360=CARTESIAN_POINT('',(-2.112864522118E1,1.766782967732E0,4.030906154198E1));
#2361=DIRECTION('',(0.E0,1.E0,0.E0));
#2362=DIRECTION('',(0.E0,0.E0,-1.E0));
#2363=AXIS2_PLACEMENT_3D('',#2360,#2361,#2362);
#2365=CARTESIAN_POINT('',(-2.291786823690E1,1.766782967732E0,2.850006154198E1));
#2366=DIRECTION('',(-1.E0,0.E0,0.E0));
#2367=DIRECTION('',(0.E0,0.E0,1.E0));
#2368=AXIS2_PLACEMENT_3D('',#2365,#2366,#2367);
#2370=CARTESIAN_POINT('',(-1.933942220545E1,1.766782967732E0,3.865006154198E1));
#2371=CARTESIAN_POINT('',(-2.112864522118E1,1.766782967732E0,3.786906154198E1));
#2372=VERTEX_POINT('',#2370);
#2373=VERTEX_POINT('',#2371);
#2374=CARTESIAN_POINT('',(-1.933942220546E1,1.766782967732E0,1.835006154198E1));
#2375=VERTEX_POINT('',#2374);
#2376=CARTESIAN_POINT('',(-2.112864522118E1,1.766782967732E0,1.913106154198E1));
#2377=VERTEX_POINT('',#2376);
#2378=CARTESIAN_POINT('',(-1.832864522118E1,1.766782967732E0,1.835006154198E1));
#2379=VERTEX_POINT('',#2378);
#2380=CARTESIAN_POINT('',(-1.832864522118E1,1.766782967732E0,3.865006154198E1));
#2381=VERTEX_POINT('',#2380);
#2382=CARTESIAN_POINT('',(-1.832864522118E1,1.766782967732E0,3.787506154198E1));
#2383=CARTESIAN_POINT('',(-1.832864522118E1,1.766782967732E0,1.912506154198E1));
#2384=VERTEX_POINT('',#2382);
#2385=VERTEX_POINT('',#2383);
#2386=CARTESIAN_POINT('',(-1.662864522118E1,1.766782967732E0,3.787506154198E1));
#2387=VERTEX_POINT('',#2386);
#2388=CARTESIAN_POINT('',(-1.662864522118E1,1.766782967732E0,1.912506154198E1));
#2389=VERTEX_POINT('',#2388);
#2390=CARTESIAN_POINT('',(-1.662864522118E1,1.766782967732E0,3.600006154198E1));
#2391=CARTESIAN_POINT('',(-1.662864522118E1,1.766782967732E0,2.100006154198E1));
#2392=VERTEX_POINT('',#2390);
#2393=VERTEX_POINT('',#2391);
#2394=CARTESIAN_POINT('',(-2.562864522118E1,1.766782967732E0,2.100006154198E1));
#2395=VERTEX_POINT('',#2394);
#2396=CARTESIAN_POINT('',(-2.562864522118E1,1.766782967732E0,3.600006154198E1));
#2397=VERTEX_POINT('',#2396);
#2398=CARTESIAN_POINT('',(-2.562864522118E1,1.766782967732E0,3.787506154198E1));
#2399=CARTESIAN_POINT('',(-2.562864522118E1,1.766782967732E0,1.912506154198E1));
#2400=VERTEX_POINT('',#2398);
#2401=VERTEX_POINT('',#2399);
#2402=CARTESIAN_POINT('',(-2.392864522118E1,1.766782967732E0,3.787506154198E1));
#2403=VERTEX_POINT('',#2402);
#2404=CARTESIAN_POINT('',(-2.392864522118E1,1.766782967732E0,1.912506154198E1));
#2405=VERTEX_POINT('',#2404);
#2406=CARTESIAN_POINT('',(-2.392864522118E1,1.766782967732E0,3.865006154198E1));
#2407=CARTESIAN_POINT('',(-2.392864522118E1,1.766782967732E0,1.835006154198E1));
#2408=VERTEX_POINT('',#2406);
#2409=VERTEX_POINT('',#2407);
#2410=CARTESIAN_POINT('',(-2.291786823690E1,1.766782967732E0,3.865006154198E1));
#2411=VERTEX_POINT('',#2410);
#2412=CARTESIAN_POINT('',(-2.291786823690E1,1.766782967732E0,1.835006154198E1));
#2413=VERTEX_POINT('',#2412);
#2414=CARTESIAN_POINT('',(-2.112864522118E1,1.766782967732E0,2.850006154198E1));
#2415=DIRECTION('',(1.E0,0.E0,0.E0));
#2416=DIRECTION('',(0.E0,0.E0,1.E0));
#2417=AXIS2_PLACEMENT_3D('',#2414,#2415,#2416);
#2418=TOROIDAL_SURFACE('',#2417,1.1809E1,2.44E0);
#2420=ORIENTED_EDGE('',*,*,#2419,.T.);
#2422=ORIENTED_EDGE('',*,*,#2421,.T.);
#2424=ORIENTED_EDGE('',*,*,#2423,.T.);
#2426=ORIENTED_EDGE('',*,*,#2425,.F.);
#2427=EDGE_LOOP('',(#2420,#2422,#2424,#2426));
#2428=FACE_OUTER_BOUND('',#2427,.F.);
#2429=ADVANCED_FACE('',(#2428),#2418,.F.);
#2430=CARTESIAN_POINT('',(-2.112864522118E1,1.766782967732E0,2.850006154198E1));
#2431=DIRECTION('',(1.E0,0.E0,0.E0));
#2432=DIRECTION('',(0.E0,0.E0,1.E0));
#2433=AXIS2_PLACEMENT_3D('',#2430,#2431,#2432);
#2434=TOROIDAL_SURFACE('',#2433,1.1809E1,2.44E0);
#2436=ORIENTED_EDGE('',*,*,#2435,.F.);
#2438=ORIENTED_EDGE('',*,*,#2437,.T.);
#2440=ORIENTED_EDGE('',*,*,#2439,.T.);
#2441=ORIENTED_EDGE('',*,*,#2419,.F.);
#2442=EDGE_LOOP('',(#2436,#2438,#2440,#2441));
#2443=FACE_OUTER_BOUND('',#2442,.F.);
#2444=ADVANCED_FACE('',(#2443),#2434,.F.);
#2445=CARTESIAN_POINT('',(-2.112864522118E1,1.766782967732E0,2.850006154198E1));
#2446=DIRECTION('',(1.E0,0.E0,0.E0));
#2447=DIRECTION('',(0.E0,0.E0,1.E0));
#2448=AXIS2_PLACEMENT_3D('',#2445,#2446,#2447);
#2449=TOROIDAL_SURFACE('',#2448,1.1809E1,2.44E0);
#2450=ORIENTED_EDGE('',*,*,#2439,.F.);
#2452=ORIENTED_EDGE('',*,*,#2451,.T.);
#2453=ORIENTED_EDGE('',*,*,#2435,.T.);
#2455=ORIENTED_EDGE('',*,*,#2454,.F.);
#2456=EDGE_LOOP('',(#2450,#2452,#2453,#2455));
#2457=FACE_OUTER_BOUND('',#2456,.F.);
#2458=ADVANCED_FACE('',(#2457),#2449,.F.);
#2459=CARTESIAN_POINT('',(-1.390332374108E-1,1.766782967732E0,
2.850006154198E1));
#2460=DIRECTION('',(1.E0,0.E0,0.E0));
#2461=DIRECTION('',(0.E0,0.E0,1.E0));
#2462=AXIS2_PLACEMENT_3D('',#2459,#2460,#2461);
#2463=CYLINDRICAL_SURFACE('',#2462,1.015E1);
#2465=ORIENTED_EDGE('',*,*,#2464,.T.);
#2467=ORIENTED_EDGE('',*,*,#2466,.F.);
#2469=ORIENTED_EDGE('',*,*,#2468,.F.);
#2470=ORIENTED_EDGE('',*,*,#2451,.F.);
#2471=EDGE_LOOP('',(#2465,#2467,#2469,#2470));
#2472=FACE_OUTER_BOUND('',#2471,.F.);
#2473=ADVANCED_FACE('',(#2472),#2463,.T.);
#2474=CARTESIAN_POINT('',(-1.390332374108E-1,1.766782967732E0,
2.850006154198E1));
#2475=DIRECTION('',(1.E0,0.E0,0.E0));
#2476=DIRECTION('',(0.E0,0.E0,1.E0));
#2477=AXIS2_PLACEMENT_3D('',#2474,#2475,#2476);
#2478=CYLINDRICAL_SURFACE('',#2477,1.015E1);
#2479=ORIENTED_EDGE('',*,*,#2437,.F.);
#2480=ORIENTED_EDGE('',*,*,#2468,.T.);
#2482=ORIENTED_EDGE('',*,*,#2481,.F.);
#2483=ORIENTED_EDGE('',*,*,#2464,.F.);
#2484=EDGE_LOOP('',(#2479,#2480,#2482,#2483));
#2485=FACE_OUTER_BOUND('',#2484,.F.);
#2486=ADVANCED_FACE('',(#2485),#2478,.T.);
#2487=CARTESIAN_POINT('',(-1.832864522118E1,1.766782967732E0,1.835006154198E1));
#2488=DIRECTION('',(-1.E0,0.E0,0.E0));
#2489=DIRECTION('',(0.E0,0.E0,-1.E0));
#2490=AXIS2_PLACEMENT_3D('',#2487,#2488,#2489);
#2491=PLANE('',#2490);
#2492=ORIENTED_EDGE('',*,*,#2481,.T.);
#2493=ORIENTED_EDGE('',*,*,#2466,.T.);
#2494=EDGE_LOOP('',(#2492,#2493));
#2495=FACE_OUTER_BOUND('',#2494,.F.);
#2497=ORIENTED_EDGE('',*,*,#2496,.T.);
#2499=ORIENTED_EDGE('',*,*,#2498,.T.);
#2500=EDGE_LOOP('',(#2497,#2499));
#2501=FACE_BOUND('',#2500,.F.);
#2502=ADVANCED_FACE('',(#2495,#2501),#2491,.F.);
#2503=CARTESIAN_POINT('',(-1.390332374108E-1,1.766782967732E0,
2.850006154198E1));
#2504=DIRECTION('',(1.E0,0.E0,0.E0));
#2505=DIRECTION('',(0.E0,0.E0,1.E0));
#2506=AXIS2_PLACEMENT_3D('',#2503,#2504,#2505);
#2507=CYLINDRICAL_SURFACE('',#2506,9.375E0);
#2508=ORIENTED_EDGE('',*,*,#2496,.F.);
#2510=ORIENTED_EDGE('',*,*,#2509,.T.);
#2512=ORIENTED_EDGE('',*,*,#2511,.F.);
#2514=ORIENTED_EDGE('',*,*,#2513,.F.);
#2515=EDGE_LOOP('',(#2508,#2510,#2512,#2514));
#2516=FACE_OUTER_BOUND('',#2515,.F.);
#2517=ADVANCED_FACE('',(#2516),#2507,.T.);
#2518=CARTESIAN_POINT('',(-1.390332374108E-1,1.766782967732E0,
2.850006154198E1));
#2519=DIRECTION('',(1.E0,0.E0,0.E0));
#2520=DIRECTION('',(0.E0,0.E0,1.E0));
#2521=AXIS2_PLACEMENT_3D('',#2518,#2519,#2520);
#2522=CYLINDRICAL_SURFACE('',#2521,9.375E0);
#2523=ORIENTED_EDGE('',*,*,#2513,.T.);
#2525=ORIENTED_EDGE('',*,*,#2524,.F.);
#2526=ORIENTED_EDGE('',*,*,#2509,.F.);
#2527=ORIENTED_EDGE('',*,*,#2498,.F.);
#2528=EDGE_LOOP('',(#2523,#2525,#2526,#2527));
#2529=FACE_OUTER_BOUND('',#2528,.F.);
#2530=ADVANCED_FACE('',(#2529),#2522,.T.);
#2531=CARTESIAN_POINT('',(-1.662864522118E1,1.766782967732E0,1.912506154198E1));
#2532=DIRECTION('',(-1.E0,0.E0,0.E0));
#2533=DIRECTION('',(0.E0,0.E0,-1.E0));
#2534=AXIS2_PLACEMENT_3D('',#2531,#2532,#2533);
#2535=PLANE('',#2534);
#2536=ORIENTED_EDGE('',*,*,#2511,.T.);
#2537=ORIENTED_EDGE('',*,*,#2524,.T.);
#2538=EDGE_LOOP('',(#2536,#2537));
#2539=FACE_OUTER_BOUND('',#2538,.F.);
#2541=ORIENTED_EDGE('',*,*,#2540,.T.);
#2543=ORIENTED_EDGE('',*,*,#2542,.T.);
#2544=EDGE_LOOP('',(#2541,#2543));
#2545=FACE_BOUND('',#2544,.F.);
#2546=ADVANCED_FACE('',(#2539,#2545),#2535,.F.);
#2547=CARTESIAN_POINT('',(-1.390332374108E-1,1.766782967732E0,
2.850006154198E1));
#2548=DIRECTION('',(1.E0,0.E0,0.E0));
#2549=DIRECTION('',(0.E0,0.E0,1.E0));
#2550=AXIS2_PLACEMENT_3D('',#2547,#2548,#2549);
#2551=CYLINDRICAL_SURFACE('',#2550,7.5E0);
#2553=ORIENTED_EDGE('',*,*,#2552,.T.);
#2554=ORIENTED_EDGE('',*,*,#2540,.F.);
#2556=ORIENTED_EDGE('',*,*,#2555,.F.);
#2558=ORIENTED_EDGE('',*,*,#2557,.F.);
#2559=EDGE_LOOP('',(#2553,#2554,#2556,#2558));
#2560=FACE_OUTER_BOUND('',#2559,.F.);
#2561=ADVANCED_FACE('',(#2560),#2551,.F.);
#2562=CARTESIAN_POINT('',(-1.390332374108E-1,1.766782967732E0,
2.850006154198E1));
#2563=DIRECTION('',(1.E0,0.E0,0.E0));
#2564=DIRECTION('',(0.E0,0.E0,1.E0));
#2565=AXIS2_PLACEMENT_3D('',#2562,#2563,#2564);
#2566=CYLINDRICAL_SURFACE('',#2565,7.5E0);
#2568=ORIENTED_EDGE('',*,*,#2567,.F.);
#2569=ORIENTED_EDGE('',*,*,#2555,.T.);
#2570=ORIENTED_EDGE('',*,*,#2542,.F.);
#2571=ORIENTED_EDGE('',*,*,#2552,.F.);
#2572=EDGE_LOOP('',(#2568,#2569,#2570,#2571));
#2573=FACE_OUTER_BOUND('',#2572,.F.);
#2574=ADVANCED_FACE('',(#2573),#2566,.F.);
#2575=CARTESIAN_POINT('',(-2.562864522118E1,1.766782967732E0,2.100006154198E1));
#2576=DIRECTION('',(1.E0,0.E0,0.E0));
#2577=DIRECTION('',(0.E0,0.E0,1.E0));
#2578=AXIS2_PLACEMENT_3D('',#2575,#2576,#2577);
#2579=PLANE('',#2578);
#2581=ORIENTED_EDGE('',*,*,#2580,.T.);
#2583=ORIENTED_EDGE('',*,*,#2582,.T.);
#2584=EDGE_LOOP('',(#2581,#2583));
#2585=FACE_OUTER_BOUND('',#2584,.F.);
#2586=ORIENTED_EDGE('',*,*,#2557,.T.);
#2587=ORIENTED_EDGE('',*,*,#2567,.T.);
#2588=EDGE_LOOP('',(#2586,#2587));
#2589=FACE_BOUND('',#2588,.F.);
#2590=ADVANCED_FACE('',(#2585,#2589),#2579,.F.);
#2591=CARTESIAN_POINT('',(-1.390332374108E-1,1.766782967732E0,
2.850006154198E1));
#2592=DIRECTION('',(1.E0,0.E0,0.E0));
#2593=DIRECTION('',(0.E0,0.E0,1.E0));
#2594=AXIS2_PLACEMENT_3D('',#2591,#2592,#2593);
#2595=CYLINDRICAL_SURFACE('',#2594,9.375E0);
#2596=ORIENTED_EDGE('',*,*,#2580,.F.);
#2598=ORIENTED_EDGE('',*,*,#2597,.T.);
#2600=ORIENTED_EDGE('',*,*,#2599,.F.);
#2602=ORIENTED_EDGE('',*,*,#2601,.F.);
#2603=EDGE_LOOP('',(#2596,#2598,#2600,#2602));
#2604=FACE_OUTER_BOUND('',#2603,.F.);
#2605=ADVANCED_FACE('',(#2604),#2595,.T.);
#2606=CARTESIAN_POINT('',(-1.390332374108E-1,1.766782967732E0,
2.850006154198E1));
#2607=DIRECTION('',(1.E0,0.E0,0.E0));
#2608=DIRECTION('',(0.E0,0.E0,1.E0));
#2609=AXIS2_PLACEMENT_3D('',#2606,#2607,#2608);
#2610=CYLINDRICAL_SURFACE('',#2609,9.375E0);
#2611=ORIENTED_EDGE('',*,*,#2601,.T.);
#2613=ORIENTED_EDGE('',*,*,#2612,.F.);
#2614=ORIENTED_EDGE('',*,*,#2597,.F.);
#2615=ORIENTED_EDGE('',*,*,#2582,.F.);
#2616=EDGE_LOOP('',(#2611,#2613,#2614,#2615));
#2617=FACE_OUTER_BOUND('',#2616,.F.);
#2618=ADVANCED_FACE('',(#2617),#2610,.T.);
#2619=CARTESIAN_POINT('',(-2.392864522118E1,1.766782967732E0,1.912506154198E1));
#2620=DIRECTION('',(1.E0,0.E0,0.E0));
#2621=DIRECTION('',(0.E0,0.E0,1.E0));
#2622=AXIS2_PLACEMENT_3D('',#2619,#2620,#2621);
#2623=PLANE('',#2622);
#2625=ORIENTED_EDGE('',*,*,#2624,.T.);
#2627=ORIENTED_EDGE('',*,*,#2626,.T.);
#2628=EDGE_LOOP('',(#2625,#2627));
#2629=FACE_OUTER_BOUND('',#2628,.F.);
#2630=ORIENTED_EDGE('',*,*,#2599,.T.);
#2631=ORIENTED_EDGE('',*,*,#2612,.T.);
#2632=EDGE_LOOP('',(#2630,#2631));
#2633=FACE_BOUND('',#2632,.F.);
#2634=ADVANCED_FACE('',(#2629,#2633),#2623,.F.);
#2635=CARTESIAN_POINT('',(-1.390332374108E-1,1.766782967732E0,
2.850006154198E1));
#2636=DIRECTION('',(1.E0,0.E0,0.E0));
#2637=DIRECTION('',(0.E0,0.E0,1.E0));
#2638=AXIS2_PLACEMENT_3D('',#2635,#2636,#2637);
#2639=CYLINDRICAL_SURFACE('',#2638,1.015E1);
#2640=ORIENTED_EDGE('',*,*,#2624,.F.);
#2642=ORIENTED_EDGE('',*,*,#2641,.T.);
#2643=ORIENTED_EDGE('',*,*,#2423,.F.);
#2645=ORIENTED_EDGE('',*,*,#2644,.F.);
#2646=EDGE_LOOP('',(#2640,#2642,#2643,#2645));
#2647=FACE_OUTER_BOUND('',#2646,.F.);
#2648=ADVANCED_FACE('',(#2647),#2639,.T.);
#2649=CARTESIAN_POINT('',(-1.390332374108E-1,1.766782967732E0,
2.850006154198E1));
#2650=DIRECTION('',(1.E0,0.E0,0.E0));
#2651=DIRECTION('',(0.E0,0.E0,1.E0));
#2652=AXIS2_PLACEMENT_3D('',#2649,#2650,#2651);
#2653=CYLINDRICAL_SURFACE('',#2652,1.015E1);
#2654=ORIENTED_EDGE('',*,*,#2644,.T.);
#2656=ORIENTED_EDGE('',*,*,#2655,.F.);
#2657=ORIENTED_EDGE('',*,*,#2641,.F.);
#2658=ORIENTED_EDGE('',*,*,#2626,.F.);
#2659=EDGE_LOOP('',(#2654,#2656,#2657,#2658));
#2660=FACE_OUTER_BOUND('',#2659,.F.);
#2661=ADVANCED_FACE('',(#2660),#2653,.T.);
#2662=CARTESIAN_POINT('',(-2.112864522118E1,1.766782967732E0,2.850006154198E1));
#2663=DIRECTION('',(1.E0,0.E0,0.E0));
#2664=DIRECTION('',(0.E0,0.E0,1.E0));
#2665=AXIS2_PLACEMENT_3D('',#2662,#2663,#2664);
#2666=TOROIDAL_SURFACE('',#2665,1.1809E1,2.44E0);
#2667=ORIENTED_EDGE('',*,*,#2454,.T.);
#2668=ORIENTED_EDGE('',*,*,#2425,.T.);
#2669=ORIENTED_EDGE('',*,*,#2655,.T.);
#2670=ORIENTED_EDGE('',*,*,#2421,.F.);
#2671=EDGE_LOOP('',(#2667,#2668,#2669,#2670));
#2672=FACE_OUTER_BOUND('',#2671,.F.);
#2673=ADVANCED_FACE('',(#2672),#2666,.F.);
#2674=CLOSED_SHELL('',(#2429,#2444,#2458,#2473,#2486,#2502,#2517,#2530,#2546,
#2561,#2574,#2590,#2605,#2618,#2634,#2648,#2661,#2673));
#2675=MANIFOLD_SOLID_BREP('',#2674);
#2677=DIMENSIONAL_EXPONENTS(0.E0,0.E0,0.E0,0.E0,0.E0,0.E0,0.E0);
#2679=PLANE_ANGLE_MEASURE_WITH_UNIT(PLANE_ANGLE_MEASURE(1.745329251994E-2),
#2678);
#2680=(CONVERSION_BASED_UNIT('DEGREE',#2679)NAMED_UNIT(*)PLANE_ANGLE_UNIT());
#2682=UNCERTAINTY_MEASURE_WITH_UNIT(LENGTH_MEASURE(5.E-3),#2676,'closure',
'Maximum model space distance between geometric entities at asserted connectivities');
#2683=(GEOMETRIC_REPRESENTATION_CONTEXT(3)GLOBAL_UNCERTAINTY_ASSIGNED_CONTEXT((
#2682))GLOBAL_UNIT_ASSIGNED_CONTEXT((#2676,#2680,#2681))REPRESENTATION_CONTEXT(
'ID1','3'));
#2685=APPLICATION_CONTEXT(
'CONFIGURATION CONTROLLED 3D DESIGNS OF MECHANICAL PARTS AND ASSEMBLIES');
#2686=APPLICATION_PROTOCOL_DEFINITION('international standard',
'config_control_design',1994,#2685);
#2687=DESIGN_CONTEXT('',#2685,'design');
#2688=MECHANICAL_CONTEXT('',#2685,'mechanical');
#2689=PRODUCT('6002ZZ_-_EA038','6002ZZ_-_EA038','NOT SPECIFIED',(#2688));
#2690=PRODUCT_DEFINITION_FORMATION_WITH_SPECIFIED_SOURCE('1','LAST_VERSION',
#2689,.MADE.);
#2694=PRODUCT_CATEGORY('part','');
#2695=PRODUCT_RELATED_PRODUCT_CATEGORY('detail','',(#2689));
#2696=PRODUCT_CATEGORY_RELATIONSHIP('','',#2694,#2695);
#2697=SECURITY_CLASSIFICATION_LEVEL('unclassified');
#2698=SECURITY_CLASSIFICATION('','',#2697);
#2699=CC_DESIGN_SECURITY_CLASSIFICATION(#2698,(#2690));
#2700=APPROVAL_STATUS('approved');
#2701=APPROVAL(#2700,'');
#2702=CC_DESIGN_APPROVAL(#2701,(#2698,#2690,#2691));
#2703=CALENDAR_DATE(125,19,12);
#2704=COORDINATED_UNIVERSAL_TIME_OFFSET(8,0,.AHEAD.);
#2705=LOCAL_TIME(11,29,1.6E1,#2704);
#2706=DATE_AND_TIME(#2703,#2705);
#2707=APPROVAL_DATE_TIME(#2706,#2701);
#2708=DATE_TIME_ROLE('creation_date');
#2709=CC_DESIGN_DATE_AND_TIME_ASSIGNMENT(#2706,#2708,(#2691));
#2710=DATE_TIME_ROLE('classification_date');
#2711=CC_DESIGN_DATE_AND_TIME_ASSIGNMENT(#2706,#2710,(#2698));
#2712=PERSON('UNSPECIFIED','UNSPECIFIED',$,$,$,$);
#2713=ORGANIZATION('UNSPECIFIED','UNSPECIFIED','UNSPECIFIED');
#2714=PERSON_AND_ORGANIZATION(#2712,#2713);
#2715=APPROVAL_ROLE('approver');
#2716=APPROVAL_PERSON_ORGANIZATION(#2714,#2701,#2715);
#2717=PERSON_AND_ORGANIZATION_ROLE('creator');
#2718=CC_DESIGN_PERSON_AND_ORGANIZATION_ASSIGNMENT(#2714,#2717,(#2690,#2691));
#2719=PERSON_AND_ORGANIZATION_ROLE('design_supplier');
#2720=CC_DESIGN_PERSON_AND_ORGANIZATION_ASSIGNMENT(#2714,#2719,(#2690));
#2721=PERSON_AND_ORGANIZATION_ROLE('classification_officer');
#2722=CC_DESIGN_PERSON_AND_ORGANIZATION_ASSIGNMENT(#2714,#2721,(#2698));
#2723=PERSON_AND_ORGANIZATION_ROLE('design_owner');
#2724=CC_DESIGN_PERSON_AND_ORGANIZATION_ASSIGNMENT(#2714,#2723,(#2689));
#1=DRAUGHTING_PRE_DEFINED_COLOUR('black');
#2=COLOUR_RGB('',0.E0,0.E0,4.7E-1);
#3=COLOUR_RGB('',0.E0,0.E0,6.E-1);
#4=COLOUR_RGB('',0.E0,0.E0,8.E-1);
#5=COLOUR_RGB('',0.E0,2.745098039216E-2,7.019607843137E-1);
#6=COLOUR_RGB('',0.E0,3.137254901961E-2,3.411764705882E-1);
#7=COLOUR_RGB('',0.E0,2.E-1,1.E0);
#8=COLOUR_RGB('',0.E0,3.3E-1,0.E0);
#9=COLOUR_RGB('',0.E0,3.3E-1,3.3E-1);
#10=COLOUR_RGB('',0.E0,4.E-1,0.E0);
#11=COLOUR_RGB('',0.E0,4.E-1,4.E-1);
#12=COLOUR_RGB('',0.E0,4.E-1,1.E0);
#13=COLOUR_RGB('',0.E0,5.019607843137E-1,5.019607843137E-1);
#14=COLOUR_RGB('',0.E0,6.E-1,0.E0);
#15=COLOUR_RGB('',0.E0,6.E-1,6.E-1);
#16=COLOUR_RGB('',0.E0,6.E-1,1.E0);
#17=COLOUR_RGB('',0.E0,8.E-1,0.E0);
#18=COLOUR_RGB('',0.E0,8.E-1,8.E-1);
#19=COLOUR_RGB('',0.E0,8.E-1,1.E0);
#20=COLOUR_RGB('',0.E0,9.3E-1,0.E0);
#21=COLOUR_RGB('',0.E0,9.3E-1,9.3E-1);
#22=DRAUGHTING_PRE_DEFINED_COLOUR('green');
#23=COLOUR_RGB('',0.E0,1.E0,2.E-1);
#24=COLOUR_RGB('',0.E0,1.E0,4.E-1);
#25=COLOUR_RGB('',0.E0,1.E0,6.E-1);
#26=COLOUR_RGB('',0.E0,1.E0,8.E-1);
#27=DRAUGHTING_PRE_DEFINED_COLOUR('cyan');
#28=COLOUR_RGB('',3.1E-2,2.E-1,6.27E-1);
#29=COLOUR_RGB('',3.529411764706E-2,5.137254901961E-1,1.725490196078E-1);
#30=COLOUR_RGB('',6.6667E-2,5.17647E-1,6.39216E-1);
#31=COLOUR_RGB('',7.E-2,7.E-2,1.E0);
#32=COLOUR_RGB('',7.E-2,6.E-1,3.E-1);
#33=COLOUR_RGB('',8.E-2,1.E-1,1.1E-1);
#34=COLOUR_RGB('',9.803921568627E-2,9.803921568627E-2,4.392156862745E-1);
#35=COLOUR_RGB('',1.019607843137E-1,6.313725490196E-1,5.019607843137E-1);
#36=COLOUR_RGB('',1.176470588235E-1,5.647058823529E-1,1.E0);
#37=COLOUR_RGB('',1.254901960784E-1,6.980392156863E-1,6.666666666667E-1);
#38=COLOUR_RGB('',1.333333333333E-1,5.450980392157E-1,1.333333333333E-1);
#39=COLOUR_RGB('',1.450980392157E-1,3.529411764706E-2,0.E0);
#40=COLOUR_RGB('',1.686274509804E-1,1.686274509804E-1,1.803921568627E-1);
#41=COLOUR_RGB('',1.803921568627E-1,5.450980392157E-1,3.411764705882E-1);
#42=COLOUR_RGB('',1.9E-1,2.3E-1,3.1E-1);
#43=COLOUR_RGB('',1.960784313725E-1,8.039215686275E-1,1.960784313725E-1);
#44=COLOUR_RGB('',2.E-1,1.E0,0.E0);
#45=COLOUR_RGB('',2.E-1,1.E0,2.E-1);
#46=COLOUR_RGB('',2.E-1,1.E0,1.E0);
#47=COLOUR_RGB('',2.313725490196E-1,3.803921568627E-1,5.607843137255E-1);
#48=COLOUR_RGB('',2.352941176471E-1,7.019607843137E-1,4.431372549020E-1);
#49=COLOUR_RGB('',2.431372549020E-1,8.784313725490E-1,8.156862745098E-1);
#50=COLOUR_RGB('',2.470588235294E-1,5.921568627451E-1,6.313725490196E-1);
#51=COLOUR_RGB('',2.5098E-1,2.35294E-1,8.62745E-1);
#52=COLOUR_RGB('',2.549019607843E-1,4.117647058824E-1,1.E0);
#53=COLOUR_RGB('',2.58824E-1,7.80392E-1,8.86275E-1);
#54=COLOUR_RGB('',2.7E-1,0.E0,4.E-1);
#55=COLOUR_RGB('',2.7E-1,2.7E-1,0.E0);
#56=COLOUR_RGB('',2.7E-1,2.7E-1,1.E0);
#57=COLOUR_RGB('',2.745098039216E-1,5.098039215686E-1,7.058823529412E-1);
#58=COLOUR_RGB('',2.784313725490E-1,2.784313725490E-1,2.784313725490E-1);
#59=COLOUR_RGB('',2.823529411765E-1,2.392156862745E-1,5.450980392157E-1);
#60=COLOUR_RGB('',3.13725E-1,4.70588E-1,1.96078E-1);
#61=COLOUR_RGB('',3.2549E-1,4.98039E-1,9.84314E-1);
#62=COLOUR_RGB('',3.254901960784E-1,5.764705882353E-1,8.117647058824E-1);
#63=COLOUR_RGB('',3.3E-1,0.E0,0.E0);
#64=COLOUR_RGB('',3.3E-1,0.E0,3.3E-1);
#65=COLOUR_RGB('',3.3E-1,0.E0,5.3E-1);
#66=COLOUR_RGB('',3.450980392157E-1,3.647058823529E-1,3.725490196078E-1);
#67=COLOUR_RGB('',3.725490196078E-1,6.196078431373E-1,6.274509803922E-1);
#68=COLOUR_RGB('',3.803921568627E-1,4.392156862745E-1,5.960784313725E-1);
#69=COLOUR_RGB('',3.882352941176E-1,4.392156862745E-1,4.901960784314E-1);
#70=COLOUR_RGB('',3.921568627451E-1,5.843137254902E-1,9.294117647059E-1);
#71=COLOUR_RGB('',3.96078E-1,7.13725E-1,1.E0);
#72=COLOUR_RGB('',4.E-1,0.E0,4.E-1);
#73=COLOUR_RGB('',4.E-1,0.E0,6.7E-1);
#74=COLOUR_RGB('',4.E-1,1.3E-1,0.E0);
#75=COLOUR_RGB('',4.E-1,4.E-1,0.E0);
#76=COLOUR_RGB('',4.E-1,4.E-1,1.E0);
#77=COLOUR_RGB('',4.E-1,8.039215686275E-1,6.666666666667E-1);
#78=COLOUR_RGB('',4.E-1,1.E0,0.E0);
#79=COLOUR_RGB('',4.E-1,1.E0,4.E-1);
#80=COLOUR_RGB('',4.E-1,1.E0,1.E0);
#81=COLOUR_RGB('',4.156862745098E-1,3.529411764706E-1,8.039215686275E-1);
#82=COLOUR_RGB('',4.196078431373E-1,5.568627450980E-1,1.372549019608E-1);
#83=COLOUR_RGB('',4.666666666667E-1,5.333333333333E-1,6.E-1);
#84=COLOUR_RGB('',4.7E-1,0.E0,0.E0);
#85=COLOUR_RGB('',4.7E-1,0.E0,8.E-1);
#86=COLOUR_RGB('',4.7E-1,2.E-1,7.E-2);
#87=COLOUR_RGB('',4.823529411765E-1,4.078431372549E-1,9.333333333333E-1);
#88=COLOUR_RGB('',4.980392156863E-1,1.E0,8.313725490196E-1);
#89=COLOUR_RGB('',5.019607843137E-1,0.E0,5.019607843137E-1);
#90=COLOUR_RGB('',5.019607843137E-1,5.019607843137E-1,0.E0);
#91=COLOUR_RGB('',5.01961E-1,5.01961E-1,5.01961E-1);
#92=COLOUR_RGB('',5.098039215686E-1,3.960784313725E-1,1.058823529412E-1);
#93=COLOUR_RGB('',5.3E-1,0.E0,9.3E-1);
#94=COLOUR_RGB('',5.3E-1,2.7E-1,1.3E-1);
#95=COLOUR_RGB('',5.3E-1,5.3E-1,1.E0);
#96=COLOUR_RGB('',5.294117647059E-1,8.078431372549E-1,9.215686274510E-1);
#97=COLOUR_RGB('',5.411764705882E-1,1.686274509804E-1,8.862745098039E-1);
#98=COLOUR_RGB('',5.5E-1,6.5E-1,7.3E-1);
#99=COLOUR_RGB('',5.607843137255E-1,7.372549019608E-1,5.607843137255E-1);
#100=COLOUR_RGB('',5.68627E-1,9.37255E-1,9.37255E-1);
#101=COLOUR_RGB('',5.725490196078E-1,6.117647058824E-1,6.313725490196E-1);
#102=COLOUR_RGB('',5.764705882353E-1,4.392156862745E-1,8.588235294118E-1);
#103=COLOUR_RGB('',5.803921568627E-1,0.E0,8.274509803922E-1);
#104=COLOUR_RGB('',5.88235E-1,2.35294E-1,1.56863E-1);
#105=COLOUR_RGB('',6.E-1,0.E0,6.E-1);
#106=COLOUR_RGB('',6.E-1,1.960784313725E-1,8.E-1);
#107=COLOUR_RGB('',6.E-1,2.E-1,1.E0);
#108=COLOUR_RGB('',6.E-1,3.3E-1,2.E-1);
#109=COLOUR_RGB('',6.E-1,6.E-1,0.E0);
#110=COLOUR_RGB('',6.E-1,1.E0,6.E-1);
#111=COLOUR_RGB('',6.E-1,1.E0,1.E0);
#112=COLOUR_RGB('',6.27451E-1,4.70588E-1,3.52941E-1);
#113=COLOUR_RGB('',6.627450980392E-1,6.627450980392E-1,6.627450980392E-1);
#114=COLOUR_RGB('',6.66667E-1,8.23529E-1,1.96078E-1);
#115=COLOUR_RGB('',6.66667E-1,8.23529E-1,5.88235E-1);
#116=COLOUR_RGB('',6.7E-1,0.E0,0.E0);
#117=COLOUR_RGB('',6.7E-1,4.E-1,2.7E-1);
#118=COLOUR_RGB('',6.7E-1,4.E-1,1.E0);
#119=COLOUR_RGB('',6.7E-1,6.7E-1,1.E0);
#120=COLOUR_RGB('',6.7E-1,1.E0,0.E0);
#121=COLOUR_RGB('',6.784313725490E-1,8.117647058824E-1,1.E0);
#122=COLOUR_RGB('',6.784313725490E-1,8.470588235294E-1,9.019607843137E-1);
#123=COLOUR_RGB('',6.784313725490E-1,1.E0,1.843137254902E-1);
#124=COLOUR_RGB('',6.862745098039E-1,6.823529411765E-1,7.607843137255E-1);
#125=COLOUR_RGB('',6.980392156863E-1,1.333333333333E-1,1.333333333333E-1);
#126=COLOUR_RGB('',7.17647E-1,1.68627E-1,4.43137E-1);
#127=COLOUR_RGB('',7.215686274510E-1,5.254901960784E-1,4.313725490196E-2);
#128=COLOUR_RGB('',7.294117647059E-1,2.705882352941E-1,1.E0);
#129=COLOUR_RGB('',7.294117647059E-1,3.333333333333E-1,8.274509803922E-1);
#130=COLOUR_RGB('',7.294117647059E-1,4.E-1,0.E0);
#131=COLOUR_RGB('',7.3E-1,4.7E-1,3.3E-1);
#132=COLOUR_RGB('',7.372549019608E-1,5.607843137255E-1,5.607843137255E-1);
#133=COLOUR_RGB('',7.411764705882E-1,7.176470588235E-1,4.196078431373E-1);
#134=COLOUR_RGB('',7.803921568627E-1,8.235294117647E-2,5.215686274510E-1);
#135=COLOUR_RGB('',8.E-1,0.E0,8.E-1);
#136=COLOUR_RGB('',8.E-1,5.3E-1,4.E-1);
#137=COLOUR_RGB('',8.E-1,6.E-1,1.E0);
#138=COLOUR_RGB('',8.E-1,8.E-1,0.E0);
#139=COLOUR_RGB('',8.E-1,8.E-1,1.E0);
#140=COLOUR_RGB('',8.E-1,1.E0,8.E-1);
#141=COLOUR_RGB('',8.E-1,1.E0,1.E0);
#142=COLOUR_RGB('',8.039215686275E-1,3.607843137255E-1,3.607843137255E-1);
#143=COLOUR_RGB('',8.03922E-1,5.88235E-1,1.96078E-1);
#144=COLOUR_RGB('',8.196078431373E-1,7.098039215686E-1,5.490196078431E-2);
#145=COLOUR_RGB('',8.235294117647E-1,4.117647058824E-1,1.176470588235E-1);
#146=COLOUR_RGB('',8.235294117647E-1,7.058823529412E-1,5.490196078431E-1);
#147=COLOUR_RGB('',8.274509803922E-1,8.274509803922E-1,8.274509803922E-1);
#148=COLOUR_RGB('',8.392156862745E-1,8.E-1,7.137254901961E-1);
#149=COLOUR_RGB('',8.431372549020E-1,8.980392156863E-1,9.333333333333E-1);
#150=COLOUR_RGB('',8.549019607843E-1,6.470588235294E-1,1.254901960784E-1);
#151=COLOUR_RGB('',8.588235294118E-1,4.392156862745E-1,5.764705882353E-1);
#152=COLOUR_RGB('',8.627450980392E-1,7.843137254902E-2,2.352941176471E-1);
#153=COLOUR_RGB('',8.666666666667E-1,6.274509803922E-1,8.666666666667E-1);
#154=COLOUR_RGB('',8.7E-1,0.E0,0.E0);
#155=COLOUR_RGB('',8.7E-1,6.E-1,4.7E-1);
#156=COLOUR_RGB('',8.98039E-1,6.07843E-1,1.E0);
#157=COLOUR_RGB('',9.E-1,8.3E-1,1.2E-1);
#158=COLOUR_RGB('',9.09804E-1,3.68627E-1,8.19608E-1);
#159=COLOUR_RGB('',9.3E-1,0.E0,9.3E-1);
#160=COLOUR_RGB('',9.3E-1,6.7E-1,5.3E-1);
#161=COLOUR_RGB('',9.3E-1,8.E-1,1.E0);
#162=COLOUR_RGB('',9.3E-1,9.3E-1,0.E0);
#163=COLOUR_RGB('',9.3E-1,1.E0,9.3E-1);
#164=COLOUR_RGB('',9.3E-1,1.E0,1.E0);
#165=COLOUR_RGB('',9.333333333333E-1,5.098039215686E-1,9.333333333333E-1);
#166=COLOUR_RGB('',9.333333333333E-1,9.098039215686E-1,6.666666666667E-1);
#167=COLOUR_RGB('',9.411764705882E-1,9.019607843137E-1,5.490196078431E-1);
#168=COLOUR_RGB('',9.568627450980E-1,6.431372549020E-1,3.764705882353E-1);
#169=DRAUGHTING_PRE_DEFINED_COLOUR('red');
#170=COLOUR_RGB('',1.E0,0.E0,2.705882352941E-1);
#171=COLOUR_RGB('',1.E0,0.E0,4.705882352941E-1);
#172=COLOUR_RGB('',1.E0,0.E0,7.803921568627E-1);
#173=DRAUGHTING_PRE_DEFINED_COLOUR('magenta');
#174=COLOUR_RGB('',1.E0,3.1E-2,3.1E-2);
#175=COLOUR_RGB('',1.E0,7.E-2,7.E-2);
#176=COLOUR_RGB('',1.E0,7.843137254902E-2,5.764705882353E-1);
#177=COLOUR_RGB('',1.E0,2.E-1,1.E0);
#178=COLOUR_RGB('',1.E0,2.7E-1,0.E0);
#179=COLOUR_RGB('',1.E0,2.7E-1,2.7E-1);
#180=COLOUR_RGB('',1.E0,3.882352941176E-1,2.784313725490E-1);
#181=COLOUR_RGB('',1.E0,4.E-1,1.E0);
#182=COLOUR_RGB('',1.E0,4.117647058824E-1,7.058823529412E-1);
#183=COLOUR_RGB('',1.E0,4.7E-1,0.E0);
#184=COLOUR_RGB('',1.E0,4.7E-1,4.7E-1);
#185=COLOUR_RGB('',1.E0,4.980392156863E-1,3.137254901961E-1);
#186=COLOUR_RGB('',1.E0,6.E-1,1.E0);
#187=COLOUR_RGB('',1.E0,6.7E-1,0.E0);
#188=COLOUR_RGB('',1.E0,6.7E-1,6.7E-1);
#189=COLOUR_RGB('',1.E0,7.3E-1,6.E-1);
#190=COLOUR_RGB('',1.E0,7.686274509804E-1,5.882352941176E-2);
#191=COLOUR_RGB('',1.E0,8.E-1,8.E-1);
#192=COLOUR_RGB('',1.E0,8.E-1,1.E0);
#193=COLOUR_RGB('',1.E0,8.7E-1,0.E0);
#194=COLOUR_RGB('',1.E0,9.215686274510E-1,8.039215686275E-1);
#195=COLOUR_RGB('',1.E0,9.3E-1,9.3E-1);
#196=COLOUR_RGB('',1.E0,9.3E-1,1.E0);
#197=DRAUGHTING_PRE_DEFINED_COLOUR('yellow');
#198=COLOUR_RGB('',1.E0,1.E0,1.3E-1);
#199=COLOUR_RGB('',1.E0,1.E0,3.3E-1);
#200=COLOUR_RGB('',1.E0,1.E0,5.3E-1);
#201=COLOUR_RGB('',1.E0,1.E0,7.3E-1);
#202=COLOUR_RGB('',1.E0,1.E0,9.3E-1);
#203=DRAUGHTING_PRE_DEFINED_COLOUR('white');
#208=CIRCLE('',#207,1.425E1);
#213=CIRCLE('',#212,1.337246465890E1);
#218=CIRCLE('',#217,1.337246465890E1);
#223=CIRCLE('',#222,5.E-1);
#228=CIRCLE('',#227,5.E-1);
#233=CIRCLE('',#232,1.425E1);
#238=CIRCLE('',#237,5.E-1);
#243=CIRCLE('',#242,5.E-1);
#256=CIRCLE('',#255,1.352117980356E1);
#261=CIRCLE('',#260,3.000003015133E-1);
#266=CIRCLE('',#265,1.405E1);
#271=CIRCLE('',#270,3.000003015133E-1);
#276=CIRCLE('',#275,1.405E1);
#281=CIRCLE('',#280,1.352117980356E1);
#294=CIRCLE('',#293,1.405E1);
#299=CIRCLE('',#298,1.405E1);
#304=CIRCLE('',#303,1.325E1);
#309=CIRCLE('',#308,1.325E1);
#318=CIRCLE('',#317,1.248551444642E1);
#323=CIRCLE('',#322,1.248551444642E1);
#328=CIRCLE('',#327,9.55E0);
#333=CIRCLE('',#332,9.55E0);
#350=CIRCLE('',#349,9.75E0);
#355=CIRCLE('',#354,9.75E0);
#360=CIRCLE('',#359,9.55E0);
#365=CIRCLE('',#364,9.55E0);
#374=CIRCLE('',#373,1.24E1);
#379=CIRCLE('',#378,1.24E1);
#384=CIRCLE('',#383,9.75E0);
#389=CIRCLE('',#388,9.75E0);
#402=CIRCLE('',#401,1.3375E1);
#407=CIRCLE('',#406,1.3375E1);
#412=CIRCLE('',#411,1.316448555358E1);
#417=CIRCLE('',#416,1.316448555358E1);
#430=CIRCLE('',#429,2.57E0);
#435=CIRCLE('',#434,1.3375E1);
#440=CIRCLE('',#439,1.3375E1);
#445=CIRCLE('',#444,2.57E0);
#450=CIRCLE('',#449,1.3375E1);
#455=CIRCLE('',#454,2.57E0);
#460=CIRCLE('',#459,2.57E0);
#465=CIRCLE('',#464,1.3375E1);
#474=CIRCLE('',#473,1.3375E1);
#479=CIRCLE('',#478,1.3375E1);
#484=CIRCLE('',#483,1.316448555358E1);
#489=CIRCLE('',#488,1.316448555358E1);
#506=CIRCLE('',#505,1.24E1);
#511=CIRCLE('',#510,1.24E1);
#516=CIRCLE('',#515,9.75E0);
#521=CIRCLE('',#520,9.75E0);
#534=CIRCLE('',#533,9.75E0);
#539=CIRCLE('',#538,9.75E0);
#544=CIRCLE('',#543,9.55E0);
#549=CIRCLE('',#548,9.55E0);
#562=CIRCLE('',#561,1.248551444642E1);
#567=CIRCLE('',#566,1.248551444642E1);
#572=CIRCLE('',#571,9.55E0);
#577=CIRCLE('',#576,9.55E0);
#590=CIRCLE('',#589,1.405E1);
#595=CIRCLE('',#594,1.405E1);
#600=CIRCLE('',#599,1.325E1);
#605=CIRCLE('',#604,1.325E1);
#618=CIRCLE('',#617,1.352117980356E1);
#623=CIRCLE('',#622,3.000003015133E-1);
#628=CIRCLE('',#627,1.405E1);
#637=CIRCLE('',#636,1.425E1);
#642=CIRCLE('',#641,1.337246465890E1);
#647=CIRCLE('',#646,1.337246465890E1);
#652=CIRCLE('',#651,5.E-1);
#657=CIRCLE('',#656,5.E-1);
#662=CIRCLE('',#661,1.425E1);
#667=CIRCLE('',#666,5.E-1);
#672=CIRCLE('',#671,5.E-1);
#681=CIRCLE('',#680,3.000003015133E-1);
#686=CIRCLE('',#685,1.405E1);
#691=CIRCLE('',#690,1.352117980356E1);
#700=CIRCLE('',#699,1.46E1);
#705=CIRCLE('',#704,1.46E1);
#710=CIRCLE('',#709,1.425E1);
#715=CIRCLE('',#714,1.425E1);
#728=CIRCLE('',#727,1.425E1);
#737=CIRCLE('',#736,1.46E1);
#746=CIRCLE('',#745,1.57E1);
#751=CIRCLE('',#750,1.57E1);
#756=CIRCLE('',#755,1.425E1);
#761=CIRCLE('',#760,1.425E1);
#766=CIRCLE('',#765,3.E-1);
#771=CIRCLE('',#770,1.6E1);
#776=CIRCLE('',#775,3.E-1);
#781=CIRCLE('',#780,1.6E1);
#794=CIRCLE('',#793,3.E-1);
#799=CIRCLE('',#798,1.6E1);
#804=CIRCLE('',#803,3.E-1);
#809=CIRCLE('',#808,1.6E1);
#814=CIRCLE('',#813,1.57E1);
#819=CIRCLE('',#818,1.57E1);
#824=CIRCLE('',#823,1.425E1);
#829=CIRCLE('',#828,1.425E1);
#842=CIRCLE('',#841,1.425E1);
#851=CIRCLE('',#850,1.46E1);
#860=CIRCLE('',#859,1.46E1);
#865=CIRCLE('',#864,1.425E1);
#878=CIRCLE('',#877,1.46E1);
#883=CIRCLE('',#882,1.46E1);
#888=CIRCLE('',#887,1.425E1);
#893=CIRCLE('',#892,1.425E1);
#914=CIRCLE('',#913,1.46E1);
#919=CIRCLE('',#918,1.425E1);
#1121=EDGE_CURVE('',#1078,#1079,#243,.T.);
#1123=EDGE_CURVE('',#1073,#1078,#238,.T.);
#1125=EDGE_CURVE('',#1073,#1075,#208,.T.);
#1127=EDGE_CURVE('',#1081,#1075,#228,.T.);
#1129=EDGE_CURVE('',#1083,#1081,#223,.T.);
#1131=EDGE_CURVE('',#1083,#1079,#213,.T.);
#1141=EDGE_CURVE('',#1079,#1083,#218,.T.);
#1145=EDGE_CURVE('',#1075,#1073,#233,.T.);
#1157=EDGE_CURVE('',#1079,#1085,#247,.T.);
#1159=EDGE_CURVE('',#1087,#1085,#281,.T.);
#1161=EDGE_CURVE('',#1083,#1087,#251,.T.);
#1174=EDGE_CURVE('',#1085,#1087,#256,.T.);
#1186=EDGE_CURVE('',#1087,#1089,#261,.T.);
#1188=EDGE_CURVE('',#1089,#1091,#266,.T.);
#1190=EDGE_CURVE('',#1085,#1091,#271,.T.);
#1201=EDGE_CURVE('',#1091,#1089,#276,.T.);
#1213=EDGE_CURVE('',#1091,#1093,#285,.T.);
#1215=EDGE_CURVE('',#1095,#1093,#294,.T.);
#1217=EDGE_CURVE('',#1089,#1095,#289,.T.);
#1230=EDGE_CURVE('',#1093,#1095,#299,.T.);
#1245=EDGE_CURVE('',#1098,#1099,#304,.T.);
#1247=EDGE_CURVE('',#1099,#1098,#309,.T.);
#1257=EDGE_CURVE('',#1102,#1103,#318,.T.);
#1259=EDGE_CURVE('',#1102,#1099,#313,.T.);
#1262=EDGE_CURVE('',#1103,#1098,#337,.T.);
#1273=EDGE_CURVE('',#1103,#1102,#323,.T.);
#1277=EDGE_CURVE('',#1106,#1107,#328,.T.);
#1279=EDGE_CURVE('',#1107,#1106,#333,.T.);
#1301=EDGE_CURVE('',#1106,#1109,#341,.T.);
#1303=EDGE_CURVE('',#1111,#1109,#360,.T.);
#1305=EDGE_CURVE('',#1107,#1111,#345,.T.);
#1318=EDGE_CURVE('',#1109,#1111,#365,.T.);
#1329=EDGE_CURVE('',#1114,#1115,#350,.T.);
#1331=EDGE_CURVE('',#1115,#1114,#355,.T.);
#1345=EDGE_CURVE('',#938,#939,#384,.T.);
#1347=EDGE_CURVE('',#938,#1115,#369,.T.);
#1350=EDGE_CURVE('',#939,#1114,#927,.T.);
#1360=EDGE_CURVE('',#931,#930,#374,.T.);
#1362=EDGE_CURVE('',#930,#931,#379,.T.);
#1367=EDGE_CURVE('',#939,#938,#389,.T.);
#1377=EDGE_CURVE('',#931,#935,#393,.T.);
#1379=EDGE_CURVE('',#933,#935,#412,.T.);
#1381=EDGE_CURVE('',#930,#933,#397,.T.);
#1394=EDGE_CURVE('',#935,#933,#417,.T.);
#1405=EDGE_CURVE('',#942,#943,#402,.T.);
#1407=EDGE_CURVE('',#943,#942,#407,.T.);
#1422=EDGE_CURVE('',#945,#942,#425,.T.);
#1424=EDGE_CURVE('',#947,#945,#465,.T.);
#1426=EDGE_CURVE('',#947,#943,#421,.T.);
#1438=EDGE_CURVE('',#945,#947,#435,.T.);
#1449=EDGE_CURVE('',#949,#945,#430,.T.);
#1452=EDGE_CURVE('',#951,#947,#460,.T.);
#1454=EDGE_CURVE('',#953,#951,#455,.T.);
#1456=EDGE_CURVE('',#953,#955,#440,.T.);
#1458=EDGE_CURVE('',#955,#949,#445,.T.);
#1468=EDGE_CURVE('',#955,#953,#450,.T.);
#1483=EDGE_CURVE('',#958,#959,#479,.T.);
#1485=EDGE_CURVE('',#958,#953,#469,.T.);
#1488=EDGE_CURVE('',#959,#955,#493,.T.);
#1498=EDGE_CURVE('',#959,#958,#474,.T.);
#1503=EDGE_CURVE('',#962,#963,#484,.T.);
#1505=EDGE_CURVE('',#963,#962,#489,.T.);
#1527=EDGE_CURVE('',#965,#963,#497,.T.);
#1530=EDGE_CURVE('',#967,#962,#501,.T.);
#1532=EDGE_CURVE('',#965,#967,#506,.T.);
#1542=EDGE_CURVE('',#967,#965,#511,.T.);
#1559=EDGE_CURVE('',#970,#971,#516,.T.);
#1561=EDGE_CURVE('',#971,#970,#521,.T.);
#1572=EDGE_CURVE('',#970,#973,#525,.T.);
#1574=EDGE_CURVE('',#975,#973,#534,.T.);
#1576=EDGE_CURVE('',#971,#975,#529,.T.);
#1587=EDGE_CURVE('',#973,#975,#539,.T.);
#1603=EDGE_CURVE('',#978,#979,#544,.T.);
#1605=EDGE_CURVE('',#979,#978,#549,.T.);
#1615=EDGE_CURVE('',#981,#979,#553,.T.);
#1618=EDGE_CURVE('',#983,#978,#557,.T.);
#1620=EDGE_CURVE('',#981,#983,#572,.T.);
#1630=EDGE_CURVE('',#983,#981,#577,.T.);
#1643=EDGE_CURVE('',#986,#987,#562,.T.);
#1645=EDGE_CURVE('',#987,#986,#567,.T.);
#1660=EDGE_CURVE('',#986,#989,#581,.T.);
#1662=EDGE_CURVE('',#991,#989,#600,.T.);
#1664=EDGE_CURVE('',#987,#991,#585,.T.);
#1675=EDGE_CURVE('',#989,#991,#605,.T.);
#1687=EDGE_CURVE('',#994,#995,#590,.T.);
#1689=EDGE_CURVE('',#995,#994,#595,.T.);
#1703=EDGE_CURVE('',#997,#995,#609,.T.);
#1706=EDGE_CURVE('',#999,#994,#613,.T.);
#1708=EDGE_CURVE('',#997,#999,#686,.T.);
#1718=EDGE_CURVE('',#999,#997,#628,.T.);
#1731=EDGE_CURVE('',#1002,#1003,#618,.T.);
#1733=EDGE_CURVE('',#1003,#999,#623,.T.);
#1736=EDGE_CURVE('',#1002,#997,#681,.T.);
#1746=EDGE_CURVE('',#1006,#1007,#642,.T.);
#1748=EDGE_CURVE('',#1006,#1003,#632,.T.);
#1751=EDGE_CURVE('',#1007,#1002,#676,.T.);
#1761=EDGE_CURVE('',#1009,#1007,#672,.T.);
#1763=EDGE_CURVE('',#1011,#1009,#667,.T.);
#1765=EDGE_CURVE('',#1011,#1013,#637,.T.);
#1767=EDGE_CURVE('',#1015,#1013,#657,.T.);
#1769=EDGE_CURVE('',#1006,#1015,#652,.T.);
#1780=EDGE_CURVE('',#1007,#1006,#647,.T.);
#1784=EDGE_CURVE('',#1013,#1011,#662,.T.);
#1797=EDGE_CURVE('',#1003,#1002,#691,.T.);
#1821=EDGE_CURVE('',#1018,#1019,#710,.T.);
#1823=EDGE_CURVE('',#1011,#1018,#923,.T.);
#1826=EDGE_CURVE('',#1013,#1019,#695,.T.);
#1836=EDGE_CURVE('',#1022,#1023,#700,.T.);
#1838=EDGE_CURVE('',#1023,#1022,#705,.T.);
#1843=EDGE_CURVE('',#1019,#1018,#715,.T.);
#1853=EDGE_CURVE('',#1025,#1023,#719,.T.);
#1856=EDGE_CURVE('',#1027,#1022,#723,.T.);
#1858=EDGE_CURVE('',#1025,#1027,#914,.T.);
#1868=EDGE_CURVE('',#1027,#1025,#737,.T.);
#1881=EDGE_CURVE('',#1030,#1031,#728,.T.);
#1883=EDGE_CURVE('',#1031,#1027,#732,.T.);
#1886=EDGE_CURVE('',#1030,#1025,#909,.T.);
#1896=EDGE_CURVE('',#1034,#1035,#761,.T.);
#1898=EDGE_CURVE('',#1034,#1031,#741,.T.);
#1901=EDGE_CURVE('',#1035,#1030,#905,.T.);
#1911=EDGE_CURVE('',#1038,#1039,#746,.T.);
#1913=EDGE_CURVE('',#1039,#1038,#751,.T.);
#1917=EDGE_CURVE('',#1035,#1034,#756,.T.);
#1928=EDGE_CURVE('',#1038,#1041,#766,.T.);
#1930=EDGE_CURVE('',#1041,#1043,#771,.T.);
#1932=EDGE_CURVE('',#1039,#1043,#776,.T.);
#1945=EDGE_CURVE('',#1043,#1041,#781,.T.);
#1957=EDGE_CURVE('',#1043,#1045,#785,.T.);
#1959=EDGE_CURVE('',#1047,#1045,#809,.T.);
#1961=EDGE_CURVE('',#1041,#1047,#789,.T.);
#1972=EDGE_CURVE('',#1045,#1047,#799,.T.);
#1984=EDGE_CURVE('',#1049,#1045,#794,.T.);
#1987=EDGE_CURVE('',#1051,#1047,#804,.T.);
#1989=EDGE_CURVE('',#1049,#1051,#814,.T.);
#1999=EDGE_CURVE('',#1051,#1049,#819,.T.);
#2016=EDGE_CURVE('',#1054,#1055,#824,.T.);
#2018=EDGE_CURVE('',#1055,#1054,#829,.T.);
#2028=EDGE_CURVE('',#1057,#1055,#833,.T.);
#2031=EDGE_CURVE('',#1059,#1054,#837,.T.);
#2033=EDGE_CURVE('',#1057,#1059,#865,.T.);
#2043=EDGE_CURVE('',#1059,#1057,#842,.T.);
#2057=EDGE_CURVE('',#1057,#1061,#846,.T.);
#2059=EDGE_CURVE('',#1061,#1063,#851,.T.);
#2061=EDGE_CURVE('',#1059,#1063,#855,.T.);
#2072=EDGE_CURVE('',#1063,#1061,#860,.T.);
#2084=EDGE_CURVE('',#1065,#1061,#869,.T.);
#2087=EDGE_CURVE('',#1067,#1063,#873,.T.);
#2089=EDGE_CURVE('',#1065,#1067,#878,.T.);
#2099=EDGE_CURVE('',#1067,#1065,#883,.T.);
#2116=EDGE_CURVE('',#1070,#1071,#888,.T.);
#2118=EDGE_CURVE('',#1071,#1070,#893,.T.);
#2129=EDGE_CURVE('',#1073,#1070,#901,.T.);
#2132=EDGE_CURVE('',#1075,#1071,#897,.T.);
#2155=EDGE_CURVE('',#1031,#1030,#919,.T.);
#2204=CIRCLE('',#2203,9.369E0);
#2209=CIRCLE('',#2208,2.44E0);
#2214=CIRCLE('',#2213,1.015E1);
#2219=CIRCLE('',#2218,1.015E1);
#2224=CIRCLE('',#2223,2.44E0);
#2229=CIRCLE('',#2228,1.015E1);
#2234=CIRCLE('',#2233,2.44E0);
#2247=CIRCLE('',#2246,1.015E1);
#2252=CIRCLE('',#2251,1.015E1);
#2257=CIRCLE('',#2256,9.375E0);
#2262=CIRCLE('',#2261,9.375E0);
#2275=CIRCLE('',#2274,9.375E0);
#2280=CIRCLE('',#2279,9.375E0);
#2285=CIRCLE('',#2284,7.5E0);
#2290=CIRCLE('',#2289,7.5E0);
#2303=CIRCLE('',#2302,9.375E0);
#2308=CIRCLE('',#2307,9.375E0);
#2313=CIRCLE('',#2312,7.5E0);
#2318=CIRCLE('',#2317,7.5E0);
#2331=CIRCLE('',#2330,1.015E1);
#2336=CIRCLE('',#2335,1.015E1);
#2341=CIRCLE('',#2340,9.375E0);
#2346=CIRCLE('',#2345,9.375E0);
#2359=CIRCLE('',#2358,9.369E0);
#2364=CIRCLE('',#2363,2.44E0);
#2369=CIRCLE('',#2368,1.015E1);
#2419=EDGE_CURVE('',#2373,#2377,#2204,.T.);
#2421=EDGE_CURVE('',#2377,#2413,#2209,.T.);
#2423=EDGE_CURVE('',#2413,#2411,#2214,.T.);
#2425=EDGE_CURVE('',#2373,#2411,#2364,.T.);
#2435=EDGE_CURVE('',#2372,#2373,#2234,.T.);
#2437=EDGE_CURVE('',#2372,#2375,#2219,.T.);
#2439=EDGE_CURVE('',#2375,#2377,#2224,.T.);
#2451=EDGE_CURVE('',#2375,#2372,#2229,.T.);
#2454=EDGE_CURVE('',#2377,#2373,#2359,.T.);
#2464=EDGE_CURVE('',#2375,#2379,#2238,.T.);
#2466=EDGE_CURVE('',#2381,#2379,#2252,.T.);
#2468=EDGE_CURVE('',#2372,#2381,#2242,.T.);
#2481=EDGE_CURVE('',#2379,#2381,#2247,.T.);
#2496=EDGE_CURVE('',#2384,#2385,#2257,.T.);
#2498=EDGE_CURVE('',#2385,#2384,#2262,.T.);
#2509=EDGE_CURVE('',#2384,#2387,#2266,.T.);
#2511=EDGE_CURVE('',#2389,#2387,#2275,.T.);
#2513=EDGE_CURVE('',#2385,#2389,#2270,.T.);
#2524=EDGE_CURVE('',#2387,#2389,#2280,.T.);
#2540=EDGE_CURVE('',#2392,#2393,#2285,.T.);
#2542=EDGE_CURVE('',#2393,#2392,#2290,.T.);
#2552=EDGE_CURVE('',#2395,#2393,#2294,.T.);
#2555=EDGE_CURVE('',#2397,#2392,#2298,.T.);
#2557=EDGE_CURVE('',#2395,#2397,#2313,.T.);
#2567=EDGE_CURVE('',#2397,#2395,#2318,.T.);
#2580=EDGE_CURVE('',#2400,#2401,#2303,.T.);
#2582=EDGE_CURVE('',#2401,#2400,#2308,.T.);
#2597=EDGE_CURVE('',#2400,#2403,#2322,.T.);
#2599=EDGE_CURVE('',#2405,#2403,#2341,.T.);
#2601=EDGE_CURVE('',#2401,#2405,#2326,.T.);
#2612=EDGE_CURVE('',#2403,#2405,#2346,.T.);
#2624=EDGE_CURVE('',#2408,#2409,#2331,.T.);
#2626=EDGE_CURVE('',#2409,#2408,#2336,.T.);
#2641=EDGE_CURVE('',#2408,#2411,#2350,.T.);
#2644=EDGE_CURVE('',#2409,#2413,#2354,.T.);
#2655=EDGE_CURVE('',#2411,#2413,#2369,.T.);
#2676=(LENGTH_UNIT()NAMED_UNIT(*)SI_UNIT(.MILLI.,.METRE.));
#2678=(NAMED_UNIT(*)PLANE_ANGLE_UNIT()SI_UNIT($,.RADIAN.));
#2681=(NAMED_UNIT(*)SI_UNIT($,.STERADIAN.)SOLID_ANGLE_UNIT());
#2684=ADVANCED_BREP_SHAPE_REPRESENTATION('',(#2199,#2675),#2683);
#2691=PRODUCT_DEFINITION('design','',#2690,#2687);
#2692=PRODUCT_DEFINITION_SHAPE('','SHAPE FOR 6002ZZ_-_EA038.',#2691);
#2693=SHAPE_DEFINITION_REPRESENTATION(#2692,#2684);
ENDSEC;
END-ISO-10303-21;
