ISO-10303-21;
HEADER;
FILE_DESCRIPTION((''),'2;1');
FILE_NAME('6704_-_EA005','2025-12-19T11:28:00',('qinghui.yi'),(''),
'CREO PARAMETRIC BY PTC INC, 2019164','CREO PARAMETRIC BY PTC INC, 2019164','');
FILE_SCHEMA(('CONFIG_CONTROL_DESIGN','SHAPE_APPEARANCE_LAYERS_GROUPS'));
ENDSEC;
DATA;
#204=DIRECTION('',(-1.E0,0.E0,0.E0));
#205=VECTOR('',#204,1.172418389457E0);
#206=CARTESIAN_POINT('',(-7.275816105428E-1,0.E0,-1.0925E1));
#207=LINE('',#206,#205);
#208=DIRECTION('',(-1.E0,0.E0,0.E0));
#209=VECTOR('',#208,1.172418389457E0);
#210=CARTESIAN_POINT('',(-7.275816105428E-1,0.E0,1.0925E1));
#211=LINE('',#210,#209);
#212=CARTESIAN_POINT('',(-7.275816105428E-1,0.E0,0.E0));
#213=DIRECTION('',(-1.E0,0.E0,0.E0));
#214=DIRECTION('',(0.E0,0.E0,1.E0));
#215=AXIS2_PLACEMENT_3D('',#212,#213,#214);
#217=CARTESIAN_POINT('',(0.E0,0.E0,-1.175E1));
#218=DIRECTION('',(0.E0,1.E0,0.E0));
#219=DIRECTION('',(-6.614378277662E-1,0.E0,7.5E-1));
#220=AXIS2_PLACEMENT_3D('',#217,#218,#219);
#222=CARTESIAN_POINT('',(-7.275816105428E-1,0.E0,0.E0));
#223=DIRECTION('',(-1.E0,0.E0,0.E0));
#224=DIRECTION('',(0.E0,0.E0,-1.E0));
#225=AXIS2_PLACEMENT_3D('',#222,#223,#224);
#227=CARTESIAN_POINT('',(0.E0,0.E0,1.175E1));
#228=DIRECTION('',(0.E0,-1.E0,0.E0));
#229=DIRECTION('',(-6.614378277662E-1,0.E0,-7.5E-1));
#230=AXIS2_PLACEMENT_3D('',#227,#228,#229);
#232=CARTESIAN_POINT('',(0.E0,0.E0,0.E0));
#233=DIRECTION('',(-1.E0,0.E0,0.E0));
#234=DIRECTION('',(0.E0,0.E0,-1.E0));
#235=AXIS2_PLACEMENT_3D('',#232,#233,#234);
#237=CARTESIAN_POINT('',(0.E0,0.E0,1.175E1));
#238=DIRECTION('',(0.E0,-1.E0,0.E0));
#239=DIRECTION('',(0.E0,0.E0,-1.E0));
#240=AXIS2_PLACEMENT_3D('',#237,#238,#239);
#242=CARTESIAN_POINT('',(7.275816105428E-1,0.E0,0.E0));
#243=DIRECTION('',(1.E0,0.E0,0.E0));
#244=DIRECTION('',(0.E0,0.E0,1.E0));
#245=AXIS2_PLACEMENT_3D('',#242,#243,#244);
#247=CARTESIAN_POINT('',(0.E0,0.E0,0.E0));
#248=DIRECTION('',(-1.E0,0.E0,0.E0));
#249=DIRECTION('',(0.E0,0.E0,1.E0));
#250=AXIS2_PLACEMENT_3D('',#247,#248,#249);
#252=CARTESIAN_POINT('',(0.E0,0.E0,-1.175E1));
#253=DIRECTION('',(0.E0,1.E0,0.E0));
#254=DIRECTION('',(0.E0,0.E0,1.E0));
#255=AXIS2_PLACEMENT_3D('',#252,#253,#254);
#257=CARTESIAN_POINT('',(7.275816105428E-1,0.E0,0.E0));
#258=DIRECTION('',(1.E0,0.E0,0.E0));
#259=DIRECTION('',(0.E0,0.E0,-1.E0));
#260=AXIS2_PLACEMENT_3D('',#257,#258,#259);
#262=DIRECTION('',(-1.E0,0.E0,0.E0));
#263=VECTOR('',#262,1.172418389457E0);
#264=CARTESIAN_POINT('',(1.9E0,0.E0,1.0925E1));
#265=LINE('',#264,#263);
#266=CARTESIAN_POINT('',(1.9E0,0.E0,1.0825E1));
#267=DIRECTION('',(0.E0,-1.E0,0.E0));
#268=DIRECTION('',(1.E0,0.E0,0.E0));
#269=AXIS2_PLACEMENT_3D('',#266,#267,#268);
#271=CARTESIAN_POINT('',(1.9E0,0.E0,0.E0));
#272=DIRECTION('',(-1.E0,0.E0,0.E0));
#273=DIRECTION('',(0.E0,0.E0,1.E0));
#274=AXIS2_PLACEMENT_3D('',#271,#272,#273);
#276=CARTESIAN_POINT('',(2.E0,0.E0,0.E0));
#277=DIRECTION('',(-1.E0,0.E0,0.E0));
#278=DIRECTION('',(0.E0,0.E0,1.E0));
#279=AXIS2_PLACEMENT_3D('',#276,#277,#278);
#281=CARTESIAN_POINT('',(2.E0,0.E0,0.E0));
#282=DIRECTION('',(-1.E0,0.E0,0.E0));
#283=DIRECTION('',(0.E0,0.E0,-1.E0));
#284=AXIS2_PLACEMENT_3D('',#281,#282,#283);
#286=CARTESIAN_POINT('',(2.E0,0.E0,0.E0));
#287=DIRECTION('',(1.E0,0.E0,0.E0));
#288=DIRECTION('',(0.E0,0.E0,-1.E0));
#289=AXIS2_PLACEMENT_3D('',#286,#287,#288);
#291=CARTESIAN_POINT('',(2.E0,0.E0,0.E0));
#292=DIRECTION('',(1.E0,0.E0,0.E0));
#293=DIRECTION('',(0.E0,0.E0,1.E0));
#294=AXIS2_PLACEMENT_3D('',#291,#292,#293);
#296=CARTESIAN_POINT('',(1.9E0,0.E0,-1.0825E1));
#297=DIRECTION('',(0.E0,1.E0,0.E0));
#298=DIRECTION('',(1.E0,0.E0,0.E0));
#299=AXIS2_PLACEMENT_3D('',#296,#297,#298);
#301=CARTESIAN_POINT('',(1.9E0,0.E0,0.E0));
#302=DIRECTION('',(-1.E0,0.E0,0.E0));
#303=DIRECTION('',(0.E0,0.E0,-1.E0));
#304=AXIS2_PLACEMENT_3D('',#301,#302,#303);
#306=DIRECTION('',(-1.E0,0.E0,0.E0));
#307=VECTOR('',#306,1.172418389457E0);
#308=CARTESIAN_POINT('',(1.9E0,0.E0,-1.0925E1));
#309=LINE('',#308,#307);
#310=CARTESIAN_POINT('',(1.8E0,0.E0,0.E0));
#311=DIRECTION('',(1.E0,0.E0,0.E0));
#312=DIRECTION('',(0.E0,0.E0,-1.E0));
#313=AXIS2_PLACEMENT_3D('',#310,#311,#312);
#315=CARTESIAN_POINT('',(1.8E0,0.E0,1.02E1));
#316=DIRECTION('',(0.E0,-1.E0,0.E0));
#317=DIRECTION('',(0.E0,0.E0,-1.E0));
#318=AXIS2_PLACEMENT_3D('',#315,#316,#317);
#320=DIRECTION('',(-1.E0,0.E0,0.E0));
#321=VECTOR('',#320,3.6E0);
#322=CARTESIAN_POINT('',(1.8E0,0.E0,-1.E1));
#323=LINE('',#322,#321);
#324=DIRECTION('',(-1.E0,0.E0,0.E0));
#325=VECTOR('',#324,3.6E0);
#326=CARTESIAN_POINT('',(1.8E0,0.E0,1.E1));
#327=LINE('',#326,#325);
#328=CARTESIAN_POINT('',(1.8E0,0.E0,-1.02E1));
#329=DIRECTION('',(0.E0,1.E0,0.E0));
#330=DIRECTION('',(0.E0,0.E0,1.E0));
#331=AXIS2_PLACEMENT_3D('',#328,#329,#330);
#333=CARTESIAN_POINT('',(1.8E0,0.E0,0.E0));
#334=DIRECTION('',(1.E0,0.E0,0.E0));
#335=DIRECTION('',(0.E0,0.E0,1.E0));
#336=AXIS2_PLACEMENT_3D('',#333,#334,#335);
#338=CARTESIAN_POINT('',(-1.8E0,0.E0,-1.02E1));
#339=DIRECTION('',(0.E0,1.E0,0.E0));
#340=DIRECTION('',(-1.E0,0.E0,0.E0));
#341=AXIS2_PLACEMENT_3D('',#338,#339,#340);
#343=CARTESIAN_POINT('',(-1.8E0,0.E0,0.E0));
#344=DIRECTION('',(-1.E0,0.E0,0.E0));
#345=DIRECTION('',(0.E0,0.E0,-1.E0));
#346=AXIS2_PLACEMENT_3D('',#343,#344,#345);
#348=CARTESIAN_POINT('',(-1.8E0,0.E0,1.02E1));
#349=DIRECTION('',(0.E0,-1.E0,0.E0));
#350=DIRECTION('',(-1.E0,0.E0,0.E0));
#351=AXIS2_PLACEMENT_3D('',#348,#349,#350);
#353=CARTESIAN_POINT('',(-1.8E0,0.E0,0.E0));
#354=DIRECTION('',(-1.E0,0.E0,0.E0));
#355=DIRECTION('',(0.E0,0.E0,1.E0));
#356=AXIS2_PLACEMENT_3D('',#353,#354,#355);
#358=CARTESIAN_POINT('',(-2.E0,0.E0,0.E0));
#359=DIRECTION('',(1.E0,0.E0,0.E0));
#360=DIRECTION('',(0.E0,0.E0,-1.E0));
#361=AXIS2_PLACEMENT_3D('',#358,#359,#360);
#363=CARTESIAN_POINT('',(-2.E0,0.E0,0.E0));
#364=DIRECTION('',(1.E0,0.E0,0.E0));
#365=DIRECTION('',(0.E0,0.E0,1.E0));
#366=AXIS2_PLACEMENT_3D('',#363,#364,#365);
#368=CARTESIAN_POINT('',(-2.E0,0.E0,0.E0));
#369=DIRECTION('',(-1.E0,0.E0,0.E0));
#370=DIRECTION('',(0.E0,0.E0,1.E0));
#371=AXIS2_PLACEMENT_3D('',#368,#369,#370);
#373=CARTESIAN_POINT('',(-2.E0,0.E0,0.E0));
#374=DIRECTION('',(-1.E0,0.E0,0.E0));
#375=DIRECTION('',(0.E0,0.E0,-1.E0));
#376=AXIS2_PLACEMENT_3D('',#373,#374,#375);
#378=CARTESIAN_POINT('',(-1.9E0,0.E0,0.E0));
#379=DIRECTION('',(1.E0,0.E0,0.E0));
#380=DIRECTION('',(0.E0,0.E0,-1.E0));
#381=AXIS2_PLACEMENT_3D('',#378,#379,#380);
#383=CARTESIAN_POINT('',(-1.9E0,0.E0,1.0825E1));
#384=DIRECTION('',(0.E0,-1.E0,0.E0));
#385=DIRECTION('',(0.E0,0.E0,1.E0));
#386=AXIS2_PLACEMENT_3D('',#383,#384,#385);
#388=CARTESIAN_POINT('',(-1.9E0,0.E0,-1.0825E1));
#389=DIRECTION('',(0.E0,1.E0,0.E0));
#390=DIRECTION('',(0.E0,0.E0,-1.E0));
#391=AXIS2_PLACEMENT_3D('',#388,#389,#390);
#393=CARTESIAN_POINT('',(-1.9E0,0.E0,0.E0));
#394=DIRECTION('',(1.E0,0.E0,0.E0));
#395=DIRECTION('',(0.E0,0.E0,1.E0));
#396=AXIS2_PLACEMENT_3D('',#393,#394,#395);
#398=CARTESIAN_POINT('',(1.8E0,0.E0,1.E1));
#399=CARTESIAN_POINT('',(1.8E0,0.E0,-1.E1));
#400=VERTEX_POINT('',#398);
#401=VERTEX_POINT('',#399);
#402=CARTESIAN_POINT('',(-1.8E0,0.E0,1.E1));
#403=VERTEX_POINT('',#402);
#404=CARTESIAN_POINT('',(-1.8E0,0.E0,-1.E1));
#405=VERTEX_POINT('',#404);
#406=CARTESIAN_POINT('',(2.E0,0.E0,-1.02E1));
#407=VERTEX_POINT('',#406);
#408=CARTESIAN_POINT('',(2.E0,0.E0,1.02E1));
#409=VERTEX_POINT('',#408);
#410=CARTESIAN_POINT('',(-2.E0,0.E0,1.02E1));
#411=CARTESIAN_POINT('',(-2.E0,0.E0,-1.02E1));
#412=VERTEX_POINT('',#410);
#413=VERTEX_POINT('',#411);
#414=CARTESIAN_POINT('',(-2.E0,0.E0,-1.0825E1));
#415=CARTESIAN_POINT('',(-2.E0,0.E0,1.0825E1));
#416=VERTEX_POINT('',#414);
#417=VERTEX_POINT('',#415);
#418=CARTESIAN_POINT('',(-1.9E0,0.E0,-1.0925E1));
#419=CARTESIAN_POINT('',(-1.9E0,0.E0,1.0925E1));
#420=VERTEX_POINT('',#418);
#421=VERTEX_POINT('',#419);
#422=CARTESIAN_POINT('',(-7.275816105428E-1,0.E0,1.0925E1));
#423=CARTESIAN_POINT('',(-7.275816105428E-1,0.E0,-1.0925E1));
#424=VERTEX_POINT('',#422);
#425=VERTEX_POINT('',#423);
#426=CARTESIAN_POINT('',(0.E0,0.E0,1.065E1));
#427=VERTEX_POINT('',#426);
#428=CARTESIAN_POINT('',(0.E0,0.E0,-1.065E1));
#429=VERTEX_POINT('',#428);
#430=CARTESIAN_POINT('',(7.275816105428E-1,0.E0,1.0925E1));
#431=VERTEX_POINT('',#430);
#432=CARTESIAN_POINT('',(7.275816105428E-1,0.E0,-1.0925E1));
#433=VERTEX_POINT('',#432);
#434=CARTESIAN_POINT('',(1.9E0,0.E0,1.0925E1));
#435=CARTESIAN_POINT('',(1.9E0,0.E0,-1.0925E1));
#436=VERTEX_POINT('',#434);
#437=VERTEX_POINT('',#435);
#438=CARTESIAN_POINT('',(2.E0,0.E0,1.0825E1));
#439=CARTESIAN_POINT('',(2.E0,0.E0,-1.0825E1));
#440=VERTEX_POINT('',#438);
#441=VERTEX_POINT('',#439);
#442=CARTESIAN_POINT('',(-2.E0,0.E0,0.E0));
#443=DIRECTION('',(-1.E0,0.E0,0.E0));
#444=DIRECTION('',(0.E0,0.E0,1.E0));
#445=AXIS2_PLACEMENT_3D('',#442,#443,#444);
#446=CYLINDRICAL_SURFACE('',#445,1.0925E1);
#448=ORIENTED_EDGE('',*,*,#447,.T.);
#450=ORIENTED_EDGE('',*,*,#449,.F.);
#452=ORIENTED_EDGE('',*,*,#451,.F.);
#454=ORIENTED_EDGE('',*,*,#453,.F.);
#455=EDGE_LOOP('',(#448,#450,#452,#454));
#456=FACE_OUTER_BOUND('',#455,.F.);
#457=ADVANCED_FACE('',(#456),#446,.T.);
#458=CARTESIAN_POINT('',(-2.E0,0.E0,0.E0));
#459=DIRECTION('',(-1.E0,0.E0,0.E0));
#460=DIRECTION('',(0.E0,0.E0,1.E0));
#461=AXIS2_PLACEMENT_3D('',#458,#459,#460);
#462=CYLINDRICAL_SURFACE('',#461,1.0925E1);
#464=ORIENTED_EDGE('',*,*,#463,.F.);
#465=ORIENTED_EDGE('',*,*,#451,.T.);
#467=ORIENTED_EDGE('',*,*,#466,.F.);
#468=ORIENTED_EDGE('',*,*,#447,.F.);
#469=EDGE_LOOP('',(#464,#465,#467,#468));
#470=FACE_OUTER_BOUND('',#469,.F.);
#471=ADVANCED_FACE('',(#470),#462,.T.);
#472=CARTESIAN_POINT('',(0.E0,0.E0,0.E0));
#473=DIRECTION('',(-1.E0,0.E0,0.E0));
#474=DIRECTION('',(0.E0,0.E0,1.E0));
#475=AXIS2_PLACEMENT_3D('',#472,#473,#474);
#476=TOROIDAL_SURFACE('',#475,1.175E1,1.1E0);
#478=ORIENTED_EDGE('',*,*,#477,.F.);
#479=ORIENTED_EDGE('',*,*,#463,.T.);
#481=ORIENTED_EDGE('',*,*,#480,.T.);
#483=ORIENTED_EDGE('',*,*,#482,.F.);
#484=EDGE_LOOP('',(#478,#479,#481,#483));
#485=FACE_OUTER_BOUND('',#484,.F.);
#486=ADVANCED_FACE('',(#485),#476,.F.);
#487=CARTESIAN_POINT('',(0.E0,0.E0,0.E0));
#488=DIRECTION('',(-1.E0,0.E0,0.E0));
#489=DIRECTION('',(0.E0,0.E0,1.E0));
#490=AXIS2_PLACEMENT_3D('',#487,#488,#489);
#491=TOROIDAL_SURFACE('',#490,1.175E1,1.1E0);
#492=ORIENTED_EDGE('',*,*,#480,.F.);
#493=ORIENTED_EDGE('',*,*,#453,.T.);
#494=ORIENTED_EDGE('',*,*,#477,.T.);
#496=ORIENTED_EDGE('',*,*,#495,.F.);
#497=EDGE_LOOP('',(#492,#493,#494,#496));
#498=FACE_OUTER_BOUND('',#497,.F.);
#499=ADVANCED_FACE('',(#498),#491,.F.);
#500=CARTESIAN_POINT('',(0.E0,0.E0,0.E0));
#501=DIRECTION('',(-1.E0,0.E0,0.E0));
#502=DIRECTION('',(0.E0,0.E0,1.E0));
#503=AXIS2_PLACEMENT_3D('',#500,#501,#502);
#504=TOROIDAL_SURFACE('',#503,1.175E1,1.1E0);
#505=ORIENTED_EDGE('',*,*,#495,.T.);
#507=ORIENTED_EDGE('',*,*,#506,.T.);
#509=ORIENTED_EDGE('',*,*,#508,.T.);
#511=ORIENTED_EDGE('',*,*,#510,.F.);
#512=EDGE_LOOP('',(#505,#507,#509,#511));
#513=FACE_OUTER_BOUND('',#512,.F.);
#514=ADVANCED_FACE('',(#513),#504,.F.);
#515=CARTESIAN_POINT('',(0.E0,0.E0,0.E0));
#516=DIRECTION('',(-1.E0,0.E0,0.E0));
#517=DIRECTION('',(0.E0,0.E0,1.E0));
#518=AXIS2_PLACEMENT_3D('',#515,#516,#517);
#519=TOROIDAL_SURFACE('',#518,1.175E1,1.1E0);
#520=ORIENTED_EDGE('',*,*,#482,.T.);
#521=ORIENTED_EDGE('',*,*,#510,.T.);
#523=ORIENTED_EDGE('',*,*,#522,.T.);
#524=ORIENTED_EDGE('',*,*,#506,.F.);
#525=EDGE_LOOP('',(#520,#521,#523,#524));
#526=FACE_OUTER_BOUND('',#525,.F.);
#527=ADVANCED_FACE('',(#526),#519,.F.);
#528=CARTESIAN_POINT('',(-2.E0,0.E0,0.E0));
#529=DIRECTION('',(-1.E0,0.E0,0.E0));
#530=DIRECTION('',(0.E0,0.E0,1.E0));
#531=AXIS2_PLACEMENT_3D('',#528,#529,#530);
#532=CYLINDRICAL_SURFACE('',#531,1.0925E1);
#534=ORIENTED_EDGE('',*,*,#533,.F.);
#536=ORIENTED_EDGE('',*,*,#535,.T.);
#537=ORIENTED_EDGE('',*,*,#522,.F.);
#539=ORIENTED_EDGE('',*,*,#538,.F.);
#540=EDGE_LOOP('',(#534,#536,#537,#539));
#541=FACE_OUTER_BOUND('',#540,.F.);
#542=ADVANCED_FACE('',(#541),#532,.T.);
#543=CARTESIAN_POINT('',(1.9E0,0.E0,0.E0));
#544=DIRECTION('',(-1.E0,0.E0,0.E0));
#545=DIRECTION('',(0.E0,0.E0,1.E0));
#546=AXIS2_PLACEMENT_3D('',#543,#544,#545);
#547=TOROIDAL_SURFACE('',#546,1.0825E1,1.E-1);
#549=ORIENTED_EDGE('',*,*,#548,.F.);
#551=ORIENTED_EDGE('',*,*,#550,.T.);
#552=ORIENTED_EDGE('',*,*,#533,.T.);
#554=ORIENTED_EDGE('',*,*,#553,.F.);
#555=EDGE_LOOP('',(#549,#551,#552,#554));
#556=FACE_OUTER_BOUND('',#555,.F.);
#557=ADVANCED_FACE('',(#556),#547,.T.);
#558=CARTESIAN_POINT('',(2.E0,1.0825E1,0.E0));
#559=DIRECTION('',(-1.E0,0.E0,0.E0));
#560=DIRECTION('',(0.E0,0.E0,1.E0));
#561=AXIS2_PLACEMENT_3D('',#558,#559,#560);
#562=PLANE('',#561);
#563=ORIENTED_EDGE('',*,*,#548,.T.);
#565=ORIENTED_EDGE('',*,*,#564,.T.);
#566=EDGE_LOOP('',(#563,#565));
#567=FACE_OUTER_BOUND('',#566,.F.);
#569=ORIENTED_EDGE('',*,*,#568,.T.);
#571=ORIENTED_EDGE('',*,*,#570,.T.);
#572=EDGE_LOOP('',(#569,#571));
#573=FACE_BOUND('',#572,.F.);
#574=ADVANCED_FACE('',(#567,#573),#562,.F.);
#575=CARTESIAN_POINT('',(1.9E0,0.E0,0.E0));
#576=DIRECTION('',(-1.E0,0.E0,0.E0));
#577=DIRECTION('',(0.E0,0.E0,1.E0));
#578=AXIS2_PLACEMENT_3D('',#575,#576,#577);
#579=TOROIDAL_SURFACE('',#578,1.0825E1,1.E-1);
#580=ORIENTED_EDGE('',*,*,#553,.T.);
#582=ORIENTED_EDGE('',*,*,#581,.T.);
#583=ORIENTED_EDGE('',*,*,#550,.F.);
#584=ORIENTED_EDGE('',*,*,#564,.F.);
#585=EDGE_LOOP('',(#580,#582,#583,#584));
#586=FACE_OUTER_BOUND('',#585,.F.);
#587=ADVANCED_FACE('',(#586),#579,.T.);
#588=CARTESIAN_POINT('',(-2.E0,0.E0,0.E0));
#589=DIRECTION('',(-1.E0,0.E0,0.E0));
#590=DIRECTION('',(0.E0,0.E0,1.E0));
#591=AXIS2_PLACEMENT_3D('',#588,#589,#590);
#592=CYLINDRICAL_SURFACE('',#591,1.0925E1);
#593=ORIENTED_EDGE('',*,*,#538,.T.);
#594=ORIENTED_EDGE('',*,*,#508,.F.);
#595=ORIENTED_EDGE('',*,*,#535,.F.);
#596=ORIENTED_EDGE('',*,*,#581,.F.);
#597=EDGE_LOOP('',(#593,#594,#595,#596));
#598=FACE_OUTER_BOUND('',#597,.F.);
#599=ADVANCED_FACE('',(#598),#592,.T.);
#600=CARTESIAN_POINT('',(1.8E0,0.E0,0.E0));
#601=DIRECTION('',(-1.E0,0.E0,0.E0));
#602=DIRECTION('',(0.E0,0.E0,1.E0));
#603=AXIS2_PLACEMENT_3D('',#600,#601,#602);
#604=TOROIDAL_SURFACE('',#603,1.02E1,2.E-1);
#606=ORIENTED_EDGE('',*,*,#605,.T.);
#608=ORIENTED_EDGE('',*,*,#607,.T.);
#609=ORIENTED_EDGE('',*,*,#568,.F.);
#611=ORIENTED_EDGE('',*,*,#610,.F.);
#612=EDGE_LOOP('',(#606,#608,#609,#611));
#613=FACE_OUTER_BOUND('',#612,.F.);
#614=ADVANCED_FACE('',(#613),#604,.T.);
#615=CARTESIAN_POINT('',(-2.E0,0.E0,0.E0));
#616=DIRECTION('',(-1.E0,0.E0,0.E0));
#617=DIRECTION('',(0.E0,0.E0,1.E0));
#618=AXIS2_PLACEMENT_3D('',#615,#616,#617);
#619=CYLINDRICAL_SURFACE('',#618,1.E1);
#621=ORIENTED_EDGE('',*,*,#620,.T.);
#623=ORIENTED_EDGE('',*,*,#622,.F.);
#625=ORIENTED_EDGE('',*,*,#624,.F.);
#626=ORIENTED_EDGE('',*,*,#605,.F.);
#627=EDGE_LOOP('',(#621,#623,#625,#626));
#628=FACE_OUTER_BOUND('',#627,.F.);
#629=ADVANCED_FACE('',(#628),#619,.F.);
#630=CARTESIAN_POINT('',(-2.E0,0.E0,0.E0));
#631=DIRECTION('',(-1.E0,0.E0,0.E0));
#632=DIRECTION('',(0.E0,0.E0,1.E0));
#633=AXIS2_PLACEMENT_3D('',#630,#631,#632);
#634=CYLINDRICAL_SURFACE('',#633,1.E1);
#636=ORIENTED_EDGE('',*,*,#635,.F.);
#637=ORIENTED_EDGE('',*,*,#624,.T.);
#639=ORIENTED_EDGE('',*,*,#638,.F.);
#640=ORIENTED_EDGE('',*,*,#620,.F.);
#641=EDGE_LOOP('',(#636,#637,#639,#640));
#642=FACE_OUTER_BOUND('',#641,.F.);
#643=ADVANCED_FACE('',(#642),#634,.F.);
#644=CARTESIAN_POINT('',(1.8E0,0.E0,0.E0));
#645=DIRECTION('',(-1.E0,0.E0,0.E0));
#646=DIRECTION('',(0.E0,0.E0,1.E0));
#647=AXIS2_PLACEMENT_3D('',#644,#645,#646);
#648=TOROIDAL_SURFACE('',#647,1.02E1,2.E-1);
#649=ORIENTED_EDGE('',*,*,#610,.T.);
#650=ORIENTED_EDGE('',*,*,#570,.F.);
#651=ORIENTED_EDGE('',*,*,#607,.F.);
#652=ORIENTED_EDGE('',*,*,#635,.T.);
#653=EDGE_LOOP('',(#649,#650,#651,#652));
#654=FACE_OUTER_BOUND('',#653,.F.);
#655=ADVANCED_FACE('',(#654),#648,.T.);
#656=CARTESIAN_POINT('',(-1.8E0,0.E0,0.E0));
#657=DIRECTION('',(-1.E0,0.E0,0.E0));
#658=DIRECTION('',(0.E0,0.E0,1.E0));
#659=AXIS2_PLACEMENT_3D('',#656,#657,#658);
#660=TOROIDAL_SURFACE('',#659,1.02E1,2.E-1);
#662=ORIENTED_EDGE('',*,*,#661,.T.);
#663=ORIENTED_EDGE('',*,*,#638,.T.);
#665=ORIENTED_EDGE('',*,*,#664,.F.);
#667=ORIENTED_EDGE('',*,*,#666,.F.);
#668=EDGE_LOOP('',(#662,#663,#665,#667));
#669=FACE_OUTER_BOUND('',#668,.F.);
#670=ADVANCED_FACE('',(#669),#660,.T.);
#671=CARTESIAN_POINT('',(-1.8E0,0.E0,0.E0));
#672=DIRECTION('',(-1.E0,0.E0,0.E0));
#673=DIRECTION('',(0.E0,0.E0,1.E0));
#674=AXIS2_PLACEMENT_3D('',#671,#672,#673);
#675=TOROIDAL_SURFACE('',#674,1.02E1,2.E-1);
#677=ORIENTED_EDGE('',*,*,#676,.F.);
#678=ORIENTED_EDGE('',*,*,#664,.T.);
#679=ORIENTED_EDGE('',*,*,#622,.T.);
#680=ORIENTED_EDGE('',*,*,#661,.F.);
#681=EDGE_LOOP('',(#677,#678,#679,#680));
#682=FACE_OUTER_BOUND('',#681,.F.);
#683=ADVANCED_FACE('',(#682),#675,.T.);
#684=CARTESIAN_POINT('',(-2.E0,1.0825E1,0.E0));
#685=DIRECTION('',(1.E0,0.E0,0.E0));
#686=DIRECTION('',(0.E0,0.E0,-1.E0));
#687=AXIS2_PLACEMENT_3D('',#684,#685,#686);
#688=PLANE('',#687);
#690=ORIENTED_EDGE('',*,*,#689,.T.);
#692=ORIENTED_EDGE('',*,*,#691,.T.);
#693=EDGE_LOOP('',(#690,#692));
#694=FACE_OUTER_BOUND('',#693,.F.);
#695=ORIENTED_EDGE('',*,*,#676,.T.);
#696=ORIENTED_EDGE('',*,*,#666,.T.);
#697=EDGE_LOOP('',(#695,#696));
#698=FACE_BOUND('',#697,.F.);
#699=ADVANCED_FACE('',(#694,#698),#688,.F.);
#700=CARTESIAN_POINT('',(-1.9E0,0.E0,0.E0));
#701=DIRECTION('',(-1.E0,0.E0,0.E0));
#702=DIRECTION('',(0.E0,0.E0,1.E0));
#703=AXIS2_PLACEMENT_3D('',#700,#701,#702);
#704=TOROIDAL_SURFACE('',#703,1.0825E1,1.E-1);
#705=ORIENTED_EDGE('',*,*,#466,.T.);
#707=ORIENTED_EDGE('',*,*,#706,.T.);
#708=ORIENTED_EDGE('',*,*,#689,.F.);
#710=ORIENTED_EDGE('',*,*,#709,.F.);
#711=EDGE_LOOP('',(#705,#707,#708,#710));
#712=FACE_OUTER_BOUND('',#711,.F.);
#713=ADVANCED_FACE('',(#712),#704,.T.);
#714=CARTESIAN_POINT('',(-1.9E0,0.E0,0.E0));
#715=DIRECTION('',(-1.E0,0.E0,0.E0));
#716=DIRECTION('',(0.E0,0.E0,1.E0));
#717=AXIS2_PLACEMENT_3D('',#714,#715,#716);
#718=TOROIDAL_SURFACE('',#717,1.0825E1,1.E-1);
#719=ORIENTED_EDGE('',*,*,#709,.T.);
#720=ORIENTED_EDGE('',*,*,#691,.F.);
#721=ORIENTED_EDGE('',*,*,#706,.F.);
#722=ORIENTED_EDGE('',*,*,#449,.T.);
#723=EDGE_LOOP('',(#719,#720,#721,#722));
#724=FACE_OUTER_BOUND('',#723,.F.);
#725=ADVANCED_FACE('',(#724),#718,.T.);
#726=CLOSED_SHELL('',(#457,#471,#486,#499,#514,#527,#542,#557,#574,#587,#599,
#614,#629,#643,#655,#670,#683,#699,#713,#725));
#727=MANIFOLD_SOLID_BREP('',#726);
#728=DIRECTION('',(-1.E0,0.E0,0.E0));
#729=VECTOR('',#728,1.172418389457E0);
#730=CARTESIAN_POINT('',(-7.275816105428E-1,0.E0,-1.2575E1));
#731=LINE('',#730,#729);
#732=DIRECTION('',(-1.E0,0.E0,0.E0));
#733=VECTOR('',#732,1.172418389457E0);
#734=CARTESIAN_POINT('',(-7.275816105428E-1,0.E0,1.2575E1));
#735=LINE('',#734,#733);
#736=CARTESIAN_POINT('',(7.275816105428E-1,0.E0,0.E0));
#737=DIRECTION('',(-1.E0,0.E0,0.E0));
#738=DIRECTION('',(0.E0,0.E0,-1.E0));
#739=AXIS2_PLACEMENT_3D('',#736,#737,#738);
#741=CARTESIAN_POINT('',(0.E0,0.E0,1.175E1));
#742=DIRECTION('',(0.E0,-1.E0,0.E0));
#743=DIRECTION('',(6.614378277662E-1,0.E0,7.5E-1));
#744=AXIS2_PLACEMENT_3D('',#741,#742,#743);
#746=CARTESIAN_POINT('',(0.E0,0.E0,1.175E1));
#747=DIRECTION('',(0.E0,-1.E0,0.E0));
#748=DIRECTION('',(0.E0,0.E0,1.E0));
#749=AXIS2_PLACEMENT_3D('',#746,#747,#748);
#751=CARTESIAN_POINT('',(-7.275816105428E-1,0.E0,0.E0));
#752=DIRECTION('',(1.E0,0.E0,0.E0));
#753=DIRECTION('',(0.E0,0.E0,1.E0));
#754=AXIS2_PLACEMENT_3D('',#751,#752,#753);
#756=DIRECTION('',(-1.E0,0.E0,0.E0));
#757=VECTOR('',#756,1.172418389457E0);
#758=CARTESIAN_POINT('',(1.9E0,0.E0,1.2575E1));
#759=LINE('',#758,#757);
#760=CARTESIAN_POINT('',(1.9E0,0.E0,-1.2675E1));
#761=DIRECTION('',(0.E0,1.E0,0.E0));
#762=DIRECTION('',(0.E0,0.E0,1.E0));
#763=AXIS2_PLACEMENT_3D('',#760,#761,#762);
#765=CARTESIAN_POINT('',(1.9E0,0.E0,0.E0));
#766=DIRECTION('',(1.E0,0.E0,0.E0));
#767=DIRECTION('',(0.E0,0.E0,1.E0));
#768=AXIS2_PLACEMENT_3D('',#765,#766,#767);
#770=CARTESIAN_POINT('',(1.9E0,0.E0,0.E0));
#771=DIRECTION('',(1.E0,0.E0,0.E0));
#772=DIRECTION('',(0.E0,0.E0,-1.E0));
#773=AXIS2_PLACEMENT_3D('',#770,#771,#772);
#775=CARTESIAN_POINT('',(1.9E0,0.E0,1.2675E1));
#776=DIRECTION('',(0.E0,-1.E0,0.E0));
#777=DIRECTION('',(0.E0,0.E0,-1.E0));
#778=AXIS2_PLACEMENT_3D('',#775,#776,#777);
#780=DIRECTION('',(-1.E0,0.E0,0.E0));
#781=VECTOR('',#780,1.172418389457E0);
#782=CARTESIAN_POINT('',(1.9E0,0.E0,-1.2575E1));
#783=LINE('',#782,#781);
#784=CARTESIAN_POINT('',(0.E0,0.E0,-1.175E1));
#785=DIRECTION('',(0.E0,1.E0,0.E0));
#786=DIRECTION('',(0.E0,0.E0,-1.E0));
#787=AXIS2_PLACEMENT_3D('',#784,#785,#786);
#789=CARTESIAN_POINT('',(-7.275816105428E-1,0.E0,0.E0));
#790=DIRECTION('',(1.E0,0.E0,0.E0));
#791=DIRECTION('',(0.E0,0.E0,-1.E0));
#792=AXIS2_PLACEMENT_3D('',#789,#790,#791);
#794=CARTESIAN_POINT('',(7.275816105428E-1,0.E0,0.E0));
#795=DIRECTION('',(-1.E0,0.E0,0.E0));
#796=DIRECTION('',(0.E0,0.E0,1.E0));
#797=AXIS2_PLACEMENT_3D('',#794,#795,#796);
#799=CARTESIAN_POINT('',(0.E0,0.E0,-1.175E1));
#800=DIRECTION('',(0.E0,1.E0,0.E0));
#801=DIRECTION('',(6.614378277662E-1,0.E0,-7.5E-1));
#802=AXIS2_PLACEMENT_3D('',#799,#800,#801);
#804=CARTESIAN_POINT('',(2.E0,0.E0,0.E0));
#805=DIRECTION('',(-1.E0,0.E0,0.E0));
#806=DIRECTION('',(0.E0,0.E0,1.E0));
#807=AXIS2_PLACEMENT_3D('',#804,#805,#806);
#809=CARTESIAN_POINT('',(2.E0,0.E0,0.E0));
#810=DIRECTION('',(-1.E0,0.E0,0.E0));
#811=DIRECTION('',(0.E0,0.E0,-1.E0));
#812=AXIS2_PLACEMENT_3D('',#809,#810,#811);
#814=CARTESIAN_POINT('',(2.E0,0.E0,0.E0));
#815=DIRECTION('',(1.E0,0.E0,0.E0));
#816=DIRECTION('',(0.E0,0.E0,-1.E0));
#817=AXIS2_PLACEMENT_3D('',#814,#815,#816);
#819=CARTESIAN_POINT('',(2.E0,0.E0,0.E0));
#820=DIRECTION('',(1.E0,0.E0,0.E0));
#821=DIRECTION('',(0.E0,0.E0,1.E0));
#822=AXIS2_PLACEMENT_3D('',#819,#820,#821);
#824=CARTESIAN_POINT('',(1.8E0,0.E0,1.33E1));
#825=DIRECTION('',(0.E0,-1.E0,0.E0));
#826=DIRECTION('',(1.E0,0.E0,0.E0));
#827=AXIS2_PLACEMENT_3D('',#824,#825,#826);
#829=CARTESIAN_POINT('',(1.8E0,0.E0,0.E0));
#830=DIRECTION('',(-1.E0,0.E0,0.E0));
#831=DIRECTION('',(0.E0,0.E0,1.E0));
#832=AXIS2_PLACEMENT_3D('',#829,#830,#831);
#834=CARTESIAN_POINT('',(1.8E0,0.E0,-1.33E1));
#835=DIRECTION('',(0.E0,1.E0,0.E0));
#836=DIRECTION('',(1.E0,0.E0,0.E0));
#837=AXIS2_PLACEMENT_3D('',#834,#835,#836);
#839=CARTESIAN_POINT('',(1.8E0,0.E0,0.E0));
#840=DIRECTION('',(-1.E0,0.E0,0.E0));
#841=DIRECTION('',(0.E0,0.E0,-1.E0));
#842=AXIS2_PLACEMENT_3D('',#839,#840,#841);
#844=DIRECTION('',(-1.E0,0.E0,0.E0));
#845=VECTOR('',#844,3.6E0);
#846=CARTESIAN_POINT('',(1.8E0,0.E0,-1.35E1));
#847=LINE('',#846,#845);
#848=DIRECTION('',(-1.E0,0.E0,0.E0));
#849=VECTOR('',#848,3.6E0);
#850=CARTESIAN_POINT('',(1.8E0,0.E0,1.35E1));
#851=LINE('',#850,#849);
#852=CARTESIAN_POINT('',(-1.8E0,0.E0,0.E0));
#853=DIRECTION('',(1.E0,0.E0,0.E0));
#854=DIRECTION('',(0.E0,0.E0,-1.E0));
#855=AXIS2_PLACEMENT_3D('',#852,#853,#854);
#857=CARTESIAN_POINT('',(-1.8E0,0.E0,1.33E1));
#858=DIRECTION('',(0.E0,-1.E0,0.E0));
#859=DIRECTION('',(0.E0,0.E0,1.E0));
#860=AXIS2_PLACEMENT_3D('',#857,#858,#859);
#862=CARTESIAN_POINT('',(-1.8E0,0.E0,-1.33E1));
#863=DIRECTION('',(0.E0,1.E0,0.E0));
#864=DIRECTION('',(0.E0,0.E0,-1.E0));
#865=AXIS2_PLACEMENT_3D('',#862,#863,#864);
#867=CARTESIAN_POINT('',(-1.8E0,0.E0,0.E0));
#868=DIRECTION('',(1.E0,0.E0,0.E0));
#869=DIRECTION('',(0.E0,0.E0,1.E0));
#870=AXIS2_PLACEMENT_3D('',#867,#868,#869);
#872=CARTESIAN_POINT('',(-2.E0,0.E0,0.E0));
#873=DIRECTION('',(1.E0,0.E0,0.E0));
#874=DIRECTION('',(0.E0,0.E0,-1.E0));
#875=AXIS2_PLACEMENT_3D('',#872,#873,#874);
#877=CARTESIAN_POINT('',(-2.E0,0.E0,0.E0));
#878=DIRECTION('',(1.E0,0.E0,0.E0));
#879=DIRECTION('',(0.E0,0.E0,1.E0));
#880=AXIS2_PLACEMENT_3D('',#877,#878,#879);
#882=CARTESIAN_POINT('',(-2.E0,0.E0,0.E0));
#883=DIRECTION('',(-1.E0,0.E0,0.E0));
#884=DIRECTION('',(0.E0,0.E0,1.E0));
#885=AXIS2_PLACEMENT_3D('',#882,#883,#884);
#887=CARTESIAN_POINT('',(-2.E0,0.E0,0.E0));
#888=DIRECTION('',(-1.E0,0.E0,0.E0));
#889=DIRECTION('',(0.E0,0.E0,-1.E0));
#890=AXIS2_PLACEMENT_3D('',#887,#888,#889);
#892=CARTESIAN_POINT('',(-1.9E0,0.E0,1.2675E1));
#893=DIRECTION('',(0.E0,-1.E0,0.E0));
#894=DIRECTION('',(-1.E0,0.E0,0.E0));
#895=AXIS2_PLACEMENT_3D('',#892,#893,#894);
#897=CARTESIAN_POINT('',(-1.9E0,0.E0,0.E0));
#898=DIRECTION('',(-1.E0,0.E0,0.E0));
#899=DIRECTION('',(0.E0,0.E0,1.E0));
#900=AXIS2_PLACEMENT_3D('',#897,#898,#899);
#902=CARTESIAN_POINT('',(-1.9E0,0.E0,-1.2675E1));
#903=DIRECTION('',(0.E0,1.E0,0.E0));
#904=DIRECTION('',(-1.E0,0.E0,0.E0));
#905=AXIS2_PLACEMENT_3D('',#902,#903,#904);
#907=CARTESIAN_POINT('',(-1.9E0,0.E0,0.E0));
#908=DIRECTION('',(-1.E0,0.E0,0.E0));
#909=DIRECTION('',(0.E0,0.E0,-1.E0));
#910=AXIS2_PLACEMENT_3D('',#907,#908,#909);
#912=CARTESIAN_POINT('',(2.E0,0.E0,1.33E1));
#913=CARTESIAN_POINT('',(2.E0,0.E0,-1.33E1));
#914=VERTEX_POINT('',#912);
#915=VERTEX_POINT('',#913);
#916=CARTESIAN_POINT('',(2.E0,0.E0,-1.2675E1));
#917=CARTESIAN_POINT('',(2.E0,0.E0,1.2675E1));
#918=VERTEX_POINT('',#916);
#919=VERTEX_POINT('',#917);
#920=CARTESIAN_POINT('',(1.8E0,0.E0,1.35E1));
#921=VERTEX_POINT('',#920);
#922=CARTESIAN_POINT('',(1.8E0,0.E0,-1.35E1));
#923=VERTEX_POINT('',#922);
#924=CARTESIAN_POINT('',(-1.8E0,0.E0,-1.35E1));
#925=VERTEX_POINT('',#924);
#926=CARTESIAN_POINT('',(-1.8E0,0.E0,1.35E1));
#927=VERTEX_POINT('',#926);
#928=CARTESIAN_POINT('',(-2.E0,0.E0,1.33E1));
#929=VERTEX_POINT('',#928);
#930=CARTESIAN_POINT('',(-2.E0,0.E0,-1.33E1));
#931=VERTEX_POINT('',#930);
#932=CARTESIAN_POINT('',(-2.E0,0.E0,1.2675E1));
#933=CARTESIAN_POINT('',(-2.E0,0.E0,-1.2675E1));
#934=VERTEX_POINT('',#932);
#935=VERTEX_POINT('',#933);
#936=CARTESIAN_POINT('',(-1.9E0,0.E0,1.2575E1));
#937=VERTEX_POINT('',#936);
#938=CARTESIAN_POINT('',(-1.9E0,0.E0,-1.2575E1));
#939=VERTEX_POINT('',#938);
#940=CARTESIAN_POINT('',(-7.275816105428E-1,0.E0,1.2575E1));
#941=CARTESIAN_POINT('',(-7.275816105428E-1,0.E0,-1.2575E1));
#942=VERTEX_POINT('',#940);
#943=VERTEX_POINT('',#941);
#944=CARTESIAN_POINT('',(7.275816105428E-1,0.E0,-1.2575E1));
#945=CARTESIAN_POINT('',(7.275816105428E-1,0.E0,1.2575E1));
#946=VERTEX_POINT('',#944);
#947=VERTEX_POINT('',#945);
#948=CARTESIAN_POINT('',(0.E0,0.E0,1.285E1));
#949=VERTEX_POINT('',#948);
#950=CARTESIAN_POINT('',(0.E0,0.E0,-1.285E1));
#951=VERTEX_POINT('',#950);
#952=CARTESIAN_POINT('',(1.9E0,0.E0,1.2575E1));
#953=CARTESIAN_POINT('',(1.9E0,0.E0,-1.2575E1));
#954=VERTEX_POINT('',#952);
#955=VERTEX_POINT('',#953);
#956=CARTESIAN_POINT('',(-2.E0,0.E0,0.E0));
#957=DIRECTION('',(-1.E0,0.E0,0.E0));
#958=DIRECTION('',(0.E0,0.E0,1.E0));
#959=AXIS2_PLACEMENT_3D('',#956,#957,#958);
#960=CYLINDRICAL_SURFACE('',#959,1.2575E1);
#962=ORIENTED_EDGE('',*,*,#961,.T.);
#964=ORIENTED_EDGE('',*,*,#963,.F.);
#966=ORIENTED_EDGE('',*,*,#965,.F.);
#968=ORIENTED_EDGE('',*,*,#967,.F.);
#969=EDGE_LOOP('',(#962,#964,#966,#968));
#970=FACE_OUTER_BOUND('',#969,.F.);
#971=ADVANCED_FACE('',(#970),#960,.F.);
#972=CARTESIAN_POINT('',(-2.E0,0.E0,0.E0));
#973=DIRECTION('',(-1.E0,0.E0,0.E0));
#974=DIRECTION('',(0.E0,0.E0,1.E0));
#975=AXIS2_PLACEMENT_3D('',#972,#973,#974);
#976=CYLINDRICAL_SURFACE('',#975,1.2575E1);
#978=ORIENTED_EDGE('',*,*,#977,.F.);
#979=ORIENTED_EDGE('',*,*,#965,.T.);
#981=ORIENTED_EDGE('',*,*,#980,.F.);
#982=ORIENTED_EDGE('',*,*,#961,.F.);
#983=EDGE_LOOP('',(#978,#979,#981,#982));
#984=FACE_OUTER_BOUND('',#983,.F.);
#985=ADVANCED_FACE('',(#984),#976,.F.);
#986=CARTESIAN_POINT('',(0.E0,0.E0,0.E0));
#987=DIRECTION('',(-1.E0,0.E0,0.E0));
#988=DIRECTION('',(0.E0,0.E0,1.E0));
#989=AXIS2_PLACEMENT_3D('',#986,#987,#988);
#990=TOROIDAL_SURFACE('',#989,1.175E1,1.1E0);
#992=ORIENTED_EDGE('',*,*,#991,.T.);
#994=ORIENTED_EDGE('',*,*,#993,.T.);
#996=ORIENTED_EDGE('',*,*,#995,.T.);
#997=ORIENTED_EDGE('',*,*,#977,.T.);
#999=ORIENTED_EDGE('',*,*,#998,.F.);
#1001=ORIENTED_EDGE('',*,*,#1000,.F.);
#1002=EDGE_LOOP('',(#992,#994,#996,#997,#999,#1001));
#1003=FACE_OUTER_BOUND('',#1002,.F.);
#1004=ADVANCED_FACE('',(#1003),#990,.F.);
#1005=CARTESIAN_POINT('',(-2.E0,0.E0,0.E0));
#1006=DIRECTION('',(-1.E0,0.E0,0.E0));
#1007=DIRECTION('',(0.E0,0.E0,1.E0));
#1008=AXIS2_PLACEMENT_3D('',#1005,#1006,#1007);
#1009=CYLINDRICAL_SURFACE('',#1008,1.2575E1);
#1011=ORIENTED_EDGE('',*,*,#1010,.F.);
#1013=ORIENTED_EDGE('',*,*,#1012,.T.);
#1014=ORIENTED_EDGE('',*,*,#991,.F.);
#1016=ORIENTED_EDGE('',*,*,#1015,.F.);
#1017=EDGE_LOOP('',(#1011,#1013,#1014,#1016));
#1018=FACE_OUTER_BOUND('',#1017,.F.);
#1019=ADVANCED_FACE('',(#1018),#1009,.F.);
#1020=CARTESIAN_POINT('',(1.9E0,0.E0,0.E0));
#1021=DIRECTION('',(-1.E0,0.E0,0.E0));
#1022=DIRECTION('',(0.E0,0.E0,1.E0));
#1023=AXIS2_PLACEMENT_3D('',#1020,#1021,#1022);
#1024=TOROIDAL_SURFACE('',#1023,1.2675E1,1.E-1);
#1026=ORIENTED_EDGE('',*,*,#1025,.T.);
#1028=ORIENTED_EDGE('',*,*,#1027,.F.);
#1030=ORIENTED_EDGE('',*,*,#1029,.F.);
#1031=ORIENTED_EDGE('',*,*,#1010,.T.);
#1032=EDGE_LOOP('',(#1026,#1028,#1030,#1031));
#1033=FACE_OUTER_BOUND('',#1032,.F.);
#1034=ADVANCED_FACE('',(#1033),#1024,.T.);
#1035=CARTESIAN_POINT('',(1.9E0,0.E0,0.E0));
#1036=DIRECTION('',(-1.E0,0.E0,0.E0));
#1037=DIRECTION('',(0.E0,0.E0,1.E0));
#1038=AXIS2_PLACEMENT_3D('',#1035,#1036,#1037);
#1039=TOROIDAL_SURFACE('',#1038,1.2675E1,1.E-1);
#1041=ORIENTED_EDGE('',*,*,#1040,.T.);
#1042=ORIENTED_EDGE('',*,*,#1029,.T.);
#1044=ORIENTED_EDGE('',*,*,#1043,.F.);
#1045=ORIENTED_EDGE('',*,*,#1025,.F.);
#1046=EDGE_LOOP('',(#1041,#1042,#1044,#1045));
#1047=FACE_OUTER_BOUND('',#1046,.F.);
#1048=ADVANCED_FACE('',(#1047),#1039,.T.);
#1049=CARTESIAN_POINT('',(-2.E0,0.E0,0.E0));
#1050=DIRECTION('',(-1.E0,0.E0,0.E0));
#1051=DIRECTION('',(0.E0,0.E0,1.E0));
#1052=AXIS2_PLACEMENT_3D('',#1049,#1050,#1051);
#1053=CYLINDRICAL_SURFACE('',#1052,1.2575E1);
#1054=ORIENTED_EDGE('',*,*,#1015,.T.);
#1056=ORIENTED_EDGE('',*,*,#1055,.F.);
#1057=ORIENTED_EDGE('',*,*,#1012,.F.);
#1058=ORIENTED_EDGE('',*,*,#1040,.F.);
#1059=EDGE_LOOP('',(#1054,#1056,#1057,#1058));
#1060=FACE_OUTER_BOUND('',#1059,.F.);
#1061=ADVANCED_FACE('',(#1060),#1053,.F.);
#1062=CARTESIAN_POINT('',(0.E0,0.E0,0.E0));
#1063=DIRECTION('',(-1.E0,0.E0,0.E0));
#1064=DIRECTION('',(0.E0,0.E0,1.E0));
#1065=AXIS2_PLACEMENT_3D('',#1062,#1063,#1064);
#1066=TOROIDAL_SURFACE('',#1065,1.175E1,1.1E0);
#1067=ORIENTED_EDGE('',*,*,#998,.T.);
#1068=ORIENTED_EDGE('',*,*,#967,.T.);
#1069=ORIENTED_EDGE('',*,*,#995,.F.);
#1070=ORIENTED_EDGE('',*,*,#993,.F.);
#1071=ORIENTED_EDGE('',*,*,#1055,.T.);
#1072=ORIENTED_EDGE('',*,*,#1000,.T.);
#1073=EDGE_LOOP('',(#1067,#1068,#1069,#1070,#1071,#1072));
#1074=FACE_OUTER_BOUND('',#1073,.F.);
#1075=ADVANCED_FACE('',(#1074),#1066,.F.);
#1076=CARTESIAN_POINT('',(2.E0,1.2675E1,0.E0));
#1077=DIRECTION('',(-1.E0,0.E0,0.E0));
#1078=DIRECTION('',(0.E0,0.E0,1.E0));
#1079=AXIS2_PLACEMENT_3D('',#1076,#1077,#1078);
#1080=PLANE('',#1079);
#1082=ORIENTED_EDGE('',*,*,#1081,.T.);
#1084=ORIENTED_EDGE('',*,*,#1083,.T.);
#1085=EDGE_LOOP('',(#1082,#1084));
#1086=FACE_OUTER_BOUND('',#1085,.F.);
#1087=ORIENTED_EDGE('',*,*,#1043,.T.);
#1088=ORIENTED_EDGE('',*,*,#1027,.T.);
#1089=EDGE_LOOP('',(#1087,#1088));
#1090=FACE_BOUND('',#1089,.F.);
#1091=ADVANCED_FACE('',(#1086,#1090),#1080,.F.);
#1092=CARTESIAN_POINT('',(1.8E0,0.E0,0.E0));
#1093=DIRECTION('',(-1.E0,0.E0,0.E0));
#1094=DIRECTION('',(0.E0,0.E0,1.E0));
#1095=AXIS2_PLACEMENT_3D('',#1092,#1093,#1094);
#1096=TOROIDAL_SURFACE('',#1095,1.33E1,2.E-1);
#1097=ORIENTED_EDGE('',*,*,#1081,.F.);
#1099=ORIENTED_EDGE('',*,*,#1098,.T.);
#1101=ORIENTED_EDGE('',*,*,#1100,.T.);
#1103=ORIENTED_EDGE('',*,*,#1102,.F.);
#1104=EDGE_LOOP('',(#1097,#1099,#1101,#1103));
#1105=FACE_OUTER_BOUND('',#1104,.F.);
#1106=ADVANCED_FACE('',(#1105),#1096,.T.);
#1107=CARTESIAN_POINT('',(1.8E0,0.E0,0.E0));
#1108=DIRECTION('',(-1.E0,0.E0,0.E0));
#1109=DIRECTION('',(0.E0,0.E0,1.E0));
#1110=AXIS2_PLACEMENT_3D('',#1107,#1108,#1109);
#1111=TOROIDAL_SURFACE('',#1110,1.33E1,2.E-1);
#1112=ORIENTED_EDGE('',*,*,#1102,.T.);
#1114=ORIENTED_EDGE('',*,*,#1113,.T.);
#1115=ORIENTED_EDGE('',*,*,#1098,.F.);
#1116=ORIENTED_EDGE('',*,*,#1083,.F.);
#1117=EDGE_LOOP('',(#1112,#1114,#1115,#1116));
#1118=FACE_OUTER_BOUND('',#1117,.F.);
#1119=ADVANCED_FACE('',(#1118),#1111,.T.);
#1120=CARTESIAN_POINT('',(-2.E0,0.E0,0.E0));
#1121=DIRECTION('',(-1.E0,0.E0,0.E0));
#1122=DIRECTION('',(0.E0,0.E0,1.E0));
#1123=AXIS2_PLACEMENT_3D('',#1120,#1121,#1122);
#1124=CYLINDRICAL_SURFACE('',#1123,1.35E1);
#1126=ORIENTED_EDGE('',*,*,#1125,.T.);
#1128=ORIENTED_EDGE('',*,*,#1127,.F.);
#1130=ORIENTED_EDGE('',*,*,#1129,.F.);
#1131=ORIENTED_EDGE('',*,*,#1113,.F.);
#1132=EDGE_LOOP('',(#1126,#1128,#1130,#1131));
#1133=FACE_OUTER_BOUND('',#1132,.F.);
#1134=ADVANCED_FACE('',(#1133),#1124,.T.);
#1135=CARTESIAN_POINT('',(-2.E0,0.E0,0.E0));
#1136=DIRECTION('',(-1.E0,0.E0,0.E0));
#1137=DIRECTION('',(0.E0,0.E0,1.E0));
#1138=AXIS2_PLACEMENT_3D('',#1135,#1136,#1137);
#1139=CYLINDRICAL_SURFACE('',#1138,1.35E1);
#1140=ORIENTED_EDGE('',*,*,#1100,.F.);
#1141=ORIENTED_EDGE('',*,*,#1129,.T.);
#1143=ORIENTED_EDGE('',*,*,#1142,.F.);
#1144=ORIENTED_EDGE('',*,*,#1125,.F.);
#1145=EDGE_LOOP('',(#1140,#1141,#1143,#1144));
#1146=FACE_OUTER_BOUND('',#1145,.F.);
#1147=ADVANCED_FACE('',(#1146),#1139,.T.);
#1148=CARTESIAN_POINT('',(-1.8E0,0.E0,0.E0));
#1149=DIRECTION('',(-1.E0,0.E0,0.E0));
#1150=DIRECTION('',(0.E0,0.E0,1.E0));
#1151=AXIS2_PLACEMENT_3D('',#1148,#1149,#1150);
#1152=TOROIDAL_SURFACE('',#1151,1.33E1,2.E-1);
#1153=ORIENTED_EDGE('',*,*,#1142,.T.);
#1155=ORIENTED_EDGE('',*,*,#1154,.T.);
#1157=ORIENTED_EDGE('',*,*,#1156,.F.);
#1159=ORIENTED_EDGE('',*,*,#1158,.F.);
#1160=EDGE_LOOP('',(#1153,#1155,#1157,#1159));
#1161=FACE_OUTER_BOUND('',#1160,.F.);
#1162=ADVANCED_FACE('',(#1161),#1152,.T.);
#1163=CARTESIAN_POINT('',(-1.8E0,0.E0,0.E0));
#1164=DIRECTION('',(-1.E0,0.E0,0.E0));
#1165=DIRECTION('',(0.E0,0.E0,1.E0));
#1166=AXIS2_PLACEMENT_3D('',#1163,#1164,#1165);
#1167=TOROIDAL_SURFACE('',#1166,1.33E1,2.E-1);
#1168=ORIENTED_EDGE('',*,*,#1158,.T.);
#1170=ORIENTED_EDGE('',*,*,#1169,.F.);
#1171=ORIENTED_EDGE('',*,*,#1154,.F.);
#1172=ORIENTED_EDGE('',*,*,#1127,.T.);
#1173=EDGE_LOOP('',(#1168,#1170,#1171,#1172));
#1174=FACE_OUTER_BOUND('',#1173,.F.);
#1175=ADVANCED_FACE('',(#1174),#1167,.T.);
#1176=CARTESIAN_POINT('',(-2.E0,1.2675E1,0.E0));
#1177=DIRECTION('',(1.E0,0.E0,0.E0));
#1178=DIRECTION('',(0.E0,0.E0,-1.E0));
#1179=AXIS2_PLACEMENT_3D('',#1176,#1177,#1178);
#1180=PLANE('',#1179);
#1181=ORIENTED_EDGE('',*,*,#1156,.T.);
#1182=ORIENTED_EDGE('',*,*,#1169,.T.);
#1183=EDGE_LOOP('',(#1181,#1182));
#1184=FACE_OUTER_BOUND('',#1183,.F.);
#1186=ORIENTED_EDGE('',*,*,#1185,.T.);
#1188=ORIENTED_EDGE('',*,*,#1187,.T.);
#1189=EDGE_LOOP('',(#1186,#1188));
#1190=FACE_BOUND('',#1189,.F.);
#1191=ADVANCED_FACE('',(#1184,#1190),#1180,.F.);
#1192=CARTESIAN_POINT('',(-1.9E0,0.E0,0.E0));
#1193=DIRECTION('',(-1.E0,0.E0,0.E0));
#1194=DIRECTION('',(0.E0,0.E0,1.E0));
#1195=AXIS2_PLACEMENT_3D('',#1192,#1193,#1194);
#1196=TOROIDAL_SURFACE('',#1195,1.2675E1,1.E-1);
#1197=ORIENTED_EDGE('',*,*,#1185,.F.);
#1199=ORIENTED_EDGE('',*,*,#1198,.T.);
#1200=ORIENTED_EDGE('',*,*,#963,.T.);
#1202=ORIENTED_EDGE('',*,*,#1201,.F.);
#1203=EDGE_LOOP('',(#1197,#1199,#1200,#1202));
#1204=FACE_OUTER_BOUND('',#1203,.F.);
#1205=ADVANCED_FACE('',(#1204),#1196,.T.);
#1206=CARTESIAN_POINT('',(-1.9E0,0.E0,0.E0));
#1207=DIRECTION('',(-1.E0,0.E0,0.E0));
#1208=DIRECTION('',(0.E0,0.E0,1.E0));
#1209=AXIS2_PLACEMENT_3D('',#1206,#1207,#1208);
#1210=TOROIDAL_SURFACE('',#1209,1.2675E1,1.E-1);
#1211=ORIENTED_EDGE('',*,*,#1201,.T.);
#1212=ORIENTED_EDGE('',*,*,#980,.T.);
#1213=ORIENTED_EDGE('',*,*,#1198,.F.);
#1214=ORIENTED_EDGE('',*,*,#1187,.F.);
#1215=EDGE_LOOP('',(#1211,#1212,#1213,#1214));
#1216=FACE_OUTER_BOUND('',#1215,.F.);
#1217=ADVANCED_FACE('',(#1216),#1210,.T.);
#1218=CLOSED_SHELL('',(#971,#985,#1004,#1019,#1034,#1048,#1061,#1075,#1091,
#1106,#1119,#1134,#1147,#1162,#1175,#1191,#1205,#1217));
#1219=MANIFOLD_SOLID_BREP('',#1218);
#1220=CARTESIAN_POINT('',(0.E0,9.884729010766E0,-6.352529605103E0));
#1221=DIRECTION('',(0.E0,-5.406408174556E-1,-8.412535328312E-1));
#1222=DIRECTION('',(9.124936318122E-1,3.441491725232E-1,-2.211712435054E-1));
#1223=AXIS2_PLACEMENT_3D('',#1220,#1221,#1222);
#1225=CARTESIAN_POINT('',(0.E0,9.884729010766E0,-6.352529605103E0));
#1226=DIRECTION('',(0.E0,8.412535328312E-1,-5.406408174556E-1));
#1227=DIRECTION('',(0.E0,-5.406408174556E-1,-8.412535328312E-1));
#1228=AXIS2_PLACEMENT_3D('',#1225,#1226,#1227);
#1230=CARTESIAN_POINT('',(-1.104117294494E0,1.030114950952E1,
-6.620146809743E0));
#1231=CARTESIAN_POINT('',(-1.104117294494E0,1.023855019469E1,
-6.717553244949E0));
#1232=CARTESIAN_POINT('',(-1.070277338425E0,1.012117593362E1,
-6.894209365249E0));
#1233=CARTESIAN_POINT('',(-9.518675675687E-1,9.969605478700E0,
-7.110888998691E0));
#1234=CARTESIAN_POINT('',(-7.981920570045E-1,9.852762389330E0,
-7.271340168858E0));
#1235=CARTESIAN_POINT('',(-6.291252690167E-1,9.766591678092E0,
-7.386362754918E0));
#1236=CARTESIAN_POINT('',(-4.580691678002E-1,9.707592448836E0,
-7.463547792060E0));
#1237=CARTESIAN_POINT('',(-2.941356892845E-1,9.671359571115E0,
-7.510352912897E0));
#1238=CARTESIAN_POINT('',(-1.476836759732E-1,9.652995723816E0,
-7.533909464665E0));
#1239=CARTESIAN_POINT('',(-7.578012125094E-5,9.646674944724E0,
-7.541994166358E0));
#1240=CARTESIAN_POINT('',(1.475448087344E-1,9.652984240836E0,
-7.533924154577E0));
#1241=CARTESIAN_POINT('',(2.939800577768E-1,9.671332454627E0,
-7.510387799571E0));
#1242=CARTESIAN_POINT('',(4.579576872377E-1,9.707559700485E0,
-7.463590350792E0));
#1243=CARTESIAN_POINT('',(6.290361218654E-1,9.766553203558E0,
-7.386413596670E0));
#1244=CARTESIAN_POINT('',(7.981342561611E-1,9.852724733976E0,
-7.271391214926E0));
#1245=CARTESIAN_POINT('',(9.518386220746E-1,9.969574642857E0,
-7.110932447002E0));
#1246=CARTESIAN_POINT('',(1.070272522310E0,1.012116140783E1,-6.894231081468E0));
#1247=CARTESIAN_POINT('',(1.104117294493E0,1.023854521820E1,-6.717560988512E0));
#1248=CARTESIAN_POINT('',(1.104117294493E0,1.030114950952E1,-6.620146809744E0));
#1250=CARTESIAN_POINT('',(1.104117294493E0,1.030114950952E1,-6.620146809744E0));
#1251=CARTESIAN_POINT('',(1.104117294493E0,1.036374887333E1,-6.522740298321E0));
#1252=CARTESIAN_POINT('',(1.070277313188E0,1.047568203003E1,-6.342587106091E0));
#1253=CARTESIAN_POINT('',(9.518669260070E-1,1.060981655628E1,
-6.114701015262E0));
#1254=CARTESIAN_POINT('',(7.981906369260E-1,1.070722983744E1,
-5.941762681614E0));
#1255=CARTESIAN_POINT('',(6.291231123885E-1,1.077606143618E1,
-5.815596931476E0));
#1256=CARTESIAN_POINT('',(4.580663340095E-1,1.082176214963E1,
-5.729865684314E0));
#1257=CARTESIAN_POINT('',(2.941319808547E-1,1.084928575385E1,
-5.677463821816E0));
#1258=CARTESIAN_POINT('',(1.476802303008E-1,1.086308466028E1,
-5.650974245385E0));
#1259=CARTESIAN_POINT('',(7.195778523073E-5,1.086781280173E1,
-5.641866570631E0));
#1260=CARTESIAN_POINT('',(-1.475484323805E-1,1.086309281261E1,
-5.650958544757E0));
#1261=CARTESIAN_POINT('',(-2.939840555856E-1,1.084930520943E1,
-5.677426602942E0));
#1262=CARTESIAN_POINT('',(-4.579605411014E-1,1.082178598288E1,
-5.729820627171E0));
#1263=CARTESIAN_POINT('',(-6.290385412278E-1,1.077609014860E1,
-5.815543691420E0));
#1264=CARTESIAN_POINT('',(-7.981358834360E-1,1.070725901257E1,
-5.941710134274E0));
#1265=CARTESIAN_POINT('',(-9.518395589074E-1,1.060984182199E1,
-6.114657414718E0));
#1266=CARTESIAN_POINT('',(-1.070272780293E0,1.047569496905E1,
-6.342566138099E0));
#1267=CARTESIAN_POINT('',(-1.104117294494E0,1.036375356116E1,
-6.522733003916E0));
#1268=CARTESIAN_POINT('',(-1.104117294494E0,1.030114950952E1,
-6.620146809743E0));
#1270=CARTESIAN_POINT('',(0.E0,9.884729010766E0,-6.352529605103E0));
#1271=DIRECTION('',(0.E0,5.406408174556E-1,8.412535328312E-1));
#1272=DIRECTION('',(-9.124936318125E-1,3.441491725226E-1,-2.211712435050E-1));
#1273=AXIS2_PLACEMENT_3D('',#1270,#1271,#1272);
#1275=CARTESIAN_POINT('',(0.E0,9.884729010766E0,-6.352529605103E0));
#1276=DIRECTION('',(0.E0,8.412535328312E-1,-5.406408174556E-1));
#1277=DIRECTION('',(-1.E0,0.E0,0.E0));
#1278=AXIS2_PLACEMENT_3D('',#1275,#1276,#1277);
#1280=DIRECTION('',(-1.E0,0.E0,0.E0));
#1281=VECTOR('',#1280,2.439112836376E0);
#1282=CARTESIAN_POINT('',(1.219556418188E0,0.E0,1.2245E1));
#1283=LINE('',#1282,#1281);
#1284=CARTESIAN_POINT('',(1.219556418188E0,0.E0,1.207785714286E1));
#1285=DIRECTION('',(0.E0,-1.E0,0.E0));
#1286=DIRECTION('',(9.657120958544E-1,0.E0,2.596153845991E-1));
#1287=AXIS2_PLACEMENT_3D('',#1284,#1285,#1286);
#1289=CARTESIAN_POINT('',(1.219556418188E0,0.E0,0.E0));
#1290=DIRECTION('',(-1.E0,0.E0,0.E0));
#1291=DIRECTION('',(0.E0,0.E0,1.E0));
#1292=AXIS2_PLACEMENT_3D('',#1289,#1290,#1291);
#1294=CARTESIAN_POINT('',(0.E0,0.E0,1.175E1));
#1295=DIRECTION('',(0.E0,-1.E0,0.E0));
#1296=DIRECTION('',(9.657120958500E-1,0.E0,-2.596153846153E-1));
#1297=AXIS2_PLACEMENT_3D('',#1294,#1295,#1296);
#1299=CARTESIAN_POINT('',(1.380968297065E0,0.E0,0.E0));
#1300=DIRECTION('',(-1.E0,0.E0,0.E0));
#1301=DIRECTION('',(0.E0,0.E0,1.E0));
#1302=AXIS2_PLACEMENT_3D('',#1299,#1300,#1301);
#1304=CARTESIAN_POINT('',(1.219556418188E0,0.E0,0.E0));
#1305=DIRECTION('',(1.E0,0.E0,0.E0));
#1306=DIRECTION('',(0.E0,0.E0,-1.E0));
#1307=AXIS2_PLACEMENT_3D('',#1304,#1305,#1306);
#1309=CARTESIAN_POINT('',(1.219556418188E0,0.E0,1.142214285714E1));
#1310=DIRECTION('',(0.E0,-1.E0,0.E0));
#1311=DIRECTION('',(0.E0,0.E0,-1.E0));
#1312=AXIS2_PLACEMENT_3D('',#1309,#1310,#1311);
#1314=CARTESIAN_POINT('',(1.380968297066E0,0.E0,0.E0));
#1315=DIRECTION('',(-1.E0,0.E0,0.E0));
#1316=DIRECTION('',(0.E0,0.E0,1.E0));
#1317=AXIS2_PLACEMENT_3D('',#1314,#1315,#1316);
#1319=DIRECTION('',(-1.E0,0.E0,0.E0));
#1320=VECTOR('',#1319,2.439112836376E0);
#1321=CARTESIAN_POINT('',(1.219556418188E0,0.E0,-1.1255E1));
#1322=LINE('',#1321,#1320);
#1323=DIRECTION('',(-1.E0,0.E0,0.E0));
#1324=VECTOR('',#1323,2.439112836376E0);
#1325=CARTESIAN_POINT('',(1.219556418188E0,0.E0,1.1255E1));
#1326=LINE('',#1325,#1324);
#1327=CARTESIAN_POINT('',(1.219556418188E0,0.E0,-1.142214285714E1));
#1328=DIRECTION('',(0.E0,1.E0,0.E0));
#1329=DIRECTION('',(0.E0,0.E0,1.E0));
#1330=AXIS2_PLACEMENT_3D('',#1327,#1328,#1329);
#1332=CARTESIAN_POINT('',(1.380968297066E0,0.E0,0.E0));
#1333=DIRECTION('',(-1.E0,0.E0,0.E0));
#1334=DIRECTION('',(0.E0,0.E0,-1.E0));
#1335=AXIS2_PLACEMENT_3D('',#1332,#1333,#1334);
#1337=CARTESIAN_POINT('',(1.219556418188E0,0.E0,0.E0));
#1338=DIRECTION('',(1.E0,0.E0,0.E0));
#1339=DIRECTION('',(0.E0,0.E0,1.E0));
#1340=AXIS2_PLACEMENT_3D('',#1337,#1338,#1339);
#1342=CARTESIAN_POINT('',(0.E0,0.E0,-1.175E1));
#1343=DIRECTION('',(0.E0,1.E0,0.E0));
#1344=DIRECTION('',(9.657120958500E-1,0.E0,2.596153846153E-1));
#1345=AXIS2_PLACEMENT_3D('',#1342,#1343,#1344);
#1347=CARTESIAN_POINT('',(1.380968297065E0,0.E0,0.E0));
#1348=DIRECTION('',(-1.E0,0.E0,0.E0));
#1349=DIRECTION('',(0.E0,0.E0,-1.E0));
#1350=AXIS2_PLACEMENT_3D('',#1347,#1348,#1349);
#1352=CARTESIAN_POINT('',(1.219556418188E0,0.E0,-1.207785714286E1));
#1353=DIRECTION('',(0.E0,1.E0,0.E0));
#1354=DIRECTION('',(9.657120958544E-1,0.E0,-2.596153845991E-1));
#1355=AXIS2_PLACEMENT_3D('',#1352,#1353,#1354);
#1357=CARTESIAN_POINT('',(1.219556418188E0,0.E0,0.E0));
#1358=DIRECTION('',(-1.E0,0.E0,0.E0));
#1359=DIRECTION('',(0.E0,0.E0,-1.E0));
#1360=AXIS2_PLACEMENT_3D('',#1357,#1358,#1359);
#1362=DIRECTION('',(-1.E0,0.E0,0.E0));
#1363=VECTOR('',#1362,2.439112836376E0);
#1364=CARTESIAN_POINT('',(1.219556418188E0,0.E0,-1.2245E1));
#1365=LINE('',#1364,#1363);
#1366=CARTESIAN_POINT('',(-1.219556418188E0,0.E0,-1.207785714286E1));
#1367=DIRECTION('',(0.E0,1.E0,0.E0));
#1368=DIRECTION('',(0.E0,0.E0,-1.E0));
#1369=AXIS2_PLACEMENT_3D('',#1366,#1367,#1368);
#1371=CARTESIAN_POINT('',(-1.380968297066E0,0.E0,0.E0));
#1372=DIRECTION('',(-1.E0,0.E0,0.E0));
#1373=DIRECTION('',(0.E0,0.E0,-1.E0));
#1374=AXIS2_PLACEMENT_3D('',#1371,#1372,#1373);
#1376=CARTESIAN_POINT('',(-1.219556418188E0,0.E0,0.E0));
#1377=DIRECTION('',(1.E0,0.E0,0.E0));
#1378=DIRECTION('',(0.E0,0.E0,1.E0));
#1379=AXIS2_PLACEMENT_3D('',#1376,#1377,#1378);
#1381=CARTESIAN_POINT('',(-1.219556418188E0,0.E0,0.E0));
#1382=DIRECTION('',(1.E0,0.E0,0.E0));
#1383=DIRECTION('',(0.E0,0.E0,-1.E0));
#1384=AXIS2_PLACEMENT_3D('',#1381,#1382,#1383);
#1386=CARTESIAN_POINT('',(-1.219556418188E0,0.E0,1.207785714286E1));
#1387=DIRECTION('',(0.E0,-1.E0,0.E0));
#1388=DIRECTION('',(0.E0,0.E0,1.E0));
#1389=AXIS2_PLACEMENT_3D('',#1386,#1387,#1388);
#1391=CARTESIAN_POINT('',(-1.380968297066E0,0.E0,0.E0));
#1392=DIRECTION('',(-1.E0,0.E0,0.E0));
#1393=DIRECTION('',(0.E0,0.E0,1.E0));
#1394=AXIS2_PLACEMENT_3D('',#1391,#1392,#1393);
#1396=CARTESIAN_POINT('',(0.E0,0.E0,1.175E1));
#1397=DIRECTION('',(0.E0,-1.E0,0.E0));
#1398=DIRECTION('',(-9.657120958500E-1,0.E0,2.596153846153E-1));
#1399=AXIS2_PLACEMENT_3D('',#1396,#1397,#1398);
#1401=CARTESIAN_POINT('',(-1.380968297065E0,0.E0,0.E0));
#1402=DIRECTION('',(-1.E0,0.E0,0.E0));
#1403=DIRECTION('',(0.E0,0.E0,1.E0));
#1404=AXIS2_PLACEMENT_3D('',#1401,#1402,#1403);
#1406=CARTESIAN_POINT('',(0.E0,0.E0,-1.175E1));
#1407=DIRECTION('',(0.E0,1.E0,0.E0));
#1408=DIRECTION('',(-9.657120958500E-1,0.E0,-2.596153846153E-1));
#1409=AXIS2_PLACEMENT_3D('',#1406,#1407,#1408);
#1411=CARTESIAN_POINT('',(-1.380968297065E0,0.E0,0.E0));
#1412=DIRECTION('',(-1.E0,0.E0,0.E0));
#1413=DIRECTION('',(0.E0,0.E0,-1.E0));
#1414=AXIS2_PLACEMENT_3D('',#1411,#1412,#1413);
#1416=CARTESIAN_POINT('',(-1.219556418188E0,0.E0,-1.142214285714E1));
#1417=DIRECTION('',(0.E0,1.E0,0.E0));
#1418=DIRECTION('',(-9.657120958544E-1,0.E0,2.596153845991E-1));
#1419=AXIS2_PLACEMENT_3D('',#1416,#1417,#1418);
#1421=CARTESIAN_POINT('',(-1.219556418188E0,0.E0,0.E0));
#1422=DIRECTION('',(-1.E0,0.E0,0.E0));
#1423=DIRECTION('',(0.E0,0.E0,-1.E0));
#1424=AXIS2_PLACEMENT_3D('',#1421,#1422,#1423);
#1426=CARTESIAN_POINT('',(-1.219556418188E0,0.E0,1.142214285714E1));
#1427=DIRECTION('',(0.E0,-1.E0,0.E0));
#1428=DIRECTION('',(-9.657120958544E-1,0.E0,-2.596153845991E-1));
#1429=AXIS2_PLACEMENT_3D('',#1426,#1427,#1428);
#1431=CARTESIAN_POINT('',(-1.219556418188E0,0.E0,0.E0));
#1432=DIRECTION('',(-1.E0,0.E0,0.E0));
#1433=DIRECTION('',(0.E0,0.E0,1.E0));
#1434=AXIS2_PLACEMENT_3D('',#1431,#1432,#1433);
#1436=CARTESIAN_POINT('',(1.104117294494E0,-1.742645194656E0,
-1.212036355583E1));
#1437=CARTESIAN_POINT('',(1.104117294494E0,-1.628036399777E0,
-1.213684181284E1));
#1438=CARTESIAN_POINT('',(1.070277313188E0,-1.417664578316E0,
-1.216382145282E1));
#1439=CARTESIAN_POINT('',(9.518669260072E-1,-1.154650602834E0,
-1.219116720619E1));
#1440=CARTESIAN_POINT('',(7.981906369261E-1,-9.568734218649E-1,
-1.220793626339E1));
#1441=CARTESIAN_POINT('',(6.291231123886E-1,-8.135153393359E-1,
-1.221813654116E1));
#1442=CARTESIAN_POINT('',(4.580663340096E-1,-7.165466914421E-1,
-1.222409332517E1));
#1443=CARTESIAN_POINT('',(2.941319808548E-1,-6.574465622937E-1,
-1.222736115581E1));
#1444=CARTESIAN_POINT('',(1.476802303009E-1,-6.276185231369E-1,
-1.222890891485E1));
#1445=CARTESIAN_POINT('',(7.195778523993E-5,-6.173697498369E-1,
-1.222942631877E1));
#1446=CARTESIAN_POINT('',(-1.475484323806E-1,-6.276008547405E-1,
-1.222890980820E1));
#1447=CARTESIAN_POINT('',(-2.939840555857E-1,-6.574046246769E-1,
-1.222736339194E1));
#1448=CARTESIAN_POINT('',(-4.579605411016E-1,-7.164958053343E-1,
-1.222409628724E1));
#1449=CARTESIAN_POINT('',(-6.290385412279E-1,-8.134549829071E-1,
-1.221814054218E1));
#1450=CARTESIAN_POINT('',(-7.981358834361E-1,-9.568135033369E-1,
-1.220794097306E1));
#1451=CARTESIAN_POINT('',(-9.518395589075E-1,-1.154600446632E0,
-1.219117207637E1));
#1452=CARTESIAN_POINT('',(-1.070272780292E0,-1.417640130096E0,
-1.216382451215E1));
#1453=CARTESIAN_POINT('',(-1.104117294495E0,-1.628027817159E0,
-1.213684304683E1));
#1454=CARTESIAN_POINT('',(-1.104117294495E0,-1.742645194656E0,
-1.212036355583E1));
#1456=CARTESIAN_POINT('',(0.E0,-1.672199349711E0,-1.163040194210E1));
#1457=DIRECTION('',(0.E0,9.898214418809E-1,-1.423148382733E-1));
#1458=DIRECTION('',(-9.124936318135E-1,-5.821970656617E-2,-4.049269534955E-1));
#1459=AXIS2_PLACEMENT_3D('',#1456,#1457,#1458);
#1461=CARTESIAN_POINT('',(0.E0,-1.672199349711E0,-1.163040194210E1));
#1462=DIRECTION('',(0.E0,-1.423148382733E-1,-9.898214418809E-1));
#1463=DIRECTION('',(-1.E0,0.E0,0.E0));
#1464=AXIS2_PLACEMENT_3D('',#1461,#1462,#1463);
#1466=CARTESIAN_POINT('',(0.E0,-1.672199349711E0,-1.163040194210E1));
#1467=DIRECTION('',(0.E0,-9.898214418809E-1,1.423148382733E-1));
#1468=DIRECTION('',(9.124936318133E-1,-5.821970656623E-2,-4.049269534959E-1));
#1469=AXIS2_PLACEMENT_3D('',#1466,#1467,#1468);
#1471=CARTESIAN_POINT('',(0.E0,-1.672199349711E0,-1.163040194210E1));
#1472=DIRECTION('',(0.E0,-1.423148382733E-1,-9.898214418809E-1));
#1473=DIRECTION('',(0.E0,-9.898214418809E-1,1.423148382733E-1));
#1474=AXIS2_PLACEMENT_3D('',#1471,#1472,#1473);
#1476=CARTESIAN_POINT('',(-1.104117294495E0,-1.742645194656E0,
-1.212036355583E1));
#1477=CARTESIAN_POINT('',(-1.104117294495E0,-1.857253899857E0,
-1.210388531172E1));
#1478=CARTESIAN_POINT('',(-1.070277338424E0,-2.066704989245E0,
-1.207050353294E1));
#1479=CARTESIAN_POINT('',(-9.518675675684E-1,-2.326768359066E0,
-1.202264217033E1));
#1480=CARTESIAN_POINT('',(-7.981920570041E-1,-2.521258250632E0,
-1.198301178275E1));
#1481=CARTESIAN_POINT('',(-6.291252690165E-1,-2.661683082230E0,
-1.195241025583E1));
#1482=CARTESIAN_POINT('',(-4.580691678001E-1,-2.756402227165E0,
-1.193080649240E1));
#1483=CARTESIAN_POINT('',(-2.941356892844E-1,-2.814029343995E0,
-1.191729145742E1));
#1484=CARTESIAN_POINT('',(-1.476836759732E-1,-2.843085755047E0,
-1.191037285962E1));
#1485=CARTESIAN_POINT('',(-7.578012120676E-5,-2.853065604909E0,
-1.190798178318E1));
#1486=CARTESIAN_POINT('',(1.475448087344E-1,-2.843103887663E0,
-1.191036851675E1));
#1487=CARTESIAN_POINT('',(2.939800577768E-1,-2.814072342625E0,
-1.191728128385E1));
#1488=CARTESIAN_POINT('',(4.579576872376E-1,-2.756454544106E0,
-1.193079438299E1));
#1489=CARTESIAN_POINT('',(6.290361218652E-1,-2.661745312413E0,
-1.195239637859E1));
#1490=CARTESIAN_POINT('',(7.981342561607E-1,-2.521320326368E0,
-1.198299873554E1));
#1491=CARTESIAN_POINT('',(9.518386220744E-1,-2.326820690712E0,
-1.202263217014E1));
#1492=CARTESIAN_POINT('',(1.070272522309E0,-2.066730777243E0,
-1.207049934106E1));
#1493=CARTESIAN_POINT('',(1.104117294494E0,-1.857263010956E0,
-1.210388400174E1));
#1494=CARTESIAN_POINT('',(1.104117294494E0,-1.742645194656E0,
-1.212036355583E1));
#1496=CARTESIAN_POINT('',(0.E0,-1.672199349711E0,-1.163040194210E1));
#1497=DIRECTION('',(0.E0,-9.898214418809E-1,1.423148382733E-1));
#1498=DIRECTION('',(1.E0,0.E0,0.E0));
#1499=AXIS2_PLACEMENT_3D('',#1496,#1497,#1498);
#1501=CARTESIAN_POINT('',(1.104117294494E0,-1.601753504766E0,
-1.114044032837E1));
#1502=CARTESIAN_POINT('',(1.104117294494E0,-1.708228505441E0,
-1.112513153442E1));
#1503=CARTESIAN_POINT('',(1.074057301460E0,-1.908413581646E0,
-1.109341178093E1));
#1504=CARTESIAN_POINT('',(9.342320956734E-1,-2.195138996129E0,
-1.103983200178E1));
#1505=CARTESIAN_POINT('',(7.500967413676E-1,-2.394917041930E0,
-1.099763991823E1));
#1506=CARTESIAN_POINT('',(5.522558516622E-1,-2.530346647370E0,
-1.096705883998E1));
#1507=CARTESIAN_POINT('',(3.570371013421E-1,-2.611953313988E0,
-1.094777635882E1));
#1508=CARTESIAN_POINT('',(1.803602568182E-1,-2.653224075774E0,
-1.093780770855E1));
#1509=CARTESIAN_POINT('',(-1.901826907485E-4,-2.667525056730E0,
-1.093431762927E1));
#1510=CARTESIAN_POINT('',(-1.807244562744E-1,-2.653167869968E0,
-1.093782140437E1));
#1511=CARTESIAN_POINT('',(-3.574062017340E-1,-2.611831175269E0,
-1.094780558752E1));
#1512=CARTESIAN_POINT('',(-5.524983460163E-1,-2.530205993731E0,
-1.096709130977E1));
#1513=CARTESIAN_POINT('',(-7.502413649298E-1,-2.394782520382E0,
-1.099766912764E1));
#1514=CARTESIAN_POINT('',(-9.342728010124E-1,-2.195058362414E0,
-1.103984728635E1));
#1515=CARTESIAN_POINT('',(-1.074045349198E0,-1.908432189804E0,
-1.109340802154E1));
#1516=CARTESIAN_POINT('',(-1.104117294494E0,-1.708241279427E0,
-1.112512969780E1));
#1517=CARTESIAN_POINT('',(-1.104117294494E0,-1.601753504766E0,
-1.114044032837E1));
#1519=CARTESIAN_POINT('',(0.E0,-1.672199349711E0,-1.163040194210E1));
#1520=DIRECTION('',(0.E0,1.423148382733E-1,9.898214418809E-1));
#1521=DIRECTION('',(0.E0,-9.898214418809E-1,1.423148382733E-1));
#1522=AXIS2_PLACEMENT_3D('',#1519,#1520,#1521);
#1524=CARTESIAN_POINT('',(0.E0,-1.672199349711E0,-1.163040194210E1));
#1525=DIRECTION('',(0.E0,1.423148382733E-1,9.898214418809E-1));
#1526=DIRECTION('',(1.E0,0.E0,0.E0));
#1527=AXIS2_PLACEMENT_3D('',#1524,#1525,#1526);
#1529=CARTESIAN_POINT('',(0.E0,-1.672199349711E0,-1.163040194210E1));
#1530=DIRECTION('',(0.E0,9.898214418809E-1,-1.423148382733E-1));
#1531=DIRECTION('',(-1.E0,0.E0,0.E0));
#1532=AXIS2_PLACEMENT_3D('',#1529,#1530,#1531);
#1534=CARTESIAN_POINT('',(-1.104117294494E0,-1.601753504766E0,
-1.114044032837E1));
#1535=CARTESIAN_POINT('',(-1.104117294494E0,-1.495278501275E0,
-1.115574912272E1));
#1536=CARTESIAN_POINT('',(-1.074057270368E0,-1.294266043229E0,
-1.118171286360E1));
#1537=CARTESIAN_POINT('',(-9.342328814458E-1,-1.004061168930E0,
-1.121108321071E1));
#1538=CARTESIAN_POINT('',(-7.500995670550E-1,-8.004898221764E-1,
-1.122688413597E1));
#1539=CARTESIAN_POINT('',(-5.522602850218E-1,-6.619303093034E-1,
-1.123569677619E1));
#1540=CARTESIAN_POINT('',(-3.570437988865E-1,-5.781964603923E-1,
-1.124018666211E1));
#1541=CARTESIAN_POINT('',(-1.803671575834E-1,-5.357877847163E-1,
-1.124224919404E1));
#1542=CARTESIAN_POINT('',(1.827557505498E-4,-5.210817204191E-1,
-1.124292959096E1));
#1543=CARTESIAN_POINT('',(1.807171389591E-1,-5.358433183129E-1,
-1.124224660509E1));
#1544=CARTESIAN_POINT('',(3.573984978483E-1,-5.783169820706E-1,
-1.124018054553E1));
#1545=CARTESIAN_POINT('',(5.524934733191E-1,-6.620688806541E-1,
-1.123568862910E1));
#1546=CARTESIAN_POINT('',(7.502385586532E-1,-8.006217747415E-1,
-1.122687464816E1));
#1547=CARTESIAN_POINT('',(9.342720908317E-1,-1.004139795794E0,
-1.121107546036E1));
#1548=CARTESIAN_POINT('',(1.074045756980E0,-1.294247830963E0,
-1.118171443829E1));
#1549=CARTESIAN_POINT('',(1.104117294494E0,-1.495266209539E0,
-1.115575089001E1));
#1550=CARTESIAN_POINT('',(1.104117294494E0,-1.601753504766E0,
-1.114044032837E1));
#1552=CARTESIAN_POINT('',(1.104117294494E0,-8.018769687160E0,
-9.254153537968E0));
#1553=CARTESIAN_POINT('',(1.104117294494E0,-7.931263451911E0,
-9.329978122439E0));
#1554=CARTESIAN_POINT('',(1.070277313189E0,-7.768873708514E0,
-9.466410433413E0));
#1555=CARTESIAN_POINT('',(9.518669260076E-1,-7.562396502914E0,
-9.631611235755E0));
#1556=CARTESIAN_POINT('',(7.981906369265E-1,-7.405081787500E0,
-9.752644681156E0));
#1557=CARTESIAN_POINT('',(6.291231123888E-1,-7.289995980624E0,
-9.838730931793E0));
#1558=CARTESIAN_POINT('',(4.580663340097E-1,-7.211641243588E0,
-9.896167306454E0));
#1559=CARTESIAN_POINT('',(2.941319808548E-1,-7.163689773777E0,
-9.930868322654E0));
#1560=CARTESIAN_POINT('',(1.476802303008E-1,-7.139433612174E0,
-9.948296635892E0));
#1561=CARTESIAN_POINT('',(7.195778518892E-5,-7.131091525103E0,
-9.954272808937E0));
#1562=CARTESIAN_POINT('',(-1.475484323806E-1,-7.139419231555E0,
-9.948306939682E0));
#1563=CARTESIAN_POINT('',(-2.939840555857E-1,-7.163655702554E0,
-9.930892876998E0));
#1564=CARTESIAN_POINT('',(-4.579605411017E-1,-7.211600036887E0,
-9.896197309414E0));
#1565=CARTESIAN_POINT('',(-6.290385412282E-1,-7.289947368680E0,
-9.838766928814E0));
#1566=CARTESIAN_POINT('',(-7.981358834366E-1,-7.405033927069E0,
-9.752681037589E0));
#1567=CARTESIAN_POINT('',(-9.518395589080E-1,-7.562356941845E0,
-9.631642449294E0));
#1568=CARTESIAN_POINT('',(-1.070272780293E0,-7.768854795360E0,
-9.466426224790E0));
#1569=CARTESIAN_POINT('',(-1.104117294494E0,-7.931256898901E0,
-9.329983800654E0));
#1570=CARTESIAN_POINT('',(-1.104117294494E0,-8.018769687159E0,
-9.254153537968E0));
#1572=CARTESIAN_POINT('',(0.E0,-7.694613623857E0,-8.880057498663E0));
#1573=DIRECTION('',(0.E0,7.557495743543E-1,-6.548607339453E-1));
#1574=DIRECTION('',(-9.124936318134E-1,-2.678975729769E-1,-3.091702804169E-1));
#1575=AXIS2_PLACEMENT_3D('',#1572,#1573,#1574);
#1577=CARTESIAN_POINT('',(0.E0,-7.694613623857E0,-8.880057498663E0));
#1578=DIRECTION('',(0.E0,-6.548607339453E-1,-7.557495743543E-1));
#1579=DIRECTION('',(-1.E0,0.E0,0.E0));
#1580=AXIS2_PLACEMENT_3D('',#1577,#1578,#1579);
#1582=CARTESIAN_POINT('',(0.E0,-7.694613623857E0,-8.880057498663E0));
#1583=DIRECTION('',(0.E0,-7.557495743543E-1,6.548607339453E-1));
#1584=DIRECTION('',(9.124936318131E-1,-2.678975729774E-1,-3.091702804175E-1));
#1585=AXIS2_PLACEMENT_3D('',#1582,#1583,#1584);
#1587=CARTESIAN_POINT('',(0.E0,-7.694613623857E0,-8.880057498663E0));
#1588=DIRECTION('',(0.E0,-6.548607339453E-1,-7.557495743543E-1));
#1589=DIRECTION('',(0.E0,-7.557495743543E-1,6.548607339453E-1));
#1590=AXIS2_PLACEMENT_3D('',#1587,#1588,#1589);
#1592=CARTESIAN_POINT('',(-1.104117294494E0,-8.018769687159E0,
-9.254153537968E0));
#1593=CARTESIAN_POINT('',(-1.104117294494E0,-8.106275853937E0,
-9.178329012827E0));
#1594=CARTESIAN_POINT('',(-1.070277338425E0,-8.264429770669E0,
-9.037008665308E0));
#1595=CARTESIAN_POINT('',(-9.518675675685E-1,-8.457333193090E0,
-8.856144252083E0));
#1596=CARTESIAN_POINT('',(-7.981920570042E-1,-8.599522696328E0,
-8.717655874555E0));
#1597=CARTESIAN_POINT('',(-6.291252690164E-1,-8.701111147478E0,
-8.615992836178E0));
#1598=CARTESIAN_POINT('',(-4.580691678E-1,-8.769114086463E0,-8.546609557927E0));
#1599=CARTESIAN_POINT('',(-2.941356892843E-1,-8.810286322525E0,
-8.504084415456E0));
#1600=CARTESIAN_POINT('',(-1.476836759731E-1,-8.830989654602E0,
-8.482555038789E0));
#1601=CARTESIAN_POINT('',(-7.578012123381E-5,-8.838092525035E0,
-8.475148023100E0));
#1602=CARTESIAN_POINT('',(1.475448087343E-1,-8.831002560794E0,
-8.482541582097E0));
#1603=CARTESIAN_POINT('',(2.939800577767E-1,-8.810316995024E0,
-8.504052610083E0));
#1604=CARTESIAN_POINT('',(4.579576872375E-1,-8.769151551432E0,
-8.546571086168E0));
#1605=CARTESIAN_POINT('',(6.290361218651E-1,-8.701155996237E0,
-8.615947517723E0));
#1606=CARTESIAN_POINT('',(7.981342561608E-1,-8.599567863906E0,
-8.717611337866E0));
#1607=CARTESIAN_POINT('',(9.518386220745E-1,-8.457371810762E0,
-8.856107546764E0));
#1608=CARTESIAN_POINT('',(1.070272522310E0,-8.264449198614E0,
-9.036991196832E0));
#1609=CARTESIAN_POINT('',(1.104117294494E0,-8.106282810453E0,
-9.178322984972E0));
#1610=CARTESIAN_POINT('',(1.104117294494E0,-8.018769687160E0,
-9.254153537968E0));
#1612=CARTESIAN_POINT('',(0.E0,-7.694613623857E0,-8.880057498663E0));
#1613=DIRECTION('',(0.E0,-7.557495743543E-1,6.548607339453E-1));
#1614=DIRECTION('',(1.E0,0.E0,0.E0));
#1615=AXIS2_PLACEMENT_3D('',#1612,#1613,#1614);
#1617=CARTESIAN_POINT('',(1.104117294494E0,-7.370457560554E0,
-8.505961459357E0));
#1618=CARTESIAN_POINT('',(1.104117294494E0,-7.451753472154E0,
-8.435518150960E0));
#1619=CARTESIAN_POINT('',(1.074057301459E0,-7.603010881274E0,
-8.300605573031E0));
#1620=CARTESIAN_POINT('',(9.342320956731E-1,-7.815252233564E0,
-8.100515932066E0));
#1621=CARTESIAN_POINT('',(7.500967413674E-1,-7.960505457834E0,
-7.957013526728E0));
#1622=CARTESIAN_POINT('',(5.522558516622E-1,-8.057902712719E0,
-7.858068314024E0));
#1623=CARTESIAN_POINT('',(3.570371013422E-1,-8.116129712936E0,
-7.797726963674E0));
#1624=CARTESIAN_POINT('',(1.803602568183E-1,-8.145459427858E0,
-7.767028143025E0));
#1625=CARTESIAN_POINT('',(-1.901826906202E-4,-8.155603299298E0,
-7.756360407470E0));
#1626=CARTESIAN_POINT('',(-1.807244562743E-1,-8.145419549044E0,
-7.767070051834E0));
#1627=CARTESIAN_POINT('',(-3.574062017338E-1,-8.116042765536E0,
-7.797817585600E0));
#1628=CARTESIAN_POINT('',(-5.524983460162E-1,-8.057801941840E0,
-7.858171672444E0));
#1629=CARTESIAN_POINT('',(-7.502413649295E-1,-7.960408082909E0,
-7.957110827092E0));
#1630=CARTESIAN_POINT('',(-9.342728010121E-1,-7.815192663627E0,
-8.100572384140E0));
#1631=CARTESIAN_POINT('',(-1.074045349197E0,-7.603024502974E0,
-8.300592350102E0));
#1632=CARTESIAN_POINT('',(-1.104117294494E0,-7.451763225362E0,
-8.435509699757E0));
#1633=CARTESIAN_POINT('',(-1.104117294494E0,-7.370457560554E0,
-8.505961459357E0));
#1635=CARTESIAN_POINT('',(0.E0,-7.694613623857E0,-8.880057498663E0));
#1636=DIRECTION('',(0.E0,6.548607339453E-1,7.557495743543E-1));
#1637=DIRECTION('',(0.E0,-7.557495743543E-1,6.548607339453E-1));
#1638=AXIS2_PLACEMENT_3D('',#1635,#1636,#1637);
#1640=CARTESIAN_POINT('',(0.E0,-7.694613623857E0,-8.880057498663E0));
#1641=DIRECTION('',(0.E0,6.548607339453E-1,7.557495743543E-1));
#1642=DIRECTION('',(1.E0,0.E0,0.E0));
#1643=AXIS2_PLACEMENT_3D('',#1640,#1641,#1642);
#1645=CARTESIAN_POINT('',(0.E0,-7.694613623857E0,-8.880057498663E0));
#1646=DIRECTION('',(0.E0,7.557495743543E-1,-6.548607339453E-1));
#1647=DIRECTION('',(-1.E0,0.E0,0.E0));
#1648=AXIS2_PLACEMENT_3D('',#1645,#1646,#1647);
#1650=CARTESIAN_POINT('',(-1.104117294494E0,-7.370457560554E0,
-8.505961459357E0));
#1651=CARTESIAN_POINT('',(-1.104117294494E0,-7.289161646804E0,
-8.576404769618E0));
#1652=CARTESIAN_POINT('',(-1.074057270367E0,-7.134096264420E0,
-8.706922397990E0));
#1653=CARTESIAN_POINT('',(-9.342328814456E-1,-6.905839197140E0,
-8.888526906725E0));
#1654=CARTESIAN_POINT('',(-7.500995670549E-1,-6.743126707654E0,
-9.011878470248E0));
#1655=CARTESIAN_POINT('',(-5.522602850217E-1,-6.631327500955E0,
-9.094203063273E0));
#1656=CARTESIAN_POINT('',(-3.570437988863E-1,-6.563313520335E0,
-9.143250132189E0));
#1657=CARTESIAN_POINT('',(-1.803671575832E-1,-6.528752161044E0,
-9.167913105541E0));
#1658=CARTESIAN_POINT('',(1.827557508526E-4,-6.516748482848E0,
-9.176436190477E0));
#1659=CARTESIAN_POINT('',(1.807171389595E-1,-6.528797479187E0,
-9.167880903849E0));
#1660=CARTESIAN_POINT('',(3.573984978487E-1,-6.563411602748E0,
-9.143179827653E0));
#1661=CARTESIAN_POINT('',(5.524934733193E-1,-6.631439669939E0,
-9.094121292169E0));
#1662=CARTESIAN_POINT('',(7.502385586532E-1,-6.743232583713E0,
-9.011799149644E0));
#1663=CARTESIAN_POINT('',(9.342720908315E-1,-6.905901152114E0,
-8.888477877828E0));
#1664=CARTESIAN_POINT('',(1.074045756979E0,-7.134081794628E0,
-8.706933568996E0));
#1665=CARTESIAN_POINT('',(1.104117294494E0,-7.289152261804E0,
-8.576412901766E0));
#1666=CARTESIAN_POINT('',(1.104117294494E0,-7.370457560554E0,
-8.505961459357E0));
#1668=CARTESIAN_POINT('',(1.104117294494E0,-1.174899146191E1,
-3.449815158523E0));
#1669=CARTESIAN_POINT('',(1.104117294494E0,-1.171637039769E1,
-3.560912300642E0));
#1670=CARTESIAN_POINT('',(1.070277313189E0,-1.165352032850E1,
-3.763480987858E0));
#1671=CARTESIAN_POINT('',(9.518669260076E-1,-1.156913494666E1,
-4.014086751676E0));
#1672=CARTESIAN_POINT('',(7.981906369265E-1,-1.150222900741E1,
-4.200957321550E0));
#1673=CARTESIAN_POINT('',(6.291231123889E-1,-1.145195440672E1,
-4.335597768733E0));
#1674=CARTESIAN_POINT('',(4.580663340098E-1,-1.141709065592E1,
-4.426278090912E0));
#1675=CARTESIAN_POINT('',(2.941319808549E-1,-1.139551209830E1,
-4.481394965221E0));
#1676=CARTESIAN_POINT('',(1.476802303009E-1,-1.138452897417E1,
-4.509170466340E0));
#1677=CARTESIAN_POINT('',(7.195778521256E-5,-1.138074212704E1,
-4.518708015801E0));
#1678=CARTESIAN_POINT('',(-1.475484323806E-1,-1.138452244708E1,
-4.509186909190E0));
#1679=CARTESIAN_POINT('',(-2.939840555858E-1,-1.139549671084E1,
-4.481434041943E0));
#1680=CARTESIAN_POINT('',(-4.579605411018E-1,-1.141707221146E1,
-4.426325609033E0));
#1681=CARTESIAN_POINT('',(-6.290385412282E-1,-1.145193297320E1,
-4.335654332955E0));
#1682=CARTESIAN_POINT('',(-7.981358834365E-1,-1.150220840043E1,
-4.201013781830E0));
#1683=CARTESIAN_POINT('',(-9.518395589079E-1,-1.156911854108E1,
-4.014134398505E0));
#1684=CARTESIAN_POINT('',(-1.070272780293E0,-1.165351295520E1,
-3.763504497632E0));
#1685=CARTESIAN_POINT('',(-1.104117294494E0,-1.171636795483E1,
-3.560920620286E0));
#1686=CARTESIAN_POINT('',(-1.104117294494E0,-1.174899146191E1,
-3.449815158524E0));
#1688=CARTESIAN_POINT('',(0.E0,-1.127404243997E1,-3.310357542887E0));
#1689=DIRECTION('',(0.E0,2.817325568414E-1,-9.594929736145E-1));
#1690=DIRECTION('',(-9.124936318128E-1,-3.925198528425E-1,-1.152542277988E-1));
#1691=AXIS2_PLACEMENT_3D('',#1688,#1689,#1690);
#1693=CARTESIAN_POINT('',(0.E0,-1.127404243997E1,-3.310357542887E0));
#1694=DIRECTION('',(0.E0,-9.594929736145E-1,-2.817325568414E-1));
#1695=DIRECTION('',(-1.E0,0.E0,0.E0));
#1696=AXIS2_PLACEMENT_3D('',#1693,#1694,#1695);
#1698=CARTESIAN_POINT('',(0.E0,-1.127404243997E1,-3.310357542887E0));
#1699=DIRECTION('',(0.E0,-2.817325568414E-1,9.594929736145E-1));
#1700=DIRECTION('',(9.124936318128E-1,-3.925198528426E-1,-1.152542277989E-1));
#1701=AXIS2_PLACEMENT_3D('',#1698,#1699,#1700);
#1703=CARTESIAN_POINT('',(0.E0,-1.127404243997E1,-3.310357542887E0));
#1704=DIRECTION('',(0.E0,-9.594929736145E-1,-2.817325568414E-1));
#1705=DIRECTION('',(0.E0,-2.817325568414E-1,9.594929736145E-1));
#1706=AXIS2_PLACEMENT_3D('',#1703,#1704,#1705);
#1708=CARTESIAN_POINT('',(-1.104117294494E0,-1.174899146191E1,
-3.449815158524E0));
#1709=CARTESIAN_POINT('',(-1.104117294494E0,-1.178161250060E1,
-3.338718103335E0));
#1710=CARTESIAN_POINT('',(-1.070277338425E0,-1.183825649358E1,
-3.134327398897E0));
#1711=CARTESIAN_POINT('',(-9.518675675683E-1,-1.190275449497E1,
-2.877883108321E0));
#1712=CARTESIAN_POINT('',(-7.981920570041E-1,-1.194749944726E1,
-2.684505822205E0));
#1713=CARTESIAN_POINT('',(-6.291252690164E-1,-1.197799790252E1,
-2.544058568738E0));
#1714=CARTESIAN_POINT('',(-4.580691678E-1,-1.199769418291E1,-2.448924476268E0));
#1715=CARTESIAN_POINT('',(-2.941356892843E-1,-1.200933964416E1,
-2.390890658569E0));
#1716=CARTESIAN_POINT('',(-1.476836759731E-1,-1.201511673561E1,
-2.361585928010E0));
#1717=CARTESIAN_POINT('',(-7.578012125860E-5,-1.201708751544E1,
-2.351514648217E0));
#1718=CARTESIAN_POINT('',(1.475448087343E-1,-1.201512031775E1,
-2.361567629906E0));
#1719=CARTESIAN_POINT('',(2.939800577766E-1,-1.200934825223E1,
-2.390847319382E0));
#1720=CARTESIAN_POINT('',(4.579576872374E-1,-1.199770490104E1,
-2.448871856674E0));
#1721=CARTESIAN_POINT('',(6.290361218650E-1,-1.197801113069E1,
-2.543996197358E0));
#1722=CARTESIAN_POINT('',(7.981342561606E-1,-1.194751336630E1,
-2.684443936122E0));
#1723=CARTESIAN_POINT('',(9.518386220742E-1,-1.190276713783E1,
-2.877831351552E0));
#1724=CARTESIAN_POINT('',(1.070272522310E0,-1.183826339323E1,
-3.134302199940E0));
#1725=CARTESIAN_POINT('',(1.104117294494E0,-1.178161509389E1,
-3.338709271404E0));
#1726=CARTESIAN_POINT('',(1.104117294494E0,-1.174899146191E1,
-3.449815158523E0));
#1728=CARTESIAN_POINT('',(0.E0,-1.127404243997E1,-3.310357542887E0));
#1729=DIRECTION('',(0.E0,-2.817325568414E-1,9.594929736145E-1));
#1730=DIRECTION('',(1.E0,0.E0,0.E0));
#1731=AXIS2_PLACEMENT_3D('',#1728,#1729,#1730);
#1733=CARTESIAN_POINT('',(1.104117294494E0,-1.079909341803E1,
-3.170899927250E0));
#1734=CARTESIAN_POINT('',(1.104117294494E0,-1.082939936303E1,
-3.067687357093E0));
#1735=CARTESIAN_POINT('',(1.074057301460E0,-1.088370594641E1,
-2.872415744975E0));
#1736=CARTESIAN_POINT('',(9.342320956732E-1,-1.095407810678E1,
-2.589343289430E0));
#1737=CARTESIAN_POINT('',(7.500967413675E-1,-1.099868963712E1,
-2.390091562062E0));
#1738=CARTESIAN_POINT('',(5.522558516621E-1,-1.102713160120E1,
-2.254196620819E0));
#1739=CARTESIAN_POINT('',(3.570371013420E-1,-1.104349227386E1,
-2.171954353666E0));
#1740=CARTESIAN_POINT('',(1.803602568181E-1,-1.105156896466E1,
-2.130272021290E0));
#1741=CARTESIAN_POINT('',(-1.901826908310E-4,-1.105433511908E1,
-2.115813560120E0));
#1742=CARTESIAN_POINT('',(-1.807244562744E-1,-1.105155807408E1,
-2.130328837338E0));
#1743=CARTESIAN_POINT('',(-3.574062017340E-1,-1.104346812296E1,
-2.172077596995E0));
#1744=CARTESIAN_POINT('',(-5.524983460163E-1,-1.102710270712E1,
-2.254338052306E0));
#1745=CARTESIAN_POINT('',(-7.502413649297E-1,-1.099866032467E1,
-2.390226061196E0));
#1746=CARTESIAN_POINT('',(-9.342728010123E-1,-1.095405851365E1,
-2.589422985876E0));
#1747=CARTESIAN_POINT('',(-1.074045349198E0,-1.088371025685E1,
-2.872397256692E0));
#1748=CARTESIAN_POINT('',(-1.104117294494E0,-1.082940299889E1,
-3.067674974507E0));
#1749=CARTESIAN_POINT('',(-1.104117294494E0,-1.079909341803E1,
-3.170899927250E0));
#1751=CARTESIAN_POINT('',(0.E0,-1.127404243997E1,-3.310357542887E0));
#1752=DIRECTION('',(0.E0,9.594929736145E-1,2.817325568414E-1));
#1753=DIRECTION('',(0.E0,-2.817325568414E-1,9.594929736145E-1));
#1754=AXIS2_PLACEMENT_3D('',#1751,#1752,#1753);
#1756=CARTESIAN_POINT('',(0.E0,-1.127404243997E1,-3.310357542887E0));
#1757=DIRECTION('',(0.E0,9.594929736145E-1,2.817325568414E-1));
#1758=DIRECTION('',(1.E0,0.E0,0.E0));
#1759=AXIS2_PLACEMENT_3D('',#1756,#1757,#1758);
#1761=CARTESIAN_POINT('',(0.E0,-1.127404243997E1,-3.310357542887E0));
#1762=DIRECTION('',(0.E0,2.817325568414E-1,-9.594929736145E-1));
#1763=DIRECTION('',(-1.E0,0.E0,0.E0));
#1764=AXIS2_PLACEMENT_3D('',#1761,#1762,#1763);
#1766=CARTESIAN_POINT('',(-1.104117294494E0,-1.079909341803E1,
-3.170899927250E0));
#1767=CARTESIAN_POINT('',(-1.104117294494E0,-1.076878747223E1,
-3.274112500137E0));
#1768=CARTESIAN_POINT('',(-1.074057270368E0,-1.070890132877E1,
-3.467745591193E0));
#1769=CARTESIAN_POINT('',(-9.342328814456E-1,-1.061506207459E1,
-3.743926113189E0));
#1770=CARTESIAN_POINT('',(-7.500995670549E-1,-1.054486850811E1,
-3.935665065109E0));
#1771=CARTESIAN_POINT('',(-5.522602850216E-1,-1.049532506577E1,
-4.065364134331E0));
#1772=CARTESIAN_POINT('',(-3.570437988862E-1,-1.046462491173E1,
-4.143396288412E0));
#1773=CARTESIAN_POINT('',(-1.803671575831E-1,-1.044888385620E1,
-4.182829383413E0));
#1774=CARTESIAN_POINT('',(1.827557509573E-4,-1.044339364712E1,
-4.196489137120E0));
#1775=CARTESIAN_POINT('',(1.807171389596E-1,-1.044890457070E1,
-4.182777792789E0));
#1776=CARTESIAN_POINT('',(3.573984978488E-1,-1.046466941440E1,
-4.143284117117E0));
#1777=CARTESIAN_POINT('',(5.524934733194E-1,-1.049537521953E1,
-4.065234700969E0));
#1778=CARTESIAN_POINT('',(7.502385586533E-1,-1.054491469276E1,
-3.935541095451E0));
#1779=CARTESIAN_POINT('',(9.342720908316E-1,-1.061508768740E1,
-3.743851372068E0));
#1780=CARTESIAN_POINT('',(1.074045756980E0,-1.070889519551E1,
-3.467762811802E0));
#1781=CARTESIAN_POINT('',(1.104117294494E0,-1.076878397363E1,
-3.274124415250E0));
#1782=CARTESIAN_POINT('',(1.104117294494E0,-1.079909341803E1,
-3.170899927250E0));
#1784=CARTESIAN_POINT('',(1.104117294494E0,-1.174899146191E1,3.449815158523E0));
#1785=CARTESIAN_POINT('',(1.104117294494E0,-1.178161252613E1,3.338718016405E0));
#1786=CARTESIAN_POINT('',(1.070277313188E0,-1.183825658402E1,3.134327079855E0));
#1787=CARTESIAN_POINT('',(9.518669260072E-1,-1.190275478844E1,
2.877881913878E0));
#1788=CARTESIAN_POINT('',(7.981906369261E-1,-1.194749978834E1,
2.684504305102E0));
#1789=CARTESIAN_POINT('',(6.291231123885E-1,-1.197799822432E1,
2.544057052030E0));
#1790=CARTESIAN_POINT('',(4.580663340095E-1,-1.199769445430E1,
2.448923143908E0));
#1791=CARTESIAN_POINT('',(2.941319808548E-1,-1.200933984845E1,
2.390889629647E0));
#1792=CARTESIAN_POINT('',(1.476802303009E-1,-1.201511682611E1,
2.361585465998E0));
#1793=CARTESIAN_POINT('',(7.195778524870E-5,-1.201708751611E1,
2.351514644687E0));
#1794=CARTESIAN_POINT('',(-1.475484323805E-1,-1.201512022484E1,
2.361568104578E0));
#1795=CARTESIAN_POINT('',(-2.939840555856E-1,-1.200934803017E1,
2.390848437130E0));
#1796=CARTESIAN_POINT('',(-4.579605411015E-1,-1.199770462807E1,
2.448873197294E0));
#1797=CARTESIAN_POINT('',(-6.290385412278E-1,-1.197801077423E1,
2.543997879347E0));
#1798=CARTESIAN_POINT('',(-7.981358834361E-1,-1.194751297737E1,
2.684445666715E0));
#1799=CARTESIAN_POINT('',(-9.518395589075E-1,-1.190276674701E1,
2.877832961291E0));
#1800=CARTESIAN_POINT('',(-1.070272780293E0,-1.183826309156E1,
3.134303315870E0));
#1801=CARTESIAN_POINT('',(-1.104117294494E0,-1.178161496899E1,
3.338709696761E0));
#1802=CARTESIAN_POINT('',(-1.104117294494E0,-1.174899146191E1,
3.449815158523E0));
#1804=CARTESIAN_POINT('',(0.E0,-1.127404243997E1,3.310357542887E0));
#1805=DIRECTION('',(0.E0,-2.817325568414E-1,-9.594929736145E-1));
#1806=DIRECTION('',(-9.124936318130E-1,-3.925198528421E-1,1.152542277987E-1));
#1807=AXIS2_PLACEMENT_3D('',#1804,#1805,#1806);
#1809=CARTESIAN_POINT('',(0.E0,-1.127404243997E1,3.310357542887E0));
#1810=DIRECTION('',(0.E0,-9.594929736145E-1,2.817325568414E-1));
#1811=DIRECTION('',(-1.E0,0.E0,0.E0));
#1812=AXIS2_PLACEMENT_3D('',#1809,#1810,#1811);
#1814=CARTESIAN_POINT('',(0.E0,-1.127404243997E1,3.310357542887E0));
#1815=DIRECTION('',(0.E0,2.817325568414E-1,9.594929736145E-1));
#1816=DIRECTION('',(9.124936318128E-1,-3.925198528426E-1,1.152542277989E-1));
#1817=AXIS2_PLACEMENT_3D('',#1814,#1815,#1816);
#1819=CARTESIAN_POINT('',(0.E0,-1.127404243997E1,3.310357542887E0));
#1820=DIRECTION('',(0.E0,-9.594929736145E-1,2.817325568414E-1));
#1821=DIRECTION('',(0.E0,2.817325568414E-1,9.594929736145E-1));
#1822=AXIS2_PLACEMENT_3D('',#1819,#1820,#1821);
#1824=CARTESIAN_POINT('',(-1.104117294494E0,-1.174899146191E1,
3.449815158523E0));
#1825=CARTESIAN_POINT('',(-1.104117294494E0,-1.171637042322E1,
3.560912213712E0));
#1826=CARTESIAN_POINT('',(-1.070277338425E0,-1.165352042490E1,
3.763480670563E0));
#1827=CARTESIAN_POINT('',(-9.518675675687E-1,-1.156913534554E1,
4.014085588183E0));
#1828=CARTESIAN_POINT('',(-7.981920570045E-1,-1.150222954069E1,
4.200955860883E0));
#1829=CARTESIAN_POINT('',(-6.291252690167E-1,-1.145195495599E1,
4.335596318817E0));
#1830=CARTESIAN_POINT('',(-4.580691678002E-1,-1.141709114794E1,
4.426276823333E0));
#1831=CARTESIAN_POINT('',(-2.941356892845E-1,-1.139551248272E1,
4.481393989188E0));
#1832=CARTESIAN_POINT('',(-1.476836759733E-1,-1.138452914782E1,
4.509170028744E0));
#1833=CARTESIAN_POINT('',(-7.578012130696E-5,-1.138074212838E1,
4.518708012467E0));
#1834=CARTESIAN_POINT('',(1.475448087343E-1,-1.138452226861E1,
4.509187358740E0));
#1835=CARTESIAN_POINT('',(2.939800577767E-1,-1.139549629335E1,
4.481435102303E0));
#1836=CARTESIAN_POINT('',(4.579576872376E-1,-1.141707171630E1,
4.426326884414E0));
#1837=CARTESIAN_POINT('',(6.290361218653E-1,-1.145193236372E1,
4.335655940650E0));
#1838=CARTESIAN_POINT('',(7.981342561610E-1,-1.150220779198E1,
4.201015447967E0));
#1839=CARTESIAN_POINT('',(9.518386220746E-1,-1.156911799957E1,
4.014135963993E0));
#1840=CARTESIAN_POINT('',(1.070272522310E0,-1.165351260567E1,3.763505599511E0));
#1841=CARTESIAN_POINT('',(1.104117294494E0,-1.171636782993E1,3.560921045643E0));
#1842=CARTESIAN_POINT('',(1.104117294494E0,-1.174899146191E1,3.449815158523E0));
#1844=CARTESIAN_POINT('',(0.E0,-1.127404243997E1,3.310357542887E0));
#1845=DIRECTION('',(0.E0,2.817325568414E-1,9.594929736145E-1));
#1846=DIRECTION('',(1.E0,0.E0,0.E0));
#1847=AXIS2_PLACEMENT_3D('',#1844,#1845,#1846);
#1849=CARTESIAN_POINT('',(1.104117294494E0,-1.079909341803E1,3.170899927250E0));
#1850=CARTESIAN_POINT('',(1.104117294494E0,-1.076878747303E1,3.274112497408E0));
#1851=CARTESIAN_POINT('',(1.074057301460E0,-1.070890127415E1,3.467745786591E0));
#1852=CARTESIAN_POINT('',(9.342320956734E-1,-1.061506157891E1,
3.743927552175E0));
#1853=CARTESIAN_POINT('',(7.500967413677E-1,-1.054486756965E1,
3.935667585978E0));
#1854=CARTESIAN_POINT('',(5.522558516623E-1,-1.049532412029E1,
4.065366572104E0));
#1855=CARTESIAN_POINT('',(3.570371013423E-1,-1.046462406742E1,
4.143398417335E0));
#1856=CARTESIAN_POINT('',(1.803602568183E-1,-1.044888344184E1,
4.182830415422E0));
#1857=CARTESIAN_POINT('',(-1.901826906073E-4,-1.044339364475E1,
4.196489142945E0));
#1858=CARTESIAN_POINT('',(-1.807244562743E-1,-1.044890499718E1,
4.182776730829E0));
#1859=CARTESIAN_POINT('',(-3.574062017339E-1,-1.046467038077E1,
4.143281681490E0));
#1860=CARTESIAN_POINT('',(-5.524983460164E-1,-1.049537627668E1,
4.065231971049E0));
#1861=CARTESIAN_POINT('',(-7.502413649298E-1,-1.054491562617E1,
3.935538590600E0));
#1862=CARTESIAN_POINT('',(-9.342728010124E-1,-1.061508818327E1,
3.743849914415E0));
#1863=CARTESIAN_POINT('',(-1.074045349198E0,-1.070889490480E1,
3.467763670328E0));
#1864=CARTESIAN_POINT('',(-1.104117294494E0,-1.076878383717E1,
3.274124879994E0));
#1865=CARTESIAN_POINT('',(-1.104117294494E0,-1.079909341803E1,
3.170899927250E0));
#1867=CARTESIAN_POINT('',(0.E0,-1.127404243997E1,3.310357542887E0));
#1868=DIRECTION('',(0.E0,9.594929736145E-1,-2.817325568414E-1));
#1869=DIRECTION('',(0.E0,2.817325568414E-1,9.594929736145E-1));
#1870=AXIS2_PLACEMENT_3D('',#1867,#1868,#1869);
#1872=CARTESIAN_POINT('',(0.E0,-1.127404243997E1,3.310357542887E0));
#1873=DIRECTION('',(0.E0,9.594929736145E-1,-2.817325568414E-1));
#1874=DIRECTION('',(1.E0,0.E0,0.E0));
#1875=AXIS2_PLACEMENT_3D('',#1872,#1873,#1874);
#1877=CARTESIAN_POINT('',(0.E0,-1.127404243997E1,3.310357542887E0));
#1878=DIRECTION('',(0.E0,-2.817325568414E-1,-9.594929736145E-1));
#1879=DIRECTION('',(-1.E0,0.E0,0.E0));
#1880=AXIS2_PLACEMENT_3D('',#1877,#1878,#1879);
#1882=CARTESIAN_POINT('',(-1.104117294494E0,-1.079909341803E1,
3.170899927250E0));
#1883=CARTESIAN_POINT('',(-1.104117294494E0,-1.082939936383E1,
3.067687354364E0));
#1884=CARTESIAN_POINT('',(-1.074057270368E0,-1.088370588672E1,
2.872415938888E0));
#1885=CARTESIAN_POINT('',(-9.342328814455E-1,-1.095407774580E1,
2.589344767967E0));
#1886=CARTESIAN_POINT('',(-7.500995670547E-1,-1.099868906372E1,
2.390094190122E0));
#1887=CARTESIAN_POINT('',(-5.522602850215E-1,-1.102713107863E1,
2.254199182772E0));
#1888=CARTESIAN_POINT('',(-3.570437988862E-1,-1.104349183315E1,
2.171956601097E0));
#1889=CARTESIAN_POINT('',(-1.803671575831E-1,-1.105156875530E1,
2.130273113488E0));
#1890=CARTESIAN_POINT('',(1.827557508291E-4,-1.105433511792E1,
2.115813566299E0));
#1891=CARTESIAN_POINT('',(1.807171389594E-1,-1.105155828944E1,
2.130327713387E0));
#1892=CARTESIAN_POINT('',(3.573984978486E-1,-1.104346862681E1,
2.172075025558E0));
#1893=CARTESIAN_POINT('',(5.524934733192E-1,-1.102710329370E1,
2.254335184213E0));
#1894=CARTESIAN_POINT('',(7.502385586531E-1,-1.099866089366E1,
2.390223449343E0));
#1895=CARTESIAN_POINT('',(9.342720908314E-1,-1.095405888457E1,
2.589421491534E0));
#1896=CARTESIAN_POINT('',(1.074045756980E0,-1.088371003726E1,2.872398136098E0));
#1897=CARTESIAN_POINT('',(1.104117294494E0,-1.082940286243E1,3.067675439251E0));
#1898=CARTESIAN_POINT('',(1.104117294494E0,-1.079909341803E1,3.170899927250E0));
#1900=CARTESIAN_POINT('',(1.104117294494E0,-8.018769687160E0,9.254153537968E0));
#1901=CARTESIAN_POINT('',(1.104117294494E0,-8.106275922408E0,9.178328953497E0));
#1902=CARTESIAN_POINT('',(1.070277313189E0,-8.264430019244E0,9.037008445812E0));
#1903=CARTESIAN_POINT('',(9.518669260074E-1,-8.457334085740E0,
8.856143405918E0));
#1904=CARTESIAN_POINT('',(7.981906369263E-1,-8.599523803466E0,
8.717654782686E0));
#1905=CARTESIAN_POINT('',(6.291231123887E-1,-8.701112238190E0,
8.615991734221E0));
#1906=CARTESIAN_POINT('',(4.580663340097E-1,-8.769115035102E0,
8.546608583800E0));
#1907=CARTESIAN_POINT('',(2.941319808548E-1,-8.810287050664E0,
8.504083660320E0));
#1908=CARTESIAN_POINT('',(1.476802303009E-1,-8.830989980518E0,
8.482554699047E0));
#1909=CARTESIAN_POINT('',(7.195778516473E-5,-8.838092527511E0,
8.475148020495E0));
#1910=CARTESIAN_POINT('',(-1.475484323806E-1,-8.831002226006E0,
8.482541931184E0));
#1911=CARTESIAN_POINT('',(-2.939840555858E-1,-8.810316203920E0,
8.504053430341E0));
#1912=CARTESIAN_POINT('',(-4.579605411018E-1,-8.769150597001E0,
8.546572066390E0));
#1913=CARTESIAN_POINT('',(-6.290385412282E-1,-8.701154787014E0,
8.615948739986E0));
#1914=CARTESIAN_POINT('',(-7.981358834365E-1,-8.599566601092E0,
8.717612583465E0));
#1915=CARTESIAN_POINT('',(-9.518395589079E-1,-8.457370611698E0,
8.856108689673E0));
#1916=CARTESIAN_POINT('',(-1.070272780293E0,-8.264448341510E0,
9.036991972515E0));
#1917=CARTESIAN_POINT('',(-1.104117294494E0,-8.106282475418E0,
9.178323275281E0));
#1918=CARTESIAN_POINT('',(-1.104117294494E0,-8.018769687160E0,
9.254153537967E0));
#1920=CARTESIAN_POINT('',(0.E0,-7.694613623857E0,8.880057498662E0));
#1921=DIRECTION('',(0.E0,-7.557495743543E-1,-6.548607339453E-1));
#1922=DIRECTION('',(-9.124936318132E-1,-2.678975729772E-1,3.091702804172E-1));
#1923=AXIS2_PLACEMENT_3D('',#1920,#1921,#1922);
#1925=CARTESIAN_POINT('',(0.E0,-7.694613623857E0,8.880057498662E0));
#1926=DIRECTION('',(0.E0,-6.548607339453E-1,7.557495743543E-1));
#1927=DIRECTION('',(-1.E0,0.E0,0.E0));
#1928=AXIS2_PLACEMENT_3D('',#1925,#1926,#1927);
#1930=CARTESIAN_POINT('',(0.E0,-7.694613623857E0,8.880057498662E0));
#1931=DIRECTION('',(0.E0,7.557495743543E-1,6.548607339453E-1));
#1932=DIRECTION('',(9.124936318128E-1,-2.678975729778E-1,3.091702804179E-1));
#1933=AXIS2_PLACEMENT_3D('',#1930,#1931,#1932);
#1935=CARTESIAN_POINT('',(0.E0,-7.694613623857E0,8.880057498662E0));
#1936=DIRECTION('',(0.E0,-6.548607339453E-1,7.557495743543E-1));
#1937=DIRECTION('',(0.E0,7.557495743543E-1,6.548607339453E-1));
#1938=AXIS2_PLACEMENT_3D('',#1935,#1936,#1937);
#1940=CARTESIAN_POINT('',(-1.104117294494E0,-8.018769687160E0,
9.254153537967E0));
#1941=CARTESIAN_POINT('',(-1.104117294494E0,-7.931263520382E0,
9.329978063108E0));
#1942=CARTESIAN_POINT('',(-1.070277338425E0,-7.768873961152E0,
9.466410218605E0));
#1943=CARTESIAN_POINT('',(-9.518675675683E-1,-7.562397467504E0,
9.631610472612E0));
#1944=CARTESIAN_POINT('',(-7.981920570040E-1,-7.405083025819E0,
9.752643740677E0));
#1945=CARTESIAN_POINT('',(-6.291252690163E-1,-7.289997226590E0,
9.838730009007E0));
#1946=CARTESIAN_POINT('',(-4.580691677999E-1,-7.211642342806E0,
9.896166506102E0));
#1947=CARTESIAN_POINT('',(-2.941356892843E-1,-7.163690624852E0,
9.930867709393E0));
#1948=CARTESIAN_POINT('',(-1.476836759731E-1,-7.139433994841E0,
9.948296361643E0));
#1949=CARTESIAN_POINT('',(-7.578012120241E-5,-7.131091528035E0,
9.954272806857E0));
#1950=CARTESIAN_POINT('',(1.475448087343E-1,-7.139418838376E0,
9.948307221381E0));
#1951=CARTESIAN_POINT('',(2.939800577767E-1,-7.163654778061E0,
9.930893543314E0));
#1952=CARTESIAN_POINT('',(4.579576872375E-1,-7.211598930813E0,
9.896198114630E0));
#1953=CARTESIAN_POINT('',(6.290361218651E-1,-7.289945986768E0,
9.838767951782E0));
#1954=CARTESIAN_POINT('',(7.981342561607E-1,-7.405032514432E0,
9.752682110282E0));
#1955=CARTESIAN_POINT('',(9.518386220743E-1,-7.562355639925E0,
9.631643473500E0));
#1956=CARTESIAN_POINT('',(1.070272522310E0,-7.768853905596E0,9.466426962778E0));
#1957=CARTESIAN_POINT('',(1.104117294494E0,-7.931256563867E0,9.329984090964E0));
#1958=CARTESIAN_POINT('',(1.104117294494E0,-8.018769687160E0,9.254153537968E0));
#1960=CARTESIAN_POINT('',(0.E0,-7.694613623857E0,8.880057498662E0));
#1961=DIRECTION('',(0.E0,7.557495743543E-1,6.548607339453E-1));
#1962=DIRECTION('',(1.E0,0.E0,0.E0));
#1963=AXIS2_PLACEMENT_3D('',#1960,#1961,#1962);
#1965=CARTESIAN_POINT('',(1.104117294494E0,-7.370457560554E0,8.505961459357E0));
#1966=CARTESIAN_POINT('',(1.104117294494E0,-7.289161648954E0,8.576404767754E0));
#1967=CARTESIAN_POINT('',(1.074057301460E0,-7.134096112824E0,8.706922532836E0));
#1968=CARTESIAN_POINT('',(9.342320956733E-1,-6.905838002172E0,
8.888527849292E0));
#1969=CARTESIAN_POINT('',(7.500967413675E-1,-6.743124555287E0,
9.011880083569E0));
#1970=CARTESIAN_POINT('',(5.522558516622E-1,-6.631325387603E0,
9.094204602891E0));
#1971=CARTESIAN_POINT('',(3.570371013422E-1,-6.563311659076E0,
9.143251466686E0));
#1972=CARTESIAN_POINT('',(1.803602568183E-1,-6.528751254521E0,
9.167913749704E0));
#1973=CARTESIAN_POINT('',(-1.901826906138E-4,-6.516748477709E0,
9.176436194099E0));
#1974=CARTESIAN_POINT('',(-1.807244562742E-1,-6.528798412106E0,
9.167880241044E0));
#1975=CARTESIAN_POINT('',(-3.574062017338E-1,-6.563413732506E0,
9.143178301130E0));
#1976=CARTESIAN_POINT('',(-5.524983460162E-1,-6.631442035175E0,
9.094119567151E0));
#1977=CARTESIAN_POINT('',(-7.502413649296E-1,-6.743234723170E0,
9.011797547066E0));
#1978=CARTESIAN_POINT('',(-9.342728010123E-1,-6.905902357331E0,
8.888476919659E0));
#1979=CARTESIAN_POINT('',(-1.074045349198E0,-7.134081085915E0,
8.706934134067E0));
#1980=CARTESIAN_POINT('',(-1.104117294494E0,-7.289151895746E0,
8.576413218957E0));
#1981=CARTESIAN_POINT('',(-1.104117294494E0,-7.370457560554E0,
8.505961459357E0));
#1983=CARTESIAN_POINT('',(0.E0,-7.694613623857E0,8.880057498662E0));
#1984=DIRECTION('',(0.E0,6.548607339453E-1,-7.557495743543E-1));
#1985=DIRECTION('',(0.E0,7.557495743543E-1,6.548607339453E-1));
#1986=AXIS2_PLACEMENT_3D('',#1983,#1984,#1985);
#1988=CARTESIAN_POINT('',(0.E0,-7.694613623857E0,8.880057498662E0));
#1989=DIRECTION('',(0.E0,6.548607339453E-1,-7.557495743543E-1));
#1990=DIRECTION('',(1.E0,0.E0,0.E0));
#1991=AXIS2_PLACEMENT_3D('',#1988,#1989,#1990);
#1993=CARTESIAN_POINT('',(0.E0,-7.694613623857E0,8.880057498662E0));
#1994=DIRECTION('',(0.E0,-7.557495743543E-1,-6.548607339453E-1));
#1995=DIRECTION('',(-1.E0,0.E0,0.E0));
#1996=AXIS2_PLACEMENT_3D('',#1993,#1994,#1995);
#1998=CARTESIAN_POINT('',(-1.104117294494E0,-7.370457560554E0,
8.505961459357E0));
#1999=CARTESIAN_POINT('',(-1.104117294494E0,-7.451753474305E0,
8.435518149097E0));
#2000=CARTESIAN_POINT('',(-1.074057270368E0,-7.603010726227E0,
8.300605703894E0));
#2001=CARTESIAN_POINT('',(-9.342328814457E-1,-7.815251130530E0,
8.100516980729E0));
#2002=CARTESIAN_POINT('',(-7.500995670549E-1,-7.960503554621E0,
7.957015427587E0));
#2003=CARTESIAN_POINT('',(-5.522602850217E-1,-8.057900888011E0,
7.858070186754E0));
#2004=CARTESIAN_POINT('',(-3.570437988863E-1,-8.116128127139E0,
7.797728616069E0));
#2005=CARTESIAN_POINT('',(-1.803671575831E-1,-8.145458661240E0,
7.767028948646E0));
#2006=CARTESIAN_POINT('',(1.827557508576E-4,-8.155603294982E0,
7.756360412040E0));
#2007=CARTESIAN_POINT('',(1.807171389595E-1,-8.145420337871E0,
7.767069222737E0));
#2008=CARTESIAN_POINT('',(3.573984978487E-1,-8.116044579618E0,
7.797815694766E0));
#2009=CARTESIAN_POINT('',(5.524934733194E-1,-8.057803985908E0,
7.858169576778E0));
#2010=CARTESIAN_POINT('',(7.502385586533E-1,-7.960409973652E0,
7.957108937483E0));
#2011=CARTESIAN_POINT('',(9.342720908317E-1,-7.815193783565E0,
8.100571327552E0));
#2012=CARTESIAN_POINT('',(1.074045756980E0,-7.603023842794E0,8.300592971183E0));
#2013=CARTESIAN_POINT('',(1.104117294494E0,-7.451762859305E0,8.435510016948E0));
#2014=CARTESIAN_POINT('',(1.104117294494E0,-7.370457560554E0,8.505961459357E0));
#2016=CARTESIAN_POINT('',(1.104117294494E0,-1.742645194656E0,1.212036355583E1));
#2017=CARTESIAN_POINT('',(1.104117294494E0,-1.857253989535E0,1.210388529883E1));
#2018=CARTESIAN_POINT('',(1.070277313188E0,-2.066705317029E0,1.207050348267E1));
#2019=CARTESIAN_POINT('',(9.518669260073E-1,-2.326769567483E0,
1.202264194110E1));
#2020=CARTESIAN_POINT('',(7.981906369262E-1,-2.521259772324E0,
1.198301146277E1));
#2021=CARTESIAN_POINT('',(6.291231123887E-1,-2.661684595558E0,
1.195240991849E1));
#2022=CARTESIAN_POINT('',(4.580663340096E-1,-2.756403551864E0,
1.193080618579E1));
#2023=CARTESIAN_POINT('',(2.941319808548E-1,-2.814030364801E0,
1.191729121583E1));
#2024=CARTESIAN_POINT('',(1.476802303009E-1,-2.843086212902E0,
1.191037275002E1));
#2025=CARTESIAN_POINT('',(7.195778520265E-5,-2.853065608399E0,
1.190798178233E1));
#2026=CARTESIAN_POINT('',(-1.475484323806E-1,-2.843103417290E0,
1.191036862942E1));
#2027=CARTESIAN_POINT('',(-2.939840555858E-1,-2.814071233642E0,
1.191728154619E1));
#2028=CARTESIAN_POINT('',(-4.579605411016E-1,-2.756453211239E0,
1.193079469160E1));
#2029=CARTESIAN_POINT('',(-6.290385412280E-1,-2.661743634345E0,
1.195239675306E1));
#2030=CARTESIAN_POINT('',(-7.981358834362E-1,-2.521318590600E0,
1.198299910067E1));
#2031=CARTESIAN_POINT('',(-9.518395589076E-1,-2.326819064093E0,
1.202263248336E1));
#2032=CARTESIAN_POINT('',(-1.070272780293E0,-2.066729636837E0,
1.207049953022E1));
#2033=CARTESIAN_POINT('',(-1.104117294494E0,-1.857262572153E0,
1.210388406483E1));
#2034=CARTESIAN_POINT('',(-1.104117294494E0,-1.742645194656E0,
1.212036355583E1));
#2036=CARTESIAN_POINT('',(0.E0,-1.672199349711E0,1.163040194210E1));
#2037=DIRECTION('',(0.E0,-9.898214418809E-1,-1.423148382733E-1));
#2038=DIRECTION('',(-9.124936318134E-1,-5.821970656620E-2,4.049269534957E-1));
#2039=AXIS2_PLACEMENT_3D('',#2036,#2037,#2038);
#2041=CARTESIAN_POINT('',(0.E0,-1.672199349711E0,1.163040194210E1));
#2042=DIRECTION('',(0.E0,-1.423148382733E-1,9.898214418809E-1));
#2043=DIRECTION('',(-1.E0,0.E0,0.E0));
#2044=AXIS2_PLACEMENT_3D('',#2041,#2042,#2043);
#2046=CARTESIAN_POINT('',(0.E0,-1.672199349711E0,1.163040194210E1));
#2047=DIRECTION('',(0.E0,9.898214418809E-1,1.423148382733E-1));
#2048=DIRECTION('',(9.124936318133E-1,-5.821970656623E-2,4.049269534959E-1));
#2049=AXIS2_PLACEMENT_3D('',#2046,#2047,#2048);
#2051=CARTESIAN_POINT('',(0.E0,-1.672199349711E0,1.163040194210E1));
#2052=DIRECTION('',(0.E0,-1.423148382733E-1,9.898214418809E-1));
#2053=DIRECTION('',(0.E0,9.898214418809E-1,1.423148382733E-1));
#2054=AXIS2_PLACEMENT_3D('',#2051,#2052,#2053);
#2056=CARTESIAN_POINT('',(-1.104117294494E0,-1.742645194656E0,
1.212036355583E1));
#2057=CARTESIAN_POINT('',(-1.104117294494E0,-1.628036489455E0,
1.213684179994E1));
#2058=CARTESIAN_POINT('',(-1.070277338424E0,-1.417664906983E0,
1.216382140870E1));
#2059=CARTESIAN_POINT('',(-9.518675675683E-1,-1.154651826885E0,
1.219116708569E1));
#2060=CARTESIAN_POINT('',(-7.981920570041E-1,-9.568749720656E-1,
1.220793614169E1));
#2061=CARTESIAN_POINT('',(-6.291252690164E-1,-8.135168864040E-1,
1.221813643848E1));
#2062=CARTESIAN_POINT('',(-4.580691678E-1,-7.165480488645E-1,1.222409324616E1));
#2063=CARTESIAN_POINT('',(-2.941356892843E-1,-6.574476098166E-1,
1.222736110003E1));
#2064=CARTESIAN_POINT('',(-1.476836759732E-1,-6.276189933255E-1,
1.222890889103E1));
#2065=CARTESIAN_POINT('',(-7.578012120707E-5,-6.173697534263E-1,
1.222942631860E1));
#2066=CARTESIAN_POINT('',(1.475448087344E-1,-6.276003716779E-1,
1.222890983261E1));
#2067=CARTESIAN_POINT('',(2.939800577768E-1,-6.574034867050E-1,
1.222736345266E1));
#2068=CARTESIAN_POINT('',(4.579576872375E-1,-7.164944395119E-1,
1.222409636665E1));
#2069=CARTESIAN_POINT('',(6.290361218651E-1,-8.134532673097E-1,
1.221814065564E1));
#2070=CARTESIAN_POINT('',(7.981342561606E-1,-9.568117350083E-1,
1.220794111174E1));
#2071=CARTESIAN_POINT('',(9.518386220743E-1,-1.154598797659E0,
1.219117223411E1));
#2072=CARTESIAN_POINT('',(1.070272522309E0,-1.417638982592E0,1.216382465194E1));
#2073=CARTESIAN_POINT('',(1.104117294494E0,-1.628027378357E0,1.213684310992E1));
#2074=CARTESIAN_POINT('',(1.104117294494E0,-1.742645194656E0,1.212036355583E1));
#2076=CARTESIAN_POINT('',(0.E0,-1.672199349711E0,1.163040194210E1));
#2077=DIRECTION('',(0.E0,9.898214418809E-1,1.423148382733E-1));
#2078=DIRECTION('',(1.E0,0.E0,0.E0));
#2079=AXIS2_PLACEMENT_3D('',#2076,#2077,#2078);
#2081=CARTESIAN_POINT('',(1.104117294494E0,-1.601753504766E0,1.114044032837E1));
#2082=CARTESIAN_POINT('',(1.104117294494E0,-1.495278504091E0,1.115574912232E1));
#2083=CARTESIAN_POINT('',(1.074057301460E0,-1.294265842795E0,1.118171289508E1));
#2084=CARTESIAN_POINT('',(9.342320956736E-1,-1.004059654069E0,
1.121108335760E1));
#2085=CARTESIAN_POINT('',(7.500967413678E-1,-8.004871392627E-1,
1.122688432953E1));
#2086=CARTESIAN_POINT('',(5.522558516624E-1,-6.619276990589E-1,
1.123569692884E1));
#2087=CARTESIAN_POINT('',(3.570371013424E-1,-5.781941731184E-1,
1.124018677849E1));
#2088=CARTESIAN_POINT('',(1.803602568185E-1,-5.357866738393E-1,
1.124224924584E1));
#2089=CARTESIAN_POINT('',(-1.901826903845E-4,-5.210817141379E-1,
1.124292959123E1));
#2090=CARTESIAN_POINT('',(-1.807244562740E-1,-5.358444614727E-1,
1.124224655188E1));
#2091=CARTESIAN_POINT('',(-3.574062017337E-1,-5.783195990379E-1,
1.124018041277E1));
#2092=CARTESIAN_POINT('',(-5.524983460162E-1,-6.620718030323E-1,
1.123568845666E1));
#2093=CARTESIAN_POINT('',(-7.502413649297E-1,-8.006244409857E-1,
1.122687445666E1));
#2094=CARTESIAN_POINT('',(-9.342728010125E-1,-1.004141327713E0,
1.121107530589E1));
#2095=CARTESIAN_POINT('',(-1.074045349198E0,-1.294246929256E0,
1.118171453050E1));
#2096=CARTESIAN_POINT('',(-1.104117294494E0,-1.495265730105E0,
1.115575095894E1));
#2097=CARTESIAN_POINT('',(-1.104117294494E0,-1.601753504766E0,
1.114044032837E1));
#2099=CARTESIAN_POINT('',(0.E0,-1.672199349711E0,1.163040194210E1));
#2100=DIRECTION('',(0.E0,1.423148382733E-1,-9.898214418809E-1));
#2101=DIRECTION('',(0.E0,9.898214418809E-1,1.423148382733E-1));
#2102=AXIS2_PLACEMENT_3D('',#2099,#2100,#2101);
#2104=CARTESIAN_POINT('',(0.E0,-1.672199349711E0,1.163040194210E1));
#2105=DIRECTION('',(0.E0,1.423148382733E-1,-9.898214418809E-1));
#2106=DIRECTION('',(1.E0,0.E0,0.E0));
#2107=AXIS2_PLACEMENT_3D('',#2104,#2105,#2106);
#2109=CARTESIAN_POINT('',(0.E0,-1.672199349711E0,1.163040194210E1));
#2110=DIRECTION('',(0.E0,-9.898214418809E-1,-1.423148382733E-1));
#2111=DIRECTION('',(-1.E0,0.E0,0.E0));
#2112=AXIS2_PLACEMENT_3D('',#2109,#2110,#2111);
#2114=CARTESIAN_POINT('',(-1.104117294494E0,-1.601753504766E0,
1.114044032837E1));
#2115=CARTESIAN_POINT('',(-1.104117294494E0,-1.708228508257E0,
1.112513153401E1));
#2116=CARTESIAN_POINT('',(-1.074057270368E0,-1.908413380463E0,
1.109341180719E1));
#2117=CARTESIAN_POINT('',(-9.342328814457E-1,-2.195137501247E0,
1.103983228763E1));
#2118=CARTESIAN_POINT('',(-7.500995670549E-1,-2.394914413162E0,
1.099764048838E1));
#2119=CARTESIAN_POINT('',(-5.522602850216E-1,-2.530344099853E0,
1.096705942891E1));
#2120=CARTESIAN_POINT('',(-3.570437988863E-1,-2.611951086577E0,
1.094777689156E1));
#2121=CARTESIAN_POINT('',(-1.803671575832E-1,-2.653222995301E0,
1.093780797181E1));
#2122=CARTESIAN_POINT('',(1.827557507401E-4,-2.667525050628E0,
1.093431763078E1));
#2123=CARTESIAN_POINT('',(1.807171389593E-1,-2.653168981814E0,
1.093782113336E1));
#2124=CARTESIAN_POINT('',(3.573984978485E-1,-2.611833723633E0,
1.094780497762E1));
#2125=CARTESIAN_POINT('',(5.524934733192E-1,-2.530208846313E0,
1.096709065189E1));
#2126=CARTESIAN_POINT('',(7.502385586531E-1,-2.394785132576E0,
1.099766856022E1));
#2127=CARTESIAN_POINT('',(9.342720908315E-1,-2.195059875799E0,
1.103984700297E1));
#2128=CARTESIAN_POINT('',(1.074045756980E0,-1.908431298645E0,1.109340818710E1));
#2129=CARTESIAN_POINT('',(1.104117294494E0,-1.708240799993E0,1.112512976673E1));
#2130=CARTESIAN_POINT('',(1.104117294494E0,-1.601753504766E0,1.114044032837E1));
#2132=CARTESIAN_POINT('',(1.104117294494E0,-5.086756834207E0,1.113844378312E1));
#2133=CARTESIAN_POINT('',(1.104117294494E0,-5.192080706130E0,1.109034398249E1));
#2134=CARTESIAN_POINT('',(1.070277313191E0,-5.383643038757E0,1.099930510641E1));
#2135=CARTESIAN_POINT('',(9.518669260083E-1,-5.619688705275E0,
1.088011372734E1));
#2136=CARTESIAN_POINT('',(7.981906369270E-1,-5.795135494269E0,
1.078729433915E1));
#2137=CARTESIAN_POINT('',(6.291231123890E-1,-5.921250674168E0,
1.071837012793E1));
#2138=CARTESIAN_POINT('',(4.580663340097E-1,-6.006046372361E0,
1.067095608447E1));
#2139=CARTESIAN_POINT('',(2.941319808547E-1,-6.057531287423E0,
1.064175321640E1));
#2140=CARTESIAN_POINT('',(1.476802303008E-1,-6.083461012457E0,
1.062692901869E1));
#2141=CARTESIAN_POINT('',(7.195778528797E-5,-6.092362558877E0,
1.062182338138E1));
#2142=CARTESIAN_POINT('',(-1.475484323803E-1,-6.083476359039E0,
1.062692021797E1));
#2143=CARTESIAN_POINT('',(-2.939840555855E-1,-6.057567776537E0,
1.064173242437E1));
#2144=CARTESIAN_POINT('',(-4.579605411016E-1,-6.006090781896E0,
1.067093106521E1));
#2145=CARTESIAN_POINT('',(-6.290385412282E-1,-5.921303612341E0,
1.071834086266E1));
#2146=CARTESIAN_POINT('',(-7.981358834370E-1,-5.795188447185E0,
1.078726590678E1));
#2147=CARTESIAN_POINT('',(-9.518395589086E-1,-5.619733532371E0,
1.088009070790E1));
#2148=CARTESIAN_POINT('',(-1.070272780295E0,-5.383665259906E0,
1.099929446237E1));
#2149=CARTESIAN_POINT('',(-1.104117294494E0,-5.192088593436E0,
1.109034038048E1));
#2150=CARTESIAN_POINT('',(-1.104117294494E0,-5.086756834208E0,
1.113844378312E1));
#2152=CARTESIAN_POINT('',(0.E0,-4.881126402772E0,1.068817594542E1));
#2153=DIRECTION('',(0.E0,-9.096319953545E-1,-4.154150130019E-1));
#2154=DIRECTION('',(-9.124936318131E-1,-1.699425053188E-1,3.721221799174E-1));
#2155=AXIS2_PLACEMENT_3D('',#2152,#2153,#2154);
#2157=CARTESIAN_POINT('',(0.E0,-4.881126402772E0,1.068817594542E1));
#2158=DIRECTION('',(0.E0,-4.154150130019E-1,9.096319953545E-1));
#2159=DIRECTION('',(-1.E0,0.E0,0.E0));
#2160=AXIS2_PLACEMENT_3D('',#2157,#2158,#2159);
#2162=CARTESIAN_POINT('',(0.E0,-4.881126402772E0,1.068817594542E1));
#2163=DIRECTION('',(0.E0,9.096319953545E-1,4.154150130019E-1));
#2164=DIRECTION('',(9.124936318131E-1,-1.699425053188E-1,3.721221799174E-1));
#2165=AXIS2_PLACEMENT_3D('',#2162,#2163,#2164);
#2167=CARTESIAN_POINT('',(0.E0,-4.881126402772E0,1.068817594542E1));
#2168=DIRECTION('',(0.E0,-4.154150130019E-1,9.096319953545E-1));
#2169=DIRECTION('',(0.E0,9.096319953545E-1,4.154150130019E-1));
#2170=AXIS2_PLACEMENT_3D('',#2167,#2168,#2169);
#2172=CARTESIAN_POINT('',(-1.104117294494E0,-5.086756834208E0,
1.113844378312E1));
#2173=CARTESIAN_POINT('',(-1.104117294494E0,-4.981433044697E0,
1.118654354611E1));
#2174=CARTESIAN_POINT('',(-1.070277338427E0,-4.787184023621E0,
1.127169881496E1));
#2175=CARTESIAN_POINT('',(-9.518675675695E-1,-4.542528988798E0,
1.137203614744E1));
#2176=CARTESIAN_POINT('',(-7.981920570051E-1,-4.357487875277E0,
1.144384611783E1));
#2177=CARTESIAN_POINT('',(-6.291252690169E-1,-4.222810555068E0,
1.149402187095E1));
#2178=CARTESIAN_POINT('',(-4.580691678002E-1,-4.131447863446E0,
1.152705666459E1));
#2179=CARTESIAN_POINT('',(-2.941356892843E-1,-4.075662068268E0,
1.154684266522E1));
#2180=CARTESIAN_POINT('',(-1.476836759731E-1,-4.047477783448E0,
1.155673145220E1));
#2181=CARTESIAN_POINT('',(-7.578012132962E-5,-4.037789485974E0,
1.156011546489E1));
#2182=CARTESIAN_POINT('',(1.475448087341E-1,-4.047460181385E0,
1.155673760197E1));
#2183=CARTESIAN_POINT('',(2.939800577765E-1,-4.075620395267E0,
1.154685735348E1));
#2184=CARTESIAN_POINT('',(4.579576872376E-1,-4.131397304793E0,
1.152707476218E1));
#2185=CARTESIAN_POINT('',(6.290361218655E-1,-4.222750701104E0,
1.149404384085E1));
#2186=CARTESIAN_POINT('',(7.981342561616E-1,-4.357428599989E0,
1.144386870250E1));
#2187=CARTESIAN_POINT('',(9.518386220755E-1,-4.542479558105E0,
1.137205602736E1));
#2188=CARTESIAN_POINT('',(1.070272522312E0,-4.787160063077E0,1.127170923057E1));
#2189=CARTESIAN_POINT('',(1.104117294494E0,-4.981424671726E0,1.118654736992E1));
#2190=CARTESIAN_POINT('',(1.104117294494E0,-5.086756834207E0,1.113844378312E1));
#2192=CARTESIAN_POINT('',(0.E0,-4.881126402772E0,1.068817594542E1));
#2193=DIRECTION('',(0.E0,9.096319953545E-1,4.154150130019E-1));
#2194=DIRECTION('',(1.E0,0.E0,0.E0));
#2195=AXIS2_PLACEMENT_3D('',#2192,#2193,#2194);
#2197=CARTESIAN_POINT('',(1.104117294494E0,-4.675495971336E0,1.023790810772E1));
#2198=CARTESIAN_POINT('',(1.104117294494E0,-4.577646941985E0,1.028259426213E1));
#2199=CARTESIAN_POINT('',(1.074057301457E0,-4.392091545948E0,1.036413813068E1));
#2200=CARTESIAN_POINT('',(9.342320956727E-1,-4.121915362468E0,
1.047407941466E1));
#2201=CARTESIAN_POINT('',(7.500967413670E-1,-3.931040613113E0,
1.054659334130E1));
#2202=CARTESIAN_POINT('',(5.522558516620E-1,-3.800576599946E0,
1.059408567378E1));
#2203=CARTESIAN_POINT('',(3.570371013421E-1,-3.721499806972E0,
1.062198411333E1));
#2204=CARTESIAN_POINT('',(1.803602568183E-1,-3.681391173584E0,
1.063591060946E1));
#2205=CARTESIAN_POINT('',(-1.901826907316E-4,-3.667473543519E0,
1.064070626198E1));
#2206=CARTESIAN_POINT('',(-1.807244562745E-1,-3.681445861435E0,
1.063589174397E1));
#2207=CARTESIAN_POINT('',(-3.574062017340E-1,-3.721618358830E0,
1.062194266891E1));
#2208=CARTESIAN_POINT('',(-5.524983460162E-1,-3.800712479807E0,
1.059403694601E1));
#2209=CARTESIAN_POINT('',(-7.502413649292E-1,-3.931169571643E0,
1.054654518599E1));
#2210=CARTESIAN_POINT('',(-9.342728010117E-1,-4.121991459326E0,
1.047404867898E1));
#2211=CARTESIAN_POINT('',(-1.074045349195E0,-4.392073859291E0,
1.036414502841E1));
#2212=CARTESIAN_POINT('',(-1.104117294494E0,-4.577635202871E0,
1.028259962320E1));
#2213=CARTESIAN_POINT('',(-1.104117294494E0,-4.675495971336E0,
1.023790810772E1));
#2215=CARTESIAN_POINT('',(0.E0,-4.881126402772E0,1.068817594542E1));
#2216=DIRECTION('',(0.E0,4.154150130019E-1,-9.096319953545E-1));
#2217=DIRECTION('',(0.E0,9.096319953545E-1,4.154150130019E-1));
#2218=AXIS2_PLACEMENT_3D('',#2215,#2216,#2217);
#2220=CARTESIAN_POINT('',(0.E0,-4.881126402772E0,1.068817594542E1));
#2221=DIRECTION('',(0.E0,4.154150130019E-1,-9.096319953545E-1));
#2222=DIRECTION('',(1.E0,0.E0,0.E0));
#2223=AXIS2_PLACEMENT_3D('',#2220,#2221,#2222);
#2225=CARTESIAN_POINT('',(0.E0,-4.881126402772E0,1.068817594542E1));
#2226=DIRECTION('',(0.E0,-9.096319953545E-1,-4.154150130019E-1));
#2227=DIRECTION('',(-1.E0,0.E0,0.E0));
#2228=AXIS2_PLACEMENT_3D('',#2225,#2226,#2227);
#2230=CARTESIAN_POINT('',(-1.104117294494E0,-4.675495971336E0,
1.023790810772E1));
#2231=CARTESIAN_POINT('',(-1.104117294494E0,-4.773345003274E0,
1.019322195213E1));
#2232=CARTESIAN_POINT('',(-1.074057270365E0,-4.956484501836E0,
1.010638850122E1));
#2233=CARTESIAN_POINT('',(-9.342328814451E-1,-5.216499186054E0,
9.974199809019E0));
#2234=CARTESIAN_POINT('',(-7.500995670543E-1,-5.396296925847E0,
9.877433413903E0));
#2235=CARTESIAN_POINT('',(-5.522602850214E-1,-5.517625078572E0,
9.809936150316E0));
#2236=CARTESIAN_POINT('',(-3.570437988861E-1,-5.590493890380E0,
9.768443346184E0));
#2237=CARTESIAN_POINT('',(-1.803671575830E-1,-5.627285427560E0,
9.747250597366E0));
#2238=CARTESIAN_POINT('',(1.827557510882E-4,-5.640024806451E0,
9.739872285056E0));
#2239=CARTESIAN_POINT('',(1.807171389598E-1,-5.627237310034E0,
9.747278443133E0));
#2240=CARTESIAN_POINT('',(3.573984978490E-1,-5.590389194217E0,
9.768503359526E0));
#2241=CARTESIAN_POINT('',(5.524934733194E-1,-5.517504100279E0,
9.810004213869E0));
#2242=CARTESIAN_POINT('',(7.502385586528E-1,-5.396180790783E0,
9.877496771185E0));
#2243=CARTESIAN_POINT('',(9.342720908311E-1,-5.216428850775E0,
9.974235797906E0));
#2244=CARTESIAN_POINT('',(1.074045756977E0,-4.956500674309E0,1.010637997964E1));
#2245=CARTESIAN_POINT('',(1.104117294494E0,-4.773356299207E0,1.019321679345E1));
#2246=CARTESIAN_POINT('',(1.104117294494E0,-4.675495971336E0,1.023790810772E1));
#2248=CARTESIAN_POINT('',(1.104117294493E0,-1.030114950952E1,6.620146809744E0));
#2249=CARTESIAN_POINT('',(1.104117294493E0,-1.036374887333E1,6.522740298321E0));
#2250=CARTESIAN_POINT('',(1.070277313188E0,-1.047568203003E1,6.342587106091E0));
#2251=CARTESIAN_POINT('',(9.518669260070E-1,-1.060981655628E1,
6.114701015262E0));
#2252=CARTESIAN_POINT('',(7.981906369260E-1,-1.070722983744E1,
5.941762681614E0));
#2253=CARTESIAN_POINT('',(6.291231123885E-1,-1.077606143618E1,
5.815596931476E0));
#2254=CARTESIAN_POINT('',(4.580663340095E-1,-1.082176214963E1,
5.729865684314E0));
#2255=CARTESIAN_POINT('',(2.941319808547E-1,-1.084928575385E1,
5.677463821816E0));
#2256=CARTESIAN_POINT('',(1.476802303008E-1,-1.086308466028E1,
5.650974245385E0));
#2257=CARTESIAN_POINT('',(7.195778522964E-5,-1.086781280173E1,
5.641866570631E0));
#2258=CARTESIAN_POINT('',(-1.475484323805E-1,-1.086309281261E1,
5.650958544757E0));
#2259=CARTESIAN_POINT('',(-2.939840555856E-1,-1.084930520943E1,
5.677426602942E0));
#2260=CARTESIAN_POINT('',(-4.579605411014E-1,-1.082178598288E1,
5.729820627171E0));
#2261=CARTESIAN_POINT('',(-6.290385412278E-1,-1.077609014860E1,
5.815543691420E0));
#2262=CARTESIAN_POINT('',(-7.981358834360E-1,-1.070725901257E1,
5.941710134274E0));
#2263=CARTESIAN_POINT('',(-9.518395589074E-1,-1.060984182199E1,
6.114657414718E0));
#2264=CARTESIAN_POINT('',(-1.070272780293E0,-1.047569496905E1,
6.342566138099E0));
#2265=CARTESIAN_POINT('',(-1.104117294494E0,-1.036375356116E1,
6.522733003916E0));
#2266=CARTESIAN_POINT('',(-1.104117294494E0,-1.030114950952E1,
6.620146809743E0));
#2268=CARTESIAN_POINT('',(0.E0,-9.884729010766E0,6.352529605103E0));
#2269=DIRECTION('',(0.E0,-5.406408174556E-1,-8.412535328312E-1));
#2270=DIRECTION('',(-9.124936318125E-1,-3.441491725226E-1,2.211712435050E-1));
#2271=AXIS2_PLACEMENT_3D('',#2268,#2269,#2270);
#2273=CARTESIAN_POINT('',(0.E0,-9.884729010766E0,6.352529605103E0));
#2274=DIRECTION('',(0.E0,-8.412535328312E-1,5.406408174556E-1));
#2275=DIRECTION('',(-1.E0,0.E0,0.E0));
#2276=AXIS2_PLACEMENT_3D('',#2273,#2274,#2275);
#2278=CARTESIAN_POINT('',(0.E0,-9.884729010766E0,6.352529605103E0));
#2279=DIRECTION('',(0.E0,5.406408174556E-1,8.412535328312E-1));
#2280=DIRECTION('',(9.124936318122E-1,-3.441491725232E-1,2.211712435054E-1));
#2281=AXIS2_PLACEMENT_3D('',#2278,#2279,#2280);
#2283=CARTESIAN_POINT('',(0.E0,-9.884729010766E0,6.352529605103E0));
#2284=DIRECTION('',(0.E0,-8.412535328312E-1,5.406408174556E-1));
#2285=DIRECTION('',(0.E0,5.406408174556E-1,8.412535328312E-1));
#2286=AXIS2_PLACEMENT_3D('',#2283,#2284,#2285);
#2288=CARTESIAN_POINT('',(-1.104117294494E0,-1.030114950952E1,
6.620146809743E0));
#2289=CARTESIAN_POINT('',(-1.104117294494E0,-1.023855019469E1,
6.717553244949E0));
#2290=CARTESIAN_POINT('',(-1.070277338425E0,-1.012117593362E1,
6.894209365249E0));
#2291=CARTESIAN_POINT('',(-9.518675675687E-1,-9.969605478700E0,
7.110888998691E0));
#2292=CARTESIAN_POINT('',(-7.981920570045E-1,-9.852762389330E0,
7.271340168858E0));
#2293=CARTESIAN_POINT('',(-6.291252690167E-1,-9.766591678092E0,
7.386362754918E0));
#2294=CARTESIAN_POINT('',(-4.580691678002E-1,-9.707592448836E0,
7.463547792060E0));
#2295=CARTESIAN_POINT('',(-2.941356892845E-1,-9.671359571115E0,
7.510352912897E0));
#2296=CARTESIAN_POINT('',(-1.476836759732E-1,-9.652995723816E0,
7.533909464665E0));
#2297=CARTESIAN_POINT('',(-7.578012125083E-5,-9.646674944724E0,
7.541994166358E0));
#2298=CARTESIAN_POINT('',(1.475448087344E-1,-9.652984240836E0,
7.533924154577E0));
#2299=CARTESIAN_POINT('',(2.939800577768E-1,-9.671332454627E0,
7.510387799571E0));
#2300=CARTESIAN_POINT('',(4.579576872377E-1,-9.707559700485E0,
7.463590350792E0));
#2301=CARTESIAN_POINT('',(6.290361218654E-1,-9.766553203558E0,
7.386413596670E0));
#2302=CARTESIAN_POINT('',(7.981342561611E-1,-9.852724733976E0,
7.271391214926E0));
#2303=CARTESIAN_POINT('',(9.518386220746E-1,-9.969574642857E0,
7.110932447002E0));
#2304=CARTESIAN_POINT('',(1.070272522310E0,-1.012116140783E1,6.894231081468E0));
#2305=CARTESIAN_POINT('',(1.104117294493E0,-1.023854521820E1,6.717560988512E0));
#2306=CARTESIAN_POINT('',(1.104117294493E0,-1.030114950952E1,6.620146809744E0));
#2308=CARTESIAN_POINT('',(0.E0,-9.884729010766E0,6.352529605103E0));
#2309=DIRECTION('',(0.E0,5.406408174556E-1,8.412535328312E-1));
#2310=DIRECTION('',(1.E0,0.E0,0.E0));
#2311=AXIS2_PLACEMENT_3D('',#2308,#2309,#2310);
#2313=CARTESIAN_POINT('',(1.104117294494E0,-9.468308512015E0,6.084912400463E0));
#2314=CARTESIAN_POINT('',(1.104117294494E0,-9.410151829438E0,6.175405964944E0));
#2315=CARTESIAN_POINT('',(1.074057301460E0,-9.298138640741E0,6.344323853443E0));
#2316=CARTESIAN_POINT('',(9.342320956733E-1,-9.130290717542E0,
6.582880619688E0));
#2317=CARTESIAN_POINT('',(7.500967413675E-1,-9.008920648897E0,
6.747077897180E0));
#2318=CARTESIAN_POINT('',(5.522558516622E-1,-8.924843630368E0,
6.857565160389E0));
#2319=CARTESIAN_POINT('',(3.570371013422E-1,-8.873403034079E0,
6.923786963217E0));
#2320=CARTESIAN_POINT('',(1.803602568183E-1,-8.847190736795E0,
6.957187041627E0));
#2321=CARTESIAN_POINT('',(-1.901826906282E-4,-8.838075206831E0,
6.968745840143E0));
#2322=CARTESIAN_POINT('',(-1.807244562743E-1,-8.847226543686E0,
6.957141604477E0));
#2323=CARTESIAN_POINT('',(-3.574062017339E-1,-8.873480359699E0,
6.923688003972E0));
#2324=CARTESIAN_POINT('',(-5.524983460162E-1,-8.924931595557E0,
6.857450705776E0));
#2325=CARTESIAN_POINT('',(-7.502413649297E-1,-9.009003100987E0,
6.746967666106E0));
#2326=CARTESIAN_POINT('',(-9.342728010123E-1,-9.130338117329E0,
6.582813622119E0));
#2327=CARTESIAN_POINT('',(-1.074045349198E0,-9.298127490972E0,
6.344339218313E0));
#2328=CARTESIAN_POINT('',(-1.104117294494E0,-9.410144852282E0,
6.175416821610E0));
#2329=CARTESIAN_POINT('',(-1.104117294494E0,-9.468308512015E0,
6.084912400463E0));
#2331=CARTESIAN_POINT('',(0.E0,-9.884729010766E0,6.352529605103E0));
#2332=DIRECTION('',(0.E0,8.412535328312E-1,-5.406408174556E-1));
#2333=DIRECTION('',(0.E0,5.406408174556E-1,8.412535328312E-1));
#2334=AXIS2_PLACEMENT_3D('',#2331,#2332,#2333);
#2336=CARTESIAN_POINT('',(0.E0,-9.884729010766E0,6.352529605103E0));
#2337=DIRECTION('',(0.E0,8.412535328312E-1,-5.406408174556E-1));
#2338=DIRECTION('',(1.E0,0.E0,0.E0));
#2339=AXIS2_PLACEMENT_3D('',#2336,#2337,#2338);
#2341=CARTESIAN_POINT('',(0.E0,-9.884729010766E0,6.352529605103E0));
#2342=DIRECTION('',(0.E0,-5.406408174556E-1,-8.412535328312E-1));
#2343=DIRECTION('',(-1.E0,0.E0,0.E0));
#2344=AXIS2_PLACEMENT_3D('',#2341,#2342,#2343);
#2346=CARTESIAN_POINT('',(-1.104117294494E0,-9.468308512015E0,
6.084912400463E0));
#2347=CARTESIAN_POINT('',(-1.104117294494E0,-9.526465196130E0,
5.994418833588E0));
#2348=CARTESIAN_POINT('',(-1.074057270368E0,-9.633586238421E0,
5.822357198038E0));
#2349=CARTESIAN_POINT('',(-9.342328814458E-1,-9.780857907494E0,
5.570578442292E0));
#2350=CARTESIAN_POINT('',(-7.500995670550E-1,-9.879797528333E0,
5.391967373524E0));
#2351=CARTESIAN_POINT('',(-5.522602850218E-1,-9.945373489682E0,
5.269590110406E0));
#2352=CARTESIAN_POINT('',(-3.570437988864E-1,-9.984241931505E0,
5.195288288360E0));
#2353=CARTESIAN_POINT('',(-1.803671575833E-1,-1.000373527709E1,
5.157568806810E0));
#2354=CARTESIAN_POINT('',(1.827557506707E-4,-1.001046330779E1,
5.144474347295E0));
#2355=CARTESIAN_POINT('',(1.807171389593E-1,-1.000370985261E1,
5.157618246458E0));
#2356=CARTESIAN_POINT('',(3.573984978485E-1,-9.984186301150E0,
5.195395377814E0));
#2357=CARTESIAN_POINT('',(5.524934733192E-1,-9.945308514201E0,
5.269712774913E0));
#2358=CARTESIAN_POINT('',(7.502385586532E-1,-9.879734082833E0,
5.392083460417E0));
#2359=CARTESIAN_POINT('',(9.342720908316E-1,-9.780818194753E0,
5.570646744194E0));
#2360=CARTESIAN_POINT('',(1.074045756980E0,-9.633595236456E0,5.822341285727E0));
#2361=CARTESIAN_POINT('',(1.104117294494E0,-9.526471909881E0,5.994408386788E0));
#2362=CARTESIAN_POINT('',(1.104117294494E0,-9.468308512015E0,6.084912400463E0));
#2364=CARTESIAN_POINT('',(1.104117294494E0,-1.2245E1,-8.793038080193E-14));
#2365=CARTESIAN_POINT('',(1.104117294494E0,-1.2245E1,-1.157873430802E-1));
#2366=CARTESIAN_POINT('',(1.070277313189E0,-1.224176599440E1,
-3.278574858308E-1));
#2367=CARTESIAN_POINT('',(9.518669260075E-1,-1.223140261605E1,
-5.920860647463E-1));
#2368=CARTESIAN_POINT('',(7.981906369263E-1,-1.221985436090E1,
-7.902366448475E-1));
#2369=CARTESIAN_POINT('',(6.291231123887E-1,-1.220954883222E1,
-9.335871996828E-1));
#2370=CARTESIAN_POINT('',(4.580663340096E-1,-1.220164490732E1,
-1.030416585312E0));
#2371=CARTESIAN_POINT('',(2.941319808548E-1,-1.219646865083E1,
-1.089380221149E0));
#2372=CARTESIAN_POINT('',(1.476802303008E-1,-1.219375568335E1,
-1.119124922954E0));
#2373=CARTESIAN_POINT('',(7.195778519541E-5,-1.219280926832E1,
-1.129343012774E0));
#2374=CARTESIAN_POINT('',(-1.475484323806E-1,-1.219375405313E1,
-1.119142538649E0));
#2375=CARTESIAN_POINT('',(-2.939840555857E-1,-1.219646489586E1,
-1.089422050137E0));
#2376=CARTESIAN_POINT('',(-4.579605411017E-1,-1.220164059739E1,
-1.030467375019E0));
#2377=CARTESIAN_POINT('',(-6.290385412281E-1,-1.220954420290E1,
-9.336475111745E-1));
#2378=CARTESIAN_POINT('',(-7.981358834364E-1,-1.221985049534E1,
-7.902966237479E-1));
#2379=CARTESIAN_POINT('',(-9.518395589078E-1,-1.223140029868E1,
-5.921364035287E-1));
#2380=CARTESIAN_POINT('',(-1.070272780293E0,-1.224176554324E1,
-3.278821205910E-1));
#2381=CARTESIAN_POINT('',(-1.104117294494E0,-1.2245E1,-1.157960139553E-1));
#2382=CARTESIAN_POINT('',(-1.104117294494E0,-1.2245E1,-3.416977582839E-13));
#2384=CARTESIAN_POINT('',(0.E0,-1.175E1,-8.726790720181E-14));
#2385=DIRECTION('',(0.E0,0.E0,-1.E0));
#2386=DIRECTION('',(-9.124936318131E-1,-4.090909090905E-1,0.E0));
#2387=AXIS2_PLACEMENT_3D('',#2384,#2385,#2386);
#2389=CARTESIAN_POINT('',(0.E0,-1.175E1,-8.726790720181E-14));
#2390=DIRECTION('',(0.E0,-1.E0,0.E0));
#2391=DIRECTION('',(-1.E0,0.E0,0.E0));
#2392=AXIS2_PLACEMENT_3D('',#2389,#2390,#2391);
#2394=CARTESIAN_POINT('',(0.E0,-1.175E1,-8.726790720181E-14));
#2395=DIRECTION('',(0.E0,0.E0,1.E0));
#2396=DIRECTION('',(9.124936318130E-1,-4.090909090908E-1,0.E0));
#2397=AXIS2_PLACEMENT_3D('',#2394,#2395,#2396);
#2399=CARTESIAN_POINT('',(0.E0,-1.175E1,-8.726790720181E-14));
#2400=DIRECTION('',(0.E0,-1.E0,0.E0));
#2401=DIRECTION('',(0.E0,0.E0,1.E0));
#2402=AXIS2_PLACEMENT_3D('',#2399,#2400,#2401);
#2404=CARTESIAN_POINT('',(-1.104117294494E0,-1.2245E1,-3.416977582839E-13));
#2405=CARTESIAN_POINT('',(-1.104117294494E0,-1.2245E1,1.157872524798E-1));
#2406=CARTESIAN_POINT('',(-1.070277338425E0,-1.224176599750E1,
3.278571542305E-1));
#2407=CARTESIAN_POINT('',(-9.518675675685E-1,-1.223140267098E1,
5.920848360056E-1));
#2408=CARTESIAN_POINT('',(-7.981920570042E-1,-1.221985446106E1,
7.902350931064E-1));
#2409=CARTESIAN_POINT('',(-6.291252690165E-1,-1.220954895076E1,
9.335856537490E-1));
#2410=CARTESIAN_POINT('',(-4.580691678E-1,-1.220164502229E1,1.030415230461E0));
#2411=CARTESIAN_POINT('',(-2.941356892843E-1,-1.219646874469E1,
1.089379176350E0));
#2412=CARTESIAN_POINT('',(-1.476836759731E-1,-1.219375572668E1,
1.119124454160E0));
#2413=CARTESIAN_POINT('',(-7.578012123375E-5,-1.219280926867E1,
1.129343009197E0));
#2414=CARTESIAN_POINT('',(1.475448087343E-1,-1.219375400855E1,
1.119143020268E0));
#2415=CARTESIAN_POINT('',(2.939800577767E-1,-1.219646479401E1,
1.089423185167E0));
#2416=CARTESIAN_POINT('',(4.579576872376E-1,-1.220164048161E1,
1.030468738239E0));
#2417=CARTESIAN_POINT('',(6.290361218652E-1,-1.220954407105E1,
9.336492254562E-1));
#2418=CARTESIAN_POINT('',(7.981342561609E-1,-1.221985038095E1,
7.902983938131E-1));
#2419=CARTESIAN_POINT('',(9.518386220745E-1,-1.223140022015E1,
5.921380581664E-1));
#2420=CARTESIAN_POINT('',(1.070272522310E0,-1.224176551831E1,
3.278832763102E-1));
#2421=CARTESIAN_POINT('',(1.104117294494E0,-1.2245E1,1.157964572697E-1));
#2422=CARTESIAN_POINT('',(1.104117294494E0,-1.2245E1,-8.793038080193E-14));
#2424=CARTESIAN_POINT('',(0.E0,-1.175E1,-8.726790720181E-14));
#2425=DIRECTION('',(0.E0,0.E0,1.E0));
#2426=DIRECTION('',(1.E0,0.E0,0.E0));
#2427=AXIS2_PLACEMENT_3D('',#2424,#2425,#2426);
#2429=CARTESIAN_POINT('',(1.104117294494E0,-1.1255E1,-8.552496975736E-14));
#2430=CARTESIAN_POINT('',(1.104117294494E0,-1.1255E1,1.075699072274E-1));
#2431=CARTESIAN_POINT('',(1.074057301460E0,-1.125209241461E1,
3.102315795882E-1));
#2432=CARTESIAN_POINT('',(9.342320956733E-1,-1.123986328135E1,
6.016637403791E-1));
#2433=CARTESIAN_POINT('',(7.500967413676E-1,-1.122653203265E1,
8.054128932771E-1));
#2434=CARTESIAN_POINT('',(5.522558516623E-1,-1.121553586808E1,
9.438161618115E-1));
#2435=CARTESIAN_POINT('',(3.570371013422E-1,-1.120806349434E1,
1.027336373419E0));
#2436=CARTESIAN_POINT('',(1.803602568183E-1,-1.120406975234E1,
1.069605745209E0));
#2437=CARTESIAN_POINT('',(-1.901826906024E-4,-1.120265043883E1,
1.084257852867E0));
#2438=CARTESIAN_POINT('',(-1.807244562743E-1,-1.120407530983E1,
1.069548162379E0));
#2439=CARTESIAN_POINT('',(-3.574062017339E-1,-1.120807504338E1,
1.027211318218E0));
#2440=CARTESIAN_POINT('',(-5.524983460163E-1,-1.121554799027E1,
9.436723188921E-1));
#2441=CARTESIAN_POINT('',(-7.502413649297E-1,-1.122654180034E1,
8.052755840316E-1));
#2442=CARTESIAN_POINT('',(-9.342728010123E-1,-1.123986693497E1,
6.015817521778E-1));
#2443=CARTESIAN_POINT('',(-1.074045349198E0,-1.125209134170E1,
3.102505333588E-1));
#2444=CARTESIAN_POINT('',(-1.104117294494E0,-1.1255E1,1.075828125711E-1));
#2445=CARTESIAN_POINT('',(-1.104117294494E0,-1.1255E1,-8.552496975736E-14));
#2447=CARTESIAN_POINT('',(0.E0,-1.175E1,-8.726790720181E-14));
#2448=DIRECTION('',(0.E0,1.E0,0.E0));
#2449=DIRECTION('',(0.E0,0.E0,1.E0));
#2450=AXIS2_PLACEMENT_3D('',#2447,#2448,#2449);
#2452=CARTESIAN_POINT('',(0.E0,-1.175E1,-8.726790720181E-14));
#2453=DIRECTION('',(0.E0,1.E0,0.E0));
#2454=DIRECTION('',(1.E0,0.E0,0.E0));
#2455=AXIS2_PLACEMENT_3D('',#2452,#2453,#2454);
#2457=CARTESIAN_POINT('',(0.E0,-1.175E1,-8.726790720181E-14));
#2458=DIRECTION('',(0.E0,0.E0,-1.E0));
#2459=DIRECTION('',(-1.E0,0.E0,0.E0));
#2460=AXIS2_PLACEMENT_3D('',#2457,#2458,#2459);
#2462=CARTESIAN_POINT('',(-1.104117294494E0,-1.1255E1,-8.552496975736E-14));
#2463=CARTESIAN_POINT('',(-1.104117294494E0,-1.1255E1,-1.075699100721E-1));
#2464=CARTESIAN_POINT('',(-1.074057270367E0,-1.125209241197E1,
-3.102313767149E-1));
#2465=CARTESIAN_POINT('',(-9.342328814455E-1,-1.123986335154E1,
-6.016622200332E-1));
#2466=CARTESIAN_POINT('',(-7.500995670548E-1,-1.122653222288E1,
-8.054102101261E-1));
#2467=CARTESIAN_POINT('',(-5.522602850216E-1,-1.121553608847E1,
-9.438135564121E-1));
#2468=CARTESIAN_POINT('',(-3.570437988862E-1,-1.120806370466E1,
-1.027334092864E0));
#2469=CARTESIAN_POINT('',(-1.803671575831E-1,-1.120406985916E1,
-1.069604638267E0));
#2470=CARTESIAN_POINT('',(1.827557508789E-4,-1.120265043946E1,
-1.084257846612E0));
#2471=CARTESIAN_POINT('',(1.807171389595E-1,-1.120407519981E1,
-1.069549301476E0));
#2472=CARTESIAN_POINT('',(3.573984978487E-1,-1.120807480235E1,
-1.027213927442E0));
#2473=CARTESIAN_POINT('',(5.524934733193E-1,-1.121554774505E1,
-9.436752360646E-1));
#2474=CARTESIAN_POINT('',(7.502385586531E-1,-1.122654161044E1,
-8.052782503903E-1));
#2475=CARTESIAN_POINT('',(9.342720908314E-1,-1.123986686985E1,
-6.015832904882E-1));
#2476=CARTESIAN_POINT('',(1.074045756979E0,-1.125209137876E1,
-3.102496277074E-1));
#2477=CARTESIAN_POINT('',(1.104117294494E0,-1.1255E1,-1.075823282071E-1));
#2478=CARTESIAN_POINT('',(1.104117294494E0,-1.1255E1,-8.552496975736E-14));
#2480=CARTESIAN_POINT('',(1.104117294493E0,-1.030114950952E1,
-6.620146809744E0));
#2481=CARTESIAN_POINT('',(1.104117294493E0,-1.023855014570E1,
-6.717553321167E0));
#2482=CARTESIAN_POINT('',(1.070277313189E0,-1.012117575173E1,
-6.894209642531E0));
#2483=CARTESIAN_POINT('',(9.518669260075E-1,-9.969604768185E0,
-7.110890002678E0));
#2484=CARTESIAN_POINT('',(7.981906369265E-1,-9.852761466136E0,
-7.271341420115E0));
#2485=CARTESIAN_POINT('',(6.291231123888E-1,-9.766590742576E0,
-7.386363991353E0));
#2486=CARTESIAN_POINT('',(4.580663340097E-1,-9.707591619630E0,
-7.463548869676E0));
#2487=CARTESIAN_POINT('',(2.941319808548E-1,-9.671358927290E0,
-7.510353741092E0));
#2488=CARTESIAN_POINT('',(1.476802303008E-1,-9.652995433916E0,
-7.533909835613E0));
#2489=CARTESIAN_POINT('',(7.195778500303E-5,-9.646674942498E0,
-7.541994169179E0));
#2490=CARTESIAN_POINT('',(-1.475484323809E-1,-9.652984538726E0,
-7.533923773516E0));
#2491=CARTESIAN_POINT('',(-2.939840555861E-1,-9.671333153950E0,
-7.510386899785E0));
#2492=CARTESIAN_POINT('',(-4.579605411021E-1,-9.707560534900E0,
-7.463589266574E0));
#2493=CARTESIAN_POINT('',(-6.290385412286E-1,-9.766554241290E0,
-7.386412225809E0));
#2494=CARTESIAN_POINT('',(-7.981358834370E-1,-9.852725787180E0,
-7.271389787698E0));
#2495=CARTESIAN_POINT('',(-9.518395589082E-1,-9.969575603488E0,
-7.110931097490E0));
#2496=CARTESIAN_POINT('',(-1.070272780294E0,-1.012116205364E1,
-6.894230122697E0));
#2497=CARTESIAN_POINT('',(-1.104117294494E0,-1.023854545788E1,
-6.717560615571E0));
#2498=CARTESIAN_POINT('',(-1.104117294494E0,-1.030114950952E1,
-6.620146809744E0));
#2500=CARTESIAN_POINT('',(0.E0,-9.884729010766E0,-6.352529605103E0));
#2501=DIRECTION('',(0.E0,5.406408174556E-1,-8.412535328312E-1));
#2502=DIRECTION('',(-9.124936318124E-1,-3.441491725229E-1,-2.211712435052E-1));
#2503=AXIS2_PLACEMENT_3D('',#2500,#2501,#2502);
#2505=CARTESIAN_POINT('',(0.E0,-9.884729010766E0,-6.352529605103E0));
#2506=DIRECTION('',(0.E0,-8.412535328312E-1,-5.406408174556E-1));
#2507=DIRECTION('',(-1.E0,0.E0,0.E0));
#2508=AXIS2_PLACEMENT_3D('',#2505,#2506,#2507);
#2510=CARTESIAN_POINT('',(0.E0,-9.884729010766E0,-6.352529605103E0));
#2511=DIRECTION('',(0.E0,-5.406408174556E-1,8.412535328312E-1));
#2512=DIRECTION('',(9.124936318122E-1,-3.441491725232E-1,-2.211712435054E-1));
#2513=AXIS2_PLACEMENT_3D('',#2510,#2511,#2512);
#2515=CARTESIAN_POINT('',(0.E0,-9.884729010766E0,-6.352529605103E0));
#2516=DIRECTION('',(0.E0,-8.412535328312E-1,-5.406408174556E-1));
#2517=DIRECTION('',(0.E0,-5.406408174556E-1,8.412535328312E-1));
#2518=AXIS2_PLACEMENT_3D('',#2515,#2516,#2517);
#2520=CARTESIAN_POINT('',(-1.104117294494E0,-1.030114950952E1,
-6.620146809744E0));
#2521=CARTESIAN_POINT('',(-1.104117294494E0,-1.036374882435E1,
-6.522740374538E0));
#2522=CARTESIAN_POINT('',(-1.070277338424E0,-1.047568185336E1,
-6.342587386727E0));
#2523=CARTESIAN_POINT('',(-9.518675675678E-1,-1.060981593818E1,
-6.114702078640E0));
#2524=CARTESIAN_POINT('',(-7.981920570036E-1,-1.070722908277E1,
-5.941764041172E0));
#2525=CARTESIAN_POINT('',(-6.291252690159E-1,-1.077606070011E1,
-5.815598296085E0));
#2526=CARTESIAN_POINT('',(-4.580691677996E-1,-1.082176151387E1,
-5.729866886244E0));
#2527=CARTESIAN_POINT('',(-2.941356892840E-1,-1.084928526796E1,
-5.677464751504E0));
#2528=CARTESIAN_POINT('',(-1.476836759729E-1,-1.086308444328E1,
-5.650974663185E0));
#2529=CARTESIAN_POINT('',(-7.578012103639E-5,-1.086781280008E1,
-5.641866573828E0));
#2530=CARTESIAN_POINT('',(1.475448087344E-1,-1.086309303549E1,
-5.650958115489E0));
#2531=CARTESIAN_POINT('',(2.939800577768E-1,-1.084930573739E1,
-5.677425593031E0));
#2532=CARTESIAN_POINT('',(4.579576872375E-1,-1.082178662249E1,
-5.729819417760E0));
#2533=CARTESIAN_POINT('',(6.290361218650E-1,-1.077609096449E1,
-5.815542177990E0));
#2534=CARTESIAN_POINT('',(7.981342561606E-1,-1.070725987331E1,
-5.941708583354E0));
#2535=CARTESIAN_POINT('',(9.518386220741E-1,-1.060984265048E1,
-6.114655980290E0));
#2536=CARTESIAN_POINT('',(1.070272522310E0,-1.047569557290E1,
-6.342565152364E0));
#2537=CARTESIAN_POINT('',(1.104117294493E0,-1.036375380084E1,
-6.522732630977E0));
#2538=CARTESIAN_POINT('',(1.104117294493E0,-1.030114950952E1,
-6.620146809744E0));
#2540=CARTESIAN_POINT('',(0.E0,-9.884729010766E0,-6.352529605103E0));
#2541=DIRECTION('',(0.E0,-5.406408174556E-1,8.412535328312E-1));
#2542=DIRECTION('',(1.E0,0.E0,0.E0));
#2543=AXIS2_PLACEMENT_3D('',#2540,#2541,#2542);
#2545=CARTESIAN_POINT('',(1.104117294494E0,-9.468308512015E0,
-6.084912400463E0));
#2546=CARTESIAN_POINT('',(1.104117294494E0,-9.526465194592E0,
-5.994418835981E0));
#2547=CARTESIAN_POINT('',(1.074057301460E0,-9.633586350319E0,
-5.822357028794E0));
#2548=CARTESIAN_POINT('',(9.342320956735E-1,-9.780858670406E0,
-5.570577125347E0));
#2549=CARTESIAN_POINT('',(7.500967413677E-1,-9.879798818918E0,
-5.391965013465E0));
#2550=CARTESIAN_POINT('',(5.522558516623E-1,-9.945374712868E0,
-5.269587799455E0));
#2551=CARTESIAN_POINT('',(3.570371013422E-1,-9.984242987533E0,
-5.195286256127E0));
#2552=CARTESIAN_POINT('',(1.803602568183E-1,-1.000373578569E1,
-5.157567817839E0));
#2553=CARTESIAN_POINT('',(-1.901826906299E-4,-1.001046331064E1,
-5.144474341693E0));
#2554=CARTESIAN_POINT('',(-1.807244562743E-1,-1.000370932932E1,
-5.157619264207E0));
#2555=CARTESIAN_POINT('',(-3.574062017339E-1,-9.984185093261E0,
-5.195397703141E0));
#2556=CARTESIAN_POINT('',(-5.524983460163E-1,-9.945307143350E0,
-5.269715361570E0));
#2557=CARTESIAN_POINT('',(-7.502413649298E-1,-9.879732801043E0,
-5.392085806167E0));
#2558=CARTESIAN_POINT('',(-9.342728010124E-1,-9.780817417857E0,
-5.570648073506E0));
#2559=CARTESIAN_POINT('',(-1.074045349198E0,-9.633595694915E0,
-5.822340503811E0));
#2560=CARTESIAN_POINT('',(-1.104117294494E0,-9.526472171748E0,
-5.994407979315E0));
#2561=CARTESIAN_POINT('',(-1.104117294494E0,-9.468308512015E0,
-6.084912400463E0));
#2563=CARTESIAN_POINT('',(0.E0,-9.884729010766E0,-6.352529605103E0));
#2564=DIRECTION('',(0.E0,8.412535328312E-1,5.406408174556E-1));
#2565=DIRECTION('',(0.E0,-5.406408174556E-1,8.412535328312E-1));
#2566=AXIS2_PLACEMENT_3D('',#2563,#2564,#2565);
#2568=CARTESIAN_POINT('',(0.E0,-9.884729010766E0,-6.352529605103E0));
#2569=DIRECTION('',(0.E0,8.412535328312E-1,5.406408174556E-1));
#2570=DIRECTION('',(1.E0,0.E0,0.E0));
#2571=AXIS2_PLACEMENT_3D('',#2568,#2569,#2570);
#2573=CARTESIAN_POINT('',(0.E0,-9.884729010766E0,-6.352529605103E0));
#2574=DIRECTION('',(0.E0,5.406408174556E-1,-8.412535328312E-1));
#2575=DIRECTION('',(-1.E0,0.E0,0.E0));
#2576=AXIS2_PLACEMENT_3D('',#2573,#2574,#2575);
#2578=CARTESIAN_POINT('',(-1.104117294494E0,-9.468308512015E0,
-6.084912400463E0));
#2579=CARTESIAN_POINT('',(-1.104117294494E0,-9.410151827900E0,
-6.175405967337E0));
#2580=CARTESIAN_POINT('',(-1.074057270368E0,-9.298138748206E0,
-6.344323681351E0));
#2581=CARTESIAN_POINT('',(-9.342328814456E-1,-9.130291598552E0,
-6.582879378640E0));
#2582=CARTESIAN_POINT('',(-7.500995670548E-1,-9.008922259553E0,
-6.747075742818E0));
#2583=CARTESIAN_POINT('',(-5.522602850215E-1,-8.924845224354E0,
-6.857563087737E0));
#2584=CARTESIAN_POINT('',(-3.570437988862E-1,-8.873404443973E0,
-6.923785158400E0));
#2585=CARTESIAN_POINT('',(-1.803671575831E-1,-8.847191425116E0,
-6.957186168159E0));
#2586=CARTESIAN_POINT('',(1.827557508300E-4,-8.838075210741E0,
-6.968745835219E0));
#2587=CARTESIAN_POINT('',(1.807171389594E-1,-8.847225835291E0,
-6.957142503266E0));
#2588=CARTESIAN_POINT('',(3.573984978486E-1,-8.873478746282E0,
-6.923690068682E0));
#2589=CARTESIAN_POINT('',(5.524934733192E-1,-8.924929812123E0,
-6.857453027282E0));
#2590=CARTESIAN_POINT('',(7.502385586531E-1,-9.009001499692E0,
-6.746969806523E0));
#2591=CARTESIAN_POINT('',(9.342720908315E-1,-9.130337230879E0,
-6.582814881025E0));
#2592=CARTESIAN_POINT('',(1.074045756979E0,-9.298128011778E0,
-6.344338476464E0));
#2593=CARTESIAN_POINT('',(1.104117294494E0,-9.410145114149E0,
-6.175416414137E0));
#2594=CARTESIAN_POINT('',(1.104117294494E0,-9.468308512015E0,
-6.084912400463E0));
#2596=CARTESIAN_POINT('',(1.104117294494E0,-5.086756834207E0,
-1.113844378312E1));
#2597=CARTESIAN_POINT('',(1.104117294494E0,-4.981432962284E0,
-1.118654358375E1));
#2598=CARTESIAN_POINT('',(1.070277313191E0,-4.787183720698E0,
-1.127169894989E1));
#2599=CARTESIAN_POINT('',(9.518669260084E-1,-4.542527848278E0,
-1.137203660791E1));
#2600=CARTESIAN_POINT('',(7.981906369271E-1,-4.357486422156E0,
-1.144384667134E1));
#2601=CARTESIAN_POINT('',(6.291231123891E-1,-4.222809099595E0,
-1.149402240533E1));
#2602=CARTESIAN_POINT('',(4.580663340097E-1,-4.131446583270E0,
-1.152705712284E1));
#2603=CARTESIAN_POINT('',(2.941319808547E-1,-4.075661078893E0,
-1.154684301386E1));
#2604=CARTESIAN_POINT('',(1.476802303007E-1,-4.047477339019E0,
-1.155673160753E1));
#2605=CARTESIAN_POINT('',(7.195778523287E-5,-4.037789482577E0,
-1.156011546606E1));
#2606=CARTESIAN_POINT('',(-1.475484323804E-1,-4.047460638002E0,
-1.155673744246E1));
#2607=CARTESIAN_POINT('',(-2.939840555856E-1,-4.075621470036E0,
-1.154685697461E1));
#2608=CARTESIAN_POINT('',(-4.579605411017E-1,-4.131398592920E0,
-1.152707430120E1));
#2609=CARTESIAN_POINT('',(-6.290385412284E-1,-4.222752315243E0,
-1.149404324865E1));
#2610=CARTESIAN_POINT('',(-7.981358834371E-1,-4.357430257618E0,
-1.144386807124E1));
#2611=CARTESIAN_POINT('',(-9.518395589088E-1,-4.542481095840E0,
-1.137205541144E1));
#2612=CARTESIAN_POINT('',(-1.070272780296E0,-4.787161124716E0,
-1.127170877315E1));
#2613=CARTESIAN_POINT('',(-1.104117294494E0,-4.981425074978E0,
-1.118654718576E1));
#2614=CARTESIAN_POINT('',(-1.104117294494E0,-5.086756834207E0,
-1.113844378312E1));
#2616=CARTESIAN_POINT('',(0.E0,-4.881126402772E0,-1.068817594542E1));
#2617=DIRECTION('',(0.E0,9.096319953545E-1,-4.154150130019E-1));
#2618=DIRECTION('',(-9.124936318134E-1,-1.699425053186E-1,-3.721221799169E-1));
#2619=AXIS2_PLACEMENT_3D('',#2616,#2617,#2618);
#2621=CARTESIAN_POINT('',(0.E0,-4.881126402772E0,-1.068817594542E1));
#2622=DIRECTION('',(0.E0,-4.154150130019E-1,-9.096319953545E-1));
#2623=DIRECTION('',(-1.E0,0.E0,0.E0));
#2624=AXIS2_PLACEMENT_3D('',#2621,#2622,#2623);
#2626=CARTESIAN_POINT('',(0.E0,-4.881126402772E0,-1.068817594542E1));
#2627=DIRECTION('',(0.E0,-9.096319953545E-1,4.154150130019E-1));
#2628=DIRECTION('',(9.124936318131E-1,-1.699425053188E-1,-3.721221799174E-1));
#2629=AXIS2_PLACEMENT_3D('',#2626,#2627,#2628);
#2631=CARTESIAN_POINT('',(0.E0,-4.881126402772E0,-1.068817594542E1));
#2632=DIRECTION('',(0.E0,-4.154150130019E-1,-9.096319953545E-1));
#2633=DIRECTION('',(0.E0,-9.096319953545E-1,4.154150130019E-1));
#2634=AXIS2_PLACEMENT_3D('',#2631,#2632,#2633);
#2636=CARTESIAN_POINT('',(-1.104117294494E0,-5.086756834207E0,
-1.113844378312E1));
#2637=CARTESIAN_POINT('',(-1.104117294494E0,-5.192080623717E0,
-1.109034402012E1));
#2638=CARTESIAN_POINT('',(-1.070277338427E0,-5.383642738411E0,
-1.099930524698E1));
#2639=CARTESIAN_POINT('',(-9.518675675694E-1,-5.619687610390E0,
-1.088011428774E1));
#2640=CARTESIAN_POINT('',(-7.981920570049E-1,-5.795134124363E0,
-1.078729507488E1));
#2641=CARTESIAN_POINT('',(-6.291252690168E-1,-5.921249317180E0,
-1.071837087797E1));
#2642=CARTESIAN_POINT('',(-4.580691678001E-1,-6.006045187705E0,
-1.067095675187E1));
#2643=CARTESIAN_POINT('',(-2.941356892843E-1,-6.057530376033E0,
-1.064175373580E1));
#2644=CARTESIAN_POINT('',(-1.476836759730E-1,-6.083460604027E0,
-1.062692925285E1));
#2645=CARTESIAN_POINT('',(-7.578012130716E-5,-6.092362555769E0,
-1.062182338319E1));
#2646=CARTESIAN_POINT('',(1.475448087341E-1,-6.083476778615E0,
-1.062691997734E1));
#2647=CARTESIAN_POINT('',(2.939800577765E-1,-6.057568766689E0,
-1.064173186021E1));
#2648=CARTESIAN_POINT('',(4.579576872375E-1,-6.006091973827E0,
-1.067093039359E1));
#2649=CARTESIAN_POINT('',(6.290361218654E-1,-5.921305116934E0,
-1.071834003058E1));
#2650=CARTESIAN_POINT('',(7.981342561615E-1,-5.795190009772E0,
-1.078726506741E1));
#2651=CARTESIAN_POINT('',(9.518386220753E-1,-5.619735004858E0,
-1.088008994910E1));
#2652=CARTESIAN_POINT('',(1.070272522312E0,-5.383666300826E0,
-1.099929395959E1));
#2653=CARTESIAN_POINT('',(1.104117294494E0,-5.192088996689E0,
-1.109034019632E1));
#2654=CARTESIAN_POINT('',(1.104117294494E0,-5.086756834207E0,
-1.113844378312E1));
#2656=CARTESIAN_POINT('',(0.E0,-4.881126402772E0,-1.068817594542E1));
#2657=DIRECTION('',(0.E0,-9.096319953545E-1,4.154150130019E-1));
#2658=DIRECTION('',(1.E0,0.E0,0.E0));
#2659=AXIS2_PLACEMENT_3D('',#2656,#2657,#2658);
#2661=CARTESIAN_POINT('',(1.104117294494E0,-4.675495971336E0,
-1.023790810772E1));
#2662=CARTESIAN_POINT('',(1.104117294494E0,-4.773345000686E0,
-1.019322195331E1));
#2663=CARTESIAN_POINT('',(1.074057301457E0,-4.956484687471E0,
-1.010638841934E1));
#2664=CARTESIAN_POINT('',(9.342320956729E-1,-5.216500539851E0,
-9.974199113595E0));
#2665=CARTESIAN_POINT('',(7.500967413671E-1,-5.396299287501E0,
-9.877432126238E0));
#2666=CARTESIAN_POINT('',(5.522558516621E-1,-5.517627356975E0,
-9.809934867524E0));
#2667=CARTESIAN_POINT('',(3.570371013421E-1,-5.590495877476E0,
-9.768442207493E0));
#2668=CARTESIAN_POINT('',(1.803602568182E-1,-5.627286390095E0,
-9.747250040359E0));
#2669=CARTESIAN_POINT('',(-1.901826908658E-4,-5.640024811881E0,
-9.739872281887E0));
#2670=CARTESIAN_POINT('',(-1.807244562746E-1,-5.627236319577E0,
-9.747279016406E0));
#2671=CARTESIAN_POINT('',(-3.574062017342E-1,-5.590386920910E0,
-9.768504662681E0));
#2672=CARTESIAN_POINT('',(-5.524983460164E-1,-5.517501548593E0,
-9.810005648765E0));
#2673=CARTESIAN_POINT('',(-7.502413649294E-1,-5.396178444265E0,
-9.877498051568E0));
#2674=CARTESIAN_POINT('',(-9.342728010119E-1,-5.216427478527E0,
-9.974236496172E0));
#2675=CARTESIAN_POINT('',(-1.074045349195E0,-4.956501482725E0,
-1.010637956971E1));
#2676=CARTESIAN_POINT('',(-1.104117294494E0,-4.773356739800E0,
-1.019321659224E1));
#2677=CARTESIAN_POINT('',(-1.104117294494E0,-4.675495971336E0,
-1.023790810772E1));
#2679=CARTESIAN_POINT('',(0.E0,-4.881126402772E0,-1.068817594542E1));
#2680=DIRECTION('',(0.E0,4.154150130019E-1,9.096319953545E-1));
#2681=DIRECTION('',(0.E0,-9.096319953545E-1,4.154150130019E-1));
#2682=AXIS2_PLACEMENT_3D('',#2679,#2680,#2681);
#2684=CARTESIAN_POINT('',(0.E0,-4.881126402772E0,-1.068817594542E1));
#2685=DIRECTION('',(0.E0,4.154150130019E-1,9.096319953545E-1));
#2686=DIRECTION('',(1.E0,0.E0,0.E0));
#2687=AXIS2_PLACEMENT_3D('',#2684,#2685,#2686);
#2689=CARTESIAN_POINT('',(0.E0,-4.881126402772E0,-1.068817594542E1));
#2690=DIRECTION('',(0.E0,9.096319953545E-1,-4.154150130019E-1));
#2691=DIRECTION('',(-1.E0,0.E0,0.E0));
#2692=AXIS2_PLACEMENT_3D('',#2689,#2690,#2691);
#2694=CARTESIAN_POINT('',(-1.104117294494E0,-4.675495971336E0,
-1.023790810772E1));
#2695=CARTESIAN_POINT('',(-1.104117294494E0,-4.577646939397E0,
-1.028259426331E1));
#2696=CARTESIAN_POINT('',(-1.074057270365E0,-4.392091729394E0,
-1.036413804401E1));
#2697=CARTESIAN_POINT('',(-9.342328814450E-1,-4.121916774582E0,
-1.047407884693E1));
#2698=CARTESIAN_POINT('',(-7.500995670543E-1,-3.931043132819E0,
-1.054659239972E1));
#2699=CARTESIAN_POINT('',(-5.522602850215E-1,-3.800579061452E0,
-1.059408479193E1));
#2700=CARTESIAN_POINT('',(-3.570437988863E-1,-3.721501968808E0,
-1.062198335727E1));
#2701=CARTESIAN_POINT('',(-1.803671575833E-1,-3.681392224869E0,
-1.063591024679E1));
#2702=CARTESIAN_POINT('',(1.827557507463E-4,-3.667473549470E0,
-1.064070625995E1));
#2703=CARTESIAN_POINT('',(1.807171389594E-1,-3.681444779573E0,
-1.063589211709E1));
#2704=CARTESIAN_POINT('',(3.573984978486E-1,-3.721615885271E0,
-1.062194353357E1));
#2705=CARTESIAN_POINT('',(5.524934733190E-1,-3.800709724386E0,
-1.059403793479E1));
#2706=CARTESIAN_POINT('',(7.502385586526E-1,-3.931167067351E0,
-1.054654612089E1));
#2707=CARTESIAN_POINT('',(9.342720908309E-1,-4.121990032981E0,
-1.047404925878E1));
#2708=CARTESIAN_POINT('',(1.074045756977E0,-4.392074698494E0,
-1.036414468590E1));
#2709=CARTESIAN_POINT('',(1.104117294494E0,-4.577635643464E0,
-1.028259942199E1));
#2710=CARTESIAN_POINT('',(1.104117294494E0,-4.675495971336E0,
-1.023790810772E1));
#2712=CARTESIAN_POINT('',(0.E0,9.884729010766E0,-6.352529605103E0));
#2713=DIRECTION('',(0.E0,-5.406408174556E-1,-8.412535328312E-1));
#2714=DIRECTION('',(1.E0,0.E0,0.E0));
#2715=AXIS2_PLACEMENT_3D('',#2712,#2713,#2714);
#2717=CARTESIAN_POINT('',(1.104117294494E0,9.468308512015E0,-6.084912400463E0));
#2718=CARTESIAN_POINT('',(1.104117294494E0,9.410151829438E0,-6.175405964944E0));
#2719=CARTESIAN_POINT('',(1.074057301460E0,9.298138640741E0,-6.344323853443E0));
#2720=CARTESIAN_POINT('',(9.342320956733E-1,9.130290717542E0,
-6.582880619688E0));
#2721=CARTESIAN_POINT('',(7.500967413676E-1,9.008920648897E0,
-6.747077897180E0));
#2722=CARTESIAN_POINT('',(5.522558516622E-1,8.924843630368E0,
-6.857565160389E0));
#2723=CARTESIAN_POINT('',(3.570371013422E-1,8.873403034079E0,
-6.923786963217E0));
#2724=CARTESIAN_POINT('',(1.803602568183E-1,8.847190736795E0,
-6.957187041627E0));
#2725=CARTESIAN_POINT('',(-1.901826906118E-4,8.838075206831E0,
-6.968745840143E0));
#2726=CARTESIAN_POINT('',(-1.807244562742E-1,8.847226543686E0,
-6.957141604477E0));
#2727=CARTESIAN_POINT('',(-3.574062017338E-1,8.873480359699E0,
-6.923688003972E0));
#2728=CARTESIAN_POINT('',(-5.524983460162E-1,8.924931595557E0,
-6.857450705776E0));
#2729=CARTESIAN_POINT('',(-7.502413649297E-1,9.009003100987E0,
-6.746967666106E0));
#2730=CARTESIAN_POINT('',(-9.342728010123E-1,9.130338117329E0,
-6.582813622119E0));
#2731=CARTESIAN_POINT('',(-1.074045349198E0,9.298127490972E0,
-6.344339218313E0));
#2732=CARTESIAN_POINT('',(-1.104117294494E0,9.410144852282E0,
-6.175416821610E0));
#2733=CARTESIAN_POINT('',(-1.104117294494E0,9.468308512015E0,
-6.084912400463E0));
#2735=CARTESIAN_POINT('',(0.E0,9.884729010766E0,-6.352529605103E0));
#2736=DIRECTION('',(0.E0,-8.412535328312E-1,5.406408174556E-1));
#2737=DIRECTION('',(0.E0,-5.406408174556E-1,-8.412535328312E-1));
#2738=AXIS2_PLACEMENT_3D('',#2735,#2736,#2737);
#2740=CARTESIAN_POINT('',(0.E0,9.884729010766E0,-6.352529605103E0));
#2741=DIRECTION('',(0.E0,-8.412535328312E-1,5.406408174556E-1));
#2742=DIRECTION('',(1.E0,0.E0,0.E0));
#2743=AXIS2_PLACEMENT_3D('',#2740,#2741,#2742);
#2745=CARTESIAN_POINT('',(0.E0,9.884729010766E0,-6.352529605103E0));
#2746=DIRECTION('',(0.E0,5.406408174556E-1,8.412535328312E-1));
#2747=DIRECTION('',(-1.E0,0.E0,0.E0));
#2748=AXIS2_PLACEMENT_3D('',#2745,#2746,#2747);
#2750=CARTESIAN_POINT('',(-1.104117294494E0,9.468308512015E0,
-6.084912400463E0));
#2751=CARTESIAN_POINT('',(-1.104117294494E0,9.526465196130E0,
-5.994418833588E0));
#2752=CARTESIAN_POINT('',(-1.074057270368E0,9.633586238421E0,
-5.822357198038E0));
#2753=CARTESIAN_POINT('',(-9.342328814458E-1,9.780857907494E0,
-5.570578442292E0));
#2754=CARTESIAN_POINT('',(-7.500995670550E-1,9.879797528333E0,
-5.391967373524E0));
#2755=CARTESIAN_POINT('',(-5.522602850217E-1,9.945373489682E0,
-5.269590110406E0));
#2756=CARTESIAN_POINT('',(-3.570437988864E-1,9.984241931505E0,
-5.195288288360E0));
#2757=CARTESIAN_POINT('',(-1.803671575833E-1,1.000373527709E1,
-5.157568806810E0));
#2758=CARTESIAN_POINT('',(1.827557506712E-4,1.001046330779E1,
-5.144474347295E0));
#2759=CARTESIAN_POINT('',(1.807171389593E-1,1.000370985261E1,
-5.157618246458E0));
#2760=CARTESIAN_POINT('',(3.573984978485E-1,9.984186301150E0,
-5.195395377814E0));
#2761=CARTESIAN_POINT('',(5.524934733192E-1,9.945308514201E0,
-5.269712774913E0));
#2762=CARTESIAN_POINT('',(7.502385586532E-1,9.879734082833E0,
-5.392083460417E0));
#2763=CARTESIAN_POINT('',(9.342720908316E-1,9.780818194753E0,
-5.570646744194E0));
#2764=CARTESIAN_POINT('',(1.074045756980E0,9.633595236456E0,-5.822341285727E0));
#2765=CARTESIAN_POINT('',(1.104117294494E0,9.526471909881E0,-5.994408386788E0));
#2766=CARTESIAN_POINT('',(1.104117294494E0,9.468308512015E0,-6.084912400463E0));
#2768=CARTESIAN_POINT('',(0.E0,4.881126402772E0,-1.068817594542E1));
#2769=DIRECTION('',(0.E0,-9.096319953545E-1,-4.154150130019E-1));
#2770=DIRECTION('',(1.E0,0.E0,0.E0));
#2771=AXIS2_PLACEMENT_3D('',#2768,#2769,#2770);
#2773=CARTESIAN_POINT('',(1.104117294494E0,4.675495971336E0,-1.023790810772E1));
#2774=CARTESIAN_POINT('',(1.104117294494E0,4.577646941985E0,-1.028259426213E1));
#2775=CARTESIAN_POINT('',(1.074057301457E0,4.392091545948E0,-1.036413813068E1));
#2776=CARTESIAN_POINT('',(9.342320956727E-1,4.121915362468E0,
-1.047407941466E1));
#2777=CARTESIAN_POINT('',(7.500967413670E-1,3.931040613113E0,
-1.054659334130E1));
#2778=CARTESIAN_POINT('',(5.522558516620E-1,3.800576599946E0,
-1.059408567378E1));
#2779=CARTESIAN_POINT('',(3.570371013421E-1,3.721499806972E0,
-1.062198411333E1));
#2780=CARTESIAN_POINT('',(1.803602568183E-1,3.681391173584E0,
-1.063591060946E1));
#2781=CARTESIAN_POINT('',(-1.901826907305E-4,3.667473543519E0,
-1.064070626198E1));
#2782=CARTESIAN_POINT('',(-1.807244562745E-1,3.681445861435E0,
-1.063589174397E1));
#2783=CARTESIAN_POINT('',(-3.574062017340E-1,3.721618358830E0,
-1.062194266891E1));
#2784=CARTESIAN_POINT('',(-5.524983460162E-1,3.800712479807E0,
-1.059403694601E1));
#2785=CARTESIAN_POINT('',(-7.502413649292E-1,3.931169571643E0,
-1.054654518599E1));
#2786=CARTESIAN_POINT('',(-9.342728010117E-1,4.121991459326E0,
-1.047404867898E1));
#2787=CARTESIAN_POINT('',(-1.074045349195E0,4.392073859290E0,
-1.036414502841E1));
#2788=CARTESIAN_POINT('',(-1.104117294494E0,4.577635202871E0,
-1.028259962320E1));
#2789=CARTESIAN_POINT('',(-1.104117294494E0,4.675495971336E0,
-1.023790810772E1));
#2791=CARTESIAN_POINT('',(0.E0,4.881126402772E0,-1.068817594542E1));
#2792=DIRECTION('',(0.E0,-4.154150130019E-1,9.096319953545E-1));
#2793=DIRECTION('',(0.E0,-9.096319953545E-1,-4.154150130019E-1));
#2794=AXIS2_PLACEMENT_3D('',#2791,#2792,#2793);
#2796=CARTESIAN_POINT('',(0.E0,4.881126402772E0,-1.068817594542E1));
#2797=DIRECTION('',(0.E0,-4.154150130019E-1,9.096319953545E-1));
#2798=DIRECTION('',(1.E0,0.E0,0.E0));
#2799=AXIS2_PLACEMENT_3D('',#2796,#2797,#2798);
#2801=CARTESIAN_POINT('',(0.E0,4.881126402772E0,-1.068817594542E1));
#2802=DIRECTION('',(0.E0,9.096319953545E-1,4.154150130019E-1));
#2803=DIRECTION('',(-1.E0,0.E0,0.E0));
#2804=AXIS2_PLACEMENT_3D('',#2801,#2802,#2803);
#2806=CARTESIAN_POINT('',(-1.104117294494E0,4.675495971336E0,
-1.023790810772E1));
#2807=CARTESIAN_POINT('',(-1.104117294494E0,4.773345003274E0,
-1.019322195213E1));
#2808=CARTESIAN_POINT('',(-1.074057270365E0,4.956484501836E0,
-1.010638850122E1));
#2809=CARTESIAN_POINT('',(-9.342328814451E-1,5.216499186054E0,
-9.974199809019E0));
#2810=CARTESIAN_POINT('',(-7.500995670543E-1,5.396296925847E0,
-9.877433413903E0));
#2811=CARTESIAN_POINT('',(-5.522602850214E-1,5.517625078572E0,
-9.809936150316E0));
#2812=CARTESIAN_POINT('',(-3.570437988861E-1,5.590493890380E0,
-9.768443346184E0));
#2813=CARTESIAN_POINT('',(-1.803671575830E-1,5.627285427560E0,
-9.747250597366E0));
#2814=CARTESIAN_POINT('',(1.827557510857E-4,5.640024806451E0,
-9.739872285056E0));
#2815=CARTESIAN_POINT('',(1.807171389598E-1,5.627237310034E0,
-9.747278443133E0));
#2816=CARTESIAN_POINT('',(3.573984978490E-1,5.590389194217E0,
-9.768503359526E0));
#2817=CARTESIAN_POINT('',(5.524934733194E-1,5.517504100279E0,
-9.810004213869E0));
#2818=CARTESIAN_POINT('',(7.502385586528E-1,5.396180790783E0,
-9.877496771185E0));
#2819=CARTESIAN_POINT('',(9.342720908311E-1,5.216428850775E0,
-9.974235797906E0));
#2820=CARTESIAN_POINT('',(1.074045756977E0,4.956500674309E0,-1.010637997964E1));
#2821=CARTESIAN_POINT('',(1.104117294494E0,4.773356299207E0,-1.019321679345E1));
#2822=CARTESIAN_POINT('',(1.104117294494E0,4.675495971336E0,-1.023790810772E1));
#2824=CARTESIAN_POINT('',(1.104117294494E0,5.086756834207E0,-1.113844378312E1));
#2825=CARTESIAN_POINT('',(1.104117294494E0,5.192080706130E0,-1.109034398249E1));
#2826=CARTESIAN_POINT('',(1.070277313191E0,5.383643038757E0,-1.099930510641E1));
#2827=CARTESIAN_POINT('',(9.518669260083E-1,5.619688705275E0,
-1.088011372734E1));
#2828=CARTESIAN_POINT('',(7.981906369270E-1,5.795135494269E0,
-1.078729433915E1));
#2829=CARTESIAN_POINT('',(6.291231123890E-1,5.921250674168E0,
-1.071837012793E1));
#2830=CARTESIAN_POINT('',(4.580663340097E-1,6.006046372361E0,
-1.067095608447E1));
#2831=CARTESIAN_POINT('',(2.941319808547E-1,6.057531287423E0,
-1.064175321640E1));
#2832=CARTESIAN_POINT('',(1.476802303008E-1,6.083461012457E0,
-1.062692901869E1));
#2833=CARTESIAN_POINT('',(7.195778528549E-5,6.092362558877E0,
-1.062182338138E1));
#2834=CARTESIAN_POINT('',(-1.475484323803E-1,6.083476359039E0,
-1.062692021797E1));
#2835=CARTESIAN_POINT('',(-2.939840555855E-1,6.057567776537E0,
-1.064173242437E1));
#2836=CARTESIAN_POINT('',(-4.579605411016E-1,6.006090781896E0,
-1.067093106521E1));
#2837=CARTESIAN_POINT('',(-6.290385412282E-1,5.921303612341E0,
-1.071834086266E1));
#2838=CARTESIAN_POINT('',(-7.981358834370E-1,5.795188447185E0,
-1.078726590678E1));
#2839=CARTESIAN_POINT('',(-9.518395589086E-1,5.619733532371E0,
-1.088009070790E1));
#2840=CARTESIAN_POINT('',(-1.070272780295E0,5.383665259906E0,
-1.099929446237E1));
#2841=CARTESIAN_POINT('',(-1.104117294494E0,5.192088593436E0,
-1.109034038048E1));
#2842=CARTESIAN_POINT('',(-1.104117294494E0,5.086756834208E0,
-1.113844378312E1));
#2844=CARTESIAN_POINT('',(0.E0,4.881126402772E0,-1.068817594542E1));
#2845=DIRECTION('',(0.E0,9.096319953545E-1,4.154150130019E-1));
#2846=DIRECTION('',(-9.124936318131E-1,1.699425053188E-1,-3.721221799174E-1));
#2847=AXIS2_PLACEMENT_3D('',#2844,#2845,#2846);
#2849=CARTESIAN_POINT('',(0.E0,4.881126402772E0,-1.068817594542E1));
#2850=DIRECTION('',(0.E0,4.154150130019E-1,-9.096319953545E-1));
#2851=DIRECTION('',(-1.E0,0.E0,0.E0));
#2852=AXIS2_PLACEMENT_3D('',#2849,#2850,#2851);
#2854=CARTESIAN_POINT('',(0.E0,4.881126402772E0,-1.068817594542E1));
#2855=DIRECTION('',(0.E0,-9.096319953545E-1,-4.154150130019E-1));
#2856=DIRECTION('',(9.124936318131E-1,1.699425053188E-1,-3.721221799174E-1));
#2857=AXIS2_PLACEMENT_3D('',#2854,#2855,#2856);
#2859=CARTESIAN_POINT('',(0.E0,4.881126402772E0,-1.068817594542E1));
#2860=DIRECTION('',(0.E0,4.154150130019E-1,-9.096319953545E-1));
#2861=DIRECTION('',(0.E0,-9.096319953545E-1,-4.154150130019E-1));
#2862=AXIS2_PLACEMENT_3D('',#2859,#2860,#2861);
#2864=CARTESIAN_POINT('',(-1.104117294494E0,5.086756834208E0,
-1.113844378312E1));
#2865=CARTESIAN_POINT('',(-1.104117294494E0,4.981433044697E0,
-1.118654354611E1));
#2866=CARTESIAN_POINT('',(-1.070277338427E0,4.787184023621E0,
-1.127169881496E1));
#2867=CARTESIAN_POINT('',(-9.518675675695E-1,4.542528988798E0,
-1.137203614744E1));
#2868=CARTESIAN_POINT('',(-7.981920570051E-1,4.357487875277E0,
-1.144384611783E1));
#2869=CARTESIAN_POINT('',(-6.291252690169E-1,4.222810555068E0,
-1.149402187095E1));
#2870=CARTESIAN_POINT('',(-4.580691678002E-1,4.131447863446E0,
-1.152705666459E1));
#2871=CARTESIAN_POINT('',(-2.941356892843E-1,4.075662068268E0,
-1.154684266522E1));
#2872=CARTESIAN_POINT('',(-1.476836759731E-1,4.047477783448E0,
-1.155673145220E1));
#2873=CARTESIAN_POINT('',(-7.578012132052E-5,4.037789485974E0,
-1.156011546489E1));
#2874=CARTESIAN_POINT('',(1.475448087341E-1,4.047460181385E0,
-1.155673760197E1));
#2875=CARTESIAN_POINT('',(2.939800577765E-1,4.075620395267E0,
-1.154685735348E1));
#2876=CARTESIAN_POINT('',(4.579576872376E-1,4.131397304793E0,
-1.152707476218E1));
#2877=CARTESIAN_POINT('',(6.290361218655E-1,4.222750701104E0,
-1.149404384085E1));
#2878=CARTESIAN_POINT('',(7.981342561616E-1,4.357428599989E0,
-1.144386870250E1));
#2879=CARTESIAN_POINT('',(9.518386220755E-1,4.542479558105E0,
-1.137205602736E1));
#2880=CARTESIAN_POINT('',(1.070272522312E0,4.787160063077E0,-1.127170923057E1));
#2881=CARTESIAN_POINT('',(1.104117294494E0,4.981424671726E0,-1.118654736992E1));
#2882=CARTESIAN_POINT('',(1.104117294494E0,5.086756834207E0,-1.113844378312E1));
#2884=CARTESIAN_POINT('',(0.E0,4.881126402772E0,1.068817594542E1));
#2885=DIRECTION('',(0.E0,9.096319953545E-1,-4.154150130019E-1));
#2886=DIRECTION('',(1.E0,0.E0,0.E0));
#2887=AXIS2_PLACEMENT_3D('',#2884,#2885,#2886);
#2889=CARTESIAN_POINT('',(1.104117294494E0,4.675495971336E0,1.023790810772E1));
#2890=CARTESIAN_POINT('',(1.104117294494E0,4.773345000686E0,1.019322195331E1));
#2891=CARTESIAN_POINT('',(1.074057301457E0,4.956484687471E0,1.010638841934E1));
#2892=CARTESIAN_POINT('',(9.342320956729E-1,5.216500539851E0,9.974199113595E0));
#2893=CARTESIAN_POINT('',(7.500967413671E-1,5.396299287501E0,9.877432126238E0));
#2894=CARTESIAN_POINT('',(5.522558516621E-1,5.517627356975E0,9.809934867524E0));
#2895=CARTESIAN_POINT('',(3.570371013421E-1,5.590495877476E0,9.768442207493E0));
#2896=CARTESIAN_POINT('',(1.803602568182E-1,5.627286390095E0,9.747250040359E0));
#2897=CARTESIAN_POINT('',(-1.901826908655E-4,5.640024811881E0,
9.739872281887E0));
#2898=CARTESIAN_POINT('',(-1.807244562746E-1,5.627236319577E0,
9.747279016406E0));
#2899=CARTESIAN_POINT('',(-3.574062017342E-1,5.590386920910E0,
9.768504662681E0));
#2900=CARTESIAN_POINT('',(-5.524983460164E-1,5.517501548593E0,
9.810005648765E0));
#2901=CARTESIAN_POINT('',(-7.502413649294E-1,5.396178444265E0,
9.877498051568E0));
#2902=CARTESIAN_POINT('',(-9.342728010119E-1,5.216427478527E0,
9.974236496172E0));
#2903=CARTESIAN_POINT('',(-1.074045349195E0,4.956501482725E0,1.010637956971E1));
#2904=CARTESIAN_POINT('',(-1.104117294494E0,4.773356739800E0,1.019321659224E1));
#2905=CARTESIAN_POINT('',(-1.104117294494E0,4.675495971336E0,1.023790810772E1));
#2907=CARTESIAN_POINT('',(0.E0,4.881126402772E0,1.068817594542E1));
#2908=DIRECTION('',(0.E0,-4.154150130019E-1,-9.096319953545E-1));
#2909=DIRECTION('',(0.E0,9.096319953545E-1,-4.154150130019E-1));
#2910=AXIS2_PLACEMENT_3D('',#2907,#2908,#2909);
#2912=CARTESIAN_POINT('',(0.E0,4.881126402772E0,1.068817594542E1));
#2913=DIRECTION('',(0.E0,-4.154150130019E-1,-9.096319953545E-1));
#2914=DIRECTION('',(1.E0,0.E0,0.E0));
#2915=AXIS2_PLACEMENT_3D('',#2912,#2913,#2914);
#2917=CARTESIAN_POINT('',(0.E0,4.881126402772E0,1.068817594542E1));
#2918=DIRECTION('',(0.E0,-9.096319953545E-1,4.154150130019E-1));
#2919=DIRECTION('',(-1.E0,0.E0,0.E0));
#2920=AXIS2_PLACEMENT_3D('',#2917,#2918,#2919);
#2922=CARTESIAN_POINT('',(-1.104117294494E0,4.675495971336E0,1.023790810772E1));
#2923=CARTESIAN_POINT('',(-1.104117294494E0,4.577646939397E0,1.028259426331E1));
#2924=CARTESIAN_POINT('',(-1.074057270365E0,4.392091729394E0,1.036413804401E1));
#2925=CARTESIAN_POINT('',(-9.342328814450E-1,4.121916774582E0,
1.047407884693E1));
#2926=CARTESIAN_POINT('',(-7.500995670543E-1,3.931043132819E0,
1.054659239972E1));
#2927=CARTESIAN_POINT('',(-5.522602850215E-1,3.800579061452E0,
1.059408479193E1));
#2928=CARTESIAN_POINT('',(-3.570437988863E-1,3.721501968808E0,
1.062198335727E1));
#2929=CARTESIAN_POINT('',(-1.803671575833E-1,3.681392224869E0,
1.063591024679E1));
#2930=CARTESIAN_POINT('',(1.827557507416E-4,3.667473549470E0,1.064070625995E1));
#2931=CARTESIAN_POINT('',(1.807171389594E-1,3.681444779573E0,1.063589211709E1));
#2932=CARTESIAN_POINT('',(3.573984978486E-1,3.721615885271E0,1.062194353357E1));
#2933=CARTESIAN_POINT('',(5.524934733190E-1,3.800709724386E0,1.059403793479E1));
#2934=CARTESIAN_POINT('',(7.502385586526E-1,3.931167067351E0,1.054654612089E1));
#2935=CARTESIAN_POINT('',(9.342720908309E-1,4.121990032981E0,1.047404925878E1));
#2936=CARTESIAN_POINT('',(1.074045756977E0,4.392074698494E0,1.036414468590E1));
#2937=CARTESIAN_POINT('',(1.104117294494E0,4.577635643464E0,1.028259942199E1));
#2938=CARTESIAN_POINT('',(1.104117294494E0,4.675495971336E0,1.023790810772E1));
#2940=CARTESIAN_POINT('',(1.104117294494E0,5.086756834207E0,1.113844378312E1));
#2941=CARTESIAN_POINT('',(1.104117294494E0,4.981432962284E0,1.118654358375E1));
#2942=CARTESIAN_POINT('',(1.070277313191E0,4.787183720698E0,1.127169894989E1));
#2943=CARTESIAN_POINT('',(9.518669260084E-1,4.542527848278E0,1.137203660791E1));
#2944=CARTESIAN_POINT('',(7.981906369271E-1,4.357486422156E0,1.144384667134E1));
#2945=CARTESIAN_POINT('',(6.291231123891E-1,4.222809099595E0,1.149402240533E1));
#2946=CARTESIAN_POINT('',(4.580663340097E-1,4.131446583270E0,1.152705712284E1));
#2947=CARTESIAN_POINT('',(2.941319808547E-1,4.075661078893E0,1.154684301386E1));
#2948=CARTESIAN_POINT('',(1.476802303007E-1,4.047477339019E0,1.155673160753E1));
#2949=CARTESIAN_POINT('',(7.195778522878E-5,4.037789482577E0,1.156011546606E1));
#2950=CARTESIAN_POINT('',(-1.475484323804E-1,4.047460638002E0,
1.155673744246E1));
#2951=CARTESIAN_POINT('',(-2.939840555856E-1,4.075621470036E0,
1.154685697461E1));
#2952=CARTESIAN_POINT('',(-4.579605411017E-1,4.131398592920E0,
1.152707430120E1));
#2953=CARTESIAN_POINT('',(-6.290385412284E-1,4.222752315243E0,
1.149404324865E1));
#2954=CARTESIAN_POINT('',(-7.981358834371E-1,4.357430257618E0,
1.144386807124E1));
#2955=CARTESIAN_POINT('',(-9.518395589088E-1,4.542481095840E0,
1.137205541144E1));
#2956=CARTESIAN_POINT('',(-1.070272780296E0,4.787161124716E0,1.127170877315E1));
#2957=CARTESIAN_POINT('',(-1.104117294494E0,4.981425074978E0,1.118654718576E1));
#2958=CARTESIAN_POINT('',(-1.104117294494E0,5.086756834207E0,1.113844378312E1));
#2960=CARTESIAN_POINT('',(0.E0,4.881126402772E0,1.068817594542E1));
#2961=DIRECTION('',(0.E0,-9.096319953545E-1,4.154150130019E-1));
#2962=DIRECTION('',(-9.124936318134E-1,1.699425053186E-1,3.721221799169E-1));
#2963=AXIS2_PLACEMENT_3D('',#2960,#2961,#2962);
#2965=CARTESIAN_POINT('',(0.E0,4.881126402772E0,1.068817594542E1));
#2966=DIRECTION('',(0.E0,4.154150130019E-1,9.096319953545E-1));
#2967=DIRECTION('',(-1.E0,0.E0,0.E0));
#2968=AXIS2_PLACEMENT_3D('',#2965,#2966,#2967);
#2970=CARTESIAN_POINT('',(0.E0,4.881126402772E0,1.068817594542E1));
#2971=DIRECTION('',(0.E0,9.096319953545E-1,-4.154150130019E-1));
#2972=DIRECTION('',(9.124936318131E-1,1.699425053188E-1,3.721221799174E-1));
#2973=AXIS2_PLACEMENT_3D('',#2970,#2971,#2972);
#2975=CARTESIAN_POINT('',(0.E0,4.881126402772E0,1.068817594542E1));
#2976=DIRECTION('',(0.E0,4.154150130019E-1,9.096319953545E-1));
#2977=DIRECTION('',(0.E0,9.096319953545E-1,-4.154150130019E-1));
#2978=AXIS2_PLACEMENT_3D('',#2975,#2976,#2977);
#2980=CARTESIAN_POINT('',(-1.104117294494E0,5.086756834207E0,1.113844378312E1));
#2981=CARTESIAN_POINT('',(-1.104117294494E0,5.192080623717E0,1.109034402012E1));
#2982=CARTESIAN_POINT('',(-1.070277338427E0,5.383642738411E0,1.099930524698E1));
#2983=CARTESIAN_POINT('',(-9.518675675694E-1,5.619687610390E0,
1.088011428774E1));
#2984=CARTESIAN_POINT('',(-7.981920570049E-1,5.795134124363E0,
1.078729507488E1));
#2985=CARTESIAN_POINT('',(-6.291252690168E-1,5.921249317180E0,
1.071837087797E1));
#2986=CARTESIAN_POINT('',(-4.580691678001E-1,6.006045187705E0,
1.067095675187E1));
#2987=CARTESIAN_POINT('',(-2.941356892843E-1,6.057530376033E0,
1.064175373580E1));
#2988=CARTESIAN_POINT('',(-1.476836759730E-1,6.083460604027E0,
1.062692925285E1));
#2989=CARTESIAN_POINT('',(-7.578012130766E-5,6.092362555769E0,
1.062182338319E1));
#2990=CARTESIAN_POINT('',(1.475448087341E-1,6.083476778615E0,1.062691997734E1));
#2991=CARTESIAN_POINT('',(2.939800577765E-1,6.057568766689E0,1.064173186021E1));
#2992=CARTESIAN_POINT('',(4.579576872375E-1,6.006091973827E0,1.067093039359E1));
#2993=CARTESIAN_POINT('',(6.290361218653E-1,5.921305116934E0,1.071834003058E1));
#2994=CARTESIAN_POINT('',(7.981342561615E-1,5.795190009772E0,1.078726506741E1));
#2995=CARTESIAN_POINT('',(9.518386220753E-1,5.619735004858E0,1.088008994910E1));
#2996=CARTESIAN_POINT('',(1.070272522312E0,5.383666300826E0,1.099929395959E1));
#2997=CARTESIAN_POINT('',(1.104117294494E0,5.192088996689E0,1.109034019632E1));
#2998=CARTESIAN_POINT('',(1.104117294494E0,5.086756834207E0,1.113844378312E1));
#3000=CARTESIAN_POINT('',(0.E0,9.884729010766E0,6.352529605103E0));
#3001=DIRECTION('',(0.E0,5.406408174556E-1,-8.412535328312E-1));
#3002=DIRECTION('',(1.E0,0.E0,0.E0));
#3003=AXIS2_PLACEMENT_3D('',#3000,#3001,#3002);
#3005=CARTESIAN_POINT('',(1.104117294494E0,9.468308512015E0,6.084912400463E0));
#3006=CARTESIAN_POINT('',(1.104117294494E0,9.526465289244E0,5.994418688701E0));
#3007=CARTESIAN_POINT('',(1.074057187823E0,9.633586548803E0,5.822356699777E0));
#3008=CARTESIAN_POINT('',(9.342319727704E-1,9.780858719915E0,5.570577032176E0));
#3009=CARTESIAN_POINT('',(7.500969735175E-1,9.879798702279E0,5.391965225231E0));
#3010=CARTESIAN_POINT('',(5.522563566803E-1,9.945374562819E0,5.269588082278E0));
#3011=CARTESIAN_POINT('',(3.570382279023E-1,9.984242806970E0,5.195286603410E0));
#3012=CARTESIAN_POINT('',(1.803612523488E-1,1.000373571960E1,5.157567946574E0));
#3013=CARTESIAN_POINT('',(-1.893427860761E-4,1.001046331460E1,
5.144474333907E0));
#3014=CARTESIAN_POINT('',(-1.807238352873E-1,1.000370937997E1,
5.157619165881E0));
#3015=CARTESIAN_POINT('',(-3.574056916952E-1,9.984185171519E0,
5.195397552391E0));
#3016=CARTESIAN_POINT('',(-5.524978484197E-1,9.945307273677E0,
5.269715114968E0));
#3017=CARTESIAN_POINT('',(-7.502409731664E-1,9.879732970113E0,
5.392085495562E0));
#3018=CARTESIAN_POINT('',(-9.342725379656E-1,9.780817618736E0,
5.570647720780E0));
#3019=CARTESIAN_POINT('',(-1.074045276260E0,9.633595860430E0,5.822340233065E0));
#3020=CARTESIAN_POINT('',(-1.104117294494E0,9.526472239798E0,5.994407873427E0));
#3021=CARTESIAN_POINT('',(-1.104117294494E0,9.468308512015E0,6.084912400463E0));
#3023=CARTESIAN_POINT('',(0.E0,9.884729010766E0,6.352529605103E0));
#3024=DIRECTION('',(0.E0,-8.412535328312E-1,-5.406408174556E-1));
#3025=DIRECTION('',(0.E0,5.406408174556E-1,-8.412535328312E-1));
#3026=AXIS2_PLACEMENT_3D('',#3023,#3024,#3025);
#3028=CARTESIAN_POINT('',(0.E0,9.884729010766E0,6.352529605103E0));
#3029=DIRECTION('',(0.E0,-8.412535328312E-1,-5.406408174556E-1));
#3030=DIRECTION('',(1.E0,0.E0,0.E0));
#3031=AXIS2_PLACEMENT_3D('',#3028,#3029,#3030);
#3033=CARTESIAN_POINT('',(0.E0,9.884729010766E0,6.352529605103E0));
#3034=DIRECTION('',(0.E0,-5.406408174556E-1,8.412535328312E-1));
#3035=DIRECTION('',(-1.E0,0.E0,0.E0));
#3036=AXIS2_PLACEMENT_3D('',#3033,#3034,#3035);
#3038=CARTESIAN_POINT('',(-1.104117294494E0,9.468308512015E0,6.084912400463E0));
#3039=CARTESIAN_POINT('',(-1.104117294494E0,9.410151827900E0,6.175405967337E0));
#3040=CARTESIAN_POINT('',(-1.074057270368E0,9.298138748206E0,6.344323681351E0));
#3041=CARTESIAN_POINT('',(-9.342328814456E-1,9.130291598552E0,
6.582879378640E0));
#3042=CARTESIAN_POINT('',(-7.500995670548E-1,9.008922259553E0,
6.747075742818E0));
#3043=CARTESIAN_POINT('',(-5.522602850215E-1,8.924845224354E0,
6.857563087737E0));
#3044=CARTESIAN_POINT('',(-3.570437988862E-1,8.873404443973E0,
6.923785158400E0));
#3045=CARTESIAN_POINT('',(-1.803671575831E-1,8.847191425116E0,
6.957186168159E0));
#3046=CARTESIAN_POINT('',(1.827557508517E-4,8.838075210741E0,6.968745835219E0));
#3047=CARTESIAN_POINT('',(1.807171389594E-1,8.847225835291E0,6.957142503266E0));
#3048=CARTESIAN_POINT('',(3.573984978486E-1,8.873478746282E0,6.923690068682E0));
#3049=CARTESIAN_POINT('',(5.524934733192E-1,8.924929812124E0,6.857453027282E0));
#3050=CARTESIAN_POINT('',(7.502385586531E-1,9.009001499692E0,6.746969806523E0));
#3051=CARTESIAN_POINT('',(9.342720908315E-1,9.130337230879E0,6.582814881025E0));
#3052=CARTESIAN_POINT('',(1.074045756979E0,9.298128011778E0,6.344338476464E0));
#3053=CARTESIAN_POINT('',(1.104117294494E0,9.410145114149E0,6.175416414137E0));
#3054=CARTESIAN_POINT('',(1.104117294494E0,9.468308512015E0,6.084912400463E0));
#3056=CARTESIAN_POINT('',(1.104117294493E0,1.030114950952E1,6.620146809744E0));
#3057=CARTESIAN_POINT('',(1.104117294493E0,1.023855014570E1,6.717553321167E0));
#3058=CARTESIAN_POINT('',(1.070277313189E0,1.012117575173E1,6.894209642531E0));
#3059=CARTESIAN_POINT('',(9.518669260075E-1,9.969604768185E0,7.110890002678E0));
#3060=CARTESIAN_POINT('',(7.981906369265E-1,9.852761466136E0,7.271341420115E0));
#3061=CARTESIAN_POINT('',(6.291231123888E-1,9.766590742576E0,7.386363991353E0));
#3062=CARTESIAN_POINT('',(4.580663340097E-1,9.707591619630E0,7.463548869676E0));
#3063=CARTESIAN_POINT('',(2.941319808548E-1,9.671358927290E0,7.510353741092E0));
#3064=CARTESIAN_POINT('',(1.476802303008E-1,9.652995433916E0,7.533909835613E0));
#3065=CARTESIAN_POINT('',(7.195778500906E-5,9.646674942498E0,7.541994169179E0));
#3066=CARTESIAN_POINT('',(-1.475484323809E-1,9.652984538726E0,
7.533923773516E0));
#3067=CARTESIAN_POINT('',(-2.939840555861E-1,9.671333153950E0,
7.510386899785E0));
#3068=CARTESIAN_POINT('',(-4.579605411021E-1,9.707560534900E0,
7.463589266574E0));
#3069=CARTESIAN_POINT('',(-6.290385412286E-1,9.766554241290E0,
7.386412225809E0));
#3070=CARTESIAN_POINT('',(-7.981358834370E-1,9.852725787180E0,
7.271389787698E0));
#3071=CARTESIAN_POINT('',(-9.518395589082E-1,9.969575603488E0,
7.110931097490E0));
#3072=CARTESIAN_POINT('',(-1.070272780294E0,1.012116205364E1,6.894230122697E0));
#3073=CARTESIAN_POINT('',(-1.104117294494E0,1.023854545788E1,6.717560615571E0));
#3074=CARTESIAN_POINT('',(-1.104117294494E0,1.030114950952E1,6.620146809744E0));
#3076=CARTESIAN_POINT('',(0.E0,9.884729010766E0,6.352529605103E0));
#3077=DIRECTION('',(0.E0,-5.406408174556E-1,8.412535328312E-1));
#3078=DIRECTION('',(-9.124936318124E-1,3.441491725229E-1,2.211712435052E-1));
#3079=AXIS2_PLACEMENT_3D('',#3076,#3077,#3078);
#3081=CARTESIAN_POINT('',(0.E0,9.884729010766E0,6.352529605103E0));
#3082=DIRECTION('',(0.E0,8.412535328312E-1,5.406408174556E-1));
#3083=DIRECTION('',(-1.E0,0.E0,0.E0));
#3084=AXIS2_PLACEMENT_3D('',#3081,#3082,#3083);
#3086=CARTESIAN_POINT('',(0.E0,9.884729010766E0,6.352529605103E0));
#3087=DIRECTION('',(0.E0,5.406408174556E-1,-8.412535328312E-1));
#3088=DIRECTION('',(9.124936318122E-1,3.441491725232E-1,2.211712435054E-1));
#3089=AXIS2_PLACEMENT_3D('',#3086,#3087,#3088);
#3091=CARTESIAN_POINT('',(0.E0,9.884729010766E0,6.352529605103E0));
#3092=DIRECTION('',(0.E0,8.412535328312E-1,5.406408174556E-1));
#3093=DIRECTION('',(0.E0,5.406408174556E-1,-8.412535328312E-1));
#3094=AXIS2_PLACEMENT_3D('',#3091,#3092,#3093);
#3096=CARTESIAN_POINT('',(-1.104117294494E0,1.030114950952E1,6.620146809744E0));
#3097=CARTESIAN_POINT('',(-1.104117294494E0,1.036374878845E1,6.522740430404E0));
#3098=CARTESIAN_POINT('',(-1.070277378214E0,1.047568176527E1,6.342587530867E0));
#3099=CARTESIAN_POINT('',(-9.518676882396E-1,1.060981583386E1,
6.114702259567E0));
#3100=CARTESIAN_POINT('',(-7.981922517929E-1,1.070722897956E1,
5.941764227120E0));
#3101=CARTESIAN_POINT('',(-6.291255660006E-1,1.07760606E1,5.815598481751E0));
#3102=CARTESIAN_POINT('',(-4.580695136356E-1,1.082176143576E1,
5.729867033918E0));
#3103=CARTESIAN_POINT('',(-2.941362027876E-1,1.084928520026E1,
5.677464880983E0));
#3104=CARTESIAN_POINT('',(-1.476840997424E-1,1.086308441818E1,
5.650974711554E0));
#3105=CARTESIAN_POINT('',(-7.621112119991E-5,1.086781280031E1,
5.641866573383E0));
#3106=CARTESIAN_POINT('',(1.475444392038E-1,1.086309305962E1,5.650958069053E0));
#3107=CARTESIAN_POINT('',(2.939796945820E-1,1.084930578504E1,5.677425501859E0));
#3108=CARTESIAN_POINT('',(4.579573963657E-1,1.082178668751E1,5.729819294842E0));
#3109=CARTESIAN_POINT('',(6.290359082762E-1,1.077609103759E1,5.815542042486E0));
#3110=CARTESIAN_POINT('',(7.981341122268E-1,1.070725994967E1,5.941708445761E0));
#3111=CARTESIAN_POINT('',(9.518385653372E-1,1.060984270822E1,6.114655881322E0));
#3112=CARTESIAN_POINT('',(1.070272528998E0,1.047569557455E1,6.342565150823E0));
#3113=CARTESIAN_POINT('',(1.104117294493E0,1.036375379838E1,6.522732634804E0));
#3114=CARTESIAN_POINT('',(1.104117294493E0,1.030114950952E1,6.620146809744E0));
#3116=CARTESIAN_POINT('',(0.E0,1.175E1,0.E0));
#3117=DIRECTION('',(0.E0,0.E0,-1.E0));
#3118=DIRECTION('',(1.E0,0.E0,0.E0));
#3119=AXIS2_PLACEMENT_3D('',#3116,#3117,#3118);
#3121=CARTESIAN_POINT('',(1.104117294494E0,1.1255E1,0.E0));
#3122=CARTESIAN_POINT('',(1.104117294494E0,1.1255E1,-1.075700823005E-1));
#3123=CARTESIAN_POINT('',(1.074057187822E0,1.125209240370E1,
-3.102319636835E-1));
#3124=CARTESIAN_POINT('',(9.342319727703E-1,1.123986327263E1,
-6.016638455262E-1));
#3125=CARTESIAN_POINT('',(7.500969735173E-1,1.122653204901E1,
-8.054126520679E-1));
#3126=CARTESIAN_POINT('',(5.522563566802E-1,1.121553589476E1,
-9.438158427626E-1));
#3127=CARTESIAN_POINT('',(3.570382279021E-1,1.120806353019E1,
-1.027335983646E0));
#3128=CARTESIAN_POINT('',(1.803612523486E-1,1.120406976634E1,
-1.069605601181E0));
#3129=CARTESIAN_POINT('',(-1.893427862457E-4,1.120265043795E1,
-1.084257861555E0));
#3130=CARTESIAN_POINT('',(-1.807238352875E-1,1.120407529928E1,
-1.069548272478E0));
#3131=CARTESIAN_POINT('',(-3.574056916953E-1,1.120807502771E1,
-1.027211487346E0));
#3132=CARTESIAN_POINT('',(-5.524978484198E-1,1.121554796659E1,
-9.436725968069E-1));
#3133=CARTESIAN_POINT('',(-7.502409731663E-1,1.122654177465E1,
-8.052759367354E-1));
#3134=CARTESIAN_POINT('',(-9.342725379655E-1,1.123986691326E1,
-6.015821575131E-1));
#3135=CARTESIAN_POINT('',(-1.074045276260E0,1.125209133456E1,
-3.102508506083E-1));
#3136=CARTESIAN_POINT('',(-1.104117294494E0,1.1255E1,-1.075829384408E-1));
#3137=CARTESIAN_POINT('',(-1.104117294494E0,1.1255E1,0.E0));
#3139=CARTESIAN_POINT('',(0.E0,1.175E1,0.E0));
#3140=DIRECTION('',(0.E0,-1.E0,0.E0));
#3141=DIRECTION('',(0.E0,0.E0,-1.E0));
#3142=AXIS2_PLACEMENT_3D('',#3139,#3140,#3141);
#3144=CARTESIAN_POINT('',(0.E0,1.175E1,0.E0));
#3145=DIRECTION('',(0.E0,-1.E0,0.E0));
#3146=DIRECTION('',(1.E0,0.E0,0.E0));
#3147=AXIS2_PLACEMENT_3D('',#3144,#3145,#3146);
#3149=CARTESIAN_POINT('',(0.E0,1.175E1,0.E0));
#3150=DIRECTION('',(0.E0,0.E0,1.E0));
#3151=DIRECTION('',(-1.E0,0.E0,0.E0));
#3152=AXIS2_PLACEMENT_3D('',#3149,#3150,#3151);
#3154=CARTESIAN_POINT('',(-1.104117294494E0,1.1255E1,0.E0));
#3155=CARTESIAN_POINT('',(-1.104117294494E0,1.1255E1,1.075699100721E-1));
#3156=CARTESIAN_POINT('',(-1.074057270367E0,1.125209241197E1,
3.102313767148E-1));
#3157=CARTESIAN_POINT('',(-9.342328814455E-1,1.123986335154E1,
6.016622200331E-1));
#3158=CARTESIAN_POINT('',(-7.500995670548E-1,1.122653222288E1,
8.054102101260E-1));
#3159=CARTESIAN_POINT('',(-5.522602850216E-1,1.121553608847E1,
9.438135564120E-1));
#3160=CARTESIAN_POINT('',(-3.570437988862E-1,1.120806370466E1,
1.027334092864E0));
#3161=CARTESIAN_POINT('',(-1.803671575831E-1,1.120406985916E1,
1.069604638267E0));
#3162=CARTESIAN_POINT('',(1.827557508782E-4,1.120265043946E1,1.084257846612E0));
#3163=CARTESIAN_POINT('',(1.807171389595E-1,1.120407519981E1,1.069549301476E0));
#3164=CARTESIAN_POINT('',(3.573984978487E-1,1.120807480235E1,1.027213927442E0));
#3165=CARTESIAN_POINT('',(5.524934733193E-1,1.121554774505E1,
9.436752360646E-1));
#3166=CARTESIAN_POINT('',(7.502385586531E-1,1.122654161044E1,
8.052782503903E-1));
#3167=CARTESIAN_POINT('',(9.342720908314E-1,1.123986686985E1,
6.015832904881E-1));
#3168=CARTESIAN_POINT('',(1.074045756979E0,1.125209137876E1,3.102496277073E-1));
#3169=CARTESIAN_POINT('',(1.104117294494E0,1.1255E1,1.075823282070E-1));
#3170=CARTESIAN_POINT('',(1.104117294494E0,1.1255E1,0.E0));
#3172=CARTESIAN_POINT('',(1.104117294494E0,1.2245E1,0.E0));
#3173=CARTESIAN_POINT('',(1.104117294494E0,1.2245E1,1.157873430801E-1));
#3174=CARTESIAN_POINT('',(1.070277313189E0,1.224176599440E1,3.278574858307E-1));
#3175=CARTESIAN_POINT('',(9.518669260075E-1,1.223140261605E1,
5.920860647462E-1));
#3176=CARTESIAN_POINT('',(7.981906369263E-1,1.221985436090E1,
7.902366448475E-1));
#3177=CARTESIAN_POINT('',(6.291231123887E-1,1.220954883222E1,
9.335871996827E-1));
#3178=CARTESIAN_POINT('',(4.580663340096E-1,1.220164490732E1,1.030416585312E0));
#3179=CARTESIAN_POINT('',(2.941319808548E-1,1.219646865083E1,1.089380221149E0));
#3180=CARTESIAN_POINT('',(1.476802303008E-1,1.219375568335E1,1.119124922954E0));
#3181=CARTESIAN_POINT('',(7.195778519201E-5,1.219280926832E1,1.129343012774E0));
#3182=CARTESIAN_POINT('',(-1.475484323806E-1,1.219375405313E1,
1.119142538648E0));
#3183=CARTESIAN_POINT('',(-2.939840555857E-1,1.219646489586E1,
1.089422050136E0));
#3184=CARTESIAN_POINT('',(-4.579605411017E-1,1.220164059739E1,
1.030467375019E0));
#3185=CARTESIAN_POINT('',(-6.290385412281E-1,1.220954420290E1,
9.336475111744E-1));
#3186=CARTESIAN_POINT('',(-7.981358834364E-1,1.221985049534E1,
7.902966237478E-1));
#3187=CARTESIAN_POINT('',(-9.518395589078E-1,1.223140029868E1,
5.921364035286E-1));
#3188=CARTESIAN_POINT('',(-1.070272780293E0,1.224176554324E1,
3.278821205909E-1));
#3189=CARTESIAN_POINT('',(-1.104117294494E0,1.2245E1,1.157960139552E-1));
#3190=CARTESIAN_POINT('',(-1.104117294494E0,1.2245E1,2.522046833580E-13));
#3192=CARTESIAN_POINT('',(0.E0,1.175E1,0.E0));
#3193=DIRECTION('',(0.E0,0.E0,1.E0));
#3194=DIRECTION('',(-9.124936318131E-1,4.090909090905E-1,0.E0));
#3195=AXIS2_PLACEMENT_3D('',#3192,#3193,#3194);
#3197=CARTESIAN_POINT('',(0.E0,1.175E1,0.E0));
#3198=DIRECTION('',(0.E0,1.E0,0.E0));
#3199=DIRECTION('',(-1.E0,0.E0,0.E0));
#3200=AXIS2_PLACEMENT_3D('',#3197,#3198,#3199);
#3202=CARTESIAN_POINT('',(0.E0,1.175E1,0.E0));
#3203=DIRECTION('',(0.E0,0.E0,-1.E0));
#3204=DIRECTION('',(9.124936318130E-1,4.090909090908E-1,0.E0));
#3205=AXIS2_PLACEMENT_3D('',#3202,#3203,#3204);
#3207=CARTESIAN_POINT('',(0.E0,1.175E1,0.E0));
#3208=DIRECTION('',(0.E0,1.E0,0.E0));
#3209=DIRECTION('',(0.E0,0.E0,-1.E0));
#3210=AXIS2_PLACEMENT_3D('',#3207,#3208,#3209);
#3212=CARTESIAN_POINT('',(-1.104117294494E0,1.2245E1,2.522046833580E-13));
#3213=CARTESIAN_POINT('',(-1.104117294494E0,1.2245E1,-1.157871860718E-1));
#3214=CARTESIAN_POINT('',(-1.070277378214E0,1.224176600132E1,
-3.278569853470E-1));
#3215=CARTESIAN_POINT('',(-9.518676882404E-1,1.223140268103E1,
-5.920846273997E-1));
#3216=CARTESIAN_POINT('',(-7.981922517935E-1,1.221985447476E1,
-7.902348808763E-1));
#3217=CARTESIAN_POINT('',(-6.291255660012E-1,1.220954896692E1,
-9.335854434372E-1));
#3218=CARTESIAN_POINT('',(-4.580695136360E-1,1.220164503642E1,
-1.030415064001E0));
#3219=CARTESIAN_POINT('',(-2.941362027879E-1,1.219646875774E1,
-1.089379030828E0));
#3220=CARTESIAN_POINT('',(-1.476840997426E-1,1.219375573171E1,
-1.119124399898E0));
#3221=CARTESIAN_POINT('',(-7.621112134056E-5,1.219280926862E1,
-1.129343009693E0));
#3222=CARTESIAN_POINT('',(1.475444392037E-1,1.219375400374E1,
-1.119143072376E0));
#3223=CARTESIAN_POINT('',(2.939796945820E-1,1.219646478480E1,
-1.089423287626E0));
#3224=CARTESIAN_POINT('',(4.579573963658E-1,1.220164046985E1,
-1.030468876797E0));
#3225=CARTESIAN_POINT('',(6.290359082765E-1,1.220954405928E1,
-9.336493789674E-1));
#3226=CARTESIAN_POINT('',(7.981341122271E-1,1.221985037080E1,
-7.902985508502E-1));
#3227=CARTESIAN_POINT('',(9.518385653376E-1,1.223140021521E1,
-5.921381726403E-1));
#3228=CARTESIAN_POINT('',(1.070272528998E0,1.224176551886E1,
-3.278832784962E-1));
#3229=CARTESIAN_POINT('',(1.104117294494E0,1.2245E1,-1.157964527198E-1));
#3230=CARTESIAN_POINT('',(1.104117294494E0,1.2245E1,0.E0));
#3232=CARTESIAN_POINT('',(0.E0,1.127404243997E1,3.310357542887E0));
#3233=DIRECTION('',(0.E0,2.817325568414E-1,-9.594929736145E-1));
#3234=DIRECTION('',(1.E0,0.E0,0.E0));
#3235=AXIS2_PLACEMENT_3D('',#3232,#3233,#3234);
#3237=CARTESIAN_POINT('',(1.104117294494E0,1.079909341803E1,3.170899927250E0));
#3238=CARTESIAN_POINT('',(1.104117294494E0,1.082939941236E1,3.067687189112E0));
#3239=CARTESIAN_POINT('',(1.074057187823E0,1.088370604415E1,2.872415373366E0));
#3240=CARTESIAN_POINT('',(9.342319727702E-1,1.095407812803E1,2.589343186085E0));
#3241=CARTESIAN_POINT('',(7.500969735172E-1,1.099868958487E1,2.390091798112E0));
#3242=CARTESIAN_POINT('',(5.522563566800E-1,1.102713153691E1,2.254196934460E0));
#3243=CARTESIAN_POINT('',(3.570382279018E-1,1.104349219845E1,2.171954737753E0));
#3244=CARTESIAN_POINT('',(1.803612523483E-1,1.105156893752E1,2.130272163429E0));
#3245=CARTESIAN_POINT('',(-1.893427864895E-4,1.105433512068E1,
2.115813551535E0));
#3246=CARTESIAN_POINT('',(-1.807238352877E-1,1.105155809498E1,
2.130328728726E0));
#3247=CARTESIAN_POINT('',(-3.574056916955E-1,1.104346815558E1,
2.172077430303E0));
#3248=CARTESIAN_POINT('',(-5.524978484199E-1,1.102710276270E1,
2.254337778975E0));
#3249=CARTESIAN_POINT('',(-7.502409731664E-1,1.099866039938E1,
2.390225715540E0));
#3250=CARTESIAN_POINT('',(-9.342725379655E-1,1.095405860702E1,
2.589422590844E0));
#3251=CARTESIAN_POINT('',(-1.074045276260E0,1.088371033939E1,2.872396950283E0));
#3252=CARTESIAN_POINT('',(-1.104117294494E0,1.082940303435E1,3.067674853735E0));
#3253=CARTESIAN_POINT('',(-1.104117294494E0,1.079909341803E1,3.170899927250E0));
#3255=CARTESIAN_POINT('',(0.E0,1.127404243997E1,3.310357542887E0));
#3256=DIRECTION('',(0.E0,-9.594929736145E-1,-2.817325568414E-1));
#3257=DIRECTION('',(0.E0,2.817325568414E-1,-9.594929736145E-1));
#3258=AXIS2_PLACEMENT_3D('',#3255,#3256,#3257);
#3260=CARTESIAN_POINT('',(0.E0,1.127404243997E1,3.310357542887E0));
#3261=DIRECTION('',(0.E0,-9.594929736145E-1,-2.817325568414E-1));
#3262=DIRECTION('',(1.E0,0.E0,0.E0));
#3263=AXIS2_PLACEMENT_3D('',#3260,#3261,#3262);
#3265=CARTESIAN_POINT('',(0.E0,1.127404243997E1,3.310357542887E0));
#3266=DIRECTION('',(0.E0,-2.817325568414E-1,9.594929736145E-1));
#3267=DIRECTION('',(-1.E0,0.E0,0.E0));
#3268=AXIS2_PLACEMENT_3D('',#3265,#3266,#3267);
#3270=CARTESIAN_POINT('',(-1.104117294494E0,1.079909341803E1,3.170899927250E0));
#3271=CARTESIAN_POINT('',(-1.104117294494E0,1.076878747223E1,3.274112500137E0));
#3272=CARTESIAN_POINT('',(-1.074057270368E0,1.070890132877E1,3.467745591193E0));
#3273=CARTESIAN_POINT('',(-9.342328814456E-1,1.061506207459E1,
3.743926113189E0));
#3274=CARTESIAN_POINT('',(-7.500995670549E-1,1.054486850811E1,
3.935665065109E0));
#3275=CARTESIAN_POINT('',(-5.522602850216E-1,1.049532506577E1,
4.065364134331E0));
#3276=CARTESIAN_POINT('',(-3.570437988862E-1,1.046462491173E1,
4.143396288412E0));
#3277=CARTESIAN_POINT('',(-1.803671575831E-1,1.044888385620E1,
4.182829383413E0));
#3278=CARTESIAN_POINT('',(1.827557509553E-4,1.044339364712E1,4.196489137120E0));
#3279=CARTESIAN_POINT('',(1.807171389596E-1,1.044890457070E1,4.182777792789E0));
#3280=CARTESIAN_POINT('',(3.573984978488E-1,1.046466941440E1,4.143284117117E0));
#3281=CARTESIAN_POINT('',(5.524934733194E-1,1.049537521953E1,4.065234700969E0));
#3282=CARTESIAN_POINT('',(7.502385586533E-1,1.054491469276E1,3.935541095451E0));
#3283=CARTESIAN_POINT('',(9.342720908316E-1,1.061508768740E1,3.743851372068E0));
#3284=CARTESIAN_POINT('',(1.074045756980E0,1.070889519551E1,3.467762811802E0));
#3285=CARTESIAN_POINT('',(1.104117294494E0,1.076878397363E1,3.274124415250E0));
#3286=CARTESIAN_POINT('',(1.104117294494E0,1.079909341803E1,3.170899927250E0));
#3288=CARTESIAN_POINT('',(1.104117294494E0,1.174899146191E1,3.449815158523E0));
#3289=CARTESIAN_POINT('',(1.104117294494E0,1.171637039769E1,3.560912300642E0));
#3290=CARTESIAN_POINT('',(1.070277313189E0,1.165352032850E1,3.763480987858E0));
#3291=CARTESIAN_POINT('',(9.518669260076E-1,1.156913494666E1,4.014086751676E0));
#3292=CARTESIAN_POINT('',(7.981906369265E-1,1.150222900741E1,4.200957321550E0));
#3293=CARTESIAN_POINT('',(6.291231123889E-1,1.145195440672E1,4.335597768733E0));
#3294=CARTESIAN_POINT('',(4.580663340098E-1,1.141709065592E1,4.426278090912E0));
#3295=CARTESIAN_POINT('',(2.941319808549E-1,1.139551209830E1,4.481394965221E0));
#3296=CARTESIAN_POINT('',(1.476802303009E-1,1.138452897417E1,4.509170466340E0));
#3297=CARTESIAN_POINT('',(7.195778523628E-5,1.138074212704E1,4.518708015801E0));
#3298=CARTESIAN_POINT('',(-1.475484323806E-1,1.138452244708E1,
4.509186909190E0));
#3299=CARTESIAN_POINT('',(-2.939840555858E-1,1.139549671084E1,
4.481434041943E0));
#3300=CARTESIAN_POINT('',(-4.579605411017E-1,1.141707221146E1,
4.426325609033E0));
#3301=CARTESIAN_POINT('',(-6.290385412282E-1,1.145193297320E1,
4.335654332956E0));
#3302=CARTESIAN_POINT('',(-7.981358834365E-1,1.150220840043E1,
4.201013781830E0));
#3303=CARTESIAN_POINT('',(-9.518395589079E-1,1.156911854108E1,
4.014134398505E0));
#3304=CARTESIAN_POINT('',(-1.070272780293E0,1.165351295520E1,3.763504497632E0));
#3305=CARTESIAN_POINT('',(-1.104117294494E0,1.171636795483E1,3.560920620286E0));
#3306=CARTESIAN_POINT('',(-1.104117294494E0,1.174899146191E1,3.449815158524E0));
#3308=CARTESIAN_POINT('',(0.E0,1.127404243997E1,3.310357542887E0));
#3309=DIRECTION('',(0.E0,-2.817325568414E-1,9.594929736145E-1));
#3310=DIRECTION('',(-9.124936318128E-1,3.925198528425E-1,1.152542277988E-1));
#3311=AXIS2_PLACEMENT_3D('',#3308,#3309,#3310);
#3313=CARTESIAN_POINT('',(0.E0,1.127404243997E1,3.310357542887E0));
#3314=DIRECTION('',(0.E0,9.594929736145E-1,2.817325568414E-1));
#3315=DIRECTION('',(-1.E0,0.E0,0.E0));
#3316=AXIS2_PLACEMENT_3D('',#3313,#3314,#3315);
#3318=CARTESIAN_POINT('',(0.E0,1.127404243997E1,3.310357542887E0));
#3319=DIRECTION('',(0.E0,2.817325568414E-1,-9.594929736145E-1));
#3320=DIRECTION('',(9.124936318128E-1,3.925198528426E-1,1.152542277989E-1));
#3321=AXIS2_PLACEMENT_3D('',#3318,#3319,#3320);
#3323=CARTESIAN_POINT('',(0.E0,1.127404243997E1,3.310357542887E0));
#3324=DIRECTION('',(0.E0,9.594929736145E-1,2.817325568414E-1));
#3325=DIRECTION('',(0.E0,2.817325568414E-1,-9.594929736145E-1));
#3326=AXIS2_PLACEMENT_3D('',#3323,#3324,#3325);
#3328=CARTESIAN_POINT('',(-1.104117294494E0,1.174899146191E1,3.449815158524E0));
#3329=CARTESIAN_POINT('',(-1.104117294494E0,1.178161248189E1,3.338718167053E0));
#3330=CARTESIAN_POINT('',(-1.070277378214E0,1.183825644966E1,3.134327562016E0));
#3331=CARTESIAN_POINT('',(-9.518676882402E-1,1.190275444585E1,
2.877883311310E0));
#3332=CARTESIAN_POINT('',(-7.981922517934E-1,1.194749940062E1,
2.684506029700E0));
#3333=CARTESIAN_POINT('',(-6.291255660011E-1,1.197799785878E1,
2.544058775086E0));
#3334=CARTESIAN_POINT('',(-4.580695136360E-1,1.199769414957E1,
2.448924639966E0));
#3335=CARTESIAN_POINT('',(-2.941362027880E-1,1.200933961569E1,
2.390890801874E0));
#3336=CARTESIAN_POINT('',(-1.476840997427E-1,1.201511672515E1,
2.361585981492E0));
#3337=CARTESIAN_POINT('',(-7.621112146417E-5,1.201708751553E1,
2.351514647727E0));
#3338=CARTESIAN_POINT('',(1.475444392035E-1,1.201512032782E1,2.361567578554E0));
#3339=CARTESIAN_POINT('',(2.939796945818E-1,1.200934827226E1,2.390847218480E0));
#3340=CARTESIAN_POINT('',(4.579573963656E-1,1.199770492880E1,2.448871720416E0));
#3341=CARTESIAN_POINT('',(6.290359082762E-1,1.197801116264E1,2.543996046750E0));
#3342=CARTESIAN_POINT('',(7.981341122268E-1,1.194751340080E1,2.684443782587E0));
#3343=CARTESIAN_POINT('',(9.518385653373E-1,1.190276716535E1,2.877831240326E0));
#3344=CARTESIAN_POINT('',(1.070272528998E0,1.183826339438E1,3.134302197998E0));
#3345=CARTESIAN_POINT('',(1.104117294494E0,1.178161509261E1,3.338709275769E0));
#3346=CARTESIAN_POINT('',(1.104117294494E0,1.174899146191E1,3.449815158523E0));
#3348=CARTESIAN_POINT('',(0.E0,7.694613623857E0,8.880057498663E0));
#3349=DIRECTION('',(0.E0,7.557495743543E-1,-6.548607339453E-1));
#3350=DIRECTION('',(1.E0,0.E0,0.E0));
#3351=AXIS2_PLACEMENT_3D('',#3348,#3349,#3350);
#3353=CARTESIAN_POINT('',(1.104117294494E0,7.370457560554E0,8.505961459357E0));
#3354=CARTESIAN_POINT('',(1.104117294494E0,7.451753604466E0,8.435518036311E0));
#3355=CARTESIAN_POINT('',(1.074057187822E0,7.603011164413E0,8.300605313261E0));
#3356=CARTESIAN_POINT('',(9.342319727701E-1,7.815252307317E0,8.100515856618E0));
#3357=CARTESIAN_POINT('',(7.500969735173E-1,7.960505286257E0,7.957013697055E0));
#3358=CARTESIAN_POINT('',(5.522563566803E-1,8.057902489067E0,7.858068543118E0));
#3359=CARTESIAN_POINT('',(3.570382279023E-1,8.116129441845E0,7.797727246020E0));
#3360=CARTESIAN_POINT('',(1.803612523488E-1,8.145459328178E0,7.767028247926E0));
#3361=CARTESIAN_POINT('',(-1.893427859653E-4,8.155603305286E0,
7.756360401114E0));
#3362=CARTESIAN_POINT('',(-1.807238352872E-1,8.145419625341E0,
7.767069971759E0));
#3363=CARTESIAN_POINT('',(-3.574056916950E-1,8.116042883095E0,
7.797817463004E0));
#3364=CARTESIAN_POINT('',(-5.524978484195E-1,8.057802136364E0,
7.858171472549E0));
#3365=CARTESIAN_POINT('',(-7.502409731661E-1,7.960408332638E0,
7.957110576701E0));
#3366=CARTESIAN_POINT('',(-9.342725379653E-1,7.815192955744E0,
8.100572102297E0));
#3367=CARTESIAN_POINT('',(-1.074045276259E0,7.603024738062E0,8.300592136955E0));
#3368=CARTESIAN_POINT('',(-1.104117294494E0,7.451763320488E0,8.435509617330E0));
#3369=CARTESIAN_POINT('',(-1.104117294494E0,7.370457560554E0,8.505961459357E0));
#3371=CARTESIAN_POINT('',(0.E0,7.694613623857E0,8.880057498663E0));
#3372=DIRECTION('',(0.E0,-6.548607339453E-1,-7.557495743543E-1));
#3373=DIRECTION('',(0.E0,7.557495743543E-1,-6.548607339453E-1));
#3374=AXIS2_PLACEMENT_3D('',#3371,#3372,#3373);
#3376=CARTESIAN_POINT('',(0.E0,7.694613623857E0,8.880057498663E0));
#3377=DIRECTION('',(0.E0,-6.548607339453E-1,-7.557495743543E-1));
#3378=DIRECTION('',(1.E0,0.E0,0.E0));
#3379=AXIS2_PLACEMENT_3D('',#3376,#3377,#3378);
#3381=CARTESIAN_POINT('',(0.E0,7.694613623857E0,8.880057498663E0));
#3382=DIRECTION('',(0.E0,-7.557495743543E-1,6.548607339453E-1));
#3383=DIRECTION('',(-1.E0,0.E0,0.E0));
#3384=AXIS2_PLACEMENT_3D('',#3381,#3382,#3383);
#3386=CARTESIAN_POINT('',(-1.104117294494E0,7.370457560554E0,8.505961459357E0));
#3387=CARTESIAN_POINT('',(-1.104117294494E0,7.289161646804E0,8.576404769618E0));
#3388=CARTESIAN_POINT('',(-1.074057270367E0,7.134096264420E0,8.706922397990E0));
#3389=CARTESIAN_POINT('',(-9.342328814456E-1,6.905839197140E0,
8.888526906725E0));
#3390=CARTESIAN_POINT('',(-7.500995670549E-1,6.743126707654E0,
9.011878470248E0));
#3391=CARTESIAN_POINT('',(-5.522602850217E-1,6.631327500955E0,
9.094203063273E0));
#3392=CARTESIAN_POINT('',(-3.570437988863E-1,6.563313520335E0,
9.143250132189E0));
#3393=CARTESIAN_POINT('',(-1.803671575832E-1,6.528752161044E0,
9.167913105541E0));
#3394=CARTESIAN_POINT('',(1.827557508515E-4,6.516748482848E0,9.176436190477E0));
#3395=CARTESIAN_POINT('',(1.807171389595E-1,6.528797479187E0,9.167880903849E0));
#3396=CARTESIAN_POINT('',(3.573984978487E-1,6.563411602748E0,9.143179827653E0));
#3397=CARTESIAN_POINT('',(5.524934733193E-1,6.631439669939E0,9.094121292169E0));
#3398=CARTESIAN_POINT('',(7.502385586532E-1,6.743232583713E0,9.011799149644E0));
#3399=CARTESIAN_POINT('',(9.342720908315E-1,6.905901152114E0,8.888477877828E0));
#3400=CARTESIAN_POINT('',(1.074045756979E0,7.134081794628E0,8.706933568996E0));
#3401=CARTESIAN_POINT('',(1.104117294494E0,7.289152261804E0,8.576412901766E0));
#3402=CARTESIAN_POINT('',(1.104117294494E0,7.370457560554E0,8.505961459357E0));
#3404=CARTESIAN_POINT('',(1.104117294494E0,8.018769687160E0,9.254153537968E0));
#3405=CARTESIAN_POINT('',(1.104117294494E0,7.931263451911E0,9.329978122439E0));
#3406=CARTESIAN_POINT('',(1.070277313189E0,7.768873708514E0,9.466410433413E0));
#3407=CARTESIAN_POINT('',(9.518669260076E-1,7.562396502914E0,9.631611235755E0));
#3408=CARTESIAN_POINT('',(7.981906369265E-1,7.405081787500E0,9.752644681156E0));
#3409=CARTESIAN_POINT('',(6.291231123888E-1,7.289995980624E0,9.838730931793E0));
#3410=CARTESIAN_POINT('',(4.580663340097E-1,7.211641243588E0,9.896167306454E0));
#3411=CARTESIAN_POINT('',(2.941319808548E-1,7.163689773777E0,9.930868322654E0));
#3412=CARTESIAN_POINT('',(1.476802303008E-1,7.139433612174E0,9.948296635892E0));
#3413=CARTESIAN_POINT('',(7.195778519203E-5,7.131091525103E0,9.954272808937E0));
#3414=CARTESIAN_POINT('',(-1.475484323806E-1,7.139419231555E0,
9.948306939682E0));
#3415=CARTESIAN_POINT('',(-2.939840555857E-1,7.163655702554E0,
9.930892876998E0));
#3416=CARTESIAN_POINT('',(-4.579605411017E-1,7.211600036887E0,
9.896197309414E0));
#3417=CARTESIAN_POINT('',(-6.290385412282E-1,7.289947368680E0,
9.838766928814E0));
#3418=CARTESIAN_POINT('',(-7.981358834366E-1,7.405033927069E0,
9.752681037589E0));
#3419=CARTESIAN_POINT('',(-9.518395589080E-1,7.562356941845E0,
9.631642449294E0));
#3420=CARTESIAN_POINT('',(-1.070272780293E0,7.768854795360E0,9.466426224790E0));
#3421=CARTESIAN_POINT('',(-1.104117294494E0,7.931256898901E0,9.329983800654E0));
#3422=CARTESIAN_POINT('',(-1.104117294494E0,8.018769687159E0,9.254153537968E0));
#3424=CARTESIAN_POINT('',(0.E0,7.694613623857E0,8.880057498663E0));
#3425=DIRECTION('',(0.E0,-7.557495743543E-1,6.548607339453E-1));
#3426=DIRECTION('',(-9.124936318134E-1,2.678975729769E-1,3.091702804169E-1));
#3427=AXIS2_PLACEMENT_3D('',#3424,#3425,#3426);
#3429=CARTESIAN_POINT('',(0.E0,7.694613623857E0,8.880057498663E0));
#3430=DIRECTION('',(0.E0,6.548607339453E-1,7.557495743543E-1));
#3431=DIRECTION('',(-1.E0,0.E0,0.E0));
#3432=AXIS2_PLACEMENT_3D('',#3429,#3430,#3431);
#3434=CARTESIAN_POINT('',(0.E0,7.694613623857E0,8.880057498663E0));
#3435=DIRECTION('',(0.E0,7.557495743543E-1,-6.548607339453E-1));
#3436=DIRECTION('',(9.124936318131E-1,2.678975729774E-1,3.091702804175E-1));
#3437=AXIS2_PLACEMENT_3D('',#3434,#3435,#3436);
#3439=CARTESIAN_POINT('',(0.E0,7.694613623857E0,8.880057498663E0));
#3440=DIRECTION('',(0.E0,6.548607339453E-1,7.557495743543E-1));
#3441=DIRECTION('',(0.E0,7.557495743543E-1,-6.548607339453E-1));
#3442=AXIS2_PLACEMENT_3D('',#3439,#3440,#3441);
#3444=CARTESIAN_POINT('',(-1.104117294494E0,8.018769687159E0,9.254153537968E0));
#3445=CARTESIAN_POINT('',(-1.104117294494E0,8.106275803749E0,9.178329056315E0));
#3446=CARTESIAN_POINT('',(-1.070277378214E0,8.264429645538E0,9.037008778790E0));
#3447=CARTESIAN_POINT('',(-9.518676882404E-1,8.457333042021E0,
8.856144396290E0));
#3448=CARTESIAN_POINT('',(-7.981922517935E-1,8.599522544910E0,
8.717656023894E0));
#3449=CARTESIAN_POINT('',(-6.291255660011E-1,8.701110999122E0,
8.615992986121E0));
#3450=CARTESIAN_POINT('',(-4.580695136360E-1,8.769113969916E0,
8.546609677614E0));
#3451=CARTESIAN_POINT('',(-2.941362027879E-1,8.810286221096E0,
8.504084520618E0));
#3452=CARTESIAN_POINT('',(-1.476840997426E-1,8.830989616889E0,
8.482555078127E0));
#3453=CARTESIAN_POINT('',(-7.621112140488E-5,8.838092525376E0,
8.475148022736E0));
#3454=CARTESIAN_POINT('',(1.475444392036E-1,8.831002597025E0,8.482541544339E0));
#3455=CARTESIAN_POINT('',(2.939796945819E-1,8.810317066427E0,8.504052536028E0));
#3456=CARTESIAN_POINT('',(4.579573963657E-1,8.769151648449E0,8.546570986548E0));
#3457=CARTESIAN_POINT('',(6.290359082764E-1,8.701156104546E0,8.615947408300E0));
#3458=CARTESIAN_POINT('',(7.981341122270E-1,8.599567975942E0,8.717611227360E0));
#3459=CARTESIAN_POINT('',(9.518385653376E-1,8.457371894046E0,8.856107468073E0));
#3460=CARTESIAN_POINT('',(1.070272528998E0,8.264449200627E0,9.036991195817E0));
#3461=CARTESIAN_POINT('',(1.104117294494E0,8.106282807015E0,9.178322987952E0));
#3462=CARTESIAN_POINT('',(1.104117294494E0,8.018769687160E0,9.254153537968E0));
#3464=CARTESIAN_POINT('',(0.E0,1.672199349711E0,1.163040194210E1));
#3465=DIRECTION('',(0.E0,9.898214418809E-1,-1.423148382733E-1));
#3466=DIRECTION('',(1.E0,0.E0,0.E0));
#3467=AXIS2_PLACEMENT_3D('',#3464,#3465,#3466);
#3469=CARTESIAN_POINT('',(1.104117294494E0,1.601753504766E0,1.114044032837E1));
#3470=CARTESIAN_POINT('',(1.104117294494E0,1.708228505441E0,1.112513153442E1));
#3471=CARTESIAN_POINT('',(1.074057301460E0,1.908413581646E0,1.109341178093E1));
#3472=CARTESIAN_POINT('',(9.342320956734E-1,2.195138996129E0,1.103983200178E1));
#3473=CARTESIAN_POINT('',(7.500967413676E-1,2.394917041930E0,1.099763991823E1));
#3474=CARTESIAN_POINT('',(5.522558516622E-1,2.530346647370E0,1.096705883998E1));
#3475=CARTESIAN_POINT('',(3.570371013421E-1,2.611953313988E0,1.094777635882E1));
#3476=CARTESIAN_POINT('',(1.803602568182E-1,2.653224075774E0,1.093780770855E1));
#3477=CARTESIAN_POINT('',(-1.901826907472E-4,2.667525056730E0,
1.093431762927E1));
#3478=CARTESIAN_POINT('',(-1.807244562744E-1,2.653167869968E0,
1.093782140437E1));
#3479=CARTESIAN_POINT('',(-3.574062017340E-1,2.611831175269E0,
1.094780558752E1));
#3480=CARTESIAN_POINT('',(-5.524983460163E-1,2.530205993731E0,
1.096709130977E1));
#3481=CARTESIAN_POINT('',(-7.502413649298E-1,2.394782520382E0,
1.099766912764E1));
#3482=CARTESIAN_POINT('',(-9.342728010124E-1,2.195058362414E0,
1.103984728635E1));
#3483=CARTESIAN_POINT('',(-1.074045349198E0,1.908432189804E0,1.109340802154E1));
#3484=CARTESIAN_POINT('',(-1.104117294494E0,1.708241279427E0,1.112512969780E1));
#3485=CARTESIAN_POINT('',(-1.104117294494E0,1.601753504766E0,1.114044032837E1));
#3487=CARTESIAN_POINT('',(0.E0,1.672199349711E0,1.163040194210E1));
#3488=DIRECTION('',(0.E0,-1.423148382733E-1,-9.898214418809E-1));
#3489=DIRECTION('',(0.E0,9.898214418809E-1,-1.423148382733E-1));
#3490=AXIS2_PLACEMENT_3D('',#3487,#3488,#3489);
#3492=CARTESIAN_POINT('',(0.E0,1.672199349711E0,1.163040194210E1));
#3493=DIRECTION('',(0.E0,-1.423148382733E-1,-9.898214418809E-1));
#3494=DIRECTION('',(1.E0,0.E0,0.E0));
#3495=AXIS2_PLACEMENT_3D('',#3492,#3493,#3494);
#3497=CARTESIAN_POINT('',(0.E0,1.672199349711E0,1.163040194210E1));
#3498=DIRECTION('',(0.E0,-9.898214418809E-1,1.423148382733E-1));
#3499=DIRECTION('',(-1.E0,0.E0,0.E0));
#3500=AXIS2_PLACEMENT_3D('',#3497,#3498,#3499);
#3502=CARTESIAN_POINT('',(-1.104117294494E0,1.601753504766E0,1.114044032837E1));
#3503=CARTESIAN_POINT('',(-1.104117294494E0,1.495278501275E0,1.115574912272E1));
#3504=CARTESIAN_POINT('',(-1.074057270368E0,1.294266043229E0,1.118171286360E1));
#3505=CARTESIAN_POINT('',(-9.342328814458E-1,1.004061168930E0,
1.121108321071E1));
#3506=CARTESIAN_POINT('',(-7.500995670550E-1,8.004898221764E-1,
1.122688413597E1));
#3507=CARTESIAN_POINT('',(-5.522602850218E-1,6.619303093034E-1,
1.123569677619E1));
#3508=CARTESIAN_POINT('',(-3.570437988865E-1,5.781964603923E-1,
1.124018666211E1));
#3509=CARTESIAN_POINT('',(-1.803671575834E-1,5.357877847162E-1,
1.124224919404E1));
#3510=CARTESIAN_POINT('',(1.827557505589E-4,5.210817204191E-1,
1.124292959096E1));
#3511=CARTESIAN_POINT('',(1.807171389591E-1,5.358433183129E-1,
1.124224660509E1));
#3512=CARTESIAN_POINT('',(3.573984978483E-1,5.783169820706E-1,
1.124018054553E1));
#3513=CARTESIAN_POINT('',(5.524934733191E-1,6.620688806541E-1,
1.123568862910E1));
#3514=CARTESIAN_POINT('',(7.502385586532E-1,8.006217747415E-1,
1.122687464816E1));
#3515=CARTESIAN_POINT('',(9.342720908317E-1,1.004139795794E0,1.121107546036E1));
#3516=CARTESIAN_POINT('',(1.074045756980E0,1.294247830963E0,1.118171443829E1));
#3517=CARTESIAN_POINT('',(1.104117294494E0,1.495266209539E0,1.115575089001E1));
#3518=CARTESIAN_POINT('',(1.104117294494E0,1.601753504766E0,1.114044032837E1));
#3520=CARTESIAN_POINT('',(1.104117294494E0,1.742645194656E0,1.212036355583E1));
#3521=CARTESIAN_POINT('',(1.104117294494E0,1.628036399777E0,1.213684181284E1));
#3522=CARTESIAN_POINT('',(1.070277313188E0,1.417664578316E0,1.216382145282E1));
#3523=CARTESIAN_POINT('',(9.518669260072E-1,1.154650602834E0,1.219116720619E1));
#3524=CARTESIAN_POINT('',(7.981906369260E-1,9.568734218648E-1,
1.220793626339E1));
#3525=CARTESIAN_POINT('',(6.291231123885E-1,8.135153393358E-1,
1.221813654116E1));
#3526=CARTESIAN_POINT('',(4.580663340094E-1,7.165466914420E-1,
1.222409332517E1));
#3527=CARTESIAN_POINT('',(2.941319808546E-1,6.574465622936E-1,
1.222736115581E1));
#3528=CARTESIAN_POINT('',(1.476802303007E-1,6.276185231369E-1,
1.222890891485E1));
#3529=CARTESIAN_POINT('',(7.195778499328E-5,6.173697498368E-1,
1.222942631877E1));
#3530=CARTESIAN_POINT('',(-1.475484323808E-1,6.276008547405E-1,
1.222890980820E1));
#3531=CARTESIAN_POINT('',(-2.939840555860E-1,6.574046246770E-1,
1.222736339194E1));
#3532=CARTESIAN_POINT('',(-4.579605411019E-1,7.164958053344E-1,
1.222409628724E1));
#3533=CARTESIAN_POINT('',(-6.290385412283E-1,8.134549829074E-1,
1.221814054218E1));
#3534=CARTESIAN_POINT('',(-7.981358834365E-1,9.568135033373E-1,
1.220794097306E1));
#3535=CARTESIAN_POINT('',(-9.518395589079E-1,1.154600446632E0,
1.219117207637E1));
#3536=CARTESIAN_POINT('',(-1.070272780293E0,1.417640130097E0,1.216382451215E1));
#3537=CARTESIAN_POINT('',(-1.104117294495E0,1.628027817159E0,1.213684304683E1));
#3538=CARTESIAN_POINT('',(-1.104117294495E0,1.742645194656E0,1.212036355583E1));
#3540=CARTESIAN_POINT('',(0.E0,1.672199349711E0,1.163040194210E1));
#3541=DIRECTION('',(0.E0,-9.898214418809E-1,1.423148382733E-1));
#3542=DIRECTION('',(-9.124936318135E-1,5.821970656619E-2,4.049269534956E-1));
#3543=AXIS2_PLACEMENT_3D('',#3540,#3541,#3542);
#3545=CARTESIAN_POINT('',(0.E0,1.672199349711E0,1.163040194210E1));
#3546=DIRECTION('',(0.E0,1.423148382733E-1,9.898214418809E-1));
#3547=DIRECTION('',(-1.E0,0.E0,0.E0));
#3548=AXIS2_PLACEMENT_3D('',#3545,#3546,#3547);
#3550=CARTESIAN_POINT('',(0.E0,1.672199349711E0,1.163040194210E1));
#3551=DIRECTION('',(0.E0,9.898214418809E-1,-1.423148382733E-1));
#3552=DIRECTION('',(9.124936318133E-1,5.821970656623E-2,4.049269534959E-1));
#3553=AXIS2_PLACEMENT_3D('',#3550,#3551,#3552);
#3555=CARTESIAN_POINT('',(0.E0,1.672199349711E0,1.163040194210E1));
#3556=DIRECTION('',(0.E0,1.423148382733E-1,9.898214418809E-1));
#3557=DIRECTION('',(0.E0,9.898214418809E-1,-1.423148382733E-1));
#3558=AXIS2_PLACEMENT_3D('',#3555,#3556,#3557);
#3560=CARTESIAN_POINT('',(-1.104117294495E0,1.742645194656E0,1.212036355583E1));
#3561=CARTESIAN_POINT('',(-1.104117294495E0,1.857253899857E0,1.210388531172E1));
#3562=CARTESIAN_POINT('',(-1.070277338424E0,2.066704989246E0,1.207050353294E1));
#3563=CARTESIAN_POINT('',(-9.518675675681E-1,2.326768359067E0,
1.202264217033E1));
#3564=CARTESIAN_POINT('',(-7.981920570037E-1,2.521258250632E0,
1.198301178275E1));
#3565=CARTESIAN_POINT('',(-6.291252690161E-1,2.661683082230E0,
1.195241025583E1));
#3566=CARTESIAN_POINT('',(-4.580691677997E-1,2.756402227165E0,
1.193080649240E1));
#3567=CARTESIAN_POINT('',(-2.941356892841E-1,2.814029343995E0,
1.191729145742E1));
#3568=CARTESIAN_POINT('',(-1.476836759729E-1,2.843085755047E0,
1.191037285962E1));
#3569=CARTESIAN_POINT('',(-7.578012096630E-5,2.853065604909E0,
1.190798178318E1));
#3570=CARTESIAN_POINT('',(1.475448087346E-1,2.843103887663E0,1.191036851675E1));
#3571=CARTESIAN_POINT('',(2.939800577770E-1,2.814072342625E0,1.191728128385E1));
#3572=CARTESIAN_POINT('',(4.579576872378E-1,2.756454544106E0,1.193079438299E1));
#3573=CARTESIAN_POINT('',(6.290361218653E-1,2.661745312413E0,1.195239637859E1));
#3574=CARTESIAN_POINT('',(7.981342561608E-1,2.521320326368E0,1.198299873554E1));
#3575=CARTESIAN_POINT('',(9.518386220744E-1,2.326820690712E0,1.202263217014E1));
#3576=CARTESIAN_POINT('',(1.070272522309E0,2.066730777243E0,1.207049934106E1));
#3577=CARTESIAN_POINT('',(1.104117294494E0,1.857263010956E0,1.210388400174E1));
#3578=CARTESIAN_POINT('',(1.104117294494E0,1.742645194656E0,1.212036355583E1));
#3580=CARTESIAN_POINT('',(0.E0,1.672199349711E0,-1.163040194210E1));
#3581=DIRECTION('',(0.E0,-9.898214418809E-1,-1.423148382733E-1));
#3582=DIRECTION('',(1.E0,0.E0,0.E0));
#3583=AXIS2_PLACEMENT_3D('',#3580,#3581,#3582);
#3585=CARTESIAN_POINT('',(1.104117294494E0,1.601753504766E0,-1.114044032837E1));
#3586=CARTESIAN_POINT('',(1.104117294494E0,1.495278504091E0,-1.115574912232E1));
#3587=CARTESIAN_POINT('',(1.074057301460E0,1.294265842795E0,-1.118171289508E1));
#3588=CARTESIAN_POINT('',(9.342320956736E-1,1.004059654069E0,
-1.121108335760E1));
#3589=CARTESIAN_POINT('',(7.500967413678E-1,8.004871392627E-1,
-1.122688432953E1));
#3590=CARTESIAN_POINT('',(5.522558516625E-1,6.619276990589E-1,
-1.123569692884E1));
#3591=CARTESIAN_POINT('',(3.570371013424E-1,5.781941731184E-1,
-1.124018677849E1));
#3592=CARTESIAN_POINT('',(1.803602568185E-1,5.357866738392E-1,
-1.124224924584E1));
#3593=CARTESIAN_POINT('',(-1.901826903820E-4,5.210817141379E-1,
-1.124292959123E1));
#3594=CARTESIAN_POINT('',(-1.807244562740E-1,5.358444614727E-1,
-1.124224655188E1));
#3595=CARTESIAN_POINT('',(-3.574062017337E-1,5.783195990378E-1,
-1.124018041277E1));
#3596=CARTESIAN_POINT('',(-5.524983460162E-1,6.620718030323E-1,
-1.123568845666E1));
#3597=CARTESIAN_POINT('',(-7.502413649297E-1,8.006244409857E-1,
-1.122687445666E1));
#3598=CARTESIAN_POINT('',(-9.342728010125E-1,1.004141327713E0,
-1.121107530589E1));
#3599=CARTESIAN_POINT('',(-1.074045349198E0,1.294246929256E0,
-1.118171453050E1));
#3600=CARTESIAN_POINT('',(-1.104117294494E0,1.495265730105E0,
-1.115575095894E1));
#3601=CARTESIAN_POINT('',(-1.104117294494E0,1.601753504766E0,
-1.114044032837E1));
#3603=CARTESIAN_POINT('',(0.E0,1.672199349711E0,-1.163040194210E1));
#3604=DIRECTION('',(0.E0,-1.423148382733E-1,9.898214418809E-1));
#3605=DIRECTION('',(0.E0,-9.898214418809E-1,-1.423148382733E-1));
#3606=AXIS2_PLACEMENT_3D('',#3603,#3604,#3605);
#3608=CARTESIAN_POINT('',(0.E0,1.672199349711E0,-1.163040194210E1));
#3609=DIRECTION('',(0.E0,-1.423148382733E-1,9.898214418809E-1));
#3610=DIRECTION('',(1.E0,0.E0,0.E0));
#3611=AXIS2_PLACEMENT_3D('',#3608,#3609,#3610);
#3613=CARTESIAN_POINT('',(0.E0,1.672199349711E0,-1.163040194210E1));
#3614=DIRECTION('',(0.E0,9.898214418809E-1,1.423148382733E-1));
#3615=DIRECTION('',(-1.E0,0.E0,0.E0));
#3616=AXIS2_PLACEMENT_3D('',#3613,#3614,#3615);
#3618=CARTESIAN_POINT('',(-1.104117294494E0,1.601753504766E0,
-1.114044032837E1));
#3619=CARTESIAN_POINT('',(-1.104117294494E0,1.708228508257E0,
-1.112513153401E1));
#3620=CARTESIAN_POINT('',(-1.074057270368E0,1.908413380463E0,
-1.109341180719E1));
#3621=CARTESIAN_POINT('',(-9.342328814457E-1,2.195137501247E0,
-1.103983228763E1));
#3622=CARTESIAN_POINT('',(-7.500995670549E-1,2.394914413162E0,
-1.099764048838E1));
#3623=CARTESIAN_POINT('',(-5.522602850216E-1,2.530344099853E0,
-1.096705942891E1));
#3624=CARTESIAN_POINT('',(-3.570437988863E-1,2.611951086577E0,
-1.094777689156E1));
#3625=CARTESIAN_POINT('',(-1.803671575832E-1,2.653222995301E0,
-1.093780797181E1));
#3626=CARTESIAN_POINT('',(1.827557507392E-4,2.667525050628E0,
-1.093431763078E1));
#3627=CARTESIAN_POINT('',(1.807171389593E-1,2.653168981814E0,
-1.093782113336E1));
#3628=CARTESIAN_POINT('',(3.573984978485E-1,2.611833723633E0,
-1.094780497762E1));
#3629=CARTESIAN_POINT('',(5.524934733192E-1,2.530208846313E0,
-1.096709065189E1));
#3630=CARTESIAN_POINT('',(7.502385586531E-1,2.394785132576E0,
-1.099766856022E1));
#3631=CARTESIAN_POINT('',(9.342720908315E-1,2.195059875799E0,
-1.103984700297E1));
#3632=CARTESIAN_POINT('',(1.074045756980E0,1.908431298645E0,-1.109340818710E1));
#3633=CARTESIAN_POINT('',(1.104117294494E0,1.708240799993E0,-1.112512976673E1));
#3634=CARTESIAN_POINT('',(1.104117294494E0,1.601753504766E0,-1.114044032837E1));
#3636=CARTESIAN_POINT('',(1.104117294494E0,1.742645194657E0,-1.212036355583E1));
#3637=CARTESIAN_POINT('',(1.104117294494E0,1.857253989535E0,-1.210388529883E1));
#3638=CARTESIAN_POINT('',(1.070277313188E0,2.066705317030E0,-1.207050348267E1));
#3639=CARTESIAN_POINT('',(9.518669260070E-1,2.326769567484E0,
-1.202264194110E1));
#3640=CARTESIAN_POINT('',(7.981906369258E-1,2.521259772325E0,
-1.198301146277E1));
#3641=CARTESIAN_POINT('',(6.291231123883E-1,2.661684595558E0,
-1.195240991849E1));
#3642=CARTESIAN_POINT('',(4.580663340093E-1,2.756403551864E0,
-1.193080618579E1));
#3643=CARTESIAN_POINT('',(2.941319808545E-1,2.814030364802E0,
-1.191729121583E1));
#3644=CARTESIAN_POINT('',(1.476802303006E-1,2.843086212902E0,
-1.191037275002E1));
#3645=CARTESIAN_POINT('',(7.195778495726E-5,2.853065608399E0,
-1.190798178233E1));
#3646=CARTESIAN_POINT('',(-1.475484323808E-1,2.843103417290E0,
-1.191036862942E1));
#3647=CARTESIAN_POINT('',(-2.939840555860E-1,2.814071233642E0,
-1.191728154619E1));
#3648=CARTESIAN_POINT('',(-4.579605411018E-1,2.756453211239E0,
-1.193079469160E1));
#3649=CARTESIAN_POINT('',(-6.290385412281E-1,2.661743634345E0,
-1.195239675306E1));
#3650=CARTESIAN_POINT('',(-7.981358834363E-1,2.521318590599E0,
-1.198299910067E1));
#3651=CARTESIAN_POINT('',(-9.518395589077E-1,2.326819064093E0,
-1.202263248336E1));
#3652=CARTESIAN_POINT('',(-1.070272780293E0,2.066729636837E0,
-1.207049953022E1));
#3653=CARTESIAN_POINT('',(-1.104117294494E0,1.857262572153E0,
-1.210388406483E1));
#3654=CARTESIAN_POINT('',(-1.104117294494E0,1.742645194656E0,
-1.212036355583E1));
#3656=CARTESIAN_POINT('',(0.E0,1.672199349711E0,-1.163040194210E1));
#3657=DIRECTION('',(0.E0,9.898214418809E-1,1.423148382733E-1));
#3658=DIRECTION('',(-9.124936318134E-1,5.821970656620E-2,-4.049269534957E-1));
#3659=AXIS2_PLACEMENT_3D('',#3656,#3657,#3658);
#3661=CARTESIAN_POINT('',(0.E0,1.672199349711E0,-1.163040194210E1));
#3662=DIRECTION('',(0.E0,1.423148382733E-1,-9.898214418809E-1));
#3663=DIRECTION('',(-1.E0,0.E0,0.E0));
#3664=AXIS2_PLACEMENT_3D('',#3661,#3662,#3663);
#3666=CARTESIAN_POINT('',(0.E0,1.672199349711E0,-1.163040194210E1));
#3667=DIRECTION('',(0.E0,-9.898214418809E-1,-1.423148382733E-1));
#3668=DIRECTION('',(9.124936318133E-1,5.821970656624E-2,-4.049269534960E-1));
#3669=AXIS2_PLACEMENT_3D('',#3666,#3667,#3668);
#3671=CARTESIAN_POINT('',(0.E0,1.672199349711E0,-1.163040194210E1));
#3672=DIRECTION('',(0.E0,1.423148382733E-1,-9.898214418809E-1));
#3673=DIRECTION('',(0.E0,-9.898214418809E-1,-1.423148382733E-1));
#3674=AXIS2_PLACEMENT_3D('',#3671,#3672,#3673);
#3676=CARTESIAN_POINT('',(-1.104117294494E0,1.742645194656E0,
-1.212036355583E1));
#3677=CARTESIAN_POINT('',(-1.104117294494E0,1.628036489455E0,
-1.213684179994E1));
#3678=CARTESIAN_POINT('',(-1.070277338424E0,1.417664906983E0,
-1.216382140870E1));
#3679=CARTESIAN_POINT('',(-9.518675675683E-1,1.154651826885E0,
-1.219116708569E1));
#3680=CARTESIAN_POINT('',(-7.981920570040E-1,9.568749720655E-1,
-1.220793614169E1));
#3681=CARTESIAN_POINT('',(-6.291252690163E-1,8.135168864039E-1,
-1.221813643848E1));
#3682=CARTESIAN_POINT('',(-4.580691677998E-1,7.165480488644E-1,
-1.222409324616E1));
#3683=CARTESIAN_POINT('',(-2.941356892842E-1,6.574476098166E-1,
-1.222736110003E1));
#3684=CARTESIAN_POINT('',(-1.476836759730E-1,6.276189933255E-1,
-1.222890889103E1));
#3685=CARTESIAN_POINT('',(-7.578012096228E-5,6.173697534263E-1,
-1.222942631860E1));
#3686=CARTESIAN_POINT('',(1.475448087346E-1,6.276003716780E-1,
-1.222890983261E1));
#3687=CARTESIAN_POINT('',(2.939800577771E-1,6.574034867051E-1,
-1.222736345266E1));
#3688=CARTESIAN_POINT('',(4.579576872379E-1,7.164944395121E-1,
-1.222409636665E1));
#3689=CARTESIAN_POINT('',(6.290361218655E-1,8.134532673100E-1,
-1.221814065564E1));
#3690=CARTESIAN_POINT('',(7.981342561610E-1,9.568117350088E-1,
-1.220794111174E1));
#3691=CARTESIAN_POINT('',(9.518386220746E-1,1.154598797660E0,
-1.219117223411E1));
#3692=CARTESIAN_POINT('',(1.070272522310E0,1.417638982593E0,-1.216382465194E1));
#3693=CARTESIAN_POINT('',(1.104117294494E0,1.628027378357E0,-1.213684310992E1));
#3694=CARTESIAN_POINT('',(1.104117294494E0,1.742645194657E0,-1.212036355583E1));
#3696=CARTESIAN_POINT('',(0.E0,7.694613623857E0,-8.880057498662E0));
#3697=DIRECTION('',(0.E0,-7.557495743542E-1,-6.548607339453E-1));
#3698=DIRECTION('',(1.E0,0.E0,0.E0));
#3699=AXIS2_PLACEMENT_3D('',#3696,#3697,#3698);
#3701=CARTESIAN_POINT('',(1.104117294494E0,7.370457560554E0,-8.505961459357E0));
#3702=CARTESIAN_POINT('',(1.104117294494E0,7.289161648954E0,-8.576404767754E0));
#3703=CARTESIAN_POINT('',(1.074057301460E0,7.134096112824E0,-8.706922532836E0));
#3704=CARTESIAN_POINT('',(9.342320956733E-1,6.905838002173E0,
-8.888527849292E0));
#3705=CARTESIAN_POINT('',(7.500967413675E-1,6.743124555287E0,
-9.011880083569E0));
#3706=CARTESIAN_POINT('',(5.522558516622E-1,6.631325387603E0,
-9.094204602891E0));
#3707=CARTESIAN_POINT('',(3.570371013422E-1,6.563311659076E0,
-9.143251466686E0));
#3708=CARTESIAN_POINT('',(1.803602568183E-1,6.528751254521E0,
-9.167913749704E0));
#3709=CARTESIAN_POINT('',(-1.901826905946E-4,6.516748477709E0,
-9.176436194099E0));
#3710=CARTESIAN_POINT('',(-1.807244562742E-1,6.528798412106E0,
-9.167880241044E0));
#3711=CARTESIAN_POINT('',(-3.574062017338E-1,6.563413732506E0,
-9.143178301130E0));
#3712=CARTESIAN_POINT('',(-5.524983460162E-1,6.631442035175E0,
-9.094119567151E0));
#3713=CARTESIAN_POINT('',(-7.502413649296E-1,6.743234723170E0,
-9.011797547066E0));
#3714=CARTESIAN_POINT('',(-9.342728010123E-1,6.905902357331E0,
-8.888476919659E0));
#3715=CARTESIAN_POINT('',(-1.074045349198E0,7.134081085915E0,
-8.706934134067E0));
#3716=CARTESIAN_POINT('',(-1.104117294494E0,7.289151895746E0,
-8.576413218957E0));
#3717=CARTESIAN_POINT('',(-1.104117294494E0,7.370457560554E0,
-8.505961459357E0));
#3719=CARTESIAN_POINT('',(0.E0,7.694613623857E0,-8.880057498662E0));
#3720=DIRECTION('',(0.E0,-6.548607339453E-1,7.557495743542E-1));
#3721=DIRECTION('',(0.E0,-7.557495743542E-1,-6.548607339453E-1));
#3722=AXIS2_PLACEMENT_3D('',#3719,#3720,#3721);
#3724=CARTESIAN_POINT('',(0.E0,7.694613623857E0,-8.880057498662E0));
#3725=DIRECTION('',(0.E0,-6.548607339453E-1,7.557495743542E-1));
#3726=DIRECTION('',(1.E0,0.E0,0.E0));
#3727=AXIS2_PLACEMENT_3D('',#3724,#3725,#3726);
#3729=CARTESIAN_POINT('',(0.E0,7.694613623857E0,-8.880057498662E0));
#3730=DIRECTION('',(0.E0,7.557495743542E-1,6.548607339453E-1));
#3731=DIRECTION('',(-1.E0,0.E0,0.E0));
#3732=AXIS2_PLACEMENT_3D('',#3729,#3730,#3731);
#3734=CARTESIAN_POINT('',(-1.104117294494E0,7.370457560554E0,
-8.505961459357E0));
#3735=CARTESIAN_POINT('',(-1.104117294494E0,7.451753474305E0,
-8.435518149097E0));
#3736=CARTESIAN_POINT('',(-1.074057270368E0,7.603010726227E0,
-8.300605703894E0));
#3737=CARTESIAN_POINT('',(-9.342328814457E-1,7.815251130530E0,
-8.100516980729E0));
#3738=CARTESIAN_POINT('',(-7.500995670549E-1,7.960503554621E0,
-7.957015427587E0));
#3739=CARTESIAN_POINT('',(-5.522602850216E-1,8.057900888011E0,
-7.858070186754E0));
#3740=CARTESIAN_POINT('',(-3.570437988863E-1,8.116128127139E0,
-7.797728616069E0));
#3741=CARTESIAN_POINT('',(-1.803671575831E-1,8.145458661240E0,
-7.767028948646E0));
#3742=CARTESIAN_POINT('',(1.827557508660E-4,8.155603294982E0,
-7.756360412040E0));
#3743=CARTESIAN_POINT('',(1.807171389595E-1,8.145420337871E0,
-7.767069222737E0));
#3744=CARTESIAN_POINT('',(3.573984978487E-1,8.116044579618E0,
-7.797815694766E0));
#3745=CARTESIAN_POINT('',(5.524934733194E-1,8.057803985908E0,
-7.858169576778E0));
#3746=CARTESIAN_POINT('',(7.502385586533E-1,7.960409973652E0,
-7.957108937483E0));
#3747=CARTESIAN_POINT('',(9.342720908316E-1,7.815193783565E0,
-8.100571327552E0));
#3748=CARTESIAN_POINT('',(1.074045756980E0,7.603023842794E0,-8.300592971183E0));
#3749=CARTESIAN_POINT('',(1.104117294494E0,7.451762859305E0,-8.435510016948E0));
#3750=CARTESIAN_POINT('',(1.104117294494E0,7.370457560554E0,-8.505961459357E0));
#3752=CARTESIAN_POINT('',(1.104117294494E0,8.018769687160E0,-9.254153537968E0));
#3753=CARTESIAN_POINT('',(1.104117294494E0,8.106275922408E0,-9.178328953497E0));
#3754=CARTESIAN_POINT('',(1.070277313189E0,8.264430019244E0,-9.037008445812E0));
#3755=CARTESIAN_POINT('',(9.518669260074E-1,8.457334085740E0,
-8.856143405918E0));
#3756=CARTESIAN_POINT('',(7.981906369263E-1,8.599523803466E0,
-8.717654782686E0));
#3757=CARTESIAN_POINT('',(6.291231123888E-1,8.701112238190E0,
-8.615991734221E0));
#3758=CARTESIAN_POINT('',(4.580663340097E-1,8.769115035102E0,
-8.546608583800E0));
#3759=CARTESIAN_POINT('',(2.941319808548E-1,8.810287050664E0,
-8.504083660320E0));
#3760=CARTESIAN_POINT('',(1.476802303009E-1,8.830989980518E0,
-8.482554699047E0));
#3761=CARTESIAN_POINT('',(7.195778516543E-5,8.838092527511E0,
-8.475148020495E0));
#3762=CARTESIAN_POINT('',(-1.475484323807E-1,8.831002226006E0,
-8.482541931184E0));
#3763=CARTESIAN_POINT('',(-2.939840555858E-1,8.810316203920E0,
-8.504053430341E0));
#3764=CARTESIAN_POINT('',(-4.579605411018E-1,8.769150597001E0,
-8.546572066390E0));
#3765=CARTESIAN_POINT('',(-6.290385412282E-1,8.701154787014E0,
-8.615948739986E0));
#3766=CARTESIAN_POINT('',(-7.981358834365E-1,8.599566601092E0,
-8.717612583465E0));
#3767=CARTESIAN_POINT('',(-9.518395589079E-1,8.457370611698E0,
-8.856108689673E0));
#3768=CARTESIAN_POINT('',(-1.070272780293E0,8.264448341510E0,
-9.036991972515E0));
#3769=CARTESIAN_POINT('',(-1.104117294494E0,8.106282475418E0,
-9.178323275281E0));
#3770=CARTESIAN_POINT('',(-1.104117294494E0,8.018769687160E0,
-9.254153537967E0));
#3772=CARTESIAN_POINT('',(0.E0,7.694613623857E0,-8.880057498662E0));
#3773=DIRECTION('',(0.E0,7.557495743542E-1,6.548607339453E-1));
#3774=DIRECTION('',(-9.124936318132E-1,2.678975729773E-1,-3.091702804172E-1));
#3775=AXIS2_PLACEMENT_3D('',#3772,#3773,#3774);
#3777=CARTESIAN_POINT('',(0.E0,7.694613623857E0,-8.880057498662E0));
#3778=DIRECTION('',(0.E0,6.548607339453E-1,-7.557495743542E-1));
#3779=DIRECTION('',(-1.E0,0.E0,0.E0));
#3780=AXIS2_PLACEMENT_3D('',#3777,#3778,#3779);
#3782=CARTESIAN_POINT('',(0.E0,7.694613623857E0,-8.880057498662E0));
#3783=DIRECTION('',(0.E0,-7.557495743542E-1,-6.548607339453E-1));
#3784=DIRECTION('',(9.124936318128E-1,2.678975729778E-1,-3.091702804178E-1));
#3785=AXIS2_PLACEMENT_3D('',#3782,#3783,#3784);
#3787=CARTESIAN_POINT('',(0.E0,7.694613623857E0,-8.880057498662E0));
#3788=DIRECTION('',(0.E0,6.548607339453E-1,-7.557495743542E-1));
#3789=DIRECTION('',(0.E0,-7.557495743542E-1,-6.548607339453E-1));
#3790=AXIS2_PLACEMENT_3D('',#3787,#3788,#3789);
#3792=CARTESIAN_POINT('',(-1.104117294494E0,8.018769687160E0,
-9.254153537967E0));
#3793=CARTESIAN_POINT('',(-1.104117294494E0,7.931263520382E0,
-9.329978063108E0));
#3794=CARTESIAN_POINT('',(-1.070277338425E0,7.768873961152E0,
-9.466410218605E0));
#3795=CARTESIAN_POINT('',(-9.518675675683E-1,7.562397467504E0,
-9.631610472612E0));
#3796=CARTESIAN_POINT('',(-7.981920570040E-1,7.405083025819E0,
-9.752643740677E0));
#3797=CARTESIAN_POINT('',(-6.291252690163E-1,7.289997226590E0,
-9.838730009007E0));
#3798=CARTESIAN_POINT('',(-4.580691677999E-1,7.211642342806E0,
-9.896166506102E0));
#3799=CARTESIAN_POINT('',(-2.941356892843E-1,7.163690624852E0,
-9.930867709393E0));
#3800=CARTESIAN_POINT('',(-1.476836759731E-1,7.139433994841E0,
-9.948296361643E0));
#3801=CARTESIAN_POINT('',(-7.578012120481E-5,7.131091528035E0,
-9.954272806857E0));
#3802=CARTESIAN_POINT('',(1.475448087343E-1,7.139418838376E0,
-9.948307221381E0));
#3803=CARTESIAN_POINT('',(2.939800577767E-1,7.163654778061E0,
-9.930893543314E0));
#3804=CARTESIAN_POINT('',(4.579576872375E-1,7.211598930813E0,
-9.896198114630E0));
#3805=CARTESIAN_POINT('',(6.290361218651E-1,7.289945986768E0,
-9.838767951782E0));
#3806=CARTESIAN_POINT('',(7.981342561607E-1,7.405032514432E0,
-9.752682110282E0));
#3807=CARTESIAN_POINT('',(9.518386220743E-1,7.562355639925E0,
-9.631643473500E0));
#3808=CARTESIAN_POINT('',(1.070272522310E0,7.768853905596E0,-9.466426962778E0));
#3809=CARTESIAN_POINT('',(1.104117294494E0,7.931256563867E0,-9.329984090964E0));
#3810=CARTESIAN_POINT('',(1.104117294494E0,8.018769687160E0,-9.254153537968E0));
#3812=CARTESIAN_POINT('',(0.E0,1.127404243997E1,-3.310357542887E0));
#3813=DIRECTION('',(0.E0,-2.817325568414E-1,-9.594929736145E-1));
#3814=DIRECTION('',(1.E0,0.E0,0.E0));
#3815=AXIS2_PLACEMENT_3D('',#3812,#3813,#3814);
#3817=CARTESIAN_POINT('',(1.104117294494E0,1.079909341803E1,-3.170899927250E0));
#3818=CARTESIAN_POINT('',(1.104117294494E0,1.076878747303E1,-3.274112497408E0));
#3819=CARTESIAN_POINT('',(1.074057301460E0,1.070890127415E1,-3.467745786592E0));
#3820=CARTESIAN_POINT('',(9.342320956734E-1,1.061506157891E1,
-3.743927552175E0));
#3821=CARTESIAN_POINT('',(7.500967413677E-1,1.054486756965E1,
-3.935667585978E0));
#3822=CARTESIAN_POINT('',(5.522558516623E-1,1.049532412029E1,
-4.065366572104E0));
#3823=CARTESIAN_POINT('',(3.570371013423E-1,1.046462406742E1,
-4.143398417335E0));
#3824=CARTESIAN_POINT('',(1.803602568183E-1,1.044888344184E1,
-4.182830415422E0));
#3825=CARTESIAN_POINT('',(-1.901826906476E-4,1.044339364475E1,
-4.196489142945E0));
#3826=CARTESIAN_POINT('',(-1.807244562743E-1,1.044890499718E1,
-4.182776730829E0));
#3827=CARTESIAN_POINT('',(-3.574062017340E-1,1.046467038077E1,
-4.143281681490E0));
#3828=CARTESIAN_POINT('',(-5.524983460164E-1,1.049537627668E1,
-4.065231971049E0));
#3829=CARTESIAN_POINT('',(-7.502413649298E-1,1.054491562617E1,
-3.935538590600E0));
#3830=CARTESIAN_POINT('',(-9.342728010124E-1,1.061508818327E1,
-3.743849914415E0));
#3831=CARTESIAN_POINT('',(-1.074045349198E0,1.070889490480E1,
-3.467763670328E0));
#3832=CARTESIAN_POINT('',(-1.104117294494E0,1.076878383717E1,
-3.274124879994E0));
#3833=CARTESIAN_POINT('',(-1.104117294494E0,1.079909341803E1,
-3.170899927250E0));
#3835=CARTESIAN_POINT('',(0.E0,1.127404243997E1,-3.310357542887E0));
#3836=DIRECTION('',(0.E0,-9.594929736145E-1,2.817325568414E-1));
#3837=DIRECTION('',(0.E0,-2.817325568414E-1,-9.594929736145E-1));
#3838=AXIS2_PLACEMENT_3D('',#3835,#3836,#3837);
#3840=CARTESIAN_POINT('',(0.E0,1.127404243997E1,-3.310357542887E0));
#3841=DIRECTION('',(0.E0,-9.594929736145E-1,2.817325568414E-1));
#3842=DIRECTION('',(1.E0,0.E0,0.E0));
#3843=AXIS2_PLACEMENT_3D('',#3840,#3841,#3842);
#3845=CARTESIAN_POINT('',(0.E0,1.127404243997E1,-3.310357542887E0));
#3846=DIRECTION('',(0.E0,2.817325568414E-1,9.594929736145E-1));
#3847=DIRECTION('',(-1.E0,0.E0,0.E0));
#3848=AXIS2_PLACEMENT_3D('',#3845,#3846,#3847);
#3850=CARTESIAN_POINT('',(-1.104117294494E0,1.079909341803E1,
-3.170899927250E0));
#3851=CARTESIAN_POINT('',(-1.104117294494E0,1.082939936383E1,
-3.067687354364E0));
#3852=CARTESIAN_POINT('',(-1.074057270368E0,1.088370588672E1,
-2.872415938888E0));
#3853=CARTESIAN_POINT('',(-9.342328814455E-1,1.095407774580E1,
-2.589344767967E0));
#3854=CARTESIAN_POINT('',(-7.500995670547E-1,1.099868906372E1,
-2.390094190122E0));
#3855=CARTESIAN_POINT('',(-5.522602850215E-1,1.102713107863E1,
-2.254199182772E0));
#3856=CARTESIAN_POINT('',(-3.570437988862E-1,1.104349183315E1,
-2.171956601097E0));
#3857=CARTESIAN_POINT('',(-1.803671575831E-1,1.105156875530E1,
-2.130273113488E0));
#3858=CARTESIAN_POINT('',(1.827557508222E-4,1.105433511792E1,
-2.115813566299E0));
#3859=CARTESIAN_POINT('',(1.807171389594E-1,1.105155828944E1,
-2.130327713387E0));
#3860=CARTESIAN_POINT('',(3.573984978486E-1,1.104346862681E1,
-2.172075025558E0));
#3861=CARTESIAN_POINT('',(5.524934733192E-1,1.102710329370E1,
-2.254335184213E0));
#3862=CARTESIAN_POINT('',(7.502385586531E-1,1.099866089366E1,
-2.390223449343E0));
#3863=CARTESIAN_POINT('',(9.342720908314E-1,1.095405888457E1,
-2.589421491534E0));
#3864=CARTESIAN_POINT('',(1.074045756980E0,1.088371003726E1,-2.872398136098E0));
#3865=CARTESIAN_POINT('',(1.104117294494E0,1.082940286243E1,-3.067675439251E0));
#3866=CARTESIAN_POINT('',(1.104117294494E0,1.079909341803E1,-3.170899927250E0));
#3868=CARTESIAN_POINT('',(1.104117294494E0,1.174899146191E1,-3.449815158523E0));
#3869=CARTESIAN_POINT('',(1.104117294494E0,1.178161252613E1,-3.338718016405E0));
#3870=CARTESIAN_POINT('',(1.070277313188E0,1.183825658402E1,-3.134327079855E0));
#3871=CARTESIAN_POINT('',(9.518669260072E-1,1.190275478844E1,
-2.877881913878E0));
#3872=CARTESIAN_POINT('',(7.981906369261E-1,1.194749978834E1,
-2.684504305102E0));
#3873=CARTESIAN_POINT('',(6.291231123885E-1,1.197799822432E1,
-2.544057052030E0));
#3874=CARTESIAN_POINT('',(4.580663340095E-1,1.199769445430E1,
-2.448923143908E0));
#3875=CARTESIAN_POINT('',(2.941319808548E-1,1.200933984845E1,
-2.390889629647E0));
#3876=CARTESIAN_POINT('',(1.476802303009E-1,1.201511682611E1,
-2.361585465998E0));
#3877=CARTESIAN_POINT('',(7.195778524843E-5,1.201708751611E1,
-2.351514644687E0));
#3878=CARTESIAN_POINT('',(-1.475484323805E-1,1.201512022484E1,
-2.361568104578E0));
#3879=CARTESIAN_POINT('',(-2.939840555856E-1,1.200934803017E1,
-2.390848437130E0));
#3880=CARTESIAN_POINT('',(-4.579605411015E-1,1.199770462807E1,
-2.448873197294E0));
#3881=CARTESIAN_POINT('',(-6.290385412278E-1,1.197801077423E1,
-2.543997879347E0));
#3882=CARTESIAN_POINT('',(-7.981358834361E-1,1.194751297737E1,
-2.684445666715E0));
#3883=CARTESIAN_POINT('',(-9.518395589075E-1,1.190276674701E1,
-2.877832961291E0));
#3884=CARTESIAN_POINT('',(-1.070272780293E0,1.183826309156E1,
-3.134303315870E0));
#3885=CARTESIAN_POINT('',(-1.104117294494E0,1.178161496899E1,
-3.338709696761E0));
#3886=CARTESIAN_POINT('',(-1.104117294494E0,1.174899146191E1,
-3.449815158523E0));
#3888=CARTESIAN_POINT('',(0.E0,1.127404243997E1,-3.310357542887E0));
#3889=DIRECTION('',(0.E0,2.817325568414E-1,9.594929736145E-1));
#3890=DIRECTION('',(-9.124936318130E-1,3.925198528421E-1,-1.152542277987E-1));
#3891=AXIS2_PLACEMENT_3D('',#3888,#3889,#3890);
#3893=CARTESIAN_POINT('',(0.E0,1.127404243997E1,-3.310357542887E0));
#3894=DIRECTION('',(0.E0,9.594929736145E-1,-2.817325568414E-1));
#3895=DIRECTION('',(-1.E0,0.E0,0.E0));
#3896=AXIS2_PLACEMENT_3D('',#3893,#3894,#3895);
#3898=CARTESIAN_POINT('',(0.E0,1.127404243997E1,-3.310357542887E0));
#3899=DIRECTION('',(0.E0,-2.817325568414E-1,-9.594929736145E-1));
#3900=DIRECTION('',(9.124936318128E-1,3.925198528426E-1,-1.152542277989E-1));
#3901=AXIS2_PLACEMENT_3D('',#3898,#3899,#3900);
#3903=CARTESIAN_POINT('',(0.E0,1.127404243997E1,-3.310357542887E0));
#3904=DIRECTION('',(0.E0,9.594929736145E-1,-2.817325568414E-1));
#3905=DIRECTION('',(0.E0,-2.817325568414E-1,-9.594929736145E-1));
#3906=AXIS2_PLACEMENT_3D('',#3903,#3904,#3905);
#3908=CARTESIAN_POINT('',(-1.104117294494E0,1.174899146191E1,
-3.449815158523E0));
#3909=CARTESIAN_POINT('',(-1.104117294494E0,1.171637042322E1,
-3.560912213712E0));
#3910=CARTESIAN_POINT('',(-1.070277338425E0,1.165352042490E1,
-3.763480670563E0));
#3911=CARTESIAN_POINT('',(-9.518675675687E-1,1.156913534554E1,
-4.014085588183E0));
#3912=CARTESIAN_POINT('',(-7.981920570045E-1,1.150222954069E1,
-4.200955860883E0));
#3913=CARTESIAN_POINT('',(-6.291252690167E-1,1.145195495599E1,
-4.335596318817E0));
#3914=CARTESIAN_POINT('',(-4.580691678002E-1,1.141709114794E1,
-4.426276823333E0));
#3915=CARTESIAN_POINT('',(-2.941356892845E-1,1.139551248272E1,
-4.481393989188E0));
#3916=CARTESIAN_POINT('',(-1.476836759733E-1,1.138452914782E1,
-4.509170028744E0));
#3917=CARTESIAN_POINT('',(-7.578012130566E-5,1.138074212838E1,
-4.518708012467E0));
#3918=CARTESIAN_POINT('',(1.475448087343E-1,1.138452226861E1,
-4.509187358740E0));
#3919=CARTESIAN_POINT('',(2.939800577767E-1,1.139549629335E1,
-4.481435102303E0));
#3920=CARTESIAN_POINT('',(4.579576872376E-1,1.141707171630E1,
-4.426326884414E0));
#3921=CARTESIAN_POINT('',(6.290361218653E-1,1.145193236372E1,
-4.335655940650E0));
#3922=CARTESIAN_POINT('',(7.981342561610E-1,1.150220779198E1,
-4.201015447967E0));
#3923=CARTESIAN_POINT('',(9.518386220746E-1,1.156911799957E1,
-4.014135963993E0));
#3924=CARTESIAN_POINT('',(1.070272522310E0,1.165351260567E1,-3.763505599511E0));
#3925=CARTESIAN_POINT('',(1.104117294494E0,1.171636782993E1,-3.560921045643E0));
#3926=CARTESIAN_POINT('',(1.104117294494E0,1.174899146191E1,-3.449815158523E0));
#3928=CARTESIAN_POINT('',(1.104117294494E0,8.018769687160E0,-9.254153537968E0));
#3929=CARTESIAN_POINT('',(1.21E0,7.694613623857E0,-8.880057498662E0));
#3930=VERTEX_POINT('',#3928);
#3931=VERTEX_POINT('',#3929);
#3932=CARTESIAN_POINT('',(0.E0,6.780156638888E0,-9.672438986736E0));
#3933=VERTEX_POINT('',#3932);
#3934=CARTESIAN_POINT('',(-1.21E0,7.694613623857E0,-8.880057498662E0));
#3935=VERTEX_POINT('',#3934);
#3936=CARTESIAN_POINT('',(-1.104117294494E0,8.018769687159E0,
-9.254153537967E0));
#3937=VERTEX_POINT('',#3936);
#3938=CARTESIAN_POINT('',(0.E0,8.609070608826E0,-8.087676010588E0));
#3939=VERTEX_POINT('',#3938);
#3940=CARTESIAN_POINT('',(1.219556418188E0,0.E0,1.2245E1));
#3941=CARTESIAN_POINT('',(1.219556418188E0,0.E0,-1.2245E1));
#3942=VERTEX_POINT('',#3940);
#3943=VERTEX_POINT('',#3941);
#3944=CARTESIAN_POINT('',(-1.219556418188E0,0.E0,1.2245E1));
#3945=VERTEX_POINT('',#3944);
#3946=CARTESIAN_POINT('',(-1.219556418188E0,0.E0,-1.2245E1));
#3947=VERTEX_POINT('',#3946);
#3948=VERTEX_POINT('',#3868);
#3949=VERTEX_POINT('',#3886);
#3950=VERTEX_POINT('',#3636);
#3951=VERTEX_POINT('',#3654);
#3952=VERTEX_POINT('',#3520);
#3953=VERTEX_POINT('',#3538);
#3954=VERTEX_POINT('',#3404);
#3955=VERTEX_POINT('',#3422);
#3956=VERTEX_POINT('',#3288);
#3957=VERTEX_POINT('',#3306);
#3958=VERTEX_POINT('',#3172);
#3959=VERTEX_POINT('',#3190);
#3960=VERTEX_POINT('',#3056);
#3961=VERTEX_POINT('',#3074);
#3962=VERTEX_POINT('',#2940);
#3963=VERTEX_POINT('',#2958);
#3964=VERTEX_POINT('',#2824);
#3965=VERTEX_POINT('',#2842);
#3966=VERTEX_POINT('',#1250);
#3967=VERTEX_POINT('',#1268);
#3968=CARTESIAN_POINT('',(1.380968297065E0,0.E0,1.212125E1));
#3969=CARTESIAN_POINT('',(1.380968297065E0,0.E0,-1.212125E1));
#3970=VERTEX_POINT('',#3968);
#3971=VERTEX_POINT('',#3969);
#3972=CARTESIAN_POINT('',(1.380968297066E0,0.E0,1.137875E1));
#3973=CARTESIAN_POINT('',(1.380968297066E0,0.E0,-1.137875E1));
#3974=VERTEX_POINT('',#3972);
#3975=VERTEX_POINT('',#3973);
#3976=CARTESIAN_POINT('',(1.219556418188E0,0.E0,-1.1255E1));
#3977=CARTESIAN_POINT('',(1.219556418188E0,0.E0,1.1255E1));
#3978=VERTEX_POINT('',#3976);
#3979=VERTEX_POINT('',#3977);
#3980=CARTESIAN_POINT('',(-1.219556418188E0,0.E0,-1.1255E1));
#3981=VERTEX_POINT('',#3980);
#3982=CARTESIAN_POINT('',(-1.219556418188E0,0.E0,1.1255E1));
#3983=VERTEX_POINT('',#3982);
#3984=VERTEX_POINT('',#2717);
#3985=VERTEX_POINT('',#2733);
#3986=VERTEX_POINT('',#2773);
#3987=VERTEX_POINT('',#2789);
#3988=VERTEX_POINT('',#2889);
#3989=VERTEX_POINT('',#2905);
#3990=VERTEX_POINT('',#3005);
#3991=VERTEX_POINT('',#3021);
#3992=VERTEX_POINT('',#3121);
#3993=VERTEX_POINT('',#3137);
#3994=VERTEX_POINT('',#3237);
#3995=VERTEX_POINT('',#3253);
#3996=VERTEX_POINT('',#3353);
#3997=VERTEX_POINT('',#3369);
#3998=VERTEX_POINT('',#3469);
#3999=VERTEX_POINT('',#3485);
#4000=VERTEX_POINT('',#3585);
#4001=VERTEX_POINT('',#3601);
#4002=VERTEX_POINT('',#3701);
#4003=VERTEX_POINT('',#3717);
#4004=VERTEX_POINT('',#3817);
#4005=VERTEX_POINT('',#3833);
#4006=VERTEX_POINT('',#2661);
#4007=VERTEX_POINT('',#2677);
#4008=VERTEX_POINT('',#2545);
#4009=VERTEX_POINT('',#2561);
#4010=VERTEX_POINT('',#2429);
#4011=VERTEX_POINT('',#2445);
#4012=VERTEX_POINT('',#2313);
#4013=VERTEX_POINT('',#2329);
#4014=VERTEX_POINT('',#2197);
#4015=VERTEX_POINT('',#2213);
#4016=VERTEX_POINT('',#2081);
#4017=VERTEX_POINT('',#2097);
#4018=VERTEX_POINT('',#1965);
#4019=VERTEX_POINT('',#1981);
#4020=VERTEX_POINT('',#1849);
#4021=VERTEX_POINT('',#1865);
#4022=VERTEX_POINT('',#1733);
#4023=VERTEX_POINT('',#1749);
#4024=VERTEX_POINT('',#1617);
#4025=VERTEX_POINT('',#1633);
#4026=VERTEX_POINT('',#1501);
#4027=VERTEX_POINT('',#1517);
#4028=VERTEX_POINT('',#1436);
#4029=VERTEX_POINT('',#1454);
#4030=VERTEX_POINT('',#1552);
#4031=VERTEX_POINT('',#1570);
#4032=VERTEX_POINT('',#1668);
#4033=VERTEX_POINT('',#1686);
#4034=VERTEX_POINT('',#1784);
#4035=VERTEX_POINT('',#1802);
#4036=VERTEX_POINT('',#1900);
#4037=VERTEX_POINT('',#1918);
#4038=VERTEX_POINT('',#2016);
#4039=VERTEX_POINT('',#2034);
#4040=VERTEX_POINT('',#2132);
#4041=VERTEX_POINT('',#2150);
#4042=VERTEX_POINT('',#2248);
#4043=VERTEX_POINT('',#2266);
#4044=VERTEX_POINT('',#2364);
#4045=VERTEX_POINT('',#2382);
#4046=VERTEX_POINT('',#2480);
#4047=VERTEX_POINT('',#2498);
#4048=VERTEX_POINT('',#2596);
#4049=VERTEX_POINT('',#2614);
#4050=CARTESIAN_POINT('',(-1.380968297067E0,0.E0,-1.212125E1));
#4051=VERTEX_POINT('',#4050);
#4052=CARTESIAN_POINT('',(-1.380968297066E0,0.E0,1.212125E1));
#4053=VERTEX_POINT('',#4052);
#4054=CARTESIAN_POINT('',(-1.380968297066E0,0.E0,1.137875E1));
#4055=VERTEX_POINT('',#4054);
#4056=CARTESIAN_POINT('',(-1.380968297065E0,0.E0,-1.137875E1));
#4057=VERTEX_POINT('',#4056);
#4058=CARTESIAN_POINT('',(-1.21E0,-1.672199349711E0,-1.163040194210E1));
#4059=VERTEX_POINT('',#4058);
#4060=CARTESIAN_POINT('',(0.E0,-4.745154050351E-1,-1.180260289641E1));
#4061=VERTEX_POINT('',#4060);
#4062=CARTESIAN_POINT('',(1.21E0,-1.672199349711E0,-1.163040194210E1));
#4063=VERTEX_POINT('',#4062);
#4064=CARTESIAN_POINT('',(0.E0,-2.869883294387E0,-1.145820098779E1));
#4065=VERTEX_POINT('',#4064);
#4066=CARTESIAN_POINT('',(-1.21E0,-7.694613623857E0,-8.880057498663E0));
#4067=VERTEX_POINT('',#4066);
#4068=CARTESIAN_POINT('',(0.E0,-6.780156638888E0,-9.672438986737E0));
#4069=VERTEX_POINT('',#4068);
#4070=CARTESIAN_POINT('',(1.21E0,-7.694613623857E0,-8.880057498663E0));
#4071=VERTEX_POINT('',#4070);
#4072=CARTESIAN_POINT('',(0.E0,-8.609070608826E0,-8.087676010589E0));
#4073=VERTEX_POINT('',#4072);
#4074=CARTESIAN_POINT('',(-1.21E0,-1.127404243997E1,-3.310357542887E0));
#4075=VERTEX_POINT('',#4074);
#4076=CARTESIAN_POINT('',(0.E0,-1.093314604619E1,-4.471344040961E0));
#4077=VERTEX_POINT('',#4076);
#4078=CARTESIAN_POINT('',(1.21E0,-1.127404243997E1,-3.310357542887E0));
#4079=VERTEX_POINT('',#4078);
#4080=CARTESIAN_POINT('',(0.E0,-1.161493883375E1,-2.149371044813E0));
#4081=VERTEX_POINT('',#4080);
#4082=CARTESIAN_POINT('',(-1.21E0,-1.127404243997E1,3.310357542887E0));
#4083=VERTEX_POINT('',#4082);
#4084=CARTESIAN_POINT('',(0.E0,-1.161493883375E1,2.149371044813E0));
#4085=VERTEX_POINT('',#4084);
#4086=CARTESIAN_POINT('',(1.21E0,-1.127404243997E1,3.310357542887E0));
#4087=VERTEX_POINT('',#4086);
#4088=CARTESIAN_POINT('',(0.E0,-1.093314604619E1,4.471344040961E0));
#4089=VERTEX_POINT('',#4088);
#4090=CARTESIAN_POINT('',(-1.21E0,-7.694613623857E0,8.880057498662E0));
#4091=VERTEX_POINT('',#4090);
#4092=CARTESIAN_POINT('',(0.E0,-8.609070608826E0,8.087676010588E0));
#4093=VERTEX_POINT('',#4092);
#4094=CARTESIAN_POINT('',(1.21E0,-7.694613623857E0,8.880057498662E0));
#4095=VERTEX_POINT('',#4094);
#4096=CARTESIAN_POINT('',(0.E0,-6.780156638888E0,9.672438986736E0));
#4097=VERTEX_POINT('',#4096);
#4098=CARTESIAN_POINT('',(-1.21E0,-1.672199349711E0,1.163040194210E1));
#4099=VERTEX_POINT('',#4098);
#4100=CARTESIAN_POINT('',(0.E0,-2.869883294387E0,1.145820098779E1));
#4101=VERTEX_POINT('',#4100);
#4102=CARTESIAN_POINT('',(1.21E0,-1.672199349711E0,1.163040194210E1));
#4103=VERTEX_POINT('',#4102);
#4104=CARTESIAN_POINT('',(0.E0,-4.745154050351E-1,1.180260289641E1));
#4105=VERTEX_POINT('',#4104);
#4106=CARTESIAN_POINT('',(-1.21E0,-4.881126402772E0,1.068817594542E1));
#4107=VERTEX_POINT('',#4106);
#4108=CARTESIAN_POINT('',(0.E0,-5.981781117151E0,1.018552377969E1));
#4109=VERTEX_POINT('',#4108);
#4110=CARTESIAN_POINT('',(1.21E0,-4.881126402772E0,1.068817594542E1));
#4111=VERTEX_POINT('',#4110);
#4112=CARTESIAN_POINT('',(0.E0,-3.780471688393E0,1.119082811115E1));
#4113=VERTEX_POINT('',#4112);
#4114=CARTESIAN_POINT('',(-1.21E0,-9.884729010766E0,6.352529605103E0));
#4115=VERTEX_POINT('',#4114);
#4116=CARTESIAN_POINT('',(0.E0,-1.053890439989E1,5.334612830377E0));
#4117=VERTEX_POINT('',#4116);
#4118=CARTESIAN_POINT('',(1.21E0,-9.884729010766E0,6.352529605103E0));
#4119=VERTEX_POINT('',#4118);
#4120=CARTESIAN_POINT('',(0.E0,-9.230553621645E0,7.370446379829E0));
#4121=VERTEX_POINT('',#4120);
#4122=CARTESIAN_POINT('',(-1.21E0,-1.175E1,-8.726790720181E-14));
#4123=VERTEX_POINT('',#4122);
#4124=CARTESIAN_POINT('',(0.E0,-1.175E1,-1.21E0));
#4125=VERTEX_POINT('',#4124);
#4126=CARTESIAN_POINT('',(1.21E0,-1.175E1,-8.726790720181E-14));
#4127=VERTEX_POINT('',#4126);
#4128=CARTESIAN_POINT('',(0.E0,-1.175E1,1.21E0));
#4129=VERTEX_POINT('',#4128);
#4130=CARTESIAN_POINT('',(-1.21E0,-9.884729010766E0,-6.352529605103E0));
#4131=VERTEX_POINT('',#4130);
#4132=CARTESIAN_POINT('',(0.E0,-9.230553621645E0,-7.370446379829E0));
#4133=VERTEX_POINT('',#4132);
#4134=CARTESIAN_POINT('',(1.21E0,-9.884729010766E0,-6.352529605103E0));
#4135=VERTEX_POINT('',#4134);
#4136=CARTESIAN_POINT('',(0.E0,-1.053890439989E1,-5.334612830377E0));
#4137=VERTEX_POINT('',#4136);
#4138=CARTESIAN_POINT('',(-1.21E0,-4.881126402772E0,-1.068817594542E1));
#4139=VERTEX_POINT('',#4138);
#4140=CARTESIAN_POINT('',(0.E0,-3.780471688393E0,-1.119082811115E1));
#4141=VERTEX_POINT('',#4140);
#4142=CARTESIAN_POINT('',(1.21E0,-4.881126402772E0,-1.068817594542E1));
#4143=VERTEX_POINT('',#4142);
#4144=CARTESIAN_POINT('',(0.E0,-5.981781117151E0,-1.018552377969E1));
#4145=VERTEX_POINT('',#4144);
#4146=CARTESIAN_POINT('',(1.21E0,9.884729010766E0,-6.352529605103E0));
#4147=VERTEX_POINT('',#4146);
#4148=CARTESIAN_POINT('',(-1.21E0,9.884729010766E0,-6.352529605103E0));
#4149=VERTEX_POINT('',#4148);
#4150=CARTESIAN_POINT('',(0.E0,9.230553621645E0,-7.370446379829E0));
#4151=VERTEX_POINT('',#4150);
#4152=CARTESIAN_POINT('',(0.E0,1.053890439989E1,-5.334612830377E0));
#4153=VERTEX_POINT('',#4152);
#4154=CARTESIAN_POINT('',(1.21E0,4.881126402772E0,-1.068817594542E1));
#4155=VERTEX_POINT('',#4154);
#4156=CARTESIAN_POINT('',(-1.21E0,4.881126402772E0,-1.068817594542E1));
#4157=VERTEX_POINT('',#4156);
#4158=CARTESIAN_POINT('',(0.E0,3.780471688393E0,-1.119082811115E1));
#4159=VERTEX_POINT('',#4158);
#4160=CARTESIAN_POINT('',(0.E0,5.981781117151E0,-1.018552377969E1));
#4161=VERTEX_POINT('',#4160);
#4162=CARTESIAN_POINT('',(1.21E0,4.881126402772E0,1.068817594542E1));
#4163=VERTEX_POINT('',#4162);
#4164=CARTESIAN_POINT('',(-1.21E0,4.881126402772E0,1.068817594542E1));
#4165=VERTEX_POINT('',#4164);
#4166=CARTESIAN_POINT('',(0.E0,5.981781117151E0,1.018552377969E1));
#4167=VERTEX_POINT('',#4166);
#4168=CARTESIAN_POINT('',(0.E0,3.780471688393E0,1.119082811115E1));
#4169=VERTEX_POINT('',#4168);
#4170=CARTESIAN_POINT('',(1.21E0,9.884729010766E0,6.352529605103E0));
#4171=VERTEX_POINT('',#4170);
#4172=CARTESIAN_POINT('',(-1.21E0,9.884729010766E0,6.352529605103E0));
#4173=VERTEX_POINT('',#4172);
#4174=CARTESIAN_POINT('',(0.E0,1.053890439989E1,5.334612830377E0));
#4175=VERTEX_POINT('',#4174);
#4176=CARTESIAN_POINT('',(0.E0,9.230553621645E0,7.370446379829E0));
#4177=VERTEX_POINT('',#4176);
#4178=CARTESIAN_POINT('',(1.21E0,1.175E1,0.E0));
#4179=VERTEX_POINT('',#4178);
#4180=CARTESIAN_POINT('',(-1.21E0,1.175E1,0.E0));
#4181=VERTEX_POINT('',#4180);
#4182=CARTESIAN_POINT('',(0.E0,1.175E1,-1.21E0));
#4183=VERTEX_POINT('',#4182);
#4184=CARTESIAN_POINT('',(0.E0,1.175E1,1.21E0));
#4185=VERTEX_POINT('',#4184);
#4186=CARTESIAN_POINT('',(1.21E0,1.127404243997E1,3.310357542887E0));
#4187=VERTEX_POINT('',#4186);
#4188=CARTESIAN_POINT('',(-1.21E0,1.127404243997E1,3.310357542887E0));
#4189=VERTEX_POINT('',#4188);
#4190=CARTESIAN_POINT('',(0.E0,1.161493883375E1,2.149371044813E0));
#4191=VERTEX_POINT('',#4190);
#4192=CARTESIAN_POINT('',(0.E0,1.093314604619E1,4.471344040961E0));
#4193=VERTEX_POINT('',#4192);
#4194=CARTESIAN_POINT('',(1.21E0,7.694613623857E0,8.880057498663E0));
#4195=VERTEX_POINT('',#4194);
#4196=CARTESIAN_POINT('',(-1.21E0,7.694613623857E0,8.880057498663E0));
#4197=VERTEX_POINT('',#4196);
#4198=CARTESIAN_POINT('',(0.E0,8.609070608826E0,8.087676010589E0));
#4199=VERTEX_POINT('',#4198);
#4200=CARTESIAN_POINT('',(0.E0,6.780156638888E0,9.672438986737E0));
#4201=VERTEX_POINT('',#4200);
#4202=CARTESIAN_POINT('',(1.21E0,1.672199349711E0,1.163040194210E1));
#4203=VERTEX_POINT('',#4202);
#4204=CARTESIAN_POINT('',(-1.21E0,1.672199349711E0,1.163040194210E1));
#4205=VERTEX_POINT('',#4204);
#4206=CARTESIAN_POINT('',(0.E0,2.869883294387E0,1.145820098779E1));
#4207=VERTEX_POINT('',#4206);
#4208=CARTESIAN_POINT('',(0.E0,4.745154050351E-1,1.180260289641E1));
#4209=VERTEX_POINT('',#4208);
#4210=CARTESIAN_POINT('',(1.21E0,1.672199349711E0,-1.163040194210E1));
#4211=VERTEX_POINT('',#4210);
#4212=CARTESIAN_POINT('',(-1.21E0,1.672199349711E0,-1.163040194210E1));
#4213=VERTEX_POINT('',#4212);
#4214=CARTESIAN_POINT('',(0.E0,4.745154050351E-1,-1.180260289641E1));
#4215=VERTEX_POINT('',#4214);
#4216=CARTESIAN_POINT('',(0.E0,2.869883294387E0,-1.145820098779E1));
#4217=VERTEX_POINT('',#4216);
#4218=CARTESIAN_POINT('',(1.21E0,1.127404243997E1,-3.310357542887E0));
#4219=VERTEX_POINT('',#4218);
#4220=CARTESIAN_POINT('',(-1.21E0,1.127404243997E1,-3.310357542887E0));
#4221=VERTEX_POINT('',#4220);
#4222=CARTESIAN_POINT('',(0.E0,1.093314604619E1,-4.471344040961E0));
#4223=VERTEX_POINT('',#4222);
#4224=CARTESIAN_POINT('',(0.E0,1.161493883375E1,-2.149371044813E0));
#4225=VERTEX_POINT('',#4224);
#4226=CARTESIAN_POINT('',(0.E0,9.884729010766E0,-6.352529605103E0));
#4227=DIRECTION('',(0.E0,-5.406408174556E-1,-8.412535328312E-1));
#4228=DIRECTION('',(-1.E0,0.E0,0.E0));
#4229=AXIS2_PLACEMENT_3D('',#4226,#4227,#4228);
#4230=SPHERICAL_SURFACE('',#4229,1.21E0);
#4232=ORIENTED_EDGE('',*,*,#4231,.T.);
#4234=ORIENTED_EDGE('',*,*,#4233,.F.);
#4236=ORIENTED_EDGE('',*,*,#4235,.T.);
#4238=ORIENTED_EDGE('',*,*,#4237,.F.);
#4240=ORIENTED_EDGE('',*,*,#4239,.T.);
#4241=EDGE_LOOP('',(#4232,#4234,#4236,#4238,#4240));
#4242=FACE_OUTER_BOUND('',#4241,.F.);
#4243=ADVANCED_FACE('',(#4242),#4230,.F.);
#4244=CARTESIAN_POINT('',(0.E0,9.884729010766E0,-6.352529605103E0));
#4245=DIRECTION('',(0.E0,-5.406408174556E-1,-8.412535328312E-1));
#4246=DIRECTION('',(-1.E0,0.E0,0.E0));
#4247=AXIS2_PLACEMENT_3D('',#4244,#4245,#4246);
#4248=SPHERICAL_SURFACE('',#4247,1.21E0);
#4250=ORIENTED_EDGE('',*,*,#4249,.T.);
#4251=ORIENTED_EDGE('',*,*,#4237,.T.);
#4253=ORIENTED_EDGE('',*,*,#4252,.T.);
#4255=ORIENTED_EDGE('',*,*,#4254,.F.);
#4256=ORIENTED_EDGE('',*,*,#4231,.F.);
#4257=EDGE_LOOP('',(#4250,#4251,#4253,#4255,#4256));
#4258=FACE_OUTER_BOUND('',#4257,.F.);
#4259=ADVANCED_FACE('',(#4258),#4248,.F.);
#4260=CARTESIAN_POINT('',(-2.E0,0.E0,0.E0));
#4261=DIRECTION('',(-1.E0,0.E0,0.E0));
#4262=DIRECTION('',(0.E0,0.E0,1.E0));
#4263=AXIS2_PLACEMENT_3D('',#4260,#4261,#4262);
#4264=CYLINDRICAL_SURFACE('',#4263,1.2245E1);
#4266=ORIENTED_EDGE('',*,*,#4265,.F.);
#4268=ORIENTED_EDGE('',*,*,#4267,.T.);
#4270=ORIENTED_EDGE('',*,*,#4269,.F.);
#4272=ORIENTED_EDGE('',*,*,#4271,.F.);
#4273=EDGE_LOOP('',(#4266,#4268,#4270,#4272));
#4274=FACE_OUTER_BOUND('',#4273,.F.);
#4276=ORIENTED_EDGE('',*,*,#4275,.F.);
#4278=ORIENTED_EDGE('',*,*,#4277,.F.);
#4279=EDGE_LOOP('',(#4276,#4278));
#4280=FACE_BOUND('',#4279,.F.);
#4282=ORIENTED_EDGE('',*,*,#4281,.F.);
#4284=ORIENTED_EDGE('',*,*,#4283,.F.);
#4285=EDGE_LOOP('',(#4282,#4284));
#4286=FACE_BOUND('',#4285,.F.);
#4288=ORIENTED_EDGE('',*,*,#4287,.F.);
#4290=ORIENTED_EDGE('',*,*,#4289,.F.);
#4291=EDGE_LOOP('',(#4288,#4290));
#4292=FACE_BOUND('',#4291,.F.);
#4294=ORIENTED_EDGE('',*,*,#4293,.F.);
#4296=ORIENTED_EDGE('',*,*,#4295,.F.);
#4297=EDGE_LOOP('',(#4294,#4296));
#4298=FACE_BOUND('',#4297,.F.);
#4300=ORIENTED_EDGE('',*,*,#4299,.F.);
#4302=ORIENTED_EDGE('',*,*,#4301,.F.);
#4303=EDGE_LOOP('',(#4300,#4302));
#4304=FACE_BOUND('',#4303,.F.);
#4306=ORIENTED_EDGE('',*,*,#4305,.F.);
#4308=ORIENTED_EDGE('',*,*,#4307,.F.);
#4309=EDGE_LOOP('',(#4306,#4308));
#4310=FACE_BOUND('',#4309,.F.);
#4312=ORIENTED_EDGE('',*,*,#4311,.F.);
#4314=ORIENTED_EDGE('',*,*,#4313,.F.);
#4315=EDGE_LOOP('',(#4312,#4314));
#4316=FACE_BOUND('',#4315,.F.);
#4318=ORIENTED_EDGE('',*,*,#4317,.F.);
#4320=ORIENTED_EDGE('',*,*,#4319,.F.);
#4321=EDGE_LOOP('',(#4318,#4320));
#4322=FACE_BOUND('',#4321,.F.);
#4324=ORIENTED_EDGE('',*,*,#4323,.F.);
#4326=ORIENTED_EDGE('',*,*,#4325,.F.);
#4327=EDGE_LOOP('',(#4324,#4326));
#4328=FACE_BOUND('',#4327,.F.);
#4330=ORIENTED_EDGE('',*,*,#4329,.F.);
#4332=ORIENTED_EDGE('',*,*,#4331,.F.);
#4333=EDGE_LOOP('',(#4330,#4332));
#4334=FACE_BOUND('',#4333,.F.);
#4335=ORIENTED_EDGE('',*,*,#4249,.F.);
#4336=ORIENTED_EDGE('',*,*,#4239,.F.);
#4337=EDGE_LOOP('',(#4335,#4336));
#4338=FACE_BOUND('',#4337,.F.);
#4339=ADVANCED_FACE('',(#4274,#4280,#4286,#4292,#4298,#4304,#4310,#4316,#4322,
#4328,#4334,#4338),#4264,.T.);
#4340=CARTESIAN_POINT('',(1.219556418188E0,0.E0,0.E0));
#4341=DIRECTION('',(-1.E0,0.E0,0.E0));
#4342=DIRECTION('',(0.E0,0.E0,1.E0));
#4343=AXIS2_PLACEMENT_3D('',#4340,#4341,#4342);
#4344=TOROIDAL_SURFACE('',#4343,1.207785714286E1,1.671428571429E-1);
#4346=ORIENTED_EDGE('',*,*,#4345,.F.);
#4348=ORIENTED_EDGE('',*,*,#4347,.T.);
#4349=ORIENTED_EDGE('',*,*,#4265,.T.);
#4351=ORIENTED_EDGE('',*,*,#4350,.F.);
#4352=EDGE_LOOP('',(#4346,#4348,#4349,#4351));
#4353=FACE_OUTER_BOUND('',#4352,.F.);
#4354=ADVANCED_FACE('',(#4353),#4344,.T.);
#4355=CARTESIAN_POINT('',(0.E0,0.E0,0.E0));
#4356=DIRECTION('',(-1.E0,0.E0,0.E0));
#4357=DIRECTION('',(0.E0,0.E0,1.E0));
#4358=AXIS2_PLACEMENT_3D('',#4355,#4356,#4357);
#4359=TOROIDAL_SURFACE('',#4358,1.175E1,1.43E0);
#4361=ORIENTED_EDGE('',*,*,#4360,.F.);
#4363=ORIENTED_EDGE('',*,*,#4362,.T.);
#4364=ORIENTED_EDGE('',*,*,#4345,.T.);
#4366=ORIENTED_EDGE('',*,*,#4365,.F.);
#4367=EDGE_LOOP('',(#4361,#4363,#4364,#4366));
#4368=FACE_OUTER_BOUND('',#4367,.F.);
#4369=ADVANCED_FACE('',(#4368),#4359,.T.);
#4370=CARTESIAN_POINT('',(1.219556418188E0,0.E0,0.E0));
#4371=DIRECTION('',(-1.E0,0.E0,0.E0));
#4372=DIRECTION('',(0.E0,0.E0,1.E0));
#4373=AXIS2_PLACEMENT_3D('',#4370,#4371,#4372);
#4374=TOROIDAL_SURFACE('',#4373,1.142214285714E1,1.671428571429E-1);
#4376=ORIENTED_EDGE('',*,*,#4375,.T.);
#4378=ORIENTED_EDGE('',*,*,#4377,.T.);
#4379=ORIENTED_EDGE('',*,*,#4360,.T.);
#4381=ORIENTED_EDGE('',*,*,#4380,.F.);
#4382=EDGE_LOOP('',(#4376,#4378,#4379,#4381));
#4383=FACE_OUTER_BOUND('',#4382,.F.);
#4384=ADVANCED_FACE('',(#4383),#4374,.T.);
#4385=CARTESIAN_POINT('',(-2.E0,0.E0,0.E0));
#4386=DIRECTION('',(-1.E0,0.E0,0.E0));
#4387=DIRECTION('',(0.E0,0.E0,1.E0));
#4388=AXIS2_PLACEMENT_3D('',#4385,#4386,#4387);
#4389=CYLINDRICAL_SURFACE('',#4388,1.1255E1);
#4391=ORIENTED_EDGE('',*,*,#4390,.T.);
#4393=ORIENTED_EDGE('',*,*,#4392,.F.);
#4395=ORIENTED_EDGE('',*,*,#4394,.F.);
#4396=ORIENTED_EDGE('',*,*,#4375,.F.);
#4397=EDGE_LOOP('',(#4391,#4393,#4395,#4396));
#4398=FACE_OUTER_BOUND('',#4397,.F.);
#4400=ORIENTED_EDGE('',*,*,#4399,.F.);
#4402=ORIENTED_EDGE('',*,*,#4401,.F.);
#4403=EDGE_LOOP('',(#4400,#4402));
#4404=FACE_BOUND('',#4403,.F.);
#4406=ORIENTED_EDGE('',*,*,#4405,.F.);
#4408=ORIENTED_EDGE('',*,*,#4407,.F.);
#4409=EDGE_LOOP('',(#4406,#4408));
#4410=FACE_BOUND('',#4409,.F.);
#4412=ORIENTED_EDGE('',*,*,#4411,.F.);
#4414=ORIENTED_EDGE('',*,*,#4413,.F.);
#4415=EDGE_LOOP('',(#4412,#4414));
#4416=FACE_BOUND('',#4415,.F.);
#4418=ORIENTED_EDGE('',*,*,#4417,.F.);
#4420=ORIENTED_EDGE('',*,*,#4419,.F.);
#4421=EDGE_LOOP('',(#4418,#4420));
#4422=FACE_BOUND('',#4421,.F.);
#4424=ORIENTED_EDGE('',*,*,#4423,.F.);
#4426=ORIENTED_EDGE('',*,*,#4425,.F.);
#4427=EDGE_LOOP('',(#4424,#4426));
#4428=FACE_BOUND('',#4427,.F.);
#4430=ORIENTED_EDGE('',*,*,#4429,.F.);
#4432=ORIENTED_EDGE('',*,*,#4431,.F.);
#4433=EDGE_LOOP('',(#4430,#4432));
#4434=FACE_BOUND('',#4433,.F.);
#4436=ORIENTED_EDGE('',*,*,#4435,.F.);
#4438=ORIENTED_EDGE('',*,*,#4437,.F.);
#4439=EDGE_LOOP('',(#4436,#4438));
#4440=FACE_BOUND('',#4439,.F.);
#4442=ORIENTED_EDGE('',*,*,#4441,.F.);
#4444=ORIENTED_EDGE('',*,*,#4443,.F.);
#4445=EDGE_LOOP('',(#4442,#4444));
#4446=FACE_BOUND('',#4445,.F.);
#4448=ORIENTED_EDGE('',*,*,#4447,.F.);
#4450=ORIENTED_EDGE('',*,*,#4449,.F.);
#4451=EDGE_LOOP('',(#4448,#4450));
#4452=FACE_BOUND('',#4451,.F.);
#4454=ORIENTED_EDGE('',*,*,#4453,.F.);
#4456=ORIENTED_EDGE('',*,*,#4455,.F.);
#4457=EDGE_LOOP('',(#4454,#4456));
#4458=FACE_BOUND('',#4457,.F.);
#4460=ORIENTED_EDGE('',*,*,#4459,.F.);
#4462=ORIENTED_EDGE('',*,*,#4461,.F.);
#4463=EDGE_LOOP('',(#4460,#4462));
#4464=FACE_BOUND('',#4463,.F.);
#4465=ADVANCED_FACE('',(#4398,#4404,#4410,#4416,#4422,#4428,#4434,#4440,#4446,
#4452,#4458,#4464),#4389,.F.);
#4466=CARTESIAN_POINT('',(-2.E0,0.E0,0.E0));
#4467=DIRECTION('',(-1.E0,0.E0,0.E0));
#4468=DIRECTION('',(0.E0,0.E0,1.E0));
#4469=AXIS2_PLACEMENT_3D('',#4466,#4467,#4468);
#4470=CYLINDRICAL_SURFACE('',#4469,1.1255E1);
#4472=ORIENTED_EDGE('',*,*,#4471,.F.);
#4473=ORIENTED_EDGE('',*,*,#4394,.T.);
#4475=ORIENTED_EDGE('',*,*,#4474,.F.);
#4476=ORIENTED_EDGE('',*,*,#4390,.F.);
#4477=EDGE_LOOP('',(#4472,#4473,#4475,#4476));
#4478=FACE_OUTER_BOUND('',#4477,.F.);
#4480=ORIENTED_EDGE('',*,*,#4479,.F.);
#4482=ORIENTED_EDGE('',*,*,#4481,.F.);
#4483=EDGE_LOOP('',(#4480,#4482));
#4484=FACE_BOUND('',#4483,.F.);
#4486=ORIENTED_EDGE('',*,*,#4485,.F.);
#4488=ORIENTED_EDGE('',*,*,#4487,.F.);
#4489=EDGE_LOOP('',(#4486,#4488));
#4490=FACE_BOUND('',#4489,.F.);
#4492=ORIENTED_EDGE('',*,*,#4491,.F.);
#4494=ORIENTED_EDGE('',*,*,#4493,.F.);
#4495=EDGE_LOOP('',(#4492,#4494));
#4496=FACE_BOUND('',#4495,.F.);
#4498=ORIENTED_EDGE('',*,*,#4497,.F.);
#4500=ORIENTED_EDGE('',*,*,#4499,.F.);
#4501=EDGE_LOOP('',(#4498,#4500));
#4502=FACE_BOUND('',#4501,.F.);
#4504=ORIENTED_EDGE('',*,*,#4503,.F.);
#4506=ORIENTED_EDGE('',*,*,#4505,.F.);
#4507=EDGE_LOOP('',(#4504,#4506));
#4508=FACE_BOUND('',#4507,.F.);
#4510=ORIENTED_EDGE('',*,*,#4509,.F.);
#4512=ORIENTED_EDGE('',*,*,#4511,.F.);
#4513=EDGE_LOOP('',(#4510,#4512));
#4514=FACE_BOUND('',#4513,.F.);
#4516=ORIENTED_EDGE('',*,*,#4515,.F.);
#4518=ORIENTED_EDGE('',*,*,#4517,.F.);
#4519=EDGE_LOOP('',(#4516,#4518));
#4520=FACE_BOUND('',#4519,.F.);
#4522=ORIENTED_EDGE('',*,*,#4521,.F.);
#4524=ORIENTED_EDGE('',*,*,#4523,.F.);
#4525=EDGE_LOOP('',(#4522,#4524));
#4526=FACE_BOUND('',#4525,.F.);
#4528=ORIENTED_EDGE('',*,*,#4527,.F.);
#4530=ORIENTED_EDGE('',*,*,#4529,.F.);
#4531=EDGE_LOOP('',(#4528,#4530));
#4532=FACE_BOUND('',#4531,.F.);
#4534=ORIENTED_EDGE('',*,*,#4533,.F.);
#4536=ORIENTED_EDGE('',*,*,#4535,.F.);
#4537=EDGE_LOOP('',(#4534,#4536));
#4538=FACE_BOUND('',#4537,.F.);
#4540=ORIENTED_EDGE('',*,*,#4539,.F.);
#4542=ORIENTED_EDGE('',*,*,#4541,.F.);
#4543=EDGE_LOOP('',(#4540,#4542));
#4544=FACE_BOUND('',#4543,.F.);
#4545=ADVANCED_FACE('',(#4478,#4484,#4490,#4496,#4502,#4508,#4514,#4520,#4526,
#4532,#4538,#4544),#4470,.F.);
#4546=CARTESIAN_POINT('',(1.219556418188E0,0.E0,0.E0));
#4547=DIRECTION('',(-1.E0,0.E0,0.E0));
#4548=DIRECTION('',(0.E0,0.E0,1.E0));
#4549=AXIS2_PLACEMENT_3D('',#4546,#4547,#4548);
#4550=TOROIDAL_SURFACE('',#4549,1.142214285714E1,1.671428571429E-1);
#4551=ORIENTED_EDGE('',*,*,#4380,.T.);
#4553=ORIENTED_EDGE('',*,*,#4552,.T.);
#4554=ORIENTED_EDGE('',*,*,#4377,.F.);
#4555=ORIENTED_EDGE('',*,*,#4471,.T.);
#4556=EDGE_LOOP('',(#4551,#4553,#4554,#4555));
#4557=FACE_OUTER_BOUND('',#4556,.F.);
#4558=ADVANCED_FACE('',(#4557),#4550,.T.);
#4559=CARTESIAN_POINT('',(0.E0,0.E0,0.E0));
#4560=DIRECTION('',(-1.E0,0.E0,0.E0));
#4561=DIRECTION('',(0.E0,0.E0,1.E0));
#4562=AXIS2_PLACEMENT_3D('',#4559,#4560,#4561);
#4563=TOROIDAL_SURFACE('',#4562,1.175E1,1.43E0);
#4564=ORIENTED_EDGE('',*,*,#4365,.T.);
#4566=ORIENTED_EDGE('',*,*,#4565,.T.);
#4567=ORIENTED_EDGE('',*,*,#4362,.F.);
#4568=ORIENTED_EDGE('',*,*,#4552,.F.);
#4569=EDGE_LOOP('',(#4564,#4566,#4567,#4568));
#4570=FACE_OUTER_BOUND('',#4569,.F.);
#4571=ADVANCED_FACE('',(#4570),#4563,.T.);
#4572=CARTESIAN_POINT('',(1.219556418188E0,0.E0,0.E0));
#4573=DIRECTION('',(-1.E0,0.E0,0.E0));
#4574=DIRECTION('',(0.E0,0.E0,1.E0));
#4575=AXIS2_PLACEMENT_3D('',#4572,#4573,#4574);
#4576=TOROIDAL_SURFACE('',#4575,1.207785714286E1,1.671428571429E-1);
#4577=ORIENTED_EDGE('',*,*,#4350,.T.);
#4579=ORIENTED_EDGE('',*,*,#4578,.T.);
#4580=ORIENTED_EDGE('',*,*,#4347,.F.);
#4581=ORIENTED_EDGE('',*,*,#4565,.F.);
#4582=EDGE_LOOP('',(#4577,#4579,#4580,#4581));
#4583=FACE_OUTER_BOUND('',#4582,.F.);
#4584=ADVANCED_FACE('',(#4583),#4576,.T.);
#4585=CARTESIAN_POINT('',(-2.E0,0.E0,0.E0));
#4586=DIRECTION('',(-1.E0,0.E0,0.E0));
#4587=DIRECTION('',(0.E0,0.E0,1.E0));
#4588=AXIS2_PLACEMENT_3D('',#4585,#4586,#4587);
#4589=CYLINDRICAL_SURFACE('',#4588,1.2245E1);
#4590=ORIENTED_EDGE('',*,*,#4271,.T.);
#4592=ORIENTED_EDGE('',*,*,#4591,.F.);
#4593=ORIENTED_EDGE('',*,*,#4267,.F.);
#4594=ORIENTED_EDGE('',*,*,#4578,.F.);
#4595=EDGE_LOOP('',(#4590,#4592,#4593,#4594));
#4596=FACE_OUTER_BOUND('',#4595,.F.);
#4598=ORIENTED_EDGE('',*,*,#4597,.F.);
#4600=ORIENTED_EDGE('',*,*,#4599,.F.);
#4601=EDGE_LOOP('',(#4598,#4600));
#4602=FACE_BOUND('',#4601,.F.);
#4604=ORIENTED_EDGE('',*,*,#4603,.F.);
#4606=ORIENTED_EDGE('',*,*,#4605,.F.);
#4607=EDGE_LOOP('',(#4604,#4606));
#4608=FACE_BOUND('',#4607,.F.);
#4610=ORIENTED_EDGE('',*,*,#4609,.F.);
#4612=ORIENTED_EDGE('',*,*,#4611,.F.);
#4613=EDGE_LOOP('',(#4610,#4612));
#4614=FACE_BOUND('',#4613,.F.);
#4616=ORIENTED_EDGE('',*,*,#4615,.F.);
#4618=ORIENTED_EDGE('',*,*,#4617,.F.);
#4619=EDGE_LOOP('',(#4616,#4618));
#4620=FACE_BOUND('',#4619,.F.);
#4622=ORIENTED_EDGE('',*,*,#4621,.F.);
#4624=ORIENTED_EDGE('',*,*,#4623,.F.);
#4625=EDGE_LOOP('',(#4622,#4624));
#4626=FACE_BOUND('',#4625,.F.);
#4628=ORIENTED_EDGE('',*,*,#4627,.F.);
#4630=ORIENTED_EDGE('',*,*,#4629,.F.);
#4631=EDGE_LOOP('',(#4628,#4630));
#4632=FACE_BOUND('',#4631,.F.);
#4634=ORIENTED_EDGE('',*,*,#4633,.F.);
#4636=ORIENTED_EDGE('',*,*,#4635,.F.);
#4637=EDGE_LOOP('',(#4634,#4636));
#4638=FACE_BOUND('',#4637,.F.);
#4640=ORIENTED_EDGE('',*,*,#4639,.F.);
#4642=ORIENTED_EDGE('',*,*,#4641,.F.);
#4643=EDGE_LOOP('',(#4640,#4642));
#4644=FACE_BOUND('',#4643,.F.);
#4646=ORIENTED_EDGE('',*,*,#4645,.F.);
#4648=ORIENTED_EDGE('',*,*,#4647,.F.);
#4649=EDGE_LOOP('',(#4646,#4648));
#4650=FACE_BOUND('',#4649,.F.);
#4652=ORIENTED_EDGE('',*,*,#4651,.F.);
#4654=ORIENTED_EDGE('',*,*,#4653,.F.);
#4655=EDGE_LOOP('',(#4652,#4654));
#4656=FACE_BOUND('',#4655,.F.);
#4658=ORIENTED_EDGE('',*,*,#4657,.F.);
#4660=ORIENTED_EDGE('',*,*,#4659,.F.);
#4661=EDGE_LOOP('',(#4658,#4660));
#4662=FACE_BOUND('',#4661,.F.);
#4663=ADVANCED_FACE('',(#4596,#4602,#4608,#4614,#4620,#4626,#4632,#4638,#4644,
#4650,#4656,#4662),#4589,.T.);
#4664=CARTESIAN_POINT('',(-1.219556418188E0,0.E0,0.E0));
#4665=DIRECTION('',(-1.E0,0.E0,0.E0));
#4666=DIRECTION('',(0.E0,0.E0,1.E0));
#4667=AXIS2_PLACEMENT_3D('',#4664,#4665,#4666);
#4668=TOROIDAL_SURFACE('',#4667,1.207785714286E1,1.671428571429E-1);
#4670=ORIENTED_EDGE('',*,*,#4669,.T.);
#4672=ORIENTED_EDGE('',*,*,#4671,.T.);
#4674=ORIENTED_EDGE('',*,*,#4673,.F.);
#4675=ORIENTED_EDGE('',*,*,#4591,.T.);
#4676=EDGE_LOOP('',(#4670,#4672,#4674,#4675));
#4677=FACE_OUTER_BOUND('',#4676,.F.);
#4678=ADVANCED_FACE('',(#4677),#4668,.T.);
#4679=CARTESIAN_POINT('',(-1.219556418188E0,0.E0,0.E0));
#4680=DIRECTION('',(-1.E0,0.E0,0.E0));
#4681=DIRECTION('',(0.E0,0.E0,1.E0));
#4682=AXIS2_PLACEMENT_3D('',#4679,#4680,#4681);
#4683=TOROIDAL_SURFACE('',#4682,1.207785714286E1,1.671428571429E-1);
#4684=ORIENTED_EDGE('',*,*,#4269,.T.);
#4685=ORIENTED_EDGE('',*,*,#4673,.T.);
#4687=ORIENTED_EDGE('',*,*,#4686,.T.);
#4688=ORIENTED_EDGE('',*,*,#4669,.F.);
#4689=EDGE_LOOP('',(#4684,#4685,#4687,#4688));
#4690=FACE_OUTER_BOUND('',#4689,.F.);
#4691=ADVANCED_FACE('',(#4690),#4683,.T.);
#4692=CARTESIAN_POINT('',(0.E0,0.E0,0.E0));
#4693=DIRECTION('',(-1.E0,0.E0,0.E0));
#4694=DIRECTION('',(0.E0,0.E0,1.E0));
#4695=AXIS2_PLACEMENT_3D('',#4692,#4693,#4694);
#4696=TOROIDAL_SURFACE('',#4695,1.175E1,1.43E0);
#4697=ORIENTED_EDGE('',*,*,#4686,.F.);
#4699=ORIENTED_EDGE('',*,*,#4698,.T.);
#4701=ORIENTED_EDGE('',*,*,#4700,.T.);
#4703=ORIENTED_EDGE('',*,*,#4702,.F.);
#4704=EDGE_LOOP('',(#4697,#4699,#4701,#4703));
#4705=FACE_OUTER_BOUND('',#4704,.F.);
#4706=ADVANCED_FACE('',(#4705),#4696,.T.);
#4707=CARTESIAN_POINT('',(0.E0,0.E0,0.E0));
#4708=DIRECTION('',(-1.E0,0.E0,0.E0));
#4709=DIRECTION('',(0.E0,0.E0,1.E0));
#4710=AXIS2_PLACEMENT_3D('',#4707,#4708,#4709);
#4711=TOROIDAL_SURFACE('',#4710,1.175E1,1.43E0);
#4712=ORIENTED_EDGE('',*,*,#4702,.T.);
#4714=ORIENTED_EDGE('',*,*,#4713,.T.);
#4715=ORIENTED_EDGE('',*,*,#4698,.F.);
#4716=ORIENTED_EDGE('',*,*,#4671,.F.);
#4717=EDGE_LOOP('',(#4712,#4714,#4715,#4716));
#4718=FACE_OUTER_BOUND('',#4717,.F.);
#4719=ADVANCED_FACE('',(#4718),#4711,.T.);
#4720=CARTESIAN_POINT('',(-1.219556418188E0,0.E0,0.E0));
#4721=DIRECTION('',(-1.E0,0.E0,0.E0));
#4722=DIRECTION('',(0.E0,0.E0,1.E0));
#4723=AXIS2_PLACEMENT_3D('',#4720,#4721,#4722);
#4724=TOROIDAL_SURFACE('',#4723,1.142214285714E1,1.671428571429E-1);
#4726=ORIENTED_EDGE('',*,*,#4725,.T.);
#4727=ORIENTED_EDGE('',*,*,#4474,.T.);
#4729=ORIENTED_EDGE('',*,*,#4728,.F.);
#4730=ORIENTED_EDGE('',*,*,#4713,.F.);
#4731=EDGE_LOOP('',(#4726,#4727,#4729,#4730));
#4732=FACE_OUTER_BOUND('',#4731,.F.);
#4733=ADVANCED_FACE('',(#4732),#4724,.T.);
#4734=CARTESIAN_POINT('',(-1.219556418188E0,0.E0,0.E0));
#4735=DIRECTION('',(-1.E0,0.E0,0.E0));
#4736=DIRECTION('',(0.E0,0.E0,1.E0));
#4737=AXIS2_PLACEMENT_3D('',#4734,#4735,#4736);
#4738=TOROIDAL_SURFACE('',#4737,1.142214285714E1,1.671428571429E-1);
#4739=ORIENTED_EDGE('',*,*,#4700,.F.);
#4740=ORIENTED_EDGE('',*,*,#4728,.T.);
#4741=ORIENTED_EDGE('',*,*,#4392,.T.);
#4742=ORIENTED_EDGE('',*,*,#4725,.F.);
#4743=EDGE_LOOP('',(#4739,#4740,#4741,#4742));
#4744=FACE_OUTER_BOUND('',#4743,.F.);
#4745=ADVANCED_FACE('',(#4744),#4738,.T.);
#4746=CARTESIAN_POINT('',(0.E0,-1.672199349711E0,-1.163040194210E1));
#4747=DIRECTION('',(0.E0,-9.898214418809E-1,1.423148382733E-1));
#4748=DIRECTION('',(-1.E0,0.E0,0.E0));
#4749=AXIS2_PLACEMENT_3D('',#4746,#4747,#4748);
#4750=SPHERICAL_SURFACE('',#4749,1.21E0);
#4751=ORIENTED_EDGE('',*,*,#4597,.T.);
#4753=ORIENTED_EDGE('',*,*,#4752,.T.);
#4755=ORIENTED_EDGE('',*,*,#4754,.T.);
#4757=ORIENTED_EDGE('',*,*,#4756,.F.);
#4759=ORIENTED_EDGE('',*,*,#4758,.F.);
#4760=EDGE_LOOP('',(#4751,#4753,#4755,#4757,#4759));
#4761=FACE_OUTER_BOUND('',#4760,.F.);
#4762=ADVANCED_FACE('',(#4761),#4750,.F.);
#4763=CARTESIAN_POINT('',(0.E0,-1.672199349711E0,-1.163040194210E1));
#4764=DIRECTION('',(0.E0,-9.898214418809E-1,1.423148382733E-1));
#4765=DIRECTION('',(-1.E0,0.E0,0.E0));
#4766=AXIS2_PLACEMENT_3D('',#4763,#4764,#4765);
#4767=SPHERICAL_SURFACE('',#4766,1.21E0);
#4768=ORIENTED_EDGE('',*,*,#4758,.T.);
#4770=ORIENTED_EDGE('',*,*,#4769,.F.);
#4772=ORIENTED_EDGE('',*,*,#4771,.T.);
#4773=ORIENTED_EDGE('',*,*,#4752,.F.);
#4774=ORIENTED_EDGE('',*,*,#4599,.T.);
#4775=EDGE_LOOP('',(#4768,#4770,#4772,#4773,#4774));
#4776=FACE_OUTER_BOUND('',#4775,.F.);
#4777=ADVANCED_FACE('',(#4776),#4767,.F.);
#4778=CARTESIAN_POINT('',(0.E0,-1.672199349711E0,-1.163040194210E1));
#4779=DIRECTION('',(0.E0,-9.898214418809E-1,1.423148382733E-1));
#4780=DIRECTION('',(-1.E0,0.E0,0.E0));
#4781=AXIS2_PLACEMENT_3D('',#4778,#4779,#4780);
#4782=SPHERICAL_SURFACE('',#4781,1.21E0);
#4784=ORIENTED_EDGE('',*,*,#4783,.T.);
#4785=ORIENTED_EDGE('',*,*,#4539,.T.);
#4787=ORIENTED_EDGE('',*,*,#4786,.F.);
#4788=ORIENTED_EDGE('',*,*,#4771,.F.);
#4789=ORIENTED_EDGE('',*,*,#4769,.T.);
#4790=EDGE_LOOP('',(#4784,#4785,#4787,#4788,#4789));
#4791=FACE_OUTER_BOUND('',#4790,.F.);
#4792=ADVANCED_FACE('',(#4791),#4782,.F.);
#4793=CARTESIAN_POINT('',(0.E0,-1.672199349711E0,-1.163040194210E1));
#4794=DIRECTION('',(0.E0,-9.898214418809E-1,1.423148382733E-1));
#4795=DIRECTION('',(-1.E0,0.E0,0.E0));
#4796=AXIS2_PLACEMENT_3D('',#4793,#4794,#4795);
#4797=SPHERICAL_SURFACE('',#4796,1.21E0);
#4798=ORIENTED_EDGE('',*,*,#4783,.F.);
#4799=ORIENTED_EDGE('',*,*,#4756,.T.);
#4800=ORIENTED_EDGE('',*,*,#4754,.F.);
#4801=ORIENTED_EDGE('',*,*,#4786,.T.);
#4802=ORIENTED_EDGE('',*,*,#4541,.T.);
#4803=EDGE_LOOP('',(#4798,#4799,#4800,#4801,#4802));
#4804=FACE_OUTER_BOUND('',#4803,.F.);
#4805=ADVANCED_FACE('',(#4804),#4797,.F.);
#4806=CARTESIAN_POINT('',(0.E0,-7.694613623857E0,-8.880057498663E0));
#4807=DIRECTION('',(0.E0,-7.557495743543E-1,6.548607339453E-1));
#4808=DIRECTION('',(-1.E0,0.E0,0.E0));
#4809=AXIS2_PLACEMENT_3D('',#4806,#4807,#4808);
#4810=SPHERICAL_SURFACE('',#4809,1.21E0);
#4811=ORIENTED_EDGE('',*,*,#4603,.T.);
#4813=ORIENTED_EDGE('',*,*,#4812,.T.);
#4815=ORIENTED_EDGE('',*,*,#4814,.T.);
#4817=ORIENTED_EDGE('',*,*,#4816,.F.);
#4819=ORIENTED_EDGE('',*,*,#4818,.F.);
#4820=EDGE_LOOP('',(#4811,#4813,#4815,#4817,#4819));
#4821=FACE_OUTER_BOUND('',#4820,.F.);
#4822=ADVANCED_FACE('',(#4821),#4810,.F.);
#4823=CARTESIAN_POINT('',(0.E0,-7.694613623857E0,-8.880057498663E0));
#4824=DIRECTION('',(0.E0,-7.557495743543E-1,6.548607339453E-1));
#4825=DIRECTION('',(-1.E0,0.E0,0.E0));
#4826=AXIS2_PLACEMENT_3D('',#4823,#4824,#4825);
#4827=SPHERICAL_SURFACE('',#4826,1.21E0);
#4828=ORIENTED_EDGE('',*,*,#4818,.T.);
#4830=ORIENTED_EDGE('',*,*,#4829,.F.);
#4832=ORIENTED_EDGE('',*,*,#4831,.T.);
#4833=ORIENTED_EDGE('',*,*,#4812,.F.);
#4834=ORIENTED_EDGE('',*,*,#4605,.T.);
#4835=EDGE_LOOP('',(#4828,#4830,#4832,#4833,#4834));
#4836=FACE_OUTER_BOUND('',#4835,.F.);
#4837=ADVANCED_FACE('',(#4836),#4827,.F.);
#4838=CARTESIAN_POINT('',(0.E0,-7.694613623857E0,-8.880057498663E0));
#4839=DIRECTION('',(0.E0,-7.557495743543E-1,6.548607339453E-1));
#4840=DIRECTION('',(-1.E0,0.E0,0.E0));
#4841=AXIS2_PLACEMENT_3D('',#4838,#4839,#4840);
#4842=SPHERICAL_SURFACE('',#4841,1.21E0);
#4844=ORIENTED_EDGE('',*,*,#4843,.T.);
#4845=ORIENTED_EDGE('',*,*,#4533,.T.);
#4847=ORIENTED_EDGE('',*,*,#4846,.F.);
#4848=ORIENTED_EDGE('',*,*,#4831,.F.);
#4849=ORIENTED_EDGE('',*,*,#4829,.T.);
#4850=EDGE_LOOP('',(#4844,#4845,#4847,#4848,#4849));
#4851=FACE_OUTER_BOUND('',#4850,.F.);
#4852=ADVANCED_FACE('',(#4851),#4842,.F.);
#4853=CARTESIAN_POINT('',(0.E0,-7.694613623857E0,-8.880057498663E0));
#4854=DIRECTION('',(0.E0,-7.557495743543E-1,6.548607339453E-1));
#4855=DIRECTION('',(-1.E0,0.E0,0.E0));
#4856=AXIS2_PLACEMENT_3D('',#4853,#4854,#4855);
#4857=SPHERICAL_SURFACE('',#4856,1.21E0);
#4858=ORIENTED_EDGE('',*,*,#4843,.F.);
#4859=ORIENTED_EDGE('',*,*,#4816,.T.);
#4860=ORIENTED_EDGE('',*,*,#4814,.F.);
#4861=ORIENTED_EDGE('',*,*,#4846,.T.);
#4862=ORIENTED_EDGE('',*,*,#4535,.T.);
#4863=EDGE_LOOP('',(#4858,#4859,#4860,#4861,#4862));
#4864=FACE_OUTER_BOUND('',#4863,.F.);
#4865=ADVANCED_FACE('',(#4864),#4857,.F.);
#4866=CARTESIAN_POINT('',(0.E0,-1.127404243997E1,-3.310357542887E0));
#4867=DIRECTION('',(0.E0,-2.817325568414E-1,9.594929736145E-1));
#4868=DIRECTION('',(-1.E0,0.E0,0.E0));
#4869=AXIS2_PLACEMENT_3D('',#4866,#4867,#4868);
#4870=SPHERICAL_SURFACE('',#4869,1.21E0);
#4871=ORIENTED_EDGE('',*,*,#4609,.T.);
#4873=ORIENTED_EDGE('',*,*,#4872,.T.);
#4875=ORIENTED_EDGE('',*,*,#4874,.T.);
#4877=ORIENTED_EDGE('',*,*,#4876,.F.);
#4879=ORIENTED_EDGE('',*,*,#4878,.F.);
#4880=EDGE_LOOP('',(#4871,#4873,#4875,#4877,#4879));
#4881=FACE_OUTER_BOUND('',#4880,.F.);
#4882=ADVANCED_FACE('',(#4881),#4870,.F.);
#4883=CARTESIAN_POINT('',(0.E0,-1.127404243997E1,-3.310357542887E0));
#4884=DIRECTION('',(0.E0,-2.817325568414E-1,9.594929736145E-1));
#4885=DIRECTION('',(-1.E0,0.E0,0.E0));
#4886=AXIS2_PLACEMENT_3D('',#4883,#4884,#4885);
#4887=SPHERICAL_SURFACE('',#4886,1.21E0);
#4888=ORIENTED_EDGE('',*,*,#4878,.T.);
#4890=ORIENTED_EDGE('',*,*,#4889,.F.);
#4892=ORIENTED_EDGE('',*,*,#4891,.T.);
#4893=ORIENTED_EDGE('',*,*,#4872,.F.);
#4894=ORIENTED_EDGE('',*,*,#4611,.T.);
#4895=EDGE_LOOP('',(#4888,#4890,#4892,#4893,#4894));
#4896=FACE_OUTER_BOUND('',#4895,.F.);
#4897=ADVANCED_FACE('',(#4896),#4887,.F.);
#4898=CARTESIAN_POINT('',(0.E0,-1.127404243997E1,-3.310357542887E0));
#4899=DIRECTION('',(0.E0,-2.817325568414E-1,9.594929736145E-1));
#4900=DIRECTION('',(-1.E0,0.E0,0.E0));
#4901=AXIS2_PLACEMENT_3D('',#4898,#4899,#4900);
#4902=SPHERICAL_SURFACE('',#4901,1.21E0);
#4904=ORIENTED_EDGE('',*,*,#4903,.T.);
#4905=ORIENTED_EDGE('',*,*,#4527,.T.);
#4907=ORIENTED_EDGE('',*,*,#4906,.F.);
#4908=ORIENTED_EDGE('',*,*,#4891,.F.);
#4909=ORIENTED_EDGE('',*,*,#4889,.T.);
#4910=EDGE_LOOP('',(#4904,#4905,#4907,#4908,#4909));
#4911=FACE_OUTER_BOUND('',#4910,.F.);
#4912=ADVANCED_FACE('',(#4911),#4902,.F.);
#4913=CARTESIAN_POINT('',(0.E0,-1.127404243997E1,-3.310357542887E0));
#4914=DIRECTION('',(0.E0,-2.817325568414E-1,9.594929736145E-1));
#4915=DIRECTION('',(-1.E0,0.E0,0.E0));
#4916=AXIS2_PLACEMENT_3D('',#4913,#4914,#4915);
#4917=SPHERICAL_SURFACE('',#4916,1.21E0);
#4918=ORIENTED_EDGE('',*,*,#4903,.F.);
#4919=ORIENTED_EDGE('',*,*,#4876,.T.);
#4920=ORIENTED_EDGE('',*,*,#4874,.F.);
#4921=ORIENTED_EDGE('',*,*,#4906,.T.);
#4922=ORIENTED_EDGE('',*,*,#4529,.T.);
#4923=EDGE_LOOP('',(#4918,#4919,#4920,#4921,#4922));
#4924=FACE_OUTER_BOUND('',#4923,.F.);
#4925=ADVANCED_FACE('',(#4924),#4917,.F.);
#4926=CARTESIAN_POINT('',(0.E0,-1.127404243997E1,3.310357542887E0));
#4927=DIRECTION('',(0.E0,2.817325568414E-1,9.594929736145E-1));
#4928=DIRECTION('',(-1.E0,0.E0,0.E0));
#4929=AXIS2_PLACEMENT_3D('',#4926,#4927,#4928);
#4930=SPHERICAL_SURFACE('',#4929,1.21E0);
#4931=ORIENTED_EDGE('',*,*,#4615,.T.);
#4933=ORIENTED_EDGE('',*,*,#4932,.T.);
#4935=ORIENTED_EDGE('',*,*,#4934,.T.);
#4937=ORIENTED_EDGE('',*,*,#4936,.F.);
#4939=ORIENTED_EDGE('',*,*,#4938,.F.);
#4940=EDGE_LOOP('',(#4931,#4933,#4935,#4937,#4939));
#4941=FACE_OUTER_BOUND('',#4940,.F.);
#4942=ADVANCED_FACE('',(#4941),#4930,.F.);
#4943=CARTESIAN_POINT('',(0.E0,-1.127404243997E1,3.310357542887E0));
#4944=DIRECTION('',(0.E0,2.817325568414E-1,9.594929736145E-1));
#4945=DIRECTION('',(-1.E0,0.E0,0.E0));
#4946=AXIS2_PLACEMENT_3D('',#4943,#4944,#4945);
#4947=SPHERICAL_SURFACE('',#4946,1.21E0);
#4948=ORIENTED_EDGE('',*,*,#4938,.T.);
#4950=ORIENTED_EDGE('',*,*,#4949,.F.);
#4952=ORIENTED_EDGE('',*,*,#4951,.T.);
#4953=ORIENTED_EDGE('',*,*,#4932,.F.);
#4954=ORIENTED_EDGE('',*,*,#4617,.T.);
#4955=EDGE_LOOP('',(#4948,#4950,#4952,#4953,#4954));
#4956=FACE_OUTER_BOUND('',#4955,.F.);
#4957=ADVANCED_FACE('',(#4956),#4947,.F.);
#4958=CARTESIAN_POINT('',(0.E0,-1.127404243997E1,3.310357542887E0));
#4959=DIRECTION('',(0.E0,2.817325568414E-1,9.594929736145E-1));
#4960=DIRECTION('',(-1.E0,0.E0,0.E0));
#4961=AXIS2_PLACEMENT_3D('',#4958,#4959,#4960);
#4962=SPHERICAL_SURFACE('',#4961,1.21E0);
#4964=ORIENTED_EDGE('',*,*,#4963,.T.);
#4965=ORIENTED_EDGE('',*,*,#4521,.T.);
#4967=ORIENTED_EDGE('',*,*,#4966,.F.);
#4968=ORIENTED_EDGE('',*,*,#4951,.F.);
#4969=ORIENTED_EDGE('',*,*,#4949,.T.);
#4970=EDGE_LOOP('',(#4964,#4965,#4967,#4968,#4969));
#4971=FACE_OUTER_BOUND('',#4970,.F.);
#4972=ADVANCED_FACE('',(#4971),#4962,.F.);
#4973=CARTESIAN_POINT('',(0.E0,-1.127404243997E1,3.310357542887E0));
#4974=DIRECTION('',(0.E0,2.817325568414E-1,9.594929736145E-1));
#4975=DIRECTION('',(-1.E0,0.E0,0.E0));
#4976=AXIS2_PLACEMENT_3D('',#4973,#4974,#4975);
#4977=SPHERICAL_SURFACE('',#4976,1.21E0);
#4978=ORIENTED_EDGE('',*,*,#4963,.F.);
#4979=ORIENTED_EDGE('',*,*,#4936,.T.);
#4980=ORIENTED_EDGE('',*,*,#4934,.F.);
#4981=ORIENTED_EDGE('',*,*,#4966,.T.);
#4982=ORIENTED_EDGE('',*,*,#4523,.T.);
#4983=EDGE_LOOP('',(#4978,#4979,#4980,#4981,#4982));
#4984=FACE_OUTER_BOUND('',#4983,.F.);
#4985=ADVANCED_FACE('',(#4984),#4977,.F.);
#4986=CARTESIAN_POINT('',(0.E0,-7.694613623857E0,8.880057498662E0));
#4987=DIRECTION('',(0.E0,7.557495743543E-1,6.548607339453E-1));
#4988=DIRECTION('',(-1.E0,0.E0,0.E0));
#4989=AXIS2_PLACEMENT_3D('',#4986,#4987,#4988);
#4990=SPHERICAL_SURFACE('',#4989,1.21E0);
#4991=ORIENTED_EDGE('',*,*,#4621,.T.);
#4993=ORIENTED_EDGE('',*,*,#4992,.T.);
#4995=ORIENTED_EDGE('',*,*,#4994,.T.);
#4997=ORIENTED_EDGE('',*,*,#4996,.F.);
#4999=ORIENTED_EDGE('',*,*,#4998,.F.);
#5000=EDGE_LOOP('',(#4991,#4993,#4995,#4997,#4999));
#5001=FACE_OUTER_BOUND('',#5000,.F.);
#5002=ADVANCED_FACE('',(#5001),#4990,.F.);
#5003=CARTESIAN_POINT('',(0.E0,-7.694613623857E0,8.880057498662E0));
#5004=DIRECTION('',(0.E0,7.557495743543E-1,6.548607339453E-1));
#5005=DIRECTION('',(-1.E0,0.E0,0.E0));
#5006=AXIS2_PLACEMENT_3D('',#5003,#5004,#5005);
#5007=SPHERICAL_SURFACE('',#5006,1.21E0);
#5008=ORIENTED_EDGE('',*,*,#4998,.T.);
#5010=ORIENTED_EDGE('',*,*,#5009,.F.);
#5012=ORIENTED_EDGE('',*,*,#5011,.T.);
#5013=ORIENTED_EDGE('',*,*,#4992,.F.);
#5014=ORIENTED_EDGE('',*,*,#4623,.T.);
#5015=EDGE_LOOP('',(#5008,#5010,#5012,#5013,#5014));
#5016=FACE_OUTER_BOUND('',#5015,.F.);
#5017=ADVANCED_FACE('',(#5016),#5007,.F.);
#5018=CARTESIAN_POINT('',(0.E0,-7.694613623857E0,8.880057498662E0));
#5019=DIRECTION('',(0.E0,7.557495743543E-1,6.548607339453E-1));
#5020=DIRECTION('',(-1.E0,0.E0,0.E0));
#5021=AXIS2_PLACEMENT_3D('',#5018,#5019,#5020);
#5022=SPHERICAL_SURFACE('',#5021,1.21E0);
#5024=ORIENTED_EDGE('',*,*,#5023,.T.);
#5025=ORIENTED_EDGE('',*,*,#4515,.T.);
#5027=ORIENTED_EDGE('',*,*,#5026,.F.);
#5028=ORIENTED_EDGE('',*,*,#5011,.F.);
#5029=ORIENTED_EDGE('',*,*,#5009,.T.);
#5030=EDGE_LOOP('',(#5024,#5025,#5027,#5028,#5029));
#5031=FACE_OUTER_BOUND('',#5030,.F.);
#5032=ADVANCED_FACE('',(#5031),#5022,.F.);
#5033=CARTESIAN_POINT('',(0.E0,-7.694613623857E0,8.880057498662E0));
#5034=DIRECTION('',(0.E0,7.557495743543E-1,6.548607339453E-1));
#5035=DIRECTION('',(-1.E0,0.E0,0.E0));
#5036=AXIS2_PLACEMENT_3D('',#5033,#5034,#5035);
#5037=SPHERICAL_SURFACE('',#5036,1.21E0);
#5038=ORIENTED_EDGE('',*,*,#5023,.F.);
#5039=ORIENTED_EDGE('',*,*,#4996,.T.);
#5040=ORIENTED_EDGE('',*,*,#4994,.F.);
#5041=ORIENTED_EDGE('',*,*,#5026,.T.);
#5042=ORIENTED_EDGE('',*,*,#4517,.T.);
#5043=EDGE_LOOP('',(#5038,#5039,#5040,#5041,#5042));
#5044=FACE_OUTER_BOUND('',#5043,.F.);
#5045=ADVANCED_FACE('',(#5044),#5037,.F.);
#5046=CARTESIAN_POINT('',(0.E0,-1.672199349711E0,1.163040194210E1));
#5047=DIRECTION('',(0.E0,9.898214418809E-1,1.423148382733E-1));
#5048=DIRECTION('',(-1.E0,0.E0,0.E0));
#5049=AXIS2_PLACEMENT_3D('',#5046,#5047,#5048);
#5050=SPHERICAL_SURFACE('',#5049,1.21E0);
#5051=ORIENTED_EDGE('',*,*,#4627,.T.);
#5053=ORIENTED_EDGE('',*,*,#5052,.T.);
#5055=ORIENTED_EDGE('',*,*,#5054,.T.);
#5057=ORIENTED_EDGE('',*,*,#5056,.F.);
#5059=ORIENTED_EDGE('',*,*,#5058,.F.);
#5060=EDGE_LOOP('',(#5051,#5053,#5055,#5057,#5059));
#5061=FACE_OUTER_BOUND('',#5060,.F.);
#5062=ADVANCED_FACE('',(#5061),#5050,.F.);
#5063=CARTESIAN_POINT('',(0.E0,-1.672199349711E0,1.163040194210E1));
#5064=DIRECTION('',(0.E0,9.898214418809E-1,1.423148382733E-1));
#5065=DIRECTION('',(-1.E0,0.E0,0.E0));
#5066=AXIS2_PLACEMENT_3D('',#5063,#5064,#5065);
#5067=SPHERICAL_SURFACE('',#5066,1.21E0);
#5068=ORIENTED_EDGE('',*,*,#5058,.T.);
#5070=ORIENTED_EDGE('',*,*,#5069,.F.);
#5072=ORIENTED_EDGE('',*,*,#5071,.T.);
#5073=ORIENTED_EDGE('',*,*,#5052,.F.);
#5074=ORIENTED_EDGE('',*,*,#4629,.T.);
#5075=EDGE_LOOP('',(#5068,#5070,#5072,#5073,#5074));
#5076=FACE_OUTER_BOUND('',#5075,.F.);
#5077=ADVANCED_FACE('',(#5076),#5067,.F.);
#5078=CARTESIAN_POINT('',(0.E0,-1.672199349711E0,1.163040194210E1));
#5079=DIRECTION('',(0.E0,9.898214418809E-1,1.423148382733E-1));
#5080=DIRECTION('',(-1.E0,0.E0,0.E0));
#5081=AXIS2_PLACEMENT_3D('',#5078,#5079,#5080);
#5082=SPHERICAL_SURFACE('',#5081,1.21E0);
#5084=ORIENTED_EDGE('',*,*,#5083,.T.);
#5085=ORIENTED_EDGE('',*,*,#4509,.T.);
#5087=ORIENTED_EDGE('',*,*,#5086,.F.);
#5088=ORIENTED_EDGE('',*,*,#5071,.F.);
#5089=ORIENTED_EDGE('',*,*,#5069,.T.);
#5090=EDGE_LOOP('',(#5084,#5085,#5087,#5088,#5089));
#5091=FACE_OUTER_BOUND('',#5090,.F.);
#5092=ADVANCED_FACE('',(#5091),#5082,.F.);
#5093=CARTESIAN_POINT('',(0.E0,-1.672199349711E0,1.163040194210E1));
#5094=DIRECTION('',(0.E0,9.898214418809E-1,1.423148382733E-1));
#5095=DIRECTION('',(-1.E0,0.E0,0.E0));
#5096=AXIS2_PLACEMENT_3D('',#5093,#5094,#5095);
#5097=SPHERICAL_SURFACE('',#5096,1.21E0);
#5098=ORIENTED_EDGE('',*,*,#5083,.F.);
#5099=ORIENTED_EDGE('',*,*,#5056,.T.);
#5100=ORIENTED_EDGE('',*,*,#5054,.F.);
#5101=ORIENTED_EDGE('',*,*,#5086,.T.);
#5102=ORIENTED_EDGE('',*,*,#4511,.T.);
#5103=EDGE_LOOP('',(#5098,#5099,#5100,#5101,#5102));
#5104=FACE_OUTER_BOUND('',#5103,.F.);
#5105=ADVANCED_FACE('',(#5104),#5097,.F.);
#5106=CARTESIAN_POINT('',(0.E0,-4.881126402772E0,1.068817594542E1));
#5107=DIRECTION('',(0.E0,9.096319953545E-1,4.154150130019E-1));
#5108=DIRECTION('',(-1.E0,0.E0,0.E0));
#5109=AXIS2_PLACEMENT_3D('',#5106,#5107,#5108);
#5110=SPHERICAL_SURFACE('',#5109,1.21E0);
#5111=ORIENTED_EDGE('',*,*,#4633,.T.);
#5113=ORIENTED_EDGE('',*,*,#5112,.T.);
#5115=ORIENTED_EDGE('',*,*,#5114,.T.);
#5117=ORIENTED_EDGE('',*,*,#5116,.F.);
#5119=ORIENTED_EDGE('',*,*,#5118,.F.);
#5120=EDGE_LOOP('',(#5111,#5113,#5115,#5117,#5119));
#5121=FACE_OUTER_BOUND('',#5120,.F.);
#5122=ADVANCED_FACE('',(#5121),#5110,.F.);
#5123=CARTESIAN_POINT('',(0.E0,-4.881126402772E0,1.068817594542E1));
#5124=DIRECTION('',(0.E0,9.096319953545E-1,4.154150130019E-1));
#5125=DIRECTION('',(-1.E0,0.E0,0.E0));
#5126=AXIS2_PLACEMENT_3D('',#5123,#5124,#5125);
#5127=SPHERICAL_SURFACE('',#5126,1.21E0);
#5128=ORIENTED_EDGE('',*,*,#5118,.T.);
#5130=ORIENTED_EDGE('',*,*,#5129,.F.);
#5132=ORIENTED_EDGE('',*,*,#5131,.T.);
#5133=ORIENTED_EDGE('',*,*,#5112,.F.);
#5134=ORIENTED_EDGE('',*,*,#4635,.T.);
#5135=EDGE_LOOP('',(#5128,#5130,#5132,#5133,#5134));
#5136=FACE_OUTER_BOUND('',#5135,.F.);
#5137=ADVANCED_FACE('',(#5136),#5127,.F.);
#5138=CARTESIAN_POINT('',(0.E0,-4.881126402772E0,1.068817594542E1));
#5139=DIRECTION('',(0.E0,9.096319953545E-1,4.154150130019E-1));
#5140=DIRECTION('',(-1.E0,0.E0,0.E0));
#5141=AXIS2_PLACEMENT_3D('',#5138,#5139,#5140);
#5142=SPHERICAL_SURFACE('',#5141,1.21E0);
#5144=ORIENTED_EDGE('',*,*,#5143,.T.);
#5145=ORIENTED_EDGE('',*,*,#4503,.T.);
#5147=ORIENTED_EDGE('',*,*,#5146,.F.);
#5148=ORIENTED_EDGE('',*,*,#5131,.F.);
#5149=ORIENTED_EDGE('',*,*,#5129,.T.);
#5150=EDGE_LOOP('',(#5144,#5145,#5147,#5148,#5149));
#5151=FACE_OUTER_BOUND('',#5150,.F.);
#5152=ADVANCED_FACE('',(#5151),#5142,.F.);
#5153=CARTESIAN_POINT('',(0.E0,-4.881126402772E0,1.068817594542E1));
#5154=DIRECTION('',(0.E0,9.096319953545E-1,4.154150130019E-1));
#5155=DIRECTION('',(-1.E0,0.E0,0.E0));
#5156=AXIS2_PLACEMENT_3D('',#5153,#5154,#5155);
#5157=SPHERICAL_SURFACE('',#5156,1.21E0);
#5158=ORIENTED_EDGE('',*,*,#5143,.F.);
#5159=ORIENTED_EDGE('',*,*,#5116,.T.);
#5160=ORIENTED_EDGE('',*,*,#5114,.F.);
#5161=ORIENTED_EDGE('',*,*,#5146,.T.);
#5162=ORIENTED_EDGE('',*,*,#4505,.T.);
#5163=EDGE_LOOP('',(#5158,#5159,#5160,#5161,#5162));
#5164=FACE_OUTER_BOUND('',#5163,.F.);
#5165=ADVANCED_FACE('',(#5164),#5157,.F.);
#5166=CARTESIAN_POINT('',(0.E0,-9.884729010766E0,6.352529605103E0));
#5167=DIRECTION('',(0.E0,5.406408174556E-1,8.412535328312E-1));
#5168=DIRECTION('',(-1.E0,0.E0,0.E0));
#5169=AXIS2_PLACEMENT_3D('',#5166,#5167,#5168);
#5170=SPHERICAL_SURFACE('',#5169,1.21E0);
#5171=ORIENTED_EDGE('',*,*,#4639,.T.);
#5173=ORIENTED_EDGE('',*,*,#5172,.T.);
#5175=ORIENTED_EDGE('',*,*,#5174,.T.);
#5177=ORIENTED_EDGE('',*,*,#5176,.F.);
#5179=ORIENTED_EDGE('',*,*,#5178,.F.);
#5180=EDGE_LOOP('',(#5171,#5173,#5175,#5177,#5179));
#5181=FACE_OUTER_BOUND('',#5180,.F.);
#5182=ADVANCED_FACE('',(#5181),#5170,.F.);
#5183=CARTESIAN_POINT('',(0.E0,-9.884729010766E0,6.352529605103E0));
#5184=DIRECTION('',(0.E0,5.406408174556E-1,8.412535328312E-1));
#5185=DIRECTION('',(-1.E0,0.E0,0.E0));
#5186=AXIS2_PLACEMENT_3D('',#5183,#5184,#5185);
#5187=SPHERICAL_SURFACE('',#5186,1.21E0);
#5188=ORIENTED_EDGE('',*,*,#5178,.T.);
#5190=ORIENTED_EDGE('',*,*,#5189,.F.);
#5192=ORIENTED_EDGE('',*,*,#5191,.T.);
#5193=ORIENTED_EDGE('',*,*,#5172,.F.);
#5194=ORIENTED_EDGE('',*,*,#4641,.T.);
#5195=EDGE_LOOP('',(#5188,#5190,#5192,#5193,#5194));
#5196=FACE_OUTER_BOUND('',#5195,.F.);
#5197=ADVANCED_FACE('',(#5196),#5187,.F.);
#5198=CARTESIAN_POINT('',(0.E0,-9.884729010766E0,6.352529605103E0));
#5199=DIRECTION('',(0.E0,5.406408174556E-1,8.412535328312E-1));
#5200=DIRECTION('',(-1.E0,0.E0,0.E0));
#5201=AXIS2_PLACEMENT_3D('',#5198,#5199,#5200);
#5202=SPHERICAL_SURFACE('',#5201,1.21E0);
#5204=ORIENTED_EDGE('',*,*,#5203,.T.);
#5205=ORIENTED_EDGE('',*,*,#4497,.T.);
#5207=ORIENTED_EDGE('',*,*,#5206,.F.);
#5208=ORIENTED_EDGE('',*,*,#5191,.F.);
#5209=ORIENTED_EDGE('',*,*,#5189,.T.);
#5210=EDGE_LOOP('',(#5204,#5205,#5207,#5208,#5209));
#5211=FACE_OUTER_BOUND('',#5210,.F.);
#5212=ADVANCED_FACE('',(#5211),#5202,.F.);
#5213=CARTESIAN_POINT('',(0.E0,-9.884729010766E0,6.352529605103E0));
#5214=DIRECTION('',(0.E0,5.406408174556E-1,8.412535328312E-1));
#5215=DIRECTION('',(-1.E0,0.E0,0.E0));
#5216=AXIS2_PLACEMENT_3D('',#5213,#5214,#5215);
#5217=SPHERICAL_SURFACE('',#5216,1.21E0);
#5218=ORIENTED_EDGE('',*,*,#5203,.F.);
#5219=ORIENTED_EDGE('',*,*,#5176,.T.);
#5220=ORIENTED_EDGE('',*,*,#5174,.F.);
#5221=ORIENTED_EDGE('',*,*,#5206,.T.);
#5222=ORIENTED_EDGE('',*,*,#4499,.T.);
#5223=EDGE_LOOP('',(#5218,#5219,#5220,#5221,#5222));
#5224=FACE_OUTER_BOUND('',#5223,.F.);
#5225=ADVANCED_FACE('',(#5224),#5217,.F.);
#5226=CARTESIAN_POINT('',(0.E0,-1.175E1,-8.726790720181E-14));
#5227=DIRECTION('',(0.E0,0.E0,1.E0));
#5228=DIRECTION('',(-1.E0,0.E0,0.E0));
#5229=AXIS2_PLACEMENT_3D('',#5226,#5227,#5228);
#5230=SPHERICAL_SURFACE('',#5229,1.21E0);
#5231=ORIENTED_EDGE('',*,*,#4645,.T.);
#5233=ORIENTED_EDGE('',*,*,#5232,.T.);
#5235=ORIENTED_EDGE('',*,*,#5234,.T.);
#5237=ORIENTED_EDGE('',*,*,#5236,.F.);
#5239=ORIENTED_EDGE('',*,*,#5238,.F.);
#5240=EDGE_LOOP('',(#5231,#5233,#5235,#5237,#5239));
#5241=FACE_OUTER_BOUND('',#5240,.F.);
#5242=ADVANCED_FACE('',(#5241),#5230,.F.);
#5243=CARTESIAN_POINT('',(0.E0,-1.175E1,-8.726790720181E-14));
#5244=DIRECTION('',(0.E0,0.E0,1.E0));
#5245=DIRECTION('',(-1.E0,0.E0,0.E0));
#5246=AXIS2_PLACEMENT_3D('',#5243,#5244,#5245);
#5247=SPHERICAL_SURFACE('',#5246,1.21E0);
#5248=ORIENTED_EDGE('',*,*,#5238,.T.);
#5250=ORIENTED_EDGE('',*,*,#5249,.F.);
#5252=ORIENTED_EDGE('',*,*,#5251,.T.);
#5253=ORIENTED_EDGE('',*,*,#5232,.F.);
#5254=ORIENTED_EDGE('',*,*,#4647,.T.);
#5255=EDGE_LOOP('',(#5248,#5250,#5252,#5253,#5254));
#5256=FACE_OUTER_BOUND('',#5255,.F.);
#5257=ADVANCED_FACE('',(#5256),#5247,.F.);
#5258=CARTESIAN_POINT('',(0.E0,-1.175E1,-8.726790720181E-14));
#5259=DIRECTION('',(0.E0,0.E0,1.E0));
#5260=DIRECTION('',(-1.E0,0.E0,0.E0));
#5261=AXIS2_PLACEMENT_3D('',#5258,#5259,#5260);
#5262=SPHERICAL_SURFACE('',#5261,1.21E0);
#5264=ORIENTED_EDGE('',*,*,#5263,.T.);
#5265=ORIENTED_EDGE('',*,*,#4491,.T.);
#5267=ORIENTED_EDGE('',*,*,#5266,.F.);
#5268=ORIENTED_EDGE('',*,*,#5251,.F.);
#5269=ORIENTED_EDGE('',*,*,#5249,.T.);
#5270=EDGE_LOOP('',(#5264,#5265,#5267,#5268,#5269));
#5271=FACE_OUTER_BOUND('',#5270,.F.);
#5272=ADVANCED_FACE('',(#5271),#5262,.F.);
#5273=CARTESIAN_POINT('',(0.E0,-1.175E1,-8.726790720181E-14));
#5274=DIRECTION('',(0.E0,0.E0,1.E0));
#5275=DIRECTION('',(-1.E0,0.E0,0.E0));
#5276=AXIS2_PLACEMENT_3D('',#5273,#5274,#5275);
#5277=SPHERICAL_SURFACE('',#5276,1.21E0);
#5278=ORIENTED_EDGE('',*,*,#5263,.F.);
#5279=ORIENTED_EDGE('',*,*,#5236,.T.);
#5280=ORIENTED_EDGE('',*,*,#5234,.F.);
#5281=ORIENTED_EDGE('',*,*,#5266,.T.);
#5282=ORIENTED_EDGE('',*,*,#4493,.T.);
#5283=EDGE_LOOP('',(#5278,#5279,#5280,#5281,#5282));
#5284=FACE_OUTER_BOUND('',#5283,.F.);
#5285=ADVANCED_FACE('',(#5284),#5277,.F.);
#5286=CARTESIAN_POINT('',(0.E0,-9.884729010766E0,-6.352529605103E0));
#5287=DIRECTION('',(0.E0,-5.406408174556E-1,8.412535328312E-1));
#5288=DIRECTION('',(-1.E0,0.E0,0.E0));
#5289=AXIS2_PLACEMENT_3D('',#5286,#5287,#5288);
#5290=SPHERICAL_SURFACE('',#5289,1.21E0);
#5291=ORIENTED_EDGE('',*,*,#4651,.T.);
#5293=ORIENTED_EDGE('',*,*,#5292,.T.);
#5295=ORIENTED_EDGE('',*,*,#5294,.T.);
#5297=ORIENTED_EDGE('',*,*,#5296,.F.);
#5299=ORIENTED_EDGE('',*,*,#5298,.F.);
#5300=EDGE_LOOP('',(#5291,#5293,#5295,#5297,#5299));
#5301=FACE_OUTER_BOUND('',#5300,.F.);
#5302=ADVANCED_FACE('',(#5301),#5290,.F.);
#5303=CARTESIAN_POINT('',(0.E0,-9.884729010766E0,-6.352529605103E0));
#5304=DIRECTION('',(0.E0,-5.406408174556E-1,8.412535328312E-1));
#5305=DIRECTION('',(-1.E0,0.E0,0.E0));
#5306=AXIS2_PLACEMENT_3D('',#5303,#5304,#5305);
#5307=SPHERICAL_SURFACE('',#5306,1.21E0);
#5308=ORIENTED_EDGE('',*,*,#5298,.T.);
#5310=ORIENTED_EDGE('',*,*,#5309,.F.);
#5312=ORIENTED_EDGE('',*,*,#5311,.T.);
#5313=ORIENTED_EDGE('',*,*,#5292,.F.);
#5314=ORIENTED_EDGE('',*,*,#4653,.T.);
#5315=EDGE_LOOP('',(#5308,#5310,#5312,#5313,#5314));
#5316=FACE_OUTER_BOUND('',#5315,.F.);
#5317=ADVANCED_FACE('',(#5316),#5307,.F.);
#5318=CARTESIAN_POINT('',(0.E0,-9.884729010766E0,-6.352529605103E0));
#5319=DIRECTION('',(0.E0,-5.406408174556E-1,8.412535328312E-1));
#5320=DIRECTION('',(-1.E0,0.E0,0.E0));
#5321=AXIS2_PLACEMENT_3D('',#5318,#5319,#5320);
#5322=SPHERICAL_SURFACE('',#5321,1.21E0);
#5324=ORIENTED_EDGE('',*,*,#5323,.T.);
#5325=ORIENTED_EDGE('',*,*,#4485,.T.);
#5327=ORIENTED_EDGE('',*,*,#5326,.F.);
#5328=ORIENTED_EDGE('',*,*,#5311,.F.);
#5329=ORIENTED_EDGE('',*,*,#5309,.T.);
#5330=EDGE_LOOP('',(#5324,#5325,#5327,#5328,#5329));
#5331=FACE_OUTER_BOUND('',#5330,.F.);
#5332=ADVANCED_FACE('',(#5331),#5322,.F.);
#5333=CARTESIAN_POINT('',(0.E0,-9.884729010766E0,-6.352529605103E0));
#5334=DIRECTION('',(0.E0,-5.406408174556E-1,8.412535328312E-1));
#5335=DIRECTION('',(-1.E0,0.E0,0.E0));
#5336=AXIS2_PLACEMENT_3D('',#5333,#5334,#5335);
#5337=SPHERICAL_SURFACE('',#5336,1.21E0);
#5338=ORIENTED_EDGE('',*,*,#5323,.F.);
#5339=ORIENTED_EDGE('',*,*,#5296,.T.);
#5340=ORIENTED_EDGE('',*,*,#5294,.F.);
#5341=ORIENTED_EDGE('',*,*,#5326,.T.);
#5342=ORIENTED_EDGE('',*,*,#4487,.T.);
#5343=EDGE_LOOP('',(#5338,#5339,#5340,#5341,#5342));
#5344=FACE_OUTER_BOUND('',#5343,.F.);
#5345=ADVANCED_FACE('',(#5344),#5337,.F.);
#5346=CARTESIAN_POINT('',(0.E0,-4.881126402772E0,-1.068817594542E1));
#5347=DIRECTION('',(0.E0,-9.096319953545E-1,4.154150130019E-1));
#5348=DIRECTION('',(-1.E0,0.E0,0.E0));
#5349=AXIS2_PLACEMENT_3D('',#5346,#5347,#5348);
#5350=SPHERICAL_SURFACE('',#5349,1.21E0);
#5351=ORIENTED_EDGE('',*,*,#4657,.T.);
#5353=ORIENTED_EDGE('',*,*,#5352,.T.);
#5355=ORIENTED_EDGE('',*,*,#5354,.T.);
#5357=ORIENTED_EDGE('',*,*,#5356,.F.);
#5359=ORIENTED_EDGE('',*,*,#5358,.F.);
#5360=EDGE_LOOP('',(#5351,#5353,#5355,#5357,#5359));
#5361=FACE_OUTER_BOUND('',#5360,.F.);
#5362=ADVANCED_FACE('',(#5361),#5350,.F.);
#5363=CARTESIAN_POINT('',(0.E0,-4.881126402772E0,-1.068817594542E1));
#5364=DIRECTION('',(0.E0,-9.096319953545E-1,4.154150130019E-1));
#5365=DIRECTION('',(-1.E0,0.E0,0.E0));
#5366=AXIS2_PLACEMENT_3D('',#5363,#5364,#5365);
#5367=SPHERICAL_SURFACE('',#5366,1.21E0);
#5368=ORIENTED_EDGE('',*,*,#5358,.T.);
#5370=ORIENTED_EDGE('',*,*,#5369,.F.);
#5372=ORIENTED_EDGE('',*,*,#5371,.T.);
#5373=ORIENTED_EDGE('',*,*,#5352,.F.);
#5374=ORIENTED_EDGE('',*,*,#4659,.T.);
#5375=EDGE_LOOP('',(#5368,#5370,#5372,#5373,#5374));
#5376=FACE_OUTER_BOUND('',#5375,.F.);
#5377=ADVANCED_FACE('',(#5376),#5367,.F.);
#5378=CARTESIAN_POINT('',(0.E0,-4.881126402772E0,-1.068817594542E1));
#5379=DIRECTION('',(0.E0,-9.096319953545E-1,4.154150130019E-1));
#5380=DIRECTION('',(-1.E0,0.E0,0.E0));
#5381=AXIS2_PLACEMENT_3D('',#5378,#5379,#5380);
#5382=SPHERICAL_SURFACE('',#5381,1.21E0);
#5384=ORIENTED_EDGE('',*,*,#5383,.T.);
#5385=ORIENTED_EDGE('',*,*,#4479,.T.);
#5387=ORIENTED_EDGE('',*,*,#5386,.F.);
#5388=ORIENTED_EDGE('',*,*,#5371,.F.);
#5389=ORIENTED_EDGE('',*,*,#5369,.T.);
#5390=EDGE_LOOP('',(#5384,#5385,#5387,#5388,#5389));
#5391=FACE_OUTER_BOUND('',#5390,.F.);
#5392=ADVANCED_FACE('',(#5391),#5382,.F.);
#5393=CARTESIAN_POINT('',(0.E0,-4.881126402772E0,-1.068817594542E1));
#5394=DIRECTION('',(0.E0,-9.096319953545E-1,4.154150130019E-1));
#5395=DIRECTION('',(-1.E0,0.E0,0.E0));
#5396=AXIS2_PLACEMENT_3D('',#5393,#5394,#5395);
#5397=SPHERICAL_SURFACE('',#5396,1.21E0);
#5398=ORIENTED_EDGE('',*,*,#5383,.F.);
#5399=ORIENTED_EDGE('',*,*,#5356,.T.);
#5400=ORIENTED_EDGE('',*,*,#5354,.F.);
#5401=ORIENTED_EDGE('',*,*,#5386,.T.);
#5402=ORIENTED_EDGE('',*,*,#4481,.T.);
#5403=EDGE_LOOP('',(#5398,#5399,#5400,#5401,#5402));
#5404=FACE_OUTER_BOUND('',#5403,.F.);
#5405=ADVANCED_FACE('',(#5404),#5397,.F.);
#5406=CARTESIAN_POINT('',(0.E0,9.884729010766E0,-6.352529605103E0));
#5407=DIRECTION('',(0.E0,-5.406408174556E-1,-8.412535328312E-1));
#5408=DIRECTION('',(-1.E0,0.E0,0.E0));
#5409=AXIS2_PLACEMENT_3D('',#5406,#5407,#5408);
#5410=SPHERICAL_SURFACE('',#5409,1.21E0);
#5412=ORIENTED_EDGE('',*,*,#5411,.T.);
#5413=ORIENTED_EDGE('',*,*,#4399,.T.);
#5415=ORIENTED_EDGE('',*,*,#5414,.F.);
#5416=ORIENTED_EDGE('',*,*,#4235,.F.);
#5417=ORIENTED_EDGE('',*,*,#4233,.T.);
#5418=EDGE_LOOP('',(#5412,#5413,#5415,#5416,#5417));
#5419=FACE_OUTER_BOUND('',#5418,.F.);
#5420=ADVANCED_FACE('',(#5419),#5410,.F.);
#5421=CARTESIAN_POINT('',(0.E0,9.884729010766E0,-6.352529605103E0));
#5422=DIRECTION('',(0.E0,-5.406408174556E-1,-8.412535328312E-1));
#5423=DIRECTION('',(-1.E0,0.E0,0.E0));
#5424=AXIS2_PLACEMENT_3D('',#5421,#5422,#5423);
#5425=SPHERICAL_SURFACE('',#5424,1.21E0);
#5426=ORIENTED_EDGE('',*,*,#5411,.F.);
#5427=ORIENTED_EDGE('',*,*,#4254,.T.);
#5428=ORIENTED_EDGE('',*,*,#4252,.F.);
#5429=ORIENTED_EDGE('',*,*,#5414,.T.);
#5430=ORIENTED_EDGE('',*,*,#4401,.T.);
#5431=EDGE_LOOP('',(#5426,#5427,#5428,#5429,#5430));
#5432=FACE_OUTER_BOUND('',#5431,.F.);
#5433=ADVANCED_FACE('',(#5432),#5425,.F.);
#5434=CARTESIAN_POINT('',(0.E0,4.881126402772E0,-1.068817594542E1));
#5435=DIRECTION('',(0.E0,-9.096319953545E-1,-4.154150130019E-1));
#5436=DIRECTION('',(-1.E0,0.E0,0.E0));
#5437=AXIS2_PLACEMENT_3D('',#5434,#5435,#5436);
#5438=SPHERICAL_SURFACE('',#5437,1.21E0);
#5440=ORIENTED_EDGE('',*,*,#5439,.T.);
#5441=ORIENTED_EDGE('',*,*,#4405,.T.);
#5443=ORIENTED_EDGE('',*,*,#5442,.F.);
#5445=ORIENTED_EDGE('',*,*,#5444,.F.);
#5447=ORIENTED_EDGE('',*,*,#5446,.T.);
#5448=EDGE_LOOP('',(#5440,#5441,#5443,#5445,#5447));
#5449=FACE_OUTER_BOUND('',#5448,.F.);
#5450=ADVANCED_FACE('',(#5449),#5438,.F.);
#5451=CARTESIAN_POINT('',(0.E0,4.881126402772E0,-1.068817594542E1));
#5452=DIRECTION('',(0.E0,-9.096319953545E-1,-4.154150130019E-1));
#5453=DIRECTION('',(-1.E0,0.E0,0.E0));
#5454=AXIS2_PLACEMENT_3D('',#5451,#5452,#5453);
#5455=SPHERICAL_SURFACE('',#5454,1.21E0);
#5456=ORIENTED_EDGE('',*,*,#5439,.F.);
#5458=ORIENTED_EDGE('',*,*,#5457,.T.);
#5460=ORIENTED_EDGE('',*,*,#5459,.F.);
#5461=ORIENTED_EDGE('',*,*,#5442,.T.);
#5462=ORIENTED_EDGE('',*,*,#4407,.T.);
#5463=EDGE_LOOP('',(#5456,#5458,#5460,#5461,#5462));
#5464=FACE_OUTER_BOUND('',#5463,.F.);
#5465=ADVANCED_FACE('',(#5464),#5455,.F.);
#5466=CARTESIAN_POINT('',(0.E0,4.881126402772E0,-1.068817594542E1));
#5467=DIRECTION('',(0.E0,-9.096319953545E-1,-4.154150130019E-1));
#5468=DIRECTION('',(-1.E0,0.E0,0.E0));
#5469=AXIS2_PLACEMENT_3D('',#5466,#5467,#5468);
#5470=SPHERICAL_SURFACE('',#5469,1.21E0);
#5471=ORIENTED_EDGE('',*,*,#4329,.T.);
#5473=ORIENTED_EDGE('',*,*,#5472,.T.);
#5474=ORIENTED_EDGE('',*,*,#5459,.T.);
#5475=ORIENTED_EDGE('',*,*,#5457,.F.);
#5477=ORIENTED_EDGE('',*,*,#5476,.F.);
#5478=EDGE_LOOP('',(#5471,#5473,#5474,#5475,#5477));
#5479=FACE_OUTER_BOUND('',#5478,.F.);
#5480=ADVANCED_FACE('',(#5479),#5470,.F.);
#5481=CARTESIAN_POINT('',(0.E0,4.881126402772E0,-1.068817594542E1));
#5482=DIRECTION('',(0.E0,-9.096319953545E-1,-4.154150130019E-1));
#5483=DIRECTION('',(-1.E0,0.E0,0.E0));
#5484=AXIS2_PLACEMENT_3D('',#5481,#5482,#5483);
#5485=SPHERICAL_SURFACE('',#5484,1.21E0);
#5486=ORIENTED_EDGE('',*,*,#5476,.T.);
#5487=ORIENTED_EDGE('',*,*,#5446,.F.);
#5488=ORIENTED_EDGE('',*,*,#5444,.T.);
#5489=ORIENTED_EDGE('',*,*,#5472,.F.);
#5490=ORIENTED_EDGE('',*,*,#4331,.T.);
#5491=EDGE_LOOP('',(#5486,#5487,#5488,#5489,#5490));
#5492=FACE_OUTER_BOUND('',#5491,.F.);
#5493=ADVANCED_FACE('',(#5492),#5485,.F.);
#5494=CARTESIAN_POINT('',(0.E0,4.881126402772E0,1.068817594542E1));
#5495=DIRECTION('',(0.E0,9.096319953545E-1,-4.154150130019E-1));
#5496=DIRECTION('',(-1.E0,0.E0,0.E0));
#5497=AXIS2_PLACEMENT_3D('',#5494,#5495,#5496);
#5498=SPHERICAL_SURFACE('',#5497,1.21E0);
#5500=ORIENTED_EDGE('',*,*,#5499,.T.);
#5501=ORIENTED_EDGE('',*,*,#4411,.T.);
#5503=ORIENTED_EDGE('',*,*,#5502,.F.);
#5505=ORIENTED_EDGE('',*,*,#5504,.F.);
#5507=ORIENTED_EDGE('',*,*,#5506,.T.);
#5508=EDGE_LOOP('',(#5500,#5501,#5503,#5505,#5507));
#5509=FACE_OUTER_BOUND('',#5508,.F.);
#5510=ADVANCED_FACE('',(#5509),#5498,.F.);
#5511=CARTESIAN_POINT('',(0.E0,4.881126402772E0,1.068817594542E1));
#5512=DIRECTION('',(0.E0,9.096319953545E-1,-4.154150130019E-1));
#5513=DIRECTION('',(-1.E0,0.E0,0.E0));
#5514=AXIS2_PLACEMENT_3D('',#5511,#5512,#5513);
#5515=SPHERICAL_SURFACE('',#5514,1.21E0);
#5516=ORIENTED_EDGE('',*,*,#5499,.F.);
#5518=ORIENTED_EDGE('',*,*,#5517,.T.);
#5520=ORIENTED_EDGE('',*,*,#5519,.F.);
#5521=ORIENTED_EDGE('',*,*,#5502,.T.);
#5522=ORIENTED_EDGE('',*,*,#4413,.T.);
#5523=EDGE_LOOP('',(#5516,#5518,#5520,#5521,#5522));
#5524=FACE_OUTER_BOUND('',#5523,.F.);
#5525=ADVANCED_FACE('',(#5524),#5515,.F.);
#5526=CARTESIAN_POINT('',(0.E0,4.881126402772E0,1.068817594542E1));
#5527=DIRECTION('',(0.E0,9.096319953545E-1,-4.154150130019E-1));
#5528=DIRECTION('',(-1.E0,0.E0,0.E0));
#5529=AXIS2_PLACEMENT_3D('',#5526,#5527,#5528);
#5530=SPHERICAL_SURFACE('',#5529,1.21E0);
#5531=ORIENTED_EDGE('',*,*,#4323,.T.);
#5533=ORIENTED_EDGE('',*,*,#5532,.T.);
#5534=ORIENTED_EDGE('',*,*,#5519,.T.);
#5535=ORIENTED_EDGE('',*,*,#5517,.F.);
#5537=ORIENTED_EDGE('',*,*,#5536,.F.);
#5538=EDGE_LOOP('',(#5531,#5533,#5534,#5535,#5537));
#5539=FACE_OUTER_BOUND('',#5538,.F.);
#5540=ADVANCED_FACE('',(#5539),#5530,.F.);
#5541=CARTESIAN_POINT('',(0.E0,4.881126402772E0,1.068817594542E1));
#5542=DIRECTION('',(0.E0,9.096319953545E-1,-4.154150130019E-1));
#5543=DIRECTION('',(-1.E0,0.E0,0.E0));
#5544=AXIS2_PLACEMENT_3D('',#5541,#5542,#5543);
#5545=SPHERICAL_SURFACE('',#5544,1.21E0);
#5546=ORIENTED_EDGE('',*,*,#5536,.T.);
#5547=ORIENTED_EDGE('',*,*,#5506,.F.);
#5548=ORIENTED_EDGE('',*,*,#5504,.T.);
#5549=ORIENTED_EDGE('',*,*,#5532,.F.);
#5550=ORIENTED_EDGE('',*,*,#4325,.T.);
#5551=EDGE_LOOP('',(#5546,#5547,#5548,#5549,#5550));
#5552=FACE_OUTER_BOUND('',#5551,.F.);
#5553=ADVANCED_FACE('',(#5552),#5545,.F.);
#5554=CARTESIAN_POINT('',(0.E0,9.884729010766E0,6.352529605103E0));
#5555=DIRECTION('',(0.E0,5.406408174556E-1,-8.412535328312E-1));
#5556=DIRECTION('',(-1.E0,0.E0,0.E0));
#5557=AXIS2_PLACEMENT_3D('',#5554,#5555,#5556);
#5558=SPHERICAL_SURFACE('',#5557,1.21E0);
#5560=ORIENTED_EDGE('',*,*,#5559,.T.);
#5561=ORIENTED_EDGE('',*,*,#4417,.T.);
#5563=ORIENTED_EDGE('',*,*,#5562,.F.);
#5565=ORIENTED_EDGE('',*,*,#5564,.F.);
#5567=ORIENTED_EDGE('',*,*,#5566,.T.);
#5568=EDGE_LOOP('',(#5560,#5561,#5563,#5565,#5567));
#5569=FACE_OUTER_BOUND('',#5568,.F.);
#5570=ADVANCED_FACE('',(#5569),#5558,.F.);
#5571=CARTESIAN_POINT('',(0.E0,9.884729010766E0,6.352529605103E0));
#5572=DIRECTION('',(0.E0,5.406408174556E-1,-8.412535328312E-1));
#5573=DIRECTION('',(-1.E0,0.E0,0.E0));
#5574=AXIS2_PLACEMENT_3D('',#5571,#5572,#5573);
#5575=SPHERICAL_SURFACE('',#5574,1.21E0);
#5576=ORIENTED_EDGE('',*,*,#5559,.F.);
#5578=ORIENTED_EDGE('',*,*,#5577,.T.);
#5580=ORIENTED_EDGE('',*,*,#5579,.F.);
#5581=ORIENTED_EDGE('',*,*,#5562,.T.);
#5582=ORIENTED_EDGE('',*,*,#4419,.T.);
#5583=EDGE_LOOP('',(#5576,#5578,#5580,#5581,#5582));
#5584=FACE_OUTER_BOUND('',#5583,.F.);
#5585=ADVANCED_FACE('',(#5584),#5575,.F.);
#5586=CARTESIAN_POINT('',(0.E0,9.884729010766E0,6.352529605103E0));
#5587=DIRECTION('',(0.E0,5.406408174556E-1,-8.412535328312E-1));
#5588=DIRECTION('',(-1.E0,0.E0,0.E0));
#5589=AXIS2_PLACEMENT_3D('',#5586,#5587,#5588);
#5590=SPHERICAL_SURFACE('',#5589,1.21E0);
#5591=ORIENTED_EDGE('',*,*,#4317,.T.);
#5593=ORIENTED_EDGE('',*,*,#5592,.T.);
#5594=ORIENTED_EDGE('',*,*,#5579,.T.);
#5595=ORIENTED_EDGE('',*,*,#5577,.F.);
#5597=ORIENTED_EDGE('',*,*,#5596,.F.);
#5598=EDGE_LOOP('',(#5591,#5593,#5594,#5595,#5597));
#5599=FACE_OUTER_BOUND('',#5598,.F.);
#5600=ADVANCED_FACE('',(#5599),#5590,.F.);
#5601=CARTESIAN_POINT('',(0.E0,9.884729010766E0,6.352529605103E0));
#5602=DIRECTION('',(0.E0,5.406408174556E-1,-8.412535328312E-1));
#5603=DIRECTION('',(-1.E0,0.E0,0.E0));
#5604=AXIS2_PLACEMENT_3D('',#5601,#5602,#5603);
#5605=SPHERICAL_SURFACE('',#5604,1.21E0);
#5606=ORIENTED_EDGE('',*,*,#5596,.T.);
#5607=ORIENTED_EDGE('',*,*,#5566,.F.);
#5608=ORIENTED_EDGE('',*,*,#5564,.T.);
#5609=ORIENTED_EDGE('',*,*,#5592,.F.);
#5610=ORIENTED_EDGE('',*,*,#4319,.T.);
#5611=EDGE_LOOP('',(#5606,#5607,#5608,#5609,#5610));
#5612=FACE_OUTER_BOUND('',#5611,.F.);
#5613=ADVANCED_FACE('',(#5612),#5605,.F.);
#5614=CARTESIAN_POINT('',(0.E0,1.175E1,0.E0));
#5615=DIRECTION('',(0.E0,0.E0,-1.E0));
#5616=DIRECTION('',(-1.E0,0.E0,0.E0));
#5617=AXIS2_PLACEMENT_3D('',#5614,#5615,#5616);
#5618=SPHERICAL_SURFACE('',#5617,1.21E0);
#5620=ORIENTED_EDGE('',*,*,#5619,.T.);
#5621=ORIENTED_EDGE('',*,*,#4423,.T.);
#5623=ORIENTED_EDGE('',*,*,#5622,.F.);
#5625=ORIENTED_EDGE('',*,*,#5624,.F.);
#5627=ORIENTED_EDGE('',*,*,#5626,.T.);
#5628=EDGE_LOOP('',(#5620,#5621,#5623,#5625,#5627));
#5629=FACE_OUTER_BOUND('',#5628,.F.);
#5630=ADVANCED_FACE('',(#5629),#5618,.F.);
#5631=CARTESIAN_POINT('',(0.E0,1.175E1,0.E0));
#5632=DIRECTION('',(0.E0,0.E0,-1.E0));
#5633=DIRECTION('',(-1.E0,0.E0,0.E0));
#5634=AXIS2_PLACEMENT_3D('',#5631,#5632,#5633);
#5635=SPHERICAL_SURFACE('',#5634,1.21E0);
#5636=ORIENTED_EDGE('',*,*,#5619,.F.);
#5638=ORIENTED_EDGE('',*,*,#5637,.T.);
#5640=ORIENTED_EDGE('',*,*,#5639,.F.);
#5641=ORIENTED_EDGE('',*,*,#5622,.T.);
#5642=ORIENTED_EDGE('',*,*,#4425,.T.);
#5643=EDGE_LOOP('',(#5636,#5638,#5640,#5641,#5642));
#5644=FACE_OUTER_BOUND('',#5643,.F.);
#5645=ADVANCED_FACE('',(#5644),#5635,.F.);
#5646=CARTESIAN_POINT('',(0.E0,1.175E1,0.E0));
#5647=DIRECTION('',(0.E0,0.E0,-1.E0));
#5648=DIRECTION('',(-1.E0,0.E0,0.E0));
#5649=AXIS2_PLACEMENT_3D('',#5646,#5647,#5648);
#5650=SPHERICAL_SURFACE('',#5649,1.21E0);
#5651=ORIENTED_EDGE('',*,*,#4311,.T.);
#5653=ORIENTED_EDGE('',*,*,#5652,.T.);
#5654=ORIENTED_EDGE('',*,*,#5639,.T.);
#5655=ORIENTED_EDGE('',*,*,#5637,.F.);
#5657=ORIENTED_EDGE('',*,*,#5656,.F.);
#5658=EDGE_LOOP('',(#5651,#5653,#5654,#5655,#5657));
#5659=FACE_OUTER_BOUND('',#5658,.F.);
#5660=ADVANCED_FACE('',(#5659),#5650,.F.);
#5661=CARTESIAN_POINT('',(0.E0,1.175E1,0.E0));
#5662=DIRECTION('',(0.E0,0.E0,-1.E0));
#5663=DIRECTION('',(-1.E0,0.E0,0.E0));
#5664=AXIS2_PLACEMENT_3D('',#5661,#5662,#5663);
#5665=SPHERICAL_SURFACE('',#5664,1.21E0);
#5666=ORIENTED_EDGE('',*,*,#5656,.T.);
#5667=ORIENTED_EDGE('',*,*,#5626,.F.);
#5668=ORIENTED_EDGE('',*,*,#5624,.T.);
#5669=ORIENTED_EDGE('',*,*,#5652,.F.);
#5670=ORIENTED_EDGE('',*,*,#4313,.T.);
#5671=EDGE_LOOP('',(#5666,#5667,#5668,#5669,#5670));
#5672=FACE_OUTER_BOUND('',#5671,.F.);
#5673=ADVANCED_FACE('',(#5672),#5665,.F.);
#5674=CARTESIAN_POINT('',(0.E0,1.127404243997E1,3.310357542887E0));
#5675=DIRECTION('',(0.E0,2.817325568414E-1,-9.594929736145E-1));
#5676=DIRECTION('',(-1.E0,0.E0,0.E0));
#5677=AXIS2_PLACEMENT_3D('',#5674,#5675,#5676);
#5678=SPHERICAL_SURFACE('',#5677,1.21E0);
#5680=ORIENTED_EDGE('',*,*,#5679,.T.);
#5681=ORIENTED_EDGE('',*,*,#4429,.T.);
#5683=ORIENTED_EDGE('',*,*,#5682,.F.);
#5685=ORIENTED_EDGE('',*,*,#5684,.F.);
#5687=ORIENTED_EDGE('',*,*,#5686,.T.);
#5688=EDGE_LOOP('',(#5680,#5681,#5683,#5685,#5687));
#5689=FACE_OUTER_BOUND('',#5688,.F.);
#5690=ADVANCED_FACE('',(#5689),#5678,.F.);
#5691=CARTESIAN_POINT('',(0.E0,1.127404243997E1,3.310357542887E0));
#5692=DIRECTION('',(0.E0,2.817325568414E-1,-9.594929736145E-1));
#5693=DIRECTION('',(-1.E0,0.E0,0.E0));
#5694=AXIS2_PLACEMENT_3D('',#5691,#5692,#5693);
#5695=SPHERICAL_SURFACE('',#5694,1.21E0);
#5696=ORIENTED_EDGE('',*,*,#5679,.F.);
#5698=ORIENTED_EDGE('',*,*,#5697,.T.);
#5700=ORIENTED_EDGE('',*,*,#5699,.F.);
#5701=ORIENTED_EDGE('',*,*,#5682,.T.);
#5702=ORIENTED_EDGE('',*,*,#4431,.T.);
#5703=EDGE_LOOP('',(#5696,#5698,#5700,#5701,#5702));
#5704=FACE_OUTER_BOUND('',#5703,.F.);
#5705=ADVANCED_FACE('',(#5704),#5695,.F.);
#5706=CARTESIAN_POINT('',(0.E0,1.127404243997E1,3.310357542887E0));
#5707=DIRECTION('',(0.E0,2.817325568414E-1,-9.594929736145E-1));
#5708=DIRECTION('',(-1.E0,0.E0,0.E0));
#5709=AXIS2_PLACEMENT_3D('',#5706,#5707,#5708);
#5710=SPHERICAL_SURFACE('',#5709,1.21E0);
#5711=ORIENTED_EDGE('',*,*,#4305,.T.);
#5713=ORIENTED_EDGE('',*,*,#5712,.T.);
#5714=ORIENTED_EDGE('',*,*,#5699,.T.);
#5715=ORIENTED_EDGE('',*,*,#5697,.F.);
#5717=ORIENTED_EDGE('',*,*,#5716,.F.);
#5718=EDGE_LOOP('',(#5711,#5713,#5714,#5715,#5717));
#5719=FACE_OUTER_BOUND('',#5718,.F.);
#5720=ADVANCED_FACE('',(#5719),#5710,.F.);
#5721=CARTESIAN_POINT('',(0.E0,1.127404243997E1,3.310357542887E0));
#5722=DIRECTION('',(0.E0,2.817325568414E-1,-9.594929736145E-1));
#5723=DIRECTION('',(-1.E0,0.E0,0.E0));
#5724=AXIS2_PLACEMENT_3D('',#5721,#5722,#5723);
#5725=SPHERICAL_SURFACE('',#5724,1.21E0);
#5726=ORIENTED_EDGE('',*,*,#5716,.T.);
#5727=ORIENTED_EDGE('',*,*,#5686,.F.);
#5728=ORIENTED_EDGE('',*,*,#5684,.T.);
#5729=ORIENTED_EDGE('',*,*,#5712,.F.);
#5730=ORIENTED_EDGE('',*,*,#4307,.T.);
#5731=EDGE_LOOP('',(#5726,#5727,#5728,#5729,#5730));
#5732=FACE_OUTER_BOUND('',#5731,.F.);
#5733=ADVANCED_FACE('',(#5732),#5725,.F.);
#5734=CARTESIAN_POINT('',(0.E0,7.694613623857E0,8.880057498663E0));
#5735=DIRECTION('',(0.E0,7.557495743543E-1,-6.548607339453E-1));
#5736=DIRECTION('',(-1.E0,0.E0,0.E0));
#5737=AXIS2_PLACEMENT_3D('',#5734,#5735,#5736);
#5738=SPHERICAL_SURFACE('',#5737,1.21E0);
#5740=ORIENTED_EDGE('',*,*,#5739,.T.);
#5741=ORIENTED_EDGE('',*,*,#4435,.T.);
#5743=ORIENTED_EDGE('',*,*,#5742,.F.);
#5745=ORIENTED_EDGE('',*,*,#5744,.F.);
#5747=ORIENTED_EDGE('',*,*,#5746,.T.);
#5748=EDGE_LOOP('',(#5740,#5741,#5743,#5745,#5747));
#5749=FACE_OUTER_BOUND('',#5748,.F.);
#5750=ADVANCED_FACE('',(#5749),#5738,.F.);
#5751=CARTESIAN_POINT('',(0.E0,7.694613623857E0,8.880057498663E0));
#5752=DIRECTION('',(0.E0,7.557495743543E-1,-6.548607339453E-1));
#5753=DIRECTION('',(-1.E0,0.E0,0.E0));
#5754=AXIS2_PLACEMENT_3D('',#5751,#5752,#5753);
#5755=SPHERICAL_SURFACE('',#5754,1.21E0);
#5756=ORIENTED_EDGE('',*,*,#5739,.F.);
#5758=ORIENTED_EDGE('',*,*,#5757,.T.);
#5760=ORIENTED_EDGE('',*,*,#5759,.F.);
#5761=ORIENTED_EDGE('',*,*,#5742,.T.);
#5762=ORIENTED_EDGE('',*,*,#4437,.T.);
#5763=EDGE_LOOP('',(#5756,#5758,#5760,#5761,#5762));
#5764=FACE_OUTER_BOUND('',#5763,.F.);
#5765=ADVANCED_FACE('',(#5764),#5755,.F.);
#5766=CARTESIAN_POINT('',(0.E0,7.694613623857E0,8.880057498663E0));
#5767=DIRECTION('',(0.E0,7.557495743543E-1,-6.548607339453E-1));
#5768=DIRECTION('',(-1.E0,0.E0,0.E0));
#5769=AXIS2_PLACEMENT_3D('',#5766,#5767,#5768);
#5770=SPHERICAL_SURFACE('',#5769,1.21E0);
#5771=ORIENTED_EDGE('',*,*,#4299,.T.);
#5773=ORIENTED_EDGE('',*,*,#5772,.T.);
#5774=ORIENTED_EDGE('',*,*,#5759,.T.);
#5775=ORIENTED_EDGE('',*,*,#5757,.F.);
#5777=ORIENTED_EDGE('',*,*,#5776,.F.);
#5778=EDGE_LOOP('',(#5771,#5773,#5774,#5775,#5777));
#5779=FACE_OUTER_BOUND('',#5778,.F.);
#5780=ADVANCED_FACE('',(#5779),#5770,.F.);
#5781=CARTESIAN_POINT('',(0.E0,7.694613623857E0,8.880057498663E0));
#5782=DIRECTION('',(0.E0,7.557495743543E-1,-6.548607339453E-1));
#5783=DIRECTION('',(-1.E0,0.E0,0.E0));
#5784=AXIS2_PLACEMENT_3D('',#5781,#5782,#5783);
#5785=SPHERICAL_SURFACE('',#5784,1.21E0);
#5786=ORIENTED_EDGE('',*,*,#5776,.T.);
#5787=ORIENTED_EDGE('',*,*,#5746,.F.);
#5788=ORIENTED_EDGE('',*,*,#5744,.T.);
#5789=ORIENTED_EDGE('',*,*,#5772,.F.);
#5790=ORIENTED_EDGE('',*,*,#4301,.T.);
#5791=EDGE_LOOP('',(#5786,#5787,#5788,#5789,#5790));
#5792=FACE_OUTER_BOUND('',#5791,.F.);
#5793=ADVANCED_FACE('',(#5792),#5785,.F.);
#5794=CARTESIAN_POINT('',(0.E0,1.672199349711E0,1.163040194210E1));
#5795=DIRECTION('',(0.E0,9.898214418809E-1,-1.423148382733E-1));
#5796=DIRECTION('',(-1.E0,0.E0,0.E0));
#5797=AXIS2_PLACEMENT_3D('',#5794,#5795,#5796);
#5798=SPHERICAL_SURFACE('',#5797,1.21E0);
#5800=ORIENTED_EDGE('',*,*,#5799,.T.);
#5801=ORIENTED_EDGE('',*,*,#4441,.T.);
#5803=ORIENTED_EDGE('',*,*,#5802,.F.);
#5805=ORIENTED_EDGE('',*,*,#5804,.F.);
#5807=ORIENTED_EDGE('',*,*,#5806,.T.);
#5808=EDGE_LOOP('',(#5800,#5801,#5803,#5805,#5807));
#5809=FACE_OUTER_BOUND('',#5808,.F.);
#5810=ADVANCED_FACE('',(#5809),#5798,.F.);
#5811=CARTESIAN_POINT('',(0.E0,1.672199349711E0,1.163040194210E1));
#5812=DIRECTION('',(0.E0,9.898214418809E-1,-1.423148382733E-1));
#5813=DIRECTION('',(-1.E0,0.E0,0.E0));
#5814=AXIS2_PLACEMENT_3D('',#5811,#5812,#5813);
#5815=SPHERICAL_SURFACE('',#5814,1.21E0);
#5816=ORIENTED_EDGE('',*,*,#5799,.F.);
#5818=ORIENTED_EDGE('',*,*,#5817,.T.);
#5820=ORIENTED_EDGE('',*,*,#5819,.F.);
#5821=ORIENTED_EDGE('',*,*,#5802,.T.);
#5822=ORIENTED_EDGE('',*,*,#4443,.T.);
#5823=EDGE_LOOP('',(#5816,#5818,#5820,#5821,#5822));
#5824=FACE_OUTER_BOUND('',#5823,.F.);
#5825=ADVANCED_FACE('',(#5824),#5815,.F.);
#5826=CARTESIAN_POINT('',(0.E0,1.672199349711E0,1.163040194210E1));
#5827=DIRECTION('',(0.E0,9.898214418809E-1,-1.423148382733E-1));
#5828=DIRECTION('',(-1.E0,0.E0,0.E0));
#5829=AXIS2_PLACEMENT_3D('',#5826,#5827,#5828);
#5830=SPHERICAL_SURFACE('',#5829,1.21E0);
#5831=ORIENTED_EDGE('',*,*,#4293,.T.);
#5833=ORIENTED_EDGE('',*,*,#5832,.T.);
#5834=ORIENTED_EDGE('',*,*,#5819,.T.);
#5835=ORIENTED_EDGE('',*,*,#5817,.F.);
#5837=ORIENTED_EDGE('',*,*,#5836,.F.);
#5838=EDGE_LOOP('',(#5831,#5833,#5834,#5835,#5837));
#5839=FACE_OUTER_BOUND('',#5838,.F.);
#5840=ADVANCED_FACE('',(#5839),#5830,.F.);
#5841=CARTESIAN_POINT('',(0.E0,1.672199349711E0,1.163040194210E1));
#5842=DIRECTION('',(0.E0,9.898214418809E-1,-1.423148382733E-1));
#5843=DIRECTION('',(-1.E0,0.E0,0.E0));
#5844=AXIS2_PLACEMENT_3D('',#5841,#5842,#5843);
#5845=SPHERICAL_SURFACE('',#5844,1.21E0);
#5846=ORIENTED_EDGE('',*,*,#5836,.T.);
#5847=ORIENTED_EDGE('',*,*,#5806,.F.);
#5848=ORIENTED_EDGE('',*,*,#5804,.T.);
#5849=ORIENTED_EDGE('',*,*,#5832,.F.);
#5850=ORIENTED_EDGE('',*,*,#4295,.T.);
#5851=EDGE_LOOP('',(#5846,#5847,#5848,#5849,#5850));
#5852=FACE_OUTER_BOUND('',#5851,.F.);
#5853=ADVANCED_FACE('',(#5852),#5845,.F.);
#5854=CARTESIAN_POINT('',(0.E0,1.672199349711E0,-1.163040194210E1));
#5855=DIRECTION('',(0.E0,-9.898214418809E-1,-1.423148382733E-1));
#5856=DIRECTION('',(-1.E0,0.E0,0.E0));
#5857=AXIS2_PLACEMENT_3D('',#5854,#5855,#5856);
#5858=SPHERICAL_SURFACE('',#5857,1.21E0);
#5860=ORIENTED_EDGE('',*,*,#5859,.T.);
#5861=ORIENTED_EDGE('',*,*,#4447,.T.);
#5863=ORIENTED_EDGE('',*,*,#5862,.F.);
#5865=ORIENTED_EDGE('',*,*,#5864,.F.);
#5867=ORIENTED_EDGE('',*,*,#5866,.T.);
#5868=EDGE_LOOP('',(#5860,#5861,#5863,#5865,#5867));
#5869=FACE_OUTER_BOUND('',#5868,.F.);
#5870=ADVANCED_FACE('',(#5869),#5858,.F.);
#5871=CARTESIAN_POINT('',(0.E0,1.672199349711E0,-1.163040194210E1));
#5872=DIRECTION('',(0.E0,-9.898214418809E-1,-1.423148382733E-1));
#5873=DIRECTION('',(-1.E0,0.E0,0.E0));
#5874=AXIS2_PLACEMENT_3D('',#5871,#5872,#5873);
#5875=SPHERICAL_SURFACE('',#5874,1.21E0);
#5876=ORIENTED_EDGE('',*,*,#5859,.F.);
#5878=ORIENTED_EDGE('',*,*,#5877,.T.);
#5880=ORIENTED_EDGE('',*,*,#5879,.F.);
#5881=ORIENTED_EDGE('',*,*,#5862,.T.);
#5882=ORIENTED_EDGE('',*,*,#4449,.T.);
#5883=EDGE_LOOP('',(#5876,#5878,#5880,#5881,#5882));
#5884=FACE_OUTER_BOUND('',#5883,.F.);
#5885=ADVANCED_FACE('',(#5884),#5875,.F.);
#5886=CARTESIAN_POINT('',(0.E0,1.672199349711E0,-1.163040194210E1));
#5887=DIRECTION('',(0.E0,-9.898214418809E-1,-1.423148382733E-1));
#5888=DIRECTION('',(-1.E0,0.E0,0.E0));
#5889=AXIS2_PLACEMENT_3D('',#5886,#5887,#5888);
#5890=SPHERICAL_SURFACE('',#5889,1.21E0);
#5891=ORIENTED_EDGE('',*,*,#4287,.T.);
#5893=ORIENTED_EDGE('',*,*,#5892,.T.);
#5894=ORIENTED_EDGE('',*,*,#5879,.T.);
#5895=ORIENTED_EDGE('',*,*,#5877,.F.);
#5897=ORIENTED_EDGE('',*,*,#5896,.F.);
#5898=EDGE_LOOP('',(#5891,#5893,#5894,#5895,#5897));
#5899=FACE_OUTER_BOUND('',#5898,.F.);
#5900=ADVANCED_FACE('',(#5899),#5890,.F.);
#5901=CARTESIAN_POINT('',(0.E0,1.672199349711E0,-1.163040194210E1));
#5902=DIRECTION('',(0.E0,-9.898214418809E-1,-1.423148382733E-1));
#5903=DIRECTION('',(-1.E0,0.E0,0.E0));
#5904=AXIS2_PLACEMENT_3D('',#5901,#5902,#5903);
#5905=SPHERICAL_SURFACE('',#5904,1.21E0);
#5906=ORIENTED_EDGE('',*,*,#5896,.T.);
#5907=ORIENTED_EDGE('',*,*,#5866,.F.);
#5908=ORIENTED_EDGE('',*,*,#5864,.T.);
#5909=ORIENTED_EDGE('',*,*,#5892,.F.);
#5910=ORIENTED_EDGE('',*,*,#4289,.T.);
#5911=EDGE_LOOP('',(#5906,#5907,#5908,#5909,#5910));
#5912=FACE_OUTER_BOUND('',#5911,.F.);
#5913=ADVANCED_FACE('',(#5912),#5905,.F.);
#5914=CARTESIAN_POINT('',(0.E0,7.694613623857E0,-8.880057498662E0));
#5915=DIRECTION('',(0.E0,-7.557495743542E-1,-6.548607339453E-1));
#5916=DIRECTION('',(-1.E0,0.E0,0.E0));
#5917=AXIS2_PLACEMENT_3D('',#5914,#5915,#5916);
#5918=SPHERICAL_SURFACE('',#5917,1.21E0);
#5920=ORIENTED_EDGE('',*,*,#5919,.T.);
#5921=ORIENTED_EDGE('',*,*,#4453,.T.);
#5923=ORIENTED_EDGE('',*,*,#5922,.F.);
#5925=ORIENTED_EDGE('',*,*,#5924,.F.);
#5927=ORIENTED_EDGE('',*,*,#5926,.T.);
#5928=EDGE_LOOP('',(#5920,#5921,#5923,#5925,#5927));
#5929=FACE_OUTER_BOUND('',#5928,.F.);
#5930=ADVANCED_FACE('',(#5929),#5918,.F.);
#5931=CARTESIAN_POINT('',(0.E0,7.694613623857E0,-8.880057498662E0));
#5932=DIRECTION('',(0.E0,-7.557495743542E-1,-6.548607339453E-1));
#5933=DIRECTION('',(-1.E0,0.E0,0.E0));
#5934=AXIS2_PLACEMENT_3D('',#5931,#5932,#5933);
#5935=SPHERICAL_SURFACE('',#5934,1.21E0);
#5936=ORIENTED_EDGE('',*,*,#5919,.F.);
#5938=ORIENTED_EDGE('',*,*,#5937,.T.);
#5940=ORIENTED_EDGE('',*,*,#5939,.F.);
#5941=ORIENTED_EDGE('',*,*,#5922,.T.);
#5942=ORIENTED_EDGE('',*,*,#4455,.T.);
#5943=EDGE_LOOP('',(#5936,#5938,#5940,#5941,#5942));
#5944=FACE_OUTER_BOUND('',#5943,.F.);
#5945=ADVANCED_FACE('',(#5944),#5935,.F.);
#5946=CARTESIAN_POINT('',(0.E0,7.694613623857E0,-8.880057498662E0));
#5947=DIRECTION('',(0.E0,-7.557495743542E-1,-6.548607339453E-1));
#5948=DIRECTION('',(-1.E0,0.E0,0.E0));
#5949=AXIS2_PLACEMENT_3D('',#5946,#5947,#5948);
#5950=SPHERICAL_SURFACE('',#5949,1.21E0);
#5951=ORIENTED_EDGE('',*,*,#4281,.T.);
#5953=ORIENTED_EDGE('',*,*,#5952,.T.);
#5954=ORIENTED_EDGE('',*,*,#5939,.T.);
#5955=ORIENTED_EDGE('',*,*,#5937,.F.);
#5957=ORIENTED_EDGE('',*,*,#5956,.F.);
#5958=EDGE_LOOP('',(#5951,#5953,#5954,#5955,#5957));
#5959=FACE_OUTER_BOUND('',#5958,.F.);
#5960=ADVANCED_FACE('',(#5959),#5950,.F.);
#5961=CARTESIAN_POINT('',(0.E0,7.694613623857E0,-8.880057498662E0));
#5962=DIRECTION('',(0.E0,-7.557495743542E-1,-6.548607339453E-1));
#5963=DIRECTION('',(-1.E0,0.E0,0.E0));
#5964=AXIS2_PLACEMENT_3D('',#5961,#5962,#5963);
#5965=SPHERICAL_SURFACE('',#5964,1.21E0);
#5966=ORIENTED_EDGE('',*,*,#5956,.T.);
#5967=ORIENTED_EDGE('',*,*,#5926,.F.);
#5968=ORIENTED_EDGE('',*,*,#5924,.T.);
#5969=ORIENTED_EDGE('',*,*,#5952,.F.);
#5970=ORIENTED_EDGE('',*,*,#4283,.T.);
#5971=EDGE_LOOP('',(#5966,#5967,#5968,#5969,#5970));
#5972=FACE_OUTER_BOUND('',#5971,.F.);
#5973=ADVANCED_FACE('',(#5972),#5965,.F.);
#5974=CARTESIAN_POINT('',(0.E0,1.127404243997E1,-3.310357542887E0));
#5975=DIRECTION('',(0.E0,-2.817325568414E-1,-9.594929736145E-1));
#5976=DIRECTION('',(-1.E0,0.E0,0.E0));
#5977=AXIS2_PLACEMENT_3D('',#5974,#5975,#5976);
#5978=SPHERICAL_SURFACE('',#5977,1.21E0);
#5980=ORIENTED_EDGE('',*,*,#5979,.T.);
#5981=ORIENTED_EDGE('',*,*,#4459,.T.);
#5983=ORIENTED_EDGE('',*,*,#5982,.F.);
#5985=ORIENTED_EDGE('',*,*,#5984,.F.);
#5987=ORIENTED_EDGE('',*,*,#5986,.T.);
#5988=EDGE_LOOP('',(#5980,#5981,#5983,#5985,#5987));
#5989=FACE_OUTER_BOUND('',#5988,.F.);
#5990=ADVANCED_FACE('',(#5989),#5978,.F.);
#5991=CARTESIAN_POINT('',(0.E0,1.127404243997E1,-3.310357542887E0));
#5992=DIRECTION('',(0.E0,-2.817325568414E-1,-9.594929736145E-1));
#5993=DIRECTION('',(-1.E0,0.E0,0.E0));
#5994=AXIS2_PLACEMENT_3D('',#5991,#5992,#5993);
#5995=SPHERICAL_SURFACE('',#5994,1.21E0);
#5996=ORIENTED_EDGE('',*,*,#5979,.F.);
#5998=ORIENTED_EDGE('',*,*,#5997,.T.);
#6000=ORIENTED_EDGE('',*,*,#5999,.F.);
#6001=ORIENTED_EDGE('',*,*,#5982,.T.);
#6002=ORIENTED_EDGE('',*,*,#4461,.T.);
#6003=EDGE_LOOP('',(#5996,#5998,#6000,#6001,#6002));
#6004=FACE_OUTER_BOUND('',#6003,.F.);
#6005=ADVANCED_FACE('',(#6004),#5995,.F.);
#6006=CARTESIAN_POINT('',(0.E0,1.127404243997E1,-3.310357542887E0));
#6007=DIRECTION('',(0.E0,-2.817325568414E-1,-9.594929736145E-1));
#6008=DIRECTION('',(-1.E0,0.E0,0.E0));
#6009=AXIS2_PLACEMENT_3D('',#6006,#6007,#6008);
#6010=SPHERICAL_SURFACE('',#6009,1.21E0);
#6011=ORIENTED_EDGE('',*,*,#4275,.T.);
#6013=ORIENTED_EDGE('',*,*,#6012,.T.);
#6014=ORIENTED_EDGE('',*,*,#5999,.T.);
#6015=ORIENTED_EDGE('',*,*,#5997,.F.);
#6017=ORIENTED_EDGE('',*,*,#6016,.F.);
#6018=EDGE_LOOP('',(#6011,#6013,#6014,#6015,#6017));
#6019=FACE_OUTER_BOUND('',#6018,.F.);
#6020=ADVANCED_FACE('',(#6019),#6010,.F.);
#6021=CARTESIAN_POINT('',(0.E0,1.127404243997E1,-3.310357542887E0));
#6022=DIRECTION('',(0.E0,-2.817325568414E-1,-9.594929736145E-1));
#6023=DIRECTION('',(-1.E0,0.E0,0.E0));
#6024=AXIS2_PLACEMENT_3D('',#6021,#6022,#6023);
#6025=SPHERICAL_SURFACE('',#6024,1.21E0);
#6026=ORIENTED_EDGE('',*,*,#6016,.T.);
#6027=ORIENTED_EDGE('',*,*,#5986,.F.);
#6028=ORIENTED_EDGE('',*,*,#5984,.T.);
#6029=ORIENTED_EDGE('',*,*,#6012,.F.);
#6030=ORIENTED_EDGE('',*,*,#4277,.T.);
#6031=EDGE_LOOP('',(#6026,#6027,#6028,#6029,#6030));
#6032=FACE_OUTER_BOUND('',#6031,.F.);
#6033=ADVANCED_FACE('',(#6032),#6025,.F.);
#6034=CLOSED_SHELL('',(#4243,#4259,#4339,#4354,#4369,#4384,#4465,#4545,#4558,
#4571,#4584,#4663,#4678,#4691,#4706,#4719,#4733,#4745,#4762,#4777,#4792,#4805,
#4822,#4837,#4852,#4865,#4882,#4897,#4912,#4925,#4942,#4957,#4972,#4985,#5002,
#5017,#5032,#5045,#5062,#5077,#5092,#5105,#5122,#5137,#5152,#5165,#5182,#5197,
#5212,#5225,#5242,#5257,#5272,#5285,#5302,#5317,#5332,#5345,#5362,#5377,#5392,
#5405,#5420,#5433,#5450,#5465,#5480,#5493,#5510,#5525,#5540,#5553,#5570,#5585,
#5600,#5613,#5630,#5645,#5660,#5673,#5690,#5705,#5720,#5733,#5750,#5765,#5780,
#5793,#5810,#5825,#5840,#5853,#5870,#5885,#5900,#5913,#5930,#5945,#5960,#5973,
#5990,#6005,#6020,#6033));
#6035=MANIFOLD_SOLID_BREP('',#6034);
#6037=DIMENSIONAL_EXPONENTS(0.E0,0.E0,0.E0,0.E0,0.E0,0.E0,0.E0);
#6039=PLANE_ANGLE_MEASURE_WITH_UNIT(PLANE_ANGLE_MEASURE(1.745329251994E-2),
#6038);
#6040=(CONVERSION_BASED_UNIT('DEGREE',#6039)NAMED_UNIT(*)PLANE_ANGLE_UNIT());
#6042=UNCERTAINTY_MEASURE_WITH_UNIT(LENGTH_MEASURE(5.E-3),#6036,'closure',
'Maximum model space distance between geometric entities at asserted connectivities');
#6043=(GEOMETRIC_REPRESENTATION_CONTEXT(3)GLOBAL_UNCERTAINTY_ASSIGNED_CONTEXT((
#6042))GLOBAL_UNIT_ASSIGNED_CONTEXT((#6036,#6040,#6041))REPRESENTATION_CONTEXT(
'ID1','3'));
#6045=APPLICATION_CONTEXT(
'CONFIGURATION CONTROLLED 3D DESIGNS OF MECHANICAL PARTS AND ASSEMBLIES');
#6046=APPLICATION_PROTOCOL_DEFINITION('international standard',
'config_control_design',1994,#6045);
#6047=DESIGN_CONTEXT('',#6045,'design');
#6048=MECHANICAL_CONTEXT('',#6045,'mechanical');
#6049=PRODUCT('6704_-_EA005','6704_-_EA005','NOT SPECIFIED',(#6048));
#6050=PRODUCT_DEFINITION_FORMATION_WITH_SPECIFIED_SOURCE('1','LAST_VERSION',
#6049,.MADE.);
#6054=PRODUCT_CATEGORY('part','');
#6055=PRODUCT_RELATED_PRODUCT_CATEGORY('detail','',(#6049));
#6056=PRODUCT_CATEGORY_RELATIONSHIP('','',#6054,#6055);
#6057=SECURITY_CLASSIFICATION_LEVEL('unclassified');
#6058=SECURITY_CLASSIFICATION('','',#6057);
#6059=CC_DESIGN_SECURITY_CLASSIFICATION(#6058,(#6050));
#6060=APPROVAL_STATUS('approved');
#6061=APPROVAL(#6060,'');
#6062=CC_DESIGN_APPROVAL(#6061,(#6058,#6050,#6051));
#6063=CALENDAR_DATE(125,19,12);
#6064=COORDINATED_UNIVERSAL_TIME_OFFSET(8,0,.AHEAD.);
#6065=LOCAL_TIME(11,28,0.E0,#6064);
#6066=DATE_AND_TIME(#6063,#6065);
#6067=APPROVAL_DATE_TIME(#6066,#6061);
#6068=DATE_TIME_ROLE('creation_date');
#6069=CC_DESIGN_DATE_AND_TIME_ASSIGNMENT(#6066,#6068,(#6051));
#6070=DATE_TIME_ROLE('classification_date');
#6071=CC_DESIGN_DATE_AND_TIME_ASSIGNMENT(#6066,#6070,(#6058));
#6072=PERSON('UNSPECIFIED','UNSPECIFIED',$,$,$,$);
#6073=ORGANIZATION('UNSPECIFIED','UNSPECIFIED','UNSPECIFIED');
#6074=PERSON_AND_ORGANIZATION(#6072,#6073);
#6075=APPROVAL_ROLE('approver');
#6076=APPROVAL_PERSON_ORGANIZATION(#6074,#6061,#6075);
#6077=PERSON_AND_ORGANIZATION_ROLE('creator');
#6078=CC_DESIGN_PERSON_AND_ORGANIZATION_ASSIGNMENT(#6074,#6077,(#6050,#6051));
#6079=PERSON_AND_ORGANIZATION_ROLE('design_supplier');
#6080=CC_DESIGN_PERSON_AND_ORGANIZATION_ASSIGNMENT(#6074,#6079,(#6050));
#6081=PERSON_AND_ORGANIZATION_ROLE('classification_officer');
#6082=CC_DESIGN_PERSON_AND_ORGANIZATION_ASSIGNMENT(#6074,#6081,(#6058));
#6083=PERSON_AND_ORGANIZATION_ROLE('design_owner');
#6084=CC_DESIGN_PERSON_AND_ORGANIZATION_ASSIGNMENT(#6074,#6083,(#6049));
#1=DRAUGHTING_PRE_DEFINED_COLOUR('black');
#2=COLOUR_RGB('',0.E0,0.E0,4.7E-1);
#3=COLOUR_RGB('',0.E0,0.E0,6.E-1);
#4=COLOUR_RGB('',0.E0,0.E0,8.E-1);
#5=COLOUR_RGB('',0.E0,2.745098039216E-2,7.019607843137E-1);
#6=COLOUR_RGB('',0.E0,3.137254901961E-2,3.411764705882E-1);
#7=COLOUR_RGB('',0.E0,2.E-1,1.E0);
#8=COLOUR_RGB('',0.E0,3.3E-1,0.E0);
#9=COLOUR_RGB('',0.E0,3.3E-1,3.3E-1);
#10=COLOUR_RGB('',0.E0,4.E-1,0.E0);
#11=COLOUR_RGB('',0.E0,4.E-1,4.E-1);
#12=COLOUR_RGB('',0.E0,4.E-1,1.E0);
#13=COLOUR_RGB('',0.E0,5.019607843137E-1,5.019607843137E-1);
#14=COLOUR_RGB('',0.E0,6.E-1,0.E0);
#15=COLOUR_RGB('',0.E0,6.E-1,6.E-1);
#16=COLOUR_RGB('',0.E0,6.E-1,1.E0);
#17=COLOUR_RGB('',0.E0,8.E-1,0.E0);
#18=COLOUR_RGB('',0.E0,8.E-1,8.E-1);
#19=COLOUR_RGB('',0.E0,8.E-1,1.E0);
#20=COLOUR_RGB('',0.E0,9.3E-1,0.E0);
#21=COLOUR_RGB('',0.E0,9.3E-1,9.3E-1);
#22=DRAUGHTING_PRE_DEFINED_COLOUR('green');
#23=COLOUR_RGB('',0.E0,1.E0,2.E-1);
#24=COLOUR_RGB('',0.E0,1.E0,4.E-1);
#25=COLOUR_RGB('',0.E0,1.E0,6.E-1);
#26=COLOUR_RGB('',0.E0,1.E0,8.E-1);
#27=DRAUGHTING_PRE_DEFINED_COLOUR('cyan');
#28=COLOUR_RGB('',3.1E-2,2.E-1,6.27E-1);
#29=COLOUR_RGB('',3.529411764706E-2,5.137254901961E-1,1.725490196078E-1);
#30=COLOUR_RGB('',6.6667E-2,5.17647E-1,6.39216E-1);
#31=COLOUR_RGB('',7.E-2,7.E-2,1.E0);
#32=COLOUR_RGB('',7.E-2,6.E-1,3.E-1);
#33=COLOUR_RGB('',8.E-2,1.E-1,1.1E-1);
#34=COLOUR_RGB('',9.803921568627E-2,9.803921568627E-2,4.392156862745E-1);
#35=COLOUR_RGB('',1.019607843137E-1,6.313725490196E-1,5.019607843137E-1);
#36=COLOUR_RGB('',1.176470588235E-1,5.647058823529E-1,1.E0);
#37=COLOUR_RGB('',1.254901960784E-1,6.980392156863E-1,6.666666666667E-1);
#38=COLOUR_RGB('',1.333333333333E-1,5.450980392157E-1,1.333333333333E-1);
#39=COLOUR_RGB('',1.450980392157E-1,3.529411764706E-2,0.E0);
#40=COLOUR_RGB('',1.686274509804E-1,1.686274509804E-1,1.803921568627E-1);
#41=COLOUR_RGB('',1.803921568627E-1,5.450980392157E-1,3.411764705882E-1);
#42=COLOUR_RGB('',1.9E-1,2.3E-1,3.1E-1);
#43=COLOUR_RGB('',1.960784313725E-1,8.039215686275E-1,1.960784313725E-1);
#44=COLOUR_RGB('',2.E-1,1.E0,0.E0);
#45=COLOUR_RGB('',2.E-1,1.E0,2.E-1);
#46=COLOUR_RGB('',2.E-1,1.E0,1.E0);
#47=COLOUR_RGB('',2.313725490196E-1,3.803921568627E-1,5.607843137255E-1);
#48=COLOUR_RGB('',2.352941176471E-1,7.019607843137E-1,4.431372549020E-1);
#49=COLOUR_RGB('',2.431372549020E-1,8.784313725490E-1,8.156862745098E-1);
#50=COLOUR_RGB('',2.470588235294E-1,5.921568627451E-1,6.313725490196E-1);
#51=COLOUR_RGB('',2.5098E-1,2.35294E-1,8.62745E-1);
#52=COLOUR_RGB('',2.549019607843E-1,4.117647058824E-1,1.E0);
#53=COLOUR_RGB('',2.58824E-1,7.80392E-1,8.86275E-1);
#54=COLOUR_RGB('',2.7E-1,0.E0,4.E-1);
#55=COLOUR_RGB('',2.7E-1,2.7E-1,0.E0);
#56=COLOUR_RGB('',2.7E-1,2.7E-1,1.E0);
#57=COLOUR_RGB('',2.745098039216E-1,5.098039215686E-1,7.058823529412E-1);
#58=COLOUR_RGB('',2.784313725490E-1,2.784313725490E-1,2.784313725490E-1);
#59=COLOUR_RGB('',2.823529411765E-1,2.392156862745E-1,5.450980392157E-1);
#60=COLOUR_RGB('',3.13725E-1,4.70588E-1,1.96078E-1);
#61=COLOUR_RGB('',3.2549E-1,4.98039E-1,9.84314E-1);
#62=COLOUR_RGB('',3.254901960784E-1,5.764705882353E-1,8.117647058824E-1);
#63=COLOUR_RGB('',3.3E-1,0.E0,0.E0);
#64=COLOUR_RGB('',3.3E-1,0.E0,3.3E-1);
#65=COLOUR_RGB('',3.3E-1,0.E0,5.3E-1);
#66=COLOUR_RGB('',3.450980392157E-1,3.647058823529E-1,3.725490196078E-1);
#67=COLOUR_RGB('',3.725490196078E-1,6.196078431373E-1,6.274509803922E-1);
#68=COLOUR_RGB('',3.803921568627E-1,4.392156862745E-1,5.960784313725E-1);
#69=COLOUR_RGB('',3.882352941176E-1,4.392156862745E-1,4.901960784314E-1);
#70=COLOUR_RGB('',3.921568627451E-1,5.843137254902E-1,9.294117647059E-1);
#71=COLOUR_RGB('',3.96078E-1,7.13725E-1,1.E0);
#72=COLOUR_RGB('',4.E-1,0.E0,4.E-1);
#73=COLOUR_RGB('',4.E-1,0.E0,6.7E-1);
#74=COLOUR_RGB('',4.E-1,1.3E-1,0.E0);
#75=COLOUR_RGB('',4.E-1,4.E-1,0.E0);
#76=COLOUR_RGB('',4.E-1,4.E-1,1.E0);
#77=COLOUR_RGB('',4.E-1,8.039215686275E-1,6.666666666667E-1);
#78=COLOUR_RGB('',4.E-1,1.E0,0.E0);
#79=COLOUR_RGB('',4.E-1,1.E0,4.E-1);
#80=COLOUR_RGB('',4.E-1,1.E0,1.E0);
#81=COLOUR_RGB('',4.156862745098E-1,3.529411764706E-1,8.039215686275E-1);
#82=COLOUR_RGB('',4.196078431373E-1,5.568627450980E-1,1.372549019608E-1);
#83=COLOUR_RGB('',4.666666666667E-1,5.333333333333E-1,6.E-1);
#84=COLOUR_RGB('',4.7E-1,0.E0,0.E0);
#85=COLOUR_RGB('',4.7E-1,0.E0,8.E-1);
#86=COLOUR_RGB('',4.7E-1,2.E-1,7.E-2);
#87=COLOUR_RGB('',4.823529411765E-1,4.078431372549E-1,9.333333333333E-1);
#88=COLOUR_RGB('',4.980392156863E-1,1.E0,8.313725490196E-1);
#89=COLOUR_RGB('',5.019607843137E-1,0.E0,5.019607843137E-1);
#90=COLOUR_RGB('',5.019607843137E-1,5.019607843137E-1,0.E0);
#91=COLOUR_RGB('',5.01961E-1,5.01961E-1,5.01961E-1);
#92=COLOUR_RGB('',5.098039215686E-1,3.960784313725E-1,1.058823529412E-1);
#93=COLOUR_RGB('',5.3E-1,0.E0,9.3E-1);
#94=COLOUR_RGB('',5.3E-1,2.7E-1,1.3E-1);
#95=COLOUR_RGB('',5.3E-1,5.3E-1,1.E0);
#96=COLOUR_RGB('',5.294117647059E-1,8.078431372549E-1,9.215686274510E-1);
#97=COLOUR_RGB('',5.411764705882E-1,1.686274509804E-1,8.862745098039E-1);
#98=COLOUR_RGB('',5.5E-1,6.5E-1,7.3E-1);
#99=COLOUR_RGB('',5.607843137255E-1,7.372549019608E-1,5.607843137255E-1);
#100=COLOUR_RGB('',5.68627E-1,9.37255E-1,9.37255E-1);
#101=COLOUR_RGB('',5.725490196078E-1,6.117647058824E-1,6.313725490196E-1);
#102=COLOUR_RGB('',5.764705882353E-1,4.392156862745E-1,8.588235294118E-1);
#103=COLOUR_RGB('',5.803921568627E-1,0.E0,8.274509803922E-1);
#104=COLOUR_RGB('',5.88235E-1,2.35294E-1,1.56863E-1);
#105=COLOUR_RGB('',6.E-1,0.E0,6.E-1);
#106=COLOUR_RGB('',6.E-1,1.960784313725E-1,8.E-1);
#107=COLOUR_RGB('',6.E-1,2.E-1,1.E0);
#108=COLOUR_RGB('',6.E-1,3.3E-1,2.E-1);
#109=COLOUR_RGB('',6.E-1,6.E-1,0.E0);
#110=COLOUR_RGB('',6.E-1,1.E0,6.E-1);
#111=COLOUR_RGB('',6.E-1,1.E0,1.E0);
#112=COLOUR_RGB('',6.27451E-1,4.70588E-1,3.52941E-1);
#113=COLOUR_RGB('',6.627450980392E-1,6.627450980392E-1,6.627450980392E-1);
#114=COLOUR_RGB('',6.66667E-1,8.23529E-1,1.96078E-1);
#115=COLOUR_RGB('',6.66667E-1,8.23529E-1,5.88235E-1);
#116=COLOUR_RGB('',6.7E-1,0.E0,0.E0);
#117=COLOUR_RGB('',6.7E-1,4.E-1,2.7E-1);
#118=COLOUR_RGB('',6.7E-1,4.E-1,1.E0);
#119=COLOUR_RGB('',6.7E-1,6.7E-1,1.E0);
#120=COLOUR_RGB('',6.7E-1,1.E0,0.E0);
#121=COLOUR_RGB('',6.784313725490E-1,8.117647058824E-1,1.E0);
#122=COLOUR_RGB('',6.784313725490E-1,8.470588235294E-1,9.019607843137E-1);
#123=COLOUR_RGB('',6.784313725490E-1,1.E0,1.843137254902E-1);
#124=COLOUR_RGB('',6.862745098039E-1,6.823529411765E-1,7.607843137255E-1);
#125=COLOUR_RGB('',6.980392156863E-1,1.333333333333E-1,1.333333333333E-1);
#126=COLOUR_RGB('',7.17647E-1,1.68627E-1,4.43137E-1);
#127=COLOUR_RGB('',7.215686274510E-1,5.254901960784E-1,4.313725490196E-2);
#128=COLOUR_RGB('',7.294117647059E-1,2.705882352941E-1,1.E0);
#129=COLOUR_RGB('',7.294117647059E-1,3.333333333333E-1,8.274509803922E-1);
#130=COLOUR_RGB('',7.294117647059E-1,4.E-1,0.E0);
#131=COLOUR_RGB('',7.3E-1,4.7E-1,3.3E-1);
#132=COLOUR_RGB('',7.372549019608E-1,5.607843137255E-1,5.607843137255E-1);
#133=COLOUR_RGB('',7.411764705882E-1,7.176470588235E-1,4.196078431373E-1);
#134=COLOUR_RGB('',7.803921568627E-1,8.235294117647E-2,5.215686274510E-1);
#135=COLOUR_RGB('',8.E-1,0.E0,8.E-1);
#136=COLOUR_RGB('',8.E-1,5.3E-1,4.E-1);
#137=COLOUR_RGB('',8.E-1,6.E-1,1.E0);
#138=COLOUR_RGB('',8.E-1,8.E-1,0.E0);
#139=COLOUR_RGB('',8.E-1,8.E-1,1.E0);
#140=COLOUR_RGB('',8.E-1,1.E0,8.E-1);
#141=COLOUR_RGB('',8.E-1,1.E0,1.E0);
#142=COLOUR_RGB('',8.039215686275E-1,3.607843137255E-1,3.607843137255E-1);
#143=COLOUR_RGB('',8.03922E-1,5.88235E-1,1.96078E-1);
#144=COLOUR_RGB('',8.196078431373E-1,7.098039215686E-1,5.490196078431E-2);
#145=COLOUR_RGB('',8.235294117647E-1,4.117647058824E-1,1.176470588235E-1);
#146=COLOUR_RGB('',8.235294117647E-1,7.058823529412E-1,5.490196078431E-1);
#147=COLOUR_RGB('',8.274509803922E-1,8.274509803922E-1,8.274509803922E-1);
#148=COLOUR_RGB('',8.392156862745E-1,8.E-1,7.137254901961E-1);
#149=COLOUR_RGB('',8.431372549020E-1,8.980392156863E-1,9.333333333333E-1);
#150=COLOUR_RGB('',8.549019607843E-1,6.470588235294E-1,1.254901960784E-1);
#151=COLOUR_RGB('',8.588235294118E-1,4.392156862745E-1,5.764705882353E-1);
#152=COLOUR_RGB('',8.627450980392E-1,7.843137254902E-2,2.352941176471E-1);
#153=COLOUR_RGB('',8.666666666667E-1,6.274509803922E-1,8.666666666667E-1);
#154=COLOUR_RGB('',8.7E-1,0.E0,0.E0);
#155=COLOUR_RGB('',8.7E-1,6.E-1,4.7E-1);
#156=COLOUR_RGB('',8.98039E-1,6.07843E-1,1.E0);
#157=COLOUR_RGB('',9.E-1,8.3E-1,1.2E-1);
#158=COLOUR_RGB('',9.09804E-1,3.68627E-1,8.19608E-1);
#159=COLOUR_RGB('',9.3E-1,0.E0,9.3E-1);
#160=COLOUR_RGB('',9.3E-1,6.7E-1,5.3E-1);
#161=COLOUR_RGB('',9.3E-1,8.E-1,1.E0);
#162=COLOUR_RGB('',9.3E-1,9.3E-1,0.E0);
#163=COLOUR_RGB('',9.3E-1,1.E0,9.3E-1);
#164=COLOUR_RGB('',9.3E-1,1.E0,1.E0);
#165=COLOUR_RGB('',9.333333333333E-1,5.098039215686E-1,9.333333333333E-1);
#166=COLOUR_RGB('',9.333333333333E-1,9.098039215686E-1,6.666666666667E-1);
#167=COLOUR_RGB('',9.411764705882E-1,9.019607843137E-1,5.490196078431E-1);
#168=COLOUR_RGB('',9.568627450980E-1,6.431372549020E-1,3.764705882353E-1);
#169=DRAUGHTING_PRE_DEFINED_COLOUR('red');
#170=COLOUR_RGB('',1.E0,0.E0,2.705882352941E-1);
#171=COLOUR_RGB('',1.E0,0.E0,4.705882352941E-1);
#172=COLOUR_RGB('',1.E0,0.E0,7.803921568627E-1);
#173=DRAUGHTING_PRE_DEFINED_COLOUR('magenta');
#174=COLOUR_RGB('',1.E0,3.1E-2,3.1E-2);
#175=COLOUR_RGB('',1.E0,7.E-2,7.E-2);
#176=COLOUR_RGB('',1.E0,7.843137254902E-2,5.764705882353E-1);
#177=COLOUR_RGB('',1.E0,2.E-1,1.E0);
#178=COLOUR_RGB('',1.E0,2.7E-1,0.E0);
#179=COLOUR_RGB('',1.E0,2.7E-1,2.7E-1);
#180=COLOUR_RGB('',1.E0,3.882352941176E-1,2.784313725490E-1);
#181=COLOUR_RGB('',1.E0,4.E-1,1.E0);
#182=COLOUR_RGB('',1.E0,4.117647058824E-1,7.058823529412E-1);
#183=COLOUR_RGB('',1.E0,4.7E-1,0.E0);
#184=COLOUR_RGB('',1.E0,4.7E-1,4.7E-1);
#185=COLOUR_RGB('',1.E0,4.980392156863E-1,3.137254901961E-1);
#186=COLOUR_RGB('',1.E0,6.E-1,1.E0);
#187=COLOUR_RGB('',1.E0,6.7E-1,0.E0);
#188=COLOUR_RGB('',1.E0,6.7E-1,6.7E-1);
#189=COLOUR_RGB('',1.E0,7.3E-1,6.E-1);
#190=COLOUR_RGB('',1.E0,7.686274509804E-1,5.882352941176E-2);
#191=COLOUR_RGB('',1.E0,8.E-1,8.E-1);
#192=COLOUR_RGB('',1.E0,8.E-1,1.E0);
#193=COLOUR_RGB('',1.E0,8.7E-1,0.E0);
#194=COLOUR_RGB('',1.E0,9.215686274510E-1,8.039215686275E-1);
#195=COLOUR_RGB('',1.E0,9.3E-1,9.3E-1);
#196=COLOUR_RGB('',1.E0,9.3E-1,1.E0);
#197=DRAUGHTING_PRE_DEFINED_COLOUR('yellow');
#198=COLOUR_RGB('',1.E0,1.E0,1.3E-1);
#199=COLOUR_RGB('',1.E0,1.E0,3.3E-1);
#200=COLOUR_RGB('',1.E0,1.E0,5.3E-1);
#201=COLOUR_RGB('',1.E0,1.E0,7.3E-1);
#202=COLOUR_RGB('',1.E0,1.E0,9.3E-1);
#203=DRAUGHTING_PRE_DEFINED_COLOUR('white');
#216=CIRCLE('',#215,1.0925E1);
#221=CIRCLE('',#220,1.1E0);
#226=CIRCLE('',#225,1.0925E1);
#231=CIRCLE('',#230,1.1E0);
#236=CIRCLE('',#235,1.065E1);
#241=CIRCLE('',#240,1.1E0);
#246=CIRCLE('',#245,1.0925E1);
#251=CIRCLE('',#250,1.065E1);
#256=CIRCLE('',#255,1.1E0);
#261=CIRCLE('',#260,1.0925E1);
#270=CIRCLE('',#269,1.E-1);
#275=CIRCLE('',#274,1.0925E1);
#280=CIRCLE('',#279,1.0825E1);
#285=CIRCLE('',#284,1.0825E1);
#290=CIRCLE('',#289,1.02E1);
#295=CIRCLE('',#294,1.02E1);
#300=CIRCLE('',#299,1.E-1);
#305=CIRCLE('',#304,1.0925E1);
#314=CIRCLE('',#313,1.E1);
#319=CIRCLE('',#318,2.E-1);
#332=CIRCLE('',#331,2.E-1);
#337=CIRCLE('',#336,1.E1);
#342=CIRCLE('',#341,2.E-1);
#347=CIRCLE('',#346,1.E1);
#352=CIRCLE('',#351,2.E-1);
#357=CIRCLE('',#356,1.E1);
#362=CIRCLE('',#361,1.0825E1);
#367=CIRCLE('',#366,1.0825E1);
#372=CIRCLE('',#371,1.02E1);
#377=CIRCLE('',#376,1.02E1);
#382=CIRCLE('',#381,1.0925E1);
#387=CIRCLE('',#386,1.E-1);
#392=CIRCLE('',#391,1.E-1);
#397=CIRCLE('',#396,1.0925E1);
#447=EDGE_CURVE('',#425,#420,#207,.T.);
#449=EDGE_CURVE('',#421,#420,#397,.T.);
#451=EDGE_CURVE('',#424,#421,#211,.T.);
#453=EDGE_CURVE('',#425,#424,#226,.T.);
#463=EDGE_CURVE('',#424,#425,#216,.T.);
#466=EDGE_CURVE('',#420,#421,#382,.T.);
#477=EDGE_CURVE('',#424,#427,#231,.T.);
#480=EDGE_CURVE('',#425,#429,#221,.T.);
#482=EDGE_CURVE('',#427,#429,#251,.T.);
#495=EDGE_CURVE('',#429,#427,#236,.T.);
#506=EDGE_CURVE('',#427,#431,#241,.T.);
#508=EDGE_CURVE('',#431,#433,#246,.T.);
#510=EDGE_CURVE('',#429,#433,#256,.T.);
#522=EDGE_CURVE('',#433,#431,#261,.T.);
#533=EDGE_CURVE('',#436,#437,#275,.T.);
#535=EDGE_CURVE('',#436,#431,#265,.T.);
#538=EDGE_CURVE('',#437,#433,#309,.T.);
#548=EDGE_CURVE('',#440,#441,#280,.T.);
#550=EDGE_CURVE('',#440,#436,#270,.T.);
#553=EDGE_CURVE('',#441,#437,#300,.T.);
#564=EDGE_CURVE('',#441,#440,#285,.T.);
#568=EDGE_CURVE('',#407,#409,#290,.T.);
#570=EDGE_CURVE('',#409,#407,#295,.T.);
#581=EDGE_CURVE('',#437,#436,#305,.T.);
#605=EDGE_CURVE('',#401,#400,#314,.T.);
#607=EDGE_CURVE('',#400,#409,#319,.T.);
#610=EDGE_CURVE('',#401,#407,#332,.T.);
#620=EDGE_CURVE('',#401,#405,#323,.T.);
#622=EDGE_CURVE('',#403,#405,#357,.T.);
#624=EDGE_CURVE('',#400,#403,#327,.T.);
#635=EDGE_CURVE('',#400,#401,#337,.T.);
#638=EDGE_CURVE('',#405,#403,#347,.T.);
#661=EDGE_CURVE('',#413,#405,#342,.T.);
#664=EDGE_CURVE('',#412,#403,#352,.T.);
#666=EDGE_CURVE('',#413,#412,#377,.T.);
#676=EDGE_CURVE('',#412,#413,#372,.T.);
#689=EDGE_CURVE('',#416,#417,#362,.T.);
#691=EDGE_CURVE('',#417,#416,#367,.T.);
#706=EDGE_CURVE('',#421,#417,#387,.T.);
#709=EDGE_CURVE('',#420,#416,#392,.T.);
#740=CIRCLE('',#739,1.2575E1);
#745=CIRCLE('',#744,1.1E0);
#750=CIRCLE('',#749,1.1E0);
#755=CIRCLE('',#754,1.2575E1);
#764=CIRCLE('',#763,1.E-1);
#769=CIRCLE('',#768,1.2575E1);
#774=CIRCLE('',#773,1.2575E1);
#779=CIRCLE('',#778,1.E-1);
#788=CIRCLE('',#787,1.1E0);
#793=CIRCLE('',#792,1.2575E1);
#798=CIRCLE('',#797,1.2575E1);
#803=CIRCLE('',#802,1.1E0);
#808=CIRCLE('',#807,1.33E1);
#813=CIRCLE('',#812,1.33E1);
#818=CIRCLE('',#817,1.2675E1);
#823=CIRCLE('',#822,1.2675E1);
#828=CIRCLE('',#827,2.E-1);
#833=CIRCLE('',#832,1.35E1);
#838=CIRCLE('',#837,2.E-1);
#843=CIRCLE('',#842,1.35E1);
#856=CIRCLE('',#855,1.35E1);
#861=CIRCLE('',#860,2.E-1);
#866=CIRCLE('',#865,2.E-1);
#871=CIRCLE('',#870,1.35E1);
#876=CIRCLE('',#875,1.33E1);
#881=CIRCLE('',#880,1.33E1);
#886=CIRCLE('',#885,1.2675E1);
#891=CIRCLE('',#890,1.2675E1);
#896=CIRCLE('',#895,1.E-1);
#901=CIRCLE('',#900,1.2575E1);
#906=CIRCLE('',#905,1.E-1);
#911=CIRCLE('',#910,1.2575E1);
#961=EDGE_CURVE('',#943,#939,#731,.T.);
#963=EDGE_CURVE('',#937,#939,#901,.T.);
#965=EDGE_CURVE('',#942,#937,#735,.T.);
#967=EDGE_CURVE('',#943,#942,#793,.T.);
#977=EDGE_CURVE('',#942,#943,#755,.T.);
#980=EDGE_CURVE('',#939,#937,#911,.T.);
#991=EDGE_CURVE('',#946,#947,#740,.T.);
#993=EDGE_CURVE('',#947,#949,#745,.T.);
#995=EDGE_CURVE('',#949,#942,#750,.T.);
#998=EDGE_CURVE('',#951,#943,#788,.T.);
#1000=EDGE_CURVE('',#946,#951,#803,.T.);
#1010=EDGE_CURVE('',#954,#955,#769,.T.);
#1012=EDGE_CURVE('',#954,#947,#759,.T.);
#1015=EDGE_CURVE('',#955,#946,#783,.T.);
#1025=EDGE_CURVE('',#955,#918,#764,.T.);
#1027=EDGE_CURVE('',#919,#918,#823,.T.);
#1029=EDGE_CURVE('',#954,#919,#779,.T.);
#1040=EDGE_CURVE('',#955,#954,#774,.T.);
#1043=EDGE_CURVE('',#918,#919,#818,.T.);
#1055=EDGE_CURVE('',#947,#946,#798,.T.);
#1081=EDGE_CURVE('',#914,#915,#808,.T.);
#1083=EDGE_CURVE('',#915,#914,#813,.T.);
#1098=EDGE_CURVE('',#914,#921,#828,.T.);
#1100=EDGE_CURVE('',#921,#923,#833,.T.);
#1102=EDGE_CURVE('',#915,#923,#838,.T.);
#1113=EDGE_CURVE('',#923,#921,#843,.T.);
#1125=EDGE_CURVE('',#923,#925,#847,.T.);
#1127=EDGE_CURVE('',#927,#925,#871,.T.);
#1129=EDGE_CURVE('',#921,#927,#851,.T.);
#1142=EDGE_CURVE('',#925,#927,#856,.T.);
#1154=EDGE_CURVE('',#927,#929,#861,.T.);
#1156=EDGE_CURVE('',#931,#929,#876,.T.);
#1158=EDGE_CURVE('',#925,#931,#866,.T.);
#1169=EDGE_CURVE('',#929,#931,#881,.T.);
#1185=EDGE_CURVE('',#934,#935,#886,.T.);
#1187=EDGE_CURVE('',#935,#934,#891,.T.);
#1198=EDGE_CURVE('',#934,#937,#896,.T.);
#1201=EDGE_CURVE('',#935,#939,#906,.T.);
#1224=CIRCLE('',#1223,1.21E0);
#1229=CIRCLE('',#1228,1.21E0);
#1249=B_SPLINE_CURVE_WITH_KNOTS('',3,(#1230,#1231,#1232,#1233,#1234,#1235,#1236,
#1237,#1238,#1239,#1240,#1241,#1242,#1243,#1244,#1245,#1246,#1247,#1248),
.UNSPECIFIED.,.F.,.F.,(4,1,1,1,1,1,1,1,1,1,1,1,1,1,1,1,4),(0.E0,6.25E-2,1.25E-1,
1.875E-1,2.5E-1,3.125E-1,3.75E-1,4.375E-1,5.E-1,5.625E-1,6.25E-1,6.875E-1,
7.5E-1,8.125E-1,8.75E-1,9.375E-1,1.E0),.UNSPECIFIED.);
#1269=B_SPLINE_CURVE_WITH_KNOTS('',3,(#1250,#1251,#1252,#1253,#1254,#1255,#1256,
#1257,#1258,#1259,#1260,#1261,#1262,#1263,#1264,#1265,#1266,#1267,#1268),
.UNSPECIFIED.,.F.,.F.,(4,1,1,1,1,1,1,1,1,1,1,1,1,1,1,1,4),(0.E0,6.25E-2,1.25E-1,
1.875E-1,2.5E-1,3.125E-1,3.75E-1,4.375E-1,5.E-1,5.625E-1,6.25E-1,6.875E-1,
7.5E-1,8.125E-1,8.75E-1,9.375E-1,1.E0),.UNSPECIFIED.);
#1274=CIRCLE('',#1273,1.21E0);
#1279=CIRCLE('',#1278,1.21E0);
#1288=CIRCLE('',#1287,1.671428571429E-1);
#1293=CIRCLE('',#1292,1.2245E1);
#1298=CIRCLE('',#1297,1.43E0);
#1303=CIRCLE('',#1302,1.212125E1);
#1308=CIRCLE('',#1307,1.1255E1);
#1313=CIRCLE('',#1312,1.671428571429E-1);
#1318=CIRCLE('',#1317,1.137875E1);
#1331=CIRCLE('',#1330,1.671428571429E-1);
#1336=CIRCLE('',#1335,1.137875E1);
#1341=CIRCLE('',#1340,1.1255E1);
#1346=CIRCLE('',#1345,1.43E0);
#1351=CIRCLE('',#1350,1.212125E1);
#1356=CIRCLE('',#1355,1.671428571429E-1);
#1361=CIRCLE('',#1360,1.2245E1);
#1370=CIRCLE('',#1369,1.671428571429E-1);
#1375=CIRCLE('',#1374,1.212125E1);
#1380=CIRCLE('',#1379,1.2245E1);
#1385=CIRCLE('',#1384,1.2245E1);
#1390=CIRCLE('',#1389,1.671428571429E-1);
#1395=CIRCLE('',#1394,1.212125E1);
#1400=CIRCLE('',#1399,1.43E0);
#1405=CIRCLE('',#1404,1.137875E1);
#1410=CIRCLE('',#1409,1.43E0);
#1415=CIRCLE('',#1414,1.137875E1);
#1420=CIRCLE('',#1419,1.671428571429E-1);
#1425=CIRCLE('',#1424,1.1255E1);
#1430=CIRCLE('',#1429,1.671428571429E-1);
#1435=CIRCLE('',#1434,1.1255E1);
#1455=B_SPLINE_CURVE_WITH_KNOTS('',3,(#1436,#1437,#1438,#1439,#1440,#1441,#1442,
#1443,#1444,#1445,#1446,#1447,#1448,#1449,#1450,#1451,#1452,#1453,#1454),
.UNSPECIFIED.,.F.,.F.,(4,1,1,1,1,1,1,1,1,1,1,1,1,1,1,1,4),(0.E0,6.25E-2,1.25E-1,
1.875E-1,2.5E-1,3.125E-1,3.75E-1,4.375E-1,5.E-1,5.625E-1,6.25E-1,6.875E-1,
7.5E-1,8.125E-1,8.75E-1,9.375E-1,1.E0),.UNSPECIFIED.);
#1460=CIRCLE('',#1459,1.21E0);
#1465=CIRCLE('',#1464,1.21E0);
#1470=CIRCLE('',#1469,1.21E0);
#1475=CIRCLE('',#1474,1.21E0);
#1495=B_SPLINE_CURVE_WITH_KNOTS('',3,(#1476,#1477,#1478,#1479,#1480,#1481,#1482,
#1483,#1484,#1485,#1486,#1487,#1488,#1489,#1490,#1491,#1492,#1493,#1494),
.UNSPECIFIED.,.F.,.F.,(4,1,1,1,1,1,1,1,1,1,1,1,1,1,1,1,4),(0.E0,6.25E-2,1.25E-1,
1.875E-1,2.5E-1,3.125E-1,3.75E-1,4.375E-1,5.E-1,5.625E-1,6.25E-1,6.875E-1,
7.5E-1,8.125E-1,8.75E-1,9.375E-1,1.E0),.UNSPECIFIED.);
#1500=CIRCLE('',#1499,1.21E0);
#1518=B_SPLINE_CURVE_WITH_KNOTS('',3,(#1501,#1502,#1503,#1504,#1505,#1506,#1507,
#1508,#1509,#1510,#1511,#1512,#1513,#1514,#1515,#1516,#1517),.UNSPECIFIED.,.F.,
.F.,(4,1,1,1,1,1,1,1,1,1,1,1,1,1,4),(0.E0,7.142857142857E-2,1.428571428571E-1,
2.142857142857E-1,2.857142857143E-1,3.571428571429E-1,4.285714285714E-1,5.E-1,
5.714285714286E-1,6.428571428571E-1,7.142857142857E-1,7.857142857143E-1,
8.571428571429E-1,9.285714285714E-1,1.E0),.UNSPECIFIED.);
#1523=CIRCLE('',#1522,1.21E0);
#1528=CIRCLE('',#1527,1.21E0);
#1533=CIRCLE('',#1532,1.21E0);
#1551=B_SPLINE_CURVE_WITH_KNOTS('',3,(#1534,#1535,#1536,#1537,#1538,#1539,#1540,
#1541,#1542,#1543,#1544,#1545,#1546,#1547,#1548,#1549,#1550),.UNSPECIFIED.,.F.,
.F.,(4,1,1,1,1,1,1,1,1,1,1,1,1,1,4),(0.E0,7.142857142857E-2,1.428571428571E-1,
2.142857142857E-1,2.857142857143E-1,3.571428571429E-1,4.285714285714E-1,5.E-1,
5.714285714286E-1,6.428571428571E-1,7.142857142857E-1,7.857142857143E-1,
8.571428571429E-1,9.285714285714E-1,1.E0),.UNSPECIFIED.);
#1571=B_SPLINE_CURVE_WITH_KNOTS('',3,(#1552,#1553,#1554,#1555,#1556,#1557,#1558,
#1559,#1560,#1561,#1562,#1563,#1564,#1565,#1566,#1567,#1568,#1569,#1570),
.UNSPECIFIED.,.F.,.F.,(4,1,1,1,1,1,1,1,1,1,1,1,1,1,1,1,4),(0.E0,6.25E-2,1.25E-1,
1.875E-1,2.5E-1,3.125E-1,3.75E-1,4.375E-1,5.E-1,5.625E-1,6.25E-1,6.875E-1,
7.5E-1,8.125E-1,8.75E-1,9.375E-1,1.E0),.UNSPECIFIED.);
#1576=CIRCLE('',#1575,1.21E0);
#1581=CIRCLE('',#1580,1.21E0);
#1586=CIRCLE('',#1585,1.21E0);
#1591=CIRCLE('',#1590,1.21E0);
#1611=B_SPLINE_CURVE_WITH_KNOTS('',3,(#1592,#1593,#1594,#1595,#1596,#1597,#1598,
#1599,#1600,#1601,#1602,#1603,#1604,#1605,#1606,#1607,#1608,#1609,#1610),
.UNSPECIFIED.,.F.,.F.,(4,1,1,1,1,1,1,1,1,1,1,1,1,1,1,1,4),(0.E0,6.25E-2,1.25E-1,
1.875E-1,2.5E-1,3.125E-1,3.75E-1,4.375E-1,5.E-1,5.625E-1,6.25E-1,6.875E-1,
7.5E-1,8.125E-1,8.75E-1,9.375E-1,1.E0),.UNSPECIFIED.);
#1616=CIRCLE('',#1615,1.21E0);
#1634=B_SPLINE_CURVE_WITH_KNOTS('',3,(#1617,#1618,#1619,#1620,#1621,#1622,#1623,
#1624,#1625,#1626,#1627,#1628,#1629,#1630,#1631,#1632,#1633),.UNSPECIFIED.,.F.,
.F.,(4,1,1,1,1,1,1,1,1,1,1,1,1,1,4),(0.E0,7.142857142857E-2,1.428571428571E-1,
2.142857142857E-1,2.857142857143E-1,3.571428571429E-1,4.285714285714E-1,5.E-1,
5.714285714286E-1,6.428571428571E-1,7.142857142857E-1,7.857142857143E-1,
8.571428571429E-1,9.285714285714E-1,1.E0),.UNSPECIFIED.);
#1639=CIRCLE('',#1638,1.21E0);
#1644=CIRCLE('',#1643,1.21E0);
#1649=CIRCLE('',#1648,1.21E0);
#1667=B_SPLINE_CURVE_WITH_KNOTS('',3,(#1650,#1651,#1652,#1653,#1654,#1655,#1656,
#1657,#1658,#1659,#1660,#1661,#1662,#1663,#1664,#1665,#1666),.UNSPECIFIED.,.F.,
.F.,(4,1,1,1,1,1,1,1,1,1,1,1,1,1,4),(0.E0,7.142857142857E-2,1.428571428571E-1,
2.142857142857E-1,2.857142857143E-1,3.571428571429E-1,4.285714285714E-1,5.E-1,
5.714285714286E-1,6.428571428571E-1,7.142857142857E-1,7.857142857143E-1,
8.571428571429E-1,9.285714285714E-1,1.E0),.UNSPECIFIED.);
#1687=B_SPLINE_CURVE_WITH_KNOTS('',3,(#1668,#1669,#1670,#1671,#1672,#1673,#1674,
#1675,#1676,#1677,#1678,#1679,#1680,#1681,#1682,#1683,#1684,#1685,#1686),
.UNSPECIFIED.,.F.,.F.,(4,1,1,1,1,1,1,1,1,1,1,1,1,1,1,1,4),(0.E0,6.25E-2,1.25E-1,
1.875E-1,2.5E-1,3.125E-1,3.75E-1,4.375E-1,5.E-1,5.625E-1,6.25E-1,6.875E-1,
7.5E-1,8.125E-1,8.75E-1,9.375E-1,1.E0),.UNSPECIFIED.);
#1692=CIRCLE('',#1691,1.21E0);
#1697=CIRCLE('',#1696,1.21E0);
#1702=CIRCLE('',#1701,1.21E0);
#1707=CIRCLE('',#1706,1.21E0);
#1727=B_SPLINE_CURVE_WITH_KNOTS('',3,(#1708,#1709,#1710,#1711,#1712,#1713,#1714,
#1715,#1716,#1717,#1718,#1719,#1720,#1721,#1722,#1723,#1724,#1725,#1726),
.UNSPECIFIED.,.F.,.F.,(4,1,1,1,1,1,1,1,1,1,1,1,1,1,1,1,4),(0.E0,6.25E-2,1.25E-1,
1.875E-1,2.5E-1,3.125E-1,3.75E-1,4.375E-1,5.E-1,5.625E-1,6.25E-1,6.875E-1,
7.5E-1,8.125E-1,8.75E-1,9.375E-1,1.E0),.UNSPECIFIED.);
#1732=CIRCLE('',#1731,1.21E0);
#1750=B_SPLINE_CURVE_WITH_KNOTS('',3,(#1733,#1734,#1735,#1736,#1737,#1738,#1739,
#1740,#1741,#1742,#1743,#1744,#1745,#1746,#1747,#1748,#1749),.UNSPECIFIED.,.F.,
.F.,(4,1,1,1,1,1,1,1,1,1,1,1,1,1,4),(0.E0,7.142857142857E-2,1.428571428571E-1,
2.142857142857E-1,2.857142857143E-1,3.571428571429E-1,4.285714285714E-1,5.E-1,
5.714285714286E-1,6.428571428571E-1,7.142857142857E-1,7.857142857143E-1,
8.571428571429E-1,9.285714285714E-1,1.E0),.UNSPECIFIED.);
#1755=CIRCLE('',#1754,1.21E0);
#1760=CIRCLE('',#1759,1.21E0);
#1765=CIRCLE('',#1764,1.21E0);
#1783=B_SPLINE_CURVE_WITH_KNOTS('',3,(#1766,#1767,#1768,#1769,#1770,#1771,#1772,
#1773,#1774,#1775,#1776,#1777,#1778,#1779,#1780,#1781,#1782),.UNSPECIFIED.,.F.,
.F.,(4,1,1,1,1,1,1,1,1,1,1,1,1,1,4),(0.E0,7.142857142857E-2,1.428571428571E-1,
2.142857142857E-1,2.857142857143E-1,3.571428571429E-1,4.285714285714E-1,5.E-1,
5.714285714286E-1,6.428571428571E-1,7.142857142857E-1,7.857142857143E-1,
8.571428571429E-1,9.285714285714E-1,1.E0),.UNSPECIFIED.);
#1803=B_SPLINE_CURVE_WITH_KNOTS('',3,(#1784,#1785,#1786,#1787,#1788,#1789,#1790,
#1791,#1792,#1793,#1794,#1795,#1796,#1797,#1798,#1799,#1800,#1801,#1802),
.UNSPECIFIED.,.F.,.F.,(4,1,1,1,1,1,1,1,1,1,1,1,1,1,1,1,4),(0.E0,6.25E-2,1.25E-1,
1.875E-1,2.5E-1,3.125E-1,3.75E-1,4.375E-1,5.E-1,5.625E-1,6.25E-1,6.875E-1,
7.5E-1,8.125E-1,8.75E-1,9.375E-1,1.E0),.UNSPECIFIED.);
#1808=CIRCLE('',#1807,1.21E0);
#1813=CIRCLE('',#1812,1.21E0);
#1818=CIRCLE('',#1817,1.21E0);
#1823=CIRCLE('',#1822,1.21E0);
#1843=B_SPLINE_CURVE_WITH_KNOTS('',3,(#1824,#1825,#1826,#1827,#1828,#1829,#1830,
#1831,#1832,#1833,#1834,#1835,#1836,#1837,#1838,#1839,#1840,#1841,#1842),
.UNSPECIFIED.,.F.,.F.,(4,1,1,1,1,1,1,1,1,1,1,1,1,1,1,1,4),(0.E0,6.25E-2,1.25E-1,
1.875E-1,2.5E-1,3.125E-1,3.75E-1,4.375E-1,5.E-1,5.625E-1,6.25E-1,6.875E-1,
7.5E-1,8.125E-1,8.75E-1,9.375E-1,1.E0),.UNSPECIFIED.);
#1848=CIRCLE('',#1847,1.21E0);
#1866=B_SPLINE_CURVE_WITH_KNOTS('',3,(#1849,#1850,#1851,#1852,#1853,#1854,#1855,
#1856,#1857,#1858,#1859,#1860,#1861,#1862,#1863,#1864,#1865),.UNSPECIFIED.,.F.,
.F.,(4,1,1,1,1,1,1,1,1,1,1,1,1,1,4),(0.E0,7.142857142857E-2,1.428571428571E-1,
2.142857142857E-1,2.857142857143E-1,3.571428571429E-1,4.285714285714E-1,5.E-1,
5.714285714286E-1,6.428571428571E-1,7.142857142857E-1,7.857142857143E-1,
8.571428571429E-1,9.285714285714E-1,1.E0),.UNSPECIFIED.);
#1871=CIRCLE('',#1870,1.21E0);
#1876=CIRCLE('',#1875,1.21E0);
#1881=CIRCLE('',#1880,1.21E0);
#1899=B_SPLINE_CURVE_WITH_KNOTS('',3,(#1882,#1883,#1884,#1885,#1886,#1887,#1888,
#1889,#1890,#1891,#1892,#1893,#1894,#1895,#1896,#1897,#1898),.UNSPECIFIED.,.F.,
.F.,(4,1,1,1,1,1,1,1,1,1,1,1,1,1,4),(0.E0,7.142857142857E-2,1.428571428571E-1,
2.142857142857E-1,2.857142857143E-1,3.571428571429E-1,4.285714285714E-1,5.E-1,
5.714285714286E-1,6.428571428571E-1,7.142857142857E-1,7.857142857143E-1,
8.571428571429E-1,9.285714285714E-1,1.E0),.UNSPECIFIED.);
#1919=B_SPLINE_CURVE_WITH_KNOTS('',3,(#1900,#1901,#1902,#1903,#1904,#1905,#1906,
#1907,#1908,#1909,#1910,#1911,#1912,#1913,#1914,#1915,#1916,#1917,#1918),
.UNSPECIFIED.,.F.,.F.,(4,1,1,1,1,1,1,1,1,1,1,1,1,1,1,1,4),(0.E0,6.25E-2,1.25E-1,
1.875E-1,2.5E-1,3.125E-1,3.75E-1,4.375E-1,5.E-1,5.625E-1,6.25E-1,6.875E-1,
7.5E-1,8.125E-1,8.75E-1,9.375E-1,1.E0),.UNSPECIFIED.);
#1924=CIRCLE('',#1923,1.21E0);
#1929=CIRCLE('',#1928,1.21E0);
#1934=CIRCLE('',#1933,1.21E0);
#1939=CIRCLE('',#1938,1.21E0);
#1959=B_SPLINE_CURVE_WITH_KNOTS('',3,(#1940,#1941,#1942,#1943,#1944,#1945,#1946,
#1947,#1948,#1949,#1950,#1951,#1952,#1953,#1954,#1955,#1956,#1957,#1958),
.UNSPECIFIED.,.F.,.F.,(4,1,1,1,1,1,1,1,1,1,1,1,1,1,1,1,4),(0.E0,6.25E-2,1.25E-1,
1.875E-1,2.5E-1,3.125E-1,3.75E-1,4.375E-1,5.E-1,5.625E-1,6.25E-1,6.875E-1,
7.5E-1,8.125E-1,8.75E-1,9.375E-1,1.E0),.UNSPECIFIED.);
#1964=CIRCLE('',#1963,1.21E0);
#1982=B_SPLINE_CURVE_WITH_KNOTS('',3,(#1965,#1966,#1967,#1968,#1969,#1970,#1971,
#1972,#1973,#1974,#1975,#1976,#1977,#1978,#1979,#1980,#1981),.UNSPECIFIED.,.F.,
.F.,(4,1,1,1,1,1,1,1,1,1,1,1,1,1,4),(0.E0,7.142857142857E-2,1.428571428571E-1,
2.142857142857E-1,2.857142857143E-1,3.571428571429E-1,4.285714285714E-1,5.E-1,
5.714285714286E-1,6.428571428571E-1,7.142857142857E-1,7.857142857143E-1,
8.571428571429E-1,9.285714285714E-1,1.E0),.UNSPECIFIED.);
#1987=CIRCLE('',#1986,1.21E0);
#1992=CIRCLE('',#1991,1.21E0);
#1997=CIRCLE('',#1996,1.21E0);
#2015=B_SPLINE_CURVE_WITH_KNOTS('',3,(#1998,#1999,#2000,#2001,#2002,#2003,#2004,
#2005,#2006,#2007,#2008,#2009,#2010,#2011,#2012,#2013,#2014),.UNSPECIFIED.,.F.,
.F.,(4,1,1,1,1,1,1,1,1,1,1,1,1,1,4),(0.E0,7.142857142857E-2,1.428571428571E-1,
2.142857142857E-1,2.857142857143E-1,3.571428571429E-1,4.285714285714E-1,5.E-1,
5.714285714286E-1,6.428571428571E-1,7.142857142857E-1,7.857142857143E-1,
8.571428571429E-1,9.285714285714E-1,1.E0),.UNSPECIFIED.);
#2035=B_SPLINE_CURVE_WITH_KNOTS('',3,(#2016,#2017,#2018,#2019,#2020,#2021,#2022,
#2023,#2024,#2025,#2026,#2027,#2028,#2029,#2030,#2031,#2032,#2033,#2034),
.UNSPECIFIED.,.F.,.F.,(4,1,1,1,1,1,1,1,1,1,1,1,1,1,1,1,4),(0.E0,6.25E-2,1.25E-1,
1.875E-1,2.5E-1,3.125E-1,3.75E-1,4.375E-1,5.E-1,5.625E-1,6.25E-1,6.875E-1,
7.5E-1,8.125E-1,8.75E-1,9.375E-1,1.E0),.UNSPECIFIED.);
#2040=CIRCLE('',#2039,1.21E0);
#2045=CIRCLE('',#2044,1.21E0);
#2050=CIRCLE('',#2049,1.21E0);
#2055=CIRCLE('',#2054,1.21E0);
#2075=B_SPLINE_CURVE_WITH_KNOTS('',3,(#2056,#2057,#2058,#2059,#2060,#2061,#2062,
#2063,#2064,#2065,#2066,#2067,#2068,#2069,#2070,#2071,#2072,#2073,#2074),
.UNSPECIFIED.,.F.,.F.,(4,1,1,1,1,1,1,1,1,1,1,1,1,1,1,1,4),(0.E0,6.25E-2,1.25E-1,
1.875E-1,2.5E-1,3.125E-1,3.75E-1,4.375E-1,5.E-1,5.625E-1,6.25E-1,6.875E-1,
7.5E-1,8.125E-1,8.75E-1,9.375E-1,1.E0),.UNSPECIFIED.);
#2080=CIRCLE('',#2079,1.21E0);
#2098=B_SPLINE_CURVE_WITH_KNOTS('',3,(#2081,#2082,#2083,#2084,#2085,#2086,#2087,
#2088,#2089,#2090,#2091,#2092,#2093,#2094,#2095,#2096,#2097),.UNSPECIFIED.,.F.,
.F.,(4,1,1,1,1,1,1,1,1,1,1,1,1,1,4),(0.E0,7.142857142857E-2,1.428571428571E-1,
2.142857142857E-1,2.857142857143E-1,3.571428571429E-1,4.285714285714E-1,5.E-1,
5.714285714286E-1,6.428571428571E-1,7.142857142857E-1,7.857142857143E-1,
8.571428571429E-1,9.285714285714E-1,1.E0),.UNSPECIFIED.);
#2103=CIRCLE('',#2102,1.21E0);
#2108=CIRCLE('',#2107,1.21E0);
#2113=CIRCLE('',#2112,1.21E0);
#2131=B_SPLINE_CURVE_WITH_KNOTS('',3,(#2114,#2115,#2116,#2117,#2118,#2119,#2120,
#2121,#2122,#2123,#2124,#2125,#2126,#2127,#2128,#2129,#2130),.UNSPECIFIED.,.F.,
.F.,(4,1,1,1,1,1,1,1,1,1,1,1,1,1,4),(0.E0,7.142857142857E-2,1.428571428571E-1,
2.142857142857E-1,2.857142857143E-1,3.571428571429E-1,4.285714285714E-1,5.E-1,
5.714285714286E-1,6.428571428571E-1,7.142857142857E-1,7.857142857143E-1,
8.571428571429E-1,9.285714285714E-1,1.E0),.UNSPECIFIED.);
#2151=B_SPLINE_CURVE_WITH_KNOTS('',3,(#2132,#2133,#2134,#2135,#2136,#2137,#2138,
#2139,#2140,#2141,#2142,#2143,#2144,#2145,#2146,#2147,#2148,#2149,#2150),
.UNSPECIFIED.,.F.,.F.,(4,1,1,1,1,1,1,1,1,1,1,1,1,1,1,1,4),(0.E0,6.25E-2,1.25E-1,
1.875E-1,2.5E-1,3.125E-1,3.75E-1,4.375E-1,5.E-1,5.625E-1,6.25E-1,6.875E-1,
7.5E-1,8.125E-1,8.75E-1,9.375E-1,1.E0),.UNSPECIFIED.);
#2156=CIRCLE('',#2155,1.21E0);
#2161=CIRCLE('',#2160,1.21E0);
#2166=CIRCLE('',#2165,1.21E0);
#2171=CIRCLE('',#2170,1.21E0);
#2191=B_SPLINE_CURVE_WITH_KNOTS('',3,(#2172,#2173,#2174,#2175,#2176,#2177,#2178,
#2179,#2180,#2181,#2182,#2183,#2184,#2185,#2186,#2187,#2188,#2189,#2190),
.UNSPECIFIED.,.F.,.F.,(4,1,1,1,1,1,1,1,1,1,1,1,1,1,1,1,4),(0.E0,6.25E-2,1.25E-1,
1.875E-1,2.5E-1,3.125E-1,3.75E-1,4.375E-1,5.E-1,5.625E-1,6.25E-1,6.875E-1,
7.5E-1,8.125E-1,8.75E-1,9.375E-1,1.E0),.UNSPECIFIED.);
#2196=CIRCLE('',#2195,1.21E0);
#2214=B_SPLINE_CURVE_WITH_KNOTS('',3,(#2197,#2198,#2199,#2200,#2201,#2202,#2203,
#2204,#2205,#2206,#2207,#2208,#2209,#2210,#2211,#2212,#2213),.UNSPECIFIED.,.F.,
.F.,(4,1,1,1,1,1,1,1,1,1,1,1,1,1,4),(0.E0,7.142857142857E-2,1.428571428571E-1,
2.142857142857E-1,2.857142857143E-1,3.571428571429E-1,4.285714285714E-1,5.E-1,
5.714285714286E-1,6.428571428571E-1,7.142857142857E-1,7.857142857143E-1,
8.571428571429E-1,9.285714285714E-1,1.E0),.UNSPECIFIED.);
#2219=CIRCLE('',#2218,1.21E0);
#2224=CIRCLE('',#2223,1.21E0);
#2229=CIRCLE('',#2228,1.21E0);
#2247=B_SPLINE_CURVE_WITH_KNOTS('',3,(#2230,#2231,#2232,#2233,#2234,#2235,#2236,
#2237,#2238,#2239,#2240,#2241,#2242,#2243,#2244,#2245,#2246),.UNSPECIFIED.,.F.,
.F.,(4,1,1,1,1,1,1,1,1,1,1,1,1,1,4),(0.E0,7.142857142857E-2,1.428571428571E-1,
2.142857142857E-1,2.857142857143E-1,3.571428571429E-1,4.285714285714E-1,5.E-1,
5.714285714286E-1,6.428571428571E-1,7.142857142857E-1,7.857142857143E-1,
8.571428571429E-1,9.285714285714E-1,1.E0),.UNSPECIFIED.);
#2267=B_SPLINE_CURVE_WITH_KNOTS('',3,(#2248,#2249,#2250,#2251,#2252,#2253,#2254,
#2255,#2256,#2257,#2258,#2259,#2260,#2261,#2262,#2263,#2264,#2265,#2266),
.UNSPECIFIED.,.F.,.F.,(4,1,1,1,1,1,1,1,1,1,1,1,1,1,1,1,4),(0.E0,6.25E-2,1.25E-1,
1.875E-1,2.5E-1,3.125E-1,3.75E-1,4.375E-1,5.E-1,5.625E-1,6.25E-1,6.875E-1,
7.5E-1,8.125E-1,8.75E-1,9.375E-1,1.E0),.UNSPECIFIED.);
#2272=CIRCLE('',#2271,1.21E0);
#2277=CIRCLE('',#2276,1.21E0);
#2282=CIRCLE('',#2281,1.21E0);
#2287=CIRCLE('',#2286,1.21E0);
#2307=B_SPLINE_CURVE_WITH_KNOTS('',3,(#2288,#2289,#2290,#2291,#2292,#2293,#2294,
#2295,#2296,#2297,#2298,#2299,#2300,#2301,#2302,#2303,#2304,#2305,#2306),
.UNSPECIFIED.,.F.,.F.,(4,1,1,1,1,1,1,1,1,1,1,1,1,1,1,1,4),(0.E0,6.25E-2,1.25E-1,
1.875E-1,2.5E-1,3.125E-1,3.75E-1,4.375E-1,5.E-1,5.625E-1,6.25E-1,6.875E-1,
7.5E-1,8.125E-1,8.75E-1,9.375E-1,1.E0),.UNSPECIFIED.);
#2312=CIRCLE('',#2311,1.21E0);
#2330=B_SPLINE_CURVE_WITH_KNOTS('',3,(#2313,#2314,#2315,#2316,#2317,#2318,#2319,
#2320,#2321,#2322,#2323,#2324,#2325,#2326,#2327,#2328,#2329),.UNSPECIFIED.,.F.,
.F.,(4,1,1,1,1,1,1,1,1,1,1,1,1,1,4),(0.E0,7.142857142857E-2,1.428571428571E-1,
2.142857142857E-1,2.857142857143E-1,3.571428571429E-1,4.285714285714E-1,5.E-1,
5.714285714286E-1,6.428571428571E-1,7.142857142857E-1,7.857142857143E-1,
8.571428571429E-1,9.285714285714E-1,1.E0),.UNSPECIFIED.);
#2335=CIRCLE('',#2334,1.21E0);
#2340=CIRCLE('',#2339,1.21E0);
#2345=CIRCLE('',#2344,1.21E0);
#2363=B_SPLINE_CURVE_WITH_KNOTS('',3,(#2346,#2347,#2348,#2349,#2350,#2351,#2352,
#2353,#2354,#2355,#2356,#2357,#2358,#2359,#2360,#2361,#2362),.UNSPECIFIED.,.F.,
.F.,(4,1,1,1,1,1,1,1,1,1,1,1,1,1,4),(0.E0,7.142857142857E-2,1.428571428571E-1,
2.142857142857E-1,2.857142857143E-1,3.571428571429E-1,4.285714285714E-1,5.E-1,
5.714285714286E-1,6.428571428571E-1,7.142857142857E-1,7.857142857143E-1,
8.571428571429E-1,9.285714285714E-1,1.E0),.UNSPECIFIED.);
#2383=B_SPLINE_CURVE_WITH_KNOTS('',3,(#2364,#2365,#2366,#2367,#2368,#2369,#2370,
#2371,#2372,#2373,#2374,#2375,#2376,#2377,#2378,#2379,#2380,#2381,#2382),
.UNSPECIFIED.,.F.,.F.,(4,1,1,1,1,1,1,1,1,1,1,1,1,1,1,1,4),(0.E0,6.25E-2,1.25E-1,
1.875E-1,2.5E-1,3.125E-1,3.75E-1,4.375E-1,5.E-1,5.625E-1,6.25E-1,6.875E-1,
7.5E-1,8.125E-1,8.75E-1,9.375E-1,1.E0),.UNSPECIFIED.);
#2388=CIRCLE('',#2387,1.21E0);
#2393=CIRCLE('',#2392,1.21E0);
#2398=CIRCLE('',#2397,1.21E0);
#2403=CIRCLE('',#2402,1.21E0);
#2423=B_SPLINE_CURVE_WITH_KNOTS('',3,(#2404,#2405,#2406,#2407,#2408,#2409,#2410,
#2411,#2412,#2413,#2414,#2415,#2416,#2417,#2418,#2419,#2420,#2421,#2422),
.UNSPECIFIED.,.F.,.F.,(4,1,1,1,1,1,1,1,1,1,1,1,1,1,1,1,4),(0.E0,6.25E-2,1.25E-1,
1.875E-1,2.5E-1,3.125E-1,3.75E-1,4.375E-1,5.E-1,5.625E-1,6.25E-1,6.875E-1,
7.5E-1,8.125E-1,8.75E-1,9.375E-1,1.E0),.UNSPECIFIED.);
#2428=CIRCLE('',#2427,1.21E0);
#2446=B_SPLINE_CURVE_WITH_KNOTS('',3,(#2429,#2430,#2431,#2432,#2433,#2434,#2435,
#2436,#2437,#2438,#2439,#2440,#2441,#2442,#2443,#2444,#2445),.UNSPECIFIED.,.F.,
.F.,(4,1,1,1,1,1,1,1,1,1,1,1,1,1,4),(0.E0,7.142857142857E-2,1.428571428571E-1,
2.142857142857E-1,2.857142857143E-1,3.571428571429E-1,4.285714285714E-1,5.E-1,
5.714285714286E-1,6.428571428571E-1,7.142857142857E-1,7.857142857143E-1,
8.571428571429E-1,9.285714285714E-1,1.E0),.UNSPECIFIED.);
#2451=CIRCLE('',#2450,1.21E0);
#2456=CIRCLE('',#2455,1.21E0);
#2461=CIRCLE('',#2460,1.21E0);
#2479=B_SPLINE_CURVE_WITH_KNOTS('',3,(#2462,#2463,#2464,#2465,#2466,#2467,#2468,
#2469,#2470,#2471,#2472,#2473,#2474,#2475,#2476,#2477,#2478),.UNSPECIFIED.,.F.,
.F.,(4,1,1,1,1,1,1,1,1,1,1,1,1,1,4),(0.E0,7.142857142857E-2,1.428571428571E-1,
2.142857142857E-1,2.857142857143E-1,3.571428571429E-1,4.285714285714E-1,5.E-1,
5.714285714286E-1,6.428571428571E-1,7.142857142857E-1,7.857142857143E-1,
8.571428571429E-1,9.285714285714E-1,1.E0),.UNSPECIFIED.);
#2499=B_SPLINE_CURVE_WITH_KNOTS('',3,(#2480,#2481,#2482,#2483,#2484,#2485,#2486,
#2487,#2488,#2489,#2490,#2491,#2492,#2493,#2494,#2495,#2496,#2497,#2498),
.UNSPECIFIED.,.F.,.F.,(4,1,1,1,1,1,1,1,1,1,1,1,1,1,1,1,4),(0.E0,6.25E-2,1.25E-1,
1.875E-1,2.5E-1,3.125E-1,3.75E-1,4.375E-1,5.E-1,5.625E-1,6.25E-1,6.875E-1,
7.5E-1,8.125E-1,8.75E-1,9.375E-1,1.E0),.UNSPECIFIED.);
#2504=CIRCLE('',#2503,1.21E0);
#2509=CIRCLE('',#2508,1.21E0);
#2514=CIRCLE('',#2513,1.21E0);
#2519=CIRCLE('',#2518,1.21E0);
#2539=B_SPLINE_CURVE_WITH_KNOTS('',3,(#2520,#2521,#2522,#2523,#2524,#2525,#2526,
#2527,#2528,#2529,#2530,#2531,#2532,#2533,#2534,#2535,#2536,#2537,#2538),
.UNSPECIFIED.,.F.,.F.,(4,1,1,1,1,1,1,1,1,1,1,1,1,1,1,1,4),(0.E0,6.25E-2,1.25E-1,
1.875E-1,2.5E-1,3.125E-1,3.75E-1,4.375E-1,5.E-1,5.625E-1,6.25E-1,6.875E-1,
7.5E-1,8.125E-1,8.75E-1,9.375E-1,1.E0),.UNSPECIFIED.);
#2544=CIRCLE('',#2543,1.21E0);
#2562=B_SPLINE_CURVE_WITH_KNOTS('',3,(#2545,#2546,#2547,#2548,#2549,#2550,#2551,
#2552,#2553,#2554,#2555,#2556,#2557,#2558,#2559,#2560,#2561),.UNSPECIFIED.,.F.,
.F.,(4,1,1,1,1,1,1,1,1,1,1,1,1,1,4),(0.E0,7.142857142857E-2,1.428571428571E-1,
2.142857142857E-1,2.857142857143E-1,3.571428571429E-1,4.285714285714E-1,5.E-1,
5.714285714286E-1,6.428571428571E-1,7.142857142857E-1,7.857142857143E-1,
8.571428571429E-1,9.285714285714E-1,1.E0),.UNSPECIFIED.);
#2567=CIRCLE('',#2566,1.21E0);
#2572=CIRCLE('',#2571,1.21E0);
#2577=CIRCLE('',#2576,1.21E0);
#2595=B_SPLINE_CURVE_WITH_KNOTS('',3,(#2578,#2579,#2580,#2581,#2582,#2583,#2584,
#2585,#2586,#2587,#2588,#2589,#2590,#2591,#2592,#2593,#2594),.UNSPECIFIED.,.F.,
.F.,(4,1,1,1,1,1,1,1,1,1,1,1,1,1,4),(0.E0,7.142857142857E-2,1.428571428571E-1,
2.142857142857E-1,2.857142857143E-1,3.571428571429E-1,4.285714285714E-1,5.E-1,
5.714285714286E-1,6.428571428571E-1,7.142857142857E-1,7.857142857143E-1,
8.571428571429E-1,9.285714285714E-1,1.E0),.UNSPECIFIED.);
#2615=B_SPLINE_CURVE_WITH_KNOTS('',3,(#2596,#2597,#2598,#2599,#2600,#2601,#2602,
#2603,#2604,#2605,#2606,#2607,#2608,#2609,#2610,#2611,#2612,#2613,#2614),
.UNSPECIFIED.,.F.,.F.,(4,1,1,1,1,1,1,1,1,1,1,1,1,1,1,1,4),(0.E0,6.25E-2,1.25E-1,
1.875E-1,2.5E-1,3.125E-1,3.75E-1,4.375E-1,5.E-1,5.625E-1,6.25E-1,6.875E-1,
7.5E-1,8.125E-1,8.75E-1,9.375E-1,1.E0),.UNSPECIFIED.);
#2620=CIRCLE('',#2619,1.21E0);
#2625=CIRCLE('',#2624,1.21E0);
#2630=CIRCLE('',#2629,1.21E0);
#2635=CIRCLE('',#2634,1.21E0);
#2655=B_SPLINE_CURVE_WITH_KNOTS('',3,(#2636,#2637,#2638,#2639,#2640,#2641,#2642,
#2643,#2644,#2645,#2646,#2647,#2648,#2649,#2650,#2651,#2652,#2653,#2654),
.UNSPECIFIED.,.F.,.F.,(4,1,1,1,1,1,1,1,1,1,1,1,1,1,1,1,4),(0.E0,6.25E-2,1.25E-1,
1.875E-1,2.5E-1,3.125E-1,3.75E-1,4.375E-1,5.E-1,5.625E-1,6.25E-1,6.875E-1,
7.5E-1,8.125E-1,8.75E-1,9.375E-1,1.E0),.UNSPECIFIED.);
#2660=CIRCLE('',#2659,1.21E0);
#2678=B_SPLINE_CURVE_WITH_KNOTS('',3,(#2661,#2662,#2663,#2664,#2665,#2666,#2667,
#2668,#2669,#2670,#2671,#2672,#2673,#2674,#2675,#2676,#2677),.UNSPECIFIED.,.F.,
.F.,(4,1,1,1,1,1,1,1,1,1,1,1,1,1,4),(0.E0,7.142857142857E-2,1.428571428571E-1,
2.142857142857E-1,2.857142857143E-1,3.571428571429E-1,4.285714285714E-1,5.E-1,
5.714285714286E-1,6.428571428571E-1,7.142857142857E-1,7.857142857143E-1,
8.571428571429E-1,9.285714285714E-1,1.E0),.UNSPECIFIED.);
#2683=CIRCLE('',#2682,1.21E0);
#2688=CIRCLE('',#2687,1.21E0);
#2693=CIRCLE('',#2692,1.21E0);
#2711=B_SPLINE_CURVE_WITH_KNOTS('',3,(#2694,#2695,#2696,#2697,#2698,#2699,#2700,
#2701,#2702,#2703,#2704,#2705,#2706,#2707,#2708,#2709,#2710),.UNSPECIFIED.,.F.,
.F.,(4,1,1,1,1,1,1,1,1,1,1,1,1,1,4),(0.E0,7.142857142857E-2,1.428571428571E-1,
2.142857142857E-1,2.857142857143E-1,3.571428571429E-1,4.285714285714E-1,5.E-1,
5.714285714286E-1,6.428571428571E-1,7.142857142857E-1,7.857142857143E-1,
8.571428571429E-1,9.285714285714E-1,1.E0),.UNSPECIFIED.);
#2716=CIRCLE('',#2715,1.21E0);
#2734=B_SPLINE_CURVE_WITH_KNOTS('',3,(#2717,#2718,#2719,#2720,#2721,#2722,#2723,
#2724,#2725,#2726,#2727,#2728,#2729,#2730,#2731,#2732,#2733),.UNSPECIFIED.,.F.,
.F.,(4,1,1,1,1,1,1,1,1,1,1,1,1,1,4),(0.E0,7.142857142857E-2,1.428571428571E-1,
2.142857142857E-1,2.857142857143E-1,3.571428571429E-1,4.285714285714E-1,5.E-1,
5.714285714286E-1,6.428571428571E-1,7.142857142857E-1,7.857142857143E-1,
8.571428571429E-1,9.285714285714E-1,1.E0),.UNSPECIFIED.);
#2739=CIRCLE('',#2738,1.21E0);
#2744=CIRCLE('',#2743,1.21E0);
#2749=CIRCLE('',#2748,1.21E0);
#2767=B_SPLINE_CURVE_WITH_KNOTS('',3,(#2750,#2751,#2752,#2753,#2754,#2755,#2756,
#2757,#2758,#2759,#2760,#2761,#2762,#2763,#2764,#2765,#2766),.UNSPECIFIED.,.F.,
.F.,(4,1,1,1,1,1,1,1,1,1,1,1,1,1,4),(0.E0,7.142857142857E-2,1.428571428571E-1,
2.142857142857E-1,2.857142857143E-1,3.571428571429E-1,4.285714285714E-1,5.E-1,
5.714285714286E-1,6.428571428571E-1,7.142857142857E-1,7.857142857143E-1,
8.571428571429E-1,9.285714285714E-1,1.E0),.UNSPECIFIED.);
#2772=CIRCLE('',#2771,1.21E0);
#2790=B_SPLINE_CURVE_WITH_KNOTS('',3,(#2773,#2774,#2775,#2776,#2777,#2778,#2779,
#2780,#2781,#2782,#2783,#2784,#2785,#2786,#2787,#2788,#2789),.UNSPECIFIED.,.F.,
.F.,(4,1,1,1,1,1,1,1,1,1,1,1,1,1,4),(0.E0,7.142857142857E-2,1.428571428571E-1,
2.142857142857E-1,2.857142857143E-1,3.571428571429E-1,4.285714285714E-1,5.E-1,
5.714285714286E-1,6.428571428571E-1,7.142857142857E-1,7.857142857143E-1,
8.571428571429E-1,9.285714285714E-1,1.E0),.UNSPECIFIED.);
#2795=CIRCLE('',#2794,1.21E0);
#2800=CIRCLE('',#2799,1.21E0);
#2805=CIRCLE('',#2804,1.21E0);
#2823=B_SPLINE_CURVE_WITH_KNOTS('',3,(#2806,#2807,#2808,#2809,#2810,#2811,#2812,
#2813,#2814,#2815,#2816,#2817,#2818,#2819,#2820,#2821,#2822),.UNSPECIFIED.,.F.,
.F.,(4,1,1,1,1,1,1,1,1,1,1,1,1,1,4),(0.E0,7.142857142857E-2,1.428571428571E-1,
2.142857142857E-1,2.857142857143E-1,3.571428571429E-1,4.285714285714E-1,5.E-1,
5.714285714286E-1,6.428571428571E-1,7.142857142857E-1,7.857142857143E-1,
8.571428571429E-1,9.285714285714E-1,1.E0),.UNSPECIFIED.);
#2843=B_SPLINE_CURVE_WITH_KNOTS('',3,(#2824,#2825,#2826,#2827,#2828,#2829,#2830,
#2831,#2832,#2833,#2834,#2835,#2836,#2837,#2838,#2839,#2840,#2841,#2842),
.UNSPECIFIED.,.F.,.F.,(4,1,1,1,1,1,1,1,1,1,1,1,1,1,1,1,4),(0.E0,6.25E-2,1.25E-1,
1.875E-1,2.5E-1,3.125E-1,3.75E-1,4.375E-1,5.E-1,5.625E-1,6.25E-1,6.875E-1,
7.5E-1,8.125E-1,8.75E-1,9.375E-1,1.E0),.UNSPECIFIED.);
#2848=CIRCLE('',#2847,1.21E0);
#2853=CIRCLE('',#2852,1.21E0);
#2858=CIRCLE('',#2857,1.21E0);
#2863=CIRCLE('',#2862,1.21E0);
#2883=B_SPLINE_CURVE_WITH_KNOTS('',3,(#2864,#2865,#2866,#2867,#2868,#2869,#2870,
#2871,#2872,#2873,#2874,#2875,#2876,#2877,#2878,#2879,#2880,#2881,#2882),
.UNSPECIFIED.,.F.,.F.,(4,1,1,1,1,1,1,1,1,1,1,1,1,1,1,1,4),(0.E0,6.25E-2,1.25E-1,
1.875E-1,2.5E-1,3.125E-1,3.75E-1,4.375E-1,5.E-1,5.625E-1,6.25E-1,6.875E-1,
7.5E-1,8.125E-1,8.75E-1,9.375E-1,1.E0),.UNSPECIFIED.);
#2888=CIRCLE('',#2887,1.21E0);
#2906=B_SPLINE_CURVE_WITH_KNOTS('',3,(#2889,#2890,#2891,#2892,#2893,#2894,#2895,
#2896,#2897,#2898,#2899,#2900,#2901,#2902,#2903,#2904,#2905),.UNSPECIFIED.,.F.,
.F.,(4,1,1,1,1,1,1,1,1,1,1,1,1,1,4),(0.E0,7.142857142857E-2,1.428571428571E-1,
2.142857142857E-1,2.857142857143E-1,3.571428571429E-1,4.285714285714E-1,5.E-1,
5.714285714286E-1,6.428571428571E-1,7.142857142857E-1,7.857142857143E-1,
8.571428571429E-1,9.285714285714E-1,1.E0),.UNSPECIFIED.);
#2911=CIRCLE('',#2910,1.21E0);
#2916=CIRCLE('',#2915,1.21E0);
#2921=CIRCLE('',#2920,1.21E0);
#2939=B_SPLINE_CURVE_WITH_KNOTS('',3,(#2922,#2923,#2924,#2925,#2926,#2927,#2928,
#2929,#2930,#2931,#2932,#2933,#2934,#2935,#2936,#2937,#2938),.UNSPECIFIED.,.F.,
.F.,(4,1,1,1,1,1,1,1,1,1,1,1,1,1,4),(0.E0,7.142857142857E-2,1.428571428571E-1,
2.142857142857E-1,2.857142857143E-1,3.571428571429E-1,4.285714285714E-1,5.E-1,
5.714285714286E-1,6.428571428571E-1,7.142857142857E-1,7.857142857143E-1,
8.571428571429E-1,9.285714285714E-1,1.E0),.UNSPECIFIED.);
#2959=B_SPLINE_CURVE_WITH_KNOTS('',3,(#2940,#2941,#2942,#2943,#2944,#2945,#2946,
#2947,#2948,#2949,#2950,#2951,#2952,#2953,#2954,#2955,#2956,#2957,#2958),
.UNSPECIFIED.,.F.,.F.,(4,1,1,1,1,1,1,1,1,1,1,1,1,1,1,1,4),(0.E0,6.25E-2,1.25E-1,
1.875E-1,2.5E-1,3.125E-1,3.75E-1,4.375E-1,5.E-1,5.625E-1,6.25E-1,6.875E-1,
7.5E-1,8.125E-1,8.75E-1,9.375E-1,1.E0),.UNSPECIFIED.);
#2964=CIRCLE('',#2963,1.21E0);
#2969=CIRCLE('',#2968,1.21E0);
#2974=CIRCLE('',#2973,1.21E0);
#2979=CIRCLE('',#2978,1.21E0);
#2999=B_SPLINE_CURVE_WITH_KNOTS('',3,(#2980,#2981,#2982,#2983,#2984,#2985,#2986,
#2987,#2988,#2989,#2990,#2991,#2992,#2993,#2994,#2995,#2996,#2997,#2998),
.UNSPECIFIED.,.F.,.F.,(4,1,1,1,1,1,1,1,1,1,1,1,1,1,1,1,4),(0.E0,6.25E-2,1.25E-1,
1.875E-1,2.5E-1,3.125E-1,3.75E-1,4.375E-1,5.E-1,5.625E-1,6.25E-1,6.875E-1,
7.5E-1,8.125E-1,8.75E-1,9.375E-1,1.E0),.UNSPECIFIED.);
#3004=CIRCLE('',#3003,1.21E0);
#3022=B_SPLINE_CURVE_WITH_KNOTS('',3,(#3005,#3006,#3007,#3008,#3009,#3010,#3011,
#3012,#3013,#3014,#3015,#3016,#3017,#3018,#3019,#3020,#3021),.UNSPECIFIED.,.F.,
.F.,(4,1,1,1,1,1,1,1,1,1,1,1,1,1,4),(0.E0,7.142857142857E-2,1.428571428571E-1,
2.142857142857E-1,2.857142857143E-1,3.571428571429E-1,4.285714285714E-1,5.E-1,
5.714285714286E-1,6.428571428571E-1,7.142857142857E-1,7.857142857143E-1,
8.571428571429E-1,9.285714285714E-1,1.E0),.UNSPECIFIED.);
#3027=CIRCLE('',#3026,1.21E0);
#3032=CIRCLE('',#3031,1.21E0);
#3037=CIRCLE('',#3036,1.21E0);
#3055=B_SPLINE_CURVE_WITH_KNOTS('',3,(#3038,#3039,#3040,#3041,#3042,#3043,#3044,
#3045,#3046,#3047,#3048,#3049,#3050,#3051,#3052,#3053,#3054),.UNSPECIFIED.,.F.,
.F.,(4,1,1,1,1,1,1,1,1,1,1,1,1,1,4),(0.E0,7.142857142857E-2,1.428571428571E-1,
2.142857142857E-1,2.857142857143E-1,3.571428571429E-1,4.285714285714E-1,5.E-1,
5.714285714286E-1,6.428571428571E-1,7.142857142857E-1,7.857142857143E-1,
8.571428571429E-1,9.285714285714E-1,1.E0),.UNSPECIFIED.);
#3075=B_SPLINE_CURVE_WITH_KNOTS('',3,(#3056,#3057,#3058,#3059,#3060,#3061,#3062,
#3063,#3064,#3065,#3066,#3067,#3068,#3069,#3070,#3071,#3072,#3073,#3074),
.UNSPECIFIED.,.F.,.F.,(4,1,1,1,1,1,1,1,1,1,1,1,1,1,1,1,4),(0.E0,6.25E-2,1.25E-1,
1.875E-1,2.5E-1,3.125E-1,3.75E-1,4.375E-1,5.E-1,5.625E-1,6.25E-1,6.875E-1,
7.5E-1,8.125E-1,8.75E-1,9.375E-1,1.E0),.UNSPECIFIED.);
#3080=CIRCLE('',#3079,1.21E0);
#3085=CIRCLE('',#3084,1.21E0);
#3090=CIRCLE('',#3089,1.21E0);
#3095=CIRCLE('',#3094,1.21E0);
#3115=B_SPLINE_CURVE_WITH_KNOTS('',3,(#3096,#3097,#3098,#3099,#3100,#3101,#3102,
#3103,#3104,#3105,#3106,#3107,#3108,#3109,#3110,#3111,#3112,#3113,#3114),
.UNSPECIFIED.,.F.,.F.,(4,1,1,1,1,1,1,1,1,1,1,1,1,1,1,1,4),(0.E0,6.25E-2,1.25E-1,
1.875E-1,2.5E-1,3.125E-1,3.75E-1,4.375E-1,5.E-1,5.625E-1,6.25E-1,6.875E-1,
7.5E-1,8.125E-1,8.75E-1,9.375E-1,1.E0),.UNSPECIFIED.);
#3120=CIRCLE('',#3119,1.21E0);
#3138=B_SPLINE_CURVE_WITH_KNOTS('',3,(#3121,#3122,#3123,#3124,#3125,#3126,#3127,
#3128,#3129,#3130,#3131,#3132,#3133,#3134,#3135,#3136,#3137),.UNSPECIFIED.,.F.,
.F.,(4,1,1,1,1,1,1,1,1,1,1,1,1,1,4),(0.E0,7.142857142857E-2,1.428571428571E-1,
2.142857142857E-1,2.857142857143E-1,3.571428571429E-1,4.285714285714E-1,5.E-1,
5.714285714286E-1,6.428571428571E-1,7.142857142857E-1,7.857142857143E-1,
8.571428571429E-1,9.285714285714E-1,1.E0),.UNSPECIFIED.);
#3143=CIRCLE('',#3142,1.21E0);
#3148=CIRCLE('',#3147,1.21E0);
#3153=CIRCLE('',#3152,1.21E0);
#3171=B_SPLINE_CURVE_WITH_KNOTS('',3,(#3154,#3155,#3156,#3157,#3158,#3159,#3160,
#3161,#3162,#3163,#3164,#3165,#3166,#3167,#3168,#3169,#3170),.UNSPECIFIED.,.F.,
.F.,(4,1,1,1,1,1,1,1,1,1,1,1,1,1,4),(0.E0,7.142857142857E-2,1.428571428571E-1,
2.142857142857E-1,2.857142857143E-1,3.571428571429E-1,4.285714285714E-1,5.E-1,
5.714285714286E-1,6.428571428571E-1,7.142857142857E-1,7.857142857143E-1,
8.571428571429E-1,9.285714285714E-1,1.E0),.UNSPECIFIED.);
#3191=B_SPLINE_CURVE_WITH_KNOTS('',3,(#3172,#3173,#3174,#3175,#3176,#3177,#3178,
#3179,#3180,#3181,#3182,#3183,#3184,#3185,#3186,#3187,#3188,#3189,#3190),
.UNSPECIFIED.,.F.,.F.,(4,1,1,1,1,1,1,1,1,1,1,1,1,1,1,1,4),(0.E0,6.25E-2,1.25E-1,
1.875E-1,2.5E-1,3.125E-1,3.75E-1,4.375E-1,5.E-1,5.625E-1,6.25E-1,6.875E-1,
7.5E-1,8.125E-1,8.75E-1,9.375E-1,1.E0),.UNSPECIFIED.);
#3196=CIRCLE('',#3195,1.21E0);
#3201=CIRCLE('',#3200,1.21E0);
#3206=CIRCLE('',#3205,1.21E0);
#3211=CIRCLE('',#3210,1.21E0);
#3231=B_SPLINE_CURVE_WITH_KNOTS('',3,(#3212,#3213,#3214,#3215,#3216,#3217,#3218,
#3219,#3220,#3221,#3222,#3223,#3224,#3225,#3226,#3227,#3228,#3229,#3230),
.UNSPECIFIED.,.F.,.F.,(4,1,1,1,1,1,1,1,1,1,1,1,1,1,1,1,4),(0.E0,6.25E-2,1.25E-1,
1.875E-1,2.5E-1,3.125E-1,3.75E-1,4.375E-1,5.E-1,5.625E-1,6.25E-1,6.875E-1,
7.5E-1,8.125E-1,8.75E-1,9.375E-1,1.E0),.UNSPECIFIED.);
#3236=CIRCLE('',#3235,1.21E0);
#3254=B_SPLINE_CURVE_WITH_KNOTS('',3,(#3237,#3238,#3239,#3240,#3241,#3242,#3243,
#3244,#3245,#3246,#3247,#3248,#3249,#3250,#3251,#3252,#3253),.UNSPECIFIED.,.F.,
.F.,(4,1,1,1,1,1,1,1,1,1,1,1,1,1,4),(0.E0,7.142857142857E-2,1.428571428571E-1,
2.142857142857E-1,2.857142857143E-1,3.571428571429E-1,4.285714285714E-1,5.E-1,
5.714285714286E-1,6.428571428571E-1,7.142857142857E-1,7.857142857143E-1,
8.571428571429E-1,9.285714285714E-1,1.E0),.UNSPECIFIED.);
#3259=CIRCLE('',#3258,1.21E0);
#3264=CIRCLE('',#3263,1.21E0);
#3269=CIRCLE('',#3268,1.21E0);
#3287=B_SPLINE_CURVE_WITH_KNOTS('',3,(#3270,#3271,#3272,#3273,#3274,#3275,#3276,
#3277,#3278,#3279,#3280,#3281,#3282,#3283,#3284,#3285,#3286),.UNSPECIFIED.,.F.,
.F.,(4,1,1,1,1,1,1,1,1,1,1,1,1,1,4),(0.E0,7.142857142857E-2,1.428571428571E-1,
2.142857142857E-1,2.857142857143E-1,3.571428571429E-1,4.285714285714E-1,5.E-1,
5.714285714286E-1,6.428571428571E-1,7.142857142857E-1,7.857142857143E-1,
8.571428571429E-1,9.285714285714E-1,1.E0),.UNSPECIFIED.);
#3307=B_SPLINE_CURVE_WITH_KNOTS('',3,(#3288,#3289,#3290,#3291,#3292,#3293,#3294,
#3295,#3296,#3297,#3298,#3299,#3300,#3301,#3302,#3303,#3304,#3305,#3306),
.UNSPECIFIED.,.F.,.F.,(4,1,1,1,1,1,1,1,1,1,1,1,1,1,1,1,4),(0.E0,6.25E-2,1.25E-1,
1.875E-1,2.5E-1,3.125E-1,3.75E-1,4.375E-1,5.E-1,5.625E-1,6.25E-1,6.875E-1,
7.5E-1,8.125E-1,8.75E-1,9.375E-1,1.E0),.UNSPECIFIED.);
#3312=CIRCLE('',#3311,1.21E0);
#3317=CIRCLE('',#3316,1.21E0);
#3322=CIRCLE('',#3321,1.21E0);
#3327=CIRCLE('',#3326,1.21E0);
#3347=B_SPLINE_CURVE_WITH_KNOTS('',3,(#3328,#3329,#3330,#3331,#3332,#3333,#3334,
#3335,#3336,#3337,#3338,#3339,#3340,#3341,#3342,#3343,#3344,#3345,#3346),
.UNSPECIFIED.,.F.,.F.,(4,1,1,1,1,1,1,1,1,1,1,1,1,1,1,1,4),(0.E0,6.25E-2,1.25E-1,
1.875E-1,2.5E-1,3.125E-1,3.75E-1,4.375E-1,5.E-1,5.625E-1,6.25E-1,6.875E-1,
7.5E-1,8.125E-1,8.75E-1,9.375E-1,1.E0),.UNSPECIFIED.);
#3352=CIRCLE('',#3351,1.21E0);
#3370=B_SPLINE_CURVE_WITH_KNOTS('',3,(#3353,#3354,#3355,#3356,#3357,#3358,#3359,
#3360,#3361,#3362,#3363,#3364,#3365,#3366,#3367,#3368,#3369),.UNSPECIFIED.,.F.,
.F.,(4,1,1,1,1,1,1,1,1,1,1,1,1,1,4),(0.E0,7.142857142857E-2,1.428571428571E-1,
2.142857142857E-1,2.857142857143E-1,3.571428571429E-1,4.285714285714E-1,5.E-1,
5.714285714286E-1,6.428571428571E-1,7.142857142857E-1,7.857142857143E-1,
8.571428571429E-1,9.285714285714E-1,1.E0),.UNSPECIFIED.);
#3375=CIRCLE('',#3374,1.21E0);
#3380=CIRCLE('',#3379,1.21E0);
#3385=CIRCLE('',#3384,1.21E0);
#3403=B_SPLINE_CURVE_WITH_KNOTS('',3,(#3386,#3387,#3388,#3389,#3390,#3391,#3392,
#3393,#3394,#3395,#3396,#3397,#3398,#3399,#3400,#3401,#3402),.UNSPECIFIED.,.F.,
.F.,(4,1,1,1,1,1,1,1,1,1,1,1,1,1,4),(0.E0,7.142857142857E-2,1.428571428571E-1,
2.142857142857E-1,2.857142857143E-1,3.571428571429E-1,4.285714285714E-1,5.E-1,
5.714285714286E-1,6.428571428571E-1,7.142857142857E-1,7.857142857143E-1,
8.571428571429E-1,9.285714285714E-1,1.E0),.UNSPECIFIED.);
#3423=B_SPLINE_CURVE_WITH_KNOTS('',3,(#3404,#3405,#3406,#3407,#3408,#3409,#3410,
#3411,#3412,#3413,#3414,#3415,#3416,#3417,#3418,#3419,#3420,#3421,#3422),
.UNSPECIFIED.,.F.,.F.,(4,1,1,1,1,1,1,1,1,1,1,1,1,1,1,1,4),(0.E0,6.25E-2,1.25E-1,
1.875E-1,2.5E-1,3.125E-1,3.75E-1,4.375E-1,5.E-1,5.625E-1,6.25E-1,6.875E-1,
7.5E-1,8.125E-1,8.75E-1,9.375E-1,1.E0),.UNSPECIFIED.);
#3428=CIRCLE('',#3427,1.21E0);
#3433=CIRCLE('',#3432,1.21E0);
#3438=CIRCLE('',#3437,1.21E0);
#3443=CIRCLE('',#3442,1.21E0);
#3463=B_SPLINE_CURVE_WITH_KNOTS('',3,(#3444,#3445,#3446,#3447,#3448,#3449,#3450,
#3451,#3452,#3453,#3454,#3455,#3456,#3457,#3458,#3459,#3460,#3461,#3462),
.UNSPECIFIED.,.F.,.F.,(4,1,1,1,1,1,1,1,1,1,1,1,1,1,1,1,4),(0.E0,6.25E-2,1.25E-1,
1.875E-1,2.5E-1,3.125E-1,3.75E-1,4.375E-1,5.E-1,5.625E-1,6.25E-1,6.875E-1,
7.5E-1,8.125E-1,8.75E-1,9.375E-1,1.E0),.UNSPECIFIED.);
#3468=CIRCLE('',#3467,1.21E0);
#3486=B_SPLINE_CURVE_WITH_KNOTS('',3,(#3469,#3470,#3471,#3472,#3473,#3474,#3475,
#3476,#3477,#3478,#3479,#3480,#3481,#3482,#3483,#3484,#3485),.UNSPECIFIED.,.F.,
.F.,(4,1,1,1,1,1,1,1,1,1,1,1,1,1,4),(0.E0,7.142857142857E-2,1.428571428571E-1,
2.142857142857E-1,2.857142857143E-1,3.571428571429E-1,4.285714285714E-1,5.E-1,
5.714285714286E-1,6.428571428571E-1,7.142857142857E-1,7.857142857143E-1,
8.571428571429E-1,9.285714285714E-1,1.E0),.UNSPECIFIED.);
#3491=CIRCLE('',#3490,1.21E0);
#3496=CIRCLE('',#3495,1.21E0);
#3501=CIRCLE('',#3500,1.21E0);
#3519=B_SPLINE_CURVE_WITH_KNOTS('',3,(#3502,#3503,#3504,#3505,#3506,#3507,#3508,
#3509,#3510,#3511,#3512,#3513,#3514,#3515,#3516,#3517,#3518),.UNSPECIFIED.,.F.,
.F.,(4,1,1,1,1,1,1,1,1,1,1,1,1,1,4),(0.E0,7.142857142857E-2,1.428571428571E-1,
2.142857142857E-1,2.857142857143E-1,3.571428571429E-1,4.285714285714E-1,5.E-1,
5.714285714286E-1,6.428571428571E-1,7.142857142857E-1,7.857142857143E-1,
8.571428571429E-1,9.285714285714E-1,1.E0),.UNSPECIFIED.);
#3539=B_SPLINE_CURVE_WITH_KNOTS('',3,(#3520,#3521,#3522,#3523,#3524,#3525,#3526,
#3527,#3528,#3529,#3530,#3531,#3532,#3533,#3534,#3535,#3536,#3537,#3538),
.UNSPECIFIED.,.F.,.F.,(4,1,1,1,1,1,1,1,1,1,1,1,1,1,1,1,4),(0.E0,6.25E-2,1.25E-1,
1.875E-1,2.5E-1,3.125E-1,3.75E-1,4.375E-1,5.E-1,5.625E-1,6.25E-1,6.875E-1,
7.5E-1,8.125E-1,8.75E-1,9.375E-1,1.E0),.UNSPECIFIED.);
#3544=CIRCLE('',#3543,1.21E0);
#3549=CIRCLE('',#3548,1.21E0);
#3554=CIRCLE('',#3553,1.21E0);
#3559=CIRCLE('',#3558,1.21E0);
#3579=B_SPLINE_CURVE_WITH_KNOTS('',3,(#3560,#3561,#3562,#3563,#3564,#3565,#3566,
#3567,#3568,#3569,#3570,#3571,#3572,#3573,#3574,#3575,#3576,#3577,#3578),
.UNSPECIFIED.,.F.,.F.,(4,1,1,1,1,1,1,1,1,1,1,1,1,1,1,1,4),(0.E0,6.25E-2,1.25E-1,
1.875E-1,2.5E-1,3.125E-1,3.75E-1,4.375E-1,5.E-1,5.625E-1,6.25E-1,6.875E-1,
7.5E-1,8.125E-1,8.75E-1,9.375E-1,1.E0),.UNSPECIFIED.);
#3584=CIRCLE('',#3583,1.21E0);
#3602=B_SPLINE_CURVE_WITH_KNOTS('',3,(#3585,#3586,#3587,#3588,#3589,#3590,#3591,
#3592,#3593,#3594,#3595,#3596,#3597,#3598,#3599,#3600,#3601),.UNSPECIFIED.,.F.,
.F.,(4,1,1,1,1,1,1,1,1,1,1,1,1,1,4),(0.E0,7.142857142857E-2,1.428571428571E-1,
2.142857142857E-1,2.857142857143E-1,3.571428571429E-1,4.285714285714E-1,5.E-1,
5.714285714286E-1,6.428571428571E-1,7.142857142857E-1,7.857142857143E-1,
8.571428571429E-1,9.285714285714E-1,1.E0),.UNSPECIFIED.);
#3607=CIRCLE('',#3606,1.21E0);
#3612=CIRCLE('',#3611,1.21E0);
#3617=CIRCLE('',#3616,1.21E0);
#3635=B_SPLINE_CURVE_WITH_KNOTS('',3,(#3618,#3619,#3620,#3621,#3622,#3623,#3624,
#3625,#3626,#3627,#3628,#3629,#3630,#3631,#3632,#3633,#3634),.UNSPECIFIED.,.F.,
.F.,(4,1,1,1,1,1,1,1,1,1,1,1,1,1,4),(0.E0,7.142857142857E-2,1.428571428571E-1,
2.142857142857E-1,2.857142857143E-1,3.571428571429E-1,4.285714285714E-1,5.E-1,
5.714285714286E-1,6.428571428571E-1,7.142857142857E-1,7.857142857143E-1,
8.571428571429E-1,9.285714285714E-1,1.E0),.UNSPECIFIED.);
#3655=B_SPLINE_CURVE_WITH_KNOTS('',3,(#3636,#3637,#3638,#3639,#3640,#3641,#3642,
#3643,#3644,#3645,#3646,#3647,#3648,#3649,#3650,#3651,#3652,#3653,#3654),
.UNSPECIFIED.,.F.,.F.,(4,1,1,1,1,1,1,1,1,1,1,1,1,1,1,1,4),(0.E0,6.25E-2,1.25E-1,
1.875E-1,2.5E-1,3.125E-1,3.75E-1,4.375E-1,5.E-1,5.625E-1,6.25E-1,6.875E-1,
7.5E-1,8.125E-1,8.75E-1,9.375E-1,1.E0),.UNSPECIFIED.);
#3660=CIRCLE('',#3659,1.21E0);
#3665=CIRCLE('',#3664,1.21E0);
#3670=CIRCLE('',#3669,1.21E0);
#3675=CIRCLE('',#3674,1.21E0);
#3695=B_SPLINE_CURVE_WITH_KNOTS('',3,(#3676,#3677,#3678,#3679,#3680,#3681,#3682,
#3683,#3684,#3685,#3686,#3687,#3688,#3689,#3690,#3691,#3692,#3693,#3694),
.UNSPECIFIED.,.F.,.F.,(4,1,1,1,1,1,1,1,1,1,1,1,1,1,1,1,4),(0.E0,6.25E-2,1.25E-1,
1.875E-1,2.5E-1,3.125E-1,3.75E-1,4.375E-1,5.E-1,5.625E-1,6.25E-1,6.875E-1,
7.5E-1,8.125E-1,8.75E-1,9.375E-1,1.E0),.UNSPECIFIED.);
#3700=CIRCLE('',#3699,1.21E0);
#3718=B_SPLINE_CURVE_WITH_KNOTS('',3,(#3701,#3702,#3703,#3704,#3705,#3706,#3707,
#3708,#3709,#3710,#3711,#3712,#3713,#3714,#3715,#3716,#3717),.UNSPECIFIED.,.F.,
.F.,(4,1,1,1,1,1,1,1,1,1,1,1,1,1,4),(0.E0,7.142857142857E-2,1.428571428571E-1,
2.142857142857E-1,2.857142857143E-1,3.571428571429E-1,4.285714285714E-1,5.E-1,
5.714285714286E-1,6.428571428571E-1,7.142857142857E-1,7.857142857143E-1,
8.571428571429E-1,9.285714285714E-1,1.E0),.UNSPECIFIED.);
#3723=CIRCLE('',#3722,1.21E0);
#3728=CIRCLE('',#3727,1.21E0);
#3733=CIRCLE('',#3732,1.21E0);
#3751=B_SPLINE_CURVE_WITH_KNOTS('',3,(#3734,#3735,#3736,#3737,#3738,#3739,#3740,
#3741,#3742,#3743,#3744,#3745,#3746,#3747,#3748,#3749,#3750),.UNSPECIFIED.,.F.,
.F.,(4,1,1,1,1,1,1,1,1,1,1,1,1,1,4),(0.E0,7.142857142857E-2,1.428571428571E-1,
2.142857142857E-1,2.857142857143E-1,3.571428571429E-1,4.285714285714E-1,5.E-1,
5.714285714286E-1,6.428571428571E-1,7.142857142857E-1,7.857142857143E-1,
8.571428571429E-1,9.285714285714E-1,1.E0),.UNSPECIFIED.);
#3771=B_SPLINE_CURVE_WITH_KNOTS('',3,(#3752,#3753,#3754,#3755,#3756,#3757,#3758,
#3759,#3760,#3761,#3762,#3763,#3764,#3765,#3766,#3767,#3768,#3769,#3770),
.UNSPECIFIED.,.F.,.F.,(4,1,1,1,1,1,1,1,1,1,1,1,1,1,1,1,4),(0.E0,6.25E-2,1.25E-1,
1.875E-1,2.5E-1,3.125E-1,3.75E-1,4.375E-1,5.E-1,5.625E-1,6.25E-1,6.875E-1,
7.5E-1,8.125E-1,8.75E-1,9.375E-1,1.E0),.UNSPECIFIED.);
#3776=CIRCLE('',#3775,1.21E0);
#3781=CIRCLE('',#3780,1.21E0);
#3786=CIRCLE('',#3785,1.21E0);
#3791=CIRCLE('',#3790,1.21E0);
#3811=B_SPLINE_CURVE_WITH_KNOTS('',3,(#3792,#3793,#3794,#3795,#3796,#3797,#3798,
#3799,#3800,#3801,#3802,#3803,#3804,#3805,#3806,#3807,#3808,#3809,#3810),
.UNSPECIFIED.,.F.,.F.,(4,1,1,1,1,1,1,1,1,1,1,1,1,1,1,1,4),(0.E0,6.25E-2,1.25E-1,
1.875E-1,2.5E-1,3.125E-1,3.75E-1,4.375E-1,5.E-1,5.625E-1,6.25E-1,6.875E-1,
7.5E-1,8.125E-1,8.75E-1,9.375E-1,1.E0),.UNSPECIFIED.);
#3816=CIRCLE('',#3815,1.21E0);
#3834=B_SPLINE_CURVE_WITH_KNOTS('',3,(#3817,#3818,#3819,#3820,#3821,#3822,#3823,
#3824,#3825,#3826,#3827,#3828,#3829,#3830,#3831,#3832,#3833),.UNSPECIFIED.,.F.,
.F.,(4,1,1,1,1,1,1,1,1,1,1,1,1,1,4),(0.E0,7.142857142857E-2,1.428571428571E-1,
2.142857142857E-1,2.857142857143E-1,3.571428571429E-1,4.285714285714E-1,5.E-1,
5.714285714286E-1,6.428571428571E-1,7.142857142857E-1,7.857142857143E-1,
8.571428571429E-1,9.285714285714E-1,1.E0),.UNSPECIFIED.);
#3839=CIRCLE('',#3838,1.21E0);
#3844=CIRCLE('',#3843,1.21E0);
#3849=CIRCLE('',#3848,1.21E0);
#3867=B_SPLINE_CURVE_WITH_KNOTS('',3,(#3850,#3851,#3852,#3853,#3854,#3855,#3856,
#3857,#3858,#3859,#3860,#3861,#3862,#3863,#3864,#3865,#3866),.UNSPECIFIED.,.F.,
.F.,(4,1,1,1,1,1,1,1,1,1,1,1,1,1,4),(0.E0,7.142857142857E-2,1.428571428571E-1,
2.142857142857E-1,2.857142857143E-1,3.571428571429E-1,4.285714285714E-1,5.E-1,
5.714285714286E-1,6.428571428571E-1,7.142857142857E-1,7.857142857143E-1,
8.571428571429E-1,9.285714285714E-1,1.E0),.UNSPECIFIED.);
#3887=B_SPLINE_CURVE_WITH_KNOTS('',3,(#3868,#3869,#3870,#3871,#3872,#3873,#3874,
#3875,#3876,#3877,#3878,#3879,#3880,#3881,#3882,#3883,#3884,#3885,#3886),
.UNSPECIFIED.,.F.,.F.,(4,1,1,1,1,1,1,1,1,1,1,1,1,1,1,1,4),(0.E0,6.25E-2,1.25E-1,
1.875E-1,2.5E-1,3.125E-1,3.75E-1,4.375E-1,5.E-1,5.625E-1,6.25E-1,6.875E-1,
7.5E-1,8.125E-1,8.75E-1,9.375E-1,1.E0),.UNSPECIFIED.);
#3892=CIRCLE('',#3891,1.21E0);
#3897=CIRCLE('',#3896,1.21E0);
#3902=CIRCLE('',#3901,1.21E0);
#3907=CIRCLE('',#3906,1.21E0);
#3927=B_SPLINE_CURVE_WITH_KNOTS('',3,(#3908,#3909,#3910,#3911,#3912,#3913,#3914,
#3915,#3916,#3917,#3918,#3919,#3920,#3921,#3922,#3923,#3924,#3925,#3926),
.UNSPECIFIED.,.F.,.F.,(4,1,1,1,1,1,1,1,1,1,1,1,1,1,1,1,4),(0.E0,6.25E-2,1.25E-1,
1.875E-1,2.5E-1,3.125E-1,3.75E-1,4.375E-1,5.E-1,5.625E-1,6.25E-1,6.875E-1,
7.5E-1,8.125E-1,8.75E-1,9.375E-1,1.E0),.UNSPECIFIED.);
#4231=EDGE_CURVE('',#3966,#4147,#1224,.T.);
#4233=EDGE_CURVE('',#4151,#4147,#2739,.T.);
#4235=EDGE_CURVE('',#4151,#4149,#1229,.T.);
#4237=EDGE_CURVE('',#3967,#4149,#1274,.T.);
#4239=EDGE_CURVE('',#3967,#3966,#1249,.T.);
#4249=EDGE_CURVE('',#3966,#3967,#1269,.T.);
#4252=EDGE_CURVE('',#4149,#4153,#1279,.T.);
#4254=EDGE_CURVE('',#4147,#4153,#2744,.T.);
#4265=EDGE_CURVE('',#3942,#3943,#1293,.T.);
#4267=EDGE_CURVE('',#3942,#3945,#1283,.T.);
#4269=EDGE_CURVE('',#3947,#3945,#1385,.T.);
#4271=EDGE_CURVE('',#3943,#3947,#1365,.T.);
#4275=EDGE_CURVE('',#3948,#3949,#3887,.T.);
#4277=EDGE_CURVE('',#3949,#3948,#3927,.T.);
#4281=EDGE_CURVE('',#3930,#3937,#3771,.T.);
#4283=EDGE_CURVE('',#3937,#3930,#3811,.T.);
#4287=EDGE_CURVE('',#3950,#3951,#3655,.T.);
#4289=EDGE_CURVE('',#3951,#3950,#3695,.T.);
#4293=EDGE_CURVE('',#3952,#3953,#3539,.T.);
#4295=EDGE_CURVE('',#3953,#3952,#3579,.T.);
#4299=EDGE_CURVE('',#3954,#3955,#3423,.T.);
#4301=EDGE_CURVE('',#3955,#3954,#3463,.T.);
#4305=EDGE_CURVE('',#3956,#3957,#3307,.T.);
#4307=EDGE_CURVE('',#3957,#3956,#3347,.T.);
#4311=EDGE_CURVE('',#3958,#3959,#3191,.T.);
#4313=EDGE_CURVE('',#3959,#3958,#3231,.T.);
#4317=EDGE_CURVE('',#3960,#3961,#3075,.T.);
#4319=EDGE_CURVE('',#3961,#3960,#3115,.T.);
#4323=EDGE_CURVE('',#3962,#3963,#2959,.T.);
#4325=EDGE_CURVE('',#3963,#3962,#2999,.T.);
#4329=EDGE_CURVE('',#3964,#3965,#2843,.T.);
#4331=EDGE_CURVE('',#3965,#3964,#2883,.T.);
#4345=EDGE_CURVE('',#3970,#3971,#1303,.T.);
#4347=EDGE_CURVE('',#3970,#3942,#1288,.T.);
#4350=EDGE_CURVE('',#3971,#3943,#1356,.T.);
#4360=EDGE_CURVE('',#3974,#3975,#1318,.T.);
#4362=EDGE_CURVE('',#3974,#3970,#1298,.T.);
#4365=EDGE_CURVE('',#3975,#3971,#1346,.T.);
#4375=EDGE_CURVE('',#3978,#3979,#1308,.T.);
#4377=EDGE_CURVE('',#3979,#3974,#1313,.T.);
#4380=EDGE_CURVE('',#3978,#3975,#1331,.T.);
#4390=EDGE_CURVE('',#3978,#3981,#1322,.T.);
#4392=EDGE_CURVE('',#3983,#3981,#1435,.T.);
#4394=EDGE_CURVE('',#3979,#3983,#1326,.T.);
#4399=EDGE_CURVE('',#3984,#3985,#2734,.T.);
#4401=EDGE_CURVE('',#3985,#3984,#2767,.T.);
#4405=EDGE_CURVE('',#3986,#3987,#2790,.T.);
#4407=EDGE_CURVE('',#3987,#3986,#2823,.T.);
#4411=EDGE_CURVE('',#3988,#3989,#2906,.T.);
#4413=EDGE_CURVE('',#3989,#3988,#2939,.T.);
#4417=EDGE_CURVE('',#3990,#3991,#3022,.T.);
#4419=EDGE_CURVE('',#3991,#3990,#3055,.T.);
#4423=EDGE_CURVE('',#3992,#3993,#3138,.T.);
#4425=EDGE_CURVE('',#3993,#3992,#3171,.T.);
#4429=EDGE_CURVE('',#3994,#3995,#3254,.T.);
#4431=EDGE_CURVE('',#3995,#3994,#3287,.T.);
#4435=EDGE_CURVE('',#3996,#3997,#3370,.T.);
#4437=EDGE_CURVE('',#3997,#3996,#3403,.T.);
#4441=EDGE_CURVE('',#3998,#3999,#3486,.T.);
#4443=EDGE_CURVE('',#3999,#3998,#3519,.T.);
#4447=EDGE_CURVE('',#4000,#4001,#3602,.T.);
#4449=EDGE_CURVE('',#4001,#4000,#3635,.T.);
#4453=EDGE_CURVE('',#4002,#4003,#3718,.T.);
#4455=EDGE_CURVE('',#4003,#4002,#3751,.T.);
#4459=EDGE_CURVE('',#4004,#4005,#3834,.T.);
#4461=EDGE_CURVE('',#4005,#4004,#3867,.T.);
#4471=EDGE_CURVE('',#3979,#3978,#1341,.T.);
#4474=EDGE_CURVE('',#3981,#3983,#1425,.T.);
#4479=EDGE_CURVE('',#4006,#4007,#2678,.T.);
#4481=EDGE_CURVE('',#4007,#4006,#2711,.T.);
#4485=EDGE_CURVE('',#4008,#4009,#2562,.T.);
#4487=EDGE_CURVE('',#4009,#4008,#2595,.T.);
#4491=EDGE_CURVE('',#4010,#4011,#2446,.T.);
#4493=EDGE_CURVE('',#4011,#4010,#2479,.T.);
#4497=EDGE_CURVE('',#4012,#4013,#2330,.T.);
#4499=EDGE_CURVE('',#4013,#4012,#2363,.T.);
#4503=EDGE_CURVE('',#4014,#4015,#2214,.T.);
#4505=EDGE_CURVE('',#4015,#4014,#2247,.T.);
#4509=EDGE_CURVE('',#4016,#4017,#2098,.T.);
#4511=EDGE_CURVE('',#4017,#4016,#2131,.T.);
#4515=EDGE_CURVE('',#4018,#4019,#1982,.T.);
#4517=EDGE_CURVE('',#4019,#4018,#2015,.T.);
#4521=EDGE_CURVE('',#4020,#4021,#1866,.T.);
#4523=EDGE_CURVE('',#4021,#4020,#1899,.T.);
#4527=EDGE_CURVE('',#4022,#4023,#1750,.T.);
#4529=EDGE_CURVE('',#4023,#4022,#1783,.T.);
#4533=EDGE_CURVE('',#4024,#4025,#1634,.T.);
#4535=EDGE_CURVE('',#4025,#4024,#1667,.T.);
#4539=EDGE_CURVE('',#4026,#4027,#1518,.T.);
#4541=EDGE_CURVE('',#4027,#4026,#1551,.T.);
#4552=EDGE_CURVE('',#3975,#3974,#1336,.T.);
#4565=EDGE_CURVE('',#3971,#3970,#1351,.T.);
#4578=EDGE_CURVE('',#3943,#3942,#1361,.T.);
#4591=EDGE_CURVE('',#3945,#3947,#1380,.T.);
#4597=EDGE_CURVE('',#4028,#4029,#1455,.T.);
#4599=EDGE_CURVE('',#4029,#4028,#1495,.T.);
#4603=EDGE_CURVE('',#4030,#4031,#1571,.T.);
#4605=EDGE_CURVE('',#4031,#4030,#1611,.T.);
#4609=EDGE_CURVE('',#4032,#4033,#1687,.T.);
#4611=EDGE_CURVE('',#4033,#4032,#1727,.T.);
#4615=EDGE_CURVE('',#4034,#4035,#1803,.T.);
#4617=EDGE_CURVE('',#4035,#4034,#1843,.T.);
#4621=EDGE_CURVE('',#4036,#4037,#1919,.T.);
#4623=EDGE_CURVE('',#4037,#4036,#1959,.T.);
#4627=EDGE_CURVE('',#4038,#4039,#2035,.T.);
#4629=EDGE_CURVE('',#4039,#4038,#2075,.T.);
#4633=EDGE_CURVE('',#4040,#4041,#2151,.T.);
#4635=EDGE_CURVE('',#4041,#4040,#2191,.T.);
#4639=EDGE_CURVE('',#4042,#4043,#2267,.T.);
#4641=EDGE_CURVE('',#4043,#4042,#2307,.T.);
#4645=EDGE_CURVE('',#4044,#4045,#2383,.T.);
#4647=EDGE_CURVE('',#4045,#4044,#2423,.T.);
#4651=EDGE_CURVE('',#4046,#4047,#2499,.T.);
#4653=EDGE_CURVE('',#4047,#4046,#2539,.T.);
#4657=EDGE_CURVE('',#4048,#4049,#2615,.T.);
#4659=EDGE_CURVE('',#4049,#4048,#2655,.T.);
#4669=EDGE_CURVE('',#3947,#4051,#1370,.T.);
#4671=EDGE_CURVE('',#4051,#4053,#1375,.T.);
#4673=EDGE_CURVE('',#3945,#4053,#1390,.T.);
#4686=EDGE_CURVE('',#4053,#4051,#1395,.T.);
#4698=EDGE_CURVE('',#4053,#4055,#1400,.T.);
#4700=EDGE_CURVE('',#4055,#4057,#1405,.T.);
#4702=EDGE_CURVE('',#4051,#4057,#1410,.T.);
#4713=EDGE_CURVE('',#4057,#4055,#1415,.T.);
#4725=EDGE_CURVE('',#4057,#3981,#1420,.T.);
#4728=EDGE_CURVE('',#4055,#3983,#1430,.T.);
#4752=EDGE_CURVE('',#4029,#4059,#1460,.T.);
#4754=EDGE_CURVE('',#4059,#4061,#1465,.T.);
#4756=EDGE_CURVE('',#4063,#4061,#1528,.T.);
#4758=EDGE_CURVE('',#4028,#4063,#1470,.T.);
#4769=EDGE_CURVE('',#4065,#4063,#1523,.T.);
#4771=EDGE_CURVE('',#4065,#4059,#1475,.T.);
#4783=EDGE_CURVE('',#4063,#4026,#1500,.T.);
#4786=EDGE_CURVE('',#4059,#4027,#1533,.T.);
#4812=EDGE_CURVE('',#4031,#4067,#1576,.T.);
#4814=EDGE_CURVE('',#4067,#4069,#1581,.T.);
#4816=EDGE_CURVE('',#4071,#4069,#1644,.T.);
#4818=EDGE_CURVE('',#4030,#4071,#1586,.T.);
#4829=EDGE_CURVE('',#4073,#4071,#1639,.T.);
#4831=EDGE_CURVE('',#4073,#4067,#1591,.T.);
#4843=EDGE_CURVE('',#4071,#4024,#1616,.T.);
#4846=EDGE_CURVE('',#4067,#4025,#1649,.T.);
#4872=EDGE_CURVE('',#4033,#4075,#1692,.T.);
#4874=EDGE_CURVE('',#4075,#4077,#1697,.T.);
#4876=EDGE_CURVE('',#4079,#4077,#1760,.T.);
#4878=EDGE_CURVE('',#4032,#4079,#1702,.T.);
#4889=EDGE_CURVE('',#4081,#4079,#1755,.T.);
#4891=EDGE_CURVE('',#4081,#4075,#1707,.T.);
#4903=EDGE_CURVE('',#4079,#4022,#1732,.T.);
#4906=EDGE_CURVE('',#4075,#4023,#1765,.T.);
#4932=EDGE_CURVE('',#4035,#4083,#1808,.T.);
#4934=EDGE_CURVE('',#4083,#4085,#1813,.T.);
#4936=EDGE_CURVE('',#4087,#4085,#1876,.T.);
#4938=EDGE_CURVE('',#4034,#4087,#1818,.T.);
#4949=EDGE_CURVE('',#4089,#4087,#1871,.T.);
#4951=EDGE_CURVE('',#4089,#4083,#1823,.T.);
#4963=EDGE_CURVE('',#4087,#4020,#1848,.T.);
#4966=EDGE_CURVE('',#4083,#4021,#1881,.T.);
#4992=EDGE_CURVE('',#4037,#4091,#1924,.T.);
#4994=EDGE_CURVE('',#4091,#4093,#1929,.T.);
#4996=EDGE_CURVE('',#4095,#4093,#1992,.T.);
#4998=EDGE_CURVE('',#4036,#4095,#1934,.T.);
#5009=EDGE_CURVE('',#4097,#4095,#1987,.T.);
#5011=EDGE_CURVE('',#4097,#4091,#1939,.T.);
#5023=EDGE_CURVE('',#4095,#4018,#1964,.T.);
#5026=EDGE_CURVE('',#4091,#4019,#1997,.T.);
#5052=EDGE_CURVE('',#4039,#4099,#2040,.T.);
#5054=EDGE_CURVE('',#4099,#4101,#2045,.T.);
#5056=EDGE_CURVE('',#4103,#4101,#2108,.T.);
#5058=EDGE_CURVE('',#4038,#4103,#2050,.T.);
#5069=EDGE_CURVE('',#4105,#4103,#2103,.T.);
#5071=EDGE_CURVE('',#4105,#4099,#2055,.T.);
#5083=EDGE_CURVE('',#4103,#4016,#2080,.T.);
#5086=EDGE_CURVE('',#4099,#4017,#2113,.T.);
#5112=EDGE_CURVE('',#4041,#4107,#2156,.T.);
#5114=EDGE_CURVE('',#4107,#4109,#2161,.T.);
#5116=EDGE_CURVE('',#4111,#4109,#2224,.T.);
#5118=EDGE_CURVE('',#4040,#4111,#2166,.T.);
#5129=EDGE_CURVE('',#4113,#4111,#2219,.T.);
#5131=EDGE_CURVE('',#4113,#4107,#2171,.T.);
#5143=EDGE_CURVE('',#4111,#4014,#2196,.T.);
#5146=EDGE_CURVE('',#4107,#4015,#2229,.T.);
#5172=EDGE_CURVE('',#4043,#4115,#2272,.T.);
#5174=EDGE_CURVE('',#4115,#4117,#2277,.T.);
#5176=EDGE_CURVE('',#4119,#4117,#2340,.T.);
#5178=EDGE_CURVE('',#4042,#4119,#2282,.T.);
#5189=EDGE_CURVE('',#4121,#4119,#2335,.T.);
#5191=EDGE_CURVE('',#4121,#4115,#2287,.T.);
#5203=EDGE_CURVE('',#4119,#4012,#2312,.T.);
#5206=EDGE_CURVE('',#4115,#4013,#2345,.T.);
#5232=EDGE_CURVE('',#4045,#4123,#2388,.T.);
#5234=EDGE_CURVE('',#4123,#4125,#2393,.T.);
#5236=EDGE_CURVE('',#4127,#4125,#2456,.T.);
#5238=EDGE_CURVE('',#4044,#4127,#2398,.T.);
#5249=EDGE_CURVE('',#4129,#4127,#2451,.T.);
#5251=EDGE_CURVE('',#4129,#4123,#2403,.T.);
#5263=EDGE_CURVE('',#4127,#4010,#2428,.T.);
#5266=EDGE_CURVE('',#4123,#4011,#2461,.T.);
#5292=EDGE_CURVE('',#4047,#4131,#2504,.T.);
#5294=EDGE_CURVE('',#4131,#4133,#2509,.T.);
#5296=EDGE_CURVE('',#4135,#4133,#2572,.T.);
#5298=EDGE_CURVE('',#4046,#4135,#2514,.T.);
#5309=EDGE_CURVE('',#4137,#4135,#2567,.T.);
#5311=EDGE_CURVE('',#4137,#4131,#2519,.T.);
#5323=EDGE_CURVE('',#4135,#4008,#2544,.T.);
#5326=EDGE_CURVE('',#4131,#4009,#2577,.T.);
#5352=EDGE_CURVE('',#4049,#4139,#2620,.T.);
#5354=EDGE_CURVE('',#4139,#4141,#2625,.T.);
#5356=EDGE_CURVE('',#4143,#4141,#2688,.T.);
#5358=EDGE_CURVE('',#4048,#4143,#2630,.T.);
#5369=EDGE_CURVE('',#4145,#4143,#2683,.T.);
#5371=EDGE_CURVE('',#4145,#4139,#2635,.T.);
#5383=EDGE_CURVE('',#4143,#4006,#2660,.T.);
#5386=EDGE_CURVE('',#4139,#4007,#2693,.T.);
#5411=EDGE_CURVE('',#4147,#3984,#2716,.T.);
#5414=EDGE_CURVE('',#4149,#3985,#2749,.T.);
#5439=EDGE_CURVE('',#4155,#3986,#2772,.T.);
#5442=EDGE_CURVE('',#4157,#3987,#2805,.T.);
#5444=EDGE_CURVE('',#4159,#4157,#2863,.T.);
#5446=EDGE_CURVE('',#4159,#4155,#2795,.T.);
#5457=EDGE_CURVE('',#4155,#4161,#2800,.T.);
#5459=EDGE_CURVE('',#4157,#4161,#2853,.T.);
#5472=EDGE_CURVE('',#3965,#4157,#2848,.T.);
#5476=EDGE_CURVE('',#3964,#4155,#2858,.T.);
#5499=EDGE_CURVE('',#4163,#3988,#2888,.T.);
#5502=EDGE_CURVE('',#4165,#3989,#2921,.T.);
#5504=EDGE_CURVE('',#4167,#4165,#2979,.T.);
#5506=EDGE_CURVE('',#4167,#4163,#2911,.T.);
#5517=EDGE_CURVE('',#4163,#4169,#2916,.T.);
#5519=EDGE_CURVE('',#4165,#4169,#2969,.T.);
#5532=EDGE_CURVE('',#3963,#4165,#2964,.T.);
#5536=EDGE_CURVE('',#3962,#4163,#2974,.T.);
#5559=EDGE_CURVE('',#4171,#3990,#3004,.T.);
#5562=EDGE_CURVE('',#4173,#3991,#3037,.T.);
#5564=EDGE_CURVE('',#4175,#4173,#3095,.T.);
#5566=EDGE_CURVE('',#4175,#4171,#3027,.T.);
#5577=EDGE_CURVE('',#4171,#4177,#3032,.T.);
#5579=EDGE_CURVE('',#4173,#4177,#3085,.T.);
#5592=EDGE_CURVE('',#3961,#4173,#3080,.T.);
#5596=EDGE_CURVE('',#3960,#4171,#3090,.T.);
#5619=EDGE_CURVE('',#4179,#3992,#3120,.T.);
#5622=EDGE_CURVE('',#4181,#3993,#3153,.T.);
#5624=EDGE_CURVE('',#4183,#4181,#3211,.T.);
#5626=EDGE_CURVE('',#4183,#4179,#3143,.T.);
#5637=EDGE_CURVE('',#4179,#4185,#3148,.T.);
#5639=EDGE_CURVE('',#4181,#4185,#3201,.T.);
#5652=EDGE_CURVE('',#3959,#4181,#3196,.T.);
#5656=EDGE_CURVE('',#3958,#4179,#3206,.T.);
#5679=EDGE_CURVE('',#4187,#3994,#3236,.T.);
#5682=EDGE_CURVE('',#4189,#3995,#3269,.T.);
#5684=EDGE_CURVE('',#4191,#4189,#3327,.T.);
#5686=EDGE_CURVE('',#4191,#4187,#3259,.T.);
#5697=EDGE_CURVE('',#4187,#4193,#3264,.T.);
#5699=EDGE_CURVE('',#4189,#4193,#3317,.T.);
#5712=EDGE_CURVE('',#3957,#4189,#3312,.T.);
#5716=EDGE_CURVE('',#3956,#4187,#3322,.T.);
#5739=EDGE_CURVE('',#4195,#3996,#3352,.T.);
#5742=EDGE_CURVE('',#4197,#3997,#3385,.T.);
#5744=EDGE_CURVE('',#4199,#4197,#3443,.T.);
#5746=EDGE_CURVE('',#4199,#4195,#3375,.T.);
#5757=EDGE_CURVE('',#4195,#4201,#3380,.T.);
#5759=EDGE_CURVE('',#4197,#4201,#3433,.T.);
#5772=EDGE_CURVE('',#3955,#4197,#3428,.T.);
#5776=EDGE_CURVE('',#3954,#4195,#3438,.T.);
#5799=EDGE_CURVE('',#4203,#3998,#3468,.T.);
#5802=EDGE_CURVE('',#4205,#3999,#3501,.T.);
#5804=EDGE_CURVE('',#4207,#4205,#3559,.T.);
#5806=EDGE_CURVE('',#4207,#4203,#3491,.T.);
#5817=EDGE_CURVE('',#4203,#4209,#3496,.T.);
#5819=EDGE_CURVE('',#4205,#4209,#3549,.T.);
#5832=EDGE_CURVE('',#3953,#4205,#3544,.T.);
#5836=EDGE_CURVE('',#3952,#4203,#3554,.T.);
#5859=EDGE_CURVE('',#4211,#4000,#3584,.T.);
#5862=EDGE_CURVE('',#4213,#4001,#3617,.T.);
#5864=EDGE_CURVE('',#4215,#4213,#3675,.T.);
#5866=EDGE_CURVE('',#4215,#4211,#3607,.T.);
#5877=EDGE_CURVE('',#4211,#4217,#3612,.T.);
#5879=EDGE_CURVE('',#4213,#4217,#3665,.T.);
#5892=EDGE_CURVE('',#3951,#4213,#3660,.T.);
#5896=EDGE_CURVE('',#3950,#4211,#3670,.T.);
#5919=EDGE_CURVE('',#3931,#4002,#3700,.T.);
#5922=EDGE_CURVE('',#3935,#4003,#3733,.T.);
#5924=EDGE_CURVE('',#3933,#3935,#3791,.T.);
#5926=EDGE_CURVE('',#3933,#3931,#3723,.T.);
#5937=EDGE_CURVE('',#3931,#3939,#3728,.T.);
#5939=EDGE_CURVE('',#3935,#3939,#3781,.T.);
#5952=EDGE_CURVE('',#3937,#3935,#3776,.T.);
#5956=EDGE_CURVE('',#3930,#3931,#3786,.T.);
#5979=EDGE_CURVE('',#4219,#4004,#3816,.T.);
#5982=EDGE_CURVE('',#4221,#4005,#3849,.T.);
#5984=EDGE_CURVE('',#4223,#4221,#3907,.T.);
#5986=EDGE_CURVE('',#4223,#4219,#3839,.T.);
#5997=EDGE_CURVE('',#4219,#4225,#3844,.T.);
#5999=EDGE_CURVE('',#4221,#4225,#3897,.T.);
#6012=EDGE_CURVE('',#3949,#4221,#3892,.T.);
#6016=EDGE_CURVE('',#3948,#4219,#3902,.T.);
#6036=(LENGTH_UNIT()NAMED_UNIT(*)SI_UNIT(.MILLI.,.METRE.));
#6038=(NAMED_UNIT(*)PLANE_ANGLE_UNIT()SI_UNIT($,.RADIAN.));
#6041=(NAMED_UNIT(*)SI_UNIT($,.STERADIAN.)SOLID_ANGLE_UNIT());
#6044=ADVANCED_BREP_SHAPE_REPRESENTATION('',(#727,#1219,#6035),#6043);
#6051=PRODUCT_DEFINITION('design','',#6050,#6047);
#6052=PRODUCT_DEFINITION_SHAPE('','SHAPE FOR 6704_-_EA005.',#6051);
#6053=SHAPE_DEFINITION_REPRESENTATION(#6052,#6044);
ENDSEC;
END-ISO-10303-21;
