ISO-10303-21;
HEADER;
FILE_DESCRIPTION((''),'2;1');
FILE_NAME('687ZZ-EA023','2025-12-19T16:37:49',('qinghui.yi'),(''),
'CREO PARAMETRIC BY PTC INC, 2019164','CREO PARAMETRIC BY PTC INC, 2019164','');
FILE_SCHEMA(('CONFIG_CONTROL_DESIGN','SHAPE_APPEARANCE_LAYERS_GROUPS'));
ENDSEC;
DATA;
#204=CARTESIAN_POINT('',(-2.291202074987E0,0.E0,0.E0));
#205=DIRECTION('',(1.E0,0.E0,0.E0));
#206=DIRECTION('',(0.E0,0.E0,1.E0));
#207=AXIS2_PLACEMENT_3D('',#204,#205,#206);
#209=CARTESIAN_POINT('',(-2.25E0,0.E0,0.E0));
#210=DIRECTION('',(1.E0,0.E0,0.E0));
#211=DIRECTION('',(0.E0,0.E0,-1.E0));
#212=AXIS2_PLACEMENT_3D('',#209,#210,#211);
#214=CARTESIAN_POINT('',(-2.25E0,0.E0,0.E0));
#215=DIRECTION('',(1.E0,0.E0,0.E0));
#216=DIRECTION('',(0.E0,0.E0,1.E0));
#217=AXIS2_PLACEMENT_3D('',#214,#215,#216);
#219=CARTESIAN_POINT('',(-2.25E0,0.E0,0.E0));
#220=DIRECTION('',(-1.E0,0.E0,0.E0));
#221=DIRECTION('',(0.E0,0.E0,1.E0));
#222=AXIS2_PLACEMENT_3D('',#219,#220,#221);
#224=CARTESIAN_POINT('',(-2.25E0,0.E0,0.E0));
#225=DIRECTION('',(-1.E0,0.E0,0.E0));
#226=DIRECTION('',(0.E0,0.E0,-1.E0));
#227=AXIS2_PLACEMENT_3D('',#224,#225,#226);
#229=CARTESIAN_POINT('',(-2.275E0,0.E0,-5.979166666667E0));
#230=DIRECTION('',(0.E0,1.E0,0.E0));
#231=DIRECTION('',(1.E0,0.E0,0.E0));
#232=AXIS2_PLACEMENT_3D('',#229,#230,#231);
#234=CARTESIAN_POINT('',(-2.291202074987E0,0.E0,0.E0));
#235=DIRECTION('',(1.E0,0.E0,0.E0));
#236=DIRECTION('',(0.E0,0.E0,-1.E0));
#237=AXIS2_PLACEMENT_3D('',#234,#235,#236);
#239=CARTESIAN_POINT('',(-2.275E0,0.E0,5.979166666667E0));
#240=DIRECTION('',(0.E0,1.E0,0.E0));
#241=DIRECTION('',(-6.480829994919E-1,0.E0,7.615697116940E-1));
#242=AXIS2_PLACEMENT_3D('',#239,#240,#241);
#244=DIRECTION('',(7.615697116891E-1,0.E0,6.480829994976E-1));
#245=VECTOR('',#244,1.331378775727E-1);
#246=CARTESIAN_POINT('',(-2.392595850025E0,0.E0,5.911921514415E0));
#247=LINE('',#246,#245);
#248=DIRECTION('',(7.615697116891E-1,0.E0,-6.480829994976E-1));
#249=VECTOR('',#248,1.331378775727E-1);
#250=CARTESIAN_POINT('',(-2.392595850025E0,0.E0,-5.911921514415E0));
#251=LINE('',#250,#249);
#252=CARTESIAN_POINT('',(-2.392595850025E0,0.E0,0.E0));
#253=DIRECTION('',(-1.E0,0.E0,0.E0));
#254=DIRECTION('',(0.E0,0.E0,-1.E0));
#255=AXIS2_PLACEMENT_3D('',#252,#253,#254);
#257=DIRECTION('',(-6.480829994954E-1,-1.457329690970E-14,7.615697116910E-1));
#258=VECTOR('',#257,5.000000000052E-2);
#259=CARTESIAN_POINT('',(-2.392595850025E0,0.E0,5.911921514415E0));
#260=LINE('',#259,#258);
#261=CARTESIAN_POINT('',(-2.425E0,0.E0,0.E0));
#262=DIRECTION('',(-1.E0,0.E0,0.E0));
#263=DIRECTION('',(0.E0,0.E0,-1.E0));
#264=AXIS2_PLACEMENT_3D('',#261,#262,#263);
#266=DIRECTION('',(-1.E0,0.E0,0.E0));
#267=VECTOR('',#266,7.499999999985E-2);
#268=CARTESIAN_POINT('',(-2.425E0,0.E0,5.95E0));
#269=LINE('',#268,#267);
#270=CARTESIAN_POINT('',(-2.425E0,0.E0,0.E0));
#271=DIRECTION('',(-1.E0,0.E0,0.E0));
#272=DIRECTION('',(0.E0,0.E0,1.E0));
#273=AXIS2_PLACEMENT_3D('',#270,#271,#272);
#275=DIRECTION('',(-1.E0,0.E0,0.E0));
#276=VECTOR('',#275,7.499999999985E-2);
#277=CARTESIAN_POINT('',(-2.425E0,0.E0,-5.95E0));
#278=LINE('',#277,#276);
#279=CARTESIAN_POINT('',(-2.392595850025E0,0.E0,0.E0));
#280=DIRECTION('',(-1.E0,0.E0,0.E0));
#281=DIRECTION('',(0.E0,0.E0,1.E0));
#282=AXIS2_PLACEMENT_3D('',#279,#280,#281);
#284=DIRECTION('',(-6.480829994954E-1,1.457329690970E-14,-7.615697116910E-1));
#285=VECTOR('',#284,5.000000000052E-2);
#286=CARTESIAN_POINT('',(-2.392595850025E0,0.E0,-5.911921514415E0));
#287=LINE('',#286,#285);
#288=CARTESIAN_POINT('',(-2.5E0,0.E0,0.E0));
#289=DIRECTION('',(1.E0,0.E0,0.E0));
#290=DIRECTION('',(0.E0,0.E0,-1.E0));
#291=AXIS2_PLACEMENT_3D('',#288,#289,#290);
#293=CARTESIAN_POINT('',(-2.5E0,0.E0,0.E0));
#294=DIRECTION('',(1.E0,0.E0,0.E0));
#295=DIRECTION('',(0.E0,0.E0,1.E0));
#296=AXIS2_PLACEMENT_3D('',#293,#294,#295);
#298=CARTESIAN_POINT('',(-2.5E0,0.E0,0.E0));
#299=DIRECTION('',(-1.E0,0.E0,0.E0));
#300=DIRECTION('',(0.E0,0.E0,1.E0));
#301=AXIS2_PLACEMENT_3D('',#298,#299,#300);
#303=CARTESIAN_POINT('',(-2.5E0,0.E0,0.E0));
#304=DIRECTION('',(-1.E0,0.E0,0.E0));
#305=DIRECTION('',(0.E0,0.E0,-1.E0));
#306=AXIS2_PLACEMENT_3D('',#303,#304,#305);
#308=CARTESIAN_POINT('',(-2.35E0,0.E0,0.E0));
#309=DIRECTION('',(1.E0,0.E0,0.E0));
#310=DIRECTION('',(0.E0,0.E0,-1.E0));
#311=AXIS2_PLACEMENT_3D('',#308,#309,#310);
#313=CARTESIAN_POINT('',(-2.35E0,0.E0,6.85E0));
#314=DIRECTION('',(0.E0,-1.E0,0.E0));
#315=DIRECTION('',(0.E0,0.E0,1.E0));
#316=AXIS2_PLACEMENT_3D('',#313,#314,#315);
#318=DIRECTION('',(-1.E0,0.E0,0.E0));
#319=VECTOR('',#318,4.7E0);
#320=CARTESIAN_POINT('',(2.35E0,0.E0,7.E0));
#321=LINE('',#320,#319);
#322=CARTESIAN_POINT('',(2.35E0,0.E0,6.85E0));
#323=DIRECTION('',(0.E0,-1.E0,0.E0));
#324=DIRECTION('',(1.E0,0.E0,0.E0));
#325=AXIS2_PLACEMENT_3D('',#322,#323,#324);
#327=CARTESIAN_POINT('',(2.35E0,0.E0,0.E0));
#328=DIRECTION('',(-1.E0,0.E0,0.E0));
#329=DIRECTION('',(0.E0,0.E0,1.E0));
#330=AXIS2_PLACEMENT_3D('',#327,#328,#329);
#332=CARTESIAN_POINT('',(2.5E0,0.E0,0.E0));
#333=DIRECTION('',(-1.E0,0.E0,0.E0));
#334=DIRECTION('',(0.E0,0.E0,1.E0));
#335=AXIS2_PLACEMENT_3D('',#332,#333,#334);
#337=CARTESIAN_POINT('',(2.5E0,0.E0,0.E0));
#338=DIRECTION('',(-1.E0,0.E0,0.E0));
#339=DIRECTION('',(0.E0,0.E0,-1.E0));
#340=AXIS2_PLACEMENT_3D('',#337,#338,#339);
#342=CARTESIAN_POINT('',(2.5E0,0.E0,0.E0));
#343=DIRECTION('',(1.E0,0.E0,0.E0));
#344=DIRECTION('',(0.E0,0.E0,-1.E0));
#345=AXIS2_PLACEMENT_3D('',#342,#343,#344);
#347=CARTESIAN_POINT('',(2.5E0,0.E0,0.E0));
#348=DIRECTION('',(1.E0,0.E0,0.E0));
#349=DIRECTION('',(0.E0,0.E0,1.E0));
#350=AXIS2_PLACEMENT_3D('',#347,#348,#349);
#352=CARTESIAN_POINT('',(2.35E0,0.E0,-6.85E0));
#353=DIRECTION('',(0.E0,1.E0,0.E0));
#354=DIRECTION('',(1.E0,0.E0,0.E0));
#355=AXIS2_PLACEMENT_3D('',#352,#353,#354);
#357=CARTESIAN_POINT('',(2.35E0,0.E0,0.E0));
#358=DIRECTION('',(-1.E0,0.E0,0.E0));
#359=DIRECTION('',(0.E0,0.E0,-1.E0));
#360=AXIS2_PLACEMENT_3D('',#357,#358,#359);
#362=DIRECTION('',(-1.E0,0.E0,0.E0));
#363=VECTOR('',#362,4.7E0);
#364=CARTESIAN_POINT('',(2.35E0,0.E0,-7.E0));
#365=LINE('',#364,#363);
#366=CARTESIAN_POINT('',(-2.35E0,0.E0,-6.85E0));
#367=DIRECTION('',(0.E0,1.E0,0.E0));
#368=DIRECTION('',(0.E0,0.E0,-1.E0));
#369=AXIS2_PLACEMENT_3D('',#366,#367,#368);
#371=CARTESIAN_POINT('',(-2.35E0,0.E0,0.E0));
#372=DIRECTION('',(1.E0,0.E0,0.E0));
#373=DIRECTION('',(0.E0,0.E0,1.E0));
#374=AXIS2_PLACEMENT_3D('',#371,#372,#373);
#376=CARTESIAN_POINT('',(2.425E0,0.E0,0.E0));
#377=DIRECTION('',(-1.E0,0.E0,0.E0));
#378=DIRECTION('',(0.E0,0.E0,1.E0));
#379=AXIS2_PLACEMENT_3D('',#376,#377,#378);
#381=DIRECTION('',(6.480829994954E-1,-1.685497822034E-14,7.615697116910E-1));
#382=VECTOR('',#381,5.000000000052E-2);
#383=CARTESIAN_POINT('',(2.392595850025E0,0.E0,5.911921514415E0));
#384=LINE('',#383,#382);
#385=CARTESIAN_POINT('',(2.425E0,0.E0,0.E0));
#386=DIRECTION('',(-1.E0,0.E0,0.E0));
#387=DIRECTION('',(0.E0,0.E0,-1.E0));
#388=AXIS2_PLACEMENT_3D('',#385,#386,#387);
#390=DIRECTION('',(6.480829994954E-1,0.E0,-7.615697116910E-1));
#391=VECTOR('',#390,5.000000000052E-2);
#392=CARTESIAN_POINT('',(2.392595850025E0,0.E0,-5.911921514415E0));
#393=LINE('',#392,#391);
#394=DIRECTION('',(1.E0,0.E0,0.E0));
#395=VECTOR('',#394,7.499999999985E-2);
#396=CARTESIAN_POINT('',(2.425E0,0.E0,-5.95E0));
#397=LINE('',#396,#395);
#398=DIRECTION('',(-1.E0,0.E0,0.E0));
#399=VECTOR('',#398,7.499999999985E-2);
#400=CARTESIAN_POINT('',(2.5E0,0.E0,5.95E0));
#401=LINE('',#400,#399);
#402=DIRECTION('',(-7.615697116891E-1,0.E0,6.480829994976E-1));
#403=VECTOR('',#402,1.331378775727E-1);
#404=CARTESIAN_POINT('',(2.392595850025E0,0.E0,5.911921514415E0));
#405=LINE('',#404,#403);
#406=CARTESIAN_POINT('',(2.392595850025E0,0.E0,0.E0));
#407=DIRECTION('',(-1.E0,0.E0,0.E0));
#408=DIRECTION('',(0.E0,0.E0,-1.E0));
#409=AXIS2_PLACEMENT_3D('',#406,#407,#408);
#411=CARTESIAN_POINT('',(2.392595850025E0,0.E0,0.E0));
#412=DIRECTION('',(-1.E0,0.E0,0.E0));
#413=DIRECTION('',(0.E0,0.E0,1.E0));
#414=AXIS2_PLACEMENT_3D('',#411,#412,#413);
#416=DIRECTION('',(-7.615697116891E-1,0.E0,-6.480829994976E-1));
#417=VECTOR('',#416,1.331378775727E-1);
#418=CARTESIAN_POINT('',(2.392595850025E0,0.E0,-5.911921514415E0));
#419=LINE('',#418,#417);
#420=CARTESIAN_POINT('',(2.275E0,0.E0,5.979166666667E0));
#421=DIRECTION('',(0.E0,1.E0,0.E0));
#422=DIRECTION('',(-1.E0,0.E0,0.E0));
#423=AXIS2_PLACEMENT_3D('',#420,#421,#422);
#425=CARTESIAN_POINT('',(2.275E0,0.E0,5.979166666667E0));
#426=DIRECTION('',(0.E0,1.E0,0.E0));
#427=DIRECTION('',(0.E0,0.E0,1.E0));
#428=AXIS2_PLACEMENT_3D('',#425,#426,#427);
#430=CARTESIAN_POINT('',(2.291202074987E0,0.E0,0.E0));
#431=DIRECTION('',(-1.E0,0.E0,0.E0));
#432=DIRECTION('',(0.E0,0.E0,1.E0));
#433=AXIS2_PLACEMENT_3D('',#430,#431,#432);
#435=CARTESIAN_POINT('',(2.25E0,0.E0,0.E0));
#436=DIRECTION('',(-1.E0,0.E0,0.E0));
#437=DIRECTION('',(0.E0,0.E0,1.E0));
#438=AXIS2_PLACEMENT_3D('',#435,#436,#437);
#440=CARTESIAN_POINT('',(2.25E0,0.E0,0.E0));
#441=DIRECTION('',(-1.E0,0.E0,0.E0));
#442=DIRECTION('',(0.E0,0.E0,-1.E0));
#443=AXIS2_PLACEMENT_3D('',#440,#441,#442);
#445=CARTESIAN_POINT('',(2.25E0,0.E0,0.E0));
#446=DIRECTION('',(1.E0,0.E0,0.E0));
#447=DIRECTION('',(0.E0,0.E0,-1.E0));
#448=AXIS2_PLACEMENT_3D('',#445,#446,#447);
#450=CARTESIAN_POINT('',(2.25E0,0.E0,0.E0));
#451=DIRECTION('',(1.E0,0.E0,0.E0));
#452=DIRECTION('',(0.E0,0.E0,1.E0));
#453=AXIS2_PLACEMENT_3D('',#450,#451,#452);
#455=CARTESIAN_POINT('',(2.275E0,0.E0,-5.979166666667E0));
#456=DIRECTION('',(0.E0,-1.E0,0.E0));
#457=DIRECTION('',(0.E0,0.E0,-1.E0));
#458=AXIS2_PLACEMENT_3D('',#455,#456,#457);
#460=CARTESIAN_POINT('',(2.291202074987E0,0.E0,0.E0));
#461=DIRECTION('',(-1.E0,0.E0,0.E0));
#462=DIRECTION('',(0.E0,0.E0,-1.E0));
#463=AXIS2_PLACEMENT_3D('',#460,#461,#462);
#465=CARTESIAN_POINT('',(2.275E0,0.E0,-5.979166666667E0));
#466=DIRECTION('',(0.E0,-1.E0,0.E0));
#467=DIRECTION('',(-1.E0,0.E0,0.E0));
#468=AXIS2_PLACEMENT_3D('',#465,#466,#467);
#470=CARTESIAN_POINT('',(2.284126864653E0,0.E0,0.E0));
#471=DIRECTION('',(1.E0,0.E0,0.E0));
#472=DIRECTION('',(0.E0,0.E0,-1.E0));
#473=AXIS2_PLACEMENT_3D('',#470,#471,#472);
#475=CARTESIAN_POINT('',(2.413899886371E0,0.E0,5.90625E0));
#476=DIRECTION('',(0.E0,1.E0,0.E0));
#477=DIRECTION('',(-7.917822555609E-1,0.E0,-6.108034542952E-1));
#478=AXIS2_PLACEMENT_3D('',#475,#476,#477);
#480=DIRECTION('',(-6.108034542926E-1,0.E0,7.917822555629E-1));
#481=VECTOR('',#480,2.272722890830E-1);
#482=CARTESIAN_POINT('',(2.422945563891E0,0.E0,5.626189217569E0));
#483=LINE('',#482,#481);
#484=DIRECTION('',(-6.108034542926E-1,0.E0,-7.917822555629E-1));
#485=VECTOR('',#484,2.272722890830E-1);
#486=CARTESIAN_POINT('',(2.422945563891E0,0.E0,-5.626189217569E0));
#487=LINE('',#486,#485);
#488=CARTESIAN_POINT('',(2.422945563891E0,0.E0,0.E0));
#489=DIRECTION('',(-1.E0,0.E0,0.E0));
#490=DIRECTION('',(0.E0,0.E0,-1.E0));
#491=AXIS2_PLACEMENT_3D('',#488,#489,#490);
#493=CARTESIAN_POINT('',(2.225E0,0.E0,5.473488353996E0));
#494=DIRECTION('',(0.E0,1.E0,0.E0));
#495=DIRECTION('',(7.917822555636E-1,0.E0,6.108034542917E-1));
#496=AXIS2_PLACEMENT_3D('',#493,#494,#495);
#498=CARTESIAN_POINT('',(2.225E0,0.E0,-5.473488353996E0));
#499=DIRECTION('',(0.E0,-1.E0,0.E0));
#500=DIRECTION('',(7.917822555636E-1,0.E0,-6.108034542917E-1));
#501=AXIS2_PLACEMENT_3D('',#498,#499,#500);
#503=CARTESIAN_POINT('',(2.422945563891E0,0.E0,0.E0));
#504=DIRECTION('',(-1.E0,0.E0,0.E0));
#505=DIRECTION('',(0.E0,0.E0,1.E0));
#506=AXIS2_PLACEMENT_3D('',#503,#504,#505);
#508=CARTESIAN_POINT('',(2.475E0,0.E0,0.E0));
#509=DIRECTION('',(-1.E0,0.E0,0.E0));
#510=DIRECTION('',(0.E0,0.E0,1.E0));
#511=AXIS2_PLACEMENT_3D('',#508,#509,#510);
#513=CARTESIAN_POINT('',(2.475E0,0.E0,0.E0));
#514=DIRECTION('',(-1.E0,0.E0,0.E0));
#515=DIRECTION('',(0.E0,0.E0,-1.E0));
#516=AXIS2_PLACEMENT_3D('',#513,#514,#515);
#518=CARTESIAN_POINT('',(2.475E0,0.E0,0.E0));
#519=DIRECTION('',(1.E0,0.E0,0.E0));
#520=DIRECTION('',(0.E0,0.E0,-1.E0));
#521=AXIS2_PLACEMENT_3D('',#518,#519,#520);
#523=CARTESIAN_POINT('',(2.475E0,0.E0,0.E0));
#524=DIRECTION('',(1.E0,0.E0,0.E0));
#525=DIRECTION('',(0.E0,0.E0,1.E0));
#526=AXIS2_PLACEMENT_3D('',#523,#524,#525);
#528=DIRECTION('',(1.E0,0.E0,0.E0));
#529=VECTOR('',#528,5.E-2);
#530=CARTESIAN_POINT('',(2.425E0,0.E0,4.55E0));
#531=LINE('',#530,#529);
#532=CARTESIAN_POINT('',(2.425E0,0.E0,0.E0));
#533=DIRECTION('',(1.E0,0.E0,0.E0));
#534=DIRECTION('',(0.E0,0.E0,-1.E0));
#535=AXIS2_PLACEMENT_3D('',#532,#533,#534);
#537=CARTESIAN_POINT('',(2.425E0,0.E0,0.E0));
#538=DIRECTION('',(1.E0,0.E0,0.E0));
#539=DIRECTION('',(0.E0,0.E0,1.E0));
#540=AXIS2_PLACEMENT_3D('',#537,#538,#539);
#542=CARTESIAN_POINT('',(2.425E0,0.E0,0.E0));
#543=DIRECTION('',(-1.E0,0.E0,0.E0));
#544=DIRECTION('',(0.E0,0.E0,1.E0));
#545=AXIS2_PLACEMENT_3D('',#542,#543,#544);
#547=CARTESIAN_POINT('',(2.425E0,0.E0,0.E0));
#548=DIRECTION('',(-1.E0,0.E0,0.E0));
#549=DIRECTION('',(0.E0,0.E0,-1.E0));
#550=AXIS2_PLACEMENT_3D('',#547,#548,#549);
#552=CARTESIAN_POINT('',(2.383356451113E0,0.E0,0.E0));
#553=DIRECTION('',(1.E0,0.E0,0.E0));
#554=DIRECTION('',(0.E0,0.E0,-1.E0));
#555=AXIS2_PLACEMENT_3D('',#552,#553,#554);
#557=CARTESIAN_POINT('',(2.225E0,0.E0,5.473488353996E0));
#558=DIRECTION('',(0.E0,1.E0,0.E0));
#559=DIRECTION('',(7.917822555649E-1,0.E0,6.108034542899E-1));
#560=AXIS2_PLACEMENT_3D('',#557,#558,#559);
#562=DIRECTION('',(-6.108034542926E-1,0.E0,-7.917822555629E-1));
#563=VECTOR('',#562,2.272722890844E-1);
#564=CARTESIAN_POINT('',(2.383356451113E0,0.E0,-5.595649044854E0));
#565=LINE('',#564,#563);
#566=DIRECTION('',(-6.108034542926E-1,0.E0,7.917822555629E-1));
#567=VECTOR('',#566,2.272722890844E-1);
#568=CARTESIAN_POINT('',(2.383356451113E0,0.E0,5.595649044854E0));
#569=LINE('',#568,#567);
#570=CARTESIAN_POINT('',(2.2E0,0.E0,0.E0));
#571=DIRECTION('',(1.E0,0.E0,0.E0));
#572=DIRECTION('',(0.E0,0.E0,1.E0));
#573=AXIS2_PLACEMENT_3D('',#570,#571,#572);
#575=CARTESIAN_POINT('',(2.244537751875E0,0.E0,0.E0));
#576=DIRECTION('',(-1.E0,0.E0,0.E0));
#577=DIRECTION('',(0.E0,0.E0,-1.E0));
#578=AXIS2_PLACEMENT_3D('',#575,#576,#577);
#580=CARTESIAN_POINT('',(2.413899886371E0,0.E0,5.90625E0));
#581=DIRECTION('',(0.E0,1.E0,0.E0));
#582=DIRECTION('',(-7.917822555642E-1,0.E0,-6.108034542908E-1));
#583=AXIS2_PLACEMENT_3D('',#580,#581,#582);
#585=CARTESIAN_POINT('',(2.2E0,0.E0,0.E0));
#586=DIRECTION('',(1.E0,0.E0,0.E0));
#587=DIRECTION('',(0.E0,0.E0,-1.E0));
#588=AXIS2_PLACEMENT_3D('',#585,#586,#587);
#590=CARTESIAN_POINT('',(2.2E0,0.E0,0.E0));
#591=DIRECTION('',(1.E0,0.E0,0.E0));
#592=DIRECTION('',(0.E0,0.E0,1.E0));
#593=AXIS2_PLACEMENT_3D('',#590,#591,#592);
#595=CARTESIAN_POINT('',(2.2E0,0.E0,0.E0));
#596=DIRECTION('',(1.E0,0.E0,0.E0));
#597=DIRECTION('',(0.E0,0.E0,-1.E0));
#598=AXIS2_PLACEMENT_3D('',#595,#596,#597);
#600=CARTESIAN_POINT('',(2.244537751875E0,0.E0,0.E0));
#601=DIRECTION('',(-1.E0,0.E0,0.E0));
#602=DIRECTION('',(0.E0,0.E0,1.E0));
#603=AXIS2_PLACEMENT_3D('',#600,#601,#602);
#605=CARTESIAN_POINT('',(2.413899886371E0,0.E0,-5.90625E0));
#606=DIRECTION('',(0.E0,-1.E0,0.E0));
#607=DIRECTION('',(-7.917822555642E-1,0.E0,6.108034542908E-1));
#608=AXIS2_PLACEMENT_3D('',#605,#606,#607);
#610=DIRECTION('',(-1.E0,0.E0,-4.466796803099E-14));
#611=VECTOR('',#610,1.471416900187E0);
#612=CARTESIAN_POINT('',(2.2E0,0.E0,-5.833333333333E0));
#613=LINE('',#612,#611);
#614=DIRECTION('',(-1.E0,0.E0,4.466796803099E-14));
#615=VECTOR('',#614,1.471416900187E0);
#616=CARTESIAN_POINT('',(2.2E0,0.E0,5.833333333333E0));
#617=LINE('',#616,#615);
#618=CARTESIAN_POINT('',(7.285830998134E-1,0.E0,0.E0));
#619=DIRECTION('',(-1.E0,0.E0,0.E0));
#620=DIRECTION('',(0.E0,0.E0,-1.E0));
#621=AXIS2_PLACEMENT_3D('',#618,#619,#620);
#623=CARTESIAN_POINT('',(0.E0,0.E0,5.25E0));
#624=DIRECTION('',(0.E0,-1.E0,0.E0));
#625=DIRECTION('',(7.806247498E-1,0.E0,6.249999999998E-1));
#626=AXIS2_PLACEMENT_3D('',#623,#624,#625);
#628=CARTESIAN_POINT('',(-7.285830998134E-1,0.E0,0.E0));
#629=DIRECTION('',(1.E0,0.E0,0.E0));
#630=DIRECTION('',(0.E0,0.E0,1.E0));
#631=AXIS2_PLACEMENT_3D('',#628,#629,#630);
#633=CARTESIAN_POINT('',(0.E0,0.E0,-5.25E0));
#634=DIRECTION('',(0.E0,-1.E0,0.E0));
#635=DIRECTION('',(-7.806247498E-1,0.E0,-6.249999999998E-1));
#636=AXIS2_PLACEMENT_3D('',#633,#634,#635);
#638=CARTESIAN_POINT('',(-7.285830998134E-1,0.E0,0.E0));
#639=DIRECTION('',(1.E0,0.E0,0.E0));
#640=DIRECTION('',(0.E0,0.E0,-1.E0));
#641=AXIS2_PLACEMENT_3D('',#638,#639,#640);
#643=CARTESIAN_POINT('',(7.285830998134E-1,0.E0,0.E0));
#644=DIRECTION('',(-1.E0,0.E0,0.E0));
#645=DIRECTION('',(0.E0,0.E0,1.E0));
#646=AXIS2_PLACEMENT_3D('',#643,#644,#645);
#648=DIRECTION('',(-1.E0,0.E0,4.466796803099E-14));
#649=VECTOR('',#648,1.471416900187E0);
#650=CARTESIAN_POINT('',(-7.285830998132E-1,0.E0,-5.833333333333E0));
#651=LINE('',#650,#649);
#652=DIRECTION('',(-1.E0,0.E0,-4.466796803099E-14));
#653=VECTOR('',#652,1.471416900187E0);
#654=CARTESIAN_POINT('',(-7.285830998132E-1,0.E0,5.833333333333E0));
#655=LINE('',#654,#653);
#656=CARTESIAN_POINT('',(-2.2E0,0.E0,0.E0));
#657=DIRECTION('',(-1.E0,0.E0,0.E0));
#658=DIRECTION('',(0.E0,0.E0,1.E0));
#659=AXIS2_PLACEMENT_3D('',#656,#657,#658);
#661=CARTESIAN_POINT('',(-2.2E0,0.E0,0.E0));
#662=DIRECTION('',(-1.E0,0.E0,0.E0));
#663=DIRECTION('',(0.E0,0.E0,-1.E0));
#664=AXIS2_PLACEMENT_3D('',#661,#662,#663);
#666=CARTESIAN_POINT('',(-2.2E0,0.E0,0.E0));
#667=DIRECTION('',(-1.E0,0.E0,0.E0));
#668=DIRECTION('',(0.E0,0.E0,1.E0));
#669=AXIS2_PLACEMENT_3D('',#666,#667,#668);
#671=CARTESIAN_POINT('',(-2.2E0,0.E0,0.E0));
#672=DIRECTION('',(-1.E0,0.E0,0.E0));
#673=DIRECTION('',(0.E0,0.E0,-1.E0));
#674=AXIS2_PLACEMENT_3D('',#671,#672,#673);
#676=CARTESIAN_POINT('',(-2.244537751875E0,0.E0,0.E0));
#677=DIRECTION('',(1.E0,0.E0,0.E0));
#678=DIRECTION('',(0.E0,0.E0,-1.E0));
#679=AXIS2_PLACEMENT_3D('',#676,#677,#678);
#681=CARTESIAN_POINT('',(-2.413899886371E0,0.E0,5.90625E0));
#682=DIRECTION('',(0.E0,-1.E0,0.E0));
#683=DIRECTION('',(7.917822555642E-1,0.E0,-6.108034542908E-1));
#684=AXIS2_PLACEMENT_3D('',#681,#682,#683);
#686=CARTESIAN_POINT('',(-2.244537751875E0,0.E0,0.E0));
#687=DIRECTION('',(1.E0,0.E0,0.E0));
#688=DIRECTION('',(0.E0,0.E0,1.E0));
#689=AXIS2_PLACEMENT_3D('',#686,#687,#688);
#691=CARTESIAN_POINT('',(-2.413899886371E0,0.E0,-5.90625E0));
#692=DIRECTION('',(0.E0,1.E0,0.E0));
#693=DIRECTION('',(7.917822555642E-1,0.E0,6.108034542908E-1));
#694=AXIS2_PLACEMENT_3D('',#691,#692,#693);
#696=DIRECTION('',(6.108034542926E-1,0.E0,-7.917822555629E-1));
#697=VECTOR('',#696,2.272722890844E-1);
#698=CARTESIAN_POINT('',(-2.383356451113E0,0.E0,-5.595649044854E0));
#699=LINE('',#698,#697);
#700=CARTESIAN_POINT('',(-2.383356451113E0,0.E0,0.E0));
#701=DIRECTION('',(-1.E0,0.E0,0.E0));
#702=DIRECTION('',(0.E0,0.E0,-1.E0));
#703=AXIS2_PLACEMENT_3D('',#700,#701,#702);
#705=CARTESIAN_POINT('',(-2.225E0,0.E0,5.473488353996E0));
#706=DIRECTION('',(0.E0,-1.E0,0.E0));
#707=DIRECTION('',(-7.917822555649E-1,0.E0,6.108034542899E-1));
#708=AXIS2_PLACEMENT_3D('',#705,#706,#707);
#710=CARTESIAN_POINT('',(-2.225E0,0.E0,-5.473488353996E0));
#711=DIRECTION('',(0.E0,1.E0,0.E0));
#712=DIRECTION('',(-7.917822555649E-1,0.E0,-6.108034542899E-1));
#713=AXIS2_PLACEMENT_3D('',#710,#711,#712);
#715=CARTESIAN_POINT('',(-2.383356451113E0,0.E0,0.E0));
#716=DIRECTION('',(-1.E0,0.E0,0.E0));
#717=DIRECTION('',(0.E0,0.E0,1.E0));
#718=AXIS2_PLACEMENT_3D('',#715,#716,#717);
#720=CARTESIAN_POINT('',(-2.425E0,0.E0,0.E0));
#721=DIRECTION('',(-1.E0,0.E0,0.E0));
#722=DIRECTION('',(0.E0,0.E0,1.E0));
#723=AXIS2_PLACEMENT_3D('',#720,#721,#722);
#725=CARTESIAN_POINT('',(-2.425E0,0.E0,0.E0));
#726=DIRECTION('',(-1.E0,0.E0,0.E0));
#727=DIRECTION('',(0.E0,0.E0,-1.E0));
#728=AXIS2_PLACEMENT_3D('',#725,#726,#727);
#730=CARTESIAN_POINT('',(-2.425E0,0.E0,0.E0));
#731=DIRECTION('',(1.E0,0.E0,0.E0));
#732=DIRECTION('',(0.E0,0.E0,-1.E0));
#733=AXIS2_PLACEMENT_3D('',#730,#731,#732);
#735=CARTESIAN_POINT('',(-2.425E0,0.E0,0.E0));
#736=DIRECTION('',(1.E0,0.E0,0.E0));
#737=DIRECTION('',(0.E0,0.E0,1.E0));
#738=AXIS2_PLACEMENT_3D('',#735,#736,#737);
#740=DIRECTION('',(-1.E0,0.E0,0.E0));
#741=VECTOR('',#740,5.E-2);
#742=CARTESIAN_POINT('',(-2.425E0,0.E0,-4.55E0));
#743=LINE('',#742,#741);
#744=DIRECTION('',(-1.E0,0.E0,0.E0));
#745=VECTOR('',#744,5.E-2);
#746=CARTESIAN_POINT('',(-2.425E0,0.E0,4.55E0));
#747=LINE('',#746,#745);
#748=CARTESIAN_POINT('',(-2.475E0,0.E0,0.E0));
#749=DIRECTION('',(1.E0,0.E0,0.E0));
#750=DIRECTION('',(0.E0,0.E0,-1.E0));
#751=AXIS2_PLACEMENT_3D('',#748,#749,#750);
#753=CARTESIAN_POINT('',(-2.475E0,0.E0,0.E0));
#754=DIRECTION('',(1.E0,0.E0,0.E0));
#755=DIRECTION('',(0.E0,0.E0,1.E0));
#756=AXIS2_PLACEMENT_3D('',#753,#754,#755);
#758=CARTESIAN_POINT('',(-2.475E0,0.E0,0.E0));
#759=DIRECTION('',(-1.E0,0.E0,0.E0));
#760=DIRECTION('',(0.E0,0.E0,1.E0));
#761=AXIS2_PLACEMENT_3D('',#758,#759,#760);
#763=CARTESIAN_POINT('',(-2.475E0,0.E0,0.E0));
#764=DIRECTION('',(-1.E0,0.E0,0.E0));
#765=DIRECTION('',(0.E0,0.E0,-1.E0));
#766=AXIS2_PLACEMENT_3D('',#763,#764,#765);
#768=CARTESIAN_POINT('',(-2.422945563891E0,0.E0,0.E0));
#769=DIRECTION('',(1.E0,0.E0,0.E0));
#770=DIRECTION('',(0.E0,0.E0,-1.E0));
#771=AXIS2_PLACEMENT_3D('',#768,#769,#770);
#773=CARTESIAN_POINT('',(-2.225E0,0.E0,5.473488353996E0));
#774=DIRECTION('',(0.E0,-1.E0,0.E0));
#775=DIRECTION('',(-7.917822555636E-1,0.E0,6.108034542917E-1));
#776=AXIS2_PLACEMENT_3D('',#773,#774,#775);
#778=DIRECTION('',(6.108034542926E-1,0.E0,-7.917822555629E-1));
#779=VECTOR('',#778,2.272722890830E-1);
#780=CARTESIAN_POINT('',(-2.422945563891E0,0.E0,-5.626189217569E0));
#781=LINE('',#780,#779);
#782=DIRECTION('',(6.108034542926E-1,0.E0,7.917822555629E-1));
#783=VECTOR('',#782,2.272722890830E-1);
#784=CARTESIAN_POINT('',(-2.422945563891E0,0.E0,5.626189217569E0));
#785=LINE('',#784,#783);
#786=CARTESIAN_POINT('',(-2.284126864653E0,0.E0,0.E0));
#787=DIRECTION('',(-1.E0,0.E0,0.E0));
#788=DIRECTION('',(0.E0,0.E0,-1.E0));
#789=AXIS2_PLACEMENT_3D('',#786,#787,#788);
#791=CARTESIAN_POINT('',(-2.413899886371E0,0.E0,5.90625E0));
#792=DIRECTION('',(0.E0,-1.E0,0.E0));
#793=DIRECTION('',(7.917822555609E-1,0.E0,-6.108034542952E-1));
#794=AXIS2_PLACEMENT_3D('',#791,#792,#793);
#796=CARTESIAN_POINT('',(-2.413899886371E0,0.E0,-5.90625E0));
#797=DIRECTION('',(0.E0,1.E0,0.E0));
#798=DIRECTION('',(7.917822555609E-1,0.E0,6.108034542952E-1));
#799=AXIS2_PLACEMENT_3D('',#796,#797,#798);
#801=CARTESIAN_POINT('',(-2.284126864653E0,0.E0,0.E0));
#802=DIRECTION('',(-1.E0,0.E0,0.E0));
#803=DIRECTION('',(0.E0,0.E0,1.E0));
#804=AXIS2_PLACEMENT_3D('',#801,#802,#803);
#806=CARTESIAN_POINT('',(-2.225E0,0.E0,-5.473488353996E0));
#807=DIRECTION('',(0.E0,1.E0,0.E0));
#808=DIRECTION('',(-7.917822555636E-1,0.E0,-6.108034542917E-1));
#809=AXIS2_PLACEMENT_3D('',#806,#807,#808);
#811=CARTESIAN_POINT('',(-2.422945563891E0,0.E0,0.E0));
#812=DIRECTION('',(1.E0,0.E0,0.E0));
#813=DIRECTION('',(0.E0,0.E0,1.E0));
#814=AXIS2_PLACEMENT_3D('',#811,#812,#813);
#816=DIRECTION('',(6.108034542926E-1,0.E0,7.917822555629E-1));
#817=VECTOR('',#816,2.272722890844E-1);
#818=CARTESIAN_POINT('',(-2.383356451113E0,0.E0,5.595649044854E0));
#819=LINE('',#818,#817);
#820=CARTESIAN_POINT('',(2.225E0,0.E0,-5.473488353996E0));
#821=DIRECTION('',(0.E0,-1.E0,0.E0));
#822=DIRECTION('',(7.917822555649E-1,0.E0,-6.108034542899E-1));
#823=AXIS2_PLACEMENT_3D('',#820,#821,#822);
#825=CARTESIAN_POINT('',(2.383356451113E0,0.E0,0.E0));
#826=DIRECTION('',(1.E0,0.E0,0.E0));
#827=DIRECTION('',(0.E0,0.E0,1.E0));
#828=AXIS2_PLACEMENT_3D('',#825,#826,#827);
#830=DIRECTION('',(1.E0,0.E0,0.E0));
#831=VECTOR('',#830,5.E-2);
#832=CARTESIAN_POINT('',(2.425E0,0.E0,-4.55E0));
#833=LINE('',#832,#831);
#834=CARTESIAN_POINT('',(2.413899886371E0,0.E0,-5.90625E0));
#835=DIRECTION('',(0.E0,-1.E0,0.E0));
#836=DIRECTION('',(-7.917822555609E-1,0.E0,6.108034542952E-1));
#837=AXIS2_PLACEMENT_3D('',#834,#835,#836);
#839=CARTESIAN_POINT('',(2.284126864653E0,0.E0,0.E0));
#840=DIRECTION('',(1.E0,0.E0,0.E0));
#841=DIRECTION('',(0.E0,0.E0,1.E0));
#842=AXIS2_PLACEMENT_3D('',#839,#840,#841);
#844=CARTESIAN_POINT('',(2.422945563891E0,0.E0,-5.626189217569E0));
#845=CARTESIAN_POINT('',(2.422945563891E0,0.E0,5.626189217569E0));
#846=VERTEX_POINT('',#844);
#847=VERTEX_POINT('',#845);
#848=CARTESIAN_POINT('',(2.284126864654E0,0.E0,-5.806139383246E0));
#849=VERTEX_POINT('',#848);
#850=CARTESIAN_POINT('',(2.284126864653E0,0.E0,5.806139383246E0));
#851=VERTEX_POINT('',#850);
#852=CARTESIAN_POINT('',(2.475E0,0.E0,5.473488353996E0));
#853=VERTEX_POINT('',#852);
#854=CARTESIAN_POINT('',(2.475E0,0.E0,-5.473488353996E0));
#855=VERTEX_POINT('',#854);
#856=CARTESIAN_POINT('',(2.475E0,0.E0,-4.55E0));
#857=CARTESIAN_POINT('',(2.475E0,0.E0,4.55E0));
#858=VERTEX_POINT('',#856);
#859=VERTEX_POINT('',#857);
#860=CARTESIAN_POINT('',(2.425E0,0.E0,4.55E0));
#861=CARTESIAN_POINT('',(2.425E0,0.E0,-4.55E0));
#862=VERTEX_POINT('',#860);
#863=VERTEX_POINT('',#861);
#864=CARTESIAN_POINT('',(2.425E0,0.E0,-5.473488353996E0));
#865=CARTESIAN_POINT('',(2.425E0,0.E0,5.473488353996E0));
#866=VERTEX_POINT('',#864);
#867=VERTEX_POINT('',#865);
#868=CARTESIAN_POINT('',(2.383356451113E0,0.E0,-5.595649044854E0));
#869=CARTESIAN_POINT('',(2.383356451113E0,0.E0,5.595649044854E0));
#870=VERTEX_POINT('',#868);
#871=VERTEX_POINT('',#869);
#872=CARTESIAN_POINT('',(2.244537751875E0,0.E0,-5.775599210532E0));
#873=VERTEX_POINT('',#872);
#874=CARTESIAN_POINT('',(2.244537751875E0,0.E0,5.775599210532E0));
#875=VERTEX_POINT('',#874);
#876=CARTESIAN_POINT('',(2.392595850025E0,0.E0,-5.911921514415E0));
#877=CARTESIAN_POINT('',(2.392595850025E0,0.E0,5.911921514415E0));
#878=VERTEX_POINT('',#876);
#879=VERTEX_POINT('',#877);
#880=CARTESIAN_POINT('',(2.291202074987E0,0.E0,-5.998205909459E0));
#881=VERTEX_POINT('',#880);
#882=CARTESIAN_POINT('',(2.291202074987E0,0.E0,5.998205909459E0));
#883=VERTEX_POINT('',#882);
#884=CARTESIAN_POINT('',(2.275E0,0.E0,-6.004166666667E0));
#885=VERTEX_POINT('',#884);
#886=CARTESIAN_POINT('',(2.275E0,0.E0,6.004166666667E0));
#887=VERTEX_POINT('',#886);
#888=CARTESIAN_POINT('',(2.25E0,0.E0,5.979166666667E0));
#889=VERTEX_POINT('',#888);
#890=CARTESIAN_POINT('',(2.25E0,0.E0,-5.979166666667E0));
#891=VERTEX_POINT('',#890);
#892=CARTESIAN_POINT('',(2.25E0,0.E0,-5.90625E0));
#893=CARTESIAN_POINT('',(2.25E0,0.E0,5.90625E0));
#894=VERTEX_POINT('',#892);
#895=VERTEX_POINT('',#893);
#896=CARTESIAN_POINT('',(2.5E0,0.E0,6.85E0));
#897=CARTESIAN_POINT('',(2.5E0,0.E0,-6.85E0));
#898=VERTEX_POINT('',#896);
#899=VERTEX_POINT('',#897);
#900=CARTESIAN_POINT('',(2.35E0,0.E0,7.E0));
#901=VERTEX_POINT('',#900);
#902=CARTESIAN_POINT('',(2.35E0,0.E0,-7.E0));
#903=VERTEX_POINT('',#902);
#904=CARTESIAN_POINT('',(2.5E0,0.E0,-5.95E0));
#905=CARTESIAN_POINT('',(2.5E0,0.E0,5.95E0));
#906=VERTEX_POINT('',#904);
#907=VERTEX_POINT('',#905);
#908=CARTESIAN_POINT('',(-2.35E0,0.E0,-7.E0));
#909=VERTEX_POINT('',#908);
#910=CARTESIAN_POINT('',(-2.35E0,0.E0,7.E0));
#911=VERTEX_POINT('',#910);
#912=CARTESIAN_POINT('',(-2.5E0,0.E0,6.85E0));
#913=VERTEX_POINT('',#912);
#914=CARTESIAN_POINT('',(-2.5E0,0.E0,-6.85E0));
#915=VERTEX_POINT('',#914);
#916=CARTESIAN_POINT('',(-2.5E0,0.E0,5.95E0));
#917=CARTESIAN_POINT('',(-2.5E0,0.E0,-5.95E0));
#918=VERTEX_POINT('',#916);
#919=VERTEX_POINT('',#917);
#920=CARTESIAN_POINT('',(-2.2E0,0.E0,5.833333333333E0));
#921=CARTESIAN_POINT('',(-2.2E0,0.E0,-5.833333333333E0));
#922=VERTEX_POINT('',#920);
#923=VERTEX_POINT('',#921);
#924=CARTESIAN_POINT('',(-7.285830998132E-1,0.E0,-5.833333333333E0));
#925=VERTEX_POINT('',#924);
#926=CARTESIAN_POINT('',(-7.285830998132E-1,0.E0,5.833333333333E0));
#927=VERTEX_POINT('',#926);
#928=CARTESIAN_POINT('',(7.285830998134E-1,0.E0,-5.833333333333E0));
#929=CARTESIAN_POINT('',(7.285830998134E-1,0.E0,5.833333333333E0));
#930=VERTEX_POINT('',#928);
#931=VERTEX_POINT('',#929);
#932=CARTESIAN_POINT('',(2.2E0,0.E0,5.833333333333E0));
#933=CARTESIAN_POINT('',(2.2E0,0.E0,-5.833333333333E0));
#934=VERTEX_POINT('',#932);
#935=VERTEX_POINT('',#933);
#936=CARTESIAN_POINT('',(2.2E0,0.E0,5.90625E0));
#937=CARTESIAN_POINT('',(2.2E0,0.E0,-5.90625E0));
#938=VERTEX_POINT('',#936);
#939=VERTEX_POINT('',#937);
#940=CARTESIAN_POINT('',(2.425E0,0.E0,-5.95E0));
#941=CARTESIAN_POINT('',(2.425E0,0.E0,5.95E0));
#942=VERTEX_POINT('',#940);
#943=VERTEX_POINT('',#941);
#944=CARTESIAN_POINT('',(-2.392595850025E0,0.E0,5.911921514415E0));
#945=CARTESIAN_POINT('',(-2.392595850025E0,0.E0,-5.911921514415E0));
#946=VERTEX_POINT('',#944);
#947=VERTEX_POINT('',#945);
#948=CARTESIAN_POINT('',(-2.291202074987E0,0.E0,-5.998205909459E0));
#949=VERTEX_POINT('',#948);
#950=CARTESIAN_POINT('',(-2.291202074987E0,0.E0,5.998205909459E0));
#951=VERTEX_POINT('',#950);
#952=CARTESIAN_POINT('',(-2.25E0,0.E0,-5.979166666667E0));
#953=CARTESIAN_POINT('',(-2.25E0,0.E0,5.979166666667E0));
#954=VERTEX_POINT('',#952);
#955=VERTEX_POINT('',#953);
#956=CARTESIAN_POINT('',(-2.25E0,0.E0,5.90625E0));
#957=CARTESIAN_POINT('',(-2.25E0,0.E0,-5.90625E0));
#958=VERTEX_POINT('',#956);
#959=VERTEX_POINT('',#957);
#960=CARTESIAN_POINT('',(-2.284126864654E0,0.E0,-5.806139383246E0));
#961=VERTEX_POINT('',#960);
#962=CARTESIAN_POINT('',(-2.284126864654E0,0.E0,5.806139383246E0));
#963=VERTEX_POINT('',#962);
#964=CARTESIAN_POINT('',(-2.422945563891E0,0.E0,5.626189217569E0));
#965=VERTEX_POINT('',#964);
#966=CARTESIAN_POINT('',(-2.422945563891E0,0.E0,-5.626189217569E0));
#967=VERTEX_POINT('',#966);
#968=CARTESIAN_POINT('',(-2.475E0,0.E0,5.473488353996E0));
#969=VERTEX_POINT('',#968);
#970=CARTESIAN_POINT('',(-2.475E0,0.E0,-5.473488353996E0));
#971=VERTEX_POINT('',#970);
#972=CARTESIAN_POINT('',(-2.475E0,0.E0,4.55E0));
#973=CARTESIAN_POINT('',(-2.475E0,0.E0,-4.55E0));
#974=VERTEX_POINT('',#972);
#975=VERTEX_POINT('',#973);
#976=CARTESIAN_POINT('',(-2.425E0,0.E0,-4.55E0));
#977=VERTEX_POINT('',#976);
#978=CARTESIAN_POINT('',(-2.425E0,0.E0,4.55E0));
#979=VERTEX_POINT('',#978);
#980=CARTESIAN_POINT('',(-2.425E0,0.E0,5.473488353996E0));
#981=CARTESIAN_POINT('',(-2.425E0,0.E0,-5.473488353996E0));
#982=VERTEX_POINT('',#980);
#983=VERTEX_POINT('',#981);
#984=CARTESIAN_POINT('',(-2.383356451113E0,0.E0,-5.595649044854E0));
#985=VERTEX_POINT('',#984);
#986=CARTESIAN_POINT('',(-2.383356451113E0,0.E0,5.595649044854E0));
#987=VERTEX_POINT('',#986);
#988=CARTESIAN_POINT('',(-2.244537751875E0,0.E0,-5.775599210532E0));
#989=VERTEX_POINT('',#988);
#990=CARTESIAN_POINT('',(-2.244537751875E0,0.E0,5.775599210532E0));
#991=VERTEX_POINT('',#990);
#992=CARTESIAN_POINT('',(-2.425E0,0.E0,5.95E0));
#993=CARTESIAN_POINT('',(-2.425E0,0.E0,-5.95E0));
#994=VERTEX_POINT('',#992);
#995=VERTEX_POINT('',#993);
#996=CARTESIAN_POINT('',(-2.2E0,0.E0,5.90625E0));
#997=CARTESIAN_POINT('',(-2.2E0,0.E0,-5.90625E0));
#998=VERTEX_POINT('',#996);
#999=VERTEX_POINT('',#997);
#1000=CARTESIAN_POINT('',(-2.275E0,0.E0,0.E0));
#1001=DIRECTION('',(-1.E0,0.E0,0.E0));
#1002=DIRECTION('',(0.E0,0.E0,1.E0));
#1003=AXIS2_PLACEMENT_3D('',#1000,#1001,#1002);
#1004=TOROIDAL_SURFACE('',#1003,5.979166666667E0,2.5E-2);
#1006=ORIENTED_EDGE('',*,*,#1005,.F.);
#1008=ORIENTED_EDGE('',*,*,#1007,.F.);
#1010=ORIENTED_EDGE('',*,*,#1009,.T.);
#1012=ORIENTED_EDGE('',*,*,#1011,.F.);
#1013=EDGE_LOOP('',(#1006,#1008,#1010,#1012));
#1014=FACE_OUTER_BOUND('',#1013,.F.);
#1015=ADVANCED_FACE('',(#1014),#1004,.F.);
#1016=CARTESIAN_POINT('',(-2.25E0,5.90625E0,0.E0));
#1017=DIRECTION('',(1.E0,0.E0,0.E0));
#1018=DIRECTION('',(0.E0,0.E0,-1.E0));
#1019=AXIS2_PLACEMENT_3D('',#1016,#1017,#1018);
#1020=PLANE('',#1019);
#1022=ORIENTED_EDGE('',*,*,#1021,.T.);
#1023=ORIENTED_EDGE('',*,*,#1005,.T.);
#1024=EDGE_LOOP('',(#1022,#1023));
#1025=FACE_OUTER_BOUND('',#1024,.F.);
#1027=ORIENTED_EDGE('',*,*,#1026,.T.);
#1029=ORIENTED_EDGE('',*,*,#1028,.T.);
#1030=EDGE_LOOP('',(#1027,#1029));
#1031=FACE_BOUND('',#1030,.F.);
#1032=ADVANCED_FACE('',(#1025,#1031),#1020,.F.);
#1033=CARTESIAN_POINT('',(-2.275E0,0.E0,0.E0));
#1034=DIRECTION('',(-1.E0,0.E0,0.E0));
#1035=DIRECTION('',(0.E0,0.E0,1.E0));
#1036=AXIS2_PLACEMENT_3D('',#1033,#1034,#1035);
#1037=TOROIDAL_SURFACE('',#1036,5.979166666667E0,2.5E-2);
#1038=ORIENTED_EDGE('',*,*,#1011,.T.);
#1040=ORIENTED_EDGE('',*,*,#1039,.T.);
#1041=ORIENTED_EDGE('',*,*,#1007,.T.);
#1042=ORIENTED_EDGE('',*,*,#1021,.F.);
#1043=EDGE_LOOP('',(#1038,#1040,#1041,#1042));
#1044=FACE_OUTER_BOUND('',#1043,.F.);
#1045=ADVANCED_FACE('',(#1044),#1037,.F.);
#1046=CARTESIAN_POINT('',(-2.341898962506E0,0.E0,0.E0));
#1047=DIRECTION('',(1.E0,0.E0,0.E0));
#1048=DIRECTION('',(0.E0,0.E0,-1.E0));
#1049=AXIS2_PLACEMENT_3D('',#1046,#1047,#1048);
#1050=CONICAL_SURFACE('',#1049,5.955063711937E0,4.039722369778E1);
#1052=ORIENTED_EDGE('',*,*,#1051,.T.);
#1053=ORIENTED_EDGE('',*,*,#1039,.F.);
#1055=ORIENTED_EDGE('',*,*,#1054,.F.);
#1057=ORIENTED_EDGE('',*,*,#1056,.F.);
#1058=EDGE_LOOP('',(#1052,#1053,#1055,#1057));
#1059=FACE_OUTER_BOUND('',#1058,.F.);
#1060=ADVANCED_FACE('',(#1059),#1050,.F.);
#1061=CARTESIAN_POINT('',(-2.341898962506E0,0.E0,0.E0));
#1062=DIRECTION('',(1.E0,0.E0,0.E0));
#1063=DIRECTION('',(0.E0,0.E0,-1.E0));
#1064=AXIS2_PLACEMENT_3D('',#1061,#1062,#1063);
#1065=CONICAL_SURFACE('',#1064,5.955063711937E0,4.039722369778E1);
#1067=ORIENTED_EDGE('',*,*,#1066,.F.);
#1068=ORIENTED_EDGE('',*,*,#1054,.T.);
#1069=ORIENTED_EDGE('',*,*,#1009,.F.);
#1070=ORIENTED_EDGE('',*,*,#1051,.F.);
#1071=EDGE_LOOP('',(#1067,#1068,#1069,#1070));
#1072=FACE_OUTER_BOUND('',#1071,.F.);
#1073=ADVANCED_FACE('',(#1072),#1065,.F.);
#1074=CARTESIAN_POINT('',(-2.408797925013E0,0.E0,0.E0));
#1075=DIRECTION('',(-1.E0,0.E0,0.E0));
#1076=DIRECTION('',(0.E0,0.E0,1.E0));
#1077=AXIS2_PLACEMENT_3D('',#1074,#1075,#1076);
#1078=CONICAL_SURFACE('',#1077,5.930960757208E0,4.960277630222E1);
#1080=ORIENTED_EDGE('',*,*,#1079,.F.);
#1082=ORIENTED_EDGE('',*,*,#1081,.F.);
#1083=ORIENTED_EDGE('',*,*,#1066,.T.);
#1085=ORIENTED_EDGE('',*,*,#1084,.T.);
#1086=EDGE_LOOP('',(#1080,#1082,#1083,#1085));
#1087=FACE_OUTER_BOUND('',#1086,.F.);
#1088=ADVANCED_FACE('',(#1087),#1078,.F.);
#1089=CARTESIAN_POINT('',(0.E0,0.E0,0.E0));
#1090=DIRECTION('',(-1.E0,0.E0,0.E0));
#1091=DIRECTION('',(0.E0,0.E0,1.E0));
#1092=AXIS2_PLACEMENT_3D('',#1089,#1090,#1091);
#1093=CYLINDRICAL_SURFACE('',#1092,5.95E0);
#1094=ORIENTED_EDGE('',*,*,#1079,.T.);
#1096=ORIENTED_EDGE('',*,*,#1095,.T.);
#1098=ORIENTED_EDGE('',*,*,#1097,.F.);
#1100=ORIENTED_EDGE('',*,*,#1099,.F.);
#1101=EDGE_LOOP('',(#1094,#1096,#1098,#1100));
#1102=FACE_OUTER_BOUND('',#1101,.F.);
#1103=ADVANCED_FACE('',(#1102),#1093,.F.);
#1104=CARTESIAN_POINT('',(0.E0,0.E0,0.E0));
#1105=DIRECTION('',(-1.E0,0.E0,0.E0));
#1106=DIRECTION('',(0.E0,0.E0,1.E0));
#1107=AXIS2_PLACEMENT_3D('',#1104,#1105,#1106);
#1108=CYLINDRICAL_SURFACE('',#1107,5.95E0);
#1110=ORIENTED_EDGE('',*,*,#1109,.T.);
#1111=ORIENTED_EDGE('',*,*,#1099,.T.);
#1113=ORIENTED_EDGE('',*,*,#1112,.F.);
#1114=ORIENTED_EDGE('',*,*,#1095,.F.);
#1115=EDGE_LOOP('',(#1110,#1111,#1113,#1114));
#1116=FACE_OUTER_BOUND('',#1115,.F.);
#1117=ADVANCED_FACE('',(#1116),#1108,.F.);
#1118=CARTESIAN_POINT('',(-2.408797925013E0,0.E0,0.E0));
#1119=DIRECTION('',(-1.E0,0.E0,0.E0));
#1120=DIRECTION('',(0.E0,0.E0,1.E0));
#1121=AXIS2_PLACEMENT_3D('',#1118,#1119,#1120);
#1122=CONICAL_SURFACE('',#1121,5.930960757208E0,4.960277630222E1);
#1123=ORIENTED_EDGE('',*,*,#1109,.F.);
#1124=ORIENTED_EDGE('',*,*,#1084,.F.);
#1125=ORIENTED_EDGE('',*,*,#1056,.T.);
#1126=ORIENTED_EDGE('',*,*,#1081,.T.);
#1127=EDGE_LOOP('',(#1123,#1124,#1125,#1126));
#1128=FACE_OUTER_BOUND('',#1127,.F.);
#1129=ADVANCED_FACE('',(#1128),#1122,.F.);
#1130=CARTESIAN_POINT('',(-2.5E0,5.95E0,0.E0));
#1131=DIRECTION('',(1.E0,0.E0,0.E0));
#1132=DIRECTION('',(0.E0,0.E0,-1.E0));
#1133=AXIS2_PLACEMENT_3D('',#1130,#1131,#1132);
#1134=PLANE('',#1133);
#1136=ORIENTED_EDGE('',*,*,#1135,.T.);
#1138=ORIENTED_EDGE('',*,*,#1137,.T.);
#1139=EDGE_LOOP('',(#1136,#1138));
#1140=FACE_OUTER_BOUND('',#1139,.F.);
#1141=ORIENTED_EDGE('',*,*,#1112,.T.);
#1142=ORIENTED_EDGE('',*,*,#1097,.T.);
#1143=EDGE_LOOP('',(#1141,#1142));
#1144=FACE_BOUND('',#1143,.F.);
#1145=ADVANCED_FACE('',(#1140,#1144),#1134,.F.);
#1146=CARTESIAN_POINT('',(-2.35E0,0.E0,0.E0));
#1147=DIRECTION('',(-1.E0,0.E0,0.E0));
#1148=DIRECTION('',(0.E0,0.E0,1.E0));
#1149=AXIS2_PLACEMENT_3D('',#1146,#1147,#1148);
#1150=TOROIDAL_SURFACE('',#1149,6.85E0,1.5E-1);
#1152=ORIENTED_EDGE('',*,*,#1151,.T.);
#1154=ORIENTED_EDGE('',*,*,#1153,.T.);
#1155=ORIENTED_EDGE('',*,*,#1135,.F.);
#1157=ORIENTED_EDGE('',*,*,#1156,.F.);
#1158=EDGE_LOOP('',(#1152,#1154,#1155,#1157));
#1159=FACE_OUTER_BOUND('',#1158,.F.);
#1160=ADVANCED_FACE('',(#1159),#1150,.T.);
#1161=CARTESIAN_POINT('',(0.E0,0.E0,0.E0));
#1162=DIRECTION('',(-1.E0,0.E0,0.E0));
#1163=DIRECTION('',(0.E0,0.E0,1.E0));
#1164=AXIS2_PLACEMENT_3D('',#1161,#1162,#1163);
#1165=CYLINDRICAL_SURFACE('',#1164,7.E0);
#1167=ORIENTED_EDGE('',*,*,#1166,.F.);
#1169=ORIENTED_EDGE('',*,*,#1168,.T.);
#1170=ORIENTED_EDGE('',*,*,#1151,.F.);
#1172=ORIENTED_EDGE('',*,*,#1171,.F.);
#1173=EDGE_LOOP('',(#1167,#1169,#1170,#1172));
#1174=FACE_OUTER_BOUND('',#1173,.F.);
#1175=ADVANCED_FACE('',(#1174),#1165,.T.);
#1176=CARTESIAN_POINT('',(2.35E0,0.E0,0.E0));
#1177=DIRECTION('',(-1.E0,0.E0,0.E0));
#1178=DIRECTION('',(0.E0,0.E0,1.E0));
#1179=AXIS2_PLACEMENT_3D('',#1176,#1177,#1178);
#1180=TOROIDAL_SURFACE('',#1179,6.85E0,1.5E-1);
#1182=ORIENTED_EDGE('',*,*,#1181,.F.);
#1184=ORIENTED_EDGE('',*,*,#1183,.T.);
#1185=ORIENTED_EDGE('',*,*,#1166,.T.);
#1187=ORIENTED_EDGE('',*,*,#1186,.F.);
#1188=EDGE_LOOP('',(#1182,#1184,#1185,#1187));
#1189=FACE_OUTER_BOUND('',#1188,.F.);
#1190=ADVANCED_FACE('',(#1189),#1180,.T.);
#1191=CARTESIAN_POINT('',(2.5E0,6.85E0,0.E0));
#1192=DIRECTION('',(-1.E0,0.E0,0.E0));
#1193=DIRECTION('',(0.E0,0.E0,1.E0));
#1194=AXIS2_PLACEMENT_3D('',#1191,#1192,#1193);
#1195=PLANE('',#1194);
#1196=ORIENTED_EDGE('',*,*,#1181,.T.);
#1198=ORIENTED_EDGE('',*,*,#1197,.T.);
#1199=EDGE_LOOP('',(#1196,#1198));
#1200=FACE_OUTER_BOUND('',#1199,.F.);
#1202=ORIENTED_EDGE('',*,*,#1201,.T.);
#1204=ORIENTED_EDGE('',*,*,#1203,.T.);
#1205=EDGE_LOOP('',(#1202,#1204));
#1206=FACE_BOUND('',#1205,.F.);
#1207=ADVANCED_FACE('',(#1200,#1206),#1195,.F.);
#1208=CARTESIAN_POINT('',(2.35E0,0.E0,0.E0));
#1209=DIRECTION('',(-1.E0,0.E0,0.E0));
#1210=DIRECTION('',(0.E0,0.E0,1.E0));
#1211=AXIS2_PLACEMENT_3D('',#1208,#1209,#1210);
#1212=TOROIDAL_SURFACE('',#1211,6.85E0,1.5E-1);
#1213=ORIENTED_EDGE('',*,*,#1186,.T.);
#1215=ORIENTED_EDGE('',*,*,#1214,.T.);
#1216=ORIENTED_EDGE('',*,*,#1183,.F.);
#1217=ORIENTED_EDGE('',*,*,#1197,.F.);
#1218=EDGE_LOOP('',(#1213,#1215,#1216,#1217));
#1219=FACE_OUTER_BOUND('',#1218,.F.);
#1220=ADVANCED_FACE('',(#1219),#1212,.T.);
#1221=CARTESIAN_POINT('',(0.E0,0.E0,0.E0));
#1222=DIRECTION('',(-1.E0,0.E0,0.E0));
#1223=DIRECTION('',(0.E0,0.E0,1.E0));
#1224=AXIS2_PLACEMENT_3D('',#1221,#1222,#1223);
#1225=CYLINDRICAL_SURFACE('',#1224,7.E0);
#1226=ORIENTED_EDGE('',*,*,#1171,.T.);
#1228=ORIENTED_EDGE('',*,*,#1227,.F.);
#1229=ORIENTED_EDGE('',*,*,#1168,.F.);
#1230=ORIENTED_EDGE('',*,*,#1214,.F.);
#1231=EDGE_LOOP('',(#1226,#1228,#1229,#1230));
#1232=FACE_OUTER_BOUND('',#1231,.F.);
#1233=ADVANCED_FACE('',(#1232),#1225,.T.);
#1234=CARTESIAN_POINT('',(-2.35E0,0.E0,0.E0));
#1235=DIRECTION('',(-1.E0,0.E0,0.E0));
#1236=DIRECTION('',(0.E0,0.E0,1.E0));
#1237=AXIS2_PLACEMENT_3D('',#1234,#1235,#1236);
#1238=TOROIDAL_SURFACE('',#1237,6.85E0,1.5E-1);
#1239=ORIENTED_EDGE('',*,*,#1156,.T.);
#1240=ORIENTED_EDGE('',*,*,#1137,.F.);
#1241=ORIENTED_EDGE('',*,*,#1153,.F.);
#1242=ORIENTED_EDGE('',*,*,#1227,.T.);
#1243=EDGE_LOOP('',(#1239,#1240,#1241,#1242));
#1244=FACE_OUTER_BOUND('',#1243,.F.);
#1245=ADVANCED_FACE('',(#1244),#1238,.T.);
#1246=CARTESIAN_POINT('',(0.E0,0.E0,0.E0));
#1247=DIRECTION('',(-1.E0,0.E0,0.E0));
#1248=DIRECTION('',(0.E0,0.E0,1.E0));
#1249=AXIS2_PLACEMENT_3D('',#1246,#1247,#1248);
#1250=CYLINDRICAL_SURFACE('',#1249,5.95E0);
#1252=ORIENTED_EDGE('',*,*,#1251,.F.);
#1254=ORIENTED_EDGE('',*,*,#1253,.F.);
#1255=ORIENTED_EDGE('',*,*,#1201,.F.);
#1257=ORIENTED_EDGE('',*,*,#1256,.F.);
#1258=EDGE_LOOP('',(#1252,#1254,#1255,#1257));
#1259=FACE_OUTER_BOUND('',#1258,.F.);
#1260=ADVANCED_FACE('',(#1259),#1250,.F.);
#1261=CARTESIAN_POINT('',(2.408797925013E0,0.E0,0.E0));
#1262=DIRECTION('',(1.E0,0.E0,0.E0));
#1263=DIRECTION('',(0.E0,0.E0,1.E0));
#1264=AXIS2_PLACEMENT_3D('',#1261,#1262,#1263);
#1265=CONICAL_SURFACE('',#1264,5.930960757208E0,4.960277630222E1);
#1266=ORIENTED_EDGE('',*,*,#1251,.T.);
#1268=ORIENTED_EDGE('',*,*,#1267,.F.);
#1270=ORIENTED_EDGE('',*,*,#1269,.F.);
#1272=ORIENTED_EDGE('',*,*,#1271,.T.);
#1273=EDGE_LOOP('',(#1266,#1268,#1270,#1272));
#1274=FACE_OUTER_BOUND('',#1273,.F.);
#1275=ADVANCED_FACE('',(#1274),#1265,.F.);
#1276=CARTESIAN_POINT('',(2.408797925013E0,0.E0,0.E0));
#1277=DIRECTION('',(1.E0,0.E0,0.E0));
#1278=DIRECTION('',(0.E0,0.E0,1.E0));
#1279=AXIS2_PLACEMENT_3D('',#1276,#1277,#1278);
#1280=CONICAL_SURFACE('',#1279,5.930960757208E0,4.960277630222E1);
#1282=ORIENTED_EDGE('',*,*,#1281,.T.);
#1283=ORIENTED_EDGE('',*,*,#1271,.F.);
#1285=ORIENTED_EDGE('',*,*,#1284,.F.);
#1286=ORIENTED_EDGE('',*,*,#1267,.T.);
#1287=EDGE_LOOP('',(#1282,#1283,#1285,#1286));
#1288=FACE_OUTER_BOUND('',#1287,.F.);
#1289=ADVANCED_FACE('',(#1288),#1280,.F.);
#1290=CARTESIAN_POINT('',(0.E0,0.E0,0.E0));
#1291=DIRECTION('',(-1.E0,0.E0,0.E0));
#1292=DIRECTION('',(0.E0,0.E0,1.E0));
#1293=AXIS2_PLACEMENT_3D('',#1290,#1291,#1292);
#1294=CYLINDRICAL_SURFACE('',#1293,5.95E0);
#1295=ORIENTED_EDGE('',*,*,#1281,.F.);
#1296=ORIENTED_EDGE('',*,*,#1256,.T.);
#1297=ORIENTED_EDGE('',*,*,#1203,.F.);
#1298=ORIENTED_EDGE('',*,*,#1253,.T.);
#1299=EDGE_LOOP('',(#1295,#1296,#1297,#1298));
#1300=FACE_OUTER_BOUND('',#1299,.F.);
#1301=ADVANCED_FACE('',(#1300),#1294,.F.);
#1302=CARTESIAN_POINT('',(2.341898962506E0,0.E0,0.E0));
#1303=DIRECTION('',(-1.E0,0.E0,0.E0));
#1304=DIRECTION('',(0.E0,0.E0,-1.E0));
#1305=AXIS2_PLACEMENT_3D('',#1302,#1303,#1304);
#1306=CONICAL_SURFACE('',#1305,5.955063711937E0,4.039722369778E1);
#1308=ORIENTED_EDGE('',*,*,#1307,.T.);
#1310=ORIENTED_EDGE('',*,*,#1309,.F.);
#1312=ORIENTED_EDGE('',*,*,#1311,.F.);
#1313=ORIENTED_EDGE('',*,*,#1284,.T.);
#1314=EDGE_LOOP('',(#1308,#1310,#1312,#1313));
#1315=FACE_OUTER_BOUND('',#1314,.F.);
#1316=ADVANCED_FACE('',(#1315),#1306,.F.);
#1317=CARTESIAN_POINT('',(2.341898962506E0,0.E0,0.E0));
#1318=DIRECTION('',(-1.E0,0.E0,0.E0));
#1319=DIRECTION('',(0.E0,0.E0,-1.E0));
#1320=AXIS2_PLACEMENT_3D('',#1317,#1318,#1319);
#1321=CONICAL_SURFACE('',#1320,5.955063711937E0,4.039722369778E1);
#1322=ORIENTED_EDGE('',*,*,#1269,.T.);
#1323=ORIENTED_EDGE('',*,*,#1311,.T.);
#1325=ORIENTED_EDGE('',*,*,#1324,.F.);
#1326=ORIENTED_EDGE('',*,*,#1307,.F.);
#1327=EDGE_LOOP('',(#1322,#1323,#1325,#1326));
#1328=FACE_OUTER_BOUND('',#1327,.F.);
#1329=ADVANCED_FACE('',(#1328),#1321,.F.);
#1330=CARTESIAN_POINT('',(2.275E0,0.E0,0.E0));
#1331=DIRECTION('',(1.E0,0.E0,0.E0));
#1332=DIRECTION('',(0.E0,0.E0,1.E0));
#1333=AXIS2_PLACEMENT_3D('',#1330,#1331,#1332);
#1334=TOROIDAL_SURFACE('',#1333,5.979166666667E0,2.5E-2);
#1336=ORIENTED_EDGE('',*,*,#1335,.F.);
#1338=ORIENTED_EDGE('',*,*,#1337,.T.);
#1340=ORIENTED_EDGE('',*,*,#1339,.T.);
#1341=ORIENTED_EDGE('',*,*,#1324,.T.);
#1343=ORIENTED_EDGE('',*,*,#1342,.F.);
#1345=ORIENTED_EDGE('',*,*,#1344,.F.);
#1346=EDGE_LOOP('',(#1336,#1338,#1340,#1341,#1343,#1345));
#1347=FACE_OUTER_BOUND('',#1346,.F.);
#1348=ADVANCED_FACE('',(#1347),#1334,.F.);
#1349=CARTESIAN_POINT('',(2.25E0,5.90625E0,0.E0));
#1350=DIRECTION('',(-1.E0,0.E0,0.E0));
#1351=DIRECTION('',(0.E0,0.E0,-1.E0));
#1352=AXIS2_PLACEMENT_3D('',#1349,#1350,#1351);
#1353=PLANE('',#1352);
#1354=ORIENTED_EDGE('',*,*,#1335,.T.);
#1356=ORIENTED_EDGE('',*,*,#1355,.T.);
#1357=EDGE_LOOP('',(#1354,#1356));
#1358=FACE_OUTER_BOUND('',#1357,.F.);
#1360=ORIENTED_EDGE('',*,*,#1359,.T.);
#1362=ORIENTED_EDGE('',*,*,#1361,.T.);
#1363=EDGE_LOOP('',(#1360,#1362));
#1364=FACE_BOUND('',#1363,.F.);
#1365=ADVANCED_FACE('',(#1358,#1364),#1353,.F.);
#1366=CARTESIAN_POINT('',(2.275E0,0.E0,0.E0));
#1367=DIRECTION('',(1.E0,0.E0,0.E0));
#1368=DIRECTION('',(0.E0,0.E0,1.E0));
#1369=AXIS2_PLACEMENT_3D('',#1366,#1367,#1368);
#1370=TOROIDAL_SURFACE('',#1369,5.979166666667E0,2.5E-2);
#1371=ORIENTED_EDGE('',*,*,#1342,.T.);
#1372=ORIENTED_EDGE('',*,*,#1309,.T.);
#1373=ORIENTED_EDGE('',*,*,#1339,.F.);
#1374=ORIENTED_EDGE('',*,*,#1337,.F.);
#1375=ORIENTED_EDGE('',*,*,#1355,.F.);
#1376=ORIENTED_EDGE('',*,*,#1344,.T.);
#1377=EDGE_LOOP('',(#1371,#1372,#1373,#1374,#1375,#1376));
#1378=FACE_OUTER_BOUND('',#1377,.F.);
#1379=ADVANCED_FACE('',(#1378),#1370,.F.);
#1380=CARTESIAN_POINT('',(2.413899886371E0,0.E0,0.E0));
#1381=DIRECTION('',(1.E0,0.E0,0.E0));
#1382=DIRECTION('',(0.E0,0.E0,1.E0));
#1383=AXIS2_PLACEMENT_3D('',#1380,#1381,#1382);
#1384=TOROIDAL_SURFACE('',#1383,5.90625E0,1.638998863712E-1);
#1386=ORIENTED_EDGE('',*,*,#1385,.T.);
#1388=ORIENTED_EDGE('',*,*,#1387,.T.);
#1389=ORIENTED_EDGE('',*,*,#1359,.F.);
#1391=ORIENTED_EDGE('',*,*,#1390,.F.);
#1392=EDGE_LOOP('',(#1386,#1388,#1389,#1391));
#1393=FACE_OUTER_BOUND('',#1392,.F.);
#1394=ADVANCED_FACE('',(#1393),#1384,.F.);
#1395=CARTESIAN_POINT('',(2.353536214272E0,0.E0,0.E0));
#1396=DIRECTION('',(-1.E0,0.E0,0.E0));
#1397=DIRECTION('',(0.E0,0.E0,-1.E0));
#1398=AXIS2_PLACEMENT_3D('',#1395,#1396,#1397);
#1399=CONICAL_SURFACE('',#1398,5.716164300407E0,5.235237935989E1);
#1401=ORIENTED_EDGE('',*,*,#1400,.T.);
#1402=ORIENTED_EDGE('',*,*,#1385,.F.);
#1404=ORIENTED_EDGE('',*,*,#1403,.F.);
#1406=ORIENTED_EDGE('',*,*,#1405,.F.);
#1407=EDGE_LOOP('',(#1401,#1402,#1404,#1406));
#1408=FACE_OUTER_BOUND('',#1407,.F.);
#1409=ADVANCED_FACE('',(#1408),#1399,.T.);
#1410=CARTESIAN_POINT('',(2.353536214272E0,0.E0,0.E0));
#1411=DIRECTION('',(-1.E0,0.E0,0.E0));
#1412=DIRECTION('',(0.E0,0.E0,-1.E0));
#1413=AXIS2_PLACEMENT_3D('',#1410,#1411,#1412);
#1414=CONICAL_SURFACE('',#1413,5.716164300407E0,5.235237935989E1);
#1416=ORIENTED_EDGE('',*,*,#1415,.F.);
#1417=ORIENTED_EDGE('',*,*,#1403,.T.);
#1419=ORIENTED_EDGE('',*,*,#1418,.F.);
#1420=ORIENTED_EDGE('',*,*,#1400,.F.);
#1421=EDGE_LOOP('',(#1416,#1417,#1419,#1420));
#1422=FACE_OUTER_BOUND('',#1421,.F.);
#1423=ADVANCED_FACE('',(#1422),#1414,.T.);
#1424=CARTESIAN_POINT('',(2.225E0,0.E0,0.E0));
#1425=DIRECTION('',(1.E0,0.E0,0.E0));
#1426=DIRECTION('',(0.E0,0.E0,1.E0));
#1427=AXIS2_PLACEMENT_3D('',#1424,#1425,#1426);
#1428=TOROIDAL_SURFACE('',#1427,5.473488353996E0,2.5E-1);
#1429=ORIENTED_EDGE('',*,*,#1415,.T.);
#1431=ORIENTED_EDGE('',*,*,#1430,.T.);
#1433=ORIENTED_EDGE('',*,*,#1432,.F.);
#1435=ORIENTED_EDGE('',*,*,#1434,.F.);
#1436=EDGE_LOOP('',(#1429,#1431,#1433,#1435));
#1437=FACE_OUTER_BOUND('',#1436,.F.);
#1438=ADVANCED_FACE('',(#1437),#1428,.T.);
#1439=CARTESIAN_POINT('',(2.225E0,0.E0,0.E0));
#1440=DIRECTION('',(1.E0,0.E0,0.E0));
#1441=DIRECTION('',(0.E0,0.E0,1.E0));
#1442=AXIS2_PLACEMENT_3D('',#1439,#1440,#1441);
#1443=TOROIDAL_SURFACE('',#1442,5.473488353996E0,2.5E-1);
#1444=ORIENTED_EDGE('',*,*,#1434,.T.);
#1446=ORIENTED_EDGE('',*,*,#1445,.F.);
#1447=ORIENTED_EDGE('',*,*,#1430,.F.);
#1448=ORIENTED_EDGE('',*,*,#1405,.T.);
#1449=EDGE_LOOP('',(#1444,#1446,#1447,#1448));
#1450=FACE_OUTER_BOUND('',#1449,.F.);
#1451=ADVANCED_FACE('',(#1450),#1443,.T.);
#1452=CARTESIAN_POINT('',(2.475E0,5.473488353996E0,0.E0));
#1453=DIRECTION('',(-1.E0,0.E0,0.E0));
#1454=DIRECTION('',(0.E0,0.E0,-1.E0));
#1455=AXIS2_PLACEMENT_3D('',#1452,#1453,#1454);
#1456=PLANE('',#1455);
#1457=ORIENTED_EDGE('',*,*,#1445,.T.);
#1458=ORIENTED_EDGE('',*,*,#1432,.T.);
#1459=EDGE_LOOP('',(#1457,#1458));
#1460=FACE_OUTER_BOUND('',#1459,.F.);
#1462=ORIENTED_EDGE('',*,*,#1461,.T.);
#1464=ORIENTED_EDGE('',*,*,#1463,.T.);
#1465=EDGE_LOOP('',(#1462,#1464));
#1466=FACE_BOUND('',#1465,.F.);
#1467=ADVANCED_FACE('',(#1460,#1466),#1456,.F.);
#1468=CARTESIAN_POINT('',(0.E0,0.E0,0.E0));
#1469=DIRECTION('',(1.E0,0.E0,0.E0));
#1470=DIRECTION('',(0.E0,0.E0,1.E0));
#1471=AXIS2_PLACEMENT_3D('',#1468,#1469,#1470);
#1472=CYLINDRICAL_SURFACE('',#1471,4.55E0);
#1474=ORIENTED_EDGE('',*,*,#1473,.F.);
#1476=ORIENTED_EDGE('',*,*,#1475,.T.);
#1477=ORIENTED_EDGE('',*,*,#1461,.F.);
#1479=ORIENTED_EDGE('',*,*,#1478,.F.);
#1480=EDGE_LOOP('',(#1474,#1476,#1477,#1479));
#1481=FACE_OUTER_BOUND('',#1480,.F.);
#1482=ADVANCED_FACE('',(#1481),#1472,.F.);
#1483=CARTESIAN_POINT('',(2.425E0,5.473488353996E0,0.E0));
#1484=DIRECTION('',(-1.E0,0.E0,0.E0));
#1485=DIRECTION('',(0.E0,0.E0,-1.E0));
#1486=AXIS2_PLACEMENT_3D('',#1483,#1484,#1485);
#1487=PLANE('',#1486);
#1489=ORIENTED_EDGE('',*,*,#1488,.T.);
#1491=ORIENTED_EDGE('',*,*,#1490,.T.);
#1492=EDGE_LOOP('',(#1489,#1491));
#1493=FACE_OUTER_BOUND('',#1492,.F.);
#1494=ORIENTED_EDGE('',*,*,#1473,.T.);
#1496=ORIENTED_EDGE('',*,*,#1495,.T.);
#1497=EDGE_LOOP('',(#1494,#1496));
#1498=FACE_BOUND('',#1497,.F.);
#1499=ADVANCED_FACE('',(#1493,#1498),#1487,.T.);
#1500=CARTESIAN_POINT('',(2.225E0,0.E0,0.E0));
#1501=DIRECTION('',(1.E0,0.E0,0.E0));
#1502=DIRECTION('',(0.E0,0.E0,1.E0));
#1503=AXIS2_PLACEMENT_3D('',#1500,#1501,#1502);
#1504=TOROIDAL_SURFACE('',#1503,5.473488353996E0,2.E-1);
#1506=ORIENTED_EDGE('',*,*,#1505,.T.);
#1508=ORIENTED_EDGE('',*,*,#1507,.T.);
#1509=ORIENTED_EDGE('',*,*,#1488,.F.);
#1511=ORIENTED_EDGE('',*,*,#1510,.F.);
#1512=EDGE_LOOP('',(#1506,#1508,#1509,#1511));
#1513=FACE_OUTER_BOUND('',#1512,.F.);
#1514=ADVANCED_FACE('',(#1513),#1504,.F.);
#1515=CARTESIAN_POINT('',(2.313947101494E0,0.E0,0.E0));
#1516=DIRECTION('',(-1.E0,0.E0,0.E0));
#1517=DIRECTION('',(0.E0,0.E0,-1.E0));
#1518=AXIS2_PLACEMENT_3D('',#1515,#1516,#1517);
#1519=CONICAL_SURFACE('',#1518,5.685624127693E0,5.235237935989E1);
#1520=ORIENTED_EDGE('',*,*,#1505,.F.);
#1522=ORIENTED_EDGE('',*,*,#1521,.T.);
#1524=ORIENTED_EDGE('',*,*,#1523,.F.);
#1526=ORIENTED_EDGE('',*,*,#1525,.F.);
#1527=EDGE_LOOP('',(#1520,#1522,#1524,#1526));
#1528=FACE_OUTER_BOUND('',#1527,.F.);
#1529=ADVANCED_FACE('',(#1528),#1519,.F.);
#1530=CARTESIAN_POINT('',(2.313947101494E0,0.E0,0.E0));
#1531=DIRECTION('',(-1.E0,0.E0,0.E0));
#1532=DIRECTION('',(0.E0,0.E0,-1.E0));
#1533=AXIS2_PLACEMENT_3D('',#1530,#1531,#1532);
#1534=CONICAL_SURFACE('',#1533,5.685624127693E0,5.235237935989E1);
#1535=ORIENTED_EDGE('',*,*,#1525,.T.);
#1537=ORIENTED_EDGE('',*,*,#1536,.F.);
#1538=ORIENTED_EDGE('',*,*,#1521,.F.);
#1540=ORIENTED_EDGE('',*,*,#1539,.F.);
#1541=EDGE_LOOP('',(#1535,#1537,#1538,#1540));
#1542=FACE_OUTER_BOUND('',#1541,.F.);
#1543=ADVANCED_FACE('',(#1542),#1534,.F.);
#1544=CARTESIAN_POINT('',(2.413899886371E0,0.E0,0.E0));
#1545=DIRECTION('',(1.E0,0.E0,0.E0));
#1546=DIRECTION('',(0.E0,0.E0,1.E0));
#1547=AXIS2_PLACEMENT_3D('',#1544,#1545,#1546);
#1548=TOROIDAL_SURFACE('',#1547,5.90625E0,2.138998863712E-1);
#1550=ORIENTED_EDGE('',*,*,#1549,.T.);
#1552=ORIENTED_EDGE('',*,*,#1551,.F.);
#1553=ORIENTED_EDGE('',*,*,#1536,.T.);
#1555=ORIENTED_EDGE('',*,*,#1554,.T.);
#1556=EDGE_LOOP('',(#1550,#1552,#1553,#1555));
#1557=FACE_OUTER_BOUND('',#1556,.F.);
#1558=ADVANCED_FACE('',(#1557),#1548,.T.);
#1559=CARTESIAN_POINT('',(2.2E0,5.833333333333E0,0.E0));
#1560=DIRECTION('',(-1.E0,0.E0,0.E0));
#1561=DIRECTION('',(0.E0,0.E0,1.E0));
#1562=AXIS2_PLACEMENT_3D('',#1559,#1560,#1561);
#1563=PLANE('',#1562);
#1564=ORIENTED_EDGE('',*,*,#1549,.F.);
#1566=ORIENTED_EDGE('',*,*,#1565,.F.);
#1567=EDGE_LOOP('',(#1564,#1566));
#1568=FACE_OUTER_BOUND('',#1567,.F.);
#1570=ORIENTED_EDGE('',*,*,#1569,.T.);
#1572=ORIENTED_EDGE('',*,*,#1571,.T.);
#1573=EDGE_LOOP('',(#1570,#1572));
#1574=FACE_BOUND('',#1573,.F.);
#1575=ADVANCED_FACE('',(#1568,#1574),#1563,.F.);
#1576=CARTESIAN_POINT('',(2.413899886371E0,0.E0,0.E0));
#1577=DIRECTION('',(1.E0,0.E0,0.E0));
#1578=DIRECTION('',(0.E0,0.E0,1.E0));
#1579=AXIS2_PLACEMENT_3D('',#1576,#1577,#1578);
#1580=TOROIDAL_SURFACE('',#1579,5.90625E0,2.138998863712E-1);
#1581=ORIENTED_EDGE('',*,*,#1565,.T.);
#1582=ORIENTED_EDGE('',*,*,#1554,.F.);
#1583=ORIENTED_EDGE('',*,*,#1523,.T.);
#1584=ORIENTED_EDGE('',*,*,#1551,.T.);
#1585=EDGE_LOOP('',(#1581,#1582,#1583,#1584));
#1586=FACE_OUTER_BOUND('',#1585,.F.);
#1587=ADVANCED_FACE('',(#1586),#1580,.T.);
#1588=CARTESIAN_POINT('',(0.E0,0.E0,0.E0));
#1589=DIRECTION('',(-1.E0,0.E0,0.E0));
#1590=DIRECTION('',(0.E0,0.E0,1.E0));
#1591=AXIS2_PLACEMENT_3D('',#1588,#1589,#1590);
#1592=CYLINDRICAL_SURFACE('',#1591,5.833333333333E0);
#1594=ORIENTED_EDGE('',*,*,#1593,.T.);
#1596=ORIENTED_EDGE('',*,*,#1595,.F.);
#1598=ORIENTED_EDGE('',*,*,#1597,.F.);
#1599=ORIENTED_EDGE('',*,*,#1569,.F.);
#1600=EDGE_LOOP('',(#1594,#1596,#1598,#1599));
#1601=FACE_OUTER_BOUND('',#1600,.F.);
#1602=ADVANCED_FACE('',(#1601),#1592,.F.);
#1603=CARTESIAN_POINT('',(0.E0,0.E0,0.E0));
#1604=DIRECTION('',(-1.E0,0.E0,0.E0));
#1605=DIRECTION('',(0.E0,0.E0,1.E0));
#1606=AXIS2_PLACEMENT_3D('',#1603,#1604,#1605);
#1607=CYLINDRICAL_SURFACE('',#1606,5.833333333333E0);
#1608=ORIENTED_EDGE('',*,*,#1571,.F.);
#1609=ORIENTED_EDGE('',*,*,#1597,.T.);
#1611=ORIENTED_EDGE('',*,*,#1610,.F.);
#1612=ORIENTED_EDGE('',*,*,#1593,.F.);
#1613=EDGE_LOOP('',(#1608,#1609,#1611,#1612));
#1614=FACE_OUTER_BOUND('',#1613,.F.);
#1615=ADVANCED_FACE('',(#1614),#1607,.F.);
#1616=CARTESIAN_POINT('',(0.E0,0.E0,0.E0));
#1617=DIRECTION('',(-1.E0,0.E0,0.E0));
#1618=DIRECTION('',(0.E0,0.E0,1.E0));
#1619=AXIS2_PLACEMENT_3D('',#1616,#1617,#1618);
#1620=TOROIDAL_SURFACE('',#1619,5.25E0,9.333333333333E-1);
#1621=ORIENTED_EDGE('',*,*,#1610,.T.);
#1623=ORIENTED_EDGE('',*,*,#1622,.T.);
#1625=ORIENTED_EDGE('',*,*,#1624,.T.);
#1627=ORIENTED_EDGE('',*,*,#1626,.T.);
#1628=EDGE_LOOP('',(#1621,#1623,#1625,#1627));
#1629=FACE_OUTER_BOUND('',#1628,.F.);
#1630=ADVANCED_FACE('',(#1629),#1620,.F.);
#1631=CARTESIAN_POINT('',(0.E0,0.E0,0.E0));
#1632=DIRECTION('',(-1.E0,0.E0,0.E0));
#1633=DIRECTION('',(0.E0,0.E0,1.E0));
#1634=AXIS2_PLACEMENT_3D('',#1631,#1632,#1633);
#1635=TOROIDAL_SURFACE('',#1634,5.25E0,9.333333333333E-1);
#1636=ORIENTED_EDGE('',*,*,#1626,.F.);
#1638=ORIENTED_EDGE('',*,*,#1637,.T.);
#1639=ORIENTED_EDGE('',*,*,#1622,.F.);
#1640=ORIENTED_EDGE('',*,*,#1595,.T.);
#1641=EDGE_LOOP('',(#1636,#1638,#1639,#1640));
#1642=FACE_OUTER_BOUND('',#1641,.F.);
#1643=ADVANCED_FACE('',(#1642),#1635,.F.);
#1644=CARTESIAN_POINT('',(0.E0,0.E0,0.E0));
#1645=DIRECTION('',(-1.E0,0.E0,0.E0));
#1646=DIRECTION('',(0.E0,0.E0,1.E0));
#1647=AXIS2_PLACEMENT_3D('',#1644,#1645,#1646);
#1648=CYLINDRICAL_SURFACE('',#1647,5.833333333333E0);
#1650=ORIENTED_EDGE('',*,*,#1649,.T.);
#1652=ORIENTED_EDGE('',*,*,#1651,.F.);
#1654=ORIENTED_EDGE('',*,*,#1653,.F.);
#1655=ORIENTED_EDGE('',*,*,#1637,.F.);
#1656=EDGE_LOOP('',(#1650,#1652,#1654,#1655));
#1657=FACE_OUTER_BOUND('',#1656,.F.);
#1658=ADVANCED_FACE('',(#1657),#1648,.F.);
#1659=CARTESIAN_POINT('',(0.E0,0.E0,0.E0));
#1660=DIRECTION('',(-1.E0,0.E0,0.E0));
#1661=DIRECTION('',(0.E0,0.E0,1.E0));
#1662=AXIS2_PLACEMENT_3D('',#1659,#1660,#1661);
#1663=CYLINDRICAL_SURFACE('',#1662,5.833333333333E0);
#1664=ORIENTED_EDGE('',*,*,#1624,.F.);
#1665=ORIENTED_EDGE('',*,*,#1653,.T.);
#1667=ORIENTED_EDGE('',*,*,#1666,.F.);
#1668=ORIENTED_EDGE('',*,*,#1649,.F.);
#1669=EDGE_LOOP('',(#1664,#1665,#1667,#1668));
#1670=FACE_OUTER_BOUND('',#1669,.F.);
#1671=ADVANCED_FACE('',(#1670),#1663,.F.);
#1672=CARTESIAN_POINT('',(-2.2E0,5.833333333333E0,0.E0));
#1673=DIRECTION('',(1.E0,0.E0,0.E0));
#1674=DIRECTION('',(0.E0,0.E0,-1.E0));
#1675=AXIS2_PLACEMENT_3D('',#1672,#1673,#1674);
#1676=PLANE('',#1675);
#1678=ORIENTED_EDGE('',*,*,#1677,.F.);
#1680=ORIENTED_EDGE('',*,*,#1679,.F.);
#1681=EDGE_LOOP('',(#1678,#1680));
#1682=FACE_OUTER_BOUND('',#1681,.F.);
#1683=ORIENTED_EDGE('',*,*,#1651,.T.);
#1684=ORIENTED_EDGE('',*,*,#1666,.T.);
#1685=EDGE_LOOP('',(#1683,#1684));
#1686=FACE_BOUND('',#1685,.F.);
#1687=ADVANCED_FACE('',(#1682,#1686),#1676,.F.);
#1688=CARTESIAN_POINT('',(-2.413899886371E0,0.E0,0.E0));
#1689=DIRECTION('',(-1.E0,0.E0,0.E0));
#1690=DIRECTION('',(0.E0,0.E0,1.E0));
#1691=AXIS2_PLACEMENT_3D('',#1688,#1689,#1690);
#1692=TOROIDAL_SURFACE('',#1691,5.90625E0,2.138998863712E-1);
#1693=ORIENTED_EDGE('',*,*,#1677,.T.);
#1695=ORIENTED_EDGE('',*,*,#1694,.F.);
#1697=ORIENTED_EDGE('',*,*,#1696,.T.);
#1699=ORIENTED_EDGE('',*,*,#1698,.T.);
#1700=EDGE_LOOP('',(#1693,#1695,#1697,#1699));
#1701=FACE_OUTER_BOUND('',#1700,.F.);
#1702=ADVANCED_FACE('',(#1701),#1692,.T.);
#1703=CARTESIAN_POINT('',(-2.413899886371E0,0.E0,0.E0));
#1704=DIRECTION('',(-1.E0,0.E0,0.E0));
#1705=DIRECTION('',(0.E0,0.E0,1.E0));
#1706=AXIS2_PLACEMENT_3D('',#1703,#1704,#1705);
#1707=TOROIDAL_SURFACE('',#1706,5.90625E0,2.138998863712E-1);
#1708=ORIENTED_EDGE('',*,*,#1679,.T.);
#1709=ORIENTED_EDGE('',*,*,#1698,.F.);
#1711=ORIENTED_EDGE('',*,*,#1710,.T.);
#1712=ORIENTED_EDGE('',*,*,#1694,.T.);
#1713=EDGE_LOOP('',(#1708,#1709,#1711,#1712));
#1714=FACE_OUTER_BOUND('',#1713,.F.);
#1715=ADVANCED_FACE('',(#1714),#1707,.T.);
#1716=CARTESIAN_POINT('',(-2.313947101494E0,0.E0,0.E0));
#1717=DIRECTION('',(1.E0,0.E0,0.E0));
#1718=DIRECTION('',(0.E0,0.E0,-1.E0));
#1719=AXIS2_PLACEMENT_3D('',#1716,#1717,#1718);
#1720=CONICAL_SURFACE('',#1719,5.685624127693E0,5.235237935989E1);
#1722=ORIENTED_EDGE('',*,*,#1721,.F.);
#1724=ORIENTED_EDGE('',*,*,#1723,.T.);
#1725=ORIENTED_EDGE('',*,*,#1710,.F.);
#1727=ORIENTED_EDGE('',*,*,#1726,.F.);
#1728=EDGE_LOOP('',(#1722,#1724,#1725,#1727));
#1729=FACE_OUTER_BOUND('',#1728,.F.);
#1730=ADVANCED_FACE('',(#1729),#1720,.F.);
#1731=CARTESIAN_POINT('',(-2.225E0,0.E0,0.E0));
#1732=DIRECTION('',(-1.E0,0.E0,0.E0));
#1733=DIRECTION('',(0.E0,0.E0,1.E0));
#1734=AXIS2_PLACEMENT_3D('',#1731,#1732,#1733);
#1735=TOROIDAL_SURFACE('',#1734,5.473488353996E0,2.E-1);
#1736=ORIENTED_EDGE('',*,*,#1721,.T.);
#1738=ORIENTED_EDGE('',*,*,#1737,.T.);
#1740=ORIENTED_EDGE('',*,*,#1739,.F.);
#1742=ORIENTED_EDGE('',*,*,#1741,.F.);
#1743=EDGE_LOOP('',(#1736,#1738,#1740,#1742));
#1744=FACE_OUTER_BOUND('',#1743,.F.);
#1745=ADVANCED_FACE('',(#1744),#1735,.F.);
#1746=CARTESIAN_POINT('',(-2.225E0,0.E0,0.E0));
#1747=DIRECTION('',(-1.E0,0.E0,0.E0));
#1748=DIRECTION('',(0.E0,0.E0,1.E0));
#1749=AXIS2_PLACEMENT_3D('',#1746,#1747,#1748);
#1750=TOROIDAL_SURFACE('',#1749,5.473488353996E0,2.E-1);
#1751=ORIENTED_EDGE('',*,*,#1741,.T.);
#1753=ORIENTED_EDGE('',*,*,#1752,.F.);
#1754=ORIENTED_EDGE('',*,*,#1737,.F.);
#1756=ORIENTED_EDGE('',*,*,#1755,.T.);
#1757=EDGE_LOOP('',(#1751,#1753,#1754,#1756));
#1758=FACE_OUTER_BOUND('',#1757,.F.);
#1759=ADVANCED_FACE('',(#1758),#1750,.F.);
#1760=CARTESIAN_POINT('',(-2.425E0,5.473488353996E0,0.E0));
#1761=DIRECTION('',(1.E0,0.E0,0.E0));
#1762=DIRECTION('',(0.E0,0.E0,-1.E0));
#1763=AXIS2_PLACEMENT_3D('',#1760,#1761,#1762);
#1764=PLANE('',#1763);
#1765=ORIENTED_EDGE('',*,*,#1752,.T.);
#1766=ORIENTED_EDGE('',*,*,#1739,.T.);
#1767=EDGE_LOOP('',(#1765,#1766));
#1768=FACE_OUTER_BOUND('',#1767,.F.);
#1770=ORIENTED_EDGE('',*,*,#1769,.T.);
#1772=ORIENTED_EDGE('',*,*,#1771,.T.);
#1773=EDGE_LOOP('',(#1770,#1772));
#1774=FACE_BOUND('',#1773,.F.);
#1775=ADVANCED_FACE('',(#1768,#1774),#1764,.T.);
#1776=CARTESIAN_POINT('',(0.E0,0.E0,0.E0));
#1777=DIRECTION('',(-1.E0,0.E0,0.E0));
#1778=DIRECTION('',(0.E0,0.E0,1.E0));
#1779=AXIS2_PLACEMENT_3D('',#1776,#1777,#1778);
#1780=CYLINDRICAL_SURFACE('',#1779,4.55E0);
#1782=ORIENTED_EDGE('',*,*,#1781,.T.);
#1784=ORIENTED_EDGE('',*,*,#1783,.F.);
#1786=ORIENTED_EDGE('',*,*,#1785,.F.);
#1787=ORIENTED_EDGE('',*,*,#1769,.F.);
#1788=EDGE_LOOP('',(#1782,#1784,#1786,#1787));
#1789=FACE_OUTER_BOUND('',#1788,.F.);
#1790=ADVANCED_FACE('',(#1789),#1780,.F.);
#1791=CARTESIAN_POINT('',(0.E0,0.E0,0.E0));
#1792=DIRECTION('',(-1.E0,0.E0,0.E0));
#1793=DIRECTION('',(0.E0,0.E0,1.E0));
#1794=AXIS2_PLACEMENT_3D('',#1791,#1792,#1793);
#1795=CYLINDRICAL_SURFACE('',#1794,4.55E0);
#1796=ORIENTED_EDGE('',*,*,#1771,.F.);
#1797=ORIENTED_EDGE('',*,*,#1785,.T.);
#1799=ORIENTED_EDGE('',*,*,#1798,.F.);
#1800=ORIENTED_EDGE('',*,*,#1781,.F.);
#1801=EDGE_LOOP('',(#1796,#1797,#1799,#1800));
#1802=FACE_OUTER_BOUND('',#1801,.F.);
#1803=ADVANCED_FACE('',(#1802),#1795,.F.);
#1804=CARTESIAN_POINT('',(-2.475E0,5.473488353996E0,0.E0));
#1805=DIRECTION('',(1.E0,0.E0,0.E0));
#1806=DIRECTION('',(0.E0,0.E0,-1.E0));
#1807=AXIS2_PLACEMENT_3D('',#1804,#1805,#1806);
#1808=PLANE('',#1807);
#1810=ORIENTED_EDGE('',*,*,#1809,.T.);
#1812=ORIENTED_EDGE('',*,*,#1811,.T.);
#1813=EDGE_LOOP('',(#1810,#1812));
#1814=FACE_OUTER_BOUND('',#1813,.F.);
#1815=ORIENTED_EDGE('',*,*,#1783,.T.);
#1816=ORIENTED_EDGE('',*,*,#1798,.T.);
#1817=EDGE_LOOP('',(#1815,#1816));
#1818=FACE_BOUND('',#1817,.F.);
#1819=ADVANCED_FACE('',(#1814,#1818),#1808,.F.);
#1820=CARTESIAN_POINT('',(-2.225E0,0.E0,0.E0));
#1821=DIRECTION('',(-1.E0,0.E0,0.E0));
#1822=DIRECTION('',(0.E0,0.E0,1.E0));
#1823=AXIS2_PLACEMENT_3D('',#1820,#1821,#1822);
#1824=TOROIDAL_SURFACE('',#1823,5.473488353996E0,2.5E-1);
#1826=ORIENTED_EDGE('',*,*,#1825,.T.);
#1828=ORIENTED_EDGE('',*,*,#1827,.T.);
#1829=ORIENTED_EDGE('',*,*,#1809,.F.);
#1831=ORIENTED_EDGE('',*,*,#1830,.F.);
#1832=EDGE_LOOP('',(#1826,#1828,#1829,#1831));
#1833=FACE_OUTER_BOUND('',#1832,.F.);
#1834=ADVANCED_FACE('',(#1833),#1824,.T.);
#1835=CARTESIAN_POINT('',(-2.353536214272E0,0.E0,0.E0));
#1836=DIRECTION('',(1.E0,0.E0,0.E0));
#1837=DIRECTION('',(0.E0,0.E0,-1.E0));
#1838=AXIS2_PLACEMENT_3D('',#1835,#1836,#1837);
#1839=CONICAL_SURFACE('',#1838,5.716164300407E0,5.235237935989E1);
#1840=ORIENTED_EDGE('',*,*,#1825,.F.);
#1842=ORIENTED_EDGE('',*,*,#1841,.T.);
#1844=ORIENTED_EDGE('',*,*,#1843,.F.);
#1846=ORIENTED_EDGE('',*,*,#1845,.F.);
#1847=EDGE_LOOP('',(#1840,#1842,#1844,#1846));
#1848=FACE_OUTER_BOUND('',#1847,.F.);
#1849=ADVANCED_FACE('',(#1848),#1839,.T.);
#1850=CARTESIAN_POINT('',(-2.353536214272E0,0.E0,0.E0));
#1851=DIRECTION('',(1.E0,0.E0,0.E0));
#1852=DIRECTION('',(0.E0,0.E0,-1.E0));
#1853=AXIS2_PLACEMENT_3D('',#1850,#1851,#1852);
#1854=CONICAL_SURFACE('',#1853,5.716164300407E0,5.235237935989E1);
#1855=ORIENTED_EDGE('',*,*,#1845,.T.);
#1857=ORIENTED_EDGE('',*,*,#1856,.F.);
#1858=ORIENTED_EDGE('',*,*,#1841,.F.);
#1860=ORIENTED_EDGE('',*,*,#1859,.F.);
#1861=EDGE_LOOP('',(#1855,#1857,#1858,#1860));
#1862=FACE_OUTER_BOUND('',#1861,.F.);
#1863=ADVANCED_FACE('',(#1862),#1854,.T.);
#1864=CARTESIAN_POINT('',(-2.413899886371E0,0.E0,0.E0));
#1865=DIRECTION('',(-1.E0,0.E0,0.E0));
#1866=DIRECTION('',(0.E0,0.E0,1.E0));
#1867=AXIS2_PLACEMENT_3D('',#1864,#1865,#1866);
#1868=TOROIDAL_SURFACE('',#1867,5.90625E0,1.638998863712E-1);
#1869=ORIENTED_EDGE('',*,*,#1856,.T.);
#1871=ORIENTED_EDGE('',*,*,#1870,.T.);
#1872=ORIENTED_EDGE('',*,*,#1028,.F.);
#1874=ORIENTED_EDGE('',*,*,#1873,.F.);
#1875=EDGE_LOOP('',(#1869,#1871,#1872,#1874));
#1876=FACE_OUTER_BOUND('',#1875,.F.);
#1877=ADVANCED_FACE('',(#1876),#1868,.F.);
#1878=CARTESIAN_POINT('',(-2.413899886371E0,0.E0,0.E0));
#1879=DIRECTION('',(-1.E0,0.E0,0.E0));
#1880=DIRECTION('',(0.E0,0.E0,1.E0));
#1881=AXIS2_PLACEMENT_3D('',#1878,#1879,#1880);
#1882=TOROIDAL_SURFACE('',#1881,5.90625E0,1.638998863712E-1);
#1883=ORIENTED_EDGE('',*,*,#1873,.T.);
#1884=ORIENTED_EDGE('',*,*,#1026,.F.);
#1885=ORIENTED_EDGE('',*,*,#1870,.F.);
#1886=ORIENTED_EDGE('',*,*,#1843,.T.);
#1887=EDGE_LOOP('',(#1883,#1884,#1885,#1886));
#1888=FACE_OUTER_BOUND('',#1887,.F.);
#1889=ADVANCED_FACE('',(#1888),#1882,.F.);
#1890=CARTESIAN_POINT('',(-2.225E0,0.E0,0.E0));
#1891=DIRECTION('',(-1.E0,0.E0,0.E0));
#1892=DIRECTION('',(0.E0,0.E0,1.E0));
#1893=AXIS2_PLACEMENT_3D('',#1890,#1891,#1892);
#1894=TOROIDAL_SURFACE('',#1893,5.473488353996E0,2.5E-1);
#1895=ORIENTED_EDGE('',*,*,#1830,.T.);
#1896=ORIENTED_EDGE('',*,*,#1811,.F.);
#1897=ORIENTED_EDGE('',*,*,#1827,.F.);
#1898=ORIENTED_EDGE('',*,*,#1859,.T.);
#1899=EDGE_LOOP('',(#1895,#1896,#1897,#1898));
#1900=FACE_OUTER_BOUND('',#1899,.F.);
#1901=ADVANCED_FACE('',(#1900),#1894,.T.);
#1902=CARTESIAN_POINT('',(-2.313947101494E0,0.E0,0.E0));
#1903=DIRECTION('',(1.E0,0.E0,0.E0));
#1904=DIRECTION('',(0.E0,0.E0,-1.E0));
#1905=AXIS2_PLACEMENT_3D('',#1902,#1903,#1904);
#1906=CONICAL_SURFACE('',#1905,5.685624127693E0,5.235237935989E1);
#1907=ORIENTED_EDGE('',*,*,#1726,.T.);
#1908=ORIENTED_EDGE('',*,*,#1696,.F.);
#1909=ORIENTED_EDGE('',*,*,#1723,.F.);
#1910=ORIENTED_EDGE('',*,*,#1755,.F.);
#1911=EDGE_LOOP('',(#1907,#1908,#1909,#1910));
#1912=FACE_OUTER_BOUND('',#1911,.F.);
#1913=ADVANCED_FACE('',(#1912),#1906,.F.);
#1914=CARTESIAN_POINT('',(2.225E0,0.E0,0.E0));
#1915=DIRECTION('',(1.E0,0.E0,0.E0));
#1916=DIRECTION('',(0.E0,0.E0,1.E0));
#1917=AXIS2_PLACEMENT_3D('',#1914,#1915,#1916);
#1918=TOROIDAL_SURFACE('',#1917,5.473488353996E0,2.E-1);
#1919=ORIENTED_EDGE('',*,*,#1510,.T.);
#1920=ORIENTED_EDGE('',*,*,#1490,.F.);
#1921=ORIENTED_EDGE('',*,*,#1507,.F.);
#1922=ORIENTED_EDGE('',*,*,#1539,.T.);
#1923=EDGE_LOOP('',(#1919,#1920,#1921,#1922));
#1924=FACE_OUTER_BOUND('',#1923,.F.);
#1925=ADVANCED_FACE('',(#1924),#1918,.F.);
#1926=CARTESIAN_POINT('',(0.E0,0.E0,0.E0));
#1927=DIRECTION('',(1.E0,0.E0,0.E0));
#1928=DIRECTION('',(0.E0,0.E0,1.E0));
#1929=AXIS2_PLACEMENT_3D('',#1926,#1927,#1928);
#1930=CYLINDRICAL_SURFACE('',#1929,4.55E0);
#1931=ORIENTED_EDGE('',*,*,#1478,.T.);
#1932=ORIENTED_EDGE('',*,*,#1463,.F.);
#1933=ORIENTED_EDGE('',*,*,#1475,.F.);
#1934=ORIENTED_EDGE('',*,*,#1495,.F.);
#1935=EDGE_LOOP('',(#1931,#1932,#1933,#1934));
#1936=FACE_OUTER_BOUND('',#1935,.F.);
#1937=ADVANCED_FACE('',(#1936),#1930,.F.);
#1938=CARTESIAN_POINT('',(2.413899886371E0,0.E0,0.E0));
#1939=DIRECTION('',(1.E0,0.E0,0.E0));
#1940=DIRECTION('',(0.E0,0.E0,1.E0));
#1941=AXIS2_PLACEMENT_3D('',#1938,#1939,#1940);
#1942=TOROIDAL_SURFACE('',#1941,5.90625E0,1.638998863712E-1);
#1943=ORIENTED_EDGE('',*,*,#1390,.T.);
#1944=ORIENTED_EDGE('',*,*,#1361,.F.);
#1945=ORIENTED_EDGE('',*,*,#1387,.F.);
#1946=ORIENTED_EDGE('',*,*,#1418,.T.);
#1947=EDGE_LOOP('',(#1943,#1944,#1945,#1946));
#1948=FACE_OUTER_BOUND('',#1947,.F.);
#1949=ADVANCED_FACE('',(#1948),#1942,.F.);
#1950=CLOSED_SHELL('',(#1015,#1032,#1045,#1060,#1073,#1088,#1103,#1117,#1129,
#1145,#1160,#1175,#1190,#1207,#1220,#1233,#1245,#1260,#1275,#1289,#1301,#1316,
#1329,#1348,#1365,#1379,#1394,#1409,#1423,#1438,#1451,#1467,#1482,#1499,#1514,
#1529,#1543,#1558,#1575,#1587,#1602,#1615,#1630,#1643,#1658,#1671,#1687,#1702,
#1715,#1730,#1745,#1759,#1775,#1790,#1803,#1819,#1834,#1849,#1863,#1877,#1889,
#1901,#1913,#1925,#1937,#1949));
#1951=MANIFOLD_SOLID_BREP('',#1950);
#1952=DIRECTION('',(-1.E0,0.E0,-4.406434684139E-14));
#1953=VECTOR('',#1952,1.471416900187E0);
#1954=CARTESIAN_POINT('',(-7.285830998132E-1,0.E0,-4.666666666667E0));
#1955=LINE('',#1954,#1953);
#1956=DIRECTION('',(-1.E0,0.E0,4.406434684139E-14));
#1957=VECTOR('',#1956,1.471416900187E0);
#1958=CARTESIAN_POINT('',(-7.285830998132E-1,0.E0,4.666666666667E0));
#1959=LINE('',#1958,#1957);
#1960=CARTESIAN_POINT('',(-7.285830998134E-1,0.E0,0.E0));
#1961=DIRECTION('',(-1.E0,0.E0,0.E0));
#1962=DIRECTION('',(0.E0,0.E0,1.E0));
#1963=AXIS2_PLACEMENT_3D('',#1960,#1961,#1962);
#1965=CARTESIAN_POINT('',(0.E0,0.E0,-5.25E0));
#1966=DIRECTION('',(0.E0,1.E0,0.E0));
#1967=DIRECTION('',(-7.806247498E-1,0.E0,6.249999999998E-1));
#1968=AXIS2_PLACEMENT_3D('',#1965,#1966,#1967);
#1970=CARTESIAN_POINT('',(-7.285830998134E-1,0.E0,0.E0));
#1971=DIRECTION('',(-1.E0,0.E0,0.E0));
#1972=DIRECTION('',(0.E0,0.E0,-1.E0));
#1973=AXIS2_PLACEMENT_3D('',#1970,#1971,#1972);
#1975=CARTESIAN_POINT('',(0.E0,0.E0,5.25E0));
#1976=DIRECTION('',(0.E0,-1.E0,0.E0));
#1977=DIRECTION('',(-7.806247498E-1,0.E0,-6.249999999998E-1));
#1978=AXIS2_PLACEMENT_3D('',#1975,#1976,#1977);
#1980=CARTESIAN_POINT('',(0.E0,0.E0,0.E0));
#1981=DIRECTION('',(-1.E0,0.E0,0.E0));
#1982=DIRECTION('',(0.E0,0.E0,-1.E0));
#1983=AXIS2_PLACEMENT_3D('',#1980,#1981,#1982);
#1985=CARTESIAN_POINT('',(0.E0,0.E0,5.25E0));
#1986=DIRECTION('',(0.E0,-1.E0,0.E0));
#1987=DIRECTION('',(0.E0,0.E0,-1.E0));
#1988=AXIS2_PLACEMENT_3D('',#1985,#1986,#1987);
#1990=CARTESIAN_POINT('',(7.285830998134E-1,0.E0,0.E0));
#1991=DIRECTION('',(1.E0,0.E0,0.E0));
#1992=DIRECTION('',(0.E0,0.E0,1.E0));
#1993=AXIS2_PLACEMENT_3D('',#1990,#1991,#1992);
#1995=CARTESIAN_POINT('',(0.E0,0.E0,0.E0));
#1996=DIRECTION('',(-1.E0,0.E0,0.E0));
#1997=DIRECTION('',(0.E0,0.E0,1.E0));
#1998=AXIS2_PLACEMENT_3D('',#1995,#1996,#1997);
#2000=CARTESIAN_POINT('',(0.E0,0.E0,-5.25E0));
#2001=DIRECTION('',(0.E0,1.E0,0.E0));
#2002=DIRECTION('',(0.E0,0.E0,1.E0));
#2003=AXIS2_PLACEMENT_3D('',#2000,#2001,#2002);
#2005=CARTESIAN_POINT('',(7.285830998134E-1,0.E0,0.E0));
#2006=DIRECTION('',(1.E0,0.E0,0.E0));
#2007=DIRECTION('',(0.E0,0.E0,-1.E0));
#2008=AXIS2_PLACEMENT_3D('',#2005,#2006,#2007);
#2010=DIRECTION('',(-1.E0,0.E0,-4.406434684139E-14));
#2011=VECTOR('',#2010,1.471416900187E0);
#2012=CARTESIAN_POINT('',(2.2E0,0.E0,4.666666666667E0));
#2013=LINE('',#2012,#2011);
#2014=CARTESIAN_POINT('',(2.2E0,0.E0,0.E0));
#2015=DIRECTION('',(-1.E0,0.E0,0.E0));
#2016=DIRECTION('',(0.E0,0.E0,1.E0));
#2017=AXIS2_PLACEMENT_3D('',#2014,#2015,#2016);
#2019=CARTESIAN_POINT('',(2.2E0,0.E0,0.E0));
#2020=DIRECTION('',(-1.E0,0.E0,0.E0));
#2021=DIRECTION('',(0.E0,0.E0,-1.E0));
#2022=AXIS2_PLACEMENT_3D('',#2019,#2020,#2021);
#2024=CARTESIAN_POINT('',(2.2E0,0.E0,0.E0));
#2025=DIRECTION('',(1.E0,0.E0,0.E0));
#2026=DIRECTION('',(0.E0,0.E0,-1.E0));
#2027=AXIS2_PLACEMENT_3D('',#2024,#2025,#2026);
#2029=CARTESIAN_POINT('',(2.2E0,0.E0,0.E0));
#2030=DIRECTION('',(1.E0,0.E0,0.E0));
#2031=DIRECTION('',(0.E0,0.E0,1.E0));
#2032=AXIS2_PLACEMENT_3D('',#2029,#2030,#2031);
#2034=DIRECTION('',(-1.E0,0.E0,4.406434684139E-14));
#2035=VECTOR('',#2034,1.471416900187E0);
#2036=CARTESIAN_POINT('',(2.2E0,0.E0,-4.666666666667E0));
#2037=LINE('',#2036,#2035);
#2038=DIRECTION('',(-1.E0,0.E0,0.E0));
#2039=VECTOR('',#2038,3.E-1);
#2040=CARTESIAN_POINT('',(2.5E0,0.E0,4.520833333333E0));
#2041=LINE('',#2040,#2039);
#2042=CARTESIAN_POINT('',(2.5E0,0.E0,0.E0));
#2043=DIRECTION('',(-1.E0,0.E0,0.E0));
#2044=DIRECTION('',(0.E0,0.E0,1.E0));
#2045=AXIS2_PLACEMENT_3D('',#2042,#2043,#2044);
#2047=CARTESIAN_POINT('',(2.5E0,0.E0,0.E0));
#2048=DIRECTION('',(-1.E0,0.E0,0.E0));
#2049=DIRECTION('',(0.E0,0.E0,-1.E0));
#2050=AXIS2_PLACEMENT_3D('',#2047,#2048,#2049);
#2052=CARTESIAN_POINT('',(2.5E0,0.E0,0.E0));
#2053=DIRECTION('',(1.E0,0.E0,0.E0));
#2054=DIRECTION('',(0.E0,0.E0,-1.E0));
#2055=AXIS2_PLACEMENT_3D('',#2052,#2053,#2054);
#2057=CARTESIAN_POINT('',(2.5E0,0.E0,0.E0));
#2058=DIRECTION('',(1.E0,0.E0,0.E0));
#2059=DIRECTION('',(0.E0,0.E0,1.E0));
#2060=AXIS2_PLACEMENT_3D('',#2057,#2058,#2059);
#2062=DIRECTION('',(-1.E0,0.E0,0.E0));
#2063=VECTOR('',#2062,3.E-1);
#2064=CARTESIAN_POINT('',(2.5E0,0.E0,-4.520833333333E0));
#2065=LINE('',#2064,#2063);
#2066=CARTESIAN_POINT('',(2.35E0,0.E0,0.E0));
#2067=DIRECTION('',(1.E0,0.E0,0.E0));
#2068=DIRECTION('',(0.E0,0.E0,-1.E0));
#2069=AXIS2_PLACEMENT_3D('',#2066,#2067,#2068);
#2071=CARTESIAN_POINT('',(2.35E0,0.E0,3.65E0));
#2072=DIRECTION('',(0.E0,-1.E0,0.E0));
#2073=DIRECTION('',(0.E0,0.E0,-1.E0));
#2074=AXIS2_PLACEMENT_3D('',#2071,#2072,#2073);
#2076=DIRECTION('',(-1.E0,0.E0,0.E0));
#2077=VECTOR('',#2076,4.7E0);
#2078=CARTESIAN_POINT('',(2.35E0,0.E0,-3.5E0));
#2079=LINE('',#2078,#2077);
#2080=DIRECTION('',(-1.E0,0.E0,0.E0));
#2081=VECTOR('',#2080,4.7E0);
#2082=CARTESIAN_POINT('',(2.35E0,0.E0,3.5E0));
#2083=LINE('',#2082,#2081);
#2084=CARTESIAN_POINT('',(2.35E0,0.E0,-3.65E0));
#2085=DIRECTION('',(0.E0,1.E0,0.E0));
#2086=DIRECTION('',(0.E0,0.E0,1.E0));
#2087=AXIS2_PLACEMENT_3D('',#2084,#2085,#2086);
#2089=CARTESIAN_POINT('',(2.35E0,0.E0,0.E0));
#2090=DIRECTION('',(1.E0,0.E0,0.E0));
#2091=DIRECTION('',(0.E0,0.E0,1.E0));
#2092=AXIS2_PLACEMENT_3D('',#2089,#2090,#2091);
#2094=CARTESIAN_POINT('',(-2.35E0,0.E0,-3.65E0));
#2095=DIRECTION('',(0.E0,1.E0,0.E0));
#2096=DIRECTION('',(-1.E0,0.E0,0.E0));
#2097=AXIS2_PLACEMENT_3D('',#2094,#2095,#2096);
#2099=CARTESIAN_POINT('',(-2.35E0,0.E0,0.E0));
#2100=DIRECTION('',(-1.E0,0.E0,0.E0));
#2101=DIRECTION('',(0.E0,0.E0,-1.E0));
#2102=AXIS2_PLACEMENT_3D('',#2099,#2100,#2101);
#2104=CARTESIAN_POINT('',(-2.35E0,0.E0,3.65E0));
#2105=DIRECTION('',(0.E0,-1.E0,0.E0));
#2106=DIRECTION('',(-1.E0,0.E0,0.E0));
#2107=AXIS2_PLACEMENT_3D('',#2104,#2105,#2106);
#2109=CARTESIAN_POINT('',(-2.35E0,0.E0,0.E0));
#2110=DIRECTION('',(-1.E0,0.E0,0.E0));
#2111=DIRECTION('',(0.E0,0.E0,1.E0));
#2112=AXIS2_PLACEMENT_3D('',#2109,#2110,#2111);
#2114=CARTESIAN_POINT('',(-2.5E0,0.E0,0.E0));
#2115=DIRECTION('',(1.E0,0.E0,0.E0));
#2116=DIRECTION('',(0.E0,0.E0,-1.E0));
#2117=AXIS2_PLACEMENT_3D('',#2114,#2115,#2116);
#2119=CARTESIAN_POINT('',(-2.5E0,0.E0,0.E0));
#2120=DIRECTION('',(1.E0,0.E0,0.E0));
#2121=DIRECTION('',(0.E0,0.E0,1.E0));
#2122=AXIS2_PLACEMENT_3D('',#2119,#2120,#2121);
#2124=CARTESIAN_POINT('',(-2.5E0,0.E0,0.E0));
#2125=DIRECTION('',(-1.E0,0.E0,0.E0));
#2126=DIRECTION('',(0.E0,0.E0,1.E0));
#2127=AXIS2_PLACEMENT_3D('',#2124,#2125,#2126);
#2129=CARTESIAN_POINT('',(-2.5E0,0.E0,0.E0));
#2130=DIRECTION('',(-1.E0,0.E0,0.E0));
#2131=DIRECTION('',(0.E0,0.E0,-1.E0));
#2132=AXIS2_PLACEMENT_3D('',#2129,#2130,#2131);
#2134=DIRECTION('',(-1.E0,0.E0,0.E0));
#2135=VECTOR('',#2134,3.E-1);
#2136=CARTESIAN_POINT('',(-2.2E0,0.E0,4.520833333333E0));
#2137=LINE('',#2136,#2135);
#2138=CARTESIAN_POINT('',(-2.2E0,0.E0,0.E0));
#2139=DIRECTION('',(1.E0,0.E0,0.E0));
#2140=DIRECTION('',(0.E0,0.E0,-1.E0));
#2141=AXIS2_PLACEMENT_3D('',#2138,#2139,#2140);
#2143=CARTESIAN_POINT('',(-2.2E0,0.E0,0.E0));
#2144=DIRECTION('',(1.E0,0.E0,0.E0));
#2145=DIRECTION('',(0.E0,0.E0,1.E0));
#2146=AXIS2_PLACEMENT_3D('',#2143,#2144,#2145);
#2148=CARTESIAN_POINT('',(-2.2E0,0.E0,0.E0));
#2149=DIRECTION('',(-1.E0,0.E0,0.E0));
#2150=DIRECTION('',(0.E0,0.E0,1.E0));
#2151=AXIS2_PLACEMENT_3D('',#2148,#2149,#2150);
#2153=CARTESIAN_POINT('',(-2.2E0,0.E0,0.E0));
#2154=DIRECTION('',(-1.E0,0.E0,0.E0));
#2155=DIRECTION('',(0.E0,0.E0,-1.E0));
#2156=AXIS2_PLACEMENT_3D('',#2153,#2154,#2155);
#2158=DIRECTION('',(-1.E0,0.E0,0.E0));
#2159=VECTOR('',#2158,3.E-1);
#2160=CARTESIAN_POINT('',(-2.2E0,0.E0,-4.520833333333E0));
#2161=LINE('',#2160,#2159);
#2162=CARTESIAN_POINT('',(2.35E0,0.E0,3.5E0));
#2163=CARTESIAN_POINT('',(2.35E0,0.E0,-3.5E0));
#2164=VERTEX_POINT('',#2162);
#2165=VERTEX_POINT('',#2163);
#2166=CARTESIAN_POINT('',(-2.35E0,0.E0,3.5E0));
#2167=VERTEX_POINT('',#2166);
#2168=CARTESIAN_POINT('',(-2.35E0,0.E0,-3.5E0));
#2169=VERTEX_POINT('',#2168);
#2170=CARTESIAN_POINT('',(2.5E0,0.E0,-3.65E0));
#2171=VERTEX_POINT('',#2170);
#2172=CARTESIAN_POINT('',(2.5E0,0.E0,3.65E0));
#2173=VERTEX_POINT('',#2172);
#2174=CARTESIAN_POINT('',(-2.5E0,0.E0,3.65E0));
#2175=CARTESIAN_POINT('',(-2.5E0,0.E0,-3.65E0));
#2176=VERTEX_POINT('',#2174);
#2177=VERTEX_POINT('',#2175);
#2178=CARTESIAN_POINT('',(-2.5E0,0.E0,-4.520833333333E0));
#2179=CARTESIAN_POINT('',(-2.5E0,0.E0,4.520833333333E0));
#2180=VERTEX_POINT('',#2178);
#2181=VERTEX_POINT('',#2179);
#2182=CARTESIAN_POINT('',(-2.2E0,0.E0,4.520833333333E0));
#2183=CARTESIAN_POINT('',(-2.2E0,0.E0,-4.520833333333E0));
#2184=VERTEX_POINT('',#2182);
#2185=VERTEX_POINT('',#2183);
#2186=CARTESIAN_POINT('',(-2.2E0,0.E0,-4.666666666667E0));
#2187=CARTESIAN_POINT('',(-2.2E0,0.E0,4.666666666667E0));
#2188=VERTEX_POINT('',#2186);
#2189=VERTEX_POINT('',#2187);
#2190=CARTESIAN_POINT('',(-7.285830998134E-1,0.E0,4.666666666667E0));
#2191=CARTESIAN_POINT('',(-7.285830998134E-1,0.E0,-4.666666666667E0));
#2192=VERTEX_POINT('',#2190);
#2193=VERTEX_POINT('',#2191);
#2194=CARTESIAN_POINT('',(0.E0,0.E0,4.316666666667E0));
#2195=VERTEX_POINT('',#2194);
#2196=CARTESIAN_POINT('',(0.E0,0.E0,-4.316666666667E0));
#2197=VERTEX_POINT('',#2196);
#2198=CARTESIAN_POINT('',(7.285830998133E-1,0.E0,4.666666666667E0));
#2199=VERTEX_POINT('',#2198);
#2200=CARTESIAN_POINT('',(7.285830998134E-1,0.E0,-4.666666666667E0));
#2201=VERTEX_POINT('',#2200);
#2202=CARTESIAN_POINT('',(2.2E0,0.E0,4.666666666667E0));
#2203=CARTESIAN_POINT('',(2.2E0,0.E0,-4.666666666667E0));
#2204=VERTEX_POINT('',#2202);
#2205=VERTEX_POINT('',#2203);
#2206=CARTESIAN_POINT('',(2.2E0,0.E0,-4.520833333333E0));
#2207=CARTESIAN_POINT('',(2.2E0,0.E0,4.520833333333E0));
#2208=VERTEX_POINT('',#2206);
#2209=VERTEX_POINT('',#2207);
#2210=CARTESIAN_POINT('',(2.5E0,0.E0,4.520833333333E0));
#2211=CARTESIAN_POINT('',(2.5E0,0.E0,-4.520833333333E0));
#2212=VERTEX_POINT('',#2210);
#2213=VERTEX_POINT('',#2211);
#2214=CARTESIAN_POINT('',(0.E0,0.E0,0.E0));
#2215=DIRECTION('',(-1.E0,0.E0,0.E0));
#2216=DIRECTION('',(0.E0,0.E0,1.E0));
#2217=AXIS2_PLACEMENT_3D('',#2214,#2215,#2216);
#2218=CYLINDRICAL_SURFACE('',#2217,4.666666666667E0);
#2220=ORIENTED_EDGE('',*,*,#2219,.T.);
#2222=ORIENTED_EDGE('',*,*,#2221,.F.);
#2224=ORIENTED_EDGE('',*,*,#2223,.F.);
#2226=ORIENTED_EDGE('',*,*,#2225,.F.);
#2227=EDGE_LOOP('',(#2220,#2222,#2224,#2226));
#2228=FACE_OUTER_BOUND('',#2227,.F.);
#2229=ADVANCED_FACE('',(#2228),#2218,.T.);
#2230=CARTESIAN_POINT('',(0.E0,0.E0,0.E0));
#2231=DIRECTION('',(-1.E0,0.E0,0.E0));
#2232=DIRECTION('',(0.E0,0.E0,1.E0));
#2233=AXIS2_PLACEMENT_3D('',#2230,#2231,#2232);
#2234=CYLINDRICAL_SURFACE('',#2233,4.666666666667E0);
#2236=ORIENTED_EDGE('',*,*,#2235,.F.);
#2237=ORIENTED_EDGE('',*,*,#2223,.T.);
#2239=ORIENTED_EDGE('',*,*,#2238,.F.);
#2240=ORIENTED_EDGE('',*,*,#2219,.F.);
#2241=EDGE_LOOP('',(#2236,#2237,#2239,#2240));
#2242=FACE_OUTER_BOUND('',#2241,.F.);
#2243=ADVANCED_FACE('',(#2242),#2234,.T.);
#2244=CARTESIAN_POINT('',(0.E0,0.E0,0.E0));
#2245=DIRECTION('',(-1.E0,0.E0,0.E0));
#2246=DIRECTION('',(0.E0,0.E0,1.E0));
#2247=AXIS2_PLACEMENT_3D('',#2244,#2245,#2246);
#2248=TOROIDAL_SURFACE('',#2247,5.25E0,9.333333333333E-1);
#2250=ORIENTED_EDGE('',*,*,#2249,.F.);
#2251=ORIENTED_EDGE('',*,*,#2235,.T.);
#2253=ORIENTED_EDGE('',*,*,#2252,.T.);
#2255=ORIENTED_EDGE('',*,*,#2254,.F.);
#2256=EDGE_LOOP('',(#2250,#2251,#2253,#2255));
#2257=FACE_OUTER_BOUND('',#2256,.F.);
#2258=ADVANCED_FACE('',(#2257),#2248,.F.);
#2259=CARTESIAN_POINT('',(0.E0,0.E0,0.E0));
#2260=DIRECTION('',(-1.E0,0.E0,0.E0));
#2261=DIRECTION('',(0.E0,0.E0,1.E0));
#2262=AXIS2_PLACEMENT_3D('',#2259,#2260,#2261);
#2263=TOROIDAL_SURFACE('',#2262,5.25E0,9.333333333333E-1);
#2264=ORIENTED_EDGE('',*,*,#2252,.F.);
#2265=ORIENTED_EDGE('',*,*,#2225,.T.);
#2266=ORIENTED_EDGE('',*,*,#2249,.T.);
#2268=ORIENTED_EDGE('',*,*,#2267,.F.);
#2269=EDGE_LOOP('',(#2264,#2265,#2266,#2268));
#2270=FACE_OUTER_BOUND('',#2269,.F.);
#2271=ADVANCED_FACE('',(#2270),#2263,.F.);
#2272=CARTESIAN_POINT('',(0.E0,0.E0,0.E0));
#2273=DIRECTION('',(-1.E0,0.E0,0.E0));
#2274=DIRECTION('',(0.E0,0.E0,1.E0));
#2275=AXIS2_PLACEMENT_3D('',#2272,#2273,#2274);
#2276=TOROIDAL_SURFACE('',#2275,5.25E0,9.333333333333E-1);
#2277=ORIENTED_EDGE('',*,*,#2267,.T.);
#2279=ORIENTED_EDGE('',*,*,#2278,.T.);
#2281=ORIENTED_EDGE('',*,*,#2280,.T.);
#2283=ORIENTED_EDGE('',*,*,#2282,.F.);
#2284=EDGE_LOOP('',(#2277,#2279,#2281,#2283));
#2285=FACE_OUTER_BOUND('',#2284,.F.);
#2286=ADVANCED_FACE('',(#2285),#2276,.F.);
#2287=CARTESIAN_POINT('',(0.E0,0.E0,0.E0));
#2288=DIRECTION('',(-1.E0,0.E0,0.E0));
#2289=DIRECTION('',(0.E0,0.E0,1.E0));
#2290=AXIS2_PLACEMENT_3D('',#2287,#2288,#2289);
#2291=TOROIDAL_SURFACE('',#2290,5.25E0,9.333333333333E-1);
#2292=ORIENTED_EDGE('',*,*,#2254,.T.);
#2293=ORIENTED_EDGE('',*,*,#2282,.T.);
#2295=ORIENTED_EDGE('',*,*,#2294,.T.);
#2296=ORIENTED_EDGE('',*,*,#2278,.F.);
#2297=EDGE_LOOP('',(#2292,#2293,#2295,#2296));
#2298=FACE_OUTER_BOUND('',#2297,.F.);
#2299=ADVANCED_FACE('',(#2298),#2291,.F.);
#2300=CARTESIAN_POINT('',(0.E0,0.E0,0.E0));
#2301=DIRECTION('',(-1.E0,0.E0,0.E0));
#2302=DIRECTION('',(0.E0,0.E0,1.E0));
#2303=AXIS2_PLACEMENT_3D('',#2300,#2301,#2302);
#2304=CYLINDRICAL_SURFACE('',#2303,4.666666666667E0);
#2306=ORIENTED_EDGE('',*,*,#2305,.F.);
#2308=ORIENTED_EDGE('',*,*,#2307,.T.);
#2309=ORIENTED_EDGE('',*,*,#2294,.F.);
#2311=ORIENTED_EDGE('',*,*,#2310,.F.);
#2312=EDGE_LOOP('',(#2306,#2308,#2309,#2311));
#2313=FACE_OUTER_BOUND('',#2312,.F.);
#2314=ADVANCED_FACE('',(#2313),#2304,.T.);
#2315=CARTESIAN_POINT('',(2.2E0,4.520833333333E0,0.E0));
#2316=DIRECTION('',(-1.E0,0.E0,0.E0));
#2317=DIRECTION('',(0.E0,0.E0,1.E0));
#2318=AXIS2_PLACEMENT_3D('',#2315,#2316,#2317);
#2319=PLANE('',#2318);
#2320=ORIENTED_EDGE('',*,*,#2305,.T.);
#2322=ORIENTED_EDGE('',*,*,#2321,.T.);
#2323=EDGE_LOOP('',(#2320,#2322));
#2324=FACE_OUTER_BOUND('',#2323,.F.);
#2326=ORIENTED_EDGE('',*,*,#2325,.T.);
#2328=ORIENTED_EDGE('',*,*,#2327,.T.);
#2329=EDGE_LOOP('',(#2326,#2328));
#2330=FACE_BOUND('',#2329,.F.);
#2331=ADVANCED_FACE('',(#2324,#2330),#2319,.F.);
#2332=CARTESIAN_POINT('',(0.E0,0.E0,0.E0));
#2333=DIRECTION('',(-1.E0,0.E0,0.E0));
#2334=DIRECTION('',(0.E0,0.E0,1.E0));
#2335=AXIS2_PLACEMENT_3D('',#2332,#2333,#2334);
#2336=CYLINDRICAL_SURFACE('',#2335,4.666666666667E0);
#2337=ORIENTED_EDGE('',*,*,#2310,.T.);
#2338=ORIENTED_EDGE('',*,*,#2280,.F.);
#2339=ORIENTED_EDGE('',*,*,#2307,.F.);
#2340=ORIENTED_EDGE('',*,*,#2321,.F.);
#2341=EDGE_LOOP('',(#2337,#2338,#2339,#2340));
#2342=FACE_OUTER_BOUND('',#2341,.F.);
#2343=ADVANCED_FACE('',(#2342),#2336,.T.);
#2344=CARTESIAN_POINT('',(0.E0,0.E0,0.E0));
#2345=DIRECTION('',(-1.E0,0.E0,0.E0));
#2346=DIRECTION('',(0.E0,0.E0,1.E0));
#2347=AXIS2_PLACEMENT_3D('',#2344,#2345,#2346);
#2348=CYLINDRICAL_SURFACE('',#2347,4.520833333333E0);
#2350=ORIENTED_EDGE('',*,*,#2349,.F.);
#2352=ORIENTED_EDGE('',*,*,#2351,.T.);
#2353=ORIENTED_EDGE('',*,*,#2325,.F.);
#2355=ORIENTED_EDGE('',*,*,#2354,.F.);
#2356=EDGE_LOOP('',(#2350,#2352,#2353,#2355));
#2357=FACE_OUTER_BOUND('',#2356,.F.);
#2358=ADVANCED_FACE('',(#2357),#2348,.T.);
#2359=CARTESIAN_POINT('',(2.5E0,4.520833333333E0,0.E0));
#2360=DIRECTION('',(-1.E0,0.E0,0.E0));
#2361=DIRECTION('',(0.E0,0.E0,1.E0));
#2362=AXIS2_PLACEMENT_3D('',#2359,#2360,#2361);
#2363=PLANE('',#2362);
#2364=ORIENTED_EDGE('',*,*,#2349,.T.);
#2366=ORIENTED_EDGE('',*,*,#2365,.T.);
#2367=EDGE_LOOP('',(#2364,#2366));
#2368=FACE_OUTER_BOUND('',#2367,.F.);
#2370=ORIENTED_EDGE('',*,*,#2369,.T.);
#2372=ORIENTED_EDGE('',*,*,#2371,.T.);
#2373=EDGE_LOOP('',(#2370,#2372));
#2374=FACE_BOUND('',#2373,.F.);
#2375=ADVANCED_FACE('',(#2368,#2374),#2363,.F.);
#2376=CARTESIAN_POINT('',(0.E0,0.E0,0.E0));
#2377=DIRECTION('',(-1.E0,0.E0,0.E0));
#2378=DIRECTION('',(0.E0,0.E0,1.E0));
#2379=AXIS2_PLACEMENT_3D('',#2376,#2377,#2378);
#2380=CYLINDRICAL_SURFACE('',#2379,4.520833333333E0);
#2381=ORIENTED_EDGE('',*,*,#2354,.T.);
#2382=ORIENTED_EDGE('',*,*,#2327,.F.);
#2383=ORIENTED_EDGE('',*,*,#2351,.F.);
#2384=ORIENTED_EDGE('',*,*,#2365,.F.);
#2385=EDGE_LOOP('',(#2381,#2382,#2383,#2384));
#2386=FACE_OUTER_BOUND('',#2385,.F.);
#2387=ADVANCED_FACE('',(#2386),#2380,.T.);
#2388=CARTESIAN_POINT('',(2.35E0,0.E0,0.E0));
#2389=DIRECTION('',(-1.E0,0.E0,0.E0));
#2390=DIRECTION('',(0.E0,0.E0,1.E0));
#2391=AXIS2_PLACEMENT_3D('',#2388,#2389,#2390);
#2392=TOROIDAL_SURFACE('',#2391,3.65E0,1.5E-1);
#2394=ORIENTED_EDGE('',*,*,#2393,.T.);
#2396=ORIENTED_EDGE('',*,*,#2395,.T.);
#2397=ORIENTED_EDGE('',*,*,#2369,.F.);
#2399=ORIENTED_EDGE('',*,*,#2398,.F.);
#2400=EDGE_LOOP('',(#2394,#2396,#2397,#2399));
#2401=FACE_OUTER_BOUND('',#2400,.F.);
#2402=ADVANCED_FACE('',(#2401),#2392,.T.);
#2403=CARTESIAN_POINT('',(0.E0,0.E0,0.E0));
#2404=DIRECTION('',(-1.E0,0.E0,0.E0));
#2405=DIRECTION('',(0.E0,0.E0,1.E0));
#2406=AXIS2_PLACEMENT_3D('',#2403,#2404,#2405);
#2407=CYLINDRICAL_SURFACE('',#2406,3.5E0);
#2409=ORIENTED_EDGE('',*,*,#2408,.T.);
#2411=ORIENTED_EDGE('',*,*,#2410,.F.);
#2413=ORIENTED_EDGE('',*,*,#2412,.F.);
#2414=ORIENTED_EDGE('',*,*,#2393,.F.);
#2415=EDGE_LOOP('',(#2409,#2411,#2413,#2414));
#2416=FACE_OUTER_BOUND('',#2415,.F.);
#2417=ADVANCED_FACE('',(#2416),#2407,.F.);
#2418=CARTESIAN_POINT('',(0.E0,0.E0,0.E0));
#2419=DIRECTION('',(-1.E0,0.E0,0.E0));
#2420=DIRECTION('',(0.E0,0.E0,1.E0));
#2421=AXIS2_PLACEMENT_3D('',#2418,#2419,#2420);
#2422=CYLINDRICAL_SURFACE('',#2421,3.5E0);
#2424=ORIENTED_EDGE('',*,*,#2423,.F.);
#2425=ORIENTED_EDGE('',*,*,#2412,.T.);
#2427=ORIENTED_EDGE('',*,*,#2426,.F.);
#2428=ORIENTED_EDGE('',*,*,#2408,.F.);
#2429=EDGE_LOOP('',(#2424,#2425,#2427,#2428));
#2430=FACE_OUTER_BOUND('',#2429,.F.);
#2431=ADVANCED_FACE('',(#2430),#2422,.F.);
#2432=CARTESIAN_POINT('',(2.35E0,0.E0,0.E0));
#2433=DIRECTION('',(-1.E0,0.E0,0.E0));
#2434=DIRECTION('',(0.E0,0.E0,1.E0));
#2435=AXIS2_PLACEMENT_3D('',#2432,#2433,#2434);
#2436=TOROIDAL_SURFACE('',#2435,3.65E0,1.5E-1);
#2437=ORIENTED_EDGE('',*,*,#2398,.T.);
#2438=ORIENTED_EDGE('',*,*,#2371,.F.);
#2439=ORIENTED_EDGE('',*,*,#2395,.F.);
#2440=ORIENTED_EDGE('',*,*,#2423,.T.);
#2441=EDGE_LOOP('',(#2437,#2438,#2439,#2440));
#2442=FACE_OUTER_BOUND('',#2441,.F.);
#2443=ADVANCED_FACE('',(#2442),#2436,.T.);
#2444=CARTESIAN_POINT('',(-2.35E0,0.E0,0.E0));
#2445=DIRECTION('',(-1.E0,0.E0,0.E0));
#2446=DIRECTION('',(0.E0,0.E0,1.E0));
#2447=AXIS2_PLACEMENT_3D('',#2444,#2445,#2446);
#2448=TOROIDAL_SURFACE('',#2447,3.65E0,1.5E-1);
#2450=ORIENTED_EDGE('',*,*,#2449,.T.);
#2451=ORIENTED_EDGE('',*,*,#2426,.T.);
#2453=ORIENTED_EDGE('',*,*,#2452,.F.);
#2455=ORIENTED_EDGE('',*,*,#2454,.F.);
#2456=EDGE_LOOP('',(#2450,#2451,#2453,#2455));
#2457=FACE_OUTER_BOUND('',#2456,.F.);
#2458=ADVANCED_FACE('',(#2457),#2448,.T.);
#2459=CARTESIAN_POINT('',(-2.35E0,0.E0,0.E0));
#2460=DIRECTION('',(-1.E0,0.E0,0.E0));
#2461=DIRECTION('',(0.E0,0.E0,1.E0));
#2462=AXIS2_PLACEMENT_3D('',#2459,#2460,#2461);
#2463=TOROIDAL_SURFACE('',#2462,3.65E0,1.5E-1);
#2465=ORIENTED_EDGE('',*,*,#2464,.F.);
#2466=ORIENTED_EDGE('',*,*,#2452,.T.);
#2467=ORIENTED_EDGE('',*,*,#2410,.T.);
#2468=ORIENTED_EDGE('',*,*,#2449,.F.);
#2469=EDGE_LOOP('',(#2465,#2466,#2467,#2468));
#2470=FACE_OUTER_BOUND('',#2469,.F.);
#2471=ADVANCED_FACE('',(#2470),#2463,.T.);
#2472=CARTESIAN_POINT('',(-2.5E0,4.520833333333E0,0.E0));
#2473=DIRECTION('',(1.E0,0.E0,0.E0));
#2474=DIRECTION('',(0.E0,0.E0,-1.E0));
#2475=AXIS2_PLACEMENT_3D('',#2472,#2473,#2474);
#2476=PLANE('',#2475);
#2478=ORIENTED_EDGE('',*,*,#2477,.T.);
#2480=ORIENTED_EDGE('',*,*,#2479,.T.);
#2481=EDGE_LOOP('',(#2478,#2480));
#2482=FACE_OUTER_BOUND('',#2481,.F.);
#2483=ORIENTED_EDGE('',*,*,#2464,.T.);
#2484=ORIENTED_EDGE('',*,*,#2454,.T.);
#2485=EDGE_LOOP('',(#2483,#2484));
#2486=FACE_BOUND('',#2485,.F.);
#2487=ADVANCED_FACE('',(#2482,#2486),#2476,.F.);
#2488=CARTESIAN_POINT('',(0.E0,0.E0,0.E0));
#2489=DIRECTION('',(-1.E0,0.E0,0.E0));
#2490=DIRECTION('',(0.E0,0.E0,1.E0));
#2491=AXIS2_PLACEMENT_3D('',#2488,#2489,#2490);
#2492=CYLINDRICAL_SURFACE('',#2491,4.520833333333E0);
#2494=ORIENTED_EDGE('',*,*,#2493,.F.);
#2496=ORIENTED_EDGE('',*,*,#2495,.T.);
#2497=ORIENTED_EDGE('',*,*,#2477,.F.);
#2499=ORIENTED_EDGE('',*,*,#2498,.F.);
#2500=EDGE_LOOP('',(#2494,#2496,#2497,#2499));
#2501=FACE_OUTER_BOUND('',#2500,.F.);
#2502=ADVANCED_FACE('',(#2501),#2492,.T.);
#2503=CARTESIAN_POINT('',(-2.2E0,4.520833333333E0,0.E0));
#2504=DIRECTION('',(1.E0,0.E0,0.E0));
#2505=DIRECTION('',(0.E0,0.E0,-1.E0));
#2506=AXIS2_PLACEMENT_3D('',#2503,#2504,#2505);
#2507=PLANE('',#2506);
#2508=ORIENTED_EDGE('',*,*,#2238,.T.);
#2509=ORIENTED_EDGE('',*,*,#2221,.T.);
#2510=EDGE_LOOP('',(#2508,#2509));
#2511=FACE_OUTER_BOUND('',#2510,.F.);
#2512=ORIENTED_EDGE('',*,*,#2493,.T.);
#2514=ORIENTED_EDGE('',*,*,#2513,.T.);
#2515=EDGE_LOOP('',(#2512,#2514));
#2516=FACE_BOUND('',#2515,.F.);
#2517=ADVANCED_FACE('',(#2511,#2516),#2507,.F.);
#2518=CARTESIAN_POINT('',(0.E0,0.E0,0.E0));
#2519=DIRECTION('',(-1.E0,0.E0,0.E0));
#2520=DIRECTION('',(0.E0,0.E0,1.E0));
#2521=AXIS2_PLACEMENT_3D('',#2518,#2519,#2520);
#2522=CYLINDRICAL_SURFACE('',#2521,4.520833333333E0);
#2523=ORIENTED_EDGE('',*,*,#2498,.T.);
#2524=ORIENTED_EDGE('',*,*,#2479,.F.);
#2525=ORIENTED_EDGE('',*,*,#2495,.F.);
#2526=ORIENTED_EDGE('',*,*,#2513,.F.);
#2527=EDGE_LOOP('',(#2523,#2524,#2525,#2526));
#2528=FACE_OUTER_BOUND('',#2527,.F.);
#2529=ADVANCED_FACE('',(#2528),#2522,.T.);
#2530=CLOSED_SHELL('',(#2229,#2243,#2258,#2271,#2286,#2299,#2314,#2331,#2343,
#2358,#2375,#2387,#2402,#2417,#2431,#2443,#2458,#2471,#2487,#2502,#2517,#2529));
#2531=MANIFOLD_SOLID_BREP('',#2530);
#2533=DIMENSIONAL_EXPONENTS(0.E0,0.E0,0.E0,0.E0,0.E0,0.E0,0.E0);
#2535=PLANE_ANGLE_MEASURE_WITH_UNIT(PLANE_ANGLE_MEASURE(1.745329251994E-2),
#2534);
#2536=(CONVERSION_BASED_UNIT('DEGREE',#2535)NAMED_UNIT(*)PLANE_ANGLE_UNIT());
#2538=UNCERTAINTY_MEASURE_WITH_UNIT(LENGTH_MEASURE(5.E-3),#2532,'closure',
'Maximum model space distance between geometric entities at asserted connectivities');
#2539=(GEOMETRIC_REPRESENTATION_CONTEXT(3)GLOBAL_UNCERTAINTY_ASSIGNED_CONTEXT((
#2538))GLOBAL_UNIT_ASSIGNED_CONTEXT((#2532,#2536,#2537))REPRESENTATION_CONTEXT(
'ID1','3'));
#2541=APPLICATION_CONTEXT(
'CONFIGURATION CONTROLLED 3D DESIGNS OF MECHANICAL PARTS AND ASSEMBLIES');
#2542=APPLICATION_PROTOCOL_DEFINITION('international standard',
'config_control_design',1994,#2541);
#2543=DESIGN_CONTEXT('',#2541,'design');
#2544=MECHANICAL_CONTEXT('',#2541,'mechanical');
#2545=PRODUCT('687ZZ-EA023','687ZZ-EA023','NOT SPECIFIED',(#2544));
#2546=PRODUCT_DEFINITION_FORMATION_WITH_SPECIFIED_SOURCE('1','LAST_VERSION',
#2545,.MADE.);
#2550=PRODUCT_CATEGORY('part','');
#2551=PRODUCT_RELATED_PRODUCT_CATEGORY('detail','',(#2545));
#2552=PRODUCT_CATEGORY_RELATIONSHIP('','',#2550,#2551);
#2553=SECURITY_CLASSIFICATION_LEVEL('unclassified');
#2554=SECURITY_CLASSIFICATION('','',#2553);
#2555=CC_DESIGN_SECURITY_CLASSIFICATION(#2554,(#2546));
#2556=APPROVAL_STATUS('approved');
#2557=APPROVAL(#2556,'');
#2558=CC_DESIGN_APPROVAL(#2557,(#2554,#2546,#2547));
#2559=CALENDAR_DATE(125,19,12);
#2560=COORDINATED_UNIVERSAL_TIME_OFFSET(8,0,.AHEAD.);
#2561=LOCAL_TIME(16,37,4.9E1,#2560);
#2562=DATE_AND_TIME(#2559,#2561);
#2563=APPROVAL_DATE_TIME(#2562,#2557);
#2564=DATE_TIME_ROLE('creation_date');
#2565=CC_DESIGN_DATE_AND_TIME_ASSIGNMENT(#2562,#2564,(#2547));
#2566=DATE_TIME_ROLE('classification_date');
#2567=CC_DESIGN_DATE_AND_TIME_ASSIGNMENT(#2562,#2566,(#2554));
#2568=PERSON('UNSPECIFIED','UNSPECIFIED',$,$,$,$);
#2569=ORGANIZATION('UNSPECIFIED','UNSPECIFIED','UNSPECIFIED');
#2570=PERSON_AND_ORGANIZATION(#2568,#2569);
#2571=APPROVAL_ROLE('approver');
#2572=APPROVAL_PERSON_ORGANIZATION(#2570,#2557,#2571);
#2573=PERSON_AND_ORGANIZATION_ROLE('creator');
#2574=CC_DESIGN_PERSON_AND_ORGANIZATION_ASSIGNMENT(#2570,#2573,(#2546,#2547));
#2575=PERSON_AND_ORGANIZATION_ROLE('design_supplier');
#2576=CC_DESIGN_PERSON_AND_ORGANIZATION_ASSIGNMENT(#2570,#2575,(#2546));
#2577=PERSON_AND_ORGANIZATION_ROLE('classification_officer');
#2578=CC_DESIGN_PERSON_AND_ORGANIZATION_ASSIGNMENT(#2570,#2577,(#2554));
#2579=PERSON_AND_ORGANIZATION_ROLE('design_owner');
#2580=CC_DESIGN_PERSON_AND_ORGANIZATION_ASSIGNMENT(#2570,#2579,(#2545));
#1=DRAUGHTING_PRE_DEFINED_COLOUR('black');
#2=COLOUR_RGB('',0.E0,0.E0,4.7E-1);
#3=COLOUR_RGB('',0.E0,0.E0,6.E-1);
#4=COLOUR_RGB('',0.E0,0.E0,8.E-1);
#5=COLOUR_RGB('',0.E0,2.745098039216E-2,7.019607843137E-1);
#6=COLOUR_RGB('',0.E0,3.137254901961E-2,3.411764705882E-1);
#7=COLOUR_RGB('',0.E0,2.E-1,1.E0);
#8=COLOUR_RGB('',0.E0,3.3E-1,0.E0);
#9=COLOUR_RGB('',0.E0,3.3E-1,3.3E-1);
#10=COLOUR_RGB('',0.E0,4.E-1,0.E0);
#11=COLOUR_RGB('',0.E0,4.E-1,4.E-1);
#12=COLOUR_RGB('',0.E0,4.E-1,1.E0);
#13=COLOUR_RGB('',0.E0,5.019607843137E-1,5.019607843137E-1);
#14=COLOUR_RGB('',0.E0,6.E-1,0.E0);
#15=COLOUR_RGB('',0.E0,6.E-1,6.E-1);
#16=COLOUR_RGB('',0.E0,6.E-1,1.E0);
#17=COLOUR_RGB('',0.E0,8.E-1,0.E0);
#18=COLOUR_RGB('',0.E0,8.E-1,8.E-1);
#19=COLOUR_RGB('',0.E0,8.E-1,1.E0);
#20=COLOUR_RGB('',0.E0,9.3E-1,0.E0);
#21=COLOUR_RGB('',0.E0,9.3E-1,9.3E-1);
#22=DRAUGHTING_PRE_DEFINED_COLOUR('green');
#23=COLOUR_RGB('',0.E0,1.E0,2.E-1);
#24=COLOUR_RGB('',0.E0,1.E0,4.E-1);
#25=COLOUR_RGB('',0.E0,1.E0,6.E-1);
#26=COLOUR_RGB('',0.E0,1.E0,8.E-1);
#27=DRAUGHTING_PRE_DEFINED_COLOUR('cyan');
#28=COLOUR_RGB('',3.1E-2,2.E-1,6.27E-1);
#29=COLOUR_RGB('',3.529411764706E-2,5.137254901961E-1,1.725490196078E-1);
#30=COLOUR_RGB('',6.6667E-2,5.17647E-1,6.39216E-1);
#31=COLOUR_RGB('',7.E-2,7.E-2,1.E0);
#32=COLOUR_RGB('',7.E-2,6.E-1,3.E-1);
#33=COLOUR_RGB('',8.E-2,1.E-1,1.1E-1);
#34=COLOUR_RGB('',9.803921568627E-2,9.803921568627E-2,4.392156862745E-1);
#35=COLOUR_RGB('',1.019607843137E-1,6.313725490196E-1,5.019607843137E-1);
#36=COLOUR_RGB('',1.176470588235E-1,5.647058823529E-1,1.E0);
#37=COLOUR_RGB('',1.254901960784E-1,6.980392156863E-1,6.666666666667E-1);
#38=COLOUR_RGB('',1.333333333333E-1,5.450980392157E-1,1.333333333333E-1);
#39=COLOUR_RGB('',1.450980392157E-1,3.529411764706E-2,0.E0);
#40=COLOUR_RGB('',1.686274509804E-1,1.686274509804E-1,1.803921568627E-1);
#41=COLOUR_RGB('',1.803921568627E-1,5.450980392157E-1,3.411764705882E-1);
#42=COLOUR_RGB('',1.9E-1,2.3E-1,3.1E-1);
#43=COLOUR_RGB('',1.960784313725E-1,8.039215686275E-1,1.960784313725E-1);
#44=COLOUR_RGB('',2.E-1,1.E0,0.E0);
#45=COLOUR_RGB('',2.E-1,1.E0,2.E-1);
#46=COLOUR_RGB('',2.E-1,1.E0,1.E0);
#47=COLOUR_RGB('',2.313725490196E-1,3.803921568627E-1,5.607843137255E-1);
#48=COLOUR_RGB('',2.352941176471E-1,7.019607843137E-1,4.431372549020E-1);
#49=COLOUR_RGB('',2.431372549020E-1,8.784313725490E-1,8.156862745098E-1);
#50=COLOUR_RGB('',2.470588235294E-1,5.921568627451E-1,6.313725490196E-1);
#51=COLOUR_RGB('',2.5098E-1,2.35294E-1,8.62745E-1);
#52=COLOUR_RGB('',2.549019607843E-1,4.117647058824E-1,1.E0);
#53=COLOUR_RGB('',2.58824E-1,7.80392E-1,8.86275E-1);
#54=COLOUR_RGB('',2.7E-1,0.E0,4.E-1);
#55=COLOUR_RGB('',2.7E-1,2.7E-1,0.E0);
#56=COLOUR_RGB('',2.7E-1,2.7E-1,1.E0);
#57=COLOUR_RGB('',2.745098039216E-1,5.098039215686E-1,7.058823529412E-1);
#58=COLOUR_RGB('',2.784313725490E-1,2.784313725490E-1,2.784313725490E-1);
#59=COLOUR_RGB('',2.823529411765E-1,2.392156862745E-1,5.450980392157E-1);
#60=COLOUR_RGB('',3.13725E-1,4.70588E-1,1.96078E-1);
#61=COLOUR_RGB('',3.2549E-1,4.98039E-1,9.84314E-1);
#62=COLOUR_RGB('',3.254901960784E-1,5.764705882353E-1,8.117647058824E-1);
#63=COLOUR_RGB('',3.3E-1,0.E0,0.E0);
#64=COLOUR_RGB('',3.3E-1,0.E0,3.3E-1);
#65=COLOUR_RGB('',3.3E-1,0.E0,5.3E-1);
#66=COLOUR_RGB('',3.450980392157E-1,3.647058823529E-1,3.725490196078E-1);
#67=COLOUR_RGB('',3.725490196078E-1,6.196078431373E-1,6.274509803922E-1);
#68=COLOUR_RGB('',3.803921568627E-1,4.392156862745E-1,5.960784313725E-1);
#69=COLOUR_RGB('',3.882352941176E-1,4.392156862745E-1,4.901960784314E-1);
#70=COLOUR_RGB('',3.921568627451E-1,5.843137254902E-1,9.294117647059E-1);
#71=COLOUR_RGB('',3.96078E-1,7.13725E-1,1.E0);
#72=COLOUR_RGB('',4.E-1,0.E0,4.E-1);
#73=COLOUR_RGB('',4.E-1,0.E0,6.7E-1);
#74=COLOUR_RGB('',4.E-1,1.3E-1,0.E0);
#75=COLOUR_RGB('',4.E-1,4.E-1,0.E0);
#76=COLOUR_RGB('',4.E-1,4.E-1,1.E0);
#77=COLOUR_RGB('',4.E-1,8.039215686275E-1,6.666666666667E-1);
#78=COLOUR_RGB('',4.E-1,1.E0,0.E0);
#79=COLOUR_RGB('',4.E-1,1.E0,4.E-1);
#80=COLOUR_RGB('',4.E-1,1.E0,1.E0);
#81=COLOUR_RGB('',4.156862745098E-1,3.529411764706E-1,8.039215686275E-1);
#82=COLOUR_RGB('',4.196078431373E-1,5.568627450980E-1,1.372549019608E-1);
#83=COLOUR_RGB('',4.666666666667E-1,5.333333333333E-1,6.E-1);
#84=COLOUR_RGB('',4.7E-1,0.E0,0.E0);
#85=COLOUR_RGB('',4.7E-1,0.E0,8.E-1);
#86=COLOUR_RGB('',4.7E-1,2.E-1,7.E-2);
#87=COLOUR_RGB('',4.823529411765E-1,4.078431372549E-1,9.333333333333E-1);
#88=COLOUR_RGB('',4.980392156863E-1,1.E0,8.313725490196E-1);
#89=COLOUR_RGB('',5.019607843137E-1,0.E0,5.019607843137E-1);
#90=COLOUR_RGB('',5.019607843137E-1,5.019607843137E-1,0.E0);
#91=COLOUR_RGB('',5.01961E-1,5.01961E-1,5.01961E-1);
#92=COLOUR_RGB('',5.098039215686E-1,3.960784313725E-1,1.058823529412E-1);
#93=COLOUR_RGB('',5.3E-1,0.E0,9.3E-1);
#94=COLOUR_RGB('',5.3E-1,2.7E-1,1.3E-1);
#95=COLOUR_RGB('',5.3E-1,5.3E-1,1.E0);
#96=COLOUR_RGB('',5.294117647059E-1,8.078431372549E-1,9.215686274510E-1);
#97=COLOUR_RGB('',5.411764705882E-1,1.686274509804E-1,8.862745098039E-1);
#98=COLOUR_RGB('',5.5E-1,6.5E-1,7.3E-1);
#99=COLOUR_RGB('',5.607843137255E-1,7.372549019608E-1,5.607843137255E-1);
#100=COLOUR_RGB('',5.68627E-1,9.37255E-1,9.37255E-1);
#101=COLOUR_RGB('',5.725490196078E-1,6.117647058824E-1,6.313725490196E-1);
#102=COLOUR_RGB('',5.764705882353E-1,4.392156862745E-1,8.588235294118E-1);
#103=COLOUR_RGB('',5.803921568627E-1,0.E0,8.274509803922E-1);
#104=COLOUR_RGB('',5.88235E-1,2.35294E-1,1.56863E-1);
#105=COLOUR_RGB('',6.E-1,0.E0,6.E-1);
#106=COLOUR_RGB('',6.E-1,1.960784313725E-1,8.E-1);
#107=COLOUR_RGB('',6.E-1,2.E-1,1.E0);
#108=COLOUR_RGB('',6.E-1,3.3E-1,2.E-1);
#109=COLOUR_RGB('',6.E-1,6.E-1,0.E0);
#110=COLOUR_RGB('',6.E-1,1.E0,6.E-1);
#111=COLOUR_RGB('',6.E-1,1.E0,1.E0);
#112=COLOUR_RGB('',6.27451E-1,4.70588E-1,3.52941E-1);
#113=COLOUR_RGB('',6.627450980392E-1,6.627450980392E-1,6.627450980392E-1);
#114=COLOUR_RGB('',6.66667E-1,8.23529E-1,1.96078E-1);
#115=COLOUR_RGB('',6.66667E-1,8.23529E-1,5.88235E-1);
#116=COLOUR_RGB('',6.7E-1,0.E0,0.E0);
#117=COLOUR_RGB('',6.7E-1,4.E-1,2.7E-1);
#118=COLOUR_RGB('',6.7E-1,4.E-1,1.E0);
#119=COLOUR_RGB('',6.7E-1,6.7E-1,1.E0);
#120=COLOUR_RGB('',6.7E-1,1.E0,0.E0);
#121=COLOUR_RGB('',6.784313725490E-1,8.117647058824E-1,1.E0);
#122=COLOUR_RGB('',6.784313725490E-1,8.470588235294E-1,9.019607843137E-1);
#123=COLOUR_RGB('',6.784313725490E-1,1.E0,1.843137254902E-1);
#124=COLOUR_RGB('',6.862745098039E-1,6.823529411765E-1,7.607843137255E-1);
#125=COLOUR_RGB('',6.980392156863E-1,1.333333333333E-1,1.333333333333E-1);
#126=COLOUR_RGB('',7.17647E-1,1.68627E-1,4.43137E-1);
#127=COLOUR_RGB('',7.215686274510E-1,5.254901960784E-1,4.313725490196E-2);
#128=COLOUR_RGB('',7.294117647059E-1,2.705882352941E-1,1.E0);
#129=COLOUR_RGB('',7.294117647059E-1,3.333333333333E-1,8.274509803922E-1);
#130=COLOUR_RGB('',7.294117647059E-1,4.E-1,0.E0);
#131=COLOUR_RGB('',7.3E-1,4.7E-1,3.3E-1);
#132=COLOUR_RGB('',7.372549019608E-1,5.607843137255E-1,5.607843137255E-1);
#133=COLOUR_RGB('',7.411764705882E-1,7.176470588235E-1,4.196078431373E-1);
#134=COLOUR_RGB('',7.803921568627E-1,8.235294117647E-2,5.215686274510E-1);
#135=COLOUR_RGB('',8.E-1,0.E0,8.E-1);
#136=COLOUR_RGB('',8.E-1,5.3E-1,4.E-1);
#137=COLOUR_RGB('',8.E-1,6.E-1,1.E0);
#138=COLOUR_RGB('',8.E-1,8.E-1,0.E0);
#139=COLOUR_RGB('',8.E-1,8.E-1,1.E0);
#140=COLOUR_RGB('',8.E-1,1.E0,8.E-1);
#141=COLOUR_RGB('',8.E-1,1.E0,1.E0);
#142=COLOUR_RGB('',8.039215686275E-1,3.607843137255E-1,3.607843137255E-1);
#143=COLOUR_RGB('',8.03922E-1,5.88235E-1,1.96078E-1);
#144=COLOUR_RGB('',8.196078431373E-1,7.098039215686E-1,5.490196078431E-2);
#145=COLOUR_RGB('',8.235294117647E-1,4.117647058824E-1,1.176470588235E-1);
#146=COLOUR_RGB('',8.235294117647E-1,7.058823529412E-1,5.490196078431E-1);
#147=COLOUR_RGB('',8.274509803922E-1,8.274509803922E-1,8.274509803922E-1);
#148=COLOUR_RGB('',8.392156862745E-1,8.E-1,7.137254901961E-1);
#149=COLOUR_RGB('',8.431372549020E-1,8.980392156863E-1,9.333333333333E-1);
#150=COLOUR_RGB('',8.549019607843E-1,6.470588235294E-1,1.254901960784E-1);
#151=COLOUR_RGB('',8.588235294118E-1,4.392156862745E-1,5.764705882353E-1);
#152=COLOUR_RGB('',8.627450980392E-1,7.843137254902E-2,2.352941176471E-1);
#153=COLOUR_RGB('',8.666666666667E-1,6.274509803922E-1,8.666666666667E-1);
#154=COLOUR_RGB('',8.7E-1,0.E0,0.E0);
#155=COLOUR_RGB('',8.7E-1,6.E-1,4.7E-1);
#156=COLOUR_RGB('',8.98039E-1,6.07843E-1,1.E0);
#157=COLOUR_RGB('',9.E-1,8.3E-1,1.2E-1);
#158=COLOUR_RGB('',9.09804E-1,3.68627E-1,8.19608E-1);
#159=COLOUR_RGB('',9.3E-1,0.E0,9.3E-1);
#160=COLOUR_RGB('',9.3E-1,6.7E-1,5.3E-1);
#161=COLOUR_RGB('',9.3E-1,8.E-1,1.E0);
#162=COLOUR_RGB('',9.3E-1,9.3E-1,0.E0);
#163=COLOUR_RGB('',9.3E-1,1.E0,9.3E-1);
#164=COLOUR_RGB('',9.3E-1,1.E0,1.E0);
#165=COLOUR_RGB('',9.333333333333E-1,5.098039215686E-1,9.333333333333E-1);
#166=COLOUR_RGB('',9.333333333333E-1,9.098039215686E-1,6.666666666667E-1);
#167=COLOUR_RGB('',9.411764705882E-1,9.019607843137E-1,5.490196078431E-1);
#168=COLOUR_RGB('',9.568627450980E-1,6.431372549020E-1,3.764705882353E-1);
#169=DRAUGHTING_PRE_DEFINED_COLOUR('red');
#170=COLOUR_RGB('',1.E0,0.E0,2.705882352941E-1);
#171=COLOUR_RGB('',1.E0,0.E0,4.705882352941E-1);
#172=COLOUR_RGB('',1.E0,0.E0,7.803921568627E-1);
#173=DRAUGHTING_PRE_DEFINED_COLOUR('magenta');
#174=COLOUR_RGB('',1.E0,3.1E-2,3.1E-2);
#175=COLOUR_RGB('',1.E0,7.E-2,7.E-2);
#176=COLOUR_RGB('',1.E0,7.843137254902E-2,5.764705882353E-1);
#177=COLOUR_RGB('',1.E0,2.E-1,1.E0);
#178=COLOUR_RGB('',1.E0,2.7E-1,0.E0);
#179=COLOUR_RGB('',1.E0,2.7E-1,2.7E-1);
#180=COLOUR_RGB('',1.E0,3.882352941176E-1,2.784313725490E-1);
#181=COLOUR_RGB('',1.E0,4.E-1,1.E0);
#182=COLOUR_RGB('',1.E0,4.117647058824E-1,7.058823529412E-1);
#183=COLOUR_RGB('',1.E0,4.7E-1,0.E0);
#184=COLOUR_RGB('',1.E0,4.7E-1,4.7E-1);
#185=COLOUR_RGB('',1.E0,4.980392156863E-1,3.137254901961E-1);
#186=COLOUR_RGB('',1.E0,6.E-1,1.E0);
#187=COLOUR_RGB('',1.E0,6.7E-1,0.E0);
#188=COLOUR_RGB('',1.E0,6.7E-1,6.7E-1);
#189=COLOUR_RGB('',1.E0,7.3E-1,6.E-1);
#190=COLOUR_RGB('',1.E0,7.686274509804E-1,5.882352941176E-2);
#191=COLOUR_RGB('',1.E0,8.E-1,8.E-1);
#192=COLOUR_RGB('',1.E0,8.E-1,1.E0);
#193=COLOUR_RGB('',1.E0,8.7E-1,0.E0);
#194=COLOUR_RGB('',1.E0,9.215686274510E-1,8.039215686275E-1);
#195=COLOUR_RGB('',1.E0,9.3E-1,9.3E-1);
#196=COLOUR_RGB('',1.E0,9.3E-1,1.E0);
#197=DRAUGHTING_PRE_DEFINED_COLOUR('yellow');
#198=COLOUR_RGB('',1.E0,1.E0,1.3E-1);
#199=COLOUR_RGB('',1.E0,1.E0,3.3E-1);
#200=COLOUR_RGB('',1.E0,1.E0,5.3E-1);
#201=COLOUR_RGB('',1.E0,1.E0,7.3E-1);
#202=COLOUR_RGB('',1.E0,1.E0,9.3E-1);
#203=DRAUGHTING_PRE_DEFINED_COLOUR('white');
#208=CIRCLE('',#207,5.998205909459E0);
#213=CIRCLE('',#212,5.979166666667E0);
#218=CIRCLE('',#217,5.979166666667E0);
#223=CIRCLE('',#222,5.90625E0);
#228=CIRCLE('',#227,5.90625E0);
#233=CIRCLE('',#232,2.5E-2);
#238=CIRCLE('',#237,5.998205909459E0);
#243=CIRCLE('',#242,2.5E-2);
#256=CIRCLE('',#255,5.911921514415E0);
#265=CIRCLE('',#264,5.95E0);
#274=CIRCLE('',#273,5.95E0);
#283=CIRCLE('',#282,5.911921514415E0);
#292=CIRCLE('',#291,6.85E0);
#297=CIRCLE('',#296,6.85E0);
#302=CIRCLE('',#301,5.95E0);
#307=CIRCLE('',#306,5.95E0);
#312=CIRCLE('',#311,7.E0);
#317=CIRCLE('',#316,1.5E-1);
#326=CIRCLE('',#325,1.5E-1);
#331=CIRCLE('',#330,7.E0);
#336=CIRCLE('',#335,6.85E0);
#341=CIRCLE('',#340,6.85E0);
#346=CIRCLE('',#345,5.95E0);
#351=CIRCLE('',#350,5.95E0);
#356=CIRCLE('',#355,1.5E-1);
#361=CIRCLE('',#360,7.E0);
#370=CIRCLE('',#369,1.5E-1);
#375=CIRCLE('',#374,7.E0);
#380=CIRCLE('',#379,5.95E0);
#389=CIRCLE('',#388,5.95E0);
#410=CIRCLE('',#409,5.911921514415E0);
#415=CIRCLE('',#414,5.911921514415E0);
#424=CIRCLE('',#423,2.5E-2);
#429=CIRCLE('',#428,2.5E-2);
#434=CIRCLE('',#433,5.998205909459E0);
#439=CIRCLE('',#438,5.979166666667E0);
#444=CIRCLE('',#443,5.979166666667E0);
#449=CIRCLE('',#448,5.90625E0);
#454=CIRCLE('',#453,5.90625E0);
#459=CIRCLE('',#458,2.5E-2);
#464=CIRCLE('',#463,5.998205909459E0);
#469=CIRCLE('',#468,2.5E-2);
#474=CIRCLE('',#473,5.806139383246E0);
#479=CIRCLE('',#478,1.638998863712E-1);
#492=CIRCLE('',#491,5.626189217569E0);
#497=CIRCLE('',#496,2.5E-1);
#502=CIRCLE('',#501,2.5E-1);
#507=CIRCLE('',#506,5.626189217569E0);
#512=CIRCLE('',#511,5.473488353996E0);
#517=CIRCLE('',#516,5.473488353996E0);
#522=CIRCLE('',#521,4.55E0);
#527=CIRCLE('',#526,4.55E0);
#536=CIRCLE('',#535,5.473488353996E0);
#541=CIRCLE('',#540,5.473488353996E0);
#546=CIRCLE('',#545,4.55E0);
#551=CIRCLE('',#550,4.55E0);
#556=CIRCLE('',#555,5.595649044854E0);
#561=CIRCLE('',#560,2.E-1);
#574=CIRCLE('',#573,5.90625E0);
#579=CIRCLE('',#578,5.775599210532E0);
#584=CIRCLE('',#583,2.138998863712E-1);
#589=CIRCLE('',#588,5.833333333333E0);
#594=CIRCLE('',#593,5.833333333333E0);
#599=CIRCLE('',#598,5.90625E0);
#604=CIRCLE('',#603,5.775599210532E0);
#609=CIRCLE('',#608,2.138998863712E-1);
#622=CIRCLE('',#621,5.833333333333E0);
#627=CIRCLE('',#626,9.333333333333E-1);
#632=CIRCLE('',#631,5.833333333333E0);
#637=CIRCLE('',#636,9.333333333333E-1);
#642=CIRCLE('',#641,5.833333333333E0);
#647=CIRCLE('',#646,5.833333333333E0);
#660=CIRCLE('',#659,5.90625E0);
#665=CIRCLE('',#664,5.90625E0);
#670=CIRCLE('',#669,5.833333333333E0);
#675=CIRCLE('',#674,5.833333333333E0);
#680=CIRCLE('',#679,5.775599210532E0);
#685=CIRCLE('',#684,2.138998863712E-1);
#690=CIRCLE('',#689,5.775599210532E0);
#695=CIRCLE('',#694,2.138998863712E-1);
#704=CIRCLE('',#703,5.595649044854E0);
#709=CIRCLE('',#708,2.E-1);
#714=CIRCLE('',#713,2.E-1);
#719=CIRCLE('',#718,5.595649044854E0);
#724=CIRCLE('',#723,5.473488353996E0);
#729=CIRCLE('',#728,5.473488353996E0);
#734=CIRCLE('',#733,4.55E0);
#739=CIRCLE('',#738,4.55E0);
#752=CIRCLE('',#751,5.473488353996E0);
#757=CIRCLE('',#756,5.473488353996E0);
#762=CIRCLE('',#761,4.55E0);
#767=CIRCLE('',#766,4.55E0);
#772=CIRCLE('',#771,5.626189217569E0);
#777=CIRCLE('',#776,2.5E-1);
#790=CIRCLE('',#789,5.806139383246E0);
#795=CIRCLE('',#794,1.638998863712E-1);
#800=CIRCLE('',#799,1.638998863712E-1);
#805=CIRCLE('',#804,5.806139383246E0);
#810=CIRCLE('',#809,2.5E-1);
#815=CIRCLE('',#814,5.626189217569E0);
#824=CIRCLE('',#823,2.E-1);
#829=CIRCLE('',#828,5.595649044854E0);
#838=CIRCLE('',#837,1.638998863712E-1);
#843=CIRCLE('',#842,5.806139383246E0);
#1005=EDGE_CURVE('',#955,#954,#218,.T.);
#1007=EDGE_CURVE('',#951,#955,#243,.T.);
#1009=EDGE_CURVE('',#951,#949,#208,.T.);
#1011=EDGE_CURVE('',#954,#949,#233,.T.);
#1021=EDGE_CURVE('',#954,#955,#213,.T.);
#1026=EDGE_CURVE('',#958,#959,#223,.T.);
#1028=EDGE_CURVE('',#959,#958,#228,.T.);
#1039=EDGE_CURVE('',#949,#951,#238,.T.);
#1051=EDGE_CURVE('',#946,#951,#247,.T.);
#1054=EDGE_CURVE('',#947,#949,#251,.T.);
#1056=EDGE_CURVE('',#946,#947,#283,.T.);
#1066=EDGE_CURVE('',#947,#946,#256,.T.);
#1079=EDGE_CURVE('',#995,#994,#265,.T.);
#1081=EDGE_CURVE('',#947,#995,#287,.T.);
#1084=EDGE_CURVE('',#946,#994,#260,.T.);
#1095=EDGE_CURVE('',#994,#918,#269,.T.);
#1097=EDGE_CURVE('',#919,#918,#307,.T.);
#1099=EDGE_CURVE('',#995,#919,#278,.T.);
#1109=EDGE_CURVE('',#994,#995,#274,.T.);
#1112=EDGE_CURVE('',#918,#919,#302,.T.);
#1135=EDGE_CURVE('',#915,#913,#292,.T.);
#1137=EDGE_CURVE('',#913,#915,#297,.T.);
#1151=EDGE_CURVE('',#909,#911,#312,.T.);
#1153=EDGE_CURVE('',#911,#913,#317,.T.);
#1156=EDGE_CURVE('',#909,#915,#370,.T.);
#1166=EDGE_CURVE('',#901,#903,#331,.T.);
#1168=EDGE_CURVE('',#901,#911,#321,.T.);
#1171=EDGE_CURVE('',#903,#909,#365,.T.);
#1181=EDGE_CURVE('',#898,#899,#336,.T.);
#1183=EDGE_CURVE('',#898,#901,#326,.T.);
#1186=EDGE_CURVE('',#899,#903,#356,.T.);
#1197=EDGE_CURVE('',#899,#898,#341,.T.);
#1201=EDGE_CURVE('',#906,#907,#346,.T.);
#1203=EDGE_CURVE('',#907,#906,#351,.T.);
#1214=EDGE_CURVE('',#903,#901,#361,.T.);
#1227=EDGE_CURVE('',#911,#909,#375,.T.);
#1251=EDGE_CURVE('',#943,#942,#380,.T.);
#1253=EDGE_CURVE('',#907,#943,#401,.T.);
#1256=EDGE_CURVE('',#942,#906,#397,.T.);
#1267=EDGE_CURVE('',#878,#942,#393,.T.);
#1269=EDGE_CURVE('',#879,#878,#415,.T.);
#1271=EDGE_CURVE('',#879,#943,#384,.T.);
#1281=EDGE_CURVE('',#942,#943,#389,.T.);
#1284=EDGE_CURVE('',#878,#879,#410,.T.);
#1307=EDGE_CURVE('',#879,#883,#405,.T.);
#1309=EDGE_CURVE('',#881,#883,#464,.T.);
#1311=EDGE_CURVE('',#878,#881,#419,.T.);
#1324=EDGE_CURVE('',#883,#881,#434,.T.);
#1335=EDGE_CURVE('',#889,#891,#439,.T.);
#1337=EDGE_CURVE('',#889,#887,#424,.T.);
#1339=EDGE_CURVE('',#887,#883,#429,.T.);
#1342=EDGE_CURVE('',#885,#881,#459,.T.);
#1344=EDGE_CURVE('',#891,#885,#469,.T.);
#1355=EDGE_CURVE('',#891,#889,#444,.T.);
#1359=EDGE_CURVE('',#894,#895,#449,.T.);
#1361=EDGE_CURVE('',#895,#894,#454,.T.);
#1385=EDGE_CURVE('',#849,#851,#474,.T.);
#1387=EDGE_CURVE('',#851,#895,#479,.T.);
#1390=EDGE_CURVE('',#849,#894,#838,.T.);
#1400=EDGE_CURVE('',#847,#851,#483,.T.);
#1403=EDGE_CURVE('',#846,#849,#487,.T.);
#1405=EDGE_CURVE('',#847,#846,#507,.T.);
#1415=EDGE_CURVE('',#846,#847,#492,.T.);
#1418=EDGE_CURVE('',#851,#849,#843,.T.);
#1430=EDGE_CURVE('',#847,#853,#497,.T.);
#1432=EDGE_CURVE('',#855,#853,#517,.T.);
#1434=EDGE_CURVE('',#846,#855,#502,.T.);
#1445=EDGE_CURVE('',#853,#855,#512,.T.);
#1461=EDGE_CURVE('',#858,#859,#522,.T.);
#1463=EDGE_CURVE('',#859,#858,#527,.T.);
#1473=EDGE_CURVE('',#862,#863,#546,.T.);
#1475=EDGE_CURVE('',#862,#859,#531,.T.);
#1478=EDGE_CURVE('',#863,#858,#833,.T.);
#1488=EDGE_CURVE('',#866,#867,#536,.T.);
#1490=EDGE_CURVE('',#867,#866,#541,.T.);
#1495=EDGE_CURVE('',#863,#862,#551,.T.);
#1505=EDGE_CURVE('',#870,#871,#556,.T.);
#1507=EDGE_CURVE('',#871,#867,#561,.T.);
#1510=EDGE_CURVE('',#870,#866,#824,.T.);
#1521=EDGE_CURVE('',#870,#873,#565,.T.);
#1523=EDGE_CURVE('',#875,#873,#604,.T.);
#1525=EDGE_CURVE('',#871,#875,#569,.T.);
#1536=EDGE_CURVE('',#873,#875,#579,.T.);
#1539=EDGE_CURVE('',#871,#870,#829,.T.);
#1549=EDGE_CURVE('',#938,#939,#574,.T.);
#1551=EDGE_CURVE('',#873,#939,#609,.T.);
#1554=EDGE_CURVE('',#875,#938,#584,.T.);
#1565=EDGE_CURVE('',#939,#938,#599,.T.);
#1569=EDGE_CURVE('',#935,#934,#589,.T.);
#1571=EDGE_CURVE('',#934,#935,#594,.T.);
#1593=EDGE_CURVE('',#935,#930,#613,.T.);
#1595=EDGE_CURVE('',#931,#930,#647,.T.);
#1597=EDGE_CURVE('',#934,#931,#617,.T.);
#1610=EDGE_CURVE('',#930,#931,#622,.T.);
#1622=EDGE_CURVE('',#931,#927,#627,.T.);
#1624=EDGE_CURVE('',#927,#925,#632,.T.);
#1626=EDGE_CURVE('',#925,#930,#637,.T.);
#1637=EDGE_CURVE('',#925,#927,#642,.T.);
#1649=EDGE_CURVE('',#925,#923,#651,.T.);
#1651=EDGE_CURVE('',#922,#923,#670,.T.);
#1653=EDGE_CURVE('',#927,#922,#655,.T.);
#1666=EDGE_CURVE('',#923,#922,#675,.T.);
#1677=EDGE_CURVE('',#998,#999,#660,.T.);
#1679=EDGE_CURVE('',#999,#998,#665,.T.);
#1694=EDGE_CURVE('',#989,#999,#695,.T.);
#1696=EDGE_CURVE('',#989,#991,#680,.T.);
#1698=EDGE_CURVE('',#991,#998,#685,.T.);
#1710=EDGE_CURVE('',#991,#989,#690,.T.);
#1721=EDGE_CURVE('',#985,#987,#704,.T.);
#1723=EDGE_CURVE('',#985,#989,#699,.T.);
#1726=EDGE_CURVE('',#987,#991,#819,.T.);
#1737=EDGE_CURVE('',#987,#982,#709,.T.);
#1739=EDGE_CURVE('',#983,#982,#729,.T.);
#1741=EDGE_CURVE('',#985,#983,#714,.T.);
#1752=EDGE_CURVE('',#982,#983,#724,.T.);
#1755=EDGE_CURVE('',#987,#985,#719,.T.);
#1769=EDGE_CURVE('',#977,#979,#734,.T.);
#1771=EDGE_CURVE('',#979,#977,#739,.T.);
#1781=EDGE_CURVE('',#977,#975,#743,.T.);
#1783=EDGE_CURVE('',#974,#975,#762,.T.);
#1785=EDGE_CURVE('',#979,#974,#747,.T.);
#1798=EDGE_CURVE('',#975,#974,#767,.T.);
#1809=EDGE_CURVE('',#971,#969,#752,.T.);
#1811=EDGE_CURVE('',#969,#971,#757,.T.);
#1825=EDGE_CURVE('',#967,#965,#772,.T.);
#1827=EDGE_CURVE('',#965,#969,#777,.T.);
#1830=EDGE_CURVE('',#967,#971,#810,.T.);
#1841=EDGE_CURVE('',#967,#961,#781,.T.);
#1843=EDGE_CURVE('',#963,#961,#805,.T.);
#1845=EDGE_CURVE('',#965,#963,#785,.T.);
#1856=EDGE_CURVE('',#961,#963,#790,.T.);
#1859=EDGE_CURVE('',#965,#967,#815,.T.);
#1870=EDGE_CURVE('',#963,#958,#795,.T.);
#1873=EDGE_CURVE('',#961,#959,#800,.T.);
#1964=CIRCLE('',#1963,4.666666666667E0);
#1969=CIRCLE('',#1968,9.333333333333E-1);
#1974=CIRCLE('',#1973,4.666666666667E0);
#1979=CIRCLE('',#1978,9.333333333333E-1);
#1984=CIRCLE('',#1983,4.316666666667E0);
#1989=CIRCLE('',#1988,9.333333333333E-1);
#1994=CIRCLE('',#1993,4.666666666667E0);
#1999=CIRCLE('',#1998,4.316666666667E0);
#2004=CIRCLE('',#2003,9.333333333333E-1);
#2009=CIRCLE('',#2008,4.666666666667E0);
#2018=CIRCLE('',#2017,4.666666666667E0);
#2023=CIRCLE('',#2022,4.666666666667E0);
#2028=CIRCLE('',#2027,4.520833333333E0);
#2033=CIRCLE('',#2032,4.520833333333E0);
#2046=CIRCLE('',#2045,4.520833333333E0);
#2051=CIRCLE('',#2050,4.520833333333E0);
#2056=CIRCLE('',#2055,3.65E0);
#2061=CIRCLE('',#2060,3.65E0);
#2070=CIRCLE('',#2069,3.5E0);
#2075=CIRCLE('',#2074,1.5E-1);
#2088=CIRCLE('',#2087,1.5E-1);
#2093=CIRCLE('',#2092,3.5E0);
#2098=CIRCLE('',#2097,1.5E-1);
#2103=CIRCLE('',#2102,3.5E0);
#2108=CIRCLE('',#2107,1.5E-1);
#2113=CIRCLE('',#2112,3.5E0);
#2118=CIRCLE('',#2117,4.520833333333E0);
#2123=CIRCLE('',#2122,4.520833333333E0);
#2128=CIRCLE('',#2127,3.65E0);
#2133=CIRCLE('',#2132,3.65E0);
#2142=CIRCLE('',#2141,4.666666666667E0);
#2147=CIRCLE('',#2146,4.666666666667E0);
#2152=CIRCLE('',#2151,4.520833333333E0);
#2157=CIRCLE('',#2156,4.520833333333E0);
#2219=EDGE_CURVE('',#2193,#2188,#1955,.T.);
#2221=EDGE_CURVE('',#2189,#2188,#2147,.T.);
#2223=EDGE_CURVE('',#2192,#2189,#1959,.T.);
#2225=EDGE_CURVE('',#2193,#2192,#1974,.T.);
#2235=EDGE_CURVE('',#2192,#2193,#1964,.T.);
#2238=EDGE_CURVE('',#2188,#2189,#2142,.T.);
#2249=EDGE_CURVE('',#2192,#2195,#1979,.T.);
#2252=EDGE_CURVE('',#2193,#2197,#1969,.T.);
#2254=EDGE_CURVE('',#2195,#2197,#1999,.T.);
#2267=EDGE_CURVE('',#2197,#2195,#1984,.T.);
#2278=EDGE_CURVE('',#2195,#2199,#1989,.T.);
#2280=EDGE_CURVE('',#2199,#2201,#1994,.T.);
#2282=EDGE_CURVE('',#2197,#2201,#2004,.T.);
#2294=EDGE_CURVE('',#2201,#2199,#2009,.T.);
#2305=EDGE_CURVE('',#2204,#2205,#2018,.T.);
#2307=EDGE_CURVE('',#2204,#2199,#2013,.T.);
#2310=EDGE_CURVE('',#2205,#2201,#2037,.T.);
#2321=EDGE_CURVE('',#2205,#2204,#2023,.T.);
#2325=EDGE_CURVE('',#2208,#2209,#2028,.T.);
#2327=EDGE_CURVE('',#2209,#2208,#2033,.T.);
#2349=EDGE_CURVE('',#2212,#2213,#2046,.T.);
#2351=EDGE_CURVE('',#2212,#2209,#2041,.T.);
#2354=EDGE_CURVE('',#2213,#2208,#2065,.T.);
#2365=EDGE_CURVE('',#2213,#2212,#2051,.T.);
#2369=EDGE_CURVE('',#2171,#2173,#2056,.T.);
#2371=EDGE_CURVE('',#2173,#2171,#2061,.T.);
#2393=EDGE_CURVE('',#2165,#2164,#2070,.T.);
#2395=EDGE_CURVE('',#2164,#2173,#2075,.T.);
#2398=EDGE_CURVE('',#2165,#2171,#2088,.T.);
#2408=EDGE_CURVE('',#2165,#2169,#2079,.T.);
#2410=EDGE_CURVE('',#2167,#2169,#2113,.T.);
#2412=EDGE_CURVE('',#2164,#2167,#2083,.T.);
#2423=EDGE_CURVE('',#2164,#2165,#2093,.T.);
#2426=EDGE_CURVE('',#2169,#2167,#2103,.T.);
#2449=EDGE_CURVE('',#2177,#2169,#2098,.T.);
#2452=EDGE_CURVE('',#2176,#2167,#2108,.T.);
#2454=EDGE_CURVE('',#2177,#2176,#2133,.T.);
#2464=EDGE_CURVE('',#2176,#2177,#2128,.T.);
#2477=EDGE_CURVE('',#2180,#2181,#2118,.T.);
#2479=EDGE_CURVE('',#2181,#2180,#2123,.T.);
#2493=EDGE_CURVE('',#2184,#2185,#2152,.T.);
#2495=EDGE_CURVE('',#2184,#2181,#2137,.T.);
#2498=EDGE_CURVE('',#2185,#2180,#2161,.T.);
#2513=EDGE_CURVE('',#2185,#2184,#2157,.T.);
#2532=(LENGTH_UNIT()NAMED_UNIT(*)SI_UNIT(.MILLI.,.METRE.));
#2534=(NAMED_UNIT(*)PLANE_ANGLE_UNIT()SI_UNIT($,.RADIAN.));
#2537=(NAMED_UNIT(*)SI_UNIT($,.STERADIAN.)SOLID_ANGLE_UNIT());
#2540=ADVANCED_BREP_SHAPE_REPRESENTATION('',(#1951,#2531),#2539);
#2547=PRODUCT_DEFINITION('design','',#2546,#2543);
#2548=PRODUCT_DEFINITION_SHAPE('','SHAPE FOR 687ZZ-EA023.',#2547);
#2549=SHAPE_DEFINITION_REPRESENTATION(#2548,#2540);
ENDSEC;
END-ISO-10303-21;
