ISO-10303-21;
HEADER;
FILE_DESCRIPTION((''),'2;1');
FILE_NAME('623ZZ-EA008','2025-12-19T16:30:40',('qinghui.yi'),(''),
'CREO PARAMETRIC BY PTC INC, 2019164','CREO PARAMETRIC BY PTC INC, 2019164','');
FILE_SCHEMA(('CONFIG_CONTROL_DESIGN','SHAPE_APPEARANCE_LAYERS_GROUPS'));
ENDSEC;
DATA;
#204=CARTESIAN_POINT('',(1.85E0,0.E0,-4.85E0));
#205=DIRECTION('',(0.E0,1.E0,0.E0));
#206=DIRECTION('',(1.E0,0.E0,0.E0));
#207=AXIS2_PLACEMENT_3D('',#204,#205,#206);
#209=CARTESIAN_POINT('',(1.85E0,0.E0,0.E0));
#210=DIRECTION('',(-1.E0,0.E0,0.E0));
#211=DIRECTION('',(0.E0,0.E0,-1.E0));
#212=AXIS2_PLACEMENT_3D('',#209,#210,#211);
#214=CARTESIAN_POINT('',(1.85E0,0.E0,4.85E0));
#215=DIRECTION('',(0.E0,-1.E0,0.E0));
#216=DIRECTION('',(1.E0,0.E0,0.E0));
#217=AXIS2_PLACEMENT_3D('',#214,#215,#216);
#219=CARTESIAN_POINT('',(1.85E0,0.E0,0.E0));
#220=DIRECTION('',(-1.E0,0.E0,0.E0));
#221=DIRECTION('',(0.E0,0.E0,1.E0));
#222=AXIS2_PLACEMENT_3D('',#219,#220,#221);
#224=CARTESIAN_POINT('',(2.E0,0.E0,0.E0));
#225=DIRECTION('',(-1.E0,0.E0,0.E0));
#226=DIRECTION('',(0.E0,0.E0,1.E0));
#227=AXIS2_PLACEMENT_3D('',#224,#225,#226);
#229=CARTESIAN_POINT('',(2.E0,0.E0,0.E0));
#230=DIRECTION('',(-1.E0,0.E0,0.E0));
#231=DIRECTION('',(0.E0,0.E0,-1.E0));
#232=AXIS2_PLACEMENT_3D('',#229,#230,#231);
#234=CARTESIAN_POINT('',(2.E0,0.E0,0.E0));
#235=DIRECTION('',(1.E0,0.E0,0.E0));
#236=DIRECTION('',(0.E0,0.E0,-1.E0));
#237=AXIS2_PLACEMENT_3D('',#234,#235,#236);
#239=CARTESIAN_POINT('',(2.E0,0.E0,0.E0));
#240=DIRECTION('',(1.E0,0.E0,0.E0));
#241=DIRECTION('',(0.E0,0.E0,1.E0));
#242=AXIS2_PLACEMENT_3D('',#239,#240,#241);
#244=CARTESIAN_POINT('',(1.925E0,0.E0,0.E0));
#245=DIRECTION('',(-1.E0,0.E0,0.E0));
#246=DIRECTION('',(0.E0,0.E0,1.E0));
#247=AXIS2_PLACEMENT_3D('',#244,#245,#246);
#249=DIRECTION('',(6.480829994954E-1,0.E0,7.615697116909E-1));
#250=VECTOR('',#249,5.000000000052E-2);
#251=CARTESIAN_POINT('',(1.892595850025E0,0.E0,3.911921514415E0));
#252=LINE('',#251,#250);
#253=CARTESIAN_POINT('',(1.925E0,0.E0,0.E0));
#254=DIRECTION('',(-1.E0,0.E0,0.E0));
#255=DIRECTION('',(0.E0,0.E0,-1.E0));
#256=AXIS2_PLACEMENT_3D('',#253,#254,#255);
#258=DIRECTION('',(6.480829994954E-1,0.E0,-7.615697116909E-1));
#259=VECTOR('',#258,5.000000000052E-2);
#260=CARTESIAN_POINT('',(1.892595850025E0,0.E0,-3.911921514415E0));
#261=LINE('',#260,#259);
#262=DIRECTION('',(1.E0,0.E0,0.E0));
#263=VECTOR('',#262,7.499999999985E-2);
#264=CARTESIAN_POINT('',(1.925E0,0.E0,-3.95E0));
#265=LINE('',#264,#263);
#266=DIRECTION('',(-1.E0,0.E0,0.E0));
#267=VECTOR('',#266,7.499999999985E-2);
#268=CARTESIAN_POINT('',(2.E0,0.E0,3.95E0));
#269=LINE('',#268,#267);
#270=DIRECTION('',(-7.615697116891E-1,0.E0,6.480829994976E-1));
#271=VECTOR('',#270,1.331378775727E-1);
#272=CARTESIAN_POINT('',(1.892595850025E0,0.E0,3.911921514415E0));
#273=LINE('',#272,#271);
#274=CARTESIAN_POINT('',(1.892595850025E0,0.E0,0.E0));
#275=DIRECTION('',(-1.E0,0.E0,0.E0));
#276=DIRECTION('',(0.E0,0.E0,-1.E0));
#277=AXIS2_PLACEMENT_3D('',#274,#275,#276);
#279=CARTESIAN_POINT('',(1.892595850025E0,0.E0,0.E0));
#280=DIRECTION('',(-1.E0,0.E0,0.E0));
#281=DIRECTION('',(0.E0,0.E0,1.E0));
#282=AXIS2_PLACEMENT_3D('',#279,#280,#281);
#284=DIRECTION('',(-7.615697116891E-1,0.E0,-6.480829994976E-1));
#285=VECTOR('',#284,1.331378775727E-1);
#286=CARTESIAN_POINT('',(1.892595850025E0,0.E0,-3.911921514415E0));
#287=LINE('',#286,#285);
#288=CARTESIAN_POINT('',(1.775E0,0.E0,3.979166666667E0));
#289=DIRECTION('',(0.E0,1.E0,0.E0));
#290=DIRECTION('',(-1.E0,0.E0,0.E0));
#291=AXIS2_PLACEMENT_3D('',#288,#289,#290);
#293=CARTESIAN_POINT('',(1.775E0,0.E0,3.979166666667E0));
#294=DIRECTION('',(0.E0,1.E0,0.E0));
#295=DIRECTION('',(0.E0,0.E0,1.E0));
#296=AXIS2_PLACEMENT_3D('',#293,#294,#295);
#298=CARTESIAN_POINT('',(1.791202074987E0,0.E0,0.E0));
#299=DIRECTION('',(-1.E0,0.E0,0.E0));
#300=DIRECTION('',(0.E0,0.E0,1.E0));
#301=AXIS2_PLACEMENT_3D('',#298,#299,#300);
#303=CARTESIAN_POINT('',(1.75E0,0.E0,0.E0));
#304=DIRECTION('',(-1.E0,0.E0,0.E0));
#305=DIRECTION('',(0.E0,0.E0,1.E0));
#306=AXIS2_PLACEMENT_3D('',#303,#304,#305);
#308=CARTESIAN_POINT('',(1.75E0,0.E0,0.E0));
#309=DIRECTION('',(-1.E0,0.E0,0.E0));
#310=DIRECTION('',(0.E0,0.E0,-1.E0));
#311=AXIS2_PLACEMENT_3D('',#308,#309,#310);
#313=CARTESIAN_POINT('',(1.75E0,0.E0,0.E0));
#314=DIRECTION('',(1.E0,0.E0,0.E0));
#315=DIRECTION('',(0.E0,0.E0,-1.E0));
#316=AXIS2_PLACEMENT_3D('',#313,#314,#315);
#318=CARTESIAN_POINT('',(1.75E0,0.E0,0.E0));
#319=DIRECTION('',(1.E0,0.E0,0.E0));
#320=DIRECTION('',(0.E0,0.E0,1.E0));
#321=AXIS2_PLACEMENT_3D('',#318,#319,#320);
#323=CARTESIAN_POINT('',(1.775E0,0.E0,-3.979166666667E0));
#324=DIRECTION('',(0.E0,-1.E0,0.E0));
#325=DIRECTION('',(0.E0,0.E0,-1.E0));
#326=AXIS2_PLACEMENT_3D('',#323,#324,#325);
#328=CARTESIAN_POINT('',(1.791202074987E0,0.E0,0.E0));
#329=DIRECTION('',(-1.E0,0.E0,0.E0));
#330=DIRECTION('',(0.E0,0.E0,-1.E0));
#331=AXIS2_PLACEMENT_3D('',#328,#329,#330);
#333=CARTESIAN_POINT('',(1.775E0,0.E0,-3.979166666667E0));
#334=DIRECTION('',(0.E0,-1.E0,0.E0));
#335=DIRECTION('',(-1.E0,0.E0,0.E0));
#336=AXIS2_PLACEMENT_3D('',#333,#334,#335);
#338=CARTESIAN_POINT('',(1.784126864653E0,0.E0,0.E0));
#339=DIRECTION('',(1.E0,0.E0,0.E0));
#340=DIRECTION('',(0.E0,0.E0,-1.E0));
#341=AXIS2_PLACEMENT_3D('',#338,#339,#340);
#343=CARTESIAN_POINT('',(1.913899886371E0,0.E0,3.90625E0));
#344=DIRECTION('',(0.E0,1.E0,0.E0));
#345=DIRECTION('',(-7.917822555609E-1,0.E0,-6.108034542952E-1));
#346=AXIS2_PLACEMENT_3D('',#343,#344,#345);
#348=DIRECTION('',(-6.108034542926E-1,0.E0,7.917822555629E-1));
#349=VECTOR('',#348,2.272722890830E-1);
#350=CARTESIAN_POINT('',(1.922945563891E0,0.E0,3.626189217569E0));
#351=LINE('',#350,#349);
#352=DIRECTION('',(-6.108034542926E-1,0.E0,-7.917822555629E-1));
#353=VECTOR('',#352,2.272722890830E-1);
#354=CARTESIAN_POINT('',(1.922945563891E0,0.E0,-3.626189217569E0));
#355=LINE('',#354,#353);
#356=CARTESIAN_POINT('',(1.922945563891E0,0.E0,0.E0));
#357=DIRECTION('',(-1.E0,0.E0,0.E0));
#358=DIRECTION('',(0.E0,0.E0,-1.E0));
#359=AXIS2_PLACEMENT_3D('',#356,#357,#358);
#361=CARTESIAN_POINT('',(1.725E0,0.E0,3.473488353996E0));
#362=DIRECTION('',(0.E0,1.E0,0.E0));
#363=DIRECTION('',(7.917822555636E-1,0.E0,6.108034542917E-1));
#364=AXIS2_PLACEMENT_3D('',#361,#362,#363);
#366=CARTESIAN_POINT('',(1.725E0,0.E0,-3.473488353996E0));
#367=DIRECTION('',(0.E0,-1.E0,0.E0));
#368=DIRECTION('',(7.917822555636E-1,0.E0,-6.108034542917E-1));
#369=AXIS2_PLACEMENT_3D('',#366,#367,#368);
#371=CARTESIAN_POINT('',(1.922945563891E0,0.E0,0.E0));
#372=DIRECTION('',(-1.E0,0.E0,0.E0));
#373=DIRECTION('',(0.E0,0.E0,1.E0));
#374=AXIS2_PLACEMENT_3D('',#371,#372,#373);
#376=CARTESIAN_POINT('',(1.975E0,0.E0,0.E0));
#377=DIRECTION('',(-1.E0,0.E0,0.E0));
#378=DIRECTION('',(0.E0,0.E0,1.E0));
#379=AXIS2_PLACEMENT_3D('',#376,#377,#378);
#381=CARTESIAN_POINT('',(1.975E0,0.E0,0.E0));
#382=DIRECTION('',(-1.E0,0.E0,0.E0));
#383=DIRECTION('',(0.E0,0.E0,-1.E0));
#384=AXIS2_PLACEMENT_3D('',#381,#382,#383);
#386=CARTESIAN_POINT('',(1.975E0,0.E0,0.E0));
#387=DIRECTION('',(1.E0,0.E0,0.E0));
#388=DIRECTION('',(0.E0,0.E0,-1.E0));
#389=AXIS2_PLACEMENT_3D('',#386,#387,#388);
#391=CARTESIAN_POINT('',(1.975E0,0.E0,0.E0));
#392=DIRECTION('',(1.E0,0.E0,0.E0));
#393=DIRECTION('',(0.E0,0.E0,1.E0));
#394=AXIS2_PLACEMENT_3D('',#391,#392,#393);
#396=DIRECTION('',(1.E0,0.E0,0.E0));
#397=VECTOR('',#396,5.E-2);
#398=CARTESIAN_POINT('',(1.925E0,0.E0,2.55E0));
#399=LINE('',#398,#397);
#400=CARTESIAN_POINT('',(1.925E0,0.E0,0.E0));
#401=DIRECTION('',(1.E0,0.E0,0.E0));
#402=DIRECTION('',(0.E0,0.E0,-1.E0));
#403=AXIS2_PLACEMENT_3D('',#400,#401,#402);
#405=CARTESIAN_POINT('',(1.925E0,0.E0,0.E0));
#406=DIRECTION('',(1.E0,0.E0,0.E0));
#407=DIRECTION('',(0.E0,0.E0,1.E0));
#408=AXIS2_PLACEMENT_3D('',#405,#406,#407);
#410=CARTESIAN_POINT('',(1.925E0,0.E0,0.E0));
#411=DIRECTION('',(-1.E0,0.E0,0.E0));
#412=DIRECTION('',(0.E0,0.E0,1.E0));
#413=AXIS2_PLACEMENT_3D('',#410,#411,#412);
#415=CARTESIAN_POINT('',(1.925E0,0.E0,0.E0));
#416=DIRECTION('',(-1.E0,0.E0,0.E0));
#417=DIRECTION('',(0.E0,0.E0,-1.E0));
#418=AXIS2_PLACEMENT_3D('',#415,#416,#417);
#420=CARTESIAN_POINT('',(1.883356451113E0,0.E0,0.E0));
#421=DIRECTION('',(1.E0,0.E0,0.E0));
#422=DIRECTION('',(0.E0,0.E0,-1.E0));
#423=AXIS2_PLACEMENT_3D('',#420,#421,#422);
#425=CARTESIAN_POINT('',(1.725E0,0.E0,3.473488353996E0));
#426=DIRECTION('',(0.E0,1.E0,0.E0));
#427=DIRECTION('',(7.917822555649E-1,0.E0,6.108034542899E-1));
#428=AXIS2_PLACEMENT_3D('',#425,#426,#427);
#430=DIRECTION('',(-6.108034542926E-1,0.E0,-7.917822555629E-1));
#431=VECTOR('',#430,2.272722890844E-1);
#432=CARTESIAN_POINT('',(1.883356451113E0,0.E0,-3.595649044854E0));
#433=LINE('',#432,#431);
#434=DIRECTION('',(-6.108034542926E-1,0.E0,7.917822555629E-1));
#435=VECTOR('',#434,2.272722890844E-1);
#436=CARTESIAN_POINT('',(1.883356451113E0,0.E0,3.595649044854E0));
#437=LINE('',#436,#435);
#438=CARTESIAN_POINT('',(1.7E0,0.E0,0.E0));
#439=DIRECTION('',(1.E0,0.E0,0.E0));
#440=DIRECTION('',(0.E0,0.E0,1.E0));
#441=AXIS2_PLACEMENT_3D('',#438,#439,#440);
#443=CARTESIAN_POINT('',(1.744537751875E0,0.E0,0.E0));
#444=DIRECTION('',(-1.E0,0.E0,0.E0));
#445=DIRECTION('',(0.E0,0.E0,-1.E0));
#446=AXIS2_PLACEMENT_3D('',#443,#444,#445);
#448=CARTESIAN_POINT('',(1.913899886371E0,0.E0,3.90625E0));
#449=DIRECTION('',(0.E0,1.E0,0.E0));
#450=DIRECTION('',(-7.917822555642E-1,0.E0,-6.108034542908E-1));
#451=AXIS2_PLACEMENT_3D('',#448,#449,#450);
#453=CARTESIAN_POINT('',(1.7E0,0.E0,0.E0));
#454=DIRECTION('',(1.E0,0.E0,0.E0));
#455=DIRECTION('',(0.E0,0.E0,-1.E0));
#456=AXIS2_PLACEMENT_3D('',#453,#454,#455);
#458=CARTESIAN_POINT('',(1.7E0,0.E0,0.E0));
#459=DIRECTION('',(1.E0,0.E0,0.E0));
#460=DIRECTION('',(0.E0,0.E0,1.E0));
#461=AXIS2_PLACEMENT_3D('',#458,#459,#460);
#463=CARTESIAN_POINT('',(1.7E0,0.E0,0.E0));
#464=DIRECTION('',(1.E0,0.E0,0.E0));
#465=DIRECTION('',(0.E0,0.E0,-1.E0));
#466=AXIS2_PLACEMENT_3D('',#463,#464,#465);
#468=CARTESIAN_POINT('',(1.744537751875E0,0.E0,0.E0));
#469=DIRECTION('',(-1.E0,0.E0,0.E0));
#470=DIRECTION('',(0.E0,0.E0,1.E0));
#471=AXIS2_PLACEMENT_3D('',#468,#469,#470);
#473=CARTESIAN_POINT('',(1.913899886371E0,0.E0,-3.90625E0));
#474=DIRECTION('',(0.E0,-1.E0,0.E0));
#475=DIRECTION('',(-7.917822555642E-1,0.E0,6.108034542908E-1));
#476=AXIS2_PLACEMENT_3D('',#473,#474,#475);
#478=DIRECTION('',(-1.E0,0.E0,-6.811626630640E-14));
#479=VECTOR('',#478,9.714169001868E-1);
#480=CARTESIAN_POINT('',(1.7E0,0.E0,-3.833333333333E0));
#481=LINE('',#480,#479);
#482=DIRECTION('',(-1.E0,0.E0,6.811626630640E-14));
#483=VECTOR('',#482,9.714169001868E-1);
#484=CARTESIAN_POINT('',(1.7E0,0.E0,3.833333333333E0));
#485=LINE('',#484,#483);
#486=CARTESIAN_POINT('',(7.285830998134E-1,0.E0,0.E0));
#487=DIRECTION('',(-1.E0,0.E0,0.E0));
#488=DIRECTION('',(0.E0,0.E0,-1.E0));
#489=AXIS2_PLACEMENT_3D('',#486,#487,#488);
#491=CARTESIAN_POINT('',(0.E0,0.E0,3.25E0));
#492=DIRECTION('',(0.E0,-1.E0,0.E0));
#493=DIRECTION('',(7.806247498E-1,0.E0,6.249999999998E-1));
#494=AXIS2_PLACEMENT_3D('',#491,#492,#493);
#496=CARTESIAN_POINT('',(-7.285830998134E-1,0.E0,0.E0));
#497=DIRECTION('',(1.E0,0.E0,0.E0));
#498=DIRECTION('',(0.E0,0.E0,1.E0));
#499=AXIS2_PLACEMENT_3D('',#496,#497,#498);
#501=CARTESIAN_POINT('',(0.E0,0.E0,-3.25E0));
#502=DIRECTION('',(0.E0,-1.E0,0.E0));
#503=DIRECTION('',(-7.806247498E-1,0.E0,-6.249999999998E-1));
#504=AXIS2_PLACEMENT_3D('',#501,#502,#503);
#506=CARTESIAN_POINT('',(-7.285830998134E-1,0.E0,0.E0));
#507=DIRECTION('',(1.E0,0.E0,0.E0));
#508=DIRECTION('',(0.E0,0.E0,-1.E0));
#509=AXIS2_PLACEMENT_3D('',#506,#507,#508);
#511=CARTESIAN_POINT('',(7.285830998134E-1,0.E0,0.E0));
#512=DIRECTION('',(-1.E0,0.E0,0.E0));
#513=DIRECTION('',(0.E0,0.E0,1.E0));
#514=AXIS2_PLACEMENT_3D('',#511,#512,#513);
#516=DIRECTION('',(-1.E0,0.E0,6.811626630640E-14));
#517=VECTOR('',#516,9.714169001868E-1);
#518=CARTESIAN_POINT('',(-7.285830998132E-1,0.E0,-3.833333333333E0));
#519=LINE('',#518,#517);
#520=DIRECTION('',(-1.E0,0.E0,-6.811626630640E-14));
#521=VECTOR('',#520,9.714169001868E-1);
#522=CARTESIAN_POINT('',(-7.285830998132E-1,0.E0,3.833333333333E0));
#523=LINE('',#522,#521);
#524=CARTESIAN_POINT('',(-1.7E0,0.E0,0.E0));
#525=DIRECTION('',(-1.E0,0.E0,0.E0));
#526=DIRECTION('',(0.E0,0.E0,1.E0));
#527=AXIS2_PLACEMENT_3D('',#524,#525,#526);
#529=CARTESIAN_POINT('',(-1.7E0,0.E0,0.E0));
#530=DIRECTION('',(-1.E0,0.E0,0.E0));
#531=DIRECTION('',(0.E0,0.E0,-1.E0));
#532=AXIS2_PLACEMENT_3D('',#529,#530,#531);
#534=CARTESIAN_POINT('',(-1.7E0,0.E0,0.E0));
#535=DIRECTION('',(-1.E0,0.E0,0.E0));
#536=DIRECTION('',(0.E0,0.E0,1.E0));
#537=AXIS2_PLACEMENT_3D('',#534,#535,#536);
#539=CARTESIAN_POINT('',(-1.744537751875E0,0.E0,0.E0));
#540=DIRECTION('',(1.E0,0.E0,0.E0));
#541=DIRECTION('',(0.E0,0.E0,-1.E0));
#542=AXIS2_PLACEMENT_3D('',#539,#540,#541);
#544=CARTESIAN_POINT('',(-1.913899886371E0,0.E0,3.90625E0));
#545=DIRECTION('',(0.E0,-1.E0,0.E0));
#546=DIRECTION('',(7.917822555642E-1,0.E0,-6.108034542908E-1));
#547=AXIS2_PLACEMENT_3D('',#544,#545,#546);
#549=CARTESIAN_POINT('',(-1.7E0,0.E0,0.E0));
#550=DIRECTION('',(-1.E0,0.E0,0.E0));
#551=DIRECTION('',(0.E0,0.E0,-1.E0));
#552=AXIS2_PLACEMENT_3D('',#549,#550,#551);
#554=CARTESIAN_POINT('',(-1.744537751875E0,0.E0,0.E0));
#555=DIRECTION('',(1.E0,0.E0,0.E0));
#556=DIRECTION('',(0.E0,0.E0,1.E0));
#557=AXIS2_PLACEMENT_3D('',#554,#555,#556);
#559=CARTESIAN_POINT('',(-1.913899886371E0,0.E0,-3.90625E0));
#560=DIRECTION('',(0.E0,1.E0,0.E0));
#561=DIRECTION('',(7.917822555642E-1,0.E0,6.108034542908E-1));
#562=AXIS2_PLACEMENT_3D('',#559,#560,#561);
#564=DIRECTION('',(6.108034542926E-1,0.E0,-7.917822555629E-1));
#565=VECTOR('',#564,2.272722890844E-1);
#566=CARTESIAN_POINT('',(-1.883356451113E0,0.E0,-3.595649044854E0));
#567=LINE('',#566,#565);
#568=CARTESIAN_POINT('',(-1.883356451113E0,0.E0,0.E0));
#569=DIRECTION('',(-1.E0,0.E0,0.E0));
#570=DIRECTION('',(0.E0,0.E0,-1.E0));
#571=AXIS2_PLACEMENT_3D('',#568,#569,#570);
#573=CARTESIAN_POINT('',(-1.725E0,0.E0,3.473488353996E0));
#574=DIRECTION('',(0.E0,-1.E0,0.E0));
#575=DIRECTION('',(-7.917822555649E-1,0.E0,6.108034542899E-1));
#576=AXIS2_PLACEMENT_3D('',#573,#574,#575);
#578=CARTESIAN_POINT('',(-1.725E0,0.E0,-3.473488353996E0));
#579=DIRECTION('',(0.E0,1.E0,0.E0));
#580=DIRECTION('',(-7.917822555649E-1,0.E0,-6.108034542899E-1));
#581=AXIS2_PLACEMENT_3D('',#578,#579,#580);
#583=CARTESIAN_POINT('',(-1.883356451113E0,0.E0,0.E0));
#584=DIRECTION('',(-1.E0,0.E0,0.E0));
#585=DIRECTION('',(0.E0,0.E0,1.E0));
#586=AXIS2_PLACEMENT_3D('',#583,#584,#585);
#588=CARTESIAN_POINT('',(-1.925E0,0.E0,0.E0));
#589=DIRECTION('',(-1.E0,0.E0,0.E0));
#590=DIRECTION('',(0.E0,0.E0,1.E0));
#591=AXIS2_PLACEMENT_3D('',#588,#589,#590);
#593=CARTESIAN_POINT('',(-1.925E0,0.E0,0.E0));
#594=DIRECTION('',(-1.E0,0.E0,0.E0));
#595=DIRECTION('',(0.E0,0.E0,-1.E0));
#596=AXIS2_PLACEMENT_3D('',#593,#594,#595);
#598=CARTESIAN_POINT('',(-1.925E0,0.E0,0.E0));
#599=DIRECTION('',(1.E0,0.E0,0.E0));
#600=DIRECTION('',(0.E0,0.E0,-1.E0));
#601=AXIS2_PLACEMENT_3D('',#598,#599,#600);
#603=CARTESIAN_POINT('',(-1.925E0,0.E0,0.E0));
#604=DIRECTION('',(1.E0,0.E0,0.E0));
#605=DIRECTION('',(0.E0,0.E0,1.E0));
#606=AXIS2_PLACEMENT_3D('',#603,#604,#605);
#608=DIRECTION('',(-1.E0,0.E0,0.E0));
#609=VECTOR('',#608,5.E-2);
#610=CARTESIAN_POINT('',(-1.925E0,0.E0,-2.55E0));
#611=LINE('',#610,#609);
#612=DIRECTION('',(-1.E0,0.E0,0.E0));
#613=VECTOR('',#612,5.E-2);
#614=CARTESIAN_POINT('',(-1.925E0,0.E0,2.55E0));
#615=LINE('',#614,#613);
#616=CARTESIAN_POINT('',(-1.975E0,0.E0,0.E0));
#617=DIRECTION('',(1.E0,0.E0,0.E0));
#618=DIRECTION('',(0.E0,0.E0,-1.E0));
#619=AXIS2_PLACEMENT_3D('',#616,#617,#618);
#621=CARTESIAN_POINT('',(-1.975E0,0.E0,0.E0));
#622=DIRECTION('',(1.E0,0.E0,0.E0));
#623=DIRECTION('',(0.E0,0.E0,1.E0));
#624=AXIS2_PLACEMENT_3D('',#621,#622,#623);
#626=CARTESIAN_POINT('',(-1.975E0,0.E0,0.E0));
#627=DIRECTION('',(-1.E0,0.E0,0.E0));
#628=DIRECTION('',(0.E0,0.E0,1.E0));
#629=AXIS2_PLACEMENT_3D('',#626,#627,#628);
#631=CARTESIAN_POINT('',(-1.975E0,0.E0,0.E0));
#632=DIRECTION('',(-1.E0,0.E0,0.E0));
#633=DIRECTION('',(0.E0,0.E0,-1.E0));
#634=AXIS2_PLACEMENT_3D('',#631,#632,#633);
#636=CARTESIAN_POINT('',(-1.922945563891E0,0.E0,0.E0));
#637=DIRECTION('',(1.E0,0.E0,0.E0));
#638=DIRECTION('',(0.E0,0.E0,-1.E0));
#639=AXIS2_PLACEMENT_3D('',#636,#637,#638);
#641=CARTESIAN_POINT('',(-1.725E0,0.E0,3.473488353996E0));
#642=DIRECTION('',(0.E0,-1.E0,0.E0));
#643=DIRECTION('',(-7.917822555636E-1,0.E0,6.108034542917E-1));
#644=AXIS2_PLACEMENT_3D('',#641,#642,#643);
#646=DIRECTION('',(6.108034542926E-1,0.E0,-7.917822555629E-1));
#647=VECTOR('',#646,2.272722890830E-1);
#648=CARTESIAN_POINT('',(-1.922945563891E0,0.E0,-3.626189217569E0));
#649=LINE('',#648,#647);
#650=DIRECTION('',(6.108034542926E-1,0.E0,7.917822555629E-1));
#651=VECTOR('',#650,2.272722890830E-1);
#652=CARTESIAN_POINT('',(-1.922945563891E0,0.E0,3.626189217569E0));
#653=LINE('',#652,#651);
#654=CARTESIAN_POINT('',(-1.784126864653E0,0.E0,0.E0));
#655=DIRECTION('',(-1.E0,0.E0,0.E0));
#656=DIRECTION('',(0.E0,0.E0,-1.E0));
#657=AXIS2_PLACEMENT_3D('',#654,#655,#656);
#659=CARTESIAN_POINT('',(-1.913899886371E0,0.E0,3.90625E0));
#660=DIRECTION('',(0.E0,-1.E0,0.E0));
#661=DIRECTION('',(7.917822555609E-1,0.E0,-6.108034542952E-1));
#662=AXIS2_PLACEMENT_3D('',#659,#660,#661);
#664=CARTESIAN_POINT('',(-1.913899886371E0,0.E0,-3.90625E0));
#665=DIRECTION('',(0.E0,1.E0,0.E0));
#666=DIRECTION('',(7.917822555609E-1,0.E0,6.108034542952E-1));
#667=AXIS2_PLACEMENT_3D('',#664,#665,#666);
#669=CARTESIAN_POINT('',(-1.784126864653E0,0.E0,0.E0));
#670=DIRECTION('',(-1.E0,0.E0,0.E0));
#671=DIRECTION('',(0.E0,0.E0,1.E0));
#672=AXIS2_PLACEMENT_3D('',#669,#670,#671);
#674=CARTESIAN_POINT('',(-1.75E0,0.E0,0.E0));
#675=DIRECTION('',(1.E0,0.E0,0.E0));
#676=DIRECTION('',(0.E0,0.E0,-1.E0));
#677=AXIS2_PLACEMENT_3D('',#674,#675,#676);
#679=CARTESIAN_POINT('',(-1.75E0,0.E0,0.E0));
#680=DIRECTION('',(1.E0,0.E0,0.E0));
#681=DIRECTION('',(0.E0,0.E0,1.E0));
#682=AXIS2_PLACEMENT_3D('',#679,#680,#681);
#684=CARTESIAN_POINT('',(-1.75E0,0.E0,0.E0));
#685=DIRECTION('',(-1.E0,0.E0,0.E0));
#686=DIRECTION('',(0.E0,0.E0,1.E0));
#687=AXIS2_PLACEMENT_3D('',#684,#685,#686);
#689=CARTESIAN_POINT('',(-1.75E0,0.E0,0.E0));
#690=DIRECTION('',(-1.E0,0.E0,0.E0));
#691=DIRECTION('',(0.E0,0.E0,-1.E0));
#692=AXIS2_PLACEMENT_3D('',#689,#690,#691);
#694=CARTESIAN_POINT('',(-1.775E0,0.E0,-3.979166666667E0));
#695=DIRECTION('',(0.E0,1.E0,0.E0));
#696=DIRECTION('',(0.E0,0.E0,-1.E0));
#697=AXIS2_PLACEMENT_3D('',#694,#695,#696);
#699=CARTESIAN_POINT('',(-1.791202074987E0,0.E0,0.E0));
#700=DIRECTION('',(1.E0,0.E0,0.E0));
#701=DIRECTION('',(0.E0,0.E0,-1.E0));
#702=AXIS2_PLACEMENT_3D('',#699,#700,#701);
#704=CARTESIAN_POINT('',(-1.775E0,0.E0,-3.979166666667E0));
#705=DIRECTION('',(0.E0,1.E0,0.E0));
#706=DIRECTION('',(1.E0,0.E0,0.E0));
#707=AXIS2_PLACEMENT_3D('',#704,#705,#706);
#709=CARTESIAN_POINT('',(-1.775E0,0.E0,3.979166666667E0));
#710=DIRECTION('',(0.E0,-1.E0,0.E0));
#711=DIRECTION('',(1.E0,0.E0,0.E0));
#712=AXIS2_PLACEMENT_3D('',#709,#710,#711);
#714=CARTESIAN_POINT('',(-1.775E0,0.E0,3.979166666667E0));
#715=DIRECTION('',(0.E0,-1.E0,0.E0));
#716=DIRECTION('',(0.E0,0.E0,1.E0));
#717=AXIS2_PLACEMENT_3D('',#714,#715,#716);
#719=CARTESIAN_POINT('',(-1.791202074987E0,0.E0,0.E0));
#720=DIRECTION('',(1.E0,0.E0,0.E0));
#721=DIRECTION('',(0.E0,0.E0,1.E0));
#722=AXIS2_PLACEMENT_3D('',#719,#720,#721);
#724=DIRECTION('',(7.615697116891E-1,0.E0,-6.480829994976E-1));
#725=VECTOR('',#724,1.331378775727E-1);
#726=CARTESIAN_POINT('',(-1.892595850025E0,0.E0,-3.911921514415E0));
#727=LINE('',#726,#725);
#728=CARTESIAN_POINT('',(-1.925E0,0.E0,0.E0));
#729=DIRECTION('',(-1.E0,0.E0,0.E0));
#730=DIRECTION('',(0.E0,0.E0,-1.E0));
#731=AXIS2_PLACEMENT_3D('',#728,#729,#730);
#733=CARTESIAN_POINT('',(-1.892595850025E0,0.E0,0.E0));
#734=DIRECTION('',(-1.E0,0.E0,0.E0));
#735=DIRECTION('',(0.E0,0.E0,-1.E0));
#736=AXIS2_PLACEMENT_3D('',#733,#734,#735);
#738=DIRECTION('',(-6.480829994954E-1,0.E0,7.615697116909E-1));
#739=VECTOR('',#738,5.000000000052E-2);
#740=CARTESIAN_POINT('',(-1.892595850025E0,0.E0,3.911921514415E0));
#741=LINE('',#740,#739);
#742=DIRECTION('',(-1.E0,0.E0,0.E0));
#743=VECTOR('',#742,7.499999999985E-2);
#744=CARTESIAN_POINT('',(-1.925E0,0.E0,3.95E0));
#745=LINE('',#744,#743);
#746=DIRECTION('',(-1.E0,0.E0,0.E0));
#747=VECTOR('',#746,7.499999999985E-2);
#748=CARTESIAN_POINT('',(-1.925E0,0.E0,-3.95E0));
#749=LINE('',#748,#747);
#750=CARTESIAN_POINT('',(-1.925E0,0.E0,0.E0));
#751=DIRECTION('',(-1.E0,0.E0,0.E0));
#752=DIRECTION('',(0.E0,0.E0,1.E0));
#753=AXIS2_PLACEMENT_3D('',#750,#751,#752);
#755=CARTESIAN_POINT('',(-1.892595850025E0,0.E0,0.E0));
#756=DIRECTION('',(-1.E0,0.E0,0.E0));
#757=DIRECTION('',(0.E0,0.E0,1.E0));
#758=AXIS2_PLACEMENT_3D('',#755,#756,#757);
#760=DIRECTION('',(-6.480829994954E-1,0.E0,-7.615697116909E-1));
#761=VECTOR('',#760,5.000000000052E-2);
#762=CARTESIAN_POINT('',(-1.892595850025E0,0.E0,-3.911921514415E0));
#763=LINE('',#762,#761);
#764=DIRECTION('',(7.615697116891E-1,0.E0,6.480829994976E-1));
#765=VECTOR('',#764,1.331378775727E-1);
#766=CARTESIAN_POINT('',(-1.892595850025E0,0.E0,3.911921514415E0));
#767=LINE('',#766,#765);
#768=CARTESIAN_POINT('',(-2.E0,0.E0,0.E0));
#769=DIRECTION('',(1.E0,0.E0,0.E0));
#770=DIRECTION('',(0.E0,0.E0,-1.E0));
#771=AXIS2_PLACEMENT_3D('',#768,#769,#770);
#773=CARTESIAN_POINT('',(-2.E0,0.E0,0.E0));
#774=DIRECTION('',(1.E0,0.E0,0.E0));
#775=DIRECTION('',(0.E0,0.E0,1.E0));
#776=AXIS2_PLACEMENT_3D('',#773,#774,#775);
#778=CARTESIAN_POINT('',(-2.E0,0.E0,0.E0));
#779=DIRECTION('',(-1.E0,0.E0,0.E0));
#780=DIRECTION('',(0.E0,0.E0,1.E0));
#781=AXIS2_PLACEMENT_3D('',#778,#779,#780);
#783=CARTESIAN_POINT('',(-2.E0,0.E0,0.E0));
#784=DIRECTION('',(-1.E0,0.E0,0.E0));
#785=DIRECTION('',(0.E0,0.E0,-1.E0));
#786=AXIS2_PLACEMENT_3D('',#783,#784,#785);
#788=CARTESIAN_POINT('',(-1.85E0,0.E0,0.E0));
#789=DIRECTION('',(1.E0,0.E0,0.E0));
#790=DIRECTION('',(0.E0,0.E0,-1.E0));
#791=AXIS2_PLACEMENT_3D('',#788,#789,#790);
#793=CARTESIAN_POINT('',(-1.85E0,0.E0,4.85E0));
#794=DIRECTION('',(0.E0,-1.E0,0.E0));
#795=DIRECTION('',(0.E0,0.E0,1.E0));
#796=AXIS2_PLACEMENT_3D('',#793,#794,#795);
#798=DIRECTION('',(-1.E0,0.E0,0.E0));
#799=VECTOR('',#798,3.7E0);
#800=CARTESIAN_POINT('',(1.85E0,0.E0,5.E0));
#801=LINE('',#800,#799);
#802=DIRECTION('',(-1.E0,0.E0,0.E0));
#803=VECTOR('',#802,3.7E0);
#804=CARTESIAN_POINT('',(1.85E0,0.E0,-5.E0));
#805=LINE('',#804,#803);
#806=CARTESIAN_POINT('',(-1.85E0,0.E0,-4.85E0));
#807=DIRECTION('',(0.E0,1.E0,0.E0));
#808=DIRECTION('',(0.E0,0.E0,-1.E0));
#809=AXIS2_PLACEMENT_3D('',#806,#807,#808);
#811=CARTESIAN_POINT('',(-1.85E0,0.E0,0.E0));
#812=DIRECTION('',(1.E0,0.E0,0.E0));
#813=DIRECTION('',(0.E0,0.E0,1.E0));
#814=AXIS2_PLACEMENT_3D('',#811,#812,#813);
#816=CARTESIAN_POINT('',(-1.725E0,0.E0,-3.473488353996E0));
#817=DIRECTION('',(0.E0,1.E0,0.E0));
#818=DIRECTION('',(-7.917822555636E-1,0.E0,-6.108034542917E-1));
#819=AXIS2_PLACEMENT_3D('',#816,#817,#818);
#821=CARTESIAN_POINT('',(-1.922945563891E0,0.E0,0.E0));
#822=DIRECTION('',(1.E0,0.E0,0.E0));
#823=DIRECTION('',(0.E0,0.E0,1.E0));
#824=AXIS2_PLACEMENT_3D('',#821,#822,#823);
#826=DIRECTION('',(6.108034542926E-1,0.E0,7.917822555629E-1));
#827=VECTOR('',#826,2.272722890844E-1);
#828=CARTESIAN_POINT('',(-1.883356451113E0,0.E0,3.595649044854E0));
#829=LINE('',#828,#827);
#830=CARTESIAN_POINT('',(1.725E0,0.E0,-3.473488353996E0));
#831=DIRECTION('',(0.E0,-1.E0,0.E0));
#832=DIRECTION('',(7.917822555649E-1,0.E0,-6.108034542899E-1));
#833=AXIS2_PLACEMENT_3D('',#830,#831,#832);
#835=CARTESIAN_POINT('',(1.883356451113E0,0.E0,0.E0));
#836=DIRECTION('',(1.E0,0.E0,0.E0));
#837=DIRECTION('',(0.E0,0.E0,1.E0));
#838=AXIS2_PLACEMENT_3D('',#835,#836,#837);
#840=DIRECTION('',(1.E0,0.E0,0.E0));
#841=VECTOR('',#840,5.E-2);
#842=CARTESIAN_POINT('',(1.925E0,0.E0,-2.55E0));
#843=LINE('',#842,#841);
#844=CARTESIAN_POINT('',(1.913899886371E0,0.E0,-3.90625E0));
#845=DIRECTION('',(0.E0,-1.E0,0.E0));
#846=DIRECTION('',(-7.917822555609E-1,0.E0,6.108034542952E-1));
#847=AXIS2_PLACEMENT_3D('',#844,#845,#846);
#849=CARTESIAN_POINT('',(1.784126864653E0,0.E0,0.E0));
#850=DIRECTION('',(1.E0,0.E0,0.E0));
#851=DIRECTION('',(0.E0,0.E0,1.E0));
#852=AXIS2_PLACEMENT_3D('',#849,#850,#851);
#854=CARTESIAN_POINT('',(-1.883356451113E0,0.E0,-3.595649044854E0));
#855=CARTESIAN_POINT('',(-1.883356451113E0,0.E0,3.595649044854E0));
#856=VERTEX_POINT('',#854);
#857=VERTEX_POINT('',#855);
#858=CARTESIAN_POINT('',(-1.744537751875E0,0.E0,-3.775599210532E0));
#859=VERTEX_POINT('',#858);
#860=CARTESIAN_POINT('',(-1.744537751875E0,0.E0,3.775599210532E0));
#861=VERTEX_POINT('',#860);
#862=CARTESIAN_POINT('',(-1.925E0,0.E0,3.473488353996E0));
#863=VERTEX_POINT('',#862);
#864=CARTESIAN_POINT('',(-1.925E0,0.E0,-3.473488353996E0));
#865=VERTEX_POINT('',#864);
#866=CARTESIAN_POINT('',(-1.925E0,0.E0,-2.55E0));
#867=CARTESIAN_POINT('',(-1.925E0,0.E0,2.55E0));
#868=VERTEX_POINT('',#866);
#869=VERTEX_POINT('',#867);
#870=CARTESIAN_POINT('',(-1.975E0,0.E0,-2.55E0));
#871=VERTEX_POINT('',#870);
#872=CARTESIAN_POINT('',(-1.975E0,0.E0,2.55E0));
#873=VERTEX_POINT('',#872);
#874=CARTESIAN_POINT('',(-1.975E0,0.E0,-3.473488353996E0));
#875=CARTESIAN_POINT('',(-1.975E0,0.E0,3.473488353996E0));
#876=VERTEX_POINT('',#874);
#877=VERTEX_POINT('',#875);
#878=CARTESIAN_POINT('',(-1.922945563891E0,0.E0,-3.626189217569E0));
#879=CARTESIAN_POINT('',(-1.922945563891E0,0.E0,3.626189217569E0));
#880=VERTEX_POINT('',#878);
#881=VERTEX_POINT('',#879);
#882=CARTESIAN_POINT('',(-1.784126864654E0,0.E0,-3.806139383246E0));
#883=VERTEX_POINT('',#882);
#884=CARTESIAN_POINT('',(-1.784126864653E0,0.E0,3.806139383246E0));
#885=VERTEX_POINT('',#884);
#886=CARTESIAN_POINT('',(-1.75E0,0.E0,3.90625E0));
#887=VERTEX_POINT('',#886);
#888=CARTESIAN_POINT('',(-1.75E0,0.E0,-3.90625E0));
#889=VERTEX_POINT('',#888);
#890=CARTESIAN_POINT('',(-1.75E0,0.E0,-3.979166666667E0));
#891=CARTESIAN_POINT('',(-1.75E0,0.E0,3.979166666667E0));
#892=VERTEX_POINT('',#890);
#893=VERTEX_POINT('',#891);
#894=CARTESIAN_POINT('',(-1.775E0,0.E0,-4.004166666667E0));
#895=CARTESIAN_POINT('',(-1.791202074987E0,0.E0,-3.998205909459E0));
#896=VERTEX_POINT('',#894);
#897=VERTEX_POINT('',#895);
#898=CARTESIAN_POINT('',(-1.791202074987E0,0.E0,3.998205909459E0));
#899=VERTEX_POINT('',#898);
#900=CARTESIAN_POINT('',(-1.775E0,0.E0,4.004166666667E0));
#901=VERTEX_POINT('',#900);
#902=CARTESIAN_POINT('',(-1.892595850025E0,0.E0,-3.911921514415E0));
#903=CARTESIAN_POINT('',(-1.892595850025E0,0.E0,3.911921514415E0));
#904=VERTEX_POINT('',#902);
#905=VERTEX_POINT('',#903);
#906=CARTESIAN_POINT('',(1.892595850025E0,0.E0,-3.911921514415E0));
#907=CARTESIAN_POINT('',(1.892595850025E0,0.E0,3.911921514415E0));
#908=VERTEX_POINT('',#906);
#909=VERTEX_POINT('',#907);
#910=CARTESIAN_POINT('',(1.791202074987E0,0.E0,-3.998205909459E0));
#911=VERTEX_POINT('',#910);
#912=CARTESIAN_POINT('',(1.791202074987E0,0.E0,3.998205909459E0));
#913=VERTEX_POINT('',#912);
#914=CARTESIAN_POINT('',(1.775E0,0.E0,-4.004166666667E0));
#915=VERTEX_POINT('',#914);
#916=CARTESIAN_POINT('',(1.775E0,0.E0,4.004166666667E0));
#917=VERTEX_POINT('',#916);
#918=CARTESIAN_POINT('',(1.75E0,0.E0,3.979166666667E0));
#919=VERTEX_POINT('',#918);
#920=CARTESIAN_POINT('',(1.75E0,0.E0,-3.979166666667E0));
#921=VERTEX_POINT('',#920);
#922=CARTESIAN_POINT('',(1.75E0,0.E0,-3.90625E0));
#923=CARTESIAN_POINT('',(1.75E0,0.E0,3.90625E0));
#924=VERTEX_POINT('',#922);
#925=VERTEX_POINT('',#923);
#926=CARTESIAN_POINT('',(1.784126864653E0,0.E0,-3.806139383246E0));
#927=CARTESIAN_POINT('',(1.784126864653E0,0.E0,3.806139383246E0));
#928=VERTEX_POINT('',#926);
#929=VERTEX_POINT('',#927);
#930=CARTESIAN_POINT('',(1.922945563891E0,0.E0,3.626189217569E0));
#931=VERTEX_POINT('',#930);
#932=CARTESIAN_POINT('',(1.922945563891E0,0.E0,-3.626189217569E0));
#933=VERTEX_POINT('',#932);
#934=CARTESIAN_POINT('',(1.975E0,0.E0,3.473488353996E0));
#935=VERTEX_POINT('',#934);
#936=CARTESIAN_POINT('',(1.975E0,0.E0,-3.473488353996E0));
#937=VERTEX_POINT('',#936);
#938=CARTESIAN_POINT('',(1.975E0,0.E0,-2.55E0));
#939=CARTESIAN_POINT('',(1.975E0,0.E0,2.55E0));
#940=VERTEX_POINT('',#938);
#941=VERTEX_POINT('',#939);
#942=CARTESIAN_POINT('',(1.925E0,0.E0,2.55E0));
#943=CARTESIAN_POINT('',(1.925E0,0.E0,-2.55E0));
#944=VERTEX_POINT('',#942);
#945=VERTEX_POINT('',#943);
#946=CARTESIAN_POINT('',(1.925E0,0.E0,-3.473488353996E0));
#947=CARTESIAN_POINT('',(1.925E0,0.E0,3.473488353996E0));
#948=VERTEX_POINT('',#946);
#949=VERTEX_POINT('',#947);
#950=CARTESIAN_POINT('',(1.883356451113E0,0.E0,-3.595649044854E0));
#951=CARTESIAN_POINT('',(1.883356451113E0,0.E0,3.595649044854E0));
#952=VERTEX_POINT('',#950);
#953=VERTEX_POINT('',#951);
#954=CARTESIAN_POINT('',(1.744537751875E0,0.E0,-3.775599210532E0));
#955=VERTEX_POINT('',#954);
#956=CARTESIAN_POINT('',(1.744537751875E0,0.E0,3.775599210532E0));
#957=VERTEX_POINT('',#956);
#958=CARTESIAN_POINT('',(2.E0,0.E0,4.85E0));
#959=CARTESIAN_POINT('',(2.E0,0.E0,-4.85E0));
#960=VERTEX_POINT('',#958);
#961=VERTEX_POINT('',#959);
#962=CARTESIAN_POINT('',(2.E0,0.E0,-3.95E0));
#963=CARTESIAN_POINT('',(2.E0,0.E0,3.95E0));
#964=VERTEX_POINT('',#962);
#965=VERTEX_POINT('',#963);
#966=CARTESIAN_POINT('',(1.85E0,0.E0,5.E0));
#967=VERTEX_POINT('',#966);
#968=CARTESIAN_POINT('',(1.85E0,0.E0,-5.E0));
#969=VERTEX_POINT('',#968);
#970=CARTESIAN_POINT('',(-1.85E0,0.E0,-5.E0));
#971=VERTEX_POINT('',#970);
#972=CARTESIAN_POINT('',(-1.85E0,0.E0,5.E0));
#973=VERTEX_POINT('',#972);
#974=CARTESIAN_POINT('',(-2.E0,0.E0,4.85E0));
#975=VERTEX_POINT('',#974);
#976=CARTESIAN_POINT('',(-2.E0,0.E0,-4.85E0));
#977=VERTEX_POINT('',#976);
#978=CARTESIAN_POINT('',(-2.E0,0.E0,3.95E0));
#979=CARTESIAN_POINT('',(-2.E0,0.E0,-3.95E0));
#980=VERTEX_POINT('',#978);
#981=VERTEX_POINT('',#979);
#982=CARTESIAN_POINT('',(-1.7E0,0.E0,3.833333333333E0));
#983=CARTESIAN_POINT('',(-1.7E0,0.E0,-3.833333333333E0));
#984=VERTEX_POINT('',#982);
#985=VERTEX_POINT('',#983);
#986=CARTESIAN_POINT('',(-7.285830998132E-1,0.E0,-3.833333333333E0));
#987=VERTEX_POINT('',#986);
#988=CARTESIAN_POINT('',(-7.285830998132E-1,0.E0,3.833333333333E0));
#989=VERTEX_POINT('',#988);
#990=CARTESIAN_POINT('',(7.285830998134E-1,0.E0,-3.833333333333E0));
#991=CARTESIAN_POINT('',(7.285830998134E-1,0.E0,3.833333333333E0));
#992=VERTEX_POINT('',#990);
#993=VERTEX_POINT('',#991);
#994=CARTESIAN_POINT('',(1.7E0,0.E0,3.833333333333E0));
#995=CARTESIAN_POINT('',(1.7E0,0.E0,-3.833333333333E0));
#996=VERTEX_POINT('',#994);
#997=VERTEX_POINT('',#995);
#998=CARTESIAN_POINT('',(-1.925E0,0.E0,-3.95E0));
#999=CARTESIAN_POINT('',(-1.925E0,0.E0,3.95E0));
#1000=VERTEX_POINT('',#998);
#1001=VERTEX_POINT('',#999);
#1002=CARTESIAN_POINT('',(-1.7E0,0.E0,3.90625E0));
#1003=CARTESIAN_POINT('',(-1.7E0,0.E0,-3.90625E0));
#1004=VERTEX_POINT('',#1002);
#1005=VERTEX_POINT('',#1003);
#1006=CARTESIAN_POINT('',(1.925E0,0.E0,3.95E0));
#1007=CARTESIAN_POINT('',(1.925E0,0.E0,-3.95E0));
#1008=VERTEX_POINT('',#1006);
#1009=VERTEX_POINT('',#1007);
#1010=CARTESIAN_POINT('',(1.7E0,0.E0,3.90625E0));
#1011=CARTESIAN_POINT('',(1.7E0,0.E0,-3.90625E0));
#1012=VERTEX_POINT('',#1010);
#1013=VERTEX_POINT('',#1011);
#1014=CARTESIAN_POINT('',(1.85E0,0.E0,0.E0));
#1015=DIRECTION('',(-1.E0,0.E0,0.E0));
#1016=DIRECTION('',(0.E0,0.E0,1.E0));
#1017=AXIS2_PLACEMENT_3D('',#1014,#1015,#1016);
#1018=TOROIDAL_SURFACE('',#1017,4.85E0,1.5E-1);
#1020=ORIENTED_EDGE('',*,*,#1019,.T.);
#1022=ORIENTED_EDGE('',*,*,#1021,.T.);
#1024=ORIENTED_EDGE('',*,*,#1023,.F.);
#1026=ORIENTED_EDGE('',*,*,#1025,.F.);
#1027=EDGE_LOOP('',(#1020,#1022,#1024,#1026));
#1028=FACE_OUTER_BOUND('',#1027,.F.);
#1029=ADVANCED_FACE('',(#1028),#1018,.T.);
#1030=CARTESIAN_POINT('',(1.85E0,0.E0,0.E0));
#1031=DIRECTION('',(-1.E0,0.E0,0.E0));
#1032=DIRECTION('',(0.E0,0.E0,1.E0));
#1033=AXIS2_PLACEMENT_3D('',#1030,#1031,#1032);
#1034=TOROIDAL_SURFACE('',#1033,4.85E0,1.5E-1);
#1036=ORIENTED_EDGE('',*,*,#1035,.F.);
#1037=ORIENTED_EDGE('',*,*,#1023,.T.);
#1039=ORIENTED_EDGE('',*,*,#1038,.T.);
#1040=ORIENTED_EDGE('',*,*,#1019,.F.);
#1041=EDGE_LOOP('',(#1036,#1037,#1039,#1040));
#1042=FACE_OUTER_BOUND('',#1041,.F.);
#1043=ADVANCED_FACE('',(#1042),#1034,.T.);
#1044=CARTESIAN_POINT('',(2.E0,4.85E0,0.E0));
#1045=DIRECTION('',(-1.E0,0.E0,0.E0));
#1046=DIRECTION('',(0.E0,0.E0,1.E0));
#1047=AXIS2_PLACEMENT_3D('',#1044,#1045,#1046);
#1048=PLANE('',#1047);
#1049=ORIENTED_EDGE('',*,*,#1035,.T.);
#1050=ORIENTED_EDGE('',*,*,#1025,.T.);
#1051=EDGE_LOOP('',(#1049,#1050));
#1052=FACE_OUTER_BOUND('',#1051,.F.);
#1054=ORIENTED_EDGE('',*,*,#1053,.T.);
#1056=ORIENTED_EDGE('',*,*,#1055,.T.);
#1057=EDGE_LOOP('',(#1054,#1056));
#1058=FACE_BOUND('',#1057,.F.);
#1059=ADVANCED_FACE('',(#1052,#1058),#1048,.F.);
#1060=CARTESIAN_POINT('',(0.E0,0.E0,0.E0));
#1061=DIRECTION('',(-1.E0,0.E0,0.E0));
#1062=DIRECTION('',(0.E0,0.E0,1.E0));
#1063=AXIS2_PLACEMENT_3D('',#1060,#1061,#1062);
#1064=CYLINDRICAL_SURFACE('',#1063,3.95E0);
#1066=ORIENTED_EDGE('',*,*,#1065,.F.);
#1068=ORIENTED_EDGE('',*,*,#1067,.F.);
#1069=ORIENTED_EDGE('',*,*,#1053,.F.);
#1071=ORIENTED_EDGE('',*,*,#1070,.F.);
#1072=EDGE_LOOP('',(#1066,#1068,#1069,#1071));
#1073=FACE_OUTER_BOUND('',#1072,.F.);
#1074=ADVANCED_FACE('',(#1073),#1064,.F.);
#1075=CARTESIAN_POINT('',(1.908797925013E0,0.E0,0.E0));
#1076=DIRECTION('',(1.E0,0.E0,0.E0));
#1077=DIRECTION('',(0.E0,0.E0,1.E0));
#1078=AXIS2_PLACEMENT_3D('',#1075,#1076,#1077);
#1079=CONICAL_SURFACE('',#1078,3.930960757208E0,4.960277630222E1);
#1080=ORIENTED_EDGE('',*,*,#1065,.T.);
#1082=ORIENTED_EDGE('',*,*,#1081,.F.);
#1084=ORIENTED_EDGE('',*,*,#1083,.F.);
#1086=ORIENTED_EDGE('',*,*,#1085,.T.);
#1087=EDGE_LOOP('',(#1080,#1082,#1084,#1086));
#1088=FACE_OUTER_BOUND('',#1087,.F.);
#1089=ADVANCED_FACE('',(#1088),#1079,.F.);
#1090=CARTESIAN_POINT('',(1.908797925013E0,0.E0,0.E0));
#1091=DIRECTION('',(1.E0,0.E0,0.E0));
#1092=DIRECTION('',(0.E0,0.E0,1.E0));
#1093=AXIS2_PLACEMENT_3D('',#1090,#1091,#1092);
#1094=CONICAL_SURFACE('',#1093,3.930960757208E0,4.960277630222E1);
#1096=ORIENTED_EDGE('',*,*,#1095,.T.);
#1097=ORIENTED_EDGE('',*,*,#1085,.F.);
#1099=ORIENTED_EDGE('',*,*,#1098,.F.);
#1100=ORIENTED_EDGE('',*,*,#1081,.T.);
#1101=EDGE_LOOP('',(#1096,#1097,#1099,#1100));
#1102=FACE_OUTER_BOUND('',#1101,.F.);
#1103=ADVANCED_FACE('',(#1102),#1094,.F.);
#1104=CARTESIAN_POINT('',(0.E0,0.E0,0.E0));
#1105=DIRECTION('',(-1.E0,0.E0,0.E0));
#1106=DIRECTION('',(0.E0,0.E0,1.E0));
#1107=AXIS2_PLACEMENT_3D('',#1104,#1105,#1106);
#1108=CYLINDRICAL_SURFACE('',#1107,3.95E0);
#1109=ORIENTED_EDGE('',*,*,#1095,.F.);
#1110=ORIENTED_EDGE('',*,*,#1070,.T.);
#1111=ORIENTED_EDGE('',*,*,#1055,.F.);
#1112=ORIENTED_EDGE('',*,*,#1067,.T.);
#1113=EDGE_LOOP('',(#1109,#1110,#1111,#1112));
#1114=FACE_OUTER_BOUND('',#1113,.F.);
#1115=ADVANCED_FACE('',(#1114),#1108,.F.);
#1116=CARTESIAN_POINT('',(1.841898962506E0,0.E0,0.E0));
#1117=DIRECTION('',(-1.E0,0.E0,0.E0));
#1118=DIRECTION('',(0.E0,0.E0,-1.E0));
#1119=AXIS2_PLACEMENT_3D('',#1116,#1117,#1118);
#1120=CONICAL_SURFACE('',#1119,3.955063711937E0,4.039722369778E1);
#1122=ORIENTED_EDGE('',*,*,#1121,.T.);
#1124=ORIENTED_EDGE('',*,*,#1123,.F.);
#1126=ORIENTED_EDGE('',*,*,#1125,.F.);
#1127=ORIENTED_EDGE('',*,*,#1098,.T.);
#1128=EDGE_LOOP('',(#1122,#1124,#1126,#1127));
#1129=FACE_OUTER_BOUND('',#1128,.F.);
#1130=ADVANCED_FACE('',(#1129),#1120,.F.);
#1131=CARTESIAN_POINT('',(1.841898962506E0,0.E0,0.E0));
#1132=DIRECTION('',(-1.E0,0.E0,0.E0));
#1133=DIRECTION('',(0.E0,0.E0,-1.E0));
#1134=AXIS2_PLACEMENT_3D('',#1131,#1132,#1133);
#1135=CONICAL_SURFACE('',#1134,3.955063711937E0,4.039722369778E1);
#1136=ORIENTED_EDGE('',*,*,#1083,.T.);
#1137=ORIENTED_EDGE('',*,*,#1125,.T.);
#1139=ORIENTED_EDGE('',*,*,#1138,.F.);
#1140=ORIENTED_EDGE('',*,*,#1121,.F.);
#1141=EDGE_LOOP('',(#1136,#1137,#1139,#1140));
#1142=FACE_OUTER_BOUND('',#1141,.F.);
#1143=ADVANCED_FACE('',(#1142),#1135,.F.);
#1144=CARTESIAN_POINT('',(1.775E0,0.E0,0.E0));
#1145=DIRECTION('',(1.E0,0.E0,0.E0));
#1146=DIRECTION('',(0.E0,0.E0,1.E0));
#1147=AXIS2_PLACEMENT_3D('',#1144,#1145,#1146);
#1148=TOROIDAL_SURFACE('',#1147,3.979166666667E0,2.5E-2);
#1150=ORIENTED_EDGE('',*,*,#1149,.F.);
#1152=ORIENTED_EDGE('',*,*,#1151,.T.);
#1154=ORIENTED_EDGE('',*,*,#1153,.T.);
#1155=ORIENTED_EDGE('',*,*,#1138,.T.);
#1157=ORIENTED_EDGE('',*,*,#1156,.F.);
#1159=ORIENTED_EDGE('',*,*,#1158,.F.);
#1160=EDGE_LOOP('',(#1150,#1152,#1154,#1155,#1157,#1159));
#1161=FACE_OUTER_BOUND('',#1160,.F.);
#1162=ADVANCED_FACE('',(#1161),#1148,.F.);
#1163=CARTESIAN_POINT('',(1.75E0,3.90625E0,0.E0));
#1164=DIRECTION('',(-1.E0,0.E0,0.E0));
#1165=DIRECTION('',(0.E0,0.E0,-1.E0));
#1166=AXIS2_PLACEMENT_3D('',#1163,#1164,#1165);
#1167=PLANE('',#1166);
#1168=ORIENTED_EDGE('',*,*,#1149,.T.);
#1170=ORIENTED_EDGE('',*,*,#1169,.T.);
#1171=EDGE_LOOP('',(#1168,#1170));
#1172=FACE_OUTER_BOUND('',#1171,.F.);
#1174=ORIENTED_EDGE('',*,*,#1173,.T.);
#1176=ORIENTED_EDGE('',*,*,#1175,.T.);
#1177=EDGE_LOOP('',(#1174,#1176));
#1178=FACE_BOUND('',#1177,.F.);
#1179=ADVANCED_FACE('',(#1172,#1178),#1167,.F.);
#1180=CARTESIAN_POINT('',(1.775E0,0.E0,0.E0));
#1181=DIRECTION('',(1.E0,0.E0,0.E0));
#1182=DIRECTION('',(0.E0,0.E0,1.E0));
#1183=AXIS2_PLACEMENT_3D('',#1180,#1181,#1182);
#1184=TOROIDAL_SURFACE('',#1183,3.979166666667E0,2.5E-2);
#1185=ORIENTED_EDGE('',*,*,#1156,.T.);
#1186=ORIENTED_EDGE('',*,*,#1123,.T.);
#1187=ORIENTED_EDGE('',*,*,#1153,.F.);
#1188=ORIENTED_EDGE('',*,*,#1151,.F.);
#1189=ORIENTED_EDGE('',*,*,#1169,.F.);
#1190=ORIENTED_EDGE('',*,*,#1158,.T.);
#1191=EDGE_LOOP('',(#1185,#1186,#1187,#1188,#1189,#1190));
#1192=FACE_OUTER_BOUND('',#1191,.F.);
#1193=ADVANCED_FACE('',(#1192),#1184,.F.);
#1194=CARTESIAN_POINT('',(1.913899886371E0,0.E0,0.E0));
#1195=DIRECTION('',(1.E0,0.E0,0.E0));
#1196=DIRECTION('',(0.E0,0.E0,1.E0));
#1197=AXIS2_PLACEMENT_3D('',#1194,#1195,#1196);
#1198=TOROIDAL_SURFACE('',#1197,3.90625E0,1.638998863712E-1);
#1200=ORIENTED_EDGE('',*,*,#1199,.T.);
#1202=ORIENTED_EDGE('',*,*,#1201,.T.);
#1203=ORIENTED_EDGE('',*,*,#1173,.F.);
#1205=ORIENTED_EDGE('',*,*,#1204,.F.);
#1206=EDGE_LOOP('',(#1200,#1202,#1203,#1205));
#1207=FACE_OUTER_BOUND('',#1206,.F.);
#1208=ADVANCED_FACE('',(#1207),#1198,.F.);
#1209=CARTESIAN_POINT('',(1.853536214272E0,0.E0,0.E0));
#1210=DIRECTION('',(-1.E0,0.E0,0.E0));
#1211=DIRECTION('',(0.E0,0.E0,-1.E0));
#1212=AXIS2_PLACEMENT_3D('',#1209,#1210,#1211);
#1213=CONICAL_SURFACE('',#1212,3.716164300407E0,5.235237935989E1);
#1215=ORIENTED_EDGE('',*,*,#1214,.T.);
#1216=ORIENTED_EDGE('',*,*,#1199,.F.);
#1218=ORIENTED_EDGE('',*,*,#1217,.F.);
#1220=ORIENTED_EDGE('',*,*,#1219,.F.);
#1221=EDGE_LOOP('',(#1215,#1216,#1218,#1220));
#1222=FACE_OUTER_BOUND('',#1221,.F.);
#1223=ADVANCED_FACE('',(#1222),#1213,.T.);
#1224=CARTESIAN_POINT('',(1.853536214272E0,0.E0,0.E0));
#1225=DIRECTION('',(-1.E0,0.E0,0.E0));
#1226=DIRECTION('',(0.E0,0.E0,-1.E0));
#1227=AXIS2_PLACEMENT_3D('',#1224,#1225,#1226);
#1228=CONICAL_SURFACE('',#1227,3.716164300407E0,5.235237935989E1);
#1230=ORIENTED_EDGE('',*,*,#1229,.F.);
#1231=ORIENTED_EDGE('',*,*,#1217,.T.);
#1233=ORIENTED_EDGE('',*,*,#1232,.F.);
#1234=ORIENTED_EDGE('',*,*,#1214,.F.);
#1235=EDGE_LOOP('',(#1230,#1231,#1233,#1234));
#1236=FACE_OUTER_BOUND('',#1235,.F.);
#1237=ADVANCED_FACE('',(#1236),#1228,.T.);
#1238=CARTESIAN_POINT('',(1.725E0,0.E0,0.E0));
#1239=DIRECTION('',(1.E0,0.E0,0.E0));
#1240=DIRECTION('',(0.E0,0.E0,1.E0));
#1241=AXIS2_PLACEMENT_3D('',#1238,#1239,#1240);
#1242=TOROIDAL_SURFACE('',#1241,3.473488353996E0,2.5E-1);
#1243=ORIENTED_EDGE('',*,*,#1229,.T.);
#1245=ORIENTED_EDGE('',*,*,#1244,.T.);
#1247=ORIENTED_EDGE('',*,*,#1246,.F.);
#1249=ORIENTED_EDGE('',*,*,#1248,.F.);
#1250=EDGE_LOOP('',(#1243,#1245,#1247,#1249));
#1251=FACE_OUTER_BOUND('',#1250,.F.);
#1252=ADVANCED_FACE('',(#1251),#1242,.T.);
#1253=CARTESIAN_POINT('',(1.725E0,0.E0,0.E0));
#1254=DIRECTION('',(1.E0,0.E0,0.E0));
#1255=DIRECTION('',(0.E0,0.E0,1.E0));
#1256=AXIS2_PLACEMENT_3D('',#1253,#1254,#1255);
#1257=TOROIDAL_SURFACE('',#1256,3.473488353996E0,2.5E-1);
#1258=ORIENTED_EDGE('',*,*,#1248,.T.);
#1260=ORIENTED_EDGE('',*,*,#1259,.F.);
#1261=ORIENTED_EDGE('',*,*,#1244,.F.);
#1262=ORIENTED_EDGE('',*,*,#1219,.T.);
#1263=EDGE_LOOP('',(#1258,#1260,#1261,#1262));
#1264=FACE_OUTER_BOUND('',#1263,.F.);
#1265=ADVANCED_FACE('',(#1264),#1257,.T.);
#1266=CARTESIAN_POINT('',(1.975E0,3.473488353996E0,0.E0));
#1267=DIRECTION('',(-1.E0,0.E0,0.E0));
#1268=DIRECTION('',(0.E0,0.E0,-1.E0));
#1269=AXIS2_PLACEMENT_3D('',#1266,#1267,#1268);
#1270=PLANE('',#1269);
#1271=ORIENTED_EDGE('',*,*,#1259,.T.);
#1272=ORIENTED_EDGE('',*,*,#1246,.T.);
#1273=EDGE_LOOP('',(#1271,#1272));
#1274=FACE_OUTER_BOUND('',#1273,.F.);
#1276=ORIENTED_EDGE('',*,*,#1275,.T.);
#1278=ORIENTED_EDGE('',*,*,#1277,.T.);
#1279=EDGE_LOOP('',(#1276,#1278));
#1280=FACE_BOUND('',#1279,.F.);
#1281=ADVANCED_FACE('',(#1274,#1280),#1270,.F.);
#1282=CARTESIAN_POINT('',(0.E0,0.E0,0.E0));
#1283=DIRECTION('',(1.E0,0.E0,0.E0));
#1284=DIRECTION('',(0.E0,0.E0,1.E0));
#1285=AXIS2_PLACEMENT_3D('',#1282,#1283,#1284);
#1286=CYLINDRICAL_SURFACE('',#1285,2.55E0);
#1288=ORIENTED_EDGE('',*,*,#1287,.F.);
#1290=ORIENTED_EDGE('',*,*,#1289,.T.);
#1291=ORIENTED_EDGE('',*,*,#1275,.F.);
#1293=ORIENTED_EDGE('',*,*,#1292,.F.);
#1294=EDGE_LOOP('',(#1288,#1290,#1291,#1293));
#1295=FACE_OUTER_BOUND('',#1294,.F.);
#1296=ADVANCED_FACE('',(#1295),#1286,.F.);
#1297=CARTESIAN_POINT('',(1.925E0,3.473488353996E0,0.E0));
#1298=DIRECTION('',(-1.E0,0.E0,0.E0));
#1299=DIRECTION('',(0.E0,0.E0,-1.E0));
#1300=AXIS2_PLACEMENT_3D('',#1297,#1298,#1299);
#1301=PLANE('',#1300);
#1303=ORIENTED_EDGE('',*,*,#1302,.T.);
#1305=ORIENTED_EDGE('',*,*,#1304,.T.);
#1306=EDGE_LOOP('',(#1303,#1305));
#1307=FACE_OUTER_BOUND('',#1306,.F.);
#1308=ORIENTED_EDGE('',*,*,#1287,.T.);
#1310=ORIENTED_EDGE('',*,*,#1309,.T.);
#1311=EDGE_LOOP('',(#1308,#1310));
#1312=FACE_BOUND('',#1311,.F.);
#1313=ADVANCED_FACE('',(#1307,#1312),#1301,.T.);
#1314=CARTESIAN_POINT('',(1.725E0,0.E0,0.E0));
#1315=DIRECTION('',(1.E0,0.E0,0.E0));
#1316=DIRECTION('',(0.E0,0.E0,1.E0));
#1317=AXIS2_PLACEMENT_3D('',#1314,#1315,#1316);
#1318=TOROIDAL_SURFACE('',#1317,3.473488353996E0,2.E-1);
#1320=ORIENTED_EDGE('',*,*,#1319,.T.);
#1322=ORIENTED_EDGE('',*,*,#1321,.T.);
#1323=ORIENTED_EDGE('',*,*,#1302,.F.);
#1325=ORIENTED_EDGE('',*,*,#1324,.F.);
#1326=EDGE_LOOP('',(#1320,#1322,#1323,#1325));
#1327=FACE_OUTER_BOUND('',#1326,.F.);
#1328=ADVANCED_FACE('',(#1327),#1318,.F.);
#1329=CARTESIAN_POINT('',(1.813947101494E0,0.E0,0.E0));
#1330=DIRECTION('',(-1.E0,0.E0,0.E0));
#1331=DIRECTION('',(0.E0,0.E0,-1.E0));
#1332=AXIS2_PLACEMENT_3D('',#1329,#1330,#1331);
#1333=CONICAL_SURFACE('',#1332,3.685624127693E0,5.235237935989E1);
#1334=ORIENTED_EDGE('',*,*,#1319,.F.);
#1336=ORIENTED_EDGE('',*,*,#1335,.T.);
#1338=ORIENTED_EDGE('',*,*,#1337,.F.);
#1340=ORIENTED_EDGE('',*,*,#1339,.F.);
#1341=EDGE_LOOP('',(#1334,#1336,#1338,#1340));
#1342=FACE_OUTER_BOUND('',#1341,.F.);
#1343=ADVANCED_FACE('',(#1342),#1333,.F.);
#1344=CARTESIAN_POINT('',(1.813947101494E0,0.E0,0.E0));
#1345=DIRECTION('',(-1.E0,0.E0,0.E0));
#1346=DIRECTION('',(0.E0,0.E0,-1.E0));
#1347=AXIS2_PLACEMENT_3D('',#1344,#1345,#1346);
#1348=CONICAL_SURFACE('',#1347,3.685624127693E0,5.235237935989E1);
#1349=ORIENTED_EDGE('',*,*,#1339,.T.);
#1351=ORIENTED_EDGE('',*,*,#1350,.F.);
#1352=ORIENTED_EDGE('',*,*,#1335,.F.);
#1354=ORIENTED_EDGE('',*,*,#1353,.F.);
#1355=EDGE_LOOP('',(#1349,#1351,#1352,#1354));
#1356=FACE_OUTER_BOUND('',#1355,.F.);
#1357=ADVANCED_FACE('',(#1356),#1348,.F.);
#1358=CARTESIAN_POINT('',(1.913899886371E0,0.E0,0.E0));
#1359=DIRECTION('',(1.E0,0.E0,0.E0));
#1360=DIRECTION('',(0.E0,0.E0,1.E0));
#1361=AXIS2_PLACEMENT_3D('',#1358,#1359,#1360);
#1362=TOROIDAL_SURFACE('',#1361,3.90625E0,2.138998863712E-1);
#1364=ORIENTED_EDGE('',*,*,#1363,.T.);
#1366=ORIENTED_EDGE('',*,*,#1365,.F.);
#1367=ORIENTED_EDGE('',*,*,#1350,.T.);
#1369=ORIENTED_EDGE('',*,*,#1368,.T.);
#1370=EDGE_LOOP('',(#1364,#1366,#1367,#1369));
#1371=FACE_OUTER_BOUND('',#1370,.F.);
#1372=ADVANCED_FACE('',(#1371),#1362,.T.);
#1373=CARTESIAN_POINT('',(1.7E0,3.833333333333E0,0.E0));
#1374=DIRECTION('',(-1.E0,0.E0,0.E0));
#1375=DIRECTION('',(0.E0,0.E0,1.E0));
#1376=AXIS2_PLACEMENT_3D('',#1373,#1374,#1375);
#1377=PLANE('',#1376);
#1378=ORIENTED_EDGE('',*,*,#1363,.F.);
#1380=ORIENTED_EDGE('',*,*,#1379,.F.);
#1381=EDGE_LOOP('',(#1378,#1380));
#1382=FACE_OUTER_BOUND('',#1381,.F.);
#1384=ORIENTED_EDGE('',*,*,#1383,.T.);
#1386=ORIENTED_EDGE('',*,*,#1385,.T.);
#1387=EDGE_LOOP('',(#1384,#1386));
#1388=FACE_BOUND('',#1387,.F.);
#1389=ADVANCED_FACE('',(#1382,#1388),#1377,.F.);
#1390=CARTESIAN_POINT('',(1.913899886371E0,0.E0,0.E0));
#1391=DIRECTION('',(1.E0,0.E0,0.E0));
#1392=DIRECTION('',(0.E0,0.E0,1.E0));
#1393=AXIS2_PLACEMENT_3D('',#1390,#1391,#1392);
#1394=TOROIDAL_SURFACE('',#1393,3.90625E0,2.138998863712E-1);
#1395=ORIENTED_EDGE('',*,*,#1379,.T.);
#1396=ORIENTED_EDGE('',*,*,#1368,.F.);
#1397=ORIENTED_EDGE('',*,*,#1337,.T.);
#1398=ORIENTED_EDGE('',*,*,#1365,.T.);
#1399=EDGE_LOOP('',(#1395,#1396,#1397,#1398));
#1400=FACE_OUTER_BOUND('',#1399,.F.);
#1401=ADVANCED_FACE('',(#1400),#1394,.T.);
#1402=CARTESIAN_POINT('',(0.E0,0.E0,0.E0));
#1403=DIRECTION('',(-1.E0,0.E0,0.E0));
#1404=DIRECTION('',(0.E0,0.E0,1.E0));
#1405=AXIS2_PLACEMENT_3D('',#1402,#1403,#1404);
#1406=CYLINDRICAL_SURFACE('',#1405,3.833333333333E0);
#1408=ORIENTED_EDGE('',*,*,#1407,.T.);
#1410=ORIENTED_EDGE('',*,*,#1409,.F.);
#1412=ORIENTED_EDGE('',*,*,#1411,.F.);
#1413=ORIENTED_EDGE('',*,*,#1383,.F.);
#1414=EDGE_LOOP('',(#1408,#1410,#1412,#1413));
#1415=FACE_OUTER_BOUND('',#1414,.F.);
#1416=ADVANCED_FACE('',(#1415),#1406,.F.);
#1417=CARTESIAN_POINT('',(0.E0,0.E0,0.E0));
#1418=DIRECTION('',(-1.E0,0.E0,0.E0));
#1419=DIRECTION('',(0.E0,0.E0,1.E0));
#1420=AXIS2_PLACEMENT_3D('',#1417,#1418,#1419);
#1421=CYLINDRICAL_SURFACE('',#1420,3.833333333333E0);
#1422=ORIENTED_EDGE('',*,*,#1385,.F.);
#1423=ORIENTED_EDGE('',*,*,#1411,.T.);
#1425=ORIENTED_EDGE('',*,*,#1424,.F.);
#1426=ORIENTED_EDGE('',*,*,#1407,.F.);
#1427=EDGE_LOOP('',(#1422,#1423,#1425,#1426));
#1428=FACE_OUTER_BOUND('',#1427,.F.);
#1429=ADVANCED_FACE('',(#1428),#1421,.F.);
#1430=CARTESIAN_POINT('',(0.E0,0.E0,0.E0));
#1431=DIRECTION('',(-1.E0,0.E0,0.E0));
#1432=DIRECTION('',(0.E0,0.E0,1.E0));
#1433=AXIS2_PLACEMENT_3D('',#1430,#1431,#1432);
#1434=TOROIDAL_SURFACE('',#1433,3.25E0,9.333333333333E-1);
#1435=ORIENTED_EDGE('',*,*,#1424,.T.);
#1437=ORIENTED_EDGE('',*,*,#1436,.T.);
#1439=ORIENTED_EDGE('',*,*,#1438,.T.);
#1441=ORIENTED_EDGE('',*,*,#1440,.T.);
#1442=EDGE_LOOP('',(#1435,#1437,#1439,#1441));
#1443=FACE_OUTER_BOUND('',#1442,.F.);
#1444=ADVANCED_FACE('',(#1443),#1434,.F.);
#1445=CARTESIAN_POINT('',(0.E0,0.E0,0.E0));
#1446=DIRECTION('',(-1.E0,0.E0,0.E0));
#1447=DIRECTION('',(0.E0,0.E0,1.E0));
#1448=AXIS2_PLACEMENT_3D('',#1445,#1446,#1447);
#1449=TOROIDAL_SURFACE('',#1448,3.25E0,9.333333333333E-1);
#1450=ORIENTED_EDGE('',*,*,#1440,.F.);
#1452=ORIENTED_EDGE('',*,*,#1451,.T.);
#1453=ORIENTED_EDGE('',*,*,#1436,.F.);
#1454=ORIENTED_EDGE('',*,*,#1409,.T.);
#1455=EDGE_LOOP('',(#1450,#1452,#1453,#1454));
#1456=FACE_OUTER_BOUND('',#1455,.F.);
#1457=ADVANCED_FACE('',(#1456),#1449,.F.);
#1458=CARTESIAN_POINT('',(0.E0,0.E0,0.E0));
#1459=DIRECTION('',(-1.E0,0.E0,0.E0));
#1460=DIRECTION('',(0.E0,0.E0,1.E0));
#1461=AXIS2_PLACEMENT_3D('',#1458,#1459,#1460);
#1462=CYLINDRICAL_SURFACE('',#1461,3.833333333333E0);
#1464=ORIENTED_EDGE('',*,*,#1463,.T.);
#1466=ORIENTED_EDGE('',*,*,#1465,.F.);
#1468=ORIENTED_EDGE('',*,*,#1467,.F.);
#1469=ORIENTED_EDGE('',*,*,#1451,.F.);
#1470=EDGE_LOOP('',(#1464,#1466,#1468,#1469));
#1471=FACE_OUTER_BOUND('',#1470,.F.);
#1472=ADVANCED_FACE('',(#1471),#1462,.F.);
#1473=CARTESIAN_POINT('',(0.E0,0.E0,0.E0));
#1474=DIRECTION('',(-1.E0,0.E0,0.E0));
#1475=DIRECTION('',(0.E0,0.E0,1.E0));
#1476=AXIS2_PLACEMENT_3D('',#1473,#1474,#1475);
#1477=CYLINDRICAL_SURFACE('',#1476,3.833333333333E0);
#1478=ORIENTED_EDGE('',*,*,#1438,.F.);
#1479=ORIENTED_EDGE('',*,*,#1467,.T.);
#1481=ORIENTED_EDGE('',*,*,#1480,.F.);
#1482=ORIENTED_EDGE('',*,*,#1463,.F.);
#1483=EDGE_LOOP('',(#1478,#1479,#1481,#1482));
#1484=FACE_OUTER_BOUND('',#1483,.F.);
#1485=ADVANCED_FACE('',(#1484),#1477,.F.);
#1486=CARTESIAN_POINT('',(-1.7E0,3.833333333333E0,0.E0));
#1487=DIRECTION('',(1.E0,0.E0,0.E0));
#1488=DIRECTION('',(0.E0,0.E0,-1.E0));
#1489=AXIS2_PLACEMENT_3D('',#1486,#1487,#1488);
#1490=PLANE('',#1489);
#1492=ORIENTED_EDGE('',*,*,#1491,.F.);
#1494=ORIENTED_EDGE('',*,*,#1493,.F.);
#1495=EDGE_LOOP('',(#1492,#1494));
#1496=FACE_OUTER_BOUND('',#1495,.F.);
#1497=ORIENTED_EDGE('',*,*,#1465,.T.);
#1498=ORIENTED_EDGE('',*,*,#1480,.T.);
#1499=EDGE_LOOP('',(#1497,#1498));
#1500=FACE_BOUND('',#1499,.F.);
#1501=ADVANCED_FACE('',(#1496,#1500),#1490,.F.);
#1502=CARTESIAN_POINT('',(-1.913899886371E0,0.E0,0.E0));
#1503=DIRECTION('',(-1.E0,0.E0,0.E0));
#1504=DIRECTION('',(0.E0,0.E0,1.E0));
#1505=AXIS2_PLACEMENT_3D('',#1502,#1503,#1504);
#1506=TOROIDAL_SURFACE('',#1505,3.90625E0,2.138998863712E-1);
#1507=ORIENTED_EDGE('',*,*,#1491,.T.);
#1509=ORIENTED_EDGE('',*,*,#1508,.F.);
#1511=ORIENTED_EDGE('',*,*,#1510,.T.);
#1513=ORIENTED_EDGE('',*,*,#1512,.T.);
#1514=EDGE_LOOP('',(#1507,#1509,#1511,#1513));
#1515=FACE_OUTER_BOUND('',#1514,.F.);
#1516=ADVANCED_FACE('',(#1515),#1506,.T.);
#1517=CARTESIAN_POINT('',(-1.913899886371E0,0.E0,0.E0));
#1518=DIRECTION('',(-1.E0,0.E0,0.E0));
#1519=DIRECTION('',(0.E0,0.E0,1.E0));
#1520=AXIS2_PLACEMENT_3D('',#1517,#1518,#1519);
#1521=TOROIDAL_SURFACE('',#1520,3.90625E0,2.138998863712E-1);
#1522=ORIENTED_EDGE('',*,*,#1493,.T.);
#1523=ORIENTED_EDGE('',*,*,#1512,.F.);
#1525=ORIENTED_EDGE('',*,*,#1524,.T.);
#1526=ORIENTED_EDGE('',*,*,#1508,.T.);
#1527=EDGE_LOOP('',(#1522,#1523,#1525,#1526));
#1528=FACE_OUTER_BOUND('',#1527,.F.);
#1529=ADVANCED_FACE('',(#1528),#1521,.T.);
#1530=CARTESIAN_POINT('',(-1.813947101494E0,0.E0,0.E0));
#1531=DIRECTION('',(1.E0,0.E0,0.E0));
#1532=DIRECTION('',(0.E0,0.E0,-1.E0));
#1533=AXIS2_PLACEMENT_3D('',#1530,#1531,#1532);
#1534=CONICAL_SURFACE('',#1533,3.685624127693E0,5.235237935989E1);
#1536=ORIENTED_EDGE('',*,*,#1535,.F.);
#1538=ORIENTED_EDGE('',*,*,#1537,.T.);
#1539=ORIENTED_EDGE('',*,*,#1524,.F.);
#1541=ORIENTED_EDGE('',*,*,#1540,.F.);
#1542=EDGE_LOOP('',(#1536,#1538,#1539,#1541));
#1543=FACE_OUTER_BOUND('',#1542,.F.);
#1544=ADVANCED_FACE('',(#1543),#1534,.F.);
#1545=CARTESIAN_POINT('',(-1.725E0,0.E0,0.E0));
#1546=DIRECTION('',(-1.E0,0.E0,0.E0));
#1547=DIRECTION('',(0.E0,0.E0,1.E0));
#1548=AXIS2_PLACEMENT_3D('',#1545,#1546,#1547);
#1549=TOROIDAL_SURFACE('',#1548,3.473488353996E0,2.E-1);
#1550=ORIENTED_EDGE('',*,*,#1535,.T.);
#1552=ORIENTED_EDGE('',*,*,#1551,.T.);
#1554=ORIENTED_EDGE('',*,*,#1553,.F.);
#1556=ORIENTED_EDGE('',*,*,#1555,.F.);
#1557=EDGE_LOOP('',(#1550,#1552,#1554,#1556));
#1558=FACE_OUTER_BOUND('',#1557,.F.);
#1559=ADVANCED_FACE('',(#1558),#1549,.F.);
#1560=CARTESIAN_POINT('',(-1.725E0,0.E0,0.E0));
#1561=DIRECTION('',(-1.E0,0.E0,0.E0));
#1562=DIRECTION('',(0.E0,0.E0,1.E0));
#1563=AXIS2_PLACEMENT_3D('',#1560,#1561,#1562);
#1564=TOROIDAL_SURFACE('',#1563,3.473488353996E0,2.E-1);
#1565=ORIENTED_EDGE('',*,*,#1555,.T.);
#1567=ORIENTED_EDGE('',*,*,#1566,.F.);
#1568=ORIENTED_EDGE('',*,*,#1551,.F.);
#1570=ORIENTED_EDGE('',*,*,#1569,.T.);
#1571=EDGE_LOOP('',(#1565,#1567,#1568,#1570));
#1572=FACE_OUTER_BOUND('',#1571,.F.);
#1573=ADVANCED_FACE('',(#1572),#1564,.F.);
#1574=CARTESIAN_POINT('',(-1.925E0,3.473488353996E0,0.E0));
#1575=DIRECTION('',(1.E0,0.E0,0.E0));
#1576=DIRECTION('',(0.E0,0.E0,-1.E0));
#1577=AXIS2_PLACEMENT_3D('',#1574,#1575,#1576);
#1578=PLANE('',#1577);
#1579=ORIENTED_EDGE('',*,*,#1566,.T.);
#1580=ORIENTED_EDGE('',*,*,#1553,.T.);
#1581=EDGE_LOOP('',(#1579,#1580));
#1582=FACE_OUTER_BOUND('',#1581,.F.);
#1584=ORIENTED_EDGE('',*,*,#1583,.T.);
#1586=ORIENTED_EDGE('',*,*,#1585,.T.);
#1587=EDGE_LOOP('',(#1584,#1586));
#1588=FACE_BOUND('',#1587,.F.);
#1589=ADVANCED_FACE('',(#1582,#1588),#1578,.T.);
#1590=CARTESIAN_POINT('',(0.E0,0.E0,0.E0));
#1591=DIRECTION('',(-1.E0,0.E0,0.E0));
#1592=DIRECTION('',(0.E0,0.E0,1.E0));
#1593=AXIS2_PLACEMENT_3D('',#1590,#1591,#1592);
#1594=CYLINDRICAL_SURFACE('',#1593,2.55E0);
#1596=ORIENTED_EDGE('',*,*,#1595,.T.);
#1598=ORIENTED_EDGE('',*,*,#1597,.F.);
#1600=ORIENTED_EDGE('',*,*,#1599,.F.);
#1601=ORIENTED_EDGE('',*,*,#1583,.F.);
#1602=EDGE_LOOP('',(#1596,#1598,#1600,#1601));
#1603=FACE_OUTER_BOUND('',#1602,.F.);
#1604=ADVANCED_FACE('',(#1603),#1594,.F.);
#1605=CARTESIAN_POINT('',(0.E0,0.E0,0.E0));
#1606=DIRECTION('',(-1.E0,0.E0,0.E0));
#1607=DIRECTION('',(0.E0,0.E0,1.E0));
#1608=AXIS2_PLACEMENT_3D('',#1605,#1606,#1607);
#1609=CYLINDRICAL_SURFACE('',#1608,2.55E0);
#1610=ORIENTED_EDGE('',*,*,#1585,.F.);
#1611=ORIENTED_EDGE('',*,*,#1599,.T.);
#1613=ORIENTED_EDGE('',*,*,#1612,.F.);
#1614=ORIENTED_EDGE('',*,*,#1595,.F.);
#1615=EDGE_LOOP('',(#1610,#1611,#1613,#1614));
#1616=FACE_OUTER_BOUND('',#1615,.F.);
#1617=ADVANCED_FACE('',(#1616),#1609,.F.);
#1618=CARTESIAN_POINT('',(-1.975E0,3.473488353996E0,0.E0));
#1619=DIRECTION('',(1.E0,0.E0,0.E0));
#1620=DIRECTION('',(0.E0,0.E0,-1.E0));
#1621=AXIS2_PLACEMENT_3D('',#1618,#1619,#1620);
#1622=PLANE('',#1621);
#1624=ORIENTED_EDGE('',*,*,#1623,.T.);
#1626=ORIENTED_EDGE('',*,*,#1625,.T.);
#1627=EDGE_LOOP('',(#1624,#1626));
#1628=FACE_OUTER_BOUND('',#1627,.F.);
#1629=ORIENTED_EDGE('',*,*,#1597,.T.);
#1630=ORIENTED_EDGE('',*,*,#1612,.T.);
#1631=EDGE_LOOP('',(#1629,#1630));
#1632=FACE_BOUND('',#1631,.F.);
#1633=ADVANCED_FACE('',(#1628,#1632),#1622,.F.);
#1634=CARTESIAN_POINT('',(-1.725E0,0.E0,0.E0));
#1635=DIRECTION('',(-1.E0,0.E0,0.E0));
#1636=DIRECTION('',(0.E0,0.E0,1.E0));
#1637=AXIS2_PLACEMENT_3D('',#1634,#1635,#1636);
#1638=TOROIDAL_SURFACE('',#1637,3.473488353996E0,2.5E-1);
#1640=ORIENTED_EDGE('',*,*,#1639,.T.);
#1642=ORIENTED_EDGE('',*,*,#1641,.T.);
#1643=ORIENTED_EDGE('',*,*,#1623,.F.);
#1645=ORIENTED_EDGE('',*,*,#1644,.F.);
#1646=EDGE_LOOP('',(#1640,#1642,#1643,#1645));
#1647=FACE_OUTER_BOUND('',#1646,.F.);
#1648=ADVANCED_FACE('',(#1647),#1638,.T.);
#1649=CARTESIAN_POINT('',(-1.853536214272E0,0.E0,0.E0));
#1650=DIRECTION('',(1.E0,0.E0,0.E0));
#1651=DIRECTION('',(0.E0,0.E0,-1.E0));
#1652=AXIS2_PLACEMENT_3D('',#1649,#1650,#1651);
#1653=CONICAL_SURFACE('',#1652,3.716164300407E0,5.235237935989E1);
#1654=ORIENTED_EDGE('',*,*,#1639,.F.);
#1656=ORIENTED_EDGE('',*,*,#1655,.T.);
#1658=ORIENTED_EDGE('',*,*,#1657,.F.);
#1660=ORIENTED_EDGE('',*,*,#1659,.F.);
#1661=EDGE_LOOP('',(#1654,#1656,#1658,#1660));
#1662=FACE_OUTER_BOUND('',#1661,.F.);
#1663=ADVANCED_FACE('',(#1662),#1653,.T.);
#1664=CARTESIAN_POINT('',(-1.853536214272E0,0.E0,0.E0));
#1665=DIRECTION('',(1.E0,0.E0,0.E0));
#1666=DIRECTION('',(0.E0,0.E0,-1.E0));
#1667=AXIS2_PLACEMENT_3D('',#1664,#1665,#1666);
#1668=CONICAL_SURFACE('',#1667,3.716164300407E0,5.235237935989E1);
#1669=ORIENTED_EDGE('',*,*,#1659,.T.);
#1671=ORIENTED_EDGE('',*,*,#1670,.F.);
#1672=ORIENTED_EDGE('',*,*,#1655,.F.);
#1674=ORIENTED_EDGE('',*,*,#1673,.F.);
#1675=EDGE_LOOP('',(#1669,#1671,#1672,#1674));
#1676=FACE_OUTER_BOUND('',#1675,.F.);
#1677=ADVANCED_FACE('',(#1676),#1668,.T.);
#1678=CARTESIAN_POINT('',(-1.913899886371E0,0.E0,0.E0));
#1679=DIRECTION('',(-1.E0,0.E0,0.E0));
#1680=DIRECTION('',(0.E0,0.E0,1.E0));
#1681=AXIS2_PLACEMENT_3D('',#1678,#1679,#1680);
#1682=TOROIDAL_SURFACE('',#1681,3.90625E0,1.638998863712E-1);
#1683=ORIENTED_EDGE('',*,*,#1670,.T.);
#1685=ORIENTED_EDGE('',*,*,#1684,.T.);
#1687=ORIENTED_EDGE('',*,*,#1686,.F.);
#1689=ORIENTED_EDGE('',*,*,#1688,.F.);
#1690=EDGE_LOOP('',(#1683,#1685,#1687,#1689));
#1691=FACE_OUTER_BOUND('',#1690,.F.);
#1692=ADVANCED_FACE('',(#1691),#1682,.F.);
#1693=CARTESIAN_POINT('',(-1.913899886371E0,0.E0,0.E0));
#1694=DIRECTION('',(-1.E0,0.E0,0.E0));
#1695=DIRECTION('',(0.E0,0.E0,1.E0));
#1696=AXIS2_PLACEMENT_3D('',#1693,#1694,#1695);
#1697=TOROIDAL_SURFACE('',#1696,3.90625E0,1.638998863712E-1);
#1698=ORIENTED_EDGE('',*,*,#1688,.T.);
#1700=ORIENTED_EDGE('',*,*,#1699,.F.);
#1701=ORIENTED_EDGE('',*,*,#1684,.F.);
#1702=ORIENTED_EDGE('',*,*,#1657,.T.);
#1703=EDGE_LOOP('',(#1698,#1700,#1701,#1702));
#1704=FACE_OUTER_BOUND('',#1703,.F.);
#1705=ADVANCED_FACE('',(#1704),#1697,.F.);
#1706=CARTESIAN_POINT('',(-1.75E0,3.90625E0,0.E0));
#1707=DIRECTION('',(1.E0,0.E0,0.E0));
#1708=DIRECTION('',(0.E0,0.E0,-1.E0));
#1709=AXIS2_PLACEMENT_3D('',#1706,#1707,#1708);
#1710=PLANE('',#1709);
#1712=ORIENTED_EDGE('',*,*,#1711,.T.);
#1714=ORIENTED_EDGE('',*,*,#1713,.T.);
#1715=EDGE_LOOP('',(#1712,#1714));
#1716=FACE_OUTER_BOUND('',#1715,.F.);
#1717=ORIENTED_EDGE('',*,*,#1699,.T.);
#1718=ORIENTED_EDGE('',*,*,#1686,.T.);
#1719=EDGE_LOOP('',(#1717,#1718));
#1720=FACE_BOUND('',#1719,.F.);
#1721=ADVANCED_FACE('',(#1716,#1720),#1710,.F.);
#1722=CARTESIAN_POINT('',(-1.775E0,0.E0,0.E0));
#1723=DIRECTION('',(-1.E0,0.E0,0.E0));
#1724=DIRECTION('',(0.E0,0.E0,1.E0));
#1725=AXIS2_PLACEMENT_3D('',#1722,#1723,#1724);
#1726=TOROIDAL_SURFACE('',#1725,3.979166666667E0,2.5E-2);
#1728=ORIENTED_EDGE('',*,*,#1727,.T.);
#1730=ORIENTED_EDGE('',*,*,#1729,.T.);
#1732=ORIENTED_EDGE('',*,*,#1731,.F.);
#1734=ORIENTED_EDGE('',*,*,#1733,.F.);
#1735=ORIENTED_EDGE('',*,*,#1711,.F.);
#1737=ORIENTED_EDGE('',*,*,#1736,.T.);
#1738=EDGE_LOOP('',(#1728,#1730,#1732,#1734,#1735,#1737));
#1739=FACE_OUTER_BOUND('',#1738,.F.);
#1740=ADVANCED_FACE('',(#1739),#1726,.F.);
#1741=CARTESIAN_POINT('',(-1.775E0,0.E0,0.E0));
#1742=DIRECTION('',(-1.E0,0.E0,0.E0));
#1743=DIRECTION('',(0.E0,0.E0,1.E0));
#1744=AXIS2_PLACEMENT_3D('',#1741,#1742,#1743);
#1745=TOROIDAL_SURFACE('',#1744,3.979166666667E0,2.5E-2);
#1746=ORIENTED_EDGE('',*,*,#1713,.F.);
#1747=ORIENTED_EDGE('',*,*,#1733,.T.);
#1748=ORIENTED_EDGE('',*,*,#1731,.T.);
#1750=ORIENTED_EDGE('',*,*,#1749,.T.);
#1751=ORIENTED_EDGE('',*,*,#1727,.F.);
#1752=ORIENTED_EDGE('',*,*,#1736,.F.);
#1753=EDGE_LOOP('',(#1746,#1747,#1748,#1750,#1751,#1752));
#1754=FACE_OUTER_BOUND('',#1753,.F.);
#1755=ADVANCED_FACE('',(#1754),#1745,.F.);
#1756=CARTESIAN_POINT('',(-1.841898962506E0,0.E0,0.E0));
#1757=DIRECTION('',(1.E0,0.E0,0.E0));
#1758=DIRECTION('',(0.E0,0.E0,-1.E0));
#1759=AXIS2_PLACEMENT_3D('',#1756,#1757,#1758);
#1760=CONICAL_SURFACE('',#1759,3.955063711937E0,4.039722369778E1);
#1762=ORIENTED_EDGE('',*,*,#1761,.F.);
#1764=ORIENTED_EDGE('',*,*,#1763,.T.);
#1765=ORIENTED_EDGE('',*,*,#1749,.F.);
#1767=ORIENTED_EDGE('',*,*,#1766,.F.);
#1768=EDGE_LOOP('',(#1762,#1764,#1765,#1767));
#1769=FACE_OUTER_BOUND('',#1768,.F.);
#1770=ADVANCED_FACE('',(#1769),#1760,.F.);
#1771=CARTESIAN_POINT('',(-1.908797925013E0,0.E0,0.E0));
#1772=DIRECTION('',(-1.E0,0.E0,0.E0));
#1773=DIRECTION('',(0.E0,0.E0,1.E0));
#1774=AXIS2_PLACEMENT_3D('',#1771,#1772,#1773);
#1775=CONICAL_SURFACE('',#1774,3.930960757208E0,4.960277630222E1);
#1777=ORIENTED_EDGE('',*,*,#1776,.F.);
#1779=ORIENTED_EDGE('',*,*,#1778,.F.);
#1780=ORIENTED_EDGE('',*,*,#1761,.T.);
#1782=ORIENTED_EDGE('',*,*,#1781,.T.);
#1783=EDGE_LOOP('',(#1777,#1779,#1780,#1782));
#1784=FACE_OUTER_BOUND('',#1783,.F.);
#1785=ADVANCED_FACE('',(#1784),#1775,.F.);
#1786=CARTESIAN_POINT('',(0.E0,0.E0,0.E0));
#1787=DIRECTION('',(-1.E0,0.E0,0.E0));
#1788=DIRECTION('',(0.E0,0.E0,1.E0));
#1789=AXIS2_PLACEMENT_3D('',#1786,#1787,#1788);
#1790=CYLINDRICAL_SURFACE('',#1789,3.95E0);
#1791=ORIENTED_EDGE('',*,*,#1776,.T.);
#1793=ORIENTED_EDGE('',*,*,#1792,.T.);
#1795=ORIENTED_EDGE('',*,*,#1794,.F.);
#1797=ORIENTED_EDGE('',*,*,#1796,.F.);
#1798=EDGE_LOOP('',(#1791,#1793,#1795,#1797));
#1799=FACE_OUTER_BOUND('',#1798,.F.);
#1800=ADVANCED_FACE('',(#1799),#1790,.F.);
#1801=CARTESIAN_POINT('',(0.E0,0.E0,0.E0));
#1802=DIRECTION('',(-1.E0,0.E0,0.E0));
#1803=DIRECTION('',(0.E0,0.E0,1.E0));
#1804=AXIS2_PLACEMENT_3D('',#1801,#1802,#1803);
#1805=CYLINDRICAL_SURFACE('',#1804,3.95E0);
#1807=ORIENTED_EDGE('',*,*,#1806,.T.);
#1808=ORIENTED_EDGE('',*,*,#1796,.T.);
#1810=ORIENTED_EDGE('',*,*,#1809,.F.);
#1811=ORIENTED_EDGE('',*,*,#1792,.F.);
#1812=EDGE_LOOP('',(#1807,#1808,#1810,#1811));
#1813=FACE_OUTER_BOUND('',#1812,.F.);
#1814=ADVANCED_FACE('',(#1813),#1805,.F.);
#1815=CARTESIAN_POINT('',(-1.908797925013E0,0.E0,0.E0));
#1816=DIRECTION('',(-1.E0,0.E0,0.E0));
#1817=DIRECTION('',(0.E0,0.E0,1.E0));
#1818=AXIS2_PLACEMENT_3D('',#1815,#1816,#1817);
#1819=CONICAL_SURFACE('',#1818,3.930960757208E0,4.960277630222E1);
#1820=ORIENTED_EDGE('',*,*,#1806,.F.);
#1821=ORIENTED_EDGE('',*,*,#1781,.F.);
#1823=ORIENTED_EDGE('',*,*,#1822,.T.);
#1824=ORIENTED_EDGE('',*,*,#1778,.T.);
#1825=EDGE_LOOP('',(#1820,#1821,#1823,#1824));
#1826=FACE_OUTER_BOUND('',#1825,.F.);
#1827=ADVANCED_FACE('',(#1826),#1819,.F.);
#1828=CARTESIAN_POINT('',(-1.841898962506E0,0.E0,0.E0));
#1829=DIRECTION('',(1.E0,0.E0,0.E0));
#1830=DIRECTION('',(0.E0,0.E0,-1.E0));
#1831=AXIS2_PLACEMENT_3D('',#1828,#1829,#1830);
#1832=CONICAL_SURFACE('',#1831,3.955063711937E0,4.039722369778E1);
#1833=ORIENTED_EDGE('',*,*,#1766,.T.);
#1834=ORIENTED_EDGE('',*,*,#1729,.F.);
#1835=ORIENTED_EDGE('',*,*,#1763,.F.);
#1836=ORIENTED_EDGE('',*,*,#1822,.F.);
#1837=EDGE_LOOP('',(#1833,#1834,#1835,#1836));
#1838=FACE_OUTER_BOUND('',#1837,.F.);
#1839=ADVANCED_FACE('',(#1838),#1832,.F.);
#1840=CARTESIAN_POINT('',(-2.E0,3.95E0,0.E0));
#1841=DIRECTION('',(1.E0,0.E0,0.E0));
#1842=DIRECTION('',(0.E0,0.E0,-1.E0));
#1843=AXIS2_PLACEMENT_3D('',#1840,#1841,#1842);
#1844=PLANE('',#1843);
#1846=ORIENTED_EDGE('',*,*,#1845,.T.);
#1848=ORIENTED_EDGE('',*,*,#1847,.T.);
#1849=EDGE_LOOP('',(#1846,#1848));
#1850=FACE_OUTER_BOUND('',#1849,.F.);
#1851=ORIENTED_EDGE('',*,*,#1809,.T.);
#1852=ORIENTED_EDGE('',*,*,#1794,.T.);
#1853=EDGE_LOOP('',(#1851,#1852));
#1854=FACE_BOUND('',#1853,.F.);
#1855=ADVANCED_FACE('',(#1850,#1854),#1844,.F.);
#1856=CARTESIAN_POINT('',(-1.85E0,0.E0,0.E0));
#1857=DIRECTION('',(-1.E0,0.E0,0.E0));
#1858=DIRECTION('',(0.E0,0.E0,1.E0));
#1859=AXIS2_PLACEMENT_3D('',#1856,#1857,#1858);
#1860=TOROIDAL_SURFACE('',#1859,4.85E0,1.5E-1);
#1862=ORIENTED_EDGE('',*,*,#1861,.T.);
#1864=ORIENTED_EDGE('',*,*,#1863,.T.);
#1865=ORIENTED_EDGE('',*,*,#1845,.F.);
#1867=ORIENTED_EDGE('',*,*,#1866,.F.);
#1868=EDGE_LOOP('',(#1862,#1864,#1865,#1867));
#1869=FACE_OUTER_BOUND('',#1868,.F.);
#1870=ADVANCED_FACE('',(#1869),#1860,.T.);
#1871=CARTESIAN_POINT('',(0.E0,0.E0,0.E0));
#1872=DIRECTION('',(-1.E0,0.E0,0.E0));
#1873=DIRECTION('',(0.E0,0.E0,1.E0));
#1874=AXIS2_PLACEMENT_3D('',#1871,#1872,#1873);
#1875=CYLINDRICAL_SURFACE('',#1874,5.E0);
#1876=ORIENTED_EDGE('',*,*,#1038,.F.);
#1878=ORIENTED_EDGE('',*,*,#1877,.T.);
#1879=ORIENTED_EDGE('',*,*,#1861,.F.);
#1881=ORIENTED_EDGE('',*,*,#1880,.F.);
#1882=EDGE_LOOP('',(#1876,#1878,#1879,#1881));
#1883=FACE_OUTER_BOUND('',#1882,.F.);
#1884=ADVANCED_FACE('',(#1883),#1875,.T.);
#1885=CARTESIAN_POINT('',(0.E0,0.E0,0.E0));
#1886=DIRECTION('',(-1.E0,0.E0,0.E0));
#1887=DIRECTION('',(0.E0,0.E0,1.E0));
#1888=AXIS2_PLACEMENT_3D('',#1885,#1886,#1887);
#1889=CYLINDRICAL_SURFACE('',#1888,5.E0);
#1890=ORIENTED_EDGE('',*,*,#1880,.T.);
#1892=ORIENTED_EDGE('',*,*,#1891,.F.);
#1893=ORIENTED_EDGE('',*,*,#1877,.F.);
#1894=ORIENTED_EDGE('',*,*,#1021,.F.);
#1895=EDGE_LOOP('',(#1890,#1892,#1893,#1894));
#1896=FACE_OUTER_BOUND('',#1895,.F.);
#1897=ADVANCED_FACE('',(#1896),#1889,.T.);
#1898=CARTESIAN_POINT('',(-1.85E0,0.E0,0.E0));
#1899=DIRECTION('',(-1.E0,0.E0,0.E0));
#1900=DIRECTION('',(0.E0,0.E0,1.E0));
#1901=AXIS2_PLACEMENT_3D('',#1898,#1899,#1900);
#1902=TOROIDAL_SURFACE('',#1901,4.85E0,1.5E-1);
#1903=ORIENTED_EDGE('',*,*,#1866,.T.);
#1904=ORIENTED_EDGE('',*,*,#1847,.F.);
#1905=ORIENTED_EDGE('',*,*,#1863,.F.);
#1906=ORIENTED_EDGE('',*,*,#1891,.T.);
#1907=EDGE_LOOP('',(#1903,#1904,#1905,#1906));
#1908=FACE_OUTER_BOUND('',#1907,.F.);
#1909=ADVANCED_FACE('',(#1908),#1902,.T.);
#1910=CARTESIAN_POINT('',(-1.725E0,0.E0,0.E0));
#1911=DIRECTION('',(-1.E0,0.E0,0.E0));
#1912=DIRECTION('',(0.E0,0.E0,1.E0));
#1913=AXIS2_PLACEMENT_3D('',#1910,#1911,#1912);
#1914=TOROIDAL_SURFACE('',#1913,3.473488353996E0,2.5E-1);
#1915=ORIENTED_EDGE('',*,*,#1644,.T.);
#1916=ORIENTED_EDGE('',*,*,#1625,.F.);
#1917=ORIENTED_EDGE('',*,*,#1641,.F.);
#1918=ORIENTED_EDGE('',*,*,#1673,.T.);
#1919=EDGE_LOOP('',(#1915,#1916,#1917,#1918));
#1920=FACE_OUTER_BOUND('',#1919,.F.);
#1921=ADVANCED_FACE('',(#1920),#1914,.T.);
#1922=CARTESIAN_POINT('',(-1.813947101494E0,0.E0,0.E0));
#1923=DIRECTION('',(1.E0,0.E0,0.E0));
#1924=DIRECTION('',(0.E0,0.E0,-1.E0));
#1925=AXIS2_PLACEMENT_3D('',#1922,#1923,#1924);
#1926=CONICAL_SURFACE('',#1925,3.685624127693E0,5.235237935989E1);
#1927=ORIENTED_EDGE('',*,*,#1540,.T.);
#1928=ORIENTED_EDGE('',*,*,#1510,.F.);
#1929=ORIENTED_EDGE('',*,*,#1537,.F.);
#1930=ORIENTED_EDGE('',*,*,#1569,.F.);
#1931=EDGE_LOOP('',(#1927,#1928,#1929,#1930));
#1932=FACE_OUTER_BOUND('',#1931,.F.);
#1933=ADVANCED_FACE('',(#1932),#1926,.F.);
#1934=CARTESIAN_POINT('',(1.725E0,0.E0,0.E0));
#1935=DIRECTION('',(1.E0,0.E0,0.E0));
#1936=DIRECTION('',(0.E0,0.E0,1.E0));
#1937=AXIS2_PLACEMENT_3D('',#1934,#1935,#1936);
#1938=TOROIDAL_SURFACE('',#1937,3.473488353996E0,2.E-1);
#1939=ORIENTED_EDGE('',*,*,#1324,.T.);
#1940=ORIENTED_EDGE('',*,*,#1304,.F.);
#1941=ORIENTED_EDGE('',*,*,#1321,.F.);
#1942=ORIENTED_EDGE('',*,*,#1353,.T.);
#1943=EDGE_LOOP('',(#1939,#1940,#1941,#1942));
#1944=FACE_OUTER_BOUND('',#1943,.F.);
#1945=ADVANCED_FACE('',(#1944),#1938,.F.);
#1946=CARTESIAN_POINT('',(0.E0,0.E0,0.E0));
#1947=DIRECTION('',(1.E0,0.E0,0.E0));
#1948=DIRECTION('',(0.E0,0.E0,1.E0));
#1949=AXIS2_PLACEMENT_3D('',#1946,#1947,#1948);
#1950=CYLINDRICAL_SURFACE('',#1949,2.55E0);
#1951=ORIENTED_EDGE('',*,*,#1292,.T.);
#1952=ORIENTED_EDGE('',*,*,#1277,.F.);
#1953=ORIENTED_EDGE('',*,*,#1289,.F.);
#1954=ORIENTED_EDGE('',*,*,#1309,.F.);
#1955=EDGE_LOOP('',(#1951,#1952,#1953,#1954));
#1956=FACE_OUTER_BOUND('',#1955,.F.);
#1957=ADVANCED_FACE('',(#1956),#1950,.F.);
#1958=CARTESIAN_POINT('',(1.913899886371E0,0.E0,0.E0));
#1959=DIRECTION('',(1.E0,0.E0,0.E0));
#1960=DIRECTION('',(0.E0,0.E0,1.E0));
#1961=AXIS2_PLACEMENT_3D('',#1958,#1959,#1960);
#1962=TOROIDAL_SURFACE('',#1961,3.90625E0,1.638998863712E-1);
#1963=ORIENTED_EDGE('',*,*,#1204,.T.);
#1964=ORIENTED_EDGE('',*,*,#1175,.F.);
#1965=ORIENTED_EDGE('',*,*,#1201,.F.);
#1966=ORIENTED_EDGE('',*,*,#1232,.T.);
#1967=EDGE_LOOP('',(#1963,#1964,#1965,#1966));
#1968=FACE_OUTER_BOUND('',#1967,.F.);
#1969=ADVANCED_FACE('',(#1968),#1962,.F.);
#1970=CLOSED_SHELL('',(#1029,#1043,#1059,#1074,#1089,#1103,#1115,#1130,#1143,
#1162,#1179,#1193,#1208,#1223,#1237,#1252,#1265,#1281,#1296,#1313,#1328,#1343,
#1357,#1372,#1389,#1401,#1416,#1429,#1444,#1457,#1472,#1485,#1501,#1516,#1529,
#1544,#1559,#1573,#1589,#1604,#1617,#1633,#1648,#1663,#1677,#1692,#1705,#1721,
#1740,#1755,#1770,#1785,#1800,#1814,#1827,#1839,#1855,#1870,#1884,#1897,#1909,
#1921,#1933,#1945,#1957,#1969));
#1971=MANIFOLD_SOLID_BREP('',#1970);
#1972=CARTESIAN_POINT('',(1.85E0,0.E0,-1.65E0));
#1973=DIRECTION('',(0.E0,1.E0,0.E0));
#1974=DIRECTION('',(0.E0,0.E0,1.E0));
#1975=AXIS2_PLACEMENT_3D('',#1972,#1973,#1974);
#1977=CARTESIAN_POINT('',(1.85E0,0.E0,0.E0));
#1978=DIRECTION('',(1.E0,0.E0,0.E0));
#1979=DIRECTION('',(0.E0,0.E0,1.E0));
#1980=AXIS2_PLACEMENT_3D('',#1977,#1978,#1979);
#1982=CARTESIAN_POINT('',(1.85E0,0.E0,0.E0));
#1983=DIRECTION('',(1.E0,0.E0,0.E0));
#1984=DIRECTION('',(0.E0,0.E0,-1.E0));
#1985=AXIS2_PLACEMENT_3D('',#1982,#1983,#1984);
#1987=CARTESIAN_POINT('',(1.85E0,0.E0,1.65E0));
#1988=DIRECTION('',(0.E0,-1.E0,0.E0));
#1989=DIRECTION('',(0.E0,0.E0,-1.E0));
#1990=AXIS2_PLACEMENT_3D('',#1987,#1988,#1989);
#1992=DIRECTION('',(-1.E0,0.E0,0.E0));
#1993=VECTOR('',#1992,3.7E0);
#1994=CARTESIAN_POINT('',(1.85E0,0.E0,-1.5E0));
#1995=LINE('',#1994,#1993);
#1996=DIRECTION('',(-1.E0,0.E0,0.E0));
#1997=VECTOR('',#1996,3.7E0);
#1998=CARTESIAN_POINT('',(1.85E0,0.E0,1.5E0));
#1999=LINE('',#1998,#1997);
#2000=CARTESIAN_POINT('',(-1.85E0,0.E0,-1.65E0));
#2001=DIRECTION('',(0.E0,1.E0,0.E0));
#2002=DIRECTION('',(-1.E0,0.E0,0.E0));
#2003=AXIS2_PLACEMENT_3D('',#2000,#2001,#2002);
#2005=CARTESIAN_POINT('',(-1.85E0,0.E0,0.E0));
#2006=DIRECTION('',(-1.E0,0.E0,0.E0));
#2007=DIRECTION('',(0.E0,0.E0,-1.E0));
#2008=AXIS2_PLACEMENT_3D('',#2005,#2006,#2007);
#2010=CARTESIAN_POINT('',(-1.85E0,0.E0,1.65E0));
#2011=DIRECTION('',(0.E0,-1.E0,0.E0));
#2012=DIRECTION('',(-1.E0,0.E0,0.E0));
#2013=AXIS2_PLACEMENT_3D('',#2010,#2011,#2012);
#2015=CARTESIAN_POINT('',(-1.85E0,0.E0,0.E0));
#2016=DIRECTION('',(-1.E0,0.E0,0.E0));
#2017=DIRECTION('',(0.E0,0.E0,1.E0));
#2018=AXIS2_PLACEMENT_3D('',#2015,#2016,#2017);
#2020=CARTESIAN_POINT('',(-2.E0,0.E0,0.E0));
#2021=DIRECTION('',(1.E0,0.E0,0.E0));
#2022=DIRECTION('',(0.E0,0.E0,-1.E0));
#2023=AXIS2_PLACEMENT_3D('',#2020,#2021,#2022);
#2025=CARTESIAN_POINT('',(-2.E0,0.E0,0.E0));
#2026=DIRECTION('',(1.E0,0.E0,0.E0));
#2027=DIRECTION('',(0.E0,0.E0,1.E0));
#2028=AXIS2_PLACEMENT_3D('',#2025,#2026,#2027);
#2030=CARTESIAN_POINT('',(-2.E0,0.E0,0.E0));
#2031=DIRECTION('',(-1.E0,0.E0,0.E0));
#2032=DIRECTION('',(0.E0,0.E0,1.E0));
#2033=AXIS2_PLACEMENT_3D('',#2030,#2031,#2032);
#2035=CARTESIAN_POINT('',(-2.E0,0.E0,0.E0));
#2036=DIRECTION('',(-1.E0,0.E0,0.E0));
#2037=DIRECTION('',(0.E0,0.E0,-1.E0));
#2038=AXIS2_PLACEMENT_3D('',#2035,#2036,#2037);
#2040=DIRECTION('',(-1.E0,0.E0,0.E0));
#2041=VECTOR('',#2040,3.E-1);
#2042=CARTESIAN_POINT('',(-1.7E0,0.E0,2.520833333333E0));
#2043=LINE('',#2042,#2041);
#2044=CARTESIAN_POINT('',(-1.7E0,0.E0,0.E0));
#2045=DIRECTION('',(1.E0,0.E0,0.E0));
#2046=DIRECTION('',(0.E0,0.E0,-1.E0));
#2047=AXIS2_PLACEMENT_3D('',#2044,#2045,#2046);
#2049=CARTESIAN_POINT('',(-1.7E0,0.E0,0.E0));
#2050=DIRECTION('',(1.E0,0.E0,0.E0));
#2051=DIRECTION('',(0.E0,0.E0,1.E0));
#2052=AXIS2_PLACEMENT_3D('',#2049,#2050,#2051);
#2054=CARTESIAN_POINT('',(-1.7E0,0.E0,0.E0));
#2055=DIRECTION('',(-1.E0,0.E0,0.E0));
#2056=DIRECTION('',(0.E0,0.E0,1.E0));
#2057=AXIS2_PLACEMENT_3D('',#2054,#2055,#2056);
#2059=CARTESIAN_POINT('',(-1.7E0,0.E0,0.E0));
#2060=DIRECTION('',(-1.E0,0.E0,0.E0));
#2061=DIRECTION('',(0.E0,0.E0,-1.E0));
#2062=AXIS2_PLACEMENT_3D('',#2059,#2060,#2061);
#2064=DIRECTION('',(-1.E0,0.E0,6.765911015669E-14));
#2065=VECTOR('',#2064,9.714169001868E-1);
#2066=CARTESIAN_POINT('',(-7.285830998132E-1,0.E0,2.666666666667E0));
#2067=LINE('',#2066,#2065);
#2068=CARTESIAN_POINT('',(-7.285830998134E-1,0.E0,0.E0));
#2069=DIRECTION('',(-1.E0,0.E0,0.E0));
#2070=DIRECTION('',(0.E0,0.E0,1.E0));
#2071=AXIS2_PLACEMENT_3D('',#2068,#2069,#2070);
#2073=CARTESIAN_POINT('',(0.E0,0.E0,-3.25E0));
#2074=DIRECTION('',(0.E0,1.E0,0.E0));
#2075=DIRECTION('',(-7.806247498E-1,0.E0,6.249999999998E-1));
#2076=AXIS2_PLACEMENT_3D('',#2073,#2074,#2075);
#2078=CARTESIAN_POINT('',(-7.285830998134E-1,0.E0,0.E0));
#2079=DIRECTION('',(-1.E0,0.E0,0.E0));
#2080=DIRECTION('',(0.E0,0.E0,-1.E0));
#2081=AXIS2_PLACEMENT_3D('',#2078,#2079,#2080);
#2083=CARTESIAN_POINT('',(0.E0,0.E0,3.25E0));
#2084=DIRECTION('',(0.E0,-1.E0,0.E0));
#2085=DIRECTION('',(-7.806247498E-1,0.E0,-6.249999999998E-1));
#2086=AXIS2_PLACEMENT_3D('',#2083,#2084,#2085);
#2088=DIRECTION('',(-1.E0,0.E0,-6.765911015669E-14));
#2089=VECTOR('',#2088,9.714169001868E-1);
#2090=CARTESIAN_POINT('',(-7.285830998132E-1,0.E0,-2.666666666667E0));
#2091=LINE('',#2090,#2089);
#2092=CARTESIAN_POINT('',(0.E0,0.E0,0.E0));
#2093=DIRECTION('',(-1.E0,0.E0,0.E0));
#2094=DIRECTION('',(0.E0,0.E0,-1.E0));
#2095=AXIS2_PLACEMENT_3D('',#2092,#2093,#2094);
#2097=CARTESIAN_POINT('',(0.E0,0.E0,3.25E0));
#2098=DIRECTION('',(0.E0,-1.E0,0.E0));
#2099=DIRECTION('',(0.E0,0.E0,-1.E0));
#2100=AXIS2_PLACEMENT_3D('',#2097,#2098,#2099);
#2102=CARTESIAN_POINT('',(7.285830998134E-1,0.E0,0.E0));
#2103=DIRECTION('',(1.E0,0.E0,0.E0));
#2104=DIRECTION('',(0.E0,0.E0,1.E0));
#2105=AXIS2_PLACEMENT_3D('',#2102,#2103,#2104);
#2107=CARTESIAN_POINT('',(0.E0,0.E0,0.E0));
#2108=DIRECTION('',(-1.E0,0.E0,0.E0));
#2109=DIRECTION('',(0.E0,0.E0,1.E0));
#2110=AXIS2_PLACEMENT_3D('',#2107,#2108,#2109);
#2112=CARTESIAN_POINT('',(0.E0,0.E0,-3.25E0));
#2113=DIRECTION('',(0.E0,1.E0,0.E0));
#2114=DIRECTION('',(0.E0,0.E0,1.E0));
#2115=AXIS2_PLACEMENT_3D('',#2112,#2113,#2114);
#2117=CARTESIAN_POINT('',(7.285830998134E-1,0.E0,0.E0));
#2118=DIRECTION('',(1.E0,0.E0,0.E0));
#2119=DIRECTION('',(0.E0,0.E0,-1.E0));
#2120=AXIS2_PLACEMENT_3D('',#2117,#2118,#2119);
#2122=DIRECTION('',(-1.E0,0.E0,-6.765911015669E-14));
#2123=VECTOR('',#2122,9.714169001868E-1);
#2124=CARTESIAN_POINT('',(1.7E0,0.E0,2.666666666667E0));
#2125=LINE('',#2124,#2123);
#2126=CARTESIAN_POINT('',(1.7E0,0.E0,0.E0));
#2127=DIRECTION('',(-1.E0,0.E0,0.E0));
#2128=DIRECTION('',(0.E0,0.E0,1.E0));
#2129=AXIS2_PLACEMENT_3D('',#2126,#2127,#2128);
#2131=CARTESIAN_POINT('',(1.7E0,0.E0,0.E0));
#2132=DIRECTION('',(-1.E0,0.E0,0.E0));
#2133=DIRECTION('',(0.E0,0.E0,-1.E0));
#2134=AXIS2_PLACEMENT_3D('',#2131,#2132,#2133);
#2136=CARTESIAN_POINT('',(1.7E0,0.E0,0.E0));
#2137=DIRECTION('',(1.E0,0.E0,0.E0));
#2138=DIRECTION('',(0.E0,0.E0,-1.E0));
#2139=AXIS2_PLACEMENT_3D('',#2136,#2137,#2138);
#2141=CARTESIAN_POINT('',(1.7E0,0.E0,0.E0));
#2142=DIRECTION('',(1.E0,0.E0,0.E0));
#2143=DIRECTION('',(0.E0,0.E0,1.E0));
#2144=AXIS2_PLACEMENT_3D('',#2141,#2142,#2143);
#2146=DIRECTION('',(-1.E0,0.E0,6.765911015669E-14));
#2147=VECTOR('',#2146,9.714169001868E-1);
#2148=CARTESIAN_POINT('',(1.7E0,0.E0,-2.666666666667E0));
#2149=LINE('',#2148,#2147);
#2150=DIRECTION('',(-1.E0,0.E0,0.E0));
#2151=VECTOR('',#2150,3.E-1);
#2152=CARTESIAN_POINT('',(2.E0,0.E0,2.520833333333E0));
#2153=LINE('',#2152,#2151);
#2154=CARTESIAN_POINT('',(2.E0,0.E0,0.E0));
#2155=DIRECTION('',(-1.E0,0.E0,0.E0));
#2156=DIRECTION('',(0.E0,0.E0,1.E0));
#2157=AXIS2_PLACEMENT_3D('',#2154,#2155,#2156);
#2159=CARTESIAN_POINT('',(2.E0,0.E0,0.E0));
#2160=DIRECTION('',(-1.E0,0.E0,0.E0));
#2161=DIRECTION('',(0.E0,0.E0,-1.E0));
#2162=AXIS2_PLACEMENT_3D('',#2159,#2160,#2161);
#2164=CARTESIAN_POINT('',(2.E0,0.E0,0.E0));
#2165=DIRECTION('',(1.E0,0.E0,0.E0));
#2166=DIRECTION('',(0.E0,0.E0,-1.E0));
#2167=AXIS2_PLACEMENT_3D('',#2164,#2165,#2166);
#2169=CARTESIAN_POINT('',(2.E0,0.E0,0.E0));
#2170=DIRECTION('',(1.E0,0.E0,0.E0));
#2171=DIRECTION('',(0.E0,0.E0,1.E0));
#2172=AXIS2_PLACEMENT_3D('',#2169,#2170,#2171);
#2174=DIRECTION('',(-1.E0,0.E0,0.E0));
#2175=VECTOR('',#2174,3.E-1);
#2176=CARTESIAN_POINT('',(2.E0,0.E0,-2.520833333333E0));
#2177=LINE('',#2176,#2175);
#2178=DIRECTION('',(-1.E0,0.E0,0.E0));
#2179=VECTOR('',#2178,3.E-1);
#2180=CARTESIAN_POINT('',(-1.7E0,0.E0,-2.520833333333E0));
#2181=LINE('',#2180,#2179);
#2182=CARTESIAN_POINT('',(-7.285830998133E-1,0.E0,-2.666666666667E0));
#2183=CARTESIAN_POINT('',(0.E0,0.E0,-2.316666666667E0));
#2184=VERTEX_POINT('',#2182);
#2185=VERTEX_POINT('',#2183);
#2186=CARTESIAN_POINT('',(-7.285830998134E-1,0.E0,2.666666666667E0));
#2187=VERTEX_POINT('',#2186);
#2188=CARTESIAN_POINT('',(0.E0,0.E0,2.316666666667E0));
#2189=VERTEX_POINT('',#2188);
#2190=CARTESIAN_POINT('',(-1.7E0,0.E0,2.666666666667E0));
#2191=VERTEX_POINT('',#2190);
#2192=CARTESIAN_POINT('',(-1.7E0,0.E0,-2.666666666667E0));
#2193=VERTEX_POINT('',#2192);
#2194=CARTESIAN_POINT('',(-1.7E0,0.E0,2.520833333333E0));
#2195=CARTESIAN_POINT('',(-1.7E0,0.E0,-2.520833333333E0));
#2196=VERTEX_POINT('',#2194);
#2197=VERTEX_POINT('',#2195);
#2198=CARTESIAN_POINT('',(-2.E0,0.E0,2.520833333333E0));
#2199=VERTEX_POINT('',#2198);
#2200=CARTESIAN_POINT('',(-2.E0,0.E0,-2.520833333333E0));
#2201=VERTEX_POINT('',#2200);
#2202=CARTESIAN_POINT('',(-2.E0,0.E0,1.65E0));
#2203=CARTESIAN_POINT('',(-2.E0,0.E0,-1.65E0));
#2204=VERTEX_POINT('',#2202);
#2205=VERTEX_POINT('',#2203);
#2206=CARTESIAN_POINT('',(-1.85E0,0.E0,1.5E0));
#2207=VERTEX_POINT('',#2206);
#2208=CARTESIAN_POINT('',(-1.85E0,0.E0,-1.5E0));
#2209=VERTEX_POINT('',#2208);
#2210=CARTESIAN_POINT('',(1.85E0,0.E0,1.5E0));
#2211=CARTESIAN_POINT('',(1.85E0,0.E0,-1.5E0));
#2212=VERTEX_POINT('',#2210);
#2213=VERTEX_POINT('',#2211);
#2214=CARTESIAN_POINT('',(2.E0,0.E0,-1.65E0));
#2215=VERTEX_POINT('',#2214);
#2216=CARTESIAN_POINT('',(2.E0,0.E0,1.65E0));
#2217=VERTEX_POINT('',#2216);
#2218=CARTESIAN_POINT('',(2.E0,0.E0,2.520833333333E0));
#2219=CARTESIAN_POINT('',(2.E0,0.E0,-2.520833333333E0));
#2220=VERTEX_POINT('',#2218);
#2221=VERTEX_POINT('',#2219);
#2222=CARTESIAN_POINT('',(1.7E0,0.E0,2.520833333333E0));
#2223=VERTEX_POINT('',#2222);
#2224=CARTESIAN_POINT('',(1.7E0,0.E0,-2.520833333333E0));
#2225=VERTEX_POINT('',#2224);
#2226=CARTESIAN_POINT('',(1.7E0,0.E0,2.666666666667E0));
#2227=CARTESIAN_POINT('',(1.7E0,0.E0,-2.666666666667E0));
#2228=VERTEX_POINT('',#2226);
#2229=VERTEX_POINT('',#2227);
#2230=CARTESIAN_POINT('',(7.285830998132E-1,0.E0,2.666666666667E0));
#2231=VERTEX_POINT('',#2230);
#2232=CARTESIAN_POINT('',(7.285830998134E-1,0.E0,-2.666666666667E0));
#2233=VERTEX_POINT('',#2232);
#2234=CARTESIAN_POINT('',(1.85E0,0.E0,0.E0));
#2235=DIRECTION('',(-1.E0,0.E0,0.E0));
#2236=DIRECTION('',(0.E0,0.E0,1.E0));
#2237=AXIS2_PLACEMENT_3D('',#2234,#2235,#2236);
#2238=TOROIDAL_SURFACE('',#2237,1.65E0,1.5E-1);
#2240=ORIENTED_EDGE('',*,*,#2239,.T.);
#2242=ORIENTED_EDGE('',*,*,#2241,.F.);
#2244=ORIENTED_EDGE('',*,*,#2243,.F.);
#2246=ORIENTED_EDGE('',*,*,#2245,.T.);
#2247=EDGE_LOOP('',(#2240,#2242,#2244,#2246));
#2248=FACE_OUTER_BOUND('',#2247,.F.);
#2249=ADVANCED_FACE('',(#2248),#2238,.T.);
#2250=CARTESIAN_POINT('',(1.85E0,0.E0,0.E0));
#2251=DIRECTION('',(-1.E0,0.E0,0.E0));
#2252=DIRECTION('',(0.E0,0.E0,1.E0));
#2253=AXIS2_PLACEMENT_3D('',#2250,#2251,#2252);
#2254=TOROIDAL_SURFACE('',#2253,1.65E0,1.5E-1);
#2256=ORIENTED_EDGE('',*,*,#2255,.T.);
#2257=ORIENTED_EDGE('',*,*,#2243,.T.);
#2259=ORIENTED_EDGE('',*,*,#2258,.F.);
#2260=ORIENTED_EDGE('',*,*,#2239,.F.);
#2261=EDGE_LOOP('',(#2256,#2257,#2259,#2260));
#2262=FACE_OUTER_BOUND('',#2261,.F.);
#2263=ADVANCED_FACE('',(#2262),#2254,.T.);
#2264=CARTESIAN_POINT('',(0.E0,0.E0,0.E0));
#2265=DIRECTION('',(-1.E0,0.E0,0.E0));
#2266=DIRECTION('',(0.E0,0.E0,1.E0));
#2267=AXIS2_PLACEMENT_3D('',#2264,#2265,#2266);
#2268=CYLINDRICAL_SURFACE('',#2267,1.5E0);
#2270=ORIENTED_EDGE('',*,*,#2269,.T.);
#2272=ORIENTED_EDGE('',*,*,#2271,.F.);
#2274=ORIENTED_EDGE('',*,*,#2273,.F.);
#2275=ORIENTED_EDGE('',*,*,#2255,.F.);
#2276=EDGE_LOOP('',(#2270,#2272,#2274,#2275));
#2277=FACE_OUTER_BOUND('',#2276,.F.);
#2278=ADVANCED_FACE('',(#2277),#2268,.F.);
#2279=CARTESIAN_POINT('',(0.E0,0.E0,0.E0));
#2280=DIRECTION('',(-1.E0,0.E0,0.E0));
#2281=DIRECTION('',(0.E0,0.E0,1.E0));
#2282=AXIS2_PLACEMENT_3D('',#2279,#2280,#2281);
#2283=CYLINDRICAL_SURFACE('',#2282,1.5E0);
#2284=ORIENTED_EDGE('',*,*,#2245,.F.);
#2285=ORIENTED_EDGE('',*,*,#2273,.T.);
#2287=ORIENTED_EDGE('',*,*,#2286,.F.);
#2288=ORIENTED_EDGE('',*,*,#2269,.F.);
#2289=EDGE_LOOP('',(#2284,#2285,#2287,#2288));
#2290=FACE_OUTER_BOUND('',#2289,.F.);
#2291=ADVANCED_FACE('',(#2290),#2283,.F.);
#2292=CARTESIAN_POINT('',(-1.85E0,0.E0,0.E0));
#2293=DIRECTION('',(-1.E0,0.E0,0.E0));
#2294=DIRECTION('',(0.E0,0.E0,1.E0));
#2295=AXIS2_PLACEMENT_3D('',#2292,#2293,#2294);
#2296=TOROIDAL_SURFACE('',#2295,1.65E0,1.5E-1);
#2298=ORIENTED_EDGE('',*,*,#2297,.T.);
#2299=ORIENTED_EDGE('',*,*,#2286,.T.);
#2301=ORIENTED_EDGE('',*,*,#2300,.F.);
#2303=ORIENTED_EDGE('',*,*,#2302,.F.);
#2304=EDGE_LOOP('',(#2298,#2299,#2301,#2303));
#2305=FACE_OUTER_BOUND('',#2304,.F.);
#2306=ADVANCED_FACE('',(#2305),#2296,.T.);
#2307=CARTESIAN_POINT('',(-1.85E0,0.E0,0.E0));
#2308=DIRECTION('',(-1.E0,0.E0,0.E0));
#2309=DIRECTION('',(0.E0,0.E0,1.E0));
#2310=AXIS2_PLACEMENT_3D('',#2307,#2308,#2309);
#2311=TOROIDAL_SURFACE('',#2310,1.65E0,1.5E-1);
#2313=ORIENTED_EDGE('',*,*,#2312,.F.);
#2314=ORIENTED_EDGE('',*,*,#2300,.T.);
#2315=ORIENTED_EDGE('',*,*,#2271,.T.);
#2316=ORIENTED_EDGE('',*,*,#2297,.F.);
#2317=EDGE_LOOP('',(#2313,#2314,#2315,#2316));
#2318=FACE_OUTER_BOUND('',#2317,.F.);
#2319=ADVANCED_FACE('',(#2318),#2311,.T.);
#2320=CARTESIAN_POINT('',(-2.E0,2.520833333333E0,0.E0));
#2321=DIRECTION('',(1.E0,0.E0,0.E0));
#2322=DIRECTION('',(0.E0,0.E0,-1.E0));
#2323=AXIS2_PLACEMENT_3D('',#2320,#2321,#2322);
#2324=PLANE('',#2323);
#2326=ORIENTED_EDGE('',*,*,#2325,.T.);
#2328=ORIENTED_EDGE('',*,*,#2327,.T.);
#2329=EDGE_LOOP('',(#2326,#2328));
#2330=FACE_OUTER_BOUND('',#2329,.F.);
#2331=ORIENTED_EDGE('',*,*,#2312,.T.);
#2332=ORIENTED_EDGE('',*,*,#2302,.T.);
#2333=EDGE_LOOP('',(#2331,#2332));
#2334=FACE_BOUND('',#2333,.F.);
#2335=ADVANCED_FACE('',(#2330,#2334),#2324,.F.);
#2336=CARTESIAN_POINT('',(0.E0,0.E0,0.E0));
#2337=DIRECTION('',(-1.E0,0.E0,0.E0));
#2338=DIRECTION('',(0.E0,0.E0,1.E0));
#2339=AXIS2_PLACEMENT_3D('',#2336,#2337,#2338);
#2340=CYLINDRICAL_SURFACE('',#2339,2.520833333333E0);
#2342=ORIENTED_EDGE('',*,*,#2341,.F.);
#2344=ORIENTED_EDGE('',*,*,#2343,.T.);
#2345=ORIENTED_EDGE('',*,*,#2325,.F.);
#2347=ORIENTED_EDGE('',*,*,#2346,.F.);
#2348=EDGE_LOOP('',(#2342,#2344,#2345,#2347));
#2349=FACE_OUTER_BOUND('',#2348,.F.);
#2350=ADVANCED_FACE('',(#2349),#2340,.T.);
#2351=CARTESIAN_POINT('',(-1.7E0,2.520833333333E0,0.E0));
#2352=DIRECTION('',(1.E0,0.E0,0.E0));
#2353=DIRECTION('',(0.E0,0.E0,-1.E0));
#2354=AXIS2_PLACEMENT_3D('',#2351,#2352,#2353);
#2355=PLANE('',#2354);
#2357=ORIENTED_EDGE('',*,*,#2356,.T.);
#2359=ORIENTED_EDGE('',*,*,#2358,.T.);
#2360=EDGE_LOOP('',(#2357,#2359));
#2361=FACE_OUTER_BOUND('',#2360,.F.);
#2362=ORIENTED_EDGE('',*,*,#2341,.T.);
#2364=ORIENTED_EDGE('',*,*,#2363,.T.);
#2365=EDGE_LOOP('',(#2362,#2364));
#2366=FACE_BOUND('',#2365,.F.);
#2367=ADVANCED_FACE('',(#2361,#2366),#2355,.F.);
#2368=CARTESIAN_POINT('',(0.E0,0.E0,0.E0));
#2369=DIRECTION('',(-1.E0,0.E0,0.E0));
#2370=DIRECTION('',(0.E0,0.E0,1.E0));
#2371=AXIS2_PLACEMENT_3D('',#2368,#2369,#2370);
#2372=CYLINDRICAL_SURFACE('',#2371,2.666666666667E0);
#2374=ORIENTED_EDGE('',*,*,#2373,.F.);
#2376=ORIENTED_EDGE('',*,*,#2375,.T.);
#2377=ORIENTED_EDGE('',*,*,#2356,.F.);
#2379=ORIENTED_EDGE('',*,*,#2378,.F.);
#2380=EDGE_LOOP('',(#2374,#2376,#2377,#2379));
#2381=FACE_OUTER_BOUND('',#2380,.F.);
#2382=ADVANCED_FACE('',(#2381),#2372,.T.);
#2383=CARTESIAN_POINT('',(0.E0,0.E0,0.E0));
#2384=DIRECTION('',(-1.E0,0.E0,0.E0));
#2385=DIRECTION('',(0.E0,0.E0,1.E0));
#2386=AXIS2_PLACEMENT_3D('',#2383,#2384,#2385);
#2387=TOROIDAL_SURFACE('',#2386,3.25E0,9.333333333333E-1);
#2389=ORIENTED_EDGE('',*,*,#2388,.F.);
#2390=ORIENTED_EDGE('',*,*,#2373,.T.);
#2392=ORIENTED_EDGE('',*,*,#2391,.T.);
#2394=ORIENTED_EDGE('',*,*,#2393,.F.);
#2395=EDGE_LOOP('',(#2389,#2390,#2392,#2394));
#2396=FACE_OUTER_BOUND('',#2395,.F.);
#2397=ADVANCED_FACE('',(#2396),#2387,.F.);
#2398=CARTESIAN_POINT('',(0.E0,0.E0,0.E0));
#2399=DIRECTION('',(-1.E0,0.E0,0.E0));
#2400=DIRECTION('',(0.E0,0.E0,1.E0));
#2401=AXIS2_PLACEMENT_3D('',#2398,#2399,#2400);
#2402=TOROIDAL_SURFACE('',#2401,3.25E0,9.333333333333E-1);
#2403=ORIENTED_EDGE('',*,*,#2391,.F.);
#2405=ORIENTED_EDGE('',*,*,#2404,.T.);
#2406=ORIENTED_EDGE('',*,*,#2388,.T.);
#2408=ORIENTED_EDGE('',*,*,#2407,.F.);
#2409=EDGE_LOOP('',(#2403,#2405,#2406,#2408));
#2410=FACE_OUTER_BOUND('',#2409,.F.);
#2411=ADVANCED_FACE('',(#2410),#2402,.F.);
#2412=CARTESIAN_POINT('',(0.E0,0.E0,0.E0));
#2413=DIRECTION('',(-1.E0,0.E0,0.E0));
#2414=DIRECTION('',(0.E0,0.E0,1.E0));
#2415=AXIS2_PLACEMENT_3D('',#2412,#2413,#2414);
#2416=CYLINDRICAL_SURFACE('',#2415,2.666666666667E0);
#2417=ORIENTED_EDGE('',*,*,#2378,.T.);
#2418=ORIENTED_EDGE('',*,*,#2358,.F.);
#2419=ORIENTED_EDGE('',*,*,#2375,.F.);
#2420=ORIENTED_EDGE('',*,*,#2404,.F.);
#2421=EDGE_LOOP('',(#2417,#2418,#2419,#2420));
#2422=FACE_OUTER_BOUND('',#2421,.F.);
#2423=ADVANCED_FACE('',(#2422),#2416,.T.);
#2424=CARTESIAN_POINT('',(0.E0,0.E0,0.E0));
#2425=DIRECTION('',(-1.E0,0.E0,0.E0));
#2426=DIRECTION('',(0.E0,0.E0,1.E0));
#2427=AXIS2_PLACEMENT_3D('',#2424,#2425,#2426);
#2428=TOROIDAL_SURFACE('',#2427,3.25E0,9.333333333333E-1);
#2429=ORIENTED_EDGE('',*,*,#2407,.T.);
#2431=ORIENTED_EDGE('',*,*,#2430,.T.);
#2433=ORIENTED_EDGE('',*,*,#2432,.T.);
#2435=ORIENTED_EDGE('',*,*,#2434,.F.);
#2436=EDGE_LOOP('',(#2429,#2431,#2433,#2435));
#2437=FACE_OUTER_BOUND('',#2436,.F.);
#2438=ADVANCED_FACE('',(#2437),#2428,.F.);
#2439=CARTESIAN_POINT('',(0.E0,0.E0,0.E0));
#2440=DIRECTION('',(-1.E0,0.E0,0.E0));
#2441=DIRECTION('',(0.E0,0.E0,1.E0));
#2442=AXIS2_PLACEMENT_3D('',#2439,#2440,#2441);
#2443=TOROIDAL_SURFACE('',#2442,3.25E0,9.333333333333E-1);
#2444=ORIENTED_EDGE('',*,*,#2393,.T.);
#2445=ORIENTED_EDGE('',*,*,#2434,.T.);
#2447=ORIENTED_EDGE('',*,*,#2446,.T.);
#2448=ORIENTED_EDGE('',*,*,#2430,.F.);
#2449=EDGE_LOOP('',(#2444,#2445,#2447,#2448));
#2450=FACE_OUTER_BOUND('',#2449,.F.);
#2451=ADVANCED_FACE('',(#2450),#2443,.F.);
#2452=CARTESIAN_POINT('',(0.E0,0.E0,0.E0));
#2453=DIRECTION('',(-1.E0,0.E0,0.E0));
#2454=DIRECTION('',(0.E0,0.E0,1.E0));
#2455=AXIS2_PLACEMENT_3D('',#2452,#2453,#2454);
#2456=CYLINDRICAL_SURFACE('',#2455,2.666666666667E0);
#2458=ORIENTED_EDGE('',*,*,#2457,.F.);
#2460=ORIENTED_EDGE('',*,*,#2459,.T.);
#2461=ORIENTED_EDGE('',*,*,#2446,.F.);
#2463=ORIENTED_EDGE('',*,*,#2462,.F.);
#2464=EDGE_LOOP('',(#2458,#2460,#2461,#2463));
#2465=FACE_OUTER_BOUND('',#2464,.F.);
#2466=ADVANCED_FACE('',(#2465),#2456,.T.);
#2467=CARTESIAN_POINT('',(1.7E0,2.520833333333E0,0.E0));
#2468=DIRECTION('',(-1.E0,0.E0,0.E0));
#2469=DIRECTION('',(0.E0,0.E0,1.E0));
#2470=AXIS2_PLACEMENT_3D('',#2467,#2468,#2469);
#2471=PLANE('',#2470);
#2472=ORIENTED_EDGE('',*,*,#2457,.T.);
#2474=ORIENTED_EDGE('',*,*,#2473,.T.);
#2475=EDGE_LOOP('',(#2472,#2474));
#2476=FACE_OUTER_BOUND('',#2475,.F.);
#2478=ORIENTED_EDGE('',*,*,#2477,.T.);
#2480=ORIENTED_EDGE('',*,*,#2479,.T.);
#2481=EDGE_LOOP('',(#2478,#2480));
#2482=FACE_BOUND('',#2481,.F.);
#2483=ADVANCED_FACE('',(#2476,#2482),#2471,.F.);
#2484=CARTESIAN_POINT('',(0.E0,0.E0,0.E0));
#2485=DIRECTION('',(-1.E0,0.E0,0.E0));
#2486=DIRECTION('',(0.E0,0.E0,1.E0));
#2487=AXIS2_PLACEMENT_3D('',#2484,#2485,#2486);
#2488=CYLINDRICAL_SURFACE('',#2487,2.666666666667E0);
#2489=ORIENTED_EDGE('',*,*,#2462,.T.);
#2490=ORIENTED_EDGE('',*,*,#2432,.F.);
#2491=ORIENTED_EDGE('',*,*,#2459,.F.);
#2492=ORIENTED_EDGE('',*,*,#2473,.F.);
#2493=EDGE_LOOP('',(#2489,#2490,#2491,#2492));
#2494=FACE_OUTER_BOUND('',#2493,.F.);
#2495=ADVANCED_FACE('',(#2494),#2488,.T.);
#2496=CARTESIAN_POINT('',(0.E0,0.E0,0.E0));
#2497=DIRECTION('',(-1.E0,0.E0,0.E0));
#2498=DIRECTION('',(0.E0,0.E0,1.E0));
#2499=AXIS2_PLACEMENT_3D('',#2496,#2497,#2498);
#2500=CYLINDRICAL_SURFACE('',#2499,2.520833333333E0);
#2502=ORIENTED_EDGE('',*,*,#2501,.F.);
#2504=ORIENTED_EDGE('',*,*,#2503,.T.);
#2505=ORIENTED_EDGE('',*,*,#2477,.F.);
#2507=ORIENTED_EDGE('',*,*,#2506,.F.);
#2508=EDGE_LOOP('',(#2502,#2504,#2505,#2507));
#2509=FACE_OUTER_BOUND('',#2508,.F.);
#2510=ADVANCED_FACE('',(#2509),#2500,.T.);
#2511=CARTESIAN_POINT('',(2.E0,2.520833333333E0,0.E0));
#2512=DIRECTION('',(-1.E0,0.E0,0.E0));
#2513=DIRECTION('',(0.E0,0.E0,1.E0));
#2514=AXIS2_PLACEMENT_3D('',#2511,#2512,#2513);
#2515=PLANE('',#2514);
#2516=ORIENTED_EDGE('',*,*,#2501,.T.);
#2518=ORIENTED_EDGE('',*,*,#2517,.T.);
#2519=EDGE_LOOP('',(#2516,#2518));
#2520=FACE_OUTER_BOUND('',#2519,.F.);
#2521=ORIENTED_EDGE('',*,*,#2258,.T.);
#2522=ORIENTED_EDGE('',*,*,#2241,.T.);
#2523=EDGE_LOOP('',(#2521,#2522));
#2524=FACE_BOUND('',#2523,.F.);
#2525=ADVANCED_FACE('',(#2520,#2524),#2515,.F.);
#2526=CARTESIAN_POINT('',(0.E0,0.E0,0.E0));
#2527=DIRECTION('',(-1.E0,0.E0,0.E0));
#2528=DIRECTION('',(0.E0,0.E0,1.E0));
#2529=AXIS2_PLACEMENT_3D('',#2526,#2527,#2528);
#2530=CYLINDRICAL_SURFACE('',#2529,2.520833333333E0);
#2531=ORIENTED_EDGE('',*,*,#2506,.T.);
#2532=ORIENTED_EDGE('',*,*,#2479,.F.);
#2533=ORIENTED_EDGE('',*,*,#2503,.F.);
#2534=ORIENTED_EDGE('',*,*,#2517,.F.);
#2535=EDGE_LOOP('',(#2531,#2532,#2533,#2534));
#2536=FACE_OUTER_BOUND('',#2535,.F.);
#2537=ADVANCED_FACE('',(#2536),#2530,.T.);
#2538=CARTESIAN_POINT('',(0.E0,0.E0,0.E0));
#2539=DIRECTION('',(-1.E0,0.E0,0.E0));
#2540=DIRECTION('',(0.E0,0.E0,1.E0));
#2541=AXIS2_PLACEMENT_3D('',#2538,#2539,#2540);
#2542=CYLINDRICAL_SURFACE('',#2541,2.520833333333E0);
#2543=ORIENTED_EDGE('',*,*,#2346,.T.);
#2544=ORIENTED_EDGE('',*,*,#2327,.F.);
#2545=ORIENTED_EDGE('',*,*,#2343,.F.);
#2546=ORIENTED_EDGE('',*,*,#2363,.F.);
#2547=EDGE_LOOP('',(#2543,#2544,#2545,#2546));
#2548=FACE_OUTER_BOUND('',#2547,.F.);
#2549=ADVANCED_FACE('',(#2548),#2542,.T.);
#2550=CLOSED_SHELL('',(#2249,#2263,#2278,#2291,#2306,#2319,#2335,#2350,#2367,
#2382,#2397,#2411,#2423,#2438,#2451,#2466,#2483,#2495,#2510,#2525,#2537,#2549));
#2551=MANIFOLD_SOLID_BREP('',#2550);
#2553=DIMENSIONAL_EXPONENTS(0.E0,0.E0,0.E0,0.E0,0.E0,0.E0,0.E0);
#2555=PLANE_ANGLE_MEASURE_WITH_UNIT(PLANE_ANGLE_MEASURE(1.745329251994E-2),
#2554);
#2556=(CONVERSION_BASED_UNIT('DEGREE',#2555)NAMED_UNIT(*)PLANE_ANGLE_UNIT());
#2558=UNCERTAINTY_MEASURE_WITH_UNIT(LENGTH_MEASURE(5.E-3),#2552,'closure',
'Maximum model space distance between geometric entities at asserted connectivities');
#2559=(GEOMETRIC_REPRESENTATION_CONTEXT(3)GLOBAL_UNCERTAINTY_ASSIGNED_CONTEXT((
#2558))GLOBAL_UNIT_ASSIGNED_CONTEXT((#2552,#2556,#2557))REPRESENTATION_CONTEXT(
'ID1','3'));
#2561=APPLICATION_CONTEXT(
'CONFIGURATION CONTROLLED 3D DESIGNS OF MECHANICAL PARTS AND ASSEMBLIES');
#2562=APPLICATION_PROTOCOL_DEFINITION('international standard',
'config_control_design',1994,#2561);
#2563=DESIGN_CONTEXT('',#2561,'design');
#2564=MECHANICAL_CONTEXT('',#2561,'mechanical');
#2565=PRODUCT('623ZZ-EA008','623ZZ-EA008','NOT SPECIFIED',(#2564));
#2566=PRODUCT_DEFINITION_FORMATION_WITH_SPECIFIED_SOURCE('1','LAST_VERSION',
#2565,.MADE.);
#2570=PRODUCT_CATEGORY('part','');
#2571=PRODUCT_RELATED_PRODUCT_CATEGORY('detail','',(#2565));
#2572=PRODUCT_CATEGORY_RELATIONSHIP('','',#2570,#2571);
#2573=SECURITY_CLASSIFICATION_LEVEL('unclassified');
#2574=SECURITY_CLASSIFICATION('','',#2573);
#2575=CC_DESIGN_SECURITY_CLASSIFICATION(#2574,(#2566));
#2576=APPROVAL_STATUS('approved');
#2577=APPROVAL(#2576,'');
#2578=CC_DESIGN_APPROVAL(#2577,(#2574,#2566,#2567));
#2579=CALENDAR_DATE(125,19,12);
#2580=COORDINATED_UNIVERSAL_TIME_OFFSET(8,0,.AHEAD.);
#2581=LOCAL_TIME(16,30,4.E1,#2580);
#2582=DATE_AND_TIME(#2579,#2581);
#2583=APPROVAL_DATE_TIME(#2582,#2577);
#2584=DATE_TIME_ROLE('creation_date');
#2585=CC_DESIGN_DATE_AND_TIME_ASSIGNMENT(#2582,#2584,(#2567));
#2586=DATE_TIME_ROLE('classification_date');
#2587=CC_DESIGN_DATE_AND_TIME_ASSIGNMENT(#2582,#2586,(#2574));
#2588=PERSON('UNSPECIFIED','UNSPECIFIED',$,$,$,$);
#2589=ORGANIZATION('UNSPECIFIED','UNSPECIFIED','UNSPECIFIED');
#2590=PERSON_AND_ORGANIZATION(#2588,#2589);
#2591=APPROVAL_ROLE('approver');
#2592=APPROVAL_PERSON_ORGANIZATION(#2590,#2577,#2591);
#2593=PERSON_AND_ORGANIZATION_ROLE('creator');
#2594=CC_DESIGN_PERSON_AND_ORGANIZATION_ASSIGNMENT(#2590,#2593,(#2566,#2567));
#2595=PERSON_AND_ORGANIZATION_ROLE('design_supplier');
#2596=CC_DESIGN_PERSON_AND_ORGANIZATION_ASSIGNMENT(#2590,#2595,(#2566));
#2597=PERSON_AND_ORGANIZATION_ROLE('classification_officer');
#2598=CC_DESIGN_PERSON_AND_ORGANIZATION_ASSIGNMENT(#2590,#2597,(#2574));
#2599=PERSON_AND_ORGANIZATION_ROLE('design_owner');
#2600=CC_DESIGN_PERSON_AND_ORGANIZATION_ASSIGNMENT(#2590,#2599,(#2565));
#1=DRAUGHTING_PRE_DEFINED_COLOUR('black');
#2=COLOUR_RGB('',0.E0,0.E0,4.7E-1);
#3=COLOUR_RGB('',0.E0,0.E0,6.E-1);
#4=COLOUR_RGB('',0.E0,0.E0,8.E-1);
#5=COLOUR_RGB('',0.E0,2.745098039216E-2,7.019607843137E-1);
#6=COLOUR_RGB('',0.E0,3.137254901961E-2,3.411764705882E-1);
#7=COLOUR_RGB('',0.E0,2.E-1,1.E0);
#8=COLOUR_RGB('',0.E0,3.3E-1,0.E0);
#9=COLOUR_RGB('',0.E0,3.3E-1,3.3E-1);
#10=COLOUR_RGB('',0.E0,4.E-1,0.E0);
#11=COLOUR_RGB('',0.E0,4.E-1,4.E-1);
#12=COLOUR_RGB('',0.E0,4.E-1,1.E0);
#13=COLOUR_RGB('',0.E0,5.019607843137E-1,5.019607843137E-1);
#14=COLOUR_RGB('',0.E0,6.E-1,0.E0);
#15=COLOUR_RGB('',0.E0,6.E-1,6.E-1);
#16=COLOUR_RGB('',0.E0,6.E-1,1.E0);
#17=COLOUR_RGB('',0.E0,8.E-1,0.E0);
#18=COLOUR_RGB('',0.E0,8.E-1,8.E-1);
#19=COLOUR_RGB('',0.E0,8.E-1,1.E0);
#20=COLOUR_RGB('',0.E0,9.3E-1,0.E0);
#21=COLOUR_RGB('',0.E0,9.3E-1,9.3E-1);
#22=DRAUGHTING_PRE_DEFINED_COLOUR('green');
#23=COLOUR_RGB('',0.E0,1.E0,2.E-1);
#24=COLOUR_RGB('',0.E0,1.E0,4.E-1);
#25=COLOUR_RGB('',0.E0,1.E0,6.E-1);
#26=COLOUR_RGB('',0.E0,1.E0,8.E-1);
#27=DRAUGHTING_PRE_DEFINED_COLOUR('cyan');
#28=COLOUR_RGB('',3.1E-2,2.E-1,6.27E-1);
#29=COLOUR_RGB('',3.529411764706E-2,5.137254901961E-1,1.725490196078E-1);
#30=COLOUR_RGB('',6.6667E-2,5.17647E-1,6.39216E-1);
#31=COLOUR_RGB('',7.E-2,7.E-2,1.E0);
#32=COLOUR_RGB('',7.E-2,6.E-1,3.E-1);
#33=COLOUR_RGB('',8.E-2,1.E-1,1.1E-1);
#34=COLOUR_RGB('',9.803921568627E-2,9.803921568627E-2,4.392156862745E-1);
#35=COLOUR_RGB('',1.019607843137E-1,6.313725490196E-1,5.019607843137E-1);
#36=COLOUR_RGB('',1.176470588235E-1,5.647058823529E-1,1.E0);
#37=COLOUR_RGB('',1.254901960784E-1,6.980392156863E-1,6.666666666667E-1);
#38=COLOUR_RGB('',1.333333333333E-1,5.450980392157E-1,1.333333333333E-1);
#39=COLOUR_RGB('',1.450980392157E-1,3.529411764706E-2,0.E0);
#40=COLOUR_RGB('',1.686274509804E-1,1.686274509804E-1,1.803921568627E-1);
#41=COLOUR_RGB('',1.803921568627E-1,5.450980392157E-1,3.411764705882E-1);
#42=COLOUR_RGB('',1.9E-1,2.3E-1,3.1E-1);
#43=COLOUR_RGB('',1.960784313725E-1,8.039215686275E-1,1.960784313725E-1);
#44=COLOUR_RGB('',2.E-1,1.E0,0.E0);
#45=COLOUR_RGB('',2.E-1,1.E0,2.E-1);
#46=COLOUR_RGB('',2.E-1,1.E0,1.E0);
#47=COLOUR_RGB('',2.313725490196E-1,3.803921568627E-1,5.607843137255E-1);
#48=COLOUR_RGB('',2.352941176471E-1,7.019607843137E-1,4.431372549020E-1);
#49=COLOUR_RGB('',2.431372549020E-1,8.784313725490E-1,8.156862745098E-1);
#50=COLOUR_RGB('',2.470588235294E-1,5.921568627451E-1,6.313725490196E-1);
#51=COLOUR_RGB('',2.5098E-1,2.35294E-1,8.62745E-1);
#52=COLOUR_RGB('',2.549019607843E-1,4.117647058824E-1,1.E0);
#53=COLOUR_RGB('',2.58824E-1,7.80392E-1,8.86275E-1);
#54=COLOUR_RGB('',2.7E-1,0.E0,4.E-1);
#55=COLOUR_RGB('',2.7E-1,2.7E-1,0.E0);
#56=COLOUR_RGB('',2.7E-1,2.7E-1,1.E0);
#57=COLOUR_RGB('',2.745098039216E-1,5.098039215686E-1,7.058823529412E-1);
#58=COLOUR_RGB('',2.784313725490E-1,2.784313725490E-1,2.784313725490E-1);
#59=COLOUR_RGB('',2.823529411765E-1,2.392156862745E-1,5.450980392157E-1);
#60=COLOUR_RGB('',3.13725E-1,4.70588E-1,1.96078E-1);
#61=COLOUR_RGB('',3.2549E-1,4.98039E-1,9.84314E-1);
#62=COLOUR_RGB('',3.254901960784E-1,5.764705882353E-1,8.117647058824E-1);
#63=COLOUR_RGB('',3.3E-1,0.E0,0.E0);
#64=COLOUR_RGB('',3.3E-1,0.E0,3.3E-1);
#65=COLOUR_RGB('',3.3E-1,0.E0,5.3E-1);
#66=COLOUR_RGB('',3.450980392157E-1,3.647058823529E-1,3.725490196078E-1);
#67=COLOUR_RGB('',3.725490196078E-1,6.196078431373E-1,6.274509803922E-1);
#68=COLOUR_RGB('',3.803921568627E-1,4.392156862745E-1,5.960784313725E-1);
#69=COLOUR_RGB('',3.882352941176E-1,4.392156862745E-1,4.901960784314E-1);
#70=COLOUR_RGB('',3.921568627451E-1,5.843137254902E-1,9.294117647059E-1);
#71=COLOUR_RGB('',3.96078E-1,7.13725E-1,1.E0);
#72=COLOUR_RGB('',4.E-1,0.E0,4.E-1);
#73=COLOUR_RGB('',4.E-1,0.E0,6.7E-1);
#74=COLOUR_RGB('',4.E-1,1.3E-1,0.E0);
#75=COLOUR_RGB('',4.E-1,4.E-1,0.E0);
#76=COLOUR_RGB('',4.E-1,4.E-1,1.E0);
#77=COLOUR_RGB('',4.E-1,8.039215686275E-1,6.666666666667E-1);
#78=COLOUR_RGB('',4.E-1,1.E0,0.E0);
#79=COLOUR_RGB('',4.E-1,1.E0,4.E-1);
#80=COLOUR_RGB('',4.E-1,1.E0,1.E0);
#81=COLOUR_RGB('',4.156862745098E-1,3.529411764706E-1,8.039215686275E-1);
#82=COLOUR_RGB('',4.196078431373E-1,5.568627450980E-1,1.372549019608E-1);
#83=COLOUR_RGB('',4.666666666667E-1,5.333333333333E-1,6.E-1);
#84=COLOUR_RGB('',4.7E-1,0.E0,0.E0);
#85=COLOUR_RGB('',4.7E-1,0.E0,8.E-1);
#86=COLOUR_RGB('',4.7E-1,2.E-1,7.E-2);
#87=COLOUR_RGB('',4.823529411765E-1,4.078431372549E-1,9.333333333333E-1);
#88=COLOUR_RGB('',4.980392156863E-1,1.E0,8.313725490196E-1);
#89=COLOUR_RGB('',5.019607843137E-1,0.E0,5.019607843137E-1);
#90=COLOUR_RGB('',5.019607843137E-1,5.019607843137E-1,0.E0);
#91=COLOUR_RGB('',5.01961E-1,5.01961E-1,5.01961E-1);
#92=COLOUR_RGB('',5.098039215686E-1,3.960784313725E-1,1.058823529412E-1);
#93=COLOUR_RGB('',5.3E-1,0.E0,9.3E-1);
#94=COLOUR_RGB('',5.3E-1,2.7E-1,1.3E-1);
#95=COLOUR_RGB('',5.3E-1,5.3E-1,1.E0);
#96=COLOUR_RGB('',5.294117647059E-1,8.078431372549E-1,9.215686274510E-1);
#97=COLOUR_RGB('',5.411764705882E-1,1.686274509804E-1,8.862745098039E-1);
#98=COLOUR_RGB('',5.5E-1,6.5E-1,7.3E-1);
#99=COLOUR_RGB('',5.607843137255E-1,7.372549019608E-1,5.607843137255E-1);
#100=COLOUR_RGB('',5.68627E-1,9.37255E-1,9.37255E-1);
#101=COLOUR_RGB('',5.725490196078E-1,6.117647058824E-1,6.313725490196E-1);
#102=COLOUR_RGB('',5.764705882353E-1,4.392156862745E-1,8.588235294118E-1);
#103=COLOUR_RGB('',5.803921568627E-1,0.E0,8.274509803922E-1);
#104=COLOUR_RGB('',5.88235E-1,2.35294E-1,1.56863E-1);
#105=COLOUR_RGB('',6.E-1,0.E0,6.E-1);
#106=COLOUR_RGB('',6.E-1,1.960784313725E-1,8.E-1);
#107=COLOUR_RGB('',6.E-1,2.E-1,1.E0);
#108=COLOUR_RGB('',6.E-1,3.3E-1,2.E-1);
#109=COLOUR_RGB('',6.E-1,6.E-1,0.E0);
#110=COLOUR_RGB('',6.E-1,1.E0,6.E-1);
#111=COLOUR_RGB('',6.E-1,1.E0,1.E0);
#112=COLOUR_RGB('',6.27451E-1,4.70588E-1,3.52941E-1);
#113=COLOUR_RGB('',6.627450980392E-1,6.627450980392E-1,6.627450980392E-1);
#114=COLOUR_RGB('',6.66667E-1,8.23529E-1,1.96078E-1);
#115=COLOUR_RGB('',6.66667E-1,8.23529E-1,5.88235E-1);
#116=COLOUR_RGB('',6.7E-1,0.E0,0.E0);
#117=COLOUR_RGB('',6.7E-1,4.E-1,2.7E-1);
#118=COLOUR_RGB('',6.7E-1,4.E-1,1.E0);
#119=COLOUR_RGB('',6.7E-1,6.7E-1,1.E0);
#120=COLOUR_RGB('',6.7E-1,1.E0,0.E0);
#121=COLOUR_RGB('',6.784313725490E-1,8.117647058824E-1,1.E0);
#122=COLOUR_RGB('',6.784313725490E-1,8.470588235294E-1,9.019607843137E-1);
#123=COLOUR_RGB('',6.784313725490E-1,1.E0,1.843137254902E-1);
#124=COLOUR_RGB('',6.862745098039E-1,6.823529411765E-1,7.607843137255E-1);
#125=COLOUR_RGB('',6.980392156863E-1,1.333333333333E-1,1.333333333333E-1);
#126=COLOUR_RGB('',7.17647E-1,1.68627E-1,4.43137E-1);
#127=COLOUR_RGB('',7.215686274510E-1,5.254901960784E-1,4.313725490196E-2);
#128=COLOUR_RGB('',7.294117647059E-1,2.705882352941E-1,1.E0);
#129=COLOUR_RGB('',7.294117647059E-1,3.333333333333E-1,8.274509803922E-1);
#130=COLOUR_RGB('',7.294117647059E-1,4.E-1,0.E0);
#131=COLOUR_RGB('',7.3E-1,4.7E-1,3.3E-1);
#132=COLOUR_RGB('',7.372549019608E-1,5.607843137255E-1,5.607843137255E-1);
#133=COLOUR_RGB('',7.411764705882E-1,7.176470588235E-1,4.196078431373E-1);
#134=COLOUR_RGB('',7.803921568627E-1,8.235294117647E-2,5.215686274510E-1);
#135=COLOUR_RGB('',8.E-1,0.E0,8.E-1);
#136=COLOUR_RGB('',8.E-1,5.3E-1,4.E-1);
#137=COLOUR_RGB('',8.E-1,6.E-1,1.E0);
#138=COLOUR_RGB('',8.E-1,8.E-1,0.E0);
#139=COLOUR_RGB('',8.E-1,8.E-1,1.E0);
#140=COLOUR_RGB('',8.E-1,1.E0,8.E-1);
#141=COLOUR_RGB('',8.E-1,1.E0,1.E0);
#142=COLOUR_RGB('',8.039215686275E-1,3.607843137255E-1,3.607843137255E-1);
#143=COLOUR_RGB('',8.03922E-1,5.88235E-1,1.96078E-1);
#144=COLOUR_RGB('',8.196078431373E-1,7.098039215686E-1,5.490196078431E-2);
#145=COLOUR_RGB('',8.235294117647E-1,4.117647058824E-1,1.176470588235E-1);
#146=COLOUR_RGB('',8.235294117647E-1,7.058823529412E-1,5.490196078431E-1);
#147=COLOUR_RGB('',8.274509803922E-1,8.274509803922E-1,8.274509803922E-1);
#148=COLOUR_RGB('',8.392156862745E-1,8.E-1,7.137254901961E-1);
#149=COLOUR_RGB('',8.431372549020E-1,8.980392156863E-1,9.333333333333E-1);
#150=COLOUR_RGB('',8.549019607843E-1,6.470588235294E-1,1.254901960784E-1);
#151=COLOUR_RGB('',8.588235294118E-1,4.392156862745E-1,5.764705882353E-1);
#152=COLOUR_RGB('',8.627450980392E-1,7.843137254902E-2,2.352941176471E-1);
#153=COLOUR_RGB('',8.666666666667E-1,6.274509803922E-1,8.666666666667E-1);
#154=COLOUR_RGB('',8.7E-1,0.E0,0.E0);
#155=COLOUR_RGB('',8.7E-1,6.E-1,4.7E-1);
#156=COLOUR_RGB('',8.98039E-1,6.07843E-1,1.E0);
#157=COLOUR_RGB('',9.E-1,8.3E-1,1.2E-1);
#158=COLOUR_RGB('',9.09804E-1,3.68627E-1,8.19608E-1);
#159=COLOUR_RGB('',9.3E-1,0.E0,9.3E-1);
#160=COLOUR_RGB('',9.3E-1,6.7E-1,5.3E-1);
#161=COLOUR_RGB('',9.3E-1,8.E-1,1.E0);
#162=COLOUR_RGB('',9.3E-1,9.3E-1,0.E0);
#163=COLOUR_RGB('',9.3E-1,1.E0,9.3E-1);
#164=COLOUR_RGB('',9.3E-1,1.E0,1.E0);
#165=COLOUR_RGB('',9.333333333333E-1,5.098039215686E-1,9.333333333333E-1);
#166=COLOUR_RGB('',9.333333333333E-1,9.098039215686E-1,6.666666666667E-1);
#167=COLOUR_RGB('',9.411764705882E-1,9.019607843137E-1,5.490196078431E-1);
#168=COLOUR_RGB('',9.568627450980E-1,6.431372549020E-1,3.764705882353E-1);
#169=DRAUGHTING_PRE_DEFINED_COLOUR('red');
#170=COLOUR_RGB('',1.E0,0.E0,2.705882352941E-1);
#171=COLOUR_RGB('',1.E0,0.E0,4.705882352941E-1);
#172=COLOUR_RGB('',1.E0,0.E0,7.803921568627E-1);
#173=DRAUGHTING_PRE_DEFINED_COLOUR('magenta');
#174=COLOUR_RGB('',1.E0,3.1E-2,3.1E-2);
#175=COLOUR_RGB('',1.E0,7.E-2,7.E-2);
#176=COLOUR_RGB('',1.E0,7.843137254902E-2,5.764705882353E-1);
#177=COLOUR_RGB('',1.E0,2.E-1,1.E0);
#178=COLOUR_RGB('',1.E0,2.7E-1,0.E0);
#179=COLOUR_RGB('',1.E0,2.7E-1,2.7E-1);
#180=COLOUR_RGB('',1.E0,3.882352941176E-1,2.784313725490E-1);
#181=COLOUR_RGB('',1.E0,4.E-1,1.E0);
#182=COLOUR_RGB('',1.E0,4.117647058824E-1,7.058823529412E-1);
#183=COLOUR_RGB('',1.E0,4.7E-1,0.E0);
#184=COLOUR_RGB('',1.E0,4.7E-1,4.7E-1);
#185=COLOUR_RGB('',1.E0,4.980392156863E-1,3.137254901961E-1);
#186=COLOUR_RGB('',1.E0,6.E-1,1.E0);
#187=COLOUR_RGB('',1.E0,6.7E-1,0.E0);
#188=COLOUR_RGB('',1.E0,6.7E-1,6.7E-1);
#189=COLOUR_RGB('',1.E0,7.3E-1,6.E-1);
#190=COLOUR_RGB('',1.E0,7.686274509804E-1,5.882352941176E-2);
#191=COLOUR_RGB('',1.E0,8.E-1,8.E-1);
#192=COLOUR_RGB('',1.E0,8.E-1,1.E0);
#193=COLOUR_RGB('',1.E0,8.7E-1,0.E0);
#194=COLOUR_RGB('',1.E0,9.215686274510E-1,8.039215686275E-1);
#195=COLOUR_RGB('',1.E0,9.3E-1,9.3E-1);
#196=COLOUR_RGB('',1.E0,9.3E-1,1.E0);
#197=DRAUGHTING_PRE_DEFINED_COLOUR('yellow');
#198=COLOUR_RGB('',1.E0,1.E0,1.3E-1);
#199=COLOUR_RGB('',1.E0,1.E0,3.3E-1);
#200=COLOUR_RGB('',1.E0,1.E0,5.3E-1);
#201=COLOUR_RGB('',1.E0,1.E0,7.3E-1);
#202=COLOUR_RGB('',1.E0,1.E0,9.3E-1);
#203=DRAUGHTING_PRE_DEFINED_COLOUR('white');
#208=CIRCLE('',#207,1.5E-1);
#213=CIRCLE('',#212,5.E0);
#218=CIRCLE('',#217,1.5E-1);
#223=CIRCLE('',#222,5.E0);
#228=CIRCLE('',#227,4.85E0);
#233=CIRCLE('',#232,4.85E0);
#238=CIRCLE('',#237,3.95E0);
#243=CIRCLE('',#242,3.95E0);
#248=CIRCLE('',#247,3.95E0);
#257=CIRCLE('',#256,3.95E0);
#278=CIRCLE('',#277,3.911921514415E0);
#283=CIRCLE('',#282,3.911921514415E0);
#292=CIRCLE('',#291,2.5E-2);
#297=CIRCLE('',#296,2.5E-2);
#302=CIRCLE('',#301,3.998205909459E0);
#307=CIRCLE('',#306,3.979166666667E0);
#312=CIRCLE('',#311,3.979166666667E0);
#317=CIRCLE('',#316,3.90625E0);
#322=CIRCLE('',#321,3.90625E0);
#327=CIRCLE('',#326,2.5E-2);
#332=CIRCLE('',#331,3.998205909459E0);
#337=CIRCLE('',#336,2.5E-2);
#342=CIRCLE('',#341,3.806139383246E0);
#347=CIRCLE('',#346,1.638998863712E-1);
#360=CIRCLE('',#359,3.626189217569E0);
#365=CIRCLE('',#364,2.5E-1);
#370=CIRCLE('',#369,2.5E-1);
#375=CIRCLE('',#374,3.626189217569E0);
#380=CIRCLE('',#379,3.473488353996E0);
#385=CIRCLE('',#384,3.473488353996E0);
#390=CIRCLE('',#389,2.55E0);
#395=CIRCLE('',#394,2.55E0);
#404=CIRCLE('',#403,3.473488353996E0);
#409=CIRCLE('',#408,3.473488353996E0);
#414=CIRCLE('',#413,2.55E0);
#419=CIRCLE('',#418,2.55E0);
#424=CIRCLE('',#423,3.595649044854E0);
#429=CIRCLE('',#428,2.E-1);
#442=CIRCLE('',#441,3.90625E0);
#447=CIRCLE('',#446,3.775599210532E0);
#452=CIRCLE('',#451,2.138998863712E-1);
#457=CIRCLE('',#456,3.833333333333E0);
#462=CIRCLE('',#461,3.833333333333E0);
#467=CIRCLE('',#466,3.90625E0);
#472=CIRCLE('',#471,3.775599210532E0);
#477=CIRCLE('',#476,2.138998863712E-1);
#490=CIRCLE('',#489,3.833333333333E0);
#495=CIRCLE('',#494,9.333333333333E-1);
#500=CIRCLE('',#499,3.833333333333E0);
#505=CIRCLE('',#504,9.333333333333E-1);
#510=CIRCLE('',#509,3.833333333333E0);
#515=CIRCLE('',#514,3.833333333333E0);
#528=CIRCLE('',#527,3.833333333333E0);
#533=CIRCLE('',#532,3.833333333333E0);
#538=CIRCLE('',#537,3.90625E0);
#543=CIRCLE('',#542,3.775599210532E0);
#548=CIRCLE('',#547,2.138998863712E-1);
#553=CIRCLE('',#552,3.90625E0);
#558=CIRCLE('',#557,3.775599210532E0);
#563=CIRCLE('',#562,2.138998863712E-1);
#572=CIRCLE('',#571,3.595649044854E0);
#577=CIRCLE('',#576,2.E-1);
#582=CIRCLE('',#581,2.E-1);
#587=CIRCLE('',#586,3.595649044854E0);
#592=CIRCLE('',#591,3.473488353996E0);
#597=CIRCLE('',#596,3.473488353996E0);
#602=CIRCLE('',#601,2.55E0);
#607=CIRCLE('',#606,2.55E0);
#620=CIRCLE('',#619,3.473488353996E0);
#625=CIRCLE('',#624,3.473488353996E0);
#630=CIRCLE('',#629,2.55E0);
#635=CIRCLE('',#634,2.55E0);
#640=CIRCLE('',#639,3.626189217569E0);
#645=CIRCLE('',#644,2.5E-1);
#658=CIRCLE('',#657,3.806139383246E0);
#663=CIRCLE('',#662,1.638998863712E-1);
#668=CIRCLE('',#667,1.638998863712E-1);
#673=CIRCLE('',#672,3.806139383246E0);
#678=CIRCLE('',#677,3.979166666667E0);
#683=CIRCLE('',#682,3.979166666667E0);
#688=CIRCLE('',#687,3.90625E0);
#693=CIRCLE('',#692,3.90625E0);
#698=CIRCLE('',#697,2.5E-2);
#703=CIRCLE('',#702,3.998205909459E0);
#708=CIRCLE('',#707,2.5E-2);
#713=CIRCLE('',#712,2.5E-2);
#718=CIRCLE('',#717,2.5E-2);
#723=CIRCLE('',#722,3.998205909459E0);
#732=CIRCLE('',#731,3.95E0);
#737=CIRCLE('',#736,3.911921514415E0);
#754=CIRCLE('',#753,3.95E0);
#759=CIRCLE('',#758,3.911921514415E0);
#772=CIRCLE('',#771,4.85E0);
#777=CIRCLE('',#776,4.85E0);
#782=CIRCLE('',#781,3.95E0);
#787=CIRCLE('',#786,3.95E0);
#792=CIRCLE('',#791,5.E0);
#797=CIRCLE('',#796,1.5E-1);
#810=CIRCLE('',#809,1.5E-1);
#815=CIRCLE('',#814,5.E0);
#820=CIRCLE('',#819,2.5E-1);
#825=CIRCLE('',#824,3.626189217569E0);
#834=CIRCLE('',#833,2.E-1);
#839=CIRCLE('',#838,3.595649044854E0);
#848=CIRCLE('',#847,1.638998863712E-1);
#853=CIRCLE('',#852,3.806139383246E0);
#1019=EDGE_CURVE('',#961,#969,#208,.T.);
#1021=EDGE_CURVE('',#969,#967,#213,.T.);
#1023=EDGE_CURVE('',#960,#967,#218,.T.);
#1025=EDGE_CURVE('',#961,#960,#233,.T.);
#1035=EDGE_CURVE('',#960,#961,#228,.T.);
#1038=EDGE_CURVE('',#967,#969,#223,.T.);
#1053=EDGE_CURVE('',#964,#965,#238,.T.);
#1055=EDGE_CURVE('',#965,#964,#243,.T.);
#1065=EDGE_CURVE('',#1008,#1009,#248,.T.);
#1067=EDGE_CURVE('',#965,#1008,#269,.T.);
#1070=EDGE_CURVE('',#1009,#964,#265,.T.);
#1081=EDGE_CURVE('',#908,#1009,#261,.T.);
#1083=EDGE_CURVE('',#909,#908,#283,.T.);
#1085=EDGE_CURVE('',#909,#1008,#252,.T.);
#1095=EDGE_CURVE('',#1009,#1008,#257,.T.);
#1098=EDGE_CURVE('',#908,#909,#278,.T.);
#1121=EDGE_CURVE('',#909,#913,#273,.T.);
#1123=EDGE_CURVE('',#911,#913,#332,.T.);
#1125=EDGE_CURVE('',#908,#911,#287,.T.);
#1138=EDGE_CURVE('',#913,#911,#302,.T.);
#1149=EDGE_CURVE('',#919,#921,#307,.T.);
#1151=EDGE_CURVE('',#919,#917,#292,.T.);
#1153=EDGE_CURVE('',#917,#913,#297,.T.);
#1156=EDGE_CURVE('',#915,#911,#327,.T.);
#1158=EDGE_CURVE('',#921,#915,#337,.T.);
#1169=EDGE_CURVE('',#921,#919,#312,.T.);
#1173=EDGE_CURVE('',#924,#925,#317,.T.);
#1175=EDGE_CURVE('',#925,#924,#322,.T.);
#1199=EDGE_CURVE('',#928,#929,#342,.T.);
#1201=EDGE_CURVE('',#929,#925,#347,.T.);
#1204=EDGE_CURVE('',#928,#924,#848,.T.);
#1214=EDGE_CURVE('',#931,#929,#351,.T.);
#1217=EDGE_CURVE('',#933,#928,#355,.T.);
#1219=EDGE_CURVE('',#931,#933,#375,.T.);
#1229=EDGE_CURVE('',#933,#931,#360,.T.);
#1232=EDGE_CURVE('',#929,#928,#853,.T.);
#1244=EDGE_CURVE('',#931,#935,#365,.T.);
#1246=EDGE_CURVE('',#937,#935,#385,.T.);
#1248=EDGE_CURVE('',#933,#937,#370,.T.);
#1259=EDGE_CURVE('',#935,#937,#380,.T.);
#1275=EDGE_CURVE('',#940,#941,#390,.T.);
#1277=EDGE_CURVE('',#941,#940,#395,.T.);
#1287=EDGE_CURVE('',#944,#945,#414,.T.);
#1289=EDGE_CURVE('',#944,#941,#399,.T.);
#1292=EDGE_CURVE('',#945,#940,#843,.T.);
#1302=EDGE_CURVE('',#948,#949,#404,.T.);
#1304=EDGE_CURVE('',#949,#948,#409,.T.);
#1309=EDGE_CURVE('',#945,#944,#419,.T.);
#1319=EDGE_CURVE('',#952,#953,#424,.T.);
#1321=EDGE_CURVE('',#953,#949,#429,.T.);
#1324=EDGE_CURVE('',#952,#948,#834,.T.);
#1335=EDGE_CURVE('',#952,#955,#433,.T.);
#1337=EDGE_CURVE('',#957,#955,#472,.T.);
#1339=EDGE_CURVE('',#953,#957,#437,.T.);
#1350=EDGE_CURVE('',#955,#957,#447,.T.);
#1353=EDGE_CURVE('',#953,#952,#839,.T.);
#1363=EDGE_CURVE('',#1012,#1013,#442,.T.);
#1365=EDGE_CURVE('',#955,#1013,#477,.T.);
#1368=EDGE_CURVE('',#957,#1012,#452,.T.);
#1379=EDGE_CURVE('',#1013,#1012,#467,.T.);
#1383=EDGE_CURVE('',#997,#996,#457,.T.);
#1385=EDGE_CURVE('',#996,#997,#462,.T.);
#1407=EDGE_CURVE('',#997,#992,#481,.T.);
#1409=EDGE_CURVE('',#993,#992,#515,.T.);
#1411=EDGE_CURVE('',#996,#993,#485,.T.);
#1424=EDGE_CURVE('',#992,#993,#490,.T.);
#1436=EDGE_CURVE('',#993,#989,#495,.T.);
#1438=EDGE_CURVE('',#989,#987,#500,.T.);
#1440=EDGE_CURVE('',#987,#992,#505,.T.);
#1451=EDGE_CURVE('',#987,#989,#510,.T.);
#1463=EDGE_CURVE('',#987,#985,#519,.T.);
#1465=EDGE_CURVE('',#984,#985,#528,.T.);
#1467=EDGE_CURVE('',#989,#984,#523,.T.);
#1480=EDGE_CURVE('',#985,#984,#533,.T.);
#1491=EDGE_CURVE('',#1004,#1005,#538,.T.);
#1493=EDGE_CURVE('',#1005,#1004,#553,.T.);
#1508=EDGE_CURVE('',#859,#1005,#563,.T.);
#1510=EDGE_CURVE('',#859,#861,#543,.T.);
#1512=EDGE_CURVE('',#861,#1004,#548,.T.);
#1524=EDGE_CURVE('',#861,#859,#558,.T.);
#1535=EDGE_CURVE('',#856,#857,#572,.T.);
#1537=EDGE_CURVE('',#856,#859,#567,.T.);
#1540=EDGE_CURVE('',#857,#861,#829,.T.);
#1551=EDGE_CURVE('',#857,#863,#577,.T.);
#1553=EDGE_CURVE('',#865,#863,#597,.T.);
#1555=EDGE_CURVE('',#856,#865,#582,.T.);
#1566=EDGE_CURVE('',#863,#865,#592,.T.);
#1569=EDGE_CURVE('',#857,#856,#587,.T.);
#1583=EDGE_CURVE('',#868,#869,#602,.T.);
#1585=EDGE_CURVE('',#869,#868,#607,.T.);
#1595=EDGE_CURVE('',#868,#871,#611,.T.);
#1597=EDGE_CURVE('',#873,#871,#630,.T.);
#1599=EDGE_CURVE('',#869,#873,#615,.T.);
#1612=EDGE_CURVE('',#871,#873,#635,.T.);
#1623=EDGE_CURVE('',#876,#877,#620,.T.);
#1625=EDGE_CURVE('',#877,#876,#625,.T.);
#1639=EDGE_CURVE('',#880,#881,#640,.T.);
#1641=EDGE_CURVE('',#881,#877,#645,.T.);
#1644=EDGE_CURVE('',#880,#876,#820,.T.);
#1655=EDGE_CURVE('',#880,#883,#649,.T.);
#1657=EDGE_CURVE('',#885,#883,#673,.T.);
#1659=EDGE_CURVE('',#881,#885,#653,.T.);
#1670=EDGE_CURVE('',#883,#885,#658,.T.);
#1673=EDGE_CURVE('',#881,#880,#825,.T.);
#1684=EDGE_CURVE('',#885,#887,#663,.T.);
#1686=EDGE_CURVE('',#889,#887,#693,.T.);
#1688=EDGE_CURVE('',#883,#889,#668,.T.);
#1699=EDGE_CURVE('',#887,#889,#688,.T.);
#1711=EDGE_CURVE('',#892,#893,#678,.T.);
#1713=EDGE_CURVE('',#893,#892,#683,.T.);
#1727=EDGE_CURVE('',#896,#897,#698,.T.);
#1729=EDGE_CURVE('',#897,#899,#703,.T.);
#1731=EDGE_CURVE('',#901,#899,#718,.T.);
#1733=EDGE_CURVE('',#893,#901,#713,.T.);
#1736=EDGE_CURVE('',#892,#896,#708,.T.);
#1749=EDGE_CURVE('',#899,#897,#723,.T.);
#1761=EDGE_CURVE('',#904,#905,#737,.T.);
#1763=EDGE_CURVE('',#904,#897,#727,.T.);
#1766=EDGE_CURVE('',#905,#899,#767,.T.);
#1776=EDGE_CURVE('',#1000,#1001,#732,.T.);
#1778=EDGE_CURVE('',#904,#1000,#763,.T.);
#1781=EDGE_CURVE('',#905,#1001,#741,.T.);
#1792=EDGE_CURVE('',#1001,#980,#745,.T.);
#1794=EDGE_CURVE('',#981,#980,#787,.T.);
#1796=EDGE_CURVE('',#1000,#981,#749,.T.);
#1806=EDGE_CURVE('',#1001,#1000,#754,.T.);
#1809=EDGE_CURVE('',#980,#981,#782,.T.);
#1822=EDGE_CURVE('',#905,#904,#759,.T.);
#1845=EDGE_CURVE('',#977,#975,#772,.T.);
#1847=EDGE_CURVE('',#975,#977,#777,.T.);
#1861=EDGE_CURVE('',#971,#973,#792,.T.);
#1863=EDGE_CURVE('',#973,#975,#797,.T.);
#1866=EDGE_CURVE('',#971,#977,#810,.T.);
#1877=EDGE_CURVE('',#967,#973,#801,.T.);
#1880=EDGE_CURVE('',#969,#971,#805,.T.);
#1891=EDGE_CURVE('',#973,#971,#815,.T.);
#1976=CIRCLE('',#1975,1.5E-1);
#1981=CIRCLE('',#1980,1.5E0);
#1986=CIRCLE('',#1985,1.5E0);
#1991=CIRCLE('',#1990,1.5E-1);
#2004=CIRCLE('',#2003,1.5E-1);
#2009=CIRCLE('',#2008,1.5E0);
#2014=CIRCLE('',#2013,1.5E-1);
#2019=CIRCLE('',#2018,1.5E0);
#2024=CIRCLE('',#2023,2.520833333333E0);
#2029=CIRCLE('',#2028,2.520833333333E0);
#2034=CIRCLE('',#2033,1.65E0);
#2039=CIRCLE('',#2038,1.65E0);
#2048=CIRCLE('',#2047,2.666666666667E0);
#2053=CIRCLE('',#2052,2.666666666667E0);
#2058=CIRCLE('',#2057,2.520833333333E0);
#2063=CIRCLE('',#2062,2.520833333333E0);
#2072=CIRCLE('',#2071,2.666666666667E0);
#2077=CIRCLE('',#2076,9.333333333333E-1);
#2082=CIRCLE('',#2081,2.666666666667E0);
#2087=CIRCLE('',#2086,9.333333333333E-1);
#2096=CIRCLE('',#2095,2.316666666667E0);
#2101=CIRCLE('',#2100,9.333333333333E-1);
#2106=CIRCLE('',#2105,2.666666666667E0);
#2111=CIRCLE('',#2110,2.316666666667E0);
#2116=CIRCLE('',#2115,9.333333333333E-1);
#2121=CIRCLE('',#2120,2.666666666667E0);
#2130=CIRCLE('',#2129,2.666666666667E0);
#2135=CIRCLE('',#2134,2.666666666667E0);
#2140=CIRCLE('',#2139,2.520833333333E0);
#2145=CIRCLE('',#2144,2.520833333333E0);
#2158=CIRCLE('',#2157,2.520833333333E0);
#2163=CIRCLE('',#2162,2.520833333333E0);
#2168=CIRCLE('',#2167,1.65E0);
#2173=CIRCLE('',#2172,1.65E0);
#2239=EDGE_CURVE('',#2213,#2215,#1976,.T.);
#2241=EDGE_CURVE('',#2217,#2215,#2173,.T.);
#2243=EDGE_CURVE('',#2212,#2217,#1991,.T.);
#2245=EDGE_CURVE('',#2212,#2213,#1981,.T.);
#2255=EDGE_CURVE('',#2213,#2212,#1986,.T.);
#2258=EDGE_CURVE('',#2215,#2217,#2168,.T.);
#2269=EDGE_CURVE('',#2213,#2209,#1995,.T.);
#2271=EDGE_CURVE('',#2207,#2209,#2019,.T.);
#2273=EDGE_CURVE('',#2212,#2207,#1999,.T.);
#2286=EDGE_CURVE('',#2209,#2207,#2009,.T.);
#2297=EDGE_CURVE('',#2205,#2209,#2004,.T.);
#2300=EDGE_CURVE('',#2204,#2207,#2014,.T.);
#2302=EDGE_CURVE('',#2205,#2204,#2039,.T.);
#2312=EDGE_CURVE('',#2204,#2205,#2034,.T.);
#2325=EDGE_CURVE('',#2201,#2199,#2024,.T.);
#2327=EDGE_CURVE('',#2199,#2201,#2029,.T.);
#2341=EDGE_CURVE('',#2196,#2197,#2058,.T.);
#2343=EDGE_CURVE('',#2196,#2199,#2043,.T.);
#2346=EDGE_CURVE('',#2197,#2201,#2181,.T.);
#2356=EDGE_CURVE('',#2193,#2191,#2048,.T.);
#2358=EDGE_CURVE('',#2191,#2193,#2053,.T.);
#2363=EDGE_CURVE('',#2197,#2196,#2063,.T.);
#2373=EDGE_CURVE('',#2187,#2184,#2072,.T.);
#2375=EDGE_CURVE('',#2187,#2191,#2067,.T.);
#2378=EDGE_CURVE('',#2184,#2193,#2091,.T.);
#2388=EDGE_CURVE('',#2187,#2189,#2087,.T.);
#2391=EDGE_CURVE('',#2184,#2185,#2077,.T.);
#2393=EDGE_CURVE('',#2189,#2185,#2111,.T.);
#2404=EDGE_CURVE('',#2184,#2187,#2082,.T.);
#2407=EDGE_CURVE('',#2185,#2189,#2096,.T.);
#2430=EDGE_CURVE('',#2189,#2231,#2101,.T.);
#2432=EDGE_CURVE('',#2231,#2233,#2106,.T.);
#2434=EDGE_CURVE('',#2185,#2233,#2116,.T.);
#2446=EDGE_CURVE('',#2233,#2231,#2121,.T.);
#2457=EDGE_CURVE('',#2228,#2229,#2130,.T.);
#2459=EDGE_CURVE('',#2228,#2231,#2125,.T.);
#2462=EDGE_CURVE('',#2229,#2233,#2149,.T.);
#2473=EDGE_CURVE('',#2229,#2228,#2135,.T.);
#2477=EDGE_CURVE('',#2225,#2223,#2140,.T.);
#2479=EDGE_CURVE('',#2223,#2225,#2145,.T.);
#2501=EDGE_CURVE('',#2220,#2221,#2158,.T.);
#2503=EDGE_CURVE('',#2220,#2223,#2153,.T.);
#2506=EDGE_CURVE('',#2221,#2225,#2177,.T.);
#2517=EDGE_CURVE('',#2221,#2220,#2163,.T.);
#2552=(LENGTH_UNIT()NAMED_UNIT(*)SI_UNIT(.MILLI.,.METRE.));
#2554=(NAMED_UNIT(*)PLANE_ANGLE_UNIT()SI_UNIT($,.RADIAN.));
#2557=(NAMED_UNIT(*)SI_UNIT($,.STERADIAN.)SOLID_ANGLE_UNIT());
#2560=ADVANCED_BREP_SHAPE_REPRESENTATION('',(#1971,#2551),#2559);
#2567=PRODUCT_DEFINITION('design','',#2566,#2563);
#2568=PRODUCT_DEFINITION_SHAPE('','SHAPE FOR 623ZZ-EA008.',#2567);
#2569=SHAPE_DEFINITION_REPRESENTATION(#2568,#2560);
ENDSEC;
END-ISO-10303-21;
