ISO-10303-21;
HEADER;
FILE_DESCRIPTION((''),'2;1');
FILE_NAME('6702ZZ_-_EA037','2025-12-19T11:26:49',('qinghui.yi'),(''),
'CREO PARAMETRIC BY PTC INC, 2019164','CREO PARAMETRIC BY PTC INC, 2019164','');
FILE_SCHEMA(('CONFIG_CONTROL_DESIGN','SHAPE_APPEARANCE_LAYERS_GROUPS'));
ENDSEC;
DATA;
#204=CARTESIAN_POINT('',(1.8E0,0.E0,-7.7E0));
#205=DIRECTION('',(0.E0,1.E0,0.E0));
#206=DIRECTION('',(0.E0,0.E0,1.E0));
#207=AXIS2_PLACEMENT_3D('',#204,#205,#206);
#209=CARTESIAN_POINT('',(1.8E0,0.E0,0.E0));
#210=DIRECTION('',(1.E0,0.E0,0.E0));
#211=DIRECTION('',(0.E0,0.E0,1.E0));
#212=AXIS2_PLACEMENT_3D('',#209,#210,#211);
#214=CARTESIAN_POINT('',(1.8E0,0.E0,0.E0));
#215=DIRECTION('',(1.E0,0.E0,0.E0));
#216=DIRECTION('',(0.E0,0.E0,-1.E0));
#217=AXIS2_PLACEMENT_3D('',#214,#215,#216);
#219=CARTESIAN_POINT('',(1.8E0,0.E0,7.7E0));
#220=DIRECTION('',(0.E0,-1.E0,0.E0));
#221=DIRECTION('',(0.E0,0.E0,-1.E0));
#222=AXIS2_PLACEMENT_3D('',#219,#220,#221);
#224=DIRECTION('',(-1.E0,0.E0,0.E0));
#225=VECTOR('',#224,3.6E0);
#226=CARTESIAN_POINT('',(1.8E0,0.E0,-7.5E0));
#227=LINE('',#226,#225);
#228=DIRECTION('',(-1.E0,0.E0,0.E0));
#229=VECTOR('',#228,3.6E0);
#230=CARTESIAN_POINT('',(1.8E0,0.E0,7.5E0));
#231=LINE('',#230,#229);
#232=CARTESIAN_POINT('',(-1.8E0,0.E0,-7.7E0));
#233=DIRECTION('',(0.E0,1.E0,0.E0));
#234=DIRECTION('',(-1.E0,0.E0,0.E0));
#235=AXIS2_PLACEMENT_3D('',#232,#233,#234);
#237=CARTESIAN_POINT('',(-1.8E0,0.E0,0.E0));
#238=DIRECTION('',(-1.E0,0.E0,0.E0));
#239=DIRECTION('',(0.E0,0.E0,-1.E0));
#240=AXIS2_PLACEMENT_3D('',#237,#238,#239);
#242=CARTESIAN_POINT('',(-1.8E0,0.E0,7.7E0));
#243=DIRECTION('',(0.E0,-1.E0,0.E0));
#244=DIRECTION('',(-1.E0,0.E0,0.E0));
#245=AXIS2_PLACEMENT_3D('',#242,#243,#244);
#247=CARTESIAN_POINT('',(-1.8E0,0.E0,0.E0));
#248=DIRECTION('',(-1.E0,0.E0,0.E0));
#249=DIRECTION('',(0.E0,0.E0,1.E0));
#250=AXIS2_PLACEMENT_3D('',#247,#248,#249);
#252=CARTESIAN_POINT('',(-2.E0,0.E0,0.E0));
#253=DIRECTION('',(1.E0,0.E0,0.E0));
#254=DIRECTION('',(0.E0,0.E0,-1.E0));
#255=AXIS2_PLACEMENT_3D('',#252,#253,#254);
#257=CARTESIAN_POINT('',(-2.E0,0.E0,0.E0));
#258=DIRECTION('',(1.E0,0.E0,0.E0));
#259=DIRECTION('',(0.E0,0.E0,1.E0));
#260=AXIS2_PLACEMENT_3D('',#257,#258,#259);
#262=CARTESIAN_POINT('',(-2.E0,0.E0,0.E0));
#263=DIRECTION('',(-1.E0,0.E0,0.E0));
#264=DIRECTION('',(0.E0,0.E0,1.E0));
#265=AXIS2_PLACEMENT_3D('',#262,#263,#264);
#267=CARTESIAN_POINT('',(-2.E0,0.E0,0.E0));
#268=DIRECTION('',(-1.E0,0.E0,0.E0));
#269=DIRECTION('',(0.E0,0.E0,-1.E0));
#270=AXIS2_PLACEMENT_3D('',#267,#268,#269);
#272=CARTESIAN_POINT('',(-1.9E0,0.E0,0.E0));
#273=DIRECTION('',(1.E0,0.E0,0.E0));
#274=DIRECTION('',(0.E0,0.E0,-1.E0));
#275=AXIS2_PLACEMENT_3D('',#272,#273,#274);
#277=CARTESIAN_POINT('',(-1.9E0,0.E0,8.075E0));
#278=DIRECTION('',(0.E0,-1.E0,0.E0));
#279=DIRECTION('',(0.E0,0.E0,1.E0));
#280=AXIS2_PLACEMENT_3D('',#277,#278,#279);
#282=DIRECTION('',(-1.E0,0.E0,0.E0));
#283=VECTOR('',#282,1.172418389457E0);
#284=CARTESIAN_POINT('',(-7.275816105428E-1,0.E0,8.175E0));
#285=LINE('',#284,#283);
#286=CARTESIAN_POINT('',(-7.275816105428E-1,0.E0,0.E0));
#287=DIRECTION('',(-1.E0,0.E0,0.E0));
#288=DIRECTION('',(0.E0,0.E0,1.E0));
#289=AXIS2_PLACEMENT_3D('',#286,#287,#288);
#291=CARTESIAN_POINT('',(0.E0,0.E0,-9.E0));
#292=DIRECTION('',(0.E0,1.E0,0.E0));
#293=DIRECTION('',(-6.614378277662E-1,0.E0,7.5E-1));
#294=AXIS2_PLACEMENT_3D('',#291,#292,#293);
#296=CARTESIAN_POINT('',(-7.275816105428E-1,0.E0,0.E0));
#297=DIRECTION('',(-1.E0,0.E0,0.E0));
#298=DIRECTION('',(0.E0,0.E0,-1.E0));
#299=AXIS2_PLACEMENT_3D('',#296,#297,#298);
#301=CARTESIAN_POINT('',(0.E0,0.E0,9.E0));
#302=DIRECTION('',(0.E0,-1.E0,0.E0));
#303=DIRECTION('',(-6.614378277662E-1,0.E0,-7.5E-1));
#304=AXIS2_PLACEMENT_3D('',#301,#302,#303);
#306=DIRECTION('',(-1.E0,0.E0,0.E0));
#307=VECTOR('',#306,1.172418389457E0);
#308=CARTESIAN_POINT('',(-7.275816105428E-1,0.E0,-8.175E0));
#309=LINE('',#308,#307);
#310=CARTESIAN_POINT('',(-1.9E0,0.E0,-8.075E0));
#311=DIRECTION('',(0.E0,1.E0,0.E0));
#312=DIRECTION('',(0.E0,0.E0,-1.E0));
#313=AXIS2_PLACEMENT_3D('',#310,#311,#312);
#315=CARTESIAN_POINT('',(-1.9E0,0.E0,0.E0));
#316=DIRECTION('',(1.E0,0.E0,0.E0));
#317=DIRECTION('',(0.E0,0.E0,1.E0));
#318=AXIS2_PLACEMENT_3D('',#315,#316,#317);
#320=CARTESIAN_POINT('',(0.E0,0.E0,0.E0));
#321=DIRECTION('',(-1.E0,0.E0,0.E0));
#322=DIRECTION('',(0.E0,0.E0,-1.E0));
#323=AXIS2_PLACEMENT_3D('',#320,#321,#322);
#325=CARTESIAN_POINT('',(0.E0,0.E0,9.E0));
#326=DIRECTION('',(0.E0,-1.E0,0.E0));
#327=DIRECTION('',(0.E0,0.E0,-1.E0));
#328=AXIS2_PLACEMENT_3D('',#325,#326,#327);
#330=CARTESIAN_POINT('',(7.275816105428E-1,0.E0,0.E0));
#331=DIRECTION('',(1.E0,0.E0,0.E0));
#332=DIRECTION('',(0.E0,0.E0,1.E0));
#333=AXIS2_PLACEMENT_3D('',#330,#331,#332);
#335=CARTESIAN_POINT('',(0.E0,0.E0,0.E0));
#336=DIRECTION('',(-1.E0,0.E0,0.E0));
#337=DIRECTION('',(0.E0,0.E0,1.E0));
#338=AXIS2_PLACEMENT_3D('',#335,#336,#337);
#340=CARTESIAN_POINT('',(0.E0,0.E0,-9.E0));
#341=DIRECTION('',(0.E0,1.E0,0.E0));
#342=DIRECTION('',(0.E0,0.E0,1.E0));
#343=AXIS2_PLACEMENT_3D('',#340,#341,#342);
#345=CARTESIAN_POINT('',(7.275816105428E-1,0.E0,0.E0));
#346=DIRECTION('',(1.E0,0.E0,0.E0));
#347=DIRECTION('',(0.E0,0.E0,-1.E0));
#348=AXIS2_PLACEMENT_3D('',#345,#346,#347);
#350=DIRECTION('',(-1.E0,0.E0,0.E0));
#351=VECTOR('',#350,1.172418389457E0);
#352=CARTESIAN_POINT('',(1.9E0,0.E0,8.175E0));
#353=LINE('',#352,#351);
#354=CARTESIAN_POINT('',(1.9E0,0.E0,8.075E0));
#355=DIRECTION('',(0.E0,-1.E0,0.E0));
#356=DIRECTION('',(1.E0,0.E0,0.E0));
#357=AXIS2_PLACEMENT_3D('',#354,#355,#356);
#359=CARTESIAN_POINT('',(1.9E0,0.E0,0.E0));
#360=DIRECTION('',(-1.E0,0.E0,0.E0));
#361=DIRECTION('',(0.E0,0.E0,1.E0));
#362=AXIS2_PLACEMENT_3D('',#359,#360,#361);
#364=CARTESIAN_POINT('',(2.E0,0.E0,0.E0));
#365=DIRECTION('',(-1.E0,0.E0,0.E0));
#366=DIRECTION('',(0.E0,0.E0,1.E0));
#367=AXIS2_PLACEMENT_3D('',#364,#365,#366);
#369=CARTESIAN_POINT('',(2.E0,0.E0,0.E0));
#370=DIRECTION('',(-1.E0,0.E0,0.E0));
#371=DIRECTION('',(0.E0,0.E0,-1.E0));
#372=AXIS2_PLACEMENT_3D('',#369,#370,#371);
#374=CARTESIAN_POINT('',(2.E0,0.E0,0.E0));
#375=DIRECTION('',(1.E0,0.E0,0.E0));
#376=DIRECTION('',(0.E0,0.E0,-1.E0));
#377=AXIS2_PLACEMENT_3D('',#374,#375,#376);
#379=CARTESIAN_POINT('',(2.E0,0.E0,0.E0));
#380=DIRECTION('',(1.E0,0.E0,0.E0));
#381=DIRECTION('',(0.E0,0.E0,1.E0));
#382=AXIS2_PLACEMENT_3D('',#379,#380,#381);
#384=CARTESIAN_POINT('',(1.9E0,0.E0,-8.075E0));
#385=DIRECTION('',(0.E0,1.E0,0.E0));
#386=DIRECTION('',(1.E0,0.E0,0.E0));
#387=AXIS2_PLACEMENT_3D('',#384,#385,#386);
#389=CARTESIAN_POINT('',(1.9E0,0.E0,0.E0));
#390=DIRECTION('',(-1.E0,0.E0,0.E0));
#391=DIRECTION('',(0.E0,0.E0,-1.E0));
#392=AXIS2_PLACEMENT_3D('',#389,#390,#391);
#394=DIRECTION('',(-1.E0,0.E0,0.E0));
#395=VECTOR('',#394,1.172418389457E0);
#396=CARTESIAN_POINT('',(1.9E0,0.E0,-8.175E0));
#397=LINE('',#396,#395);
#398=CARTESIAN_POINT('',(-7.275816105428E-1,0.E0,8.175E0));
#399=CARTESIAN_POINT('',(0.E0,0.E0,7.9E0));
#400=VERTEX_POINT('',#398);
#401=VERTEX_POINT('',#399);
#402=CARTESIAN_POINT('',(-7.275816105428E-1,0.E0,-8.175E0));
#403=VERTEX_POINT('',#402);
#404=CARTESIAN_POINT('',(0.E0,0.E0,-7.9E0));
#405=VERTEX_POINT('',#404);
#406=CARTESIAN_POINT('',(-1.9E0,0.E0,-8.175E0));
#407=VERTEX_POINT('',#406);
#408=CARTESIAN_POINT('',(-1.9E0,0.E0,8.175E0));
#409=VERTEX_POINT('',#408);
#410=CARTESIAN_POINT('',(-2.E0,0.E0,8.075E0));
#411=VERTEX_POINT('',#410);
#412=CARTESIAN_POINT('',(-2.E0,0.E0,-8.075E0));
#413=VERTEX_POINT('',#412);
#414=CARTESIAN_POINT('',(-2.E0,0.E0,7.7E0));
#415=CARTESIAN_POINT('',(-2.E0,0.E0,-7.7E0));
#416=VERTEX_POINT('',#414);
#417=VERTEX_POINT('',#415);
#418=CARTESIAN_POINT('',(-1.8E0,0.E0,7.5E0));
#419=VERTEX_POINT('',#418);
#420=CARTESIAN_POINT('',(-1.8E0,0.E0,-7.5E0));
#421=VERTEX_POINT('',#420);
#422=CARTESIAN_POINT('',(1.8E0,0.E0,7.5E0));
#423=CARTESIAN_POINT('',(1.8E0,0.E0,-7.5E0));
#424=VERTEX_POINT('',#422);
#425=VERTEX_POINT('',#423);
#426=CARTESIAN_POINT('',(2.E0,0.E0,-7.7E0));
#427=VERTEX_POINT('',#426);
#428=CARTESIAN_POINT('',(2.E0,0.E0,7.7E0));
#429=VERTEX_POINT('',#428);
#430=CARTESIAN_POINT('',(2.E0,0.E0,8.075E0));
#431=CARTESIAN_POINT('',(2.E0,0.E0,-8.075E0));
#432=VERTEX_POINT('',#430);
#433=VERTEX_POINT('',#431);
#434=CARTESIAN_POINT('',(1.9E0,0.E0,8.175E0));
#435=VERTEX_POINT('',#434);
#436=CARTESIAN_POINT('',(1.9E0,0.E0,-8.175E0));
#437=VERTEX_POINT('',#436);
#438=CARTESIAN_POINT('',(7.275816105428E-1,0.E0,-8.175E0));
#439=VERTEX_POINT('',#438);
#440=CARTESIAN_POINT('',(7.275816105428E-1,0.E0,8.175E0));
#441=VERTEX_POINT('',#440);
#442=CARTESIAN_POINT('',(1.8E0,0.E0,0.E0));
#443=DIRECTION('',(-1.E0,0.E0,0.E0));
#444=DIRECTION('',(0.E0,0.E0,1.E0));
#445=AXIS2_PLACEMENT_3D('',#442,#443,#444);
#446=TOROIDAL_SURFACE('',#445,7.7E0,2.E-1);
#448=ORIENTED_EDGE('',*,*,#447,.T.);
#450=ORIENTED_EDGE('',*,*,#449,.F.);
#452=ORIENTED_EDGE('',*,*,#451,.F.);
#454=ORIENTED_EDGE('',*,*,#453,.T.);
#455=EDGE_LOOP('',(#448,#450,#452,#454));
#456=FACE_OUTER_BOUND('',#455,.F.);
#457=ADVANCED_FACE('',(#456),#446,.T.);
#458=CARTESIAN_POINT('',(1.8E0,0.E0,0.E0));
#459=DIRECTION('',(-1.E0,0.E0,0.E0));
#460=DIRECTION('',(0.E0,0.E0,1.E0));
#461=AXIS2_PLACEMENT_3D('',#458,#459,#460);
#462=TOROIDAL_SURFACE('',#461,7.7E0,2.E-1);
#464=ORIENTED_EDGE('',*,*,#463,.T.);
#465=ORIENTED_EDGE('',*,*,#451,.T.);
#467=ORIENTED_EDGE('',*,*,#466,.F.);
#468=ORIENTED_EDGE('',*,*,#447,.F.);
#469=EDGE_LOOP('',(#464,#465,#467,#468));
#470=FACE_OUTER_BOUND('',#469,.F.);
#471=ADVANCED_FACE('',(#470),#462,.T.);
#472=CARTESIAN_POINT('',(-2.E0,0.E0,0.E0));
#473=DIRECTION('',(-1.E0,0.E0,0.E0));
#474=DIRECTION('',(0.E0,0.E0,1.E0));
#475=AXIS2_PLACEMENT_3D('',#472,#473,#474);
#476=CYLINDRICAL_SURFACE('',#475,7.5E0);
#478=ORIENTED_EDGE('',*,*,#477,.T.);
#480=ORIENTED_EDGE('',*,*,#479,.F.);
#482=ORIENTED_EDGE('',*,*,#481,.F.);
#483=ORIENTED_EDGE('',*,*,#463,.F.);
#484=EDGE_LOOP('',(#478,#480,#482,#483));
#485=FACE_OUTER_BOUND('',#484,.F.);
#486=ADVANCED_FACE('',(#485),#476,.F.);
#487=CARTESIAN_POINT('',(-2.E0,0.E0,0.E0));
#488=DIRECTION('',(-1.E0,0.E0,0.E0));
#489=DIRECTION('',(0.E0,0.E0,1.E0));
#490=AXIS2_PLACEMENT_3D('',#487,#488,#489);
#491=CYLINDRICAL_SURFACE('',#490,7.5E0);
#492=ORIENTED_EDGE('',*,*,#453,.F.);
#493=ORIENTED_EDGE('',*,*,#481,.T.);
#495=ORIENTED_EDGE('',*,*,#494,.F.);
#496=ORIENTED_EDGE('',*,*,#477,.F.);
#497=EDGE_LOOP('',(#492,#493,#495,#496));
#498=FACE_OUTER_BOUND('',#497,.F.);
#499=ADVANCED_FACE('',(#498),#491,.F.);
#500=CARTESIAN_POINT('',(-1.8E0,0.E0,0.E0));
#501=DIRECTION('',(-1.E0,0.E0,0.E0));
#502=DIRECTION('',(0.E0,0.E0,1.E0));
#503=AXIS2_PLACEMENT_3D('',#500,#501,#502);
#504=TOROIDAL_SURFACE('',#503,7.7E0,2.E-1);
#506=ORIENTED_EDGE('',*,*,#505,.T.);
#507=ORIENTED_EDGE('',*,*,#494,.T.);
#509=ORIENTED_EDGE('',*,*,#508,.F.);
#511=ORIENTED_EDGE('',*,*,#510,.F.);
#512=EDGE_LOOP('',(#506,#507,#509,#511));
#513=FACE_OUTER_BOUND('',#512,.F.);
#514=ADVANCED_FACE('',(#513),#504,.T.);
#515=CARTESIAN_POINT('',(-1.8E0,0.E0,0.E0));
#516=DIRECTION('',(-1.E0,0.E0,0.E0));
#517=DIRECTION('',(0.E0,0.E0,1.E0));
#518=AXIS2_PLACEMENT_3D('',#515,#516,#517);
#519=TOROIDAL_SURFACE('',#518,7.7E0,2.E-1);
#521=ORIENTED_EDGE('',*,*,#520,.F.);
#522=ORIENTED_EDGE('',*,*,#508,.T.);
#523=ORIENTED_EDGE('',*,*,#479,.T.);
#524=ORIENTED_EDGE('',*,*,#505,.F.);
#525=EDGE_LOOP('',(#521,#522,#523,#524));
#526=FACE_OUTER_BOUND('',#525,.F.);
#527=ADVANCED_FACE('',(#526),#519,.T.);
#528=CARTESIAN_POINT('',(-2.E0,8.075E0,0.E0));
#529=DIRECTION('',(1.E0,0.E0,0.E0));
#530=DIRECTION('',(0.E0,0.E0,-1.E0));
#531=AXIS2_PLACEMENT_3D('',#528,#529,#530);
#532=PLANE('',#531);
#534=ORIENTED_EDGE('',*,*,#533,.T.);
#536=ORIENTED_EDGE('',*,*,#535,.T.);
#537=EDGE_LOOP('',(#534,#536));
#538=FACE_OUTER_BOUND('',#537,.F.);
#539=ORIENTED_EDGE('',*,*,#520,.T.);
#540=ORIENTED_EDGE('',*,*,#510,.T.);
#541=EDGE_LOOP('',(#539,#540));
#542=FACE_BOUND('',#541,.F.);
#543=ADVANCED_FACE('',(#538,#542),#532,.F.);
#544=CARTESIAN_POINT('',(-1.9E0,0.E0,0.E0));
#545=DIRECTION('',(-1.E0,0.E0,0.E0));
#546=DIRECTION('',(0.E0,0.E0,1.E0));
#547=AXIS2_PLACEMENT_3D('',#544,#545,#546);
#548=TOROIDAL_SURFACE('',#547,8.075E0,1.E-1);
#550=ORIENTED_EDGE('',*,*,#549,.T.);
#552=ORIENTED_EDGE('',*,*,#551,.T.);
#553=ORIENTED_EDGE('',*,*,#533,.F.);
#555=ORIENTED_EDGE('',*,*,#554,.F.);
#556=EDGE_LOOP('',(#550,#552,#553,#555));
#557=FACE_OUTER_BOUND('',#556,.F.);
#558=ADVANCED_FACE('',(#557),#548,.T.);
#559=CARTESIAN_POINT('',(-2.E0,0.E0,0.E0));
#560=DIRECTION('',(-1.E0,0.E0,0.E0));
#561=DIRECTION('',(0.E0,0.E0,1.E0));
#562=AXIS2_PLACEMENT_3D('',#559,#560,#561);
#563=CYLINDRICAL_SURFACE('',#562,8.175E0);
#565=ORIENTED_EDGE('',*,*,#564,.F.);
#567=ORIENTED_EDGE('',*,*,#566,.T.);
#568=ORIENTED_EDGE('',*,*,#549,.F.);
#570=ORIENTED_EDGE('',*,*,#569,.F.);
#571=EDGE_LOOP('',(#565,#567,#568,#570));
#572=FACE_OUTER_BOUND('',#571,.F.);
#573=ADVANCED_FACE('',(#572),#563,.T.);
#574=CARTESIAN_POINT('',(0.E0,0.E0,0.E0));
#575=DIRECTION('',(-1.E0,0.E0,0.E0));
#576=DIRECTION('',(0.E0,0.E0,1.E0));
#577=AXIS2_PLACEMENT_3D('',#574,#575,#576);
#578=TOROIDAL_SURFACE('',#577,9.E0,1.1E0);
#580=ORIENTED_EDGE('',*,*,#579,.F.);
#581=ORIENTED_EDGE('',*,*,#564,.T.);
#583=ORIENTED_EDGE('',*,*,#582,.T.);
#585=ORIENTED_EDGE('',*,*,#584,.F.);
#586=EDGE_LOOP('',(#580,#581,#583,#585));
#587=FACE_OUTER_BOUND('',#586,.F.);
#588=ADVANCED_FACE('',(#587),#578,.F.);
#589=CARTESIAN_POINT('',(0.E0,0.E0,0.E0));
#590=DIRECTION('',(-1.E0,0.E0,0.E0));
#591=DIRECTION('',(0.E0,0.E0,1.E0));
#592=AXIS2_PLACEMENT_3D('',#589,#590,#591);
#593=TOROIDAL_SURFACE('',#592,9.E0,1.1E0);
#594=ORIENTED_EDGE('',*,*,#582,.F.);
#596=ORIENTED_EDGE('',*,*,#595,.T.);
#597=ORIENTED_EDGE('',*,*,#579,.T.);
#599=ORIENTED_EDGE('',*,*,#598,.F.);
#600=EDGE_LOOP('',(#594,#596,#597,#599));
#601=FACE_OUTER_BOUND('',#600,.F.);
#602=ADVANCED_FACE('',(#601),#593,.F.);
#603=CARTESIAN_POINT('',(-2.E0,0.E0,0.E0));
#604=DIRECTION('',(-1.E0,0.E0,0.E0));
#605=DIRECTION('',(0.E0,0.E0,1.E0));
#606=AXIS2_PLACEMENT_3D('',#603,#604,#605);
#607=CYLINDRICAL_SURFACE('',#606,8.175E0);
#608=ORIENTED_EDGE('',*,*,#569,.T.);
#610=ORIENTED_EDGE('',*,*,#609,.F.);
#611=ORIENTED_EDGE('',*,*,#566,.F.);
#612=ORIENTED_EDGE('',*,*,#595,.F.);
#613=EDGE_LOOP('',(#608,#610,#611,#612));
#614=FACE_OUTER_BOUND('',#613,.F.);
#615=ADVANCED_FACE('',(#614),#607,.T.);
#616=CARTESIAN_POINT('',(-1.9E0,0.E0,0.E0));
#617=DIRECTION('',(-1.E0,0.E0,0.E0));
#618=DIRECTION('',(0.E0,0.E0,1.E0));
#619=AXIS2_PLACEMENT_3D('',#616,#617,#618);
#620=TOROIDAL_SURFACE('',#619,8.075E0,1.E-1);
#621=ORIENTED_EDGE('',*,*,#554,.T.);
#622=ORIENTED_EDGE('',*,*,#535,.F.);
#623=ORIENTED_EDGE('',*,*,#551,.F.);
#624=ORIENTED_EDGE('',*,*,#609,.T.);
#625=EDGE_LOOP('',(#621,#622,#623,#624));
#626=FACE_OUTER_BOUND('',#625,.F.);
#627=ADVANCED_FACE('',(#626),#620,.T.);
#628=CARTESIAN_POINT('',(0.E0,0.E0,0.E0));
#629=DIRECTION('',(-1.E0,0.E0,0.E0));
#630=DIRECTION('',(0.E0,0.E0,1.E0));
#631=AXIS2_PLACEMENT_3D('',#628,#629,#630);
#632=TOROIDAL_SURFACE('',#631,9.E0,1.1E0);
#633=ORIENTED_EDGE('',*,*,#598,.T.);
#635=ORIENTED_EDGE('',*,*,#634,.T.);
#637=ORIENTED_EDGE('',*,*,#636,.T.);
#639=ORIENTED_EDGE('',*,*,#638,.F.);
#640=EDGE_LOOP('',(#633,#635,#637,#639));
#641=FACE_OUTER_BOUND('',#640,.F.);
#642=ADVANCED_FACE('',(#641),#632,.F.);
#643=CARTESIAN_POINT('',(0.E0,0.E0,0.E0));
#644=DIRECTION('',(-1.E0,0.E0,0.E0));
#645=DIRECTION('',(0.E0,0.E0,1.E0));
#646=AXIS2_PLACEMENT_3D('',#643,#644,#645);
#647=TOROIDAL_SURFACE('',#646,9.E0,1.1E0);
#648=ORIENTED_EDGE('',*,*,#584,.T.);
#649=ORIENTED_EDGE('',*,*,#638,.T.);
#651=ORIENTED_EDGE('',*,*,#650,.T.);
#652=ORIENTED_EDGE('',*,*,#634,.F.);
#653=EDGE_LOOP('',(#648,#649,#651,#652));
#654=FACE_OUTER_BOUND('',#653,.F.);
#655=ADVANCED_FACE('',(#654),#647,.F.);
#656=CARTESIAN_POINT('',(-2.E0,0.E0,0.E0));
#657=DIRECTION('',(-1.E0,0.E0,0.E0));
#658=DIRECTION('',(0.E0,0.E0,1.E0));
#659=AXIS2_PLACEMENT_3D('',#656,#657,#658);
#660=CYLINDRICAL_SURFACE('',#659,8.175E0);
#662=ORIENTED_EDGE('',*,*,#661,.F.);
#664=ORIENTED_EDGE('',*,*,#663,.T.);
#665=ORIENTED_EDGE('',*,*,#650,.F.);
#667=ORIENTED_EDGE('',*,*,#666,.F.);
#668=EDGE_LOOP('',(#662,#664,#665,#667));
#669=FACE_OUTER_BOUND('',#668,.F.);
#670=ADVANCED_FACE('',(#669),#660,.T.);
#671=CARTESIAN_POINT('',(1.9E0,0.E0,0.E0));
#672=DIRECTION('',(-1.E0,0.E0,0.E0));
#673=DIRECTION('',(0.E0,0.E0,1.E0));
#674=AXIS2_PLACEMENT_3D('',#671,#672,#673);
#675=TOROIDAL_SURFACE('',#674,8.075E0,1.E-1);
#677=ORIENTED_EDGE('',*,*,#676,.F.);
#679=ORIENTED_EDGE('',*,*,#678,.T.);
#680=ORIENTED_EDGE('',*,*,#661,.T.);
#682=ORIENTED_EDGE('',*,*,#681,.F.);
#683=EDGE_LOOP('',(#677,#679,#680,#682));
#684=FACE_OUTER_BOUND('',#683,.F.);
#685=ADVANCED_FACE('',(#684),#675,.T.);
#686=CARTESIAN_POINT('',(2.E0,8.075E0,0.E0));
#687=DIRECTION('',(-1.E0,0.E0,0.E0));
#688=DIRECTION('',(0.E0,0.E0,1.E0));
#689=AXIS2_PLACEMENT_3D('',#686,#687,#688);
#690=PLANE('',#689);
#691=ORIENTED_EDGE('',*,*,#676,.T.);
#693=ORIENTED_EDGE('',*,*,#692,.T.);
#694=EDGE_LOOP('',(#691,#693));
#695=FACE_OUTER_BOUND('',#694,.F.);
#696=ORIENTED_EDGE('',*,*,#466,.T.);
#697=ORIENTED_EDGE('',*,*,#449,.T.);
#698=EDGE_LOOP('',(#696,#697));
#699=FACE_BOUND('',#698,.F.);
#700=ADVANCED_FACE('',(#695,#699),#690,.F.);
#701=CARTESIAN_POINT('',(1.9E0,0.E0,0.E0));
#702=DIRECTION('',(-1.E0,0.E0,0.E0));
#703=DIRECTION('',(0.E0,0.E0,1.E0));
#704=AXIS2_PLACEMENT_3D('',#701,#702,#703);
#705=TOROIDAL_SURFACE('',#704,8.075E0,1.E-1);
#706=ORIENTED_EDGE('',*,*,#681,.T.);
#708=ORIENTED_EDGE('',*,*,#707,.T.);
#709=ORIENTED_EDGE('',*,*,#678,.F.);
#710=ORIENTED_EDGE('',*,*,#692,.F.);
#711=EDGE_LOOP('',(#706,#708,#709,#710));
#712=FACE_OUTER_BOUND('',#711,.F.);
#713=ADVANCED_FACE('',(#712),#705,.T.);
#714=CARTESIAN_POINT('',(-2.E0,0.E0,0.E0));
#715=DIRECTION('',(-1.E0,0.E0,0.E0));
#716=DIRECTION('',(0.E0,0.E0,1.E0));
#717=AXIS2_PLACEMENT_3D('',#714,#715,#716);
#718=CYLINDRICAL_SURFACE('',#717,8.175E0);
#719=ORIENTED_EDGE('',*,*,#666,.T.);
#720=ORIENTED_EDGE('',*,*,#636,.F.);
#721=ORIENTED_EDGE('',*,*,#663,.F.);
#722=ORIENTED_EDGE('',*,*,#707,.F.);
#723=EDGE_LOOP('',(#719,#720,#721,#722));
#724=FACE_OUTER_BOUND('',#723,.F.);
#725=ADVANCED_FACE('',(#724),#718,.T.);
#726=CLOSED_SHELL('',(#457,#471,#486,#499,#514,#527,#543,#558,#573,#588,#602,
#615,#627,#642,#655,#670,#685,#700,#713,#725));
#727=MANIFOLD_SOLID_BREP('',#726);
#728=CARTESIAN_POINT('',(0.E0,-5.423711727413E0,-7.182155045522E0));
#729=DIRECTION('',(0.E0,6.026346363792E-1,7.980172272803E-1));
#730=DIRECTION('',(1.E0,0.E0,0.E0));
#731=AXIS2_PLACEMENT_3D('',#728,#729,#730);
#733=CARTESIAN_POINT('',(0.E0,-5.423711727413E0,-7.182155045522E0));
#734=DIRECTION('',(0.E0,7.980172272803E-1,-6.026346363792E-1));
#735=DIRECTION('',(-1.E0,0.E0,0.E0));
#736=AXIS2_PLACEMENT_3D('',#733,#734,#735);
#738=CARTESIAN_POINT('',(-1.104117294494E0,-5.125407582406E0,
-6.787136518018E0));
#739=CARTESIAN_POINT('',(-1.104117294494E0,-5.033486545882E0,
-6.856552062604E0));
#740=CARTESIAN_POINT('',(-1.069079586288E0,-4.859536863450E0,
-6.982355198681E0));
#741=CARTESIAN_POINT('',(-9.137552170464E-1,-4.610529132443E0,
-7.148426055470E0));
#742=CARTESIAN_POINT('',(-7.139780556469E-1,-4.437822943093E0,
-7.255965427526E0));
#743=CARTESIAN_POINT('',(-5.002055625395E-1,-4.322764943154E0,
-7.324767055671E0));
#744=CARTESIAN_POINT('',(-2.949025066521E-1,-4.258259740876E0,
-7.362267347701E0));
#745=CARTESIAN_POINT('',(-1.013910953717E-1,-4.228668228463E0,
-7.379257279416E0));
#746=CARTESIAN_POINT('',(1.010136596706E-1,-4.228641512081E0,
-7.379272533734E0));
#747=CARTESIAN_POINT('',(2.944880924710E-1,-4.258163567149E0,
-7.362322782279E0));
#748=CARTESIAN_POINT('',(4.998814964988E-1,-4.322621797510E0,
-7.324851395925E0));
#749=CARTESIAN_POINT('',(7.137787094592E-1,-4.437675797560E0,
-7.256055414510E0));
#750=CARTESIAN_POINT('',(9.136916165211E-1,-4.610432302398E0,
-7.148490060310E0));
#751=CARTESIAN_POINT('',(1.069099398407E0,-4.859562138419E0,-6.982338957286E0));
#752=CARTESIAN_POINT('',(1.104117294494E0,-5.033501703454E0,-6.856540616138E0));
#753=CARTESIAN_POINT('',(1.104117294494E0,-5.125407582406E0,-6.787136518018E0));
#755=CARTESIAN_POINT('',(0.E0,-5.423711727413E0,-7.182155045522E0));
#756=DIRECTION('',(0.E0,-7.980172272803E-1,6.026346363792E-1));
#757=DIRECTION('',(1.E0,0.E0,0.E0));
#758=AXIS2_PLACEMENT_3D('',#755,#756,#757);
#760=CARTESIAN_POINT('',(1.104117294494E0,-5.125407582406E0,-6.787136518018E0));
#761=CARTESIAN_POINT('',(1.104117294494E0,-5.217328937963E0,-6.717720732509E0));
#762=CARTESIAN_POINT('',(1.069079208505E0,-5.385933589119E0,-6.584838788824E0));
#763=CARTESIAN_POINT('',(9.137554519022E-1,-5.613807947668E0,
-6.390785096060E0));
#764=CARTESIAN_POINT('',(7.139782439436E-1,-5.764505641810E0,
-6.254101176678E0));
#765=CARTESIAN_POINT('',(5.002059832400E-1,-5.862167811738E0,
-6.162264007143E0));
#766=CARTESIAN_POINT('',(2.949034274842E-1,-5.915889276325E0,
-6.110483663613E0));
#767=CARTESIAN_POINT('',(1.013911158625E-1,-5.940328903776E0,
-6.086671134299E0));
#768=CARTESIAN_POINT('',(-1.010135667714E-1,-5.940350893567E0,
-6.086649606073E0));
#769=CARTESIAN_POINT('',(-2.944887932397E-1,-5.915968944333E0,
-6.110406301760E0));
#770=CARTESIAN_POINT('',(-4.998814680688E-1,-5.862288260613E0,
-6.162149259290E0));
#771=CARTESIAN_POINT('',(-7.137785900361E-1,-5.764632650362E0,
-6.253984099733E0));
#772=CARTESIAN_POINT('',(-9.136916864415E-1,-5.613896213745E0,
-6.390709300263E0));
#773=CARTESIAN_POINT('',(-1.069099064317E0,-5.385911011232E0,
-6.584858690165E0));
#774=CARTESIAN_POINT('',(-1.104117294494E0,-5.217313754700E0,
-6.717732198377E0));
#775=CARTESIAN_POINT('',(-1.104117294494E0,-5.125407582406E0,
-6.787136518018E0));
#777=CARTESIAN_POINT('',(0.E0,-5.423711727413E0,-7.182155045522E0));
#778=DIRECTION('',(0.E0,6.026346363792E-1,7.980172272803E-1));
#779=DIRECTION('',(0.E0,-7.980172272803E-1,6.026346363792E-1));
#780=AXIS2_PLACEMENT_3D('',#777,#778,#779);
#782=DIRECTION('',(-1.E0,-4.852480195989E-14,-1.292688422206E-13));
#783=VECTOR('',#782,4.672133787393E-1);
#784=CARTESIAN_POINT('',(1.219556418188E0,0.E0,8.505E0));
#785=LINE('',#784,#783);
#786=DIRECTION('',(-1.E0,5.422783911669E-14,1.292688422206E-13));
#787=VECTOR('',#786,4.672133787393E-1);
#788=CARTESIAN_POINT('',(-7.523430394487E-1,-2.637753403811E-14,8.505E0));
#789=LINE('',#788,#787);
#790=CARTESIAN_POINT('',(1.219556418188E0,0.E0,-8.672142857143E0));
#791=DIRECTION('',(0.E0,1.E0,0.E0));
#792=DIRECTION('',(0.E0,0.E0,1.E0));
#793=AXIS2_PLACEMENT_3D('',#790,#791,#792);
#795=CARTESIAN_POINT('',(1.380968297066E0,0.E0,0.E0));
#796=DIRECTION('',(-1.E0,0.E0,0.E0));
#797=DIRECTION('',(0.E0,0.E0,-1.E0));
#798=AXIS2_PLACEMENT_3D('',#795,#796,#797);
#800=CARTESIAN_POINT('',(1.219556418188E0,0.E0,0.E0));
#801=DIRECTION('',(1.E0,0.E0,0.E0));
#802=DIRECTION('',(0.E0,0.E0,1.E0));
#803=AXIS2_PLACEMENT_3D('',#800,#801,#802);
#805=CARTESIAN_POINT('',(1.219556418188E0,0.E0,0.E0));
#806=DIRECTION('',(1.E0,0.E0,0.E0));
#807=DIRECTION('',(0.E0,0.E0,-1.E0));
#808=AXIS2_PLACEMENT_3D('',#805,#806,#807);
#810=CARTESIAN_POINT('',(1.219556418188E0,0.E0,8.672142857143E0));
#811=DIRECTION('',(0.E0,-1.E0,0.E0));
#812=DIRECTION('',(0.E0,0.E0,-1.E0));
#813=AXIS2_PLACEMENT_3D('',#810,#811,#812);
#815=CARTESIAN_POINT('',(1.380968297066E0,0.E0,0.E0));
#816=DIRECTION('',(-1.E0,0.E0,0.E0));
#817=DIRECTION('',(0.E0,0.E0,1.E0));
#818=AXIS2_PLACEMENT_3D('',#815,#816,#817);
#820=DIRECTION('',(-1.E0,-4.684265271756E-14,1.292688422206E-13));
#821=VECTOR('',#820,4.672133787394E-1);
#822=CARTESIAN_POINT('',(1.219556418188E0,0.E0,-8.505E0));
#823=LINE('',#822,#821);
#824=CARTESIAN_POINT('',(7.523430394486E-1,-2.084395194261E-14,-8.505E0));
#825=CARTESIAN_POINT('',(8.219300747575E-1,6.304475090677E-2,-8.505E0));
#826=CARTESIAN_POINT('',(9.435900362526E-1,2.027252263470E-1,
-8.503839507794E0));
#827=CARTESIAN_POINT('',(1.076267477640E0,4.877802495107E-1,-8.492706283962E0));
#828=CARTESIAN_POINT('',(1.104117294494E0,6.825078754722E-1,-8.478192592948E0));
#829=CARTESIAN_POINT('',(1.104117294494E0,7.847423972355E-1,-8.468719169389E0));
#831=CARTESIAN_POINT('',(-1.104117294494E0,7.847423972355E-1,
-8.468719169389E0));
#832=CARTESIAN_POINT('',(-1.104117294494E0,6.835642416961E-1,
-8.478094706201E0));
#833=CARTESIAN_POINT('',(-1.076693239235E0,4.902229565770E-1,
-8.492538526711E0));
#834=CARTESIAN_POINT('',(-9.463169945285E-1,2.068882043908E-1,
-8.503748178283E0));
#835=CARTESIAN_POINT('',(-8.234696497454E-1,6.443958144070E-2,-8.505E0));
#836=CARTESIAN_POINT('',(-7.523430394486E-1,-2.084395194261E-14,-8.505E0));
#838=DIRECTION('',(-1.E0,4.684265271756E-14,-1.292688422206E-13));
#839=VECTOR('',#838,4.672133787394E-1);
#840=CARTESIAN_POINT('',(-7.523430394486E-1,-2.084395194261E-14,-8.505E0));
#841=LINE('',#840,#839);
#842=CARTESIAN_POINT('',(-7.523430394487E-1,-2.637753403811E-14,8.505E0));
#843=CARTESIAN_POINT('',(-8.219260321559E-1,6.304108837375E-2,8.505E0));
#844=CARTESIAN_POINT('',(-9.435836607042E-1,2.027133473992E-1,
8.503839894394E0));
#845=CARTESIAN_POINT('',(-1.076271644524E0,4.877897957334E-1,8.492705881116E0));
#846=CARTESIAN_POINT('',(-1.104117294494E0,6.825119923800E-1,8.478192211460E0));
#847=CARTESIAN_POINT('',(-1.104117294494E0,7.847423972354E-1,8.468719169389E0));
#849=CARTESIAN_POINT('',(1.104117294494E0,7.847423972354E-1,8.468719169389E0));
#850=CARTESIAN_POINT('',(1.104117294494E0,6.835794842815E-1,8.478093293768E0));
#851=CARTESIAN_POINT('',(1.076702294128E0,4.902582411212E-1,8.492536395569E0));
#852=CARTESIAN_POINT('',(9.463361433260E-1,2.069149706520E-1,8.503747737374E0));
#853=CARTESIAN_POINT('',(8.234799521557E-1,6.444891526109E-2,8.505E0));
#854=CARTESIAN_POINT('',(7.523430394487E-1,-2.371299877901E-14,8.505E0));
#856=CARTESIAN_POINT('',(0.E0,8.304152351698E-1,-8.961607586655E0));
#857=DIRECTION('',(0.E0,-9.957341762950E-1,-9.226835946331E-2));
#858=DIRECTION('',(1.E0,0.E0,0.E0));
#859=AXIS2_PLACEMENT_3D('',#856,#857,#858);
#861=CARTESIAN_POINT('',(7.523430394486E-1,-2.084395194261E-14,-8.505E0));
#862=CARTESIAN_POINT('',(6.892582135094E-1,-5.715385228996E-2,-8.505E0));
#863=CARTESIAN_POINT('',(5.591218440767E-1,-1.488320229953E-1,
-8.503921097391E0));
#864=CARTESIAN_POINT('',(3.638801212265E-1,-2.340927434410E-1,
-8.501849994869E0));
#865=CARTESIAN_POINT('',(1.840571632762E-1,-2.779772806553E-1,
-8.500468144170E0));
#866=CARTESIAN_POINT('',(-3.884844480137E-5,-2.931985149278E-1,
-8.499943199756E0));
#867=CARTESIAN_POINT('',(-1.841278254144E-1,-2.779661314013E-1,
-8.500468529847E0));
#868=CARTESIAN_POINT('',(-3.639576004536E-1,-2.340655529520E-1,
-8.501850759278E0));
#869=CARTESIAN_POINT('',(-5.591526475965E-1,-1.488110166685E-1,
-8.503921419599E0));
#870=CARTESIAN_POINT('',(-6.892686084014E-1,-5.714443468255E-2,-8.505E0));
#871=CARTESIAN_POINT('',(-7.523430394486E-1,-2.084395194261E-14,-8.505E0));
#873=CARTESIAN_POINT('',(0.E0,8.304152351698E-1,-8.961607586655E0));
#874=DIRECTION('',(0.E0,-9.226835946331E-2,9.957341762950E-1));
#875=DIRECTION('',(0.E0,-9.957341762950E-1,-9.226835946331E-2));
#876=AXIS2_PLACEMENT_3D('',#873,#874,#875);
#878=CARTESIAN_POINT('',(0.E0,8.304152351698E-1,-8.961607586655E0));
#879=DIRECTION('',(0.E0,-9.226835946331E-2,9.957341762950E-1));
#880=DIRECTION('',(1.E0,0.E0,0.E0));
#881=AXIS2_PLACEMENT_3D('',#878,#879,#880);
#883=CARTESIAN_POINT('',(0.E0,8.304152351698E-1,-8.961607586655E0));
#884=DIRECTION('',(0.E0,9.957341762950E-1,9.226835946331E-2));
#885=DIRECTION('',(-1.E0,0.E0,0.E0));
#886=AXIS2_PLACEMENT_3D('',#883,#884,#885);
#888=CARTESIAN_POINT('',(-1.104117294494E0,7.847423972355E-1,
-8.468719169389E0));
#889=CARTESIAN_POINT('',(-1.104117294494E0,8.994378128952E-1,
-8.458091073967E0));
#890=CARTESIAN_POINT('',(-1.069079586288E0,1.112741204093E0,-8.433871570073E0));
#891=CARTESIAN_POINT('',(-9.137552170461E-1,1.408641350519E0,
-8.388843990517E0));
#892=CARTESIAN_POINT('',(-7.139780556466E-1,1.608721570982E0,
-8.351965138023E0));
#893=CARTESIAN_POINT('',(-5.002055625393E-1,1.740101816091E0,
-8.325296081416E0));
#894=CARTESIAN_POINT('',(-2.949025066520E-1,1.813035519159E0,
-8.309552257857E0));
#895=CARTESIAN_POINT('',(-1.013910953717E-1,1.846349953688E0,
-8.302172295896E0));
#896=CARTESIAN_POINT('',(1.010136596705E-1,1.846379974100E0,-8.302165570263E0));
#897=CARTESIAN_POINT('',(2.944880924709E-1,1.813143938434E0,-8.309528432684E0));
#898=CARTESIAN_POINT('',(4.998814964986E-1,1.740264421661E0,-8.325261973019E0));
#899=CARTESIAN_POINT('',(7.137787094590E-1,1.608890936682E0,-8.351932507902E0));
#900=CARTESIAN_POINT('',(9.136916165208E-1,1.408756028567E0,-8.388826056685E0));
#901=CARTESIAN_POINT('',(1.069099398407E0,1.112711583909E0,-8.433876595174E0));
#902=CARTESIAN_POINT('',(1.104117294494E0,8.994188998802E-1,-8.458092826516E0));
#903=CARTESIAN_POINT('',(1.104117294494E0,7.847423972355E-1,-8.468719169389E0));
#905=CARTESIAN_POINT('',(1.104117294494E0,8.760880731042E-1,-9.454496003921E0));
#906=CARTESIAN_POINT('',(1.104117294494E0,9.916983216993E-1,-9.443783136743E0));
#907=CARTESIAN_POINT('',(1.070287238068E0,1.202815423820E0,-9.419987526577E0));
#908=CARTESIAN_POINT('',(9.551100776919E-1,1.461489665505E0,-9.382783453408E0));
#909=CARTESIAN_POINT('',(8.035585175400E-1,1.658900122607E0,-9.349476435296E0));
#910=CARTESIAN_POINT('',(6.353094658770E-1,1.802405954954E0,-9.322616204915E0));
#911=CARTESIAN_POINT('',(4.635875278495E-1,1.900200152824E0,-9.303025071120E0));
#912=CARTESIAN_POINT('',(2.969143209980E-1,1.960299705657E0,-9.290471599927E0));
#913=CARTESIAN_POINT('',(1.480757838941E-1,1.990339485269E0,-9.284054552671E0));
#914=CARTESIAN_POINT('',(-4.463024624218E-4,2.000450181751E0,
-9.281875463735E0));
#915=CARTESIAN_POINT('',(-1.489652026419E-1,1.990219067115E0,
-9.284080460096E0));
#916=CARTESIAN_POINT('',(-2.977731320462E-1,1.960055989106E0,
-9.290523204750E0));
#917=CARTESIAN_POINT('',(-4.643009661993E-1,1.899861790404E0,
-9.303094419878E0));
#918=CARTESIAN_POINT('',(-6.358559016912E-1,1.802010855709E0,-9.322692704E0));
#919=CARTESIAN_POINT('',(-8.039165685313E-1,1.658506467789E0,
-9.349546168099E0));
#920=CARTESIAN_POINT('',(-9.552879860014E-1,1.461158410808E0,
-9.382833983967E0));
#921=CARTESIAN_POINT('',(-1.070315873057E0,1.202657383227E0,-9.420005899589E0));
#922=CARTESIAN_POINT('',(-1.104117294494E0,9.916429781959E-1,
-9.443788265074E0));
#923=CARTESIAN_POINT('',(-1.104117294494E0,8.760880731043E-1,
-9.454496003921E0));
#925=CARTESIAN_POINT('',(0.E0,8.304152351698E-1,-8.961607586655E0));
#926=DIRECTION('',(0.E0,9.957341762950E-1,9.226835946331E-2));
#927=DIRECTION('',(-9.124936318130E-1,3.774614705316E-2,-4.073457993933E-1));
#928=AXIS2_PLACEMENT_3D('',#925,#926,#927);
#930=CARTESIAN_POINT('',(0.E0,8.304152351698E-1,-8.961607586655E0));
#931=DIRECTION('',(0.E0,9.226835946331E-2,-9.957341762950E-1));
#932=DIRECTION('',(-1.E0,0.E0,0.E0));
#933=AXIS2_PLACEMENT_3D('',#930,#931,#932);
#935=DIRECTION('',(-1.E0,8.137748505696E-14,4.102802181277E-14));
#936=VECTOR('',#935,5.195542249168E-1);
#937=CARTESIAN_POINT('',(1.219556418188E0,0.E0,9.495E0));
#938=LINE('',#937,#936);
#939=CARTESIAN_POINT('',(7.000021932712E-1,4.111721403866E-14,9.495E0));
#940=CARTESIAN_POINT('',(7.739295329650E-1,6.231737778491E-2,9.495E0));
#941=CARTESIAN_POINT('',(9.079275212080E-1,2.047352335592E-1,9.494053327921E0));
#942=CARTESIAN_POINT('',(1.066251584786E0,5.184858041089E-1,9.482820586153E0));
#943=CARTESIAN_POINT('',(1.104117294494E0,7.506984378508E-1,9.466115064725E0));
#944=CARTESIAN_POINT('',(1.104117294494E0,8.760880731040E-1,9.454496003921E0));
#946=CARTESIAN_POINT('',(-1.104117294494E0,8.760880731039E-1,9.454496003921E0));
#947=CARTESIAN_POINT('',(-1.104117294494E0,7.557366982610E-1,9.465648201144E0));
#948=CARTESIAN_POINT('',(-1.069498736695E0,5.301055582946E-1,9.482151930776E0));
#949=CARTESIAN_POINT('',(-9.143377712936E-1,2.130424577560E-1,
9.493939570931E0));
#950=CARTESIAN_POINT('',(-7.773124241077E-1,6.516900082416E-2,9.495E0));
#951=CARTESIAN_POINT('',(-7.000021932773E-1,1.130653082972E-12,9.495E0));
#953=DIRECTION('',(-1.E0,-2.178436495829E-12,8.342364435361E-13));
#954=VECTOR('',#953,5.195542249107E-1);
#955=CARTESIAN_POINT('',(-7.000021932773E-1,1.130653082972E-12,9.495E0));
#956=LINE('',#955,#954);
#957=CARTESIAN_POINT('',(-7.000021932710E-1,3.178743124506E-14,-9.495E0));
#958=CARTESIAN_POINT('',(-7.739276908425E-1,6.231582495977E-2,-9.495E0));
#959=CARTESIAN_POINT('',(-9.079228494112E-1,2.047323127691E-1,
-9.494053169923E0));
#960=CARTESIAN_POINT('',(-1.066241239828E0,5.184556487100E-1,
-9.482822135334E0));
#961=CARTESIAN_POINT('',(-1.104117294494E0,7.506853507312E-1,
-9.466116277425E0));
#962=CARTESIAN_POINT('',(-1.104117294494E0,8.760880731043E-1,
-9.454496003921E0));
#964=CARTESIAN_POINT('',(1.104117294494E0,8.760880731042E-1,-9.454496003921E0));
#965=CARTESIAN_POINT('',(1.104117294494E0,7.557530615747E-1,-9.465646684860E0));
#966=CARTESIAN_POINT('',(1.069507915190E0,5.301433176523E-1,-9.482149620704E0));
#967=CARTESIAN_POINT('',(9.143664456118E-1,2.130820616746E-1,
-9.493938879321E0));
#968=CARTESIAN_POINT('',(7.773280633996E-1,6.518218403783E-2,-9.495E0));
#969=CARTESIAN_POINT('',(7.000021932710E-1,3.178743124506E-14,-9.495E0));
#971=CARTESIAN_POINT('',(1.219556418188E0,0.E0,9.327857142857E0));
#972=DIRECTION('',(0.E0,-1.E0,0.E0));
#973=DIRECTION('',(9.657120958499E-1,0.E0,2.596153846159E-1));
#974=AXIS2_PLACEMENT_3D('',#971,#972,#973);
#976=CARTESIAN_POINT('',(1.219556418188E0,0.E0,0.E0));
#977=DIRECTION('',(-1.E0,0.E0,0.E0));
#978=DIRECTION('',(0.E0,0.E0,1.E0));
#979=AXIS2_PLACEMENT_3D('',#976,#977,#978);
#981=CARTESIAN_POINT('',(0.E0,0.E0,9.E0));
#982=DIRECTION('',(0.E0,-1.E0,0.E0));
#983=DIRECTION('',(9.657120958500E-1,0.E0,-2.596153846153E-1));
#984=AXIS2_PLACEMENT_3D('',#981,#982,#983);
#986=CARTESIAN_POINT('',(1.380968297066E0,0.E0,0.E0));
#987=DIRECTION('',(-1.E0,0.E0,0.E0));
#988=DIRECTION('',(0.E0,0.E0,1.E0));
#989=AXIS2_PLACEMENT_3D('',#986,#987,#988);
#991=CARTESIAN_POINT('',(0.E0,0.E0,-9.E0));
#992=DIRECTION('',(0.E0,1.E0,0.E0));
#993=DIRECTION('',(9.657120958500E-1,0.E0,2.596153846153E-1));
#994=AXIS2_PLACEMENT_3D('',#991,#992,#993);
#996=CARTESIAN_POINT('',(1.380968297066E0,0.E0,0.E0));
#997=DIRECTION('',(-1.E0,0.E0,0.E0));
#998=DIRECTION('',(0.E0,0.E0,-1.E0));
#999=AXIS2_PLACEMENT_3D('',#996,#997,#998);
#1001=CARTESIAN_POINT('',(1.219556418188E0,0.E0,-9.327857142857E0));
#1002=DIRECTION('',(0.E0,1.E0,0.E0));
#1003=DIRECTION('',(9.657120958499E-1,0.E0,-2.596153846159E-1));
#1004=AXIS2_PLACEMENT_3D('',#1001,#1002,#1003);
#1006=CARTESIAN_POINT('',(1.219556418188E0,0.E0,0.E0));
#1007=DIRECTION('',(-1.E0,0.E0,0.E0));
#1008=DIRECTION('',(0.E0,0.E0,-1.E0));
#1009=AXIS2_PLACEMENT_3D('',#1006,#1007,#1008);
#1011=DIRECTION('',(-1.E0,5.894404787904E-14,-5.470402908367E-14));
#1012=VECTOR('',#1011,5.195542249170E-1);
#1013=CARTESIAN_POINT('',(1.219556418188E0,0.E0,-9.495E0));
#1014=LINE('',#1013,#1012);
#1015=DIRECTION('',(-1.E0,-5.894404787904E-14,5.470402908367E-14));
#1016=VECTOR('',#1015,5.195542249170E-1);
#1017=CARTESIAN_POINT('',(-7.000021932710E-1,3.178743124506E-14,-9.495E0));
#1018=LINE('',#1017,#1016);
#1019=CARTESIAN_POINT('',(0.E0,8.304152351698E-1,-8.961607586655E0));
#1020=DIRECTION('',(0.E0,-9.957341762950E-1,-9.226835946331E-2));
#1021=DIRECTION('',(9.124936318130E-1,3.774614705316E-2,-4.073457993933E-1));
#1022=AXIS2_PLACEMENT_3D('',#1019,#1020,#1021);
#1024=CARTESIAN_POINT('',(0.E0,8.304152351698E-1,-8.961607586655E0));
#1025=DIRECTION('',(0.E0,9.226835946331E-2,-9.957341762950E-1));
#1026=DIRECTION('',(0.E0,-9.957341762950E-1,-9.226835946331E-2));
#1027=AXIS2_PLACEMENT_3D('',#1024,#1025,#1026);
#1029=CARTESIAN_POINT('',(-7.000021932710E-1,3.178743124506E-14,-9.495E0));
#1030=CARTESIAN_POINT('',(-6.453798071412E-1,-4.604418184195E-2,-9.495E0));
#1031=CARTESIAN_POINT('',(-5.344088913053E-1,-1.218561225681E-1,
-9.494364990324E0));
#1032=CARTESIAN_POINT('',(-3.690316018773E-1,-1.968008805881E-1,
-9.493015187615E0));
#1033=CARTESIAN_POINT('',(-2.158411160301E-1,-2.389043175528E-1,
-9.492007162E0));
#1034=CARTESIAN_POINT('',(-7.379543498140E-2,-2.581080548047E-1,
-9.491491804366E0));
#1035=CARTESIAN_POINT('',(7.386869342714E-2,-2.581023166594E-1,
-9.491491963897E0));
#1036=CARTESIAN_POINT('',(2.158917040231E-1,-2.388931608272E-1,
-9.492007445337E0));
#1037=CARTESIAN_POINT('',(3.690751151394E-1,-1.967852213712E-1,
-9.493015529901E0));
#1038=CARTESIAN_POINT('',(5.344465193415E-1,-1.218336533140E-1,
-9.494365277883E0));
#1039=CARTESIAN_POINT('',(6.453929975038E-1,-4.603306296752E-2,-9.495E0));
#1040=CARTESIAN_POINT('',(7.000021932710E-1,3.178743124506E-14,-9.495E0));
#1042=CARTESIAN_POINT('',(-1.219556418188E0,0.E0,-9.327857142857E0));
#1043=DIRECTION('',(0.E0,1.E0,0.E0));
#1044=DIRECTION('',(0.E0,0.E0,-1.E0));
#1045=AXIS2_PLACEMENT_3D('',#1042,#1043,#1044);
#1047=CARTESIAN_POINT('',(-1.380968297066E0,0.E0,0.E0));
#1048=DIRECTION('',(-1.E0,0.E0,0.E0));
#1049=DIRECTION('',(0.E0,0.E0,-1.E0));
#1050=AXIS2_PLACEMENT_3D('',#1047,#1048,#1049);
#1052=CARTESIAN_POINT('',(-1.219556418188E0,0.E0,0.E0));
#1053=DIRECTION('',(1.E0,0.E0,0.E0));
#1054=DIRECTION('',(0.E0,0.E0,1.E0));
#1055=AXIS2_PLACEMENT_3D('',#1052,#1053,#1054);
#1057=CARTESIAN_POINT('',(-1.219556418188E0,0.E0,0.E0));
#1058=DIRECTION('',(1.E0,0.E0,0.E0));
#1059=DIRECTION('',(0.E0,0.E0,-1.E0));
#1060=AXIS2_PLACEMENT_3D('',#1057,#1058,#1059);
#1062=CARTESIAN_POINT('',(-1.219556418188E0,0.E0,9.327857142857E0));
#1063=DIRECTION('',(0.E0,-1.E0,0.E0));
#1064=DIRECTION('',(0.E0,0.E0,1.E0));
#1065=AXIS2_PLACEMENT_3D('',#1062,#1063,#1064);
#1067=CARTESIAN_POINT('',(-1.380968297066E0,0.E0,0.E0));
#1068=DIRECTION('',(-1.E0,0.E0,0.E0));
#1069=DIRECTION('',(0.E0,0.E0,1.E0));
#1070=AXIS2_PLACEMENT_3D('',#1067,#1068,#1069);
#1072=CARTESIAN_POINT('',(0.E0,0.E0,9.E0));
#1073=DIRECTION('',(0.E0,-1.E0,0.E0));
#1074=DIRECTION('',(-9.657120958500E-1,0.E0,2.596153846153E-1));
#1075=AXIS2_PLACEMENT_3D('',#1072,#1073,#1074);
#1077=CARTESIAN_POINT('',(-1.380968297066E0,0.E0,0.E0));
#1078=DIRECTION('',(-1.E0,0.E0,0.E0));
#1079=DIRECTION('',(0.E0,0.E0,1.E0));
#1080=AXIS2_PLACEMENT_3D('',#1077,#1078,#1079);
#1082=CARTESIAN_POINT('',(0.E0,0.E0,-9.E0));
#1083=DIRECTION('',(0.E0,1.E0,0.E0));
#1084=DIRECTION('',(-9.657120958500E-1,0.E0,-2.596153846153E-1));
#1085=AXIS2_PLACEMENT_3D('',#1082,#1083,#1084);
#1087=CARTESIAN_POINT('',(-1.380968297066E0,0.E0,0.E0));
#1088=DIRECTION('',(-1.E0,0.E0,0.E0));
#1089=DIRECTION('',(0.E0,0.E0,-1.E0));
#1090=AXIS2_PLACEMENT_3D('',#1087,#1088,#1089);
#1092=CARTESIAN_POINT('',(-1.219556418188E0,0.E0,-8.672142857143E0));
#1093=DIRECTION('',(0.E0,1.E0,0.E0));
#1094=DIRECTION('',(-9.657120958499E-1,0.E0,2.596153846159E-1));
#1095=AXIS2_PLACEMENT_3D('',#1092,#1093,#1094);
#1097=CARTESIAN_POINT('',(-1.219556418188E0,0.E0,0.E0));
#1098=DIRECTION('',(-1.E0,0.E0,0.E0));
#1099=DIRECTION('',(0.E0,0.E0,-1.E0));
#1100=AXIS2_PLACEMENT_3D('',#1097,#1098,#1099);
#1102=CARTESIAN_POINT('',(-1.219556418188E0,0.E0,8.672142857143E0));
#1103=DIRECTION('',(0.E0,-1.E0,0.E0));
#1104=DIRECTION('',(-9.657120958499E-1,0.E0,-2.596153846159E-1));
#1105=AXIS2_PLACEMENT_3D('',#1102,#1103,#1104);
#1107=CARTESIAN_POINT('',(-1.219556418188E0,0.E0,0.E0));
#1108=DIRECTION('',(-1.E0,0.E0,0.E0));
#1109=DIRECTION('',(0.E0,0.E0,1.E0));
#1110=AXIS2_PLACEMENT_3D('',#1107,#1108,#1109);
#1112=CARTESIAN_POINT('',(7.000021932712E-1,4.111721403866E-14,9.495E0));
#1113=CARTESIAN_POINT('',(6.453800275466E-1,-4.604399605045E-2,9.495E0));
#1114=CARTESIAN_POINT('',(5.344095666775E-1,-1.218557169110E-1,
9.494364995250E0));
#1115=CARTESIAN_POINT('',(3.690325617421E-1,-1.968004993743E-1,
9.493015195651E0));
#1116=CARTESIAN_POINT('',(2.158427675897E-1,-2.389039849098E-1,
9.492007170542E0));
#1117=CARTESIAN_POINT('',(7.379633680518E-2,-2.581080148583E-1,
9.491491805547E0));
#1118=CARTESIAN_POINT('',(-7.386796478640E-2,-2.581024017964E-1,
9.491491961571E0));
#1119=CARTESIAN_POINT('',(-2.158922035830E-1,-2.388930860630E-1,
9.492007447396E0));
#1120=CARTESIAN_POINT('',(-3.690751551649E-1,-1.967851643056E-1,
9.493015530703E0));
#1121=CARTESIAN_POINT('',(-5.344461885789E-1,-1.218338356144E-1,
9.494365275048E0));
#1122=CARTESIAN_POINT('',(-6.453928632808E-1,-4.603317611613E-2,9.495E0));
#1123=CARTESIAN_POINT('',(-7.000021932773E-1,1.130653082972E-12,9.495E0));
#1125=CARTESIAN_POINT('',(0.E0,8.304152351697E-1,8.961607586655E0));
#1126=DIRECTION('',(0.E0,-9.957341762950E-1,9.226835946330E-2));
#1127=DIRECTION('',(-9.124936318130E-1,3.774614705315E-2,4.073457993933E-1));
#1128=AXIS2_PLACEMENT_3D('',#1125,#1126,#1127);
#1130=CARTESIAN_POINT('',(0.E0,8.304152351697E-1,8.961607586655E0));
#1131=DIRECTION('',(0.E0,9.226835946330E-2,9.957341762950E-1));
#1132=DIRECTION('',(-1.E0,0.E0,0.E0));
#1133=AXIS2_PLACEMENT_3D('',#1130,#1131,#1132);
#1135=CARTESIAN_POINT('',(0.E0,8.304152351697E-1,8.961607586655E0));
#1136=DIRECTION('',(0.E0,9.957341762950E-1,-9.226835946330E-2));
#1137=DIRECTION('',(9.124936318130E-1,3.774614705316E-2,4.073457993933E-1));
#1138=AXIS2_PLACEMENT_3D('',#1135,#1136,#1137);
#1140=CARTESIAN_POINT('',(0.E0,8.304152351697E-1,8.961607586655E0));
#1141=DIRECTION('',(0.E0,9.226835946330E-2,9.957341762950E-1));
#1142=DIRECTION('',(0.E0,9.957341762950E-1,-9.226835946330E-2));
#1143=AXIS2_PLACEMENT_3D('',#1140,#1141,#1142);
#1145=CARTESIAN_POINT('',(-1.104117294494E0,8.760880731039E-1,
9.454496003921E0));
#1146=CARTESIAN_POINT('',(-1.104117294494E0,9.916989416679E-1,
9.443783079295E0));
#1147=CARTESIAN_POINT('',(-1.070286930505E0,1.202817242293E0,9.419987317532E0));
#1148=CARTESIAN_POINT('',(-9.551078633271E-1,1.461493814073E0,
9.382782821792E0));
#1149=CARTESIAN_POINT('',(-8.035539741602E-1,1.658905124799E0,
9.349475549356E0));
#1150=CARTESIAN_POINT('',(-6.353024291444E-1,1.802411044749E0,
9.322615219595E0));
#1151=CARTESIAN_POINT('',(-4.635782732650E-1,1.900204550114E0,
9.303024169948E0));
#1152=CARTESIAN_POINT('',(-2.969029315879E-1,1.960302937932E0,
9.290470915564E0));
#1153=CARTESIAN_POINT('',(-1.480640171153E-1,1.990341075640E0,
9.284054210474E0));
#1154=CARTESIAN_POINT('',(4.583301206188E-4,2.000450188749E0,9.281875462239E0));
#1155=CARTESIAN_POINT('',(1.489773846468E-1,1.990217419091E0,9.284080814658E0));
#1156=CARTESIAN_POINT('',(2.977850118104E-1,1.960052619389E0,9.290523918280E0));
#1157=CARTESIAN_POINT('',(4.643109627156E-1,1.899857053681E0,9.303095390734E0));
#1158=CARTESIAN_POINT('',(6.358636447352E-1,1.802005262282E0,9.322693787233E0));
#1159=CARTESIAN_POINT('',(8.039216980975E-1,1.658500830263E0,9.349547166704E0));
#1160=CARTESIAN_POINT('',(9.552905649527E-1,1.461153632769E0,9.382834713962E0));
#1161=CARTESIAN_POINT('',(1.070316341323E0,1.202654930783E0,9.420006187261E0));
#1162=CARTESIAN_POINT('',(1.104117294494E0,9.916421025576E-1,9.443788346214E0));
#1163=CARTESIAN_POINT('',(1.104117294494E0,8.760880731040E-1,9.454496003921E0));
#1165=CARTESIAN_POINT('',(0.E0,8.304152351697E-1,8.961607586655E0));
#1166=DIRECTION('',(0.E0,9.957341762950E-1,-9.226835946330E-2));
#1167=DIRECTION('',(1.E0,0.E0,0.E0));
#1168=AXIS2_PLACEMENT_3D('',#1165,#1166,#1167);
#1170=CARTESIAN_POINT('',(1.104117294494E0,7.847423972354E-1,8.468719169389E0));
#1171=CARTESIAN_POINT('',(1.104117294494E0,8.994382109737E-1,8.458091037079E0));
#1172=CARTESIAN_POINT('',(1.069079208505E0,1.112742103570E0,8.433871442709E0));
#1173=CARTESIAN_POINT('',(9.137554519024E-1,1.408640893199E0,8.388844059304E0));
#1174=CARTESIAN_POINT('',(7.139782439439E-1,1.608721466384E0,8.351965161935E0));
#1175=CARTESIAN_POINT('',(5.002059832401E-1,1.740101556561E0,8.325296134046E0));
#1176=CARTESIAN_POINT('',(2.949034274843E-1,1.813035304548E0,8.309552305478E0));
#1177=CARTESIAN_POINT('',(1.013911158625E-1,1.846349975908E0,8.302172290950E0));
#1178=CARTESIAN_POINT('',(-1.010135667714E-1,1.846380005156E0,
8.302165563416E0));
#1179=CARTESIAN_POINT('',(-2.944887932398E-1,1.813143765422E0,
8.309528470907E0));
#1180=CARTESIAN_POINT('',(-4.998814680690E-1,1.740264371219E0,
8.325261981617E0));
#1181=CARTESIAN_POINT('',(-7.137785900363E-1,1.608891084301E0,
8.351932482497E0));
#1182=CARTESIAN_POINT('',(-9.136916864418E-1,1.408755839876E0,
8.388826082521E0));
#1183=CARTESIAN_POINT('',(-1.069099064317E0,1.112712430758E0,8.433876477444E0));
#1184=CARTESIAN_POINT('',(-1.104117294494E0,8.994192659015E-1,
8.458092792599E0));
#1185=CARTESIAN_POINT('',(-1.104117294494E0,7.847423972354E-1,
8.468719169389E0));
#1187=CARTESIAN_POINT('',(0.E0,8.304152351697E-1,8.961607586655E0));
#1188=DIRECTION('',(0.E0,-9.226835946330E-2,-9.957341762950E-1));
#1189=DIRECTION('',(0.E0,9.957341762950E-1,-9.226835946330E-2));
#1190=AXIS2_PLACEMENT_3D('',#1187,#1188,#1189);
#1192=CARTESIAN_POINT('',(0.E0,8.304152351697E-1,8.961607586655E0));
#1193=DIRECTION('',(0.E0,-9.226835946330E-2,-9.957341762950E-1));
#1194=DIRECTION('',(1.E0,0.E0,0.E0));
#1195=AXIS2_PLACEMENT_3D('',#1192,#1193,#1194);
#1197=CARTESIAN_POINT('',(0.E0,8.304152351697E-1,8.961607586655E0));
#1198=DIRECTION('',(0.E0,-9.957341762950E-1,9.226835946330E-2));
#1199=DIRECTION('',(-1.E0,0.E0,0.E0));
#1200=AXIS2_PLACEMENT_3D('',#1197,#1198,#1199);
#1202=CARTESIAN_POINT('',(-7.523430394487E-1,-2.637753403811E-14,8.505E0));
#1203=CARTESIAN_POINT('',(-6.892579613480E-1,-5.715408074429E-2,8.505E0));
#1204=CARTESIAN_POINT('',(-5.591211038351E-1,-1.488325404222E-1,
8.503921089632E0));
#1205=CARTESIAN_POINT('',(-3.638780663808E-1,-2.340934616733E-1,
8.501849974700E0));
#1206=CARTESIAN_POINT('',(-1.840554482344E-1,-2.779775464717E-1,
8.500468134899E0));
#1207=CARTESIAN_POINT('',(4.078541411254E-5,-2.931985123922E-1,
8.499943199837E0));
#1208=CARTESIAN_POINT('',(1.841294906505E-1,-2.779658753491E-1,
8.500468538810E0));
#1209=CARTESIAN_POINT('',(3.639596757169E-1,-2.340648293130E-1,
8.501850779599E0));
#1210=CARTESIAN_POINT('',(5.591533776999E-1,-1.488105028735E-1,
8.503921427263E0));
#1211=CARTESIAN_POINT('',(6.892688584246E-1,-5.714420816565E-2,8.505E0));
#1212=CARTESIAN_POINT('',(7.523430394487E-1,-2.371299877901E-14,8.505E0));
#1214=CARTESIAN_POINT('',(1.104117294494E0,-5.722015872421E0,
-7.577173573026E0));
#1215=CARTESIAN_POINT('',(1.104117294494E0,-5.629361655838E0,
-7.647142789492E0));
#1216=CARTESIAN_POINT('',(1.070287238068E0,-5.457313235887E0,
-7.771786293386E0));
#1217=CARTESIAN_POINT('',(9.551100776919E-1,-5.241086442606E0,
-7.918559861305E0));
#1218=CARTESIAN_POINT('',(8.035585175400E-1,-5.072759561450E0,
-8.026940242873E0));
#1219=CARTESIAN_POINT('',(6.353094658770E-1,-4.948611851477E0,
-8.103769547193E0));
#1220=CARTESIAN_POINT('',(4.635875278495E-1,-4.863142605707E0,
-8.155175049699E0));
#1221=CARTESIAN_POINT('',(2.969143209979E-1,-4.810271281387E0,
-8.186386729474E0));
#1222=CARTESIAN_POINT('',(1.480757838941E-1,-4.783748479601E0,
-8.201882142990E0));
#1223=CARTESIAN_POINT('',(-4.463024624945E-4,-4.774808542019E0,
-8.207083309010E0));
#1224=CARTESIAN_POINT('',(-1.489652026420E-1,-4.783854923410E0,
-8.201820163623E0));
#1225=CARTESIAN_POINT('',(-2.977731320463E-1,-4.810486156036E0,
-8.186260675120E0));
#1226=CARTESIAN_POINT('',(-4.643009661994E-1,-4.863439378509E0,
-8.154998345761E0));
#1227=CARTESIAN_POINT('',(-6.358559016913E-1,-4.948955370443E0,
-8.103559904059E0));
#1228=CARTESIAN_POINT('',(-8.039165685315E-1,-5.073097454557E0,
-8.026726572500E0));
#1229=CARTESIAN_POINT('',(-9.552879860016E-1,-5.241365284999E0,
-7.918374038992E0));
#1230=CARTESIAN_POINT('',(-1.070315873057E0,-5.457442407113E0,
-7.771693399946E0));
#1231=CARTESIAN_POINT('',(-1.104117294494E0,-5.629406010115E0,
-7.647109294697E0));
#1232=CARTESIAN_POINT('',(-1.104117294494E0,-5.722015872421E0,
-7.577173573026E0));
#1234=CARTESIAN_POINT('',(0.E0,-5.423711727413E0,-7.182155045522E0));
#1235=DIRECTION('',(0.E0,7.980172272803E-1,-6.026346363792E-1));
#1236=DIRECTION('',(-9.124936318129E-1,-2.465323512461E-1,-3.264615929784E-1));
#1237=AXIS2_PLACEMENT_3D('',#1234,#1235,#1236);
#1239=CARTESIAN_POINT('',(0.E0,-5.423711727413E0,-7.182155045522E0));
#1240=DIRECTION('',(0.E0,-6.026346363792E-1,-7.980172272803E-1));
#1241=DIRECTION('',(-1.E0,0.E0,0.E0));
#1242=AXIS2_PLACEMENT_3D('',#1239,#1240,#1241);
#1244=CARTESIAN_POINT('',(0.E0,-5.423711727413E0,-7.182155045522E0));
#1245=DIRECTION('',(0.E0,-7.980172272803E-1,6.026346363792E-1));
#1246=DIRECTION('',(9.124936318129E-1,-2.465323512461E-1,-3.264615929784E-1));
#1247=AXIS2_PLACEMENT_3D('',#1244,#1245,#1246);
#1249=CARTESIAN_POINT('',(0.E0,-5.423711727413E0,-7.182155045522E0));
#1250=DIRECTION('',(0.E0,-6.026346363792E-1,-7.980172272803E-1));
#1251=DIRECTION('',(0.E0,-7.980172272803E-1,6.026346363792E-1));
#1252=AXIS2_PLACEMENT_3D('',#1249,#1250,#1251);
#1254=CARTESIAN_POINT('',(-1.104117294494E0,-5.722015872421E0,
-7.577173573026E0));
#1255=CARTESIAN_POINT('',(-1.104117294494E0,-5.814670585869E0,
-7.507203981345E0));
#1256=CARTESIAN_POINT('',(-1.070286930505E0,-5.981640128395E0,
-7.375832953314E0));
#1257=CARTESIAN_POINT('',(-9.551078633269E-1,-6.181985739172E0,
-7.208025386343E0));
#1258=CARTESIAN_POINT('',(-8.035539741600E-1,-6.332294198870E0,
-7.075783309291E0));
#1259=CARTESIAN_POINT('',(-6.353024291442E-1,-6.440165249599E0,
-6.977400064832E0));
#1260=CARTESIAN_POINT('',(-4.635782732648E-1,-6.512997604985E0,
-6.909261772171E0));
#1261=CARTESIAN_POINT('',(-2.969029315877E-1,-6.557485847280E0,
-6.866951055900E0));
#1262=CARTESIAN_POINT('',(-1.480640171152E-1,-6.579646826746E0,
-6.845682421475E0));
#1263=CARTESIAN_POINT('',(4.583301207749E-4,-6.587094804793E0,
-6.838508250113E0));
#1264=CARTESIAN_POINT('',(1.489773846469E-1,-6.579555697127E0,
-6.845770137592E0));
#1265=CARTESIAN_POINT('',(2.977850118105E-1,-6.557300924500E0,
-6.867127895449E0));
#1266=CARTESIAN_POINT('',(4.643109627157E-1,-6.512739650474E0,
-6.909505258602E0));
#1267=CARTESIAN_POINT('',(6.358636447352E-1,-6.439861606923E0,
-6.977680481327E0));
#1268=CARTESIAN_POINT('',(8.039216980976E-1,-6.331988162403E0,
-7.076057033235E0));
#1269=CARTESIAN_POINT('',(9.552905649527E-1,-6.181723828905E0,
-7.208248588334E0));
#1270=CARTESIAN_POINT('',(1.070316341323E0,-5.981512061999E0,
-7.375934442681E0));
#1271=CARTESIAN_POINT('',(1.104117294494E0,-5.814625032959E0,
-7.507238381305E0));
#1272=CARTESIAN_POINT('',(1.104117294494E0,-5.722015872421E0,
-7.577173573026E0));
#1274=CARTESIAN_POINT('',(1.104117294494E0,-9.333329581499E0,
-1.744701671668E0));
#1275=CARTESIAN_POINT('',(1.104117294494E0,-9.311995245549E0,
-1.858830288645E0));
#1276=CARTESIAN_POINT('',(1.070287238068E0,-9.268821714593E0,
-2.066851220514E0));
#1277=CARTESIAN_POINT('',(9.551100776921E-1,-9.207908899526E0,
-2.320989244691E0));
#1278=CARTESIAN_POINT('',(8.035585175404E-1,-9.156529224263E0,
-2.514484399665E0));
#1279=CARTESIAN_POINT('',(6.353094658774E-1,-9.116542527165E0,
-2.654899712038E0));
#1280=CARTESIAN_POINT('',(4.635875278499E-1,-9.088011655491E0,
-2.750469095326E0));
#1281=CARTESIAN_POINT('',(2.969143209984E-1,-9.069966448048E0,
-2.809153985869E0));
#1282=CARTESIAN_POINT('',(1.480757838946E-1,-9.060805053601E0,
-2.838473530654E0));
#1283=CARTESIAN_POINT('',(-4.463024619075E-4,-9.057702362897E0,
-2.848340035727E0));
#1284=CARTESIAN_POINT('',(-1.489652026414E-1,-9.060841961296E0,
-2.838356016619E0));
#1285=CARTESIAN_POINT('',(-2.977731320456E-1,-9.070040320061E0,
-2.808916070463E0));
#1286=CARTESIAN_POINT('',(-4.643009661988E-1,-9.088111928564E0,
-2.750138574997E0));
#1287=CARTESIAN_POINT('',(-6.358559016907E-1,-9.116655155078E0,
-2.654513356662E0));
#1288=CARTESIAN_POINT('',(-8.039165685310E-1,-9.156634981482E0,
-2.514098858241E0));
#1289=CARTESIAN_POINT('',(-9.552879860012E-1,-9.207989778858E0,
-2.320664065440E0));
#1290=CARTESIAN_POINT('',(-1.070315873056E0,-9.268854591375E0,
-2.066695549342E0));
#1291=CARTESIAN_POINT('',(-1.104117294494E0,-9.312005458457E0,
-1.858775654410E0));
#1292=CARTESIAN_POINT('',(-1.104117294494E0,-9.333329581498E0,
-1.744701671668E0));
#1294=CARTESIAN_POINT('',(0.E0,-8.846757897155E0,-1.653745660349E0));
#1295=DIRECTION('',(0.E0,1.837495178166E-1,-9.829730996839E-1));
#1296=DIRECTION('',(-9.124936318131E-1,-4.021253589612E-1,-7.517025728854E-2));
#1297=AXIS2_PLACEMENT_3D('',#1294,#1295,#1296);
#1299=CARTESIAN_POINT('',(0.E0,-8.846757897155E0,-1.653745660349E0));
#1300=DIRECTION('',(0.E0,-9.829730996839E-1,-1.837495178166E-1));
#1301=DIRECTION('',(-1.E0,0.E0,0.E0));
#1302=AXIS2_PLACEMENT_3D('',#1299,#1300,#1301);
#1304=CARTESIAN_POINT('',(0.E0,-8.846757897155E0,-1.653745660349E0));
#1305=DIRECTION('',(0.E0,-1.837495178166E-1,9.829730996839E-1));
#1306=DIRECTION('',(9.124936318129E-1,-4.021253589618E-1,-7.517025728864E-2));
#1307=AXIS2_PLACEMENT_3D('',#1304,#1305,#1306);
#1309=CARTESIAN_POINT('',(0.E0,-8.846757897155E0,-1.653745660349E0));
#1310=DIRECTION('',(0.E0,-9.829730996839E-1,-1.837495178166E-1));
#1311=DIRECTION('',(0.E0,-1.837495178166E-1,9.829730996839E-1));
#1312=AXIS2_PLACEMENT_3D('',#1309,#1310,#1311);
#1314=CARTESIAN_POINT('',(-1.104117294494E0,-9.333329581498E0,
-1.744701671668E0));
#1315=CARTESIAN_POINT('',(-1.104117294494E0,-9.354664031855E0,
-1.630572442668E0));
#1316=CARTESIAN_POINT('',(-1.070286930505E0,-9.389551923401E0,
-1.421001428069E0));
#1317=CARTESIAN_POINT('',(-9.551078633273E-1,-9.424557889452E0,
-1.162018174495E0));
#1318=CARTESIAN_POINT('',(-8.035539741604E-1,-9.446546270286E0,
-9.630279458200E-1));
#1319=CARTESIAN_POINT('',(-6.353024291447E-1,-9.459983575484E0,
-8.176495939079E-1));
#1320=CARTESIAN_POINT('',(-4.635782732652E-1,-9.467902864646E0,
-7.182279474874E-1));
#1321=CARTESIAN_POINT('',(-2.969029315881E-1,-9.472275527182E0,
-6.569884158410E-1));
#1322=CARTESIAN_POINT('',(-1.480640171155E-1,-9.474324102264E0,
-6.263409500191E-1));
#1323=CARTESIAN_POINT('',(4.583301204226E-4,-9.474995016462E0,
-6.160215030440E-1));
#1324=CARTESIAN_POINT('',(1.489773846466E-1,-9.474315850629E0,
-6.264671666385E-1));
#1325=CARTESIAN_POINT('',(2.977850118102E-1,-9.472258003633E0,
-6.572436835159E-1));
#1326=CARTESIAN_POINT('',(4.643109627154E-1,-9.467876269711E0,
-7.185816689610E-1));
#1327=CARTESIAN_POINT('',(6.358636447350E-1,-9.459948096211E0,
-8.180613869456E-1));
#1328=CARTESIAN_POINT('',(8.039216980974E-1,-9.446504513236E0,
-9.634364056889E-1));
#1329=CARTESIAN_POINT('',(9.552905649526E-1,-9.424514705639E0,
-1.162359570562E0));
#1330=CARTESIAN_POINT('',(1.070316341323E0,-9.389525654137E0,
-1.421162707388E0));
#1331=CARTESIAN_POINT('',(1.104117294494E0,-9.354653542953E0,
-1.630628553343E0));
#1332=CARTESIAN_POINT('',(1.104117294494E0,-9.333329581499E0,
-1.744701671668E0));
#1334=CARTESIAN_POINT('',(0.E0,-8.846757897155E0,-1.653745660349E0));
#1335=DIRECTION('',(0.E0,-1.837495178166E-1,9.829730996839E-1));
#1336=DIRECTION('',(1.E0,0.E0,0.E0));
#1337=AXIS2_PLACEMENT_3D('',#1334,#1335,#1336);
#1339=CARTESIAN_POINT('',(1.104117294494E0,-8.360186212812E0,
-1.562789649030E0));
#1340=CARTESIAN_POINT('',(1.104117294494E0,-8.381351801954E0,
-1.449563747745E0));
#1341=CARTESIAN_POINT('',(1.069079208505E0,-8.416430156063E0,
-1.237774587443E0));
#1342=CARTESIAN_POINT('',(9.137554519025E-1,-8.454098211587E0,
-9.408492154173E-1));
#1343=CARTESIAN_POINT('',(7.139782439439E-1,-8.473381790319E0,
-7.383142001019E-1));
#1344=CARTESIAN_POINT('',(5.002059832402E-1,-8.483684703730E0,
-6.046511344535E-1));
#1345=CARTESIAN_POINT('',(2.949034274844E-1,-8.488501153244E0,
-5.301930821856E-1));
#1346=CARTESIAN_POINT('',(1.013911158625E-1,-8.490519858601E0,
-4.961305401346E-1));
#1347=CARTESIAN_POINT('',(-1.010135667714E-1,-8.490521605780E0,
-4.960998161574E-1));
#1348=CARTESIAN_POINT('',(-2.944887932399E-1,-8.488507910269E0,
-5.300822390961E-1));
#1349=CARTESIAN_POINT('',(-4.998814680690E-1,-8.483696411394E0,
-6.044851888843E-1));
#1350=CARTESIAN_POINT('',(-7.137785900364E-1,-8.473396776544E0,
-7.381421140873E-1));
#1351=CARTESIAN_POINT('',(-9.136916864419E-1,-8.454112377708E0,
-9.407337371754E-1));
#1352=CARTESIAN_POINT('',(-1.069099064317E0,-8.416426878249E0,
-1.237804505336E0));
#1353=CARTESIAN_POINT('',(-1.104117294494E0,-8.381348305892E0,
-1.449582450022E0));
#1354=CARTESIAN_POINT('',(-1.104117294494E0,-8.360186212812E0,
-1.562789649030E0));
#1356=CARTESIAN_POINT('',(0.E0,-8.846757897155E0,-1.653745660349E0));
#1357=DIRECTION('',(0.E0,9.829730996839E-1,1.837495178166E-1));
#1358=DIRECTION('',(0.E0,-1.837495178166E-1,9.829730996839E-1));
#1359=AXIS2_PLACEMENT_3D('',#1356,#1357,#1358);
#1361=CARTESIAN_POINT('',(0.E0,-8.846757897155E0,-1.653745660349E0));
#1362=DIRECTION('',(0.E0,9.829730996839E-1,1.837495178166E-1));
#1363=DIRECTION('',(1.E0,0.E0,0.E0));
#1364=AXIS2_PLACEMENT_3D('',#1361,#1362,#1363);
#1366=CARTESIAN_POINT('',(0.E0,-8.846757897155E0,-1.653745660349E0));
#1367=DIRECTION('',(0.E0,1.837495178166E-1,-9.829730996839E-1));
#1368=DIRECTION('',(-1.E0,0.E0,0.E0));
#1369=AXIS2_PLACEMENT_3D('',#1366,#1367,#1368);
#1371=CARTESIAN_POINT('',(-1.104117294494E0,-8.360186212812E0,
-1.562789649030E0));
#1372=CARTESIAN_POINT('',(-1.104117294494E0,-8.339020697130E0,
-1.676015157338E0));
#1373=CARTESIAN_POINT('',(-1.069079586288E0,-8.295223355396E0,
-1.886173939981E0));
#1374=CARTESIAN_POINT('',(-9.137552170460E-1,-8.223085634481E0,
-2.176657207652E0));
#1375=CARTESIAN_POINT('',(-7.139780556466E-1,-8.167903026967E0,
-2.372481169949E0));
#1376=CARTESIAN_POINT('',(-5.002055625392E-1,-8.129225496171E0,
-2.500840259994E0));
#1377=CARTESIAN_POINT('',(-2.949025066520E-1,-8.106819359856E0,
-2.572010183970E0));
#1378=CARTESIAN_POINT('',(-1.013910953717E-1,-8.096397011292E0,
-2.604501568012E0));
#1379=CARTESIAN_POINT('',(1.010136596705E-1,-8.096387544414E0,
-2.604530839799E0));
#1380=CARTESIAN_POINT('',(2.944880924709E-1,-8.106785632649E0,
-2.572115942438E0));
#1381=CARTESIAN_POINT('',(4.998814964986E-1,-8.129176529926E0,
-2.500999024790E0));
#1382=CARTESIAN_POINT('',(7.137787094589E-1,-8.167854908945E0,
-2.372646802438E0));
#1383=CARTESIAN_POINT('',(9.136916165208E-1,-8.223057195996E0,
-2.176769741779E0));
#1384=CARTESIAN_POINT('',(1.069099398406E0,-8.295231092066E0,
-1.886144909810E0));
#1385=CARTESIAN_POINT('',(1.104117294494E0,-8.339024187276E0,
-1.675996486707E0));
#1386=CARTESIAN_POINT('',(1.104117294494E0,-8.360186212812E0,
-1.562789649030E0));
#1388=CARTESIAN_POINT('',(1.104117294494E0,-8.072811703753E0,4.998473386520E0));
#1389=CARTESIAN_POINT('',(1.104117294494E0,-8.133933391315E0,4.899758471675E0));
#1390=CARTESIAN_POINT('',(1.070287238068E0,-8.242170562539E0,4.716943328329E0));
#1391=CARTESIAN_POINT('',(9.551100776920E-1,-8.368367128804E0,
4.488096364104E0));
#1392=CARTESIAN_POINT('',(8.035585175400E-1,-8.460753933594E0,
4.310487455743E0));
#1393=CARTESIAN_POINT('',(6.353094658770E-1,-8.525800592116E0,
4.179780424146E0));
#1394=CARTESIAN_POINT('',(4.635875278494E-1,-8.569100700719E0,
4.089932673727E0));
#1395=CARTESIAN_POINT('',(2.969143209978E-1,-8.595300886613E0,
4.034407038667E0));
#1396=CARTESIAN_POINT('',(1.480757838940E-1,-8.608282984017E0,
4.006567642093E0));
#1397=CARTESIAN_POINT('',(-4.463024625624E-4,-8.612637089405E0,
3.997185937652E0));
#1398=CARTESIAN_POINT('',(-1.489652026420E-1,-8.608231090439E0,
4.006679350566E0));
#1399=CARTESIAN_POINT('',(-2.977731320463E-1,-8.595195196116E0,
4.034632627527E0));
#1400=CARTESIAN_POINT('',(-4.643009661994E-1,-8.568952133308E0,
4.090244484730E0));
#1401=CARTESIAN_POINT('',(-6.358559016913E-1,-8.525623539214E0,
4.180141821149E0));
#1402=CARTESIAN_POINT('',(-8.039165685315E-1,-8.460572351543E0,
4.310843622472E0));
#1403=CARTESIAN_POINT('',(-9.552879860017E-1,-8.368207827507E0,
4.488391162524E0));
#1404=CARTESIAN_POINT('',(-1.070315873057E0,-8.242089983783E0,
4.717080519658E0));
#1405=CARTESIAN_POINT('',(-1.104117294494E0,-8.133904131900E0,
4.899805727254E0));
#1406=CARTESIAN_POINT('',(-1.104117294494E0,-8.072811703753E0,
4.998473386520E0));
#1408=CARTESIAN_POINT('',(0.E0,-7.651954221567E0,4.737889465896E0));
#1409=DIRECTION('',(0.E0,-5.264321628774E-1,-8.502171357296E-1));
#1410=DIRECTION('',(-9.124936318131E-1,-3.478161009800E-1,2.153586120860E-1));
#1411=AXIS2_PLACEMENT_3D('',#1408,#1409,#1410);
#1413=CARTESIAN_POINT('',(0.E0,-7.651954221567E0,4.737889465896E0));
#1414=DIRECTION('',(0.E0,-8.502171357296E-1,5.264321628774E-1));
#1415=DIRECTION('',(-1.E0,0.E0,0.E0));
#1416=AXIS2_PLACEMENT_3D('',#1413,#1414,#1415);
#1418=CARTESIAN_POINT('',(0.E0,-7.651954221567E0,4.737889465896E0));
#1419=DIRECTION('',(0.E0,5.264321628774E-1,8.502171357296E-1));
#1420=DIRECTION('',(9.124936318131E-1,-3.478161009800E-1,2.153586120860E-1));
#1421=AXIS2_PLACEMENT_3D('',#1418,#1419,#1420);
#1423=CARTESIAN_POINT('',(0.E0,-7.651954221567E0,4.737889465896E0));
#1424=DIRECTION('',(0.E0,-8.502171357296E-1,5.264321628774E-1));
#1425=DIRECTION('',(0.E0,5.264321628774E-1,8.502171357296E-1));
#1426=AXIS2_PLACEMENT_3D('',#1423,#1424,#1425);
#1428=CARTESIAN_POINT('',(-1.104117294494E0,-8.072811703753E0,
4.998473386520E0));
#1429=CARTESIAN_POINT('',(-1.104117294494E0,-8.011689688421E0,
5.097188830732E0));
#1430=CARTESIAN_POINT('',(-1.070286930505E0,-7.896285071805E0,
5.275567499862E0));
#1431=CARTESIAN_POINT('',(-9.551078633272E-1,-7.747678903163E0,
5.490541800494E0));
#1432=CARTESIAN_POINT('',(-8.035539741603E-1,-7.629869662488E0,
5.652410830303E0));
#1433=CARTESIAN_POINT('',(-6.353024291446E-1,-7.541859188489E0,
5.768899382712E0));
#1434=CARTESIAN_POINT('',(-4.635782732651E-1,-7.480731683720E0,
5.847708056590E0));
#1435=CARTESIAN_POINT('',(-2.969029315881E-1,-7.442706314637E0,
5.895910460265E0));
#1436=CARTESIAN_POINT('',(-1.480640171155E-1,-7.423573165677E0,
5.919939326906E0));
#1437=CARTESIAN_POINT('',(4.583301203759E-4,-7.417116810780E0,
5.928017482214E0));
#1438=CARTESIAN_POINT('',(1.489773846465E-1,-7.423652099232E0,
5.919840492608E0));
#1439=CARTESIAN_POINT('',(2.977850118101E-1,-7.442865337298E0,
5.895710009638E0));
#1440=CARTESIAN_POINT('',(4.643109627154E-1,-7.480950330442E0,
5.847428736375E0));
#1441=CARTESIAN_POINT('',(6.358636447351E-1,-7.542110392165E0,
5.768571161753E0));
#1442=CARTESIAN_POINT('',(8.039216980976E-1,-7.630113981290E0,
5.652080843275E0));
#1443=CARTESIAN_POINT('',(9.552905649529E-1,-7.747876986983E0,
5.490260413009E0));
#1444=CARTESIAN_POINT('',(1.070316341324E0,-7.896374311760E0,5.275430615518E0));
#1445=CARTESIAN_POINT('',(1.104117294494E0,-8.011719738545E0,5.097140298115E0));
#1446=CARTESIAN_POINT('',(1.104117294494E0,-8.072811703753E0,4.998473386520E0));
#1448=CARTESIAN_POINT('',(0.E0,-7.651954221567E0,4.737889465896E0));
#1449=DIRECTION('',(0.E0,5.264321628774E-1,8.502171357296E-1));
#1450=DIRECTION('',(1.E0,0.E0,0.E0));
#1451=AXIS2_PLACEMENT_3D('',#1448,#1449,#1450);
#1453=CARTESIAN_POINT('',(1.104117294494E0,-7.231096739380E0,4.477305545272E0));
#1454=CARTESIAN_POINT('',(1.104117294494E0,-7.170458502051E0,4.575239661182E0));
#1455=CARTESIAN_POINT('',(1.069079208505E0,-7.053700283872E0,4.755385873566E0));
#1456=CARTESIAN_POINT('',(9.137554519021E-1,-6.881499983177E0,
5.000193176153E0));
#1457=CARTESIAN_POINT('',(7.139782439436E-1,-6.759303762312E0,
5.162859621506E0));
#1458=CARTESIAN_POINT('',(5.002059832400E-1,-6.676869482153E0,
5.268578846805E0));
#1459=CARTESIAN_POINT('',(2.949034274843E-1,-6.630266815845E0,
5.326848832445E0));
#1460=CARTESIAN_POINT('',(1.013911158625E-1,-6.608810870914E0,
5.353381347769E0));
#1461=CARTESIAN_POINT('',(-1.010135667714E-1,-6.608791463486E0,
5.353405230129E0));
#1462=CARTESIAN_POINT('',(-2.944887932398E-1,-6.630197134841E0,
5.326935298655E0));
#1463=CARTESIAN_POINT('',(-4.998814680688E-1,-6.676766337414E0,
5.268709369462E0));
#1464=CARTESIAN_POINT('',(-7.137785900360E-1,-6.759198903668E0,
5.162996890760E0));
#1465=CARTESIAN_POINT('',(-9.136916864415E-1,-6.881432654878E0,
5.000288059257E0));
#1466=CARTESIAN_POINT('',(-1.069099064317E0,-7.053718017093E0,
4.755361555727E0));
#1467=CARTESIAN_POINT('',(-1.104117294494E0,-7.170468518073E0,
4.575223484751E0));
#1468=CARTESIAN_POINT('',(-1.104117294494E0,-7.231096739380E0,
4.477305545272E0));
#1470=CARTESIAN_POINT('',(0.E0,-7.651954221567E0,4.737889465896E0));
#1471=DIRECTION('',(0.E0,8.502171357296E-1,-5.264321628774E-1));
#1472=DIRECTION('',(0.E0,5.264321628774E-1,8.502171357296E-1));
#1473=AXIS2_PLACEMENT_3D('',#1470,#1471,#1472);
#1475=CARTESIAN_POINT('',(0.E0,-7.651954221567E0,4.737889465896E0));
#1476=DIRECTION('',(0.E0,8.502171357296E-1,-5.264321628774E-1));
#1477=DIRECTION('',(1.E0,0.E0,0.E0));
#1478=AXIS2_PLACEMENT_3D('',#1475,#1476,#1477);
#1480=CARTESIAN_POINT('',(0.E0,-7.651954221567E0,4.737889465896E0));
#1481=DIRECTION('',(0.E0,-5.264321628774E-1,-8.502171357296E-1));
#1482=DIRECTION('',(-1.E0,0.E0,0.E0));
#1483=AXIS2_PLACEMENT_3D('',#1480,#1481,#1482);
#1485=CARTESIAN_POINT('',(-1.104117294494E0,-7.231096739380E0,
4.477305545272E0));
#1486=CARTESIAN_POINT('',(-1.104117294494E0,-7.291734766251E0,
4.379371769265E0));
#1487=CARTESIAN_POINT('',(-1.069079586288E0,-7.400951196500E0,
4.194556476531E0));
#1488=CARTESIAN_POINT('',(-9.137552170463E-1,-7.543338089457E0,
3.931287883095E0));
#1489=CARTESIAN_POINT('',(-7.139780556469E-1,-7.634483400750E0,
3.749395946464E0));
#1490=CARTESIAN_POINT('',(-5.002055625395E-1,-7.692375320382E0,
3.628480550311E0));
#1491=CARTESIAN_POINT('',(-2.949025066521E-1,-7.723763853586E0,
3.560790425429E0));
#1492=CARTESIAN_POINT('',(-1.013910953718E-1,-7.737950948944E0,
3.529757512064E0));
#1493=CARTESIAN_POINT('',(1.010136596706E-1,-7.737963673112E0,
3.529729502158E0));
#1494=CARTESIAN_POINT('',(2.944880924710E-1,-7.723810177898E0,
3.560689547105E0));
#1495=CARTESIAN_POINT('',(4.998814964988E-1,-7.692446093042E0,
3.628330233364E0));
#1496=CARTESIAN_POINT('',(7.137787094592E-1,-7.634559426989E0,
3.749241125676E0));
#1497=CARTESIAN_POINT('',(9.136916165210E-1,-7.543392886915E0,
3.931185560488E0));
#1498=CARTESIAN_POINT('',(1.069099398407E0,-7.400937356468E0,4.194583142248E0));
#1499=CARTESIAN_POINT('',(1.104117294494E0,-7.291724767177E0,4.379387918324E0));
#1500=CARTESIAN_POINT('',(1.104117294494E0,-7.231096739380E0,4.477305545272E0));
#1502=CARTESIAN_POINT('',(1.104117294494E0,-2.598430090734E0,9.132534481926E0));
#1503=CARTESIAN_POINT('',(1.104117294494E0,-2.710103370973E0,9.100760694236E0));
#1504=CARTESIAN_POINT('',(1.070287238068E0,-2.913253371346E0,9.038577583834E0));
#1505=CARTESIAN_POINT('',(9.551100776922E-1,-3.160686961999E0,
8.954475713529E0));
#1506=CARTESIAN_POINT('',(8.035585175404E-1,-3.348615982408E0,
8.885461734390E0));
#1507=CARTESIAN_POINT('',(6.353094658775E-1,-3.484742800872E0,
8.832689722976E0));
#1508=CARTESIAN_POINT('',(4.635875278499E-1,-3.577272005295E0,
8.795462528760E0));
#1509=CARTESIAN_POINT('',(2.969143209984E-1,-3.634041554754E0,
8.772079540415E0));
#1510=CARTESIAN_POINT('',(1.480757838945E-1,-3.662390720694E0,
8.760251960564E0));
#1511=CARTESIAN_POINT('',(-4.463024620362E-4,-3.671928856814E0,
8.756252139155E0));
#1512=CARTESIAN_POINT('',(-1.489652026415E-1,-3.662277113366E0,
8.760299553644E0));
#1513=CARTESIAN_POINT('',(-2.977731320458E-1,-3.633811470303E0,
8.772175049367E0));
#1514=CARTESIAN_POINT('',(-4.643009661990E-1,-3.576952146939E0,
8.795592870654E0));
#1515=CARTESIAN_POINT('',(-6.358559016910E-1,-3.484368485612E0,
8.832837518815E0));
#1516=CARTESIAN_POINT('',(-8.039165685312E-1,-3.348241843680E0,
8.885602613742E0));
#1517=CARTESIAN_POINT('',(-9.552879860014E-1,-3.160370632509E0,
8.954586251600E0));
#1518=CARTESIAN_POINT('',(-1.070315873057E0,-2.913101397727E0,
9.038624683893E0));
#1519=CARTESIAN_POINT('',(-1.104117294494E0,-2.710049912126E0,
9.100775904589E0));
#1520=CARTESIAN_POINT('',(-1.104117294494E0,-2.598430090735E0,
9.132534481926E0));
#1522=CARTESIAN_POINT('',(0.E0,-2.462966910649E0,8.656430788555E0));
#1523=DIRECTION('',(0.E0,-9.618256431728E-1,-2.736629900721E-1));
#1524=DIRECTION('',(-9.124936318128E-1,-1.119530413932E-1,3.934741267528E-1));
#1525=AXIS2_PLACEMENT_3D('',#1522,#1523,#1524);
#1527=CARTESIAN_POINT('',(0.E0,-2.462966910649E0,8.656430788555E0));
#1528=DIRECTION('',(0.E0,-2.736629900721E-1,9.618256431728E-1));
#1529=DIRECTION('',(-1.E0,0.E0,0.E0));
#1530=AXIS2_PLACEMENT_3D('',#1527,#1528,#1529);
#1532=CARTESIAN_POINT('',(0.E0,-2.462966910649E0,8.656430788555E0));
#1533=DIRECTION('',(0.E0,9.618256431728E-1,2.736629900721E-1));
#1534=DIRECTION('',(9.124936318129E-1,-1.119530413932E-1,3.934741267526E-1));
#1535=AXIS2_PLACEMENT_3D('',#1532,#1533,#1534);
#1537=CARTESIAN_POINT('',(0.E0,-2.462966910649E0,8.656430788555E0));
#1538=DIRECTION('',(0.E0,-2.736629900721E-1,9.618256431728E-1));
#1539=DIRECTION('',(0.E0,9.618256431728E-1,2.736629900721E-1));
#1540=AXIS2_PLACEMENT_3D('',#1537,#1538,#1539);
#1542=CARTESIAN_POINT('',(-1.104117294494E0,-2.598430090735E0,
9.132534481926E0));
#1543=CARTESIAN_POINT('',(-1.104117294494E0,-2.486756211640E0,
9.164308440005E0));
#1544=CARTESIAN_POINT('',(-1.070286930505E0,-2.281298238560E0,
9.218384279664E0));
#1545=CARTESIAN_POINT('',(-9.551078633270E-1,-2.026649704948E0,
9.277136876371E0));
#1546=CARTESIAN_POINT('',(-8.035539741602E-1,-1.830537165334E0,
9.317391960598E0));
#1547=CARTESIAN_POINT('',(-6.353024291445E-1,-1.687018809948E0,
9.344185766654E0));
#1548=CARTESIAN_POINT('',(-4.635782732651E-1,-1.588751978563E0,
9.361244745734E0));
#1549=CARTESIAN_POINT('',(-2.969029315880E-1,-1.528177142361E0,
9.371249226382E0));
#1550=CARTESIAN_POINT('',(-1.480640171155E-1,-1.497849431887E0,
9.376116853997E0));
#1551=CARTESIAN_POINT('',(4.583301204038E-4,-1.487635910006E0,
9.377737064636E0));
#1552=CARTESIAN_POINT('',(1.489773846465E-1,-1.497974348724E0,
9.376096991761E0));
#1553=CARTESIAN_POINT('',(2.977850118101E-1,-1.528429704240E0,
9.371208224455E0));
#1554=CARTESIAN_POINT('',(4.643109627153E-1,-1.589101737252E0,
9.361185626948E0));
#1555=CARTESIAN_POINT('',(6.358636447348E-1,-1.687425572735E0,
9.344112443260E0));
#1556=CARTESIAN_POINT('',(8.039216980972E-1,-1.830940029931E0,
9.317312693755E0));
#1557=CARTESIAN_POINT('',(9.552905649524E-1,-2.026985660180E0,
9.277062376717E0));
#1558=CARTESIAN_POINT('',(1.070316341323E0,-2.281456406068E0,9.218343241482E0));
#1559=CARTESIAN_POINT('',(1.104117294494E0,-2.486811115162E0,9.164292818606E0));
#1560=CARTESIAN_POINT('',(1.104117294494E0,-2.598430090734E0,9.132534481926E0));
#1562=CARTESIAN_POINT('',(0.E0,-2.462966910649E0,8.656430788555E0));
#1563=DIRECTION('',(0.E0,9.618256431728E-1,2.736629900721E-1));
#1564=DIRECTION('',(1.E0,0.E0,0.E0));
#1565=AXIS2_PLACEMENT_3D('',#1562,#1563,#1564);
#1567=CARTESIAN_POINT('',(1.104117294494E0,-2.327503730563E0,8.180327095185E0));
#1568=CARTESIAN_POINT('',(1.104117294494E0,-2.216713745199E0,8.211849563815E0));
#1569=CARTESIAN_POINT('',(1.069079208505E0,-2.009064662304E0,8.266319718223E0));
#1570=CARTESIAN_POINT('',(9.137554519023E-1,-1.716881491256E0,
8.331223905423E0));
#1571=CARTESIAN_POINT('',(7.139782439437E-1,-1.516989718785E0,
8.369112797405E0));
#1572=CARTESIAN_POINT('',(5.002059832400E-1,-1.384847469128E0,
8.391704632192E0));
#1573=CARTESIAN_POINT('',(2.949034274843E-1,-1.311151447680E0,
8.403370657912E0));
#1574=CARTESIAN_POINT('',(1.013911158625E-1,-1.277420473060E0,
8.408523646703E0));
#1575=CARTESIAN_POINT('',(-1.010135667714E-1,-1.277390041355E0,
8.408528221280E0));
#1576=CARTESIAN_POINT('',(-2.944887932398E-1,-1.311041700887E0,
8.403387613424E0));
#1577=CARTESIAN_POINT('',(-4.998814680689E-1,-1.384683311701E0,
8.391731601439E0));
#1578=CARTESIAN_POINT('',(-7.137785900362E-1,-1.516819749613E0,
8.369143597796E0));
#1579=CARTESIAN_POINT('',(-9.136916864417E-1,-1.716767812709E0,
8.331248666102E0));
#1580=CARTESIAN_POINT('',(-1.069099064317E0,-2.009094150133E0,
8.266313693917E0));
#1581=CARTESIAN_POINT('',(-1.104117294494E0,-2.216732045120E0,
8.211844357039E0));
#1582=CARTESIAN_POINT('',(-1.104117294494E0,-2.327503730563E0,
8.180327095185E0));
#1584=CARTESIAN_POINT('',(0.E0,-2.462966910649E0,8.656430788555E0));
#1585=DIRECTION('',(0.E0,2.736629900721E-1,-9.618256431728E-1));
#1586=DIRECTION('',(0.E0,9.618256431728E-1,2.736629900721E-1));
#1587=AXIS2_PLACEMENT_3D('',#1584,#1585,#1586);
#1589=CARTESIAN_POINT('',(0.E0,-2.462966910649E0,8.656430788555E0));
#1590=DIRECTION('',(0.E0,2.736629900721E-1,-9.618256431728E-1));
#1591=DIRECTION('',(1.E0,0.E0,0.E0));
#1592=AXIS2_PLACEMENT_3D('',#1589,#1590,#1591);
#1594=CARTESIAN_POINT('',(0.E0,-2.462966910649E0,8.656430788555E0));
#1595=DIRECTION('',(0.E0,-9.618256431728E-1,-2.736629900721E-1));
#1596=DIRECTION('',(-1.E0,0.E0,0.E0));
#1597=AXIS2_PLACEMENT_3D('',#1594,#1595,#1596);
#1599=CARTESIAN_POINT('',(-1.104117294494E0,-2.327503730563E0,
8.180327095185E0));
#1600=CARTESIAN_POINT('',(-1.104117294494E0,-2.438293331405E0,
8.148804735961E0));
#1601=CARTESIAN_POINT('',(-1.069079586288E0,-2.643514504860E0,
8.085803219864E0));
#1602=CARTESIAN_POINT('',(-9.137552170463E-1,-2.926102592958E0,
7.987170811189E0));
#1603=CARTESIAN_POINT('',(-7.139780556468E-1,-3.115999596089E0,
7.914155247205E0));
#1604=CARTESIAN_POINT('',(-5.002055625394E-1,-3.240242416570E0,
7.863799225277E0));
#1605=CARTESIAN_POINT('',(-2.949025066520E-1,-3.309041364757E0,
7.834921937461E0));
#1606=CARTESIAN_POINT('',(-1.013910953717E-1,-3.340432493279E0,
7.821546122096E0));
#1607=CARTESIAN_POINT('',(1.010136596705E-1,-3.340460766705E0,
7.821533994743E0));
#1608=CARTESIAN_POINT('',(2.944880924710E-1,-3.309143560124E0,
7.834878595968E0));
#1609=CARTESIAN_POINT('',(4.998814964987E-1,-3.240395986069E0,
7.863735818946E0));
#1610=CARTESIAN_POINT('',(7.137787094591E-1,-3.116160082248E0,
7.914092051809E0));
#1611=CARTESIAN_POINT('',(9.136916165210E-1,-2.926212023062E0,
7.987132110679E0));
#1612=CARTESIAN_POINT('',(1.069099398407E0,-2.643486312376E0,8.085813602098E0));
#1613=CARTESIAN_POINT('',(1.104117294494E0,-2.438275062450E0,8.148809933927E0));
#1614=CARTESIAN_POINT('',(1.104117294494E0,-2.327503730563E0,8.180327095185E0));
#1616=CARTESIAN_POINT('',(1.104117294494E0,-5.722015872421E0,7.577173573026E0));
#1617=CARTESIAN_POINT('',(1.104117294494E0,-5.814670089003E0,7.507204356560E0));
#1618=CARTESIAN_POINT('',(1.070287238068E0,-5.981638692345E0,7.375834088352E0));
#1619=CARTESIAN_POINT('',(9.551100776919E-1,-6.181982544492E0,
7.208028107293E0));
#1620=CARTESIAN_POINT('',(8.035585175401E-1,-6.332290412308E0,
7.075786695848E0));
#1621=CARTESIAN_POINT('',(6.353094658771E-1,-6.440161440871E0,6.977403582E0));
#1622=CARTESIAN_POINT('',(4.635875278496E-1,-6.512994340739E0,
6.909264853238E0));
#1623=CARTESIAN_POINT('',(2.969143209980E-1,-6.557483459415E0,
6.866953339331E0));
#1624=CARTESIAN_POINT('',(1.480757838942E-1,-6.579645654729E0,
6.845683549639E0));
#1625=CARTESIAN_POINT('',(-4.463024623210E-4,-6.587094799631E0,
6.838508255069E0));
#1626=CARTESIAN_POINT('',(-1.489652026418E-1,-6.579556911653E0,
6.845768968565E0));
#1627=CARTESIAN_POINT('',(-2.977731320461E-1,-6.557303413866E0,
6.867125514867E0));
#1628=CARTESIAN_POINT('',(-4.643009661992E-1,-6.512743166628E0,
6.909501939600E0));
#1629=CARTESIAN_POINT('',(-6.358559016910E-1,-6.439865792302E0,
6.977676615783E0));
#1630=CARTESIAN_POINT('',(-8.039165685312E-1,-6.331992429826E0,
7.076053216429E0));
#1631=CARTESIAN_POINT('',(-9.552879860013E-1,-6.181727506984E0,
7.208245452367E0));
#1632=CARTESIAN_POINT('',(-1.070315873056E0,-5.981513995669E0,
7.375932907052E0));
#1633=CARTESIAN_POINT('',(-1.104117294494E0,-5.814625734727E0,
7.507237851354E0));
#1634=CARTESIAN_POINT('',(-1.104117294494E0,-5.722015872421E0,
7.577173573025E0));
#1636=CARTESIAN_POINT('',(0.E0,-5.423711727413E0,7.182155045522E0));
#1637=DIRECTION('',(0.E0,-7.980172272802E-1,-6.026346363793E-1));
#1638=DIRECTION('',(-9.124936318131E-1,-2.465323512458E-1,3.264615929780E-1));
#1639=AXIS2_PLACEMENT_3D('',#1636,#1637,#1638);
#1641=CARTESIAN_POINT('',(0.E0,-5.423711727413E0,7.182155045522E0));
#1642=DIRECTION('',(0.E0,-6.026346363793E-1,7.980172272802E-1));
#1643=DIRECTION('',(-1.E0,0.E0,0.E0));
#1644=AXIS2_PLACEMENT_3D('',#1641,#1642,#1643);
#1646=CARTESIAN_POINT('',(0.E0,-5.423711727413E0,7.182155045522E0));
#1647=DIRECTION('',(0.E0,7.980172272802E-1,6.026346363793E-1));
#1648=DIRECTION('',(9.124936318129E-1,-2.465323512462E-1,3.264615929784E-1));
#1649=AXIS2_PLACEMENT_3D('',#1646,#1647,#1648);
#1651=CARTESIAN_POINT('',(0.E0,-5.423711727413E0,7.182155045522E0));
#1652=DIRECTION('',(0.E0,-6.026346363793E-1,7.980172272802E-1));
#1653=DIRECTION('',(0.E0,7.980172272802E-1,6.026346363793E-1));
#1654=AXIS2_PLACEMENT_3D('',#1651,#1652,#1653);
#1656=CARTESIAN_POINT('',(-1.104117294494E0,-5.722015872421E0,
7.577173573025E0));
#1657=CARTESIAN_POINT('',(-1.104117294494E0,-5.629361158973E0,
7.647143164707E0));
#1658=CARTESIAN_POINT('',(-1.070286930505E0,-5.457311751186E0,
7.771787363998E0));
#1659=CARTESIAN_POINT('',(-9.551078633272E-1,-5.241082951261E0,
7.918562189406E0));
#1660=CARTESIAN_POINT('',(-8.035539741603E-1,-5.072755267931E0,
8.026942958110E0));
#1661=CARTESIAN_POINT('',(-6.353024291445E-1,-4.948607426267E0,
8.103772248006E0));
#1662=CARTESIAN_POINT('',(-4.635782732651E-1,-4.863138748955E0,
8.155177346160E0));
#1663=CARTESIAN_POINT('',(-2.969029315879E-1,-4.810268431655E0,
8.186388401293E0));
#1664=CARTESIAN_POINT('',(-1.480640171154E-1,-4.783747073767E0,
8.201882961530E0));
#1665=CARTESIAN_POINT('',(4.583301205633E-4,-4.774808535839E0,
8.207083312619E0));
#1666=CARTESIAN_POINT('',(1.489773846467E-1,-4.783856380181E0,
8.201819315381E0));
#1667=CARTESIAN_POINT('',(2.977850118103E-1,-4.810489126989E0,
8.186258932261E0));
#1668=CARTESIAN_POINT('',(4.643109627156E-1,-4.863443533051E0,
8.154995872123E0));
#1669=CARTESIAN_POINT('',(6.358636447351E-1,-4.948960233805E0,
8.103556936310E0));
#1670=CARTESIAN_POINT('',(8.039216980975E-1,-5.073102293494E0,
8.026723512502E0));
#1671=CARTESIAN_POINT('',(9.552905649527E-1,-5.241369307806E0,
7.918371359520E0));
#1672=CARTESIAN_POINT('',(1.070316341323E0,-5.457444413293E0,7.771691960338E0));
#1673=CARTESIAN_POINT('',(1.104117294494E0,-5.629406711883E0,7.647108764746E0));
#1674=CARTESIAN_POINT('',(1.104117294494E0,-5.722015872421E0,7.577173573026E0));
#1676=CARTESIAN_POINT('',(0.E0,-5.423711727413E0,7.182155045522E0));
#1677=DIRECTION('',(0.E0,7.980172272802E-1,6.026346363793E-1));
#1678=DIRECTION('',(1.E0,0.E0,0.E0));
#1679=AXIS2_PLACEMENT_3D('',#1676,#1677,#1678);
#1681=CARTESIAN_POINT('',(1.104117294494E0,-5.125407582406E0,6.787136518018E0));
#1682=CARTESIAN_POINT('',(1.104117294494E0,-5.033486226848E0,6.856552303528E0));
#1683=CARTESIAN_POINT('',(1.069079208506E0,-4.859536112924E0,6.982355710532E0));
#1684=CARTESIAN_POINT('',(9.137554519027E-1,-4.610529516748E0,
7.148425798210E0));
#1685=CARTESIAN_POINT('',(7.139782439442E-1,-4.437823036501E0,
7.255965374730E0));
#1686=CARTESIAN_POINT('',(5.002059832404E-1,-4.322765170406E0,
7.324766919720E0));
#1687=CARTESIAN_POINT('',(2.949034274845E-1,-4.258259931557E0,
7.362267238311E0));
#1688=CARTESIAN_POINT('',(1.013911158625E-1,-4.228668208709E0,
7.379257290731E0));
#1689=CARTESIAN_POINT('',(-1.010135667715E-1,-4.228641484518E0,
7.379272549596E0));
#1690=CARTESIAN_POINT('',(-2.944887932400E-1,-4.258163720758E0,
7.362322693969E0));
#1691=CARTESIAN_POINT('',(-4.998814680692E-1,-4.322621840579E0,
7.324851368296E0));
#1692=CARTESIAN_POINT('',(-7.137785900366E-1,-4.437675671353E0,
7.256055495186E0));
#1693=CARTESIAN_POINT('',(-9.136916864421E-1,-4.610432459248E0,
7.148489952283E0));
#1694=CARTESIAN_POINT('',(-1.069099064317E0,-4.859561433275E0,
6.982339440801E0));
#1695=CARTESIAN_POINT('',(-1.104117294494E0,-5.033501410111E0,
6.856540837660E0));
#1696=CARTESIAN_POINT('',(-1.104117294494E0,-5.125407582406E0,
6.787136518018E0));
#1698=CARTESIAN_POINT('',(0.E0,-5.423711727413E0,7.182155045522E0));
#1699=DIRECTION('',(0.E0,6.026346363793E-1,-7.980172272802E-1));
#1700=DIRECTION('',(0.E0,7.980172272802E-1,6.026346363793E-1));
#1701=AXIS2_PLACEMENT_3D('',#1698,#1699,#1700);
#1703=CARTESIAN_POINT('',(0.E0,-5.423711727413E0,7.182155045522E0));
#1704=DIRECTION('',(0.E0,6.026346363793E-1,-7.980172272802E-1));
#1705=DIRECTION('',(1.E0,0.E0,0.E0));
#1706=AXIS2_PLACEMENT_3D('',#1703,#1704,#1705);
#1708=CARTESIAN_POINT('',(0.E0,-5.423711727413E0,7.182155045522E0));
#1709=DIRECTION('',(0.E0,-7.980172272802E-1,-6.026346363793E-1));
#1710=DIRECTION('',(-1.E0,0.E0,0.E0));
#1711=AXIS2_PLACEMENT_3D('',#1708,#1709,#1710);
#1713=CARTESIAN_POINT('',(-1.104117294494E0,-5.125407582406E0,
6.787136518018E0));
#1714=CARTESIAN_POINT('',(-1.104117294494E0,-5.217328618929E0,
6.717720973432E0));
#1715=CARTESIAN_POINT('',(-1.069079586288E0,-5.385932891416E0,
6.584839370625E0));
#1716=CARTESIAN_POINT('',(-9.137552170458E-1,-5.613808300277E0,
6.390784796828E0));
#1717=CARTESIAN_POINT('',(-7.139780556464E-1,-5.764505718152E0,
6.254101101284E0));
#1718=CARTESIAN_POINT('',(-5.002055625391E-1,-5.862168004689E0,
6.162263825771E0));
#1719=CARTESIAN_POINT('',(-2.949025066519E-1,-5.915889433721E0,
6.110483510147E0));
#1720=CARTESIAN_POINT('',(-1.013910953717E-1,-5.940328887488E0,
6.086671150203E0));
#1721=CARTESIAN_POINT('',(1.010136596705E-1,-5.940350870767E0,
6.086649628243E0));
#1722=CARTESIAN_POINT('',(2.944880924708E-1,-5.915969071309E0,
6.110406178183E0));
#1723=CARTESIAN_POINT('',(4.998814964984E-1,-5.862288298974E0,
6.162149225426E0));
#1724=CARTESIAN_POINT('',(7.137787094587E-1,-5.764632538228E0,
6.253984199044E0));
#1725=CARTESIAN_POINT('',(9.136916165205E-1,-5.613896360573E0,
6.390709178964E0));
#1726=CARTESIAN_POINT('',(1.069099398406E0,-5.385910353202E0,6.584859236070E0));
#1727=CARTESIAN_POINT('',(1.104117294494E0,-5.217313461357E0,6.717732419899E0));
#1728=CARTESIAN_POINT('',(1.104117294494E0,-5.125407582406E0,6.787136518018E0));
#1730=CARTESIAN_POINT('',(1.104117294494E0,-9.333329581499E0,1.744701671668E0));
#1731=CARTESIAN_POINT('',(1.104117294494E0,-9.354663917449E0,1.630573054692E0));
#1732=CARTESIAN_POINT('',(1.070287238068E0,-9.389551626818E0,1.421003234331E0));
#1733=CARTESIAN_POINT('',(9.551100776918E-1,-9.424557361648E0,
1.162022337543E0));
#1734=CARTESIAN_POINT('',(8.035585175399E-1,-9.446545753492E0,
9.630329995056E-1));
#1735=CARTESIAN_POINT('',(6.353094658769E-1,-9.459983130302E0,
8.176547590493E-1));
#1736=CARTESIAN_POINT('',(4.635875278494E-1,-9.467902528041E0,
7.182324235312E-1));
#1737=CARTESIAN_POINT('',(2.969143209978E-1,-9.472275300866E0,
6.569917120107E-1));
#1738=CARTESIAN_POINT('',(1.480757838940E-1,-9.474323996171E0,
6.263425733250E-1));
#1739=CARTESIAN_POINT('',(-4.463024625368E-4,-9.474995015986E0,
6.160215101844E-1));
#1740=CARTESIAN_POINT('',(-1.489652026420E-1,-9.474315960606E0,
6.264654844966E-1));
#1741=CARTESIAN_POINT('',(-2.977731320463E-1,-9.472258239508E0,
6.572402471692E-1));
#1742=CARTESIAN_POINT('',(-4.643009661994E-1,-9.467876632182E0,
7.185768473716E-1));
#1743=CARTESIAN_POINT('',(-6.358559016913E-1,-9.459948585043E0,
8.180557106036E-1));
#1744=CARTESIAN_POINT('',(-8.039165685315E-1,-9.446505095534E0,
9.634307100919E-1));
#1745=CARTESIAN_POINT('',(-9.552879860016E-1,-9.424515311084E0,
1.162354775149E0));
#1746=CARTESIAN_POINT('',(-1.070315873057E0,-9.389526048590E0,
1.421160269840E0));
#1747=CARTESIAN_POINT('',(-1.104117294494E0,-9.354653704540E0,
1.630627688927E0));
#1748=CARTESIAN_POINT('',(-1.104117294494E0,-9.333329581498E0,
1.744701671668E0));
#1750=CARTESIAN_POINT('',(0.E0,-8.846757897155E0,1.653745660349E0));
#1751=DIRECTION('',(0.E0,-1.837495178166E-1,-9.829730996839E-1));
#1752=DIRECTION('',(-9.124936318132E-1,-4.021253589611E-1,7.517025728852E-2));
#1753=AXIS2_PLACEMENT_3D('',#1750,#1751,#1752);
#1755=CARTESIAN_POINT('',(0.E0,-8.846757897155E0,1.653745660349E0));
#1756=DIRECTION('',(0.E0,-9.829730996839E-1,1.837495178166E-1));
#1757=DIRECTION('',(-1.E0,0.E0,0.E0));
#1758=AXIS2_PLACEMENT_3D('',#1755,#1756,#1757);
#1760=CARTESIAN_POINT('',(0.E0,-8.846757897155E0,1.653745660349E0));
#1761=DIRECTION('',(0.E0,1.837495178166E-1,9.829730996839E-1));
#1762=DIRECTION('',(9.124936318129E-1,-4.021253589618E-1,7.517025728864E-2));
#1763=AXIS2_PLACEMENT_3D('',#1760,#1761,#1762);
#1765=CARTESIAN_POINT('',(0.E0,-8.846757897155E0,1.653745660349E0));
#1766=DIRECTION('',(0.E0,-9.829730996839E-1,1.837495178166E-1));
#1767=DIRECTION('',(0.E0,1.837495178166E-1,9.829730996839E-1));
#1768=AXIS2_PLACEMENT_3D('',#1765,#1766,#1767);
#1770=CARTESIAN_POINT('',(-1.104117294494E0,-9.333329581498E0,
1.744701671668E0));
#1771=CARTESIAN_POINT('',(-1.104117294494E0,-9.311995131141E0,
1.858830900668E0));
#1772=CARTESIAN_POINT('',(-1.070286930505E0,-9.268821338652E0,
2.066853011942E0));
#1773=CARTESIAN_POINT('',(-9.551078633271E-1,-9.207907887822E0,
2.320993317283E0));
#1774=CARTESIAN_POINT('',(-8.035539741601E-1,-9.156527880558E0,
2.514489298775E0));
#1775=CARTESIAN_POINT('',(-6.353024291444E-1,-9.116541076421E0,
2.654904689208E0));
#1776=CARTESIAN_POINT('',(-4.635782732650E-1,-9.088010352433E0,
2.750473390708E0));
#1777=CARTESIAN_POINT('',(-2.969029315879E-1,-9.069965468368E0,
2.809157141211E0));
#1778=CARTESIAN_POINT('',(-1.480640171154E-1,-9.060804566124E0,
2.838475082667E0));
#1779=CARTESIAN_POINT('',(4.583301205387E-4,-9.057702360762E0,
2.848340042557E0));
#1780=CARTESIAN_POINT('',(1.489773846467E-1,-9.060842466405E0,
2.838354408340E0));
#1781=CARTESIAN_POINT('',(2.977850118103E-1,-9.070041341465E0,
2.808912780957E0));
#1782=CARTESIAN_POINT('',(4.643109627156E-1,-9.088113332329E0,
2.750133948059E0));
#1783=CARTESIAN_POINT('',(6.358636447352E-1,-9.116656749787E0,
2.654507887044E0));
#1784=CARTESIAN_POINT('',(8.039216980976E-1,-9.156636495992E0,
2.514093336903E0));
#1785=CARTESIAN_POINT('',(9.552905649528E-1,-9.207990946600E0,
2.320659375138E0));
#1786=CARTESIAN_POINT('',(1.070316341323E0,-9.268855104102E0,2.066693133902E0));
#1787=CARTESIAN_POINT('',(1.104117294494E0,-9.312005620045E0,1.858774789993E0));
#1788=CARTESIAN_POINT('',(1.104117294494E0,-9.333329581499E0,1.744701671668E0));
#1790=CARTESIAN_POINT('',(0.E0,-8.846757897155E0,1.653745660349E0));
#1791=DIRECTION('',(0.E0,1.837495178166E-1,9.829730996839E-1));
#1792=DIRECTION('',(1.E0,0.E0,0.E0));
#1793=AXIS2_PLACEMENT_3D('',#1790,#1791,#1792);
#1795=CARTESIAN_POINT('',(1.104117294494E0,-8.360186212812E0,1.562789649030E0));
#1796=CARTESIAN_POINT('',(1.104117294494E0,-8.339020623670E0,1.676015550315E0));
#1797=CARTESIAN_POINT('',(1.069079208505E0,-8.295223145582E0,1.886174823871E0));
#1798=CARTESIAN_POINT('',(9.137554519024E-1,-8.223085745171E0,
2.176656758630E0));
#1799=CARTESIAN_POINT('',(7.139782439438E-1,-8.167903060428E0,
2.372481068005E0));
#1800=CARTESIAN_POINT('',(5.002059832401E-1,-8.129225572523E0,
2.500840006426E0));
#1801=CARTESIAN_POINT('',(2.949034274843E-1,-8.106819427076E0,
2.572009974669E0));
#1802=CARTESIAN_POINT('',(1.013911158625E-1,-8.096397004316E0,
2.604501589681E0));
#1803=CARTESIAN_POINT('',(-1.010135667714E-1,-8.096387534731E0,
2.604530870090E0));
#1804=CARTESIAN_POINT('',(-2.944887932398E-1,-8.106785686672E0,
2.572115773691E0));
#1805=CARTESIAN_POINT('',(-4.998814680689E-1,-8.129176543141E0,
2.500998975357E0));
#1806=CARTESIAN_POINT('',(-7.137785900363E-1,-8.167854870028E0,
2.372646947083E0));
#1807=CARTESIAN_POINT('',(-9.136916864418E-1,-8.223057239132E0,
2.176769556277E0));
#1808=CARTESIAN_POINT('',(-1.069099064317E0,-8.295230896701E0,
1.886145742184E0));
#1809=CARTESIAN_POINT('',(-1.104117294494E0,-8.339024119731E0,
1.675996848038E0));
#1810=CARTESIAN_POINT('',(-1.104117294494E0,-8.360186212812E0,
1.562789649030E0));
#1812=CARTESIAN_POINT('',(0.E0,-8.846757897155E0,1.653745660349E0));
#1813=DIRECTION('',(0.E0,9.829730996839E-1,-1.837495178166E-1));
#1814=DIRECTION('',(0.E0,1.837495178166E-1,9.829730996839E-1));
#1815=AXIS2_PLACEMENT_3D('',#1812,#1813,#1814);
#1817=CARTESIAN_POINT('',(0.E0,-8.846757897155E0,1.653745660349E0));
#1818=DIRECTION('',(0.E0,9.829730996839E-1,-1.837495178166E-1));
#1819=DIRECTION('',(1.E0,0.E0,0.E0));
#1820=AXIS2_PLACEMENT_3D('',#1817,#1818,#1819);
#1822=CARTESIAN_POINT('',(0.E0,-8.846757897155E0,1.653745660349E0));
#1823=DIRECTION('',(0.E0,-1.837495178166E-1,-9.829730996839E-1));
#1824=DIRECTION('',(-1.E0,0.E0,0.E0));
#1825=AXIS2_PLACEMENT_3D('',#1822,#1823,#1824);
#1827=CARTESIAN_POINT('',(-1.104117294494E0,-8.360186212812E0,
1.562789649030E0));
#1828=CARTESIAN_POINT('',(-1.104117294494E0,-8.381351728494E0,
1.449564140722E0));
#1829=CARTESIAN_POINT('',(-1.069079586288E0,-8.416430032411E0,
1.237775487439E0));
#1830=CARTESIAN_POINT('',(-9.137552170461E-1,-8.454098270578E0,
9.408487567310E-1));
#1831=CARTESIAN_POINT('',(-7.139780556467E-1,-8.473381795944E0,
7.383140929537E-1));
#1832=CARTESIAN_POINT('',(-5.002055625393E-1,-8.483684724134E0,
6.046508704275E-1));
#1833=CARTESIAN_POINT('',(-2.949025066520E-1,-8.488501166171E0,
5.301928627356E-1));
#1834=CARTESIAN_POINT('',(-1.013910953717E-1,-8.490519857278E0,
4.961305628608E-1));
#1835=CARTESIAN_POINT('',(1.010136596705E-1,-8.490521603866E0,
4.960998479014E-1));
#1836=CARTESIAN_POINT('',(2.944880924710E-1,-8.488507920852E0,
5.300820622284E-1));
#1837=CARTESIAN_POINT('',(4.998814964987E-1,-8.483696416929E0,
6.044851380153E-1));
#1838=CARTESIAN_POINT('',(7.137787094590E-1,-8.473396760581E0,
7.381422630235E-1));
#1839=CARTESIAN_POINT('',(9.136916165209E-1,-8.454112404496E0,
9.407335486168E-1));
#1840=CARTESIAN_POINT('',(1.069099398406E0,-8.416426759734E0,1.237805352076E0));
#1841=CARTESIAN_POINT('',(1.104117294494E0,-8.381348238348E0,1.449582811353E0));
#1842=CARTESIAN_POINT('',(1.104117294494E0,-8.360186212812E0,1.562789649030E0));
#1844=CARTESIAN_POINT('',(1.104117294494E0,-8.072811703753E0,
-4.998473386521E0));
#1845=CARTESIAN_POINT('',(1.104117294494E0,-8.011690016190E0,
-5.097188301366E0));
#1846=CARTESIAN_POINT('',(1.070287238068E0,-7.896286069498E0,
-5.275565965211E0));
#1847=CARTESIAN_POINT('',(9.551100776918E-1,-7.747681317738E0,
-5.490538368385E0));
#1848=CARTESIAN_POINT('',(8.035585175401E-1,-7.629872685218E0,
-5.652406747422E0));
#1849=CARTESIAN_POINT('',(6.353094658771E-1,-7.541862339229E0,
-5.768895265709E0));
#1850=CARTESIAN_POINT('',(4.635875278497E-1,-7.480734450457E0,
-5.847704521984E0));
#1851=CARTESIAN_POINT('',(2.969143209982E-1,-7.442708368003E0,
-5.895907871898E0));
#1852=CARTESIAN_POINT('',(1.480757838944E-1,-7.423574180888E0,
-5.919938055794E0));
#1853=CARTESIAN_POINT('',(-4.463024621667E-4,-7.417116815239E0,
-5.928017476616E0));
#1854=CARTESIAN_POINT('',(-1.489652026416E-1,-7.423651047254E0,
-5.919841809817E0));
#1855=CARTESIAN_POINT('',(-2.977731320459E-1,-7.442863196561E0,
-5.895712708038E0));
#1856=CARTESIAN_POINT('',(-4.643009661990E-1,-7.480947350027E0,
-5.847432543768E0));
#1857=CARTESIAN_POINT('',(-6.358559016909E-1,-7.542106929290E0,
-5.768575685945E0));
#1858=CARTESIAN_POINT('',(-8.039165685311E-1,-7.630110574514E0,
-5.652085444664E0));
#1859=CARTESIAN_POINT('',(-9.552879860012E-1,-7.747874203764E0,
-5.490264364748E0));
#1860=CARTESIAN_POINT('',(-1.070315873056E0,-7.896372961098E0,
-5.275432682630E0));
#1861=CARTESIAN_POINT('',(-1.104117294494E0,-8.011719275606E0,
-5.097141045787E0));
#1862=CARTESIAN_POINT('',(-1.104117294494E0,-8.072811703752E0,
-4.998473386521E0));
#1864=CARTESIAN_POINT('',(0.E0,-7.651954221566E0,-4.737889465896E0));
#1865=DIRECTION('',(0.E0,5.264321628774E-1,-8.502171357296E-1));
#1866=DIRECTION('',(-9.124936318129E-1,-3.478161009803E-1,-2.153586120862E-1));
#1867=AXIS2_PLACEMENT_3D('',#1864,#1865,#1866);
#1869=CARTESIAN_POINT('',(0.E0,-7.651954221566E0,-4.737889465896E0));
#1870=DIRECTION('',(0.E0,-8.502171357296E-1,-5.264321628774E-1));
#1871=DIRECTION('',(-1.E0,0.E0,0.E0));
#1872=AXIS2_PLACEMENT_3D('',#1869,#1870,#1871);
#1874=CARTESIAN_POINT('',(0.E0,-7.651954221566E0,-4.737889465896E0));
#1875=DIRECTION('',(0.E0,-5.264321628774E-1,8.502171357296E-1));
#1876=DIRECTION('',(9.124936318127E-1,-3.478161009808E-1,-2.153586120865E-1));
#1877=AXIS2_PLACEMENT_3D('',#1874,#1875,#1876);
#1879=CARTESIAN_POINT('',(0.E0,-7.651954221566E0,-4.737889465896E0));
#1880=DIRECTION('',(0.E0,-8.502171357296E-1,-5.264321628774E-1));
#1881=DIRECTION('',(0.E0,-5.264321628774E-1,8.502171357296E-1));
#1882=AXIS2_PLACEMENT_3D('',#1879,#1880,#1881);
#1884=CARTESIAN_POINT('',(-1.104117294494E0,-8.072811703752E0,
-4.998473386521E0));
#1885=CARTESIAN_POINT('',(-1.104117294494E0,-8.133933719084E0,
-4.899757942309E0));
#1886=CARTESIAN_POINT('',(-1.070286930505E0,-8.242171491592E0,
-4.716941751179E0));
#1887=CARTESIAN_POINT('',(-9.551078633272E-1,-8.368369124833E0,
-4.488092672843E0));
#1888=CARTESIAN_POINT('',(-8.035539741603E-1,-8.460756241092E0,
-4.310482930010E0));
#1889=CARTESIAN_POINT('',(-6.353024291447E-1,-8.525802873100E0,
-4.179775768614E0));
#1890=CARTESIAN_POINT('',(-4.635782732653E-1,-8.569102631527E0,
-4.089928621537E0));
#1891=CARTESIAN_POINT('',(-2.969029315882E-1,-8.595302288359E0,
-4.034404046835E0));
#1892=CARTESIAN_POINT('',(-1.480640171157E-1,-8.608283669351E0,
-4.006566166731E0));
#1893=CARTESIAN_POINT('',(4.583301202723E-4,-8.612637092428E0,
-3.997185931166E0));
#1894=CARTESIAN_POINT('',(1.489773846464E-1,-8.608230380228E0,
-4.006680879389E0));
#1895=CARTESIAN_POINT('',(2.977850118101E-1,-8.595193734816E0,
-4.034635746617E0));
#1896=CARTESIAN_POINT('',(4.643109627153E-1,-8.568950053554E0,
-4.090248849790E0));
#1897=CARTESIAN_POINT('',(6.358636447350E-1,-8.525621032859E0,
-4.180146937594E0));
#1898=CARTESIAN_POINT('',(8.039216980974E-1,-8.460569751079E0,
-4.310848723109E0));
#1899=CARTESIAN_POINT('',(9.552905649526E-1,-8.368205530643E0,
-4.488395415402E0));
#1900=CARTESIAN_POINT('',(1.070316341323E0,-8.242088735422E0,
-4.717082650112E0));
#1901=CARTESIAN_POINT('',(1.104117294494E0,-8.133903668961E0,
-4.899806474926E0));
#1902=CARTESIAN_POINT('',(1.104117294494E0,-8.072811703753E0,
-4.998473386521E0));
#1904=CARTESIAN_POINT('',(0.E0,-7.651954221566E0,-4.737889465896E0));
#1905=DIRECTION('',(0.E0,-5.264321628774E-1,8.502171357296E-1));
#1906=DIRECTION('',(1.E0,0.E0,0.E0));
#1907=AXIS2_PLACEMENT_3D('',#1904,#1905,#1906);
#1909=CARTESIAN_POINT('',(1.104117294494E0,-7.231096739380E0,
-4.477305545272E0));
#1910=CARTESIAN_POINT('',(1.104117294494E0,-7.291734976710E0,
-4.379371429362E0));
#1911=CARTESIAN_POINT('',(1.069079208505E0,-7.400951636918E0,
-4.194555681978E0));
#1912=CARTESIAN_POINT('',(9.137554519025E-1,-7.543337868754E0,
-3.931288289497E0));
#1913=CARTESIAN_POINT('',(7.139782439440E-1,-7.634483356799E0,
-3.749396044345E0));
#1914=CARTESIAN_POINT('',(5.002059832402E-1,-7.692375205979E0,
-3.628480789138E0));
#1915=CARTESIAN_POINT('',(2.949034274843E-1,-7.723763762257E0,
-3.560790625390E0));
#1916=CARTESIAN_POINT('',(1.013911158625E-1,-7.737950958387E0,
-3.529757491351E0));
#1917=CARTESIAN_POINT('',(-1.010135667714E-1,-7.737963686364E0,
-3.529729473249E0));
#1918=CARTESIAN_POINT('',(-2.944887932399E-1,-7.723810104138E0,
-3.560689708206E0));
#1919=CARTESIAN_POINT('',(-4.998814680690E-1,-7.692446069505E0,
-3.628330278799E0));
#1920=CARTESIAN_POINT('',(-7.137785900364E-1,-7.634559495676E0,
-3.749240992564E0));
#1921=CARTESIAN_POINT('',(-9.136916864419E-1,-7.543392793821E0,
-3.931185726637E0));
#1922=CARTESIAN_POINT('',(-1.069099064317E0,-7.400937772858E0,
-4.194582395498E0));
#1923=CARTESIAN_POINT('',(-1.104117294494E0,-7.291724960688E0,
-4.379387605793E0));
#1924=CARTESIAN_POINT('',(-1.104117294494E0,-7.231096739380E0,
-4.477305545272E0));
#1926=CARTESIAN_POINT('',(0.E0,-7.651954221566E0,-4.737889465896E0));
#1927=DIRECTION('',(0.E0,8.502171357296E-1,5.264321628774E-1));
#1928=DIRECTION('',(0.E0,-5.264321628774E-1,8.502171357296E-1));
#1929=AXIS2_PLACEMENT_3D('',#1926,#1927,#1928);
#1931=CARTESIAN_POINT('',(0.E0,-7.651954221566E0,-4.737889465896E0));
#1932=DIRECTION('',(0.E0,8.502171357296E-1,5.264321628774E-1));
#1933=DIRECTION('',(1.E0,0.E0,0.E0));
#1934=AXIS2_PLACEMENT_3D('',#1931,#1932,#1933);
#1936=CARTESIAN_POINT('',(0.E0,-7.651954221566E0,-4.737889465896E0));
#1937=DIRECTION('',(0.E0,5.264321628774E-1,-8.502171357296E-1));
#1938=DIRECTION('',(-1.E0,0.E0,0.E0));
#1939=AXIS2_PLACEMENT_3D('',#1936,#1937,#1938);
#1941=CARTESIAN_POINT('',(-1.104117294494E0,-7.231096739380E0,
-4.477305545272E0));
#1942=CARTESIAN_POINT('',(-1.104117294494E0,-7.170458712510E0,
-4.575239321279E0));
#1943=CARTESIAN_POINT('',(-1.069079586288E0,-7.053700798815E0,
-4.755385125157E0));
#1944=CARTESIAN_POINT('',(-9.137552170461E-1,-6.881499717756E0,
-5.000193554868E0));
#1945=CARTESIAN_POINT('',(-7.139780556466E-1,-6.759303694284E0,
-5.162859704479E0));
#1946=CARTESIAN_POINT('',(-5.002055625392E-1,-6.676869319357E0,
-5.268579055669E0));
#1947=CARTESIAN_POINT('',(-2.949025066519E-1,-6.630266677556E0,
-5.326849003330E0));
#1948=CARTESIAN_POINT('',(-1.013910953717E-1,-6.608810885246E0,
-5.353381330083E0));
#1949=CARTESIAN_POINT('',(1.010136596705E-1,-6.608791483457E0,
-5.353405205381E0));
#1950=CARTESIAN_POINT('',(2.944880924709E-1,-6.630197023506E0,
-5.326935436492E0));
#1951=CARTESIAN_POINT('',(4.998814964986E-1,-6.676766307233E0,
-5.268709410785E0));
#1952=CARTESIAN_POINT('',(7.137787094589E-1,-6.759198992208E0,
-5.162996769941E0));
#1953=CARTESIAN_POINT('',(9.136916165208E-1,-6.881432547643E0,
-5.000288216651E0));
#1954=CARTESIAN_POINT('',(1.069099398407E0,-7.053718499953E0,
-4.755360850136E0));
#1955=CARTESIAN_POINT('',(1.104117294494E0,-7.170468711584E0,
-4.575223172220E0));
#1956=CARTESIAN_POINT('',(1.104117294494E0,-7.231096739380E0,
-4.477305545272E0));
#1958=CARTESIAN_POINT('',(1.104117294494E0,-2.598430090734E0,
-9.132534481926E0));
#1959=CARTESIAN_POINT('',(1.104117294494E0,-2.486756810496E0,
-9.164308269616E0));
#1960=CARTESIAN_POINT('',(1.070287238068E0,-2.281300009751E0,
-9.218383817685E0));
#1961=CARTESIAN_POINT('',(9.551100776917E-1,-2.026653801537E0,
-9.277135966701E0));
#1962=CARTESIAN_POINT('',(8.035585175398E-1,-1.830542149778E0,
-9.317390979713E0));
#1963=CARTESIAN_POINT('',(6.353094658769E-1,-1.687023911980E0,
-9.344184846791E0));
#1964=CARTESIAN_POINT('',(4.635875278494E-1,-1.588756404454E0,
-9.361243997567E0));
#1965=CARTESIAN_POINT('',(2.969143209979E-1,-1.528180403588E0,
-9.371248696899E0));
#1966=CARTESIAN_POINT('',(1.480757838941E-1,-1.497851038479E0,
-9.376116598577E0));
#1967=CARTESIAN_POINT('',(-4.463024623979E-4,-1.487635917072E0,
-9.377737063503E0));
#1968=CARTESIAN_POINT('',(-1.489652026418E-1,-1.497972683905E0,
-9.376097256478E0));
#1969=CARTESIAN_POINT('',(-2.977731320461E-1,-1.528426304316E0,
-9.371208776391E0));
#1970=CARTESIAN_POINT('',(-4.643009661992E-1,-1.589096969675E0,
-9.361186432753E0));
#1971=CARTESIAN_POINT('',(-6.358559016910E-1,-1.687419965711E0,
-9.344113453754E0));
#1972=CARTESIAN_POINT('',(-8.039165685312E-1,-1.830934412358E0,
-9.317313799092E0));
#1973=CARTESIAN_POINT('',(-9.552879860013E-1,-2.026980941087E0,
-9.277063422045E0));
#1974=CARTESIAN_POINT('',(-1.070315873056E0,-2.281454015314E0,
-9.218343859161E0));
#1975=CARTESIAN_POINT('',(-1.104117294494E0,-2.486810269343E0,
-9.164293059263E0));
#1976=CARTESIAN_POINT('',(-1.104117294494E0,-2.598430090734E0,
-9.132534481926E0));
#1978=CARTESIAN_POINT('',(0.E0,-2.462966910649E0,-8.656430788555E0));
#1979=DIRECTION('',(0.E0,9.618256431728E-1,-2.736629900721E-1));
#1980=DIRECTION('',(-9.124936318129E-1,-1.119530413932E-1,-3.934741267526E-1));
#1981=AXIS2_PLACEMENT_3D('',#1978,#1979,#1980);
#1983=CARTESIAN_POINT('',(0.E0,-2.462966910649E0,-8.656430788555E0));
#1984=DIRECTION('',(0.E0,-2.736629900721E-1,-9.618256431728E-1));
#1985=DIRECTION('',(-1.E0,0.E0,0.E0));
#1986=AXIS2_PLACEMENT_3D('',#1983,#1984,#1985);
#1988=CARTESIAN_POINT('',(0.E0,-2.462966910649E0,-8.656430788555E0));
#1989=DIRECTION('',(0.E0,-9.618256431728E-1,2.736629900721E-1));
#1990=DIRECTION('',(9.124936318129E-1,-1.119530413932E-1,-3.934741267526E-1));
#1991=AXIS2_PLACEMENT_3D('',#1988,#1989,#1990);
#1993=CARTESIAN_POINT('',(0.E0,-2.462966910649E0,-8.656430788555E0));
#1994=DIRECTION('',(0.E0,-2.736629900721E-1,-9.618256431728E-1));
#1995=DIRECTION('',(0.E0,-9.618256431728E-1,2.736629900721E-1));
#1996=AXIS2_PLACEMENT_3D('',#1993,#1994,#1995);
#1998=CARTESIAN_POINT('',(-1.104117294494E0,-2.598430090734E0,
-9.132534481926E0));
#1999=CARTESIAN_POINT('',(-1.104117294494E0,-2.710103969830E0,
-9.100760523846E0));
#2000=CARTESIAN_POINT('',(-1.070286930505E0,-2.913255120445E0,
-9.038577044205E0));
#2001=CARTESIAN_POINT('',(-9.551078633272E-1,-3.160690923870E0,
-8.954474330370E0));
#2002=CARTESIAN_POINT('',(-8.035539741603E-1,-3.348620736637E0,
-8.885459944384E0));
#2003=CARTESIAN_POINT('',(-6.353024291445E-1,-3.484747622952E0,
-8.832687819185E0));
#2004=CARTESIAN_POINT('',(-4.635782732650E-1,-3.577276162123E0,
-8.795460834932E0));
#2005=CARTESIAN_POINT('',(-2.969029315878E-1,-3.634044606242E0,
-8.772078273775E0));
#2006=CARTESIAN_POINT('',(-1.480640171152E-1,-3.662392221108E0,
-8.760251331964E0));
#2007=CARTESIAN_POINT('',(4.583301207576E-4,-3.671928863418E0,
-8.756252136399E0));
#2008=CARTESIAN_POINT('',(1.489773846469E-1,-3.662275558553E0,
-8.760300204992E0));
#2009=CARTESIAN_POINT('',(2.977850118106E-1,-3.633808289072E0,
-8.772176369931E0));
#2010=CARTESIAN_POINT('',(4.643109627159E-1,-3.576947669262E0,
-8.795594695350E0));
#2011=CARTESIAN_POINT('',(6.358636447355E-1,-3.484363186467E0,
-8.832839611393E0));
#2012=CARTESIAN_POINT('',(8.039216980978E-1,-3.348236485638E0,
-8.885604631236E0));
#2013=CARTESIAN_POINT('',(9.552905649530E-1,-3.160366069960E0,
-8.954587847127E0));
#2014=CARTESIAN_POINT('',(1.070316341323E0,-2.913099039899E0,
-9.038625417302E0));
#2015=CARTESIAN_POINT('',(1.104117294494E0,-2.710049066307E0,
-9.100776145245E0));
#2016=CARTESIAN_POINT('',(1.104117294494E0,-2.598430090734E0,
-9.132534481926E0));
#2018=CARTESIAN_POINT('',(0.E0,-2.462966910649E0,-8.656430788555E0));
#2019=DIRECTION('',(0.E0,-9.618256431728E-1,2.736629900721E-1));
#2020=DIRECTION('',(1.E0,0.E0,0.E0));
#2021=AXIS2_PLACEMENT_3D('',#2018,#2019,#2020);
#2023=CARTESIAN_POINT('',(1.104117294494E0,-2.327503730563E0,
-8.180327095185E0));
#2024=CARTESIAN_POINT('',(1.104117294494E0,-2.438293715927E0,
-8.148804626555E0));
#2025=CARTESIAN_POINT('',(1.069079208505E0,-2.643515365620E0,
-8.085802929390E0));
#2026=CARTESIAN_POINT('',(9.137554519026E-1,-2.926102156065E0,
-7.987170962837E0));
#2027=CARTESIAN_POINT('',(7.139782439440E-1,-3.115999497666E0,
-7.914155289930E0));
#2028=CARTESIAN_POINT('',(5.002059832403E-1,-3.240242171128E0,
-7.863799324699E0));
#2029=CARTESIAN_POINT('',(2.949034274844E-1,-3.309041162551E0,
-7.834922023706E0));
#2030=CARTESIAN_POINT('',(1.013911158625E-1,-3.340432514212E0,
-7.821546113151E0));
#2031=CARTESIAN_POINT('',(-1.010135667714E-1,-3.340460795974E0,
-7.821533982306E0));
#2032=CARTESIAN_POINT('',(-2.944887932399E-1,-3.309143397082E0,
-7.834878665331E0));
#2033=CARTESIAN_POINT('',(-4.998814680691E-1,-3.240395938065E0,
-7.863735836665E0));
#2034=CARTESIAN_POINT('',(-7.137785900365E-1,-3.116160222685E0,
-7.914091999711E0));
#2035=CARTESIAN_POINT('',(-9.136916864420E-1,-2.926211842331E0,
-7.987132170747E0));
#2036=CARTESIAN_POINT('',(-1.069099064317E0,-2.643487123174E0,
-8.085813330764E0));
#2037=CARTESIAN_POINT('',(-1.104117294494E0,-2.438275416007E0,
-8.148809833331E0));
#2038=CARTESIAN_POINT('',(-1.104117294494E0,-2.327503730563E0,
-8.180327095185E0));
#2040=CARTESIAN_POINT('',(0.E0,-2.462966910649E0,-8.656430788555E0));
#2041=DIRECTION('',(0.E0,2.736629900721E-1,9.618256431728E-1));
#2042=DIRECTION('',(0.E0,-9.618256431728E-1,2.736629900721E-1));
#2043=AXIS2_PLACEMENT_3D('',#2040,#2041,#2042);
#2045=CARTESIAN_POINT('',(0.E0,-2.462966910649E0,-8.656430788555E0));
#2046=DIRECTION('',(0.E0,2.736629900721E-1,9.618256431728E-1));
#2047=DIRECTION('',(1.E0,0.E0,0.E0));
#2048=AXIS2_PLACEMENT_3D('',#2045,#2046,#2047);
#2050=CARTESIAN_POINT('',(0.E0,-2.462966910649E0,-8.656430788555E0));
#2051=DIRECTION('',(0.E0,9.618256431728E-1,-2.736629900721E-1));
#2052=DIRECTION('',(-1.E0,0.E0,0.E0));
#2053=AXIS2_PLACEMENT_3D('',#2050,#2051,#2052);
#2055=CARTESIAN_POINT('',(-1.104117294494E0,-2.327503730563E0,
-8.180327095185E0));
#2056=CARTESIAN_POINT('',(-1.104117294494E0,-2.216714129722E0,
-8.211849454409E0));
#2057=CARTESIAN_POINT('',(-1.069079586288E0,-2.009065547051E0,
-8.266319512058E0));
#2058=CARTESIAN_POINT('',(-9.137552170459E-1,-1.716881039970E0,
-8.331224006484E0));
#2059=CARTESIAN_POINT('',(-7.139780556465E-1,-1.516989612612E0,
-8.369112812892E0));
#2060=CARTESIAN_POINT('',(-5.002055625392E-1,-1.384847208111E0,
-8.391704676870E0));
#2061=CARTESIAN_POINT('',(-2.949025066519E-1,-1.311151230359E0,
-8.403370691033E0));
#2062=CARTESIAN_POINT('',(-1.013910953717E-1,-1.277420495567E0,
-8.408523643288E0));
#2063=CARTESIAN_POINT('',(1.010136596705E-1,-1.277390072787E0,
-8.408528216445E0));
#2064=CARTESIAN_POINT('',(2.944880924709E-1,-1.311041525750E0,
-8.403387640281E0));
#2065=CARTESIAN_POINT('',(4.998814964985E-1,-1.384683261559E0,
-8.391731611643E0));
#2066=CARTESIAN_POINT('',(7.137787094588E-1,-1.516819896441E0,
-8.369143568159E0));
#2067=CARTESIAN_POINT('',(9.136916165207E-1,-1.716767627426E0,
-8.331248710174E0));
#2068=CARTESIAN_POINT('',(1.069099398406E0,-2.009094982326E0,
-8.266313497780E0));
#2069=CARTESIAN_POINT('',(1.104117294494E0,-2.216732398677E0,
-8.211844256443E0));
#2070=CARTESIAN_POINT('',(1.104117294494E0,-2.327503730563E0,
-8.180327095185E0));
#2072=CARTESIAN_POINT('',(1.104117294494E0,8.853823818194E0,-3.429989620447E0));
#2073=CARTESIAN_POINT('',(1.104117294494E0,8.895765974871E0,-3.321724433998E0));
#2074=CARTESIAN_POINT('',(1.070287238068E0,8.968568008131E0,-3.122133537853E0));
#2075=CARTESIAN_POINT('',(9.551100776921E-1,9.050565318712E0,
-2.873994569874E0));
#2076=CARTESIAN_POINT('',(8.035585175402E-1,9.108743511315E0,
-2.682433759858E0));
#2077=CARTESIAN_POINT('',(6.353094658772E-1,9.148665272835E0,
-2.541999971720E0));
#2078=CARTESIAN_POINT('',(4.635875278497E-1,9.174718633989E0,
-2.445725675914E0));
#2079=CARTESIAN_POINT('',(2.969143209981E-1,9.190269903260E0,
-2.386331198782E0));
#2080=CARTESIAN_POINT('',(1.480757838943E-1,9.197915480090E0,
-2.356580366700E0));
#2081=CARTESIAN_POINT('',(-4.463024622754E-4,9.200471564892E0,
-2.346558338840E0));
#2082=CARTESIAN_POINT('',(-1.489652026418E-1,9.197884996476E0,
-2.356699708544E0));
#2083=CARTESIAN_POINT('',(-2.977731320460E-1,9.190207464189E0,
-2.386572367140E0));
#2084=CARTESIAN_POINT('',(-4.643009661991E-1,9.174629891342E0,
-2.446059476932E0));
#2085=CARTESIAN_POINT('',(-6.358559016910E-1,9.148557641120E0,
-2.542387748637E0));
#2086=CARTESIAN_POINT('',(-8.039165685312E-1,9.108630466508E0,
-2.682817227786E0));
#2087=CARTESIAN_POINT('',(-9.552879860014E-1,9.050462898889E0,
-2.874313620327E0));
#2088=CARTESIAN_POINT('',(-1.070315873056E0,8.968514010222E0,
-3.122283199546E0));
#2089=CARTESIAN_POINT('',(-1.104117294494E0,8.895745896842E0,
-3.321776261365E0));
#2090=CARTESIAN_POINT('',(-1.104117294494E0,8.853823818194E0,
-3.429989620446E0));
#2092=CARTESIAN_POINT('',(0.E0,8.392250064639E0,-3.251174995684E0));
#2093=DIRECTION('',(0.E0,3.612416661871E-1,9.324722294044E-1));
#2094=DIRECTION('',(-9.124936318131E-1,3.814659120287E-1,-1.477806816219E-1));
#2095=AXIS2_PLACEMENT_3D('',#2092,#2093,#2094);
#2097=CARTESIAN_POINT('',(0.E0,8.392250064639E0,-3.251174995684E0));
#2098=DIRECTION('',(0.E0,9.324722294044E-1,-3.612416661871E-1));
#2099=DIRECTION('',(-1.E0,0.E0,0.E0));
#2100=AXIS2_PLACEMENT_3D('',#2097,#2098,#2099);
#2102=CARTESIAN_POINT('',(0.E0,8.392250064639E0,-3.251174995684E0));
#2103=DIRECTION('',(0.E0,-3.612416661871E-1,-9.324722294044E-1));
#2104=DIRECTION('',(9.124936318130E-1,3.814659120290E-1,-1.477806816220E-1));
#2105=AXIS2_PLACEMENT_3D('',#2102,#2103,#2104);
#2107=CARTESIAN_POINT('',(0.E0,8.392250064639E0,-3.251174995684E0));
#2108=DIRECTION('',(0.E0,9.324722294044E-1,-3.612416661871E-1));
#2109=DIRECTION('',(0.E0,-3.612416661871E-1,-9.324722294044E-1));
#2110=AXIS2_PLACEMENT_3D('',#2107,#2108,#2109);
#2112=CARTESIAN_POINT('',(-1.104117294494E0,8.853823818194E0,
-3.429989620446E0));
#2113=CARTESIAN_POINT('',(-1.104117294494E0,8.811881436599E0,
-3.538255387475E0));
#2114=CARTESIAN_POINT('',(-1.070286930505E0,8.731218797329E0,
-3.734802363445E0));
#2115=CARTESIAN_POINT('',(-9.551078633272E-1,8.624644355190E0,
-3.973422629922E0));
#2116=CARTESIAN_POINT('',(-8.035539741603E-1,8.538584396889E0,
-4.154182923065E0));
#2117=CARTESIAN_POINT('',(-6.353024291447E-1,8.473477183795E0,
-4.284859918663E0));
#2118=CARTESIAN_POINT('',(-4.635782732653E-1,8.427871546780E0,
-4.373558874634E0));
#2119=CARTESIAN_POINT('',(-2.969029315882E-1,8.399350800299E0,
-4.427927684020E0));
#2120=CARTESIAN_POINT('',(-1.480640171157E-1,8.384958722218E0,
-4.455063120440E0));
#2121=CARTESIAN_POINT('',(4.583301202593E-4,8.380096656175E0,
-4.464190081902E0));
#2122=CARTESIAN_POINT('',(1.489773846464E-1,8.385018151025E0,
-4.454951464981E0));
#2123=CARTESIAN_POINT('',(2.977850118100E-1,8.399470282591E0,
-4.427701426109E0));
#2124=CARTESIAN_POINT('',(4.643109627152E-1,8.428035145671E0,
-4.373244134147E0));
#2125=CARTESIAN_POINT('',(6.358636447348E-1,8.473663799807E0,
-4.284491127735E0));
#2126=CARTESIAN_POINT('',(8.039216980972E-1,8.538763920743E0,
-4.153813661231E0));
#2127=CARTESIAN_POINT('',(9.552905649525E-1,8.624787361442E0,
-3.973109635787E0));
#2128=CARTESIAN_POINT('',(1.070316341323E0,8.731281365371E0,-3.734651412019E0));
#2129=CARTESIAN_POINT('',(1.104117294494E0,8.811902057218E0,-3.538202159522E0));
#2130=CARTESIAN_POINT('',(1.104117294494E0,8.853823818194E0,-3.429989620447E0));
#2132=CARTESIAN_POINT('',(0.E0,8.392250064639E0,-3.251174995684E0));
#2133=DIRECTION('',(0.E0,-3.612416661871E-1,-9.324722294044E-1));
#2134=DIRECTION('',(1.E0,0.E0,0.E0));
#2135=AXIS2_PLACEMENT_3D('',#2132,#2133,#2134);
#2137=CARTESIAN_POINT('',(1.104117294494E0,7.930676311084E0,-3.072360370922E0));
#2138=CARTESIAN_POINT('',(1.104117294494E0,7.889065901553E0,-3.179769219273E0));
#2139=CARTESIAN_POINT('',(1.069079208505E0,7.807397493578E0,-3.378302366348E0));
#2140=CARTESIAN_POINT('',(9.137554519023E-1,7.683112454046E0,
-3.650583081618E0));
#2141=CARTESIAN_POINT('',(7.139782439437E-1,7.592886736951E0,
-3.832933318284E0));
#2142=CARTESIAN_POINT('',(5.002059832400E-1,7.531281913735E0,
-3.951999732103E0));
#2143=CARTESIAN_POINT('',(2.949034274843E-1,7.496179828146E0,
-4.017840777969E0));
#2144=CARTESIAN_POINT('',(1.013911158625E-1,7.479964548348E0,
-4.047864046335E0));
#2145=CARTESIAN_POINT('',(-1.010135667714E-1,7.479949859740E0,
-4.047891088158E0));
#2146=CARTESIAN_POINT('',(-2.944887932398E-1,7.496127221717E0,
-4.017938575779E0));
#2147=CARTESIAN_POINT('',(-4.998814680688E-1,7.531204508707E0,
-3.952146985161E0));
#2148=CARTESIAN_POINT('',(-7.137785900362E-1,7.592808886884E0,
-3.833087517993E0));
#2149=CARTESIAN_POINT('',(-9.136916864416E-1,7.683063706864E0,
-3.650688720700E0));
#2150=CARTESIAN_POINT('',(-1.069099064317E0,7.807410456466E0,
-3.378275204096E0));
#2151=CARTESIAN_POINT('',(-1.104117294494E0,7.889072774622E0,
-3.179751477837E0));
#2152=CARTESIAN_POINT('',(-1.104117294494E0,7.930676311084E0,
-3.072360370922E0));
#2154=CARTESIAN_POINT('',(0.E0,8.392250064639E0,-3.251174995684E0));
#2155=DIRECTION('',(0.E0,-9.324722294044E-1,3.612416661871E-1));
#2156=DIRECTION('',(0.E0,-3.612416661871E-1,-9.324722294044E-1));
#2157=AXIS2_PLACEMENT_3D('',#2154,#2155,#2156);
#2159=CARTESIAN_POINT('',(0.E0,8.392250064639E0,-3.251174995684E0));
#2160=DIRECTION('',(0.E0,-9.324722294044E-1,3.612416661871E-1));
#2161=DIRECTION('',(1.E0,0.E0,0.E0));
#2162=AXIS2_PLACEMENT_3D('',#2159,#2160,#2161);
#2164=CARTESIAN_POINT('',(0.E0,8.392250064639E0,-3.251174995684E0));
#2165=DIRECTION('',(0.E0,3.612416661871E-1,9.324722294044E-1));
#2166=DIRECTION('',(-1.E0,0.E0,0.E0));
#2167=AXIS2_PLACEMENT_3D('',#2164,#2165,#2166);
#2169=CARTESIAN_POINT('',(-1.104117294494E0,7.930676311084E0,
-3.072360370922E0));
#2170=CARTESIAN_POINT('',(-1.104117294494E0,7.972286576196E0,
-2.964951895358E0));
#2171=CARTESIAN_POINT('',(-1.069079586288E0,8.045683668249E0,
-2.763214967793E0));
#2172=CARTESIAN_POINT('',(-9.137552170463E-1,8.137270676674E0,
-2.478265499530E0));
#2173=CARTESIAN_POINT('',(-7.139780556468E-1,8.193441510187E0,
-2.282722711771E0));
#2174=CARTESIAN_POINT('',(-5.002055625394E-1,8.228129564134E0,
-2.153228517698E0));
#2175=CARTESIAN_POINT('',(-2.949025066520E-1,8.246545620104E0,
-2.080923317983E0));
#2176=CARTESIAN_POINT('',(-1.013910953717E-1,8.254788870336E0,
-2.047811927010E0));
#2177=CARTESIAN_POINT('',(1.010136596706E-1,8.254796231045E0,
-2.047782055966E0));
#2178=CARTESIAN_POINT('',(2.944880924710E-1,8.246572619314E0,
-2.080815645234E0));
#2179=CARTESIAN_POINT('',(4.998814964988E-1,8.228171511089E0,
-2.153067755740E0));
#2180=CARTESIAN_POINT('',(7.137787094591E-1,8.193487793690E0,
-2.282556557317E0));
#2181=CARTESIAN_POINT('',(9.136916165210E-1,8.137305739371E0,
-2.478154850154E0));
#2182=CARTESIAN_POINT('',(1.069099398407E0,8.045674963683E0,-2.763243722575E0));
#2183=CARTESIAN_POINT('',(1.104117294494E0,7.972279714758E0,-2.964969606773E0));
#2184=CARTESIAN_POINT('',(1.104117294494E0,7.930676311084E0,-3.072360370922E0));
#2186=CARTESIAN_POINT('',(1.104117294494E0,4.232285688098E0,-8.499575451416E0));
#2187=CARTESIAN_POINT('',(1.104117294494E0,4.336219100359E0,-8.447822761445E0));
#2188=CARTESIAN_POINT('',(1.070287238068E0,4.524483969374E0,-8.349369722053E0));
#2189=CARTESIAN_POINT('',(9.551100776921E-1,4.752250854828E0,
-8.221234042936E0));
#2190=CARTESIAN_POINT('',(8.035585175402E-1,4.924298741150E0,
-8.118863291056E0));
#2191=CARTESIAN_POINT('',(6.353094658772E-1,5.048410910194E0,
-8.041976586165E0));
#2192=CARTESIAN_POINT('',(4.635875278496E-1,5.132524150091E0,
-7.988381058977E0));
#2193=CARTESIAN_POINT('',(2.969143209981E-1,5.184030477257E0,
-7.954964833104E0));
#2194=CARTESIAN_POINT('',(1.480757838942E-1,5.209723632680E0,
-7.938129494704E0));
#2195=CARTESIAN_POINT('',(-4.463024622757E-4,5.218364398651E0,
-7.932445149943E0));
#2196=CARTESIAN_POINT('',(-1.489652026417E-1,5.209620704937E0,
-7.938197152713E0));
#2197=CARTESIAN_POINT('',(-2.977731320460E-1,5.183821860154E0,
-7.955100993741E0));
#2198=CARTESIAN_POINT('',(-4.643009661991E-1,5.132233688192E0,
-7.988567955371E0));
#2199=CARTESIAN_POINT('',(-6.358559016910E-1,5.048070125778E0,
-8.042190645747E0));
#2200=CARTESIAN_POINT('',(-8.039165685312E-1,4.923956859358E0,
-8.119070519480E0));
#2201=CARTESIAN_POINT('',(-9.552879860014E-1,4.751960222766E0,
-8.221400824277E0));
#2202=CARTESIAN_POINT('',(-1.070315873057E0,4.524343238008E0,
-8.349443945222E0));
#2203=CARTESIAN_POINT('',(-1.104117294494E0,4.336169346646E0,
-8.447847535850E0));
#2204=CARTESIAN_POINT('',(-1.104117294494E0,4.232285688098E0,
-8.499575451416E0));
#2206=CARTESIAN_POINT('',(0.E0,4.011645201989E0,-8.056469622196E0));
#2207=DIRECTION('',(0.E0,8.951632913551E-1,4.457383557765E-1));
#2208=DIRECTION('',(-9.124936318131E-1,1.823475091811E-1,-3.662031646449E-1));
#2209=AXIS2_PLACEMENT_3D('',#2206,#2207,#2208);
#2211=CARTESIAN_POINT('',(0.E0,4.011645201989E0,-8.056469622196E0));
#2212=DIRECTION('',(0.E0,4.457383557765E-1,-8.951632913551E-1));
#2213=DIRECTION('',(-1.E0,0.E0,0.E0));
#2214=AXIS2_PLACEMENT_3D('',#2211,#2212,#2213);
#2216=CARTESIAN_POINT('',(0.E0,4.011645201989E0,-8.056469622196E0));
#2217=DIRECTION('',(0.E0,-8.951632913551E-1,-4.457383557765E-1));
#2218=DIRECTION('',(9.124936318133E-1,1.823475091810E-1,-3.662031646446E-1));
#2219=AXIS2_PLACEMENT_3D('',#2216,#2217,#2218);
#2221=CARTESIAN_POINT('',(0.E0,4.011645201989E0,-8.056469622196E0));
#2222=DIRECTION('',(0.E0,4.457383557765E-1,-8.951632913551E-1));
#2223=DIRECTION('',(0.E0,-8.951632913551E-1,-4.457383557765E-1));
#2224=AXIS2_PLACEMENT_3D('',#2221,#2222,#2223);
#2226=CARTESIAN_POINT('',(-1.104117294494E0,4.232285688098E0,
-8.499575451416E0));
#2227=CARTESIAN_POINT('',(-1.104117294494E0,4.128351718487E0,
-8.551328418915E0));
#2228=CARTESIAN_POINT('',(-1.070286930505E0,3.936328467297E0,
-8.642236318128E0));
#2229=CARTESIAN_POINT('',(-9.551078633275E-1,3.696811570197E0,
-8.746780085491E0));
#2230=CARTESIAN_POINT('',(-8.035539741606E-1,3.511435071562E0,
-8.822385335003E0));
#2231=CARTESIAN_POINT('',(-6.353024291448E-1,3.375283737850E0,
-8.875094354195E0));
#2232=CARTESIAN_POINT('',(-4.635782732653E-1,3.281824665188E0,
-8.909919354623E0));
#2233=CARTESIAN_POINT('',(-2.969029315881E-1,3.224119549178E0,
-8.930884086920E0));
#2234=CARTESIAN_POINT('',(-1.480640171155E-1,3.195202649835E0,
-8.941241536101E0));
#2235=CARTESIAN_POINT('',(4.583301203934E-4,3.185460745496E0,
-8.944710889296E0));
#2236=CARTESIAN_POINT('',(1.489773846465E-1,3.195321790049E0,
-8.941199058649E0));
#2237=CARTESIAN_POINT('',(2.977850118102E-1,3.224360276627E0,
-8.930797375006E0));
#2238=CARTESIAN_POINT('',(4.643109627155E-1,3.282157605522E0,
-8.909796974456E0));
#2239=CARTESIAN_POINT('',(6.358636447351E-1,3.375670101589E0,
-8.874947536805E0));
#2240=CARTESIAN_POINT('',(8.039216980976E-1,3.511816511379E0,
-8.822233391654E0));
#2241=CARTESIAN_POINT('',(9.552905649529E-1,3.697128115877E0,
-8.746645122724E0));
#2242=CARTESIAN_POINT('',(1.070316341323E0,3.936476400956E0,-8.642166915495E0));
#2243=CARTESIAN_POINT('',(1.104117294494E0,4.128402816748E0,-8.551302975005E0));
#2244=CARTESIAN_POINT('',(1.104117294494E0,4.232285688098E0,-8.499575451416E0));
#2246=CARTESIAN_POINT('',(0.E0,4.011645201989E0,-8.056469622196E0));
#2247=DIRECTION('',(0.E0,-8.951632913551E-1,-4.457383557765E-1));
#2248=DIRECTION('',(1.E0,0.E0,0.E0));
#2249=AXIS2_PLACEMENT_3D('',#2246,#2247,#2248);
#2251=CARTESIAN_POINT('',(1.104117294494E0,3.791004715880E0,-7.613363792975E0));
#2252=CARTESIAN_POINT('',(1.104117294494E0,3.687893378964E0,-7.664707138064E0));
#2253=CARTESIAN_POINT('',(1.069079208505E0,3.493788780912E0,-7.756405253439E0));
#2254=CARTESIAN_POINT('',(9.137554519025E-1,3.218506696694E0,
-7.873892840308E0));
#2255=CARTESIAN_POINT('',(7.139782439440E-1,3.028980527138E0,
-7.947866618710E0));
#2256=CARTESIAN_POINT('',(5.002059832402E-1,2.903239489143E0,
-7.994354859235E0));
#2257=CARTESIAN_POINT('',(2.949034274844E-1,2.832941909106E0,
-8.019363857105E0));
#2258=CARTESIAN_POINT('',(1.013911158625E-1,2.800732127634E0,
-8.030627156791E0));
#2259=CARTESIAN_POINT('',(-1.010135667714E-1,2.800703054663E0,
-8.030637245288E0));
#2260=CARTESIAN_POINT('',(-2.944887932399E-1,2.832837146528E0,
-8.019400689837E0));
#2261=CARTESIAN_POINT('',(-4.998814680691E-1,2.903083082393E0,
-7.994411533128E0));
#2262=CARTESIAN_POINT('',(-7.137785900364E-1,3.028819111572E0,
-7.947928126419E0));
#2263=CARTESIAN_POINT('',(-9.136916864419E-1,3.218399503503E0,
-7.873938067767E0));
#2264=CARTESIAN_POINT('',(-1.069099064317E0,3.493816659692E0,
-7.756393913334E0));
#2265=CARTESIAN_POINT('',(-1.104117294494E0,3.687910410551E0,
-7.664698657341E0));
#2266=CARTESIAN_POINT('',(-1.104117294494E0,3.791004715880E0,
-7.613363792975E0));
#2268=CARTESIAN_POINT('',(0.E0,4.011645201989E0,-8.056469622196E0));
#2269=DIRECTION('',(0.E0,-4.457383557765E-1,8.951632913551E-1));
#2270=DIRECTION('',(0.E0,-8.951632913551E-1,-4.457383557765E-1));
#2271=AXIS2_PLACEMENT_3D('',#2268,#2269,#2270);
#2273=CARTESIAN_POINT('',(0.E0,4.011645201989E0,-8.056469622196E0));
#2274=DIRECTION('',(0.E0,-4.457383557765E-1,8.951632913551E-1));
#2275=DIRECTION('',(1.E0,0.E0,0.E0));
#2276=AXIS2_PLACEMENT_3D('',#2273,#2274,#2275);
#2278=CARTESIAN_POINT('',(0.E0,4.011645201989E0,-8.056469622196E0));
#2279=DIRECTION('',(0.E0,8.951632913551E-1,4.457383557765E-1));
#2280=DIRECTION('',(-1.E0,0.E0,0.E0));
#2281=AXIS2_PLACEMENT_3D('',#2278,#2279,#2280);
#2283=CARTESIAN_POINT('',(-1.104117294494E0,3.791004715880E0,
-7.613363792975E0));
#2284=CARTESIAN_POINT('',(-1.104117294494E0,3.894115694924E0,
-7.562020626085E0));
#2285=CARTESIAN_POINT('',(-1.069079586287E0,4.084266089712E0,
-7.462382538854E0));
#2286=CARTESIAN_POINT('',(-9.137552170458E-1,4.343918921067E0,
-7.313504109442E0));
#2287=CARTESIAN_POINT('',(-7.139780556464E-1,4.517165992180E0,
-7.206838291427E0));
#2288=CARTESIAN_POINT('',(-5.002055625392E-1,4.630040447793E0,
-7.134510118110E0));
#2289=CARTESIAN_POINT('',(-2.949025066520E-1,4.692361775436E0,
-7.093482747439E0));
#2290=CARTESIAN_POINT('',(-1.013910953717E-1,4.720760610718E0,
-7.074566576019E0));
#2291=CARTESIAN_POINT('',(1.010136596705E-1,4.720786174339E0,
-7.074549459929E0));
#2292=CARTESIAN_POINT('',(2.944880924709E-1,4.692454266754E0,
-7.093421365567E0));
#2293=CARTESIAN_POINT('',(4.998814964985E-1,4.630179751597E0,
-7.134419573070E0));
#2294=CARTESIAN_POINT('',(7.137787094587E-1,4.517312133634E0,
-7.206746682798E0));
#2295=CARTESIAN_POINT('',(9.136916165206E-1,4.344019376716E0,
-7.313445960152E0));
#2296=CARTESIAN_POINT('',(1.069099398406E0,4.084240284989E0,-7.462397924666E0));
#2297=CARTESIAN_POINT('',(1.104117294494E0,3.894098692156E0,-7.562029092458E0));
#2298=CARTESIAN_POINT('',(1.104117294494E0,3.791004715880E0,-7.613363792975E0));
#2300=CARTESIAN_POINT('',(1.104117294494E0,7.016889669010E0,6.396740136424E0));
#2301=CARTESIAN_POINT('',(1.104117294494E0,6.938669876325E0,6.482543161637E0));
#2302=CARTESIAN_POINT('',(1.070287238068E0,6.792454091409E0,6.636678187223E0));
#2303=CARTESIAN_POINT('',(9.551100776920E-1,6.606878542516E0,6.820684225235E0));
#2304=CARTESIAN_POINT('',(8.035585175401E-1,6.461332589240E0,6.958149208099E0));
#2305=CARTESIAN_POINT('',(6.353094658771E-1,6.353416077573E0,7.056482429358E0));
#2306=CARTESIAN_POINT('',(4.635875278496E-1,6.278847844429E0,7.122717588196E0));
#2307=CARTESIAN_POINT('',(2.969143209980E-1,6.232611885987E0,7.163112910160E0));
#2308=CARTESIAN_POINT('',(1.480757838942E-1,6.209387960064E0,7.183218036855E0));
#2309=CARTESIAN_POINT('',(-4.463024623171E-4,6.201555953656E0,
7.189973352359E0));
#2310=CARTESIAN_POINT('',(-1.489652026417E-1,6.209481202787E0,
7.183137553806E0));
#2311=CARTESIAN_POINT('',(-2.977731320461E-1,6.232799939560E0,
7.162949519008E0));
#2312=CARTESIAN_POINT('',(-4.643009661992E-1,6.279107094846E0,
7.122489361119E0));
#2313=CARTESIAN_POINT('',(-6.358559016912E-1,6.353715225651E0,
7.056213234352E0));
#2314=CARTESIAN_POINT('',(-8.039165685314E-1,6.461625467246E0,
6.957877088174E0));
#2315=CARTESIAN_POINT('',(-9.552879860016E-1,6.607118492327E0,
6.820450329746E0));
#2316=CARTESIAN_POINT('',(-1.070315873057E0,6.792563994124E0,6.636563140320E0));
#2317=CARTESIAN_POINT('',(-1.104117294494E0,6.938707320733E0,6.482502087077E0));
#2318=CARTESIAN_POINT('',(-1.104117294494E0,7.016889669010E0,6.396740136424E0));
#2320=CARTESIAN_POINT('',(0.E0,6.651080254986E0,6.063260792819E0));
#2321=DIRECTION('',(0.E0,-6.736956436466E-1,7.390089172207E-1));
#2322=DIRECTION('',(-9.124936318131E-1,3.023218297719E-1,2.756027633098E-1));
#2323=AXIS2_PLACEMENT_3D('',#2320,#2321,#2322);
#2325=CARTESIAN_POINT('',(0.E0,6.651080254986E0,6.063260792819E0));
#2326=DIRECTION('',(0.E0,7.390089172207E-1,6.736956436466E-1));
#2327=DIRECTION('',(-1.E0,0.E0,0.E0));
#2328=AXIS2_PLACEMENT_3D('',#2325,#2326,#2327);
#2330=CARTESIAN_POINT('',(0.E0,6.651080254986E0,6.063260792819E0));
#2331=DIRECTION('',(0.E0,6.736956436466E-1,-7.390089172207E-1));
#2332=DIRECTION('',(9.124936318131E-1,3.023218297719E-1,2.756027633098E-1));
#2333=AXIS2_PLACEMENT_3D('',#2330,#2331,#2332);
#2335=CARTESIAN_POINT('',(0.E0,6.651080254986E0,6.063260792819E0));
#2336=DIRECTION('',(0.E0,7.390089172207E-1,6.736956436466E-1));
#2337=DIRECTION('',(0.E0,6.736956436466E-1,-7.390089172207E-1));
#2338=AXIS2_PLACEMENT_3D('',#2335,#2336,#2337);
#2340=CARTESIAN_POINT('',(-1.104117294494E0,7.016889669010E0,6.396740136424E0));
#2341=CARTESIAN_POINT('',(-1.104117294494E0,7.095109881155E0,6.310936651086E0));
#2342=CARTESIAN_POINT('',(-1.070286930505E0,7.235097086869E0,6.151121891525E0));
#2343=CARTESIAN_POINT('',(-9.551078633271E-1,7.401196873386E0,
5.949358157892E0));
#2344=CARTESIAN_POINT('',(-8.035539741601E-1,7.524646628031E0,
5.791748646510E0));
#2345=CARTESIAN_POINT('',(-6.353024291444E-1,7.612603095401E0,
5.675219310189E0));
#2346=CARTESIAN_POINT('',(-4.635782732649E-1,7.671674963111E0,
5.594858291262E0));
#2347=CARTESIAN_POINT('',(-2.969029315878E-1,7.707631134826E0,
5.545093302268E0));
#2348=CARTESIAN_POINT('',(-1.480640171153E-1,7.725506680184E0,
5.520114737471E0));
#2349=CARTESIAN_POINT('',(4.583301206442E-4,7.731509591722E0,5.511694157634E0));
#2350=CARTESIAN_POINT('',(1.489773846468E-1,7.725433220014E0,5.520217705078E0));
#2351=CARTESIAN_POINT('',(2.977850118104E-1,7.707481854890E0,5.545301110260E0));
#2352=CARTESIAN_POINT('',(4.643109627156E-1,7.671466141281E0,5.595145030891E0));
#2353=CARTESIAN_POINT('',(6.358636447352E-1,7.612356149215E0,5.675550746256E0));
#2354=CARTESIAN_POINT('',(8.039216980976E-1,7.524396099059E0,5.792073943836E0));
#2355=CARTESIAN_POINT('',(9.552905649529E-1,7.400980435898E0,5.949625685330E0));
#2356=CARTESIAN_POINT('',(1.070316341323E0,7.234989849669E0,6.151245184981E0));
#2357=CARTESIAN_POINT('',(1.104117294494E0,7.095071424846E0,6.310978835647E0));
#2358=CARTESIAN_POINT('',(1.104117294494E0,7.016889669010E0,6.396740136424E0));
#2360=CARTESIAN_POINT('',(0.E0,6.651080254986E0,6.063260792819E0));
#2361=DIRECTION('',(0.E0,6.736956436466E-1,-7.390089172207E-1));
#2362=DIRECTION('',(1.E0,0.E0,0.E0));
#2363=AXIS2_PLACEMENT_3D('',#2360,#2361,#2362);
#2365=CARTESIAN_POINT('',(1.104117294494E0,6.285270840962E0,5.729781449214E0));
#2366=CARTESIAN_POINT('',(1.104117294494E0,6.362871943645E0,5.644657094604E0));
#2367=CARTESIAN_POINT('',(1.069079208505E0,6.504188787134E0,5.483056695177E0));
#2368=CARTESIAN_POINT('',(9.137554519024E-1,6.692525879219E0,5.250435331789E0));
#2369=CARTESIAN_POINT('',(7.139782439438E-1,6.815542054466E0,5.088388087242E0));
#2370=CARTESIAN_POINT('',(5.002059832401E-1,6.894666304742E0,4.980169243405E0));
#2371=CARTESIAN_POINT('',(2.949034274843E-1,6.937958446151E0,4.919399265408E0));
#2372=CARTESIAN_POINT('',(1.013911158625E-1,6.957606401722E0,4.891501419898E0));
#2373=CARTESIAN_POINT('',(-1.010135667714E-1,6.957624061294E0,
4.891476217617E0));
#2374=CARTESIAN_POINT('',(-2.944887932398E-1,6.938022542457E0,
4.919308581830E0));
#2375=CARTESIAN_POINT('',(-4.998814680689E-1,6.894763617883E0,
4.980034316929E0));
#2376=CARTESIAN_POINT('',(-7.137785900363E-1,6.815645387624E0,
5.088249665995E0));
#2377=CARTESIAN_POINT('',(-9.136916864417E-1,6.692598714958E0,
5.250344607711E0));
#2378=CARTESIAN_POINT('',(-1.069099064317E0,6.504170250540E0,5.483080406336E0));
#2379=CARTESIAN_POINT('',(-1.104117294494E0,6.362859125754E0,5.644671155161E0));
#2380=CARTESIAN_POINT('',(-1.104117294494E0,6.285270840962E0,5.729781449214E0));
#2382=CARTESIAN_POINT('',(0.E0,6.651080254986E0,6.063260792819E0));
#2383=DIRECTION('',(0.E0,-7.390089172207E-1,-6.736956436466E-1));
#2384=DIRECTION('',(0.E0,6.736956436466E-1,-7.390089172207E-1));
#2385=AXIS2_PLACEMENT_3D('',#2382,#2383,#2384);
#2387=CARTESIAN_POINT('',(0.E0,6.651080254986E0,6.063260792819E0));
#2388=DIRECTION('',(0.E0,-7.390089172207E-1,-6.736956436466E-1));
#2389=DIRECTION('',(1.E0,0.E0,0.E0));
#2390=AXIS2_PLACEMENT_3D('',#2387,#2388,#2389);
#2392=CARTESIAN_POINT('',(0.E0,6.651080254986E0,6.063260792819E0));
#2393=DIRECTION('',(0.E0,-6.736956436466E-1,7.390089172207E-1));
#2394=DIRECTION('',(-1.E0,0.E0,0.E0));
#2395=AXIS2_PLACEMENT_3D('',#2392,#2393,#2394);
#2397=CARTESIAN_POINT('',(-1.104117294494E0,6.285270840962E0,5.729781449214E0));
#2398=CARTESIAN_POINT('',(-1.104117294494E0,6.207670007611E0,5.814905508380E0));
#2399=CARTESIAN_POINT('',(-1.069079586288E0,6.059798414675E0,5.970529777270E0));
#2400=CARTESIAN_POINT('',(-9.137552170461E-1,5.845545953341E0,
6.179528012640E0));
#2401=CARTESIAN_POINT('',(-7.139780556467E-1,5.695540722823E0,
6.316971001545E0));
#2402=CARTESIAN_POINT('',(-5.002055625393E-1,5.595084069976E0,
6.405743003236E0));
#2403=CARTESIAN_POINT('',(-2.949025066520E-1,5.538567851925E0,
6.454457581347E0));
#2404=CARTESIAN_POINT('',(-1.013910953717E-1,5.512602083005E0,
6.476595653326E0));
#2405=CARTESIAN_POINT('',(1.010136596705E-1,5.512578624493E0,6.476615557032E0));
#2406=CARTESIAN_POINT('',(2.944880924710E-1,5.538483501816E0,6.454529743922E0));
#2407=CARTESIAN_POINT('',(4.998814964986E-1,5.594958859139E0,6.405852210380E0));
#2408=CARTESIAN_POINT('',(7.137787094590E-1,5.695412617787E0,6.317086494251E0));
#2409=CARTESIAN_POINT('',(9.136916165208E-1,5.845462532870E0,6.179608720151E0));
#2410=CARTESIAN_POINT('',(1.069099398406E0,6.059820274941E0,5.970509168153E0));
#2411=CARTESIAN_POINT('',(1.104117294494E0,6.207682803814E0,5.814891471615E0));
#2412=CARTESIAN_POINT('',(1.104117294494E0,6.285270840962E0,5.729781449214E0));
#2414=CARTESIAN_POINT('',(1.104117294494E0,9.495E0,0.E0));
#2415=CARTESIAN_POINT('',(1.104117294494E0,9.495E0,1.161055343358E-1));
#2416=CARTESIAN_POINT('',(1.070287238068E0,9.490785326379E0,3.285176300303E-1));
#2417=CARTESIAN_POINT('',(9.551100776920E-1,9.477607407143E0,
5.895211718003E-1));
#2418=CARTESIAN_POINT('',(8.035585175401E-1,9.462657209916E0,
7.891626946141E-1));
#2419=CARTESIAN_POINT('',(6.353094658771E-1,9.449152608266E0,
9.345347057717E-1));
#2420=CARTESIAN_POINT('',(4.635875278495E-1,9.438668356997E0,1.033719372610E0));
#2421=CARTESIAN_POINT('',(2.969143209980E-1,9.431713723843E0,1.094720839538E0));
#2422=CARTESIAN_POINT('',(1.480757838941E-1,9.428095771763E0,1.125224565169E0));
#2423=CARTESIAN_POINT('',(-4.463024623834E-4,9.426858875814E0,
1.135493192164E0));
#2424=CARTESIAN_POINT('',(-1.489652026418E-1,9.428110457886E0,
1.125102270263E0));
#2425=CARTESIAN_POINT('',(-2.977731320461E-1,9.431742621203E0,
1.094473401147E0));
#2426=CARTESIAN_POINT('',(-4.643009661992E-1,9.438706189779E0,
1.033376054888E0));
#2427=CARTESIAN_POINT('',(-6.358559016912E-1,9.449192325861E0,
9.341342335052E-1));
#2428=CARTESIAN_POINT('',(-8.039165685314E-1,9.462690323366E0,
7.887642849266E-1));
#2429=CARTESIAN_POINT('',(-9.552879860015E-1,9.477627157820E0,
5.891866678057E-1));
#2430=CARTESIAN_POINT('',(-1.070315873057E0,9.490789038868E0,
3.283585683625E-1));
#2431=CARTESIAN_POINT('',(-1.104117294494E0,9.495E0,1.160499537354E-1));
#2432=CARTESIAN_POINT('',(-1.104117294494E0,9.495E0,1.245842982580E-13));
#2434=CARTESIAN_POINT('',(0.E0,9.E0,0.E0));
#2435=DIRECTION('',(0.E0,0.E0,1.E0));
#2436=DIRECTION('',(-9.124936318130E-1,4.090909090908E-1,0.E0));
#2437=AXIS2_PLACEMENT_3D('',#2434,#2435,#2436);
#2439=CARTESIAN_POINT('',(0.E0,9.E0,0.E0));
#2440=DIRECTION('',(0.E0,1.E0,0.E0));
#2441=DIRECTION('',(-1.E0,0.E0,0.E0));
#2442=AXIS2_PLACEMENT_3D('',#2439,#2440,#2441);
#2444=CARTESIAN_POINT('',(0.E0,9.E0,0.E0));
#2445=DIRECTION('',(0.E0,0.E0,-1.E0));
#2446=DIRECTION('',(9.124936318130E-1,4.090909090908E-1,0.E0));
#2447=AXIS2_PLACEMENT_3D('',#2444,#2445,#2446);
#2449=CARTESIAN_POINT('',(0.E0,9.E0,0.E0));
#2450=DIRECTION('',(0.E0,1.E0,0.E0));
#2451=DIRECTION('',(0.E0,0.E0,-1.E0));
#2452=AXIS2_PLACEMENT_3D('',#2449,#2450,#2451);
#2454=CARTESIAN_POINT('',(-1.104117294494E0,9.495E0,1.245842982580E-13));
#2455=CARTESIAN_POINT('',(-1.104117294494E0,9.495E0,-1.161061569606E-1));
#2456=CARTESIAN_POINT('',(-1.070286930505E0,9.490785286013E0,
-3.285194600346E-1));
#2457=CARTESIAN_POINT('',(-9.551078633272E-1,9.477607161003E0,
-5.895253609487E-1));
#2458=CARTESIAN_POINT('',(-8.035539741603E-1,9.462656789299E0,
-7.891677572122E-1));
#2459=CARTESIAN_POINT('',(-6.353024291445E-1,9.449152096776E0,
-9.345398647690E-1));
#2460=CARTESIAN_POINT('',(-4.635782732651E-1,9.438667865400E0,
-1.033723834291E0));
#2461=CARTESIAN_POINT('',(-2.969029315880E-1,9.431713340636E0,
-1.094724121170E0));
#2462=CARTESIAN_POINT('',(-1.480640171155E-1,9.428095577767E0,
-1.125226180330E0));
#2463=CARTESIAN_POINT('',(4.583301204756E-4,9.426858874970E0,
-1.135493199270E0));
#2464=CARTESIAN_POINT('',(1.489773846466E-1,9.428110658874E0,
-1.125100596554E0));
#2465=CARTESIAN_POINT('',(2.977850118102E-1,9.431743020770E0,
-1.094469979968E0));
#2466=CARTESIAN_POINT('',(4.643109627155E-1,9.438706719445E0,
-1.033371248792E0));
#2467=CARTESIAN_POINT('',(6.358636447351E-1,9.449192888377E0,
-9.341285639907E-1));
#2468=CARTESIAN_POINT('',(8.039216980975E-1,9.462690797546E0,
-7.887585793107E-1));
#2469=CARTESIAN_POINT('',(9.552905649528E-1,9.477627443839E0,
-5.891818427934E-1));
#2470=CARTESIAN_POINT('',(1.070316341323E0,9.490789099030E0,
-3.283560998376E-1));
#2471=CARTESIAN_POINT('',(1.104117294494E0,9.495E0,-1.160490743459E-1));
#2472=CARTESIAN_POINT('',(1.104117294494E0,9.495E0,0.E0));
#2474=CARTESIAN_POINT('',(0.E0,9.E0,0.E0));
#2475=DIRECTION('',(0.E0,0.E0,-1.E0));
#2476=DIRECTION('',(1.E0,0.E0,0.E0));
#2477=AXIS2_PLACEMENT_3D('',#2474,#2475,#2476);
#2479=CARTESIAN_POINT('',(1.104117294494E0,8.505E0,0.E0));
#2480=CARTESIAN_POINT('',(1.104117294494E0,8.505E0,-1.151871819496E-1));
#2481=CARTESIAN_POINT('',(1.069079208505E0,8.500564922387E0,
-3.298158599842E-1));
#2482=CARTESIAN_POINT('',(9.137554519024E-1,8.483031713747E0,
-6.286070003391E-1));
#2483=CARTESIAN_POINT('',(7.139782439439E-1,8.464771241501E0,
-8.312368204319E-1));
#2484=CARTESIAN_POINT('',(5.002059832401E-1,8.450338204370E0,
-9.645171737569E-1));
#2485=CARTESIAN_POINT('',(2.949034274844E-1,8.441391013475E0,
-1.038592456467E0));
#2486=CARTESIAN_POINT('',(1.013911158625E-1,8.437116370861E0,
-1.072445955146E0));
#2487=CARTESIAN_POINT('',(-1.010135667714E-1,8.437112442775E0,
-1.072476477032E0));
#2488=CARTESIAN_POINT('',(-2.944887932399E-1,8.441377288086E0,
-1.038702653842E0));
#2489=CARTESIAN_POINT('',(-4.998814680690E-1,8.450319220270E0,
-9.646824450651E-1));
#2490=CARTESIAN_POINT('',(-7.137785900363E-1,8.464754351835E0,
-8.314087300668E-1));
#2491=CARTESIAN_POINT('',(-9.136916864418E-1,8.483024419591E0,
-6.287231153623E-1));
#2492=CARTESIAN_POINT('',(-1.069099064317E0,8.500567197782E0,
-3.297858492040E-1));
#2493=CARTESIAN_POINT('',(-1.104117294494E0,8.505E0,-1.151681557148E-1));
#2494=CARTESIAN_POINT('',(-1.104117294494E0,8.505E0,0.E0));
#2496=CARTESIAN_POINT('',(0.E0,9.E0,0.E0));
#2497=DIRECTION('',(0.E0,-1.E0,0.E0));
#2498=DIRECTION('',(0.E0,0.E0,-1.E0));
#2499=AXIS2_PLACEMENT_3D('',#2496,#2497,#2498);
#2501=CARTESIAN_POINT('',(0.E0,9.E0,0.E0));
#2502=DIRECTION('',(0.E0,-1.E0,0.E0));
#2503=DIRECTION('',(1.E0,0.E0,0.E0));
#2504=AXIS2_PLACEMENT_3D('',#2501,#2502,#2503);
#2506=CARTESIAN_POINT('',(0.E0,9.E0,0.E0));
#2507=DIRECTION('',(0.E0,0.E0,1.E0));
#2508=DIRECTION('',(-1.E0,0.E0,0.E0));
#2509=AXIS2_PLACEMENT_3D('',#2506,#2507,#2508);
#2511=CARTESIAN_POINT('',(-1.104117294494E0,8.505E0,0.E0));
#2512=CARTESIAN_POINT('',(-1.104117294494E0,8.505E0,1.151867821656E-1));
#2513=CARTESIAN_POINT('',(-1.069079586288E0,8.500564966214E0,
3.298149525916E-1));
#2514=CARTESIAN_POINT('',(-9.137552170461E-1,8.483031687450E0,
6.286074620548E-1));
#2515=CARTESIAN_POINT('',(-7.139780556466E-1,8.464771227342E0,
8.312369267893E-1));
#2516=CARTESIAN_POINT('',(-5.002055625393E-1,8.450338175911E0,
9.645174370365E-1));
#2517=CARTESIAN_POINT('',(-2.949025066520E-1,8.441390985859E0,
1.038592674556E0));
#2518=CARTESIAN_POINT('',(-1.013910953717E-1,8.437116373736E0,
1.072445932563E0));
#2519=CARTESIAN_POINT('',(1.010136596705E-1,8.437112446726E0,1.072476445477E0));
#2520=CARTESIAN_POINT('',(2.944880924709E-1,8.441377265989E0,1.038702829643E0));
#2521=CARTESIAN_POINT('',(4.998814964986E-1,8.450319216364E0,
9.646824960849E-1));
#2522=CARTESIAN_POINT('',(7.137787094589E-1,8.464754363511E0,
8.314085807333E-1));
#2523=CARTESIAN_POINT('',(9.136916165208E-1,8.483024411276E0,
6.287233056326E-1));
#2524=CARTESIAN_POINT('',(1.069099398406E0,8.500567236873E0,3.297849951041E-1));
#2525=CARTESIAN_POINT('',(1.104117294494E0,8.505E0,1.151677881253E-1));
#2526=CARTESIAN_POINT('',(1.104117294494E0,8.505E0,0.E0));
#2528=CARTESIAN_POINT('',(1.104117294494E0,8.853823818194E0,3.429989620447E0));
#2529=CARTESIAN_POINT('',(1.104117294494E0,8.811881661517E0,3.538254806895E0));
#2530=CARTESIAN_POINT('',(1.070287238068E0,8.731219496043E0,3.734800671599E0));
#2531=CARTESIAN_POINT('',(9.551100776918E-1,8.624646098004E0,3.973418812574E0));
#2532=CARTESIAN_POINT('',(8.035585175399E-1,8.538586617925E0,4.154178354277E0));
#2533=CARTESIAN_POINT('',(6.353094658769E-1,8.473479524389E0,4.284855292813E0));
#2534=CARTESIAN_POINT('',(4.635875278494E-1,8.427873616926E0,4.373554891825E0));
#2535=CARTESIAN_POINT('',(2.969143209979E-1,8.399352343091E0,4.427924762420E0));
#2536=CARTESIAN_POINT('',(1.480757838941E-1,8.384959486577E0,4.455061684427E0));
#2537=CARTESIAN_POINT('',(-4.463024624643E-4,8.380096659529E0,
4.464190075580E0));
#2538=CARTESIAN_POINT('',(-1.489652026419E-1,8.385017358995E0,
4.454952953063E0));
#2539=CARTESIAN_POINT('',(-2.977731320462E-1,8.399468674134E0,
4.427704471922E0));
#2540=CARTESIAN_POINT('',(-4.643009661993E-1,8.428032915611E0,
4.373248424361E0));
#2541=CARTESIAN_POINT('',(-6.358559016912E-1,8.473661227212E0,
4.284496211196E0));
#2542=CARTESIAN_POINT('',(-8.039165685313E-1,8.538761417477E0,
4.153818810265E0));
#2543=CARTESIAN_POINT('',(-9.552879860014E-1,8.624785351743E0,
3.973114031655E0));
#2544=CARTESIAN_POINT('',(-1.070315873057E0,8.731280417538E0,3.734653692116E0));
#2545=CARTESIAN_POINT('',(-1.104117294494E0,8.811901739546E0,3.538202979528E0));
#2546=CARTESIAN_POINT('',(-1.104117294494E0,8.853823818194E0,3.429989620447E0));
#2548=CARTESIAN_POINT('',(0.E0,8.392250064639E0,3.251174995684E0));
#2549=DIRECTION('',(0.E0,-3.612416661872E-1,9.324722294043E-1));
#2550=DIRECTION('',(-9.124936318130E-1,3.814659120289E-1,1.477806816220E-1));
#2551=AXIS2_PLACEMENT_3D('',#2548,#2549,#2550);
#2553=CARTESIAN_POINT('',(0.E0,8.392250064639E0,3.251174995684E0));
#2554=DIRECTION('',(0.E0,9.324722294043E-1,3.612416661872E-1));
#2555=DIRECTION('',(-1.E0,0.E0,0.E0));
#2556=AXIS2_PLACEMENT_3D('',#2553,#2554,#2555);
#2558=CARTESIAN_POINT('',(0.E0,8.392250064639E0,3.251174995684E0));
#2559=DIRECTION('',(0.E0,3.612416661872E-1,-9.324722294043E-1));
#2560=DIRECTION('',(9.124936318130E-1,3.814659120289E-1,1.477806816220E-1));
#2561=AXIS2_PLACEMENT_3D('',#2558,#2559,#2560);
#2563=CARTESIAN_POINT('',(0.E0,8.392250064639E0,3.251174995684E0));
#2564=DIRECTION('',(0.E0,9.324722294043E-1,3.612416661872E-1));
#2565=DIRECTION('',(0.E0,3.612416661872E-1,-9.324722294043E-1));
#2566=AXIS2_PLACEMENT_3D('',#2563,#2564,#2565);
#2568=CARTESIAN_POINT('',(-1.104117294494E0,8.853823818194E0,3.429989620447E0));
#2569=CARTESIAN_POINT('',(-1.104117294494E0,8.895766199789E0,3.321723853418E0));
#2570=CARTESIAN_POINT('',(-1.070286930505E0,8.968568631564E0,3.122131816842E0));
#2571=CARTESIAN_POINT('',(-9.551078633270E-1,9.050566602488E0,
2.873990574693E0));
#2572=CARTESIAN_POINT('',(-8.035539741601E-1,9.108744947922E0,
2.682428887181E0));
#2573=CARTESIAN_POINT('',(-6.353024291443E-1,9.148666659529E0,
2.541994976327E0));
#2574=CARTESIAN_POINT('',(-4.635782732648E-1,9.174719787334E0,
2.445721337934E0));
#2575=CARTESIAN_POINT('',(-2.969029315877E-1,9.190270731392E0,
2.386328000321E0));
#2576=CARTESIAN_POINT('',(-1.480640171152E-1,9.197915882657E0,
2.356578790528E0));
#2577=CARTESIAN_POINT('',(4.583301207851E-4,9.200471566672E0,2.346558331908E0));
#2578=CARTESIAN_POINT('',(1.489773846469E-1,9.197884579279E0,2.356701341836E0));
#2579=CARTESIAN_POINT('',(2.977850118106E-1,9.190206600902E0,2.386575701635E0));
#2580=CARTESIAN_POINT('',(4.643109627158E-1,9.174628649078E0,2.446064149821E0));
#2581=CARTESIAN_POINT('',(6.358636447354E-1,9.148556117585E0,2.542393238506E0));
#2582=CARTESIAN_POINT('',(8.039216980977E-1,9.108628847562E0,2.682822719408E0));
#2583=CARTESIAN_POINT('',(9.552905649529E-1,9.050461422598E0,2.874318222839E0));
#2584=CARTESIAN_POINT('',(1.070316341323E0,8.968513174587E0,3.122285523111E0));
#2585=CARTESIAN_POINT('',(1.104117294494E0,8.895745579170E0,3.321777081371E0));
#2586=CARTESIAN_POINT('',(1.104117294494E0,8.853823818194E0,3.429989620447E0));
#2588=CARTESIAN_POINT('',(0.E0,8.392250064639E0,3.251174995684E0));
#2589=DIRECTION('',(0.E0,3.612416661872E-1,-9.324722294043E-1));
#2590=DIRECTION('',(1.E0,0.E0,0.E0));
#2591=AXIS2_PLACEMENT_3D('',#2588,#2589,#2590);
#2593=CARTESIAN_POINT('',(1.104117294494E0,7.930676311084E0,3.072360370922E0));
#2594=CARTESIAN_POINT('',(1.104117294494E0,7.972286720615E0,2.964951522570E0));
#2595=CARTESIAN_POINT('',(1.069079208505E0,8.045683955170E0,2.763214105843E0));
#2596=CARTESIAN_POINT('',(9.137554519027E-1,8.137270534405E0,2.478265939567E0));
#2597=CARTESIAN_POINT('',(7.139782439441E-1,8.193441484969E0,2.282722816062E0));
#2598=CARTESIAN_POINT('',(5.002059832403E-1,8.228129495563E0,2.153228773479E0));
#2599=CARTESIAN_POINT('',(2.949034274844E-1,8.246545567073E0,2.080923531321E0));
#2600=CARTESIAN_POINT('',(1.013911158625E-1,8.254788875813E0,2.047811904914E0));
#2601=CARTESIAN_POINT('',(-1.010135667714E-1,8.254796238759E0,
2.047782025114E0));
#2602=CARTESIAN_POINT('',(-2.944887932399E-1,8.246572576412E0,
2.080815817146E0));
#2603=CARTESIAN_POINT('',(-4.998814680691E-1,8.228171496301E0,
2.153067804726E0));
#2604=CARTESIAN_POINT('',(-7.137785900365E-1,8.193487836748E0,
2.282556413850E0));
#2605=CARTESIAN_POINT('',(-9.136916864420E-1,8.137305678392E0,
2.478155030579E0));
#2606=CARTESIAN_POINT('',(-1.069099064317E0,8.045675235769E0,2.763242912030E0));
#2607=CARTESIAN_POINT('',(-1.104117294494E0,7.972279847546E0,2.964969264006E0));
#2608=CARTESIAN_POINT('',(-1.104117294494E0,7.930676311084E0,3.072360370922E0));
#2610=CARTESIAN_POINT('',(0.E0,8.392250064639E0,3.251174995684E0));
#2611=DIRECTION('',(0.E0,-9.324722294043E-1,-3.612416661872E-1));
#2612=DIRECTION('',(0.E0,3.612416661872E-1,-9.324722294043E-1));
#2613=AXIS2_PLACEMENT_3D('',#2610,#2611,#2612);
#2615=CARTESIAN_POINT('',(0.E0,8.392250064639E0,3.251174995684E0));
#2616=DIRECTION('',(0.E0,-9.324722294043E-1,-3.612416661872E-1));
#2617=DIRECTION('',(1.E0,0.E0,0.E0));
#2618=AXIS2_PLACEMENT_3D('',#2615,#2616,#2617);
#2620=CARTESIAN_POINT('',(0.E0,8.392250064639E0,3.251174995684E0));
#2621=DIRECTION('',(0.E0,-3.612416661872E-1,9.324722294043E-1));
#2622=DIRECTION('',(-1.E0,0.E0,0.E0));
#2623=AXIS2_PLACEMENT_3D('',#2620,#2621,#2622);
#2625=CARTESIAN_POINT('',(-1.104117294494E0,7.930676311084E0,3.072360370922E0));
#2626=CARTESIAN_POINT('',(-1.104117294494E0,7.889066045972E0,3.179768846486E0));
#2627=CARTESIAN_POINT('',(-1.069079586288E0,7.807397862234E0,3.378301536062E0));
#2628=CARTESIAN_POINT('',(-9.137552170459E-1,7.683112262733E0,
3.650583502655E0));
#2629=CARTESIAN_POINT('',(-7.139780556465E-1,7.592886685328E0,
3.832933412345E0));
#2630=CARTESIAN_POINT('',(-5.002055625391E-1,7.531281792091E0,
3.951999967324E0));
#2631=CARTESIAN_POINT('',(-2.949025066519E-1,7.496179723612E0,
4.017840971355E0));
#2632=CARTESIAN_POINT('',(-1.013910953717E-1,7.479964559187E0,
4.047864026316E0));
#2633=CARTESIAN_POINT('',(1.010136596705E-1,7.479949874824E0,4.047891060161E0));
#2634=CARTESIAN_POINT('',(2.944880924708E-1,7.496127137606E0,4.017938731726E0));
#2635=CARTESIAN_POINT('',(4.998814964985E-1,7.531204486634E0,3.952147031324E0));
#2636=CARTESIAN_POINT('',(7.137787094588E-1,7.592808951717E0,3.833087382962E0));
#2637=CARTESIAN_POINT('',(9.136916165206E-1,7.683063630377E0,3.650688895117E0));
#2638=CARTESIAN_POINT('',(1.069099398406E0,7.807410801453E0,3.378274421793E0));
#2639=CARTESIAN_POINT('',(1.104117294494E0,7.889072907411E0,3.179751135070E0));
#2640=CARTESIAN_POINT('',(1.104117294494E0,7.930676311084E0,3.072360370922E0));
#2642=CARTESIAN_POINT('',(1.104117294494E0,4.232285688098E0,8.499575451416E0));
#2643=CARTESIAN_POINT('',(1.104117294494E0,4.128352275837E0,8.551328141388E0));
#2644=CARTESIAN_POINT('',(1.070287238068E0,3.936330123442E0,8.642235538559E0));
#2645=CARTESIAN_POINT('',(9.551100776921E-1,3.696815429883E0,8.746778438563E0));
#2646=CARTESIAN_POINT('',(8.035585175401E-1,3.511439790899E0,8.822383454931E0));
#2647=CARTESIAN_POINT('',(6.353094658771E-1,3.375288583986E0,8.875092512499E0));
#2648=CARTESIAN_POINT('',(4.635875278495E-1,3.281828878245E0,8.909917805940E0));
#2649=CARTESIAN_POINT('',(2.969143209979E-1,3.224122657585E0,8.930882967204E0));
#2650=CARTESIAN_POINT('',(1.480757838940E-1,3.195204182139E0,8.941240989820E0));
#2651=CARTESIAN_POINT('',(-4.463024624852E-4,3.185460752234E0,
8.944710886884E0));
#2652=CARTESIAN_POINT('',(-1.489652026419E-1,3.195320202218E0,
8.941199624768E0));
#2653=CARTESIAN_POINT('',(-2.977731320462E-1,3.224357036011E0,
8.930798542278E0));
#2654=CARTESIAN_POINT('',(-4.643009661994E-1,3.282153067189E0,
8.909798642581E0));
#2655=CARTESIAN_POINT('',(-6.358559016914E-1,3.375664775713E0,
8.874949560382E0));
#2656=CARTESIAN_POINT('',(-8.039165685316E-1,3.511811192562E0,
8.822235510397E0));
#2657=CARTESIAN_POINT('',(-9.552879860017E-1,3.697123669214E0,
8.746647017384E0));
#2658=CARTESIAN_POINT('',(-1.070315873057E0,3.936474164407E0,8.642167961957E0));
#2659=CARTESIAN_POINT('',(-1.104117294494E0,4.128402029551E0,8.551303366982E0));
#2660=CARTESIAN_POINT('',(-1.104117294494E0,4.232285688098E0,8.499575451416E0));
#2662=CARTESIAN_POINT('',(0.E0,4.011645201989E0,8.056469622196E0));
#2663=DIRECTION('',(0.E0,-8.951632913551E-1,4.457383557765E-1));
#2664=DIRECTION('',(-9.124936318133E-1,1.823475091810E-1,3.662031646446E-1));
#2665=AXIS2_PLACEMENT_3D('',#2662,#2663,#2664);
#2667=CARTESIAN_POINT('',(0.E0,4.011645201989E0,8.056469622196E0));
#2668=DIRECTION('',(0.E0,4.457383557765E-1,8.951632913551E-1));
#2669=DIRECTION('',(-1.E0,0.E0,0.E0));
#2670=AXIS2_PLACEMENT_3D('',#2667,#2668,#2669);
#2672=CARTESIAN_POINT('',(0.E0,4.011645201989E0,8.056469622196E0));
#2673=DIRECTION('',(0.E0,8.951632913551E-1,-4.457383557765E-1));
#2674=DIRECTION('',(9.124936318133E-1,1.823475091810E-1,3.662031646446E-1));
#2675=AXIS2_PLACEMENT_3D('',#2672,#2673,#2674);
#2677=CARTESIAN_POINT('',(0.E0,4.011645201989E0,8.056469622196E0));
#2678=DIRECTION('',(0.E0,4.457383557765E-1,8.951632913551E-1));
#2679=DIRECTION('',(0.E0,8.951632913551E-1,-4.457383557765E-1));
#2680=AXIS2_PLACEMENT_3D('',#2677,#2678,#2679);
#2682=CARTESIAN_POINT('',(-1.104117294494E0,4.232285688098E0,8.499575451416E0));
#2683=CARTESIAN_POINT('',(-1.104117294494E0,4.336219657710E0,8.447822483917E0));
#2684=CARTESIAN_POINT('',(-1.070286930505E0,4.524485589535E0,8.349368870215E0));
#2685=CARTESIAN_POINT('',(-9.551078633271E-1,4.752254495086E0,
8.221231955335E0));
#2686=CARTESIAN_POINT('',(-8.035539741602E-1,4.924303085517E0,
8.118860657940E0));
#2687=CARTESIAN_POINT('',(-6.353024291444E-1,5.048415300349E0,
8.041973828735E0));
#2688=CARTESIAN_POINT('',(-4.635782732649E-1,5.132527924901E0,
7.988378630175E0));
#2689=CARTESIAN_POINT('',(-2.969029315878E-1,5.184033244043E0,
7.954963027322E0));
#2690=CARTESIAN_POINT('',(-1.480640171153E-1,5.209724992041E0,
7.938128601107E0));
#2691=CARTESIAN_POINT('',(4.583301205935E-4,5.218364404637E0,7.932445146020E0));
#2692=CARTESIAN_POINT('',(1.489773846467E-1,5.209619296283E0,7.938198078667E0));
#2693=CARTESIAN_POINT('',(2.977850118103E-1,5.183818975743E0,7.955102876370E0));
#2694=CARTESIAN_POINT('',(4.643109627156E-1,5.132229622042E0,7.988570571770E0));
#2695=CARTESIAN_POINT('',(6.358636447352E-1,5.048065301371E0,8.042193676411E0));
#2696=CARTESIAN_POINT('',(8.039216980976E-1,4.923951963261E0,8.119073487160E0));
#2697=CARTESIAN_POINT('',(9.552905649529E-1,4.751956031081E0,8.221403231003E0));
#2698=CARTESIAN_POINT('',(1.070316341323E0,4.524341055091E0,8.349445099393E0));
#2699=CARTESIAN_POINT('',(1.104117294494E0,4.336168559448E0,8.447847927828E0));
#2700=CARTESIAN_POINT('',(1.104117294494E0,4.232285688098E0,8.499575451416E0));
#2702=CARTESIAN_POINT('',(0.E0,4.011645201989E0,8.056469622196E0));
#2703=DIRECTION('',(0.E0,8.951632913551E-1,-4.457383557765E-1));
#2704=DIRECTION('',(1.E0,0.E0,0.E0));
#2705=AXIS2_PLACEMENT_3D('',#2702,#2703,#2704);
#2707=CARTESIAN_POINT('',(1.104117294494E0,3.791004715879E0,7.613363792975E0));
#2708=CARTESIAN_POINT('',(1.104117294494E0,3.894116052795E0,7.562020447886E0));
#2709=CARTESIAN_POINT('',(1.069079208505E0,4.084266882440E0,7.462382095163E0));
#2710=CARTESIAN_POINT('',(9.137554519025E-1,4.343918519478E0,7.313504338787E0));
#2711=CARTESIAN_POINT('',(7.139782439440E-1,4.517165903284E0,7.206838351510E0));
#2712=CARTESIAN_POINT('',(5.002059832403E-1,4.630040224800E0,7.134510260938E0));
#2713=CARTESIAN_POINT('',(2.949034274844E-1,4.692361592521E0,7.093482869370E0));
#2714=CARTESIAN_POINT('',(1.013911158625E-1,4.720760629651E0,7.074566563379E0));
#2715=CARTESIAN_POINT('',(-1.010135667714E-1,4.720786200825E0,
7.074549442326E0));
#2716=CARTESIAN_POINT('',(-2.944887932399E-1,4.692454119233E0,
7.093421463708E0));
#2717=CARTESIAN_POINT('',(-4.998814680691E-1,4.630179707667E0,
7.134419599308E0));
#2718=CARTESIAN_POINT('',(-7.137785900364E-1,4.517312262107E0,
7.206746605783E0));
#2719=CARTESIAN_POINT('',(-9.136916864419E-1,4.344019210099E0,
7.313446052407E0));
#2720=CARTESIAN_POINT('',(-1.069099064317E0,4.084241032122E0,7.462397508969E0));
#2721=CARTESIAN_POINT('',(-1.104117294494E0,3.894099021208E0,7.562028928609E0));
#2722=CARTESIAN_POINT('',(-1.104117294494E0,3.791004715879E0,7.613363792975E0));
#2724=CARTESIAN_POINT('',(0.E0,4.011645201989E0,8.056469622196E0));
#2725=DIRECTION('',(0.E0,-4.457383557765E-1,-8.951632913551E-1));
#2726=DIRECTION('',(0.E0,8.951632913551E-1,-4.457383557765E-1));
#2727=AXIS2_PLACEMENT_3D('',#2724,#2725,#2726);
#2729=CARTESIAN_POINT('',(0.E0,4.011645201989E0,8.056469622196E0));
#2730=DIRECTION('',(0.E0,-4.457383557765E-1,-8.951632913551E-1));
#2731=DIRECTION('',(1.E0,0.E0,0.E0));
#2732=AXIS2_PLACEMENT_3D('',#2729,#2730,#2731);
#2734=CARTESIAN_POINT('',(0.E0,4.011645201989E0,8.056469622196E0));
#2735=DIRECTION('',(0.E0,-8.951632913551E-1,4.457383557765E-1));
#2736=DIRECTION('',(-1.E0,0.E0,0.E0));
#2737=AXIS2_PLACEMENT_3D('',#2734,#2735,#2736);
#2739=CARTESIAN_POINT('',(-1.104117294494E0,3.791004715879E0,7.613363792975E0));
#2740=CARTESIAN_POINT('',(-1.104117294494E0,3.687893736836E0,7.664706959865E0));
#2741=CARTESIAN_POINT('',(-1.069079586287E0,3.493789612711E0,7.756404888212E0));
#2742=CARTESIAN_POINT('',(-9.137552170458E-1,3.218506271661E0,
7.873893022572E0));
#2743=CARTESIAN_POINT('',(-7.139780556464E-1,3.028980425619E0,
7.947866653443E0));
#2744=CARTESIAN_POINT('',(-5.002055625391E-1,2.903239240779E0,
7.994354951114E0));
#2745=CARTESIAN_POINT('',(-2.949025066519E-1,2.832941701571E0,
8.019363929594E0));
#2746=CARTESIAN_POINT('',(-1.013910953717E-1,2.800732149131E0,
8.030627149299E0));
#2747=CARTESIAN_POINT('',(1.010136596705E-1,2.800703084672E0,8.030637234760E0));
#2748=CARTESIAN_POINT('',(2.944880924709E-1,2.832836979308E0,8.019400748418E0));
#2749=CARTESIAN_POINT('',(4.998814964985E-1,2.903083034981E0,7.994411552372E0));
#2750=CARTESIAN_POINT('',(7.137787094587E-1,3.028819250454E0,7.947928070307E0));
#2751=CARTESIAN_POINT('',(9.136916165205E-1,3.218399329473E0,7.873938145134E0));
#2752=CARTESIAN_POINT('',(1.069099398406E0,3.493817441674E0,7.756393567622E0));
#2753=CARTESIAN_POINT('',(1.104117294494E0,3.687910739603E0,7.664698493492E0));
#2754=CARTESIAN_POINT('',(1.104117294494E0,3.791004715879E0,7.613363792975E0));
#2756=CARTESIAN_POINT('',(1.104117294494E0,7.016889669010E0,-6.396740136424E0));
#2757=CARTESIAN_POINT('',(1.104117294494E0,7.095109461695E0,-6.310937111211E0));
#2758=CARTESIAN_POINT('',(1.070287238068E0,7.235095883834E0,-6.151123271110E0));
#2759=CARTESIAN_POINT('',(9.551100776921E-1,7.401194233075E0,
-5.949361419534E0));
#2760=CARTESIAN_POINT('',(8.035585175402E-1,7.524643528220E0,
-5.791752671183E0));
#2761=CARTESIAN_POINT('',(6.353094658772E-1,7.612599997802E0,
-5.675223467323E0));
#2762=CARTESIAN_POINT('',(4.635875278497E-1,7.671672320590E0,
-5.594861919671E0));
#2763=CARTESIAN_POINT('',(2.969143209981E-1,7.707629207198E0,
-5.545095985589E0));
#2764=CARTESIAN_POINT('',(1.480757838943E-1,7.725505735422E0,
-5.520116061783E0));
#2765=CARTESIAN_POINT('',(-4.463024622566E-4,7.731509587558E0,
-5.511694163454E0));
#2766=CARTESIAN_POINT('',(-1.489652026417E-1,7.725434199052E0,
-5.520216332787E0));
#2767=CARTESIAN_POINT('',(-2.977731320460E-1,7.707483864439E0,
-5.545298312792E0));
#2768=CARTESIAN_POINT('',(-4.643009661992E-1,7.671468987700E0,
-5.595141122309E0));
#2769=CARTESIAN_POINT('',(-6.358559016912E-1,7.612359553038E0,
-5.675546177469E0));
#2770=CARTESIAN_POINT('',(-8.039165685315E-1,7.524399592484E0,
-5.792069407882E0));
#2771=CARTESIAN_POINT('',(-9.552879860016E-1,7.400983475117E0,
-5.949621926914E0));
#2772=CARTESIAN_POINT('',(-1.070315873057E0,7.234991468243E0,
-6.151243320189E0));
#2773=CARTESIAN_POINT('',(-1.104117294494E0,7.095072017287E0,
-6.310978185771E0));
#2774=CARTESIAN_POINT('',(-1.104117294494E0,7.016889669010E0,
-6.396740136424E0));
#2776=CARTESIAN_POINT('',(0.E0,6.651080254986E0,-6.063260792819E0));
#2777=DIRECTION('',(0.E0,6.736956436465E-1,7.390089172207E-1));
#2778=DIRECTION('',(-9.124936318131E-1,3.023218297719E-1,-2.756027633098E-1));
#2779=AXIS2_PLACEMENT_3D('',#2776,#2777,#2778);
#2781=CARTESIAN_POINT('',(0.E0,6.651080254986E0,-6.063260792819E0));
#2782=DIRECTION('',(0.E0,7.390089172207E-1,-6.736956436465E-1));
#2783=DIRECTION('',(-1.E0,0.E0,0.E0));
#2784=AXIS2_PLACEMENT_3D('',#2781,#2782,#2783);
#2786=CARTESIAN_POINT('',(0.E0,6.651080254986E0,-6.063260792819E0));
#2787=DIRECTION('',(0.E0,-6.736956436465E-1,-7.390089172207E-1));
#2788=DIRECTION('',(9.124936318131E-1,3.023218297719E-1,-2.756027633098E-1));
#2789=AXIS2_PLACEMENT_3D('',#2786,#2787,#2788);
#2791=CARTESIAN_POINT('',(0.E0,6.651080254986E0,-6.063260792819E0));
#2792=DIRECTION('',(0.E0,7.390089172207E-1,-6.736956436465E-1));
#2793=DIRECTION('',(0.E0,-6.736956436465E-1,-7.390089172207E-1));
#2794=AXIS2_PLACEMENT_3D('',#2791,#2792,#2793);
#2796=CARTESIAN_POINT('',(-1.104117294494E0,7.016889669010E0,
-6.396740136424E0));
#2797=CARTESIAN_POINT('',(-1.104117294494E0,6.938669456865E0,
-6.482543621762E0));
#2798=CARTESIAN_POINT('',(-1.070286930505E0,6.792452828711E0,
-6.636679512418E0));
#2799=CARTESIAN_POINT('',(-9.551078633270E-1,6.606875538405E0,
-6.820687155230E0));
#2800=CARTESIAN_POINT('',(-8.035539741600E-1,6.461328867750E0,
-6.958152666036E0));
#2801=CARTESIAN_POINT('',(-6.353024291443E-1,6.353412223983E0,
-7.056485897314E0));
#2802=CARTESIAN_POINT('',(-4.635782732648E-1,6.278844475319E0,
-7.122720554232E0));
#2803=CARTESIAN_POINT('',(-2.969029315878E-1,6.232609391972E0,
-7.163115077150E0));
#2804=CARTESIAN_POINT('',(-1.480640171153E-1,6.209386728573E0,
-7.183219099779E0));
#2805=CARTESIAN_POINT('',(4.583301206678E-4,6.201555948245E0,
-7.189973357042E0));
#2806=CARTESIAN_POINT('',(1.489773846468E-1,6.209482478889E0,
-7.183136452325E0));
#2807=CARTESIAN_POINT('',(2.977850118104E-1,6.232802539676E0,
-7.162947259914E0));
#2808=CARTESIAN_POINT('',(4.643109627156E-1,6.279110724120E0,
-7.122486166204E0));
#2809=CARTESIAN_POINT('',(6.358636447352E-1,6.353719460882E0,
-7.056209423495E0));
#2810=CARTESIAN_POINT('',(8.039216980975E-1,6.461629661518E0,
-6.957873191126E0));
#2811=CARTESIAN_POINT('',(9.552905649528E-1,6.607121954286E0,
-6.820446956708E0));
#2812=CARTESIAN_POINT('',(1.070316341323E0,6.792565701618E0,-6.636561356588E0));
#2813=CARTESIAN_POINT('',(1.104117294494E0,6.938707913174E0,-6.482501437201E0));
#2814=CARTESIAN_POINT('',(1.104117294494E0,7.016889669010E0,-6.396740136424E0));
#2816=CARTESIAN_POINT('',(0.E0,6.651080254986E0,-6.063260792819E0));
#2817=DIRECTION('',(0.E0,-6.736956436465E-1,-7.390089172207E-1));
#2818=DIRECTION('',(1.E0,0.E0,0.E0));
#2819=AXIS2_PLACEMENT_3D('',#2816,#2817,#2818);
#2821=CARTESIAN_POINT('',(1.104117294494E0,6.285270840962E0,-5.729781449214E0));
#2822=CARTESIAN_POINT('',(1.104117294494E0,6.207669738279E0,-5.814905803824E0));
#2823=CARTESIAN_POINT('',(1.069079208505E0,6.059797770980E0,-5.970530418315E0));
#2824=CARTESIAN_POINT('',(9.137554519025E-1,5.845546283831E0,
-6.179527689145E0));
#2825=CARTESIAN_POINT('',(7.139782439439E-1,5.695540804939E0,
-6.316970932485E0));
#2826=CARTESIAN_POINT('',(5.002059832402E-1,5.595084268377E0,
-6.405742827843E0));
#2827=CARTESIAN_POINT('',(2.949034274844E-1,5.538568019259E0,
-6.454457438783E0));
#2828=CARTESIAN_POINT('',(1.013911158625E-1,5.512602065666E0,
-6.476595668078E0));
#2829=CARTESIAN_POINT('',(-1.010135667714E-1,5.512578600314E0,
-6.476615577690E0));
#2830=CARTESIAN_POINT('',(-2.944887932399E-1,5.538483636582E0,
-6.454529628890E0));
#2831=CARTESIAN_POINT('',(-4.998814680690E-1,5.594958896398E0,
-6.405852175308E0));
#2832=CARTESIAN_POINT('',(-7.137785900364E-1,5.695412508553E0,
-6.317086596744E0));
#2833=CARTESIAN_POINT('',(-9.136916864418E-1,5.845462667199E0,
-6.179608585142E0));
#2834=CARTESIAN_POINT('',(-1.069099064317E0,6.059819670650E0,
-5.970509773005E0));
#2835=CARTESIAN_POINT('',(-1.104117294494E0,6.207682556170E0,
-5.814891743267E0));
#2836=CARTESIAN_POINT('',(-1.104117294494E0,6.285270840962E0,
-5.729781449214E0));
#2838=CARTESIAN_POINT('',(0.E0,6.651080254986E0,-6.063260792819E0));
#2839=DIRECTION('',(0.E0,-7.390089172207E-1,6.736956436465E-1));
#2840=DIRECTION('',(0.E0,-6.736956436465E-1,-7.390089172207E-1));
#2841=AXIS2_PLACEMENT_3D('',#2838,#2839,#2840);
#2843=CARTESIAN_POINT('',(0.E0,6.651080254986E0,-6.063260792819E0));
#2844=DIRECTION('',(0.E0,-7.390089172207E-1,6.736956436465E-1));
#2845=DIRECTION('',(1.E0,0.E0,0.E0));
#2846=AXIS2_PLACEMENT_3D('',#2843,#2844,#2845);
#2848=CARTESIAN_POINT('',(0.E0,6.651080254986E0,-6.063260792819E0));
#2849=DIRECTION('',(0.E0,6.736956436465E-1,7.390089172207E-1));
#2850=DIRECTION('',(-1.E0,0.E0,0.E0));
#2851=AXIS2_PLACEMENT_3D('',#2848,#2849,#2850);
#2853=CARTESIAN_POINT('',(-1.104117294494E0,6.285270840962E0,
-5.729781449214E0));
#2854=CARTESIAN_POINT('',(-1.104117294494E0,6.362871674313E0,
-5.644657390048E0));
#2855=CARTESIAN_POINT('',(-1.069079586288E0,6.504188208216E0,
-5.483057395275E0));
#2856=CARTESIAN_POINT('',(-9.137552170460E-1,6.692526170841E0,
-5.250434972860E0));
#2857=CARTESIAN_POINT('',(-7.139780556466E-1,6.815542115655E0,
-5.088387999105E0));
#2858=CARTESIAN_POINT('',(-5.002055625392E-1,6.894666461081E0,
-4.980169029667E0));
#2859=CARTESIAN_POINT('',(-2.949025066520E-1,6.937958572667E0,
-4.919399085634E0));
#2860=CARTESIAN_POINT('',(-1.013910953717E-1,6.957606388634E0,
-4.891501438523E0));
#2861=CARTESIAN_POINT('',(1.010136596705E-1,6.957624042956E0,
-4.891476243599E0));
#2862=CARTESIAN_POINT('',(2.944880924709E-1,6.938022644563E0,
-4.919308437025E0));
#2863=CARTESIAN_POINT('',(4.998814964986E-1,6.894763649368E0,
-4.980034276594E0));
#2864=CARTESIAN_POINT('',(7.137787094589E-1,6.815645295647E0,
-5.088249784220E0));
#2865=CARTESIAN_POINT('',(9.136916165207E-1,6.692598836997E0,
-5.250344461497E0));
#2866=CARTESIAN_POINT('',(1.069099398406E0,6.504169704024E0,-5.483081063858E0));
#2867=CARTESIAN_POINT('',(1.104117294494E0,6.362858878110E0,-5.644671426813E0));
#2868=CARTESIAN_POINT('',(1.104117294494E0,6.285270840962E0,-5.729781449214E0));
#2870=VERTEX_POINT('',#1616);
#2871=VERTEX_POINT('',#1634);
#2872=CARTESIAN_POINT('',(-1.21E0,-5.423711727413E0,7.182155045522E0));
#2873=VERTEX_POINT('',#2872);
#2874=CARTESIAN_POINT('',(0.E0,-6.389312572422E0,6.452967135503E0));
#2875=VERTEX_POINT('',#2874);
#2876=CARTESIAN_POINT('',(1.21E0,-5.423711727413E0,7.182155045522E0));
#2877=VERTEX_POINT('',#2876);
#2878=CARTESIAN_POINT('',(1.219556418188E0,0.E0,-9.495E0));
#2879=CARTESIAN_POINT('',(7.000021932710E-1,3.178743124506E-14,-9.495E0));
#2880=VERTEX_POINT('',#2878);
#2881=VERTEX_POINT('',#2879);
#2882=VERTEX_POINT('',#1029);
#2883=CARTESIAN_POINT('',(-1.219556418188E0,0.E0,-9.495E0));
#2884=VERTEX_POINT('',#2883);
#2885=CARTESIAN_POINT('',(-1.219556418188E0,0.E0,9.495E0));
#2886=VERTEX_POINT('',#2885);
#2887=CARTESIAN_POINT('',(-7.000021932773E-1,1.130653082972E-12,9.495E0));
#2888=VERTEX_POINT('',#2887);
#2889=VERTEX_POINT('',#1112);
#2890=CARTESIAN_POINT('',(1.219556418188E0,0.E0,9.495E0));
#2891=VERTEX_POINT('',#2890);
#2892=VERTEX_POINT('',#1214);
#2893=VERTEX_POINT('',#1232);
#2894=VERTEX_POINT('',#1274);
#2895=VERTEX_POINT('',#1292);
#2896=VERTEX_POINT('',#1388);
#2897=VERTEX_POINT('',#1406);
#2898=VERTEX_POINT('',#1502);
#2899=VERTEX_POINT('',#1520);
#2900=VERTEX_POINT('',#1730);
#2901=VERTEX_POINT('',#1748);
#2902=VERTEX_POINT('',#1844);
#2903=VERTEX_POINT('',#1862);
#2904=VERTEX_POINT('',#1958);
#2905=VERTEX_POINT('',#1976);
#2906=VERTEX_POINT('',#944);
#2907=VERTEX_POINT('',#1145);
#2908=VERTEX_POINT('',#962);
#2909=VERTEX_POINT('',#905);
#2910=VERTEX_POINT('',#2072);
#2911=VERTEX_POINT('',#2090);
#2912=VERTEX_POINT('',#2186);
#2913=VERTEX_POINT('',#2204);
#2914=VERTEX_POINT('',#2300);
#2915=VERTEX_POINT('',#2318);
#2916=VERTEX_POINT('',#2414);
#2917=VERTEX_POINT('',#2432);
#2918=VERTEX_POINT('',#2528);
#2919=VERTEX_POINT('',#2546);
#2920=VERTEX_POINT('',#2642);
#2921=VERTEX_POINT('',#2660);
#2922=VERTEX_POINT('',#2756);
#2923=VERTEX_POINT('',#2774);
#2924=CARTESIAN_POINT('',(1.380968297066E0,0.E0,9.37125E0));
#2925=CARTESIAN_POINT('',(1.380968297066E0,0.E0,-9.37125E0));
#2926=VERTEX_POINT('',#2924);
#2927=VERTEX_POINT('',#2925);
#2928=CARTESIAN_POINT('',(1.380968297066E0,0.E0,8.62875E0));
#2929=CARTESIAN_POINT('',(1.380968297066E0,0.E0,-8.62875E0));
#2930=VERTEX_POINT('',#2928);
#2931=VERTEX_POINT('',#2929);
#2932=CARTESIAN_POINT('',(1.219556418188E0,0.E0,-8.505E0));
#2933=CARTESIAN_POINT('',(1.219556418188E0,0.E0,8.505E0));
#2934=VERTEX_POINT('',#2932);
#2935=VERTEX_POINT('',#2933);
#2936=CARTESIAN_POINT('',(7.523430394486E-1,-2.084395194261E-14,-8.505E0));
#2937=VERTEX_POINT('',#2936);
#2938=VERTEX_POINT('',#829);
#2939=VERTEX_POINT('',#888);
#2940=VERTEX_POINT('',#836);
#2941=CARTESIAN_POINT('',(-1.219556418188E0,0.E0,-8.505E0));
#2942=VERTEX_POINT('',#2941);
#2943=CARTESIAN_POINT('',(-1.219556418188E0,0.E0,8.505E0));
#2944=VERTEX_POINT('',#2943);
#2945=CARTESIAN_POINT('',(-7.523430394487E-1,-2.637753403811E-14,8.505E0));
#2946=VERTEX_POINT('',#2945);
#2947=VERTEX_POINT('',#847);
#2948=VERTEX_POINT('',#1170);
#2949=VERTEX_POINT('',#854);
#2950=VERTEX_POINT('',#2821);
#2951=VERTEX_POINT('',#2836);
#2952=VERTEX_POINT('',#2707);
#2953=VERTEX_POINT('',#2722);
#2954=VERTEX_POINT('',#2593);
#2955=VERTEX_POINT('',#2608);
#2956=VERTEX_POINT('',#2479);
#2957=VERTEX_POINT('',#2494);
#2958=VERTEX_POINT('',#2365);
#2959=VERTEX_POINT('',#2380);
#2960=VERTEX_POINT('',#2251);
#2961=VERTEX_POINT('',#2266);
#2962=VERTEX_POINT('',#2137);
#2963=VERTEX_POINT('',#2152);
#2964=VERTEX_POINT('',#2023);
#2965=VERTEX_POINT('',#2038);
#2966=VERTEX_POINT('',#1909);
#2967=VERTEX_POINT('',#1924);
#2968=VERTEX_POINT('',#1795);
#2969=VERTEX_POINT('',#1810);
#2970=VERTEX_POINT('',#1681);
#2971=VERTEX_POINT('',#1696);
#2972=VERTEX_POINT('',#1567);
#2973=VERTEX_POINT('',#1582);
#2974=VERTEX_POINT('',#1453);
#2975=VERTEX_POINT('',#1468);
#2976=VERTEX_POINT('',#1339);
#2977=VERTEX_POINT('',#1354);
#2978=VERTEX_POINT('',#760);
#2979=VERTEX_POINT('',#775);
#2980=CARTESIAN_POINT('',(1.21E0,8.304152351697E-1,8.961607586655E0));
#2981=VERTEX_POINT('',#2980);
#2982=CARTESIAN_POINT('',(0.E0,-3.744231181473E-1,9.073252301606E0));
#2983=VERTEX_POINT('',#2982);
#2984=CARTESIAN_POINT('',(-1.21E0,8.304152351697E-1,8.961607586655E0));
#2985=VERTEX_POINT('',#2984);
#2986=CARTESIAN_POINT('',(0.E0,2.035253588487E0,8.849962871704E0));
#2987=VERTEX_POINT('',#2986);
#2988=CARTESIAN_POINT('',(-1.380968297066E0,0.E0,-8.62875E0));
#2989=VERTEX_POINT('',#2988);
#2990=CARTESIAN_POINT('',(-1.380968297066E0,0.E0,8.62875E0));
#2991=VERTEX_POINT('',#2990);
#2992=CARTESIAN_POINT('',(-1.380968297066E0,0.E0,9.37125E0));
#2993=CARTESIAN_POINT('',(-1.380968297066E0,0.E0,-9.37125E0));
#2994=VERTEX_POINT('',#2992);
#2995=VERTEX_POINT('',#2993);
#2996=CARTESIAN_POINT('',(1.21E0,8.304152351698E-1,-8.961607586655E0));
#2997=VERTEX_POINT('',#2996);
#2998=CARTESIAN_POINT('',(-1.21E0,8.304152351698E-1,-8.961607586655E0));
#2999=VERTEX_POINT('',#2998);
#3000=CARTESIAN_POINT('',(0.E0,-3.744231181472E-1,-9.073252301606E0));
#3001=VERTEX_POINT('',#3000);
#3002=CARTESIAN_POINT('',(0.E0,2.035253588487E0,-8.849962871704E0));
#3003=VERTEX_POINT('',#3002);
#3004=CARTESIAN_POINT('',(1.21E0,-2.462966910649E0,-8.656430788555E0));
#3005=VERTEX_POINT('',#3004);
#3006=CARTESIAN_POINT('',(-1.21E0,-2.462966910649E0,-8.656430788555E0));
#3007=VERTEX_POINT('',#3006);
#3008=CARTESIAN_POINT('',(0.E0,-3.626775938888E0,-8.325298570568E0));
#3009=VERTEX_POINT('',#3008);
#3010=CARTESIAN_POINT('',(0.E0,-1.299157882410E0,-8.987563006542E0));
#3011=VERTEX_POINT('',#3010);
#3012=CARTESIAN_POINT('',(1.21E0,-7.651954221566E0,-4.737889465896E0));
#3013=VERTEX_POINT('',#3012);
#3014=CARTESIAN_POINT('',(-1.21E0,-7.651954221566E0,-4.737889465896E0));
#3015=VERTEX_POINT('',#3014);
#3016=CARTESIAN_POINT('',(0.E0,-8.288937138648E0,-3.709126731663E0));
#3017=VERTEX_POINT('',#3016);
#3018=CARTESIAN_POINT('',(0.E0,-7.014971304484E0,-5.766652200129E0));
#3019=VERTEX_POINT('',#3018);
#3020=CARTESIAN_POINT('',(1.21E0,-8.846757897155E0,1.653745660349E0));
#3021=VERTEX_POINT('',#3020);
#3022=CARTESIAN_POINT('',(-1.21E0,-8.846757897155E0,1.653745660349E0));
#3023=VERTEX_POINT('',#3022);
#3024=CARTESIAN_POINT('',(0.E0,-8.624420980597E0,2.843143110967E0));
#3025=VERTEX_POINT('',#3024);
#3026=CARTESIAN_POINT('',(0.E0,-9.069094813713E0,4.643482097315E-1));
#3027=VERTEX_POINT('',#3026);
#3028=CARTESIAN_POINT('',(0.E0,-4.458110882404E0,7.911342955541E0));
#3029=VERTEX_POINT('',#3028);
#3030=CARTESIAN_POINT('',(1.21E0,-2.462966910649E0,8.656430788555E0));
#3031=VERTEX_POINT('',#3030);
#3032=CARTESIAN_POINT('',(-1.21E0,-2.462966910649E0,8.656430788555E0));
#3033=VERTEX_POINT('',#3032);
#3034=CARTESIAN_POINT('',(0.E0,-1.299157882410E0,8.987563006542E0));
#3035=VERTEX_POINT('',#3034);
#3036=CARTESIAN_POINT('',(0.E0,-3.626775938888E0,8.325298570568E0));
#3037=VERTEX_POINT('',#3036);
#3038=CARTESIAN_POINT('',(1.21E0,-7.651954221567E0,4.737889465896E0));
#3039=VERTEX_POINT('',#3038);
#3040=CARTESIAN_POINT('',(-1.21E0,-7.651954221567E0,4.737889465896E0));
#3041=VERTEX_POINT('',#3040);
#3042=CARTESIAN_POINT('',(0.E0,-7.014971304485E0,5.766652200129E0));
#3043=VERTEX_POINT('',#3042);
#3044=CARTESIAN_POINT('',(0.E0,-8.288937138649E0,3.709126731663E0));
#3045=VERTEX_POINT('',#3044);
#3046=CARTESIAN_POINT('',(1.21E0,-8.846757897155E0,-1.653745660349E0));
#3047=VERTEX_POINT('',#3046);
#3048=CARTESIAN_POINT('',(-1.21E0,-8.846757897155E0,-1.653745660349E0));
#3049=VERTEX_POINT('',#3048);
#3050=CARTESIAN_POINT('',(0.E0,-9.069094813713E0,-4.643482097315E-1));
#3051=VERTEX_POINT('',#3050);
#3052=CARTESIAN_POINT('',(0.E0,-8.624420980597E0,-2.843143110967E0));
#3053=VERTEX_POINT('',#3052);
#3054=CARTESIAN_POINT('',(1.21E0,-5.423711727413E0,-7.182155045522E0));
#3055=VERTEX_POINT('',#3054);
#3056=CARTESIAN_POINT('',(-1.21E0,-5.423711727413E0,-7.182155045522E0));
#3057=VERTEX_POINT('',#3056);
#3058=CARTESIAN_POINT('',(0.E0,-6.389312572422E0,-6.452967135503E0));
#3059=VERTEX_POINT('',#3058);
#3060=CARTESIAN_POINT('',(0.E0,-4.458110882404E0,-7.911342955541E0));
#3061=VERTEX_POINT('',#3060);
#3062=CARTESIAN_POINT('',(1.21E0,6.651080254986E0,-6.063260792819E0));
#3063=VERTEX_POINT('',#3062);
#3064=CARTESIAN_POINT('',(-1.21E0,6.651080254986E0,-6.063260792819E0));
#3065=VERTEX_POINT('',#3064);
#3066=CARTESIAN_POINT('',(0.E0,5.835908526174E0,-6.957461582656E0));
#3067=VERTEX_POINT('',#3066);
#3068=CARTESIAN_POINT('',(0.E0,7.466251983798E0,-5.169060002982E0));
#3069=VERTEX_POINT('',#3068);
#3070=CARTESIAN_POINT('',(1.21E0,4.011645201989E0,8.056469622196E0));
#3071=VERTEX_POINT('',#3070);
#3072=CARTESIAN_POINT('',(-1.21E0,4.011645201989E0,8.056469622196E0));
#3073=VERTEX_POINT('',#3072);
#3074=CARTESIAN_POINT('',(0.E0,5.094792784529E0,7.517126211706E0));
#3075=VERTEX_POINT('',#3074);
#3076=CARTESIAN_POINT('',(0.E0,2.928497619449E0,8.595813032686E0));
#3077=VERTEX_POINT('',#3076);
#3078=CARTESIAN_POINT('',(1.21E0,8.392250064639E0,3.251174995684E0));
#3079=VERTEX_POINT('',#3078);
#3080=CARTESIAN_POINT('',(-1.21E0,8.392250064639E0,3.251174995684E0));
#3081=VERTEX_POINT('',#3080);
#3082=CARTESIAN_POINT('',(0.E0,8.829352480725E0,2.122883598105E0));
#3083=VERTEX_POINT('',#3082);
#3084=CARTESIAN_POINT('',(0.E0,7.955147648553E0,4.379466393263E0));
#3085=VERTEX_POINT('',#3084);
#3086=CARTESIAN_POINT('',(1.21E0,9.E0,0.E0));
#3087=VERTEX_POINT('',#3086);
#3088=CARTESIAN_POINT('',(-1.21E0,9.E0,0.E0));
#3089=VERTEX_POINT('',#3088);
#3090=CARTESIAN_POINT('',(0.E0,9.E0,-1.21E0));
#3091=VERTEX_POINT('',#3090);
#3092=CARTESIAN_POINT('',(0.E0,9.E0,1.21E0));
#3093=VERTEX_POINT('',#3092);
#3094=CARTESIAN_POINT('',(1.21E0,6.651080254986E0,6.063260792819E0));
#3095=VERTEX_POINT('',#3094);
#3096=CARTESIAN_POINT('',(-1.21E0,6.651080254986E0,6.063260792819E0));
#3097=VERTEX_POINT('',#3096);
#3098=CARTESIAN_POINT('',(0.E0,7.466251983798E0,5.169060002982E0));
#3099=VERTEX_POINT('',#3098);
#3100=CARTESIAN_POINT('',(0.E0,5.835908526174E0,6.957461582656E0));
#3101=VERTEX_POINT('',#3100);
#3102=CARTESIAN_POINT('',(1.21E0,4.011645201989E0,-8.056469622196E0));
#3103=VERTEX_POINT('',#3102);
#3104=CARTESIAN_POINT('',(-1.21E0,4.011645201989E0,-8.056469622196E0));
#3105=VERTEX_POINT('',#3104);
#3106=CARTESIAN_POINT('',(0.E0,2.928497619449E0,-8.595813032686E0));
#3107=VERTEX_POINT('',#3106);
#3108=CARTESIAN_POINT('',(0.E0,5.094792784529E0,-7.517126211706E0));
#3109=VERTEX_POINT('',#3108);
#3110=CARTESIAN_POINT('',(1.21E0,8.392250064639E0,-3.251174995684E0));
#3111=VERTEX_POINT('',#3110);
#3112=CARTESIAN_POINT('',(-1.21E0,8.392250064639E0,-3.251174995684E0));
#3113=VERTEX_POINT('',#3112);
#3114=CARTESIAN_POINT('',(0.E0,7.955147648553E0,-4.379466393263E0));
#3115=VERTEX_POINT('',#3114);
#3116=CARTESIAN_POINT('',(0.E0,8.829352480725E0,-2.122883598105E0));
#3117=VERTEX_POINT('',#3116);
#3118=CARTESIAN_POINT('',(0.E0,-5.423711727413E0,-7.182155045522E0));
#3119=DIRECTION('',(0.E0,-7.980172272803E-1,6.026346363792E-1));
#3120=DIRECTION('',(-1.E0,0.E0,0.E0));
#3121=AXIS2_PLACEMENT_3D('',#3118,#3119,#3120);
#3122=SPHERICAL_SURFACE('',#3121,1.21E0);
#3124=ORIENTED_EDGE('',*,*,#3123,.F.);
#3126=ORIENTED_EDGE('',*,*,#3125,.T.);
#3128=ORIENTED_EDGE('',*,*,#3127,.F.);
#3130=ORIENTED_EDGE('',*,*,#3129,.T.);
#3132=ORIENTED_EDGE('',*,*,#3131,.T.);
#3133=EDGE_LOOP('',(#3124,#3126,#3128,#3130,#3132));
#3134=FACE_OUTER_BOUND('',#3133,.F.);
#3135=ADVANCED_FACE('',(#3134),#3122,.F.);
#3136=CARTESIAN_POINT('',(0.E0,-5.423711727413E0,-7.182155045522E0));
#3137=DIRECTION('',(0.E0,-7.980172272803E-1,6.026346363792E-1));
#3138=DIRECTION('',(-1.E0,0.E0,0.E0));
#3139=AXIS2_PLACEMENT_3D('',#3136,#3137,#3138);
#3140=SPHERICAL_SURFACE('',#3139,1.21E0);
#3141=ORIENTED_EDGE('',*,*,#3123,.T.);
#3143=ORIENTED_EDGE('',*,*,#3142,.T.);
#3144=ORIENTED_EDGE('',*,*,#3129,.F.);
#3146=ORIENTED_EDGE('',*,*,#3145,.F.);
#3148=ORIENTED_EDGE('',*,*,#3147,.T.);
#3149=EDGE_LOOP('',(#3141,#3143,#3144,#3146,#3148));
#3150=FACE_OUTER_BOUND('',#3149,.F.);
#3151=ADVANCED_FACE('',(#3150),#3140,.F.);
#3152=CARTESIAN_POINT('',(-2.E0,0.E0,0.E0));
#3153=DIRECTION('',(-1.E0,0.E0,0.E0));
#3154=DIRECTION('',(0.E0,0.E0,1.E0));
#3155=AXIS2_PLACEMENT_3D('',#3152,#3153,#3154);
#3156=CYLINDRICAL_SURFACE('',#3155,8.505E0);
#3158=ORIENTED_EDGE('',*,*,#3157,.F.);
#3160=ORIENTED_EDGE('',*,*,#3159,.T.);
#3162=ORIENTED_EDGE('',*,*,#3161,.F.);
#3164=ORIENTED_EDGE('',*,*,#3163,.T.);
#3166=ORIENTED_EDGE('',*,*,#3165,.F.);
#3168=ORIENTED_EDGE('',*,*,#3167,.F.);
#3170=ORIENTED_EDGE('',*,*,#3169,.F.);
#3172=ORIENTED_EDGE('',*,*,#3171,.F.);
#3173=EDGE_LOOP('',(#3158,#3160,#3162,#3164,#3166,#3168,#3170,#3172));
#3174=FACE_OUTER_BOUND('',#3173,.F.);
#3176=ORIENTED_EDGE('',*,*,#3175,.F.);
#3178=ORIENTED_EDGE('',*,*,#3177,.F.);
#3179=EDGE_LOOP('',(#3176,#3178));
#3180=FACE_BOUND('',#3179,.F.);
#3182=ORIENTED_EDGE('',*,*,#3181,.F.);
#3184=ORIENTED_EDGE('',*,*,#3183,.F.);
#3185=EDGE_LOOP('',(#3182,#3184));
#3186=FACE_BOUND('',#3185,.F.);
#3188=ORIENTED_EDGE('',*,*,#3187,.F.);
#3190=ORIENTED_EDGE('',*,*,#3189,.F.);
#3191=EDGE_LOOP('',(#3188,#3190));
#3192=FACE_BOUND('',#3191,.F.);
#3194=ORIENTED_EDGE('',*,*,#3193,.F.);
#3196=ORIENTED_EDGE('',*,*,#3195,.F.);
#3197=EDGE_LOOP('',(#3194,#3196));
#3198=FACE_BOUND('',#3197,.F.);
#3200=ORIENTED_EDGE('',*,*,#3199,.F.);
#3202=ORIENTED_EDGE('',*,*,#3201,.F.);
#3203=EDGE_LOOP('',(#3200,#3202));
#3204=FACE_BOUND('',#3203,.F.);
#3206=ORIENTED_EDGE('',*,*,#3205,.F.);
#3208=ORIENTED_EDGE('',*,*,#3207,.F.);
#3209=EDGE_LOOP('',(#3206,#3208));
#3210=FACE_BOUND('',#3209,.F.);
#3212=ORIENTED_EDGE('',*,*,#3211,.F.);
#3214=ORIENTED_EDGE('',*,*,#3213,.F.);
#3215=EDGE_LOOP('',(#3212,#3214));
#3216=FACE_BOUND('',#3215,.F.);
#3217=ORIENTED_EDGE('',*,*,#3142,.F.);
#3218=ORIENTED_EDGE('',*,*,#3131,.F.);
#3219=EDGE_LOOP('',(#3217,#3218));
#3220=FACE_BOUND('',#3219,.F.);
#3221=ADVANCED_FACE('',(#3174,#3180,#3186,#3192,#3198,#3204,#3210,#3216,#3220),
#3156,.F.);
#3222=CARTESIAN_POINT('',(1.219556418188E0,0.E0,0.E0));
#3223=DIRECTION('',(-1.E0,0.E0,0.E0));
#3224=DIRECTION('',(0.E0,0.E0,1.E0));
#3225=AXIS2_PLACEMENT_3D('',#3222,#3223,#3224);
#3226=TOROIDAL_SURFACE('',#3225,8.672142857143E0,1.671428571429E-1);
#3228=ORIENTED_EDGE('',*,*,#3227,.T.);
#3230=ORIENTED_EDGE('',*,*,#3229,.T.);
#3232=ORIENTED_EDGE('',*,*,#3231,.F.);
#3233=ORIENTED_EDGE('',*,*,#3157,.T.);
#3234=EDGE_LOOP('',(#3228,#3230,#3232,#3233));
#3235=FACE_OUTER_BOUND('',#3234,.F.);
#3236=ADVANCED_FACE('',(#3235),#3226,.T.);
#3237=CARTESIAN_POINT('',(1.219556418188E0,0.E0,0.E0));
#3238=DIRECTION('',(-1.E0,0.E0,0.E0));
#3239=DIRECTION('',(0.E0,0.E0,1.E0));
#3240=AXIS2_PLACEMENT_3D('',#3237,#3238,#3239);
#3241=TOROIDAL_SURFACE('',#3240,8.672142857143E0,1.671428571429E-1);
#3243=ORIENTED_EDGE('',*,*,#3242,.T.);
#3244=ORIENTED_EDGE('',*,*,#3231,.T.);
#3246=ORIENTED_EDGE('',*,*,#3245,.T.);
#3247=ORIENTED_EDGE('',*,*,#3227,.F.);
#3248=EDGE_LOOP('',(#3243,#3244,#3246,#3247));
#3249=FACE_OUTER_BOUND('',#3248,.F.);
#3250=ADVANCED_FACE('',(#3249),#3241,.T.);
#3251=CARTESIAN_POINT('',(-2.E0,0.E0,0.E0));
#3252=DIRECTION('',(-1.E0,0.E0,0.E0));
#3253=DIRECTION('',(0.E0,0.E0,1.E0));
#3254=AXIS2_PLACEMENT_3D('',#3251,#3252,#3253);
#3255=CYLINDRICAL_SURFACE('',#3254,8.505E0);
#3256=ORIENTED_EDGE('',*,*,#3171,.T.);
#3258=ORIENTED_EDGE('',*,*,#3257,.T.);
#3260=ORIENTED_EDGE('',*,*,#3259,.F.);
#3262=ORIENTED_EDGE('',*,*,#3261,.T.);
#3263=ORIENTED_EDGE('',*,*,#3167,.T.);
#3265=ORIENTED_EDGE('',*,*,#3264,.F.);
#3266=ORIENTED_EDGE('',*,*,#3163,.F.);
#3268=ORIENTED_EDGE('',*,*,#3267,.T.);
#3270=ORIENTED_EDGE('',*,*,#3269,.F.);
#3272=ORIENTED_EDGE('',*,*,#3271,.T.);
#3273=ORIENTED_EDGE('',*,*,#3159,.F.);
#3274=ORIENTED_EDGE('',*,*,#3242,.F.);
#3275=EDGE_LOOP('',(#3256,#3258,#3260,#3262,#3263,#3265,#3266,#3268,#3270,#3272,
#3273,#3274));
#3276=FACE_OUTER_BOUND('',#3275,.F.);
#3278=ORIENTED_EDGE('',*,*,#3277,.F.);
#3280=ORIENTED_EDGE('',*,*,#3279,.F.);
#3281=EDGE_LOOP('',(#3278,#3280));
#3282=FACE_BOUND('',#3281,.F.);
#3284=ORIENTED_EDGE('',*,*,#3283,.F.);
#3286=ORIENTED_EDGE('',*,*,#3285,.F.);
#3287=EDGE_LOOP('',(#3284,#3286));
#3288=FACE_BOUND('',#3287,.F.);
#3290=ORIENTED_EDGE('',*,*,#3289,.F.);
#3292=ORIENTED_EDGE('',*,*,#3291,.F.);
#3293=EDGE_LOOP('',(#3290,#3292));
#3294=FACE_BOUND('',#3293,.F.);
#3296=ORIENTED_EDGE('',*,*,#3295,.F.);
#3298=ORIENTED_EDGE('',*,*,#3297,.F.);
#3299=EDGE_LOOP('',(#3296,#3298));
#3300=FACE_BOUND('',#3299,.F.);
#3302=ORIENTED_EDGE('',*,*,#3301,.F.);
#3304=ORIENTED_EDGE('',*,*,#3303,.F.);
#3305=EDGE_LOOP('',(#3302,#3304));
#3306=FACE_BOUND('',#3305,.F.);
#3308=ORIENTED_EDGE('',*,*,#3307,.F.);
#3310=ORIENTED_EDGE('',*,*,#3309,.F.);
#3311=EDGE_LOOP('',(#3308,#3310));
#3312=FACE_BOUND('',#3311,.F.);
#3314=ORIENTED_EDGE('',*,*,#3313,.F.);
#3316=ORIENTED_EDGE('',*,*,#3315,.F.);
#3317=EDGE_LOOP('',(#3314,#3316));
#3318=FACE_BOUND('',#3317,.F.);
#3319=ADVANCED_FACE('',(#3276,#3282,#3288,#3294,#3300,#3306,#3312,#3318),#3255,
.F.);
#3320=CARTESIAN_POINT('',(0.E0,8.304152351698E-1,-8.961607586655E0));
#3321=DIRECTION('',(0.E0,-9.957341762950E-1,-9.226835946331E-2));
#3322=DIRECTION('',(-1.E0,0.E0,0.E0));
#3323=AXIS2_PLACEMENT_3D('',#3320,#3321,#3322);
#3324=SPHERICAL_SURFACE('',#3323,1.21E0);
#3326=ORIENTED_EDGE('',*,*,#3325,.T.);
#3327=ORIENTED_EDGE('',*,*,#3257,.F.);
#3328=ORIENTED_EDGE('',*,*,#3169,.T.);
#3329=ORIENTED_EDGE('',*,*,#3261,.F.);
#3331=ORIENTED_EDGE('',*,*,#3330,.F.);
#3333=ORIENTED_EDGE('',*,*,#3332,.F.);
#3335=ORIENTED_EDGE('',*,*,#3334,.T.);
#3336=EDGE_LOOP('',(#3326,#3327,#3328,#3329,#3331,#3333,#3335));
#3337=FACE_OUTER_BOUND('',#3336,.F.);
#3338=ADVANCED_FACE('',(#3337),#3324,.F.);
#3339=CARTESIAN_POINT('',(0.E0,8.304152351698E-1,-8.961607586655E0));
#3340=DIRECTION('',(0.E0,-9.957341762950E-1,-9.226835946331E-2));
#3341=DIRECTION('',(-1.E0,0.E0,0.E0));
#3342=AXIS2_PLACEMENT_3D('',#3339,#3340,#3341);
#3343=SPHERICAL_SURFACE('',#3342,1.21E0);
#3344=ORIENTED_EDGE('',*,*,#3325,.F.);
#3346=ORIENTED_EDGE('',*,*,#3345,.T.);
#3348=ORIENTED_EDGE('',*,*,#3347,.F.);
#3349=ORIENTED_EDGE('',*,*,#3330,.T.);
#3350=ORIENTED_EDGE('',*,*,#3259,.T.);
#3351=EDGE_LOOP('',(#3344,#3346,#3348,#3349,#3350));
#3352=FACE_OUTER_BOUND('',#3351,.F.);
#3353=ADVANCED_FACE('',(#3352),#3343,.F.);
#3354=CARTESIAN_POINT('',(0.E0,8.304152351698E-1,-8.961607586655E0));
#3355=DIRECTION('',(0.E0,-9.957341762950E-1,-9.226835946331E-2));
#3356=DIRECTION('',(-1.E0,0.E0,0.E0));
#3357=AXIS2_PLACEMENT_3D('',#3354,#3355,#3356);
#3358=SPHERICAL_SURFACE('',#3357,1.21E0);
#3360=ORIENTED_EDGE('',*,*,#3359,.T.);
#3362=ORIENTED_EDGE('',*,*,#3361,.T.);
#3363=ORIENTED_EDGE('',*,*,#3347,.T.);
#3364=ORIENTED_EDGE('',*,*,#3345,.F.);
#3366=ORIENTED_EDGE('',*,*,#3365,.F.);
#3367=EDGE_LOOP('',(#3360,#3362,#3363,#3364,#3366));
#3368=FACE_OUTER_BOUND('',#3367,.F.);
#3369=ADVANCED_FACE('',(#3368),#3358,.F.);
#3370=CARTESIAN_POINT('',(-2.E0,0.E0,0.E0));
#3371=DIRECTION('',(-1.E0,0.E0,0.E0));
#3372=DIRECTION('',(0.E0,0.E0,1.E0));
#3373=AXIS2_PLACEMENT_3D('',#3370,#3371,#3372);
#3374=CYLINDRICAL_SURFACE('',#3373,9.495E0);
#3376=ORIENTED_EDGE('',*,*,#3375,.F.);
#3378=ORIENTED_EDGE('',*,*,#3377,.T.);
#3380=ORIENTED_EDGE('',*,*,#3379,.T.);
#3382=ORIENTED_EDGE('',*,*,#3381,.F.);
#3384=ORIENTED_EDGE('',*,*,#3383,.T.);
#3386=ORIENTED_EDGE('',*,*,#3385,.T.);
#3388=ORIENTED_EDGE('',*,*,#3387,.F.);
#3390=ORIENTED_EDGE('',*,*,#3389,.F.);
#3392=ORIENTED_EDGE('',*,*,#3391,.T.);
#3393=ORIENTED_EDGE('',*,*,#3359,.F.);
#3395=ORIENTED_EDGE('',*,*,#3394,.T.);
#3397=ORIENTED_EDGE('',*,*,#3396,.F.);
#3398=EDGE_LOOP('',(#3376,#3378,#3380,#3382,#3384,#3386,#3388,#3390,#3392,#3393,
#3395,#3397));
#3399=FACE_OUTER_BOUND('',#3398,.F.);
#3401=ORIENTED_EDGE('',*,*,#3400,.F.);
#3403=ORIENTED_EDGE('',*,*,#3402,.F.);
#3404=EDGE_LOOP('',(#3401,#3403));
#3405=FACE_BOUND('',#3404,.F.);
#3407=ORIENTED_EDGE('',*,*,#3406,.F.);
#3409=ORIENTED_EDGE('',*,*,#3408,.F.);
#3410=EDGE_LOOP('',(#3407,#3409));
#3411=FACE_BOUND('',#3410,.F.);
#3413=ORIENTED_EDGE('',*,*,#3412,.F.);
#3415=ORIENTED_EDGE('',*,*,#3414,.F.);
#3416=EDGE_LOOP('',(#3413,#3415));
#3417=FACE_BOUND('',#3416,.F.);
#3419=ORIENTED_EDGE('',*,*,#3418,.F.);
#3421=ORIENTED_EDGE('',*,*,#3420,.F.);
#3422=EDGE_LOOP('',(#3419,#3421));
#3423=FACE_BOUND('',#3422,.F.);
#3425=ORIENTED_EDGE('',*,*,#3424,.F.);
#3427=ORIENTED_EDGE('',*,*,#3426,.F.);
#3428=EDGE_LOOP('',(#3425,#3427));
#3429=FACE_BOUND('',#3428,.F.);
#3431=ORIENTED_EDGE('',*,*,#3430,.F.);
#3433=ORIENTED_EDGE('',*,*,#3432,.F.);
#3434=EDGE_LOOP('',(#3431,#3433));
#3435=FACE_BOUND('',#3434,.F.);
#3437=ORIENTED_EDGE('',*,*,#3436,.F.);
#3439=ORIENTED_EDGE('',*,*,#3438,.F.);
#3440=EDGE_LOOP('',(#3437,#3439));
#3441=FACE_BOUND('',#3440,.F.);
#3442=ADVANCED_FACE('',(#3399,#3405,#3411,#3417,#3423,#3429,#3435,#3441),#3374,
.T.);
#3443=CARTESIAN_POINT('',(1.219556418188E0,0.E0,0.E0));
#3444=DIRECTION('',(-1.E0,0.E0,0.E0));
#3445=DIRECTION('',(0.E0,0.E0,1.E0));
#3446=AXIS2_PLACEMENT_3D('',#3443,#3444,#3445);
#3447=TOROIDAL_SURFACE('',#3446,9.327857142857E0,1.671428571429E-1);
#3449=ORIENTED_EDGE('',*,*,#3448,.F.);
#3451=ORIENTED_EDGE('',*,*,#3450,.T.);
#3452=ORIENTED_EDGE('',*,*,#3375,.T.);
#3454=ORIENTED_EDGE('',*,*,#3453,.F.);
#3455=EDGE_LOOP('',(#3449,#3451,#3452,#3454));
#3456=FACE_OUTER_BOUND('',#3455,.F.);
#3457=ADVANCED_FACE('',(#3456),#3447,.T.);
#3458=CARTESIAN_POINT('',(0.E0,0.E0,0.E0));
#3459=DIRECTION('',(-1.E0,0.E0,0.E0));
#3460=DIRECTION('',(0.E0,0.E0,1.E0));
#3461=AXIS2_PLACEMENT_3D('',#3458,#3459,#3460);
#3462=TOROIDAL_SURFACE('',#3461,9.E0,1.43E0);
#3463=ORIENTED_EDGE('',*,*,#3245,.F.);
#3465=ORIENTED_EDGE('',*,*,#3464,.T.);
#3466=ORIENTED_EDGE('',*,*,#3448,.T.);
#3468=ORIENTED_EDGE('',*,*,#3467,.F.);
#3469=EDGE_LOOP('',(#3463,#3465,#3466,#3468));
#3470=FACE_OUTER_BOUND('',#3469,.F.);
#3471=ADVANCED_FACE('',(#3470),#3462,.T.);
#3472=CARTESIAN_POINT('',(0.E0,0.E0,0.E0));
#3473=DIRECTION('',(-1.E0,0.E0,0.E0));
#3474=DIRECTION('',(0.E0,0.E0,1.E0));
#3475=AXIS2_PLACEMENT_3D('',#3472,#3473,#3474);
#3476=TOROIDAL_SURFACE('',#3475,9.E0,1.43E0);
#3477=ORIENTED_EDGE('',*,*,#3467,.T.);
#3479=ORIENTED_EDGE('',*,*,#3478,.T.);
#3480=ORIENTED_EDGE('',*,*,#3464,.F.);
#3481=ORIENTED_EDGE('',*,*,#3229,.F.);
#3482=EDGE_LOOP('',(#3477,#3479,#3480,#3481));
#3483=FACE_OUTER_BOUND('',#3482,.F.);
#3484=ADVANCED_FACE('',(#3483),#3476,.T.);
#3485=CARTESIAN_POINT('',(1.219556418188E0,0.E0,0.E0));
#3486=DIRECTION('',(-1.E0,0.E0,0.E0));
#3487=DIRECTION('',(0.E0,0.E0,1.E0));
#3488=AXIS2_PLACEMENT_3D('',#3485,#3486,#3487);
#3489=TOROIDAL_SURFACE('',#3488,9.327857142857E0,1.671428571429E-1);
#3490=ORIENTED_EDGE('',*,*,#3453,.T.);
#3492=ORIENTED_EDGE('',*,*,#3491,.T.);
#3493=ORIENTED_EDGE('',*,*,#3450,.F.);
#3494=ORIENTED_EDGE('',*,*,#3478,.F.);
#3495=EDGE_LOOP('',(#3490,#3492,#3493,#3494));
#3496=FACE_OUTER_BOUND('',#3495,.F.);
#3497=ADVANCED_FACE('',(#3496),#3489,.T.);
#3498=CARTESIAN_POINT('',(-2.E0,0.E0,0.E0));
#3499=DIRECTION('',(-1.E0,0.E0,0.E0));
#3500=DIRECTION('',(0.E0,0.E0,1.E0));
#3501=AXIS2_PLACEMENT_3D('',#3498,#3499,#3500);
#3502=CYLINDRICAL_SURFACE('',#3501,9.495E0);
#3503=ORIENTED_EDGE('',*,*,#3396,.T.);
#3505=ORIENTED_EDGE('',*,*,#3504,.F.);
#3506=ORIENTED_EDGE('',*,*,#3389,.T.);
#3508=ORIENTED_EDGE('',*,*,#3507,.F.);
#3509=ORIENTED_EDGE('',*,*,#3385,.F.);
#3511=ORIENTED_EDGE('',*,*,#3510,.F.);
#3512=ORIENTED_EDGE('',*,*,#3377,.F.);
#3513=ORIENTED_EDGE('',*,*,#3491,.F.);
#3514=EDGE_LOOP('',(#3503,#3505,#3506,#3508,#3509,#3511,#3512,#3513));
#3515=FACE_OUTER_BOUND('',#3514,.F.);
#3517=ORIENTED_EDGE('',*,*,#3516,.F.);
#3519=ORIENTED_EDGE('',*,*,#3518,.F.);
#3520=EDGE_LOOP('',(#3517,#3519));
#3521=FACE_BOUND('',#3520,.F.);
#3523=ORIENTED_EDGE('',*,*,#3522,.F.);
#3525=ORIENTED_EDGE('',*,*,#3524,.F.);
#3526=EDGE_LOOP('',(#3523,#3525));
#3527=FACE_BOUND('',#3526,.F.);
#3529=ORIENTED_EDGE('',*,*,#3528,.F.);
#3531=ORIENTED_EDGE('',*,*,#3530,.F.);
#3532=EDGE_LOOP('',(#3529,#3531));
#3533=FACE_BOUND('',#3532,.F.);
#3535=ORIENTED_EDGE('',*,*,#3534,.F.);
#3537=ORIENTED_EDGE('',*,*,#3536,.F.);
#3538=EDGE_LOOP('',(#3535,#3537));
#3539=FACE_BOUND('',#3538,.F.);
#3541=ORIENTED_EDGE('',*,*,#3540,.F.);
#3543=ORIENTED_EDGE('',*,*,#3542,.F.);
#3544=EDGE_LOOP('',(#3541,#3543));
#3545=FACE_BOUND('',#3544,.F.);
#3547=ORIENTED_EDGE('',*,*,#3546,.F.);
#3549=ORIENTED_EDGE('',*,*,#3548,.F.);
#3550=EDGE_LOOP('',(#3547,#3549));
#3551=FACE_BOUND('',#3550,.F.);
#3553=ORIENTED_EDGE('',*,*,#3552,.F.);
#3555=ORIENTED_EDGE('',*,*,#3554,.F.);
#3556=EDGE_LOOP('',(#3553,#3555));
#3557=FACE_BOUND('',#3556,.F.);
#3559=ORIENTED_EDGE('',*,*,#3558,.F.);
#3561=ORIENTED_EDGE('',*,*,#3560,.F.);
#3562=EDGE_LOOP('',(#3559,#3561));
#3563=FACE_BOUND('',#3562,.F.);
#3564=ADVANCED_FACE('',(#3515,#3521,#3527,#3533,#3539,#3545,#3551,#3557,#3563),
#3502,.T.);
#3565=CARTESIAN_POINT('',(0.E0,8.304152351698E-1,-8.961607586655E0));
#3566=DIRECTION('',(0.E0,-9.957341762950E-1,-9.226835946331E-2));
#3567=DIRECTION('',(-1.E0,0.E0,0.E0));
#3568=AXIS2_PLACEMENT_3D('',#3565,#3566,#3567);
#3569=SPHERICAL_SURFACE('',#3568,1.21E0);
#3570=ORIENTED_EDGE('',*,*,#3365,.T.);
#3571=ORIENTED_EDGE('',*,*,#3334,.F.);
#3572=ORIENTED_EDGE('',*,*,#3332,.T.);
#3573=ORIENTED_EDGE('',*,*,#3361,.F.);
#3574=ORIENTED_EDGE('',*,*,#3391,.F.);
#3575=ORIENTED_EDGE('',*,*,#3504,.T.);
#3576=ORIENTED_EDGE('',*,*,#3394,.F.);
#3577=EDGE_LOOP('',(#3570,#3571,#3572,#3573,#3574,#3575,#3576));
#3578=FACE_OUTER_BOUND('',#3577,.F.);
#3579=ADVANCED_FACE('',(#3578),#3569,.F.);
#3580=CARTESIAN_POINT('',(-1.219556418188E0,0.E0,0.E0));
#3581=DIRECTION('',(-1.E0,0.E0,0.E0));
#3582=DIRECTION('',(0.E0,0.E0,1.E0));
#3583=AXIS2_PLACEMENT_3D('',#3580,#3581,#3582);
#3584=TOROIDAL_SURFACE('',#3583,9.327857142857E0,1.671428571429E-1);
#3586=ORIENTED_EDGE('',*,*,#3585,.T.);
#3588=ORIENTED_EDGE('',*,*,#3587,.T.);
#3590=ORIENTED_EDGE('',*,*,#3589,.F.);
#3591=ORIENTED_EDGE('',*,*,#3507,.T.);
#3592=EDGE_LOOP('',(#3586,#3588,#3590,#3591));
#3593=FACE_OUTER_BOUND('',#3592,.F.);
#3594=ADVANCED_FACE('',(#3593),#3584,.T.);
#3595=CARTESIAN_POINT('',(-1.219556418188E0,0.E0,0.E0));
#3596=DIRECTION('',(-1.E0,0.E0,0.E0));
#3597=DIRECTION('',(0.E0,0.E0,1.E0));
#3598=AXIS2_PLACEMENT_3D('',#3595,#3596,#3597);
#3599=TOROIDAL_SURFACE('',#3598,9.327857142857E0,1.671428571429E-1);
#3600=ORIENTED_EDGE('',*,*,#3387,.T.);
#3601=ORIENTED_EDGE('',*,*,#3589,.T.);
#3603=ORIENTED_EDGE('',*,*,#3602,.T.);
#3604=ORIENTED_EDGE('',*,*,#3585,.F.);
#3605=EDGE_LOOP('',(#3600,#3601,#3603,#3604));
#3606=FACE_OUTER_BOUND('',#3605,.F.);
#3607=ADVANCED_FACE('',(#3606),#3599,.T.);
#3608=CARTESIAN_POINT('',(0.E0,0.E0,0.E0));
#3609=DIRECTION('',(-1.E0,0.E0,0.E0));
#3610=DIRECTION('',(0.E0,0.E0,1.E0));
#3611=AXIS2_PLACEMENT_3D('',#3608,#3609,#3610);
#3612=TOROIDAL_SURFACE('',#3611,9.E0,1.43E0);
#3613=ORIENTED_EDGE('',*,*,#3602,.F.);
#3615=ORIENTED_EDGE('',*,*,#3614,.T.);
#3617=ORIENTED_EDGE('',*,*,#3616,.T.);
#3619=ORIENTED_EDGE('',*,*,#3618,.F.);
#3620=EDGE_LOOP('',(#3613,#3615,#3617,#3619));
#3621=FACE_OUTER_BOUND('',#3620,.F.);
#3622=ADVANCED_FACE('',(#3621),#3612,.T.);
#3623=CARTESIAN_POINT('',(0.E0,0.E0,0.E0));
#3624=DIRECTION('',(-1.E0,0.E0,0.E0));
#3625=DIRECTION('',(0.E0,0.E0,1.E0));
#3626=AXIS2_PLACEMENT_3D('',#3623,#3624,#3625);
#3627=TOROIDAL_SURFACE('',#3626,9.E0,1.43E0);
#3628=ORIENTED_EDGE('',*,*,#3618,.T.);
#3630=ORIENTED_EDGE('',*,*,#3629,.T.);
#3631=ORIENTED_EDGE('',*,*,#3614,.F.);
#3632=ORIENTED_EDGE('',*,*,#3587,.F.);
#3633=EDGE_LOOP('',(#3628,#3630,#3631,#3632));
#3634=FACE_OUTER_BOUND('',#3633,.F.);
#3635=ADVANCED_FACE('',(#3634),#3627,.T.);
#3636=CARTESIAN_POINT('',(-1.219556418188E0,0.E0,0.E0));
#3637=DIRECTION('',(-1.E0,0.E0,0.E0));
#3638=DIRECTION('',(0.E0,0.E0,1.E0));
#3639=AXIS2_PLACEMENT_3D('',#3636,#3637,#3638);
#3640=TOROIDAL_SURFACE('',#3639,8.672142857143E0,1.671428571429E-1);
#3642=ORIENTED_EDGE('',*,*,#3641,.T.);
#3643=ORIENTED_EDGE('',*,*,#3165,.T.);
#3645=ORIENTED_EDGE('',*,*,#3644,.F.);
#3646=ORIENTED_EDGE('',*,*,#3629,.F.);
#3647=EDGE_LOOP('',(#3642,#3643,#3645,#3646));
#3648=FACE_OUTER_BOUND('',#3647,.F.);
#3649=ADVANCED_FACE('',(#3648),#3640,.T.);
#3650=CARTESIAN_POINT('',(-1.219556418188E0,0.E0,0.E0));
#3651=DIRECTION('',(-1.E0,0.E0,0.E0));
#3652=DIRECTION('',(0.E0,0.E0,1.E0));
#3653=AXIS2_PLACEMENT_3D('',#3650,#3651,#3652);
#3654=TOROIDAL_SURFACE('',#3653,8.672142857143E0,1.671428571429E-1);
#3655=ORIENTED_EDGE('',*,*,#3616,.F.);
#3656=ORIENTED_EDGE('',*,*,#3644,.T.);
#3657=ORIENTED_EDGE('',*,*,#3264,.T.);
#3658=ORIENTED_EDGE('',*,*,#3641,.F.);
#3659=EDGE_LOOP('',(#3655,#3656,#3657,#3658));
#3660=FACE_OUTER_BOUND('',#3659,.F.);
#3661=ADVANCED_FACE('',(#3660),#3654,.T.);
#3662=CARTESIAN_POINT('',(0.E0,8.304152351697E-1,8.961607586655E0));
#3663=DIRECTION('',(0.E0,9.957341762950E-1,-9.226835946330E-2));
#3664=DIRECTION('',(-1.E0,0.E0,0.E0));
#3665=AXIS2_PLACEMENT_3D('',#3662,#3663,#3664);
#3666=SPHERICAL_SURFACE('',#3665,1.21E0);
#3667=ORIENTED_EDGE('',*,*,#3379,.F.);
#3668=ORIENTED_EDGE('',*,*,#3510,.T.);
#3669=ORIENTED_EDGE('',*,*,#3383,.F.);
#3671=ORIENTED_EDGE('',*,*,#3670,.T.);
#3673=ORIENTED_EDGE('',*,*,#3672,.T.);
#3675=ORIENTED_EDGE('',*,*,#3674,.F.);
#3677=ORIENTED_EDGE('',*,*,#3676,.F.);
#3678=EDGE_LOOP('',(#3667,#3668,#3669,#3671,#3673,#3675,#3677));
#3679=FACE_OUTER_BOUND('',#3678,.F.);
#3680=ADVANCED_FACE('',(#3679),#3666,.F.);
#3681=CARTESIAN_POINT('',(0.E0,8.304152351697E-1,8.961607586655E0));
#3682=DIRECTION('',(0.E0,9.957341762950E-1,-9.226835946330E-2));
#3683=DIRECTION('',(-1.E0,0.E0,0.E0));
#3684=AXIS2_PLACEMENT_3D('',#3681,#3682,#3683);
#3685=SPHERICAL_SURFACE('',#3684,1.21E0);
#3686=ORIENTED_EDGE('',*,*,#3676,.T.);
#3688=ORIENTED_EDGE('',*,*,#3687,.F.);
#3690=ORIENTED_EDGE('',*,*,#3689,.T.);
#3691=ORIENTED_EDGE('',*,*,#3670,.F.);
#3692=ORIENTED_EDGE('',*,*,#3381,.T.);
#3693=EDGE_LOOP('',(#3686,#3688,#3690,#3691,#3692));
#3694=FACE_OUTER_BOUND('',#3693,.F.);
#3695=ADVANCED_FACE('',(#3694),#3685,.F.);
#3696=CARTESIAN_POINT('',(0.E0,8.304152351697E-1,8.961607586655E0));
#3697=DIRECTION('',(0.E0,9.957341762950E-1,-9.226835946330E-2));
#3698=DIRECTION('',(-1.E0,0.E0,0.E0));
#3699=AXIS2_PLACEMENT_3D('',#3696,#3697,#3698);
#3700=SPHERICAL_SURFACE('',#3699,1.21E0);
#3702=ORIENTED_EDGE('',*,*,#3701,.T.);
#3703=ORIENTED_EDGE('',*,*,#3269,.T.);
#3705=ORIENTED_EDGE('',*,*,#3704,.F.);
#3706=ORIENTED_EDGE('',*,*,#3689,.F.);
#3707=ORIENTED_EDGE('',*,*,#3687,.T.);
#3708=EDGE_LOOP('',(#3702,#3703,#3705,#3706,#3707));
#3709=FACE_OUTER_BOUND('',#3708,.F.);
#3710=ADVANCED_FACE('',(#3709),#3700,.F.);
#3711=CARTESIAN_POINT('',(0.E0,8.304152351697E-1,8.961607586655E0));
#3712=DIRECTION('',(0.E0,9.957341762950E-1,-9.226835946330E-2));
#3713=DIRECTION('',(-1.E0,0.E0,0.E0));
#3714=AXIS2_PLACEMENT_3D('',#3711,#3712,#3713);
#3715=SPHERICAL_SURFACE('',#3714,1.21E0);
#3716=ORIENTED_EDGE('',*,*,#3701,.F.);
#3717=ORIENTED_EDGE('',*,*,#3674,.T.);
#3718=ORIENTED_EDGE('',*,*,#3672,.F.);
#3719=ORIENTED_EDGE('',*,*,#3704,.T.);
#3720=ORIENTED_EDGE('',*,*,#3267,.F.);
#3721=ORIENTED_EDGE('',*,*,#3161,.T.);
#3722=ORIENTED_EDGE('',*,*,#3271,.F.);
#3723=EDGE_LOOP('',(#3716,#3717,#3718,#3719,#3720,#3721,#3722));
#3724=FACE_OUTER_BOUND('',#3723,.F.);
#3725=ADVANCED_FACE('',(#3724),#3715,.F.);
#3726=CARTESIAN_POINT('',(0.E0,-5.423711727413E0,-7.182155045522E0));
#3727=DIRECTION('',(0.E0,-7.980172272803E-1,6.026346363792E-1));
#3728=DIRECTION('',(-1.E0,0.E0,0.E0));
#3729=AXIS2_PLACEMENT_3D('',#3726,#3727,#3728);
#3730=SPHERICAL_SURFACE('',#3729,1.21E0);
#3731=ORIENTED_EDGE('',*,*,#3516,.T.);
#3733=ORIENTED_EDGE('',*,*,#3732,.T.);
#3734=ORIENTED_EDGE('',*,*,#3127,.T.);
#3735=ORIENTED_EDGE('',*,*,#3125,.F.);
#3737=ORIENTED_EDGE('',*,*,#3736,.F.);
#3738=EDGE_LOOP('',(#3731,#3733,#3734,#3735,#3737));
#3739=FACE_OUTER_BOUND('',#3738,.F.);
#3740=ADVANCED_FACE('',(#3739),#3730,.F.);
#3741=CARTESIAN_POINT('',(0.E0,-5.423711727413E0,-7.182155045522E0));
#3742=DIRECTION('',(0.E0,-7.980172272803E-1,6.026346363792E-1));
#3743=DIRECTION('',(-1.E0,0.E0,0.E0));
#3744=AXIS2_PLACEMENT_3D('',#3741,#3742,#3743);
#3745=SPHERICAL_SURFACE('',#3744,1.21E0);
#3746=ORIENTED_EDGE('',*,*,#3736,.T.);
#3747=ORIENTED_EDGE('',*,*,#3147,.F.);
#3748=ORIENTED_EDGE('',*,*,#3145,.T.);
#3749=ORIENTED_EDGE('',*,*,#3732,.F.);
#3750=ORIENTED_EDGE('',*,*,#3518,.T.);
#3751=EDGE_LOOP('',(#3746,#3747,#3748,#3749,#3750));
#3752=FACE_OUTER_BOUND('',#3751,.F.);
#3753=ADVANCED_FACE('',(#3752),#3745,.F.);
#3754=CARTESIAN_POINT('',(0.E0,-8.846757897155E0,-1.653745660349E0));
#3755=DIRECTION('',(0.E0,-1.837495178166E-1,9.829730996839E-1));
#3756=DIRECTION('',(-1.E0,0.E0,0.E0));
#3757=AXIS2_PLACEMENT_3D('',#3754,#3755,#3756);
#3758=SPHERICAL_SURFACE('',#3757,1.21E0);
#3759=ORIENTED_EDGE('',*,*,#3522,.T.);
#3761=ORIENTED_EDGE('',*,*,#3760,.T.);
#3763=ORIENTED_EDGE('',*,*,#3762,.T.);
#3765=ORIENTED_EDGE('',*,*,#3764,.F.);
#3767=ORIENTED_EDGE('',*,*,#3766,.F.);
#3768=EDGE_LOOP('',(#3759,#3761,#3763,#3765,#3767));
#3769=FACE_OUTER_BOUND('',#3768,.F.);
#3770=ADVANCED_FACE('',(#3769),#3758,.F.);
#3771=CARTESIAN_POINT('',(0.E0,-8.846757897155E0,-1.653745660349E0));
#3772=DIRECTION('',(0.E0,-1.837495178166E-1,9.829730996839E-1));
#3773=DIRECTION('',(-1.E0,0.E0,0.E0));
#3774=AXIS2_PLACEMENT_3D('',#3771,#3772,#3773);
#3775=SPHERICAL_SURFACE('',#3774,1.21E0);
#3776=ORIENTED_EDGE('',*,*,#3766,.T.);
#3778=ORIENTED_EDGE('',*,*,#3777,.F.);
#3780=ORIENTED_EDGE('',*,*,#3779,.T.);
#3781=ORIENTED_EDGE('',*,*,#3760,.F.);
#3782=ORIENTED_EDGE('',*,*,#3524,.T.);
#3783=EDGE_LOOP('',(#3776,#3778,#3780,#3781,#3782));
#3784=FACE_OUTER_BOUND('',#3783,.F.);
#3785=ADVANCED_FACE('',(#3784),#3775,.F.);
#3786=CARTESIAN_POINT('',(0.E0,-8.846757897155E0,-1.653745660349E0));
#3787=DIRECTION('',(0.E0,-1.837495178166E-1,9.829730996839E-1));
#3788=DIRECTION('',(-1.E0,0.E0,0.E0));
#3789=AXIS2_PLACEMENT_3D('',#3786,#3787,#3788);
#3790=SPHERICAL_SURFACE('',#3789,1.21E0);
#3792=ORIENTED_EDGE('',*,*,#3791,.T.);
#3793=ORIENTED_EDGE('',*,*,#3211,.T.);
#3795=ORIENTED_EDGE('',*,*,#3794,.F.);
#3796=ORIENTED_EDGE('',*,*,#3779,.F.);
#3797=ORIENTED_EDGE('',*,*,#3777,.T.);
#3798=EDGE_LOOP('',(#3792,#3793,#3795,#3796,#3797));
#3799=FACE_OUTER_BOUND('',#3798,.F.);
#3800=ADVANCED_FACE('',(#3799),#3790,.F.);
#3801=CARTESIAN_POINT('',(0.E0,-8.846757897155E0,-1.653745660349E0));
#3802=DIRECTION('',(0.E0,-1.837495178166E-1,9.829730996839E-1));
#3803=DIRECTION('',(-1.E0,0.E0,0.E0));
#3804=AXIS2_PLACEMENT_3D('',#3801,#3802,#3803);
#3805=SPHERICAL_SURFACE('',#3804,1.21E0);
#3806=ORIENTED_EDGE('',*,*,#3791,.F.);
#3807=ORIENTED_EDGE('',*,*,#3764,.T.);
#3808=ORIENTED_EDGE('',*,*,#3762,.F.);
#3809=ORIENTED_EDGE('',*,*,#3794,.T.);
#3810=ORIENTED_EDGE('',*,*,#3213,.T.);
#3811=EDGE_LOOP('',(#3806,#3807,#3808,#3809,#3810));
#3812=FACE_OUTER_BOUND('',#3811,.F.);
#3813=ADVANCED_FACE('',(#3812),#3805,.F.);
#3814=CARTESIAN_POINT('',(0.E0,-7.651954221567E0,4.737889465896E0));
#3815=DIRECTION('',(0.E0,5.264321628774E-1,8.502171357296E-1));
#3816=DIRECTION('',(-1.E0,0.E0,0.E0));
#3817=AXIS2_PLACEMENT_3D('',#3814,#3815,#3816);
#3818=SPHERICAL_SURFACE('',#3817,1.21E0);
#3819=ORIENTED_EDGE('',*,*,#3528,.T.);
#3821=ORIENTED_EDGE('',*,*,#3820,.T.);
#3823=ORIENTED_EDGE('',*,*,#3822,.T.);
#3825=ORIENTED_EDGE('',*,*,#3824,.F.);
#3827=ORIENTED_EDGE('',*,*,#3826,.F.);
#3828=EDGE_LOOP('',(#3819,#3821,#3823,#3825,#3827));
#3829=FACE_OUTER_BOUND('',#3828,.F.);
#3830=ADVANCED_FACE('',(#3829),#3818,.F.);
#3831=CARTESIAN_POINT('',(0.E0,-7.651954221567E0,4.737889465896E0));
#3832=DIRECTION('',(0.E0,5.264321628774E-1,8.502171357296E-1));
#3833=DIRECTION('',(-1.E0,0.E0,0.E0));
#3834=AXIS2_PLACEMENT_3D('',#3831,#3832,#3833);
#3835=SPHERICAL_SURFACE('',#3834,1.21E0);
#3836=ORIENTED_EDGE('',*,*,#3826,.T.);
#3838=ORIENTED_EDGE('',*,*,#3837,.F.);
#3840=ORIENTED_EDGE('',*,*,#3839,.T.);
#3841=ORIENTED_EDGE('',*,*,#3820,.F.);
#3842=ORIENTED_EDGE('',*,*,#3530,.T.);
#3843=EDGE_LOOP('',(#3836,#3838,#3840,#3841,#3842));
#3844=FACE_OUTER_BOUND('',#3843,.F.);
#3845=ADVANCED_FACE('',(#3844),#3835,.F.);
#3846=CARTESIAN_POINT('',(0.E0,-7.651954221567E0,4.737889465896E0));
#3847=DIRECTION('',(0.E0,5.264321628774E-1,8.502171357296E-1));
#3848=DIRECTION('',(-1.E0,0.E0,0.E0));
#3849=AXIS2_PLACEMENT_3D('',#3846,#3847,#3848);
#3850=SPHERICAL_SURFACE('',#3849,1.21E0);
#3852=ORIENTED_EDGE('',*,*,#3851,.T.);
#3853=ORIENTED_EDGE('',*,*,#3205,.T.);
#3855=ORIENTED_EDGE('',*,*,#3854,.F.);
#3856=ORIENTED_EDGE('',*,*,#3839,.F.);
#3857=ORIENTED_EDGE('',*,*,#3837,.T.);
#3858=EDGE_LOOP('',(#3852,#3853,#3855,#3856,#3857));
#3859=FACE_OUTER_BOUND('',#3858,.F.);
#3860=ADVANCED_FACE('',(#3859),#3850,.F.);
#3861=CARTESIAN_POINT('',(0.E0,-7.651954221567E0,4.737889465896E0));
#3862=DIRECTION('',(0.E0,5.264321628774E-1,8.502171357296E-1));
#3863=DIRECTION('',(-1.E0,0.E0,0.E0));
#3864=AXIS2_PLACEMENT_3D('',#3861,#3862,#3863);
#3865=SPHERICAL_SURFACE('',#3864,1.21E0);
#3866=ORIENTED_EDGE('',*,*,#3851,.F.);
#3867=ORIENTED_EDGE('',*,*,#3824,.T.);
#3868=ORIENTED_EDGE('',*,*,#3822,.F.);
#3869=ORIENTED_EDGE('',*,*,#3854,.T.);
#3870=ORIENTED_EDGE('',*,*,#3207,.T.);
#3871=EDGE_LOOP('',(#3866,#3867,#3868,#3869,#3870));
#3872=FACE_OUTER_BOUND('',#3871,.F.);
#3873=ADVANCED_FACE('',(#3872),#3865,.F.);
#3874=CARTESIAN_POINT('',(0.E0,-2.462966910649E0,8.656430788555E0));
#3875=DIRECTION('',(0.E0,9.618256431728E-1,2.736629900721E-1));
#3876=DIRECTION('',(-1.E0,0.E0,0.E0));
#3877=AXIS2_PLACEMENT_3D('',#3874,#3875,#3876);
#3878=SPHERICAL_SURFACE('',#3877,1.21E0);
#3879=ORIENTED_EDGE('',*,*,#3534,.T.);
#3881=ORIENTED_EDGE('',*,*,#3880,.T.);
#3883=ORIENTED_EDGE('',*,*,#3882,.T.);
#3885=ORIENTED_EDGE('',*,*,#3884,.F.);
#3887=ORIENTED_EDGE('',*,*,#3886,.F.);
#3888=EDGE_LOOP('',(#3879,#3881,#3883,#3885,#3887));
#3889=FACE_OUTER_BOUND('',#3888,.F.);
#3890=ADVANCED_FACE('',(#3889),#3878,.F.);
#3891=CARTESIAN_POINT('',(0.E0,-2.462966910649E0,8.656430788555E0));
#3892=DIRECTION('',(0.E0,9.618256431728E-1,2.736629900721E-1));
#3893=DIRECTION('',(-1.E0,0.E0,0.E0));
#3894=AXIS2_PLACEMENT_3D('',#3891,#3892,#3893);
#3895=SPHERICAL_SURFACE('',#3894,1.21E0);
#3896=ORIENTED_EDGE('',*,*,#3886,.T.);
#3898=ORIENTED_EDGE('',*,*,#3897,.F.);
#3900=ORIENTED_EDGE('',*,*,#3899,.T.);
#3901=ORIENTED_EDGE('',*,*,#3880,.F.);
#3902=ORIENTED_EDGE('',*,*,#3536,.T.);
#3903=EDGE_LOOP('',(#3896,#3898,#3900,#3901,#3902));
#3904=FACE_OUTER_BOUND('',#3903,.F.);
#3905=ADVANCED_FACE('',(#3904),#3895,.F.);
#3906=CARTESIAN_POINT('',(0.E0,-2.462966910649E0,8.656430788555E0));
#3907=DIRECTION('',(0.E0,9.618256431728E-1,2.736629900721E-1));
#3908=DIRECTION('',(-1.E0,0.E0,0.E0));
#3909=AXIS2_PLACEMENT_3D('',#3906,#3907,#3908);
#3910=SPHERICAL_SURFACE('',#3909,1.21E0);
#3912=ORIENTED_EDGE('',*,*,#3911,.T.);
#3913=ORIENTED_EDGE('',*,*,#3199,.T.);
#3915=ORIENTED_EDGE('',*,*,#3914,.F.);
#3916=ORIENTED_EDGE('',*,*,#3899,.F.);
#3917=ORIENTED_EDGE('',*,*,#3897,.T.);
#3918=EDGE_LOOP('',(#3912,#3913,#3915,#3916,#3917));
#3919=FACE_OUTER_BOUND('',#3918,.F.);
#3920=ADVANCED_FACE('',(#3919),#3910,.F.);
#3921=CARTESIAN_POINT('',(0.E0,-2.462966910649E0,8.656430788555E0));
#3922=DIRECTION('',(0.E0,9.618256431728E-1,2.736629900721E-1));
#3923=DIRECTION('',(-1.E0,0.E0,0.E0));
#3924=AXIS2_PLACEMENT_3D('',#3921,#3922,#3923);
#3925=SPHERICAL_SURFACE('',#3924,1.21E0);
#3926=ORIENTED_EDGE('',*,*,#3911,.F.);
#3927=ORIENTED_EDGE('',*,*,#3884,.T.);
#3928=ORIENTED_EDGE('',*,*,#3882,.F.);
#3929=ORIENTED_EDGE('',*,*,#3914,.T.);
#3930=ORIENTED_EDGE('',*,*,#3201,.T.);
#3931=EDGE_LOOP('',(#3926,#3927,#3928,#3929,#3930));
#3932=FACE_OUTER_BOUND('',#3931,.F.);
#3933=ADVANCED_FACE('',(#3932),#3925,.F.);
#3934=CARTESIAN_POINT('',(0.E0,-5.423711727413E0,7.182155045522E0));
#3935=DIRECTION('',(0.E0,7.980172272802E-1,6.026346363793E-1));
#3936=DIRECTION('',(-1.E0,0.E0,0.E0));
#3937=AXIS2_PLACEMENT_3D('',#3934,#3935,#3936);
#3938=SPHERICAL_SURFACE('',#3937,1.21E0);
#3939=ORIENTED_EDGE('',*,*,#3540,.T.);
#3941=ORIENTED_EDGE('',*,*,#3940,.T.);
#3943=ORIENTED_EDGE('',*,*,#3942,.T.);
#3945=ORIENTED_EDGE('',*,*,#3944,.F.);
#3947=ORIENTED_EDGE('',*,*,#3946,.F.);
#3948=EDGE_LOOP('',(#3939,#3941,#3943,#3945,#3947));
#3949=FACE_OUTER_BOUND('',#3948,.F.);
#3950=ADVANCED_FACE('',(#3949),#3938,.F.);
#3951=CARTESIAN_POINT('',(0.E0,-5.423711727413E0,7.182155045522E0));
#3952=DIRECTION('',(0.E0,7.980172272802E-1,6.026346363793E-1));
#3953=DIRECTION('',(-1.E0,0.E0,0.E0));
#3954=AXIS2_PLACEMENT_3D('',#3951,#3952,#3953);
#3955=SPHERICAL_SURFACE('',#3954,1.21E0);
#3956=ORIENTED_EDGE('',*,*,#3946,.T.);
#3958=ORIENTED_EDGE('',*,*,#3957,.F.);
#3960=ORIENTED_EDGE('',*,*,#3959,.T.);
#3961=ORIENTED_EDGE('',*,*,#3940,.F.);
#3962=ORIENTED_EDGE('',*,*,#3542,.T.);
#3963=EDGE_LOOP('',(#3956,#3958,#3960,#3961,#3962));
#3964=FACE_OUTER_BOUND('',#3963,.F.);
#3965=ADVANCED_FACE('',(#3964),#3955,.F.);
#3966=CARTESIAN_POINT('',(0.E0,-5.423711727413E0,7.182155045522E0));
#3967=DIRECTION('',(0.E0,7.980172272802E-1,6.026346363793E-1));
#3968=DIRECTION('',(-1.E0,0.E0,0.E0));
#3969=AXIS2_PLACEMENT_3D('',#3966,#3967,#3968);
#3970=SPHERICAL_SURFACE('',#3969,1.21E0);
#3972=ORIENTED_EDGE('',*,*,#3971,.T.);
#3973=ORIENTED_EDGE('',*,*,#3193,.T.);
#3975=ORIENTED_EDGE('',*,*,#3974,.F.);
#3976=ORIENTED_EDGE('',*,*,#3959,.F.);
#3977=ORIENTED_EDGE('',*,*,#3957,.T.);
#3978=EDGE_LOOP('',(#3972,#3973,#3975,#3976,#3977));
#3979=FACE_OUTER_BOUND('',#3978,.F.);
#3980=ADVANCED_FACE('',(#3979),#3970,.F.);
#3981=CARTESIAN_POINT('',(0.E0,-5.423711727413E0,7.182155045522E0));
#3982=DIRECTION('',(0.E0,7.980172272802E-1,6.026346363793E-1));
#3983=DIRECTION('',(-1.E0,0.E0,0.E0));
#3984=AXIS2_PLACEMENT_3D('',#3981,#3982,#3983);
#3985=SPHERICAL_SURFACE('',#3984,1.21E0);
#3986=ORIENTED_EDGE('',*,*,#3971,.F.);
#3987=ORIENTED_EDGE('',*,*,#3944,.T.);
#3988=ORIENTED_EDGE('',*,*,#3942,.F.);
#3989=ORIENTED_EDGE('',*,*,#3974,.T.);
#3990=ORIENTED_EDGE('',*,*,#3195,.T.);
#3991=EDGE_LOOP('',(#3986,#3987,#3988,#3989,#3990));
#3992=FACE_OUTER_BOUND('',#3991,.F.);
#3993=ADVANCED_FACE('',(#3992),#3985,.F.);
#3994=CARTESIAN_POINT('',(0.E0,-8.846757897155E0,1.653745660349E0));
#3995=DIRECTION('',(0.E0,1.837495178166E-1,9.829730996839E-1));
#3996=DIRECTION('',(-1.E0,0.E0,0.E0));
#3997=AXIS2_PLACEMENT_3D('',#3994,#3995,#3996);
#3998=SPHERICAL_SURFACE('',#3997,1.21E0);
#3999=ORIENTED_EDGE('',*,*,#3546,.T.);
#4001=ORIENTED_EDGE('',*,*,#4000,.T.);
#4003=ORIENTED_EDGE('',*,*,#4002,.T.);
#4005=ORIENTED_EDGE('',*,*,#4004,.F.);
#4007=ORIENTED_EDGE('',*,*,#4006,.F.);
#4008=EDGE_LOOP('',(#3999,#4001,#4003,#4005,#4007));
#4009=FACE_OUTER_BOUND('',#4008,.F.);
#4010=ADVANCED_FACE('',(#4009),#3998,.F.);
#4011=CARTESIAN_POINT('',(0.E0,-8.846757897155E0,1.653745660349E0));
#4012=DIRECTION('',(0.E0,1.837495178166E-1,9.829730996839E-1));
#4013=DIRECTION('',(-1.E0,0.E0,0.E0));
#4014=AXIS2_PLACEMENT_3D('',#4011,#4012,#4013);
#4015=SPHERICAL_SURFACE('',#4014,1.21E0);
#4016=ORIENTED_EDGE('',*,*,#4006,.T.);
#4018=ORIENTED_EDGE('',*,*,#4017,.F.);
#4020=ORIENTED_EDGE('',*,*,#4019,.T.);
#4021=ORIENTED_EDGE('',*,*,#4000,.F.);
#4022=ORIENTED_EDGE('',*,*,#3548,.T.);
#4023=EDGE_LOOP('',(#4016,#4018,#4020,#4021,#4022));
#4024=FACE_OUTER_BOUND('',#4023,.F.);
#4025=ADVANCED_FACE('',(#4024),#4015,.F.);
#4026=CARTESIAN_POINT('',(0.E0,-8.846757897155E0,1.653745660349E0));
#4027=DIRECTION('',(0.E0,1.837495178166E-1,9.829730996839E-1));
#4028=DIRECTION('',(-1.E0,0.E0,0.E0));
#4029=AXIS2_PLACEMENT_3D('',#4026,#4027,#4028);
#4030=SPHERICAL_SURFACE('',#4029,1.21E0);
#4032=ORIENTED_EDGE('',*,*,#4031,.T.);
#4033=ORIENTED_EDGE('',*,*,#3187,.T.);
#4035=ORIENTED_EDGE('',*,*,#4034,.F.);
#4036=ORIENTED_EDGE('',*,*,#4019,.F.);
#4037=ORIENTED_EDGE('',*,*,#4017,.T.);
#4038=EDGE_LOOP('',(#4032,#4033,#4035,#4036,#4037));
#4039=FACE_OUTER_BOUND('',#4038,.F.);
#4040=ADVANCED_FACE('',(#4039),#4030,.F.);
#4041=CARTESIAN_POINT('',(0.E0,-8.846757897155E0,1.653745660349E0));
#4042=DIRECTION('',(0.E0,1.837495178166E-1,9.829730996839E-1));
#4043=DIRECTION('',(-1.E0,0.E0,0.E0));
#4044=AXIS2_PLACEMENT_3D('',#4041,#4042,#4043);
#4045=SPHERICAL_SURFACE('',#4044,1.21E0);
#4046=ORIENTED_EDGE('',*,*,#4031,.F.);
#4047=ORIENTED_EDGE('',*,*,#4004,.T.);
#4048=ORIENTED_EDGE('',*,*,#4002,.F.);
#4049=ORIENTED_EDGE('',*,*,#4034,.T.);
#4050=ORIENTED_EDGE('',*,*,#3189,.T.);
#4051=EDGE_LOOP('',(#4046,#4047,#4048,#4049,#4050));
#4052=FACE_OUTER_BOUND('',#4051,.F.);
#4053=ADVANCED_FACE('',(#4052),#4045,.F.);
#4054=CARTESIAN_POINT('',(0.E0,-7.651954221566E0,-4.737889465896E0));
#4055=DIRECTION('',(0.E0,-5.264321628774E-1,8.502171357296E-1));
#4056=DIRECTION('',(-1.E0,0.E0,0.E0));
#4057=AXIS2_PLACEMENT_3D('',#4054,#4055,#4056);
#4058=SPHERICAL_SURFACE('',#4057,1.21E0);
#4059=ORIENTED_EDGE('',*,*,#3552,.T.);
#4061=ORIENTED_EDGE('',*,*,#4060,.T.);
#4063=ORIENTED_EDGE('',*,*,#4062,.T.);
#4065=ORIENTED_EDGE('',*,*,#4064,.F.);
#4067=ORIENTED_EDGE('',*,*,#4066,.F.);
#4068=EDGE_LOOP('',(#4059,#4061,#4063,#4065,#4067));
#4069=FACE_OUTER_BOUND('',#4068,.F.);
#4070=ADVANCED_FACE('',(#4069),#4058,.F.);
#4071=CARTESIAN_POINT('',(0.E0,-7.651954221566E0,-4.737889465896E0));
#4072=DIRECTION('',(0.E0,-5.264321628774E-1,8.502171357296E-1));
#4073=DIRECTION('',(-1.E0,0.E0,0.E0));
#4074=AXIS2_PLACEMENT_3D('',#4071,#4072,#4073);
#4075=SPHERICAL_SURFACE('',#4074,1.21E0);
#4076=ORIENTED_EDGE('',*,*,#4066,.T.);
#4078=ORIENTED_EDGE('',*,*,#4077,.F.);
#4080=ORIENTED_EDGE('',*,*,#4079,.T.);
#4081=ORIENTED_EDGE('',*,*,#4060,.F.);
#4082=ORIENTED_EDGE('',*,*,#3554,.T.);
#4083=EDGE_LOOP('',(#4076,#4078,#4080,#4081,#4082));
#4084=FACE_OUTER_BOUND('',#4083,.F.);
#4085=ADVANCED_FACE('',(#4084),#4075,.F.);
#4086=CARTESIAN_POINT('',(0.E0,-7.651954221566E0,-4.737889465896E0));
#4087=DIRECTION('',(0.E0,-5.264321628774E-1,8.502171357296E-1));
#4088=DIRECTION('',(-1.E0,0.E0,0.E0));
#4089=AXIS2_PLACEMENT_3D('',#4086,#4087,#4088);
#4090=SPHERICAL_SURFACE('',#4089,1.21E0);
#4092=ORIENTED_EDGE('',*,*,#4091,.T.);
#4093=ORIENTED_EDGE('',*,*,#3181,.T.);
#4095=ORIENTED_EDGE('',*,*,#4094,.F.);
#4096=ORIENTED_EDGE('',*,*,#4079,.F.);
#4097=ORIENTED_EDGE('',*,*,#4077,.T.);
#4098=EDGE_LOOP('',(#4092,#4093,#4095,#4096,#4097));
#4099=FACE_OUTER_BOUND('',#4098,.F.);
#4100=ADVANCED_FACE('',(#4099),#4090,.F.);
#4101=CARTESIAN_POINT('',(0.E0,-7.651954221566E0,-4.737889465896E0));
#4102=DIRECTION('',(0.E0,-5.264321628774E-1,8.502171357296E-1));
#4103=DIRECTION('',(-1.E0,0.E0,0.E0));
#4104=AXIS2_PLACEMENT_3D('',#4101,#4102,#4103);
#4105=SPHERICAL_SURFACE('',#4104,1.21E0);
#4106=ORIENTED_EDGE('',*,*,#4091,.F.);
#4107=ORIENTED_EDGE('',*,*,#4064,.T.);
#4108=ORIENTED_EDGE('',*,*,#4062,.F.);
#4109=ORIENTED_EDGE('',*,*,#4094,.T.);
#4110=ORIENTED_EDGE('',*,*,#3183,.T.);
#4111=EDGE_LOOP('',(#4106,#4107,#4108,#4109,#4110));
#4112=FACE_OUTER_BOUND('',#4111,.F.);
#4113=ADVANCED_FACE('',(#4112),#4105,.F.);
#4114=CARTESIAN_POINT('',(0.E0,-2.462966910649E0,-8.656430788555E0));
#4115=DIRECTION('',(0.E0,-9.618256431728E-1,2.736629900721E-1));
#4116=DIRECTION('',(-1.E0,0.E0,0.E0));
#4117=AXIS2_PLACEMENT_3D('',#4114,#4115,#4116);
#4118=SPHERICAL_SURFACE('',#4117,1.21E0);
#4119=ORIENTED_EDGE('',*,*,#3558,.T.);
#4121=ORIENTED_EDGE('',*,*,#4120,.T.);
#4123=ORIENTED_EDGE('',*,*,#4122,.T.);
#4125=ORIENTED_EDGE('',*,*,#4124,.F.);
#4127=ORIENTED_EDGE('',*,*,#4126,.F.);
#4128=EDGE_LOOP('',(#4119,#4121,#4123,#4125,#4127));
#4129=FACE_OUTER_BOUND('',#4128,.F.);
#4130=ADVANCED_FACE('',(#4129),#4118,.F.);
#4131=CARTESIAN_POINT('',(0.E0,-2.462966910649E0,-8.656430788555E0));
#4132=DIRECTION('',(0.E0,-9.618256431728E-1,2.736629900721E-1));
#4133=DIRECTION('',(-1.E0,0.E0,0.E0));
#4134=AXIS2_PLACEMENT_3D('',#4131,#4132,#4133);
#4135=SPHERICAL_SURFACE('',#4134,1.21E0);
#4136=ORIENTED_EDGE('',*,*,#4126,.T.);
#4138=ORIENTED_EDGE('',*,*,#4137,.F.);
#4140=ORIENTED_EDGE('',*,*,#4139,.T.);
#4141=ORIENTED_EDGE('',*,*,#4120,.F.);
#4142=ORIENTED_EDGE('',*,*,#3560,.T.);
#4143=EDGE_LOOP('',(#4136,#4138,#4140,#4141,#4142));
#4144=FACE_OUTER_BOUND('',#4143,.F.);
#4145=ADVANCED_FACE('',(#4144),#4135,.F.);
#4146=CARTESIAN_POINT('',(0.E0,-2.462966910649E0,-8.656430788555E0));
#4147=DIRECTION('',(0.E0,-9.618256431728E-1,2.736629900721E-1));
#4148=DIRECTION('',(-1.E0,0.E0,0.E0));
#4149=AXIS2_PLACEMENT_3D('',#4146,#4147,#4148);
#4150=SPHERICAL_SURFACE('',#4149,1.21E0);
#4152=ORIENTED_EDGE('',*,*,#4151,.T.);
#4153=ORIENTED_EDGE('',*,*,#3175,.T.);
#4155=ORIENTED_EDGE('',*,*,#4154,.F.);
#4156=ORIENTED_EDGE('',*,*,#4139,.F.);
#4157=ORIENTED_EDGE('',*,*,#4137,.T.);
#4158=EDGE_LOOP('',(#4152,#4153,#4155,#4156,#4157));
#4159=FACE_OUTER_BOUND('',#4158,.F.);
#4160=ADVANCED_FACE('',(#4159),#4150,.F.);
#4161=CARTESIAN_POINT('',(0.E0,-2.462966910649E0,-8.656430788555E0));
#4162=DIRECTION('',(0.E0,-9.618256431728E-1,2.736629900721E-1));
#4163=DIRECTION('',(-1.E0,0.E0,0.E0));
#4164=AXIS2_PLACEMENT_3D('',#4161,#4162,#4163);
#4165=SPHERICAL_SURFACE('',#4164,1.21E0);
#4166=ORIENTED_EDGE('',*,*,#4151,.F.);
#4167=ORIENTED_EDGE('',*,*,#4124,.T.);
#4168=ORIENTED_EDGE('',*,*,#4122,.F.);
#4169=ORIENTED_EDGE('',*,*,#4154,.T.);
#4170=ORIENTED_EDGE('',*,*,#3177,.T.);
#4171=EDGE_LOOP('',(#4166,#4167,#4168,#4169,#4170));
#4172=FACE_OUTER_BOUND('',#4171,.F.);
#4173=ADVANCED_FACE('',(#4172),#4165,.F.);
#4174=CARTESIAN_POINT('',(0.E0,8.392250064639E0,-3.251174995684E0));
#4175=DIRECTION('',(0.E0,-3.612416661871E-1,-9.324722294044E-1));
#4176=DIRECTION('',(-1.E0,0.E0,0.E0));
#4177=AXIS2_PLACEMENT_3D('',#4174,#4175,#4176);
#4178=SPHERICAL_SURFACE('',#4177,1.21E0);
#4179=ORIENTED_EDGE('',*,*,#3400,.T.);
#4181=ORIENTED_EDGE('',*,*,#4180,.T.);
#4183=ORIENTED_EDGE('',*,*,#4182,.T.);
#4185=ORIENTED_EDGE('',*,*,#4184,.F.);
#4187=ORIENTED_EDGE('',*,*,#4186,.F.);
#4188=EDGE_LOOP('',(#4179,#4181,#4183,#4185,#4187));
#4189=FACE_OUTER_BOUND('',#4188,.F.);
#4190=ADVANCED_FACE('',(#4189),#4178,.F.);
#4191=CARTESIAN_POINT('',(0.E0,8.392250064639E0,-3.251174995684E0));
#4192=DIRECTION('',(0.E0,-3.612416661871E-1,-9.324722294044E-1));
#4193=DIRECTION('',(-1.E0,0.E0,0.E0));
#4194=AXIS2_PLACEMENT_3D('',#4191,#4192,#4193);
#4195=SPHERICAL_SURFACE('',#4194,1.21E0);
#4196=ORIENTED_EDGE('',*,*,#4186,.T.);
#4198=ORIENTED_EDGE('',*,*,#4197,.F.);
#4200=ORIENTED_EDGE('',*,*,#4199,.T.);
#4201=ORIENTED_EDGE('',*,*,#4180,.F.);
#4202=ORIENTED_EDGE('',*,*,#3402,.T.);
#4203=EDGE_LOOP('',(#4196,#4198,#4200,#4201,#4202));
#4204=FACE_OUTER_BOUND('',#4203,.F.);
#4205=ADVANCED_FACE('',(#4204),#4195,.F.);
#4206=CARTESIAN_POINT('',(0.E0,8.392250064639E0,-3.251174995684E0));
#4207=DIRECTION('',(0.E0,-3.612416661871E-1,-9.324722294044E-1));
#4208=DIRECTION('',(-1.E0,0.E0,0.E0));
#4209=AXIS2_PLACEMENT_3D('',#4206,#4207,#4208);
#4210=SPHERICAL_SURFACE('',#4209,1.21E0);
#4212=ORIENTED_EDGE('',*,*,#4211,.T.);
#4213=ORIENTED_EDGE('',*,*,#3313,.T.);
#4215=ORIENTED_EDGE('',*,*,#4214,.F.);
#4216=ORIENTED_EDGE('',*,*,#4199,.F.);
#4217=ORIENTED_EDGE('',*,*,#4197,.T.);
#4218=EDGE_LOOP('',(#4212,#4213,#4215,#4216,#4217));
#4219=FACE_OUTER_BOUND('',#4218,.F.);
#4220=ADVANCED_FACE('',(#4219),#4210,.F.);
#4221=CARTESIAN_POINT('',(0.E0,8.392250064639E0,-3.251174995684E0));
#4222=DIRECTION('',(0.E0,-3.612416661871E-1,-9.324722294044E-1));
#4223=DIRECTION('',(-1.E0,0.E0,0.E0));
#4224=AXIS2_PLACEMENT_3D('',#4221,#4222,#4223);
#4225=SPHERICAL_SURFACE('',#4224,1.21E0);
#4226=ORIENTED_EDGE('',*,*,#4211,.F.);
#4227=ORIENTED_EDGE('',*,*,#4184,.T.);
#4228=ORIENTED_EDGE('',*,*,#4182,.F.);
#4229=ORIENTED_EDGE('',*,*,#4214,.T.);
#4230=ORIENTED_EDGE('',*,*,#3315,.T.);
#4231=EDGE_LOOP('',(#4226,#4227,#4228,#4229,#4230));
#4232=FACE_OUTER_BOUND('',#4231,.F.);
#4233=ADVANCED_FACE('',(#4232),#4225,.F.);
#4234=CARTESIAN_POINT('',(0.E0,4.011645201989E0,-8.056469622196E0));
#4235=DIRECTION('',(0.E0,-8.951632913551E-1,-4.457383557765E-1));
#4236=DIRECTION('',(-1.E0,0.E0,0.E0));
#4237=AXIS2_PLACEMENT_3D('',#4234,#4235,#4236);
#4238=SPHERICAL_SURFACE('',#4237,1.21E0);
#4239=ORIENTED_EDGE('',*,*,#3406,.T.);
#4241=ORIENTED_EDGE('',*,*,#4240,.T.);
#4243=ORIENTED_EDGE('',*,*,#4242,.T.);
#4245=ORIENTED_EDGE('',*,*,#4244,.F.);
#4247=ORIENTED_EDGE('',*,*,#4246,.F.);
#4248=EDGE_LOOP('',(#4239,#4241,#4243,#4245,#4247));
#4249=FACE_OUTER_BOUND('',#4248,.F.);
#4250=ADVANCED_FACE('',(#4249),#4238,.F.);
#4251=CARTESIAN_POINT('',(0.E0,4.011645201989E0,-8.056469622196E0));
#4252=DIRECTION('',(0.E0,-8.951632913551E-1,-4.457383557765E-1));
#4253=DIRECTION('',(-1.E0,0.E0,0.E0));
#4254=AXIS2_PLACEMENT_3D('',#4251,#4252,#4253);
#4255=SPHERICAL_SURFACE('',#4254,1.21E0);
#4256=ORIENTED_EDGE('',*,*,#4246,.T.);
#4258=ORIENTED_EDGE('',*,*,#4257,.F.);
#4260=ORIENTED_EDGE('',*,*,#4259,.T.);
#4261=ORIENTED_EDGE('',*,*,#4240,.F.);
#4262=ORIENTED_EDGE('',*,*,#3408,.T.);
#4263=EDGE_LOOP('',(#4256,#4258,#4260,#4261,#4262));
#4264=FACE_OUTER_BOUND('',#4263,.F.);
#4265=ADVANCED_FACE('',(#4264),#4255,.F.);
#4266=CARTESIAN_POINT('',(0.E0,4.011645201989E0,-8.056469622196E0));
#4267=DIRECTION('',(0.E0,-8.951632913551E-1,-4.457383557765E-1));
#4268=DIRECTION('',(-1.E0,0.E0,0.E0));
#4269=AXIS2_PLACEMENT_3D('',#4266,#4267,#4268);
#4270=SPHERICAL_SURFACE('',#4269,1.21E0);
#4272=ORIENTED_EDGE('',*,*,#4271,.T.);
#4273=ORIENTED_EDGE('',*,*,#3307,.T.);
#4275=ORIENTED_EDGE('',*,*,#4274,.F.);
#4276=ORIENTED_EDGE('',*,*,#4259,.F.);
#4277=ORIENTED_EDGE('',*,*,#4257,.T.);
#4278=EDGE_LOOP('',(#4272,#4273,#4275,#4276,#4277));
#4279=FACE_OUTER_BOUND('',#4278,.F.);
#4280=ADVANCED_FACE('',(#4279),#4270,.F.);
#4281=CARTESIAN_POINT('',(0.E0,4.011645201989E0,-8.056469622196E0));
#4282=DIRECTION('',(0.E0,-8.951632913551E-1,-4.457383557765E-1));
#4283=DIRECTION('',(-1.E0,0.E0,0.E0));
#4284=AXIS2_PLACEMENT_3D('',#4281,#4282,#4283);
#4285=SPHERICAL_SURFACE('',#4284,1.21E0);
#4286=ORIENTED_EDGE('',*,*,#4271,.F.);
#4287=ORIENTED_EDGE('',*,*,#4244,.T.);
#4288=ORIENTED_EDGE('',*,*,#4242,.F.);
#4289=ORIENTED_EDGE('',*,*,#4274,.T.);
#4290=ORIENTED_EDGE('',*,*,#3309,.T.);
#4291=EDGE_LOOP('',(#4286,#4287,#4288,#4289,#4290));
#4292=FACE_OUTER_BOUND('',#4291,.F.);
#4293=ADVANCED_FACE('',(#4292),#4285,.F.);
#4294=CARTESIAN_POINT('',(0.E0,6.651080254986E0,6.063260792819E0));
#4295=DIRECTION('',(0.E0,6.736956436466E-1,-7.390089172207E-1));
#4296=DIRECTION('',(-1.E0,0.E0,0.E0));
#4297=AXIS2_PLACEMENT_3D('',#4294,#4295,#4296);
#4298=SPHERICAL_SURFACE('',#4297,1.21E0);
#4299=ORIENTED_EDGE('',*,*,#3412,.T.);
#4301=ORIENTED_EDGE('',*,*,#4300,.T.);
#4303=ORIENTED_EDGE('',*,*,#4302,.T.);
#4305=ORIENTED_EDGE('',*,*,#4304,.F.);
#4307=ORIENTED_EDGE('',*,*,#4306,.F.);
#4308=EDGE_LOOP('',(#4299,#4301,#4303,#4305,#4307));
#4309=FACE_OUTER_BOUND('',#4308,.F.);
#4310=ADVANCED_FACE('',(#4309),#4298,.F.);
#4311=CARTESIAN_POINT('',(0.E0,6.651080254986E0,6.063260792819E0));
#4312=DIRECTION('',(0.E0,6.736956436466E-1,-7.390089172207E-1));
#4313=DIRECTION('',(-1.E0,0.E0,0.E0));
#4314=AXIS2_PLACEMENT_3D('',#4311,#4312,#4313);
#4315=SPHERICAL_SURFACE('',#4314,1.21E0);
#4316=ORIENTED_EDGE('',*,*,#4306,.T.);
#4318=ORIENTED_EDGE('',*,*,#4317,.F.);
#4320=ORIENTED_EDGE('',*,*,#4319,.T.);
#4321=ORIENTED_EDGE('',*,*,#4300,.F.);
#4322=ORIENTED_EDGE('',*,*,#3414,.T.);
#4323=EDGE_LOOP('',(#4316,#4318,#4320,#4321,#4322));
#4324=FACE_OUTER_BOUND('',#4323,.F.);
#4325=ADVANCED_FACE('',(#4324),#4315,.F.);
#4326=CARTESIAN_POINT('',(0.E0,6.651080254986E0,6.063260792819E0));
#4327=DIRECTION('',(0.E0,6.736956436466E-1,-7.390089172207E-1));
#4328=DIRECTION('',(-1.E0,0.E0,0.E0));
#4329=AXIS2_PLACEMENT_3D('',#4326,#4327,#4328);
#4330=SPHERICAL_SURFACE('',#4329,1.21E0);
#4332=ORIENTED_EDGE('',*,*,#4331,.T.);
#4333=ORIENTED_EDGE('',*,*,#3301,.T.);
#4335=ORIENTED_EDGE('',*,*,#4334,.F.);
#4336=ORIENTED_EDGE('',*,*,#4319,.F.);
#4337=ORIENTED_EDGE('',*,*,#4317,.T.);
#4338=EDGE_LOOP('',(#4332,#4333,#4335,#4336,#4337));
#4339=FACE_OUTER_BOUND('',#4338,.F.);
#4340=ADVANCED_FACE('',(#4339),#4330,.F.);
#4341=CARTESIAN_POINT('',(0.E0,6.651080254986E0,6.063260792819E0));
#4342=DIRECTION('',(0.E0,6.736956436466E-1,-7.390089172207E-1));
#4343=DIRECTION('',(-1.E0,0.E0,0.E0));
#4344=AXIS2_PLACEMENT_3D('',#4341,#4342,#4343);
#4345=SPHERICAL_SURFACE('',#4344,1.21E0);
#4346=ORIENTED_EDGE('',*,*,#4331,.F.);
#4347=ORIENTED_EDGE('',*,*,#4304,.T.);
#4348=ORIENTED_EDGE('',*,*,#4302,.F.);
#4349=ORIENTED_EDGE('',*,*,#4334,.T.);
#4350=ORIENTED_EDGE('',*,*,#3303,.T.);
#4351=EDGE_LOOP('',(#4346,#4347,#4348,#4349,#4350));
#4352=FACE_OUTER_BOUND('',#4351,.F.);
#4353=ADVANCED_FACE('',(#4352),#4345,.F.);
#4354=CARTESIAN_POINT('',(0.E0,9.E0,0.E0));
#4355=DIRECTION('',(0.E0,0.E0,-1.E0));
#4356=DIRECTION('',(-1.E0,0.E0,0.E0));
#4357=AXIS2_PLACEMENT_3D('',#4354,#4355,#4356);
#4358=SPHERICAL_SURFACE('',#4357,1.21E0);
#4359=ORIENTED_EDGE('',*,*,#3418,.T.);
#4361=ORIENTED_EDGE('',*,*,#4360,.T.);
#4363=ORIENTED_EDGE('',*,*,#4362,.T.);
#4365=ORIENTED_EDGE('',*,*,#4364,.F.);
#4367=ORIENTED_EDGE('',*,*,#4366,.F.);
#4368=EDGE_LOOP('',(#4359,#4361,#4363,#4365,#4367));
#4369=FACE_OUTER_BOUND('',#4368,.F.);
#4370=ADVANCED_FACE('',(#4369),#4358,.F.);
#4371=CARTESIAN_POINT('',(0.E0,9.E0,0.E0));
#4372=DIRECTION('',(0.E0,0.E0,-1.E0));
#4373=DIRECTION('',(-1.E0,0.E0,0.E0));
#4374=AXIS2_PLACEMENT_3D('',#4371,#4372,#4373);
#4375=SPHERICAL_SURFACE('',#4374,1.21E0);
#4376=ORIENTED_EDGE('',*,*,#4366,.T.);
#4378=ORIENTED_EDGE('',*,*,#4377,.F.);
#4380=ORIENTED_EDGE('',*,*,#4379,.T.);
#4381=ORIENTED_EDGE('',*,*,#4360,.F.);
#4382=ORIENTED_EDGE('',*,*,#3420,.T.);
#4383=EDGE_LOOP('',(#4376,#4378,#4380,#4381,#4382));
#4384=FACE_OUTER_BOUND('',#4383,.F.);
#4385=ADVANCED_FACE('',(#4384),#4375,.F.);
#4386=CARTESIAN_POINT('',(0.E0,9.E0,0.E0));
#4387=DIRECTION('',(0.E0,0.E0,-1.E0));
#4388=DIRECTION('',(-1.E0,0.E0,0.E0));
#4389=AXIS2_PLACEMENT_3D('',#4386,#4387,#4388);
#4390=SPHERICAL_SURFACE('',#4389,1.21E0);
#4392=ORIENTED_EDGE('',*,*,#4391,.T.);
#4393=ORIENTED_EDGE('',*,*,#3295,.T.);
#4395=ORIENTED_EDGE('',*,*,#4394,.F.);
#4396=ORIENTED_EDGE('',*,*,#4379,.F.);
#4397=ORIENTED_EDGE('',*,*,#4377,.T.);
#4398=EDGE_LOOP('',(#4392,#4393,#4395,#4396,#4397));
#4399=FACE_OUTER_BOUND('',#4398,.F.);
#4400=ADVANCED_FACE('',(#4399),#4390,.F.);
#4401=CARTESIAN_POINT('',(0.E0,9.E0,0.E0));
#4402=DIRECTION('',(0.E0,0.E0,-1.E0));
#4403=DIRECTION('',(-1.E0,0.E0,0.E0));
#4404=AXIS2_PLACEMENT_3D('',#4401,#4402,#4403);
#4405=SPHERICAL_SURFACE('',#4404,1.21E0);
#4406=ORIENTED_EDGE('',*,*,#4391,.F.);
#4407=ORIENTED_EDGE('',*,*,#4364,.T.);
#4408=ORIENTED_EDGE('',*,*,#4362,.F.);
#4409=ORIENTED_EDGE('',*,*,#4394,.T.);
#4410=ORIENTED_EDGE('',*,*,#3297,.T.);
#4411=EDGE_LOOP('',(#4406,#4407,#4408,#4409,#4410));
#4412=FACE_OUTER_BOUND('',#4411,.F.);
#4413=ADVANCED_FACE('',(#4412),#4405,.F.);
#4414=CARTESIAN_POINT('',(0.E0,8.392250064639E0,3.251174995684E0));
#4415=DIRECTION('',(0.E0,3.612416661872E-1,-9.324722294043E-1));
#4416=DIRECTION('',(-1.E0,0.E0,0.E0));
#4417=AXIS2_PLACEMENT_3D('',#4414,#4415,#4416);
#4418=SPHERICAL_SURFACE('',#4417,1.21E0);
#4419=ORIENTED_EDGE('',*,*,#3424,.T.);
#4421=ORIENTED_EDGE('',*,*,#4420,.T.);
#4423=ORIENTED_EDGE('',*,*,#4422,.T.);
#4425=ORIENTED_EDGE('',*,*,#4424,.F.);
#4427=ORIENTED_EDGE('',*,*,#4426,.F.);
#4428=EDGE_LOOP('',(#4419,#4421,#4423,#4425,#4427));
#4429=FACE_OUTER_BOUND('',#4428,.F.);
#4430=ADVANCED_FACE('',(#4429),#4418,.F.);
#4431=CARTESIAN_POINT('',(0.E0,8.392250064639E0,3.251174995684E0));
#4432=DIRECTION('',(0.E0,3.612416661872E-1,-9.324722294043E-1));
#4433=DIRECTION('',(-1.E0,0.E0,0.E0));
#4434=AXIS2_PLACEMENT_3D('',#4431,#4432,#4433);
#4435=SPHERICAL_SURFACE('',#4434,1.21E0);
#4436=ORIENTED_EDGE('',*,*,#4426,.T.);
#4438=ORIENTED_EDGE('',*,*,#4437,.F.);
#4440=ORIENTED_EDGE('',*,*,#4439,.T.);
#4441=ORIENTED_EDGE('',*,*,#4420,.F.);
#4442=ORIENTED_EDGE('',*,*,#3426,.T.);
#4443=EDGE_LOOP('',(#4436,#4438,#4440,#4441,#4442));
#4444=FACE_OUTER_BOUND('',#4443,.F.);
#4445=ADVANCED_FACE('',(#4444),#4435,.F.);
#4446=CARTESIAN_POINT('',(0.E0,8.392250064639E0,3.251174995684E0));
#4447=DIRECTION('',(0.E0,3.612416661872E-1,-9.324722294043E-1));
#4448=DIRECTION('',(-1.E0,0.E0,0.E0));
#4449=AXIS2_PLACEMENT_3D('',#4446,#4447,#4448);
#4450=SPHERICAL_SURFACE('',#4449,1.21E0);
#4452=ORIENTED_EDGE('',*,*,#4451,.T.);
#4453=ORIENTED_EDGE('',*,*,#3289,.T.);
#4455=ORIENTED_EDGE('',*,*,#4454,.F.);
#4456=ORIENTED_EDGE('',*,*,#4439,.F.);
#4457=ORIENTED_EDGE('',*,*,#4437,.T.);
#4458=EDGE_LOOP('',(#4452,#4453,#4455,#4456,#4457));
#4459=FACE_OUTER_BOUND('',#4458,.F.);
#4460=ADVANCED_FACE('',(#4459),#4450,.F.);
#4461=CARTESIAN_POINT('',(0.E0,8.392250064639E0,3.251174995684E0));
#4462=DIRECTION('',(0.E0,3.612416661872E-1,-9.324722294043E-1));
#4463=DIRECTION('',(-1.E0,0.E0,0.E0));
#4464=AXIS2_PLACEMENT_3D('',#4461,#4462,#4463);
#4465=SPHERICAL_SURFACE('',#4464,1.21E0);
#4466=ORIENTED_EDGE('',*,*,#4451,.F.);
#4467=ORIENTED_EDGE('',*,*,#4424,.T.);
#4468=ORIENTED_EDGE('',*,*,#4422,.F.);
#4469=ORIENTED_EDGE('',*,*,#4454,.T.);
#4470=ORIENTED_EDGE('',*,*,#3291,.T.);
#4471=EDGE_LOOP('',(#4466,#4467,#4468,#4469,#4470));
#4472=FACE_OUTER_BOUND('',#4471,.F.);
#4473=ADVANCED_FACE('',(#4472),#4465,.F.);
#4474=CARTESIAN_POINT('',(0.E0,4.011645201989E0,8.056469622196E0));
#4475=DIRECTION('',(0.E0,8.951632913551E-1,-4.457383557765E-1));
#4476=DIRECTION('',(-1.E0,0.E0,0.E0));
#4477=AXIS2_PLACEMENT_3D('',#4474,#4475,#4476);
#4478=SPHERICAL_SURFACE('',#4477,1.21E0);
#4479=ORIENTED_EDGE('',*,*,#3430,.T.);
#4481=ORIENTED_EDGE('',*,*,#4480,.T.);
#4483=ORIENTED_EDGE('',*,*,#4482,.T.);
#4485=ORIENTED_EDGE('',*,*,#4484,.F.);
#4487=ORIENTED_EDGE('',*,*,#4486,.F.);
#4488=EDGE_LOOP('',(#4479,#4481,#4483,#4485,#4487));
#4489=FACE_OUTER_BOUND('',#4488,.F.);
#4490=ADVANCED_FACE('',(#4489),#4478,.F.);
#4491=CARTESIAN_POINT('',(0.E0,4.011645201989E0,8.056469622196E0));
#4492=DIRECTION('',(0.E0,8.951632913551E-1,-4.457383557765E-1));
#4493=DIRECTION('',(-1.E0,0.E0,0.E0));
#4494=AXIS2_PLACEMENT_3D('',#4491,#4492,#4493);
#4495=SPHERICAL_SURFACE('',#4494,1.21E0);
#4496=ORIENTED_EDGE('',*,*,#4486,.T.);
#4498=ORIENTED_EDGE('',*,*,#4497,.F.);
#4500=ORIENTED_EDGE('',*,*,#4499,.T.);
#4501=ORIENTED_EDGE('',*,*,#4480,.F.);
#4502=ORIENTED_EDGE('',*,*,#3432,.T.);
#4503=EDGE_LOOP('',(#4496,#4498,#4500,#4501,#4502));
#4504=FACE_OUTER_BOUND('',#4503,.F.);
#4505=ADVANCED_FACE('',(#4504),#4495,.F.);
#4506=CARTESIAN_POINT('',(0.E0,4.011645201989E0,8.056469622196E0));
#4507=DIRECTION('',(0.E0,8.951632913551E-1,-4.457383557765E-1));
#4508=DIRECTION('',(-1.E0,0.E0,0.E0));
#4509=AXIS2_PLACEMENT_3D('',#4506,#4507,#4508);
#4510=SPHERICAL_SURFACE('',#4509,1.21E0);
#4512=ORIENTED_EDGE('',*,*,#4511,.T.);
#4513=ORIENTED_EDGE('',*,*,#3283,.T.);
#4515=ORIENTED_EDGE('',*,*,#4514,.F.);
#4516=ORIENTED_EDGE('',*,*,#4499,.F.);
#4517=ORIENTED_EDGE('',*,*,#4497,.T.);
#4518=EDGE_LOOP('',(#4512,#4513,#4515,#4516,#4517));
#4519=FACE_OUTER_BOUND('',#4518,.F.);
#4520=ADVANCED_FACE('',(#4519),#4510,.F.);
#4521=CARTESIAN_POINT('',(0.E0,4.011645201989E0,8.056469622196E0));
#4522=DIRECTION('',(0.E0,8.951632913551E-1,-4.457383557765E-1));
#4523=DIRECTION('',(-1.E0,0.E0,0.E0));
#4524=AXIS2_PLACEMENT_3D('',#4521,#4522,#4523);
#4525=SPHERICAL_SURFACE('',#4524,1.21E0);
#4526=ORIENTED_EDGE('',*,*,#4511,.F.);
#4527=ORIENTED_EDGE('',*,*,#4484,.T.);
#4528=ORIENTED_EDGE('',*,*,#4482,.F.);
#4529=ORIENTED_EDGE('',*,*,#4514,.T.);
#4530=ORIENTED_EDGE('',*,*,#3285,.T.);
#4531=EDGE_LOOP('',(#4526,#4527,#4528,#4529,#4530));
#4532=FACE_OUTER_BOUND('',#4531,.F.);
#4533=ADVANCED_FACE('',(#4532),#4525,.F.);
#4534=CARTESIAN_POINT('',(0.E0,6.651080254986E0,-6.063260792819E0));
#4535=DIRECTION('',(0.E0,-6.736956436465E-1,-7.390089172207E-1));
#4536=DIRECTION('',(-1.E0,0.E0,0.E0));
#4537=AXIS2_PLACEMENT_3D('',#4534,#4535,#4536);
#4538=SPHERICAL_SURFACE('',#4537,1.21E0);
#4539=ORIENTED_EDGE('',*,*,#3436,.T.);
#4541=ORIENTED_EDGE('',*,*,#4540,.T.);
#4543=ORIENTED_EDGE('',*,*,#4542,.T.);
#4545=ORIENTED_EDGE('',*,*,#4544,.F.);
#4547=ORIENTED_EDGE('',*,*,#4546,.F.);
#4548=EDGE_LOOP('',(#4539,#4541,#4543,#4545,#4547));
#4549=FACE_OUTER_BOUND('',#4548,.F.);
#4550=ADVANCED_FACE('',(#4549),#4538,.F.);
#4551=CARTESIAN_POINT('',(0.E0,6.651080254986E0,-6.063260792819E0));
#4552=DIRECTION('',(0.E0,-6.736956436465E-1,-7.390089172207E-1));
#4553=DIRECTION('',(-1.E0,0.E0,0.E0));
#4554=AXIS2_PLACEMENT_3D('',#4551,#4552,#4553);
#4555=SPHERICAL_SURFACE('',#4554,1.21E0);
#4556=ORIENTED_EDGE('',*,*,#4546,.T.);
#4558=ORIENTED_EDGE('',*,*,#4557,.F.);
#4560=ORIENTED_EDGE('',*,*,#4559,.T.);
#4561=ORIENTED_EDGE('',*,*,#4540,.F.);
#4562=ORIENTED_EDGE('',*,*,#3438,.T.);
#4563=EDGE_LOOP('',(#4556,#4558,#4560,#4561,#4562));
#4564=FACE_OUTER_BOUND('',#4563,.F.);
#4565=ADVANCED_FACE('',(#4564),#4555,.F.);
#4566=CARTESIAN_POINT('',(0.E0,6.651080254986E0,-6.063260792819E0));
#4567=DIRECTION('',(0.E0,-6.736956436465E-1,-7.390089172207E-1));
#4568=DIRECTION('',(-1.E0,0.E0,0.E0));
#4569=AXIS2_PLACEMENT_3D('',#4566,#4567,#4568);
#4570=SPHERICAL_SURFACE('',#4569,1.21E0);
#4572=ORIENTED_EDGE('',*,*,#4571,.T.);
#4573=ORIENTED_EDGE('',*,*,#3277,.T.);
#4575=ORIENTED_EDGE('',*,*,#4574,.F.);
#4576=ORIENTED_EDGE('',*,*,#4559,.F.);
#4577=ORIENTED_EDGE('',*,*,#4557,.T.);
#4578=EDGE_LOOP('',(#4572,#4573,#4575,#4576,#4577));
#4579=FACE_OUTER_BOUND('',#4578,.F.);
#4580=ADVANCED_FACE('',(#4579),#4570,.F.);
#4581=CARTESIAN_POINT('',(0.E0,6.651080254986E0,-6.063260792819E0));
#4582=DIRECTION('',(0.E0,-6.736956436465E-1,-7.390089172207E-1));
#4583=DIRECTION('',(-1.E0,0.E0,0.E0));
#4584=AXIS2_PLACEMENT_3D('',#4581,#4582,#4583);
#4585=SPHERICAL_SURFACE('',#4584,1.21E0);
#4586=ORIENTED_EDGE('',*,*,#4571,.F.);
#4587=ORIENTED_EDGE('',*,*,#4544,.T.);
#4588=ORIENTED_EDGE('',*,*,#4542,.F.);
#4589=ORIENTED_EDGE('',*,*,#4574,.T.);
#4590=ORIENTED_EDGE('',*,*,#3279,.T.);
#4591=EDGE_LOOP('',(#4586,#4587,#4588,#4589,#4590));
#4592=FACE_OUTER_BOUND('',#4591,.F.);
#4593=ADVANCED_FACE('',(#4592),#4585,.F.);
#4594=CLOSED_SHELL('',(#3135,#3151,#3221,#3236,#3250,#3319,#3338,#3353,#3369,
#3442,#3457,#3471,#3484,#3497,#3564,#3579,#3594,#3607,#3622,#3635,#3649,#3661,
#3680,#3695,#3710,#3725,#3740,#3753,#3770,#3785,#3800,#3813,#3830,#3845,#3860,
#3873,#3890,#3905,#3920,#3933,#3950,#3965,#3980,#3993,#4010,#4025,#4040,#4053,
#4070,#4085,#4100,#4113,#4130,#4145,#4160,#4173,#4190,#4205,#4220,#4233,#4250,
#4265,#4280,#4293,#4310,#4325,#4340,#4353,#4370,#4385,#4400,#4413,#4430,#4445,
#4460,#4473,#4490,#4505,#4520,#4533,#4550,#4565,#4580,#4593));
#4595=MANIFOLD_SOLID_BREP('',#4594);
#4596=DIRECTION('',(-1.E0,0.E0,0.E0));
#4597=VECTOR('',#4596,1.172418389457E0);
#4598=CARTESIAN_POINT('',(-7.275816105428E-1,0.E0,-9.825E0));
#4599=LINE('',#4598,#4597);
#4600=DIRECTION('',(-1.E0,0.E0,0.E0));
#4601=VECTOR('',#4600,1.172418389457E0);
#4602=CARTESIAN_POINT('',(-7.275816105428E-1,0.E0,9.825E0));
#4603=LINE('',#4602,#4601);
#4604=CARTESIAN_POINT('',(7.275816105428E-1,0.E0,0.E0));
#4605=DIRECTION('',(-1.E0,0.E0,0.E0));
#4606=DIRECTION('',(0.E0,0.E0,-1.E0));
#4607=AXIS2_PLACEMENT_3D('',#4604,#4605,#4606);
#4609=CARTESIAN_POINT('',(0.E0,0.E0,9.E0));
#4610=DIRECTION('',(0.E0,-1.E0,0.E0));
#4611=DIRECTION('',(6.614378277662E-1,0.E0,7.5E-1));
#4612=AXIS2_PLACEMENT_3D('',#4609,#4610,#4611);
#4614=CARTESIAN_POINT('',(0.E0,0.E0,9.E0));
#4615=DIRECTION('',(0.E0,-1.E0,0.E0));
#4616=DIRECTION('',(0.E0,0.E0,1.E0));
#4617=AXIS2_PLACEMENT_3D('',#4614,#4615,#4616);
#4619=CARTESIAN_POINT('',(-7.275816105428E-1,0.E0,0.E0));
#4620=DIRECTION('',(1.E0,0.E0,0.E0));
#4621=DIRECTION('',(0.E0,0.E0,1.E0));
#4622=AXIS2_PLACEMENT_3D('',#4619,#4620,#4621);
#4624=DIRECTION('',(-1.E0,0.E0,0.E0));
#4625=VECTOR('',#4624,1.172418389457E0);
#4626=CARTESIAN_POINT('',(1.9E0,0.E0,9.825E0));
#4627=LINE('',#4626,#4625);
#4628=CARTESIAN_POINT('',(1.9E0,0.E0,-9.925E0));
#4629=DIRECTION('',(0.E0,1.E0,0.E0));
#4630=DIRECTION('',(0.E0,0.E0,1.E0));
#4631=AXIS2_PLACEMENT_3D('',#4628,#4629,#4630);
#4633=CARTESIAN_POINT('',(1.9E0,0.E0,0.E0));
#4634=DIRECTION('',(1.E0,0.E0,0.E0));
#4635=DIRECTION('',(0.E0,0.E0,1.E0));
#4636=AXIS2_PLACEMENT_3D('',#4633,#4634,#4635);
#4638=CARTESIAN_POINT('',(1.9E0,0.E0,0.E0));
#4639=DIRECTION('',(1.E0,0.E0,0.E0));
#4640=DIRECTION('',(0.E0,0.E0,-1.E0));
#4641=AXIS2_PLACEMENT_3D('',#4638,#4639,#4640);
#4643=CARTESIAN_POINT('',(1.9E0,0.E0,9.925E0));
#4644=DIRECTION('',(0.E0,-1.E0,0.E0));
#4645=DIRECTION('',(0.E0,0.E0,-1.E0));
#4646=AXIS2_PLACEMENT_3D('',#4643,#4644,#4645);
#4648=DIRECTION('',(-1.E0,0.E0,0.E0));
#4649=VECTOR('',#4648,1.172418389457E0);
#4650=CARTESIAN_POINT('',(1.9E0,0.E0,-9.825E0));
#4651=LINE('',#4650,#4649);
#4652=CARTESIAN_POINT('',(0.E0,0.E0,-9.E0));
#4653=DIRECTION('',(0.E0,1.E0,0.E0));
#4654=DIRECTION('',(0.E0,0.E0,-1.E0));
#4655=AXIS2_PLACEMENT_3D('',#4652,#4653,#4654);
#4657=CARTESIAN_POINT('',(-7.275816105428E-1,0.E0,0.E0));
#4658=DIRECTION('',(1.E0,0.E0,0.E0));
#4659=DIRECTION('',(0.E0,0.E0,-1.E0));
#4660=AXIS2_PLACEMENT_3D('',#4657,#4658,#4659);
#4662=CARTESIAN_POINT('',(7.275816105428E-1,0.E0,0.E0));
#4663=DIRECTION('',(-1.E0,0.E0,0.E0));
#4664=DIRECTION('',(0.E0,0.E0,1.E0));
#4665=AXIS2_PLACEMENT_3D('',#4662,#4663,#4664);
#4667=CARTESIAN_POINT('',(0.E0,0.E0,-9.E0));
#4668=DIRECTION('',(0.E0,1.E0,0.E0));
#4669=DIRECTION('',(6.614378277662E-1,0.E0,-7.5E-1));
#4670=AXIS2_PLACEMENT_3D('',#4667,#4668,#4669);
#4672=CARTESIAN_POINT('',(2.E0,0.E0,0.E0));
#4673=DIRECTION('',(-1.E0,0.E0,0.E0));
#4674=DIRECTION('',(0.E0,0.E0,1.E0));
#4675=AXIS2_PLACEMENT_3D('',#4672,#4673,#4674);
#4677=CARTESIAN_POINT('',(2.E0,0.E0,0.E0));
#4678=DIRECTION('',(-1.E0,0.E0,0.E0));
#4679=DIRECTION('',(0.E0,0.E0,-1.E0));
#4680=AXIS2_PLACEMENT_3D('',#4677,#4678,#4679);
#4682=CARTESIAN_POINT('',(2.E0,0.E0,0.E0));
#4683=DIRECTION('',(1.E0,0.E0,0.E0));
#4684=DIRECTION('',(0.E0,0.E0,-1.E0));
#4685=AXIS2_PLACEMENT_3D('',#4682,#4683,#4684);
#4687=CARTESIAN_POINT('',(2.E0,0.E0,0.E0));
#4688=DIRECTION('',(1.E0,0.E0,0.E0));
#4689=DIRECTION('',(0.E0,0.E0,1.E0));
#4690=AXIS2_PLACEMENT_3D('',#4687,#4688,#4689);
#4692=CARTESIAN_POINT('',(1.8E0,0.E0,1.03E1));
#4693=DIRECTION('',(0.E0,-1.E0,0.E0));
#4694=DIRECTION('',(1.E0,0.E0,0.E0));
#4695=AXIS2_PLACEMENT_3D('',#4692,#4693,#4694);
#4697=CARTESIAN_POINT('',(1.8E0,0.E0,0.E0));
#4698=DIRECTION('',(-1.E0,0.E0,0.E0));
#4699=DIRECTION('',(0.E0,0.E0,1.E0));
#4700=AXIS2_PLACEMENT_3D('',#4697,#4698,#4699);
#4702=CARTESIAN_POINT('',(1.8E0,0.E0,-1.03E1));
#4703=DIRECTION('',(0.E0,1.E0,0.E0));
#4704=DIRECTION('',(1.E0,0.E0,0.E0));
#4705=AXIS2_PLACEMENT_3D('',#4702,#4703,#4704);
#4707=CARTESIAN_POINT('',(1.8E0,0.E0,0.E0));
#4708=DIRECTION('',(-1.E0,0.E0,0.E0));
#4709=DIRECTION('',(0.E0,0.E0,-1.E0));
#4710=AXIS2_PLACEMENT_3D('',#4707,#4708,#4709);
#4712=DIRECTION('',(-1.E0,0.E0,0.E0));
#4713=VECTOR('',#4712,3.6E0);
#4714=CARTESIAN_POINT('',(1.8E0,0.E0,-1.05E1));
#4715=LINE('',#4714,#4713);
#4716=DIRECTION('',(-1.E0,0.E0,0.E0));
#4717=VECTOR('',#4716,3.6E0);
#4718=CARTESIAN_POINT('',(1.8E0,0.E0,1.05E1));
#4719=LINE('',#4718,#4717);
#4720=CARTESIAN_POINT('',(-1.8E0,0.E0,0.E0));
#4721=DIRECTION('',(1.E0,0.E0,0.E0));
#4722=DIRECTION('',(0.E0,0.E0,-1.E0));
#4723=AXIS2_PLACEMENT_3D('',#4720,#4721,#4722);
#4725=CARTESIAN_POINT('',(-1.8E0,0.E0,1.03E1));
#4726=DIRECTION('',(0.E0,-1.E0,0.E0));
#4727=DIRECTION('',(0.E0,0.E0,1.E0));
#4728=AXIS2_PLACEMENT_3D('',#4725,#4726,#4727);
#4730=CARTESIAN_POINT('',(-1.8E0,0.E0,-1.03E1));
#4731=DIRECTION('',(0.E0,1.E0,0.E0));
#4732=DIRECTION('',(0.E0,0.E0,-1.E0));
#4733=AXIS2_PLACEMENT_3D('',#4730,#4731,#4732);
#4735=CARTESIAN_POINT('',(-1.8E0,0.E0,0.E0));
#4736=DIRECTION('',(1.E0,0.E0,0.E0));
#4737=DIRECTION('',(0.E0,0.E0,1.E0));
#4738=AXIS2_PLACEMENT_3D('',#4735,#4736,#4737);
#4740=CARTESIAN_POINT('',(-2.E0,0.E0,0.E0));
#4741=DIRECTION('',(1.E0,0.E0,0.E0));
#4742=DIRECTION('',(0.E0,0.E0,-1.E0));
#4743=AXIS2_PLACEMENT_3D('',#4740,#4741,#4742);
#4745=CARTESIAN_POINT('',(-2.E0,0.E0,0.E0));
#4746=DIRECTION('',(1.E0,0.E0,0.E0));
#4747=DIRECTION('',(0.E0,0.E0,1.E0));
#4748=AXIS2_PLACEMENT_3D('',#4745,#4746,#4747);
#4750=CARTESIAN_POINT('',(-2.E0,0.E0,0.E0));
#4751=DIRECTION('',(-1.E0,0.E0,0.E0));
#4752=DIRECTION('',(0.E0,0.E0,1.E0));
#4753=AXIS2_PLACEMENT_3D('',#4750,#4751,#4752);
#4755=CARTESIAN_POINT('',(-2.E0,0.E0,0.E0));
#4756=DIRECTION('',(-1.E0,0.E0,0.E0));
#4757=DIRECTION('',(0.E0,0.E0,-1.E0));
#4758=AXIS2_PLACEMENT_3D('',#4755,#4756,#4757);
#4760=CARTESIAN_POINT('',(-1.9E0,0.E0,9.925E0));
#4761=DIRECTION('',(0.E0,-1.E0,0.E0));
#4762=DIRECTION('',(-1.E0,0.E0,0.E0));
#4763=AXIS2_PLACEMENT_3D('',#4760,#4761,#4762);
#4765=CARTESIAN_POINT('',(-1.9E0,0.E0,0.E0));
#4766=DIRECTION('',(-1.E0,0.E0,0.E0));
#4767=DIRECTION('',(0.E0,0.E0,1.E0));
#4768=AXIS2_PLACEMENT_3D('',#4765,#4766,#4767);
#4770=CARTESIAN_POINT('',(-1.9E0,0.E0,-9.925E0));
#4771=DIRECTION('',(0.E0,1.E0,0.E0));
#4772=DIRECTION('',(-1.E0,0.E0,0.E0));
#4773=AXIS2_PLACEMENT_3D('',#4770,#4771,#4772);
#4775=CARTESIAN_POINT('',(-1.9E0,0.E0,0.E0));
#4776=DIRECTION('',(-1.E0,0.E0,0.E0));
#4777=DIRECTION('',(0.E0,0.E0,-1.E0));
#4778=AXIS2_PLACEMENT_3D('',#4775,#4776,#4777);
#4780=CARTESIAN_POINT('',(2.E0,0.E0,1.03E1));
#4781=CARTESIAN_POINT('',(2.E0,0.E0,-1.03E1));
#4782=VERTEX_POINT('',#4780);
#4783=VERTEX_POINT('',#4781);
#4784=CARTESIAN_POINT('',(1.8E0,0.E0,1.05E1));
#4785=VERTEX_POINT('',#4784);
#4786=CARTESIAN_POINT('',(1.8E0,0.E0,-1.05E1));
#4787=VERTEX_POINT('',#4786);
#4788=CARTESIAN_POINT('',(2.E0,0.E0,-9.925E0));
#4789=CARTESIAN_POINT('',(2.E0,0.E0,9.925E0));
#4790=VERTEX_POINT('',#4788);
#4791=VERTEX_POINT('',#4789);
#4792=CARTESIAN_POINT('',(-1.8E0,0.E0,-1.05E1));
#4793=VERTEX_POINT('',#4792);
#4794=CARTESIAN_POINT('',(-1.8E0,0.E0,1.05E1));
#4795=VERTEX_POINT('',#4794);
#4796=CARTESIAN_POINT('',(-2.E0,0.E0,1.03E1));
#4797=VERTEX_POINT('',#4796);
#4798=CARTESIAN_POINT('',(-2.E0,0.E0,-1.03E1));
#4799=VERTEX_POINT('',#4798);
#4800=CARTESIAN_POINT('',(-2.E0,0.E0,9.925E0));
#4801=CARTESIAN_POINT('',(-2.E0,0.E0,-9.925E0));
#4802=VERTEX_POINT('',#4800);
#4803=VERTEX_POINT('',#4801);
#4804=CARTESIAN_POINT('',(-1.9E0,0.E0,9.825E0));
#4805=VERTEX_POINT('',#4804);
#4806=CARTESIAN_POINT('',(-1.9E0,0.E0,-9.825E0));
#4807=VERTEX_POINT('',#4806);
#4808=CARTESIAN_POINT('',(-7.275816105428E-1,0.E0,9.825E0));
#4809=CARTESIAN_POINT('',(-7.275816105428E-1,0.E0,-9.825E0));
#4810=VERTEX_POINT('',#4808);
#4811=VERTEX_POINT('',#4809);
#4812=CARTESIAN_POINT('',(7.275816105428E-1,0.E0,-9.825E0));
#4813=CARTESIAN_POINT('',(7.275816105428E-1,0.E0,9.825E0));
#4814=VERTEX_POINT('',#4812);
#4815=VERTEX_POINT('',#4813);
#4816=CARTESIAN_POINT('',(0.E0,0.E0,1.01E1));
#4817=VERTEX_POINT('',#4816);
#4818=CARTESIAN_POINT('',(0.E0,0.E0,-1.01E1));
#4819=VERTEX_POINT('',#4818);
#4820=CARTESIAN_POINT('',(1.9E0,0.E0,9.825E0));
#4821=CARTESIAN_POINT('',(1.9E0,0.E0,-9.825E0));
#4822=VERTEX_POINT('',#4820);
#4823=VERTEX_POINT('',#4821);
#4824=CARTESIAN_POINT('',(-2.E0,0.E0,0.E0));
#4825=DIRECTION('',(-1.E0,0.E0,0.E0));
#4826=DIRECTION('',(0.E0,0.E0,1.E0));
#4827=AXIS2_PLACEMENT_3D('',#4824,#4825,#4826);
#4828=CYLINDRICAL_SURFACE('',#4827,9.825E0);
#4830=ORIENTED_EDGE('',*,*,#4829,.T.);
#4832=ORIENTED_EDGE('',*,*,#4831,.F.);
#4834=ORIENTED_EDGE('',*,*,#4833,.F.);
#4836=ORIENTED_EDGE('',*,*,#4835,.F.);
#4837=EDGE_LOOP('',(#4830,#4832,#4834,#4836));
#4838=FACE_OUTER_BOUND('',#4837,.F.);
#4839=ADVANCED_FACE('',(#4838),#4828,.F.);
#4840=CARTESIAN_POINT('',(-2.E0,0.E0,0.E0));
#4841=DIRECTION('',(-1.E0,0.E0,0.E0));
#4842=DIRECTION('',(0.E0,0.E0,1.E0));
#4843=AXIS2_PLACEMENT_3D('',#4840,#4841,#4842);
#4844=CYLINDRICAL_SURFACE('',#4843,9.825E0);
#4846=ORIENTED_EDGE('',*,*,#4845,.F.);
#4847=ORIENTED_EDGE('',*,*,#4833,.T.);
#4849=ORIENTED_EDGE('',*,*,#4848,.F.);
#4850=ORIENTED_EDGE('',*,*,#4829,.F.);
#4851=EDGE_LOOP('',(#4846,#4847,#4849,#4850));
#4852=FACE_OUTER_BOUND('',#4851,.F.);
#4853=ADVANCED_FACE('',(#4852),#4844,.F.);
#4854=CARTESIAN_POINT('',(0.E0,0.E0,0.E0));
#4855=DIRECTION('',(-1.E0,0.E0,0.E0));
#4856=DIRECTION('',(0.E0,0.E0,1.E0));
#4857=AXIS2_PLACEMENT_3D('',#4854,#4855,#4856);
#4858=TOROIDAL_SURFACE('',#4857,9.E0,1.1E0);
#4860=ORIENTED_EDGE('',*,*,#4859,.T.);
#4862=ORIENTED_EDGE('',*,*,#4861,.T.);
#4864=ORIENTED_EDGE('',*,*,#4863,.T.);
#4865=ORIENTED_EDGE('',*,*,#4845,.T.);
#4867=ORIENTED_EDGE('',*,*,#4866,.F.);
#4869=ORIENTED_EDGE('',*,*,#4868,.F.);
#4870=EDGE_LOOP('',(#4860,#4862,#4864,#4865,#4867,#4869));
#4871=FACE_OUTER_BOUND('',#4870,.F.);
#4872=ADVANCED_FACE('',(#4871),#4858,.F.);
#4873=CARTESIAN_POINT('',(-2.E0,0.E0,0.E0));
#4874=DIRECTION('',(-1.E0,0.E0,0.E0));
#4875=DIRECTION('',(0.E0,0.E0,1.E0));
#4876=AXIS2_PLACEMENT_3D('',#4873,#4874,#4875);
#4877=CYLINDRICAL_SURFACE('',#4876,9.825E0);
#4879=ORIENTED_EDGE('',*,*,#4878,.F.);
#4881=ORIENTED_EDGE('',*,*,#4880,.T.);
#4882=ORIENTED_EDGE('',*,*,#4859,.F.);
#4884=ORIENTED_EDGE('',*,*,#4883,.F.);
#4885=EDGE_LOOP('',(#4879,#4881,#4882,#4884));
#4886=FACE_OUTER_BOUND('',#4885,.F.);
#4887=ADVANCED_FACE('',(#4886),#4877,.F.);
#4888=CARTESIAN_POINT('',(1.9E0,0.E0,0.E0));
#4889=DIRECTION('',(-1.E0,0.E0,0.E0));
#4890=DIRECTION('',(0.E0,0.E0,1.E0));
#4891=AXIS2_PLACEMENT_3D('',#4888,#4889,#4890);
#4892=TOROIDAL_SURFACE('',#4891,9.925E0,1.E-1);
#4894=ORIENTED_EDGE('',*,*,#4893,.T.);
#4896=ORIENTED_EDGE('',*,*,#4895,.F.);
#4898=ORIENTED_EDGE('',*,*,#4897,.F.);
#4899=ORIENTED_EDGE('',*,*,#4878,.T.);
#4900=EDGE_LOOP('',(#4894,#4896,#4898,#4899));
#4901=FACE_OUTER_BOUND('',#4900,.F.);
#4902=ADVANCED_FACE('',(#4901),#4892,.T.);
#4903=CARTESIAN_POINT('',(1.9E0,0.E0,0.E0));
#4904=DIRECTION('',(-1.E0,0.E0,0.E0));
#4905=DIRECTION('',(0.E0,0.E0,1.E0));
#4906=AXIS2_PLACEMENT_3D('',#4903,#4904,#4905);
#4907=TOROIDAL_SURFACE('',#4906,9.925E0,1.E-1);
#4909=ORIENTED_EDGE('',*,*,#4908,.T.);
#4910=ORIENTED_EDGE('',*,*,#4897,.T.);
#4912=ORIENTED_EDGE('',*,*,#4911,.F.);
#4913=ORIENTED_EDGE('',*,*,#4893,.F.);
#4914=EDGE_LOOP('',(#4909,#4910,#4912,#4913));
#4915=FACE_OUTER_BOUND('',#4914,.F.);
#4916=ADVANCED_FACE('',(#4915),#4907,.T.);
#4917=CARTESIAN_POINT('',(-2.E0,0.E0,0.E0));
#4918=DIRECTION('',(-1.E0,0.E0,0.E0));
#4919=DIRECTION('',(0.E0,0.E0,1.E0));
#4920=AXIS2_PLACEMENT_3D('',#4917,#4918,#4919);
#4921=CYLINDRICAL_SURFACE('',#4920,9.825E0);
#4922=ORIENTED_EDGE('',*,*,#4883,.T.);
#4924=ORIENTED_EDGE('',*,*,#4923,.F.);
#4925=ORIENTED_EDGE('',*,*,#4880,.F.);
#4926=ORIENTED_EDGE('',*,*,#4908,.F.);
#4927=EDGE_LOOP('',(#4922,#4924,#4925,#4926));
#4928=FACE_OUTER_BOUND('',#4927,.F.);
#4929=ADVANCED_FACE('',(#4928),#4921,.F.);
#4930=CARTESIAN_POINT('',(0.E0,0.E0,0.E0));
#4931=DIRECTION('',(-1.E0,0.E0,0.E0));
#4932=DIRECTION('',(0.E0,0.E0,1.E0));
#4933=AXIS2_PLACEMENT_3D('',#4930,#4931,#4932);
#4934=TOROIDAL_SURFACE('',#4933,9.E0,1.1E0);
#4935=ORIENTED_EDGE('',*,*,#4866,.T.);
#4936=ORIENTED_EDGE('',*,*,#4835,.T.);
#4937=ORIENTED_EDGE('',*,*,#4863,.F.);
#4938=ORIENTED_EDGE('',*,*,#4861,.F.);
#4939=ORIENTED_EDGE('',*,*,#4923,.T.);
#4940=ORIENTED_EDGE('',*,*,#4868,.T.);
#4941=EDGE_LOOP('',(#4935,#4936,#4937,#4938,#4939,#4940));
#4942=FACE_OUTER_BOUND('',#4941,.F.);
#4943=ADVANCED_FACE('',(#4942),#4934,.F.);
#4944=CARTESIAN_POINT('',(2.E0,9.925E0,0.E0));
#4945=DIRECTION('',(-1.E0,0.E0,0.E0));
#4946=DIRECTION('',(0.E0,0.E0,1.E0));
#4947=AXIS2_PLACEMENT_3D('',#4944,#4945,#4946);
#4948=PLANE('',#4947);
#4950=ORIENTED_EDGE('',*,*,#4949,.T.);
#4952=ORIENTED_EDGE('',*,*,#4951,.T.);
#4953=EDGE_LOOP('',(#4950,#4952));
#4954=FACE_OUTER_BOUND('',#4953,.F.);
#4955=ORIENTED_EDGE('',*,*,#4911,.T.);
#4956=ORIENTED_EDGE('',*,*,#4895,.T.);
#4957=EDGE_LOOP('',(#4955,#4956));
#4958=FACE_BOUND('',#4957,.F.);
#4959=ADVANCED_FACE('',(#4954,#4958),#4948,.F.);
#4960=CARTESIAN_POINT('',(1.8E0,0.E0,0.E0));
#4961=DIRECTION('',(-1.E0,0.E0,0.E0));
#4962=DIRECTION('',(0.E0,0.E0,1.E0));
#4963=AXIS2_PLACEMENT_3D('',#4960,#4961,#4962);
#4964=TOROIDAL_SURFACE('',#4963,1.03E1,2.E-1);
#4965=ORIENTED_EDGE('',*,*,#4949,.F.);
#4967=ORIENTED_EDGE('',*,*,#4966,.T.);
#4969=ORIENTED_EDGE('',*,*,#4968,.T.);
#4971=ORIENTED_EDGE('',*,*,#4970,.F.);
#4972=EDGE_LOOP('',(#4965,#4967,#4969,#4971));
#4973=FACE_OUTER_BOUND('',#4972,.F.);
#4974=ADVANCED_FACE('',(#4973),#4964,.T.);
#4975=CARTESIAN_POINT('',(1.8E0,0.E0,0.E0));
#4976=DIRECTION('',(-1.E0,0.E0,0.E0));
#4977=DIRECTION('',(0.E0,0.E0,1.E0));
#4978=AXIS2_PLACEMENT_3D('',#4975,#4976,#4977);
#4979=TOROIDAL_SURFACE('',#4978,1.03E1,2.E-1);
#4980=ORIENTED_EDGE('',*,*,#4970,.T.);
#4982=ORIENTED_EDGE('',*,*,#4981,.T.);
#4983=ORIENTED_EDGE('',*,*,#4966,.F.);
#4984=ORIENTED_EDGE('',*,*,#4951,.F.);
#4985=EDGE_LOOP('',(#4980,#4982,#4983,#4984));
#4986=FACE_OUTER_BOUND('',#4985,.F.);
#4987=ADVANCED_FACE('',(#4986),#4979,.T.);
#4988=CARTESIAN_POINT('',(-2.E0,0.E0,0.E0));
#4989=DIRECTION('',(-1.E0,0.E0,0.E0));
#4990=DIRECTION('',(0.E0,0.E0,1.E0));
#4991=AXIS2_PLACEMENT_3D('',#4988,#4989,#4990);
#4992=CYLINDRICAL_SURFACE('',#4991,1.05E1);
#4994=ORIENTED_EDGE('',*,*,#4993,.T.);
#4996=ORIENTED_EDGE('',*,*,#4995,.F.);
#4998=ORIENTED_EDGE('',*,*,#4997,.F.);
#4999=ORIENTED_EDGE('',*,*,#4981,.F.);
#5000=EDGE_LOOP('',(#4994,#4996,#4998,#4999));
#5001=FACE_OUTER_BOUND('',#5000,.F.);
#5002=ADVANCED_FACE('',(#5001),#4992,.T.);
#5003=CARTESIAN_POINT('',(-2.E0,0.E0,0.E0));
#5004=DIRECTION('',(-1.E0,0.E0,0.E0));
#5005=DIRECTION('',(0.E0,0.E0,1.E0));
#5006=AXIS2_PLACEMENT_3D('',#5003,#5004,#5005);
#5007=CYLINDRICAL_SURFACE('',#5006,1.05E1);
#5008=ORIENTED_EDGE('',*,*,#4968,.F.);
#5009=ORIENTED_EDGE('',*,*,#4997,.T.);
#5011=ORIENTED_EDGE('',*,*,#5010,.F.);
#5012=ORIENTED_EDGE('',*,*,#4993,.F.);
#5013=EDGE_LOOP('',(#5008,#5009,#5011,#5012));
#5014=FACE_OUTER_BOUND('',#5013,.F.);
#5015=ADVANCED_FACE('',(#5014),#5007,.T.);
#5016=CARTESIAN_POINT('',(-1.8E0,0.E0,0.E0));
#5017=DIRECTION('',(-1.E0,0.E0,0.E0));
#5018=DIRECTION('',(0.E0,0.E0,1.E0));
#5019=AXIS2_PLACEMENT_3D('',#5016,#5017,#5018);
#5020=TOROIDAL_SURFACE('',#5019,1.03E1,2.E-1);
#5021=ORIENTED_EDGE('',*,*,#5010,.T.);
#5023=ORIENTED_EDGE('',*,*,#5022,.T.);
#5025=ORIENTED_EDGE('',*,*,#5024,.F.);
#5027=ORIENTED_EDGE('',*,*,#5026,.F.);
#5028=EDGE_LOOP('',(#5021,#5023,#5025,#5027));
#5029=FACE_OUTER_BOUND('',#5028,.F.);
#5030=ADVANCED_FACE('',(#5029),#5020,.T.);
#5031=CARTESIAN_POINT('',(-1.8E0,0.E0,0.E0));
#5032=DIRECTION('',(-1.E0,0.E0,0.E0));
#5033=DIRECTION('',(0.E0,0.E0,1.E0));
#5034=AXIS2_PLACEMENT_3D('',#5031,#5032,#5033);
#5035=TOROIDAL_SURFACE('',#5034,1.03E1,2.E-1);
#5036=ORIENTED_EDGE('',*,*,#5026,.T.);
#5038=ORIENTED_EDGE('',*,*,#5037,.F.);
#5039=ORIENTED_EDGE('',*,*,#5022,.F.);
#5040=ORIENTED_EDGE('',*,*,#4995,.T.);
#5041=EDGE_LOOP('',(#5036,#5038,#5039,#5040));
#5042=FACE_OUTER_BOUND('',#5041,.F.);
#5043=ADVANCED_FACE('',(#5042),#5035,.T.);
#5044=CARTESIAN_POINT('',(-2.E0,9.925E0,0.E0));
#5045=DIRECTION('',(1.E0,0.E0,0.E0));
#5046=DIRECTION('',(0.E0,0.E0,-1.E0));
#5047=AXIS2_PLACEMENT_3D('',#5044,#5045,#5046);
#5048=PLANE('',#5047);
#5049=ORIENTED_EDGE('',*,*,#5024,.T.);
#5050=ORIENTED_EDGE('',*,*,#5037,.T.);
#5051=EDGE_LOOP('',(#5049,#5050));
#5052=FACE_OUTER_BOUND('',#5051,.F.);
#5054=ORIENTED_EDGE('',*,*,#5053,.T.);
#5056=ORIENTED_EDGE('',*,*,#5055,.T.);
#5057=EDGE_LOOP('',(#5054,#5056));
#5058=FACE_BOUND('',#5057,.F.);
#5059=ADVANCED_FACE('',(#5052,#5058),#5048,.F.);
#5060=CARTESIAN_POINT('',(-1.9E0,0.E0,0.E0));
#5061=DIRECTION('',(-1.E0,0.E0,0.E0));
#5062=DIRECTION('',(0.E0,0.E0,1.E0));
#5063=AXIS2_PLACEMENT_3D('',#5060,#5061,#5062);
#5064=TOROIDAL_SURFACE('',#5063,9.925E0,1.E-1);
#5065=ORIENTED_EDGE('',*,*,#5053,.F.);
#5067=ORIENTED_EDGE('',*,*,#5066,.T.);
#5068=ORIENTED_EDGE('',*,*,#4831,.T.);
#5070=ORIENTED_EDGE('',*,*,#5069,.F.);
#5071=EDGE_LOOP('',(#5065,#5067,#5068,#5070));
#5072=FACE_OUTER_BOUND('',#5071,.F.);
#5073=ADVANCED_FACE('',(#5072),#5064,.T.);
#5074=CARTESIAN_POINT('',(-1.9E0,0.E0,0.E0));
#5075=DIRECTION('',(-1.E0,0.E0,0.E0));
#5076=DIRECTION('',(0.E0,0.E0,1.E0));
#5077=AXIS2_PLACEMENT_3D('',#5074,#5075,#5076);
#5078=TOROIDAL_SURFACE('',#5077,9.925E0,1.E-1);
#5079=ORIENTED_EDGE('',*,*,#5069,.T.);
#5080=ORIENTED_EDGE('',*,*,#4848,.T.);
#5081=ORIENTED_EDGE('',*,*,#5066,.F.);
#5082=ORIENTED_EDGE('',*,*,#5055,.F.);
#5083=EDGE_LOOP('',(#5079,#5080,#5081,#5082));
#5084=FACE_OUTER_BOUND('',#5083,.F.);
#5085=ADVANCED_FACE('',(#5084),#5078,.T.);
#5086=CLOSED_SHELL('',(#4839,#4853,#4872,#4887,#4902,#4916,#4929,#4943,#4959,
#4974,#4987,#5002,#5015,#5030,#5043,#5059,#5073,#5085));
#5087=MANIFOLD_SOLID_BREP('',#5086);
#5089=DIMENSIONAL_EXPONENTS(0.E0,0.E0,0.E0,0.E0,0.E0,0.E0,0.E0);
#5091=PLANE_ANGLE_MEASURE_WITH_UNIT(PLANE_ANGLE_MEASURE(1.745329251994E-2),
#5090);
#5092=(CONVERSION_BASED_UNIT('DEGREE',#5091)NAMED_UNIT(*)PLANE_ANGLE_UNIT());
#5094=UNCERTAINTY_MEASURE_WITH_UNIT(LENGTH_MEASURE(5.E-3),#5088,'closure',
'Maximum model space distance between geometric entities at asserted connectivities');
#5095=(GEOMETRIC_REPRESENTATION_CONTEXT(3)GLOBAL_UNCERTAINTY_ASSIGNED_CONTEXT((
#5094))GLOBAL_UNIT_ASSIGNED_CONTEXT((#5088,#5092,#5093))REPRESENTATION_CONTEXT(
'ID1','3'));
#5097=APPLICATION_CONTEXT(
'CONFIGURATION CONTROLLED 3D DESIGNS OF MECHANICAL PARTS AND ASSEMBLIES');
#5098=APPLICATION_PROTOCOL_DEFINITION('international standard',
'config_control_design',1994,#5097);
#5099=DESIGN_CONTEXT('',#5097,'design');
#5100=MECHANICAL_CONTEXT('',#5097,'mechanical');
#5101=PRODUCT('6702ZZ_-_EA037','6702ZZ_-_EA037','NOT SPECIFIED',(#5100));
#5102=PRODUCT_DEFINITION_FORMATION_WITH_SPECIFIED_SOURCE('1','LAST_VERSION',
#5101,.MADE.);
#5106=PRODUCT_CATEGORY('part','');
#5107=PRODUCT_RELATED_PRODUCT_CATEGORY('detail','',(#5101));
#5108=PRODUCT_CATEGORY_RELATIONSHIP('','',#5106,#5107);
#5109=SECURITY_CLASSIFICATION_LEVEL('unclassified');
#5110=SECURITY_CLASSIFICATION('','',#5109);
#5111=CC_DESIGN_SECURITY_CLASSIFICATION(#5110,(#5102));
#5112=APPROVAL_STATUS('approved');
#5113=APPROVAL(#5112,'');
#5114=CC_DESIGN_APPROVAL(#5113,(#5110,#5102,#5103));
#5115=CALENDAR_DATE(125,19,12);
#5116=COORDINATED_UNIVERSAL_TIME_OFFSET(8,0,.AHEAD.);
#5117=LOCAL_TIME(11,26,4.9E1,#5116);
#5118=DATE_AND_TIME(#5115,#5117);
#5119=APPROVAL_DATE_TIME(#5118,#5113);
#5120=DATE_TIME_ROLE('creation_date');
#5121=CC_DESIGN_DATE_AND_TIME_ASSIGNMENT(#5118,#5120,(#5103));
#5122=DATE_TIME_ROLE('classification_date');
#5123=CC_DESIGN_DATE_AND_TIME_ASSIGNMENT(#5118,#5122,(#5110));
#5124=PERSON('UNSPECIFIED','UNSPECIFIED',$,$,$,$);
#5125=ORGANIZATION('UNSPECIFIED','UNSPECIFIED','UNSPECIFIED');
#5126=PERSON_AND_ORGANIZATION(#5124,#5125);
#5127=APPROVAL_ROLE('approver');
#5128=APPROVAL_PERSON_ORGANIZATION(#5126,#5113,#5127);
#5129=PERSON_AND_ORGANIZATION_ROLE('creator');
#5130=CC_DESIGN_PERSON_AND_ORGANIZATION_ASSIGNMENT(#5126,#5129,(#5102,#5103));
#5131=PERSON_AND_ORGANIZATION_ROLE('design_supplier');
#5132=CC_DESIGN_PERSON_AND_ORGANIZATION_ASSIGNMENT(#5126,#5131,(#5102));
#5133=PERSON_AND_ORGANIZATION_ROLE('classification_officer');
#5134=CC_DESIGN_PERSON_AND_ORGANIZATION_ASSIGNMENT(#5126,#5133,(#5110));
#5135=PERSON_AND_ORGANIZATION_ROLE('design_owner');
#5136=CC_DESIGN_PERSON_AND_ORGANIZATION_ASSIGNMENT(#5126,#5135,(#5101));
#1=DRAUGHTING_PRE_DEFINED_COLOUR('black');
#2=COLOUR_RGB('',0.E0,0.E0,4.7E-1);
#3=COLOUR_RGB('',0.E0,0.E0,6.E-1);
#4=COLOUR_RGB('',0.E0,0.E0,8.E-1);
#5=COLOUR_RGB('',0.E0,2.745098039216E-2,7.019607843137E-1);
#6=COLOUR_RGB('',0.E0,3.137254901961E-2,3.411764705882E-1);
#7=COLOUR_RGB('',0.E0,2.E-1,1.E0);
#8=COLOUR_RGB('',0.E0,3.3E-1,0.E0);
#9=COLOUR_RGB('',0.E0,3.3E-1,3.3E-1);
#10=COLOUR_RGB('',0.E0,4.E-1,0.E0);
#11=COLOUR_RGB('',0.E0,4.E-1,4.E-1);
#12=COLOUR_RGB('',0.E0,4.E-1,1.E0);
#13=COLOUR_RGB('',0.E0,5.019607843137E-1,5.019607843137E-1);
#14=COLOUR_RGB('',0.E0,6.E-1,0.E0);
#15=COLOUR_RGB('',0.E0,6.E-1,6.E-1);
#16=COLOUR_RGB('',0.E0,6.E-1,1.E0);
#17=COLOUR_RGB('',0.E0,8.E-1,0.E0);
#18=COLOUR_RGB('',0.E0,8.E-1,8.E-1);
#19=COLOUR_RGB('',0.E0,8.E-1,1.E0);
#20=COLOUR_RGB('',0.E0,9.3E-1,0.E0);
#21=COLOUR_RGB('',0.E0,9.3E-1,9.3E-1);
#22=DRAUGHTING_PRE_DEFINED_COLOUR('green');
#23=COLOUR_RGB('',0.E0,1.E0,2.E-1);
#24=COLOUR_RGB('',0.E0,1.E0,4.E-1);
#25=COLOUR_RGB('',0.E0,1.E0,6.E-1);
#26=COLOUR_RGB('',0.E0,1.E0,8.E-1);
#27=DRAUGHTING_PRE_DEFINED_COLOUR('cyan');
#28=COLOUR_RGB('',3.1E-2,2.E-1,6.27E-1);
#29=COLOUR_RGB('',3.529411764706E-2,5.137254901961E-1,1.725490196078E-1);
#30=COLOUR_RGB('',6.6667E-2,5.17647E-1,6.39216E-1);
#31=COLOUR_RGB('',7.E-2,7.E-2,1.E0);
#32=COLOUR_RGB('',7.E-2,6.E-1,3.E-1);
#33=COLOUR_RGB('',8.E-2,1.E-1,1.1E-1);
#34=COLOUR_RGB('',9.803921568627E-2,9.803921568627E-2,4.392156862745E-1);
#35=COLOUR_RGB('',1.019607843137E-1,6.313725490196E-1,5.019607843137E-1);
#36=COLOUR_RGB('',1.176470588235E-1,5.647058823529E-1,1.E0);
#37=COLOUR_RGB('',1.254901960784E-1,6.980392156863E-1,6.666666666667E-1);
#38=COLOUR_RGB('',1.333333333333E-1,5.450980392157E-1,1.333333333333E-1);
#39=COLOUR_RGB('',1.450980392157E-1,3.529411764706E-2,0.E0);
#40=COLOUR_RGB('',1.686274509804E-1,1.686274509804E-1,1.803921568627E-1);
#41=COLOUR_RGB('',1.803921568627E-1,5.450980392157E-1,3.411764705882E-1);
#42=COLOUR_RGB('',1.9E-1,2.3E-1,3.1E-1);
#43=COLOUR_RGB('',1.960784313725E-1,8.039215686275E-1,1.960784313725E-1);
#44=COLOUR_RGB('',2.E-1,1.E0,0.E0);
#45=COLOUR_RGB('',2.E-1,1.E0,2.E-1);
#46=COLOUR_RGB('',2.E-1,1.E0,1.E0);
#47=COLOUR_RGB('',2.313725490196E-1,3.803921568627E-1,5.607843137255E-1);
#48=COLOUR_RGB('',2.352941176471E-1,7.019607843137E-1,4.431372549020E-1);
#49=COLOUR_RGB('',2.431372549020E-1,8.784313725490E-1,8.156862745098E-1);
#50=COLOUR_RGB('',2.470588235294E-1,5.921568627451E-1,6.313725490196E-1);
#51=COLOUR_RGB('',2.5098E-1,2.35294E-1,8.62745E-1);
#52=COLOUR_RGB('',2.549019607843E-1,4.117647058824E-1,1.E0);
#53=COLOUR_RGB('',2.58824E-1,7.80392E-1,8.86275E-1);
#54=COLOUR_RGB('',2.7E-1,0.E0,4.E-1);
#55=COLOUR_RGB('',2.7E-1,2.7E-1,0.E0);
#56=COLOUR_RGB('',2.7E-1,2.7E-1,1.E0);
#57=COLOUR_RGB('',2.745098039216E-1,5.098039215686E-1,7.058823529412E-1);
#58=COLOUR_RGB('',2.784313725490E-1,2.784313725490E-1,2.784313725490E-1);
#59=COLOUR_RGB('',2.823529411765E-1,2.392156862745E-1,5.450980392157E-1);
#60=COLOUR_RGB('',3.13725E-1,4.70588E-1,1.96078E-1);
#61=COLOUR_RGB('',3.2549E-1,4.98039E-1,9.84314E-1);
#62=COLOUR_RGB('',3.254901960784E-1,5.764705882353E-1,8.117647058824E-1);
#63=COLOUR_RGB('',3.3E-1,0.E0,0.E0);
#64=COLOUR_RGB('',3.3E-1,0.E0,3.3E-1);
#65=COLOUR_RGB('',3.3E-1,0.E0,5.3E-1);
#66=COLOUR_RGB('',3.450980392157E-1,3.647058823529E-1,3.725490196078E-1);
#67=COLOUR_RGB('',3.725490196078E-1,6.196078431373E-1,6.274509803922E-1);
#68=COLOUR_RGB('',3.803921568627E-1,4.392156862745E-1,5.960784313725E-1);
#69=COLOUR_RGB('',3.882352941176E-1,4.392156862745E-1,4.901960784314E-1);
#70=COLOUR_RGB('',3.921568627451E-1,5.843137254902E-1,9.294117647059E-1);
#71=COLOUR_RGB('',3.96078E-1,7.13725E-1,1.E0);
#72=COLOUR_RGB('',4.E-1,0.E0,4.E-1);
#73=COLOUR_RGB('',4.E-1,0.E0,6.7E-1);
#74=COLOUR_RGB('',4.E-1,1.3E-1,0.E0);
#75=COLOUR_RGB('',4.E-1,4.E-1,0.E0);
#76=COLOUR_RGB('',4.E-1,4.E-1,1.E0);
#77=COLOUR_RGB('',4.E-1,8.039215686275E-1,6.666666666667E-1);
#78=COLOUR_RGB('',4.E-1,1.E0,0.E0);
#79=COLOUR_RGB('',4.E-1,1.E0,4.E-1);
#80=COLOUR_RGB('',4.E-1,1.E0,1.E0);
#81=COLOUR_RGB('',4.156862745098E-1,3.529411764706E-1,8.039215686275E-1);
#82=COLOUR_RGB('',4.196078431373E-1,5.568627450980E-1,1.372549019608E-1);
#83=COLOUR_RGB('',4.666666666667E-1,5.333333333333E-1,6.E-1);
#84=COLOUR_RGB('',4.7E-1,0.E0,0.E0);
#85=COLOUR_RGB('',4.7E-1,0.E0,8.E-1);
#86=COLOUR_RGB('',4.7E-1,2.E-1,7.E-2);
#87=COLOUR_RGB('',4.823529411765E-1,4.078431372549E-1,9.333333333333E-1);
#88=COLOUR_RGB('',4.980392156863E-1,1.E0,8.313725490196E-1);
#89=COLOUR_RGB('',5.019607843137E-1,0.E0,5.019607843137E-1);
#90=COLOUR_RGB('',5.019607843137E-1,5.019607843137E-1,0.E0);
#91=COLOUR_RGB('',5.01961E-1,5.01961E-1,5.01961E-1);
#92=COLOUR_RGB('',5.098039215686E-1,3.960784313725E-1,1.058823529412E-1);
#93=COLOUR_RGB('',5.3E-1,0.E0,9.3E-1);
#94=COLOUR_RGB('',5.3E-1,2.7E-1,1.3E-1);
#95=COLOUR_RGB('',5.3E-1,5.3E-1,1.E0);
#96=COLOUR_RGB('',5.294117647059E-1,8.078431372549E-1,9.215686274510E-1);
#97=COLOUR_RGB('',5.411764705882E-1,1.686274509804E-1,8.862745098039E-1);
#98=COLOUR_RGB('',5.5E-1,6.5E-1,7.3E-1);
#99=COLOUR_RGB('',5.607843137255E-1,7.372549019608E-1,5.607843137255E-1);
#100=COLOUR_RGB('',5.68627E-1,9.37255E-1,9.37255E-1);
#101=COLOUR_RGB('',5.725490196078E-1,6.117647058824E-1,6.313725490196E-1);
#102=COLOUR_RGB('',5.764705882353E-1,4.392156862745E-1,8.588235294118E-1);
#103=COLOUR_RGB('',5.803921568627E-1,0.E0,8.274509803922E-1);
#104=COLOUR_RGB('',5.88235E-1,2.35294E-1,1.56863E-1);
#105=COLOUR_RGB('',6.E-1,0.E0,6.E-1);
#106=COLOUR_RGB('',6.E-1,1.960784313725E-1,8.E-1);
#107=COLOUR_RGB('',6.E-1,2.E-1,1.E0);
#108=COLOUR_RGB('',6.E-1,3.3E-1,2.E-1);
#109=COLOUR_RGB('',6.E-1,6.E-1,0.E0);
#110=COLOUR_RGB('',6.E-1,1.E0,6.E-1);
#111=COLOUR_RGB('',6.E-1,1.E0,1.E0);
#112=COLOUR_RGB('',6.27451E-1,4.70588E-1,3.52941E-1);
#113=COLOUR_RGB('',6.627450980392E-1,6.627450980392E-1,6.627450980392E-1);
#114=COLOUR_RGB('',6.66667E-1,8.23529E-1,1.96078E-1);
#115=COLOUR_RGB('',6.66667E-1,8.23529E-1,5.88235E-1);
#116=COLOUR_RGB('',6.7E-1,0.E0,0.E0);
#117=COLOUR_RGB('',6.7E-1,4.E-1,2.7E-1);
#118=COLOUR_RGB('',6.7E-1,4.E-1,1.E0);
#119=COLOUR_RGB('',6.7E-1,6.7E-1,1.E0);
#120=COLOUR_RGB('',6.7E-1,1.E0,0.E0);
#121=COLOUR_RGB('',6.784313725490E-1,8.117647058824E-1,1.E0);
#122=COLOUR_RGB('',6.784313725490E-1,8.470588235294E-1,9.019607843137E-1);
#123=COLOUR_RGB('',6.784313725490E-1,1.E0,1.843137254902E-1);
#124=COLOUR_RGB('',6.862745098039E-1,6.823529411765E-1,7.607843137255E-1);
#125=COLOUR_RGB('',6.980392156863E-1,1.333333333333E-1,1.333333333333E-1);
#126=COLOUR_RGB('',7.17647E-1,1.68627E-1,4.43137E-1);
#127=COLOUR_RGB('',7.215686274510E-1,5.254901960784E-1,4.313725490196E-2);
#128=COLOUR_RGB('',7.294117647059E-1,2.705882352941E-1,1.E0);
#129=COLOUR_RGB('',7.294117647059E-1,3.333333333333E-1,8.274509803922E-1);
#130=COLOUR_RGB('',7.294117647059E-1,4.E-1,0.E0);
#131=COLOUR_RGB('',7.3E-1,4.7E-1,3.3E-1);
#132=COLOUR_RGB('',7.372549019608E-1,5.607843137255E-1,5.607843137255E-1);
#133=COLOUR_RGB('',7.411764705882E-1,7.176470588235E-1,4.196078431373E-1);
#134=COLOUR_RGB('',7.803921568627E-1,8.235294117647E-2,5.215686274510E-1);
#135=COLOUR_RGB('',8.E-1,0.E0,8.E-1);
#136=COLOUR_RGB('',8.E-1,5.3E-1,4.E-1);
#137=COLOUR_RGB('',8.E-1,6.E-1,1.E0);
#138=COLOUR_RGB('',8.E-1,8.E-1,0.E0);
#139=COLOUR_RGB('',8.E-1,8.E-1,1.E0);
#140=COLOUR_RGB('',8.E-1,1.E0,8.E-1);
#141=COLOUR_RGB('',8.E-1,1.E0,1.E0);
#142=COLOUR_RGB('',8.039215686275E-1,3.607843137255E-1,3.607843137255E-1);
#143=COLOUR_RGB('',8.03922E-1,5.88235E-1,1.96078E-1);
#144=COLOUR_RGB('',8.196078431373E-1,7.098039215686E-1,5.490196078431E-2);
#145=COLOUR_RGB('',8.235294117647E-1,4.117647058824E-1,1.176470588235E-1);
#146=COLOUR_RGB('',8.235294117647E-1,7.058823529412E-1,5.490196078431E-1);
#147=COLOUR_RGB('',8.274509803922E-1,8.274509803922E-1,8.274509803922E-1);
#148=COLOUR_RGB('',8.392156862745E-1,8.E-1,7.137254901961E-1);
#149=COLOUR_RGB('',8.431372549020E-1,8.980392156863E-1,9.333333333333E-1);
#150=COLOUR_RGB('',8.549019607843E-1,6.470588235294E-1,1.254901960784E-1);
#151=COLOUR_RGB('',8.588235294118E-1,4.392156862745E-1,5.764705882353E-1);
#152=COLOUR_RGB('',8.627450980392E-1,7.843137254902E-2,2.352941176471E-1);
#153=COLOUR_RGB('',8.666666666667E-1,6.274509803922E-1,8.666666666667E-1);
#154=COLOUR_RGB('',8.7E-1,0.E0,0.E0);
#155=COLOUR_RGB('',8.7E-1,6.E-1,4.7E-1);
#156=COLOUR_RGB('',8.98039E-1,6.07843E-1,1.E0);
#157=COLOUR_RGB('',9.E-1,8.3E-1,1.2E-1);
#158=COLOUR_RGB('',9.09804E-1,3.68627E-1,8.19608E-1);
#159=COLOUR_RGB('',9.3E-1,0.E0,9.3E-1);
#160=COLOUR_RGB('',9.3E-1,6.7E-1,5.3E-1);
#161=COLOUR_RGB('',9.3E-1,8.E-1,1.E0);
#162=COLOUR_RGB('',9.3E-1,9.3E-1,0.E0);
#163=COLOUR_RGB('',9.3E-1,1.E0,9.3E-1);
#164=COLOUR_RGB('',9.3E-1,1.E0,1.E0);
#165=COLOUR_RGB('',9.333333333333E-1,5.098039215686E-1,9.333333333333E-1);
#166=COLOUR_RGB('',9.333333333333E-1,9.098039215686E-1,6.666666666667E-1);
#167=COLOUR_RGB('',9.411764705882E-1,9.019607843137E-1,5.490196078431E-1);
#168=COLOUR_RGB('',9.568627450980E-1,6.431372549020E-1,3.764705882353E-1);
#169=DRAUGHTING_PRE_DEFINED_COLOUR('red');
#170=COLOUR_RGB('',1.E0,0.E0,2.705882352941E-1);
#171=COLOUR_RGB('',1.E0,0.E0,4.705882352941E-1);
#172=COLOUR_RGB('',1.E0,0.E0,7.803921568627E-1);
#173=DRAUGHTING_PRE_DEFINED_COLOUR('magenta');
#174=COLOUR_RGB('',1.E0,3.1E-2,3.1E-2);
#175=COLOUR_RGB('',1.E0,7.E-2,7.E-2);
#176=COLOUR_RGB('',1.E0,7.843137254902E-2,5.764705882353E-1);
#177=COLOUR_RGB('',1.E0,2.E-1,1.E0);
#178=COLOUR_RGB('',1.E0,2.7E-1,0.E0);
#179=COLOUR_RGB('',1.E0,2.7E-1,2.7E-1);
#180=COLOUR_RGB('',1.E0,3.882352941176E-1,2.784313725490E-1);
#181=COLOUR_RGB('',1.E0,4.E-1,1.E0);
#182=COLOUR_RGB('',1.E0,4.117647058824E-1,7.058823529412E-1);
#183=COLOUR_RGB('',1.E0,4.7E-1,0.E0);
#184=COLOUR_RGB('',1.E0,4.7E-1,4.7E-1);
#185=COLOUR_RGB('',1.E0,4.980392156863E-1,3.137254901961E-1);
#186=COLOUR_RGB('',1.E0,6.E-1,1.E0);
#187=COLOUR_RGB('',1.E0,6.7E-1,0.E0);
#188=COLOUR_RGB('',1.E0,6.7E-1,6.7E-1);
#189=COLOUR_RGB('',1.E0,7.3E-1,6.E-1);
#190=COLOUR_RGB('',1.E0,7.686274509804E-1,5.882352941176E-2);
#191=COLOUR_RGB('',1.E0,8.E-1,8.E-1);
#192=COLOUR_RGB('',1.E0,8.E-1,1.E0);
#193=COLOUR_RGB('',1.E0,8.7E-1,0.E0);
#194=COLOUR_RGB('',1.E0,9.215686274510E-1,8.039215686275E-1);
#195=COLOUR_RGB('',1.E0,9.3E-1,9.3E-1);
#196=COLOUR_RGB('',1.E0,9.3E-1,1.E0);
#197=DRAUGHTING_PRE_DEFINED_COLOUR('yellow');
#198=COLOUR_RGB('',1.E0,1.E0,1.3E-1);
#199=COLOUR_RGB('',1.E0,1.E0,3.3E-1);
#200=COLOUR_RGB('',1.E0,1.E0,5.3E-1);
#201=COLOUR_RGB('',1.E0,1.E0,7.3E-1);
#202=COLOUR_RGB('',1.E0,1.E0,9.3E-1);
#203=DRAUGHTING_PRE_DEFINED_COLOUR('white');
#208=CIRCLE('',#207,2.E-1);
#213=CIRCLE('',#212,7.5E0);
#218=CIRCLE('',#217,7.5E0);
#223=CIRCLE('',#222,2.E-1);
#236=CIRCLE('',#235,2.E-1);
#241=CIRCLE('',#240,7.5E0);
#246=CIRCLE('',#245,2.E-1);
#251=CIRCLE('',#250,7.5E0);
#256=CIRCLE('',#255,8.075E0);
#261=CIRCLE('',#260,8.075E0);
#266=CIRCLE('',#265,7.7E0);
#271=CIRCLE('',#270,7.7E0);
#276=CIRCLE('',#275,8.175E0);
#281=CIRCLE('',#280,1.E-1);
#290=CIRCLE('',#289,8.175E0);
#295=CIRCLE('',#294,1.1E0);
#300=CIRCLE('',#299,8.175E0);
#305=CIRCLE('',#304,1.1E0);
#314=CIRCLE('',#313,1.E-1);
#319=CIRCLE('',#318,8.175E0);
#324=CIRCLE('',#323,7.9E0);
#329=CIRCLE('',#328,1.1E0);
#334=CIRCLE('',#333,8.175E0);
#339=CIRCLE('',#338,7.9E0);
#344=CIRCLE('',#343,1.1E0);
#349=CIRCLE('',#348,8.175E0);
#358=CIRCLE('',#357,1.E-1);
#363=CIRCLE('',#362,8.175E0);
#368=CIRCLE('',#367,8.075E0);
#373=CIRCLE('',#372,8.075E0);
#378=CIRCLE('',#377,7.7E0);
#383=CIRCLE('',#382,7.7E0);
#388=CIRCLE('',#387,1.E-1);
#393=CIRCLE('',#392,8.175E0);
#447=EDGE_CURVE('',#425,#427,#208,.T.);
#449=EDGE_CURVE('',#429,#427,#383,.T.);
#451=EDGE_CURVE('',#424,#429,#223,.T.);
#453=EDGE_CURVE('',#424,#425,#213,.T.);
#463=EDGE_CURVE('',#425,#424,#218,.T.);
#466=EDGE_CURVE('',#427,#429,#378,.T.);
#477=EDGE_CURVE('',#425,#421,#227,.T.);
#479=EDGE_CURVE('',#419,#421,#251,.T.);
#481=EDGE_CURVE('',#424,#419,#231,.T.);
#494=EDGE_CURVE('',#421,#419,#241,.T.);
#505=EDGE_CURVE('',#417,#421,#236,.T.);
#508=EDGE_CURVE('',#416,#419,#246,.T.);
#510=EDGE_CURVE('',#417,#416,#271,.T.);
#520=EDGE_CURVE('',#416,#417,#266,.T.);
#533=EDGE_CURVE('',#413,#411,#256,.T.);
#535=EDGE_CURVE('',#411,#413,#261,.T.);
#549=EDGE_CURVE('',#407,#409,#276,.T.);
#551=EDGE_CURVE('',#409,#411,#281,.T.);
#554=EDGE_CURVE('',#407,#413,#314,.T.);
#564=EDGE_CURVE('',#400,#403,#290,.T.);
#566=EDGE_CURVE('',#400,#409,#285,.T.);
#569=EDGE_CURVE('',#403,#407,#309,.T.);
#579=EDGE_CURVE('',#400,#401,#305,.T.);
#582=EDGE_CURVE('',#403,#405,#295,.T.);
#584=EDGE_CURVE('',#401,#405,#339,.T.);
#595=EDGE_CURVE('',#403,#400,#300,.T.);
#598=EDGE_CURVE('',#405,#401,#324,.T.);
#609=EDGE_CURVE('',#409,#407,#319,.T.);
#634=EDGE_CURVE('',#401,#441,#329,.T.);
#636=EDGE_CURVE('',#441,#439,#334,.T.);
#638=EDGE_CURVE('',#405,#439,#344,.T.);
#650=EDGE_CURVE('',#439,#441,#349,.T.);
#661=EDGE_CURVE('',#435,#437,#363,.T.);
#663=EDGE_CURVE('',#435,#441,#353,.T.);
#666=EDGE_CURVE('',#437,#439,#397,.T.);
#676=EDGE_CURVE('',#432,#433,#368,.T.);
#678=EDGE_CURVE('',#432,#435,#358,.T.);
#681=EDGE_CURVE('',#433,#437,#388,.T.);
#692=EDGE_CURVE('',#433,#432,#373,.T.);
#707=EDGE_CURVE('',#437,#435,#393,.T.);
#732=CIRCLE('',#731,1.21E0);
#737=CIRCLE('',#736,1.21E0);
#754=B_SPLINE_CURVE_WITH_KNOTS('',3,(#738,#739,#740,#741,#742,#743,#744,#745,
#746,#747,#748,#749,#750,#751,#752,#753),.UNSPECIFIED.,.F.,.F.,(4,1,1,1,1,1,1,1,
1,1,1,1,1,4),(0.E0,7.692307692308E-2,1.538461538462E-1,2.307692307692E-1,
3.076923076923E-1,3.846153846154E-1,4.615384615385E-1,5.384615384615E-1,
6.153846153846E-1,6.923076923077E-1,7.692307692308E-1,8.461538461538E-1,
9.230769230769E-1,1.E0),.UNSPECIFIED.);
#759=CIRCLE('',#758,1.21E0);
#776=B_SPLINE_CURVE_WITH_KNOTS('',3,(#760,#761,#762,#763,#764,#765,#766,#767,
#768,#769,#770,#771,#772,#773,#774,#775),.UNSPECIFIED.,.F.,.F.,(4,1,1,1,1,1,1,1,
1,1,1,1,1,4),(0.E0,7.692307692308E-2,1.538461538462E-1,2.307692307692E-1,
3.076923076923E-1,3.846153846154E-1,4.615384615385E-1,5.384615384615E-1,
6.153846153846E-1,6.923076923077E-1,7.692307692308E-1,8.461538461538E-1,
9.230769230769E-1,1.E0),.UNSPECIFIED.);
#781=CIRCLE('',#780,1.21E0);
#794=CIRCLE('',#793,1.671428571429E-1);
#799=CIRCLE('',#798,8.62875E0);
#804=CIRCLE('',#803,8.505E0);
#809=CIRCLE('',#808,8.505E0);
#814=CIRCLE('',#813,1.671428571429E-1);
#819=CIRCLE('',#818,8.62875E0);
#830=B_SPLINE_CURVE_WITH_KNOTS('',3,(#824,#825,#826,#827,#828,#829),
.UNSPECIFIED.,.F.,.F.,(4,1,1,4),(0.E0,3.333333333333E-1,6.666666666667E-1,1.E0),
.UNSPECIFIED.);
#837=B_SPLINE_CURVE_WITH_KNOTS('',3,(#831,#832,#833,#834,#835,#836),
.UNSPECIFIED.,.F.,.F.,(4,1,1,4),(0.E0,3.333333333333E-1,6.666666666667E-1,1.E0),
.UNSPECIFIED.);
#848=B_SPLINE_CURVE_WITH_KNOTS('',3,(#842,#843,#844,#845,#846,#847),
.UNSPECIFIED.,.F.,.F.,(4,1,1,4),(0.E0,3.333333333333E-1,6.666666666667E-1,1.E0),
.UNSPECIFIED.);
#855=B_SPLINE_CURVE_WITH_KNOTS('',3,(#849,#850,#851,#852,#853,#854),
.UNSPECIFIED.,.F.,.F.,(4,1,1,4),(0.E0,3.333333333333E-1,6.666666666667E-1,1.E0),
.UNSPECIFIED.);
#860=CIRCLE('',#859,1.21E0);
#872=B_SPLINE_CURVE_WITH_KNOTS('',3,(#861,#862,#863,#864,#865,#866,#867,#868,
#869,#870,#871),.UNSPECIFIED.,.F.,.F.,(4,1,1,1,1,1,1,1,4),(0.E0,1.25E-1,2.5E-1,
3.75E-1,5.E-1,6.25E-1,7.5E-1,8.75E-1,1.E0),.UNSPECIFIED.);
#877=CIRCLE('',#876,1.21E0);
#882=CIRCLE('',#881,1.21E0);
#887=CIRCLE('',#886,1.21E0);
#904=B_SPLINE_CURVE_WITH_KNOTS('',3,(#888,#889,#890,#891,#892,#893,#894,#895,
#896,#897,#898,#899,#900,#901,#902,#903),.UNSPECIFIED.,.F.,.F.,(4,1,1,1,1,1,1,1,
1,1,1,1,1,4),(0.E0,7.692307692308E-2,1.538461538462E-1,2.307692307692E-1,
3.076923076923E-1,3.846153846154E-1,4.615384615385E-1,5.384615384615E-1,
6.153846153846E-1,6.923076923077E-1,7.692307692308E-1,8.461538461538E-1,
9.230769230769E-1,1.E0),.UNSPECIFIED.);
#924=B_SPLINE_CURVE_WITH_KNOTS('',3,(#905,#906,#907,#908,#909,#910,#911,#912,
#913,#914,#915,#916,#917,#918,#919,#920,#921,#922,#923),.UNSPECIFIED.,.F.,.F.,
(4,1,1,1,1,1,1,1,1,1,1,1,1,1,1,1,4),(0.E0,6.25E-2,1.25E-1,1.875E-1,2.5E-1,
3.125E-1,3.75E-1,4.375E-1,5.E-1,5.625E-1,6.25E-1,6.875E-1,7.5E-1,8.125E-1,
8.75E-1,9.375E-1,1.E0),.UNSPECIFIED.);
#929=CIRCLE('',#928,1.21E0);
#934=CIRCLE('',#933,1.21E0);
#945=B_SPLINE_CURVE_WITH_KNOTS('',3,(#939,#940,#941,#942,#943,#944),
.UNSPECIFIED.,.F.,.F.,(4,1,1,4),(0.E0,3.333333333333E-1,6.666666666667E-1,1.E0),
.UNSPECIFIED.);
#952=B_SPLINE_CURVE_WITH_KNOTS('',3,(#946,#947,#948,#949,#950,#951),
.UNSPECIFIED.,.F.,.F.,(4,1,1,4),(0.E0,3.333333333333E-1,6.666666666667E-1,1.E0),
.UNSPECIFIED.);
#963=B_SPLINE_CURVE_WITH_KNOTS('',3,(#957,#958,#959,#960,#961,#962),
.UNSPECIFIED.,.F.,.F.,(4,1,1,4),(0.E0,3.333333333333E-1,6.666666666667E-1,1.E0),
.UNSPECIFIED.);
#970=B_SPLINE_CURVE_WITH_KNOTS('',3,(#964,#965,#966,#967,#968,#969),
.UNSPECIFIED.,.F.,.F.,(4,1,1,4),(0.E0,3.333333333333E-1,6.666666666667E-1,1.E0),
.UNSPECIFIED.);
#975=CIRCLE('',#974,1.671428571429E-1);
#980=CIRCLE('',#979,9.495E0);
#985=CIRCLE('',#984,1.43E0);
#990=CIRCLE('',#989,9.37125E0);
#995=CIRCLE('',#994,1.43E0);
#1000=CIRCLE('',#999,9.37125E0);
#1005=CIRCLE('',#1004,1.671428571429E-1);
#1010=CIRCLE('',#1009,9.495E0);
#1023=CIRCLE('',#1022,1.21E0);
#1028=CIRCLE('',#1027,1.21E0);
#1041=B_SPLINE_CURVE_WITH_KNOTS('',3,(#1029,#1030,#1031,#1032,#1033,#1034,#1035,
#1036,#1037,#1038,#1039,#1040),.UNSPECIFIED.,.F.,.F.,(4,1,1,1,1,1,1,1,1,4),
(0.E0,1.111111111111E-1,2.222222222222E-1,3.333333333333E-1,4.444444444444E-1,
5.555555555556E-1,6.666666666667E-1,7.777777777778E-1,8.888888888889E-1,1.E0),
.UNSPECIFIED.);
#1046=CIRCLE('',#1045,1.671428571429E-1);
#1051=CIRCLE('',#1050,9.37125E0);
#1056=CIRCLE('',#1055,9.495E0);
#1061=CIRCLE('',#1060,9.495E0);
#1066=CIRCLE('',#1065,1.671428571429E-1);
#1071=CIRCLE('',#1070,9.37125E0);
#1076=CIRCLE('',#1075,1.43E0);
#1081=CIRCLE('',#1080,8.62875E0);
#1086=CIRCLE('',#1085,1.43E0);
#1091=CIRCLE('',#1090,8.62875E0);
#1096=CIRCLE('',#1095,1.671428571429E-1);
#1101=CIRCLE('',#1100,8.505E0);
#1106=CIRCLE('',#1105,1.671428571429E-1);
#1111=CIRCLE('',#1110,8.505E0);
#1124=B_SPLINE_CURVE_WITH_KNOTS('',3,(#1112,#1113,#1114,#1115,#1116,#1117,#1118,
#1119,#1120,#1121,#1122,#1123),.UNSPECIFIED.,.F.,.F.,(4,1,1,1,1,1,1,1,1,4),
(0.E0,1.111111111111E-1,2.222222222222E-1,3.333333333333E-1,4.444444444444E-1,
5.555555555556E-1,6.666666666667E-1,7.777777777778E-1,8.888888888889E-1,1.E0),
.UNSPECIFIED.);
#1129=CIRCLE('',#1128,1.21E0);
#1134=CIRCLE('',#1133,1.21E0);
#1139=CIRCLE('',#1138,1.21E0);
#1144=CIRCLE('',#1143,1.21E0);
#1164=B_SPLINE_CURVE_WITH_KNOTS('',3,(#1145,#1146,#1147,#1148,#1149,#1150,#1151,
#1152,#1153,#1154,#1155,#1156,#1157,#1158,#1159,#1160,#1161,#1162,#1163),
.UNSPECIFIED.,.F.,.F.,(4,1,1,1,1,1,1,1,1,1,1,1,1,1,1,1,4),(0.E0,6.25E-2,1.25E-1,
1.875E-1,2.5E-1,3.125E-1,3.75E-1,4.375E-1,5.E-1,5.625E-1,6.25E-1,6.875E-1,
7.5E-1,8.125E-1,8.75E-1,9.375E-1,1.E0),.UNSPECIFIED.);
#1169=CIRCLE('',#1168,1.21E0);
#1186=B_SPLINE_CURVE_WITH_KNOTS('',3,(#1170,#1171,#1172,#1173,#1174,#1175,#1176,
#1177,#1178,#1179,#1180,#1181,#1182,#1183,#1184,#1185),.UNSPECIFIED.,.F.,.F.,(4,
1,1,1,1,1,1,1,1,1,1,1,1,4),(0.E0,7.692307692308E-2,1.538461538462E-1,
2.307692307692E-1,3.076923076923E-1,3.846153846154E-1,4.615384615385E-1,
5.384615384615E-1,6.153846153846E-1,6.923076923077E-1,7.692307692308E-1,
8.461538461538E-1,9.230769230769E-1,1.E0),.UNSPECIFIED.);
#1191=CIRCLE('',#1190,1.21E0);
#1196=CIRCLE('',#1195,1.21E0);
#1201=CIRCLE('',#1200,1.21E0);
#1213=B_SPLINE_CURVE_WITH_KNOTS('',3,(#1202,#1203,#1204,#1205,#1206,#1207,#1208,
#1209,#1210,#1211,#1212),.UNSPECIFIED.,.F.,.F.,(4,1,1,1,1,1,1,1,4),(0.E0,
1.25E-1,2.5E-1,3.75E-1,5.E-1,6.25E-1,7.5E-1,8.75E-1,1.E0),.UNSPECIFIED.);
#1233=B_SPLINE_CURVE_WITH_KNOTS('',3,(#1214,#1215,#1216,#1217,#1218,#1219,#1220,
#1221,#1222,#1223,#1224,#1225,#1226,#1227,#1228,#1229,#1230,#1231,#1232),
.UNSPECIFIED.,.F.,.F.,(4,1,1,1,1,1,1,1,1,1,1,1,1,1,1,1,4),(0.E0,6.25E-2,1.25E-1,
1.875E-1,2.5E-1,3.125E-1,3.75E-1,4.375E-1,5.E-1,5.625E-1,6.25E-1,6.875E-1,
7.5E-1,8.125E-1,8.75E-1,9.375E-1,1.E0),.UNSPECIFIED.);
#1238=CIRCLE('',#1237,1.21E0);
#1243=CIRCLE('',#1242,1.21E0);
#1248=CIRCLE('',#1247,1.21E0);
#1253=CIRCLE('',#1252,1.21E0);
#1273=B_SPLINE_CURVE_WITH_KNOTS('',3,(#1254,#1255,#1256,#1257,#1258,#1259,#1260,
#1261,#1262,#1263,#1264,#1265,#1266,#1267,#1268,#1269,#1270,#1271,#1272),
.UNSPECIFIED.,.F.,.F.,(4,1,1,1,1,1,1,1,1,1,1,1,1,1,1,1,4),(0.E0,6.25E-2,1.25E-1,
1.875E-1,2.5E-1,3.125E-1,3.75E-1,4.375E-1,5.E-1,5.625E-1,6.25E-1,6.875E-1,
7.5E-1,8.125E-1,8.75E-1,9.375E-1,1.E0),.UNSPECIFIED.);
#1293=B_SPLINE_CURVE_WITH_KNOTS('',3,(#1274,#1275,#1276,#1277,#1278,#1279,#1280,
#1281,#1282,#1283,#1284,#1285,#1286,#1287,#1288,#1289,#1290,#1291,#1292),
.UNSPECIFIED.,.F.,.F.,(4,1,1,1,1,1,1,1,1,1,1,1,1,1,1,1,4),(0.E0,6.25E-2,1.25E-1,
1.875E-1,2.5E-1,3.125E-1,3.75E-1,4.375E-1,5.E-1,5.625E-1,6.25E-1,6.875E-1,
7.5E-1,8.125E-1,8.75E-1,9.375E-1,1.E0),.UNSPECIFIED.);
#1298=CIRCLE('',#1297,1.21E0);
#1303=CIRCLE('',#1302,1.21E0);
#1308=CIRCLE('',#1307,1.21E0);
#1313=CIRCLE('',#1312,1.21E0);
#1333=B_SPLINE_CURVE_WITH_KNOTS('',3,(#1314,#1315,#1316,#1317,#1318,#1319,#1320,
#1321,#1322,#1323,#1324,#1325,#1326,#1327,#1328,#1329,#1330,#1331,#1332),
.UNSPECIFIED.,.F.,.F.,(4,1,1,1,1,1,1,1,1,1,1,1,1,1,1,1,4),(0.E0,6.25E-2,1.25E-1,
1.875E-1,2.5E-1,3.125E-1,3.75E-1,4.375E-1,5.E-1,5.625E-1,6.25E-1,6.875E-1,
7.5E-1,8.125E-1,8.75E-1,9.375E-1,1.E0),.UNSPECIFIED.);
#1338=CIRCLE('',#1337,1.21E0);
#1355=B_SPLINE_CURVE_WITH_KNOTS('',3,(#1339,#1340,#1341,#1342,#1343,#1344,#1345,
#1346,#1347,#1348,#1349,#1350,#1351,#1352,#1353,#1354),.UNSPECIFIED.,.F.,.F.,(4,
1,1,1,1,1,1,1,1,1,1,1,1,4),(0.E0,7.692307692308E-2,1.538461538462E-1,
2.307692307692E-1,3.076923076923E-1,3.846153846154E-1,4.615384615385E-1,
5.384615384615E-1,6.153846153846E-1,6.923076923077E-1,7.692307692308E-1,
8.461538461538E-1,9.230769230769E-1,1.E0),.UNSPECIFIED.);
#1360=CIRCLE('',#1359,1.21E0);
#1365=CIRCLE('',#1364,1.21E0);
#1370=CIRCLE('',#1369,1.21E0);
#1387=B_SPLINE_CURVE_WITH_KNOTS('',3,(#1371,#1372,#1373,#1374,#1375,#1376,#1377,
#1378,#1379,#1380,#1381,#1382,#1383,#1384,#1385,#1386),.UNSPECIFIED.,.F.,.F.,(4,
1,1,1,1,1,1,1,1,1,1,1,1,4),(0.E0,7.692307692308E-2,1.538461538462E-1,
2.307692307692E-1,3.076923076923E-1,3.846153846154E-1,4.615384615385E-1,
5.384615384615E-1,6.153846153846E-1,6.923076923077E-1,7.692307692308E-1,
8.461538461538E-1,9.230769230769E-1,1.E0),.UNSPECIFIED.);
#1407=B_SPLINE_CURVE_WITH_KNOTS('',3,(#1388,#1389,#1390,#1391,#1392,#1393,#1394,
#1395,#1396,#1397,#1398,#1399,#1400,#1401,#1402,#1403,#1404,#1405,#1406),
.UNSPECIFIED.,.F.,.F.,(4,1,1,1,1,1,1,1,1,1,1,1,1,1,1,1,4),(0.E0,6.25E-2,1.25E-1,
1.875E-1,2.5E-1,3.125E-1,3.75E-1,4.375E-1,5.E-1,5.625E-1,6.25E-1,6.875E-1,
7.5E-1,8.125E-1,8.75E-1,9.375E-1,1.E0),.UNSPECIFIED.);
#1412=CIRCLE('',#1411,1.21E0);
#1417=CIRCLE('',#1416,1.21E0);
#1422=CIRCLE('',#1421,1.21E0);
#1427=CIRCLE('',#1426,1.21E0);
#1447=B_SPLINE_CURVE_WITH_KNOTS('',3,(#1428,#1429,#1430,#1431,#1432,#1433,#1434,
#1435,#1436,#1437,#1438,#1439,#1440,#1441,#1442,#1443,#1444,#1445,#1446),
.UNSPECIFIED.,.F.,.F.,(4,1,1,1,1,1,1,1,1,1,1,1,1,1,1,1,4),(0.E0,6.25E-2,1.25E-1,
1.875E-1,2.5E-1,3.125E-1,3.75E-1,4.375E-1,5.E-1,5.625E-1,6.25E-1,6.875E-1,
7.5E-1,8.125E-1,8.75E-1,9.375E-1,1.E0),.UNSPECIFIED.);
#1452=CIRCLE('',#1451,1.21E0);
#1469=B_SPLINE_CURVE_WITH_KNOTS('',3,(#1453,#1454,#1455,#1456,#1457,#1458,#1459,
#1460,#1461,#1462,#1463,#1464,#1465,#1466,#1467,#1468),.UNSPECIFIED.,.F.,.F.,(4,
1,1,1,1,1,1,1,1,1,1,1,1,4),(0.E0,7.692307692308E-2,1.538461538462E-1,
2.307692307692E-1,3.076923076923E-1,3.846153846154E-1,4.615384615385E-1,
5.384615384615E-1,6.153846153846E-1,6.923076923077E-1,7.692307692308E-1,
8.461538461538E-1,9.230769230769E-1,1.E0),.UNSPECIFIED.);
#1474=CIRCLE('',#1473,1.21E0);
#1479=CIRCLE('',#1478,1.21E0);
#1484=CIRCLE('',#1483,1.21E0);
#1501=B_SPLINE_CURVE_WITH_KNOTS('',3,(#1485,#1486,#1487,#1488,#1489,#1490,#1491,
#1492,#1493,#1494,#1495,#1496,#1497,#1498,#1499,#1500),.UNSPECIFIED.,.F.,.F.,(4,
1,1,1,1,1,1,1,1,1,1,1,1,4),(0.E0,7.692307692308E-2,1.538461538462E-1,
2.307692307692E-1,3.076923076923E-1,3.846153846154E-1,4.615384615385E-1,
5.384615384615E-1,6.153846153846E-1,6.923076923077E-1,7.692307692308E-1,
8.461538461538E-1,9.230769230769E-1,1.E0),.UNSPECIFIED.);
#1521=B_SPLINE_CURVE_WITH_KNOTS('',3,(#1502,#1503,#1504,#1505,#1506,#1507,#1508,
#1509,#1510,#1511,#1512,#1513,#1514,#1515,#1516,#1517,#1518,#1519,#1520),
.UNSPECIFIED.,.F.,.F.,(4,1,1,1,1,1,1,1,1,1,1,1,1,1,1,1,4),(0.E0,6.25E-2,1.25E-1,
1.875E-1,2.5E-1,3.125E-1,3.75E-1,4.375E-1,5.E-1,5.625E-1,6.25E-1,6.875E-1,
7.5E-1,8.125E-1,8.75E-1,9.375E-1,1.E0),.UNSPECIFIED.);
#1526=CIRCLE('',#1525,1.21E0);
#1531=CIRCLE('',#1530,1.21E0);
#1536=CIRCLE('',#1535,1.21E0);
#1541=CIRCLE('',#1540,1.21E0);
#1561=B_SPLINE_CURVE_WITH_KNOTS('',3,(#1542,#1543,#1544,#1545,#1546,#1547,#1548,
#1549,#1550,#1551,#1552,#1553,#1554,#1555,#1556,#1557,#1558,#1559,#1560),
.UNSPECIFIED.,.F.,.F.,(4,1,1,1,1,1,1,1,1,1,1,1,1,1,1,1,4),(0.E0,6.25E-2,1.25E-1,
1.875E-1,2.5E-1,3.125E-1,3.75E-1,4.375E-1,5.E-1,5.625E-1,6.25E-1,6.875E-1,
7.5E-1,8.125E-1,8.75E-1,9.375E-1,1.E0),.UNSPECIFIED.);
#1566=CIRCLE('',#1565,1.21E0);
#1583=B_SPLINE_CURVE_WITH_KNOTS('',3,(#1567,#1568,#1569,#1570,#1571,#1572,#1573,
#1574,#1575,#1576,#1577,#1578,#1579,#1580,#1581,#1582),.UNSPECIFIED.,.F.,.F.,(4,
1,1,1,1,1,1,1,1,1,1,1,1,4),(0.E0,7.692307692308E-2,1.538461538462E-1,
2.307692307692E-1,3.076923076923E-1,3.846153846154E-1,4.615384615385E-1,
5.384615384615E-1,6.153846153846E-1,6.923076923077E-1,7.692307692308E-1,
8.461538461538E-1,9.230769230769E-1,1.E0),.UNSPECIFIED.);
#1588=CIRCLE('',#1587,1.21E0);
#1593=CIRCLE('',#1592,1.21E0);
#1598=CIRCLE('',#1597,1.21E0);
#1615=B_SPLINE_CURVE_WITH_KNOTS('',3,(#1599,#1600,#1601,#1602,#1603,#1604,#1605,
#1606,#1607,#1608,#1609,#1610,#1611,#1612,#1613,#1614),.UNSPECIFIED.,.F.,.F.,(4,
1,1,1,1,1,1,1,1,1,1,1,1,4),(0.E0,7.692307692308E-2,1.538461538462E-1,
2.307692307692E-1,3.076923076923E-1,3.846153846154E-1,4.615384615385E-1,
5.384615384615E-1,6.153846153846E-1,6.923076923077E-1,7.692307692308E-1,
8.461538461538E-1,9.230769230769E-1,1.E0),.UNSPECIFIED.);
#1635=B_SPLINE_CURVE_WITH_KNOTS('',3,(#1616,#1617,#1618,#1619,#1620,#1621,#1622,
#1623,#1624,#1625,#1626,#1627,#1628,#1629,#1630,#1631,#1632,#1633,#1634),
.UNSPECIFIED.,.F.,.F.,(4,1,1,1,1,1,1,1,1,1,1,1,1,1,1,1,4),(0.E0,6.25E-2,1.25E-1,
1.875E-1,2.5E-1,3.125E-1,3.75E-1,4.375E-1,5.E-1,5.625E-1,6.25E-1,6.875E-1,
7.5E-1,8.125E-1,8.75E-1,9.375E-1,1.E0),.UNSPECIFIED.);
#1640=CIRCLE('',#1639,1.21E0);
#1645=CIRCLE('',#1644,1.21E0);
#1650=CIRCLE('',#1649,1.21E0);
#1655=CIRCLE('',#1654,1.21E0);
#1675=B_SPLINE_CURVE_WITH_KNOTS('',3,(#1656,#1657,#1658,#1659,#1660,#1661,#1662,
#1663,#1664,#1665,#1666,#1667,#1668,#1669,#1670,#1671,#1672,#1673,#1674),
.UNSPECIFIED.,.F.,.F.,(4,1,1,1,1,1,1,1,1,1,1,1,1,1,1,1,4),(0.E0,6.25E-2,1.25E-1,
1.875E-1,2.5E-1,3.125E-1,3.75E-1,4.375E-1,5.E-1,5.625E-1,6.25E-1,6.875E-1,
7.5E-1,8.125E-1,8.75E-1,9.375E-1,1.E0),.UNSPECIFIED.);
#1680=CIRCLE('',#1679,1.21E0);
#1697=B_SPLINE_CURVE_WITH_KNOTS('',3,(#1681,#1682,#1683,#1684,#1685,#1686,#1687,
#1688,#1689,#1690,#1691,#1692,#1693,#1694,#1695,#1696),.UNSPECIFIED.,.F.,.F.,(4,
1,1,1,1,1,1,1,1,1,1,1,1,4),(0.E0,7.692307692308E-2,1.538461538462E-1,
2.307692307692E-1,3.076923076923E-1,3.846153846154E-1,4.615384615385E-1,
5.384615384615E-1,6.153846153846E-1,6.923076923077E-1,7.692307692308E-1,
8.461538461538E-1,9.230769230769E-1,1.E0),.UNSPECIFIED.);
#1702=CIRCLE('',#1701,1.21E0);
#1707=CIRCLE('',#1706,1.21E0);
#1712=CIRCLE('',#1711,1.21E0);
#1729=B_SPLINE_CURVE_WITH_KNOTS('',3,(#1713,#1714,#1715,#1716,#1717,#1718,#1719,
#1720,#1721,#1722,#1723,#1724,#1725,#1726,#1727,#1728),.UNSPECIFIED.,.F.,.F.,(4,
1,1,1,1,1,1,1,1,1,1,1,1,4),(0.E0,7.692307692308E-2,1.538461538462E-1,
2.307692307692E-1,3.076923076923E-1,3.846153846154E-1,4.615384615385E-1,
5.384615384615E-1,6.153846153846E-1,6.923076923077E-1,7.692307692308E-1,
8.461538461538E-1,9.230769230769E-1,1.E0),.UNSPECIFIED.);
#1749=B_SPLINE_CURVE_WITH_KNOTS('',3,(#1730,#1731,#1732,#1733,#1734,#1735,#1736,
#1737,#1738,#1739,#1740,#1741,#1742,#1743,#1744,#1745,#1746,#1747,#1748),
.UNSPECIFIED.,.F.,.F.,(4,1,1,1,1,1,1,1,1,1,1,1,1,1,1,1,4),(0.E0,6.25E-2,1.25E-1,
1.875E-1,2.5E-1,3.125E-1,3.75E-1,4.375E-1,5.E-1,5.625E-1,6.25E-1,6.875E-1,
7.5E-1,8.125E-1,8.75E-1,9.375E-1,1.E0),.UNSPECIFIED.);
#1754=CIRCLE('',#1753,1.21E0);
#1759=CIRCLE('',#1758,1.21E0);
#1764=CIRCLE('',#1763,1.21E0);
#1769=CIRCLE('',#1768,1.21E0);
#1789=B_SPLINE_CURVE_WITH_KNOTS('',3,(#1770,#1771,#1772,#1773,#1774,#1775,#1776,
#1777,#1778,#1779,#1780,#1781,#1782,#1783,#1784,#1785,#1786,#1787,#1788),
.UNSPECIFIED.,.F.,.F.,(4,1,1,1,1,1,1,1,1,1,1,1,1,1,1,1,4),(0.E0,6.25E-2,1.25E-1,
1.875E-1,2.5E-1,3.125E-1,3.75E-1,4.375E-1,5.E-1,5.625E-1,6.25E-1,6.875E-1,
7.5E-1,8.125E-1,8.75E-1,9.375E-1,1.E0),.UNSPECIFIED.);
#1794=CIRCLE('',#1793,1.21E0);
#1811=B_SPLINE_CURVE_WITH_KNOTS('',3,(#1795,#1796,#1797,#1798,#1799,#1800,#1801,
#1802,#1803,#1804,#1805,#1806,#1807,#1808,#1809,#1810),.UNSPECIFIED.,.F.,.F.,(4,
1,1,1,1,1,1,1,1,1,1,1,1,4),(0.E0,7.692307692308E-2,1.538461538462E-1,
2.307692307692E-1,3.076923076923E-1,3.846153846154E-1,4.615384615385E-1,
5.384615384615E-1,6.153846153846E-1,6.923076923077E-1,7.692307692308E-1,
8.461538461538E-1,9.230769230769E-1,1.E0),.UNSPECIFIED.);
#1816=CIRCLE('',#1815,1.21E0);
#1821=CIRCLE('',#1820,1.21E0);
#1826=CIRCLE('',#1825,1.21E0);
#1843=B_SPLINE_CURVE_WITH_KNOTS('',3,(#1827,#1828,#1829,#1830,#1831,#1832,#1833,
#1834,#1835,#1836,#1837,#1838,#1839,#1840,#1841,#1842),.UNSPECIFIED.,.F.,.F.,(4,
1,1,1,1,1,1,1,1,1,1,1,1,4),(0.E0,7.692307692308E-2,1.538461538462E-1,
2.307692307692E-1,3.076923076923E-1,3.846153846154E-1,4.615384615385E-1,
5.384615384615E-1,6.153846153846E-1,6.923076923077E-1,7.692307692308E-1,
8.461538461538E-1,9.230769230769E-1,1.E0),.UNSPECIFIED.);
#1863=B_SPLINE_CURVE_WITH_KNOTS('',3,(#1844,#1845,#1846,#1847,#1848,#1849,#1850,
#1851,#1852,#1853,#1854,#1855,#1856,#1857,#1858,#1859,#1860,#1861,#1862),
.UNSPECIFIED.,.F.,.F.,(4,1,1,1,1,1,1,1,1,1,1,1,1,1,1,1,4),(0.E0,6.25E-2,1.25E-1,
1.875E-1,2.5E-1,3.125E-1,3.75E-1,4.375E-1,5.E-1,5.625E-1,6.25E-1,6.875E-1,
7.5E-1,8.125E-1,8.75E-1,9.375E-1,1.E0),.UNSPECIFIED.);
#1868=CIRCLE('',#1867,1.21E0);
#1873=CIRCLE('',#1872,1.21E0);
#1878=CIRCLE('',#1877,1.21E0);
#1883=CIRCLE('',#1882,1.21E0);
#1903=B_SPLINE_CURVE_WITH_KNOTS('',3,(#1884,#1885,#1886,#1887,#1888,#1889,#1890,
#1891,#1892,#1893,#1894,#1895,#1896,#1897,#1898,#1899,#1900,#1901,#1902),
.UNSPECIFIED.,.F.,.F.,(4,1,1,1,1,1,1,1,1,1,1,1,1,1,1,1,4),(0.E0,6.25E-2,1.25E-1,
1.875E-1,2.5E-1,3.125E-1,3.75E-1,4.375E-1,5.E-1,5.625E-1,6.25E-1,6.875E-1,
7.5E-1,8.125E-1,8.75E-1,9.375E-1,1.E0),.UNSPECIFIED.);
#1908=CIRCLE('',#1907,1.21E0);
#1925=B_SPLINE_CURVE_WITH_KNOTS('',3,(#1909,#1910,#1911,#1912,#1913,#1914,#1915,
#1916,#1917,#1918,#1919,#1920,#1921,#1922,#1923,#1924),.UNSPECIFIED.,.F.,.F.,(4,
1,1,1,1,1,1,1,1,1,1,1,1,4),(0.E0,7.692307692308E-2,1.538461538462E-1,
2.307692307692E-1,3.076923076923E-1,3.846153846154E-1,4.615384615385E-1,
5.384615384615E-1,6.153846153846E-1,6.923076923077E-1,7.692307692308E-1,
8.461538461538E-1,9.230769230769E-1,1.E0),.UNSPECIFIED.);
#1930=CIRCLE('',#1929,1.21E0);
#1935=CIRCLE('',#1934,1.21E0);
#1940=CIRCLE('',#1939,1.21E0);
#1957=B_SPLINE_CURVE_WITH_KNOTS('',3,(#1941,#1942,#1943,#1944,#1945,#1946,#1947,
#1948,#1949,#1950,#1951,#1952,#1953,#1954,#1955,#1956),.UNSPECIFIED.,.F.,.F.,(4,
1,1,1,1,1,1,1,1,1,1,1,1,4),(0.E0,7.692307692308E-2,1.538461538462E-1,
2.307692307692E-1,3.076923076923E-1,3.846153846154E-1,4.615384615385E-1,
5.384615384615E-1,6.153846153846E-1,6.923076923077E-1,7.692307692308E-1,
8.461538461538E-1,9.230769230769E-1,1.E0),.UNSPECIFIED.);
#1977=B_SPLINE_CURVE_WITH_KNOTS('',3,(#1958,#1959,#1960,#1961,#1962,#1963,#1964,
#1965,#1966,#1967,#1968,#1969,#1970,#1971,#1972,#1973,#1974,#1975,#1976),
.UNSPECIFIED.,.F.,.F.,(4,1,1,1,1,1,1,1,1,1,1,1,1,1,1,1,4),(0.E0,6.25E-2,1.25E-1,
1.875E-1,2.5E-1,3.125E-1,3.75E-1,4.375E-1,5.E-1,5.625E-1,6.25E-1,6.875E-1,
7.5E-1,8.125E-1,8.75E-1,9.375E-1,1.E0),.UNSPECIFIED.);
#1982=CIRCLE('',#1981,1.21E0);
#1987=CIRCLE('',#1986,1.21E0);
#1992=CIRCLE('',#1991,1.21E0);
#1997=CIRCLE('',#1996,1.21E0);
#2017=B_SPLINE_CURVE_WITH_KNOTS('',3,(#1998,#1999,#2000,#2001,#2002,#2003,#2004,
#2005,#2006,#2007,#2008,#2009,#2010,#2011,#2012,#2013,#2014,#2015,#2016),
.UNSPECIFIED.,.F.,.F.,(4,1,1,1,1,1,1,1,1,1,1,1,1,1,1,1,4),(0.E0,6.25E-2,1.25E-1,
1.875E-1,2.5E-1,3.125E-1,3.75E-1,4.375E-1,5.E-1,5.625E-1,6.25E-1,6.875E-1,
7.5E-1,8.125E-1,8.75E-1,9.375E-1,1.E0),.UNSPECIFIED.);
#2022=CIRCLE('',#2021,1.21E0);
#2039=B_SPLINE_CURVE_WITH_KNOTS('',3,(#2023,#2024,#2025,#2026,#2027,#2028,#2029,
#2030,#2031,#2032,#2033,#2034,#2035,#2036,#2037,#2038),.UNSPECIFIED.,.F.,.F.,(4,
1,1,1,1,1,1,1,1,1,1,1,1,4),(0.E0,7.692307692308E-2,1.538461538462E-1,
2.307692307692E-1,3.076923076923E-1,3.846153846154E-1,4.615384615385E-1,
5.384615384615E-1,6.153846153846E-1,6.923076923077E-1,7.692307692308E-1,
8.461538461538E-1,9.230769230769E-1,1.E0),.UNSPECIFIED.);
#2044=CIRCLE('',#2043,1.21E0);
#2049=CIRCLE('',#2048,1.21E0);
#2054=CIRCLE('',#2053,1.21E0);
#2071=B_SPLINE_CURVE_WITH_KNOTS('',3,(#2055,#2056,#2057,#2058,#2059,#2060,#2061,
#2062,#2063,#2064,#2065,#2066,#2067,#2068,#2069,#2070),.UNSPECIFIED.,.F.,.F.,(4,
1,1,1,1,1,1,1,1,1,1,1,1,4),(0.E0,7.692307692308E-2,1.538461538462E-1,
2.307692307692E-1,3.076923076923E-1,3.846153846154E-1,4.615384615385E-1,
5.384615384615E-1,6.153846153846E-1,6.923076923077E-1,7.692307692308E-1,
8.461538461538E-1,9.230769230769E-1,1.E0),.UNSPECIFIED.);
#2091=B_SPLINE_CURVE_WITH_KNOTS('',3,(#2072,#2073,#2074,#2075,#2076,#2077,#2078,
#2079,#2080,#2081,#2082,#2083,#2084,#2085,#2086,#2087,#2088,#2089,#2090),
.UNSPECIFIED.,.F.,.F.,(4,1,1,1,1,1,1,1,1,1,1,1,1,1,1,1,4),(0.E0,6.25E-2,1.25E-1,
1.875E-1,2.5E-1,3.125E-1,3.75E-1,4.375E-1,5.E-1,5.625E-1,6.25E-1,6.875E-1,
7.5E-1,8.125E-1,8.75E-1,9.375E-1,1.E0),.UNSPECIFIED.);
#2096=CIRCLE('',#2095,1.21E0);
#2101=CIRCLE('',#2100,1.21E0);
#2106=CIRCLE('',#2105,1.21E0);
#2111=CIRCLE('',#2110,1.21E0);
#2131=B_SPLINE_CURVE_WITH_KNOTS('',3,(#2112,#2113,#2114,#2115,#2116,#2117,#2118,
#2119,#2120,#2121,#2122,#2123,#2124,#2125,#2126,#2127,#2128,#2129,#2130),
.UNSPECIFIED.,.F.,.F.,(4,1,1,1,1,1,1,1,1,1,1,1,1,1,1,1,4),(0.E0,6.25E-2,1.25E-1,
1.875E-1,2.5E-1,3.125E-1,3.75E-1,4.375E-1,5.E-1,5.625E-1,6.25E-1,6.875E-1,
7.5E-1,8.125E-1,8.75E-1,9.375E-1,1.E0),.UNSPECIFIED.);
#2136=CIRCLE('',#2135,1.21E0);
#2153=B_SPLINE_CURVE_WITH_KNOTS('',3,(#2137,#2138,#2139,#2140,#2141,#2142,#2143,
#2144,#2145,#2146,#2147,#2148,#2149,#2150,#2151,#2152),.UNSPECIFIED.,.F.,.F.,(4,
1,1,1,1,1,1,1,1,1,1,1,1,4),(0.E0,7.692307692308E-2,1.538461538462E-1,
2.307692307692E-1,3.076923076923E-1,3.846153846154E-1,4.615384615385E-1,
5.384615384615E-1,6.153846153846E-1,6.923076923077E-1,7.692307692308E-1,
8.461538461538E-1,9.230769230769E-1,1.E0),.UNSPECIFIED.);
#2158=CIRCLE('',#2157,1.21E0);
#2163=CIRCLE('',#2162,1.21E0);
#2168=CIRCLE('',#2167,1.21E0);
#2185=B_SPLINE_CURVE_WITH_KNOTS('',3,(#2169,#2170,#2171,#2172,#2173,#2174,#2175,
#2176,#2177,#2178,#2179,#2180,#2181,#2182,#2183,#2184),.UNSPECIFIED.,.F.,.F.,(4,
1,1,1,1,1,1,1,1,1,1,1,1,4),(0.E0,7.692307692308E-2,1.538461538462E-1,
2.307692307692E-1,3.076923076923E-1,3.846153846154E-1,4.615384615385E-1,
5.384615384615E-1,6.153846153846E-1,6.923076923077E-1,7.692307692308E-1,
8.461538461538E-1,9.230769230769E-1,1.E0),.UNSPECIFIED.);
#2205=B_SPLINE_CURVE_WITH_KNOTS('',3,(#2186,#2187,#2188,#2189,#2190,#2191,#2192,
#2193,#2194,#2195,#2196,#2197,#2198,#2199,#2200,#2201,#2202,#2203,#2204),
.UNSPECIFIED.,.F.,.F.,(4,1,1,1,1,1,1,1,1,1,1,1,1,1,1,1,4),(0.E0,6.25E-2,1.25E-1,
1.875E-1,2.5E-1,3.125E-1,3.75E-1,4.375E-1,5.E-1,5.625E-1,6.25E-1,6.875E-1,
7.5E-1,8.125E-1,8.75E-1,9.375E-1,1.E0),.UNSPECIFIED.);
#2210=CIRCLE('',#2209,1.21E0);
#2215=CIRCLE('',#2214,1.21E0);
#2220=CIRCLE('',#2219,1.21E0);
#2225=CIRCLE('',#2224,1.21E0);
#2245=B_SPLINE_CURVE_WITH_KNOTS('',3,(#2226,#2227,#2228,#2229,#2230,#2231,#2232,
#2233,#2234,#2235,#2236,#2237,#2238,#2239,#2240,#2241,#2242,#2243,#2244),
.UNSPECIFIED.,.F.,.F.,(4,1,1,1,1,1,1,1,1,1,1,1,1,1,1,1,4),(0.E0,6.25E-2,1.25E-1,
1.875E-1,2.5E-1,3.125E-1,3.75E-1,4.375E-1,5.E-1,5.625E-1,6.25E-1,6.875E-1,
7.5E-1,8.125E-1,8.75E-1,9.375E-1,1.E0),.UNSPECIFIED.);
#2250=CIRCLE('',#2249,1.21E0);
#2267=B_SPLINE_CURVE_WITH_KNOTS('',3,(#2251,#2252,#2253,#2254,#2255,#2256,#2257,
#2258,#2259,#2260,#2261,#2262,#2263,#2264,#2265,#2266),.UNSPECIFIED.,.F.,.F.,(4,
1,1,1,1,1,1,1,1,1,1,1,1,4),(0.E0,7.692307692308E-2,1.538461538462E-1,
2.307692307692E-1,3.076923076923E-1,3.846153846154E-1,4.615384615385E-1,
5.384615384615E-1,6.153846153846E-1,6.923076923077E-1,7.692307692308E-1,
8.461538461538E-1,9.230769230769E-1,1.E0),.UNSPECIFIED.);
#2272=CIRCLE('',#2271,1.21E0);
#2277=CIRCLE('',#2276,1.21E0);
#2282=CIRCLE('',#2281,1.21E0);
#2299=B_SPLINE_CURVE_WITH_KNOTS('',3,(#2283,#2284,#2285,#2286,#2287,#2288,#2289,
#2290,#2291,#2292,#2293,#2294,#2295,#2296,#2297,#2298),.UNSPECIFIED.,.F.,.F.,(4,
1,1,1,1,1,1,1,1,1,1,1,1,4),(0.E0,7.692307692308E-2,1.538461538462E-1,
2.307692307692E-1,3.076923076923E-1,3.846153846154E-1,4.615384615385E-1,
5.384615384615E-1,6.153846153846E-1,6.923076923077E-1,7.692307692308E-1,
8.461538461538E-1,9.230769230769E-1,1.E0),.UNSPECIFIED.);
#2319=B_SPLINE_CURVE_WITH_KNOTS('',3,(#2300,#2301,#2302,#2303,#2304,#2305,#2306,
#2307,#2308,#2309,#2310,#2311,#2312,#2313,#2314,#2315,#2316,#2317,#2318),
.UNSPECIFIED.,.F.,.F.,(4,1,1,1,1,1,1,1,1,1,1,1,1,1,1,1,4),(0.E0,6.25E-2,1.25E-1,
1.875E-1,2.5E-1,3.125E-1,3.75E-1,4.375E-1,5.E-1,5.625E-1,6.25E-1,6.875E-1,
7.5E-1,8.125E-1,8.75E-1,9.375E-1,1.E0),.UNSPECIFIED.);
#2324=CIRCLE('',#2323,1.21E0);
#2329=CIRCLE('',#2328,1.21E0);
#2334=CIRCLE('',#2333,1.21E0);
#2339=CIRCLE('',#2338,1.21E0);
#2359=B_SPLINE_CURVE_WITH_KNOTS('',3,(#2340,#2341,#2342,#2343,#2344,#2345,#2346,
#2347,#2348,#2349,#2350,#2351,#2352,#2353,#2354,#2355,#2356,#2357,#2358),
.UNSPECIFIED.,.F.,.F.,(4,1,1,1,1,1,1,1,1,1,1,1,1,1,1,1,4),(0.E0,6.25E-2,1.25E-1,
1.875E-1,2.5E-1,3.125E-1,3.75E-1,4.375E-1,5.E-1,5.625E-1,6.25E-1,6.875E-1,
7.5E-1,8.125E-1,8.75E-1,9.375E-1,1.E0),.UNSPECIFIED.);
#2364=CIRCLE('',#2363,1.21E0);
#2381=B_SPLINE_CURVE_WITH_KNOTS('',3,(#2365,#2366,#2367,#2368,#2369,#2370,#2371,
#2372,#2373,#2374,#2375,#2376,#2377,#2378,#2379,#2380),.UNSPECIFIED.,.F.,.F.,(4,
1,1,1,1,1,1,1,1,1,1,1,1,4),(0.E0,7.692307692308E-2,1.538461538462E-1,
2.307692307692E-1,3.076923076923E-1,3.846153846154E-1,4.615384615385E-1,
5.384615384615E-1,6.153846153846E-1,6.923076923077E-1,7.692307692308E-1,
8.461538461538E-1,9.230769230769E-1,1.E0),.UNSPECIFIED.);
#2386=CIRCLE('',#2385,1.21E0);
#2391=CIRCLE('',#2390,1.21E0);
#2396=CIRCLE('',#2395,1.21E0);
#2413=B_SPLINE_CURVE_WITH_KNOTS('',3,(#2397,#2398,#2399,#2400,#2401,#2402,#2403,
#2404,#2405,#2406,#2407,#2408,#2409,#2410,#2411,#2412),.UNSPECIFIED.,.F.,.F.,(4,
1,1,1,1,1,1,1,1,1,1,1,1,4),(0.E0,7.692307692308E-2,1.538461538462E-1,
2.307692307692E-1,3.076923076923E-1,3.846153846154E-1,4.615384615385E-1,
5.384615384615E-1,6.153846153846E-1,6.923076923077E-1,7.692307692308E-1,
8.461538461538E-1,9.230769230769E-1,1.E0),.UNSPECIFIED.);
#2433=B_SPLINE_CURVE_WITH_KNOTS('',3,(#2414,#2415,#2416,#2417,#2418,#2419,#2420,
#2421,#2422,#2423,#2424,#2425,#2426,#2427,#2428,#2429,#2430,#2431,#2432),
.UNSPECIFIED.,.F.,.F.,(4,1,1,1,1,1,1,1,1,1,1,1,1,1,1,1,4),(0.E0,6.25E-2,1.25E-1,
1.875E-1,2.5E-1,3.125E-1,3.75E-1,4.375E-1,5.E-1,5.625E-1,6.25E-1,6.875E-1,
7.5E-1,8.125E-1,8.75E-1,9.375E-1,1.E0),.UNSPECIFIED.);
#2438=CIRCLE('',#2437,1.21E0);
#2443=CIRCLE('',#2442,1.21E0);
#2448=CIRCLE('',#2447,1.21E0);
#2453=CIRCLE('',#2452,1.21E0);
#2473=B_SPLINE_CURVE_WITH_KNOTS('',3,(#2454,#2455,#2456,#2457,#2458,#2459,#2460,
#2461,#2462,#2463,#2464,#2465,#2466,#2467,#2468,#2469,#2470,#2471,#2472),
.UNSPECIFIED.,.F.,.F.,(4,1,1,1,1,1,1,1,1,1,1,1,1,1,1,1,4),(0.E0,6.25E-2,1.25E-1,
1.875E-1,2.5E-1,3.125E-1,3.75E-1,4.375E-1,5.E-1,5.625E-1,6.25E-1,6.875E-1,
7.5E-1,8.125E-1,8.75E-1,9.375E-1,1.E0),.UNSPECIFIED.);
#2478=CIRCLE('',#2477,1.21E0);
#2495=B_SPLINE_CURVE_WITH_KNOTS('',3,(#2479,#2480,#2481,#2482,#2483,#2484,#2485,
#2486,#2487,#2488,#2489,#2490,#2491,#2492,#2493,#2494),.UNSPECIFIED.,.F.,.F.,(4,
1,1,1,1,1,1,1,1,1,1,1,1,4),(0.E0,7.692307692308E-2,1.538461538462E-1,
2.307692307692E-1,3.076923076923E-1,3.846153846154E-1,4.615384615385E-1,
5.384615384615E-1,6.153846153846E-1,6.923076923077E-1,7.692307692308E-1,
8.461538461538E-1,9.230769230769E-1,1.E0),.UNSPECIFIED.);
#2500=CIRCLE('',#2499,1.21E0);
#2505=CIRCLE('',#2504,1.21E0);
#2510=CIRCLE('',#2509,1.21E0);
#2527=B_SPLINE_CURVE_WITH_KNOTS('',3,(#2511,#2512,#2513,#2514,#2515,#2516,#2517,
#2518,#2519,#2520,#2521,#2522,#2523,#2524,#2525,#2526),.UNSPECIFIED.,.F.,.F.,(4,
1,1,1,1,1,1,1,1,1,1,1,1,4),(0.E0,7.692307692308E-2,1.538461538462E-1,
2.307692307692E-1,3.076923076923E-1,3.846153846154E-1,4.615384615385E-1,
5.384615384615E-1,6.153846153846E-1,6.923076923077E-1,7.692307692308E-1,
8.461538461538E-1,9.230769230769E-1,1.E0),.UNSPECIFIED.);
#2547=B_SPLINE_CURVE_WITH_KNOTS('',3,(#2528,#2529,#2530,#2531,#2532,#2533,#2534,
#2535,#2536,#2537,#2538,#2539,#2540,#2541,#2542,#2543,#2544,#2545,#2546),
.UNSPECIFIED.,.F.,.F.,(4,1,1,1,1,1,1,1,1,1,1,1,1,1,1,1,4),(0.E0,6.25E-2,1.25E-1,
1.875E-1,2.5E-1,3.125E-1,3.75E-1,4.375E-1,5.E-1,5.625E-1,6.25E-1,6.875E-1,
7.5E-1,8.125E-1,8.75E-1,9.375E-1,1.E0),.UNSPECIFIED.);
#2552=CIRCLE('',#2551,1.21E0);
#2557=CIRCLE('',#2556,1.21E0);
#2562=CIRCLE('',#2561,1.21E0);
#2567=CIRCLE('',#2566,1.21E0);
#2587=B_SPLINE_CURVE_WITH_KNOTS('',3,(#2568,#2569,#2570,#2571,#2572,#2573,#2574,
#2575,#2576,#2577,#2578,#2579,#2580,#2581,#2582,#2583,#2584,#2585,#2586),
.UNSPECIFIED.,.F.,.F.,(4,1,1,1,1,1,1,1,1,1,1,1,1,1,1,1,4),(0.E0,6.25E-2,1.25E-1,
1.875E-1,2.5E-1,3.125E-1,3.75E-1,4.375E-1,5.E-1,5.625E-1,6.25E-1,6.875E-1,
7.5E-1,8.125E-1,8.75E-1,9.375E-1,1.E0),.UNSPECIFIED.);
#2592=CIRCLE('',#2591,1.21E0);
#2609=B_SPLINE_CURVE_WITH_KNOTS('',3,(#2593,#2594,#2595,#2596,#2597,#2598,#2599,
#2600,#2601,#2602,#2603,#2604,#2605,#2606,#2607,#2608),.UNSPECIFIED.,.F.,.F.,(4,
1,1,1,1,1,1,1,1,1,1,1,1,4),(0.E0,7.692307692308E-2,1.538461538462E-1,
2.307692307692E-1,3.076923076923E-1,3.846153846154E-1,4.615384615385E-1,
5.384615384615E-1,6.153846153846E-1,6.923076923077E-1,7.692307692308E-1,
8.461538461538E-1,9.230769230769E-1,1.E0),.UNSPECIFIED.);
#2614=CIRCLE('',#2613,1.21E0);
#2619=CIRCLE('',#2618,1.21E0);
#2624=CIRCLE('',#2623,1.21E0);
#2641=B_SPLINE_CURVE_WITH_KNOTS('',3,(#2625,#2626,#2627,#2628,#2629,#2630,#2631,
#2632,#2633,#2634,#2635,#2636,#2637,#2638,#2639,#2640),.UNSPECIFIED.,.F.,.F.,(4,
1,1,1,1,1,1,1,1,1,1,1,1,4),(0.E0,7.692307692308E-2,1.538461538462E-1,
2.307692307692E-1,3.076923076923E-1,3.846153846154E-1,4.615384615385E-1,
5.384615384615E-1,6.153846153846E-1,6.923076923077E-1,7.692307692308E-1,
8.461538461538E-1,9.230769230769E-1,1.E0),.UNSPECIFIED.);
#2661=B_SPLINE_CURVE_WITH_KNOTS('',3,(#2642,#2643,#2644,#2645,#2646,#2647,#2648,
#2649,#2650,#2651,#2652,#2653,#2654,#2655,#2656,#2657,#2658,#2659,#2660),
.UNSPECIFIED.,.F.,.F.,(4,1,1,1,1,1,1,1,1,1,1,1,1,1,1,1,4),(0.E0,6.25E-2,1.25E-1,
1.875E-1,2.5E-1,3.125E-1,3.75E-1,4.375E-1,5.E-1,5.625E-1,6.25E-1,6.875E-1,
7.5E-1,8.125E-1,8.75E-1,9.375E-1,1.E0),.UNSPECIFIED.);
#2666=CIRCLE('',#2665,1.21E0);
#2671=CIRCLE('',#2670,1.21E0);
#2676=CIRCLE('',#2675,1.21E0);
#2681=CIRCLE('',#2680,1.21E0);
#2701=B_SPLINE_CURVE_WITH_KNOTS('',3,(#2682,#2683,#2684,#2685,#2686,#2687,#2688,
#2689,#2690,#2691,#2692,#2693,#2694,#2695,#2696,#2697,#2698,#2699,#2700),
.UNSPECIFIED.,.F.,.F.,(4,1,1,1,1,1,1,1,1,1,1,1,1,1,1,1,4),(0.E0,6.25E-2,1.25E-1,
1.875E-1,2.5E-1,3.125E-1,3.75E-1,4.375E-1,5.E-1,5.625E-1,6.25E-1,6.875E-1,
7.5E-1,8.125E-1,8.75E-1,9.375E-1,1.E0),.UNSPECIFIED.);
#2706=CIRCLE('',#2705,1.21E0);
#2723=B_SPLINE_CURVE_WITH_KNOTS('',3,(#2707,#2708,#2709,#2710,#2711,#2712,#2713,
#2714,#2715,#2716,#2717,#2718,#2719,#2720,#2721,#2722),.UNSPECIFIED.,.F.,.F.,(4,
1,1,1,1,1,1,1,1,1,1,1,1,4),(0.E0,7.692307692308E-2,1.538461538462E-1,
2.307692307692E-1,3.076923076923E-1,3.846153846154E-1,4.615384615385E-1,
5.384615384615E-1,6.153846153846E-1,6.923076923077E-1,7.692307692308E-1,
8.461538461538E-1,9.230769230769E-1,1.E0),.UNSPECIFIED.);
#2728=CIRCLE('',#2727,1.21E0);
#2733=CIRCLE('',#2732,1.21E0);
#2738=CIRCLE('',#2737,1.21E0);
#2755=B_SPLINE_CURVE_WITH_KNOTS('',3,(#2739,#2740,#2741,#2742,#2743,#2744,#2745,
#2746,#2747,#2748,#2749,#2750,#2751,#2752,#2753,#2754),.UNSPECIFIED.,.F.,.F.,(4,
1,1,1,1,1,1,1,1,1,1,1,1,4),(0.E0,7.692307692308E-2,1.538461538462E-1,
2.307692307692E-1,3.076923076923E-1,3.846153846154E-1,4.615384615385E-1,
5.384615384615E-1,6.153846153846E-1,6.923076923077E-1,7.692307692308E-1,
8.461538461538E-1,9.230769230769E-1,1.E0),.UNSPECIFIED.);
#2775=B_SPLINE_CURVE_WITH_KNOTS('',3,(#2756,#2757,#2758,#2759,#2760,#2761,#2762,
#2763,#2764,#2765,#2766,#2767,#2768,#2769,#2770,#2771,#2772,#2773,#2774),
.UNSPECIFIED.,.F.,.F.,(4,1,1,1,1,1,1,1,1,1,1,1,1,1,1,1,4),(0.E0,6.25E-2,1.25E-1,
1.875E-1,2.5E-1,3.125E-1,3.75E-1,4.375E-1,5.E-1,5.625E-1,6.25E-1,6.875E-1,
7.5E-1,8.125E-1,8.75E-1,9.375E-1,1.E0),.UNSPECIFIED.);
#2780=CIRCLE('',#2779,1.21E0);
#2785=CIRCLE('',#2784,1.21E0);
#2790=CIRCLE('',#2789,1.21E0);
#2795=CIRCLE('',#2794,1.21E0);
#2815=B_SPLINE_CURVE_WITH_KNOTS('',3,(#2796,#2797,#2798,#2799,#2800,#2801,#2802,
#2803,#2804,#2805,#2806,#2807,#2808,#2809,#2810,#2811,#2812,#2813,#2814),
.UNSPECIFIED.,.F.,.F.,(4,1,1,1,1,1,1,1,1,1,1,1,1,1,1,1,4),(0.E0,6.25E-2,1.25E-1,
1.875E-1,2.5E-1,3.125E-1,3.75E-1,4.375E-1,5.E-1,5.625E-1,6.25E-1,6.875E-1,
7.5E-1,8.125E-1,8.75E-1,9.375E-1,1.E0),.UNSPECIFIED.);
#2820=CIRCLE('',#2819,1.21E0);
#2837=B_SPLINE_CURVE_WITH_KNOTS('',3,(#2821,#2822,#2823,#2824,#2825,#2826,#2827,
#2828,#2829,#2830,#2831,#2832,#2833,#2834,#2835,#2836),.UNSPECIFIED.,.F.,.F.,(4,
1,1,1,1,1,1,1,1,1,1,1,1,4),(0.E0,7.692307692308E-2,1.538461538462E-1,
2.307692307692E-1,3.076923076923E-1,3.846153846154E-1,4.615384615385E-1,
5.384615384615E-1,6.153846153846E-1,6.923076923077E-1,7.692307692308E-1,
8.461538461538E-1,9.230769230769E-1,1.E0),.UNSPECIFIED.);
#2842=CIRCLE('',#2841,1.21E0);
#2847=CIRCLE('',#2846,1.21E0);
#2852=CIRCLE('',#2851,1.21E0);
#2869=B_SPLINE_CURVE_WITH_KNOTS('',3,(#2853,#2854,#2855,#2856,#2857,#2858,#2859,
#2860,#2861,#2862,#2863,#2864,#2865,#2866,#2867,#2868),.UNSPECIFIED.,.F.,.F.,(4,
1,1,1,1,1,1,1,1,1,1,1,1,4),(0.E0,7.692307692308E-2,1.538461538462E-1,
2.307692307692E-1,3.076923076923E-1,3.846153846154E-1,4.615384615385E-1,
5.384615384615E-1,6.153846153846E-1,6.923076923077E-1,7.692307692308E-1,
8.461538461538E-1,9.230769230769E-1,1.E0),.UNSPECIFIED.);
#3123=EDGE_CURVE('',#3055,#2978,#759,.T.);
#3125=EDGE_CURVE('',#3055,#3061,#732,.T.);
#3127=EDGE_CURVE('',#3057,#3061,#1243,.T.);
#3129=EDGE_CURVE('',#3057,#2979,#737,.T.);
#3131=EDGE_CURVE('',#2979,#2978,#754,.T.);
#3142=EDGE_CURVE('',#2978,#2979,#776,.T.);
#3145=EDGE_CURVE('',#3059,#3057,#1253,.T.);
#3147=EDGE_CURVE('',#3059,#3055,#781,.T.);
#3157=EDGE_CURVE('',#2935,#2934,#804,.T.);
#3159=EDGE_CURVE('',#2935,#2949,#785,.T.);
#3161=EDGE_CURVE('',#2946,#2949,#1213,.T.);
#3163=EDGE_CURVE('',#2946,#2944,#789,.T.);
#3165=EDGE_CURVE('',#2942,#2944,#1101,.T.);
#3167=EDGE_CURVE('',#2940,#2942,#841,.T.);
#3169=EDGE_CURVE('',#2937,#2940,#872,.T.);
#3171=EDGE_CURVE('',#2934,#2937,#823,.T.);
#3175=EDGE_CURVE('',#2964,#2965,#2039,.T.);
#3177=EDGE_CURVE('',#2965,#2964,#2071,.T.);
#3181=EDGE_CURVE('',#2966,#2967,#1925,.T.);
#3183=EDGE_CURVE('',#2967,#2966,#1957,.T.);
#3187=EDGE_CURVE('',#2968,#2969,#1811,.T.);
#3189=EDGE_CURVE('',#2969,#2968,#1843,.T.);
#3193=EDGE_CURVE('',#2970,#2971,#1697,.T.);
#3195=EDGE_CURVE('',#2971,#2970,#1729,.T.);
#3199=EDGE_CURVE('',#2972,#2973,#1583,.T.);
#3201=EDGE_CURVE('',#2973,#2972,#1615,.T.);
#3205=EDGE_CURVE('',#2974,#2975,#1469,.T.);
#3207=EDGE_CURVE('',#2975,#2974,#1501,.T.);
#3211=EDGE_CURVE('',#2976,#2977,#1355,.T.);
#3213=EDGE_CURVE('',#2977,#2976,#1387,.T.);
#3227=EDGE_CURVE('',#2934,#2931,#794,.T.);
#3229=EDGE_CURVE('',#2931,#2930,#799,.T.);
#3231=EDGE_CURVE('',#2935,#2930,#814,.T.);
#3242=EDGE_CURVE('',#2934,#2935,#809,.T.);
#3245=EDGE_CURVE('',#2930,#2931,#819,.T.);
#3257=EDGE_CURVE('',#2937,#2938,#830,.T.);
#3259=EDGE_CURVE('',#2939,#2938,#904,.T.);
#3261=EDGE_CURVE('',#2939,#2940,#837,.T.);
#3264=EDGE_CURVE('',#2944,#2942,#1111,.T.);
#3267=EDGE_CURVE('',#2946,#2947,#848,.T.);
#3269=EDGE_CURVE('',#2948,#2947,#1186,.T.);
#3271=EDGE_CURVE('',#2948,#2949,#855,.T.);
#3277=EDGE_CURVE('',#2950,#2951,#2837,.T.);
#3279=EDGE_CURVE('',#2951,#2950,#2869,.T.);
#3283=EDGE_CURVE('',#2952,#2953,#2723,.T.);
#3285=EDGE_CURVE('',#2953,#2952,#2755,.T.);
#3289=EDGE_CURVE('',#2954,#2955,#2609,.T.);
#3291=EDGE_CURVE('',#2955,#2954,#2641,.T.);
#3295=EDGE_CURVE('',#2956,#2957,#2495,.T.);
#3297=EDGE_CURVE('',#2957,#2956,#2527,.T.);
#3301=EDGE_CURVE('',#2958,#2959,#2381,.T.);
#3303=EDGE_CURVE('',#2959,#2958,#2413,.T.);
#3307=EDGE_CURVE('',#2960,#2961,#2267,.T.);
#3309=EDGE_CURVE('',#2961,#2960,#2299,.T.);
#3313=EDGE_CURVE('',#2962,#2963,#2153,.T.);
#3315=EDGE_CURVE('',#2963,#2962,#2185,.T.);
#3325=EDGE_CURVE('',#2997,#2938,#860,.T.);
#3330=EDGE_CURVE('',#2999,#2939,#887,.T.);
#3332=EDGE_CURVE('',#3001,#2999,#1028,.T.);
#3334=EDGE_CURVE('',#3001,#2997,#877,.T.);
#3345=EDGE_CURVE('',#2997,#3003,#882,.T.);
#3347=EDGE_CURVE('',#2999,#3003,#934,.T.);
#3359=EDGE_CURVE('',#2909,#2908,#924,.T.);
#3361=EDGE_CURVE('',#2908,#2999,#929,.T.);
#3365=EDGE_CURVE('',#2909,#2997,#1023,.T.);
#3375=EDGE_CURVE('',#2891,#2880,#980,.T.);
#3377=EDGE_CURVE('',#2891,#2889,#938,.T.);
#3379=EDGE_CURVE('',#2889,#2906,#945,.T.);
#3381=EDGE_CURVE('',#2907,#2906,#1164,.T.);
#3383=EDGE_CURVE('',#2907,#2888,#952,.T.);
#3385=EDGE_CURVE('',#2888,#2886,#956,.T.);
#3387=EDGE_CURVE('',#2884,#2886,#1061,.T.);
#3389=EDGE_CURVE('',#2882,#2884,#1018,.T.);
#3391=EDGE_CURVE('',#2882,#2908,#963,.T.);
#3394=EDGE_CURVE('',#2909,#2881,#970,.T.);
#3396=EDGE_CURVE('',#2880,#2881,#1014,.T.);
#3400=EDGE_CURVE('',#2910,#2911,#2091,.T.);
#3402=EDGE_CURVE('',#2911,#2910,#2131,.T.);
#3406=EDGE_CURVE('',#2912,#2913,#2205,.T.);
#3408=EDGE_CURVE('',#2913,#2912,#2245,.T.);
#3412=EDGE_CURVE('',#2914,#2915,#2319,.T.);
#3414=EDGE_CURVE('',#2915,#2914,#2359,.T.);
#3418=EDGE_CURVE('',#2916,#2917,#2433,.T.);
#3420=EDGE_CURVE('',#2917,#2916,#2473,.T.);
#3424=EDGE_CURVE('',#2918,#2919,#2547,.T.);
#3426=EDGE_CURVE('',#2919,#2918,#2587,.T.);
#3430=EDGE_CURVE('',#2920,#2921,#2661,.T.);
#3432=EDGE_CURVE('',#2921,#2920,#2701,.T.);
#3436=EDGE_CURVE('',#2922,#2923,#2775,.T.);
#3438=EDGE_CURVE('',#2923,#2922,#2815,.T.);
#3448=EDGE_CURVE('',#2926,#2927,#990,.T.);
#3450=EDGE_CURVE('',#2926,#2891,#975,.T.);
#3453=EDGE_CURVE('',#2927,#2880,#1005,.T.);
#3464=EDGE_CURVE('',#2930,#2926,#985,.T.);
#3467=EDGE_CURVE('',#2931,#2927,#995,.T.);
#3478=EDGE_CURVE('',#2927,#2926,#1000,.T.);
#3491=EDGE_CURVE('',#2880,#2891,#1010,.T.);
#3504=EDGE_CURVE('',#2882,#2881,#1041,.T.);
#3507=EDGE_CURVE('',#2886,#2884,#1056,.T.);
#3510=EDGE_CURVE('',#2889,#2888,#1124,.T.);
#3516=EDGE_CURVE('',#2892,#2893,#1233,.T.);
#3518=EDGE_CURVE('',#2893,#2892,#1273,.T.);
#3522=EDGE_CURVE('',#2894,#2895,#1293,.T.);
#3524=EDGE_CURVE('',#2895,#2894,#1333,.T.);
#3528=EDGE_CURVE('',#2896,#2897,#1407,.T.);
#3530=EDGE_CURVE('',#2897,#2896,#1447,.T.);
#3534=EDGE_CURVE('',#2898,#2899,#1521,.T.);
#3536=EDGE_CURVE('',#2899,#2898,#1561,.T.);
#3540=EDGE_CURVE('',#2870,#2871,#1635,.T.);
#3542=EDGE_CURVE('',#2871,#2870,#1675,.T.);
#3546=EDGE_CURVE('',#2900,#2901,#1749,.T.);
#3548=EDGE_CURVE('',#2901,#2900,#1789,.T.);
#3552=EDGE_CURVE('',#2902,#2903,#1863,.T.);
#3554=EDGE_CURVE('',#2903,#2902,#1903,.T.);
#3558=EDGE_CURVE('',#2904,#2905,#1977,.T.);
#3560=EDGE_CURVE('',#2905,#2904,#2017,.T.);
#3585=EDGE_CURVE('',#2884,#2995,#1046,.T.);
#3587=EDGE_CURVE('',#2995,#2994,#1051,.T.);
#3589=EDGE_CURVE('',#2886,#2994,#1066,.T.);
#3602=EDGE_CURVE('',#2994,#2995,#1071,.T.);
#3614=EDGE_CURVE('',#2994,#2991,#1076,.T.);
#3616=EDGE_CURVE('',#2991,#2989,#1081,.T.);
#3618=EDGE_CURVE('',#2995,#2989,#1086,.T.);
#3629=EDGE_CURVE('',#2989,#2991,#1091,.T.);
#3641=EDGE_CURVE('',#2989,#2942,#1096,.T.);
#3644=EDGE_CURVE('',#2991,#2944,#1106,.T.);
#3670=EDGE_CURVE('',#2907,#2985,#1129,.T.);
#3672=EDGE_CURVE('',#2985,#2983,#1134,.T.);
#3674=EDGE_CURVE('',#2981,#2983,#1196,.T.);
#3676=EDGE_CURVE('',#2906,#2981,#1139,.T.);
#3687=EDGE_CURVE('',#2987,#2981,#1191,.T.);
#3689=EDGE_CURVE('',#2987,#2985,#1144,.T.);
#3701=EDGE_CURVE('',#2981,#2948,#1169,.T.);
#3704=EDGE_CURVE('',#2985,#2947,#1201,.T.);
#3732=EDGE_CURVE('',#2893,#3057,#1238,.T.);
#3736=EDGE_CURVE('',#2892,#3055,#1248,.T.);
#3760=EDGE_CURVE('',#2895,#3049,#1298,.T.);
#3762=EDGE_CURVE('',#3049,#3053,#1303,.T.);
#3764=EDGE_CURVE('',#3047,#3053,#1365,.T.);
#3766=EDGE_CURVE('',#2894,#3047,#1308,.T.);
#3777=EDGE_CURVE('',#3051,#3047,#1360,.T.);
#3779=EDGE_CURVE('',#3051,#3049,#1313,.T.);
#3791=EDGE_CURVE('',#3047,#2976,#1338,.T.);
#3794=EDGE_CURVE('',#3049,#2977,#1370,.T.);
#3820=EDGE_CURVE('',#2897,#3041,#1412,.T.);
#3822=EDGE_CURVE('',#3041,#3045,#1417,.T.);
#3824=EDGE_CURVE('',#3039,#3045,#1479,.T.);
#3826=EDGE_CURVE('',#2896,#3039,#1422,.T.);
#3837=EDGE_CURVE('',#3043,#3039,#1474,.T.);
#3839=EDGE_CURVE('',#3043,#3041,#1427,.T.);
#3851=EDGE_CURVE('',#3039,#2974,#1452,.T.);
#3854=EDGE_CURVE('',#3041,#2975,#1484,.T.);
#3880=EDGE_CURVE('',#2899,#3033,#1526,.T.);
#3882=EDGE_CURVE('',#3033,#3037,#1531,.T.);
#3884=EDGE_CURVE('',#3031,#3037,#1593,.T.);
#3886=EDGE_CURVE('',#2898,#3031,#1536,.T.);
#3897=EDGE_CURVE('',#3035,#3031,#1588,.T.);
#3899=EDGE_CURVE('',#3035,#3033,#1541,.T.);
#3911=EDGE_CURVE('',#3031,#2972,#1566,.T.);
#3914=EDGE_CURVE('',#3033,#2973,#1598,.T.);
#3940=EDGE_CURVE('',#2871,#2873,#1640,.T.);
#3942=EDGE_CURVE('',#2873,#2875,#1645,.T.);
#3944=EDGE_CURVE('',#2877,#2875,#1707,.T.);
#3946=EDGE_CURVE('',#2870,#2877,#1650,.T.);
#3957=EDGE_CURVE('',#3029,#2877,#1702,.T.);
#3959=EDGE_CURVE('',#3029,#2873,#1655,.T.);
#3971=EDGE_CURVE('',#2877,#2970,#1680,.T.);
#3974=EDGE_CURVE('',#2873,#2971,#1712,.T.);
#4000=EDGE_CURVE('',#2901,#3023,#1754,.T.);
#4002=EDGE_CURVE('',#3023,#3027,#1759,.T.);
#4004=EDGE_CURVE('',#3021,#3027,#1821,.T.);
#4006=EDGE_CURVE('',#2900,#3021,#1764,.T.);
#4017=EDGE_CURVE('',#3025,#3021,#1816,.T.);
#4019=EDGE_CURVE('',#3025,#3023,#1769,.T.);
#4031=EDGE_CURVE('',#3021,#2968,#1794,.T.);
#4034=EDGE_CURVE('',#3023,#2969,#1826,.T.);
#4060=EDGE_CURVE('',#2903,#3015,#1868,.T.);
#4062=EDGE_CURVE('',#3015,#3019,#1873,.T.);
#4064=EDGE_CURVE('',#3013,#3019,#1935,.T.);
#4066=EDGE_CURVE('',#2902,#3013,#1878,.T.);
#4077=EDGE_CURVE('',#3017,#3013,#1930,.T.);
#4079=EDGE_CURVE('',#3017,#3015,#1883,.T.);
#4091=EDGE_CURVE('',#3013,#2966,#1908,.T.);
#4094=EDGE_CURVE('',#3015,#2967,#1940,.T.);
#4120=EDGE_CURVE('',#2905,#3007,#1982,.T.);
#4122=EDGE_CURVE('',#3007,#3011,#1987,.T.);
#4124=EDGE_CURVE('',#3005,#3011,#2049,.T.);
#4126=EDGE_CURVE('',#2904,#3005,#1992,.T.);
#4137=EDGE_CURVE('',#3009,#3005,#2044,.T.);
#4139=EDGE_CURVE('',#3009,#3007,#1997,.T.);
#4151=EDGE_CURVE('',#3005,#2964,#2022,.T.);
#4154=EDGE_CURVE('',#3007,#2965,#2054,.T.);
#4180=EDGE_CURVE('',#2911,#3113,#2096,.T.);
#4182=EDGE_CURVE('',#3113,#3117,#2101,.T.);
#4184=EDGE_CURVE('',#3111,#3117,#2163,.T.);
#4186=EDGE_CURVE('',#2910,#3111,#2106,.T.);
#4197=EDGE_CURVE('',#3115,#3111,#2158,.T.);
#4199=EDGE_CURVE('',#3115,#3113,#2111,.T.);
#4211=EDGE_CURVE('',#3111,#2962,#2136,.T.);
#4214=EDGE_CURVE('',#3113,#2963,#2168,.T.);
#4240=EDGE_CURVE('',#2913,#3105,#2210,.T.);
#4242=EDGE_CURVE('',#3105,#3109,#2215,.T.);
#4244=EDGE_CURVE('',#3103,#3109,#2277,.T.);
#4246=EDGE_CURVE('',#2912,#3103,#2220,.T.);
#4257=EDGE_CURVE('',#3107,#3103,#2272,.T.);
#4259=EDGE_CURVE('',#3107,#3105,#2225,.T.);
#4271=EDGE_CURVE('',#3103,#2960,#2250,.T.);
#4274=EDGE_CURVE('',#3105,#2961,#2282,.T.);
#4300=EDGE_CURVE('',#2915,#3097,#2324,.T.);
#4302=EDGE_CURVE('',#3097,#3101,#2329,.T.);
#4304=EDGE_CURVE('',#3095,#3101,#2391,.T.);
#4306=EDGE_CURVE('',#2914,#3095,#2334,.T.);
#4317=EDGE_CURVE('',#3099,#3095,#2386,.T.);
#4319=EDGE_CURVE('',#3099,#3097,#2339,.T.);
#4331=EDGE_CURVE('',#3095,#2958,#2364,.T.);
#4334=EDGE_CURVE('',#3097,#2959,#2396,.T.);
#4360=EDGE_CURVE('',#2917,#3089,#2438,.T.);
#4362=EDGE_CURVE('',#3089,#3093,#2443,.T.);
#4364=EDGE_CURVE('',#3087,#3093,#2505,.T.);
#4366=EDGE_CURVE('',#2916,#3087,#2448,.T.);
#4377=EDGE_CURVE('',#3091,#3087,#2500,.T.);
#4379=EDGE_CURVE('',#3091,#3089,#2453,.T.);
#4391=EDGE_CURVE('',#3087,#2956,#2478,.T.);
#4394=EDGE_CURVE('',#3089,#2957,#2510,.T.);
#4420=EDGE_CURVE('',#2919,#3081,#2552,.T.);
#4422=EDGE_CURVE('',#3081,#3085,#2557,.T.);
#4424=EDGE_CURVE('',#3079,#3085,#2619,.T.);
#4426=EDGE_CURVE('',#2918,#3079,#2562,.T.);
#4437=EDGE_CURVE('',#3083,#3079,#2614,.T.);
#4439=EDGE_CURVE('',#3083,#3081,#2567,.T.);
#4451=EDGE_CURVE('',#3079,#2954,#2592,.T.);
#4454=EDGE_CURVE('',#3081,#2955,#2624,.T.);
#4480=EDGE_CURVE('',#2921,#3073,#2666,.T.);
#4482=EDGE_CURVE('',#3073,#3077,#2671,.T.);
#4484=EDGE_CURVE('',#3071,#3077,#2733,.T.);
#4486=EDGE_CURVE('',#2920,#3071,#2676,.T.);
#4497=EDGE_CURVE('',#3075,#3071,#2728,.T.);
#4499=EDGE_CURVE('',#3075,#3073,#2681,.T.);
#4511=EDGE_CURVE('',#3071,#2952,#2706,.T.);
#4514=EDGE_CURVE('',#3073,#2953,#2738,.T.);
#4540=EDGE_CURVE('',#2923,#3065,#2780,.T.);
#4542=EDGE_CURVE('',#3065,#3069,#2785,.T.);
#4544=EDGE_CURVE('',#3063,#3069,#2847,.T.);
#4546=EDGE_CURVE('',#2922,#3063,#2790,.T.);
#4557=EDGE_CURVE('',#3067,#3063,#2842,.T.);
#4559=EDGE_CURVE('',#3067,#3065,#2795,.T.);
#4571=EDGE_CURVE('',#3063,#2950,#2820,.T.);
#4574=EDGE_CURVE('',#3065,#2951,#2852,.T.);
#4608=CIRCLE('',#4607,9.825E0);
#4613=CIRCLE('',#4612,1.1E0);
#4618=CIRCLE('',#4617,1.1E0);
#4623=CIRCLE('',#4622,9.825E0);
#4632=CIRCLE('',#4631,1.E-1);
#4637=CIRCLE('',#4636,9.825E0);
#4642=CIRCLE('',#4641,9.825E0);
#4647=CIRCLE('',#4646,1.E-1);
#4656=CIRCLE('',#4655,1.1E0);
#4661=CIRCLE('',#4660,9.825E0);
#4666=CIRCLE('',#4665,9.825E0);
#4671=CIRCLE('',#4670,1.1E0);
#4676=CIRCLE('',#4675,1.03E1);
#4681=CIRCLE('',#4680,1.03E1);
#4686=CIRCLE('',#4685,9.925E0);
#4691=CIRCLE('',#4690,9.925E0);
#4696=CIRCLE('',#4695,2.E-1);
#4701=CIRCLE('',#4700,1.05E1);
#4706=CIRCLE('',#4705,2.E-1);
#4711=CIRCLE('',#4710,1.05E1);
#4724=CIRCLE('',#4723,1.05E1);
#4729=CIRCLE('',#4728,2.E-1);
#4734=CIRCLE('',#4733,2.E-1);
#4739=CIRCLE('',#4738,1.05E1);
#4744=CIRCLE('',#4743,1.03E1);
#4749=CIRCLE('',#4748,1.03E1);
#4754=CIRCLE('',#4753,9.925E0);
#4759=CIRCLE('',#4758,9.925E0);
#4764=CIRCLE('',#4763,1.E-1);
#4769=CIRCLE('',#4768,9.825E0);
#4774=CIRCLE('',#4773,1.E-1);
#4779=CIRCLE('',#4778,9.825E0);
#4829=EDGE_CURVE('',#4811,#4807,#4599,.T.);
#4831=EDGE_CURVE('',#4805,#4807,#4769,.T.);
#4833=EDGE_CURVE('',#4810,#4805,#4603,.T.);
#4835=EDGE_CURVE('',#4811,#4810,#4661,.T.);
#4845=EDGE_CURVE('',#4810,#4811,#4623,.T.);
#4848=EDGE_CURVE('',#4807,#4805,#4779,.T.);
#4859=EDGE_CURVE('',#4814,#4815,#4608,.T.);
#4861=EDGE_CURVE('',#4815,#4817,#4613,.T.);
#4863=EDGE_CURVE('',#4817,#4810,#4618,.T.);
#4866=EDGE_CURVE('',#4819,#4811,#4656,.T.);
#4868=EDGE_CURVE('',#4814,#4819,#4671,.T.);
#4878=EDGE_CURVE('',#4822,#4823,#4637,.T.);
#4880=EDGE_CURVE('',#4822,#4815,#4627,.T.);
#4883=EDGE_CURVE('',#4823,#4814,#4651,.T.);
#4893=EDGE_CURVE('',#4823,#4790,#4632,.T.);
#4895=EDGE_CURVE('',#4791,#4790,#4691,.T.);
#4897=EDGE_CURVE('',#4822,#4791,#4647,.T.);
#4908=EDGE_CURVE('',#4823,#4822,#4642,.T.);
#4911=EDGE_CURVE('',#4790,#4791,#4686,.T.);
#4923=EDGE_CURVE('',#4815,#4814,#4666,.T.);
#4949=EDGE_CURVE('',#4782,#4783,#4676,.T.);
#4951=EDGE_CURVE('',#4783,#4782,#4681,.T.);
#4966=EDGE_CURVE('',#4782,#4785,#4696,.T.);
#4968=EDGE_CURVE('',#4785,#4787,#4701,.T.);
#4970=EDGE_CURVE('',#4783,#4787,#4706,.T.);
#4981=EDGE_CURVE('',#4787,#4785,#4711,.T.);
#4993=EDGE_CURVE('',#4787,#4793,#4715,.T.);
#4995=EDGE_CURVE('',#4795,#4793,#4739,.T.);
#4997=EDGE_CURVE('',#4785,#4795,#4719,.T.);
#5010=EDGE_CURVE('',#4793,#4795,#4724,.T.);
#5022=EDGE_CURVE('',#4795,#4797,#4729,.T.);
#5024=EDGE_CURVE('',#4799,#4797,#4744,.T.);
#5026=EDGE_CURVE('',#4793,#4799,#4734,.T.);
#5037=EDGE_CURVE('',#4797,#4799,#4749,.T.);
#5053=EDGE_CURVE('',#4802,#4803,#4754,.T.);
#5055=EDGE_CURVE('',#4803,#4802,#4759,.T.);
#5066=EDGE_CURVE('',#4802,#4805,#4764,.T.);
#5069=EDGE_CURVE('',#4803,#4807,#4774,.T.);
#5088=(LENGTH_UNIT()NAMED_UNIT(*)SI_UNIT(.MILLI.,.METRE.));
#5090=(NAMED_UNIT(*)PLANE_ANGLE_UNIT()SI_UNIT($,.RADIAN.));
#5093=(NAMED_UNIT(*)SI_UNIT($,.STERADIAN.)SOLID_ANGLE_UNIT());
#5096=ADVANCED_BREP_SHAPE_REPRESENTATION('',(#727,#4595,#5087),#5095);
#5103=PRODUCT_DEFINITION('design','',#5102,#5099);
#5104=PRODUCT_DEFINITION_SHAPE('','SHAPE FOR 6702ZZ_-_EA037.',#5103);
#5105=SHAPE_DEFINITION_REPRESENTATION(#5104,#5096);
ENDSEC;
END-ISO-10303-21;
