ISO-10303-21;
HEADER;
FILE_DESCRIPTION((''),'2;1');
FILE_NAME('626ZZ-EA020','2025-12-19T16:34:29',('qinghui.yi'),(''),
'CREO PARAMETRIC BY PTC INC, 2019164','CREO PARAMETRIC BY PTC INC, 2019164','');
FILE_SCHEMA(('CONFIG_CONTROL_DESIGN','SHAPE_APPEARANCE_LAYERS_GROUPS'));
ENDSEC;
DATA;
#204=DIRECTION('',(1.E0,0.E0,0.E0));
#205=VECTOR('',#204,2.528706565714E-1);
#206=CARTESIAN_POINT('',(-6.315E1,2.975E1,8.35E0));
#207=LINE('',#206,#205);
#208=CARTESIAN_POINT('',(-6.289712934343E1,2.975E1,-8.45E0));
#209=DIRECTION('',(0.E0,-1.E0,0.E0));
#210=DIRECTION('',(8.191520442890E-1,0.E0,5.735764363510E-1));
#211=AXIS2_PLACEMENT_3D('',#208,#209,#210);
#213=CARTESIAN_POINT('',(-6.281521413900E1,2.975E1,0.E0));
#214=DIRECTION('',(1.E0,0.E0,0.E0));
#215=DIRECTION('',(0.E0,0.E0,1.E0));
#216=AXIS2_PLACEMENT_3D('',#213,#214,#215);
#218=CARTESIAN_POINT('',(-6.289712934343E1,2.975E1,0.E0));
#219=DIRECTION('',(-1.E0,0.E0,0.E0));
#220=DIRECTION('',(0.E0,0.E0,-1.E0));
#221=AXIS2_PLACEMENT_3D('',#218,#219,#220);
#223=CARTESIAN_POINT('',(-6.289712934343E1,2.975E1,0.E0));
#224=DIRECTION('',(-1.E0,0.E0,0.E0));
#225=DIRECTION('',(0.E0,0.E0,1.E0));
#226=AXIS2_PLACEMENT_3D('',#223,#224,#225);
#228=CARTESIAN_POINT('',(-6.289712934343E1,2.975E1,8.45E0));
#229=DIRECTION('',(0.E0,1.E0,0.E0));
#230=DIRECTION('',(8.191520442890E-1,0.E0,-5.735764363510E-1));
#231=AXIS2_PLACEMENT_3D('',#228,#229,#230);
#233=CARTESIAN_POINT('',(-6.281521413900E1,2.975E1,0.E0));
#234=DIRECTION('',(1.E0,0.E0,0.E0));
#235=DIRECTION('',(0.E0,0.E0,-1.E0));
#236=AXIS2_PLACEMENT_3D('',#233,#234,#235);
#238=DIRECTION('',(1.E0,0.E0,0.E0));
#239=VECTOR('',#238,2.528706565714E-1);
#240=CARTESIAN_POINT('',(-6.315E1,2.975E1,-8.35E0));
#241=LINE('',#240,#239);
#242=CARTESIAN_POINT('',(-6.315E1,2.975E1,8.45E0));
#243=DIRECTION('',(0.E0,1.E0,0.E0));
#244=DIRECTION('',(0.E0,0.E0,-1.E0));
#245=AXIS2_PLACEMENT_3D('',#242,#243,#244);
#247=CARTESIAN_POINT('',(-6.315E1,2.975E1,0.E0));
#248=DIRECTION('',(1.E0,0.E0,0.E0));
#249=DIRECTION('',(0.E0,0.E0,-1.E0));
#250=AXIS2_PLACEMENT_3D('',#247,#248,#249);
#252=CARTESIAN_POINT('',(-6.325E1,2.975E1,0.E0));
#253=DIRECTION('',(-1.E0,0.E0,0.E0));
#254=DIRECTION('',(0.E0,0.E0,-1.E0));
#255=AXIS2_PLACEMENT_3D('',#252,#253,#254);
#257=CARTESIAN_POINT('',(-6.325E1,2.975E1,0.E0));
#258=DIRECTION('',(-1.E0,0.E0,0.E0));
#259=DIRECTION('',(0.E0,0.E0,1.E0));
#260=AXIS2_PLACEMENT_3D('',#257,#258,#259);
#262=CARTESIAN_POINT('',(-6.325E1,2.975E1,0.E0));
#263=DIRECTION('',(1.E0,0.E0,0.E0));
#264=DIRECTION('',(0.E0,0.E0,-1.E0));
#265=AXIS2_PLACEMENT_3D('',#262,#263,#264);
#267=CARTESIAN_POINT('',(-6.325E1,2.975E1,0.E0));
#268=DIRECTION('',(1.E0,0.E0,0.E0));
#269=DIRECTION('',(0.E0,0.E0,1.E0));
#270=AXIS2_PLACEMENT_3D('',#267,#268,#269);
#272=DIRECTION('',(-5.E-1,0.E0,-8.660254037845E-1));
#273=VECTOR('',#272,3.159283101527E-1);
#274=CARTESIAN_POINT('',(-6.309203584492E1,2.975E1,9.223601942367E0));
#275=LINE('',#274,#273);
#276=DIRECTION('',(-5.E-1,0.E0,8.660254037845E-1));
#277=VECTOR('',#276,3.159283101527E-1);
#278=CARTESIAN_POINT('',(-6.309203584492E1,2.975E1,-9.223601942367E0));
#279=LINE('',#278,#277);
#280=CARTESIAN_POINT('',(-6.290987393732E1,2.975E1,0.E0));
#281=DIRECTION('',(-1.E0,0.E0,0.E0));
#282=DIRECTION('',(0.E0,0.E0,1.E0));
#283=AXIS2_PLACEMENT_3D('',#280,#281,#282);
#285=CARTESIAN_POINT('',(-6.283222822379E1,2.975E1,9.073601942367E0));
#286=DIRECTION('',(0.E0,1.E0,0.E0));
#287=DIRECTION('',(-8.660254037844E-1,0.E0,5.E-1));
#288=AXIS2_PLACEMENT_3D('',#285,#286,#287);
#290=CARTESIAN_POINT('',(-6.309203584492E1,2.975E1,0.E0));
#291=DIRECTION('',(1.E0,0.E0,0.E0));
#292=DIRECTION('',(0.E0,0.E0,-1.E0));
#293=AXIS2_PLACEMENT_3D('',#290,#291,#292);
#295=DIRECTION('',(-9.659258262891E-1,0.E0,2.588190451025E-1));
#296=VECTOR('',#295,5.278603423183E-1);
#297=CARTESIAN_POINT('',(-6.24E1,2.975E1,-9.5E0));
#298=LINE('',#297,#296);
#299=CARTESIAN_POINT('',(-6.24E1,2.975E1,0.E0));
#300=DIRECTION('',(-1.E0,0.E0,0.E0));
#301=DIRECTION('',(0.E0,0.E0,1.E0));
#302=AXIS2_PLACEMENT_3D('',#299,#300,#301);
#304=DIRECTION('',(-9.659258262891E-1,0.E0,-2.588190451025E-1));
#305=VECTOR('',#304,5.278603423183E-1);
#306=CARTESIAN_POINT('',(-6.24E1,2.975E1,9.5E0));
#307=LINE('',#306,#305);
#308=CARTESIAN_POINT('',(-6.24E1,2.975E1,0.E0));
#309=DIRECTION('',(-1.E0,0.E0,0.E0));
#310=DIRECTION('',(0.E0,0.E0,-1.E0));
#311=AXIS2_PLACEMENT_3D('',#308,#309,#310);
#313=DIRECTION('',(1.E0,0.E0,0.E0));
#314=VECTOR('',#313,4.3E0);
#315=CARTESIAN_POINT('',(-6.24E1,2.975E1,-9.5E0));
#316=LINE('',#315,#314);
#317=DIRECTION('',(1.E0,0.E0,0.E0));
#318=VECTOR('',#317,4.3E0);
#319=CARTESIAN_POINT('',(-6.24E1,2.975E1,9.5E0));
#320=LINE('',#319,#318);
#321=DIRECTION('',(9.659258262891E-1,0.E0,-2.588190451025E-1));
#322=VECTOR('',#321,5.278603423183E-1);
#323=CARTESIAN_POINT('',(-5.81E1,2.975E1,9.5E0));
#324=LINE('',#323,#322);
#325=CARTESIAN_POINT('',(-5.81E1,2.975E1,0.E0));
#326=DIRECTION('',(1.E0,0.E0,0.E0));
#327=DIRECTION('',(0.E0,0.E0,-1.E0));
#328=AXIS2_PLACEMENT_3D('',#325,#326,#327);
#330=CARTESIAN_POINT('',(-5.740796415508E1,2.975E1,0.E0));
#331=DIRECTION('',(-1.E0,0.E0,0.E0));
#332=DIRECTION('',(0.E0,0.E0,1.E0));
#333=AXIS2_PLACEMENT_3D('',#330,#331,#332);
#335=CARTESIAN_POINT('',(-5.766777177621E1,2.975E1,9.073601942367E0));
#336=DIRECTION('',(0.E0,1.E0,0.E0));
#337=DIRECTION('',(2.588190451025E-1,0.E0,9.659258262891E-1));
#338=AXIS2_PLACEMENT_3D('',#335,#336,#337);
#340=CARTESIAN_POINT('',(-5.759012606268E1,2.975E1,0.E0));
#341=DIRECTION('',(1.E0,0.E0,0.E0));
#342=DIRECTION('',(0.E0,0.E0,-1.E0));
#343=AXIS2_PLACEMENT_3D('',#340,#341,#342);
#345=DIRECTION('',(5.E-1,0.E0,-8.660254037844E-1));
#346=VECTOR('',#345,3.159283101527E-1);
#347=CARTESIAN_POINT('',(-5.740796415508E1,2.975E1,9.223601942367E0));
#348=LINE('',#347,#346);
#349=CARTESIAN_POINT('',(-5.725E1,2.975E1,0.E0));
#350=DIRECTION('',(1.E0,0.E0,0.E0));
#351=DIRECTION('',(0.E0,0.E0,-1.E0));
#352=AXIS2_PLACEMENT_3D('',#349,#350,#351);
#354=CARTESIAN_POINT('',(-5.725E1,2.975E1,0.E0));
#355=DIRECTION('',(1.E0,0.E0,0.E0));
#356=DIRECTION('',(0.E0,0.E0,1.E0));
#357=AXIS2_PLACEMENT_3D('',#354,#355,#356);
#359=CARTESIAN_POINT('',(-5.725E1,2.975E1,0.E0));
#360=DIRECTION('',(-1.E0,0.E0,0.E0));
#361=DIRECTION('',(0.E0,0.E0,1.E0));
#362=AXIS2_PLACEMENT_3D('',#359,#360,#361);
#364=CARTESIAN_POINT('',(-5.725E1,2.975E1,0.E0));
#365=DIRECTION('',(-1.E0,0.E0,0.E0));
#366=DIRECTION('',(0.E0,0.E0,-1.E0));
#367=AXIS2_PLACEMENT_3D('',#364,#365,#366);
#369=DIRECTION('',(5.E-1,0.E0,8.660254037844E-1));
#370=VECTOR('',#369,3.159283101527E-1);
#371=CARTESIAN_POINT('',(-5.740796415508E1,2.975E1,-9.223601942367E0));
#372=LINE('',#371,#370);
#373=CARTESIAN_POINT('',(-5.766777177621E1,2.975E1,-9.073601942367E0));
#374=DIRECTION('',(0.E0,-1.E0,0.E0));
#375=DIRECTION('',(2.588190451025E-1,0.E0,-9.659258262891E-1));
#376=AXIS2_PLACEMENT_3D('',#373,#374,#375);
#378=CARTESIAN_POINT('',(-5.759012606268E1,2.975E1,0.E0));
#379=DIRECTION('',(1.E0,0.E0,0.E0));
#380=DIRECTION('',(0.E0,0.E0,1.E0));
#381=AXIS2_PLACEMENT_3D('',#378,#379,#380);
#383=CARTESIAN_POINT('',(-5.740796415508E1,2.975E1,0.E0));
#384=DIRECTION('',(-1.E0,0.E0,0.E0));
#385=DIRECTION('',(0.E0,0.E0,-1.E0));
#386=AXIS2_PLACEMENT_3D('',#383,#384,#385);
#388=DIRECTION('',(9.659258262891E-1,0.E0,2.588190451025E-1));
#389=VECTOR('',#388,5.278603423183E-1);
#390=CARTESIAN_POINT('',(-5.81E1,2.975E1,-9.5E0));
#391=LINE('',#390,#389);
#392=CARTESIAN_POINT('',(-5.81E1,2.975E1,0.E0));
#393=DIRECTION('',(1.E0,0.E0,0.E0));
#394=DIRECTION('',(0.E0,0.E0,1.E0));
#395=AXIS2_PLACEMENT_3D('',#392,#393,#394);
#397=CARTESIAN_POINT('',(-5.735E1,2.975E1,0.E0));
#398=DIRECTION('',(-1.E0,0.E0,0.E0));
#399=DIRECTION('',(0.E0,0.E0,1.E0));
#400=AXIS2_PLACEMENT_3D('',#397,#398,#399);
#402=CARTESIAN_POINT('',(-5.735E1,2.975E1,8.45E0));
#403=DIRECTION('',(0.E0,1.E0,0.E0));
#404=DIRECTION('',(1.E0,0.E0,1.776356839400E-14));
#405=AXIS2_PLACEMENT_3D('',#402,#403,#404);
#407=DIRECTION('',(1.E0,0.E0,0.E0));
#408=VECTOR('',#407,2.528706565714E-1);
#409=CARTESIAN_POINT('',(-5.760287065657E1,2.975E1,-8.35E0));
#410=LINE('',#409,#408);
#411=DIRECTION('',(1.E0,0.E0,0.E0));
#412=VECTOR('',#411,2.528706565714E-1);
#413=CARTESIAN_POINT('',(-5.760287065657E1,2.975E1,8.35E0));
#414=LINE('',#413,#412);
#415=CARTESIAN_POINT('',(-5.735E1,2.975E1,-8.45E0));
#416=DIRECTION('',(0.E0,-1.E0,0.E0));
#417=DIRECTION('',(1.E0,0.E0,-1.776356839400E-14));
#418=AXIS2_PLACEMENT_3D('',#415,#416,#417);
#420=CARTESIAN_POINT('',(-5.735E1,2.975E1,0.E0));
#421=DIRECTION('',(-1.E0,0.E0,0.E0));
#422=DIRECTION('',(0.E0,0.E0,-1.E0));
#423=AXIS2_PLACEMENT_3D('',#420,#421,#422);
#425=CARTESIAN_POINT('',(-5.760287065657E1,2.975E1,-8.45E0));
#426=DIRECTION('',(0.E0,-1.E0,0.E0));
#427=DIRECTION('',(0.E0,0.E0,1.E0));
#428=AXIS2_PLACEMENT_3D('',#425,#426,#427);
#430=CARTESIAN_POINT('',(-5.760287065657E1,2.975E1,0.E0));
#431=DIRECTION('',(1.E0,0.E0,0.E0));
#432=DIRECTION('',(0.E0,0.E0,1.E0));
#433=AXIS2_PLACEMENT_3D('',#430,#431,#432);
#435=CARTESIAN_POINT('',(-5.768478586100E1,2.975E1,0.E0));
#436=DIRECTION('',(-1.E0,0.E0,0.E0));
#437=DIRECTION('',(0.E0,0.E0,-1.E0));
#438=AXIS2_PLACEMENT_3D('',#435,#436,#437);
#440=CARTESIAN_POINT('',(-5.768478586100E1,2.975E1,0.E0));
#441=DIRECTION('',(-1.E0,0.E0,0.E0));
#442=DIRECTION('',(0.E0,0.E0,1.E0));
#443=AXIS2_PLACEMENT_3D('',#440,#441,#442);
#445=CARTESIAN_POINT('',(-5.760287065657E1,2.975E1,8.45E0));
#446=DIRECTION('',(0.E0,1.E0,0.E0));
#447=DIRECTION('',(0.E0,0.E0,-1.E0));
#448=AXIS2_PLACEMENT_3D('',#445,#446,#447);
#450=CARTESIAN_POINT('',(-5.760287065657E1,2.975E1,0.E0));
#451=DIRECTION('',(1.E0,0.E0,0.E0));
#452=DIRECTION('',(0.E0,0.E0,-1.E0));
#453=AXIS2_PLACEMENT_3D('',#450,#451,#452);
#455=DIRECTION('',(5.735764363510E-1,0.E0,8.191520442890E-1));
#456=VECTOR('',#455,3.752144010113E-1);
#457=CARTESIAN_POINT('',(-5.79E1,2.975E1,-8.7E0));
#458=LINE('',#457,#456);
#459=CARTESIAN_POINT('',(-5.79E1,2.975E1,0.E0));
#460=DIRECTION('',(-1.E0,0.E0,0.E0));
#461=DIRECTION('',(0.E0,0.E0,1.E0));
#462=AXIS2_PLACEMENT_3D('',#459,#460,#461);
#464=DIRECTION('',(5.735764363510E-1,0.E0,-8.191520442890E-1));
#465=VECTOR('',#464,3.752144010113E-1);
#466=CARTESIAN_POINT('',(-5.79E1,2.975E1,8.7E0));
#467=LINE('',#466,#465);
#468=CARTESIAN_POINT('',(-5.79E1,2.975E1,0.E0));
#469=DIRECTION('',(-1.E0,0.E0,0.E0));
#470=DIRECTION('',(0.E0,0.E0,-1.E0));
#471=AXIS2_PLACEMENT_3D('',#468,#469,#470);
#473=DIRECTION('',(1.E0,0.E0,0.E0));
#474=VECTOR('',#473,4.E-1);
#475=CARTESIAN_POINT('',(-5.83E1,2.975E1,8.7E0));
#476=LINE('',#475,#474);
#477=DIRECTION('',(1.E0,0.E0,0.E0));
#478=VECTOR('',#477,4.E-1);
#479=CARTESIAN_POINT('',(-5.83E1,2.975E1,-8.7E0));
#480=LINE('',#479,#478);
#481=CARTESIAN_POINT('',(-5.83E1,2.975E1,0.E0));
#482=DIRECTION('',(1.E0,0.E0,0.E0));
#483=DIRECTION('',(0.E0,0.E0,-1.E0));
#484=AXIS2_PLACEMENT_3D('',#481,#482,#483);
#486=CARTESIAN_POINT('',(-5.83E1,2.975E1,0.E0));
#487=DIRECTION('',(1.E0,0.E0,0.E0));
#488=DIRECTION('',(0.E0,0.E0,1.E0));
#489=AXIS2_PLACEMENT_3D('',#486,#487,#488);
#491=CARTESIAN_POINT('',(-5.83E1,2.975E1,0.E0));
#492=DIRECTION('',(-1.E0,0.E0,0.E0));
#493=DIRECTION('',(0.E0,0.E0,1.E0));
#494=AXIS2_PLACEMENT_3D('',#491,#492,#493);
#496=CARTESIAN_POINT('',(-5.83E1,2.975E1,0.E0));
#497=DIRECTION('',(-1.E0,0.E0,0.E0));
#498=DIRECTION('',(0.E0,0.E0,-1.E0));
#499=AXIS2_PLACEMENT_3D('',#496,#497,#498);
#501=DIRECTION('',(1.E0,0.E0,0.E0));
#502=VECTOR('',#501,6.E-1);
#503=CARTESIAN_POINT('',(-5.83E1,2.975E1,8.35E0));
#504=LINE('',#503,#502);
#505=DIRECTION('',(1.E0,0.E0,0.E0));
#506=VECTOR('',#505,6.E-1);
#507=CARTESIAN_POINT('',(-5.83E1,2.975E1,-8.35E0));
#508=LINE('',#507,#506);
#509=CARTESIAN_POINT('',(-5.77E1,2.975E1,-7.95E0));
#510=DIRECTION('',(0.E0,-1.E0,0.E0));
#511=DIRECTION('',(0.E0,0.E0,-1.E0));
#512=AXIS2_PLACEMENT_3D('',#509,#510,#511);
#514=CARTESIAN_POINT('',(-5.77E1,2.975E1,0.E0));
#515=DIRECTION('',(1.E0,0.E0,0.E0));
#516=DIRECTION('',(0.E0,0.E0,1.E0));
#517=AXIS2_PLACEMENT_3D('',#514,#515,#516);
#519=CARTESIAN_POINT('',(-5.741715728753E1,2.975E1,0.E0));
#520=DIRECTION('',(-1.E0,0.E0,0.E0));
#521=DIRECTION('',(0.E0,-2.024599469808E-1,9.792905441535E-1));
#522=AXIS2_PLACEMENT_3D('',#519,#520,#521);
#524=CARTESIAN_POINT('',(-5.7575E1,2.799403461382E1,8.142784383342E0));
#525=CARTESIAN_POINT('',(-5.752845418497E1,2.801398875185E1,8.131422984593E0));
#526=CARTESIAN_POINT('',(-5.744728786184E1,2.805277686888E1,8.094120043585E0));
#527=CARTESIAN_POINT('',(-5.735368931154E1,2.810938247131E1,7.999069869011E0));
#528=CARTESIAN_POINT('',(-5.730247669933E1,2.815577212091E1,7.879513228073E0));
#529=CARTESIAN_POINT('',(-5.729499503036E1,2.818834354701E1,7.749034743704E0));
#530=CARTESIAN_POINT('',(-5.733246023898E1,2.820402879101E1,7.619088987351E0));
#531=CARTESIAN_POINT('',(-5.738373425566E1,2.820217345161E1,7.543427721794E0));
#532=CARTESIAN_POINT('',(-5.741715728752E1,2.819770774208E1,7.508374632205E0));
#534=CARTESIAN_POINT('',(-5.7575E1,2.799403461382E1,8.142784383342E0));
#535=CARTESIAN_POINT('',(-5.759243613055E1,2.799275812711E1,8.148377037033E0));
#536=CARTESIAN_POINT('',(-5.762736119984E1,2.798163541916E1,8.154788817637E0));
#537=CARTESIAN_POINT('',(-5.766544704025E1,2.794358295137E1,8.151052052250E0));
#538=CARTESIAN_POINT('',(-5.767977764041E1,2.789205775221E1,8.140159942277E0));
#539=CARTESIAN_POINT('',(-5.766544430685E1,2.784091313229E1,8.127618100459E0));
#540=CARTESIAN_POINT('',(-5.762735886538E1,2.780501033521E1,8.114474779608E0));
#541=CARTESIAN_POINT('',(-5.759243532351E1,2.779777198337E1,8.103872449783E0));
#542=CARTESIAN_POINT('',(-5.7575E1,2.779904841099E1,8.098280054950E0));
#544=CARTESIAN_POINT('',(-5.741715728753E1,2.975E1,0.E0));
#545=DIRECTION('',(-1.E0,0.E0,0.E0));
#546=DIRECTION('',(0.E0,-8.918718901298E-1,4.522881068482E-1));
#547=AXIS2_PLACEMENT_3D('',#544,#545,#546);
#549=CARTESIAN_POINT('',(-5.7575E1,2.228888830345E1,3.704074000705E0));
#550=CARTESIAN_POINT('',(-5.752845418497E1,2.231021220425E1,3.712591057766E0));
#551=CARTESIAN_POINT('',(-5.744728786184E1,2.236356081332E1,3.719658825512E0));
#552=CARTESIAN_POINT('',(-5.735368931155E1,2.247316704806E1,3.704652053067E0));
#553=CARTESIAN_POINT('',(-5.730247669933E1,2.259556366731E1,3.666378595215E0));
#554=CARTESIAN_POINT('',(-5.729499503036E1,2.271788380618E1,3.610491957203E0));
#555=CARTESIAN_POINT('',(-5.733246023897E1,2.282925907919E1,3.541735320898E0));
#556=CARTESIAN_POINT('',(-5.738373425566E1,2.288725665340E1,3.493110730665E0));
#557=CARTESIAN_POINT('',(-5.741715728753E1,2.291187793805E1,3.467764054482E0));
#559=CARTESIAN_POINT('',(-5.7575E1,2.228888830345E1,3.704074000705E0));
#560=CARTESIAN_POINT('',(-5.759243613055E1,2.228371991428E1,3.706562965750E0));
#561=CARTESIAN_POINT('',(-5.762736119984E1,2.227177208737E1,3.701864562330E0));
#562=CARTESIAN_POINT('',(-5.766544704025E1,2.225096828259E1,3.669784109912E0));
#563=CARTESIAN_POINT('',(-5.767977764041E1,2.222735864086E1,3.622708967576E0));
#564=CARTESIAN_POINT('',(-5.766544430685E1,2.220527609870E1,3.574902783094E0));
#565=CARTESIAN_POINT('',(-5.762735886538E1,2.219316693290E1,3.538638119522E0));
#566=CARTESIAN_POINT('',(-5.759243532351E1,2.219694312958E1,3.526368503644E0));
#567=CARTESIAN_POINT('',(-5.7575E1,2.220211127953E1,3.523879653801E0));
#569=CARTESIAN_POINT('',(-5.741715728753E1,2.975E1,0.E0));
#570=DIRECTION('',(-1.E0,0.E0,0.E0));
#571=DIRECTION('',(0.E0,-9.096861091402E-1,-4.152964999099E-1));
#572=AXIS2_PLACEMENT_3D('',#569,#570,#571);
#574=CARTESIAN_POINT('',(-5.7575E1,2.220211127953E1,-3.523879653801E0));
#575=CARTESIAN_POINT('',(-5.752845418497E1,2.220874761086E1,-3.501897658614E0));
#576=CARTESIAN_POINT('',(-5.744728786184E1,2.223648412123E1,-3.455781355385E0));
#577=CARTESIAN_POINT('',(-5.735368931155E1,2.231655525796E1,-3.379444319969E0));
#578=CARTESIAN_POINT('',(-5.730247669933E1,2.242279169614E1,-3.307613900338E0));
#579=CARTESIAN_POINT('',(-5.729499503036E1,2.254275098833E1,-3.246824913693E0));
#580=CARTESIAN_POINT('',(-5.733246023897E1,2.266594843812E1,-3.202617280434E0));
#581=CARTESIAN_POINT('',(-5.738373425566E1,2.274012556964E1,-3.187589887136E0));
#582=CARTESIAN_POINT('',(-5.741715728753E1,2.277529351895E1,-3.184143585768E0));
#584=CARTESIAN_POINT('',(-5.7575E1,2.220211127953E1,-3.523879653801E0));
#585=CARTESIAN_POINT('',(-5.759243613055E1,2.219694289036E1,-3.526368618847E0));
#586=CARTESIAN_POINT('',(-5.762736119984E1,2.219316690184E1,-3.538639212688E0));
#587=CARTESIAN_POINT('',(-5.766544704025E1,2.220527744939E1,-3.574906117144E0));
#588=CARTESIAN_POINT('',(-5.767977764041E1,2.222736190687E1,-3.622715749506E0));
#589=CARTESIAN_POINT('',(-5.766544430685E1,2.225097004712E1,-3.669787244667E0));
#590=CARTESIAN_POINT('',(-5.762735886538E1,2.227177296141E1,-3.701865219628E0));
#591=CARTESIAN_POINT('',(-5.759243532351E1,2.228372015350E1,-3.706562850547E0));
#592=CARTESIAN_POINT('',(-5.7575E1,2.228888830345E1,-3.704074000705E0));
#594=CARTESIAN_POINT('',(-5.741715728753E1,2.975E1,0.E0));
#595=DIRECTION('',(-1.E0,0.E0,0.E0));
#596=DIRECTION('',(0.E0,-2.424881337532E-1,-9.701543717311E-1));
#597=AXIS2_PLACEMENT_3D('',#594,#595,#596);
#599=CARTESIAN_POINT('',(-5.7575E1,2.779904841099E1,-8.098280054950E0));
#600=CARTESIAN_POINT('',(-5.752845418497E1,2.778599988002E1,-8.079386012363E0));
#601=CARTESIAN_POINT('',(-5.744728786184E1,2.776723813365E1,-8.028947690584E0));
#602=CARTESIAN_POINT('',(-5.735368931155E1,2.775747897325E1,-7.918750191967E0));
#603=CARTESIAN_POINT('',(-5.730247669933E1,2.776755702558E1,-7.790905665909E0));
#604=CARTESIAN_POINT('',(-5.729499503036E1,2.779482367735E1,-7.659216401420E0));
#605=CARTESIAN_POINT('',(-5.733246023897E1,2.783707311147E1,-7.535333748113E0));
#606=CARTESIAN_POINT('',(-5.738373425566E1,2.787157290732E1,-7.467970304939E0));
#607=CARTESIAN_POINT('',(-5.741715728753E1,2.789080533816E1,-7.438326161243E0));
#609=CARTESIAN_POINT('',(-5.7575E1,2.779904841099E1,-8.098280054950E0));
#610=CARTESIAN_POINT('',(-5.759243613055E1,2.779777192428E1,-8.103872708641E0));
#611=CARTESIAN_POINT('',(-5.762736119984E1,2.780501117052E1,-8.114475485466E0));
#612=CARTESIAN_POINT('',(-5.766544704025E1,2.784091658109E1,-8.127619123195E0));
#613=CARTESIAN_POINT('',(-5.767977764041E1,2.789206509085E1,-8.140161617276E0));
#614=CARTESIAN_POINT('',(-5.766544430685E1,2.794358650238E1,-8.151052627177E0));
#615=CARTESIAN_POINT('',(-5.762735886538E1,2.798163647801E1,-8.154788544109E0));
#616=CARTESIAN_POINT('',(-5.759243532351E1,2.799275818619E1,-8.148376778174E0));
#617=CARTESIAN_POINT('',(-5.7575E1,2.799403461382E1,-8.142784383340E0));
#619=CARTESIAN_POINT('',(-5.741715728753E1,2.975E1,0.E0));
#620=DIRECTION('',(-1.E0,0.E0,0.E0));
#621=DIRECTION('',(0.E0,0.E0,-1.E0));
#622=AXIS2_PLACEMENT_3D('',#619,#620,#621);
#624=CARTESIAN_POINT('',(-5.741715728753E1,2.975E1,0.E0));
#625=DIRECTION('',(-1.E0,0.E0,0.E0));
#626=DIRECTION('',(0.E0,6.073083522065E-1,-7.944662140961E-1));
#627=AXIS2_PLACEMENT_3D('',#624,#625,#626);
#629=CARTESIAN_POINT('',(-5.7575E1,3.486509188114E1,-6.574510399913E0));
#630=CARTESIAN_POINT('',(-5.752845418497E1,3.484218429782E1,-6.572931909363E0));
#631=CARTESIAN_POINT('',(-5.744728786184E1,3.479105227240E1,-6.556152654088E0));
#632=CARTESIAN_POINT('',(-5.735368931155E1,3.469881166171E1,-6.495075656348E0));
#633=CARTESIAN_POINT('',(-5.730247669933E1,3.460514234923E1,-6.407486559538E0));
#634=CARTESIAN_POINT('',(-5.729499503036E1,3.451918401566E1,-6.304061719335E0));
#635=CARTESIAN_POINT('',(-5.733246023897E1,3.444867074848E1,-6.193790210666E0));
#636=CARTESIAN_POINT('',(-5.738373425566E1,3.441751415872E1,-6.124816764291E0));
#637=CARTESIAN_POINT('',(-5.741715728753E1,3.440632865840E1,-6.091297423100E0));
#639=CARTESIAN_POINT('',(-5.7575E1,3.486509188114E1,-6.574510399913E0));
#640=CARTESIAN_POINT('',(-5.759243613055E1,3.486866851742E1,-6.578995359952E0));
#641=CARTESIAN_POINT('',(-5.762736119984E1,3.488147169834E1,-6.579946212554E0));
#642=CARTESIAN_POINT('',(-5.766544704025E1,3.491413446544E1,-6.560069156264E0));
#643=CARTESIAN_POINT('',(-5.767977764041E1,3.495583115639E1,-6.527899758201E0));
#644=CARTESIAN_POINT('',(-5.766544430685E1,3.499646916548E1,-6.494409130250E0));
#645=CARTESIAN_POINT('',(-5.762735886538E1,3.502311379472E1,-6.466989767504E0));
#646=CARTESIAN_POINT('',(-5.759243532351E1,3.502503514588E1,-6.454296795240E0));
#647=CARTESIAN_POINT('',(-5.7575E1,3.502145867514E1,-6.449812042790E0));
#649=CARTESIAN_POINT('',(-5.741715728753E1,2.975E1,0.E0));
#650=DIRECTION('',(-1.E0,0.E0,0.E0));
#651=DIRECTION('',(0.E0,9.997892621219E-1,-2.052879308942E-2));
#652=AXIS2_PLACEMENT_3D('',#649,#650,#651);
#654=CARTESIAN_POINT('',(-5.7575E1,3.807936683593E1,-1.000003181701E-1));
#655=CARTESIAN_POINT('',(-5.752845419829E1,3.806385008217E1,
-1.169260103930E-1));
#656=CARTESIAN_POINT('',(-5.744728780950E1,3.801885134053E1,
-1.464409669550E-1));
#657=CARTESIAN_POINT('',(-5.735368825329E1,3.791358686936E1,
-1.804770609192E-1));
#658=CARTESIAN_POINT('',(-5.730247656884E1,3.778670469102E1,
-1.990994323781E-1));
#659=CARTESIAN_POINT('',(-5.729499527043E1,3.765225397583E1,
-2.018198958724E-1));
#660=CARTESIAN_POINT('',(-5.733245799800E1,3.752207799499E1,
-1.881971291904E-1));
#661=CARTESIAN_POINT('',(-5.738373278588E1,3.744872350778E1,
-1.695518111042E-1));
#662=CARTESIAN_POINT('',(-5.741715728753E1,3.741554152707E1,
-1.573974855397E-1));
#664=CARTESIAN_POINT('',(-5.7575E1,3.807936683593E1,1.000003181701E-1));
#665=CARTESIAN_POINT('',(-5.759243459035E1,3.808510280840E1,1.000003181701E-1));
#666=CARTESIAN_POINT('',(-5.762735477040E1,3.809382774449E1,9.058291253012E-2));
#667=CARTESIAN_POINT('',(-5.766543189569E1,3.809865236293E1,5.267749656333E-2));
#668=CARTESIAN_POINT('',(-5.767977884161E1,3.809950038416E1,1.317716338200E-5));
#669=CARTESIAN_POINT('',(-5.766545463944E1,3.809865413283E1,
-5.263557286416E-2));
#670=CARTESIAN_POINT('',(-5.762738242868E1,3.809383336986E1,
-9.057257770638E-2));
#671=CARTESIAN_POINT('',(-5.759244511210E1,3.808510627005E1,
-1.000003181701E-1));
#672=CARTESIAN_POINT('',(-5.7575E1,3.807936683593E1,-1.000003181701E-1));
#674=CARTESIAN_POINT('',(-5.741715728753E1,2.975E1,0.E0));
#675=DIRECTION('',(-1.E0,0.E0,0.E0));
#676=DIRECTION('',(0.E0,6.394084656751E-1,7.688672278248E-1));
#677=AXIS2_PLACEMENT_3D('',#674,#675,#676);
#679=CARTESIAN_POINT('',(-5.7575E1,3.502145867514E1,6.449812042790E0));
#680=CARTESIAN_POINT('',(-5.752845418497E1,3.502501717748E1,6.427127553219E0));
#681=CARTESIAN_POINT('',(-5.744728786184E1,3.502003655922E1,6.373543778880E0));
#682=CARTESIAN_POINT('',(-5.735368931154E1,3.498101635617E1,6.270024922301E0));
#683=CARTESIAN_POINT('',(-5.730247669933E1,3.491646668378E1,6.159213687416E0));
#684=CARTESIAN_POINT('',(-5.729499503036E1,3.483476244892E1,6.052396316697E0));
#685=CARTESIAN_POINT('',(-5.733246023898E1,3.474294635527E1,5.959113245244E0));
#686=CARTESIAN_POINT('',(-5.738373425566E1,3.468263521065E1,5.913389780531E0));
#687=CARTESIAN_POINT('',(-5.741715728752E1,3.465244527731E1,5.895025968948E0));
#689=CARTESIAN_POINT('',(-5.7575E1,3.502145867514E1,6.449812042790E0));
#690=CARTESIAN_POINT('',(-5.759243613055E1,3.502503531143E1,6.454297002828E0));
#691=CARTESIAN_POINT('',(-5.762736119984E1,3.502311334839E1,6.466990765888E0));
#692=CARTESIAN_POINT('',(-5.766544704025E1,3.499646650196E1,6.494411548083E0));
#693=CARTESIAN_POINT('',(-5.767977764041E1,3.495582527126E1,6.527904451442E0));
#694=CARTESIAN_POINT('',(-5.766544430685E1,3.491413151553E1,6.560071214983E0));
#695=CARTESIAN_POINT('',(-5.762735886538E1,3.488147062568E1,6.579946425530E0));
#696=CARTESIAN_POINT('',(-5.759243532351E1,3.486866835187E1,6.578995152364E0));
#697=CARTESIAN_POINT('',(-5.7575E1,3.486509188114E1,6.574510399913E0));
#699=CARTESIAN_POINT('',(-5.741715728753E1,2.975E1,0.E0));
#700=DIRECTION('',(-1.E0,0.E0,0.E0));
#701=DIRECTION('',(0.E0,0.E0,1.E0));
#702=AXIS2_PLACEMENT_3D('',#699,#700,#701);
#704=CARTESIAN_POINT('',(-5.77E1,2.975E1,7.95E0));
#705=DIRECTION('',(0.E0,1.E0,0.E0));
#706=DIRECTION('',(0.E0,0.E0,1.E0));
#707=AXIS2_PLACEMENT_3D('',#704,#705,#706);
#709=CARTESIAN_POINT('',(-5.77E1,2.975E1,0.E0));
#710=DIRECTION('',(1.E0,0.E0,0.E0));
#711=DIRECTION('',(0.E0,0.E0,-1.E0));
#712=AXIS2_PLACEMENT_3D('',#709,#710,#711);
#714=CARTESIAN_POINT('',(-5.752322330470E1,2.813634608553E1,-7.603888583422E0));
#715=CARTESIAN_POINT('',(-5.751138681216E1,2.814319115466E1,-7.593241119801E0));
#716=CARTESIAN_POINT('',(-5.748774806180E1,2.815686322310E1,-7.571969416615E0));
#717=CARTESIAN_POINT('',(-5.745239273204E1,2.817731708982E1,-7.540131500024E0));
#718=CARTESIAN_POINT('',(-5.742889100923E1,2.819091688095E1,-7.518952539227E0));
#719=CARTESIAN_POINT('',(-5.741715728752E1,2.819770774208E1,-7.508374632205E0));
#721=CARTESIAN_POINT('',(-5.741715728753E1,3.440632865840E1,-6.091297423100E0));
#722=CARTESIAN_POINT('',(-5.742889091176E1,3.441703650576E1,-6.097881289101E0));
#723=CARTESIAN_POINT('',(-5.745239250456E1,3.443847858231E1,-6.111062072355E0));
#724=CARTESIAN_POINT('',(-5.748774783357E1,3.447072083319E1,-6.130872443587E0));
#725=CARTESIAN_POINT('',(-5.751138671432E1,3.449226850623E1,-6.144105570809E0));
#726=CARTESIAN_POINT('',(-5.752322330470E1,3.450305555092E1,-6.150728694610E0));
#728=CARTESIAN_POINT('',(-5.7575E1,2.799403461382E1,-8.142784383340E0));
#729=CARTESIAN_POINT('',(-5.752845734019E1,2.801398739921E1,-8.131423754751E0));
#730=CARTESIAN_POINT('',(-5.744729528862E1,2.805277353080E1,-8.094122532124E0));
#731=CARTESIAN_POINT('',(-5.735370691536E1,2.810937048053E1,-7.999093636575E0));
#732=CARTESIAN_POINT('',(-5.730247606719E1,2.815576840603E1,-7.879530537020E0));
#733=CARTESIAN_POINT('',(-5.729499475019E1,2.818835049447E1,-7.749004762734E0));
#734=CARTESIAN_POINT('',(-5.733247738104E1,2.820402980131E1,-7.619056548043E0));
#735=CARTESIAN_POINT('',(-5.738374503405E1,2.820217201149E1,-7.543416417735E0));
#736=CARTESIAN_POINT('',(-5.741715728752E1,2.819770774208E1,-7.508374632205E0));
#738=DIRECTION('',(0.E0,-2.225209339563E-1,-9.749279121818E-1));
#739=VECTOR('',#738,1.634727687450E-1);
#740=CARTESIAN_POINT('',(-5.7575E1,2.803041072699E1,-7.983410218209E0));
#741=LINE('',#740,#739);
#742=CARTESIAN_POINT('',(-5.752322330470E1,2.975E1,0.E0));
#743=DIRECTION('',(1.E0,0.E0,0.E0));
#744=DIRECTION('',(0.E0,-2.075913493305E-1,-9.782156365971E-1));
#745=AXIS2_PLACEMENT_3D('',#742,#743,#744);
#747=CARTESIAN_POINT('',(-5.7575E1,2.803041072699E1,-7.983410218209E0));
#748=CARTESIAN_POINT('',(-5.754644848505E1,2.804422940833E1,-7.969524414070E0));
#749=CARTESIAN_POINT('',(-5.749998133963E1,2.806986892616E1,-7.933125180007E0));
#750=CARTESIAN_POINT('',(-5.745613137748E1,2.810384849608E1,-7.855908889389E0));
#751=CARTESIAN_POINT('',(-5.744490478102E1,2.812802690909E1,-7.768322415399E0));
#752=CARTESIAN_POINT('',(-5.746658660945E1,2.814021557594E1,-7.679488761252E0));
#753=CARTESIAN_POINT('',(-5.750046772084E1,2.813937731764E1,-7.627794193341E0));
#754=CARTESIAN_POINT('',(-5.752322330470E1,2.813634608553E1,-7.603888583422E0));
#756=CARTESIAN_POINT('',(-5.7575E1,2.803041072699E1,-7.983410218209E0));
#757=CARTESIAN_POINT('',(-5.759196261612E1,2.802823133354E1,-7.992958764835E0));
#758=CARTESIAN_POINT('',(-5.762668067138E1,2.801615183518E1,-8.005053847167E0));
#759=CARTESIAN_POINT('',(-5.766501061583E1,2.797797447260E1,-8.004231436579E0));
#760=CARTESIAN_POINT('',(-5.767999374447E1,2.792551461722E1,-7.993620012666E0));
#761=CARTESIAN_POINT('',(-5.766501631440E1,2.787364247172E1,-7.980419021529E0));
#762=CARTESIAN_POINT('',(-5.762668778423E1,2.783888297402E1,-7.964595804792E0));
#763=CARTESIAN_POINT('',(-5.759196517128E1,2.783324480242E1,-7.948455874796E0));
#764=CARTESIAN_POINT('',(-5.7575E1,2.783542452417E1,-7.938905889828E0));
#766=CARTESIAN_POINT('',(-5.752322330470E1,2.975E1,0.E0));
#767=DIRECTION('',(1.E0,0.E0,0.E0));
#768=DIRECTION('',(0.E0,-8.942308705958E-1,-4.476060210425E-1));
#769=AXIS2_PLACEMENT_3D('',#766,#767,#768);
#771=CARTESIAN_POINT('',(-5.7575E1,2.243617217884E1,-3.633145824558E0));
#772=CARTESIAN_POINT('',(-5.754644848505E1,2.245564434457E1,-3.635292047400E0));
#773=CARTESIAN_POINT('',(-5.749998133963E1,2.250008838959E1,-3.632643278403E0));
#774=CARTESIAN_POINT('',(-5.745613137748E1,2.258164443186E1,-3.611066006185E0));
#775=CARTESIAN_POINT('',(-5.744490478102E1,2.266519728860E1,-3.575360177359E0));
#776=CARTESIAN_POINT('',(-5.746658660945E1,2.274224974560E1,-3.529502783410E0));
#777=CARTESIAN_POINT('',(-5.750046772084E1,2.278214354077E1,-3.496616370780E0));
#778=CARTESIAN_POINT('',(-5.752322330470E1,2.279894375690E1,-3.479341554093E0));
#780=CARTESIAN_POINT('',(-5.7575E1,2.243617217884E1,-3.633145824558E0));
#781=CARTESIAN_POINT('',(-5.759196261612E1,2.242734799488E1,-3.637395327584E0));
#782=CARTESIAN_POINT('',(-5.762668067138E1,2.241036023469E1,-3.635492355962E0));
#783=CARTESIAN_POINT('',(-5.766501061583E1,2.238720002495E1,-3.605131327363E0));
#784=CARTESIAN_POINT('',(-5.767999374447E1,2.236278818541E1,-3.557500446270E0));
#785=CARTESIAN_POINT('',(-5.766501631440E1,2.234076738216E1,-3.508714486504E0));
#786=CARTESIAN_POINT('',(-5.762668778423E1,2.233146627882E1,-3.471672802624E0));
#787=CARTESIAN_POINT('',(-5.759196517128E1,2.234056964173E1,-3.457201620807E0));
#788=CARTESIAN_POINT('',(-5.7575E1,2.234939515491E1,-3.452951477659E0));
#790=CARTESIAN_POINT('',(-5.752322330470E1,2.975E1,0.E0));
#791=DIRECTION('',(1.E0,0.E0,0.E0));
#792=DIRECTION('',(0.E0,-9.074963073170E-1,4.200600578560E-1));
#793=AXIS2_PLACEMENT_3D('',#790,#791,#792);
#795=CARTESIAN_POINT('',(-5.7575E1,2.234939515492E1,3.452951477654E0));
#796=CARTESIAN_POINT('',(-5.754644848505E1,2.235985786708E1,3.436389377405E0));
#797=CARTESIAN_POINT('',(-5.749998133963E1,2.238963916690E1,3.403293104257E0));
#798=CARTESIAN_POINT('',(-5.745613137748E1,2.245735831826E1,3.352983231999E0));
#799=CARTESIAN_POINT('',(-5.744490478102E1,2.253736861344E1,3.309921198289E0));
#800=CARTESIAN_POINT('',(-5.746658660945E1,2.262126278888E1,3.278270779075E0));
#801=CARTESIAN_POINT('',(-5.750046772084E1,2.267184779606E1,3.267584896954E0));
#802=CARTESIAN_POINT('',(-5.752322330470E1,2.269582855503E1,3.265220631102E0));
#804=CARTESIAN_POINT('',(-5.7575E1,2.234939515492E1,3.452951477654E0));
#805=CARTESIAN_POINT('',(-5.759196261612E1,2.234057097096E1,3.457200980681E0));
#806=CARTESIAN_POINT('',(-5.762668067138E1,2.233146707885E1,3.471669029812E0));
#807=CARTESIAN_POINT('',(-5.766501061583E1,2.234076413227E1,3.508706202634E0));
#808=CARTESIAN_POINT('',(-5.767999374447E1,2.236278292164E1,3.557489515951E0));
#809=CARTESIAN_POINT('',(-5.766501631440E1,2.238719557463E1,3.605123621590E0));
#810=CARTESIAN_POINT('',(-5.762668778423E1,2.241035678618E1,3.635490629139E0));
#811=CARTESIAN_POINT('',(-5.759196517128E1,2.242734666565E1,3.637395967711E0));
#812=CARTESIAN_POINT('',(-5.7575E1,2.243617217883E1,3.633145824562E0));
#814=CARTESIAN_POINT('',(-5.752322330470E1,2.975E1,0.E0));
#815=DIRECTION('',(1.E0,0.E0,0.E0));
#816=DIRECTION('',(0.E0,-2.373985150774E-1,9.714123455253E-1));
#817=AXIS2_PLACEMENT_3D('',#814,#815,#816);
#819=CARTESIAN_POINT('',(-5.7575E1,2.783542452417E1,7.938905889819E0));
#820=CARTESIAN_POINT('',(-5.754644848505E1,2.782899914711E1,7.920399511456E0));
#821=CARTESIAN_POINT('',(-5.749998133963E1,2.782169177554E1,7.876480364884E0));
#822=CARTESIAN_POINT('',(-5.745613137748E1,2.782458013379E1,7.792167708095E0));
#823=CARTESIAN_POINT('',(-5.744490478102E1,2.784079848323E1,7.702764401537E0));
#824=CARTESIAN_POINT('',(-5.746658660945E1,2.786836035187E1,7.617439580380E0));
#825=CARTESIAN_POINT('',(-5.750046772084E1,2.789154502892E1,7.571228090697E0));
#826=CARTESIAN_POINT('',(-5.752322330470E1,2.790464833010E1,7.551005082714E0));
#828=CARTESIAN_POINT('',(-5.7575E1,2.783542452417E1,7.938905889819E0));
#829=CARTESIAN_POINT('',(-5.759196261612E1,2.783324513071E1,7.948454436445E0));
#830=CARTESIAN_POINT('',(-5.762668067138E1,2.783888052313E1,7.964592826995E0));
#831=CARTESIAN_POINT('',(-5.766501061583E1,2.787363396885E1,7.980416397485E0));
#832=CARTESIAN_POINT('',(-5.767999374447E1,2.792550278965E1,7.993617313100E0));
#833=CARTESIAN_POINT('',(-5.766501631440E1,2.797796567325E1,8.004230111507E0));
#834=CARTESIAN_POINT('',(-5.762668778423E1,2.801614833498E1,8.005055466667E0));
#835=CARTESIAN_POINT('',(-5.759196517128E1,2.802823100524E1,7.992960203187E0));
#836=CARTESIAN_POINT('',(-5.7575E1,2.803041072699E1,7.983410218219E0));
#838=CARTESIAN_POINT('',(-5.752322330470E1,2.975E1,0.E0));
#839=DIRECTION('',(1.E0,0.E0,0.E0));
#840=DIRECTION('',(0.E0,0.E0,1.E0));
#841=AXIS2_PLACEMENT_3D('',#838,#839,#840);
#843=CARTESIAN_POINT('',(-5.77E1,2.975E1,7.95E0));
#844=DIRECTION('',(0.E0,1.E0,0.E0));
#845=DIRECTION('',(0.E0,0.E0,1.E0));
#846=AXIS2_PLACEMENT_3D('',#843,#844,#845);
#848=CARTESIAN_POINT('',(-5.77E1,2.975E1,0.E0));
#849=DIRECTION('',(-1.E0,0.E0,0.E0));
#850=DIRECTION('',(0.E0,0.E0,-1.E0));
#851=AXIS2_PLACEMENT_3D('',#848,#849,#850);
#853=CARTESIAN_POINT('',(-5.7575E1,2.783542452417E1,-7.938905889828E0));
#854=CARTESIAN_POINT('',(-5.754661652876E1,2.782903696451E1,-7.920508433195E0));
#855=CARTESIAN_POINT('',(-5.750026481815E1,2.782168843168E1,-7.876958265044E0));
#856=CARTESIAN_POINT('',(-5.745606495590E1,2.782462183390E1,-7.791876464399E0));
#857=CARTESIAN_POINT('',(-5.744487367803E1,2.784063972360E1,-7.703409145562E0));
#858=CARTESIAN_POINT('',(-5.746666958541E1,2.786848101353E1,-7.617046523264E0));
#859=CARTESIAN_POINT('',(-5.750056786223E1,2.789160269313E1,-7.571139094514E0));
#860=CARTESIAN_POINT('',(-5.752322330470E1,2.790464833010E1,-7.551005082714E0));
#862=DIRECTION('',(-1.143142928028E-11,2.225209339565E-1,9.749279121818E-1));
#863=VECTOR('',#862,1.634727687352E-1);
#864=CARTESIAN_POINT('',(-5.7575E1,2.779904841099E1,-8.098280054950E0));
#865=LINE('',#864,#863);
#866=CARTESIAN_POINT('',(-5.752322330470E1,2.279894375690E1,-3.479341554093E0));
#867=CARTESIAN_POINT('',(-5.751138681216E1,2.281153610997E1,-3.478054659659E0));
#868=CARTESIAN_POINT('',(-5.748774806180E1,2.283669139244E1,-3.475481223187E0));
#869=CARTESIAN_POINT('',(-5.745239273204E1,2.287433605528E1,-3.471622083819E0));
#870=CARTESIAN_POINT('',(-5.742889100923E1,2.289937376467E1,-3.469049962606E0));
#871=CARTESIAN_POINT('',(-5.741715728752E1,2.291187793806E1,-3.467764054481E0));
#873=CARTESIAN_POINT('',(-5.741715728753E1,2.789080533816E1,-7.438326161243E0));
#874=CARTESIAN_POINT('',(-5.742889091176E1,2.789233409807E1,-7.450802866733E0));
#875=CARTESIAN_POINT('',(-5.745239250456E1,2.789539786282E1,-7.475785041165E0));
#876=CARTESIAN_POINT('',(-5.748774783357E1,2.790001220552E1,-7.513344612404E0));
#877=CARTESIAN_POINT('',(-5.751138671432E1,2.790310088445E1,-7.538441981432E0));
#878=CARTESIAN_POINT('',(-5.752322330470E1,2.790464833010E1,-7.551005082714E0));
#880=CARTESIAN_POINT('',(-5.7575E1,2.228888830345E1,-3.704074000705E0));
#881=CARTESIAN_POINT('',(-5.752845734019E1,2.231021075875E1,-3.712590480417E0));
#882=CARTESIAN_POINT('',(-5.744729528862E1,2.236355678644E1,-3.719657767273E0));
#883=CARTESIAN_POINT('',(-5.735370691536E1,2.247314098970E1,-3.704657497131E0));
#884=CARTESIAN_POINT('',(-5.730247606719E1,2.259554781845E1,-3.666386482758E0));
#885=CARTESIAN_POINT('',(-5.729499475019E1,2.271791157792E1,-3.610478696115E0));
#886=CARTESIAN_POINT('',(-5.733247738104E1,2.282928507118E1,-3.541715885199E0));
#887=CARTESIAN_POINT('',(-5.738374503405E1,2.288726459338E1,-3.493102556767E0));
#888=CARTESIAN_POINT('',(-5.741715728752E1,2.291187793806E1,-3.467764054481E0));
#890=DIRECTION('',(1.147489479085E-11,-9.009688679025E-1,-4.338837391173E-1));
#891=VECTOR('',#890,1.634727687352E-1);
#892=CARTESIAN_POINT('',(-5.7575E1,2.234939515491E1,-3.452951477659E0));
#893=LINE('',#892,#891);
#894=DIRECTION('',(0.E0,9.009688679024E-1,4.338837391175E-1));
#895=VECTOR('',#894,1.634727687450E-1);
#896=CARTESIAN_POINT('',(-5.7575E1,2.228888830345E1,-3.704074000705E0));
#897=LINE('',#896,#895);
#898=CARTESIAN_POINT('',(-5.7575E1,2.234939515491E1,-3.452951477659E0));
#899=CARTESIAN_POINT('',(-5.754661652876E1,2.235979628740E1,-3.436486855833E0));
#900=CARTESIAN_POINT('',(-5.750026481815E1,2.238926344465E1,-3.403588455802E0));
#901=CARTESIAN_POINT('',(-5.745606495590E1,2.245761202134E1,-3.352834246981E0));
#902=CARTESIAN_POINT('',(-5.744487367803E1,2.253676554726E1,-3.310199066343E0));
#903=CARTESIAN_POINT('',(-5.746666958541E1,2.262164532462E1,-3.278120049054E0));
#904=CARTESIAN_POINT('',(-5.750056786223E1,2.267195332913E1,-3.267574492436E0));
#905=CARTESIAN_POINT('',(-5.752322330470E1,2.269582855503E1,-3.265220631101E0));
#907=CARTESIAN_POINT('',(-5.752322330470E1,2.269582855503E1,3.265220631102E0));
#908=CARTESIAN_POINT('',(-5.751138681216E1,2.270468589333E1,3.256177898592E0));
#909=CARTESIAN_POINT('',(-5.748774806180E1,2.272238194907E1,3.238115218198E0));
#910=CARTESIAN_POINT('',(-5.745239273204E1,2.274887020910E1,3.211089569686E0));
#911=CARTESIAN_POINT('',(-5.742889100923E1,2.276649193091E1,3.193117991580E0));
#912=CARTESIAN_POINT('',(-5.741715728752E1,2.277529351895E1,3.184143585763E0));
#914=CARTESIAN_POINT('',(-5.741715728753E1,2.277529351895E1,-3.184143585768E0));
#915=CARTESIAN_POINT('',(-5.742889091176E1,2.276649200401E1,-3.193117917036E0));
#916=CARTESIAN_POINT('',(-5.745239250456E1,2.274887037962E1,-3.211089395754E0));
#917=CARTESIAN_POINT('',(-5.748774783357E1,2.272238211997E1,-3.238115043782E0));
#918=CARTESIAN_POINT('',(-5.751138671432E1,2.270468596655E1,-3.256177823843E0));
#919=CARTESIAN_POINT('',(-5.752322330470E1,2.269582855503E1,-3.265220631101E0));
#921=CARTESIAN_POINT('',(-5.7575E1,2.220211127953E1,3.523879653801E0));
#922=CARTESIAN_POINT('',(-5.752845734019E1,2.220874716100E1,3.501899148716E0));
#923=CARTESIAN_POINT('',(-5.744729528862E1,2.223648243788E1,3.455785163526E0));
#924=CARTESIAN_POINT('',(-5.735370691536E1,2.231653475450E1,3.379461298894E0));
#925=CARTESIAN_POINT('',(-5.730247606719E1,2.242277564780E1,3.307621373675E0));
#926=CARTESIAN_POINT('',(-5.729499475019E1,2.254277867166E1,3.246811469022E0));
#927=CARTESIAN_POINT('',(-5.733247738104E1,2.266597983930E1,3.202609077038E0));
#928=CARTESIAN_POINT('',(-5.738374503405E1,2.274013691075E1,3.187588775754E0));
#929=CARTESIAN_POINT('',(-5.741715728752E1,2.277529351895E1,3.184143585763E0));
#931=DIRECTION('',(1.143142928028E-11,-9.009688679023E-1,4.338837391178E-1));
#932=VECTOR('',#931,1.634727687353E-1);
#933=CARTESIAN_POINT('',(-5.7575E1,2.243617217883E1,3.633145824562E0));
#934=LINE('',#933,#932);
#935=DIRECTION('',(0.E0,9.009688679024E-1,-4.338837391175E-1));
#936=VECTOR('',#935,1.634727687450E-1);
#937=CARTESIAN_POINT('',(-5.7575E1,2.220211127953E1,3.523879653801E0));
#938=LINE('',#937,#936);
#939=CARTESIAN_POINT('',(-5.7575E1,2.243617217883E1,3.633145824562E0));
#940=CARTESIAN_POINT('',(-5.754661652876E1,2.245552973856E1,3.635279415528E0));
#941=CARTESIAN_POINT('',(-5.750026481815E1,2.249962321546E1,3.632752881210E0));
#942=CARTESIAN_POINT('',(-5.745606495590E1,2.258191909432E1,3.610960543769E0));
#943=CARTESIAN_POINT('',(-5.744487367803E1,2.266460403700E1,3.575658425587E0));
#944=CARTESIAN_POINT('',(-5.746666958541E1,2.274260609821E1,3.529297683556E0));
#945=CARTESIAN_POINT('',(-5.750056786223E1,2.278221747413E1,3.496540348818E0));
#946=CARTESIAN_POINT('',(-5.752322330470E1,2.279894375690E1,3.479341554093E0));
#948=CARTESIAN_POINT('',(-5.752322330470E1,2.790464833010E1,7.551005082714E0));
#949=CARTESIAN_POINT('',(-5.751138681216E1,2.790310089724E1,7.538442085279E0));
#950=CARTESIAN_POINT('',(-5.748774806180E1,2.790001223533E1,7.513344854767E0));
#951=CARTESIAN_POINT('',(-5.745239273204E1,2.789539789249E1,7.475785282927E0));
#952=CARTESIAN_POINT('',(-5.742889100923E1,2.789233411077E1,7.450802970370E0));
#953=CARTESIAN_POINT('',(-5.741715728752E1,2.789080533816E1,7.438326161235E0));
#955=CARTESIAN_POINT('',(-5.741715728753E1,2.291187793805E1,3.467764054482E0));
#956=CARTESIAN_POINT('',(-5.742889091176E1,2.289937386853E1,3.469049951925E0));
#957=CARTESIAN_POINT('',(-5.745239250456E1,2.287433629758E1,3.471622058946E0));
#958=CARTESIAN_POINT('',(-5.748774783357E1,2.283669163536E1,3.475481198317E0));
#959=CARTESIAN_POINT('',(-5.751138671432E1,2.281153621406E1,3.478054649022E0));
#960=CARTESIAN_POINT('',(-5.752322330470E1,2.279894375690E1,3.479341554093E0));
#962=CARTESIAN_POINT('',(-5.7575E1,2.779904841099E1,8.098280054950E0));
#963=CARTESIAN_POINT('',(-5.752845734019E1,2.778600076454E1,8.079387293141E0));
#964=CARTESIAN_POINT('',(-5.744729528862E1,2.776724006142E1,8.028951381018E0));
#965=CARTESIAN_POINT('',(-5.735370691536E1,2.775747946421E1,7.918776808404E0));
#966=CARTESIAN_POINT('',(-5.730247606719E1,2.776755286250E1,7.790922872551E0));
#967=CARTESIAN_POINT('',(-5.729499475019E1,2.779483042616E1,7.659186375102E0));
#968=CARTESIAN_POINT('',(-5.733247738104E1,2.783708627611E1,7.535304082945E0));
#969=CARTESIAN_POINT('',(-5.738374503405E1,2.787157910947E1,7.467960745170E0));
#970=CARTESIAN_POINT('',(-5.741715728752E1,2.789080533816E1,7.438326161235E0));
#972=DIRECTION('',(0.E0,-2.225209339563E-1,9.749279121818E-1));
#973=VECTOR('',#972,1.634727687450E-1);
#974=CARTESIAN_POINT('',(-5.7575E1,2.783542452417E1,7.938905889819E0));
#975=LINE('',#974,#973);
#976=CARTESIAN_POINT('',(-5.7575E1,2.803041072699E1,7.983410218219E0));
#977=CARTESIAN_POINT('',(-5.754661652876E1,2.804414807666E1,7.969606140810E0));
#978=CARTESIAN_POINT('',(-5.750026481815E1,2.806966458576E1,7.933557204017E0));
#979=CARTESIAN_POINT('',(-5.745606495590E1,2.810393729148E1,7.855628394889E0));
#980=CARTESIAN_POINT('',(-5.744487367803E1,2.812789020261E1,7.768972192911E0));
#981=CARTESIAN_POINT('',(-5.746666958541E1,2.814027740463E1,7.679082275896E0));
#982=CARTESIAN_POINT('',(-5.750056786223E1,2.813936397798E1,7.627688990988E0));
#983=CARTESIAN_POINT('',(-5.752322330470E1,2.813634608553E1,7.603888583422E0));
#985=DIRECTION('',(-1.069251560048E-11,2.225209339456E-1,-9.749279121843E-1));
#986=VECTOR('',#985,1.634727687366E-1);
#987=CARTESIAN_POINT('',(-5.7575E1,2.799403461382E1,8.142784383342E0));
#988=LINE('',#987,#986);
#989=CARTESIAN_POINT('',(-5.752322330470E1,3.450305555092E1,6.150728694610E0));
#990=CARTESIAN_POINT('',(-5.751138681216E1,3.449226859540E1,6.144105625556E0));
#991=CARTESIAN_POINT('',(-5.748774806180E1,3.447072104126E1,6.130872571392E0));
#992=CARTESIAN_POINT('',(-5.745239273204E1,3.443847878982E1,6.111062199896E0));
#993=CARTESIAN_POINT('',(-5.742889100923E1,3.441703659471E1,6.097881343789E0));
#994=CARTESIAN_POINT('',(-5.741715728752E1,3.440632865839E1,6.091297423096E0));
#996=CARTESIAN_POINT('',(-5.741715728752E1,2.819770774208E1,7.508374632205E0));
#997=CARTESIAN_POINT('',(-5.742889091176E1,2.819091693736E1,7.518952451358E0));
#998=CARTESIAN_POINT('',(-5.745239250454E1,2.817731722145E1,7.540131295063E0));
#999=CARTESIAN_POINT('',(-5.748774783356E1,2.815686335512E1,7.571969211184E0));
#1000=CARTESIAN_POINT('',(-5.751138671432E1,2.814319121125E1,7.593241031787E0));
#1001=CARTESIAN_POINT('',(-5.752322330470E1,2.813634608553E1,7.603888583422E0));
#1003=CARTESIAN_POINT('',(-5.7575E1,3.486509188114E1,6.574510399913E0));
#1004=CARTESIAN_POINT('',(-5.752845734019E1,3.484218585066E1,6.572932016365E0));
#1005=CARTESIAN_POINT('',(-5.744729528862E1,3.479105635965E1,6.556153447844E0));
#1006=CARTESIAN_POINT('',(-5.735370691536E1,3.469883277739E1,6.495091867577E0));
#1007=CARTESIAN_POINT('',(-5.730247606719E1,3.460515320628E1,6.407500542532E0));
#1008=CARTESIAN_POINT('',(-5.729499475019E1,3.451916474795E1,6.304037721800E0));
#1009=CARTESIAN_POINT('',(-5.733247738104E1,3.444865576333E1,6.193761422204E0));
#1010=CARTESIAN_POINT('',(-5.738374503405E1,3.441751055157E1,6.124805954836E0));
#1011=CARTESIAN_POINT('',(-5.741715728752E1,3.440632865839E1,6.091297423096E0));
#1013=CARTESIAN_POINT('',(-5.77E1,2.975E1,-7.95E0));
#1014=DIRECTION('',(0.E0,-1.E0,0.E0));
#1015=DIRECTION('',(0.E0,0.E0,-1.E0));
#1016=AXIS2_PLACEMENT_3D('',#1013,#1014,#1015);
#1018=CARTESIAN_POINT('',(-5.77E1,2.975E1,0.E0));
#1019=DIRECTION('',(-1.E0,0.E0,0.E0));
#1020=DIRECTION('',(0.E0,0.E0,1.E0));
#1021=AXIS2_PLACEMENT_3D('',#1018,#1019,#1020);
#1023=CARTESIAN_POINT('',(-5.752322330470E1,2.975E1,0.E0));
#1024=DIRECTION('',(1.E0,0.E0,0.E0));
#1025=DIRECTION('',(0.E0,6.114652010626E-1,7.912713238134E-1));
#1026=AXIS2_PLACEMENT_3D('',#1023,#1024,#1025);
#1028=CARTESIAN_POINT('',(-5.7575E1,3.476316827694E1,6.446702242782E0));
#1029=CARTESIAN_POINT('',(-5.754644848505E1,3.474469325064E1,6.440187266674E0));
#1030=CARTESIAN_POINT('',(-5.749998133963E1,3.470579980751E1,6.418517259834E0));
#1031=CARTESIAN_POINT('',(-5.745613137748E1,3.464168237998E1,6.363690968741E0));
#1032=CARTESIAN_POINT('',(-5.744490478102E1,3.458189603575E1,6.295268902669E0));
#1033=CARTESIAN_POINT('',(-5.746658660945E1,3.453237094836E1,6.220521010209E0));
#1034=CARTESIAN_POINT('',(-5.750046772084E1,3.451069676057E1,6.173582107238E0));
#1035=CARTESIAN_POINT('',(-5.752322330470E1,3.450305555092E1,6.150728694610E0));
#1037=CARTESIAN_POINT('',(-5.7575E1,3.476316827694E1,6.446702242782E0));
#1038=CARTESIAN_POINT('',(-5.759196261612E1,3.476927480171E1,6.454359582644E0));
#1039=CARTESIAN_POINT('',(-5.762668067138E1,3.478540591322E1,6.460015777365E0));
#1040=CARTESIAN_POINT('',(-5.766501061583E1,3.481944569778E1,6.442710274202E0));
#1041=CARTESIAN_POINT('',(-5.767999374447E1,3.486210627001E1,6.410388233408E0));
#1042=CARTESIAN_POINT('',(-5.766501631440E1,3.490311376282E1,6.375988070921E0));
#1043=CARTESIAN_POINT('',(-5.762668778423E1,3.492756555167E1,6.346650264421E0));
#1044=CARTESIAN_POINT('',(-5.759196517128E1,3.492564251558E1,6.329662378988E0));
#1045=CARTESIAN_POINT('',(-5.7575E1,3.491953507095E1,6.322003885666E0));
#1047=CARTESIAN_POINT('',(-5.752322330470E1,2.975E1,0.E0));
#1048=DIRECTION('',(1.E0,0.E0,0.E0));
#1049=DIRECTION('',(0.E0,9.998831491855E-1,1.528685627651E-2));
#1050=AXIS2_PLACEMENT_3D('',#1047,#1048,#1049);
#1052=CARTESIAN_POINT('',(-5.7575E1,3.791589406718E1,1.000003181701E-1));
#1053=CARTESIAN_POINT('',(-5.754644848505E1,3.789928146326E1,
1.103826542079E-1));
#1054=CARTESIAN_POINT('',(-5.749998133963E1,3.785808950454E1,
1.272797442382E-1));
#1055=CARTESIAN_POINT('',(-5.745613137748E1,3.777524802191E1,
1.432251342864E-1));
#1056=CARTESIAN_POINT('',(-5.744490478102E1,3.768447732064E1,
1.473075200080E-1));
#1057=CARTESIAN_POINT('',(-5.746658660945E1,3.759515867814E1,
1.394232438461E-1));
#1058=CARTESIAN_POINT('',(-5.750046772084E1,3.754494673100E1,
1.271028789040E-1));
#1059=CARTESIAN_POINT('',(-5.752322330470E1,3.752231499723E1,
1.188281474642E-1));
#1061=CARTESIAN_POINT('',(-5.752322330470E1,2.975E1,0.E0));
#1062=DIRECTION('',(1.E0,0.E0,0.E0));
#1063=DIRECTION('',(0.E0,6.353686920725E-1,-7.722089258316E-1));
#1064=AXIS2_PLACEMENT_3D('',#1061,#1062,#1063);
#1066=CARTESIAN_POINT('',(-5.7575E1,3.491953507095E1,-6.322003885659E0));
#1067=CARTESIAN_POINT('',(-5.754644848505E1,3.491729451900E1,
-6.302542348273E0));
#1068=CARTESIAN_POINT('',(-5.749998133963E1,3.490482242976E1,
-6.259802014803E0));
#1069=CARTESIAN_POINT('',(-5.745613137748E1,3.486563821811E1,
-6.185092147546E0));
#1070=CARTESIAN_POINT('',(-5.744490478102E1,3.481223534925E1,
-6.111579429745E0));
#1071=CARTESIAN_POINT('',(-5.746658660945E1,3.475038191121E1,
-6.046663068848E0));
#1072=CARTESIAN_POINT('',(-5.750046772084E1,3.470944282505E1,
-6.015087409671E0));
#1073=CARTESIAN_POINT('',(-5.752322330470E1,3.468886272430E1,
-6.002552418375E0));
#1075=CARTESIAN_POINT('',(-5.7575E1,3.491953507095E1,-6.322003885659E0));
#1076=CARTESIAN_POINT('',(-5.759196261612E1,3.492564159572E1,
-6.329661225520E0));
#1077=CARTESIAN_POINT('',(-5.762668067138E1,3.492756646783E1,
-6.346646518116E0));
#1078=CARTESIAN_POINT('',(-5.766501061583E1,3.490312028511E1,
-6.375982017485E0));
#1079=CARTESIAN_POINT('',(-5.767999374447E1,3.486211575498E1,
-6.410380669392E0));
#1080=CARTESIAN_POINT('',(-5.766501631440E1,3.481945305079E1,
-6.442705262461E0));
#1081=CARTESIAN_POINT('',(-5.762668778423E1,3.478540976946E1,
-6.460015717805E0));
#1082=CARTESIAN_POINT('',(-5.759196517128E1,3.476927572157E1,
-6.454360736112E0));
#1083=CARTESIAN_POINT('',(-5.7575E1,3.476316827695E1,-6.446702242790E0));
#1085=CARTESIAN_POINT('',(-5.752322330470E1,2.975E1,0.E0));
#1086=DIRECTION('',(1.E0,0.E0,0.E0));
#1087=DIRECTION('',(0.E0,0.E0,-1.E0));
#1088=AXIS2_PLACEMENT_3D('',#1085,#1086,#1087);
#1090=DIRECTION('',(1.E0,0.E0,0.E0));
#1091=VECTOR('',#1090,4.5E-1);
#1092=CARTESIAN_POINT('',(-5.815E1,2.975E1,-8.2E0));
#1093=LINE('',#1092,#1091);
#1094=DIRECTION('',(1.E0,0.E0,0.E0));
#1095=VECTOR('',#1094,4.5E-1);
#1096=CARTESIAN_POINT('',(-5.815E1,2.975E1,8.2E0));
#1097=LINE('',#1096,#1095);
#1098=CARTESIAN_POINT('',(-5.815E1,2.975E1,0.E0));
#1099=DIRECTION('',(1.E0,0.E0,0.E0));
#1100=DIRECTION('',(0.E0,0.E0,-1.E0));
#1101=AXIS2_PLACEMENT_3D('',#1098,#1099,#1100);
#1103=CARTESIAN_POINT('',(-5.815E1,2.975E1,0.E0));
#1104=DIRECTION('',(1.E0,0.E0,0.E0));
#1105=DIRECTION('',(0.E0,0.E0,1.E0));
#1106=AXIS2_PLACEMENT_3D('',#1103,#1104,#1105);
#1108=CARTESIAN_POINT('',(-5.815E1,2.975E1,0.E0));
#1109=DIRECTION('',(-1.E0,0.E0,0.E0));
#1110=DIRECTION('',(0.E0,0.E0,1.E0));
#1111=AXIS2_PLACEMENT_3D('',#1108,#1109,#1110);
#1113=CARTESIAN_POINT('',(-5.815E1,2.975E1,0.E0));
#1114=DIRECTION('',(-1.E0,0.E0,0.E0));
#1115=DIRECTION('',(0.E0,0.E0,-1.E0));
#1116=AXIS2_PLACEMENT_3D('',#1113,#1114,#1115);
#1118=DIRECTION('',(8.407643312102E-1,0.E0,-5.414012738854E-1));
#1119=VECTOR('',#1118,5.5E-1);
#1120=CARTESIAN_POINT('',(-5.815E1,2.975E1,7.5E0));
#1121=LINE('',#1120,#1119);
#1122=CARTESIAN_POINT('',(-5.785E1,2.975E1,6.95E0));
#1123=DIRECTION('',(0.E0,1.E0,0.E0));
#1124=DIRECTION('',(5.414012738854E-1,0.E0,8.407643312102E-1));
#1125=AXIS2_PLACEMENT_3D('',#1122,#1123,#1124);
#1127=CARTESIAN_POINT('',(-5.768757961783E1,2.975E1,0.E0));
#1128=DIRECTION('',(1.E0,0.E0,0.E0));
#1129=DIRECTION('',(0.E0,0.E0,-1.E0));
#1130=AXIS2_PLACEMENT_3D('',#1127,#1128,#1129);
#1132=CARTESIAN_POINT('',(-5.755E1,2.975E1,0.E0));
#1133=DIRECTION('',(1.E0,0.E0,0.E0));
#1134=DIRECTION('',(0.E0,0.E0,-1.E0));
#1135=AXIS2_PLACEMENT_3D('',#1132,#1133,#1134);
#1137=CARTESIAN_POINT('',(-5.755E1,2.975E1,0.E0));
#1138=DIRECTION('',(1.E0,0.E0,0.E0));
#1139=DIRECTION('',(0.E0,0.E0,1.E0));
#1140=AXIS2_PLACEMENT_3D('',#1137,#1138,#1139);
#1142=CARTESIAN_POINT('',(-5.755E1,2.975E1,0.E0));
#1143=DIRECTION('',(-1.E0,0.E0,0.E0));
#1144=DIRECTION('',(0.E0,0.E0,1.E0));
#1145=AXIS2_PLACEMENT_3D('',#1142,#1143,#1144);
#1147=CARTESIAN_POINT('',(-5.755E1,2.975E1,0.E0));
#1148=DIRECTION('',(-1.E0,0.E0,0.E0));
#1149=DIRECTION('',(0.E0,0.E0,-1.E0));
#1150=AXIS2_PLACEMENT_3D('',#1147,#1148,#1149);
#1152=CARTESIAN_POINT('',(-5.785E1,2.975E1,-6.95E0));
#1153=DIRECTION('',(0.E0,-1.E0,0.E0));
#1154=DIRECTION('',(5.414012738854E-1,0.E0,-8.407643312102E-1));
#1155=AXIS2_PLACEMENT_3D('',#1152,#1153,#1154);
#1157=CARTESIAN_POINT('',(-5.768757961783E1,2.975E1,0.E0));
#1158=DIRECTION('',(1.E0,0.E0,0.E0));
#1159=DIRECTION('',(0.E0,0.E0,1.E0));
#1160=AXIS2_PLACEMENT_3D('',#1157,#1158,#1159);
#1162=DIRECTION('',(8.407643312102E-1,0.E0,5.414012738854E-1));
#1163=VECTOR('',#1162,5.5E-1);
#1164=CARTESIAN_POINT('',(-5.815E1,2.975E1,-7.5E0));
#1165=LINE('',#1164,#1163);
#1166=DIRECTION('',(1.E0,0.E0,0.E0));
#1167=VECTOR('',#1166,3.E-1);
#1168=CARTESIAN_POINT('',(-5.785E1,2.975E1,-5.1E0));
#1169=LINE('',#1168,#1167);
#1170=DIRECTION('',(1.E0,0.E0,0.E0));
#1171=VECTOR('',#1170,3.E-1);
#1172=CARTESIAN_POINT('',(-5.785E1,2.975E1,5.1E0));
#1173=LINE('',#1172,#1171);
#1174=CARTESIAN_POINT('',(-5.785E1,2.975E1,0.E0));
#1175=DIRECTION('',(-1.E0,0.E0,0.E0));
#1176=DIRECTION('',(0.E0,0.E0,1.E0));
#1177=AXIS2_PLACEMENT_3D('',#1174,#1175,#1176);
#1179=CARTESIAN_POINT('',(-5.785E1,2.975E1,0.E0));
#1180=DIRECTION('',(-1.E0,0.E0,0.E0));
#1181=DIRECTION('',(0.E0,0.E0,-1.E0));
#1182=AXIS2_PLACEMENT_3D('',#1179,#1180,#1181);
#1184=CARTESIAN_POINT('',(-5.785E1,2.975E1,0.E0));
#1185=DIRECTION('',(1.E0,0.E0,0.E0));
#1186=DIRECTION('',(0.E0,0.E0,-1.E0));
#1187=AXIS2_PLACEMENT_3D('',#1184,#1185,#1186);
#1189=CARTESIAN_POINT('',(-5.785E1,2.975E1,0.E0));
#1190=DIRECTION('',(1.E0,0.E0,0.E0));
#1191=DIRECTION('',(0.E0,0.E0,1.E0));
#1192=AXIS2_PLACEMENT_3D('',#1189,#1190,#1191);
#1194=DIRECTION('',(1.E0,-2.368475785867E-14,0.E0));
#1195=VECTOR('',#1194,1.5E-1);
#1196=CARTESIAN_POINT('',(-5.785E1,2.975E1,5.25E0));
#1197=LINE('',#1196,#1195);
#1198=CARTESIAN_POINT('',(-5.77E1,2.975E1,0.E0));
#1199=DIRECTION('',(-1.E0,0.E0,0.E0));
#1200=DIRECTION('',(0.E0,0.E0,1.E0));
#1201=AXIS2_PLACEMENT_3D('',#1198,#1199,#1200);
#1203=CARTESIAN_POINT('',(-5.77E1,2.975E1,0.E0));
#1204=DIRECTION('',(-1.E0,0.E0,0.E0));
#1205=DIRECTION('',(0.E0,0.E0,-1.E0));
#1206=AXIS2_PLACEMENT_3D('',#1203,#1204,#1205);
#1208=CARTESIAN_POINT('',(-5.77E1,2.975E1,0.E0));
#1209=DIRECTION('',(1.E0,0.E0,0.E0));
#1210=DIRECTION('',(0.E0,0.E0,-1.E0));
#1211=AXIS2_PLACEMENT_3D('',#1208,#1209,#1210);
#1213=CARTESIAN_POINT('',(-5.77E1,2.975E1,0.E0));
#1214=DIRECTION('',(1.E0,0.E0,0.E0));
#1215=DIRECTION('',(0.E0,0.E0,1.E0));
#1216=AXIS2_PLACEMENT_3D('',#1213,#1214,#1215);
#1218=CARTESIAN_POINT('',(-5.785E1,2.975E1,-6.95E0));
#1219=DIRECTION('',(0.E0,-1.E0,0.E0));
#1220=DIRECTION('',(5.414012738854E-1,0.E0,-8.407643312102E-1));
#1221=AXIS2_PLACEMENT_3D('',#1218,#1219,#1220);
#1223=CARTESIAN_POINT('',(-5.776878980892E1,2.975E1,0.E0));
#1224=DIRECTION('',(-1.E0,0.E0,0.E0));
#1225=DIRECTION('',(0.E0,0.E0,1.E0));
#1226=AXIS2_PLACEMENT_3D('',#1223,#1224,#1225);
#1228=CARTESIAN_POINT('',(-5.785E1,2.975E1,6.95E0));
#1229=DIRECTION('',(0.E0,1.E0,0.E0));
#1230=DIRECTION('',(5.414012738854E-1,0.E0,8.407643312102E-1));
#1231=AXIS2_PLACEMENT_3D('',#1228,#1229,#1230);
#1233=CARTESIAN_POINT('',(-5.776878980892E1,2.975E1,0.E0));
#1234=DIRECTION('',(-1.E0,0.E0,0.E0));
#1235=DIRECTION('',(0.E0,0.E0,-1.E0));
#1236=AXIS2_PLACEMENT_3D('',#1233,#1234,#1235);
#1238=DIRECTION('',(8.407643312102E-1,0.E0,-5.414012738854E-1));
#1239=VECTOR('',#1238,5.5E-1);
#1240=CARTESIAN_POINT('',(-5.823121019108E1,2.975E1,7.373885350318E0));
#1241=LINE('',#1240,#1239);
#1242=DIRECTION('',(8.407643312102E-1,0.E0,5.414012738854E-1));
#1243=VECTOR('',#1242,5.5E-1);
#1244=CARTESIAN_POINT('',(-5.823121019108E1,2.975E1,-7.373885350318E0));
#1245=LINE('',#1244,#1243);
#1246=CARTESIAN_POINT('',(-5.815E1,2.975E1,7.5E0));
#1247=DIRECTION('',(0.E0,1.E0,0.E0));
#1248=DIRECTION('',(-5.414012738854E-1,0.E0,-8.407643312102E-1));
#1249=AXIS2_PLACEMENT_3D('',#1246,#1247,#1248);
#1251=CARTESIAN_POINT('',(-5.823121019108E1,2.975E1,0.E0));
#1252=DIRECTION('',(1.E0,0.E0,0.E0));
#1253=DIRECTION('',(0.E0,0.E0,-1.E0));
#1254=AXIS2_PLACEMENT_3D('',#1251,#1252,#1253);
#1256=CARTESIAN_POINT('',(-5.83E1,2.975E1,0.E0));
#1257=DIRECTION('',(1.E0,0.E0,0.E0));
#1258=DIRECTION('',(0.E0,0.E0,-1.E0));
#1259=AXIS2_PLACEMENT_3D('',#1256,#1257,#1258);
#1261=CARTESIAN_POINT('',(-5.83E1,2.975E1,0.E0));
#1262=DIRECTION('',(1.E0,0.E0,0.E0));
#1263=DIRECTION('',(0.E0,0.E0,1.E0));
#1264=AXIS2_PLACEMENT_3D('',#1261,#1262,#1263);
#1266=CARTESIAN_POINT('',(-5.83E1,2.975E1,0.E0));
#1267=DIRECTION('',(-1.E0,0.E0,0.E0));
#1268=DIRECTION('',(0.E0,0.E0,-1.E0));
#1269=AXIS2_PLACEMENT_3D('',#1266,#1267,#1268);
#1271=DIRECTION('',(1.E0,0.E0,0.E0));
#1272=VECTOR('',#1271,5.699637685915E-1);
#1273=CARTESIAN_POINT('',(-5.886996376859E1,2.975E1,7.7E0));
#1274=LINE('',#1273,#1272);
#1275=CARTESIAN_POINT('',(-5.83E1,2.975E1,0.E0));
#1276=DIRECTION('',(-1.E0,0.E0,0.E0));
#1277=DIRECTION('',(0.E0,0.E0,1.E0));
#1278=AXIS2_PLACEMENT_3D('',#1275,#1276,#1277);
#1280=DIRECTION('',(1.E0,0.E0,0.E0));
#1281=VECTOR('',#1280,5.699637685915E-1);
#1282=CARTESIAN_POINT('',(-5.886996376859E1,2.975E1,-7.7E0));
#1283=LINE('',#1282,#1281);
#1284=CARTESIAN_POINT('',(-6.163003623141E1,2.975E1,0.E0));
#1285=DIRECTION('',(-1.E0,0.E0,0.E0));
#1286=DIRECTION('',(0.E0,0.E0,1.E0));
#1287=AXIS2_PLACEMENT_3D('',#1284,#1285,#1286);
#1289=CARTESIAN_POINT('',(-5.886996376859E1,2.975E1,0.E0));
#1290=DIRECTION('',(1.E0,0.E0,0.E0));
#1291=DIRECTION('',(0.E0,0.E0,-1.E0));
#1292=AXIS2_PLACEMENT_3D('',#1289,#1290,#1291);
#1294=CARTESIAN_POINT('',(-5.886996376859E1,2.975E1,0.E0));
#1295=DIRECTION('',(1.E0,0.E0,0.E0));
#1296=DIRECTION('',(0.E0,0.E0,1.E0));
#1297=AXIS2_PLACEMENT_3D('',#1294,#1295,#1296);
#1299=CARTESIAN_POINT('',(-6.025E1,2.975E1,6.56E0));
#1300=DIRECTION('',(0.E0,-1.E0,0.E0));
#1301=DIRECTION('',(7.709699616807E-1,0.E0,6.368715083799E-1));
#1302=AXIS2_PLACEMENT_3D('',#1299,#1300,#1301);
#1304=CARTESIAN_POINT('',(-6.163003623141E1,2.975E1,0.E0));
#1305=DIRECTION('',(-1.E0,0.E0,0.E0));
#1306=DIRECTION('',(0.E0,0.E0,-1.E0));
#1307=AXIS2_PLACEMENT_3D('',#1304,#1305,#1306);
#1309=CARTESIAN_POINT('',(-6.025E1,2.975E1,-6.56E0));
#1310=DIRECTION('',(0.E0,-1.E0,0.E0));
#1311=DIRECTION('',(-7.709699616807E-1,0.E0,-6.368715083799E-1));
#1312=AXIS2_PLACEMENT_3D('',#1309,#1310,#1311);
#1314=DIRECTION('',(1.E0,0.E0,0.E0));
#1315=VECTOR('',#1314,5.699637685916E-1);
#1316=CARTESIAN_POINT('',(-6.22E1,2.975E1,7.7E0));
#1317=LINE('',#1316,#1315);
#1318=CARTESIAN_POINT('',(-6.22E1,2.975E1,0.E0));
#1319=DIRECTION('',(-1.E0,0.E0,0.E0));
#1320=DIRECTION('',(0.E0,0.E0,-1.E0));
#1321=AXIS2_PLACEMENT_3D('',#1318,#1319,#1320);
#1323=CARTESIAN_POINT('',(-6.22E1,2.975E1,0.E0));
#1324=DIRECTION('',(-1.E0,0.E0,0.E0));
#1325=DIRECTION('',(0.E0,0.E0,1.E0));
#1326=AXIS2_PLACEMENT_3D('',#1323,#1324,#1325);
#1328=CARTESIAN_POINT('',(-6.22E1,2.975E1,0.E0));
#1329=DIRECTION('',(-1.E0,0.E0,0.E0));
#1330=DIRECTION('',(0.E0,9.242245927363E-1,3.818493186866E-1));
#1331=AXIS2_PLACEMENT_3D('',#1328,#1329,#1330);
#1333=CARTESIAN_POINT('',(-6.22E1,2.975E1,0.E0));
#1334=DIRECTION('',(-1.E0,0.E0,0.E0));
#1335=DIRECTION('',(0.E0,-9.242245927363E-1,-3.818493186866E-1));
#1336=AXIS2_PLACEMENT_3D('',#1333,#1334,#1335);
#1338=DIRECTION('',(1.E0,0.E0,0.E0));
#1339=VECTOR('',#1338,5.699637685916E-1);
#1340=CARTESIAN_POINT('',(-6.22E1,2.975E1,-7.7E0));
#1341=LINE('',#1340,#1339);
#1342=CARTESIAN_POINT('',(-6.235E1,2.281831555448E1,-2.863869890149E0));
#1343=DIRECTION('',(0.E0,3.818493186866E-1,-9.242245927363E-1));
#1344=DIRECTION('',(5.414012738854E-1,7.770550715999E-1,3.210452870486E-1));
#1345=AXIS2_PLACEMENT_3D('',#1342,#1343,#1344);
#1347=CARTESIAN_POINT('',(-6.226878980892E1,2.975E1,0.E0));
#1348=DIRECTION('',(-1.E0,0.E0,0.E0));
#1349=DIRECTION('',(0.E0,9.242245927363E-1,3.818493186866E-1));
#1350=AXIS2_PLACEMENT_3D('',#1347,#1348,#1349);
#1352=CARTESIAN_POINT('',(-6.235E1,3.668168444552E1,2.863869890149E0));
#1353=DIRECTION('',(0.E0,-3.818493186866E-1,9.242245927363E-1));
#1354=DIRECTION('',(5.414012738854E-1,-7.770550715999E-1,-3.210452870486E-1));
#1355=AXIS2_PLACEMENT_3D('',#1352,#1353,#1354);
#1357=CARTESIAN_POINT('',(-6.226878980892E1,2.975E1,0.E0));
#1358=DIRECTION('',(-1.E0,0.E0,0.E0));
#1359=DIRECTION('',(0.E0,-9.242245927363E-1,-3.818493186866E-1));
#1360=AXIS2_PLACEMENT_3D('',#1357,#1358,#1359);
#1362=DIRECTION('',(-8.407643312102E-1,5.003763718636E-1,2.067337075692E-1));
#1363=VECTOR('',#1362,5.5E-1);
#1364=CARTESIAN_POINT('',(-6.226878980892E1,2.293487381522E1,
-2.815713097092E0));
#1365=LINE('',#1364,#1363);
#1366=CARTESIAN_POINT('',(-6.265E1,2.332663908048E1,-2.653852764872E0));
#1367=DIRECTION('',(0.E0,3.818493186866E-1,-9.242245927363E-1));
#1368=DIRECTION('',(-5.414012738854E-1,-7.770550715999E-1,-3.210452870486E-1));
#1369=AXIS2_PLACEMENT_3D('',#1366,#1367,#1368);
#1371=CARTESIAN_POINT('',(-6.273121019108E1,2.975E1,0.E0));
#1372=DIRECTION('',(1.E0,0.E0,0.E0));
#1373=DIRECTION('',(0.E0,9.242245927363E-1,3.818493186866E-1));
#1374=AXIS2_PLACEMENT_3D('',#1371,#1372,#1373);
#1376=CARTESIAN_POINT('',(-6.28E1,2.975E1,0.E0));
#1377=DIRECTION('',(1.E0,0.E0,0.E0));
#1378=DIRECTION('',(0.E0,-9.242245927363E-1,-3.818493186866E-1));
#1379=AXIS2_PLACEMENT_3D('',#1376,#1377,#1378);
#1381=CARTESIAN_POINT('',(-6.28E1,2.975E1,0.E0));
#1382=DIRECTION('',(1.E0,0.E0,0.E0));
#1383=DIRECTION('',(0.E0,9.242245927363E-1,3.818493186866E-1));
#1384=AXIS2_PLACEMENT_3D('',#1381,#1382,#1383);
#1386=CARTESIAN_POINT('',(-6.28E1,2.975E1,0.E0));
#1387=DIRECTION('',(-1.E0,0.E0,0.E0));
#1388=DIRECTION('',(0.E0,9.242245927363E-1,3.818493186866E-1));
#1389=AXIS2_PLACEMENT_3D('',#1386,#1387,#1388);
#1391=CARTESIAN_POINT('',(-6.28E1,2.975E1,0.E0));
#1392=DIRECTION('',(-1.E0,0.E0,0.E0));
#1393=DIRECTION('',(0.E0,-9.242245927363E-1,-3.818493186866E-1));
#1394=AXIS2_PLACEMENT_3D('',#1391,#1392,#1393);
#1396=CARTESIAN_POINT('',(-6.265E1,3.617336091952E1,2.653852764872E0));
#1397=DIRECTION('',(0.E0,-3.818493186866E-1,9.242245927363E-1));
#1398=DIRECTION('',(-5.414012738854E-1,7.770550715999E-1,3.210452870486E-1));
#1399=AXIS2_PLACEMENT_3D('',#1396,#1397,#1398);
#1401=CARTESIAN_POINT('',(-6.273121019108E1,2.975E1,0.E0));
#1402=DIRECTION('',(1.E0,0.E0,0.E0));
#1403=DIRECTION('',(0.E0,-9.242245927363E-1,-3.818493186866E-1));
#1404=AXIS2_PLACEMENT_3D('',#1401,#1402,#1403);
#1406=DIRECTION('',(-8.407643312102E-1,-5.003763718636E-1,-2.067337075692E-1));
#1407=VECTOR('',#1406,5.5E-1);
#1408=CARTESIAN_POINT('',(-6.226878980892E1,3.656512618478E1,2.815713097092E0));
#1409=LINE('',#1408,#1407);
#1410=DIRECTION('',(-1.E0,0.E0,0.E0));
#1411=VECTOR('',#1410,1.5E-1);
#1412=CARTESIAN_POINT('',(-6.265E1,2.489782088813E1,-2.004708923105E0));
#1413=LINE('',#1412,#1411);
#1414=DIRECTION('',(-1.E0,-4.736951571734E-14,0.E0));
#1415=VECTOR('',#1414,1.5E-1);
#1416=CARTESIAN_POINT('',(-6.265E1,3.460217911187E1,2.004708923105E0));
#1417=LINE('',#1416,#1415);
#1418=CARTESIAN_POINT('',(-6.265E1,2.975E1,0.E0));
#1419=DIRECTION('',(1.E0,0.E0,0.E0));
#1420=DIRECTION('',(0.E0,-9.242245927363E-1,-3.818493186866E-1));
#1421=AXIS2_PLACEMENT_3D('',#1418,#1419,#1420);
#1423=CARTESIAN_POINT('',(-6.265E1,2.975E1,0.E0));
#1424=DIRECTION('',(1.E0,0.E0,0.E0));
#1425=DIRECTION('',(0.E0,9.242245927363E-1,3.818493186866E-1));
#1426=AXIS2_PLACEMENT_3D('',#1423,#1424,#1425);
#1428=CARTESIAN_POINT('',(-6.265E1,2.975E1,0.E0));
#1429=DIRECTION('',(-1.E0,0.E0,0.E0));
#1430=DIRECTION('',(0.E0,9.242245927363E-1,3.818493186866E-1));
#1431=AXIS2_PLACEMENT_3D('',#1428,#1429,#1430);
#1433=CARTESIAN_POINT('',(-6.265E1,2.975E1,0.E0));
#1434=DIRECTION('',(-1.E0,0.E0,0.E0));
#1435=DIRECTION('',(0.E0,-9.242245927363E-1,-3.818493186866E-1));
#1436=AXIS2_PLACEMENT_3D('',#1433,#1434,#1435);
#1438=DIRECTION('',(-1.E0,0.E0,0.E0));
#1439=VECTOR('',#1438,3.E-1);
#1440=CARTESIAN_POINT('',(-6.265E1,3.446354542296E1,1.947431525302E0));
#1441=LINE('',#1440,#1439);
#1442=DIRECTION('',(-1.E0,0.E0,0.E0));
#1443=VECTOR('',#1442,3.E-1);
#1444=CARTESIAN_POINT('',(-6.265E1,2.503645457704E1,-1.947431525302E0));
#1445=LINE('',#1444,#1443);
#1446=CARTESIAN_POINT('',(-6.295E1,2.975E1,0.E0));
#1447=DIRECTION('',(-1.E0,0.E0,0.E0));
#1448=DIRECTION('',(0.E0,9.242245927363E-1,3.818493186866E-1));
#1449=AXIS2_PLACEMENT_3D('',#1446,#1447,#1448);
#1451=CARTESIAN_POINT('',(-6.295E1,2.975E1,0.E0));
#1452=DIRECTION('',(-1.E0,0.E0,0.E0));
#1453=DIRECTION('',(0.E0,-9.242245927363E-1,-3.818493186866E-1));
#1454=AXIS2_PLACEMENT_3D('',#1451,#1452,#1453);
#1456=CARTESIAN_POINT('',(-6.295E1,2.975E1,0.E0));
#1457=DIRECTION('',(1.E0,0.E0,0.E0));
#1458=DIRECTION('',(0.E0,-9.242245927363E-1,-3.818493186866E-1));
#1459=AXIS2_PLACEMENT_3D('',#1456,#1457,#1458);
#1461=CARTESIAN_POINT('',(-6.295E1,2.975E1,0.E0));
#1462=DIRECTION('',(1.E0,0.E0,0.E0));
#1463=DIRECTION('',(0.E0,9.242245927363E-1,3.818493186866E-1));
#1464=AXIS2_PLACEMENT_3D('',#1461,#1462,#1463);
#1466=CARTESIAN_POINT('',(-6.265E1,2.332663908048E1,-2.653852764872E0));
#1467=DIRECTION('',(0.E0,3.818493186866E-1,-9.242245927363E-1));
#1468=DIRECTION('',(-5.414012738854E-1,-7.770550715999E-1,-3.210452870486E-1));
#1469=AXIS2_PLACEMENT_3D('',#1466,#1467,#1468);
#1471=CARTESIAN_POINT('',(-6.281242038217E1,2.975E1,0.E0));
#1472=DIRECTION('',(-1.E0,0.E0,0.E0));
#1473=DIRECTION('',(0.E0,9.242245927363E-1,3.818493186866E-1));
#1474=AXIS2_PLACEMENT_3D('',#1471,#1472,#1473);
#1476=CARTESIAN_POINT('',(-6.265E1,3.617336091952E1,2.653852764872E0));
#1477=DIRECTION('',(0.E0,-3.818493186866E-1,9.242245927363E-1));
#1478=DIRECTION('',(-5.414012738854E-1,7.770550715999E-1,3.210452870486E-1));
#1479=AXIS2_PLACEMENT_3D('',#1476,#1477,#1478);
#1481=CARTESIAN_POINT('',(-6.281242038217E1,2.975E1,0.E0));
#1482=DIRECTION('',(-1.E0,0.E0,0.E0));
#1483=DIRECTION('',(0.E0,-9.242245927363E-1,-3.818493186866E-1));
#1484=AXIS2_PLACEMENT_3D('',#1481,#1482,#1483);
#1486=DIRECTION('',(-8.407643312102E-1,-5.003763718636E-1,-2.067337075692E-1));
#1487=VECTOR('',#1486,5.5E-1);
#1488=CARTESIAN_POINT('',(-6.235E1,3.668168444552E1,2.863869890149E0));
#1489=LINE('',#1488,#1487);
#1490=DIRECTION('',(-8.407643312102E-1,5.003763718636E-1,2.067337075692E-1));
#1491=VECTOR('',#1490,5.5E-1);
#1492=CARTESIAN_POINT('',(-6.235E1,2.281831555448E1,-2.863869890149E0));
#1493=LINE('',#1492,#1491);
#1494=CARTESIAN_POINT('',(-6.235E1,2.975E1,0.E0));
#1495=DIRECTION('',(-1.E0,0.E0,0.E0));
#1496=DIRECTION('',(0.E0,9.242245927363E-1,3.818493186866E-1));
#1497=AXIS2_PLACEMENT_3D('',#1494,#1495,#1496);
#1499=CARTESIAN_POINT('',(-6.235E1,2.975E1,0.E0));
#1500=DIRECTION('',(-1.E0,0.E0,0.E0));
#1501=DIRECTION('',(0.E0,-9.242245927363E-1,-3.818493186866E-1));
#1502=AXIS2_PLACEMENT_3D('',#1499,#1500,#1501);
#1504=CARTESIAN_POINT('',(-6.235E1,2.975E1,0.E0));
#1505=DIRECTION('',(1.E0,0.E0,0.E0));
#1506=DIRECTION('',(0.E0,-9.242245927363E-1,-3.818493186866E-1));
#1507=AXIS2_PLACEMENT_3D('',#1504,#1505,#1506);
#1509=CARTESIAN_POINT('',(-6.235E1,2.975E1,0.E0));
#1510=DIRECTION('',(1.E0,0.E0,0.E0));
#1511=DIRECTION('',(0.E0,9.242245927363E-1,3.818493186866E-1));
#1512=AXIS2_PLACEMENT_3D('',#1509,#1510,#1511);
#1514=DIRECTION('',(-1.E0,0.E0,0.E0));
#1515=VECTOR('',#1514,4.5E-1);
#1516=CARTESIAN_POINT('',(-6.235E1,3.732864166044E1,3.131164413230E0));
#1517=LINE('',#1516,#1515);
#1518=DIRECTION('',(-1.E0,0.E0,0.E0));
#1519=VECTOR('',#1518,4.5E-1);
#1520=CARTESIAN_POINT('',(-6.235E1,2.217135833956E1,-3.131164413230E0));
#1521=LINE('',#1520,#1519);
#1522=CARTESIAN_POINT('',(-6.297677669530E1,2.975E1,0.E0));
#1523=DIRECTION('',(-1.E0,0.E0,0.E0));
#1524=DIRECTION('',(0.E0,8.248223330352E-1,5.653920046537E-1));
#1525=AXIS2_PLACEMENT_3D('',#1522,#1523,#1524);
#1527=CARTESIAN_POINT('',(-6.2925E1,3.647184006525E1,4.637746448137E0));
#1528=CARTESIAN_POINT('',(-6.295355151495E1,3.646428311763E1,4.619672598157E0));
#1529=CARTESIAN_POINT('',(-6.300001866037E1,3.644043248277E1,4.582076902503E0));
#1530=CARTESIAN_POINT('',(-6.304386862252E1,3.638204236364E1,4.521187160374E0));
#1531=CARTESIAN_POINT('',(-6.305509521898E1,3.631032530092E1,4.465396041037E0));
#1532=CARTESIAN_POINT('',(-6.303341339055E1,3.623287728723E1,4.420209905068E0));
#1533=CARTESIAN_POINT('',(-6.299953227916E1,3.618477980790E1,4.401245108464E0));
#1534=CARTESIAN_POINT('',(-6.297677669530E1,3.616152818139E1,4.394918306867E0));
#1536=CARTESIAN_POINT('',(-6.297677669530E1,2.975E1,0.E0));
#1537=DIRECTION('',(-1.E0,0.E0,0.E0));
#1538=DIRECTION('',(0.E0,7.222704381878E-2,9.973882163637E-1));
#1539=AXIS2_PLACEMENT_3D('',#1536,#1537,#1538);
#1541=CARTESIAN_POINT('',(-6.2925E1,3.031506254955E1,8.146933797149E0));
#1542=CARTESIAN_POINT('',(-6.295355151495E1,3.032448157470E1,8.129756676444E0));
#1543=CARTESIAN_POINT('',(-6.300001866037E1,3.033900444556E1,8.087668966398E0));
#1544=CARTESIAN_POINT('',(-6.304386862252E1,3.035020431911E1,8.004053599744E0));
#1545=CARTESIAN_POINT('',(-6.305509521898E1,3.034910871543E1,7.913197748340E0));
#1546=CARTESIAN_POINT('',(-6.303341339055E1,3.033614861239E1,7.824473358018E0));
#1547=CARTESIAN_POINT('',(-6.299953227916E1,3.032098759957E1,7.775044877171E0));
#1548=CARTESIAN_POINT('',(-6.297677669530E1,3.031143694024E1,7.752921327275E0));
#1550=CARTESIAN_POINT('',(-6.297677669530E1,2.975E1,0.E0));
#1551=DIRECTION('',(-1.E0,0.E0,0.E0));
#1552=DIRECTION('',(0.E0,-7.347566825564E-1,6.783307581400E-1));
#1553=AXIS2_PLACEMENT_3D('',#1550,#1551,#1552);
#1555=CARTESIAN_POINT('',(-6.2925E1,2.373278140886E1,5.521313829745E0));
#1556=CARTESIAN_POINT('',(-6.295355151495E1,2.375208368873E1,5.517968160555E0));
#1557=CARTESIAN_POINT('',(-6.300001866037E1,2.379404404735E1,5.503081340214E0));
#1558=CARTESIAN_POINT('',(-6.304386862252E1,2.386640018036E1,5.459704425568E0));
#1559=CARTESIAN_POINT('',(-6.305509521898E1,2.393675104763E1,5.402200151326E0));
#1560=CARTESIAN_POINT('',(-6.303341339055E1,2.399803807717E1,5.336748782211E0));
#1561=CARTESIAN_POINT('',(-6.299953227916E1,2.402723008275E1,5.294077271357E0));
#1562=CARTESIAN_POINT('',(-6.297677669530E1,2.403857223187E1,5.272816457471E0));
#1564=CARTESIAN_POINT('',(-6.297677669530E1,2.975E1,0.E0));
#1565=DIRECTION('',(-1.E0,0.E0,0.E0));
#1566=DIRECTION('',(0.E0,-9.884536406617E-1,-1.515235963890E-1));
#1567=AXIS2_PLACEMENT_3D('',#1564,#1565,#1566);
#1569=CARTESIAN_POINT('',(-6.2925E1,2.168158859619E1,-1.261968065734E0));
#1570=CARTESIAN_POINT('',(-6.295355151495E1,2.169623912034E1,
-1.248962926270E0));
#1571=CARTESIAN_POINT('',(-6.300001866037E1,2.173403996084E1,
-1.225438777553E0));
#1572=CARTESIAN_POINT('',(-6.304386862252E1,2.181306670936E1,
-1.195913538735E0));
#1573=CARTESIAN_POINT('',(-6.305509521898E1,2.190188840963E1,
-1.176764344438E0));
#1574=CARTESIAN_POINT('',(-6.303341339055E1,2.199127218848E1,
-1.169656476437E0));
#1575=CARTESIAN_POINT('',(-6.299953227916E1,2.204283503684E1,
-1.173438499285E0));
#1576=CARTESIAN_POINT('',(-6.297677669530E1,2.206652912479E1,
-1.177826750663E0));
#1578=CARTESIAN_POINT('',(-6.297677669530E1,2.975E1,0.E0));
#1579=DIRECTION('',(-1.E0,0.E0,0.E0));
#1580=DIRECTION('',(0.E0,-9.242245927363E-1,-3.818493186866E-1));
#1581=AXIS2_PLACEMENT_3D('',#1578,#1579,#1580);
#1583=CARTESIAN_POINT('',(-6.28E1,2.240241448775E1,-3.035702083558E0));
#1584=DIRECTION('',(0.E0,3.818493186866E-1,-9.242245927363E-1));
#1585=DIRECTION('',(0.E0,-9.242245927363E-1,-3.818493186866E-1));
#1586=AXIS2_PLACEMENT_3D('',#1583,#1584,#1585);
#1588=CARTESIAN_POINT('',(-6.28E1,2.975E1,0.E0));
#1589=DIRECTION('',(1.E0,0.E0,0.E0));
#1590=DIRECTION('',(0.E0,9.242245927363E-1,3.818493186866E-1));
#1591=AXIS2_PLACEMENT_3D('',#1588,#1589,#1590);
#1593=CARTESIAN_POINT('',(-6.297677669530E1,3.616152818139E1,4.394918306867E0));
#1594=CARTESIAN_POINT('',(-6.298861318784E1,3.615430131865E1,4.384526198904E0));
#1595=CARTESIAN_POINT('',(-6.301225193820E1,3.613986215745E1,4.363767551655E0));
#1596=CARTESIAN_POINT('',(-6.304760726796E1,3.611824706702E1,4.332706298257E0));
#1597=CARTESIAN_POINT('',(-6.307110899077E1,3.610386602158E1,4.312049865091E0));
#1598=CARTESIAN_POINT('',(-6.308284271248E1,3.609668274547E1,4.301734417635E0));
#1600=CARTESIAN_POINT('',(-6.308284271247E1,3.715774280589E1,
-1.977535687024E0));
#1601=CARTESIAN_POINT('',(-6.307110908824E1,3.716791656098E1,
-1.984918098151E0));
#1602=CARTESIAN_POINT('',(-6.304760749544E1,3.718828620734E1,
-1.999702319507E0));
#1603=CARTESIAN_POINT('',(-6.301225216643E1,3.721890712116E1,
-2.021936823940E0));
#1604=CARTESIAN_POINT('',(-6.298861328568E1,3.723936546704E1,
-2.036798652666E0));
#1605=CARTESIAN_POINT('',(-6.297677669530E1,3.724960574660E1,
-2.044239269335E0));
#1607=CARTESIAN_POINT('',(-6.2925E1,3.660524739408E1,4.732223062895E0));
#1608=CARTESIAN_POINT('',(-6.297154265981E1,3.660236657926E1,4.709444159658E0));
#1609=CARTESIAN_POINT('',(-6.305270471138E1,3.658270232989E1,4.659353616538E0));
#1610=CARTESIAN_POINT('',(-6.314629308464E1,3.651648579430E1,4.570758604698E0));
#1611=CARTESIAN_POINT('',(-6.319752393281E1,3.642369965355E1,4.482221412792E0));
#1612=CARTESIAN_POINT('',(-6.320500524981E1,3.631550597124E1,4.402267067395E0));
#1613=CARTESIAN_POINT('',(-6.316752261896E1,3.620139176807E1,4.338155229169E0));
#1614=CARTESIAN_POINT('',(-6.311625496595E1,3.613077390366E1,4.310989111991E0));
#1615=CARTESIAN_POINT('',(-6.308284271248E1,3.609668274547E1,4.301734417635E0));
#1617=DIRECTION('',(0.E0,8.160828855588E-1,5.779348785962E-1));
#1618=VECTOR('',#1617,1.634727687450E-1);
#1619=CARTESIAN_POINT('',(-6.2925E1,3.647184006525E1,4.637746448137E0));
#1620=LINE('',#1619,#1618);
#1621=CARTESIAN_POINT('',(-6.28E1,3.709758551225E1,3.035702083558E0));
#1622=DIRECTION('',(0.E0,-3.818493186866E-1,9.242245927363E-1));
#1623=DIRECTION('',(0.E0,9.242245927363E-1,3.818493186866E-1));
#1624=AXIS2_PLACEMENT_3D('',#1621,#1622,#1623);
#1626=CARTESIAN_POINT('',(-6.28E1,2.975E1,0.E0));
#1627=DIRECTION('',(-1.E0,0.E0,0.E0));
#1628=DIRECTION('',(0.E0,-9.242245927363E-1,-3.818493186866E-1));
#1629=AXIS2_PLACEMENT_3D('',#1626,#1627,#1628);
#1631=CARTESIAN_POINT('',(-6.308284271247E1,2.975E1,0.E0));
#1632=DIRECTION('',(1.E0,0.E0,0.E0));
#1633=DIRECTION('',(0.E0,-9.823935971568E-1,-1.868229650375E-1));
#1634=AXIS2_PLACEMENT_3D('',#1631,#1632,#1633);
#1636=CARTESIAN_POINT('',(-6.2925E1,2.155372423322E1,-1.486410275088E0));
#1637=CARTESIAN_POINT('',(-6.297154581503E1,2.157184419136E1,
-1.500514037808E0));
#1638=CARTESIAN_POINT('',(-6.305271213816E1,2.162113170288E1,
-1.522118866866E0));
#1639=CARTESIAN_POINT('',(-6.314631068846E1,2.173059422249E1,
-1.538140312321E0));
#1640=CARTESIAN_POINT('',(-6.319752330067E1,2.185880526636E1,
-1.535362145441E0));
#1641=CARTESIAN_POINT('',(-6.320500496964E1,2.199183406730E1,
-1.515642338102E0));
#1642=CARTESIAN_POINT('',(-6.316753976102E1,2.211792253078E1,
-1.480519327823E0));
#1643=CARTESIAN_POINT('',(-6.311626574434E1,2.218714207304E1,
-1.449913374813E0));
#1644=CARTESIAN_POINT('',(-6.308284271248E1,2.221783377235E1,
-1.432401057867E0));
#1646=CARTESIAN_POINT('',(-6.282500318710E1,2.151747539014E1,
-1.391037532817E0));
#1647=CARTESIAN_POINT('',(-6.282498927706E1,2.152041049628E1,
-1.408413489796E0));
#1648=CARTESIAN_POINT('',(-6.283452905333E1,2.152680738165E1,
-1.442887045045E0));
#1649=CARTESIAN_POINT('',(-6.287262845854E1,2.153789292988E1,
-1.479539484299E0));
#1650=CARTESIAN_POINT('',(-6.290756165544E1,2.154806722133E1,
-1.487366187045E0));
#1651=CARTESIAN_POINT('',(-6.2925E1,2.155372423322E1,-1.486410275088E0));
#1653=CARTESIAN_POINT('',(-6.2925E1,2.152040087930E1,-1.289205283719E0));
#1654=CARTESIAN_POINT('',(-6.290757926809E1,2.151474958097E1,
-1.290160230209E0));
#1655=CARTESIAN_POINT('',(-6.287268084689E1,2.150771371552E1,
-1.300874223688E0));
#1656=CARTESIAN_POINT('',(-6.283458763567E1,2.150927032779E1,
-1.339073686758E0));
#1657=CARTESIAN_POINT('',(-6.282501708027E1,2.151454384488E1,
-1.373682656458E0));
#1658=CARTESIAN_POINT('',(-6.282500318710E1,2.151747539014E1,
-1.391037532817E0));
#1660=CARTESIAN_POINT('',(-6.308284271247E1,2.975E1,0.E0));
#1661=DIRECTION('',(1.E0,0.E0,0.E0));
#1662=DIRECTION('',(0.E0,-7.585764649531E-1,6.515840289781E-1));
#1663=AXIS2_PLACEMENT_3D('',#1660,#1661,#1662);
#1665=CARTESIAN_POINT('',(-6.2925E1,2.347758329726E1,5.481344785567E0));
#1666=CARTESIAN_POINT('',(-6.297154581503E1,2.347785414066E1,5.458384479606E0));
#1667=CARTESIAN_POINT('',(-6.305271213816E1,2.349169306592E1,5.406379560817E0));
#1668=CARTESIAN_POINT('',(-6.314631068845E1,2.354741576013E1,5.310809108986E0));
#1669=CARTESIAN_POINT('',(-6.319752330067E1,2.362952609680E1,5.212301837206E0));
#1670=CARTESIAN_POINT('',(-6.320500496964E1,2.372788576374E1,5.120590831327E0));
#1671=CARTESIAN_POINT('',(-6.316753976103E1,2.383396091004E1,5.043909739720E0));
#1672=CARTESIAN_POINT('',(-6.311626574434E1,2.390104728635E1,5.008874221962E0));
#1673=CARTESIAN_POINT('',(-6.308284271247E1,2.393387492859E1,4.995797236215E0));
#1675=CARTESIAN_POINT('',(-6.282500318710E1,2.352954792575E1,5.569149204469E0));
#1676=CARTESIAN_POINT('',(-6.282498927706E1,2.351779286429E1,5.556020714105E0));
#1677=CARTESIAN_POINT('',(-6.283452905333E1,2.349482874628E1,5.529525517603E0));
#1678=CARTESIAN_POINT('',(-6.287262845854E1,2.347308444163E1,5.498006064907E0));
#1679=CARTESIAN_POINT('',(-6.290756165544E1,2.347330884598E1,5.485171614201E0));
#1680=CARTESIAN_POINT('',(-6.2925E1,2.347758329726E1,5.481344785567E0));
#1682=CARTESIAN_POINT('',(-6.2925E1,2.361098759668E1,5.630353333756E0));
#1683=CARTESIAN_POINT('',(-6.290757926809E1,2.360671746257E1,5.634176297309E0));
#1684=CARTESIAN_POINT('',(-6.287268084689E1,2.359395413482E1,5.632997092747E0));
#1685=CARTESIAN_POINT('',(-6.283458763567E1,2.356505912385E1,5.607963108613E0));
#1686=CARTESIAN_POINT('',(-6.282501708027E1,2.354128872589E1,5.582261767266E0));
#1687=CARTESIAN_POINT('',(-6.282500318710E1,2.352954792575E1,5.569149204469E0));
#1689=CARTESIAN_POINT('',(-6.308284271247E1,2.975E1,0.E0));
#1690=DIRECTION('',(1.E0,0.E0,0.E0));
#1691=DIRECTION('',(0.E0,3.646421750016E-2,9.993349592815E-1));
#1692=AXIS2_PLACEMENT_3D('',#1689,#1690,#1691);
#1694=CARTESIAN_POINT('',(-6.2925E1,3.012470007245E1,8.321535423631E0));
#1695=CARTESIAN_POINT('',(-6.297154581503E1,3.010691785050E1,8.307008153123E0));
#1696=CARTESIAN_POINT('',(-6.305271213816E1,3.007488719652E1,8.263763909160E0));
#1697=CARTESIAN_POINT('',(-6.314631068845E1,3.003490974005E1,8.160610950464E0));
#1698=CARTESIAN_POINT('',(-6.319752330067E1,3.000908861126E1,8.034996224856E0));
#1699=CARTESIAN_POINT('',(-6.320500496964E1,2.999871230883E1,7.900914663749E0));
#1700=CARTESIAN_POINT('',(-6.316753976103E1,3.000489738925E1,7.770171896250E0));
#1701=CARTESIAN_POINT('',(-6.311626574434E1,3.001933318994E1,7.695877367186E0));
#1702=CARTESIAN_POINT('',(-6.308284271247E1,3.002957689094E1,7.662058315734E0));
#1704=CARTESIAN_POINT('',(-6.282500318710E1,3.022574774737E1,8.335653000849E0));
#1705=CARTESIAN_POINT('',(-6.282498927706E1,3.020815431935E1,8.336657998117E0));
#1706=CARTESIAN_POINT('',(-6.283452905333E1,3.017312164720E1,8.338092583731E0));
#1707=CARTESIAN_POINT('',(-6.287262845854E1,3.013492139457E1,8.335440908355E0));
#1708=CARTESIAN_POINT('',(-6.290756165544E1,3.012502693077E1,8.327263312841E0));
#1709=CARTESIAN_POINT('',(-6.2925E1,3.012470007245E1,8.321535423631E0));
#1711=CARTESIAN_POINT('',(-6.2925E1,3.032437586680E1,8.310141052635E0));
#1712=CARTESIAN_POINT('',(-6.290757926809E1,3.032470239499E1,8.315863156702E0));
#1713=CARTESIAN_POINT('',(-6.287268084689E1,3.031582265105E1,8.325106706143E0));
#1714=CARTESIAN_POINT('',(-6.283458763567E1,3.027823454945E1,8.332089301599E0));
#1715=CARTESIAN_POINT('',(-6.282501708027E1,3.024331983093E1,8.334649222851E0));
#1716=CARTESIAN_POINT('',(-6.282500318710E1,3.022574774737E1,8.335653000849E0));
#1718=CARTESIAN_POINT('',(-6.308284271247E1,2.975E1,0.E0));
#1719=DIRECTION('',(1.E0,0.E0,0.E0));
#1720=DIRECTION('',(0.E0,8.040466004413E-1,5.945662825277E-1));
#1721=AXIS2_PLACEMENT_3D('',#1718,#1719,#1720);
#1723=CARTESIAN_POINT('',(-6.2925E1,3.648966005060E1,4.895440159313E0));
#1724=CARTESIAN_POINT('',(-6.297154581503E1,3.646721513912E1,4.900285255253E0));
#1725=CARTESIAN_POINT('',(-6.305271213816E1,3.641343464165E1,4.898365483843E0));
#1726=CARTESIAN_POINT('',(-6.314631068845E1,3.630786087462E1,4.865306300115E0));
#1727=CARTESIAN_POINT('',(-6.319752330067E1,3.619355211700E1,4.807174571136E0));
#1728=CARTESIAN_POINT('',(-6.320500496964E1,3.608225341257E1,4.731688605081E0));
#1729=CARTESIAN_POINT('',(-6.316753976103E1,3.598389093540E1,4.645336132283E0));
#1730=CARTESIAN_POINT('',(-6.311626574434E1,3.593480570811E1,4.587727887629E0));
#1731=CARTESIAN_POINT('',(-6.308284271247E1,3.591475175208E1,4.558633205999E0));
#1733=CARTESIAN_POINT('',(-6.282500318710E1,3.656369981174E1,4.825240071256E0));
#1734=CARTESIAN_POINT('',(-6.282498927706E1,3.655351622729E1,4.839621772715E0));
#1735=CARTESIAN_POINT('',(-6.283452905333E1,3.653279531767E1,4.867905868217E0));
#1736=CARTESIAN_POINT('',(-6.287262845854E1,3.650690468644E1,4.896118735803E0));
#1737=CARTESIAN_POINT('',(-6.290756165544E1,3.649434208754E1,4.898755891697E0));
#1738=CARTESIAN_POINT('',(-6.2925E1,3.648966005060E1,4.895440159313E0));
#1740=CARTESIAN_POINT('',(-6.2925E1,3.660524739408E1,4.732223062895E0));
#1741=CARTESIAN_POINT('',(-6.290757926809E1,3.660992470219E1,4.735535446404E0));
#1742=CARTESIAN_POINT('',(-6.287268084689E1,3.661161517036E1,4.748241168585E0));
#1743=CARTESIAN_POINT('',(-6.283458763567E1,3.659363858530E1,4.781982306833E0));
#1744=CARTESIAN_POINT('',(-6.282501708027E1,3.657387104139E1,4.810875817769E0));
#1745=CARTESIAN_POINT('',(-6.282500318710E1,3.656369981174E1,4.825240071256E0));
#1747=CARTESIAN_POINT('',(-6.308284271247E1,2.975E1,0.E0));
#1748=DIRECTION('',(1.E0,0.E0,0.E0));
#1749=DIRECTION('',(0.E0,9.242245927363E-1,3.818493186866E-1));
#1750=AXIS2_PLACEMENT_3D('',#1747,#1748,#1749);
#1752=CARTESIAN_POINT('',(-6.308284271247E1,2.975E1,0.E0));
#1753=DIRECTION('',(1.E0,0.E0,0.E0));
#1754=DIRECTION('',(0.E0,9.661654936885E-1,-2.579229319113E-1));
#1755=AXIS2_PLACEMENT_3D('',#1752,#1753,#1754);
#1757=CARTESIAN_POINT('',(-6.2925E1,3.777951854663E1,-2.217021393748E0));
#1758=CARTESIAN_POINT('',(-6.297154581503E1,3.776931242176E1,
-2.196452387425E0));
#1759=CARTESIAN_POINT('',(-6.305271213816E1,3.773427989232E1,
-2.155602059255E0));
#1760=CARTESIAN_POINT('',(-6.314631068845E1,3.764260901461E1,
-2.093673228382E0));
#1761=CARTESIAN_POINT('',(-6.319752330067E1,3.752588945413E1,
-2.040547583140E0));
#1762=CARTESIAN_POINT('',(-6.320500496964E1,3.739747854221E1,
-2.000595482071E0));
#1763=CARTESIAN_POINT('',(-6.316753976103E1,3.726863745899E1,
-1.977532486881E0));
#1764=CARTESIAN_POINT('',(-6.311626574434E1,3.719299338103E1,
-1.975074263906E0));
#1765=CARTESIAN_POINT('',(-6.308284271247E1,3.715774280589E1,
-1.977535687024E0));
#1767=CARTESIAN_POINT('',(-6.282500318710E1,3.777079694372E1,
-2.318677048953E0));
#1768=CARTESIAN_POINT('',(-6.282498927706E1,3.777569164964E1,
-2.301748357834E0));
#1769=CARTESIAN_POINT('',(-6.283452905333E1,3.778488577012E1,
-2.267913253247E0));
#1770=CARTESIAN_POINT('',(-6.287262845854E1,3.779080093368E1,
-2.230080707429E0));
#1771=CARTESIAN_POINT('',(-6.290756165544E1,3.778503009288E1,
-2.218614632304E0));
#1772=CARTESIAN_POINT('',(-6.2925E1,3.777951854663E1,-2.217021393748E0));
#1774=CARTESIAN_POINT('',(-6.2925E1,3.772397781206E1,-2.409155412963E0));
#1775=CARTESIAN_POINT('',(-6.290757926809E1,3.772948379167E1,
-2.410747042356E0));
#1776=CARTESIAN_POINT('',(-6.287268084689E1,3.774047151495E1,
-2.404146815386E0));
#1777=CARTESIAN_POINT('',(-6.283458763567E1,3.775564318163E1,
-2.369054899640E0));
#1778=CARTESIAN_POINT('',(-6.282501708027E1,3.776590817608E1,
-2.335585202076E0));
#1779=CARTESIAN_POINT('',(-6.282500318710E1,3.777079694372E1,
-2.318677048953E0));
#1781=CARTESIAN_POINT('',(-6.308284271247E1,2.975E1,0.E0));
#1782=DIRECTION('',(1.E0,0.E0,0.E0));
#1783=DIRECTION('',(0.E0,4.007420640039E-1,-9.161909179521E-1));
#1784=AXIS2_PLACEMENT_3D('',#1781,#1782,#1783);
#1786=CARTESIAN_POINT('',(-6.2925E1,3.302298580472E1,-7.660020618323E0));
#1787=CARTESIAN_POINT('',(-6.297154580171E1,3.303270388388E1,
-7.639216588862E0));
#1788=CARTESIAN_POINT('',(-6.305271219050E1,3.304279959374E1,
-7.586357379135E0));
#1789=CARTESIAN_POINT('',(-6.314631174671E1,3.303406142223E1,
-7.476072706849E0));
#1790=CARTESIAN_POINT('',(-6.319752343116E1,3.300282280255E1,
-7.351694137395E0));
#1791=CARTESIAN_POINT('',(-6.320500472957E1,3.295399720783E1,
-7.226392672770E0));
#1792=CARTESIAN_POINT('',(-6.316754200200E1,3.289169910224E1,
-7.111282674071E0));
#1793=CARTESIAN_POINT('',(-6.311626721412E1,3.284645627977E1,
-7.050606355017E0));
#1794=CARTESIAN_POINT('',(-6.308284271247E1,3.282255243645E1,
-7.024579873341E0));
#1796=CARTESIAN_POINT('',(-6.2925E1,3.283814029805E1,-7.736390725046E0));
#1797=CARTESIAN_POINT('',(-6.290756540965E1,3.284033057524E1,
-7.741692051873E0));
#1798=CARTESIAN_POINT('',(-6.287264522960E1,3.285236598403E1,
-7.746159822452E0));
#1799=CARTESIAN_POINT('',(-6.283456810431E1,3.288924137893E1,
-7.736144696197E0));
#1800=CARTESIAN_POINT('',(-6.282022115839E1,3.293823885441E1,
-7.716818623791E0));
#1801=CARTESIAN_POINT('',(-6.283454536056E1,3.298657498346E1,
-7.695932608174E0));
#1802=CARTESIAN_POINT('',(-6.287261757132E1,3.301979649126E1,
-7.676990921027E0));
#1803=CARTESIAN_POINT('',(-6.290755488790E1,3.302517740373E1,
-7.665325144492E0));
#1804=CARTESIAN_POINT('',(-6.2925E1,3.302298580472E1,-7.660020618323E0));
#1806=CARTESIAN_POINT('',(-6.308284271247E1,2.975E1,0.E0));
#1807=DIRECTION('',(1.E0,0.E0,0.E0));
#1808=DIRECTION('',(0.E0,-4.664483135242E-1,-8.845484558861E-1));
#1809=AXIS2_PLACEMENT_3D('',#1806,#1807,#1808);
#1811=CARTESIAN_POINT('',(-6.2925E1,2.580182799512E1,-7.334868081357E0));
#1812=CARTESIAN_POINT('',(-6.297154581503E1,2.582415236994E1,
-7.329494879845E0));
#1813=CARTESIAN_POINT('',(-6.305271213816E1,2.587177396627E1,
-7.304430742232E0));
#1814=CARTESIAN_POINT('',(-6.314631068846E1,2.595254880138E1,
-7.228838706104E0));
#1815=CARTESIAN_POINT('',(-6.319752330067E1,2.603031502139E1,
-7.126867116886E0));
#1816=CARTESIAN_POINT('',(-6.320500496964E1,2.609783955593E1,
-7.010565913465E0));
#1817=CARTESIAN_POINT('',(-6.316753976102E1,2.614899415184E1,
-6.890087144422E0));
#1818=CARTESIAN_POINT('',(-6.311626574434E1,2.616822313291E1,
-6.816886627505E0));
#1819=CARTESIAN_POINT('',(-6.308284271248E1,2.617366741372E1,
-6.781972139712E0));
#1821=CARTESIAN_POINT('',(-6.282500318710E1,2.570466179865E1,
-7.303744635897E0));
#1822=CARTESIAN_POINT('',(-6.282498927706E1,2.572007687761E1,
-7.312283609482E0));
#1823=CARTESIAN_POINT('',(-6.283452905333E1,2.575101778120E1,
-7.328776233242E0));
#1824=CARTESIAN_POINT('',(-6.287262845854E1,2.578658553839E1,
-7.342961624724E0));
#1825=CARTESIAN_POINT('',(-6.290756165544E1,2.579904826796E1,
-7.339886912704E0));
#1826=CARTESIAN_POINT('',(-6.2925E1,2.580182799512E1,-7.334868081357E0));
#1828=CARTESIAN_POINT('',(-6.2925E1,2.562687015303E1,-7.237966027558E0));
#1829=CARTESIAN_POINT('',(-6.290757926809E1,2.562409323339E1,
-7.242979789907E0));
#1830=CARTESIAN_POINT('',(-6.287268084689E1,2.562808298044E1,
-7.255160716688E0));
#1831=CARTESIAN_POINT('',(-6.283458763567E1,2.565891905515E1,
-7.277760683875E0));
#1832=CARTESIAN_POINT('',(-6.282501708027E1,2.568926542137E1,
-7.295216021850E0));
#1833=CARTESIAN_POINT('',(-6.282500318710E1,2.570466179865E1,
-7.303744635897E0));
#1835=CARTESIAN_POINT('',(-6.308284271247E1,2.975E1,0.E0));
#1836=DIRECTION('',(1.E0,0.E0,0.E0));
#1837=DIRECTION('',(0.E0,-9.242245927363E-1,-3.818493186866E-1));
#1838=AXIS2_PLACEMENT_3D('',#1835,#1836,#1837);
#1840=CARTESIAN_POINT('',(-6.28E1,2.240241448775E1,-3.035702083558E0));
#1841=DIRECTION('',(0.E0,3.818493186866E-1,-9.242245927363E-1));
#1842=DIRECTION('',(0.E0,-9.242245927363E-1,-3.818493186866E-1));
#1843=AXIS2_PLACEMENT_3D('',#1840,#1841,#1842);
#1845=CARTESIAN_POINT('',(-6.28E1,2.975E1,0.E0));
#1846=DIRECTION('',(-1.E0,0.E0,0.E0));
#1847=DIRECTION('',(0.E0,9.242245927363E-1,3.818493186866E-1));
#1848=AXIS2_PLACEMENT_3D('',#1845,#1846,#1847);
#1850=CARTESIAN_POINT('',(-6.2925E1,3.762247564585E1,-2.171624549898E0));
#1851=CARTESIAN_POINT('',(-6.295338347124E1,3.760947662889E1,
-2.157123071108E0));
#1852=CARTESIAN_POINT('',(-6.299973518185E1,3.757493996119E1,
-2.129594237775E0));
#1853=CARTESIAN_POINT('',(-6.304393504410E1,3.749909029781E1,
-2.090937463263E0));
#1854=CARTESIAN_POINT('',(-6.305512632197E1,3.741393948070E1,
-2.062086507701E0));
#1855=CARTESIAN_POINT('',(-6.303333041459E1,3.732490128295E1,
-2.044598246013E0));
#1856=CARTESIAN_POINT('',(-6.299943213777E1,3.727353943182E1,
-2.042582227615E0));
#1857=CARTESIAN_POINT('',(-6.297677669530E1,3.724960574660E1,
-2.044239269335E0));
#1859=CARTESIAN_POINT('',(-6.28E1,3.709758551225E1,3.035702083558E0));
#1860=DIRECTION('',(0.E0,-3.818493186866E-1,9.242245927363E-1));
#1861=DIRECTION('',(0.E0,9.242245927363E-1,3.818493186866E-1));
#1862=AXIS2_PLACEMENT_3D('',#1859,#1860,#1861);
#1864=CARTESIAN_POINT('',(-6.28E1,2.975E1,0.E0));
#1865=DIRECTION('',(1.E0,0.E0,0.E0));
#1866=DIRECTION('',(0.E0,-9.242245927363E-1,-3.818493186866E-1));
#1867=AXIS2_PLACEMENT_3D('',#1864,#1865,#1866);
#1869=CARTESIAN_POINT('',(-6.297677669530E1,2.975E1,0.E0));
#1870=DIRECTION('',(-1.E0,0.E0,0.E0));
#1871=DIRECTION('',(0.E0,-4.978248465690E-1,-8.672775923189E-1));
#1872=AXIS2_PLACEMENT_3D('',#1869,#1870,#1871);
#1874=CARTESIAN_POINT('',(-6.2925E1,2.570607413618E1,-7.094962268258E0));
#1875=CARTESIAN_POINT('',(-6.295355151495E1,2.570504076112E1,
-7.075399455413E0));
#1876=CARTESIAN_POINT('',(-6.300001866037E1,2.571021727960E1,
-7.031178501427E0));
#1877=CARTESIAN_POINT('',(-6.304386862252E1,2.573640589014E1,
-6.950984216180E0));
#1878=CARTESIAN_POINT('',(-6.305509521898E1,2.577681387148E1,
-6.869601287221E0));
#1879=CARTESIAN_POINT('',(-6.303341339055E1,2.582698659107E1,
-6.795286551684E0));
#1880=CARTESIAN_POINT('',(-6.299953227916E1,2.586209240571E1,
-6.757331146182E0));
#1881=CARTESIAN_POINT('',(-6.297677669530E1,2.588029630099E1,
-6.741542392261E0));
#1883=CARTESIAN_POINT('',(-6.297677669530E1,2.975E1,0.E0));
#1884=DIRECTION('',(-1.E0,0.E0,0.E0));
#1885=DIRECTION('',(0.E0,3.676762107663E-1,-9.299538719939E-1));
#1886=AXIS2_PLACEMENT_3D('',#1883,#1884,#1885);
#1888=CARTESIAN_POINT('',(-6.2925E1,3.277571833269E1,-7.585305171929E0));
#1889=CARTESIAN_POINT('',(-6.295355151495E1,3.275977921090E1,
-7.573915882784E0));
#1890=CARTESIAN_POINT('',(-6.300001866037E1,3.272843338338E1,
-7.542297403824E0));
#1891=CARTESIAN_POINT('',(-6.304386862252E1,3.268206329805E1,
-7.471822004604E0));
#1892=CARTESIAN_POINT('',(-6.305509521898E1,3.264362952634E1,
-7.389488346399E0));
#1893=CARTESIAN_POINT('',(-6.303341339055E1,3.261681010548E1,
-7.303927254929E0));
#1894=CARTESIAN_POINT('',(-6.299953227916E1,3.260902349194E1,
-7.252815615569E0));
#1895=CARTESIAN_POINT('',(-6.297677669530E1,3.260802929011E1,
-7.228739110082E0));
#1897=CARTESIAN_POINT('',(-6.297677669530E1,2.975E1,0.E0));
#1898=DIRECTION('',(-1.E0,0.E0,0.E0));
#1899=DIRECTION('',(0.E0,9.563095821668E-1,-2.923559184556E-1));
#1900=AXIS2_PLACEMENT_3D('',#1897,#1898,#1899);
#1902=CARTESIAN_POINT('',(-6.2925E1,3.756693491127E1,-2.363758569110E0));
#1903=CARTESIAN_POINT('',(-6.295355151495E1,3.754809252657E1,
-2.369119170690E0));
#1904=CARTESIAN_POINT('',(-6.300001866037E1,3.750382840050E1,
-2.373912526312E0));
#1905=CARTESIAN_POINT('',(-6.304386862252E1,3.741981723934E1,
-2.366225426168E0));
#1906=CARTESIAN_POINT('',(-6.305509521898E1,3.733148312857E1,
-2.344939962646E0));
#1907=CARTESIAN_POINT('',(-6.303341339055E1,3.724786713819E1,
-2.312561762248E0));
#1908=CARTESIAN_POINT('',(-6.299953227916E1,3.720305157529E1,
-2.286781995956E0));
#1909=CARTESIAN_POINT('',(-6.297677669530E1,3.718360793061E1,
-2.272547838607E0));
#1911=CARTESIAN_POINT('',(-6.297677669530E1,2.975E1,0.E0));
#1912=DIRECTION('',(-1.E0,0.E0,0.E0));
#1913=DIRECTION('',(0.E0,9.242245927363E-1,3.818493186866E-1));
#1914=AXIS2_PLACEMENT_3D('',#1911,#1912,#1913);
#1916=CARTESIAN_POINT('',(-6.297677669530E1,2.588029630099E1,
-6.741542392261E0));
#1917=CARTESIAN_POINT('',(-6.298861318784E1,2.588229851267E1,
-6.729043808285E0));
#1918=CARTESIAN_POINT('',(-6.301225193820E1,2.588630090790E1,
-6.704075996124E0));
#1919=CARTESIAN_POINT('',(-6.304760726796E1,2.589229845869E1,
-6.666712337559E0));
#1920=CARTESIAN_POINT('',(-6.307110899077E1,2.589629284246E1,
-6.641861832587E0));
#1921=CARTESIAN_POINT('',(-6.308284271248E1,2.589828904569E1,
-6.629451228872E0));
#1923=CARTESIAN_POINT('',(-6.2925E1,2.562687015303E1,-7.237966027558E0));
#1924=CARTESIAN_POINT('',(-6.297154265981E1,2.561958228179E1,
-7.216193006189E0));
#1925=CARTESIAN_POINT('',(-6.305270471138E1,2.561556568614E1,
-7.162530988218E0));
#1926=CARTESIAN_POINT('',(-6.314629308464E1,2.563678478824E1,
-7.053979362646E0));
#1927=CARTESIAN_POINT('',(-6.319752393281E1,2.568196736456E1,
-6.933951711399E0));
#1928=CARTESIAN_POINT('',(-6.320500524981E1,2.574475561368E1,
-6.814971855913E0));
#1929=CARTESIAN_POINT('',(-6.316752261896E1,2.581975187403E1,
-6.707696788452E0));
#1930=CARTESIAN_POINT('',(-6.311625496595E1,2.587158943488E1,
-6.652581019556E0));
#1931=CARTESIAN_POINT('',(-6.308284271248E1,2.589828904569E1,
-6.629451228872E0));
#1933=DIRECTION('',(-1.064905008991E-11,-4.845087274150E-1,-8.747864271116E-1));
#1934=VECTOR('',#1933,1.634727687365E-1);
#1935=CARTESIAN_POINT('',(-6.2925E1,2.588103197826E1,-7.191864322064E0));
#1936=LINE('',#1935,#1934);
#1937=CARTESIAN_POINT('',(-6.282500205668E1,2.577755833521E1,
-7.172110164519E0));
#1938=CARTESIAN_POINT('',(-6.282498621243E1,2.579329283351E1,
-7.180826906621E0));
#1939=CARTESIAN_POINT('',(-6.283494618106E1,2.582476310643E1,
-7.197248685666E0));
#1940=CARTESIAN_POINT('',(-6.287328908524E1,2.586132636036E1,
-7.208711269828E0));
#1941=CARTESIAN_POINT('',(-6.290802792972E1,2.587628400395E1,
-7.200436847700E0));
#1942=CARTESIAN_POINT('',(-6.2925E1,2.588103197826E1,-7.191864322064E0));
#1944=CARTESIAN_POINT('',(-6.2925E1,2.570607413618E1,-7.094962268258E0));
#1945=CARTESIAN_POINT('',(-6.290805523364E1,2.570133380020E1,
-7.103521002793E0));
#1946=CARTESIAN_POINT('',(-6.287336935843E1,2.570223278576E1,
-7.120564417033E0));
#1947=CARTESIAN_POINT('',(-6.283502573721E1,2.573126292119E1,
-7.145451154453E0));
#1948=CARTESIAN_POINT('',(-6.282501789016E1,2.576183452179E1,
-7.163399341726E0));
#1949=CARTESIAN_POINT('',(-6.282500205668E1,2.577755833521E1,
-7.172110164519E0));
#1951=DIRECTION('',(0.E0,4.845087274246E-1,8.747864271063E-1));
#1952=VECTOR('',#1951,1.634727687450E-1);
#1953=CARTESIAN_POINT('',(-6.2925E1,2.562687015303E1,-7.237966027558E0));
#1954=LINE('',#1953,#1952);
#1955=CARTESIAN_POINT('',(-6.2925E1,2.588103197826E1,-7.191864322064E0));
#1956=CARTESIAN_POINT('',(-6.295338347124E1,2.589806242810E1,
-7.182418100207E0));
#1957=CARTESIAN_POINT('',(-6.299973518185E1,2.593258618766E1,
-7.154873080571E0));
#1958=CARTESIAN_POINT('',(-6.304393504410E1,2.598715189406E1,
-7.089527068188E0));
#1959=CARTESIAN_POINT('',(-6.305512632197E1,2.603422733528E1,
-7.012931101410E0));
#1960=CARTESIAN_POINT('',(-6.303333041459E1,2.607108999266E1,
-6.930016781501E0));
#1961=CARTESIAN_POINT('',(-6.299943213777E1,2.608448455235E1,
-6.880391285508E0));
#1962=CARTESIAN_POINT('',(-6.297677669530E1,2.608819480211E1,
-6.856688941281E0));
#1964=CARTESIAN_POINT('',(-6.297677669530E1,3.260802929011E1,
-7.228739110082E0));
#1965=CARTESIAN_POINT('',(-6.298861318784E1,3.259950586224E1,
-7.219380978308E0));
#1966=CARTESIAN_POINT('',(-6.301225193820E1,3.258248069326E1,
-7.200684603457E0));
#1967=CARTESIAN_POINT('',(-6.304760726794E1,3.255700802045E1,
-7.172699669370E0));
#1968=CARTESIAN_POINT('',(-6.307110899077E1,3.254006957084E1,
-7.154082697956E0));
#1969=CARTESIAN_POINT('',(-6.308284271247E1,3.253161118250E1,
-7.144784118574E0));
#1971=CARTESIAN_POINT('',(-6.308284271248E1,2.617366741372E1,
-6.781972139712E0));
#1972=CARTESIAN_POINT('',(-6.307110908824E1,2.616420622156E1,
-6.790248076509E0));
#1973=CARTESIAN_POINT('',(-6.304760749546E1,2.614525999878E1,
-6.806817214552E0));
#1974=CARTESIAN_POINT('',(-6.301225216644E1,2.611676916544E1,
-6.831722755442E0));
#1975=CARTESIAN_POINT('',(-6.298861328568E1,2.609772754356E1,
-6.848361099878E0));
#1976=CARTESIAN_POINT('',(-6.297677669530E1,2.608819480211E1,
-6.856688941281E0));
#1978=CARTESIAN_POINT('',(-6.2925E1,3.283814029805E1,-7.736390725046E0));
#1979=CARTESIAN_POINT('',(-6.297154197777E1,3.281657386713E1,
-7.728513470877E0));
#1980=CARTESIAN_POINT('',(-6.305270355736E1,3.277211533264E1,
-7.698196634897E0));
#1981=CARTESIAN_POINT('',(-6.314629482412E1,3.270047445788E1,
-7.613924705926E0));
#1982=CARTESIAN_POINT('',(-6.319752513891E1,3.263480126699E1,
-7.503756558589E0));
#1983=CARTESIAN_POINT('',(-6.320500501035E1,3.258093305853E1,
-7.380497523876E0));
#1984=CARTESIAN_POINT('',(-6.316752462019E1,3.254381926580E1,
-7.254975054539E0));
#1985=CARTESIAN_POINT('',(-6.311625609703E1,3.253304789462E1,
-7.180081098327E0));
#1986=CARTESIAN_POINT('',(-6.308284271247E1,3.253161118250E1,
-7.144784118574E0));
#1988=DIRECTION('',(-1.147489479086E-11,3.818493186868E-1,-9.242245927362E-1));
#1989=VECTOR('',#1988,1.634727687352E-1);
#1990=CARTESIAN_POINT('',(-6.2925E1,3.296056383936E1,-7.508935065215E0));
#1991=LINE('',#1990,#1989);
#1992=CARTESIAN_POINT('',(-6.2925E1,3.277571833269E1,-7.585305171929E0));
#1993=CARTESIAN_POINT('',(-6.290802150952E1,3.277946170506E1,
-7.594365596120E0));
#1994=CARTESIAN_POINT('',(-6.287328527715E1,3.279340999367E1,
-7.604269143522E0));
#1995=CARTESIAN_POINT('',(-6.283500983255E1,3.283087434517E1,
-7.597100685671E0));
#1996=CARTESIAN_POINT('',(-6.282000831075E1,3.288080796844E1,
-7.577912415379E0));
#1997=CARTESIAN_POINT('',(-6.283495508165E1,3.292974873340E1,
-7.556258325437E0));
#1998=CARTESIAN_POINT('',(-6.287325766603E1,3.296141708051E1,
-7.534867828979E0));
#1999=CARTESIAN_POINT('',(-6.290801400841E1,3.296430886555E1,
-7.517999492308E0));
#2000=CARTESIAN_POINT('',(-6.2925E1,3.296056383936E1,-7.508935065215E0));
#2002=DIRECTION('',(0.E0,-3.818493186865E-1,9.242245927363E-1));
#2003=VECTOR('',#2002,1.634727687450E-1);
#2004=CARTESIAN_POINT('',(-6.2925E1,3.283814029805E1,-7.736390725046E0));
#2005=LINE('',#2004,#2003);
#2006=CARTESIAN_POINT('',(-6.2925E1,3.296056383936E1,-7.508935065215E0));
#2007=CARTESIAN_POINT('',(-6.295338347124E1,3.296379679751E1,
-7.489730500380E0));
#2008=CARTESIAN_POINT('',(-6.299973518185E1,3.296378644598E1,
-7.445564699429E0));
#2009=CARTESIAN_POINT('',(-6.304393504410E1,3.294671803772E1,
-7.362160939988E0));
#2010=CARTESIAN_POINT('',(-6.305512632197E1,3.291618395698E1,
-7.277599073839E0));
#2011=CARTESIAN_POINT('',(-6.303333041459E1,3.287434242227E1,
-7.197082454884E0));
#2012=CARTESIAN_POINT('',(-6.299943213777E1,3.284389501854E1,
-7.155669175760E0));
#2013=CARTESIAN_POINT('',(-6.297677669530E1,3.282767708251E1,
-7.137990215782E0));
#2015=CARTESIAN_POINT('',(-6.297677669530E1,3.718360793061E1,
-2.272547838607E0));
#2016=CARTESIAN_POINT('',(-6.298861318784E1,3.717097717822E1,
-2.273377023130E0));
#2017=CARTESIAN_POINT('',(-6.301225193820E1,3.714574474451E1,
-2.275030837185E0));
#2018=CARTESIAN_POINT('',(-6.304760726796E1,3.710798329027E1,
-2.277497853722E0));
#2019=CARTESIAN_POINT('',(-6.307110899077E1,3.708286700533E1,
-2.279133375067E0));
#2020=CARTESIAN_POINT('',(-6.308284271248E1,3.707032336436E1,
-2.279948839946E0));
#2022=CARTESIAN_POINT('',(-6.308284271247E1,3.282255243645E1,
-7.024579873341E0));
#2023=CARTESIAN_POINT('',(-6.307110908824E1,3.282312386756E1,
-7.037136893421E0));
#2024=CARTESIAN_POINT('',(-6.304760749544E1,3.282426536463E1,
-7.062280335472E0));
#2025=CARTESIAN_POINT('',(-6.301225216643E1,3.282597355655E1,
-7.100083716678E0));
#2026=CARTESIAN_POINT('',(-6.298861328568E1,3.282710968099E1,
-7.125344894220E0));
#2027=CARTESIAN_POINT('',(-6.297677669530E1,3.282767708251E1,
-7.137990215782E0));
#2029=CARTESIAN_POINT('',(-6.2925E1,3.772397781206E1,-2.409155412963E0));
#2030=CARTESIAN_POINT('',(-6.297154265981E1,3.770437238971E1,
-2.421105515104E0));
#2031=CARTESIAN_POINT('',(-6.305270471138E1,3.765294956718E1,
-2.436962328674E0));
#2032=CARTESIAN_POINT('',(-6.314629308464E1,3.754239786308E1,
-2.440430242867E0));
#2033=CARTESIAN_POINT('',(-6.319752393281E1,3.741532548657E1,
-2.423089153129E0));
#2034=CARTESIAN_POINT('',(-6.320500524981E1,3.728535700463E1,
-2.388350645064E0));
#2035=CARTESIAN_POINT('',(-6.316752261896E1,3.716408330919E1,
-2.339105645746E0));
#2036=CARTESIAN_POINT('',(-6.311625496595E1,3.709881446523E1,
-2.300832173145E0));
#2037=CARTESIAN_POINT('',(-6.308284271248E1,3.707032336436E1,
-2.279948839946E0));
#2039=DIRECTION('',(-1.138796376971E-11,9.606670395203E-1,-2.777027892897E-1));
#2040=VECTOR('',#2039,1.634727687352E-1);
#2041=CARTESIAN_POINT('',(-6.2925E1,3.762247564585E1,-2.171624549898E0));
#2042=LINE('',#2041,#2040);
#2043=CARTESIAN_POINT('',(-6.282500205668E1,3.762624181797E1,
-2.276899606273E0));
#2044=CARTESIAN_POINT('',(-6.282498621243E1,3.763123875789E1,
-2.259619947106E0));
#2045=CARTESIAN_POINT('',(-6.283494618106E1,3.764024601413E1,
-2.225284510018E0));
#2046=CARTESIAN_POINT('',(-6.287328908524E1,3.764328511796E1,
-2.187087308263E0));
#2047=CARTESIAN_POINT('',(-6.290802792972E1,3.763188976405E1,
-2.174345916172E0));
#2048=CARTESIAN_POINT('',(-6.2925E1,3.762247564585E1,-2.171624549898E0));
#2050=CARTESIAN_POINT('',(-6.2925E1,3.756693491127E1,-2.363758569110E0));
#2051=CARTESIAN_POINT('',(-6.290805523364E1,3.757633388445E1,
-2.366475557371E0));
#2052=CARTESIAN_POINT('',(-6.287336935843E1,3.759274994160E1,
-2.361806594801E0));
#2053=CARTESIAN_POINT('',(-6.283502573721E1,3.761055290371E1,
-2.327966485420E0));
#2054=CARTESIAN_POINT('',(-6.282501789016E1,3.762124827134E1,
-2.294167531282E0));
#2055=CARTESIAN_POINT('',(-6.282500205668E1,3.762624181797E1,
-2.276899606273E0));
#2057=DIRECTION('',(0.E0,-9.606670395202E-1,2.777027892900E-1));
#2058=VECTOR('',#2057,1.634727687450E-1);
#2059=CARTESIAN_POINT('',(-6.2925E1,3.772397781206E1,-2.409155412963E0));
#2060=LINE('',#2059,#2058);
#2061=DIRECTION('',(-7.071067811866E-1,6.535254768632E-1,2.700082426348E-1));
#2062=VECTOR('',#2061,1.5E-1);
#2063=CARTESIAN_POINT('',(-6.297677669530E1,2.256579585696E1,
-2.968200022900E0));
#2064=LINE('',#2063,#2062);
#2065=CARTESIAN_POINT('',(-6.308284271248E1,2.221783377235E1,
-1.432401057867E0));
#2066=CARTESIAN_POINT('',(-6.307110908824E1,2.220546442759E1,
-1.430163962173E0));
#2067=CARTESIAN_POINT('',(-6.304760749546E1,2.218069737714E1,
-1.425681897322E0));
#2068=CARTESIAN_POINT('',(-6.301225216644E1,2.214346169716E1,
-1.418935217614E0));
#2069=CARTESIAN_POINT('',(-6.298861328568E1,2.211858105860E1,
-1.414421716221E0));
#2070=CARTESIAN_POINT('',(-6.297677669530E1,2.210612652294E1,
-1.412161043030E0));
#2072=CARTESIAN_POINT('',(-6.2925E1,2.171491195010E1,-1.459173057103E0));
#2073=CARTESIAN_POINT('',(-6.295338347124E1,2.173291561553E1,
-1.466598375949E0));
#2074=CARTESIAN_POINT('',(-6.299973518185E1,2.177597639108E1,
-1.476416099231E0));
#2075=CARTESIAN_POINT('',(-6.304393504410E1,2.186108712228E1,
-1.478334714045E0));
#2076=CARTESIAN_POINT('',(-6.305512632197E1,2.195032331806E1,
-1.467382971894E0));
#2077=CARTESIAN_POINT('',(-6.303333041459E1,2.203813183466E1,
-1.444507125067E0));
#2078=CARTESIAN_POINT('',(-6.299943213777E1,2.208528198112E1,
-1.424038422864E0));
#2079=CARTESIAN_POINT('',(-6.297677669530E1,2.210612652294E1,
-1.412161043030E0));
#2081=DIRECTION('',(1.064905008991E-11,9.860218196064E-1,1.666162394849E-1));
#2082=VECTOR('',#2081,1.634727687366E-1);
#2083=CARTESIAN_POINT('',(-6.2925E1,2.155372423322E1,-1.486410275088E0));
#2084=LINE('',#2083,#2082);
#2085=CARTESIAN_POINT('',(-6.282500205668E1,2.166584161117E1,
-1.365957589583E0));
#2086=CARTESIAN_POINT('',(-6.282498621243E1,2.166883688700E1,
-1.383694115518E0));
#2087=CARTESIAN_POINT('',(-6.283494618106E1,2.167561921737E1,
-1.418537377415E0));
#2088=CARTESIAN_POINT('',(-6.287328908524E1,2.168945422416E1,
-1.454270484771E0));
#2089=CARTESIAN_POINT('',(-6.290802792972E1,2.170524936611E1,
-1.460805823616E0));
#2090=CARTESIAN_POINT('',(-6.2925E1,2.171491195010E1,-1.459173057103E0));
#2092=CARTESIAN_POINT('',(-6.2925E1,2.168158859619E1,-1.261968065734E0));
#2093=CARTESIAN_POINT('',(-6.290805523364E1,2.167194155694E1,
-1.263598205524E0));
#2094=CARTESIAN_POINT('',(-6.287336935843E1,2.165917698745E1,
-1.274927455705E0));
#2095=CARTESIAN_POINT('',(-6.283502573721E1,2.165781974602E1,
-1.313140756509E0));
#2096=CARTESIAN_POINT('',(-6.282501789016E1,2.166284836936E1,
-1.348233108053E0));
#2097=CARTESIAN_POINT('',(-6.282500205668E1,2.166584161117E1,
-1.365957589583E0));
#2099=CARTESIAN_POINT('',(-6.2925E1,2.152040087930E1,-1.289205283719E0));
#2100=CARTESIAN_POINT('',(-6.297154265981E1,2.153287979948E1,
-1.269932139765E0));
#2101=CARTESIAN_POINT('',(-6.305270471138E1,2.157233014811E1,
-1.233334117881E0));
#2102=CARTESIAN_POINT('',(-6.314629308464E1,2.167042912022E1,
-1.182243048415E0));
#2103=CARTESIAN_POINT('',(-6.319752393281E1,2.179244139229E1,
-1.142732192543E0));
#2104=CARTESIAN_POINT('',(-6.320500524981E1,2.192461142209E1,
-1.117639295917E0));
#2105=CARTESIAN_POINT('',(-6.316752261896E1,2.205524185062E1,
-1.109388822766E0));
#2106=CARTESIAN_POINT('',(-6.311625496595E1,2.213065328447E1,
-1.115552939985E0));
#2107=CARTESIAN_POINT('',(-6.308284271248E1,2.216538381806E1,
-1.122006347676E0));
#2109=DIRECTION('',(0.E0,-9.860218196082E-1,-1.666162394741E-1));
#2110=VECTOR('',#2109,1.634727687450E-1);
#2111=CARTESIAN_POINT('',(-6.2925E1,2.168158859619E1,-1.261968065734E0));
#2112=LINE('',#2111,#2110);
#2113=CARTESIAN_POINT('',(-6.297677669530E1,2.206652912479E1,
-1.177826750663E0));
#2114=CARTESIAN_POINT('',(-6.298861318784E1,2.207754926979E1,
-1.171599403145E0));
#2115=CARTESIAN_POINT('',(-6.301225193820E1,2.209956534400E1,
-1.159161425484E0));
#2116=CARTESIAN_POINT('',(-6.304760726796E1,2.213251684031E1,
-1.140554639429E0));
#2117=CARTESIAN_POINT('',(-6.307110899077E1,2.215443620500E1,
-1.128183537993E0));
#2118=CARTESIAN_POINT('',(-6.308284271248E1,2.216538381806E1,
-1.122006347676E0));
#2120=CARTESIAN_POINT('',(-6.308284271247E1,2.393387492859E1,4.995797236215E0));
#2121=CARTESIAN_POINT('',(-6.307110908824E1,2.392791180012E1,5.006862785712E0));
#2122=CARTESIAN_POINT('',(-6.304760749544E1,2.391597401615E1,5.029020967216E0));
#2123=CARTESIAN_POINT('',(-6.301225216643E1,2.389803271601E1,5.062339480084E0));
#2124=CARTESIAN_POINT('',(-6.298861328568E1,2.388604868910E1,5.084606068697E0));
#2125=CARTESIAN_POINT('',(-6.297677669530E1,2.388005087860E1,5.095752923458E0));
#2127=CARTESIAN_POINT('',(-6.2925E1,2.359937710944E1,5.372305281563E0));
#2128=CARTESIAN_POINT('',(-6.295338347124E1,2.360479686319E1,5.353599838553E0));
#2129=CARTESIAN_POINT('',(-6.299973518185E1,2.362396901245E1,5.313812318230E0));
#2130=CARTESIAN_POINT('',(-6.304393504410E1,2.367553465193E1,5.246073832306E0));
#2131=CARTESIAN_POINT('',(-6.305512632197E1,2.373973492675E1,5.183134464615E0));
#2132=CARTESIAN_POINT('',(-6.303333041459E1,2.381236769860E1,5.128745859118E0));
#2133=CARTESIAN_POINT('',(-6.299943213777E1,2.385776840987E1,5.104644417287E0));
#2134=CARTESIAN_POINT('',(-6.297677669530E1,2.388005087860E1,5.095752923458E0));
#2136=DIRECTION('',(-1.147489479085E-11,-7.450403704474E-1,6.670193748338E-1));
#2137=VECTOR('',#2136,1.634727687353E-1);
#2138=CARTESIAN_POINT('',(-6.2925E1,2.359937710944E1,5.372305281563E0));
#2139=LINE('',#2138,#2137);
#2140=CARTESIAN_POINT('',(-6.282500205668E1,2.364166104070E1,5.468788910766E0));
#2141=CARTESIAN_POINT('',(-6.282498621243E1,2.362966159027E1,5.455388566786E0));
#2142=CARTESIAN_POINT('',(-6.283494618106E1,2.360664874499E1,5.428361508919E0));
#2143=CARTESIAN_POINT('',(-6.287328908524E1,2.358733746233E1,5.395265637030E0));
#2144=CARTESIAN_POINT('',(-6.290802792972E1,2.359207603860E1,5.378841780660E0));
#2145=CARTESIAN_POINT('',(-6.2925E1,2.359937710944E1,5.372305281563E0));
#2147=CARTESIAN_POINT('',(-6.2925E1,2.373278140886E1,5.521313829745E0));
#2148=CARTESIAN_POINT('',(-6.290805523364E1,2.372549208366E1,5.527839813210E0));
#2149=CARTESIAN_POINT('',(-6.287336935843E1,2.370867594030E1,5.530755883550E0));
#2150=CARTESIAN_POINT('',(-6.283502573721E1,2.367795335249E1,5.507991414276E0));
#2151=CARTESIAN_POINT('',(-6.282501789016E1,2.365365234263E1,5.482180154928E0));
#2152=CARTESIAN_POINT('',(-6.282500205668E1,2.364166104070E1,5.468788910766E0));
#2154=DIRECTION('',(0.E0,7.450403704472E-1,-6.670193748340E-1));
#2155=VECTOR('',#2154,1.634727687450E-1);
#2156=CARTESIAN_POINT('',(-6.2925E1,2.361098759668E1,5.630353333756E0));
#2157=LINE('',#2156,#2155);
#2158=CARTESIAN_POINT('',(-6.2925E1,2.361098759668E1,5.630353333756E0));
#2159=CARTESIAN_POINT('',(-6.297154265981E1,2.363383642686E1,5.632613529796E0));
#2160=CARTESIAN_POINT('',(-6.305270471138E1,2.368704680262E1,5.624588498652E0));
#2161=CARTESIAN_POINT('',(-6.314629308464E1,2.378815511789E1,5.579746394635E0));
#2162=CARTESIAN_POINT('',(-6.319752393281E1,2.389511935624E1,5.508987974786E0));
#2163=CARTESIAN_POINT('',(-6.320500524981E1,2.399714443850E1,5.421298449592E0));
#2164=CARTESIAN_POINT('',(-6.316752261896E1,2.408504165816E1,5.324311553870E0));
#2165=CARTESIAN_POINT('',(-6.311625496595E1,2.412724061720E1,5.261509256528E0));
#2166=CARTESIAN_POINT('',(-6.308284271248E1,2.414384927341E1,5.230332198079E0));
#2168=CARTESIAN_POINT('',(-6.297677669530E1,2.403857223187E1,5.272816457471E0));
#2169=CARTESIAN_POINT('',(-6.298861318784E1,2.405031191623E1,5.268083248835E0));
#2170=CARTESIAN_POINT('',(-6.301225193820E1,2.407376311649E1,5.258625341129E0));
#2171=CARTESIAN_POINT('',(-6.304760726796E1,2.410885540952E1,5.244463965266E0));
#2172=CARTESIAN_POINT('',(-6.307110899077E1,2.413219402645E1,5.235039971459E0));
#2173=CARTESIAN_POINT('',(-6.308284271248E1,2.414384927341E1,5.230332198079E0));
#2175=CARTESIAN_POINT('',(-6.308284271247E1,3.002957689094E1,7.662058315734E0));
#2176=CARTESIAN_POINT('',(-6.307110908824E1,3.003451033612E1,7.673619734567E0));
#2177=CARTESIAN_POINT('',(-6.304760749544E1,3.004439121345E1,7.696768470104E0));
#2178=CARTESIAN_POINT('',(-6.301225216643E1,3.005925445809E1,7.731569296372E0));
#2179=CARTESIAN_POINT('',(-6.298861328568E1,3.006919125951E1,7.754821776824E0));
#2180=CARTESIAN_POINT('',(-6.297677669530E1,3.007416664781E1,7.766461004166E0));
#2182=CARTESIAN_POINT('',(-6.2925E1,3.011538675521E1,8.158328168155E0));
#2183=CARTESIAN_POINT('',(-6.295338347124E1,3.010414141217E1,8.142428181090E0));
#2184=CARTESIAN_POINT('',(-6.299973518185E1,3.008498791571E1,8.102631678047E0));
#2185=CARTESIAN_POINT('',(-6.304393504410E1,3.006417848518E1,8.020081782527E0));
#2186=CARTESIAN_POINT('',(-6.305512632197E1,3.005499872266E1,7.930645932594E0));
#2187=CARTESIAN_POINT('',(-6.303333041459E1,3.005776179113E1,7.839948604037E0));
#2188=CARTESIAN_POINT('',(-6.299943213777E1,3.006722540560E1,7.789425895450E0));
#2189=CARTESIAN_POINT('',(-6.297677669530E1,3.007416664781E1,7.766461004166E0));
#2191=DIRECTION('',(-1.138796376971E-11,5.697167371425E-2,9.983757951764E-1));
#2192=VECTOR('',#2191,1.634727687352E-1);
#2193=CARTESIAN_POINT('',(-6.2925E1,3.011538675521E1,8.158328168155E0));
#2194=LINE('',#2193,#2192);
#2195=CARTESIAN_POINT('',(-6.282500205668E1,3.021718429399E1,8.185425818344E0));
#2196=CARTESIAN_POINT('',(-6.282498621243E1,3.019922594822E1,8.186452388653E0));
#2197=CARTESIAN_POINT('',(-6.283494618106E1,3.016374706915E1,8.187593460642E0));
#2198=CARTESIAN_POINT('',(-6.287328908524E1,3.012583128677E1,8.182056690785E0));
#2199=CARTESIAN_POINT('',(-6.290802792972E1,3.011594505278E1,8.168111815722E0));
#2200=CARTESIAN_POINT('',(-6.2925E1,3.011538675521E1,8.158328168155E0));
#2202=CARTESIAN_POINT('',(-6.2925E1,3.031506254955E1,8.146933797149E0));
#2203=CARTESIAN_POINT('',(-6.290805523364E1,3.031561994896E1,8.156701705215E0));
#2204=CARTESIAN_POINT('',(-6.287336935843E1,3.030741513066E1,8.171667235632E0));
#2205=CARTESIAN_POINT('',(-6.283502573721E1,3.027046193171E1,8.181493707563E0));
#2206=CARTESIAN_POINT('',(-6.282501789016E1,3.023513044473E1,8.184399945152E0));
#2207=CARTESIAN_POINT('',(-6.282500205668E1,3.021718429399E1,8.185425818344E0));
#2209=DIRECTION('',(8.693102113768E-14,-5.697167371445E-2,-9.983757951764E-1));
#2210=VECTOR('',#2209,1.634727687450E-1);
#2211=CARTESIAN_POINT('',(-6.2925E1,3.032437586680E1,8.310141052635E0));
#2212=LINE('',#2211,#2210);
#2213=CARTESIAN_POINT('',(-6.2925E1,3.032437586680E1,8.310141052635E0));
#2214=CARTESIAN_POINT('',(-6.297154265981E1,3.034038897182E1,8.293686327044E0));
#2215=CARTESIAN_POINT('',(-6.305270471138E1,3.036729087646E1,8.247081255004E0));
#2216=CARTESIAN_POINT('',(-6.314629308464E1,3.039527191125E1,8.140072996441E0));
#2217=CARTESIAN_POINT('',(-6.319752393281E1,3.040664186274E1,8.012327834227E0));
#2218=CARTESIAN_POINT('',(-6.320500524981E1,3.040169502959E1,7.877887888223E0));
#2219=CARTESIAN_POINT('',(-6.316752261896E1,3.038067064119E1,7.748696734280E0));
#2220=CARTESIAN_POINT('',(-6.311625496595E1,3.035788044857E1,7.676547667645E0));
#2221=CARTESIAN_POINT('',(-6.308284271248E1,3.034386057051E1,7.644123919347E0));
#2223=CARTESIAN_POINT('',(-6.297677669530E1,3.031143694024E1,7.752921327275E0));
#2224=CARTESIAN_POINT('',(-6.298861318784E1,3.031505594220E1,7.740791765128E0));
#2225=CARTESIAN_POINT('',(-6.301225193820E1,3.032228303640E1,7.716559969463E0));
#2226=CARTESIAN_POINT('',(-6.304760726796E1,3.033309091374E1,7.680294236547E0));
#2227=CARTESIAN_POINT('',(-6.307110899077E1,3.034027432833E1,7.656171607049E0));
#2228=CARTESIAN_POINT('',(-6.308284271248E1,3.034386057051E1,7.644123919347E0));
#2230=CARTESIAN_POINT('',(-6.308284271247E1,3.591475175208E1,4.558633205999E0));
#2231=CARTESIAN_POINT('',(-6.307110908824E1,3.592686678607E1,4.561984509977E0));
#2232=CARTESIAN_POINT('',(-6.304760749544E1,3.595112582254E1,4.568692329540E0));
#2233=CARTESIAN_POINT('',(-6.301225216643E1,3.598760128559E1,4.578769737220E0));
#2234=CARTESIAN_POINT('',(-6.298861328568E1,3.601197630120E1,4.585498517467E0));
#2235=CARTESIAN_POINT('',(-6.297677669530E1,3.602417831943E1,4.588865541804E0));
#2237=CARTESIAN_POINT('',(-6.2925E1,3.635625272178E1,4.800963544560E0));
#2238=CARTESIAN_POINT('',(-6.295338347124E1,3.633681025461E1,4.799842028E0));
#2239=CARTESIAN_POINT('',(-6.299973518185E1,3.629375408593E1,4.790004120729E0));
#2240=CARTESIAN_POINT('',(-6.304393504410E1,3.621623951102E1,4.754804570650E0));
#2241=CARTESIAN_POINT('',(-6.305512632197E1,3.614059225957E1,4.706219257635E0));
#2242=CARTESIAN_POINT('',(-6.303333041459E1,3.607140497774E1,4.647510144310E0));
#2243=CARTESIAN_POINT('',(-6.299943213777E1,3.603780520070E1,4.608610799009E0));
#2244=CARTESIAN_POINT('',(-6.297677669530E1,3.602417831943E1,4.588865541804E0));
#2246=DIRECTION('',(1.147489479085E-11,-8.160828855587E-1,-5.779348785964E-1));
#2247=VECTOR('',#2246,1.634727687353E-1);
#2248=CARTESIAN_POINT('',(-6.2925E1,3.648966005060E1,4.895440159313E0));
#2249=LINE('',#2248,#2247);
#2250=CARTESIAN_POINT('',(-6.282500205668E1,3.644090824508E1,4.738270132452E0));
#2251=CARTESIAN_POINT('',(-6.282498621243E1,3.643051400462E1,4.752950588669E0));
#2252=CARTESIAN_POINT('',(-6.283494618106E1,3.640928541135E1,4.781400540032E0));
#2253=CARTESIAN_POINT('',(-6.287328908524E1,3.638131648672E1,4.807592172839E0));
#2254=CARTESIAN_POINT('',(-6.290802792972E1,3.636424997830E1,4.806627054429E0));
#2255=CARTESIAN_POINT('',(-6.2925E1,3.635625272178E1,4.800963544560E0));
#2257=CARTESIAN_POINT('',(-6.2925E1,3.647184006525E1,4.637746448137E0));
#2258=CARTESIAN_POINT('',(-6.290805523364E1,3.647982445614E1,4.643400846800E0));
#2259=CARTESIAN_POINT('',(-6.287336935843E1,3.648640935843E1,4.659146487649E0));
#2260=CARTESIAN_POINT('',(-6.283502573721E1,3.647105206087E1,4.694164366997E0));
#2261=CARTESIAN_POINT('',(-6.282501789016E1,3.645129542709E1,4.723599645343E0));
#2262=CARTESIAN_POINT('',(-6.282500205668E1,3.644090824508E1,4.738270132452E0));
#2264=CARTESIAN_POINT('',(-6.22E1,2.975E1,0.E0));
#2265=DIRECTION('',(1.E0,0.E0,0.E0));
#2266=DIRECTION('',(0.E0,-9.242245927363E-1,-3.818493186866E-1));
#2267=AXIS2_PLACEMENT_3D('',#2264,#2265,#2266);
#2269=DIRECTION('',(-1.E0,0.E0,0.E0));
#2270=VECTOR('',#2269,6.E-1);
#2271=CARTESIAN_POINT('',(-6.22E1,2.203272465065E1,-3.188441811033E0));
#2272=LINE('',#2271,#2270);
#2273=CARTESIAN_POINT('',(-6.22E1,2.975E1,0.E0));
#2274=DIRECTION('',(-1.E0,0.E0,0.E0));
#2275=DIRECTION('',(0.E0,0.E0,1.E0));
#2276=AXIS2_PLACEMENT_3D('',#2273,#2274,#2275);
#2278=CARTESIAN_POINT('',(-6.22E1,2.975E1,0.E0));
#2279=DIRECTION('',(-1.E0,0.E0,0.E0));
#2280=DIRECTION('',(0.E0,0.E0,-1.E0));
#2281=AXIS2_PLACEMENT_3D('',#2278,#2279,#2280);
#2283=DIRECTION('',(1.E0,0.E0,0.E0));
#2284=VECTOR('',#2283,4.E-1);
#2285=CARTESIAN_POINT('',(-6.26E1,2.975E1,-8.7E0));
#2286=LINE('',#2285,#2284);
#2287=DIRECTION('',(1.E0,0.E0,0.E0));
#2288=VECTOR('',#2287,4.E-1);
#2289=CARTESIAN_POINT('',(-6.26E1,2.975E1,8.7E0));
#2290=LINE('',#2289,#2288);
#2291=DIRECTION('',(-5.735764363510E-1,0.E0,8.191520442890E-1));
#2292=VECTOR('',#2291,3.752144010113E-1);
#2293=CARTESIAN_POINT('',(-6.26E1,2.975E1,-8.7E0));
#2294=LINE('',#2293,#2292);
#2295=CARTESIAN_POINT('',(-6.26E1,2.975E1,0.E0));
#2296=DIRECTION('',(1.E0,0.E0,0.E0));
#2297=DIRECTION('',(0.E0,0.E0,1.E0));
#2298=AXIS2_PLACEMENT_3D('',#2295,#2296,#2297);
#2300=DIRECTION('',(-5.735764363510E-1,0.E0,-8.191520442890E-1));
#2301=VECTOR('',#2300,3.752144010113E-1);
#2302=CARTESIAN_POINT('',(-6.26E1,2.975E1,8.7E0));
#2303=LINE('',#2302,#2301);
#2304=CARTESIAN_POINT('',(-6.26E1,2.975E1,0.E0));
#2305=DIRECTION('',(1.E0,0.E0,0.E0));
#2306=DIRECTION('',(0.E0,0.E0,-1.E0));
#2307=AXIS2_PLACEMENT_3D('',#2304,#2305,#2306);
#2309=CARTESIAN_POINT('',(-6.22E1,2.975E1,0.E0));
#2310=DIRECTION('',(1.E0,0.E0,0.E0));
#2311=DIRECTION('',(0.E0,9.242245927363E-1,3.818493186866E-1));
#2312=AXIS2_PLACEMENT_3D('',#2309,#2310,#2311);
#2314=DIRECTION('',(-1.E0,1.184237892934E-14,0.E0));
#2315=VECTOR('',#2314,6.E-1);
#2316=CARTESIAN_POINT('',(-6.22E1,3.746727534935E1,3.188441811033E0));
#2317=LINE('',#2316,#2315);
#2318=CARTESIAN_POINT('',(-5.815E1,2.975E1,-7.5E0));
#2319=DIRECTION('',(0.E0,-1.E0,0.E0));
#2320=DIRECTION('',(-5.414012738854E-1,0.E0,8.407643312102E-1));
#2321=AXIS2_PLACEMENT_3D('',#2318,#2319,#2320);
#2323=CARTESIAN_POINT('',(-5.823121019108E1,2.975E1,0.E0));
#2324=DIRECTION('',(1.E0,0.E0,0.E0));
#2325=DIRECTION('',(0.E0,0.E0,1.E0));
#2326=AXIS2_PLACEMENT_3D('',#2323,#2324,#2325);
#2328=DIRECTION('',(1.E0,-2.368475785867E-14,0.E0));
#2329=VECTOR('',#2328,1.5E-1);
#2330=CARTESIAN_POINT('',(-5.785E1,2.975E1,-5.25E0));
#2331=LINE('',#2330,#2329);
#2332=DIRECTION('',(1.069251560048E-11,6.234898018673E-1,7.818314824612E-1));
#2333=VECTOR('',#2332,1.634727687365E-1);
#2334=CARTESIAN_POINT('',(-5.7575E1,3.491953507095E1,6.322003885666E0));
#2335=LINE('',#2334,#2333);
#2336=DIRECTION('',(0.E0,-6.234898018588E-1,-7.818314824680E-1));
#2337=VECTOR('',#2336,1.634727687450E-1);
#2338=CARTESIAN_POINT('',(-5.7575E1,3.486509188114E1,6.574510399913E0));
#2339=LINE('',#2338,#2337);
#2340=CARTESIAN_POINT('',(-5.7575E1,3.491953507095E1,6.322003885666E0));
#2341=CARTESIAN_POINT('',(-5.754661652876E1,3.491730770607E1,6.302656891724E0));
#2342=CARTESIAN_POINT('',(-5.750026481815E1,3.490503279558E1,6.260231137125E0));
#2343=CARTESIAN_POINT('',(-5.745606495590E1,3.486547428171E1,6.184847839042E0));
#2344=CARTESIAN_POINT('',(-5.744487367803E1,3.481265813067E1,6.112091440821E0));
#2345=CARTESIAN_POINT('',(-5.746666958541E1,3.475010265772E1,6.046361289754E0));
#2346=CARTESIAN_POINT('',(-5.750056786223E1,3.470935225739E1,6.015032246444E0));
#2347=CARTESIAN_POINT('',(-5.752322330470E1,3.468886272430E1,6.002552418374E0));
#2349=CARTESIAN_POINT('',(-5.752322330470E1,3.752231499723E1,
1.188281474642E-1));
#2350=CARTESIAN_POINT('',(-5.751138681216E1,3.751041131658E1,
1.231323128752E-1));
#2351=CARTESIAN_POINT('',(-5.748774806180E1,3.748663061797E1,
1.317281947481E-1));
#2352=CARTESIAN_POINT('',(-5.745239273206E1,3.745103953090E1,
1.445846373863E-1));
#2353=CARTESIAN_POINT('',(-5.742889100923E1,3.742736533264E1,
1.531306912221E-1));
#2354=CARTESIAN_POINT('',(-5.741715728753E1,3.741554152707E1,
1.573974855397E-1));
#2356=CARTESIAN_POINT('',(-5.741715728752E1,3.465244527731E1,5.895025968948E0));
#2357=CARTESIAN_POINT('',(-5.742889091176E1,3.465648135184E1,5.906930396241E0));
#2358=CARTESIAN_POINT('',(-5.745239250454E1,3.466456035444E1,5.930767875351E0));
#2359=CARTESIAN_POINT('',(-5.748774783356E1,3.467669946253E1,5.966609968006E0));
#2360=CARTESIAN_POINT('',(-5.751138671432E1,3.468480599930E1,5.990562043727E0));
#2361=CARTESIAN_POINT('',(-5.752322330470E1,3.468886272430E1,6.002552418374E0));
#2363=CARTESIAN_POINT('',(-5.7575E1,3.807936683593E1,1.000003181701E-1));
#2364=CARTESIAN_POINT('',(-5.752845802223E1,3.806385135694E1,
1.169246198736E-1));
#2365=CARTESIAN_POINT('',(-5.744729644264E1,3.801885533045E1,
1.464378276425E-1));
#2366=CARTESIAN_POINT('',(-5.735370517588E1,3.791361312200E1,
1.804709072722E-1));
#2367=CARTESIAN_POINT('',(-5.730247486109E1,3.778671574770E1,
1.991000533758E-1));
#2368=CARTESIAN_POINT('',(-5.729499498965E1,3.765222717784E1,
2.018199979728E-1));
#2369=CARTESIAN_POINT('',(-5.733247537981E1,3.752204434827E1,
1.881908085527E-1));
#2370=CARTESIAN_POINT('',(-5.738374390297E1,3.744871247135E1,
1.695477685366E-1));
#2371=CARTESIAN_POINT('',(-5.741715728753E1,3.741554152707E1,
1.573974855397E-1));
#2373=DIRECTION('',(1.143142928028E-11,1.E0,-2.435596676356E-13));
#2374=VECTOR('',#2373,1.634727687352E-1);
#2375=CARTESIAN_POINT('',(-5.7575E1,3.791589406719E1,-1.000003181701E-1));
#2376=LINE('',#2375,#2374);
#2377=CARTESIAN_POINT('',(-5.7575E1,3.791589406718E1,1.000003181701E-1));
#2378=CARTESIAN_POINT('',(-5.759197878509E1,3.792569750833E1,
1.000003181701E-1));
#2379=CARTESIAN_POINT('',(-5.762671543195E1,3.794017679122E1,
9.089022445105E-2));
#2380=CARTESIAN_POINT('',(-5.766499021605E1,3.794785704004E1,
5.352761276388E-2));
#2381=CARTESIAN_POINT('',(-5.767999166330E1,3.794918991381E1,
5.097668627565E-5));
#2382=CARTESIAN_POINT('',(-5.766504497352E1,3.794786464479E1,
-5.344960044631E-2));
#2383=CARTESIAN_POINT('',(-5.762674305243E1,3.794018778415E1,
-9.088608746033E-2));
#2384=CARTESIAN_POINT('',(-5.759198628961E1,3.792570184141E1,
-1.000003181701E-1));
#2385=CARTESIAN_POINT('',(-5.7575E1,3.791589406719E1,-1.000003181701E-1));
#2387=DIRECTION('',(0.E0,-1.E0,0.E0));
#2388=VECTOR('',#2387,1.634727687450E-1);
#2389=CARTESIAN_POINT('',(-5.7575E1,3.807936683593E1,1.000003181701E-1));
#2390=LINE('',#2389,#2388);
#2391=CARTESIAN_POINT('',(-5.7575E1,3.791589406719E1,-1.000003181701E-1));
#2392=CARTESIAN_POINT('',(-5.754661652876E1,3.789937923895E1,
-1.103215476008E-1));
#2393=CARTESIAN_POINT('',(-5.750026481815E1,3.785855616682E1,
-1.271766614654E-1));
#2394=CARTESIAN_POINT('',(-5.745606495590E1,3.777495480116E1,
-1.432492875082E-1));
#2395=CARTESIAN_POINT('',(-5.744487367803E1,3.768514122693E1,
-1.473188301508E-1));
#2396=CARTESIAN_POINT('',(-5.746666958541E1,3.759474862604E1,
-1.393930708656E-1));
#2397=CARTESIAN_POINT('',(-5.750056786223E1,3.754484713464E1,
-1.270664639696E-1));
#2398=CARTESIAN_POINT('',(-5.752322330470E1,3.752231499723E1,
-1.188281474642E-1));
#2400=CARTESIAN_POINT('',(-5.752322330470E1,3.468886272430E1,
-6.002552418375E0));
#2401=CARTESIAN_POINT('',(-5.751138681216E1,3.468480603283E1,
-5.990562142841E0));
#2402=CARTESIAN_POINT('',(-5.748774806180E1,3.467669954083E1,
-5.966610199305E0));
#2403=CARTESIAN_POINT('',(-5.745239273204E1,3.466456043261E1,
-5.930768106058E0));
#2404=CARTESIAN_POINT('',(-5.742889100923E1,3.465648138537E1,
-5.906930495129E0));
#2405=CARTESIAN_POINT('',(-5.741715728752E1,3.465244527730E1,
-5.895025968948E0));
#2407=CARTESIAN_POINT('',(-5.741715728753E1,3.741554152707E1,
-1.573974855397E-1));
#2408=CARTESIAN_POINT('',(-5.742889091176E1,3.742736523442E1,
-1.531307266654E-1));
#2409=CARTESIAN_POINT('',(-5.745239250456E1,3.745103930179E1,
-1.445847201127E-1));
#2410=CARTESIAN_POINT('',(-5.748774783357E1,3.748663038831E1,
-1.317282777416E-1));
#2411=CARTESIAN_POINT('',(-5.751138671432E1,3.751041121818E1,
-1.231323484545E-1));
#2412=CARTESIAN_POINT('',(-5.752322330470E1,3.752231499723E1,
-1.188281474642E-1));
#2414=CARTESIAN_POINT('',(-5.7575E1,3.502145867514E1,-6.449812042790E0));
#2415=CARTESIAN_POINT('',(-5.752845734019E1,3.502501693626E1,
-6.427129090941E0));
#2416=CARTESIAN_POINT('',(-5.744729528862E1,3.502003642358E1,
-6.373547940276E0));
#2417=CARTESIAN_POINT('',(-5.735370691536E1,3.498102746227E1,
-6.270049115904E0));
#2418=CARTESIAN_POINT('',(-5.730247606719E1,3.491647790027E1,
-6.159227383774E0));
#2419=CARTESIAN_POINT('',(-5.729499475019E1,3.483474334052E1,
-6.052372192124E0));
#2420=CARTESIAN_POINT('',(-5.733247738104E1,3.474292162310E1,
-5.959092229781E0));
#2421=CARTESIAN_POINT('',(-5.738374503405E1,3.468262547488E1,
-5.913383858496E0));
#2422=CARTESIAN_POINT('',(-5.741715728752E1,3.465244527730E1,
-5.895025968948E0));
#2424=DIRECTION('',(1.143142928028E-11,6.234898018585E-1,-7.818314824682E-1));
#2425=VECTOR('',#2424,1.634727687352E-1);
#2426=CARTESIAN_POINT('',(-5.7575E1,3.476316827695E1,-6.446702242790E0));
#2427=LINE('',#2426,#2425);
#2428=DIRECTION('',(0.E0,-6.234898018587E-1,7.818314824680E-1));
#2429=VECTOR('',#2428,1.634727687450E-1);
#2430=CARTESIAN_POINT('',(-5.7575E1,3.502145867514E1,-6.449812042790E0));
#2431=LINE('',#2430,#2429);
#2432=CARTESIAN_POINT('',(-5.7575E1,3.476316827695E1,-6.446702242790E0));
#2433=CARTESIAN_POINT('',(-5.754661652876E1,3.474480198785E1,
-6.440225611433E0));
#2434=CARTESIAN_POINT('',(-5.750026481815E1,3.470617136004E1,
-6.418817840041E0));
#2435=CARTESIAN_POINT('',(-5.745606495590E1,3.464148067608E1,
-6.363476778811E0));
#2436=CARTESIAN_POINT('',(-5.744487367803E1,3.458230113193E1,
-6.295795017263E0));
#2437=CARTESIAN_POINT('',(-5.746666958541E1,3.453213887524E1,
-6.220181606023E0));
#2438=CARTESIAN_POINT('',(-5.750056786223E1,3.451066313360E1,
-6.173481535331E0));
#2439=CARTESIAN_POINT('',(-5.752322330470E1,3.450305555092E1,
-6.150728694610E0));
#2441=CARTESIAN_POINT('',(-6.283222822379E1,2.975E1,-9.073601942367E0));
#2442=DIRECTION('',(0.E0,-1.E0,0.E0));
#2443=DIRECTION('',(-8.660254037844E-1,0.E0,-5.E-1));
#2444=AXIS2_PLACEMENT_3D('',#2441,#2442,#2443);
#2446=CARTESIAN_POINT('',(-6.309203584492E1,2.975E1,0.E0));
#2447=DIRECTION('',(1.E0,0.E0,0.E0));
#2448=DIRECTION('',(0.E0,0.E0,1.E0));
#2449=AXIS2_PLACEMENT_3D('',#2446,#2447,#2448);
#2451=CARTESIAN_POINT('',(-6.290987393732E1,2.975E1,0.E0));
#2452=DIRECTION('',(-1.E0,0.E0,0.E0));
#2453=DIRECTION('',(0.E0,0.E0,-1.E0));
#2454=AXIS2_PLACEMENT_3D('',#2451,#2452,#2453);
#2456=CARTESIAN_POINT('',(-6.315E1,2.975E1,-8.45E0));
#2457=DIRECTION('',(0.E0,-1.E0,0.E0));
#2458=DIRECTION('',(0.E0,0.E0,1.E0));
#2459=AXIS2_PLACEMENT_3D('',#2456,#2457,#2458);
#2461=CARTESIAN_POINT('',(-6.315E1,2.975E1,0.E0));
#2462=DIRECTION('',(1.E0,0.E0,0.E0));
#2463=DIRECTION('',(0.E0,0.E0,1.E0));
#2464=AXIS2_PLACEMENT_3D('',#2461,#2462,#2463);
#2466=CARTESIAN_POINT('',(-6.295E1,3.446354542296E1,1.947431525302E0));
#2467=CARTESIAN_POINT('',(-6.295E1,2.503645457704E1,-1.947431525302E0));
#2468=VERTEX_POINT('',#2466);
#2469=VERTEX_POINT('',#2467);
#2470=VERTEX_POINT('',#1541);
#2471=VERTEX_POINT('',#1548);
#2472=CARTESIAN_POINT('',(-6.281242038217E1,3.640647744100E1,2.750166350986E0));
#2473=CARTESIAN_POINT('',(-6.295E1,3.617336091952E1,2.653852764872E0));
#2474=VERTEX_POINT('',#2472);
#2475=VERTEX_POINT('',#2473);
#2476=CARTESIAN_POINT('',(-6.235E1,3.732864166044E1,3.131164413230E0));
#2477=CARTESIAN_POINT('',(-6.28E1,3.732864166044E1,3.131164413230E0));
#2478=VERTEX_POINT('',#2476);
#2479=VERTEX_POINT('',#2477);
#2480=CARTESIAN_POINT('',(-6.2925E1,3.647184006525E1,4.637746448137E0));
#2481=CARTESIAN_POINT('',(-6.2925E1,3.660524739408E1,4.732223062895E0));
#2482=VERTEX_POINT('',#2480);
#2483=VERTEX_POINT('',#2481);
#2484=VERTEX_POINT('',#2175);
#2485=VERTEX_POINT('',#2180);
#2486=VERTEX_POINT('',#1593);
#2487=VERTEX_POINT('',#1598);
#2488=VERTEX_POINT('',#2022);
#2489=VERTEX_POINT('',#2027);
#2490=CARTESIAN_POINT('',(-6.297677669530E1,2.206652912479E1,
-1.177826750663E0));
#2491=CARTESIAN_POINT('',(-6.297677669530E1,2.388005087860E1,5.095752923458E0));
#2492=VERTEX_POINT('',#2490);
#2493=VERTEX_POINT('',#2491);
#2494=CARTESIAN_POINT('',(-6.2925E1,2.588103197826E1,-7.191864322064E0));
#2495=CARTESIAN_POINT('',(-6.2925E1,2.580182799512E1,-7.334868081357E0));
#2496=VERTEX_POINT('',#2494);
#2497=VERTEX_POINT('',#2495);
#2498=CARTESIAN_POINT('',(-6.308284271247E1,3.715774280589E1,
-1.977535687024E0));
#2499=CARTESIAN_POINT('',(-6.308284271247E1,3.683617532151E1,2.927698786505E0));
#2500=VERTEX_POINT('',#2498);
#2501=VERTEX_POINT('',#2499);
#2502=CARTESIAN_POINT('',(-6.28E1,3.460217911187E1,2.004708923105E0));
#2503=CARTESIAN_POINT('',(-6.28E1,2.489782088813E1,-2.004708923105E0));
#2504=VERTEX_POINT('',#2502);
#2505=VERTEX_POINT('',#2503);
#2506=CARTESIAN_POINT('',(-6.297677669530E1,2.256579585696E1,
-2.968200022900E0));
#2507=CARTESIAN_POINT('',(-6.297677669530E1,2.210612652294E1,
-1.412161043030E0));
#2508=VERTEX_POINT('',#2506);
#2509=VERTEX_POINT('',#2507);
#2510=CARTESIAN_POINT('',(-6.265E1,2.503645457704E1,-1.947431525302E0));
#2511=CARTESIAN_POINT('',(-6.265E1,3.446354542296E1,1.947431525302E0));
#2512=VERTEX_POINT('',#2510);
#2513=VERTEX_POINT('',#2511);
#2514=CARTESIAN_POINT('',(-6.226878980892E1,2.293487381522E1,
-2.815713097092E0));
#2515=CARTESIAN_POINT('',(-6.22E1,2.281831555448E1,-2.863869890149E0));
#2516=VERTEX_POINT('',#2514);
#2517=VERTEX_POINT('',#2515);
#2518=CARTESIAN_POINT('',(-6.281242038217E1,2.309352255900E1,
-2.750166350986E0));
#2519=VERTEX_POINT('',#2518);
#2520=VERTEX_POINT('',#1555);
#2521=VERTEX_POINT('',#1562);
#2522=CARTESIAN_POINT('',(-6.308284271247E1,2.266382467849E1,
-2.927698786505E0));
#2523=CARTESIAN_POINT('',(-6.308284271247E1,2.589828904569E1,
-6.629451228881E0));
#2524=VERTEX_POINT('',#2522);
#2525=VERTEX_POINT('',#2523);
#2526=CARTESIAN_POINT('',(-6.308284271247E1,2.393387492859E1,4.995797236215E0));
#2527=CARTESIAN_POINT('',(-6.308284271247E1,2.216538381806E1,
-1.122006347681E0));
#2528=VERTEX_POINT('',#2526);
#2529=VERTEX_POINT('',#2527);
#2530=CARTESIAN_POINT('',(-6.308284271247E1,3.707032336437E1,
-2.279948839944E0));
#2531=VERTEX_POINT('',#2530);
#2532=VERTEX_POINT('',#2140);
#2533=VERTEX_POINT('',#2145);
#2534=CARTESIAN_POINT('',(-6.235E1,2.281831555448E1,-2.863869890149E0));
#2535=VERTEX_POINT('',#2534);
#2536=CARTESIAN_POINT('',(-6.297677669530E1,3.260802929011E1,
-7.228739110082E0));
#2537=CARTESIAN_POINT('',(-6.297677669530E1,2.608819480211E1,
-6.856688941281E0));
#2538=VERTEX_POINT('',#2536);
#2539=VERTEX_POINT('',#2537);
#2540=VERTEX_POINT('',#1646);
#2541=VERTEX_POINT('',#1651);
#2542=VERTEX_POINT('',#1653);
#2543=CARTESIAN_POINT('',(-6.273121019108E1,3.628991918026E1,2.702009557929E0));
#2544=CARTESIAN_POINT('',(-6.28E1,3.617336091952E1,2.653852764872E0));
#2545=VERTEX_POINT('',#2543);
#2546=VERTEX_POINT('',#2544);
#2547=VERTEX_POINT('',#1923);
#2548=VERTEX_POINT('',#1644);
#2549=CARTESIAN_POINT('',(-6.2925E1,2.361098759668E1,5.630353333756E0));
#2550=VERTEX_POINT('',#2549);
#2551=CARTESIAN_POINT('',(-6.308284271247E1,2.414384927340E1,5.230332198081E0));
#2552=VERTEX_POINT('',#2551);
#2553=CARTESIAN_POINT('',(-6.22E1,3.668168444552E1,2.863869890149E0));
#2554=VERTEX_POINT('',#2553);
#2555=VERTEX_POINT('',#1675);
#2556=VERTEX_POINT('',#1680);
#2557=CARTESIAN_POINT('',(-6.295E1,2.332663908048E1,-2.653852764872E0));
#2558=VERTEX_POINT('',#2557);
#2559=VERTEX_POINT('',#1902);
#2560=VERTEX_POINT('',#1909);
#2561=CARTESIAN_POINT('',(-6.28E1,2.203272465065E1,-3.188441811033E0));
#2562=VERTEX_POINT('',#2561);
#2563=VERTEX_POINT('',#2213);
#2564=VERTEX_POINT('',#2221);
#2565=CARTESIAN_POINT('',(-6.297677669530E1,3.693420414304E1,2.968200022900E0));
#2566=CARTESIAN_POINT('',(-6.297677669530E1,3.724960574660E1,
-2.044239269335E0));
#2567=VERTEX_POINT('',#2565);
#2568=VERTEX_POINT('',#2566);
#2569=CARTESIAN_POINT('',(-6.2925E1,3.296056383936E1,-7.508935065215E0));
#2570=CARTESIAN_POINT('',(-6.2925E1,3.302298580472E1,-7.660020618323E0));
#2571=VERTEX_POINT('',#2569);
#2572=VERTEX_POINT('',#2570);
#2573=CARTESIAN_POINT('',(-6.28E1,2.332663908048E1,-2.653852764872E0));
#2574=VERTEX_POINT('',#2573);
#2575=VERTEX_POINT('',#2237);
#2576=VERTEX_POINT('',#2244);
#2577=CARTESIAN_POINT('',(-6.2925E1,3.762247564585E1,-2.171624549898E0));
#2578=CARTESIAN_POINT('',(-6.2925E1,3.777951854663E1,-2.217021393748E0));
#2579=VERTEX_POINT('',#2577);
#2580=VERTEX_POINT('',#2578);
#2581=CARTESIAN_POINT('',(-6.2925E1,3.648966005060E1,4.895440159313E0));
#2582=VERTEX_POINT('',#2581);
#2583=CARTESIAN_POINT('',(-6.235E1,3.668168444552E1,2.863869890149E0));
#2584=VERTEX_POINT('',#2583);
#2585=CARTESIAN_POINT('',(-6.2925E1,3.011538675521E1,8.158328168155E0));
#2586=CARTESIAN_POINT('',(-6.2925E1,3.012470007245E1,8.321535423631E0));
#2587=VERTEX_POINT('',#2585);
#2588=VERTEX_POINT('',#2586);
#2589=CARTESIAN_POINT('',(-6.235E1,2.217135833956E1,-3.131164413230E0));
#2590=CARTESIAN_POINT('',(-6.28E1,2.217135833956E1,-3.131164413230E0));
#2591=VERTEX_POINT('',#2589);
#2592=VERTEX_POINT('',#2590);
#2593=CARTESIAN_POINT('',(-6.265E1,3.460217911187E1,2.004708923105E0));
#2594=CARTESIAN_POINT('',(-6.265E1,2.489782088813E1,-2.004708923105E0));
#2595=VERTEX_POINT('',#2593);
#2596=VERTEX_POINT('',#2594);
#2597=VERTEX_POINT('',#2250);
#2598=CARTESIAN_POINT('',(-6.226878980892E1,3.656512618478E1,2.815713097092E0));
#2599=VERTEX_POINT('',#2598);
#2600=CARTESIAN_POINT('',(-6.28E1,3.746727534935E1,3.188441811033E0));
#2601=VERTEX_POINT('',#2600);
#2602=CARTESIAN_POINT('',(-6.2925E1,3.772397781206E1,-2.409155412963E0));
#2603=VERTEX_POINT('',#2602);
#2604=VERTEX_POINT('',#1821);
#2605=VERTEX_POINT('',#1978);
#2606=VERTEX_POINT('',#1986);
#2607=VERTEX_POINT('',#1733);
#2608=VERTEX_POINT('',#1767);
#2609=VERTEX_POINT('',#1937);
#2610=VERTEX_POINT('',#1944);
#2611=CARTESIAN_POINT('',(-6.2925E1,2.168158859619E1,-1.261968065734E0));
#2612=VERTEX_POINT('',#2611);
#2613=VERTEX_POINT('',#2072);
#2614=VERTEX_POINT('',#1819);
#2615=CARTESIAN_POINT('',(-6.273121019108E1,2.321008081974E1,
-2.702009557929E0));
#2616=VERTEX_POINT('',#2615);
#2617=VERTEX_POINT('',#1992);
#2618=VERTEX_POINT('',#1881);
#2619=CARTESIAN_POINT('',(-6.308284271247E1,3.591475175208E1,4.558633205999E0));
#2620=VERTEX_POINT('',#2619);
#2621=VERTEX_POINT('',#2085);
#2622=VERTEX_POINT('',#2043);
#2623=VERTEX_POINT('',#2195);
#2624=VERTEX_POINT('',#1704);
#2625=CARTESIAN_POINT('',(-5.735E1,2.975E1,-8.35E0));
#2626=CARTESIAN_POINT('',(-5.735E1,2.975E1,8.35E0));
#2627=VERTEX_POINT('',#2625);
#2628=VERTEX_POINT('',#2626);
#2629=CARTESIAN_POINT('',(-5.760287065657E1,2.975E1,8.35E0));
#2630=CARTESIAN_POINT('',(-5.760287065657E1,2.975E1,-8.35E0));
#2631=VERTEX_POINT('',#2629);
#2632=VERTEX_POINT('',#2630);
#2633=CARTESIAN_POINT('',(-5.768478586100E1,2.975E1,8.392642356365E0));
#2634=VERTEX_POINT('',#2633);
#2635=CARTESIAN_POINT('',(-6.26E1,2.975E1,-8.7E0));
#2636=CARTESIAN_POINT('',(-6.22E1,2.975E1,-8.7E0));
#2637=VERTEX_POINT('',#2635);
#2638=VERTEX_POINT('',#2636);
#2639=CARTESIAN_POINT('',(-6.309203584492E1,2.975E1,-9.223601942367E0));
#2640=CARTESIAN_POINT('',(-6.325E1,2.975E1,-8.95E0));
#2641=VERTEX_POINT('',#2639);
#2642=VERTEX_POINT('',#2640);
#2643=CARTESIAN_POINT('',(-5.725E1,2.975E1,8.45E0));
#2644=CARTESIAN_POINT('',(-5.725E1,2.975E1,-8.45E0));
#2645=VERTEX_POINT('',#2643);
#2646=VERTEX_POINT('',#2644);
#2647=CARTESIAN_POINT('',(-6.281521413900E1,2.975E1,8.392642356365E0));
#2648=CARTESIAN_POINT('',(-6.281521413900E1,2.975E1,-8.392642356365E0));
#2649=VERTEX_POINT('',#2647);
#2650=VERTEX_POINT('',#2648);
#2651=CARTESIAN_POINT('',(-5.740796415508E1,2.975E1,-9.223601942367E0));
#2652=CARTESIAN_POINT('',(-5.740796415508E1,2.975E1,9.223601942367E0));
#2653=VERTEX_POINT('',#2651);
#2654=VERTEX_POINT('',#2652);
#2655=CARTESIAN_POINT('',(-6.24E1,2.975E1,-9.5E0));
#2656=CARTESIAN_POINT('',(-5.81E1,2.975E1,-9.5E0));
#2657=VERTEX_POINT('',#2655);
#2658=VERTEX_POINT('',#2656);
#2659=CARTESIAN_POINT('',(-6.325E1,2.975E1,-8.45E0));
#2660=CARTESIAN_POINT('',(-6.325E1,2.975E1,8.45E0));
#2661=VERTEX_POINT('',#2659);
#2662=VERTEX_POINT('',#2660);
#2663=CARTESIAN_POINT('',(-5.81E1,2.975E1,9.5E0));
#2664=VERTEX_POINT('',#2663);
#2665=CARTESIAN_POINT('',(-6.309203584492E1,2.975E1,9.223601942367E0));
#2666=VERTEX_POINT('',#2665);
#2667=CARTESIAN_POINT('',(-6.22E1,2.975E1,8.7E0));
#2668=VERTEX_POINT('',#2667);
#2669=CARTESIAN_POINT('',(-6.325E1,2.975E1,8.95E0));
#2670=VERTEX_POINT('',#2669);
#2671=CARTESIAN_POINT('',(-5.725E1,2.975E1,-8.95E0));
#2672=CARTESIAN_POINT('',(-5.725E1,2.975E1,8.95E0));
#2673=VERTEX_POINT('',#2671);
#2674=VERTEX_POINT('',#2672);
#2675=CARTESIAN_POINT('',(-6.315E1,2.975E1,-8.35E0));
#2676=CARTESIAN_POINT('',(-6.315E1,2.975E1,8.35E0));
#2677=VERTEX_POINT('',#2675);
#2678=VERTEX_POINT('',#2676);
#2679=CARTESIAN_POINT('',(-6.290987393732E1,2.975E1,-9.363379690254E0));
#2680=VERTEX_POINT('',#2679);
#2681=CARTESIAN_POINT('',(-5.768478586100E1,2.975E1,-8.392642356365E0));
#2682=VERTEX_POINT('',#2681);
#2683=CARTESIAN_POINT('',(-5.759012606268E1,2.975E1,-9.363379690254E0));
#2684=CARTESIAN_POINT('',(-5.759012606268E1,2.975E1,9.363379690254E0));
#2685=VERTEX_POINT('',#2683);
#2686=VERTEX_POINT('',#2684);
#2687=CARTESIAN_POINT('',(-6.289712934343E1,2.975E1,-8.35E0));
#2688=VERTEX_POINT('',#2687);
#2689=CARTESIAN_POINT('',(-6.289712934343E1,2.975E1,8.35E0));
#2690=VERTEX_POINT('',#2689);
#2691=CARTESIAN_POINT('',(-6.290987393732E1,2.975E1,9.363379690254E0));
#2692=VERTEX_POINT('',#2691);
#2693=CARTESIAN_POINT('',(-6.24E1,2.975E1,9.5E0));
#2694=VERTEX_POINT('',#2693);
#2695=CARTESIAN_POINT('',(-6.26E1,2.975E1,8.7E0));
#2696=VERTEX_POINT('',#2695);
#2697=CARTESIAN_POINT('',(-5.886996376859E1,2.975E1,7.7E0));
#2698=CARTESIAN_POINT('',(-5.886996376859E1,2.975E1,-7.7E0));
#2699=VERTEX_POINT('',#2697);
#2700=VERTEX_POINT('',#2698);
#2701=CARTESIAN_POINT('',(-5.83E1,2.975E1,8.7E0));
#2702=CARTESIAN_POINT('',(-5.83E1,2.975E1,-8.7E0));
#2703=VERTEX_POINT('',#2701);
#2704=VERTEX_POINT('',#2702);
#2705=CARTESIAN_POINT('',(-5.79E1,2.975E1,-8.7E0));
#2706=VERTEX_POINT('',#2705);
#2707=CARTESIAN_POINT('',(-5.79E1,2.975E1,8.7E0));
#2708=VERTEX_POINT('',#2707);
#2709=CARTESIAN_POINT('',(-6.163003623141E1,2.975E1,-7.7E0));
#2710=CARTESIAN_POINT('',(-6.163003623141E1,2.975E1,7.7E0));
#2711=VERTEX_POINT('',#2709);
#2712=VERTEX_POINT('',#2710);
#2713=CARTESIAN_POINT('',(-6.22E1,2.975E1,-7.7E0));
#2714=CARTESIAN_POINT('',(-6.22E1,2.975E1,7.7E0));
#2715=VERTEX_POINT('',#2713);
#2716=VERTEX_POINT('',#2714);
#2717=CARTESIAN_POINT('',(-6.22E1,2.203272465065E1,-3.188441811033E0));
#2718=CARTESIAN_POINT('',(-6.22E1,3.746727534935E1,3.188441811033E0));
#2719=VERTEX_POINT('',#2717);
#2720=VERTEX_POINT('',#2718);
#2721=CARTESIAN_POINT('',(-5.755E1,2.975E1,-5.1E0));
#2722=CARTESIAN_POINT('',(-5.755E1,2.975E1,5.1E0));
#2723=VERTEX_POINT('',#2721);
#2724=VERTEX_POINT('',#2722);
#2725=VERTEX_POINT('',#771);
#2726=VERTEX_POINT('',#778);
#2727=CARTESIAN_POINT('',(-5.768757961783E1,2.975E1,-7.202229299363E0));
#2728=CARTESIAN_POINT('',(-5.755E1,2.975E1,-6.95E0));
#2729=VERTEX_POINT('',#2727);
#2730=VERTEX_POINT('',#2728);
#2731=CARTESIAN_POINT('',(-5.815E1,2.975E1,-8.2E0));
#2732=CARTESIAN_POINT('',(-5.77E1,2.975E1,-8.2E0));
#2733=VERTEX_POINT('',#2731);
#2734=VERTEX_POINT('',#2732);
#2735=CARTESIAN_POINT('',(-5.7575E1,2.803041072699E1,-7.983410218209E0));
#2736=CARTESIAN_POINT('',(-5.7575E1,2.799403461382E1,-8.142784383340E0));
#2737=VERTEX_POINT('',#2735);
#2738=VERTEX_POINT('',#2736);
#2739=VERTEX_POINT('',#914);
#2740=VERTEX_POINT('',#919);
#2741=VERTEX_POINT('',#714);
#2742=VERTEX_POINT('',#719);
#2743=VERTEX_POINT('',#2407);
#2744=VERTEX_POINT('',#2412);
#2745=CARTESIAN_POINT('',(-5.752322330470E1,2.790464833010E1,7.551005082714E0));
#2746=CARTESIAN_POINT('',(-5.752322330470E1,2.279894375690E1,3.479341554093E0));
#2747=VERTEX_POINT('',#2745);
#2748=VERTEX_POINT('',#2746);
#2749=CARTESIAN_POINT('',(-5.7575E1,3.491953507095E1,6.322003885666E0));
#2750=CARTESIAN_POINT('',(-5.7575E1,3.502145867514E1,6.449812042790E0));
#2751=VERTEX_POINT('',#2749);
#2752=VERTEX_POINT('',#2750);
#2753=CARTESIAN_POINT('',(-5.741715728753E1,3.440632865840E1,
-6.091297423100E0));
#2754=CARTESIAN_POINT('',(-5.741715728753E1,2.975E1,-7.667157287525E0));
#2755=VERTEX_POINT('',#2753);
#2756=VERTEX_POINT('',#2754);
#2757=CARTESIAN_POINT('',(-5.77E1,2.975E1,-5.25E0));
#2758=CARTESIAN_POINT('',(-5.77E1,2.975E1,5.25E0));
#2759=VERTEX_POINT('',#2757);
#2760=VERTEX_POINT('',#2758);
#2761=CARTESIAN_POINT('',(-5.752322330470E1,2.975E1,7.773223304703E0));
#2762=CARTESIAN_POINT('',(-5.752322330470E1,2.813634608553E1,7.603888583422E0));
#2763=VERTEX_POINT('',#2761);
#2764=VERTEX_POINT('',#2762);
#2765=CARTESIAN_POINT('',(-5.785E1,2.975E1,5.1E0));
#2766=CARTESIAN_POINT('',(-5.785E1,2.975E1,-5.1E0));
#2767=VERTEX_POINT('',#2765);
#2768=VERTEX_POINT('',#2766);
#2769=CARTESIAN_POINT('',(-5.823121019108E1,2.975E1,7.373885350318E0));
#2770=CARTESIAN_POINT('',(-5.83E1,2.975E1,7.5E0));
#2771=VERTEX_POINT('',#2769);
#2772=VERTEX_POINT('',#2770);
#2773=CARTESIAN_POINT('',(-5.768757961783E1,2.975E1,7.202229299363E0));
#2774=VERTEX_POINT('',#2773);
#2775=VERTEX_POINT('',#795);
#2776=VERTEX_POINT('',#802);
#2777=CARTESIAN_POINT('',(-5.741715728753E1,2.975E1,7.667157287525E0));
#2778=CARTESIAN_POINT('',(-5.741715728753E1,3.440632865840E1,6.091297423099E0));
#2779=VERTEX_POINT('',#2777);
#2780=VERTEX_POINT('',#2778);
#2781=CARTESIAN_POINT('',(-5.741715728753E1,2.291187793805E1,3.467764054482E0));
#2782=CARTESIAN_POINT('',(-5.741715728753E1,2.789080533816E1,7.438326161243E0));
#2783=VERTEX_POINT('',#2781);
#2784=VERTEX_POINT('',#2782);
#2785=CARTESIAN_POINT('',(-5.741715728753E1,3.465244527731E1,
-5.895025968957E0));
#2786=VERTEX_POINT('',#2785);
#2787=CARTESIAN_POINT('',(-5.815E1,2.975E1,7.5E0));
#2788=VERTEX_POINT('',#2787);
#2789=CARTESIAN_POINT('',(-5.752322330470E1,3.752231499723E1,
1.188281474642E-1));
#2790=CARTESIAN_POINT('',(-5.752322330470E1,3.468886272430E1,6.002552418374E0));
#2791=VERTEX_POINT('',#2789);
#2792=VERTEX_POINT('',#2790);
#2793=CARTESIAN_POINT('',(-5.776878980892E1,2.975E1,-7.076114649682E0));
#2794=CARTESIAN_POINT('',(-5.77E1,2.975E1,-6.95E0));
#2795=VERTEX_POINT('',#2793);
#2796=VERTEX_POINT('',#2794);
#2797=VERTEX_POINT('',#1003);
#2798=VERTEX_POINT('',#524);
#2799=VERTEX_POINT('',#532);
#2800=CARTESIAN_POINT('',(-5.7575E1,2.220211127953E1,3.523879653801E0));
#2801=VERTEX_POINT('',#2800);
#2802=CARTESIAN_POINT('',(-5.741715728753E1,2.277529351895E1,3.184143585770E0));
#2803=VERTEX_POINT('',#2802);
#2804=CARTESIAN_POINT('',(-5.83E1,2.975E1,-7.5E0));
#2805=VERTEX_POINT('',#2804);
#2806=CARTESIAN_POINT('',(-5.755E1,2.975E1,6.95E0));
#2807=VERTEX_POINT('',#2806);
#2808=VERTEX_POINT('',#1066);
#2809=VERTEX_POINT('',#1073);
#2810=CARTESIAN_POINT('',(-5.77E1,2.975E1,8.35E0));
#2811=VERTEX_POINT('',#2810);
#2812=VERTEX_POINT('',#880);
#2813=VERTEX_POINT('',#888);
#2814=CARTESIAN_POINT('',(-5.752322330470E1,2.975E1,-7.773223304703E0));
#2815=CARTESIAN_POINT('',(-5.752322330470E1,3.450305555092E1,
-6.150728694610E0));
#2816=VERTEX_POINT('',#2814);
#2817=VERTEX_POINT('',#2815);
#2818=CARTESIAN_POINT('',(-5.7575E1,3.791589406719E1,-1.000003181701E-1));
#2819=CARTESIAN_POINT('',(-5.7575E1,3.807936683593E1,-1.000003181701E-1));
#2820=VERTEX_POINT('',#2818);
#2821=VERTEX_POINT('',#2819);
#2822=CARTESIAN_POINT('',(-5.77E1,2.975E1,6.95E0));
#2823=VERTEX_POINT('',#2822);
#2824=VERTEX_POINT('',#853);
#2825=VERTEX_POINT('',#860);
#2826=CARTESIAN_POINT('',(-5.7575E1,3.476316827695E1,-6.446702242790E0));
#2827=CARTESIAN_POINT('',(-5.7575E1,3.486509188114E1,-6.574510399913E0));
#2828=VERTEX_POINT('',#2826);
#2829=VERTEX_POINT('',#2827);
#2830=CARTESIAN_POINT('',(-5.7575E1,2.779904841099E1,-8.098280054950E0));
#2831=VERTEX_POINT('',#2830);
#2832=CARTESIAN_POINT('',(-5.815E1,2.975E1,-7.5E0));
#2833=VERTEX_POINT('',#2832);
#2834=CARTESIAN_POINT('',(-5.7575E1,2.234939515491E1,-3.452951477659E0));
#2835=CARTESIAN_POINT('',(-5.7575E1,2.220211127953E1,-3.523879653801E0));
#2836=VERTEX_POINT('',#2834);
#2837=VERTEX_POINT('',#2835);
#2838=CARTESIAN_POINT('',(-5.815E1,2.975E1,8.2E0));
#2839=CARTESIAN_POINT('',(-5.77E1,2.975E1,8.2E0));
#2840=VERTEX_POINT('',#2838);
#2841=VERTEX_POINT('',#2839);
#2842=CARTESIAN_POINT('',(-5.785E1,2.975E1,-5.25E0));
#2843=CARTESIAN_POINT('',(-5.785E1,2.975E1,5.25E0));
#2844=VERTEX_POINT('',#2842);
#2845=VERTEX_POINT('',#2843);
#2846=CARTESIAN_POINT('',(-5.823121019108E1,2.975E1,-7.373885350318E0));
#2847=VERTEX_POINT('',#2846);
#2848=CARTESIAN_POINT('',(-5.77E1,2.975E1,-8.35E0));
#2849=VERTEX_POINT('',#2848);
#2850=CARTESIAN_POINT('',(-5.7575E1,3.502145867514E1,-6.449812042790E0));
#2851=VERTEX_POINT('',#2850);
#2852=VERTEX_POINT('',#2363);
#2853=VERTEX_POINT('',#2371);
#2854=CARTESIAN_POINT('',(-5.7575E1,2.243617217883E1,3.633145824562E0));
#2855=CARTESIAN_POINT('',(-5.7575E1,2.228888830345E1,3.704074000705E0));
#2856=VERTEX_POINT('',#2854);
#2857=VERTEX_POINT('',#2855);
#2858=CARTESIAN_POINT('',(-5.7575E1,2.783542452417E1,7.938905889819E0));
#2859=CARTESIAN_POINT('',(-5.7575E1,2.779904841099E1,8.098280054950E0));
#2860=VERTEX_POINT('',#2858);
#2861=VERTEX_POINT('',#2859);
#2862=VERTEX_POINT('',#976);
#2863=VERTEX_POINT('',#687);
#2864=CARTESIAN_POINT('',(-5.776878980892E1,2.975E1,7.076114649682E0));
#2865=VERTEX_POINT('',#2864);
#2866=VERTEX_POINT('',#2377);
#2867=VERTEX_POINT('',#1028);
#2868=VERTEX_POINT('',#1035);
#2869=CARTESIAN_POINT('',(-5.741715728753E1,2.789080533816E1,
-7.438326161243E0));
#2870=VERTEX_POINT('',#2869);
#2871=CARTESIAN_POINT('',(-5.83E1,2.975E1,-7.7E0));
#2872=CARTESIAN_POINT('',(-5.83E1,2.975E1,7.7E0));
#2873=VERTEX_POINT('',#2871);
#2874=VERTEX_POINT('',#2872);
#2875=CARTESIAN_POINT('',(-5.83E1,2.975E1,8.35E0));
#2876=CARTESIAN_POINT('',(-5.83E1,2.975E1,-8.35E0));
#2877=VERTEX_POINT('',#2875);
#2878=VERTEX_POINT('',#2876);
#2879=CARTESIAN_POINT('',(-6.025E1,2.975E1,0.E0));
#2880=DIRECTION('',(-1.E0,0.E0,0.E0));
#2881=DIRECTION('',(0.E0,0.E0,1.E0));
#2882=AXIS2_PLACEMENT_3D('',#2879,#2880,#2881);
#2883=CYLINDRICAL_SURFACE('',#2882,8.35E0);
#2885=ORIENTED_EDGE('',*,*,#2884,.T.);
#2887=ORIENTED_EDGE('',*,*,#2886,.F.);
#2889=ORIENTED_EDGE('',*,*,#2888,.T.);
#2891=ORIENTED_EDGE('',*,*,#2890,.T.);
#2892=EDGE_LOOP('',(#2885,#2887,#2889,#2891));
#2893=FACE_OUTER_BOUND('',#2892,.F.);
#2894=ADVANCED_FACE('',(#2893),#2883,.F.);
#2895=CARTESIAN_POINT('',(-6.289712934343E1,2.975E1,0.E0));
#2896=DIRECTION('',(-1.E0,0.E0,0.E0));
#2897=DIRECTION('',(0.E0,0.E0,1.E0));
#2898=AXIS2_PLACEMENT_3D('',#2895,#2896,#2897);
#2899=TOROIDAL_SURFACE('',#2898,8.45E0,1.E-1);
#2901=ORIENTED_EDGE('',*,*,#2900,.F.);
#2903=ORIENTED_EDGE('',*,*,#2902,.F.);
#2905=ORIENTED_EDGE('',*,*,#2904,.T.);
#2906=ORIENTED_EDGE('',*,*,#2884,.F.);
#2907=EDGE_LOOP('',(#2901,#2903,#2905,#2906));
#2908=FACE_OUTER_BOUND('',#2907,.F.);
#2909=ADVANCED_FACE('',(#2908),#2899,.T.);
#2910=CARTESIAN_POINT('',(-6.289712934343E1,2.975E1,0.E0));
#2911=DIRECTION('',(-1.E0,0.E0,0.E0));
#2912=DIRECTION('',(0.E0,0.E0,1.E0));
#2913=AXIS2_PLACEMENT_3D('',#2910,#2911,#2912);
#2914=TOROIDAL_SURFACE('',#2913,8.45E0,1.E-1);
#2916=ORIENTED_EDGE('',*,*,#2915,.F.);
#2917=ORIENTED_EDGE('',*,*,#2904,.F.);
#2919=ORIENTED_EDGE('',*,*,#2918,.F.);
#2920=ORIENTED_EDGE('',*,*,#2900,.T.);
#2921=EDGE_LOOP('',(#2916,#2917,#2919,#2920));
#2922=FACE_OUTER_BOUND('',#2921,.F.);
#2923=ADVANCED_FACE('',(#2922),#2914,.T.);
#2924=CARTESIAN_POINT('',(-6.025E1,2.975E1,0.E0));
#2925=DIRECTION('',(-1.E0,0.E0,0.E0));
#2926=DIRECTION('',(0.E0,0.E0,1.E0));
#2927=AXIS2_PLACEMENT_3D('',#2924,#2925,#2926);
#2928=CYLINDRICAL_SURFACE('',#2927,8.35E0);
#2929=ORIENTED_EDGE('',*,*,#2890,.F.);
#2931=ORIENTED_EDGE('',*,*,#2930,.T.);
#2932=ORIENTED_EDGE('',*,*,#2886,.T.);
#2933=ORIENTED_EDGE('',*,*,#2915,.T.);
#2934=EDGE_LOOP('',(#2929,#2931,#2932,#2933));
#2935=FACE_OUTER_BOUND('',#2934,.F.);
#2936=ADVANCED_FACE('',(#2935),#2928,.F.);
#2937=CARTESIAN_POINT('',(-6.315E1,2.975E1,0.E0));
#2938=DIRECTION('',(-1.E0,0.E0,0.E0));
#2939=DIRECTION('',(0.E0,0.E0,1.E0));
#2940=AXIS2_PLACEMENT_3D('',#2937,#2938,#2939);
#2941=TOROIDAL_SURFACE('',#2940,8.45E0,1.E-1);
#2943=ORIENTED_EDGE('',*,*,#2942,.T.);
#2945=ORIENTED_EDGE('',*,*,#2944,.F.);
#2946=ORIENTED_EDGE('',*,*,#2930,.F.);
#2948=ORIENTED_EDGE('',*,*,#2947,.T.);
#2949=EDGE_LOOP('',(#2943,#2945,#2946,#2948));
#2950=FACE_OUTER_BOUND('',#2949,.F.);
#2951=ADVANCED_FACE('',(#2950),#2941,.T.);
#2952=CARTESIAN_POINT('',(-6.325E1,2.975E1,0.E0));
#2953=DIRECTION('',(1.E0,0.E0,0.E0));
#2954=DIRECTION('',(0.E0,0.E0,-1.E0));
#2955=AXIS2_PLACEMENT_3D('',#2952,#2953,#2954);
#2956=PLANE('',#2955);
#2958=ORIENTED_EDGE('',*,*,#2957,.F.);
#2960=ORIENTED_EDGE('',*,*,#2959,.F.);
#2961=EDGE_LOOP('',(#2958,#2960));
#2962=FACE_OUTER_BOUND('',#2961,.F.);
#2963=ORIENTED_EDGE('',*,*,#2942,.F.);
#2965=ORIENTED_EDGE('',*,*,#2964,.F.);
#2966=EDGE_LOOP('',(#2963,#2965));
#2967=FACE_BOUND('',#2966,.F.);
#2968=ADVANCED_FACE('',(#2962,#2967),#2956,.F.);
#2969=CARTESIAN_POINT('',(-6.317101792246E1,2.975E1,0.E0));
#2970=DIRECTION('',(1.E0,0.E0,0.E0));
#2971=DIRECTION('',(0.E0,0.E0,-1.E0));
#2972=AXIS2_PLACEMENT_3D('',#2969,#2970,#2971);
#2973=CONICAL_SURFACE('',#2972,9.086800971183E0,6.E1);
#2975=ORIENTED_EDGE('',*,*,#2974,.F.);
#2977=ORIENTED_EDGE('',*,*,#2976,.T.);
#2979=ORIENTED_EDGE('',*,*,#2978,.T.);
#2980=ORIENTED_EDGE('',*,*,#2957,.T.);
#2981=EDGE_LOOP('',(#2975,#2977,#2979,#2980));
#2982=FACE_OUTER_BOUND('',#2981,.F.);
#2983=ADVANCED_FACE('',(#2982),#2973,.T.);
#2984=CARTESIAN_POINT('',(-6.317101792246E1,2.975E1,0.E0));
#2985=DIRECTION('',(1.E0,0.E0,0.E0));
#2986=DIRECTION('',(0.E0,0.E0,-1.E0));
#2987=AXIS2_PLACEMENT_3D('',#2984,#2985,#2986);
#2988=CONICAL_SURFACE('',#2987,9.086800971183E0,6.E1);
#2989=ORIENTED_EDGE('',*,*,#2959,.T.);
#2990=ORIENTED_EDGE('',*,*,#2978,.F.);
#2992=ORIENTED_EDGE('',*,*,#2991,.T.);
#2993=ORIENTED_EDGE('',*,*,#2974,.T.);
#2994=EDGE_LOOP('',(#2989,#2990,#2992,#2993));
#2995=FACE_OUTER_BOUND('',#2994,.F.);
#2996=ADVANCED_FACE('',(#2995),#2988,.T.);
#2997=CARTESIAN_POINT('',(-6.283222822379E1,2.975E1,0.E0));
#2998=DIRECTION('',(-1.E0,0.E0,0.E0));
#2999=DIRECTION('',(0.E0,0.E0,1.E0));
#3000=AXIS2_PLACEMENT_3D('',#2997,#2998,#2999);
#3001=TOROIDAL_SURFACE('',#3000,9.073601942367E0,3.E-1);
#3003=ORIENTED_EDGE('',*,*,#3002,.F.);
#3005=ORIENTED_EDGE('',*,*,#3004,.F.);
#3006=ORIENTED_EDGE('',*,*,#2991,.F.);
#3008=ORIENTED_EDGE('',*,*,#3007,.T.);
#3009=EDGE_LOOP('',(#3003,#3005,#3006,#3008));
#3010=FACE_OUTER_BOUND('',#3009,.F.);
#3011=ADVANCED_FACE('',(#3010),#3001,.T.);
#3012=CARTESIAN_POINT('',(-6.265493696866E1,2.975E1,0.E0));
#3013=DIRECTION('',(1.E0,0.E0,0.E0));
#3014=DIRECTION('',(0.E0,0.E0,-1.E0));
#3015=AXIS2_PLACEMENT_3D('',#3012,#3013,#3014);
#3016=CONICAL_SURFACE('',#3015,9.431689845127E0,1.5E1);
#3017=ORIENTED_EDGE('',*,*,#3002,.T.);
#3019=ORIENTED_EDGE('',*,*,#3018,.F.);
#3021=ORIENTED_EDGE('',*,*,#3020,.F.);
#3023=ORIENTED_EDGE('',*,*,#3022,.T.);
#3024=EDGE_LOOP('',(#3017,#3019,#3021,#3023));
#3025=FACE_OUTER_BOUND('',#3024,.F.);
#3026=ADVANCED_FACE('',(#3025),#3016,.T.);
#3027=CARTESIAN_POINT('',(-6.265493696866E1,2.975E1,0.E0));
#3028=DIRECTION('',(1.E0,0.E0,0.E0));
#3029=DIRECTION('',(0.E0,0.E0,-1.E0));
#3030=AXIS2_PLACEMENT_3D('',#3027,#3028,#3029);
#3031=CONICAL_SURFACE('',#3030,9.431689845127E0,1.5E1);
#3032=ORIENTED_EDGE('',*,*,#3022,.F.);
#3034=ORIENTED_EDGE('',*,*,#3033,.F.);
#3035=ORIENTED_EDGE('',*,*,#3018,.T.);
#3037=ORIENTED_EDGE('',*,*,#3036,.T.);
#3038=EDGE_LOOP('',(#3032,#3034,#3035,#3037));
#3039=FACE_OUTER_BOUND('',#3038,.F.);
#3040=ADVANCED_FACE('',(#3039),#3031,.T.);
#3041=CARTESIAN_POINT('',(-6.025E1,2.975E1,0.E0));
#3042=DIRECTION('',(-1.E0,0.E0,0.E0));
#3043=DIRECTION('',(0.E0,0.E0,1.E0));
#3044=AXIS2_PLACEMENT_3D('',#3041,#3042,#3043);
#3045=CYLINDRICAL_SURFACE('',#3044,9.5E0);
#3047=ORIENTED_EDGE('',*,*,#3046,.F.);
#3048=ORIENTED_EDGE('',*,*,#3033,.T.);
#3050=ORIENTED_EDGE('',*,*,#3049,.T.);
#3052=ORIENTED_EDGE('',*,*,#3051,.T.);
#3053=EDGE_LOOP('',(#3047,#3048,#3050,#3052));
#3054=FACE_OUTER_BOUND('',#3053,.F.);
#3055=ADVANCED_FACE('',(#3054),#3045,.T.);
#3056=CARTESIAN_POINT('',(-6.025E1,2.975E1,0.E0));
#3057=DIRECTION('',(-1.E0,0.E0,0.E0));
#3058=DIRECTION('',(0.E0,0.E0,1.E0));
#3059=AXIS2_PLACEMENT_3D('',#3056,#3057,#3058);
#3060=CYLINDRICAL_SURFACE('',#3059,9.5E0);
#3062=ORIENTED_EDGE('',*,*,#3061,.T.);
#3063=ORIENTED_EDGE('',*,*,#3049,.F.);
#3064=ORIENTED_EDGE('',*,*,#3020,.T.);
#3065=ORIENTED_EDGE('',*,*,#3046,.T.);
#3066=EDGE_LOOP('',(#3062,#3063,#3064,#3065));
#3067=FACE_OUTER_BOUND('',#3066,.F.);
#3068=ADVANCED_FACE('',(#3067),#3060,.T.);
#3069=CARTESIAN_POINT('',(-5.784506303134E1,2.975E1,0.E0));
#3070=DIRECTION('',(-1.E0,0.E0,0.E0));
#3071=DIRECTION('',(0.E0,0.E0,1.E0));
#3072=AXIS2_PLACEMENT_3D('',#3069,#3070,#3071);
#3073=CONICAL_SURFACE('',#3072,9.431689845127E0,1.5E1);
#3075=ORIENTED_EDGE('',*,*,#3074,.T.);
#3077=ORIENTED_EDGE('',*,*,#3076,.F.);
#3078=ORIENTED_EDGE('',*,*,#3061,.F.);
#3080=ORIENTED_EDGE('',*,*,#3079,.T.);
#3081=EDGE_LOOP('',(#3075,#3077,#3078,#3080));
#3082=FACE_OUTER_BOUND('',#3081,.F.);
#3083=ADVANCED_FACE('',(#3082),#3073,.T.);
#3084=CARTESIAN_POINT('',(-5.766777177621E1,2.975E1,0.E0));
#3085=DIRECTION('',(-1.E0,0.E0,0.E0));
#3086=DIRECTION('',(0.E0,0.E0,1.E0));
#3087=AXIS2_PLACEMENT_3D('',#3084,#3085,#3086);
#3088=TOROIDAL_SURFACE('',#3087,9.073601942367E0,3.E-1);
#3090=ORIENTED_EDGE('',*,*,#3089,.F.);
#3092=ORIENTED_EDGE('',*,*,#3091,.F.);
#3093=ORIENTED_EDGE('',*,*,#3074,.F.);
#3095=ORIENTED_EDGE('',*,*,#3094,.T.);
#3096=EDGE_LOOP('',(#3090,#3092,#3093,#3095));
#3097=FACE_OUTER_BOUND('',#3096,.F.);
#3098=ADVANCED_FACE('',(#3097),#3088,.T.);
#3099=CARTESIAN_POINT('',(-5.732898207754E1,2.975E1,0.E0));
#3100=DIRECTION('',(-1.E0,0.E0,0.E0));
#3101=DIRECTION('',(0.E0,0.E0,1.E0));
#3102=AXIS2_PLACEMENT_3D('',#3099,#3100,#3101);
#3103=CONICAL_SURFACE('',#3102,9.086800971183E0,6.E1);
#3105=ORIENTED_EDGE('',*,*,#3104,.T.);
#3107=ORIENTED_EDGE('',*,*,#3106,.F.);
#3108=ORIENTED_EDGE('',*,*,#3089,.T.);
#3110=ORIENTED_EDGE('',*,*,#3109,.T.);
#3111=EDGE_LOOP('',(#3105,#3107,#3108,#3110));
#3112=FACE_OUTER_BOUND('',#3111,.F.);
#3113=ADVANCED_FACE('',(#3112),#3103,.T.);
#3114=CARTESIAN_POINT('',(-5.725E1,2.975E1,0.E0));
#3115=DIRECTION('',(-1.E0,0.E0,0.E0));
#3116=DIRECTION('',(0.E0,0.E0,1.E0));
#3117=AXIS2_PLACEMENT_3D('',#3114,#3115,#3116);
#3118=PLANE('',#3117);
#3119=ORIENTED_EDGE('',*,*,#3104,.F.);
#3121=ORIENTED_EDGE('',*,*,#3120,.F.);
#3122=EDGE_LOOP('',(#3119,#3121));
#3123=FACE_OUTER_BOUND('',#3122,.F.);
#3125=ORIENTED_EDGE('',*,*,#3124,.F.);
#3127=ORIENTED_EDGE('',*,*,#3126,.F.);
#3128=EDGE_LOOP('',(#3125,#3127));
#3129=FACE_BOUND('',#3128,.F.);
#3130=ADVANCED_FACE('',(#3123,#3129),#3118,.F.);
#3131=CARTESIAN_POINT('',(-5.732898207754E1,2.975E1,0.E0));
#3132=DIRECTION('',(-1.E0,0.E0,0.E0));
#3133=DIRECTION('',(0.E0,0.E0,1.E0));
#3134=AXIS2_PLACEMENT_3D('',#3131,#3132,#3133);
#3135=CONICAL_SURFACE('',#3134,9.086800971183E0,6.E1);
#3136=ORIENTED_EDGE('',*,*,#3109,.F.);
#3138=ORIENTED_EDGE('',*,*,#3137,.T.);
#3139=ORIENTED_EDGE('',*,*,#3106,.T.);
#3140=ORIENTED_EDGE('',*,*,#3120,.T.);
#3141=EDGE_LOOP('',(#3136,#3138,#3139,#3140));
#3142=FACE_OUTER_BOUND('',#3141,.F.);
#3143=ADVANCED_FACE('',(#3142),#3135,.T.);
#3144=CARTESIAN_POINT('',(-5.766777177621E1,2.975E1,0.E0));
#3145=DIRECTION('',(-1.E0,0.E0,0.E0));
#3146=DIRECTION('',(0.E0,0.E0,1.E0));
#3147=AXIS2_PLACEMENT_3D('',#3144,#3145,#3146);
#3148=TOROIDAL_SURFACE('',#3147,9.073601942367E0,3.E-1);
#3149=ORIENTED_EDGE('',*,*,#3094,.F.);
#3151=ORIENTED_EDGE('',*,*,#3150,.F.);
#3152=ORIENTED_EDGE('',*,*,#3091,.T.);
#3153=ORIENTED_EDGE('',*,*,#3137,.F.);
#3154=EDGE_LOOP('',(#3149,#3151,#3152,#3153));
#3155=FACE_OUTER_BOUND('',#3154,.F.);
#3156=ADVANCED_FACE('',(#3155),#3148,.T.);
#3157=CARTESIAN_POINT('',(-5.784506303134E1,2.975E1,0.E0));
#3158=DIRECTION('',(-1.E0,0.E0,0.E0));
#3159=DIRECTION('',(0.E0,0.E0,1.E0));
#3160=AXIS2_PLACEMENT_3D('',#3157,#3158,#3159);
#3161=CONICAL_SURFACE('',#3160,9.431689845127E0,1.5E1);
#3162=ORIENTED_EDGE('',*,*,#3079,.F.);
#3163=ORIENTED_EDGE('',*,*,#3051,.F.);
#3164=ORIENTED_EDGE('',*,*,#3076,.T.);
#3165=ORIENTED_EDGE('',*,*,#3150,.T.);
#3166=EDGE_LOOP('',(#3162,#3163,#3164,#3165));
#3167=FACE_OUTER_BOUND('',#3166,.F.);
#3168=ADVANCED_FACE('',(#3167),#3161,.T.);
#3169=CARTESIAN_POINT('',(-5.735E1,2.975E1,0.E0));
#3170=DIRECTION('',(-1.E0,0.E0,0.E0));
#3171=DIRECTION('',(0.E0,0.E0,1.E0));
#3172=AXIS2_PLACEMENT_3D('',#3169,#3170,#3171);
#3173=TOROIDAL_SURFACE('',#3172,8.45E0,1.E-1);
#3175=ORIENTED_EDGE('',*,*,#3174,.F.);
#3177=ORIENTED_EDGE('',*,*,#3176,.F.);
#3178=ORIENTED_EDGE('',*,*,#3124,.T.);
#3180=ORIENTED_EDGE('',*,*,#3179,.T.);
#3181=EDGE_LOOP('',(#3175,#3177,#3178,#3180));
#3182=FACE_OUTER_BOUND('',#3181,.F.);
#3183=ADVANCED_FACE('',(#3182),#3173,.T.);
#3184=CARTESIAN_POINT('',(-6.025E1,2.975E1,0.E0));
#3185=DIRECTION('',(-1.E0,0.E0,0.E0));
#3186=DIRECTION('',(0.E0,0.E0,1.E0));
#3187=AXIS2_PLACEMENT_3D('',#3184,#3185,#3186);
#3188=CYLINDRICAL_SURFACE('',#3187,8.35E0);
#3190=ORIENTED_EDGE('',*,*,#3189,.F.);
#3192=ORIENTED_EDGE('',*,*,#3191,.T.);
#3194=ORIENTED_EDGE('',*,*,#3193,.T.);
#3195=ORIENTED_EDGE('',*,*,#3174,.T.);
#3196=EDGE_LOOP('',(#3190,#3192,#3194,#3195));
#3197=FACE_OUTER_BOUND('',#3196,.F.);
#3198=ADVANCED_FACE('',(#3197),#3188,.F.);
#3199=CARTESIAN_POINT('',(-6.025E1,2.975E1,0.E0));
#3200=DIRECTION('',(-1.E0,0.E0,0.E0));
#3201=DIRECTION('',(0.E0,0.E0,1.E0));
#3202=AXIS2_PLACEMENT_3D('',#3199,#3200,#3201);
#3203=CYLINDRICAL_SURFACE('',#3202,8.35E0);
#3205=ORIENTED_EDGE('',*,*,#3204,.T.);
#3206=ORIENTED_EDGE('',*,*,#3193,.F.);
#3208=ORIENTED_EDGE('',*,*,#3207,.T.);
#3209=ORIENTED_EDGE('',*,*,#3189,.T.);
#3210=EDGE_LOOP('',(#3205,#3206,#3208,#3209));
#3211=FACE_OUTER_BOUND('',#3210,.F.);
#3212=ADVANCED_FACE('',(#3211),#3203,.F.);
#3213=CARTESIAN_POINT('',(-5.735E1,2.975E1,0.E0));
#3214=DIRECTION('',(-1.E0,0.E0,0.E0));
#3215=DIRECTION('',(0.E0,0.E0,1.E0));
#3216=AXIS2_PLACEMENT_3D('',#3213,#3214,#3215);
#3217=TOROIDAL_SURFACE('',#3216,8.45E0,1.E-1);
#3218=ORIENTED_EDGE('',*,*,#3179,.F.);
#3219=ORIENTED_EDGE('',*,*,#3126,.T.);
#3220=ORIENTED_EDGE('',*,*,#3176,.T.);
#3221=ORIENTED_EDGE('',*,*,#3204,.F.);
#3222=EDGE_LOOP('',(#3218,#3219,#3220,#3221));
#3223=FACE_OUTER_BOUND('',#3222,.F.);
#3224=ADVANCED_FACE('',(#3223),#3217,.T.);
#3225=CARTESIAN_POINT('',(-5.760287065657E1,2.975E1,0.E0));
#3226=DIRECTION('',(-1.E0,0.E0,0.E0));
#3227=DIRECTION('',(0.E0,0.E0,1.E0));
#3228=AXIS2_PLACEMENT_3D('',#3225,#3226,#3227);
#3229=TOROIDAL_SURFACE('',#3228,8.45E0,1.E-1);
#3231=ORIENTED_EDGE('',*,*,#3230,.F.);
#3232=ORIENTED_EDGE('',*,*,#3207,.F.);
#3234=ORIENTED_EDGE('',*,*,#3233,.T.);
#3236=ORIENTED_EDGE('',*,*,#3235,.F.);
#3237=EDGE_LOOP('',(#3231,#3232,#3234,#3236));
#3238=FACE_OUTER_BOUND('',#3237,.F.);
#3239=ADVANCED_FACE('',(#3238),#3229,.T.);
#3240=CARTESIAN_POINT('',(-5.760287065657E1,2.975E1,0.E0));
#3241=DIRECTION('',(-1.E0,0.E0,0.E0));
#3242=DIRECTION('',(0.E0,0.E0,1.E0));
#3243=AXIS2_PLACEMENT_3D('',#3240,#3241,#3242);
#3244=TOROIDAL_SURFACE('',#3243,8.45E0,1.E-1);
#3246=ORIENTED_EDGE('',*,*,#3245,.F.);
#3247=ORIENTED_EDGE('',*,*,#3233,.F.);
#3248=ORIENTED_EDGE('',*,*,#3191,.F.);
#3249=ORIENTED_EDGE('',*,*,#3230,.T.);
#3250=EDGE_LOOP('',(#3246,#3247,#3248,#3249));
#3251=FACE_OUTER_BOUND('',#3250,.F.);
#3252=ADVANCED_FACE('',(#3251),#3244,.T.);
#3253=CARTESIAN_POINT('',(-5.779239293050E1,2.975E1,0.E0));
#3254=DIRECTION('',(-1.E0,0.E0,0.E0));
#3255=DIRECTION('',(0.E0,0.E0,1.E0));
#3256=AXIS2_PLACEMENT_3D('',#3253,#3254,#3255);
#3257=CONICAL_SURFACE('',#3256,8.546321178182E0,5.5E1);
#3259=ORIENTED_EDGE('',*,*,#3258,.F.);
#3261=ORIENTED_EDGE('',*,*,#3260,.F.);
#3263=ORIENTED_EDGE('',*,*,#3262,.T.);
#3264=ORIENTED_EDGE('',*,*,#3245,.T.);
#3265=EDGE_LOOP('',(#3259,#3261,#3263,#3264));
#3266=FACE_OUTER_BOUND('',#3265,.F.);
#3267=ADVANCED_FACE('',(#3266),#3257,.F.);
#3268=CARTESIAN_POINT('',(-5.779239293050E1,2.975E1,0.E0));
#3269=DIRECTION('',(-1.E0,0.E0,0.E0));
#3270=DIRECTION('',(0.E0,0.E0,1.E0));
#3271=AXIS2_PLACEMENT_3D('',#3268,#3269,#3270);
#3272=CONICAL_SURFACE('',#3271,8.546321178182E0,5.5E1);
#3273=ORIENTED_EDGE('',*,*,#3235,.T.);
#3274=ORIENTED_EDGE('',*,*,#3262,.F.);
#3276=ORIENTED_EDGE('',*,*,#3275,.F.);
#3277=ORIENTED_EDGE('',*,*,#3258,.T.);
#3278=EDGE_LOOP('',(#3273,#3274,#3276,#3277));
#3279=FACE_OUTER_BOUND('',#3278,.F.);
#3280=ADVANCED_FACE('',(#3279),#3272,.F.);
#3281=CARTESIAN_POINT('',(-6.025E1,2.975E1,0.E0));
#3282=DIRECTION('',(-1.E0,0.E0,0.E0));
#3283=DIRECTION('',(0.E0,0.E0,1.E0));
#3284=AXIS2_PLACEMENT_3D('',#3281,#3282,#3283);
#3285=CYLINDRICAL_SURFACE('',#3284,8.7E0);
#3286=ORIENTED_EDGE('',*,*,#3275,.T.);
#3288=ORIENTED_EDGE('',*,*,#3287,.F.);
#3290=ORIENTED_EDGE('',*,*,#3289,.T.);
#3292=ORIENTED_EDGE('',*,*,#3291,.T.);
#3293=EDGE_LOOP('',(#3286,#3288,#3290,#3292));
#3294=FACE_OUTER_BOUND('',#3293,.F.);
#3295=ADVANCED_FACE('',(#3294),#3285,.F.);
#3296=CARTESIAN_POINT('',(-6.025E1,2.975E1,0.E0));
#3297=DIRECTION('',(-1.E0,0.E0,0.E0));
#3298=DIRECTION('',(0.E0,0.E0,1.E0));
#3299=AXIS2_PLACEMENT_3D('',#3296,#3297,#3298);
#3300=CYLINDRICAL_SURFACE('',#3299,8.7E0);
#3301=ORIENTED_EDGE('',*,*,#3291,.F.);
#3303=ORIENTED_EDGE('',*,*,#3302,.T.);
#3304=ORIENTED_EDGE('',*,*,#3287,.T.);
#3305=ORIENTED_EDGE('',*,*,#3260,.T.);
#3306=EDGE_LOOP('',(#3301,#3303,#3304,#3305));
#3307=FACE_OUTER_BOUND('',#3306,.F.);
#3308=ADVANCED_FACE('',(#3307),#3300,.F.);
#3309=CARTESIAN_POINT('',(-5.83E1,2.975E1,0.E0));
#3310=DIRECTION('',(1.E0,0.E0,0.E0));
#3311=DIRECTION('',(0.E0,0.E0,-1.E0));
#3312=AXIS2_PLACEMENT_3D('',#3309,#3310,#3311);
#3313=PLANE('',#3312);
#3314=ORIENTED_EDGE('',*,*,#3302,.F.);
#3315=ORIENTED_EDGE('',*,*,#3289,.F.);
#3316=EDGE_LOOP('',(#3314,#3315));
#3317=FACE_OUTER_BOUND('',#3316,.F.);
#3319=ORIENTED_EDGE('',*,*,#3318,.F.);
#3321=ORIENTED_EDGE('',*,*,#3320,.F.);
#3322=EDGE_LOOP('',(#3319,#3321));
#3323=FACE_BOUND('',#3322,.F.);
#3324=ADVANCED_FACE('',(#3317,#3323),#3313,.T.);
#3325=CARTESIAN_POINT('',(-5.83E1,2.975E1,0.E0));
#3326=DIRECTION('',(-1.E0,0.E0,0.E0));
#3327=DIRECTION('',(0.E0,0.E0,1.E0));
#3328=AXIS2_PLACEMENT_3D('',#3325,#3326,#3327);
#3329=CYLINDRICAL_SURFACE('',#3328,8.35E0);
#3330=ORIENTED_EDGE('',*,*,#3318,.T.);
#3332=ORIENTED_EDGE('',*,*,#3331,.T.);
#3334=ORIENTED_EDGE('',*,*,#3333,.T.);
#3336=ORIENTED_EDGE('',*,*,#3335,.F.);
#3337=EDGE_LOOP('',(#3330,#3332,#3334,#3336));
#3338=FACE_OUTER_BOUND('',#3337,.F.);
#3339=ADVANCED_FACE('',(#3338),#3329,.T.);
#3340=CARTESIAN_POINT('',(-5.83E1,2.975E1,0.E0));
#3341=DIRECTION('',(-1.E0,0.E0,0.E0));
#3342=DIRECTION('',(0.E0,0.E0,1.E0));
#3343=AXIS2_PLACEMENT_3D('',#3340,#3341,#3342);
#3344=CYLINDRICAL_SURFACE('',#3343,8.35E0);
#3345=ORIENTED_EDGE('',*,*,#3320,.T.);
#3346=ORIENTED_EDGE('',*,*,#3335,.T.);
#3348=ORIENTED_EDGE('',*,*,#3347,.T.);
#3349=ORIENTED_EDGE('',*,*,#3331,.F.);
#3350=EDGE_LOOP('',(#3345,#3346,#3348,#3349));
#3351=FACE_OUTER_BOUND('',#3350,.F.);
#3352=ADVANCED_FACE('',(#3351),#3344,.T.);
#3353=CARTESIAN_POINT('',(-5.77E1,2.975E1,0.E0));
#3354=DIRECTION('',(-1.E0,0.E0,0.E0));
#3355=DIRECTION('',(0.E0,0.E0,1.E0));
#3356=AXIS2_PLACEMENT_3D('',#3353,#3354,#3355);
#3357=TOROIDAL_SURFACE('',#3356,7.95E0,4.E-1);
#3359=ORIENTED_EDGE('',*,*,#3358,.F.);
#3360=ORIENTED_EDGE('',*,*,#3347,.F.);
#3362=ORIENTED_EDGE('',*,*,#3361,.T.);
#3364=ORIENTED_EDGE('',*,*,#3363,.F.);
#3366=ORIENTED_EDGE('',*,*,#3365,.F.);
#3368=ORIENTED_EDGE('',*,*,#3367,.T.);
#3370=ORIENTED_EDGE('',*,*,#3369,.T.);
#3372=ORIENTED_EDGE('',*,*,#3371,.F.);
#3374=ORIENTED_EDGE('',*,*,#3373,.F.);
#3376=ORIENTED_EDGE('',*,*,#3375,.T.);
#3378=ORIENTED_EDGE('',*,*,#3377,.T.);
#3380=ORIENTED_EDGE('',*,*,#3379,.F.);
#3382=ORIENTED_EDGE('',*,*,#3381,.F.);
#3384=ORIENTED_EDGE('',*,*,#3383,.T.);
#3386=ORIENTED_EDGE('',*,*,#3385,.T.);
#3388=ORIENTED_EDGE('',*,*,#3387,.F.);
#3390=ORIENTED_EDGE('',*,*,#3389,.F.);
#3392=ORIENTED_EDGE('',*,*,#3391,.T.);
#3394=ORIENTED_EDGE('',*,*,#3393,.T.);
#3396=ORIENTED_EDGE('',*,*,#3395,.F.);
#3397=EDGE_LOOP('',(#3359,#3360,#3362,#3364,#3366,#3368,#3370,#3372,#3374,#3376,
#3378,#3380,#3382,#3384,#3386,#3388,#3390,#3392,#3394,#3396));
#3398=FACE_OUTER_BOUND('',#3397,.F.);
#3399=ADVANCED_FACE('',(#3398),#3357,.T.);
#3400=CARTESIAN_POINT('',(-5.77E1,2.975E1,0.E0));
#3401=DIRECTION('',(-1.E0,0.E0,0.E0));
#3402=DIRECTION('',(0.E0,0.E0,1.E0));
#3403=AXIS2_PLACEMENT_3D('',#3400,#3401,#3402);
#3404=TOROIDAL_SURFACE('',#3403,7.95E0,4.E-1);
#3406=ORIENTED_EDGE('',*,*,#3405,.F.);
#3408=ORIENTED_EDGE('',*,*,#3407,.F.);
#3410=ORIENTED_EDGE('',*,*,#3409,.T.);
#3412=ORIENTED_EDGE('',*,*,#3411,.T.);
#3414=ORIENTED_EDGE('',*,*,#3413,.F.);
#3416=ORIENTED_EDGE('',*,*,#3415,.F.);
#3418=ORIENTED_EDGE('',*,*,#3417,.F.);
#3420=ORIENTED_EDGE('',*,*,#3419,.T.);
#3422=ORIENTED_EDGE('',*,*,#3421,.F.);
#3424=ORIENTED_EDGE('',*,*,#3423,.F.);
#3426=ORIENTED_EDGE('',*,*,#3425,.T.);
#3428=ORIENTED_EDGE('',*,*,#3427,.T.);
#3430=ORIENTED_EDGE('',*,*,#3429,.F.);
#3431=ORIENTED_EDGE('',*,*,#3361,.F.);
#3432=ORIENTED_EDGE('',*,*,#3333,.F.);
#3433=ORIENTED_EDGE('',*,*,#3358,.T.);
#3434=EDGE_LOOP('',(#3406,#3408,#3410,#3412,#3414,#3416,#3418,#3420,#3422,#3424,
#3426,#3428,#3430,#3431,#3432,#3433));
#3435=FACE_OUTER_BOUND('',#3434,.F.);
#3436=ADVANCED_FACE('',(#3435),#3404,.T.);
#3437=CARTESIAN_POINT('',(-5.747019029611E1,2.975E1,0.E0));
#3438=DIRECTION('',(-1.E0,0.E0,0.E0));
#3439=DIRECTION('',(0.E0,0.E0,1.E0));
#3440=AXIS2_PLACEMENT_3D('',#3437,#3438,#3439);
#3441=CONICAL_SURFACE('',#3440,7.720190296114E0,4.5E1);
#3443=ORIENTED_EDGE('',*,*,#3442,.F.);
#3445=ORIENTED_EDGE('',*,*,#3444,.T.);
#3447=ORIENTED_EDGE('',*,*,#3446,.T.);
#3449=ORIENTED_EDGE('',*,*,#3448,.F.);
#3450=ORIENTED_EDGE('',*,*,#3405,.T.);
#3451=ORIENTED_EDGE('',*,*,#3395,.T.);
#3452=EDGE_LOOP('',(#3443,#3445,#3447,#3449,#3450,#3451));
#3453=FACE_OUTER_BOUND('',#3452,.F.);
#3454=ADVANCED_FACE('',(#3453),#3441,.F.);
#3455=CARTESIAN_POINT('',(-5.785000020437E1,3.197518659269E1,9.749176935550E0));
#3456=DIRECTION('',(3.417421027486E-1,-9.162311807016E-1,2.091237880279E-1));
#3457=DIRECTION('',(9.369478697918E-1,3.494691535638E-1,0.E0));
#3458=AXIS2_PLACEMENT_3D('',#3455,#3456,#3457);
#3459=PLANE('',#3458);
#3461=ORIENTED_EDGE('',*,*,#3460,.T.);
#3462=ORIENTED_EDGE('',*,*,#3442,.T.);
#3463=ORIENTED_EDGE('',*,*,#3393,.F.);
#3465=ORIENTED_EDGE('',*,*,#3464,.F.);
#3466=EDGE_LOOP('',(#3461,#3462,#3463,#3465));
#3467=FACE_OUTER_BOUND('',#3466,.F.);
#3468=ADVANCED_FACE('',(#3467),#3459,.T.);
#3469=CARTESIAN_POINT('',(-5.77E1,2.975E1,0.E0));
#3470=DIRECTION('',(-1.E0,0.E0,0.E0));
#3471=DIRECTION('',(0.E0,0.E0,1.E0));
#3472=AXIS2_PLACEMENT_3D('',#3469,#3470,#3471);
#3473=TOROIDAL_SURFACE('',#3472,7.95E0,2.5E-1);
#3474=ORIENTED_EDGE('',*,*,#3444,.F.);
#3475=ORIENTED_EDGE('',*,*,#3460,.F.);
#3477=ORIENTED_EDGE('',*,*,#3476,.T.);
#3479=ORIENTED_EDGE('',*,*,#3478,.T.);
#3481=ORIENTED_EDGE('',*,*,#3480,.F.);
#3483=ORIENTED_EDGE('',*,*,#3482,.F.);
#3485=ORIENTED_EDGE('',*,*,#3484,.T.);
#3487=ORIENTED_EDGE('',*,*,#3486,.T.);
#3489=ORIENTED_EDGE('',*,*,#3488,.F.);
#3491=ORIENTED_EDGE('',*,*,#3490,.F.);
#3493=ORIENTED_EDGE('',*,*,#3492,.T.);
#3495=ORIENTED_EDGE('',*,*,#3494,.T.);
#3497=ORIENTED_EDGE('',*,*,#3496,.F.);
#3499=ORIENTED_EDGE('',*,*,#3498,.F.);
#3501=ORIENTED_EDGE('',*,*,#3500,.T.);
#3503=ORIENTED_EDGE('',*,*,#3502,.T.);
#3505=ORIENTED_EDGE('',*,*,#3504,.F.);
#3507=ORIENTED_EDGE('',*,*,#3506,.F.);
#3509=ORIENTED_EDGE('',*,*,#3508,.F.);
#3511=ORIENTED_EDGE('',*,*,#3510,.T.);
#3512=EDGE_LOOP('',(#3474,#3475,#3477,#3479,#3481,#3483,#3485,#3487,#3489,#3491,
#3493,#3495,#3497,#3499,#3501,#3503,#3505,#3507,#3509,#3511));
#3513=FACE_OUTER_BOUND('',#3512,.F.);
#3514=ADVANCED_FACE('',(#3513),#3473,.F.);
#3515=CARTESIAN_POINT('',(-5.7575E1,3.197518604476E1,9.749177060612E0));
#3516=DIRECTION('',(0.E0,-2.225209339563E-1,-9.749279121818E-1));
#3517=DIRECTION('',(0.E0,9.749279121818E-1,-2.225209339563E-1));
#3518=AXIS2_PLACEMENT_3D('',#3515,#3516,#3517);
#3519=CYLINDRICAL_SURFACE('',#3518,1.000003181701E-1);
#3521=ORIENTED_EDGE('',*,*,#3520,.T.);
#3522=ORIENTED_EDGE('',*,*,#3476,.F.);
#3523=ORIENTED_EDGE('',*,*,#3464,.T.);
#3524=ORIENTED_EDGE('',*,*,#3391,.F.);
#3525=EDGE_LOOP('',(#3521,#3522,#3523,#3524));
#3526=FACE_OUTER_BOUND('',#3525,.F.);
#3527=ADVANCED_FACE('',(#3526),#3519,.F.);
#3528=CARTESIAN_POINT('',(-5.785000020437E1,3.197518549683E1,9.749177185674E0));
#3529=DIRECTION('',(-3.417421027486E-1,-9.162311807016E-1,2.091237880279E-1));
#3530=DIRECTION('',(9.369478697918E-1,-3.494691535638E-1,0.E0));
#3531=AXIS2_PLACEMENT_3D('',#3528,#3529,#3530);
#3532=PLANE('',#3531);
#3534=ORIENTED_EDGE('',*,*,#3533,.T.);
#3535=ORIENTED_EDGE('',*,*,#3478,.F.);
#3536=ORIENTED_EDGE('',*,*,#3520,.F.);
#3537=ORIENTED_EDGE('',*,*,#3389,.T.);
#3538=EDGE_LOOP('',(#3534,#3535,#3536,#3537));
#3539=FACE_OUTER_BOUND('',#3538,.F.);
#3540=ADVANCED_FACE('',(#3539),#3532,.F.);
#3541=CARTESIAN_POINT('',(-5.747019029611E1,2.975E1,0.E0));
#3542=DIRECTION('',(-1.E0,0.E0,0.E0));
#3543=DIRECTION('',(0.E0,0.E0,1.E0));
#3544=AXIS2_PLACEMENT_3D('',#3541,#3542,#3543);
#3545=CONICAL_SURFACE('',#3544,7.720190296114E0,4.5E1);
#3547=ORIENTED_EDGE('',*,*,#3546,.F.);
#3548=ORIENTED_EDGE('',*,*,#3480,.T.);
#3549=ORIENTED_EDGE('',*,*,#3533,.F.);
#3550=ORIENTED_EDGE('',*,*,#3387,.T.);
#3551=EDGE_LOOP('',(#3547,#3548,#3549,#3550));
#3552=FACE_OUTER_BOUND('',#3551,.F.);
#3553=ADVANCED_FACE('',(#3552),#3545,.F.);
#3554=CARTESIAN_POINT('',(-5.785000020437E1,3.979341926656E1,4.836655181018E0));
#3555=DIRECTION('',(3.417421027486E-1,-4.077612360992E-1,8.467249314528E-1));
#3556=DIRECTION('',(0.E0,-9.009688679024E-1,-4.338837391176E-1));
#3557=AXIS2_PLACEMENT_3D('',#3554,#3555,#3556);
#3558=PLANE('',#3557);
#3559=ORIENTED_EDGE('',*,*,#3482,.T.);
#3560=ORIENTED_EDGE('',*,*,#3546,.T.);
#3561=ORIENTED_EDGE('',*,*,#3385,.F.);
#3563=ORIENTED_EDGE('',*,*,#3562,.T.);
#3564=EDGE_LOOP('',(#3559,#3560,#3561,#3563));
#3565=FACE_OUTER_BOUND('',#3564,.F.);
#3566=ADVANCED_FACE('',(#3565),#3558,.T.);
#3567=CARTESIAN_POINT('',(-5.7575E1,3.979341902271E1,4.836655687384E0));
#3568=DIRECTION('',(0.E0,-9.009688679024E-1,-4.338837391176E-1));
#3569=DIRECTION('',(0.E0,4.338837391176E-1,-9.009688679024E-1));
#3570=AXIS2_PLACEMENT_3D('',#3567,#3568,#3569);
#3571=CYLINDRICAL_SURFACE('',#3570,1.000003181701E-1);
#3573=ORIENTED_EDGE('',*,*,#3572,.F.);
#3574=ORIENTED_EDGE('',*,*,#3484,.F.);
#3575=ORIENTED_EDGE('',*,*,#3562,.F.);
#3576=ORIENTED_EDGE('',*,*,#3383,.F.);
#3577=EDGE_LOOP('',(#3573,#3574,#3575,#3576));
#3578=FACE_OUTER_BOUND('',#3577,.F.);
#3579=ADVANCED_FACE('',(#3578),#3571,.F.);
#3580=CARTESIAN_POINT('',(-5.785000020437E1,3.979341877885E1,4.836656193750E0));
#3581=DIRECTION('',(-3.417421027486E-1,-4.077612360992E-1,8.467249314528E-1));
#3582=DIRECTION('',(0.E0,-9.009688679024E-1,-4.338837391176E-1));
#3583=AXIS2_PLACEMENT_3D('',#3580,#3581,#3582);
#3584=PLANE('',#3583);
#3586=ORIENTED_EDGE('',*,*,#3585,.T.);
#3587=ORIENTED_EDGE('',*,*,#3486,.F.);
#3588=ORIENTED_EDGE('',*,*,#3572,.T.);
#3589=ORIENTED_EDGE('',*,*,#3381,.T.);
#3590=EDGE_LOOP('',(#3586,#3587,#3588,#3589));
#3591=FACE_OUTER_BOUND('',#3590,.F.);
#3592=ADVANCED_FACE('',(#3591),#3584,.F.);
#3593=CARTESIAN_POINT('',(-5.747019029611E1,2.975E1,0.E0));
#3594=DIRECTION('',(-1.E0,0.E0,0.E0));
#3595=DIRECTION('',(0.E0,0.E0,1.E0));
#3596=AXIS2_PLACEMENT_3D('',#3593,#3594,#3595);
#3597=CONICAL_SURFACE('',#3596,7.720190296114E0,4.5E1);
#3599=ORIENTED_EDGE('',*,*,#3598,.F.);
#3600=ORIENTED_EDGE('',*,*,#3488,.T.);
#3601=ORIENTED_EDGE('',*,*,#3585,.F.);
#3602=ORIENTED_EDGE('',*,*,#3379,.T.);
#3603=EDGE_LOOP('',(#3599,#3600,#3601,#3602));
#3604=FACE_OUTER_BOUND('',#3603,.F.);
#3605=ADVANCED_FACE('',(#3604),#3597,.F.);
#3606=CARTESIAN_POINT('',(-5.785000020437E1,3.979341877885E1,
-4.836656193750E0));
#3607=DIRECTION('',(3.417421027486E-1,4.077612360992E-1,8.467249314528E-1));
#3608=DIRECTION('',(0.E0,-9.009688679024E-1,4.338837391176E-1));
#3609=AXIS2_PLACEMENT_3D('',#3606,#3607,#3608);
#3610=PLANE('',#3609);
#3611=ORIENTED_EDGE('',*,*,#3490,.T.);
#3612=ORIENTED_EDGE('',*,*,#3598,.T.);
#3613=ORIENTED_EDGE('',*,*,#3377,.F.);
#3615=ORIENTED_EDGE('',*,*,#3614,.T.);
#3616=EDGE_LOOP('',(#3611,#3612,#3613,#3615));
#3617=FACE_OUTER_BOUND('',#3616,.F.);
#3618=ADVANCED_FACE('',(#3617),#3610,.T.);
#3619=CARTESIAN_POINT('',(-5.7575E1,3.979341902271E1,-4.836655687384E0));
#3620=DIRECTION('',(0.E0,-9.009688679024E-1,4.338837391176E-1));
#3621=DIRECTION('',(0.E0,-4.338837391176E-1,-9.009688679024E-1));
#3622=AXIS2_PLACEMENT_3D('',#3619,#3620,#3621);
#3623=CYLINDRICAL_SURFACE('',#3622,1.000003181701E-1);
#3625=ORIENTED_EDGE('',*,*,#3624,.F.);
#3626=ORIENTED_EDGE('',*,*,#3492,.F.);
#3627=ORIENTED_EDGE('',*,*,#3614,.F.);
#3628=ORIENTED_EDGE('',*,*,#3375,.F.);
#3629=EDGE_LOOP('',(#3625,#3626,#3627,#3628));
#3630=FACE_OUTER_BOUND('',#3629,.F.);
#3631=ADVANCED_FACE('',(#3630),#3623,.F.);
#3632=CARTESIAN_POINT('',(-5.785000020437E1,3.979341926656E1,
-4.836655181018E0));
#3633=DIRECTION('',(-3.417421027486E-1,4.077612360992E-1,8.467249314528E-1));
#3634=DIRECTION('',(0.E0,-9.009688679024E-1,4.338837391176E-1));
#3635=AXIS2_PLACEMENT_3D('',#3632,#3633,#3634);
#3636=PLANE('',#3635);
#3638=ORIENTED_EDGE('',*,*,#3637,.T.);
#3639=ORIENTED_EDGE('',*,*,#3494,.F.);
#3640=ORIENTED_EDGE('',*,*,#3624,.T.);
#3641=ORIENTED_EDGE('',*,*,#3373,.T.);
#3642=EDGE_LOOP('',(#3638,#3639,#3640,#3641));
#3643=FACE_OUTER_BOUND('',#3642,.F.);
#3644=ADVANCED_FACE('',(#3643),#3636,.F.);
#3645=CARTESIAN_POINT('',(-5.747019029611E1,2.975E1,0.E0));
#3646=DIRECTION('',(-1.E0,0.E0,0.E0));
#3647=DIRECTION('',(0.E0,0.E0,1.E0));
#3648=AXIS2_PLACEMENT_3D('',#3645,#3646,#3647);
#3649=CONICAL_SURFACE('',#3648,7.720190296114E0,4.5E1);
#3651=ORIENTED_EDGE('',*,*,#3650,.F.);
#3652=ORIENTED_EDGE('',*,*,#3496,.T.);
#3653=ORIENTED_EDGE('',*,*,#3637,.F.);
#3654=ORIENTED_EDGE('',*,*,#3371,.T.);
#3655=EDGE_LOOP('',(#3651,#3652,#3653,#3654));
#3656=FACE_OUTER_BOUND('',#3655,.F.);
#3657=ADVANCED_FACE('',(#3656),#3649,.F.);
#3658=CARTESIAN_POINT('',(-5.785000020437E1,3.197518549683E1,
-9.749177185674E0));
#3659=DIRECTION('',(3.417421027486E-1,9.162311807016E-1,2.091237880279E-1));
#3660=DIRECTION('',(-9.369478697918E-1,3.494691535638E-1,0.E0));
#3661=AXIS2_PLACEMENT_3D('',#3658,#3659,#3660);
#3662=PLANE('',#3661);
#3663=ORIENTED_EDGE('',*,*,#3498,.T.);
#3664=ORIENTED_EDGE('',*,*,#3650,.T.);
#3665=ORIENTED_EDGE('',*,*,#3369,.F.);
#3667=ORIENTED_EDGE('',*,*,#3666,.F.);
#3668=EDGE_LOOP('',(#3663,#3664,#3665,#3667));
#3669=FACE_OUTER_BOUND('',#3668,.F.);
#3670=ADVANCED_FACE('',(#3669),#3662,.T.);
#3671=CARTESIAN_POINT('',(-5.7575E1,3.197518604476E1,-9.749177060612E0));
#3672=DIRECTION('',(0.E0,-2.225209339563E-1,9.749279121818E-1));
#3673=DIRECTION('',(0.E0,-9.749279121818E-1,-2.225209339563E-1));
#3674=AXIS2_PLACEMENT_3D('',#3671,#3672,#3673);
#3675=CYLINDRICAL_SURFACE('',#3674,1.000003181701E-1);
#3677=ORIENTED_EDGE('',*,*,#3676,.T.);
#3678=ORIENTED_EDGE('',*,*,#3500,.F.);
#3679=ORIENTED_EDGE('',*,*,#3666,.T.);
#3680=ORIENTED_EDGE('',*,*,#3367,.F.);
#3681=EDGE_LOOP('',(#3677,#3678,#3679,#3680));
#3682=FACE_OUTER_BOUND('',#3681,.F.);
#3683=ADVANCED_FACE('',(#3682),#3675,.F.);
#3684=CARTESIAN_POINT('',(-5.785000020437E1,3.197518659269E1,
-9.749176935550E0));
#3685=DIRECTION('',(-3.417421027486E-1,9.162311807016E-1,2.091237880279E-1));
#3686=DIRECTION('',(-9.369478697918E-1,-3.494691535638E-1,0.E0));
#3687=AXIS2_PLACEMENT_3D('',#3684,#3685,#3686);
#3688=PLANE('',#3687);
#3690=ORIENTED_EDGE('',*,*,#3689,.T.);
#3691=ORIENTED_EDGE('',*,*,#3502,.F.);
#3692=ORIENTED_EDGE('',*,*,#3676,.F.);
#3693=ORIENTED_EDGE('',*,*,#3365,.T.);
#3694=EDGE_LOOP('',(#3690,#3691,#3692,#3693));
#3695=FACE_OUTER_BOUND('',#3694,.F.);
#3696=ADVANCED_FACE('',(#3695),#3688,.F.);
#3697=CARTESIAN_POINT('',(-5.747019029611E1,2.975E1,0.E0));
#3698=DIRECTION('',(-1.E0,0.E0,0.E0));
#3699=DIRECTION('',(0.E0,0.E0,1.E0));
#3700=AXIS2_PLACEMENT_3D('',#3697,#3698,#3699);
#3701=CONICAL_SURFACE('',#3700,7.720190296114E0,4.5E1);
#3702=ORIENTED_EDGE('',*,*,#3363,.T.);
#3703=ORIENTED_EDGE('',*,*,#3429,.T.);
#3705=ORIENTED_EDGE('',*,*,#3704,.F.);
#3707=ORIENTED_EDGE('',*,*,#3706,.T.);
#3708=ORIENTED_EDGE('',*,*,#3504,.T.);
#3709=ORIENTED_EDGE('',*,*,#3689,.F.);
#3710=EDGE_LOOP('',(#3702,#3703,#3705,#3707,#3708,#3709));
#3711=FACE_OUTER_BOUND('',#3710,.F.);
#3712=ADVANCED_FACE('',(#3711),#3701,.F.);
#3713=CARTESIAN_POINT('',(-5.785000020437E1,2.243282422301E1,
-9.175447306634E0));
#3714=DIRECTION('',(3.417421027486E-1,7.347603585256E-1,-5.859518331299E-1));
#3715=DIRECTION('',(0.E0,6.234898018587E-1,7.818314824680E-1));
#3716=AXIS2_PLACEMENT_3D('',#3713,#3714,#3715);
#3717=PLANE('',#3716);
#3719=ORIENTED_EDGE('',*,*,#3718,.T.);
#3720=ORIENTED_EDGE('',*,*,#3704,.T.);
#3721=ORIENTED_EDGE('',*,*,#3427,.F.);
#3723=ORIENTED_EDGE('',*,*,#3722,.T.);
#3724=EDGE_LOOP('',(#3719,#3720,#3721,#3723));
#3725=FACE_OUTER_BOUND('',#3724,.F.);
#3726=ADVANCED_FACE('',(#3725),#3717,.T.);
#3727=CARTESIAN_POINT('',(-5.77E1,2.975E1,0.E0));
#3728=DIRECTION('',(-1.E0,0.E0,0.E0));
#3729=DIRECTION('',(0.E0,0.E0,1.E0));
#3730=AXIS2_PLACEMENT_3D('',#3727,#3728,#3729);
#3731=TOROIDAL_SURFACE('',#3730,7.95E0,2.5E-1);
#3732=ORIENTED_EDGE('',*,*,#3510,.F.);
#3734=ORIENTED_EDGE('',*,*,#3733,.F.);
#3735=ORIENTED_EDGE('',*,*,#3506,.T.);
#3736=ORIENTED_EDGE('',*,*,#3706,.F.);
#3737=ORIENTED_EDGE('',*,*,#3718,.F.);
#3739=ORIENTED_EDGE('',*,*,#3738,.T.);
#3741=ORIENTED_EDGE('',*,*,#3740,.T.);
#3743=ORIENTED_EDGE('',*,*,#3742,.F.);
#3745=ORIENTED_EDGE('',*,*,#3744,.F.);
#3747=ORIENTED_EDGE('',*,*,#3746,.T.);
#3749=ORIENTED_EDGE('',*,*,#3748,.T.);
#3751=ORIENTED_EDGE('',*,*,#3750,.F.);
#3753=ORIENTED_EDGE('',*,*,#3752,.F.);
#3755=ORIENTED_EDGE('',*,*,#3754,.T.);
#3757=ORIENTED_EDGE('',*,*,#3756,.T.);
#3758=ORIENTED_EDGE('',*,*,#3446,.F.);
#3759=EDGE_LOOP('',(#3732,#3734,#3735,#3736,#3737,#3739,#3741,#3743,#3745,#3747,
#3749,#3751,#3753,#3755,#3757,#3758));
#3760=FACE_OUTER_BOUND('',#3759,.F.);
#3761=ADVANCED_FACE('',(#3760),#3731,.F.);
#3762=CARTESIAN_POINT('',(-5.83E1,2.975E1,0.E0));
#3763=DIRECTION('',(-1.E0,0.E0,0.E0));
#3764=DIRECTION('',(0.E0,0.E0,1.E0));
#3765=AXIS2_PLACEMENT_3D('',#3762,#3763,#3764);
#3766=CYLINDRICAL_SURFACE('',#3765,8.2E0);
#3768=ORIENTED_EDGE('',*,*,#3767,.F.);
#3770=ORIENTED_EDGE('',*,*,#3769,.T.);
#3772=ORIENTED_EDGE('',*,*,#3771,.T.);
#3773=ORIENTED_EDGE('',*,*,#3733,.T.);
#3774=EDGE_LOOP('',(#3768,#3770,#3772,#3773));
#3775=FACE_OUTER_BOUND('',#3774,.F.);
#3776=ADVANCED_FACE('',(#3775),#3766,.F.);
#3777=CARTESIAN_POINT('',(-5.83E1,2.975E1,0.E0));
#3778=DIRECTION('',(-1.E0,0.E0,0.E0));
#3779=DIRECTION('',(0.E0,0.E0,1.E0));
#3780=AXIS2_PLACEMENT_3D('',#3777,#3778,#3779);
#3781=CYLINDRICAL_SURFACE('',#3780,8.2E0);
#3782=ORIENTED_EDGE('',*,*,#3508,.T.);
#3783=ORIENTED_EDGE('',*,*,#3771,.F.);
#3785=ORIENTED_EDGE('',*,*,#3784,.T.);
#3786=ORIENTED_EDGE('',*,*,#3767,.T.);
#3787=EDGE_LOOP('',(#3782,#3783,#3785,#3786));
#3788=FACE_OUTER_BOUND('',#3787,.F.);
#3789=ADVANCED_FACE('',(#3788),#3781,.F.);
#3790=CARTESIAN_POINT('',(-5.815E1,3.725E1,0.E0));
#3791=DIRECTION('',(-1.E0,0.E0,0.E0));
#3792=DIRECTION('',(0.E0,0.E0,1.E0));
#3793=AXIS2_PLACEMENT_3D('',#3790,#3791,#3792);
#3794=PLANE('',#3793);
#3795=ORIENTED_EDGE('',*,*,#3769,.F.);
#3796=ORIENTED_EDGE('',*,*,#3784,.F.);
#3797=EDGE_LOOP('',(#3795,#3796));
#3798=FACE_OUTER_BOUND('',#3797,.F.);
#3800=ORIENTED_EDGE('',*,*,#3799,.F.);
#3802=ORIENTED_EDGE('',*,*,#3801,.F.);
#3803=EDGE_LOOP('',(#3800,#3802));
#3804=FACE_BOUND('',#3803,.F.);
#3805=ADVANCED_FACE('',(#3798,#3804),#3794,.F.);
#3806=CARTESIAN_POINT('',(-5.791878980892E1,2.975E1,0.E0));
#3807=DIRECTION('',(-1.E0,0.E0,0.E0));
#3808=DIRECTION('',(0.E0,0.E0,1.E0));
#3809=AXIS2_PLACEMENT_3D('',#3806,#3807,#3808);
#3810=CONICAL_SURFACE('',#3809,7.351114649682E0,3.277908066807E1);
#3812=ORIENTED_EDGE('',*,*,#3811,.T.);
#3814=ORIENTED_EDGE('',*,*,#3813,.F.);
#3815=ORIENTED_EDGE('',*,*,#3799,.T.);
#3817=ORIENTED_EDGE('',*,*,#3816,.T.);
#3818=EDGE_LOOP('',(#3812,#3814,#3815,#3817));
#3819=FACE_OUTER_BOUND('',#3818,.F.);
#3820=ADVANCED_FACE('',(#3819),#3810,.T.);
#3821=CARTESIAN_POINT('',(-5.785E1,2.975E1,0.E0));
#3822=DIRECTION('',(-1.E0,0.E0,0.E0));
#3823=DIRECTION('',(0.E0,0.E0,1.E0));
#3824=AXIS2_PLACEMENT_3D('',#3821,#3822,#3823);
#3825=TOROIDAL_SURFACE('',#3824,6.95E0,3.E-1);
#3827=ORIENTED_EDGE('',*,*,#3826,.T.);
#3829=ORIENTED_EDGE('',*,*,#3828,.F.);
#3830=ORIENTED_EDGE('',*,*,#3811,.F.);
#3832=ORIENTED_EDGE('',*,*,#3831,.T.);
#3833=EDGE_LOOP('',(#3827,#3829,#3830,#3832));
#3834=FACE_OUTER_BOUND('',#3833,.F.);
#3835=ADVANCED_FACE('',(#3834),#3825,.T.);
#3836=CARTESIAN_POINT('',(-5.755E1,3.485E1,0.E0));
#3837=DIRECTION('',(-1.E0,0.E0,0.E0));
#3838=DIRECTION('',(0.E0,0.E0,1.E0));
#3839=AXIS2_PLACEMENT_3D('',#3836,#3837,#3838);
#3840=PLANE('',#3839);
#3841=ORIENTED_EDGE('',*,*,#3826,.F.);
#3843=ORIENTED_EDGE('',*,*,#3842,.F.);
#3844=EDGE_LOOP('',(#3841,#3843));
#3845=FACE_OUTER_BOUND('',#3844,.F.);
#3847=ORIENTED_EDGE('',*,*,#3846,.F.);
#3849=ORIENTED_EDGE('',*,*,#3848,.F.);
#3850=EDGE_LOOP('',(#3847,#3849));
#3851=FACE_BOUND('',#3850,.F.);
#3852=ADVANCED_FACE('',(#3845,#3851),#3840,.F.);
#3853=CARTESIAN_POINT('',(-5.785E1,2.975E1,0.E0));
#3854=DIRECTION('',(-1.E0,0.E0,0.E0));
#3855=DIRECTION('',(0.E0,0.E0,1.E0));
#3856=AXIS2_PLACEMENT_3D('',#3853,#3854,#3855);
#3857=TOROIDAL_SURFACE('',#3856,6.95E0,3.E-1);
#3858=ORIENTED_EDGE('',*,*,#3831,.F.);
#3860=ORIENTED_EDGE('',*,*,#3859,.F.);
#3861=ORIENTED_EDGE('',*,*,#3828,.T.);
#3862=ORIENTED_EDGE('',*,*,#3842,.T.);
#3863=EDGE_LOOP('',(#3858,#3860,#3861,#3862));
#3864=FACE_OUTER_BOUND('',#3863,.F.);
#3865=ADVANCED_FACE('',(#3864),#3857,.T.);
#3866=CARTESIAN_POINT('',(-5.791878980892E1,2.975E1,0.E0));
#3867=DIRECTION('',(-1.E0,0.E0,0.E0));
#3868=DIRECTION('',(0.E0,0.E0,1.E0));
#3869=AXIS2_PLACEMENT_3D('',#3866,#3867,#3868);
#3870=CONICAL_SURFACE('',#3869,7.351114649682E0,3.277908066807E1);
#3871=ORIENTED_EDGE('',*,*,#3816,.F.);
#3872=ORIENTED_EDGE('',*,*,#3801,.T.);
#3873=ORIENTED_EDGE('',*,*,#3813,.T.);
#3874=ORIENTED_EDGE('',*,*,#3859,.T.);
#3875=EDGE_LOOP('',(#3871,#3872,#3873,#3874));
#3876=FACE_OUTER_BOUND('',#3875,.F.);
#3877=ADVANCED_FACE('',(#3876),#3870,.T.);
#3878=CARTESIAN_POINT('',(-5.83E1,2.975E1,0.E0));
#3879=DIRECTION('',(-1.E0,0.E0,0.E0));
#3880=DIRECTION('',(0.E0,0.E0,1.E0));
#3881=AXIS2_PLACEMENT_3D('',#3878,#3879,#3880);
#3882=CYLINDRICAL_SURFACE('',#3881,5.1E0);
#3884=ORIENTED_EDGE('',*,*,#3883,.F.);
#3886=ORIENTED_EDGE('',*,*,#3885,.T.);
#3888=ORIENTED_EDGE('',*,*,#3887,.T.);
#3889=ORIENTED_EDGE('',*,*,#3846,.T.);
#3890=EDGE_LOOP('',(#3884,#3886,#3888,#3889));
#3891=FACE_OUTER_BOUND('',#3890,.F.);
#3892=ADVANCED_FACE('',(#3891),#3882,.F.);
#3893=CARTESIAN_POINT('',(-5.83E1,2.975E1,0.E0));
#3894=DIRECTION('',(-1.E0,0.E0,0.E0));
#3895=DIRECTION('',(0.E0,0.E0,1.E0));
#3896=AXIS2_PLACEMENT_3D('',#3893,#3894,#3895);
#3897=CYLINDRICAL_SURFACE('',#3896,5.1E0);
#3898=ORIENTED_EDGE('',*,*,#3848,.T.);
#3899=ORIENTED_EDGE('',*,*,#3887,.F.);
#3901=ORIENTED_EDGE('',*,*,#3900,.T.);
#3902=ORIENTED_EDGE('',*,*,#3883,.T.);
#3903=EDGE_LOOP('',(#3898,#3899,#3901,#3902));
#3904=FACE_OUTER_BOUND('',#3903,.F.);
#3905=ADVANCED_FACE('',(#3904),#3897,.F.);
#3906=CARTESIAN_POINT('',(-5.785E1,3.485E1,0.E0));
#3907=DIRECTION('',(-1.E0,0.E0,0.E0));
#3908=DIRECTION('',(0.E0,0.E0,1.E0));
#3909=AXIS2_PLACEMENT_3D('',#3906,#3907,#3908);
#3910=PLANE('',#3909);
#3912=ORIENTED_EDGE('',*,*,#3911,.F.);
#3914=ORIENTED_EDGE('',*,*,#3913,.F.);
#3915=EDGE_LOOP('',(#3912,#3914));
#3916=FACE_OUTER_BOUND('',#3915,.F.);
#3917=ORIENTED_EDGE('',*,*,#3885,.F.);
#3918=ORIENTED_EDGE('',*,*,#3900,.F.);
#3919=EDGE_LOOP('',(#3917,#3918));
#3920=FACE_BOUND('',#3919,.F.);
#3921=ADVANCED_FACE('',(#3916,#3920),#3910,.T.);
#3922=CARTESIAN_POINT('',(-5.83E1,2.975E1,0.E0));
#3923=DIRECTION('',(-1.E0,0.E0,0.E0));
#3924=DIRECTION('',(0.E0,0.E0,1.E0));
#3925=AXIS2_PLACEMENT_3D('',#3922,#3923,#3924);
#3926=CYLINDRICAL_SURFACE('',#3925,5.25E0);
#3928=ORIENTED_EDGE('',*,*,#3927,.T.);
#3930=ORIENTED_EDGE('',*,*,#3929,.F.);
#3931=ORIENTED_EDGE('',*,*,#3911,.T.);
#3933=ORIENTED_EDGE('',*,*,#3932,.T.);
#3934=EDGE_LOOP('',(#3928,#3930,#3931,#3933));
#3935=FACE_OUTER_BOUND('',#3934,.F.);
#3936=ADVANCED_FACE('',(#3935),#3926,.T.);
#3937=CARTESIAN_POINT('',(-5.77E1,3.5E1,0.E0));
#3938=DIRECTION('',(-1.E0,0.E0,0.E0));
#3939=DIRECTION('',(0.E0,0.E0,1.E0));
#3940=AXIS2_PLACEMENT_3D('',#3937,#3938,#3939);
#3941=PLANE('',#3940);
#3943=ORIENTED_EDGE('',*,*,#3942,.F.);
#3945=ORIENTED_EDGE('',*,*,#3944,.F.);
#3946=EDGE_LOOP('',(#3943,#3945));
#3947=FACE_OUTER_BOUND('',#3946,.F.);
#3948=ORIENTED_EDGE('',*,*,#3927,.F.);
#3950=ORIENTED_EDGE('',*,*,#3949,.F.);
#3951=EDGE_LOOP('',(#3948,#3950));
#3952=FACE_BOUND('',#3951,.F.);
#3953=ADVANCED_FACE('',(#3947,#3952),#3941,.T.);
#3954=CARTESIAN_POINT('',(-5.785E1,2.975E1,0.E0));
#3955=DIRECTION('',(-1.E0,0.E0,0.E0));
#3956=DIRECTION('',(0.E0,0.E0,1.E0));
#3957=AXIS2_PLACEMENT_3D('',#3954,#3955,#3956);
#3958=TOROIDAL_SURFACE('',#3957,6.95E0,1.5E-1);
#3960=ORIENTED_EDGE('',*,*,#3959,.F.);
#3962=ORIENTED_EDGE('',*,*,#3961,.F.);
#3964=ORIENTED_EDGE('',*,*,#3963,.T.);
#3965=ORIENTED_EDGE('',*,*,#3942,.T.);
#3966=EDGE_LOOP('',(#3960,#3962,#3964,#3965));
#3967=FACE_OUTER_BOUND('',#3966,.F.);
#3968=ADVANCED_FACE('',(#3967),#3958,.F.);
#3969=CARTESIAN_POINT('',(-5.785E1,2.975E1,0.E0));
#3970=DIRECTION('',(-1.E0,0.E0,0.E0));
#3971=DIRECTION('',(0.E0,0.E0,1.E0));
#3972=AXIS2_PLACEMENT_3D('',#3969,#3970,#3971);
#3973=TOROIDAL_SURFACE('',#3972,6.95E0,1.5E-1);
#3974=ORIENTED_EDGE('',*,*,#3944,.T.);
#3975=ORIENTED_EDGE('',*,*,#3963,.F.);
#3977=ORIENTED_EDGE('',*,*,#3976,.F.);
#3978=ORIENTED_EDGE('',*,*,#3959,.T.);
#3979=EDGE_LOOP('',(#3974,#3975,#3977,#3978));
#3980=FACE_OUTER_BOUND('',#3979,.F.);
#3981=ADVANCED_FACE('',(#3980),#3973,.F.);
#3982=CARTESIAN_POINT('',(-5.8E1,2.975E1,0.E0));
#3983=DIRECTION('',(-1.E0,0.E0,0.E0));
#3984=DIRECTION('',(0.E0,0.E0,1.E0));
#3985=AXIS2_PLACEMENT_3D('',#3982,#3983,#3984);
#3986=CONICAL_SURFACE('',#3985,7.225E0,3.277908066807E1);
#3987=ORIENTED_EDGE('',*,*,#3976,.T.);
#3989=ORIENTED_EDGE('',*,*,#3988,.F.);
#3991=ORIENTED_EDGE('',*,*,#3990,.T.);
#3993=ORIENTED_EDGE('',*,*,#3992,.T.);
#3994=EDGE_LOOP('',(#3987,#3989,#3991,#3993));
#3995=FACE_OUTER_BOUND('',#3994,.F.);
#3996=ADVANCED_FACE('',(#3995),#3986,.F.);
#3997=CARTESIAN_POINT('',(-5.8E1,2.975E1,0.E0));
#3998=DIRECTION('',(-1.E0,0.E0,0.E0));
#3999=DIRECTION('',(0.E0,0.E0,1.E0));
#4000=AXIS2_PLACEMENT_3D('',#3997,#3998,#3999);
#4001=CONICAL_SURFACE('',#4000,7.225E0,3.277908066807E1);
#4002=ORIENTED_EDGE('',*,*,#3992,.F.);
#4004=ORIENTED_EDGE('',*,*,#4003,.T.);
#4005=ORIENTED_EDGE('',*,*,#3988,.T.);
#4006=ORIENTED_EDGE('',*,*,#3961,.T.);
#4007=EDGE_LOOP('',(#4002,#4004,#4005,#4006));
#4008=FACE_OUTER_BOUND('',#4007,.F.);
#4009=ADVANCED_FACE('',(#4008),#4001,.F.);
#4010=CARTESIAN_POINT('',(-5.815E1,2.975E1,0.E0));
#4011=DIRECTION('',(-1.E0,0.E0,0.E0));
#4012=DIRECTION('',(0.E0,0.E0,1.E0));
#4013=AXIS2_PLACEMENT_3D('',#4010,#4011,#4012);
#4014=TOROIDAL_SURFACE('',#4013,7.5E0,1.5E-1);
#4016=ORIENTED_EDGE('',*,*,#4015,.T.);
#4018=ORIENTED_EDGE('',*,*,#4017,.F.);
#4019=ORIENTED_EDGE('',*,*,#4003,.F.);
#4021=ORIENTED_EDGE('',*,*,#4020,.T.);
#4022=EDGE_LOOP('',(#4016,#4018,#4019,#4021));
#4023=FACE_OUTER_BOUND('',#4022,.F.);
#4024=ADVANCED_FACE('',(#4023),#4014,.T.);
#4025=CARTESIAN_POINT('',(-5.83E1,3.725E1,0.E0));
#4026=DIRECTION('',(-1.E0,0.E0,0.E0));
#4027=DIRECTION('',(0.E0,0.E0,1.E0));
#4028=AXIS2_PLACEMENT_3D('',#4025,#4026,#4027);
#4029=PLANE('',#4028);
#4031=ORIENTED_EDGE('',*,*,#4030,.F.);
#4033=ORIENTED_EDGE('',*,*,#4032,.F.);
#4034=EDGE_LOOP('',(#4031,#4033));
#4035=FACE_OUTER_BOUND('',#4034,.F.);
#4036=ORIENTED_EDGE('',*,*,#4015,.F.);
#4038=ORIENTED_EDGE('',*,*,#4037,.F.);
#4039=EDGE_LOOP('',(#4036,#4038));
#4040=FACE_BOUND('',#4039,.F.);
#4041=ADVANCED_FACE('',(#4035,#4040),#4029,.T.);
#4042=CARTESIAN_POINT('',(-6.025E1,2.975E1,0.E0));
#4043=DIRECTION('',(-1.E0,0.E0,0.E0));
#4044=DIRECTION('',(0.E0,0.E0,1.E0));
#4045=AXIS2_PLACEMENT_3D('',#4042,#4043,#4044);
#4046=CYLINDRICAL_SURFACE('',#4045,7.7E0);
#4047=ORIENTED_EDGE('',*,*,#4030,.T.);
#4049=ORIENTED_EDGE('',*,*,#4048,.F.);
#4051=ORIENTED_EDGE('',*,*,#4050,.T.);
#4053=ORIENTED_EDGE('',*,*,#4052,.T.);
#4054=EDGE_LOOP('',(#4047,#4049,#4051,#4053));
#4055=FACE_OUTER_BOUND('',#4054,.F.);
#4056=ADVANCED_FACE('',(#4055),#4046,.F.);
#4057=CARTESIAN_POINT('',(-6.025E1,2.975E1,0.E0));
#4058=DIRECTION('',(-1.E0,0.E0,0.E0));
#4059=DIRECTION('',(0.E0,0.E0,1.E0));
#4060=AXIS2_PLACEMENT_3D('',#4057,#4058,#4059);
#4061=CYLINDRICAL_SURFACE('',#4060,7.7E0);
#4062=ORIENTED_EDGE('',*,*,#4032,.T.);
#4063=ORIENTED_EDGE('',*,*,#4052,.F.);
#4065=ORIENTED_EDGE('',*,*,#4064,.T.);
#4066=ORIENTED_EDGE('',*,*,#4048,.T.);
#4067=EDGE_LOOP('',(#4062,#4063,#4065,#4066));
#4068=FACE_OUTER_BOUND('',#4067,.F.);
#4069=ADVANCED_FACE('',(#4068),#4061,.F.);
#4070=CARTESIAN_POINT('',(-6.025E1,2.975E1,0.E0));
#4071=DIRECTION('',(-1.E0,0.E0,0.E0));
#4072=DIRECTION('',(0.E0,0.E0,1.E0));
#4073=AXIS2_PLACEMENT_3D('',#4070,#4071,#4072);
#4074=TOROIDAL_SURFACE('',#4073,6.56E0,1.79E0);
#4076=ORIENTED_EDGE('',*,*,#4075,.F.);
#4078=ORIENTED_EDGE('',*,*,#4077,.F.);
#4080=ORIENTED_EDGE('',*,*,#4079,.F.);
#4081=ORIENTED_EDGE('',*,*,#4064,.F.);
#4082=EDGE_LOOP('',(#4076,#4078,#4080,#4081));
#4083=FACE_OUTER_BOUND('',#4082,.F.);
#4084=ADVANCED_FACE('',(#4083),#4074,.F.);
#4085=CARTESIAN_POINT('',(-6.025E1,2.975E1,0.E0));
#4086=DIRECTION('',(-1.E0,0.E0,0.E0));
#4087=DIRECTION('',(0.E0,0.E0,1.E0));
#4088=AXIS2_PLACEMENT_3D('',#4085,#4086,#4087);
#4089=TOROIDAL_SURFACE('',#4088,6.56E0,1.79E0);
#4090=ORIENTED_EDGE('',*,*,#4050,.F.);
#4091=ORIENTED_EDGE('',*,*,#4079,.T.);
#4093=ORIENTED_EDGE('',*,*,#4092,.F.);
#4094=ORIENTED_EDGE('',*,*,#4075,.T.);
#4095=EDGE_LOOP('',(#4090,#4091,#4093,#4094));
#4096=FACE_OUTER_BOUND('',#4095,.F.);
#4097=ADVANCED_FACE('',(#4096),#4089,.F.);
#4098=CARTESIAN_POINT('',(-6.025E1,2.975E1,0.E0));
#4099=DIRECTION('',(-1.E0,0.E0,0.E0));
#4100=DIRECTION('',(0.E0,0.E0,1.E0));
#4101=AXIS2_PLACEMENT_3D('',#4098,#4099,#4100);
#4102=CYLINDRICAL_SURFACE('',#4101,7.7E0);
#4104=ORIENTED_EDGE('',*,*,#4103,.F.);
#4106=ORIENTED_EDGE('',*,*,#4105,.T.);
#4107=ORIENTED_EDGE('',*,*,#4092,.T.);
#4109=ORIENTED_EDGE('',*,*,#4108,.F.);
#4110=EDGE_LOOP('',(#4104,#4106,#4107,#4109));
#4111=FACE_OUTER_BOUND('',#4110,.F.);
#4112=ADVANCED_FACE('',(#4111),#4102,.F.);
#4113=CARTESIAN_POINT('',(-6.22E1,3.261386989015E1,-6.931684445522E0));
#4114=DIRECTION('',(1.E0,0.E0,0.E0));
#4115=DIRECTION('',(0.E0,-9.242245927363E-1,-3.818493186866E-1));
#4116=AXIS2_PLACEMENT_3D('',#4113,#4114,#4115);
#4117=PLANE('',#4116);
#4118=ORIENTED_EDGE('',*,*,#4103,.T.);
#4120=ORIENTED_EDGE('',*,*,#4119,.T.);
#4121=EDGE_LOOP('',(#4118,#4120));
#4122=FACE_OUTER_BOUND('',#4121,.F.);
#4124=ORIENTED_EDGE('',*,*,#4123,.F.);
#4126=ORIENTED_EDGE('',*,*,#4125,.F.);
#4127=EDGE_LOOP('',(#4124,#4126));
#4128=FACE_BOUND('',#4127,.F.);
#4129=ADVANCED_FACE('',(#4122,#4128),#4117,.T.);
#4130=CARTESIAN_POINT('',(-6.025E1,2.975E1,0.E0));
#4131=DIRECTION('',(-1.E0,0.E0,0.E0));
#4132=DIRECTION('',(0.E0,0.E0,1.E0));
#4133=AXIS2_PLACEMENT_3D('',#4130,#4131,#4132);
#4134=CYLINDRICAL_SURFACE('',#4133,7.7E0);
#4135=ORIENTED_EDGE('',*,*,#4119,.F.);
#4136=ORIENTED_EDGE('',*,*,#4108,.T.);
#4137=ORIENTED_EDGE('',*,*,#4077,.T.);
#4138=ORIENTED_EDGE('',*,*,#4105,.F.);
#4139=EDGE_LOOP('',(#4135,#4136,#4137,#4138));
#4140=FACE_OUTER_BOUND('',#4139,.F.);
#4141=ADVANCED_FACE('',(#4140),#4134,.F.);
#4142=CARTESIAN_POINT('',(-6.235E1,2.975E1,0.E0));
#4143=DIRECTION('',(1.E0,0.E0,0.E0));
#4144=DIRECTION('',(0.E0,-9.242245927363E-1,-3.818493186866E-1));
#4145=AXIS2_PLACEMENT_3D('',#4142,#4143,#4144);
#4146=TOROIDAL_SURFACE('',#4145,7.5E0,1.5E-1);
#4147=ORIENTED_EDGE('',*,*,#4123,.T.);
#4149=ORIENTED_EDGE('',*,*,#4148,.F.);
#4151=ORIENTED_EDGE('',*,*,#4150,.F.);
#4153=ORIENTED_EDGE('',*,*,#4152,.T.);
#4154=EDGE_LOOP('',(#4147,#4149,#4151,#4153));
#4155=FACE_OUTER_BOUND('',#4154,.F.);
#4156=ADVANCED_FACE('',(#4155),#4146,.T.);
#4157=CARTESIAN_POINT('',(-6.235E1,2.975E1,0.E0));
#4158=DIRECTION('',(1.E0,0.E0,0.E0));
#4159=DIRECTION('',(0.E0,-9.242245927363E-1,-3.818493186866E-1));
#4160=AXIS2_PLACEMENT_3D('',#4157,#4158,#4159);
#4161=TOROIDAL_SURFACE('',#4160,7.5E0,1.5E-1);
#4162=ORIENTED_EDGE('',*,*,#4152,.F.);
#4164=ORIENTED_EDGE('',*,*,#4163,.F.);
#4165=ORIENTED_EDGE('',*,*,#4148,.T.);
#4166=ORIENTED_EDGE('',*,*,#4125,.T.);
#4167=EDGE_LOOP('',(#4162,#4164,#4165,#4166));
#4168=FACE_OUTER_BOUND('',#4167,.F.);
#4169=ADVANCED_FACE('',(#4168),#4161,.T.);
#4170=CARTESIAN_POINT('',(-6.25E1,2.975E1,0.E0));
#4171=DIRECTION('',(1.E0,0.E0,0.E0));
#4172=DIRECTION('',(0.E0,-9.242245927363E-1,-3.818493186866E-1));
#4173=AXIS2_PLACEMENT_3D('',#4170,#4171,#4172);
#4174=CONICAL_SURFACE('',#4173,7.225E0,3.277908066807E1);
#4176=ORIENTED_EDGE('',*,*,#4175,.T.);
#4178=ORIENTED_EDGE('',*,*,#4177,.F.);
#4179=ORIENTED_EDGE('',*,*,#4163,.T.);
#4181=ORIENTED_EDGE('',*,*,#4180,.T.);
#4182=EDGE_LOOP('',(#4176,#4178,#4179,#4181));
#4183=FACE_OUTER_BOUND('',#4182,.F.);
#4184=ADVANCED_FACE('',(#4183),#4174,.F.);
#4185=CARTESIAN_POINT('',(-6.265E1,2.975E1,0.E0));
#4186=DIRECTION('',(1.E0,0.E0,0.E0));
#4187=DIRECTION('',(0.E0,-9.242245927363E-1,-3.818493186866E-1));
#4188=AXIS2_PLACEMENT_3D('',#4185,#4186,#4187);
#4189=TOROIDAL_SURFACE('',#4188,6.95E0,1.5E-1);
#4191=ORIENTED_EDGE('',*,*,#4190,.T.);
#4193=ORIENTED_EDGE('',*,*,#4192,.F.);
#4194=ORIENTED_EDGE('',*,*,#4175,.F.);
#4196=ORIENTED_EDGE('',*,*,#4195,.T.);
#4197=EDGE_LOOP('',(#4191,#4193,#4194,#4196));
#4198=FACE_OUTER_BOUND('',#4197,.F.);
#4199=ADVANCED_FACE('',(#4198),#4189,.F.);
#4200=CARTESIAN_POINT('',(-6.28E1,3.175470892310E1,-4.852179111866E0));
#4201=DIRECTION('',(1.E0,0.E0,0.E0));
#4202=DIRECTION('',(0.E0,-9.242245927363E-1,-3.818493186866E-1));
#4203=AXIS2_PLACEMENT_3D('',#4200,#4201,#4202);
#4204=PLANE('',#4203);
#4206=ORIENTED_EDGE('',*,*,#4205,.F.);
#4207=ORIENTED_EDGE('',*,*,#4190,.F.);
#4208=EDGE_LOOP('',(#4206,#4207));
#4209=FACE_OUTER_BOUND('',#4208,.F.);
#4211=ORIENTED_EDGE('',*,*,#4210,.F.);
#4213=ORIENTED_EDGE('',*,*,#4212,.F.);
#4214=EDGE_LOOP('',(#4211,#4213));
#4215=FACE_BOUND('',#4214,.F.);
#4216=ADVANCED_FACE('',(#4209,#4215),#4204,.T.);
#4217=CARTESIAN_POINT('',(-6.265E1,2.975E1,0.E0));
#4218=DIRECTION('',(1.E0,0.E0,0.E0));
#4219=DIRECTION('',(0.E0,-9.242245927363E-1,-3.818493186866E-1));
#4220=AXIS2_PLACEMENT_3D('',#4217,#4218,#4219);
#4221=TOROIDAL_SURFACE('',#4220,6.95E0,1.5E-1);
#4222=ORIENTED_EDGE('',*,*,#4195,.F.);
#4224=ORIENTED_EDGE('',*,*,#4223,.F.);
#4225=ORIENTED_EDGE('',*,*,#4192,.T.);
#4226=ORIENTED_EDGE('',*,*,#4205,.T.);
#4227=EDGE_LOOP('',(#4222,#4224,#4225,#4226));
#4228=FACE_OUTER_BOUND('',#4227,.F.);
#4229=ADVANCED_FACE('',(#4228),#4221,.F.);
#4230=CARTESIAN_POINT('',(-6.25E1,2.975E1,0.E0));
#4231=DIRECTION('',(1.E0,0.E0,0.E0));
#4232=DIRECTION('',(0.E0,-9.242245927363E-1,-3.818493186866E-1));
#4233=AXIS2_PLACEMENT_3D('',#4230,#4231,#4232);
#4234=CONICAL_SURFACE('',#4233,7.225E0,3.277908066807E1);
#4235=ORIENTED_EDGE('',*,*,#4180,.F.);
#4236=ORIENTED_EDGE('',*,*,#4150,.T.);
#4237=ORIENTED_EDGE('',*,*,#4177,.T.);
#4238=ORIENTED_EDGE('',*,*,#4223,.T.);
#4239=EDGE_LOOP('',(#4235,#4236,#4237,#4238));
#4240=FACE_OUTER_BOUND('',#4239,.F.);
#4241=ADVANCED_FACE('',(#4240),#4234,.F.);
#4242=CARTESIAN_POINT('',(-6.22E1,2.975E1,0.E0));
#4243=DIRECTION('',(1.E0,0.E0,0.E0));
#4244=DIRECTION('',(0.E0,-9.242245927363E-1,-3.818493186866E-1));
#4245=AXIS2_PLACEMENT_3D('',#4242,#4243,#4244);
#4246=CYLINDRICAL_SURFACE('',#4245,5.25E0);
#4247=ORIENTED_EDGE('',*,*,#4210,.T.);
#4249=ORIENTED_EDGE('',*,*,#4248,.F.);
#4251=ORIENTED_EDGE('',*,*,#4250,.T.);
#4253=ORIENTED_EDGE('',*,*,#4252,.T.);
#4254=EDGE_LOOP('',(#4247,#4249,#4251,#4253));
#4255=FACE_OUTER_BOUND('',#4254,.F.);
#4256=ADVANCED_FACE('',(#4255),#4246,.T.);
#4257=CARTESIAN_POINT('',(-6.22E1,2.975E1,0.E0));
#4258=DIRECTION('',(1.E0,0.E0,0.E0));
#4259=DIRECTION('',(0.E0,-9.242245927363E-1,-3.818493186866E-1));
#4260=AXIS2_PLACEMENT_3D('',#4257,#4258,#4259);
#4261=CYLINDRICAL_SURFACE('',#4260,5.25E0);
#4262=ORIENTED_EDGE('',*,*,#4252,.F.);
#4264=ORIENTED_EDGE('',*,*,#4263,.T.);
#4265=ORIENTED_EDGE('',*,*,#4248,.T.);
#4266=ORIENTED_EDGE('',*,*,#4212,.T.);
#4267=EDGE_LOOP('',(#4262,#4264,#4265,#4266));
#4268=FACE_OUTER_BOUND('',#4267,.F.);
#4269=ADVANCED_FACE('',(#4268),#4261,.T.);
#4270=CARTESIAN_POINT('',(-6.265E1,3.169743152530E1,-4.713545422955E0));
#4271=DIRECTION('',(1.E0,0.E0,0.E0));
#4272=DIRECTION('',(0.E0,-9.242245927363E-1,-3.818493186866E-1));
#4273=AXIS2_PLACEMENT_3D('',#4270,#4271,#4272);
#4274=PLANE('',#4273);
#4275=ORIENTED_EDGE('',*,*,#4250,.F.);
#4276=ORIENTED_EDGE('',*,*,#4263,.F.);
#4277=EDGE_LOOP('',(#4275,#4276));
#4278=FACE_OUTER_BOUND('',#4277,.F.);
#4280=ORIENTED_EDGE('',*,*,#4279,.F.);
#4282=ORIENTED_EDGE('',*,*,#4281,.F.);
#4283=EDGE_LOOP('',(#4280,#4282));
#4284=FACE_BOUND('',#4283,.F.);
#4285=ADVANCED_FACE('',(#4278,#4284),#4274,.T.);
#4286=CARTESIAN_POINT('',(-6.22E1,2.975E1,0.E0));
#4287=DIRECTION('',(1.E0,0.E0,0.E0));
#4288=DIRECTION('',(0.E0,-9.242245927363E-1,-3.818493186866E-1));
#4289=AXIS2_PLACEMENT_3D('',#4286,#4287,#4288);
#4290=CYLINDRICAL_SURFACE('',#4289,5.1E0);
#4292=ORIENTED_EDGE('',*,*,#4291,.F.);
#4293=ORIENTED_EDGE('',*,*,#4279,.T.);
#4295=ORIENTED_EDGE('',*,*,#4294,.T.);
#4297=ORIENTED_EDGE('',*,*,#4296,.T.);
#4298=EDGE_LOOP('',(#4292,#4293,#4295,#4297));
#4299=FACE_OUTER_BOUND('',#4298,.F.);
#4300=ADVANCED_FACE('',(#4299),#4290,.F.);
#4301=CARTESIAN_POINT('',(-6.22E1,2.975E1,0.E0));
#4302=DIRECTION('',(1.E0,0.E0,0.E0));
#4303=DIRECTION('',(0.E0,-9.242245927363E-1,-3.818493186866E-1));
#4304=AXIS2_PLACEMENT_3D('',#4301,#4302,#4303);
#4305=CYLINDRICAL_SURFACE('',#4304,5.1E0);
#4307=ORIENTED_EDGE('',*,*,#4306,.T.);
#4308=ORIENTED_EDGE('',*,*,#4294,.F.);
#4309=ORIENTED_EDGE('',*,*,#4281,.T.);
#4310=ORIENTED_EDGE('',*,*,#4291,.T.);
#4311=EDGE_LOOP('',(#4307,#4308,#4309,#4310));
#4312=FACE_OUTER_BOUND('',#4311,.F.);
#4313=ADVANCED_FACE('',(#4312),#4305,.F.);
#4314=CARTESIAN_POINT('',(-6.295E1,3.169743152530E1,-4.713545422955E0));
#4315=DIRECTION('',(1.E0,0.E0,0.E0));
#4316=DIRECTION('',(0.E0,-9.242245927363E-1,-3.818493186866E-1));
#4317=AXIS2_PLACEMENT_3D('',#4314,#4315,#4316);
#4318=PLANE('',#4317);
#4320=ORIENTED_EDGE('',*,*,#4319,.F.);
#4322=ORIENTED_EDGE('',*,*,#4321,.F.);
#4323=EDGE_LOOP('',(#4320,#4322));
#4324=FACE_OUTER_BOUND('',#4323,.F.);
#4325=ORIENTED_EDGE('',*,*,#4296,.F.);
#4326=ORIENTED_EDGE('',*,*,#4306,.F.);
#4327=EDGE_LOOP('',(#4325,#4326));
#4328=FACE_BOUND('',#4327,.F.);
#4329=ADVANCED_FACE('',(#4324,#4328),#4318,.F.);
#4330=CARTESIAN_POINT('',(-6.265E1,2.975E1,0.E0));
#4331=DIRECTION('',(1.E0,0.E0,0.E0));
#4332=DIRECTION('',(0.E0,-9.242245927363E-1,-3.818493186866E-1));
#4333=AXIS2_PLACEMENT_3D('',#4330,#4331,#4332);
#4334=TOROIDAL_SURFACE('',#4333,6.95E0,3.E-1);
#4335=ORIENTED_EDGE('',*,*,#4319,.T.);
#4337=ORIENTED_EDGE('',*,*,#4336,.F.);
#4339=ORIENTED_EDGE('',*,*,#4338,.F.);
#4341=ORIENTED_EDGE('',*,*,#4340,.T.);
#4342=EDGE_LOOP('',(#4335,#4337,#4339,#4341));
#4343=FACE_OUTER_BOUND('',#4342,.F.);
#4344=ADVANCED_FACE('',(#4343),#4334,.T.);
#4345=CARTESIAN_POINT('',(-6.265E1,2.975E1,0.E0));
#4346=DIRECTION('',(1.E0,0.E0,0.E0));
#4347=DIRECTION('',(0.E0,-9.242245927363E-1,-3.818493186866E-1));
#4348=AXIS2_PLACEMENT_3D('',#4345,#4346,#4347);
#4349=TOROIDAL_SURFACE('',#4348,6.95E0,3.E-1);
#4350=ORIENTED_EDGE('',*,*,#4340,.F.);
#4352=ORIENTED_EDGE('',*,*,#4351,.F.);
#4353=ORIENTED_EDGE('',*,*,#4336,.T.);
#4354=ORIENTED_EDGE('',*,*,#4321,.T.);
#4355=EDGE_LOOP('',(#4350,#4352,#4353,#4354));
#4356=FACE_OUTER_BOUND('',#4355,.F.);
#4357=ADVANCED_FACE('',(#4356),#4349,.T.);
#4358=CARTESIAN_POINT('',(-6.258121019108E1,2.975E1,0.E0));
#4359=DIRECTION('',(1.E0,0.E0,0.E0));
#4360=DIRECTION('',(0.E0,-9.242245927363E-1,-3.818493186866E-1));
#4361=AXIS2_PLACEMENT_3D('',#4358,#4359,#4360);
#4362=CONICAL_SURFACE('',#4361,7.351114649682E0,3.277908066807E1);
#4364=ORIENTED_EDGE('',*,*,#4363,.F.);
#4366=ORIENTED_EDGE('',*,*,#4365,.T.);
#4368=ORIENTED_EDGE('',*,*,#4367,.T.);
#4369=ORIENTED_EDGE('',*,*,#4351,.T.);
#4370=EDGE_LOOP('',(#4364,#4366,#4368,#4369));
#4371=FACE_OUTER_BOUND('',#4370,.F.);
#4372=ADVANCED_FACE('',(#4371),#4362,.T.);
#4373=CARTESIAN_POINT('',(-6.258121019108E1,2.975E1,0.E0));
#4374=DIRECTION('',(1.E0,0.E0,0.E0));
#4375=DIRECTION('',(0.E0,-9.242245927363E-1,-3.818493186866E-1));
#4376=AXIS2_PLACEMENT_3D('',#4373,#4374,#4375);
#4377=CONICAL_SURFACE('',#4376,7.351114649682E0,3.277908066807E1);
#4378=ORIENTED_EDGE('',*,*,#4338,.T.);
#4379=ORIENTED_EDGE('',*,*,#4367,.F.);
#4381=ORIENTED_EDGE('',*,*,#4380,.T.);
#4382=ORIENTED_EDGE('',*,*,#4363,.T.);
#4383=EDGE_LOOP('',(#4378,#4379,#4381,#4382));
#4384=FACE_OUTER_BOUND('',#4383,.F.);
#4385=ADVANCED_FACE('',(#4384),#4377,.T.);
#4386=CARTESIAN_POINT('',(-6.235E1,3.261386989015E1,-6.931684445522E0));
#4387=DIRECTION('',(1.E0,0.E0,0.E0));
#4388=DIRECTION('',(0.E0,-9.242245927363E-1,-3.818493186866E-1));
#4389=AXIS2_PLACEMENT_3D('',#4386,#4387,#4388);
#4390=PLANE('',#4389);
#4392=ORIENTED_EDGE('',*,*,#4391,.F.);
#4394=ORIENTED_EDGE('',*,*,#4393,.F.);
#4395=EDGE_LOOP('',(#4392,#4394));
#4396=FACE_OUTER_BOUND('',#4395,.F.);
#4397=ORIENTED_EDGE('',*,*,#4380,.F.);
#4398=ORIENTED_EDGE('',*,*,#4365,.F.);
#4399=EDGE_LOOP('',(#4397,#4398));
#4400=FACE_BOUND('',#4399,.F.);
#4401=ADVANCED_FACE('',(#4396,#4400),#4390,.F.);
#4402=CARTESIAN_POINT('',(-6.22E1,2.975E1,0.E0));
#4403=DIRECTION('',(1.E0,0.E0,0.E0));
#4404=DIRECTION('',(0.E0,-9.242245927363E-1,-3.818493186866E-1));
#4405=AXIS2_PLACEMENT_3D('',#4402,#4403,#4404);
#4406=CYLINDRICAL_SURFACE('',#4405,8.2E0);
#4408=ORIENTED_EDGE('',*,*,#4407,.F.);
#4409=ORIENTED_EDGE('',*,*,#4391,.T.);
#4411=ORIENTED_EDGE('',*,*,#4410,.T.);
#4413=ORIENTED_EDGE('',*,*,#4412,.T.);
#4414=EDGE_LOOP('',(#4408,#4409,#4411,#4413));
#4415=FACE_OUTER_BOUND('',#4414,.F.);
#4416=ADVANCED_FACE('',(#4415),#4406,.F.);
#4417=CARTESIAN_POINT('',(-6.22E1,2.975E1,0.E0));
#4418=DIRECTION('',(1.E0,0.E0,0.E0));
#4419=DIRECTION('',(0.E0,-9.242245927363E-1,-3.818493186866E-1));
#4420=AXIS2_PLACEMENT_3D('',#4417,#4418,#4419);
#4421=CYLINDRICAL_SURFACE('',#4420,8.2E0);
#4423=ORIENTED_EDGE('',*,*,#4422,.T.);
#4424=ORIENTED_EDGE('',*,*,#4410,.F.);
#4425=ORIENTED_EDGE('',*,*,#4393,.T.);
#4426=ORIENTED_EDGE('',*,*,#4407,.T.);
#4427=EDGE_LOOP('',(#4423,#4424,#4425,#4426));
#4428=FACE_OUTER_BOUND('',#4427,.F.);
#4429=ADVANCED_FACE('',(#4428),#4421,.F.);
#4430=CARTESIAN_POINT('',(-6.28E1,2.975E1,0.E0));
#4431=DIRECTION('',(1.E0,0.E0,0.E0));
#4432=DIRECTION('',(0.E0,-9.242245927363E-1,-3.818493186866E-1));
#4433=AXIS2_PLACEMENT_3D('',#4430,#4431,#4432);
#4434=TOROIDAL_SURFACE('',#4433,7.95E0,2.5E-1);
#4436=ORIENTED_EDGE('',*,*,#4435,.F.);
#4438=ORIENTED_EDGE('',*,*,#4437,.F.);
#4440=ORIENTED_EDGE('',*,*,#4439,.T.);
#4442=ORIENTED_EDGE('',*,*,#4441,.T.);
#4444=ORIENTED_EDGE('',*,*,#4443,.T.);
#4446=ORIENTED_EDGE('',*,*,#4445,.F.);
#4448=ORIENTED_EDGE('',*,*,#4447,.F.);
#4450=ORIENTED_EDGE('',*,*,#4449,.T.);
#4452=ORIENTED_EDGE('',*,*,#4451,.T.);
#4454=ORIENTED_EDGE('',*,*,#4453,.T.);
#4456=ORIENTED_EDGE('',*,*,#4455,.F.);
#4458=ORIENTED_EDGE('',*,*,#4457,.F.);
#4460=ORIENTED_EDGE('',*,*,#4459,.T.);
#4462=ORIENTED_EDGE('',*,*,#4461,.T.);
#4464=ORIENTED_EDGE('',*,*,#4463,.T.);
#4466=ORIENTED_EDGE('',*,*,#4465,.F.);
#4468=ORIENTED_EDGE('',*,*,#4467,.F.);
#4470=ORIENTED_EDGE('',*,*,#4469,.T.);
#4472=ORIENTED_EDGE('',*,*,#4471,.T.);
#4474=ORIENTED_EDGE('',*,*,#4473,.T.);
#4476=ORIENTED_EDGE('',*,*,#4475,.F.);
#4478=ORIENTED_EDGE('',*,*,#4477,.F.);
#4479=ORIENTED_EDGE('',*,*,#4422,.F.);
#4481=ORIENTED_EDGE('',*,*,#4480,.T.);
#4482=EDGE_LOOP('',(#4436,#4438,#4440,#4442,#4444,#4446,#4448,#4450,#4452,#4454,
#4456,#4458,#4460,#4462,#4464,#4466,#4468,#4470,#4472,#4474,#4476,#4478,#4479,
#4481));
#4483=FACE_OUTER_BOUND('',#4482,.F.);
#4484=ADVANCED_FACE('',(#4483),#4434,.F.);
#4485=CARTESIAN_POINT('',(-6.302980970389E1,2.975E1,0.E0));
#4486=DIRECTION('',(1.E0,0.E0,0.E0));
#4487=DIRECTION('',(0.E0,-9.242245927363E-1,-3.818493186866E-1));
#4488=AXIS2_PLACEMENT_3D('',#4485,#4486,#4487);
#4489=CONICAL_SURFACE('',#4488,7.720190296114E0,4.5E1);
#4491=ORIENTED_EDGE('',*,*,#4490,.F.);
#4492=ORIENTED_EDGE('',*,*,#4435,.T.);
#4494=ORIENTED_EDGE('',*,*,#4493,.T.);
#4496=ORIENTED_EDGE('',*,*,#4495,.F.);
#4498=ORIENTED_EDGE('',*,*,#4497,.T.);
#4500=ORIENTED_EDGE('',*,*,#4499,.T.);
#4501=EDGE_LOOP('',(#4491,#4492,#4494,#4496,#4498,#4500));
#4502=FACE_OUTER_BOUND('',#4501,.F.);
#4503=ADVANCED_FACE('',(#4502),#4489,.F.);
#4504=CARTESIAN_POINT('',(-6.264999979563E1,2.158925690160E1,
-5.779288742987E0));
#4505=DIRECTION('',(-3.417421027486E-1,-5.431395999319E-1,7.669496138566E-1));
#4506=DIRECTION('',(-9.369478697918E-1,1.334445581903E-1,-3.229879861264E-1));
#4507=AXIS2_PLACEMENT_3D('',#4504,#4505,#4506);
#4508=PLANE('',#4507);
#4509=ORIENTED_EDGE('',*,*,#4437,.T.);
#4510=ORIENTED_EDGE('',*,*,#4490,.T.);
#4512=ORIENTED_EDGE('',*,*,#4511,.F.);
#4514=ORIENTED_EDGE('',*,*,#4513,.F.);
#4515=EDGE_LOOP('',(#4509,#4510,#4512,#4514));
#4516=FACE_OUTER_BOUND('',#4515,.F.);
#4517=ADVANCED_FACE('',(#4516),#4508,.T.);
#4518=CARTESIAN_POINT('',(-6.28E1,2.975E1,0.E0));
#4519=DIRECTION('',(1.E0,0.E0,0.E0));
#4520=DIRECTION('',(0.E0,-9.242245927363E-1,-3.818493186866E-1));
#4521=AXIS2_PLACEMENT_3D('',#4518,#4519,#4520);
#4522=TOROIDAL_SURFACE('',#4521,7.95E0,4.E-1);
#4524=ORIENTED_EDGE('',*,*,#4523,.F.);
#4526=ORIENTED_EDGE('',*,*,#4525,.F.);
#4528=ORIENTED_EDGE('',*,*,#4527,.T.);
#4530=ORIENTED_EDGE('',*,*,#4529,.F.);
#4532=ORIENTED_EDGE('',*,*,#4531,.F.);
#4534=ORIENTED_EDGE('',*,*,#4533,.F.);
#4536=ORIENTED_EDGE('',*,*,#4535,.F.);
#4538=ORIENTED_EDGE('',*,*,#4537,.T.);
#4540=ORIENTED_EDGE('',*,*,#4539,.F.);
#4542=ORIENTED_EDGE('',*,*,#4541,.F.);
#4544=ORIENTED_EDGE('',*,*,#4543,.F.);
#4546=ORIENTED_EDGE('',*,*,#4545,.F.);
#4548=ORIENTED_EDGE('',*,*,#4547,.T.);
#4550=ORIENTED_EDGE('',*,*,#4549,.F.);
#4552=ORIENTED_EDGE('',*,*,#4551,.F.);
#4554=ORIENTED_EDGE('',*,*,#4553,.F.);
#4556=ORIENTED_EDGE('',*,*,#4555,.F.);
#4558=ORIENTED_EDGE('',*,*,#4557,.T.);
#4560=ORIENTED_EDGE('',*,*,#4559,.F.);
#4562=ORIENTED_EDGE('',*,*,#4561,.F.);
#4564=ORIENTED_EDGE('',*,*,#4563,.F.);
#4566=ORIENTED_EDGE('',*,*,#4565,.F.);
#4567=ORIENTED_EDGE('',*,*,#4511,.T.);
#4568=ORIENTED_EDGE('',*,*,#4499,.F.);
#4569=EDGE_LOOP('',(#4524,#4526,#4528,#4530,#4532,#4534,#4536,#4538,#4540,#4542,
#4544,#4546,#4548,#4550,#4552,#4554,#4556,#4558,#4560,#4562,#4564,#4566,#4567,
#4568));
#4570=FACE_OUTER_BOUND('',#4569,.F.);
#4571=ADVANCED_FACE('',(#4570),#4522,.T.);
#4572=CARTESIAN_POINT('',(-6.28E1,2.975E1,0.E0));
#4573=DIRECTION('',(1.E0,0.E0,0.E0));
#4574=DIRECTION('',(0.E0,-9.242245927363E-1,-3.818493186866E-1));
#4575=AXIS2_PLACEMENT_3D('',#4572,#4573,#4574);
#4576=TOROIDAL_SURFACE('',#4575,7.95E0,4.E-1);
#4577=ORIENTED_EDGE('',*,*,#4497,.F.);
#4579=ORIENTED_EDGE('',*,*,#4578,.F.);
#4581=ORIENTED_EDGE('',*,*,#4580,.F.);
#4583=ORIENTED_EDGE('',*,*,#4582,.F.);
#4585=ORIENTED_EDGE('',*,*,#4584,.T.);
#4587=ORIENTED_EDGE('',*,*,#4586,.F.);
#4589=ORIENTED_EDGE('',*,*,#4588,.F.);
#4591=ORIENTED_EDGE('',*,*,#4590,.F.);
#4593=ORIENTED_EDGE('',*,*,#4592,.T.);
#4595=ORIENTED_EDGE('',*,*,#4594,.F.);
#4597=ORIENTED_EDGE('',*,*,#4596,.F.);
#4599=ORIENTED_EDGE('',*,*,#4598,.F.);
#4601=ORIENTED_EDGE('',*,*,#4600,.F.);
#4603=ORIENTED_EDGE('',*,*,#4602,.T.);
#4605=ORIENTED_EDGE('',*,*,#4604,.F.);
#4606=ORIENTED_EDGE('',*,*,#4527,.F.);
#4608=ORIENTED_EDGE('',*,*,#4607,.F.);
#4609=ORIENTED_EDGE('',*,*,#4523,.T.);
#4610=EDGE_LOOP('',(#4577,#4579,#4581,#4583,#4585,#4587,#4589,#4591,#4593,#4595,
#4597,#4599,#4601,#4603,#4605,#4606,#4608,#4609));
#4611=FACE_OUTER_BOUND('',#4610,.F.);
#4612=ADVANCED_FACE('',(#4611),#4576,.T.);
#4613=CARTESIAN_POINT('',(-6.264999979563E1,1.847576736470E1,3.259075499784E0));
#4614=DIRECTION('',(3.417421027486E-1,2.609833520366E-1,9.028289013809E-1));
#4615=DIRECTION('',(0.E0,9.606670395202E-1,-2.777027892900E-1));
#4616=AXIS2_PLACEMENT_3D('',#4613,#4614,#4615);
#4617=PLANE('',#4616);
#4618=ORIENTED_EDGE('',*,*,#4495,.T.);
#4620=ORIENTED_EDGE('',*,*,#4619,.F.);
#4622=ORIENTED_EDGE('',*,*,#4621,.T.);
#4623=ORIENTED_EDGE('',*,*,#4578,.T.);
#4624=EDGE_LOOP('',(#4618,#4620,#4622,#4623));
#4625=FACE_OUTER_BOUND('',#4624,.F.);
#4626=ADVANCED_FACE('',(#4625),#4617,.F.);
#4627=CARTESIAN_POINT('',(-6.28E1,2.975E1,0.E0));
#4628=DIRECTION('',(1.E0,0.E0,0.E0));
#4629=DIRECTION('',(0.E0,-9.242245927363E-1,-3.818493186866E-1));
#4630=AXIS2_PLACEMENT_3D('',#4627,#4628,#4629);
#4631=TOROIDAL_SURFACE('',#4630,7.95E0,2.5E-1);
#4632=ORIENTED_EDGE('',*,*,#4480,.F.);
#4633=ORIENTED_EDGE('',*,*,#4412,.F.);
#4634=ORIENTED_EDGE('',*,*,#4477,.T.);
#4636=ORIENTED_EDGE('',*,*,#4635,.F.);
#4638=ORIENTED_EDGE('',*,*,#4637,.F.);
#4640=ORIENTED_EDGE('',*,*,#4639,.T.);
#4642=ORIENTED_EDGE('',*,*,#4641,.T.);
#4644=ORIENTED_EDGE('',*,*,#4643,.T.);
#4646=ORIENTED_EDGE('',*,*,#4645,.F.);
#4648=ORIENTED_EDGE('',*,*,#4647,.F.);
#4650=ORIENTED_EDGE('',*,*,#4649,.T.);
#4652=ORIENTED_EDGE('',*,*,#4651,.T.);
#4654=ORIENTED_EDGE('',*,*,#4653,.F.);
#4656=ORIENTED_EDGE('',*,*,#4655,.F.);
#4658=ORIENTED_EDGE('',*,*,#4657,.T.);
#4660=ORIENTED_EDGE('',*,*,#4659,.T.);
#4661=ORIENTED_EDGE('',*,*,#4619,.T.);
#4662=ORIENTED_EDGE('',*,*,#4493,.F.);
#4663=EDGE_LOOP('',(#4632,#4633,#4634,#4636,#4638,#4640,#4642,#4644,#4646,#4648,
#4650,#4652,#4654,#4656,#4658,#4660,#4661,#4662));
#4664=FACE_OUTER_BOUND('',#4663,.F.);
#4665=ADVANCED_FACE('',(#4664),#4631,.F.);
#4666=CARTESIAN_POINT('',(-6.302980970389E1,2.975E1,0.E0));
#4667=DIRECTION('',(1.E0,0.E0,0.E0));
#4668=DIRECTION('',(0.E0,-9.242245927363E-1,-3.818493186866E-1));
#4669=AXIS2_PLACEMENT_3D('',#4666,#4667,#4668);
#4670=CONICAL_SURFACE('',#4669,7.720190296114E0,4.5E1);
#4671=ORIENTED_EDGE('',*,*,#4604,.T.);
#4673=ORIENTED_EDGE('',*,*,#4672,.F.);
#4674=ORIENTED_EDGE('',*,*,#4635,.T.);
#4676=ORIENTED_EDGE('',*,*,#4675,.T.);
#4677=EDGE_LOOP('',(#4671,#4673,#4674,#4676));
#4678=FACE_OUTER_BOUND('',#4677,.F.);
#4679=ADVANCED_FACE('',(#4678),#4670,.F.);
#4680=CARTESIAN_POINT('',(-6.264999979563E1,3.543611546499E1,1.026635210515E1));
#4681=DIRECTION('',(-3.417421027486E-1,8.221188366385E-1,-4.553382848533E-1));
#4682=DIRECTION('',(0.E0,-4.845087274246E-1,-8.747864271063E-1));
#4683=AXIS2_PLACEMENT_3D('',#4680,#4681,#4682);
#4684=PLANE('',#4683);
#4685=ORIENTED_EDGE('',*,*,#4637,.T.);
#4686=ORIENTED_EDGE('',*,*,#4672,.T.);
#4687=ORIENTED_EDGE('',*,*,#4602,.F.);
#4689=ORIENTED_EDGE('',*,*,#4688,.T.);
#4690=EDGE_LOOP('',(#4685,#4686,#4687,#4689));
#4691=FACE_OUTER_BOUND('',#4690,.F.);
#4692=ADVANCED_FACE('',(#4691),#4684,.T.);
#4693=CARTESIAN_POINT('',(-6.2925E1,3.543611595664E1,1.026635183284E1));
#4694=DIRECTION('',(0.E0,-4.845087274246E-1,-8.747864271063E-1));
#4695=DIRECTION('',(0.E0,-8.747864271063E-1,4.845087274246E-1));
#4696=AXIS2_PLACEMENT_3D('',#4693,#4694,#4695);
#4697=CYLINDRICAL_SURFACE('',#4696,1.000003181701E-1);
#4699=ORIENTED_EDGE('',*,*,#4698,.F.);
#4700=ORIENTED_EDGE('',*,*,#4641,.F.);
#4701=ORIENTED_EDGE('',*,*,#4639,.F.);
#4702=ORIENTED_EDGE('',*,*,#4688,.F.);
#4703=ORIENTED_EDGE('',*,*,#4600,.T.);
#4704=ORIENTED_EDGE('',*,*,#4598,.T.);
#4705=EDGE_LOOP('',(#4699,#4700,#4701,#4702,#4703,#4704));
#4706=FACE_OUTER_BOUND('',#4705,.F.);
#4707=ADVANCED_FACE('',(#4706),#4697,.F.);
#4708=CARTESIAN_POINT('',(-6.264999979563E1,3.543611644830E1,1.026635156054E1));
#4709=DIRECTION('',(3.417421027486E-1,8.221188366385E-1,-4.553382848533E-1));
#4710=DIRECTION('',(0.E0,-4.845087274246E-1,-8.747864271063E-1));
#4711=AXIS2_PLACEMENT_3D('',#4708,#4709,#4710);
#4712=PLANE('',#4711);
#4714=ORIENTED_EDGE('',*,*,#4713,.T.);
#4715=ORIENTED_EDGE('',*,*,#4643,.F.);
#4716=ORIENTED_EDGE('',*,*,#4698,.T.);
#4717=ORIENTED_EDGE('',*,*,#4596,.T.);
#4718=EDGE_LOOP('',(#4714,#4715,#4716,#4717));
#4719=FACE_OUTER_BOUND('',#4718,.F.);
#4720=ADVANCED_FACE('',(#4719),#4712,.F.);
#4721=CARTESIAN_POINT('',(-6.302980970389E1,2.975E1,0.E0));
#4722=DIRECTION('',(1.E0,0.E0,0.E0));
#4723=DIRECTION('',(0.E0,-9.242245927363E-1,-3.818493186866E-1));
#4724=AXIS2_PLACEMENT_3D('',#4721,#4722,#4723);
#4725=CONICAL_SURFACE('',#4724,7.720190296114E0,4.5E1);
#4726=ORIENTED_EDGE('',*,*,#4594,.T.);
#4728=ORIENTED_EDGE('',*,*,#4727,.F.);
#4729=ORIENTED_EDGE('',*,*,#4645,.T.);
#4730=ORIENTED_EDGE('',*,*,#4713,.F.);
#4731=EDGE_LOOP('',(#4726,#4728,#4729,#4730));
#4732=FACE_OUTER_BOUND('',#4731,.F.);
#4733=ADVANCED_FACE('',(#4732),#4725,.F.);
#4734=CARTESIAN_POINT('',(-6.264999979563E1,2.656117582021E1,7.718199359333E0));
#4735=DIRECTION('',(-3.417421027486E-1,8.685805168314E-1,3.588596118121E-1));
#4736=DIRECTION('',(9.397937727017E-1,3.158464557337E-1,1.304939891011E-1));
#4737=AXIS2_PLACEMENT_3D('',#4734,#4735,#4736);
#4738=PLANE('',#4737);
#4739=ORIENTED_EDGE('',*,*,#4647,.T.);
#4740=ORIENTED_EDGE('',*,*,#4727,.T.);
#4741=ORIENTED_EDGE('',*,*,#4592,.F.);
#4743=ORIENTED_EDGE('',*,*,#4742,.T.);
#4744=EDGE_LOOP('',(#4739,#4740,#4741,#4743));
#4745=FACE_OUTER_BOUND('',#4744,.F.);
#4746=ADVANCED_FACE('',(#4745),#4738,.T.);
#4747=CARTESIAN_POINT('',(-6.2925E1,2.656117633965E1,7.718199573941E0));
#4748=DIRECTION('',(0.E0,3.818493186866E-1,-9.242245927363E-1));
#4749=DIRECTION('',(0.E0,-9.242245927363E-1,-3.818493186866E-1));
#4750=AXIS2_PLACEMENT_3D('',#4747,#4748,#4749);
#4751=CYLINDRICAL_SURFACE('',#4750,1.000003181701E-1);
#4753=ORIENTED_EDGE('',*,*,#4752,.F.);
#4754=ORIENTED_EDGE('',*,*,#4649,.F.);
#4755=ORIENTED_EDGE('',*,*,#4742,.F.);
#4756=ORIENTED_EDGE('',*,*,#4590,.T.);
#4757=EDGE_LOOP('',(#4753,#4754,#4755,#4756));
#4758=FACE_OUTER_BOUND('',#4757,.F.);
#4759=ADVANCED_FACE('',(#4758),#4751,.F.);
#4760=CARTESIAN_POINT('',(-6.264999979563E1,2.656117685908E1,7.718199788549E0));
#4761=DIRECTION('',(3.417421027486E-1,8.685805168314E-1,3.588596118121E-1));
#4762=DIRECTION('',(9.397937727017E-1,-3.158464557337E-1,-1.304939891011E-1));
#4763=AXIS2_PLACEMENT_3D('',#4760,#4761,#4762);
#4764=PLANE('',#4763);
#4766=ORIENTED_EDGE('',*,*,#4765,.T.);
#4767=ORIENTED_EDGE('',*,*,#4651,.F.);
#4768=ORIENTED_EDGE('',*,*,#4752,.T.);
#4769=ORIENTED_EDGE('',*,*,#4588,.T.);
#4770=EDGE_LOOP('',(#4766,#4767,#4768,#4769));
#4771=FACE_OUTER_BOUND('',#4770,.F.);
#4772=ADVANCED_FACE('',(#4771),#4764,.F.);
#4773=CARTESIAN_POINT('',(-6.302980970389E1,2.975E1,0.E0));
#4774=DIRECTION('',(1.E0,0.E0,0.E0));
#4775=DIRECTION('',(0.E0,-9.242245927363E-1,-3.818493186866E-1));
#4776=AXIS2_PLACEMENT_3D('',#4773,#4774,#4775);
#4777=CONICAL_SURFACE('',#4776,7.720190296114E0,4.5E1);
#4779=ORIENTED_EDGE('',*,*,#4778,.F.);
#4780=ORIENTED_EDGE('',*,*,#4653,.T.);
#4781=ORIENTED_EDGE('',*,*,#4765,.F.);
#4782=ORIENTED_EDGE('',*,*,#4586,.T.);
#4783=EDGE_LOOP('',(#4779,#4780,#4781,#4782));
#4784=FACE_OUTER_BOUND('',#4783,.F.);
#4785=ADVANCED_FACE('',(#4784),#4777,.F.);
#4786=CARTESIAN_POINT('',(-6.264999979563E1,1.847576705255E1,3.259074419949E0));
#4787=DIRECTION('',(-3.417421027486E-1,2.609833520366E-1,9.028289013809E-1));
#4788=DIRECTION('',(0.E0,9.606670395202E-1,-2.777027892900E-1));
#4789=AXIS2_PLACEMENT_3D('',#4786,#4787,#4788);
#4790=PLANE('',#4789);
#4791=ORIENTED_EDGE('',*,*,#4655,.T.);
#4792=ORIENTED_EDGE('',*,*,#4778,.T.);
#4793=ORIENTED_EDGE('',*,*,#4584,.F.);
#4795=ORIENTED_EDGE('',*,*,#4794,.T.);
#4796=EDGE_LOOP('',(#4791,#4792,#4793,#4795));
#4797=FACE_OUTER_BOUND('',#4796,.F.);
#4798=ADVANCED_FACE('',(#4797),#4790,.T.);
#4799=CARTESIAN_POINT('',(-6.2925E1,1.847576720862E1,3.259074959867E0));
#4800=DIRECTION('',(0.E0,9.606670395202E-1,-2.777027892900E-1));
#4801=DIRECTION('',(0.E0,-2.777027892900E-1,-9.606670395202E-1));
#4802=AXIS2_PLACEMENT_3D('',#4799,#4800,#4801);
#4803=CYLINDRICAL_SURFACE('',#4802,1.000003181701E-1);
#4804=ORIENTED_EDGE('',*,*,#4621,.F.);
#4805=ORIENTED_EDGE('',*,*,#4659,.F.);
#4806=ORIENTED_EDGE('',*,*,#4657,.F.);
#4807=ORIENTED_EDGE('',*,*,#4794,.F.);
#4808=ORIENTED_EDGE('',*,*,#4582,.T.);
#4809=ORIENTED_EDGE('',*,*,#4580,.T.);
#4810=EDGE_LOOP('',(#4804,#4805,#4806,#4807,#4808,#4809));
#4811=FACE_OUTER_BOUND('',#4810,.F.);
#4812=ADVANCED_FACE('',(#4811),#4803,.F.);
#4813=CARTESIAN_POINT('',(-6.302980970389E1,2.975E1,0.E0));
#4814=DIRECTION('',(1.E0,0.E0,0.E0));
#4815=DIRECTION('',(0.E0,-9.242245927363E-1,-3.818493186866E-1));
#4816=AXIS2_PLACEMENT_3D('',#4813,#4814,#4815);
#4817=CONICAL_SURFACE('',#4816,7.720190296114E0,4.5E1);
#4818=ORIENTED_EDGE('',*,*,#4675,.F.);
#4819=ORIENTED_EDGE('',*,*,#4475,.T.);
#4821=ORIENTED_EDGE('',*,*,#4820,.F.);
#4822=ORIENTED_EDGE('',*,*,#4529,.T.);
#4823=EDGE_LOOP('',(#4818,#4819,#4821,#4822));
#4824=FACE_OUTER_BOUND('',#4823,.F.);
#4825=ADVANCED_FACE('',(#4824),#4817,.F.);
#4826=CARTESIAN_POINT('',(-6.264999979563E1,3.961011506714E1,1.666144398202E0));
#4827=DIRECTION('',(3.417421027486E-1,1.565849042887E-1,-9.266571658158E-1));
#4828=DIRECTION('',(9.369478697918E-1,-1.334445581903E-1,3.229879861264E-1));
#4829=AXIS2_PLACEMENT_3D('',#4826,#4827,#4828);
#4830=PLANE('',#4829);
#4831=ORIENTED_EDGE('',*,*,#4820,.T.);
#4832=ORIENTED_EDGE('',*,*,#4473,.F.);
#4834=ORIENTED_EDGE('',*,*,#4833,.F.);
#4835=ORIENTED_EDGE('',*,*,#4531,.T.);
#4836=EDGE_LOOP('',(#4831,#4832,#4834,#4835));
#4837=FACE_OUTER_BOUND('',#4836,.F.);
#4838=ADVANCED_FACE('',(#4837),#4830,.F.);
#4839=CARTESIAN_POINT('',(-6.2925E1,3.961011497350E1,1.666144952370E0));
#4840=DIRECTION('',(0.E0,-9.860218196082E-1,-1.666162394741E-1));
#4841=DIRECTION('',(0.E0,-1.666162394741E-1,9.860218196082E-1));
#4842=AXIS2_PLACEMENT_3D('',#4839,#4840,#4841);
#4843=CYLINDRICAL_SURFACE('',#4842,1.000003181701E-1);
#4844=ORIENTED_EDGE('',*,*,#4833,.T.);
#4845=ORIENTED_EDGE('',*,*,#4471,.F.);
#4846=ORIENTED_EDGE('',*,*,#4469,.F.);
#4848=ORIENTED_EDGE('',*,*,#4847,.T.);
#4849=ORIENTED_EDGE('',*,*,#4535,.T.);
#4850=ORIENTED_EDGE('',*,*,#4533,.T.);
#4851=EDGE_LOOP('',(#4844,#4845,#4846,#4848,#4849,#4850));
#4852=FACE_OUTER_BOUND('',#4851,.F.);
#4853=ADVANCED_FACE('',(#4852),#4843,.F.);
#4854=CARTESIAN_POINT('',(-6.264999979563E1,3.961011487986E1,1.666145506537E0));
#4855=DIRECTION('',(-3.417421027486E-1,1.565849042887E-1,-9.266571658158E-1));
#4856=DIRECTION('',(9.369478697918E-1,1.334445581903E-1,-3.229879861264E-1));
#4857=AXIS2_PLACEMENT_3D('',#4854,#4855,#4856);
#4858=PLANE('',#4857);
#4859=ORIENTED_EDGE('',*,*,#4467,.T.);
#4861=ORIENTED_EDGE('',*,*,#4860,.T.);
#4862=ORIENTED_EDGE('',*,*,#4537,.F.);
#4863=ORIENTED_EDGE('',*,*,#4847,.F.);
#4864=EDGE_LOOP('',(#4859,#4861,#4862,#4863));
#4865=FACE_OUTER_BOUND('',#4864,.F.);
#4866=ADVANCED_FACE('',(#4865),#4858,.T.);
#4867=CARTESIAN_POINT('',(-6.302980970389E1,2.975E1,0.E0));
#4868=DIRECTION('',(1.E0,0.E0,0.E0));
#4869=DIRECTION('',(0.E0,-9.242245927363E-1,-3.818493186866E-1));
#4870=AXIS2_PLACEMENT_3D('',#4867,#4868,#4869);
#4871=CONICAL_SURFACE('',#4870,7.720190296114E0,4.5E1);
#4872=ORIENTED_EDGE('',*,*,#4860,.F.);
#4873=ORIENTED_EDGE('',*,*,#4465,.T.);
#4875=ORIENTED_EDGE('',*,*,#4874,.F.);
#4876=ORIENTED_EDGE('',*,*,#4539,.T.);
#4877=EDGE_LOOP('',(#4872,#4873,#4875,#4876));
#4878=FACE_OUTER_BOUND('',#4877,.F.);
#4879=ADVANCED_FACE('',(#4878),#4871,.F.);
#4880=CARTESIAN_POINT('',(-6.264999979563E1,3.805522846910E1,
-7.435501595722E0));
#4881=DIRECTION('',(3.417421027486E-1,-6.268606547404E-1,-7.001843005577E-1));
#4882=DIRECTION('',(0.E0,-7.450403704472E-1,6.670193748340E-1));
#4883=AXIS2_PLACEMENT_3D('',#4880,#4881,#4882);
#4884=PLANE('',#4883);
#4885=ORIENTED_EDGE('',*,*,#4874,.T.);
#4886=ORIENTED_EDGE('',*,*,#4463,.F.);
#4888=ORIENTED_EDGE('',*,*,#4887,.T.);
#4889=ORIENTED_EDGE('',*,*,#4541,.T.);
#4890=EDGE_LOOP('',(#4885,#4886,#4888,#4889));
#4891=FACE_OUTER_BOUND('',#4890,.F.);
#4892=ADVANCED_FACE('',(#4891),#4884,.F.);
#4893=CARTESIAN_POINT('',(-6.2925E1,3.805522884398E1,-7.435501176992E0));
#4894=DIRECTION('',(0.E0,-7.450403704472E-1,6.670193748340E-1));
#4895=DIRECTION('',(0.E0,6.670193748340E-1,7.450403704472E-1));
#4896=AXIS2_PLACEMENT_3D('',#4893,#4894,#4895);
#4897=CYLINDRICAL_SURFACE('',#4896,1.000003181701E-1);
#4898=ORIENTED_EDGE('',*,*,#4887,.F.);
#4899=ORIENTED_EDGE('',*,*,#4461,.F.);
#4900=ORIENTED_EDGE('',*,*,#4459,.F.);
#4902=ORIENTED_EDGE('',*,*,#4901,.F.);
#4903=ORIENTED_EDGE('',*,*,#4545,.T.);
#4904=ORIENTED_EDGE('',*,*,#4543,.T.);
#4905=EDGE_LOOP('',(#4898,#4899,#4900,#4902,#4903,#4904));
#4906=FACE_OUTER_BOUND('',#4905,.F.);
#4907=ADVANCED_FACE('',(#4906),#4897,.F.);
#4908=CARTESIAN_POINT('',(-6.264999979563E1,3.805522921886E1,
-7.435500758261E0));
#4909=DIRECTION('',(-3.417421027486E-1,-6.268606547404E-1,-7.001843005577E-1));
#4910=DIRECTION('',(0.E0,-7.450403704472E-1,6.670193748340E-1));
#4911=AXIS2_PLACEMENT_3D('',#4908,#4909,#4910);
#4912=PLANE('',#4911);
#4913=ORIENTED_EDGE('',*,*,#4457,.T.);
#4915=ORIENTED_EDGE('',*,*,#4914,.T.);
#4916=ORIENTED_EDGE('',*,*,#4547,.F.);
#4917=ORIENTED_EDGE('',*,*,#4901,.T.);
#4918=EDGE_LOOP('',(#4913,#4915,#4916,#4917));
#4919=FACE_OUTER_BOUND('',#4918,.F.);
#4920=ADVANCED_FACE('',(#4919),#4912,.T.);
#4921=CARTESIAN_POINT('',(-6.302980970389E1,2.975E1,0.E0));
#4922=DIRECTION('',(1.E0,0.E0,0.E0));
#4923=DIRECTION('',(0.E0,-9.242245927363E-1,-3.818493186866E-1));
#4924=AXIS2_PLACEMENT_3D('',#4921,#4922,#4923);
#4925=CONICAL_SURFACE('',#4924,7.720190296114E0,4.5E1);
#4926=ORIENTED_EDGE('',*,*,#4914,.F.);
#4927=ORIENTED_EDGE('',*,*,#4455,.T.);
#4929=ORIENTED_EDGE('',*,*,#4928,.F.);
#4930=ORIENTED_EDGE('',*,*,#4549,.T.);
#4931=EDGE_LOOP('',(#4926,#4927,#4929,#4930));
#4932=FACE_OUTER_BOUND('',#4931,.F.);
#4933=ADVANCED_FACE('',(#4932),#4925,.F.);
#4934=CARTESIAN_POINT('',(-6.264999979563E1,2.911491601712E1,
-1.112924850287E1));
#4935=DIRECTION('',(3.417421027486E-1,-9.382673551229E-1,5.354162417724E-2));
#4936=DIRECTION('',(0.E0,5.697167371445E-2,9.983757951764E-1));
#4937=AXIS2_PLACEMENT_3D('',#4934,#4935,#4936);
#4938=PLANE('',#4937);
#4939=ORIENTED_EDGE('',*,*,#4928,.T.);
#4940=ORIENTED_EDGE('',*,*,#4453,.F.);
#4942=ORIENTED_EDGE('',*,*,#4941,.T.);
#4943=ORIENTED_EDGE('',*,*,#4551,.T.);
#4944=EDGE_LOOP('',(#4939,#4940,#4942,#4943));
#4945=FACE_OUTER_BOUND('',#4944,.F.);
#4946=ADVANCED_FACE('',(#4945),#4938,.F.);
#4947=CARTESIAN_POINT('',(-6.2925E1,2.911491657823E1,-1.112924853489E1));
#4948=DIRECTION('',(0.E0,5.697167371445E-2,9.983757951764E-1));
#4949=DIRECTION('',(0.E0,9.983757951764E-1,-5.697167371445E-2));
#4950=AXIS2_PLACEMENT_3D('',#4947,#4948,#4949);
#4951=CYLINDRICAL_SURFACE('',#4950,1.000003181701E-1);
#4952=ORIENTED_EDGE('',*,*,#4941,.F.);
#4953=ORIENTED_EDGE('',*,*,#4451,.F.);
#4954=ORIENTED_EDGE('',*,*,#4449,.F.);
#4956=ORIENTED_EDGE('',*,*,#4955,.F.);
#4957=ORIENTED_EDGE('',*,*,#4555,.T.);
#4958=ORIENTED_EDGE('',*,*,#4553,.T.);
#4959=EDGE_LOOP('',(#4952,#4953,#4954,#4956,#4957,#4958));
#4960=FACE_OUTER_BOUND('',#4959,.F.);
#4961=ADVANCED_FACE('',(#4960),#4951,.F.);
#4962=CARTESIAN_POINT('',(-6.264999979563E1,2.911491713934E1,
-1.112924856691E1));
#4963=DIRECTION('',(-3.417421027486E-1,-9.382673551229E-1,5.354162417724E-2));
#4964=DIRECTION('',(0.E0,5.697167371445E-2,9.983757951764E-1));
#4965=AXIS2_PLACEMENT_3D('',#4962,#4963,#4964);
#4966=PLANE('',#4965);
#4967=ORIENTED_EDGE('',*,*,#4447,.T.);
#4969=ORIENTED_EDGE('',*,*,#4968,.T.);
#4970=ORIENTED_EDGE('',*,*,#4557,.F.);
#4971=ORIENTED_EDGE('',*,*,#4955,.T.);
#4972=EDGE_LOOP('',(#4967,#4969,#4970,#4971));
#4973=FACE_OUTER_BOUND('',#4972,.F.);
#4974=ADVANCED_FACE('',(#4973),#4966,.T.);
#4975=CARTESIAN_POINT('',(-6.302980970389E1,2.975E1,0.E0));
#4976=DIRECTION('',(1.E0,0.E0,0.E0));
#4977=DIRECTION('',(0.E0,-9.242245927363E-1,-3.818493186866E-1));
#4978=AXIS2_PLACEMENT_3D('',#4975,#4976,#4977);
#4979=CONICAL_SURFACE('',#4978,7.720190296114E0,4.5E1);
#4980=ORIENTED_EDGE('',*,*,#4968,.F.);
#4981=ORIENTED_EDGE('',*,*,#4445,.T.);
#4983=ORIENTED_EDGE('',*,*,#4982,.F.);
#4984=ORIENTED_EDGE('',*,*,#4559,.T.);
#4985=EDGE_LOOP('',(#4980,#4981,#4983,#4984));
#4986=FACE_OUTER_BOUND('',#4985,.F.);
#4987=ADVANCED_FACE('',(#4986),#4979,.F.);
#4988=CARTESIAN_POINT('',(-6.264999979563E1,2.158925625197E1,
-5.779287825672E0));
#4989=DIRECTION('',(3.417421027486E-1,-5.431395999319E-1,7.669496138566E-1));
#4990=DIRECTION('',(-9.369478697918E-1,-1.334445581903E-1,3.229879861264E-1));
#4991=AXIS2_PLACEMENT_3D('',#4988,#4989,#4990);
#4992=PLANE('',#4991);
#4993=ORIENTED_EDGE('',*,*,#4982,.T.);
#4994=ORIENTED_EDGE('',*,*,#4443,.F.);
#4996=ORIENTED_EDGE('',*,*,#4995,.F.);
#4997=ORIENTED_EDGE('',*,*,#4561,.T.);
#4998=EDGE_LOOP('',(#4993,#4994,#4996,#4997));
#4999=FACE_OUTER_BOUND('',#4998,.F.);
#5000=ADVANCED_FACE('',(#4999),#4992,.F.);
#5001=CARTESIAN_POINT('',(-6.2925E1,2.158925657678E1,-5.779288284329E0));
#5002=DIRECTION('',(0.E0,8.160828855588E-1,5.779348785963E-1));
#5003=DIRECTION('',(0.E0,5.779348785963E-1,-8.160828855588E-1));
#5004=AXIS2_PLACEMENT_3D('',#5001,#5002,#5003);
#5005=CYLINDRICAL_SURFACE('',#5004,1.000003181701E-1);
#5006=ORIENTED_EDGE('',*,*,#4995,.T.);
#5007=ORIENTED_EDGE('',*,*,#4441,.F.);
#5008=ORIENTED_EDGE('',*,*,#4439,.F.);
#5009=ORIENTED_EDGE('',*,*,#4513,.T.);
#5010=ORIENTED_EDGE('',*,*,#4565,.T.);
#5011=ORIENTED_EDGE('',*,*,#4563,.T.);
#5012=EDGE_LOOP('',(#5006,#5007,#5008,#5009,#5010,#5011));
#5013=FACE_OUTER_BOUND('',#5012,.F.);
#5014=ADVANCED_FACE('',(#5013),#5005,.F.);
#5015=CARTESIAN_POINT('',(-6.22E1,2.975E1,0.E0));
#5016=DIRECTION('',(1.E0,0.E0,0.E0));
#5017=DIRECTION('',(0.E0,-9.242245927363E-1,-3.818493186866E-1));
#5018=AXIS2_PLACEMENT_3D('',#5015,#5016,#5017);
#5019=CYLINDRICAL_SURFACE('',#5018,8.35E0);
#5021=ORIENTED_EDGE('',*,*,#5020,.T.);
#5023=ORIENTED_EDGE('',*,*,#5022,.T.);
#5024=ORIENTED_EDGE('',*,*,#4607,.T.);
#5026=ORIENTED_EDGE('',*,*,#5025,.F.);
#5027=EDGE_LOOP('',(#5021,#5023,#5024,#5026));
#5028=FACE_OUTER_BOUND('',#5027,.F.);
#5029=ADVANCED_FACE('',(#5028),#5019,.T.);
#5030=CARTESIAN_POINT('',(-6.22E1,2.975E1,0.E0));
#5031=DIRECTION('',(1.E0,0.E0,0.E0));
#5032=DIRECTION('',(0.E0,0.E0,-1.E0));
#5033=AXIS2_PLACEMENT_3D('',#5030,#5031,#5032);
#5034=PLANE('',#5033);
#5036=ORIENTED_EDGE('',*,*,#5035,.F.);
#5038=ORIENTED_EDGE('',*,*,#5037,.F.);
#5039=EDGE_LOOP('',(#5036,#5038));
#5040=FACE_OUTER_BOUND('',#5039,.F.);
#5041=ORIENTED_EDGE('',*,*,#5020,.F.);
#5043=ORIENTED_EDGE('',*,*,#5042,.F.);
#5044=EDGE_LOOP('',(#5041,#5043));
#5045=FACE_BOUND('',#5044,.F.);
#5046=ADVANCED_FACE('',(#5040,#5045),#5034,.F.);
#5047=CARTESIAN_POINT('',(-6.025E1,2.975E1,0.E0));
#5048=DIRECTION('',(-1.E0,0.E0,0.E0));
#5049=DIRECTION('',(0.E0,0.E0,1.E0));
#5050=AXIS2_PLACEMENT_3D('',#5047,#5048,#5049);
#5051=CYLINDRICAL_SURFACE('',#5050,8.7E0);
#5053=ORIENTED_EDGE('',*,*,#5052,.F.);
#5055=ORIENTED_EDGE('',*,*,#5054,.T.);
#5057=ORIENTED_EDGE('',*,*,#5056,.T.);
#5058=ORIENTED_EDGE('',*,*,#5035,.T.);
#5059=EDGE_LOOP('',(#5053,#5055,#5057,#5058));
#5060=FACE_OUTER_BOUND('',#5059,.F.);
#5061=ADVANCED_FACE('',(#5060),#5051,.F.);
#5062=CARTESIAN_POINT('',(-6.025E1,2.975E1,0.E0));
#5063=DIRECTION('',(-1.E0,0.E0,0.E0));
#5064=DIRECTION('',(0.E0,0.E0,1.E0));
#5065=AXIS2_PLACEMENT_3D('',#5062,#5063,#5064);
#5066=CYLINDRICAL_SURFACE('',#5065,8.7E0);
#5067=ORIENTED_EDGE('',*,*,#5037,.T.);
#5068=ORIENTED_EDGE('',*,*,#5056,.F.);
#5070=ORIENTED_EDGE('',*,*,#5069,.T.);
#5071=ORIENTED_EDGE('',*,*,#5052,.T.);
#5072=EDGE_LOOP('',(#5067,#5068,#5070,#5071));
#5073=FACE_OUTER_BOUND('',#5072,.F.);
#5074=ADVANCED_FACE('',(#5073),#5066,.F.);
#5075=CARTESIAN_POINT('',(-6.270760706950E1,2.975E1,0.E0));
#5076=DIRECTION('',(1.E0,0.E0,0.E0));
#5077=DIRECTION('',(0.E0,0.E0,-1.E0));
#5078=AXIS2_PLACEMENT_3D('',#5075,#5076,#5077);
#5079=CONICAL_SURFACE('',#5078,8.546321178182E0,5.5E1);
#5080=ORIENTED_EDGE('',*,*,#2902,.T.);
#5082=ORIENTED_EDGE('',*,*,#5081,.F.);
#5083=ORIENTED_EDGE('',*,*,#5069,.F.);
#5085=ORIENTED_EDGE('',*,*,#5084,.T.);
#5086=EDGE_LOOP('',(#5080,#5082,#5083,#5085));
#5087=FACE_OUTER_BOUND('',#5086,.F.);
#5088=ADVANCED_FACE('',(#5087),#5079,.F.);
#5089=CARTESIAN_POINT('',(-6.270760706950E1,2.975E1,0.E0));
#5090=DIRECTION('',(1.E0,0.E0,0.E0));
#5091=DIRECTION('',(0.E0,0.E0,-1.E0));
#5092=AXIS2_PLACEMENT_3D('',#5089,#5090,#5091);
#5093=CONICAL_SURFACE('',#5092,8.546321178182E0,5.5E1);
#5094=ORIENTED_EDGE('',*,*,#5084,.F.);
#5095=ORIENTED_EDGE('',*,*,#5054,.F.);
#5096=ORIENTED_EDGE('',*,*,#5081,.T.);
#5097=ORIENTED_EDGE('',*,*,#2918,.T.);
#5098=EDGE_LOOP('',(#5094,#5095,#5096,#5097));
#5099=FACE_OUTER_BOUND('',#5098,.F.);
#5100=ADVANCED_FACE('',(#5099),#5093,.F.);
#5101=CARTESIAN_POINT('',(-6.22E1,2.975E1,0.E0));
#5102=DIRECTION('',(1.E0,0.E0,0.E0));
#5103=DIRECTION('',(0.E0,-9.242245927363E-1,-3.818493186866E-1));
#5104=AXIS2_PLACEMENT_3D('',#5101,#5102,#5103);
#5105=CYLINDRICAL_SURFACE('',#5104,8.35E0);
#5106=ORIENTED_EDGE('',*,*,#5042,.T.);
#5107=ORIENTED_EDGE('',*,*,#5025,.T.);
#5108=ORIENTED_EDGE('',*,*,#4525,.T.);
#5109=ORIENTED_EDGE('',*,*,#5022,.F.);
#5110=EDGE_LOOP('',(#5106,#5107,#5108,#5109));
#5111=FACE_OUTER_BOUND('',#5110,.F.);
#5112=ADVANCED_FACE('',(#5111),#5105,.T.);
#5113=CARTESIAN_POINT('',(-5.815E1,2.975E1,0.E0));
#5114=DIRECTION('',(-1.E0,0.E0,0.E0));
#5115=DIRECTION('',(0.E0,0.E0,1.E0));
#5116=AXIS2_PLACEMENT_3D('',#5113,#5114,#5115);
#5117=TOROIDAL_SURFACE('',#5116,7.5E0,1.5E-1);
#5118=ORIENTED_EDGE('',*,*,#4020,.F.);
#5119=ORIENTED_EDGE('',*,*,#3990,.F.);
#5120=ORIENTED_EDGE('',*,*,#4017,.T.);
#5121=ORIENTED_EDGE('',*,*,#4037,.T.);
#5122=EDGE_LOOP('',(#5118,#5119,#5120,#5121));
#5123=FACE_OUTER_BOUND('',#5122,.F.);
#5124=ADVANCED_FACE('',(#5123),#5117,.T.);
#5125=CARTESIAN_POINT('',(-5.83E1,2.975E1,0.E0));
#5126=DIRECTION('',(-1.E0,0.E0,0.E0));
#5127=DIRECTION('',(0.E0,0.E0,1.E0));
#5128=AXIS2_PLACEMENT_3D('',#5125,#5126,#5127);
#5129=CYLINDRICAL_SURFACE('',#5128,5.25E0);
#5130=ORIENTED_EDGE('',*,*,#3932,.F.);
#5131=ORIENTED_EDGE('',*,*,#3913,.T.);
#5132=ORIENTED_EDGE('',*,*,#3929,.T.);
#5133=ORIENTED_EDGE('',*,*,#3949,.T.);
#5134=EDGE_LOOP('',(#5130,#5131,#5132,#5133));
#5135=FACE_OUTER_BOUND('',#5134,.F.);
#5136=ADVANCED_FACE('',(#5135),#5129,.T.);
#5137=CARTESIAN_POINT('',(-5.7575E1,2.243282466242E1,-9.175447657050E0));
#5138=DIRECTION('',(0.E0,6.234898018587E-1,7.818314824680E-1));
#5139=DIRECTION('',(0.E0,-7.818314824680E-1,6.234898018587E-1));
#5140=AXIS2_PLACEMENT_3D('',#5137,#5138,#5139);
#5141=CYLINDRICAL_SURFACE('',#5140,1.000003181701E-1);
#5143=ORIENTED_EDGE('',*,*,#5142,.F.);
#5144=ORIENTED_EDGE('',*,*,#3738,.F.);
#5145=ORIENTED_EDGE('',*,*,#3722,.F.);
#5146=ORIENTED_EDGE('',*,*,#3425,.F.);
#5147=EDGE_LOOP('',(#5143,#5144,#5145,#5146));
#5148=FACE_OUTER_BOUND('',#5147,.F.);
#5149=ADVANCED_FACE('',(#5148),#5141,.F.);
#5150=CARTESIAN_POINT('',(-5.785000020437E1,2.243282510183E1,
-9.175448007466E0));
#5151=DIRECTION('',(-3.417421027486E-1,7.347603585256E-1,-5.859518331299E-1));
#5152=DIRECTION('',(0.E0,6.234898018587E-1,7.818314824680E-1));
#5153=AXIS2_PLACEMENT_3D('',#5150,#5151,#5152);
#5154=PLANE('',#5153);
#5156=ORIENTED_EDGE('',*,*,#5155,.T.);
#5157=ORIENTED_EDGE('',*,*,#3740,.F.);
#5158=ORIENTED_EDGE('',*,*,#5142,.T.);
#5159=ORIENTED_EDGE('',*,*,#3423,.T.);
#5160=EDGE_LOOP('',(#5156,#5157,#5158,#5159));
#5161=FACE_OUTER_BOUND('',#5160,.F.);
#5162=ADVANCED_FACE('',(#5161),#5154,.F.);
#5163=CARTESIAN_POINT('',(-5.747019029611E1,2.975E1,0.E0));
#5164=DIRECTION('',(-1.E0,0.E0,0.E0));
#5165=DIRECTION('',(0.E0,0.E0,1.E0));
#5166=AXIS2_PLACEMENT_3D('',#5163,#5164,#5165);
#5167=CONICAL_SURFACE('',#5166,7.720190296114E0,4.5E1);
#5168=ORIENTED_EDGE('',*,*,#3421,.T.);
#5170=ORIENTED_EDGE('',*,*,#5169,.F.);
#5171=ORIENTED_EDGE('',*,*,#3742,.T.);
#5172=ORIENTED_EDGE('',*,*,#5155,.F.);
#5173=EDGE_LOOP('',(#5168,#5170,#5171,#5172));
#5174=FACE_OUTER_BOUND('',#5173,.F.);
#5175=ADVANCED_FACE('',(#5174),#5167,.F.);
#5176=CARTESIAN_POINT('',(-5.785000020437E1,2.1399E1,5.620235567779E-7));
#5177=DIRECTION('',(3.417421027486E-1,0.E0,-9.397937727017E-1));
#5178=DIRECTION('',(-9.397937727017E-1,0.E0,-3.417421027486E-1));
#5179=AXIS2_PLACEMENT_3D('',#5176,#5177,#5178);
#5180=PLANE('',#5179);
#5181=ORIENTED_EDGE('',*,*,#3744,.T.);
#5182=ORIENTED_EDGE('',*,*,#5169,.T.);
#5183=ORIENTED_EDGE('',*,*,#3419,.F.);
#5185=ORIENTED_EDGE('',*,*,#5184,.T.);
#5186=EDGE_LOOP('',(#5181,#5182,#5183,#5185));
#5187=FACE_OUTER_BOUND('',#5186,.F.);
#5188=ADVANCED_FACE('',(#5187),#5180,.T.);
#5189=CARTESIAN_POINT('',(-5.7575E1,2.1399E1,0.E0));
#5190=DIRECTION('',(0.E0,1.E0,0.E0));
#5191=DIRECTION('',(0.E0,0.E0,1.E0));
#5192=AXIS2_PLACEMENT_3D('',#5189,#5190,#5191);
#5193=CYLINDRICAL_SURFACE('',#5192,1.000003181701E-1);
#5195=ORIENTED_EDGE('',*,*,#5194,.F.);
#5196=ORIENTED_EDGE('',*,*,#3746,.F.);
#5197=ORIENTED_EDGE('',*,*,#5184,.F.);
#5198=ORIENTED_EDGE('',*,*,#3417,.T.);
#5199=EDGE_LOOP('',(#5195,#5196,#5197,#5198));
#5200=FACE_OUTER_BOUND('',#5199,.F.);
#5201=ADVANCED_FACE('',(#5200),#5193,.F.);
#5202=CARTESIAN_POINT('',(-5.785000020437E1,2.1399E1,-5.620235567779E-7));
#5203=DIRECTION('',(-3.417421027486E-1,0.E0,-9.397937727017E-1));
#5204=DIRECTION('',(-9.397937727017E-1,0.E0,3.417421027486E-1));
#5205=AXIS2_PLACEMENT_3D('',#5202,#5203,#5204);
#5206=PLANE('',#5205);
#5208=ORIENTED_EDGE('',*,*,#5207,.T.);
#5209=ORIENTED_EDGE('',*,*,#3748,.F.);
#5210=ORIENTED_EDGE('',*,*,#5194,.T.);
#5211=ORIENTED_EDGE('',*,*,#3415,.T.);
#5212=EDGE_LOOP('',(#5208,#5209,#5210,#5211));
#5213=FACE_OUTER_BOUND('',#5212,.F.);
#5214=ADVANCED_FACE('',(#5213),#5206,.F.);
#5215=CARTESIAN_POINT('',(-5.747019029611E1,2.975E1,0.E0));
#5216=DIRECTION('',(-1.E0,0.E0,0.E0));
#5217=DIRECTION('',(0.E0,0.E0,1.E0));
#5218=AXIS2_PLACEMENT_3D('',#5215,#5216,#5217);
#5219=CONICAL_SURFACE('',#5218,7.720190296114E0,4.5E1);
#5221=ORIENTED_EDGE('',*,*,#5220,.F.);
#5222=ORIENTED_EDGE('',*,*,#3750,.T.);
#5223=ORIENTED_EDGE('',*,*,#5207,.F.);
#5224=ORIENTED_EDGE('',*,*,#3413,.T.);
#5225=EDGE_LOOP('',(#5221,#5222,#5223,#5224));
#5226=FACE_OUTER_BOUND('',#5225,.F.);
#5227=ADVANCED_FACE('',(#5226),#5219,.F.);
#5228=CARTESIAN_POINT('',(-5.785000020437E1,2.243282510183E1,9.175448007466E0));
#5229=DIRECTION('',(3.417421027486E-1,-7.347603585256E-1,-5.859518331299E-1));
#5230=DIRECTION('',(0.E0,6.234898018587E-1,-7.818314824680E-1));
#5231=AXIS2_PLACEMENT_3D('',#5228,#5229,#5230);
#5232=PLANE('',#5231);
#5233=ORIENTED_EDGE('',*,*,#3752,.T.);
#5234=ORIENTED_EDGE('',*,*,#5220,.T.);
#5235=ORIENTED_EDGE('',*,*,#3411,.F.);
#5237=ORIENTED_EDGE('',*,*,#5236,.T.);
#5238=EDGE_LOOP('',(#5233,#5234,#5235,#5237));
#5239=FACE_OUTER_BOUND('',#5238,.F.);
#5240=ADVANCED_FACE('',(#5239),#5232,.T.);
#5241=CARTESIAN_POINT('',(-5.7575E1,2.243282466242E1,9.175447657050E0));
#5242=DIRECTION('',(0.E0,6.234898018587E-1,-7.818314824680E-1));
#5243=DIRECTION('',(0.E0,7.818314824680E-1,6.234898018587E-1));
#5244=AXIS2_PLACEMENT_3D('',#5241,#5242,#5243);
#5245=CYLINDRICAL_SURFACE('',#5244,1.000003181701E-1);
#5247=ORIENTED_EDGE('',*,*,#5246,.F.);
#5248=ORIENTED_EDGE('',*,*,#3754,.F.);
#5249=ORIENTED_EDGE('',*,*,#5236,.F.);
#5250=ORIENTED_EDGE('',*,*,#3409,.F.);
#5251=EDGE_LOOP('',(#5247,#5248,#5249,#5250));
#5252=FACE_OUTER_BOUND('',#5251,.F.);
#5253=ADVANCED_FACE('',(#5252),#5245,.F.);
#5254=CARTESIAN_POINT('',(-5.785000020437E1,2.243282422301E1,9.175447306634E0));
#5255=DIRECTION('',(-3.417421027486E-1,-7.347603585256E-1,-5.859518331299E-1));
#5256=DIRECTION('',(0.E0,6.234898018587E-1,-7.818314824680E-1));
#5257=AXIS2_PLACEMENT_3D('',#5254,#5255,#5256);
#5258=PLANE('',#5257);
#5259=ORIENTED_EDGE('',*,*,#3448,.T.);
#5260=ORIENTED_EDGE('',*,*,#3756,.F.);
#5261=ORIENTED_EDGE('',*,*,#5246,.T.);
#5262=ORIENTED_EDGE('',*,*,#3407,.T.);
#5263=EDGE_LOOP('',(#5259,#5260,#5261,#5262));
#5264=FACE_OUTER_BOUND('',#5263,.F.);
#5265=ADVANCED_FACE('',(#5264),#5258,.F.);
#5266=CARTESIAN_POINT('',(-6.283222822379E1,2.975E1,0.E0));
#5267=DIRECTION('',(-1.E0,0.E0,0.E0));
#5268=DIRECTION('',(0.E0,0.E0,1.E0));
#5269=AXIS2_PLACEMENT_3D('',#5266,#5267,#5268);
#5270=TOROIDAL_SURFACE('',#5269,9.073601942367E0,3.E-1);
#5271=ORIENTED_EDGE('',*,*,#3007,.F.);
#5272=ORIENTED_EDGE('',*,*,#2976,.F.);
#5273=ORIENTED_EDGE('',*,*,#3004,.T.);
#5274=ORIENTED_EDGE('',*,*,#3036,.F.);
#5275=EDGE_LOOP('',(#5271,#5272,#5273,#5274));
#5276=FACE_OUTER_BOUND('',#5275,.F.);
#5277=ADVANCED_FACE('',(#5276),#5270,.T.);
#5278=CARTESIAN_POINT('',(-6.315E1,2.975E1,0.E0));
#5279=DIRECTION('',(-1.E0,0.E0,0.E0));
#5280=DIRECTION('',(0.E0,0.E0,1.E0));
#5281=AXIS2_PLACEMENT_3D('',#5278,#5279,#5280);
#5282=TOROIDAL_SURFACE('',#5281,8.45E0,1.E-1);
#5283=ORIENTED_EDGE('',*,*,#2947,.F.);
#5284=ORIENTED_EDGE('',*,*,#2888,.F.);
#5285=ORIENTED_EDGE('',*,*,#2944,.T.);
#5286=ORIENTED_EDGE('',*,*,#2964,.T.);
#5287=EDGE_LOOP('',(#5283,#5284,#5285,#5286));
#5288=FACE_OUTER_BOUND('',#5287,.F.);
#5289=ADVANCED_FACE('',(#5288),#5282,.T.);
#5290=CLOSED_SHELL('',(#2894,#2909,#2923,#2936,#2951,#2968,#2983,#2996,#3011,
#3026,#3040,#3055,#3068,#3083,#3098,#3113,#3130,#3143,#3156,#3168,#3183,#3198,
#3212,#3224,#3239,#3252,#3267,#3280,#3295,#3308,#3324,#3339,#3352,#3399,#3436,
#3454,#3468,#3514,#3527,#3540,#3553,#3566,#3579,#3592,#3605,#3618,#3631,#3644,
#3657,#3670,#3683,#3696,#3712,#3726,#3761,#3776,#3789,#3805,#3820,#3835,#3852,
#3865,#3877,#3892,#3905,#3921,#3936,#3953,#3968,#3981,#3996,#4009,#4024,#4041,
#4056,#4069,#4084,#4097,#4112,#4129,#4141,#4156,#4169,#4184,#4199,#4216,#4229,
#4241,#4256,#4269,#4285,#4300,#4313,#4329,#4344,#4357,#4372,#4385,#4401,#4416,
#4429,#4484,#4503,#4517,#4571,#4612,#4626,#4665,#4679,#4692,#4707,#4720,#4733,
#4746,#4759,#4772,#4785,#4798,#4812,#4825,#4838,#4853,#4866,#4879,#4892,#4907,
#4920,#4933,#4946,#4961,#4974,#4987,#5000,#5014,#5029,#5046,#5061,#5074,#5088,
#5100,#5112,#5124,#5136,#5149,#5162,#5175,#5188,#5201,#5214,#5227,#5240,#5253,
#5265,#5277,#5289));
#5291=MANIFOLD_SOLID_BREP('',#5290);
#5292=DIRECTION('',(5.E-1,0.E0,-8.660254037845E-1));
#5293=VECTOR('',#5292,4.286660624374E-1);
#5294=CARTESIAN_POINT('',(-6.325E1,2.975E1,3.6E0));
#5295=LINE('',#5294,#5293);
#5296=CARTESIAN_POINT('',(-6.277585934765E1,2.975E1,-3.378764300189E0));
#5297=DIRECTION('',(0.E0,-1.E0,0.E0));
#5298=DIRECTION('',(-2.588190451025E-1,0.E0,9.659258262891E-1));
#5299=AXIS2_PLACEMENT_3D('',#5296,#5297,#5298);
#5301=CARTESIAN_POINT('',(-6.285350506118E1,2.975E1,0.E0));
#5302=DIRECTION('',(1.E0,0.E0,0.E0));
#5303=DIRECTION('',(0.E0,0.E0,1.E0));
#5304=AXIS2_PLACEMENT_3D('',#5301,#5302,#5303);
#5306=CARTESIAN_POINT('',(-6.303566696878E1,2.975E1,0.E0));
#5307=DIRECTION('',(-1.E0,0.E0,0.E0));
#5308=DIRECTION('',(0.E0,0.E0,-1.E0));
#5309=AXIS2_PLACEMENT_3D('',#5306,#5307,#5308);
#5311=CARTESIAN_POINT('',(-6.303566696878E1,2.975E1,0.E0));
#5312=DIRECTION('',(-1.E0,0.E0,0.E0));
#5313=DIRECTION('',(0.E0,0.E0,1.E0));
#5314=AXIS2_PLACEMENT_3D('',#5311,#5312,#5313);
#5316=CARTESIAN_POINT('',(-6.277585934765E1,2.975E1,3.378764300189E0));
#5317=DIRECTION('',(0.E0,1.E0,0.E0));
#5318=DIRECTION('',(-2.588190451025E-1,0.E0,-9.659258262891E-1));
#5319=AXIS2_PLACEMENT_3D('',#5316,#5317,#5318);
#5321=CARTESIAN_POINT('',(-6.285350506118E1,2.975E1,0.E0));
#5322=DIRECTION('',(1.E0,0.E0,0.E0));
#5323=DIRECTION('',(0.E0,0.E0,-1.E0));
#5324=AXIS2_PLACEMENT_3D('',#5321,#5322,#5323);
#5326=DIRECTION('',(5.E-1,0.E0,8.660254037845E-1));
#5327=VECTOR('',#5326,4.286660624374E-1);
#5328=CARTESIAN_POINT('',(-6.325E1,2.975E1,-3.6E0));
#5329=LINE('',#5328,#5327);
#5330=CARTESIAN_POINT('',(-6.325E1,2.975E1,0.E0));
#5331=DIRECTION('',(-1.E0,0.E0,0.E0));
#5332=DIRECTION('',(0.E0,0.E0,1.E0));
#5333=AXIS2_PLACEMENT_3D('',#5330,#5331,#5332);
#5335=CARTESIAN_POINT('',(-6.325E1,2.975E1,0.E0));
#5336=DIRECTION('',(-1.E0,0.E0,0.E0));
#5337=DIRECTION('',(0.E0,0.E0,-1.E0));
#5338=AXIS2_PLACEMENT_3D('',#5335,#5336,#5337);
#5340=CARTESIAN_POINT('',(-6.325E1,2.975E1,0.E0));
#5341=DIRECTION('',(1.E0,0.E0,0.E0));
#5342=DIRECTION('',(0.E0,0.E0,-1.E0));
#5343=AXIS2_PLACEMENT_3D('',#5340,#5341,#5342);
#5345=CARTESIAN_POINT('',(-6.325E1,2.975E1,0.E0));
#5346=DIRECTION('',(1.E0,0.E0,0.E0));
#5347=DIRECTION('',(0.E0,0.E0,1.E0));
#5348=AXIS2_PLACEMENT_3D('',#5345,#5346,#5347);
#5350=DIRECTION('',(1.E0,0.E0,0.E0));
#5351=VECTOR('',#5350,9.E-1);
#5352=CARTESIAN_POINT('',(-6.325E1,2.975E1,4.9E0));
#5353=LINE('',#5352,#5351);
#5354=CARTESIAN_POINT('',(-6.235E1,2.975E1,0.E0));
#5355=DIRECTION('',(-1.E0,0.E0,0.E0));
#5356=DIRECTION('',(0.E0,0.E0,1.E0));
#5357=AXIS2_PLACEMENT_3D('',#5354,#5355,#5356);
#5359=CARTESIAN_POINT('',(-6.235E1,2.975E1,0.E0));
#5360=DIRECTION('',(-1.E0,0.E0,0.E0));
#5361=DIRECTION('',(0.E0,0.E0,-1.E0));
#5362=AXIS2_PLACEMENT_3D('',#5359,#5360,#5361);
#5364=CARTESIAN_POINT('',(-6.235E1,2.975E1,0.E0));
#5365=DIRECTION('',(1.E0,0.E0,0.E0));
#5366=DIRECTION('',(0.E0,0.E0,-1.E0));
#5367=AXIS2_PLACEMENT_3D('',#5364,#5365,#5366);
#5369=CARTESIAN_POINT('',(-6.235E1,2.975E1,0.E0));
#5370=DIRECTION('',(1.E0,0.E0,0.E0));
#5371=DIRECTION('',(0.E0,0.E0,1.E0));
#5372=AXIS2_PLACEMENT_3D('',#5369,#5370,#5371);
#5374=DIRECTION('',(1.E0,0.E0,0.E0));
#5375=VECTOR('',#5374,1.034005745794E0);
#5376=CARTESIAN_POINT('',(-6.235E1,2.975E1,5.3E0));
#5377=LINE('',#5376,#5375);
#5378=CARTESIAN_POINT('',(-6.131599425421E1,2.975E1,0.E0));
#5379=DIRECTION('',(1.E0,0.E0,0.E0));
#5380=DIRECTION('',(0.E0,0.E0,-1.E0));
#5381=AXIS2_PLACEMENT_3D('',#5378,#5379,#5380);
#5383=CARTESIAN_POINT('',(-6.025E1,2.975E1,-6.5725E0));
#5384=DIRECTION('',(0.E0,-1.E0,0.E0));
#5385=DIRECTION('',(0.E0,0.E0,1.E0));
#5386=AXIS2_PLACEMENT_3D('',#5383,#5384,#5385);
#5388=CARTESIAN_POINT('',(-6.131599425421E1,2.975E1,0.E0));
#5389=DIRECTION('',(1.E0,0.E0,0.E0));
#5390=DIRECTION('',(0.E0,0.E0,1.E0));
#5391=AXIS2_PLACEMENT_3D('',#5388,#5389,#5390);
#5393=CARTESIAN_POINT('',(-6.025E1,2.975E1,6.5725E0));
#5394=DIRECTION('',(0.E0,1.E0,0.E0));
#5395=DIRECTION('',(0.E0,0.E0,-1.E0));
#5396=AXIS2_PLACEMENT_3D('',#5393,#5394,#5395);
#5398=DIRECTION('',(1.E0,0.E0,0.E0));
#5399=VECTOR('',#5398,1.034005745794E0);
#5400=CARTESIAN_POINT('',(-6.235E1,2.975E1,-5.3E0));
#5401=LINE('',#5400,#5399);
#5402=CARTESIAN_POINT('',(-6.025E1,2.975E1,0.E0));
#5403=DIRECTION('',(1.E0,0.E0,0.E0));
#5404=DIRECTION('',(0.E0,0.E0,1.E0));
#5405=AXIS2_PLACEMENT_3D('',#5402,#5403,#5404);
#5407=CARTESIAN_POINT('',(-6.025E1,2.975E1,6.5725E0));
#5408=DIRECTION('',(0.E0,1.E0,0.E0));
#5409=DIRECTION('',(6.421652133771E-1,0.E0,-7.665662650602E-1));
#5410=AXIS2_PLACEMENT_3D('',#5407,#5408,#5409);
#5412=CARTESIAN_POINT('',(-5.918400574579E1,2.975E1,0.E0));
#5413=DIRECTION('',(-1.E0,0.E0,0.E0));
#5414=DIRECTION('',(0.E0,0.E0,-1.E0));
#5415=AXIS2_PLACEMENT_3D('',#5412,#5413,#5414);
#5417=CARTESIAN_POINT('',(-6.025E1,2.975E1,0.E0));
#5418=DIRECTION('',(1.E0,0.E0,0.E0));
#5419=DIRECTION('',(0.E0,0.E0,-1.E0));
#5420=AXIS2_PLACEMENT_3D('',#5417,#5418,#5419);
#5422=CARTESIAN_POINT('',(-6.025E1,2.975E1,-6.5725E0));
#5423=DIRECTION('',(0.E0,-1.E0,0.E0));
#5424=DIRECTION('',(6.421652133771E-1,0.E0,7.665662650602E-1));
#5425=AXIS2_PLACEMENT_3D('',#5422,#5423,#5424);
#5427=CARTESIAN_POINT('',(-5.918400574579E1,2.975E1,0.E0));
#5428=DIRECTION('',(-1.E0,0.E0,0.E0));
#5429=DIRECTION('',(0.E0,0.E0,1.E0));
#5430=AXIS2_PLACEMENT_3D('',#5427,#5428,#5429);
#5432=DIRECTION('',(1.E0,0.E0,0.E0));
#5433=VECTOR('',#5432,1.034005745794E0);
#5434=CARTESIAN_POINT('',(-5.918400574579E1,2.975E1,5.3E0));
#5435=LINE('',#5434,#5433);
#5436=CARTESIAN_POINT('',(-5.815E1,2.975E1,0.E0));
#5437=DIRECTION('',(1.E0,0.E0,0.E0));
#5438=DIRECTION('',(0.E0,0.E0,-1.E0));
#5439=AXIS2_PLACEMENT_3D('',#5436,#5437,#5438);
#5441=CARTESIAN_POINT('',(-5.815E1,2.975E1,0.E0));
#5442=DIRECTION('',(1.E0,0.E0,0.E0));
#5443=DIRECTION('',(0.E0,0.E0,1.E0));
#5444=AXIS2_PLACEMENT_3D('',#5441,#5442,#5443);
#5446=CARTESIAN_POINT('',(-5.815E1,2.975E1,0.E0));
#5447=DIRECTION('',(-1.E0,0.E0,0.E0));
#5448=DIRECTION('',(0.E0,0.E0,1.E0));
#5449=AXIS2_PLACEMENT_3D('',#5446,#5447,#5448);
#5451=CARTESIAN_POINT('',(-5.815E1,2.975E1,0.E0));
#5452=DIRECTION('',(-1.E0,0.E0,0.E0));
#5453=DIRECTION('',(0.E0,0.E0,-1.E0));
#5454=AXIS2_PLACEMENT_3D('',#5451,#5452,#5453);
#5456=DIRECTION('',(1.E0,0.E0,0.E0));
#5457=VECTOR('',#5456,1.034005745794E0);
#5458=CARTESIAN_POINT('',(-5.918400574579E1,2.975E1,-5.3E0));
#5459=LINE('',#5458,#5457);
#5460=DIRECTION('',(1.E0,0.E0,0.E0));
#5461=VECTOR('',#5460,9.E-1);
#5462=CARTESIAN_POINT('',(-5.815E1,2.975E1,4.9E0));
#5463=LINE('',#5462,#5461);
#5464=CARTESIAN_POINT('',(-5.725E1,2.975E1,0.E0));
#5465=DIRECTION('',(1.E0,0.E0,0.E0));
#5466=DIRECTION('',(0.E0,0.E0,-1.E0));
#5467=AXIS2_PLACEMENT_3D('',#5464,#5465,#5466);
#5469=CARTESIAN_POINT('',(-5.725E1,2.975E1,0.E0));
#5470=DIRECTION('',(1.E0,0.E0,0.E0));
#5471=DIRECTION('',(0.E0,0.E0,1.E0));
#5472=AXIS2_PLACEMENT_3D('',#5469,#5470,#5471);
#5474=CARTESIAN_POINT('',(-5.725E1,2.975E1,0.E0));
#5475=DIRECTION('',(-1.E0,0.E0,0.E0));
#5476=DIRECTION('',(0.E0,0.E0,-1.E0));
#5477=AXIS2_PLACEMENT_3D('',#5474,#5475,#5476);
#5479=CARTESIAN_POINT('',(-5.725E1,2.975E1,0.E0));
#5480=DIRECTION('',(-1.E0,0.E0,0.E0));
#5481=DIRECTION('',(0.E0,0.E0,1.E0));
#5482=AXIS2_PLACEMENT_3D('',#5479,#5480,#5481);
#5484=DIRECTION('',(1.E0,0.E0,0.E0));
#5485=VECTOR('',#5484,9.E-1);
#5486=CARTESIAN_POINT('',(-5.815E1,2.975E1,-4.9E0));
#5487=LINE('',#5486,#5485);
#5488=DIRECTION('',(-5.E-1,0.E0,8.660254037844E-1));
#5489=VECTOR('',#5488,4.286660624374E-1);
#5490=CARTESIAN_POINT('',(-5.725E1,2.975E1,-3.6E0));
#5491=LINE('',#5490,#5489);
#5492=CARTESIAN_POINT('',(-5.772414065235E1,2.975E1,-3.378764300189E0));
#5493=DIRECTION('',(0.E0,-1.E0,0.E0));
#5494=DIRECTION('',(8.660254037844E-1,0.E0,5.E-1));
#5495=AXIS2_PLACEMENT_3D('',#5492,#5493,#5494);
#5497=CARTESIAN_POINT('',(-5.746433303122E1,2.975E1,0.E0));
#5498=DIRECTION('',(1.E0,0.E0,0.E0));
#5499=DIRECTION('',(0.E0,0.E0,1.E0));
#5500=AXIS2_PLACEMENT_3D('',#5497,#5498,#5499);
#5502=CARTESIAN_POINT('',(-5.764649493882E1,2.975E1,0.E0));
#5503=DIRECTION('',(-1.E0,0.E0,0.E0));
#5504=DIRECTION('',(0.E0,0.E0,-1.E0));
#5505=AXIS2_PLACEMENT_3D('',#5502,#5503,#5504);
#5507=CARTESIAN_POINT('',(-5.764649493882E1,2.975E1,0.E0));
#5508=DIRECTION('',(-1.E0,0.E0,0.E0));
#5509=DIRECTION('',(0.E0,0.E0,1.E0));
#5510=AXIS2_PLACEMENT_3D('',#5507,#5508,#5509);
#5512=CARTESIAN_POINT('',(-5.772414065235E1,2.975E1,3.378764300189E0));
#5513=DIRECTION('',(0.E0,1.E0,0.E0));
#5514=DIRECTION('',(8.660254037844E-1,0.E0,-5.E-1));
#5515=AXIS2_PLACEMENT_3D('',#5512,#5513,#5514);
#5517=CARTESIAN_POINT('',(-5.746433303122E1,2.975E1,0.E0));
#5518=DIRECTION('',(1.E0,0.E0,0.E0));
#5519=DIRECTION('',(0.E0,0.E0,-1.E0));
#5520=AXIS2_PLACEMENT_3D('',#5517,#5518,#5519);
#5522=DIRECTION('',(-9.659258262891E-1,0.E0,-2.588190451025E-1));
#5523=VECTOR('',#5522,3.438176362447E-1);
#5524=CARTESIAN_POINT('',(-5.764649493882E1,2.975E1,3.088986552302E0));
#5525=LINE('',#5524,#5523);
#5526=CARTESIAN_POINT('',(-5.797859727321E1,2.975E1,0.E0));
#5527=DIRECTION('',(-1.E0,0.E0,0.E0));
#5528=DIRECTION('',(0.E0,0.E0,1.E0));
#5529=AXIS2_PLACEMENT_3D('',#5526,#5527,#5528);
#5531=CARTESIAN_POINT('',(-5.797859727321E1,2.975E1,0.E0));
#5532=DIRECTION('',(-1.E0,0.E0,0.E0));
#5533=DIRECTION('',(0.E0,0.E0,-1.E0));
#5534=AXIS2_PLACEMENT_3D('',#5531,#5532,#5533);
#5536=DIRECTION('',(-9.659258262891E-1,0.E0,2.588190451025E-1));
#5537=VECTOR('',#5536,3.438176362447E-1);
#5538=CARTESIAN_POINT('',(-5.764649493882E1,2.975E1,-3.088986552302E0));
#5539=LINE('',#5538,#5537);
#5540=DIRECTION('',(1.E0,0.E0,0.E0));
#5541=VECTOR('',#5540,4.542805453589E0);
#5542=CARTESIAN_POINT('',(-6.252140272679E1,2.975E1,3.E0));
#5543=LINE('',#5542,#5541);
#5544=DIRECTION('',(1.E0,0.E0,0.E0));
#5545=VECTOR('',#5544,4.542805453589E0);
#5546=CARTESIAN_POINT('',(-6.252140272679E1,2.975E1,-3.E0));
#5547=LINE('',#5546,#5545);
#5548=DIRECTION('',(9.659258262891E-1,0.E0,2.588190451025E-1));
#5549=VECTOR('',#5548,3.438176362447E-1);
#5550=CARTESIAN_POINT('',(-6.285350506118E1,2.975E1,-3.088986552302E0));
#5551=LINE('',#5550,#5549);
#5552=CARTESIAN_POINT('',(-6.252140272679E1,2.975E1,0.E0));
#5553=DIRECTION('',(1.E0,0.E0,0.E0));
#5554=DIRECTION('',(0.E0,0.E0,-1.E0));
#5555=AXIS2_PLACEMENT_3D('',#5552,#5553,#5554);
#5557=CARTESIAN_POINT('',(-6.252140272679E1,2.975E1,0.E0));
#5558=DIRECTION('',(1.E0,0.E0,0.E0));
#5559=DIRECTION('',(0.E0,0.E0,1.E0));
#5560=AXIS2_PLACEMENT_3D('',#5557,#5558,#5559);
#5562=DIRECTION('',(9.659258262891E-1,0.E0,-2.588190451025E-1));
#5563=VECTOR('',#5562,3.438176362447E-1);
#5564=CARTESIAN_POINT('',(-6.285350506118E1,2.975E1,3.088986552302E0));
#5565=LINE('',#5564,#5563);
#5566=DIRECTION('',(-5.E-1,0.E0,-8.660254037844E-1));
#5567=VECTOR('',#5566,4.286660624374E-1);
#5568=CARTESIAN_POINT('',(-5.725E1,2.975E1,3.6E0));
#5569=LINE('',#5568,#5567);
#5570=DIRECTION('',(1.E0,0.E0,0.E0));
#5571=VECTOR('',#5570,9.E-1);
#5572=CARTESIAN_POINT('',(-6.325E1,2.975E1,-4.9E0));
#5573=LINE('',#5572,#5571);
#5574=CARTESIAN_POINT('',(-5.815E1,2.975E1,-4.9E0));
#5575=CARTESIAN_POINT('',(-5.725E1,2.975E1,-4.9E0));
#5576=VERTEX_POINT('',#5574);
#5577=VERTEX_POINT('',#5575);
#5578=CARTESIAN_POINT('',(-6.252140272679E1,2.975E1,3.E0));
#5579=CARTESIAN_POINT('',(-6.252140272679E1,2.975E1,-3.E0));
#5580=VERTEX_POINT('',#5578);
#5581=VERTEX_POINT('',#5579);
#5582=CARTESIAN_POINT('',(-6.325E1,2.975E1,-4.9E0));
#5583=CARTESIAN_POINT('',(-6.235E1,2.975E1,-4.9E0));
#5584=VERTEX_POINT('',#5582);
#5585=VERTEX_POINT('',#5583);
#5586=CARTESIAN_POINT('',(-6.285350506118E1,2.975E1,3.088986552302E0));
#5587=CARTESIAN_POINT('',(-6.285350506118E1,2.975E1,-3.088986552302E0));
#5588=VERTEX_POINT('',#5586);
#5589=VERTEX_POINT('',#5587);
#5590=CARTESIAN_POINT('',(-6.303566696878E1,2.975E1,-3.228764300189E0));
#5591=CARTESIAN_POINT('',(-6.303566696878E1,2.975E1,3.228764300189E0));
#5592=VERTEX_POINT('',#5590);
#5593=VERTEX_POINT('',#5591);
#5594=CARTESIAN_POINT('',(-5.746433303122E1,2.975E1,3.228764300189E0));
#5595=CARTESIAN_POINT('',(-5.746433303122E1,2.975E1,-3.228764300189E0));
#5596=VERTEX_POINT('',#5594);
#5597=VERTEX_POINT('',#5595);
#5598=CARTESIAN_POINT('',(-5.918400574579E1,2.975E1,-5.3E0));
#5599=CARTESIAN_POINT('',(-5.815E1,2.975E1,-5.3E0));
#5600=VERTEX_POINT('',#5598);
#5601=VERTEX_POINT('',#5599);
#5602=CARTESIAN_POINT('',(-5.815E1,2.975E1,4.9E0));
#5603=VERTEX_POINT('',#5602);
#5604=CARTESIAN_POINT('',(-5.797859727321E1,2.975E1,-3.E0));
#5605=CARTESIAN_POINT('',(-5.797859727321E1,2.975E1,3.E0));
#5606=VERTEX_POINT('',#5604);
#5607=VERTEX_POINT('',#5605);
#5608=CARTESIAN_POINT('',(-5.815E1,2.975E1,5.3E0));
#5609=VERTEX_POINT('',#5608);
#5610=CARTESIAN_POINT('',(-5.725E1,2.975E1,-3.6E0));
#5611=VERTEX_POINT('',#5610);
#5612=CARTESIAN_POINT('',(-6.131599425421E1,2.975E1,5.3E0));
#5613=CARTESIAN_POINT('',(-6.131599425421E1,2.975E1,-5.3E0));
#5614=VERTEX_POINT('',#5612);
#5615=VERTEX_POINT('',#5613);
#5616=CARTESIAN_POINT('',(-5.725E1,2.975E1,4.9E0));
#5617=VERTEX_POINT('',#5616);
#5618=CARTESIAN_POINT('',(-5.764649493882E1,2.975E1,3.088986552302E0));
#5619=VERTEX_POINT('',#5618);
#5620=CARTESIAN_POINT('',(-6.325E1,2.975E1,-3.6E0));
#5621=CARTESIAN_POINT('',(-6.325E1,2.975E1,3.6E0));
#5622=VERTEX_POINT('',#5620);
#5623=VERTEX_POINT('',#5621);
#5624=CARTESIAN_POINT('',(-5.764649493882E1,2.975E1,-3.088986552302E0));
#5625=VERTEX_POINT('',#5624);
#5626=CARTESIAN_POINT('',(-6.235E1,2.975E1,-5.3E0));
#5627=VERTEX_POINT('',#5626);
#5628=CARTESIAN_POINT('',(-6.325E1,2.975E1,4.9E0));
#5629=CARTESIAN_POINT('',(-6.235E1,2.975E1,4.9E0));
#5630=VERTEX_POINT('',#5628);
#5631=VERTEX_POINT('',#5629);
#5632=CARTESIAN_POINT('',(-5.725E1,2.975E1,3.6E0));
#5633=VERTEX_POINT('',#5632);
#5634=CARTESIAN_POINT('',(-5.918400574579E1,2.975E1,5.3E0));
#5635=VERTEX_POINT('',#5634);
#5636=CARTESIAN_POINT('',(-6.235E1,2.975E1,5.3E0));
#5637=VERTEX_POINT('',#5636);
#5638=CARTESIAN_POINT('',(-6.025E1,2.975E1,-4.9125E0));
#5639=VERTEX_POINT('',#5638);
#5640=CARTESIAN_POINT('',(-6.025E1,2.975E1,4.9125E0));
#5641=VERTEX_POINT('',#5640);
#5642=CARTESIAN_POINT('',(-6.314283348439E1,2.975E1,0.E0));
#5643=DIRECTION('',(-1.E0,0.E0,0.E0));
#5644=DIRECTION('',(0.E0,0.E0,1.E0));
#5645=AXIS2_PLACEMENT_3D('',#5642,#5643,#5644);
#5646=CONICAL_SURFACE('',#5645,3.414382150094E0,6.E1);
#5648=ORIENTED_EDGE('',*,*,#5647,.T.);
#5650=ORIENTED_EDGE('',*,*,#5649,.F.);
#5652=ORIENTED_EDGE('',*,*,#5651,.T.);
#5654=ORIENTED_EDGE('',*,*,#5653,.T.);
#5655=EDGE_LOOP('',(#5648,#5650,#5652,#5654));
#5656=FACE_OUTER_BOUND('',#5655,.F.);
#5657=ADVANCED_FACE('',(#5656),#5646,.F.);
#5658=CARTESIAN_POINT('',(-6.277585934765E1,2.975E1,0.E0));
#5659=DIRECTION('',(-1.E0,0.E0,0.E0));
#5660=DIRECTION('',(0.E0,0.E0,1.E0));
#5661=AXIS2_PLACEMENT_3D('',#5658,#5659,#5660);
#5662=TOROIDAL_SURFACE('',#5661,3.378764300189E0,3.E-1);
#5664=ORIENTED_EDGE('',*,*,#5663,.F.);
#5666=ORIENTED_EDGE('',*,*,#5665,.F.);
#5668=ORIENTED_EDGE('',*,*,#5667,.T.);
#5669=ORIENTED_EDGE('',*,*,#5647,.F.);
#5670=EDGE_LOOP('',(#5664,#5666,#5668,#5669));
#5671=FACE_OUTER_BOUND('',#5670,.F.);
#5672=ADVANCED_FACE('',(#5671),#5662,.T.);
#5673=CARTESIAN_POINT('',(-6.277585934765E1,2.975E1,0.E0));
#5674=DIRECTION('',(-1.E0,0.E0,0.E0));
#5675=DIRECTION('',(0.E0,0.E0,1.E0));
#5676=AXIS2_PLACEMENT_3D('',#5673,#5674,#5675);
#5677=TOROIDAL_SURFACE('',#5676,3.378764300189E0,3.E-1);
#5679=ORIENTED_EDGE('',*,*,#5678,.F.);
#5680=ORIENTED_EDGE('',*,*,#5667,.F.);
#5682=ORIENTED_EDGE('',*,*,#5681,.F.);
#5683=ORIENTED_EDGE('',*,*,#5663,.T.);
#5684=EDGE_LOOP('',(#5679,#5680,#5682,#5683));
#5685=FACE_OUTER_BOUND('',#5684,.F.);
#5686=ADVANCED_FACE('',(#5685),#5677,.T.);
#5687=CARTESIAN_POINT('',(-6.314283348439E1,2.975E1,0.E0));
#5688=DIRECTION('',(-1.E0,0.E0,0.E0));
#5689=DIRECTION('',(0.E0,0.E0,1.E0));
#5690=AXIS2_PLACEMENT_3D('',#5687,#5688,#5689);
#5691=CONICAL_SURFACE('',#5690,3.414382150094E0,6.E1);
#5692=ORIENTED_EDGE('',*,*,#5653,.F.);
#5694=ORIENTED_EDGE('',*,*,#5693,.T.);
#5695=ORIENTED_EDGE('',*,*,#5649,.T.);
#5696=ORIENTED_EDGE('',*,*,#5678,.T.);
#5697=EDGE_LOOP('',(#5692,#5694,#5695,#5696));
#5698=FACE_OUTER_BOUND('',#5697,.F.);
#5699=ADVANCED_FACE('',(#5698),#5691,.F.);
#5700=CARTESIAN_POINT('',(-6.325E1,2.975E1,0.E0));
#5701=DIRECTION('',(-1.E0,0.E0,0.E0));
#5702=DIRECTION('',(0.E0,0.E0,1.E0));
#5703=AXIS2_PLACEMENT_3D('',#5700,#5701,#5702);
#5704=PLANE('',#5703);
#5706=ORIENTED_EDGE('',*,*,#5705,.F.);
#5708=ORIENTED_EDGE('',*,*,#5707,.F.);
#5709=EDGE_LOOP('',(#5706,#5708));
#5710=FACE_OUTER_BOUND('',#5709,.F.);
#5711=ORIENTED_EDGE('',*,*,#5693,.F.);
#5712=ORIENTED_EDGE('',*,*,#5651,.F.);
#5713=EDGE_LOOP('',(#5711,#5712));
#5714=FACE_BOUND('',#5713,.F.);
#5715=ADVANCED_FACE('',(#5710,#5714),#5704,.T.);
#5716=CARTESIAN_POINT('',(-6.025E1,2.975E1,0.E0));
#5717=DIRECTION('',(-1.E0,0.E0,0.E0));
#5718=DIRECTION('',(0.E0,0.E0,1.E0));
#5719=AXIS2_PLACEMENT_3D('',#5716,#5717,#5718);
#5720=CYLINDRICAL_SURFACE('',#5719,4.9E0);
#5722=ORIENTED_EDGE('',*,*,#5721,.T.);
#5724=ORIENTED_EDGE('',*,*,#5723,.F.);
#5725=ORIENTED_EDGE('',*,*,#5705,.T.);
#5727=ORIENTED_EDGE('',*,*,#5726,.T.);
#5728=EDGE_LOOP('',(#5722,#5724,#5725,#5727));
#5729=FACE_OUTER_BOUND('',#5728,.F.);
#5730=ADVANCED_FACE('',(#5729),#5720,.T.);
#5731=CARTESIAN_POINT('',(-6.235E1,2.975E1,0.E0));
#5732=DIRECTION('',(-1.E0,0.E0,0.E0));
#5733=DIRECTION('',(0.E0,0.E0,1.E0));
#5734=AXIS2_PLACEMENT_3D('',#5731,#5732,#5733);
#5735=PLANE('',#5734);
#5737=ORIENTED_EDGE('',*,*,#5736,.F.);
#5739=ORIENTED_EDGE('',*,*,#5738,.F.);
#5740=EDGE_LOOP('',(#5737,#5739));
#5741=FACE_OUTER_BOUND('',#5740,.F.);
#5742=ORIENTED_EDGE('',*,*,#5721,.F.);
#5744=ORIENTED_EDGE('',*,*,#5743,.F.);
#5745=EDGE_LOOP('',(#5742,#5744));
#5746=FACE_BOUND('',#5745,.F.);
#5747=ADVANCED_FACE('',(#5741,#5746),#5735,.T.);
#5748=CARTESIAN_POINT('',(-6.025E1,2.975E1,0.E0));
#5749=DIRECTION('',(-1.E0,0.E0,0.E0));
#5750=DIRECTION('',(0.E0,0.E0,1.E0));
#5751=AXIS2_PLACEMENT_3D('',#5748,#5749,#5750);
#5752=CYLINDRICAL_SURFACE('',#5751,5.3E0);
#5754=ORIENTED_EDGE('',*,*,#5753,.T.);
#5756=ORIENTED_EDGE('',*,*,#5755,.F.);
#5757=ORIENTED_EDGE('',*,*,#5736,.T.);
#5759=ORIENTED_EDGE('',*,*,#5758,.T.);
#5760=EDGE_LOOP('',(#5754,#5756,#5757,#5759));
#5761=FACE_OUTER_BOUND('',#5760,.F.);
#5762=ADVANCED_FACE('',(#5761),#5752,.T.);
#5763=CARTESIAN_POINT('',(-6.025E1,2.975E1,0.E0));
#5764=DIRECTION('',(-1.E0,0.E0,0.E0));
#5765=DIRECTION('',(0.E0,0.E0,1.E0));
#5766=AXIS2_PLACEMENT_3D('',#5763,#5764,#5765);
#5767=TOROIDAL_SURFACE('',#5766,6.5725E0,1.66E0);
#5769=ORIENTED_EDGE('',*,*,#5768,.T.);
#5770=ORIENTED_EDGE('',*,*,#5753,.F.);
#5772=ORIENTED_EDGE('',*,*,#5771,.F.);
#5774=ORIENTED_EDGE('',*,*,#5773,.T.);
#5775=EDGE_LOOP('',(#5769,#5770,#5772,#5774));
#5776=FACE_OUTER_BOUND('',#5775,.F.);
#5777=ADVANCED_FACE('',(#5776),#5767,.F.);
#5778=CARTESIAN_POINT('',(-6.025E1,2.975E1,0.E0));
#5779=DIRECTION('',(-1.E0,0.E0,0.E0));
#5780=DIRECTION('',(0.E0,0.E0,1.E0));
#5781=AXIS2_PLACEMENT_3D('',#5778,#5779,#5780);
#5782=TOROIDAL_SURFACE('',#5781,6.5725E0,1.66E0);
#5783=ORIENTED_EDGE('',*,*,#5771,.T.);
#5785=ORIENTED_EDGE('',*,*,#5784,.F.);
#5786=ORIENTED_EDGE('',*,*,#5768,.F.);
#5788=ORIENTED_EDGE('',*,*,#5787,.T.);
#5789=EDGE_LOOP('',(#5783,#5785,#5786,#5788));
#5790=FACE_OUTER_BOUND('',#5789,.F.);
#5791=ADVANCED_FACE('',(#5790),#5782,.F.);
#5792=CARTESIAN_POINT('',(-6.025E1,2.975E1,0.E0));
#5793=DIRECTION('',(-1.E0,0.E0,0.E0));
#5794=DIRECTION('',(0.E0,0.E0,1.E0));
#5795=AXIS2_PLACEMENT_3D('',#5792,#5793,#5794);
#5796=CYLINDRICAL_SURFACE('',#5795,5.3E0);
#5797=ORIENTED_EDGE('',*,*,#5758,.F.);
#5798=ORIENTED_EDGE('',*,*,#5738,.T.);
#5799=ORIENTED_EDGE('',*,*,#5755,.T.);
#5800=ORIENTED_EDGE('',*,*,#5784,.T.);
#5801=EDGE_LOOP('',(#5797,#5798,#5799,#5800));
#5802=FACE_OUTER_BOUND('',#5801,.F.);
#5803=ADVANCED_FACE('',(#5802),#5796,.T.);
#5804=CARTESIAN_POINT('',(-6.025E1,2.975E1,0.E0));
#5805=DIRECTION('',(-1.E0,0.E0,0.E0));
#5806=DIRECTION('',(0.E0,0.E0,1.E0));
#5807=AXIS2_PLACEMENT_3D('',#5804,#5805,#5806);
#5808=TOROIDAL_SURFACE('',#5807,6.5725E0,1.66E0);
#5809=ORIENTED_EDGE('',*,*,#5787,.F.);
#5811=ORIENTED_EDGE('',*,*,#5810,.F.);
#5813=ORIENTED_EDGE('',*,*,#5812,.F.);
#5815=ORIENTED_EDGE('',*,*,#5814,.T.);
#5816=EDGE_LOOP('',(#5809,#5811,#5813,#5815));
#5817=FACE_OUTER_BOUND('',#5816,.F.);
#5818=ADVANCED_FACE('',(#5817),#5808,.F.);
#5819=CARTESIAN_POINT('',(-6.025E1,2.975E1,0.E0));
#5820=DIRECTION('',(-1.E0,0.E0,0.E0));
#5821=DIRECTION('',(0.E0,0.E0,1.E0));
#5822=AXIS2_PLACEMENT_3D('',#5819,#5820,#5821);
#5823=TOROIDAL_SURFACE('',#5822,6.5725E0,1.66E0);
#5824=ORIENTED_EDGE('',*,*,#5773,.F.);
#5825=ORIENTED_EDGE('',*,*,#5814,.F.);
#5827=ORIENTED_EDGE('',*,*,#5826,.F.);
#5828=ORIENTED_EDGE('',*,*,#5810,.T.);
#5829=EDGE_LOOP('',(#5824,#5825,#5827,#5828));
#5830=FACE_OUTER_BOUND('',#5829,.F.);
#5831=ADVANCED_FACE('',(#5830),#5823,.F.);
#5832=CARTESIAN_POINT('',(-6.025E1,2.975E1,0.E0));
#5833=DIRECTION('',(-1.E0,0.E0,0.E0));
#5834=DIRECTION('',(0.E0,0.E0,1.E0));
#5835=AXIS2_PLACEMENT_3D('',#5832,#5833,#5834);
#5836=CYLINDRICAL_SURFACE('',#5835,5.3E0);
#5838=ORIENTED_EDGE('',*,*,#5837,.T.);
#5840=ORIENTED_EDGE('',*,*,#5839,.F.);
#5841=ORIENTED_EDGE('',*,*,#5826,.T.);
#5843=ORIENTED_EDGE('',*,*,#5842,.T.);
#5844=EDGE_LOOP('',(#5838,#5840,#5841,#5843));
#5845=FACE_OUTER_BOUND('',#5844,.F.);
#5846=ADVANCED_FACE('',(#5845),#5836,.T.);
#5847=CARTESIAN_POINT('',(-5.815E1,2.975E1,0.E0));
#5848=DIRECTION('',(-1.E0,0.E0,0.E0));
#5849=DIRECTION('',(0.E0,0.E0,1.E0));
#5850=AXIS2_PLACEMENT_3D('',#5847,#5848,#5849);
#5851=PLANE('',#5850);
#5852=ORIENTED_EDGE('',*,*,#5837,.F.);
#5854=ORIENTED_EDGE('',*,*,#5853,.F.);
#5855=EDGE_LOOP('',(#5852,#5854));
#5856=FACE_OUTER_BOUND('',#5855,.F.);
#5858=ORIENTED_EDGE('',*,*,#5857,.F.);
#5860=ORIENTED_EDGE('',*,*,#5859,.F.);
#5861=EDGE_LOOP('',(#5858,#5860));
#5862=FACE_BOUND('',#5861,.F.);
#5863=ADVANCED_FACE('',(#5856,#5862),#5851,.F.);
#5864=CARTESIAN_POINT('',(-6.025E1,2.975E1,0.E0));
#5865=DIRECTION('',(-1.E0,0.E0,0.E0));
#5866=DIRECTION('',(0.E0,0.E0,1.E0));
#5867=AXIS2_PLACEMENT_3D('',#5864,#5865,#5866);
#5868=CYLINDRICAL_SURFACE('',#5867,5.3E0);
#5869=ORIENTED_EDGE('',*,*,#5842,.F.);
#5870=ORIENTED_EDGE('',*,*,#5812,.T.);
#5871=ORIENTED_EDGE('',*,*,#5839,.T.);
#5872=ORIENTED_EDGE('',*,*,#5853,.T.);
#5873=EDGE_LOOP('',(#5869,#5870,#5871,#5872));
#5874=FACE_OUTER_BOUND('',#5873,.F.);
#5875=ADVANCED_FACE('',(#5874),#5868,.T.);
#5876=CARTESIAN_POINT('',(-6.025E1,2.975E1,0.E0));
#5877=DIRECTION('',(-1.E0,0.E0,0.E0));
#5878=DIRECTION('',(0.E0,0.E0,1.E0));
#5879=AXIS2_PLACEMENT_3D('',#5876,#5877,#5878);
#5880=CYLINDRICAL_SURFACE('',#5879,4.9E0);
#5882=ORIENTED_EDGE('',*,*,#5881,.T.);
#5884=ORIENTED_EDGE('',*,*,#5883,.F.);
#5885=ORIENTED_EDGE('',*,*,#5857,.T.);
#5887=ORIENTED_EDGE('',*,*,#5886,.T.);
#5888=EDGE_LOOP('',(#5882,#5884,#5885,#5887));
#5889=FACE_OUTER_BOUND('',#5888,.F.);
#5890=ADVANCED_FACE('',(#5889),#5880,.T.);
#5891=CARTESIAN_POINT('',(-5.725E1,2.975E1,0.E0));
#5892=DIRECTION('',(-1.E0,0.E0,0.E0));
#5893=DIRECTION('',(0.E0,0.E0,1.E0));
#5894=AXIS2_PLACEMENT_3D('',#5891,#5892,#5893);
#5895=PLANE('',#5894);
#5896=ORIENTED_EDGE('',*,*,#5881,.F.);
#5898=ORIENTED_EDGE('',*,*,#5897,.F.);
#5899=EDGE_LOOP('',(#5896,#5898));
#5900=FACE_OUTER_BOUND('',#5899,.F.);
#5902=ORIENTED_EDGE('',*,*,#5901,.F.);
#5904=ORIENTED_EDGE('',*,*,#5903,.F.);
#5905=EDGE_LOOP('',(#5902,#5904));
#5906=FACE_BOUND('',#5905,.F.);
#5907=ADVANCED_FACE('',(#5900,#5906),#5895,.F.);
#5908=CARTESIAN_POINT('',(-6.025E1,2.975E1,0.E0));
#5909=DIRECTION('',(-1.E0,0.E0,0.E0));
#5910=DIRECTION('',(0.E0,0.E0,1.E0));
#5911=AXIS2_PLACEMENT_3D('',#5908,#5909,#5910);
#5912=CYLINDRICAL_SURFACE('',#5911,4.9E0);
#5913=ORIENTED_EDGE('',*,*,#5886,.F.);
#5914=ORIENTED_EDGE('',*,*,#5859,.T.);
#5915=ORIENTED_EDGE('',*,*,#5883,.T.);
#5916=ORIENTED_EDGE('',*,*,#5897,.T.);
#5917=EDGE_LOOP('',(#5913,#5914,#5915,#5916));
#5918=FACE_OUTER_BOUND('',#5917,.F.);
#5919=ADVANCED_FACE('',(#5918),#5912,.T.);
#5920=CARTESIAN_POINT('',(-5.735716651561E1,2.975E1,0.E0));
#5921=DIRECTION('',(1.E0,0.E0,0.E0));
#5922=DIRECTION('',(0.E0,0.E0,-1.E0));
#5923=AXIS2_PLACEMENT_3D('',#5920,#5921,#5922);
#5924=CONICAL_SURFACE('',#5923,3.414382150094E0,6.E1);
#5926=ORIENTED_EDGE('',*,*,#5925,.T.);
#5928=ORIENTED_EDGE('',*,*,#5927,.F.);
#5929=ORIENTED_EDGE('',*,*,#5901,.T.);
#5931=ORIENTED_EDGE('',*,*,#5930,.T.);
#5932=EDGE_LOOP('',(#5926,#5928,#5929,#5931));
#5933=FACE_OUTER_BOUND('',#5932,.F.);
#5934=ADVANCED_FACE('',(#5933),#5924,.F.);
#5935=CARTESIAN_POINT('',(-5.772414065235E1,2.975E1,0.E0));
#5936=DIRECTION('',(-1.E0,0.E0,0.E0));
#5937=DIRECTION('',(0.E0,0.E0,1.E0));
#5938=AXIS2_PLACEMENT_3D('',#5935,#5936,#5937);
#5939=TOROIDAL_SURFACE('',#5938,3.378764300189E0,3.E-1);
#5941=ORIENTED_EDGE('',*,*,#5940,.F.);
#5942=ORIENTED_EDGE('',*,*,#5925,.F.);
#5944=ORIENTED_EDGE('',*,*,#5943,.T.);
#5946=ORIENTED_EDGE('',*,*,#5945,.F.);
#5947=EDGE_LOOP('',(#5941,#5942,#5944,#5946));
#5948=FACE_OUTER_BOUND('',#5947,.F.);
#5949=ADVANCED_FACE('',(#5948),#5939,.T.);
#5950=CARTESIAN_POINT('',(-5.772414065235E1,2.975E1,0.E0));
#5951=DIRECTION('',(-1.E0,0.E0,0.E0));
#5952=DIRECTION('',(0.E0,0.E0,1.E0));
#5953=AXIS2_PLACEMENT_3D('',#5950,#5951,#5952);
#5954=TOROIDAL_SURFACE('',#5953,3.378764300189E0,3.E-1);
#5956=ORIENTED_EDGE('',*,*,#5955,.F.);
#5957=ORIENTED_EDGE('',*,*,#5943,.F.);
#5959=ORIENTED_EDGE('',*,*,#5958,.F.);
#5960=ORIENTED_EDGE('',*,*,#5940,.T.);
#5961=EDGE_LOOP('',(#5956,#5957,#5959,#5960));
#5962=FACE_OUTER_BOUND('',#5961,.F.);
#5963=ADVANCED_FACE('',(#5962),#5954,.T.);
#5964=CARTESIAN_POINT('',(-5.781254610601E1,2.975E1,0.E0));
#5965=DIRECTION('',(1.E0,0.E0,0.E0));
#5966=DIRECTION('',(0.E0,0.E0,-1.E0));
#5967=AXIS2_PLACEMENT_3D('',#5964,#5965,#5966);
#5968=CONICAL_SURFACE('',#5967,3.044493276151E0,1.5E1);
#5970=ORIENTED_EDGE('',*,*,#5969,.F.);
#5971=ORIENTED_EDGE('',*,*,#5955,.T.);
#5973=ORIENTED_EDGE('',*,*,#5972,.T.);
#5975=ORIENTED_EDGE('',*,*,#5974,.F.);
#5976=EDGE_LOOP('',(#5970,#5971,#5973,#5975));
#5977=FACE_OUTER_BOUND('',#5976,.F.);
#5978=ADVANCED_FACE('',(#5977),#5968,.F.);
#5979=CARTESIAN_POINT('',(-5.781254610601E1,2.975E1,0.E0));
#5980=DIRECTION('',(1.E0,0.E0,0.E0));
#5981=DIRECTION('',(0.E0,0.E0,-1.E0));
#5982=AXIS2_PLACEMENT_3D('',#5979,#5980,#5981);
#5983=CONICAL_SURFACE('',#5982,3.044493276151E0,1.5E1);
#5985=ORIENTED_EDGE('',*,*,#5984,.F.);
#5986=ORIENTED_EDGE('',*,*,#5972,.F.);
#5987=ORIENTED_EDGE('',*,*,#5945,.T.);
#5988=ORIENTED_EDGE('',*,*,#5969,.T.);
#5989=EDGE_LOOP('',(#5985,#5986,#5987,#5988));
#5990=FACE_OUTER_BOUND('',#5989,.F.);
#5991=ADVANCED_FACE('',(#5990),#5983,.F.);
#5992=CARTESIAN_POINT('',(-6.025E1,2.975E1,0.E0));
#5993=DIRECTION('',(-1.E0,0.E0,0.E0));
#5994=DIRECTION('',(0.E0,0.E0,1.E0));
#5995=AXIS2_PLACEMENT_3D('',#5992,#5993,#5994);
#5996=CYLINDRICAL_SURFACE('',#5995,3.E0);
#5997=ORIENTED_EDGE('',*,*,#5984,.T.);
#5999=ORIENTED_EDGE('',*,*,#5998,.F.);
#6001=ORIENTED_EDGE('',*,*,#6000,.T.);
#6003=ORIENTED_EDGE('',*,*,#6002,.T.);
#6004=EDGE_LOOP('',(#5997,#5999,#6001,#6003));
#6005=FACE_OUTER_BOUND('',#6004,.F.);
#6006=ADVANCED_FACE('',(#6005),#5996,.F.);
#6007=CARTESIAN_POINT('',(-6.025E1,2.975E1,0.E0));
#6008=DIRECTION('',(-1.E0,0.E0,0.E0));
#6009=DIRECTION('',(0.E0,0.E0,1.E0));
#6010=AXIS2_PLACEMENT_3D('',#6007,#6008,#6009);
#6011=CYLINDRICAL_SURFACE('',#6010,3.E0);
#6012=ORIENTED_EDGE('',*,*,#6002,.F.);
#6014=ORIENTED_EDGE('',*,*,#6013,.T.);
#6015=ORIENTED_EDGE('',*,*,#5998,.T.);
#6016=ORIENTED_EDGE('',*,*,#5974,.T.);
#6017=EDGE_LOOP('',(#6012,#6014,#6015,#6016));
#6018=FACE_OUTER_BOUND('',#6017,.F.);
#6019=ADVANCED_FACE('',(#6018),#6011,.F.);
#6020=CARTESIAN_POINT('',(-6.268745389399E1,2.975E1,0.E0));
#6021=DIRECTION('',(-1.E0,0.E0,0.E0));
#6022=DIRECTION('',(0.E0,0.E0,1.E0));
#6023=AXIS2_PLACEMENT_3D('',#6020,#6021,#6022);
#6024=CONICAL_SURFACE('',#6023,3.044493276151E0,1.5E1);
#6026=ORIENTED_EDGE('',*,*,#6025,.F.);
#6027=ORIENTED_EDGE('',*,*,#5681,.T.);
#6029=ORIENTED_EDGE('',*,*,#6028,.T.);
#6030=ORIENTED_EDGE('',*,*,#6013,.F.);
#6031=EDGE_LOOP('',(#6026,#6027,#6029,#6030));
#6032=FACE_OUTER_BOUND('',#6031,.F.);
#6033=ADVANCED_FACE('',(#6032),#6024,.F.);
#6034=CARTESIAN_POINT('',(-6.268745389399E1,2.975E1,0.E0));
#6035=DIRECTION('',(-1.E0,0.E0,0.E0));
#6036=DIRECTION('',(0.E0,0.E0,1.E0));
#6037=AXIS2_PLACEMENT_3D('',#6034,#6035,#6036);
#6038=CONICAL_SURFACE('',#6037,3.044493276151E0,1.5E1);
#6039=ORIENTED_EDGE('',*,*,#6000,.F.);
#6040=ORIENTED_EDGE('',*,*,#6028,.F.);
#6041=ORIENTED_EDGE('',*,*,#5665,.T.);
#6042=ORIENTED_EDGE('',*,*,#6025,.T.);
#6043=EDGE_LOOP('',(#6039,#6040,#6041,#6042));
#6044=FACE_OUTER_BOUND('',#6043,.F.);
#6045=ADVANCED_FACE('',(#6044),#6038,.F.);
#6046=CARTESIAN_POINT('',(-5.735716651561E1,2.975E1,0.E0));
#6047=DIRECTION('',(1.E0,0.E0,0.E0));
#6048=DIRECTION('',(0.E0,0.E0,-1.E0));
#6049=AXIS2_PLACEMENT_3D('',#6046,#6047,#6048);
#6050=CONICAL_SURFACE('',#6049,3.414382150094E0,6.E1);
#6051=ORIENTED_EDGE('',*,*,#5930,.F.);
#6052=ORIENTED_EDGE('',*,*,#5903,.T.);
#6053=ORIENTED_EDGE('',*,*,#5927,.T.);
#6054=ORIENTED_EDGE('',*,*,#5958,.T.);
#6055=EDGE_LOOP('',(#6051,#6052,#6053,#6054));
#6056=FACE_OUTER_BOUND('',#6055,.F.);
#6057=ADVANCED_FACE('',(#6056),#6050,.F.);
#6058=CARTESIAN_POINT('',(-6.025E1,2.975E1,0.E0));
#6059=DIRECTION('',(-1.E0,0.E0,0.E0));
#6060=DIRECTION('',(0.E0,0.E0,1.E0));
#6061=AXIS2_PLACEMENT_3D('',#6058,#6059,#6060);
#6062=CYLINDRICAL_SURFACE('',#6061,4.9E0);
#6063=ORIENTED_EDGE('',*,*,#5726,.F.);
#6064=ORIENTED_EDGE('',*,*,#5707,.T.);
#6065=ORIENTED_EDGE('',*,*,#5723,.T.);
#6066=ORIENTED_EDGE('',*,*,#5743,.T.);
#6067=EDGE_LOOP('',(#6063,#6064,#6065,#6066));
#6068=FACE_OUTER_BOUND('',#6067,.F.);
#6069=ADVANCED_FACE('',(#6068),#6062,.T.);
#6070=CLOSED_SHELL('',(#5657,#5672,#5686,#5699,#5715,#5730,#5747,#5762,#5777,
#5791,#5803,#5818,#5831,#5846,#5863,#5875,#5890,#5907,#5919,#5934,#5949,#5963,
#5978,#5991,#6006,#6019,#6033,#6045,#6057,#6069));
#6071=MANIFOLD_SOLID_BREP('',#6070);
#6073=DIMENSIONAL_EXPONENTS(0.E0,0.E0,0.E0,0.E0,0.E0,0.E0,0.E0);
#6075=PLANE_ANGLE_MEASURE_WITH_UNIT(PLANE_ANGLE_MEASURE(1.745329251994E-2),
#6074);
#6076=(CONVERSION_BASED_UNIT('DEGREE',#6075)NAMED_UNIT(*)PLANE_ANGLE_UNIT());
#6078=UNCERTAINTY_MEASURE_WITH_UNIT(LENGTH_MEASURE(5.E-3),#6072,'closure',
'Maximum model space distance between geometric entities at asserted connectivities');
#6079=(GEOMETRIC_REPRESENTATION_CONTEXT(3)GLOBAL_UNCERTAINTY_ASSIGNED_CONTEXT((
#6078))GLOBAL_UNIT_ASSIGNED_CONTEXT((#6072,#6076,#6077))REPRESENTATION_CONTEXT(
'ID1','3'));
#6081=APPLICATION_CONTEXT(
'CONFIGURATION CONTROLLED 3D DESIGNS OF MECHANICAL PARTS AND ASSEMBLIES');
#6082=APPLICATION_PROTOCOL_DEFINITION('international standard',
'config_control_design',1994,#6081);
#6083=DESIGN_CONTEXT('',#6081,'design');
#6084=MECHANICAL_CONTEXT('',#6081,'mechanical');
#6085=PRODUCT('626ZZ-EA020','626ZZ-EA020','NOT SPECIFIED',(#6084));
#6086=PRODUCT_DEFINITION_FORMATION_WITH_SPECIFIED_SOURCE('1','LAST_VERSION',
#6085,.MADE.);
#6090=PRODUCT_CATEGORY('part','');
#6091=PRODUCT_RELATED_PRODUCT_CATEGORY('detail','',(#6085));
#6092=PRODUCT_CATEGORY_RELATIONSHIP('','',#6090,#6091);
#6093=SECURITY_CLASSIFICATION_LEVEL('unclassified');
#6094=SECURITY_CLASSIFICATION('','',#6093);
#6095=CC_DESIGN_SECURITY_CLASSIFICATION(#6094,(#6086));
#6096=APPROVAL_STATUS('approved');
#6097=APPROVAL(#6096,'');
#6098=CC_DESIGN_APPROVAL(#6097,(#6094,#6086,#6087));
#6099=CALENDAR_DATE(125,19,12);
#6100=COORDINATED_UNIVERSAL_TIME_OFFSET(8,0,.AHEAD.);
#6101=LOCAL_TIME(16,34,2.9E1,#6100);
#6102=DATE_AND_TIME(#6099,#6101);
#6103=APPROVAL_DATE_TIME(#6102,#6097);
#6104=DATE_TIME_ROLE('creation_date');
#6105=CC_DESIGN_DATE_AND_TIME_ASSIGNMENT(#6102,#6104,(#6087));
#6106=DATE_TIME_ROLE('classification_date');
#6107=CC_DESIGN_DATE_AND_TIME_ASSIGNMENT(#6102,#6106,(#6094));
#6108=PERSON('UNSPECIFIED','UNSPECIFIED',$,$,$,$);
#6109=ORGANIZATION('UNSPECIFIED','UNSPECIFIED','UNSPECIFIED');
#6110=PERSON_AND_ORGANIZATION(#6108,#6109);
#6111=APPROVAL_ROLE('approver');
#6112=APPROVAL_PERSON_ORGANIZATION(#6110,#6097,#6111);
#6113=PERSON_AND_ORGANIZATION_ROLE('creator');
#6114=CC_DESIGN_PERSON_AND_ORGANIZATION_ASSIGNMENT(#6110,#6113,(#6086,#6087));
#6115=PERSON_AND_ORGANIZATION_ROLE('design_supplier');
#6116=CC_DESIGN_PERSON_AND_ORGANIZATION_ASSIGNMENT(#6110,#6115,(#6086));
#6117=PERSON_AND_ORGANIZATION_ROLE('classification_officer');
#6118=CC_DESIGN_PERSON_AND_ORGANIZATION_ASSIGNMENT(#6110,#6117,(#6094));
#6119=PERSON_AND_ORGANIZATION_ROLE('design_owner');
#6120=CC_DESIGN_PERSON_AND_ORGANIZATION_ASSIGNMENT(#6110,#6119,(#6085));
#1=DRAUGHTING_PRE_DEFINED_COLOUR('black');
#2=COLOUR_RGB('',0.E0,0.E0,4.7E-1);
#3=COLOUR_RGB('',0.E0,0.E0,6.E-1);
#4=COLOUR_RGB('',0.E0,0.E0,8.E-1);
#5=COLOUR_RGB('',0.E0,2.745098039216E-2,7.019607843137E-1);
#6=COLOUR_RGB('',0.E0,3.137254901961E-2,3.411764705882E-1);
#7=COLOUR_RGB('',0.E0,2.E-1,1.E0);
#8=COLOUR_RGB('',0.E0,3.3E-1,0.E0);
#9=COLOUR_RGB('',0.E0,3.3E-1,3.3E-1);
#10=COLOUR_RGB('',0.E0,4.E-1,0.E0);
#11=COLOUR_RGB('',0.E0,4.E-1,4.E-1);
#12=COLOUR_RGB('',0.E0,4.E-1,1.E0);
#13=COLOUR_RGB('',0.E0,5.019607843137E-1,5.019607843137E-1);
#14=COLOUR_RGB('',0.E0,6.E-1,0.E0);
#15=COLOUR_RGB('',0.E0,6.E-1,6.E-1);
#16=COLOUR_RGB('',0.E0,6.E-1,1.E0);
#17=COLOUR_RGB('',0.E0,8.E-1,0.E0);
#18=COLOUR_RGB('',0.E0,8.E-1,8.E-1);
#19=COLOUR_RGB('',0.E0,8.E-1,1.E0);
#20=COLOUR_RGB('',0.E0,9.3E-1,0.E0);
#21=COLOUR_RGB('',0.E0,9.3E-1,9.3E-1);
#22=DRAUGHTING_PRE_DEFINED_COLOUR('green');
#23=COLOUR_RGB('',0.E0,1.E0,2.E-1);
#24=COLOUR_RGB('',0.E0,1.E0,4.E-1);
#25=COLOUR_RGB('',0.E0,1.E0,6.E-1);
#26=COLOUR_RGB('',0.E0,1.E0,8.E-1);
#27=DRAUGHTING_PRE_DEFINED_COLOUR('cyan');
#28=COLOUR_RGB('',3.1E-2,2.E-1,6.27E-1);
#29=COLOUR_RGB('',3.529411764706E-2,5.137254901961E-1,1.725490196078E-1);
#30=COLOUR_RGB('',6.6667E-2,5.17647E-1,6.39216E-1);
#31=COLOUR_RGB('',7.E-2,7.E-2,1.E0);
#32=COLOUR_RGB('',7.E-2,6.E-1,3.E-1);
#33=COLOUR_RGB('',8.E-2,1.E-1,1.1E-1);
#34=COLOUR_RGB('',9.803921568627E-2,9.803921568627E-2,4.392156862745E-1);
#35=COLOUR_RGB('',1.019607843137E-1,6.313725490196E-1,5.019607843137E-1);
#36=COLOUR_RGB('',1.176470588235E-1,5.647058823529E-1,1.E0);
#37=COLOUR_RGB('',1.254901960784E-1,6.980392156863E-1,6.666666666667E-1);
#38=COLOUR_RGB('',1.333333333333E-1,5.450980392157E-1,1.333333333333E-1);
#39=COLOUR_RGB('',1.450980392157E-1,3.529411764706E-2,0.E0);
#40=COLOUR_RGB('',1.686274509804E-1,1.686274509804E-1,1.803921568627E-1);
#41=COLOUR_RGB('',1.803921568627E-1,5.450980392157E-1,3.411764705882E-1);
#42=COLOUR_RGB('',1.9E-1,2.3E-1,3.1E-1);
#43=COLOUR_RGB('',1.960784313725E-1,8.039215686275E-1,1.960784313725E-1);
#44=COLOUR_RGB('',2.E-1,1.E0,0.E0);
#45=COLOUR_RGB('',2.E-1,1.E0,2.E-1);
#46=COLOUR_RGB('',2.E-1,1.E0,1.E0);
#47=COLOUR_RGB('',2.313725490196E-1,3.803921568627E-1,5.607843137255E-1);
#48=COLOUR_RGB('',2.352941176471E-1,7.019607843137E-1,4.431372549020E-1);
#49=COLOUR_RGB('',2.431372549020E-1,8.784313725490E-1,8.156862745098E-1);
#50=COLOUR_RGB('',2.470588235294E-1,5.921568627451E-1,6.313725490196E-1);
#51=COLOUR_RGB('',2.5098E-1,2.35294E-1,8.62745E-1);
#52=COLOUR_RGB('',2.549019607843E-1,4.117647058824E-1,1.E0);
#53=COLOUR_RGB('',2.58824E-1,7.80392E-1,8.86275E-1);
#54=COLOUR_RGB('',2.7E-1,0.E0,4.E-1);
#55=COLOUR_RGB('',2.7E-1,2.7E-1,0.E0);
#56=COLOUR_RGB('',2.7E-1,2.7E-1,1.E0);
#57=COLOUR_RGB('',2.745098039216E-1,5.098039215686E-1,7.058823529412E-1);
#58=COLOUR_RGB('',2.784313725490E-1,2.784313725490E-1,2.784313725490E-1);
#59=COLOUR_RGB('',2.823529411765E-1,2.392156862745E-1,5.450980392157E-1);
#60=COLOUR_RGB('',3.13725E-1,4.70588E-1,1.96078E-1);
#61=COLOUR_RGB('',3.2549E-1,4.98039E-1,9.84314E-1);
#62=COLOUR_RGB('',3.254901960784E-1,5.764705882353E-1,8.117647058824E-1);
#63=COLOUR_RGB('',3.3E-1,0.E0,0.E0);
#64=COLOUR_RGB('',3.3E-1,0.E0,3.3E-1);
#65=COLOUR_RGB('',3.3E-1,0.E0,5.3E-1);
#66=COLOUR_RGB('',3.450980392157E-1,3.647058823529E-1,3.725490196078E-1);
#67=COLOUR_RGB('',3.725490196078E-1,6.196078431373E-1,6.274509803922E-1);
#68=COLOUR_RGB('',3.803921568627E-1,4.392156862745E-1,5.960784313725E-1);
#69=COLOUR_RGB('',3.882352941176E-1,4.392156862745E-1,4.901960784314E-1);
#70=COLOUR_RGB('',3.921568627451E-1,5.843137254902E-1,9.294117647059E-1);
#71=COLOUR_RGB('',3.96078E-1,7.13725E-1,1.E0);
#72=COLOUR_RGB('',4.E-1,0.E0,4.E-1);
#73=COLOUR_RGB('',4.E-1,0.E0,6.7E-1);
#74=COLOUR_RGB('',4.E-1,1.3E-1,0.E0);
#75=COLOUR_RGB('',4.E-1,4.E-1,0.E0);
#76=COLOUR_RGB('',4.E-1,4.E-1,1.E0);
#77=COLOUR_RGB('',4.E-1,8.039215686275E-1,6.666666666667E-1);
#78=COLOUR_RGB('',4.E-1,1.E0,0.E0);
#79=COLOUR_RGB('',4.E-1,1.E0,4.E-1);
#80=COLOUR_RGB('',4.E-1,1.E0,1.E0);
#81=COLOUR_RGB('',4.156862745098E-1,3.529411764706E-1,8.039215686275E-1);
#82=COLOUR_RGB('',4.196078431373E-1,5.568627450980E-1,1.372549019608E-1);
#83=COLOUR_RGB('',4.666666666667E-1,5.333333333333E-1,6.E-1);
#84=COLOUR_RGB('',4.7E-1,0.E0,0.E0);
#85=COLOUR_RGB('',4.7E-1,0.E0,8.E-1);
#86=COLOUR_RGB('',4.7E-1,2.E-1,7.E-2);
#87=COLOUR_RGB('',4.823529411765E-1,4.078431372549E-1,9.333333333333E-1);
#88=COLOUR_RGB('',4.980392156863E-1,1.E0,8.313725490196E-1);
#89=COLOUR_RGB('',5.019607843137E-1,0.E0,5.019607843137E-1);
#90=COLOUR_RGB('',5.019607843137E-1,5.019607843137E-1,0.E0);
#91=COLOUR_RGB('',5.01961E-1,5.01961E-1,5.01961E-1);
#92=COLOUR_RGB('',5.098039215686E-1,3.960784313725E-1,1.058823529412E-1);
#93=COLOUR_RGB('',5.3E-1,0.E0,9.3E-1);
#94=COLOUR_RGB('',5.3E-1,2.7E-1,1.3E-1);
#95=COLOUR_RGB('',5.3E-1,5.3E-1,1.E0);
#96=COLOUR_RGB('',5.294117647059E-1,8.078431372549E-1,9.215686274510E-1);
#97=COLOUR_RGB('',5.411764705882E-1,1.686274509804E-1,8.862745098039E-1);
#98=COLOUR_RGB('',5.5E-1,6.5E-1,7.3E-1);
#99=COLOUR_RGB('',5.607843137255E-1,7.372549019608E-1,5.607843137255E-1);
#100=COLOUR_RGB('',5.68627E-1,9.37255E-1,9.37255E-1);
#101=COLOUR_RGB('',5.725490196078E-1,6.117647058824E-1,6.313725490196E-1);
#102=COLOUR_RGB('',5.764705882353E-1,4.392156862745E-1,8.588235294118E-1);
#103=COLOUR_RGB('',5.803921568627E-1,0.E0,8.274509803922E-1);
#104=COLOUR_RGB('',5.88235E-1,2.35294E-1,1.56863E-1);
#105=COLOUR_RGB('',6.E-1,0.E0,6.E-1);
#106=COLOUR_RGB('',6.E-1,1.960784313725E-1,8.E-1);
#107=COLOUR_RGB('',6.E-1,2.E-1,1.E0);
#108=COLOUR_RGB('',6.E-1,3.3E-1,2.E-1);
#109=COLOUR_RGB('',6.E-1,6.E-1,0.E0);
#110=COLOUR_RGB('',6.E-1,1.E0,6.E-1);
#111=COLOUR_RGB('',6.E-1,1.E0,1.E0);
#112=COLOUR_RGB('',6.27451E-1,4.70588E-1,3.52941E-1);
#113=COLOUR_RGB('',6.627450980392E-1,6.627450980392E-1,6.627450980392E-1);
#114=COLOUR_RGB('',6.66667E-1,8.23529E-1,1.96078E-1);
#115=COLOUR_RGB('',6.66667E-1,8.23529E-1,5.88235E-1);
#116=COLOUR_RGB('',6.7E-1,0.E0,0.E0);
#117=COLOUR_RGB('',6.7E-1,4.E-1,2.7E-1);
#118=COLOUR_RGB('',6.7E-1,4.E-1,1.E0);
#119=COLOUR_RGB('',6.7E-1,6.7E-1,1.E0);
#120=COLOUR_RGB('',6.7E-1,1.E0,0.E0);
#121=COLOUR_RGB('',6.784313725490E-1,8.117647058824E-1,1.E0);
#122=COLOUR_RGB('',6.784313725490E-1,8.470588235294E-1,9.019607843137E-1);
#123=COLOUR_RGB('',6.784313725490E-1,1.E0,1.843137254902E-1);
#124=COLOUR_RGB('',6.862745098039E-1,6.823529411765E-1,7.607843137255E-1);
#125=COLOUR_RGB('',6.980392156863E-1,1.333333333333E-1,1.333333333333E-1);
#126=COLOUR_RGB('',7.17647E-1,1.68627E-1,4.43137E-1);
#127=COLOUR_RGB('',7.215686274510E-1,5.254901960784E-1,4.313725490196E-2);
#128=COLOUR_RGB('',7.294117647059E-1,2.705882352941E-1,1.E0);
#129=COLOUR_RGB('',7.294117647059E-1,3.333333333333E-1,8.274509803922E-1);
#130=COLOUR_RGB('',7.294117647059E-1,4.E-1,0.E0);
#131=COLOUR_RGB('',7.3E-1,4.7E-1,3.3E-1);
#132=COLOUR_RGB('',7.372549019608E-1,5.607843137255E-1,5.607843137255E-1);
#133=COLOUR_RGB('',7.411764705882E-1,7.176470588235E-1,4.196078431373E-1);
#134=COLOUR_RGB('',7.803921568627E-1,8.235294117647E-2,5.215686274510E-1);
#135=COLOUR_RGB('',8.E-1,0.E0,8.E-1);
#136=COLOUR_RGB('',8.E-1,5.3E-1,4.E-1);
#137=COLOUR_RGB('',8.E-1,6.E-1,1.E0);
#138=COLOUR_RGB('',8.E-1,8.E-1,0.E0);
#139=COLOUR_RGB('',8.E-1,8.E-1,1.E0);
#140=COLOUR_RGB('',8.E-1,1.E0,8.E-1);
#141=COLOUR_RGB('',8.E-1,1.E0,1.E0);
#142=COLOUR_RGB('',8.039215686275E-1,3.607843137255E-1,3.607843137255E-1);
#143=COLOUR_RGB('',8.03922E-1,5.88235E-1,1.96078E-1);
#144=COLOUR_RGB('',8.196078431373E-1,7.098039215686E-1,5.490196078431E-2);
#145=COLOUR_RGB('',8.235294117647E-1,4.117647058824E-1,1.176470588235E-1);
#146=COLOUR_RGB('',8.235294117647E-1,7.058823529412E-1,5.490196078431E-1);
#147=COLOUR_RGB('',8.274509803922E-1,8.274509803922E-1,8.274509803922E-1);
#148=COLOUR_RGB('',8.392156862745E-1,8.E-1,7.137254901961E-1);
#149=COLOUR_RGB('',8.431372549020E-1,8.980392156863E-1,9.333333333333E-1);
#150=COLOUR_RGB('',8.549019607843E-1,6.470588235294E-1,1.254901960784E-1);
#151=COLOUR_RGB('',8.588235294118E-1,4.392156862745E-1,5.764705882353E-1);
#152=COLOUR_RGB('',8.627450980392E-1,7.843137254902E-2,2.352941176471E-1);
#153=COLOUR_RGB('',8.666666666667E-1,6.274509803922E-1,8.666666666667E-1);
#154=COLOUR_RGB('',8.7E-1,0.E0,0.E0);
#155=COLOUR_RGB('',8.7E-1,6.E-1,4.7E-1);
#156=COLOUR_RGB('',8.98039E-1,6.07843E-1,1.E0);
#157=COLOUR_RGB('',9.E-1,8.3E-1,1.2E-1);
#158=COLOUR_RGB('',9.09804E-1,3.68627E-1,8.19608E-1);
#159=COLOUR_RGB('',9.3E-1,0.E0,9.3E-1);
#160=COLOUR_RGB('',9.3E-1,6.7E-1,5.3E-1);
#161=COLOUR_RGB('',9.3E-1,8.E-1,1.E0);
#162=COLOUR_RGB('',9.3E-1,9.3E-1,0.E0);
#163=COLOUR_RGB('',9.3E-1,1.E0,9.3E-1);
#164=COLOUR_RGB('',9.3E-1,1.E0,1.E0);
#165=COLOUR_RGB('',9.333333333333E-1,5.098039215686E-1,9.333333333333E-1);
#166=COLOUR_RGB('',9.333333333333E-1,9.098039215686E-1,6.666666666667E-1);
#167=COLOUR_RGB('',9.411764705882E-1,9.019607843137E-1,5.490196078431E-1);
#168=COLOUR_RGB('',9.568627450980E-1,6.431372549020E-1,3.764705882353E-1);
#169=DRAUGHTING_PRE_DEFINED_COLOUR('red');
#170=COLOUR_RGB('',1.E0,0.E0,2.705882352941E-1);
#171=COLOUR_RGB('',1.E0,0.E0,4.705882352941E-1);
#172=COLOUR_RGB('',1.E0,0.E0,7.803921568627E-1);
#173=DRAUGHTING_PRE_DEFINED_COLOUR('magenta');
#174=COLOUR_RGB('',1.E0,3.1E-2,3.1E-2);
#175=COLOUR_RGB('',1.E0,7.E-2,7.E-2);
#176=COLOUR_RGB('',1.E0,7.843137254902E-2,5.764705882353E-1);
#177=COLOUR_RGB('',1.E0,2.E-1,1.E0);
#178=COLOUR_RGB('',1.E0,2.7E-1,0.E0);
#179=COLOUR_RGB('',1.E0,2.7E-1,2.7E-1);
#180=COLOUR_RGB('',1.E0,3.882352941176E-1,2.784313725490E-1);
#181=COLOUR_RGB('',1.E0,4.E-1,1.E0);
#182=COLOUR_RGB('',1.E0,4.117647058824E-1,7.058823529412E-1);
#183=COLOUR_RGB('',1.E0,4.7E-1,0.E0);
#184=COLOUR_RGB('',1.E0,4.7E-1,4.7E-1);
#185=COLOUR_RGB('',1.E0,4.980392156863E-1,3.137254901961E-1);
#186=COLOUR_RGB('',1.E0,6.E-1,1.E0);
#187=COLOUR_RGB('',1.E0,6.7E-1,0.E0);
#188=COLOUR_RGB('',1.E0,6.7E-1,6.7E-1);
#189=COLOUR_RGB('',1.E0,7.3E-1,6.E-1);
#190=COLOUR_RGB('',1.E0,7.686274509804E-1,5.882352941176E-2);
#191=COLOUR_RGB('',1.E0,8.E-1,8.E-1);
#192=COLOUR_RGB('',1.E0,8.E-1,1.E0);
#193=COLOUR_RGB('',1.E0,8.7E-1,0.E0);
#194=COLOUR_RGB('',1.E0,9.215686274510E-1,8.039215686275E-1);
#195=COLOUR_RGB('',1.E0,9.3E-1,9.3E-1);
#196=COLOUR_RGB('',1.E0,9.3E-1,1.E0);
#197=DRAUGHTING_PRE_DEFINED_COLOUR('yellow');
#198=COLOUR_RGB('',1.E0,1.E0,1.3E-1);
#199=COLOUR_RGB('',1.E0,1.E0,3.3E-1);
#200=COLOUR_RGB('',1.E0,1.E0,5.3E-1);
#201=COLOUR_RGB('',1.E0,1.E0,7.3E-1);
#202=COLOUR_RGB('',1.E0,1.E0,9.3E-1);
#203=DRAUGHTING_PRE_DEFINED_COLOUR('white');
#212=CIRCLE('',#211,1.E-1);
#217=CIRCLE('',#216,8.392642356365E0);
#222=CIRCLE('',#221,8.35E0);
#227=CIRCLE('',#226,8.35E0);
#232=CIRCLE('',#231,1.E-1);
#237=CIRCLE('',#236,8.392642356365E0);
#246=CIRCLE('',#245,1.E-1);
#251=CIRCLE('',#250,8.35E0);
#256=CIRCLE('',#255,8.95E0);
#261=CIRCLE('',#260,8.95E0);
#266=CIRCLE('',#265,8.45E0);
#271=CIRCLE('',#270,8.45E0);
#284=CIRCLE('',#283,9.363379690254E0);
#289=CIRCLE('',#288,3.E-1);
#294=CIRCLE('',#293,9.223601942367E0);
#303=CIRCLE('',#302,9.5E0);
#312=CIRCLE('',#311,9.5E0);
#329=CIRCLE('',#328,9.5E0);
#334=CIRCLE('',#333,9.223601942367E0);
#339=CIRCLE('',#338,3.E-1);
#344=CIRCLE('',#343,9.363379690254E0);
#353=CIRCLE('',#352,8.95E0);
#358=CIRCLE('',#357,8.95E0);
#363=CIRCLE('',#362,8.45E0);
#368=CIRCLE('',#367,8.45E0);
#377=CIRCLE('',#376,3.E-1);
#382=CIRCLE('',#381,9.363379690254E0);
#387=CIRCLE('',#386,9.223601942367E0);
#396=CIRCLE('',#395,9.5E0);
#401=CIRCLE('',#400,8.35E0);
#406=CIRCLE('',#405,1.E-1);
#419=CIRCLE('',#418,1.E-1);
#424=CIRCLE('',#423,8.35E0);
#429=CIRCLE('',#428,1.E-1);
#434=CIRCLE('',#433,8.35E0);
#439=CIRCLE('',#438,8.392642356365E0);
#444=CIRCLE('',#443,8.392642356365E0);
#449=CIRCLE('',#448,1.E-1);
#454=CIRCLE('',#453,8.35E0);
#463=CIRCLE('',#462,8.7E0);
#472=CIRCLE('',#471,8.7E0);
#485=CIRCLE('',#484,8.7E0);
#490=CIRCLE('',#489,8.7E0);
#495=CIRCLE('',#494,8.35E0);
#500=CIRCLE('',#499,8.35E0);
#513=CIRCLE('',#512,4.E-1);
#518=CIRCLE('',#517,8.35E0);
#523=CIRCLE('',#522,7.667157287525E0);
#533=B_SPLINE_CURVE_WITH_KNOTS('',3,(#524,#525,#526,#527,#528,#529,#530,#531,
#532),.UNSPECIFIED.,.F.,.F.,(4,1,1,1,1,1,4),(0.E0,1.666666666667E-1,
3.333333333333E-1,5.E-1,6.666666666667E-1,8.333333333333E-1,1.E0),
.UNSPECIFIED.);
#543=B_SPLINE_CURVE_WITH_KNOTS('',3,(#534,#535,#536,#537,#538,#539,#540,#541,
#542),.UNSPECIFIED.,.F.,.F.,(4,1,1,1,1,1,4),(0.E0,1.666666666667E-1,
3.333333333333E-1,5.E-1,6.666666666667E-1,8.333333333333E-1,1.E0),
.UNSPECIFIED.);
#548=CIRCLE('',#547,7.667157287525E0);
#558=B_SPLINE_CURVE_WITH_KNOTS('',3,(#549,#550,#551,#552,#553,#554,#555,#556,
#557),.UNSPECIFIED.,.F.,.F.,(4,1,1,1,1,1,4),(0.E0,1.666666666667E-1,
3.333333333333E-1,5.E-1,6.666666666667E-1,8.333333333333E-1,1.E0),
.UNSPECIFIED.);
#568=B_SPLINE_CURVE_WITH_KNOTS('',3,(#559,#560,#561,#562,#563,#564,#565,#566,
#567),.UNSPECIFIED.,.F.,.F.,(4,1,1,1,1,1,4),(0.E0,1.666666666667E-1,
3.333333333333E-1,5.E-1,6.666666666667E-1,8.333333333333E-1,1.E0),
.UNSPECIFIED.);
#573=CIRCLE('',#572,7.667157287525E0);
#583=B_SPLINE_CURVE_WITH_KNOTS('',3,(#574,#575,#576,#577,#578,#579,#580,#581,
#582),.UNSPECIFIED.,.F.,.F.,(4,1,1,1,1,1,4),(0.E0,1.666666666667E-1,
3.333333333333E-1,5.E-1,6.666666666667E-1,8.333333333333E-1,1.E0),
.UNSPECIFIED.);
#593=B_SPLINE_CURVE_WITH_KNOTS('',3,(#584,#585,#586,#587,#588,#589,#590,#591,
#592),.UNSPECIFIED.,.F.,.F.,(4,1,1,1,1,1,4),(0.E0,1.666666666667E-1,
3.333333333333E-1,5.E-1,6.666666666667E-1,8.333333333333E-1,1.E0),
.UNSPECIFIED.);
#598=CIRCLE('',#597,7.667157287525E0);
#608=B_SPLINE_CURVE_WITH_KNOTS('',3,(#599,#600,#601,#602,#603,#604,#605,#606,
#607),.UNSPECIFIED.,.F.,.F.,(4,1,1,1,1,1,4),(0.E0,1.666666666667E-1,
3.333333333333E-1,5.E-1,6.666666666667E-1,8.333333333333E-1,1.E0),
.UNSPECIFIED.);
#618=B_SPLINE_CURVE_WITH_KNOTS('',3,(#609,#610,#611,#612,#613,#614,#615,#616,
#617),.UNSPECIFIED.,.F.,.F.,(4,1,1,1,1,1,4),(0.E0,1.666666666667E-1,
3.333333333333E-1,5.E-1,6.666666666667E-1,8.333333333333E-1,1.E0),
.UNSPECIFIED.);
#623=CIRCLE('',#622,7.667157287525E0);
#628=CIRCLE('',#627,7.667157287525E0);
#638=B_SPLINE_CURVE_WITH_KNOTS('',3,(#629,#630,#631,#632,#633,#634,#635,#636,
#637),.UNSPECIFIED.,.F.,.F.,(4,1,1,1,1,1,4),(0.E0,1.666666666667E-1,
3.333333333333E-1,5.E-1,6.666666666667E-1,8.333333333333E-1,1.E0),
.UNSPECIFIED.);
#648=B_SPLINE_CURVE_WITH_KNOTS('',3,(#639,#640,#641,#642,#643,#644,#645,#646,
#647),.UNSPECIFIED.,.F.,.F.,(4,1,1,1,1,1,4),(0.E0,1.666666666667E-1,
3.333333333333E-1,5.E-1,6.666666666667E-1,8.333333333333E-1,1.E0),
.UNSPECIFIED.);
#653=CIRCLE('',#652,7.667157287525E0);
#663=B_SPLINE_CURVE_WITH_KNOTS('',3,(#654,#655,#656,#657,#658,#659,#660,#661,
#662),.UNSPECIFIED.,.F.,.F.,(4,1,1,1,1,1,4),(0.E0,1.666666666667E-1,
3.333333333333E-1,5.E-1,6.666666666667E-1,8.333333333333E-1,1.E0),
.UNSPECIFIED.);
#673=B_SPLINE_CURVE_WITH_KNOTS('',3,(#664,#665,#666,#667,#668,#669,#670,#671,
#672),.UNSPECIFIED.,.F.,.F.,(4,1,1,1,1,1,4),(0.E0,1.666666666667E-1,
3.333333333333E-1,5.E-1,6.666666666667E-1,8.333333333333E-1,1.E0),
.UNSPECIFIED.);
#678=CIRCLE('',#677,7.667157287525E0);
#688=B_SPLINE_CURVE_WITH_KNOTS('',3,(#679,#680,#681,#682,#683,#684,#685,#686,
#687),.UNSPECIFIED.,.F.,.F.,(4,1,1,1,1,1,4),(0.E0,1.666666666667E-1,
3.333333333333E-1,5.E-1,6.666666666667E-1,8.333333333333E-1,1.E0),
.UNSPECIFIED.);
#698=B_SPLINE_CURVE_WITH_KNOTS('',3,(#689,#690,#691,#692,#693,#694,#695,#696,
#697),.UNSPECIFIED.,.F.,.F.,(4,1,1,1,1,1,4),(0.E0,1.666666666667E-1,
3.333333333333E-1,5.E-1,6.666666666667E-1,8.333333333333E-1,1.E0),
.UNSPECIFIED.);
#703=CIRCLE('',#702,7.667157287525E0);
#708=CIRCLE('',#707,4.E-1);
#713=CIRCLE('',#712,8.35E0);
#720=B_SPLINE_CURVE_WITH_KNOTS('',3,(#714,#715,#716,#717,#718,#719),
.UNSPECIFIED.,.F.,.F.,(4,1,1,4),(0.E0,3.333333333333E-1,6.666666666667E-1,1.E0),
.UNSPECIFIED.);
#727=B_SPLINE_CURVE_WITH_KNOTS('',3,(#721,#722,#723,#724,#725,#726),
.UNSPECIFIED.,.F.,.F.,(4,1,1,4),(0.E0,3.333333333333E-1,6.666666666667E-1,1.E0),
.UNSPECIFIED.);
#737=B_SPLINE_CURVE_WITH_KNOTS('',3,(#728,#729,#730,#731,#732,#733,#734,#735,
#736),.UNSPECIFIED.,.F.,.F.,(4,1,1,1,1,1,4),(0.E0,1.666666666667E-1,
3.333333333333E-1,5.E-1,6.666666666667E-1,8.333333333333E-1,1.E0),
.UNSPECIFIED.);
#746=CIRCLE('',#745,7.773223304703E0);
#755=B_SPLINE_CURVE_WITH_KNOTS('',3,(#747,#748,#749,#750,#751,#752,#753,#754),
.UNSPECIFIED.,.F.,.F.,(4,1,1,1,1,4),(0.E0,2.E-1,4.E-1,6.E-1,8.E-1,1.E0),
.UNSPECIFIED.);
#765=B_SPLINE_CURVE_WITH_KNOTS('',3,(#756,#757,#758,#759,#760,#761,#762,#763,
#764),.UNSPECIFIED.,.F.,.F.,(4,1,1,1,1,1,4),(0.E0,1.666666666667E-1,
3.333333333333E-1,5.E-1,6.666666666667E-1,8.333333333333E-1,1.E0),
.UNSPECIFIED.);
#770=CIRCLE('',#769,7.773223304703E0);
#779=B_SPLINE_CURVE_WITH_KNOTS('',3,(#771,#772,#773,#774,#775,#776,#777,#778),
.UNSPECIFIED.,.F.,.F.,(4,1,1,1,1,4),(0.E0,2.E-1,4.E-1,6.E-1,8.E-1,1.E0),
.UNSPECIFIED.);
#789=B_SPLINE_CURVE_WITH_KNOTS('',3,(#780,#781,#782,#783,#784,#785,#786,#787,
#788),.UNSPECIFIED.,.F.,.F.,(4,1,1,1,1,1,4),(0.E0,1.666666666667E-1,
3.333333333333E-1,5.E-1,6.666666666667E-1,8.333333333333E-1,1.E0),
.UNSPECIFIED.);
#794=CIRCLE('',#793,7.773223304703E0);
#803=B_SPLINE_CURVE_WITH_KNOTS('',3,(#795,#796,#797,#798,#799,#800,#801,#802),
.UNSPECIFIED.,.F.,.F.,(4,1,1,1,1,4),(0.E0,2.E-1,4.E-1,6.E-1,8.E-1,1.E0),
.UNSPECIFIED.);
#813=B_SPLINE_CURVE_WITH_KNOTS('',3,(#804,#805,#806,#807,#808,#809,#810,#811,
#812),.UNSPECIFIED.,.F.,.F.,(4,1,1,1,1,1,4),(0.E0,1.666666666667E-1,
3.333333333333E-1,5.E-1,6.666666666667E-1,8.333333333333E-1,1.E0),
.UNSPECIFIED.);
#818=CIRCLE('',#817,7.773223304703E0);
#827=B_SPLINE_CURVE_WITH_KNOTS('',3,(#819,#820,#821,#822,#823,#824,#825,#826),
.UNSPECIFIED.,.F.,.F.,(4,1,1,1,1,4),(0.E0,2.E-1,4.E-1,6.E-1,8.E-1,1.E0),
.UNSPECIFIED.);
#837=B_SPLINE_CURVE_WITH_KNOTS('',3,(#828,#829,#830,#831,#832,#833,#834,#835,
#836),.UNSPECIFIED.,.F.,.F.,(4,1,1,1,1,1,4),(0.E0,1.666666666667E-1,
3.333333333333E-1,5.E-1,6.666666666667E-1,8.333333333333E-1,1.E0),
.UNSPECIFIED.);
#842=CIRCLE('',#841,7.773223304703E0);
#847=CIRCLE('',#846,2.5E-1);
#852=CIRCLE('',#851,8.2E0);
#861=B_SPLINE_CURVE_WITH_KNOTS('',3,(#853,#854,#855,#856,#857,#858,#859,#860),
.UNSPECIFIED.,.F.,.F.,(4,1,1,1,1,4),(0.E0,2.E-1,4.E-1,6.E-1,8.E-1,1.E0),
.UNSPECIFIED.);
#872=B_SPLINE_CURVE_WITH_KNOTS('',3,(#866,#867,#868,#869,#870,#871),
.UNSPECIFIED.,.F.,.F.,(4,1,1,4),(0.E0,3.333333333333E-1,6.666666666667E-1,1.E0),
.UNSPECIFIED.);
#879=B_SPLINE_CURVE_WITH_KNOTS('',3,(#873,#874,#875,#876,#877,#878),
.UNSPECIFIED.,.F.,.F.,(4,1,1,4),(0.E0,3.333333333333E-1,6.666666666667E-1,1.E0),
.UNSPECIFIED.);
#889=B_SPLINE_CURVE_WITH_KNOTS('',3,(#880,#881,#882,#883,#884,#885,#886,#887,
#888),.UNSPECIFIED.,.F.,.F.,(4,1,1,1,1,1,4),(0.E0,1.666666666667E-1,
3.333333333333E-1,5.E-1,6.666666666667E-1,8.333333333333E-1,1.E0),
.UNSPECIFIED.);
#906=B_SPLINE_CURVE_WITH_KNOTS('',3,(#898,#899,#900,#901,#902,#903,#904,#905),
.UNSPECIFIED.,.F.,.F.,(4,1,1,1,1,4),(0.E0,2.E-1,4.E-1,6.E-1,8.E-1,1.E0),
.UNSPECIFIED.);
#913=B_SPLINE_CURVE_WITH_KNOTS('',3,(#907,#908,#909,#910,#911,#912),
.UNSPECIFIED.,.F.,.F.,(4,1,1,4),(0.E0,3.333333333333E-1,6.666666666667E-1,1.E0),
.UNSPECIFIED.);
#920=B_SPLINE_CURVE_WITH_KNOTS('',3,(#914,#915,#916,#917,#918,#919),
.UNSPECIFIED.,.F.,.F.,(4,1,1,4),(0.E0,3.333333333333E-1,6.666666666667E-1,1.E0),
.UNSPECIFIED.);
#930=B_SPLINE_CURVE_WITH_KNOTS('',3,(#921,#922,#923,#924,#925,#926,#927,#928,
#929),.UNSPECIFIED.,.F.,.F.,(4,1,1,1,1,1,4),(0.E0,1.666666666667E-1,
3.333333333333E-1,5.E-1,6.666666666667E-1,8.333333333333E-1,1.E0),
.UNSPECIFIED.);
#947=B_SPLINE_CURVE_WITH_KNOTS('',3,(#939,#940,#941,#942,#943,#944,#945,#946),
.UNSPECIFIED.,.F.,.F.,(4,1,1,1,1,4),(0.E0,2.E-1,4.E-1,6.E-1,8.E-1,1.E0),
.UNSPECIFIED.);
#954=B_SPLINE_CURVE_WITH_KNOTS('',3,(#948,#949,#950,#951,#952,#953),
.UNSPECIFIED.,.F.,.F.,(4,1,1,4),(0.E0,3.333333333333E-1,6.666666666667E-1,1.E0),
.UNSPECIFIED.);
#961=B_SPLINE_CURVE_WITH_KNOTS('',3,(#955,#956,#957,#958,#959,#960),
.UNSPECIFIED.,.F.,.F.,(4,1,1,4),(0.E0,3.333333333333E-1,6.666666666667E-1,1.E0),
.UNSPECIFIED.);
#971=B_SPLINE_CURVE_WITH_KNOTS('',3,(#962,#963,#964,#965,#966,#967,#968,#969,
#970),.UNSPECIFIED.,.F.,.F.,(4,1,1,1,1,1,4),(0.E0,1.666666666667E-1,
3.333333333333E-1,5.E-1,6.666666666667E-1,8.333333333333E-1,1.E0),
.UNSPECIFIED.);
#984=B_SPLINE_CURVE_WITH_KNOTS('',3,(#976,#977,#978,#979,#980,#981,#982,#983),
.UNSPECIFIED.,.F.,.F.,(4,1,1,1,1,4),(0.E0,2.E-1,4.E-1,6.E-1,8.E-1,1.E0),
.UNSPECIFIED.);
#995=B_SPLINE_CURVE_WITH_KNOTS('',3,(#989,#990,#991,#992,#993,#994),
.UNSPECIFIED.,.F.,.F.,(4,1,1,4),(0.E0,3.333333333333E-1,6.666666666667E-1,1.E0),
.UNSPECIFIED.);
#1002=B_SPLINE_CURVE_WITH_KNOTS('',3,(#996,#997,#998,#999,#1000,#1001),
.UNSPECIFIED.,.F.,.F.,(4,1,1,4),(0.E0,3.333333333333E-1,6.666666666667E-1,1.E0),
.UNSPECIFIED.);
#1012=B_SPLINE_CURVE_WITH_KNOTS('',3,(#1003,#1004,#1005,#1006,#1007,#1008,#1009,
#1010,#1011),.UNSPECIFIED.,.F.,.F.,(4,1,1,1,1,1,4),(0.E0,1.666666666667E-1,
3.333333333333E-1,5.E-1,6.666666666667E-1,8.333333333333E-1,1.E0),
.UNSPECIFIED.);
#1017=CIRCLE('',#1016,2.5E-1);
#1022=CIRCLE('',#1021,8.2E0);
#1027=CIRCLE('',#1026,7.773223304703E0);
#1036=B_SPLINE_CURVE_WITH_KNOTS('',3,(#1028,#1029,#1030,#1031,#1032,#1033,#1034,
#1035),.UNSPECIFIED.,.F.,.F.,(4,1,1,1,1,4),(0.E0,2.E-1,4.E-1,6.E-1,8.E-1,1.E0),
.UNSPECIFIED.);
#1046=B_SPLINE_CURVE_WITH_KNOTS('',3,(#1037,#1038,#1039,#1040,#1041,#1042,#1043,
#1044,#1045),.UNSPECIFIED.,.F.,.F.,(4,1,1,1,1,1,4),(0.E0,1.666666666667E-1,
3.333333333333E-1,5.E-1,6.666666666667E-1,8.333333333333E-1,1.E0),
.UNSPECIFIED.);
#1051=CIRCLE('',#1050,7.773223304703E0);
#1060=B_SPLINE_CURVE_WITH_KNOTS('',3,(#1052,#1053,#1054,#1055,#1056,#1057,#1058,
#1059),.UNSPECIFIED.,.F.,.F.,(4,1,1,1,1,4),(0.E0,2.E-1,4.E-1,6.E-1,8.E-1,1.E0),
.UNSPECIFIED.);
#1065=CIRCLE('',#1064,7.773223304703E0);
#1074=B_SPLINE_CURVE_WITH_KNOTS('',3,(#1066,#1067,#1068,#1069,#1070,#1071,#1072,
#1073),.UNSPECIFIED.,.F.,.F.,(4,1,1,1,1,4),(0.E0,2.E-1,4.E-1,6.E-1,8.E-1,1.E0),
.UNSPECIFIED.);
#1084=B_SPLINE_CURVE_WITH_KNOTS('',3,(#1075,#1076,#1077,#1078,#1079,#1080,#1081,
#1082,#1083),.UNSPECIFIED.,.F.,.F.,(4,1,1,1,1,1,4),(0.E0,1.666666666667E-1,
3.333333333333E-1,5.E-1,6.666666666667E-1,8.333333333333E-1,1.E0),
.UNSPECIFIED.);
#1089=CIRCLE('',#1088,7.773223304703E0);
#1102=CIRCLE('',#1101,8.2E0);
#1107=CIRCLE('',#1106,8.2E0);
#1112=CIRCLE('',#1111,7.5E0);
#1117=CIRCLE('',#1116,7.5E0);
#1126=CIRCLE('',#1125,3.E-1);
#1131=CIRCLE('',#1130,7.202229299363E0);
#1136=CIRCLE('',#1135,6.95E0);
#1141=CIRCLE('',#1140,6.95E0);
#1146=CIRCLE('',#1145,5.1E0);
#1151=CIRCLE('',#1150,5.1E0);
#1156=CIRCLE('',#1155,3.E-1);
#1161=CIRCLE('',#1160,7.202229299363E0);
#1178=CIRCLE('',#1177,5.25E0);
#1183=CIRCLE('',#1182,5.25E0);
#1188=CIRCLE('',#1187,5.1E0);
#1193=CIRCLE('',#1192,5.1E0);
#1202=CIRCLE('',#1201,6.95E0);
#1207=CIRCLE('',#1206,6.95E0);
#1212=CIRCLE('',#1211,5.25E0);
#1217=CIRCLE('',#1216,5.25E0);
#1222=CIRCLE('',#1221,1.5E-1);
#1227=CIRCLE('',#1226,7.076114649682E0);
#1232=CIRCLE('',#1231,1.5E-1);
#1237=CIRCLE('',#1236,7.076114649682E0);
#1250=CIRCLE('',#1249,1.5E-1);
#1255=CIRCLE('',#1254,7.373885350318E0);
#1260=CIRCLE('',#1259,7.5E0);
#1265=CIRCLE('',#1264,7.5E0);
#1270=CIRCLE('',#1269,7.7E0);
#1279=CIRCLE('',#1278,7.7E0);
#1288=CIRCLE('',#1287,7.7E0);
#1293=CIRCLE('',#1292,7.7E0);
#1298=CIRCLE('',#1297,7.7E0);
#1303=CIRCLE('',#1302,1.79E0);
#1308=CIRCLE('',#1307,7.7E0);
#1313=CIRCLE('',#1312,1.79E0);
#1322=CIRCLE('',#1321,7.7E0);
#1327=CIRCLE('',#1326,7.7E0);
#1332=CIRCLE('',#1331,7.5E0);
#1337=CIRCLE('',#1336,7.5E0);
#1346=CIRCLE('',#1345,1.5E-1);
#1351=CIRCLE('',#1350,7.373885350318E0);
#1356=CIRCLE('',#1355,1.5E-1);
#1361=CIRCLE('',#1360,7.373885350318E0);
#1370=CIRCLE('',#1369,1.5E-1);
#1375=CIRCLE('',#1374,7.076114649682E0);
#1380=CIRCLE('',#1379,6.95E0);
#1385=CIRCLE('',#1384,6.95E0);
#1390=CIRCLE('',#1389,5.25E0);
#1395=CIRCLE('',#1394,5.25E0);
#1400=CIRCLE('',#1399,1.5E-1);
#1405=CIRCLE('',#1404,7.076114649682E0);
#1422=CIRCLE('',#1421,5.25E0);
#1427=CIRCLE('',#1426,5.25E0);
#1432=CIRCLE('',#1431,5.1E0);
#1437=CIRCLE('',#1436,5.1E0);
#1450=CIRCLE('',#1449,6.95E0);
#1455=CIRCLE('',#1454,6.95E0);
#1460=CIRCLE('',#1459,5.1E0);
#1465=CIRCLE('',#1464,5.1E0);
#1470=CIRCLE('',#1469,3.E-1);
#1475=CIRCLE('',#1474,7.202229299363E0);
#1480=CIRCLE('',#1479,3.E-1);
#1485=CIRCLE('',#1484,7.202229299363E0);
#1498=CIRCLE('',#1497,8.2E0);
#1503=CIRCLE('',#1502,8.2E0);
#1508=CIRCLE('',#1507,7.5E0);
#1513=CIRCLE('',#1512,7.5E0);
#1526=CIRCLE('',#1525,7.773223304703E0);
#1535=B_SPLINE_CURVE_WITH_KNOTS('',3,(#1527,#1528,#1529,#1530,#1531,#1532,#1533,
#1534),.UNSPECIFIED.,.F.,.F.,(4,1,1,1,1,4),(0.E0,2.E-1,4.E-1,6.E-1,8.E-1,1.E0),
.UNSPECIFIED.);
#1540=CIRCLE('',#1539,7.773223304703E0);
#1549=B_SPLINE_CURVE_WITH_KNOTS('',3,(#1541,#1542,#1543,#1544,#1545,#1546,#1547,
#1548),.UNSPECIFIED.,.F.,.F.,(4,1,1,1,1,4),(0.E0,2.E-1,4.E-1,6.E-1,8.E-1,1.E0),
.UNSPECIFIED.);
#1554=CIRCLE('',#1553,7.773223304703E0);
#1563=B_SPLINE_CURVE_WITH_KNOTS('',3,(#1555,#1556,#1557,#1558,#1559,#1560,#1561,
#1562),.UNSPECIFIED.,.F.,.F.,(4,1,1,1,1,4),(0.E0,2.E-1,4.E-1,6.E-1,8.E-1,1.E0),
.UNSPECIFIED.);
#1568=CIRCLE('',#1567,7.773223304703E0);
#1577=B_SPLINE_CURVE_WITH_KNOTS('',3,(#1569,#1570,#1571,#1572,#1573,#1574,#1575,
#1576),.UNSPECIFIED.,.F.,.F.,(4,1,1,1,1,4),(0.E0,2.E-1,4.E-1,6.E-1,8.E-1,1.E0),
.UNSPECIFIED.);
#1582=CIRCLE('',#1581,7.773223304703E0);
#1587=CIRCLE('',#1586,2.5E-1);
#1592=CIRCLE('',#1591,8.2E0);
#1599=B_SPLINE_CURVE_WITH_KNOTS('',3,(#1593,#1594,#1595,#1596,#1597,#1598),
.UNSPECIFIED.,.F.,.F.,(4,1,1,4),(0.E0,3.333333333333E-1,6.666666666667E-1,1.E0),
.UNSPECIFIED.);
#1606=B_SPLINE_CURVE_WITH_KNOTS('',3,(#1600,#1601,#1602,#1603,#1604,#1605),
.UNSPECIFIED.,.F.,.F.,(4,1,1,4),(0.E0,3.333333333333E-1,6.666666666667E-1,1.E0),
.UNSPECIFIED.);
#1616=B_SPLINE_CURVE_WITH_KNOTS('',3,(#1607,#1608,#1609,#1610,#1611,#1612,#1613,
#1614,#1615),.UNSPECIFIED.,.F.,.F.,(4,1,1,1,1,1,4),(0.E0,1.666666666667E-1,
3.333333333333E-1,5.E-1,6.666666666667E-1,8.333333333333E-1,1.E0),
.UNSPECIFIED.);
#1625=CIRCLE('',#1624,4.E-1);
#1630=CIRCLE('',#1629,8.35E0);
#1635=CIRCLE('',#1634,7.667157287525E0);
#1645=B_SPLINE_CURVE_WITH_KNOTS('',3,(#1636,#1637,#1638,#1639,#1640,#1641,#1642,
#1643,#1644),.UNSPECIFIED.,.F.,.F.,(4,1,1,1,1,1,4),(0.E0,1.666666666667E-1,
3.333333333333E-1,5.E-1,6.666666666667E-1,8.333333333333E-1,1.E0),
.UNSPECIFIED.);
#1652=B_SPLINE_CURVE_WITH_KNOTS('',3,(#1646,#1647,#1648,#1649,#1650,#1651),
.UNSPECIFIED.,.F.,.F.,(4,1,1,4),(0.E0,3.333333333333E-1,6.666666666667E-1,1.E0),
.UNSPECIFIED.);
#1659=B_SPLINE_CURVE_WITH_KNOTS('',3,(#1653,#1654,#1655,#1656,#1657,#1658),
.UNSPECIFIED.,.F.,.F.,(4,1,1,4),(0.E0,3.333333333333E-1,6.666666666667E-1,1.E0),
.UNSPECIFIED.);
#1664=CIRCLE('',#1663,7.667157287525E0);
#1674=B_SPLINE_CURVE_WITH_KNOTS('',3,(#1665,#1666,#1667,#1668,#1669,#1670,#1671,
#1672,#1673),.UNSPECIFIED.,.F.,.F.,(4,1,1,1,1,1,4),(0.E0,1.666666666667E-1,
3.333333333333E-1,5.E-1,6.666666666667E-1,8.333333333333E-1,1.E0),
.UNSPECIFIED.);
#1681=B_SPLINE_CURVE_WITH_KNOTS('',3,(#1675,#1676,#1677,#1678,#1679,#1680),
.UNSPECIFIED.,.F.,.F.,(4,1,1,4),(0.E0,3.333333333333E-1,6.666666666667E-1,1.E0),
.UNSPECIFIED.);
#1688=B_SPLINE_CURVE_WITH_KNOTS('',3,(#1682,#1683,#1684,#1685,#1686,#1687),
.UNSPECIFIED.,.F.,.F.,(4,1,1,4),(0.E0,3.333333333333E-1,6.666666666667E-1,1.E0),
.UNSPECIFIED.);
#1693=CIRCLE('',#1692,7.667157287525E0);
#1703=B_SPLINE_CURVE_WITH_KNOTS('',3,(#1694,#1695,#1696,#1697,#1698,#1699,#1700,
#1701,#1702),.UNSPECIFIED.,.F.,.F.,(4,1,1,1,1,1,4),(0.E0,1.666666666667E-1,
3.333333333333E-1,5.E-1,6.666666666667E-1,8.333333333333E-1,1.E0),
.UNSPECIFIED.);
#1710=B_SPLINE_CURVE_WITH_KNOTS('',3,(#1704,#1705,#1706,#1707,#1708,#1709),
.UNSPECIFIED.,.F.,.F.,(4,1,1,4),(0.E0,3.333333333333E-1,6.666666666667E-1,1.E0),
.UNSPECIFIED.);
#1717=B_SPLINE_CURVE_WITH_KNOTS('',3,(#1711,#1712,#1713,#1714,#1715,#1716),
.UNSPECIFIED.,.F.,.F.,(4,1,1,4),(0.E0,3.333333333333E-1,6.666666666667E-1,1.E0),
.UNSPECIFIED.);
#1722=CIRCLE('',#1721,7.667157287525E0);
#1732=B_SPLINE_CURVE_WITH_KNOTS('',3,(#1723,#1724,#1725,#1726,#1727,#1728,#1729,
#1730,#1731),.UNSPECIFIED.,.F.,.F.,(4,1,1,1,1,1,4),(0.E0,1.666666666667E-1,
3.333333333333E-1,5.E-1,6.666666666667E-1,8.333333333333E-1,1.E0),
.UNSPECIFIED.);
#1739=B_SPLINE_CURVE_WITH_KNOTS('',3,(#1733,#1734,#1735,#1736,#1737,#1738),
.UNSPECIFIED.,.F.,.F.,(4,1,1,4),(0.E0,3.333333333333E-1,6.666666666667E-1,1.E0),
.UNSPECIFIED.);
#1746=B_SPLINE_CURVE_WITH_KNOTS('',3,(#1740,#1741,#1742,#1743,#1744,#1745),
.UNSPECIFIED.,.F.,.F.,(4,1,1,4),(0.E0,3.333333333333E-1,6.666666666667E-1,1.E0),
.UNSPECIFIED.);
#1751=CIRCLE('',#1750,7.667157287525E0);
#1756=CIRCLE('',#1755,7.667157287525E0);
#1766=B_SPLINE_CURVE_WITH_KNOTS('',3,(#1757,#1758,#1759,#1760,#1761,#1762,#1763,
#1764,#1765),.UNSPECIFIED.,.F.,.F.,(4,1,1,1,1,1,4),(0.E0,1.666666666667E-1,
3.333333333333E-1,5.E-1,6.666666666667E-1,8.333333333333E-1,1.E0),
.UNSPECIFIED.);
#1773=B_SPLINE_CURVE_WITH_KNOTS('',3,(#1767,#1768,#1769,#1770,#1771,#1772),
.UNSPECIFIED.,.F.,.F.,(4,1,1,4),(0.E0,3.333333333333E-1,6.666666666667E-1,1.E0),
.UNSPECIFIED.);
#1780=B_SPLINE_CURVE_WITH_KNOTS('',3,(#1774,#1775,#1776,#1777,#1778,#1779),
.UNSPECIFIED.,.F.,.F.,(4,1,1,4),(0.E0,3.333333333333E-1,6.666666666667E-1,1.E0),
.UNSPECIFIED.);
#1785=CIRCLE('',#1784,7.667157287525E0);
#1795=B_SPLINE_CURVE_WITH_KNOTS('',3,(#1786,#1787,#1788,#1789,#1790,#1791,#1792,
#1793,#1794),.UNSPECIFIED.,.F.,.F.,(4,1,1,1,1,1,4),(0.E0,1.666666666667E-1,
3.333333333333E-1,5.E-1,6.666666666667E-1,8.333333333333E-1,1.E0),
.UNSPECIFIED.);
#1805=B_SPLINE_CURVE_WITH_KNOTS('',3,(#1796,#1797,#1798,#1799,#1800,#1801,#1802,
#1803,#1804),.UNSPECIFIED.,.F.,.F.,(4,1,1,1,1,1,4),(0.E0,1.666666666667E-1,
3.333333333333E-1,5.E-1,6.666666666667E-1,8.333333333333E-1,1.E0),
.UNSPECIFIED.);
#1810=CIRCLE('',#1809,7.667157287525E0);
#1820=B_SPLINE_CURVE_WITH_KNOTS('',3,(#1811,#1812,#1813,#1814,#1815,#1816,#1817,
#1818,#1819),.UNSPECIFIED.,.F.,.F.,(4,1,1,1,1,1,4),(0.E0,1.666666666667E-1,
3.333333333333E-1,5.E-1,6.666666666667E-1,8.333333333333E-1,1.E0),
.UNSPECIFIED.);
#1827=B_SPLINE_CURVE_WITH_KNOTS('',3,(#1821,#1822,#1823,#1824,#1825,#1826),
.UNSPECIFIED.,.F.,.F.,(4,1,1,4),(0.E0,3.333333333333E-1,6.666666666667E-1,1.E0),
.UNSPECIFIED.);
#1834=B_SPLINE_CURVE_WITH_KNOTS('',3,(#1828,#1829,#1830,#1831,#1832,#1833),
.UNSPECIFIED.,.F.,.F.,(4,1,1,4),(0.E0,3.333333333333E-1,6.666666666667E-1,1.E0),
.UNSPECIFIED.);
#1839=CIRCLE('',#1838,7.667157287525E0);
#1844=CIRCLE('',#1843,4.E-1);
#1849=CIRCLE('',#1848,8.35E0);
#1858=B_SPLINE_CURVE_WITH_KNOTS('',3,(#1850,#1851,#1852,#1853,#1854,#1855,#1856,
#1857),.UNSPECIFIED.,.F.,.F.,(4,1,1,1,1,4),(0.E0,2.E-1,4.E-1,6.E-1,8.E-1,1.E0),
.UNSPECIFIED.);
#1863=CIRCLE('',#1862,2.5E-1);
#1868=CIRCLE('',#1867,8.2E0);
#1873=CIRCLE('',#1872,7.773223304703E0);
#1882=B_SPLINE_CURVE_WITH_KNOTS('',3,(#1874,#1875,#1876,#1877,#1878,#1879,#1880,
#1881),.UNSPECIFIED.,.F.,.F.,(4,1,1,1,1,4),(0.E0,2.E-1,4.E-1,6.E-1,8.E-1,1.E0),
.UNSPECIFIED.);
#1887=CIRCLE('',#1886,7.773223304703E0);
#1896=B_SPLINE_CURVE_WITH_KNOTS('',3,(#1888,#1889,#1890,#1891,#1892,#1893,#1894,
#1895),.UNSPECIFIED.,.F.,.F.,(4,1,1,1,1,4),(0.E0,2.E-1,4.E-1,6.E-1,8.E-1,1.E0),
.UNSPECIFIED.);
#1901=CIRCLE('',#1900,7.773223304703E0);
#1910=B_SPLINE_CURVE_WITH_KNOTS('',3,(#1902,#1903,#1904,#1905,#1906,#1907,#1908,
#1909),.UNSPECIFIED.,.F.,.F.,(4,1,1,1,1,4),(0.E0,2.E-1,4.E-1,6.E-1,8.E-1,1.E0),
.UNSPECIFIED.);
#1915=CIRCLE('',#1914,7.773223304703E0);
#1922=B_SPLINE_CURVE_WITH_KNOTS('',3,(#1916,#1917,#1918,#1919,#1920,#1921),
.UNSPECIFIED.,.F.,.F.,(4,1,1,4),(0.E0,3.333333333333E-1,6.666666666667E-1,1.E0),
.UNSPECIFIED.);
#1932=B_SPLINE_CURVE_WITH_KNOTS('',3,(#1923,#1924,#1925,#1926,#1927,#1928,#1929,
#1930,#1931),.UNSPECIFIED.,.F.,.F.,(4,1,1,1,1,1,4),(0.E0,1.666666666667E-1,
3.333333333333E-1,5.E-1,6.666666666667E-1,8.333333333333E-1,1.E0),
.UNSPECIFIED.);
#1943=B_SPLINE_CURVE_WITH_KNOTS('',3,(#1937,#1938,#1939,#1940,#1941,#1942),
.UNSPECIFIED.,.F.,.F.,(4,1,1,4),(0.E0,3.333333333333E-1,6.666666666667E-1,1.E0),
.UNSPECIFIED.);
#1950=B_SPLINE_CURVE_WITH_KNOTS('',3,(#1944,#1945,#1946,#1947,#1948,#1949),
.UNSPECIFIED.,.F.,.F.,(4,1,1,4),(0.E0,3.333333333333E-1,6.666666666667E-1,1.E0),
.UNSPECIFIED.);
#1963=B_SPLINE_CURVE_WITH_KNOTS('',3,(#1955,#1956,#1957,#1958,#1959,#1960,#1961,
#1962),.UNSPECIFIED.,.F.,.F.,(4,1,1,1,1,4),(0.E0,2.E-1,4.E-1,6.E-1,8.E-1,1.E0),
.UNSPECIFIED.);
#1970=B_SPLINE_CURVE_WITH_KNOTS('',3,(#1964,#1965,#1966,#1967,#1968,#1969),
.UNSPECIFIED.,.F.,.F.,(4,1,1,4),(0.E0,3.333333333333E-1,6.666666666667E-1,1.E0),
.UNSPECIFIED.);
#1977=B_SPLINE_CURVE_WITH_KNOTS('',3,(#1971,#1972,#1973,#1974,#1975,#1976),
.UNSPECIFIED.,.F.,.F.,(4,1,1,4),(0.E0,3.333333333333E-1,6.666666666667E-1,1.E0),
.UNSPECIFIED.);
#1987=B_SPLINE_CURVE_WITH_KNOTS('',3,(#1978,#1979,#1980,#1981,#1982,#1983,#1984,
#1985,#1986),.UNSPECIFIED.,.F.,.F.,(4,1,1,1,1,1,4),(0.E0,1.666666666667E-1,
3.333333333333E-1,5.E-1,6.666666666667E-1,8.333333333333E-1,1.E0),
.UNSPECIFIED.);
#2001=B_SPLINE_CURVE_WITH_KNOTS('',3,(#1992,#1993,#1994,#1995,#1996,#1997,#1998,
#1999,#2000),.UNSPECIFIED.,.F.,.F.,(4,1,1,1,1,1,4),(0.E0,1.666666666667E-1,
3.333333333333E-1,5.E-1,6.666666666667E-1,8.333333333333E-1,1.E0),
.UNSPECIFIED.);
#2014=B_SPLINE_CURVE_WITH_KNOTS('',3,(#2006,#2007,#2008,#2009,#2010,#2011,#2012,
#2013),.UNSPECIFIED.,.F.,.F.,(4,1,1,1,1,4),(0.E0,2.E-1,4.E-1,6.E-1,8.E-1,1.E0),
.UNSPECIFIED.);
#2021=B_SPLINE_CURVE_WITH_KNOTS('',3,(#2015,#2016,#2017,#2018,#2019,#2020),
.UNSPECIFIED.,.F.,.F.,(4,1,1,4),(0.E0,3.333333333333E-1,6.666666666667E-1,1.E0),
.UNSPECIFIED.);
#2028=B_SPLINE_CURVE_WITH_KNOTS('',3,(#2022,#2023,#2024,#2025,#2026,#2027),
.UNSPECIFIED.,.F.,.F.,(4,1,1,4),(0.E0,3.333333333333E-1,6.666666666667E-1,1.E0),
.UNSPECIFIED.);
#2038=B_SPLINE_CURVE_WITH_KNOTS('',3,(#2029,#2030,#2031,#2032,#2033,#2034,#2035,
#2036,#2037),.UNSPECIFIED.,.F.,.F.,(4,1,1,1,1,1,4),(0.E0,1.666666666667E-1,
3.333333333333E-1,5.E-1,6.666666666667E-1,8.333333333333E-1,1.E0),
.UNSPECIFIED.);
#2049=B_SPLINE_CURVE_WITH_KNOTS('',3,(#2043,#2044,#2045,#2046,#2047,#2048),
.UNSPECIFIED.,.F.,.F.,(4,1,1,4),(0.E0,3.333333333333E-1,6.666666666667E-1,1.E0),
.UNSPECIFIED.);
#2056=B_SPLINE_CURVE_WITH_KNOTS('',3,(#2050,#2051,#2052,#2053,#2054,#2055),
.UNSPECIFIED.,.F.,.F.,(4,1,1,4),(0.E0,3.333333333333E-1,6.666666666667E-1,1.E0),
.UNSPECIFIED.);
#2071=B_SPLINE_CURVE_WITH_KNOTS('',3,(#2065,#2066,#2067,#2068,#2069,#2070),
.UNSPECIFIED.,.F.,.F.,(4,1,1,4),(0.E0,3.333333333333E-1,6.666666666667E-1,1.E0),
.UNSPECIFIED.);
#2080=B_SPLINE_CURVE_WITH_KNOTS('',3,(#2072,#2073,#2074,#2075,#2076,#2077,#2078,
#2079),.UNSPECIFIED.,.F.,.F.,(4,1,1,1,1,4),(0.E0,2.E-1,4.E-1,6.E-1,8.E-1,1.E0),
.UNSPECIFIED.);
#2091=B_SPLINE_CURVE_WITH_KNOTS('',3,(#2085,#2086,#2087,#2088,#2089,#2090),
.UNSPECIFIED.,.F.,.F.,(4,1,1,4),(0.E0,3.333333333333E-1,6.666666666667E-1,1.E0),
.UNSPECIFIED.);
#2098=B_SPLINE_CURVE_WITH_KNOTS('',3,(#2092,#2093,#2094,#2095,#2096,#2097),
.UNSPECIFIED.,.F.,.F.,(4,1,1,4),(0.E0,3.333333333333E-1,6.666666666667E-1,1.E0),
.UNSPECIFIED.);
#2108=B_SPLINE_CURVE_WITH_KNOTS('',3,(#2099,#2100,#2101,#2102,#2103,#2104,#2105,
#2106,#2107),.UNSPECIFIED.,.F.,.F.,(4,1,1,1,1,1,4),(0.E0,1.666666666667E-1,
3.333333333333E-1,5.E-1,6.666666666667E-1,8.333333333333E-1,1.E0),
.UNSPECIFIED.);
#2119=B_SPLINE_CURVE_WITH_KNOTS('',3,(#2113,#2114,#2115,#2116,#2117,#2118),
.UNSPECIFIED.,.F.,.F.,(4,1,1,4),(0.E0,3.333333333333E-1,6.666666666667E-1,1.E0),
.UNSPECIFIED.);
#2126=B_SPLINE_CURVE_WITH_KNOTS('',3,(#2120,#2121,#2122,#2123,#2124,#2125),
.UNSPECIFIED.,.F.,.F.,(4,1,1,4),(0.E0,3.333333333333E-1,6.666666666667E-1,1.E0),
.UNSPECIFIED.);
#2135=B_SPLINE_CURVE_WITH_KNOTS('',3,(#2127,#2128,#2129,#2130,#2131,#2132,#2133,
#2134),.UNSPECIFIED.,.F.,.F.,(4,1,1,1,1,4),(0.E0,2.E-1,4.E-1,6.E-1,8.E-1,1.E0),
.UNSPECIFIED.);
#2146=B_SPLINE_CURVE_WITH_KNOTS('',3,(#2140,#2141,#2142,#2143,#2144,#2145),
.UNSPECIFIED.,.F.,.F.,(4,1,1,4),(0.E0,3.333333333333E-1,6.666666666667E-1,1.E0),
.UNSPECIFIED.);
#2153=B_SPLINE_CURVE_WITH_KNOTS('',3,(#2147,#2148,#2149,#2150,#2151,#2152),
.UNSPECIFIED.,.F.,.F.,(4,1,1,4),(0.E0,3.333333333333E-1,6.666666666667E-1,1.E0),
.UNSPECIFIED.);
#2167=B_SPLINE_CURVE_WITH_KNOTS('',3,(#2158,#2159,#2160,#2161,#2162,#2163,#2164,
#2165,#2166),.UNSPECIFIED.,.F.,.F.,(4,1,1,1,1,1,4),(0.E0,1.666666666667E-1,
3.333333333333E-1,5.E-1,6.666666666667E-1,8.333333333333E-1,1.E0),
.UNSPECIFIED.);
#2174=B_SPLINE_CURVE_WITH_KNOTS('',3,(#2168,#2169,#2170,#2171,#2172,#2173),
.UNSPECIFIED.,.F.,.F.,(4,1,1,4),(0.E0,3.333333333333E-1,6.666666666667E-1,1.E0),
.UNSPECIFIED.);
#2181=B_SPLINE_CURVE_WITH_KNOTS('',3,(#2175,#2176,#2177,#2178,#2179,#2180),
.UNSPECIFIED.,.F.,.F.,(4,1,1,4),(0.E0,3.333333333333E-1,6.666666666667E-1,1.E0),
.UNSPECIFIED.);
#2190=B_SPLINE_CURVE_WITH_KNOTS('',3,(#2182,#2183,#2184,#2185,#2186,#2187,#2188,
#2189),.UNSPECIFIED.,.F.,.F.,(4,1,1,1,1,4),(0.E0,2.E-1,4.E-1,6.E-1,8.E-1,1.E0),
.UNSPECIFIED.);
#2201=B_SPLINE_CURVE_WITH_KNOTS('',3,(#2195,#2196,#2197,#2198,#2199,#2200),
.UNSPECIFIED.,.F.,.F.,(4,1,1,4),(0.E0,3.333333333333E-1,6.666666666667E-1,1.E0),
.UNSPECIFIED.);
#2208=B_SPLINE_CURVE_WITH_KNOTS('',3,(#2202,#2203,#2204,#2205,#2206,#2207),
.UNSPECIFIED.,.F.,.F.,(4,1,1,4),(0.E0,3.333333333333E-1,6.666666666667E-1,1.E0),
.UNSPECIFIED.);
#2222=B_SPLINE_CURVE_WITH_KNOTS('',3,(#2213,#2214,#2215,#2216,#2217,#2218,#2219,
#2220,#2221),.UNSPECIFIED.,.F.,.F.,(4,1,1,1,1,1,4),(0.E0,1.666666666667E-1,
3.333333333333E-1,5.E-1,6.666666666667E-1,8.333333333333E-1,1.E0),
.UNSPECIFIED.);
#2229=B_SPLINE_CURVE_WITH_KNOTS('',3,(#2223,#2224,#2225,#2226,#2227,#2228),
.UNSPECIFIED.,.F.,.F.,(4,1,1,4),(0.E0,3.333333333333E-1,6.666666666667E-1,1.E0),
.UNSPECIFIED.);
#2236=B_SPLINE_CURVE_WITH_KNOTS('',3,(#2230,#2231,#2232,#2233,#2234,#2235),
.UNSPECIFIED.,.F.,.F.,(4,1,1,4),(0.E0,3.333333333333E-1,6.666666666667E-1,1.E0),
.UNSPECIFIED.);
#2245=B_SPLINE_CURVE_WITH_KNOTS('',3,(#2237,#2238,#2239,#2240,#2241,#2242,#2243,
#2244),.UNSPECIFIED.,.F.,.F.,(4,1,1,1,1,4),(0.E0,2.E-1,4.E-1,6.E-1,8.E-1,1.E0),
.UNSPECIFIED.);
#2256=B_SPLINE_CURVE_WITH_KNOTS('',3,(#2250,#2251,#2252,#2253,#2254,#2255),
.UNSPECIFIED.,.F.,.F.,(4,1,1,4),(0.E0,3.333333333333E-1,6.666666666667E-1,1.E0),
.UNSPECIFIED.);
#2263=B_SPLINE_CURVE_WITH_KNOTS('',3,(#2257,#2258,#2259,#2260,#2261,#2262),
.UNSPECIFIED.,.F.,.F.,(4,1,1,4),(0.E0,3.333333333333E-1,6.666666666667E-1,1.E0),
.UNSPECIFIED.);
#2268=CIRCLE('',#2267,8.35E0);
#2277=CIRCLE('',#2276,8.7E0);
#2282=CIRCLE('',#2281,8.7E0);
#2299=CIRCLE('',#2298,8.7E0);
#2308=CIRCLE('',#2307,8.7E0);
#2313=CIRCLE('',#2312,8.35E0);
#2322=CIRCLE('',#2321,1.5E-1);
#2327=CIRCLE('',#2326,7.373885350318E0);
#2348=B_SPLINE_CURVE_WITH_KNOTS('',3,(#2340,#2341,#2342,#2343,#2344,#2345,#2346,
#2347),.UNSPECIFIED.,.F.,.F.,(4,1,1,1,1,4),(0.E0,2.E-1,4.E-1,6.E-1,8.E-1,1.E0),
.UNSPECIFIED.);
#2355=B_SPLINE_CURVE_WITH_KNOTS('',3,(#2349,#2350,#2351,#2352,#2353,#2354),
.UNSPECIFIED.,.F.,.F.,(4,1,1,4),(0.E0,3.333333333333E-1,6.666666666667E-1,1.E0),
.UNSPECIFIED.);
#2362=B_SPLINE_CURVE_WITH_KNOTS('',3,(#2356,#2357,#2358,#2359,#2360,#2361),
.UNSPECIFIED.,.F.,.F.,(4,1,1,4),(0.E0,3.333333333333E-1,6.666666666667E-1,1.E0),
.UNSPECIFIED.);
#2372=B_SPLINE_CURVE_WITH_KNOTS('',3,(#2363,#2364,#2365,#2366,#2367,#2368,#2369,
#2370,#2371),.UNSPECIFIED.,.F.,.F.,(4,1,1,1,1,1,4),(0.E0,1.666666666667E-1,
3.333333333333E-1,5.E-1,6.666666666667E-1,8.333333333333E-1,1.E0),
.UNSPECIFIED.);
#2386=B_SPLINE_CURVE_WITH_KNOTS('',3,(#2377,#2378,#2379,#2380,#2381,#2382,#2383,
#2384,#2385),.UNSPECIFIED.,.F.,.F.,(4,1,1,1,1,1,4),(0.E0,1.666666666667E-1,
3.333333333333E-1,5.E-1,6.666666666667E-1,8.333333333333E-1,1.E0),
.UNSPECIFIED.);
#2399=B_SPLINE_CURVE_WITH_KNOTS('',3,(#2391,#2392,#2393,#2394,#2395,#2396,#2397,
#2398),.UNSPECIFIED.,.F.,.F.,(4,1,1,1,1,4),(0.E0,2.E-1,4.E-1,6.E-1,8.E-1,1.E0),
.UNSPECIFIED.);
#2406=B_SPLINE_CURVE_WITH_KNOTS('',3,(#2400,#2401,#2402,#2403,#2404,#2405),
.UNSPECIFIED.,.F.,.F.,(4,1,1,4),(0.E0,3.333333333333E-1,6.666666666667E-1,1.E0),
.UNSPECIFIED.);
#2413=B_SPLINE_CURVE_WITH_KNOTS('',3,(#2407,#2408,#2409,#2410,#2411,#2412),
.UNSPECIFIED.,.F.,.F.,(4,1,1,4),(0.E0,3.333333333333E-1,6.666666666667E-1,1.E0),
.UNSPECIFIED.);
#2423=B_SPLINE_CURVE_WITH_KNOTS('',3,(#2414,#2415,#2416,#2417,#2418,#2419,#2420,
#2421,#2422),.UNSPECIFIED.,.F.,.F.,(4,1,1,1,1,1,4),(0.E0,1.666666666667E-1,
3.333333333333E-1,5.E-1,6.666666666667E-1,8.333333333333E-1,1.E0),
.UNSPECIFIED.);
#2440=B_SPLINE_CURVE_WITH_KNOTS('',3,(#2432,#2433,#2434,#2435,#2436,#2437,#2438,
#2439),.UNSPECIFIED.,.F.,.F.,(4,1,1,1,1,4),(0.E0,2.E-1,4.E-1,6.E-1,8.E-1,1.E0),
.UNSPECIFIED.);
#2445=CIRCLE('',#2444,3.E-1);
#2450=CIRCLE('',#2449,9.223601942367E0);
#2455=CIRCLE('',#2454,9.363379690254E0);
#2460=CIRCLE('',#2459,1.E-1);
#2465=CIRCLE('',#2464,8.35E0);
#2884=EDGE_CURVE('',#2688,#2690,#222,.T.);
#2886=EDGE_CURVE('',#2678,#2690,#207,.T.);
#2888=EDGE_CURVE('',#2678,#2677,#2465,.T.);
#2890=EDGE_CURVE('',#2677,#2688,#241,.T.);
#2900=EDGE_CURVE('',#2650,#2688,#212,.T.);
#2902=EDGE_CURVE('',#2649,#2650,#217,.T.);
#2904=EDGE_CURVE('',#2649,#2690,#232,.T.);
#2915=EDGE_CURVE('',#2690,#2688,#227,.T.);
#2918=EDGE_CURVE('',#2650,#2649,#237,.T.);
#2930=EDGE_CURVE('',#2677,#2678,#251,.T.);
#2942=EDGE_CURVE('',#2661,#2662,#266,.T.);
#2944=EDGE_CURVE('',#2678,#2662,#246,.T.);
#2947=EDGE_CURVE('',#2677,#2661,#2460,.T.);
#2957=EDGE_CURVE('',#2642,#2670,#256,.T.);
#2959=EDGE_CURVE('',#2670,#2642,#261,.T.);
#2964=EDGE_CURVE('',#2662,#2661,#271,.T.);
#2974=EDGE_CURVE('',#2666,#2670,#275,.T.);
#2976=EDGE_CURVE('',#2666,#2641,#2450,.T.);
#2978=EDGE_CURVE('',#2641,#2642,#279,.T.);
#2991=EDGE_CURVE('',#2641,#2666,#294,.T.);
#3002=EDGE_CURVE('',#2692,#2680,#284,.T.);
#3004=EDGE_CURVE('',#2666,#2692,#289,.T.);
#3007=EDGE_CURVE('',#2641,#2680,#2445,.T.);
#3018=EDGE_CURVE('',#2657,#2680,#298,.T.);
#3020=EDGE_CURVE('',#2694,#2657,#303,.T.);
#3022=EDGE_CURVE('',#2694,#2692,#307,.T.);
#3033=EDGE_CURVE('',#2657,#2694,#312,.T.);
#3036=EDGE_CURVE('',#2680,#2692,#2455,.T.);
#3046=EDGE_CURVE('',#2657,#2658,#316,.T.);
#3049=EDGE_CURVE('',#2694,#2664,#320,.T.);
#3051=EDGE_CURVE('',#2664,#2658,#396,.T.);
#3061=EDGE_CURVE('',#2658,#2664,#329,.T.);
#3074=EDGE_CURVE('',#2685,#2686,#344,.T.);
#3076=EDGE_CURVE('',#2664,#2686,#324,.T.);
#3079=EDGE_CURVE('',#2658,#2685,#391,.T.);
#3089=EDGE_CURVE('',#2654,#2653,#334,.T.);
#3091=EDGE_CURVE('',#2686,#2654,#339,.T.);
#3094=EDGE_CURVE('',#2685,#2653,#377,.T.);
#3104=EDGE_CURVE('',#2673,#2674,#353,.T.);
#3106=EDGE_CURVE('',#2654,#2674,#348,.T.);
#3109=EDGE_CURVE('',#2653,#2673,#372,.T.);
#3120=EDGE_CURVE('',#2674,#2673,#358,.T.);
#3124=EDGE_CURVE('',#2645,#2646,#363,.T.);
#3126=EDGE_CURVE('',#2646,#2645,#368,.T.);
#3137=EDGE_CURVE('',#2653,#2654,#387,.T.);
#3150=EDGE_CURVE('',#2686,#2685,#382,.T.);
#3174=EDGE_CURVE('',#2628,#2627,#401,.T.);
#3176=EDGE_CURVE('',#2645,#2628,#406,.T.);
#3179=EDGE_CURVE('',#2646,#2627,#419,.T.);
#3189=EDGE_CURVE('',#2632,#2627,#410,.T.);
#3191=EDGE_CURVE('',#2632,#2631,#454,.T.);
#3193=EDGE_CURVE('',#2631,#2628,#414,.T.);
#3204=EDGE_CURVE('',#2627,#2628,#424,.T.);
#3207=EDGE_CURVE('',#2631,#2632,#434,.T.);
#3230=EDGE_CURVE('',#2632,#2682,#429,.T.);
#3233=EDGE_CURVE('',#2631,#2634,#449,.T.);
#3235=EDGE_CURVE('',#2682,#2634,#439,.T.);
#3245=EDGE_CURVE('',#2634,#2682,#444,.T.);
#3258=EDGE_CURVE('',#2706,#2682,#458,.T.);
#3260=EDGE_CURVE('',#2708,#2706,#463,.T.);
#3262=EDGE_CURVE('',#2708,#2634,#467,.T.);
#3275=EDGE_CURVE('',#2706,#2708,#472,.T.);
#3287=EDGE_CURVE('',#2703,#2708,#476,.T.);
#3289=EDGE_CURVE('',#2703,#2704,#490,.T.);
#3291=EDGE_CURVE('',#2704,#2706,#480,.T.);
#3302=EDGE_CURVE('',#2704,#2703,#485,.T.);
#3318=EDGE_CURVE('',#2877,#2878,#495,.T.);
#3320=EDGE_CURVE('',#2878,#2877,#500,.T.);
#3331=EDGE_CURVE('',#2878,#2849,#508,.T.);
#3333=EDGE_CURVE('',#2849,#2811,#713,.T.);
#3335=EDGE_CURVE('',#2877,#2811,#504,.T.);
#3347=EDGE_CURVE('',#2811,#2849,#518,.T.);
#3358=EDGE_CURVE('',#2849,#2756,#513,.T.);
#3361=EDGE_CURVE('',#2811,#2779,#708,.T.);
#3363=EDGE_CURVE('',#2799,#2779,#523,.T.);
#3365=EDGE_CURVE('',#2798,#2799,#533,.T.);
#3367=EDGE_CURVE('',#2798,#2861,#543,.T.);
#3369=EDGE_CURVE('',#2861,#2784,#971,.T.);
#3371=EDGE_CURVE('',#2783,#2784,#548,.T.);
#3373=EDGE_CURVE('',#2857,#2783,#558,.T.);
#3375=EDGE_CURVE('',#2857,#2801,#568,.T.);
#3377=EDGE_CURVE('',#2801,#2803,#930,.T.);
#3379=EDGE_CURVE('',#2739,#2803,#573,.T.);
#3381=EDGE_CURVE('',#2837,#2739,#583,.T.);
#3383=EDGE_CURVE('',#2837,#2812,#593,.T.);
#3385=EDGE_CURVE('',#2812,#2813,#889,.T.);
#3387=EDGE_CURVE('',#2870,#2813,#598,.T.);
#3389=EDGE_CURVE('',#2831,#2870,#608,.T.);
#3391=EDGE_CURVE('',#2831,#2738,#618,.T.);
#3393=EDGE_CURVE('',#2738,#2742,#737,.T.);
#3395=EDGE_CURVE('',#2756,#2742,#623,.T.);
#3405=EDGE_CURVE('',#2755,#2756,#628,.T.);
#3407=EDGE_CURVE('',#2829,#2755,#638,.T.);
#3409=EDGE_CURVE('',#2829,#2851,#648,.T.);
#3411=EDGE_CURVE('',#2851,#2786,#2423,.T.);
#3413=EDGE_CURVE('',#2743,#2786,#653,.T.);
#3415=EDGE_CURVE('',#2821,#2743,#663,.T.);
#3417=EDGE_CURVE('',#2852,#2821,#673,.T.);
#3419=EDGE_CURVE('',#2852,#2853,#2372,.T.);
#3421=EDGE_CURVE('',#2863,#2853,#678,.T.);
#3423=EDGE_CURVE('',#2752,#2863,#688,.T.);
#3425=EDGE_CURVE('',#2752,#2797,#698,.T.);
#3427=EDGE_CURVE('',#2797,#2780,#1012,.T.);
#3429=EDGE_CURVE('',#2779,#2780,#703,.T.);
#3442=EDGE_CURVE('',#2741,#2742,#720,.T.);
#3444=EDGE_CURVE('',#2741,#2816,#746,.T.);
#3446=EDGE_CURVE('',#2816,#2817,#1089,.T.);
#3448=EDGE_CURVE('',#2755,#2817,#727,.T.);
#3460=EDGE_CURVE('',#2737,#2741,#755,.T.);
#3464=EDGE_CURVE('',#2737,#2738,#741,.T.);
#3476=EDGE_CURVE('',#2737,#2824,#765,.T.);
#3478=EDGE_CURVE('',#2824,#2825,#861,.T.);
#3480=EDGE_CURVE('',#2726,#2825,#770,.T.);
#3482=EDGE_CURVE('',#2725,#2726,#779,.T.);
#3484=EDGE_CURVE('',#2725,#2836,#789,.T.);
#3486=EDGE_CURVE('',#2836,#2740,#906,.T.);
#3488=EDGE_CURVE('',#2776,#2740,#794,.T.);
#3490=EDGE_CURVE('',#2775,#2776,#803,.T.);
#3492=EDGE_CURVE('',#2775,#2856,#813,.T.);
#3494=EDGE_CURVE('',#2856,#2748,#947,.T.);
#3496=EDGE_CURVE('',#2747,#2748,#818,.T.);
#3498=EDGE_CURVE('',#2860,#2747,#827,.T.);
#3500=EDGE_CURVE('',#2860,#2862,#837,.T.);
#3502=EDGE_CURVE('',#2862,#2764,#984,.T.);
#3504=EDGE_CURVE('',#2763,#2764,#842,.T.);
#3506=EDGE_CURVE('',#2841,#2763,#847,.T.);
#3508=EDGE_CURVE('',#2734,#2841,#852,.T.);
#3510=EDGE_CURVE('',#2734,#2816,#1017,.T.);
#3520=EDGE_CURVE('',#2831,#2824,#865,.T.);
#3533=EDGE_CURVE('',#2870,#2825,#879,.T.);
#3546=EDGE_CURVE('',#2726,#2813,#872,.T.);
#3562=EDGE_CURVE('',#2812,#2725,#897,.T.);
#3572=EDGE_CURVE('',#2836,#2837,#893,.T.);
#3585=EDGE_CURVE('',#2739,#2740,#920,.T.);
#3598=EDGE_CURVE('',#2776,#2803,#913,.T.);
#3614=EDGE_CURVE('',#2801,#2775,#938,.T.);
#3624=EDGE_CURVE('',#2856,#2857,#934,.T.);
#3637=EDGE_CURVE('',#2783,#2748,#961,.T.);
#3650=EDGE_CURVE('',#2747,#2784,#954,.T.);
#3666=EDGE_CURVE('',#2860,#2861,#975,.T.);
#3676=EDGE_CURVE('',#2798,#2862,#988,.T.);
#3689=EDGE_CURVE('',#2799,#2764,#1002,.T.);
#3704=EDGE_CURVE('',#2868,#2780,#995,.T.);
#3706=EDGE_CURVE('',#2868,#2763,#1027,.T.);
#3718=EDGE_CURVE('',#2867,#2868,#1036,.T.);
#3722=EDGE_CURVE('',#2797,#2867,#2339,.T.);
#3733=EDGE_CURVE('',#2841,#2734,#1022,.T.);
#3738=EDGE_CURVE('',#2867,#2751,#1046,.T.);
#3740=EDGE_CURVE('',#2751,#2792,#2348,.T.);
#3742=EDGE_CURVE('',#2791,#2792,#1051,.T.);
#3744=EDGE_CURVE('',#2866,#2791,#1060,.T.);
#3746=EDGE_CURVE('',#2866,#2820,#2386,.T.);
#3748=EDGE_CURVE('',#2820,#2744,#2399,.T.);
#3750=EDGE_CURVE('',#2809,#2744,#1065,.T.);
#3752=EDGE_CURVE('',#2808,#2809,#1074,.T.);
#3754=EDGE_CURVE('',#2808,#2828,#1084,.T.);
#3756=EDGE_CURVE('',#2828,#2817,#2440,.T.);
#3767=EDGE_CURVE('',#2733,#2734,#1093,.T.);
#3769=EDGE_CURVE('',#2733,#2840,#1102,.T.);
#3771=EDGE_CURVE('',#2840,#2841,#1097,.T.);
#3784=EDGE_CURVE('',#2840,#2733,#1107,.T.);
#3799=EDGE_CURVE('',#2788,#2833,#1112,.T.);
#3801=EDGE_CURVE('',#2833,#2788,#1117,.T.);
#3811=EDGE_CURVE('',#2729,#2774,#1131,.T.);
#3813=EDGE_CURVE('',#2788,#2774,#1121,.T.);
#3816=EDGE_CURVE('',#2833,#2729,#1165,.T.);
#3826=EDGE_CURVE('',#2730,#2807,#1136,.T.);
#3828=EDGE_CURVE('',#2774,#2807,#1126,.T.);
#3831=EDGE_CURVE('',#2729,#2730,#1156,.T.);
#3842=EDGE_CURVE('',#2807,#2730,#1141,.T.);
#3846=EDGE_CURVE('',#2724,#2723,#1146,.T.);
#3848=EDGE_CURVE('',#2723,#2724,#1151,.T.);
#3859=EDGE_CURVE('',#2774,#2729,#1161,.T.);
#3883=EDGE_CURVE('',#2768,#2723,#1169,.T.);
#3885=EDGE_CURVE('',#2768,#2767,#1188,.T.);
#3887=EDGE_CURVE('',#2767,#2724,#1173,.T.);
#3900=EDGE_CURVE('',#2767,#2768,#1193,.T.);
#3911=EDGE_CURVE('',#2845,#2844,#1178,.T.);
#3913=EDGE_CURVE('',#2844,#2845,#1183,.T.);
#3927=EDGE_CURVE('',#2759,#2760,#1212,.T.);
#3929=EDGE_CURVE('',#2845,#2760,#1197,.T.);
#3932=EDGE_CURVE('',#2844,#2759,#2331,.T.);
#3942=EDGE_CURVE('',#2823,#2796,#1202,.T.);
#3944=EDGE_CURVE('',#2796,#2823,#1207,.T.);
#3949=EDGE_CURVE('',#2760,#2759,#1217,.T.);
#3959=EDGE_CURVE('',#2795,#2796,#1222,.T.);
#3961=EDGE_CURVE('',#2865,#2795,#1227,.T.);
#3963=EDGE_CURVE('',#2865,#2823,#1232,.T.);
#3976=EDGE_CURVE('',#2795,#2865,#1237,.T.);
#3988=EDGE_CURVE('',#2771,#2865,#1241,.T.);
#3990=EDGE_CURVE('',#2771,#2847,#2327,.T.);
#3992=EDGE_CURVE('',#2847,#2795,#1245,.T.);
#4003=EDGE_CURVE('',#2847,#2771,#1255,.T.);
#4015=EDGE_CURVE('',#2805,#2772,#1260,.T.);
#4017=EDGE_CURVE('',#2771,#2772,#1250,.T.);
#4020=EDGE_CURVE('',#2847,#2805,#2322,.T.);
#4030=EDGE_CURVE('',#2873,#2874,#1270,.T.);
#4032=EDGE_CURVE('',#2874,#2873,#1279,.T.);
#4037=EDGE_CURVE('',#2772,#2805,#1265,.T.);
#4048=EDGE_CURVE('',#2699,#2874,#1274,.T.);
#4050=EDGE_CURVE('',#2699,#2700,#1298,.T.);
#4052=EDGE_CURVE('',#2700,#2873,#1283,.T.);
#4064=EDGE_CURVE('',#2700,#2699,#1293,.T.);
#4075=EDGE_CURVE('',#2711,#2700,#1313,.T.);
#4077=EDGE_CURVE('',#2712,#2711,#1288,.T.);
#4079=EDGE_CURVE('',#2699,#2712,#1303,.T.);
#4092=EDGE_CURVE('',#2711,#2712,#1308,.T.);
#4103=EDGE_CURVE('',#2715,#2716,#1322,.T.);
#4105=EDGE_CURVE('',#2715,#2711,#1341,.T.);
#4108=EDGE_CURVE('',#2716,#2712,#1317,.T.);
#4119=EDGE_CURVE('',#2716,#2715,#1327,.T.);
#4123=EDGE_CURVE('',#2554,#2517,#1332,.T.);
#4125=EDGE_CURVE('',#2517,#2554,#1337,.T.);
#4148=EDGE_CURVE('',#2516,#2517,#1346,.T.);
#4150=EDGE_CURVE('',#2599,#2516,#1351,.T.);
#4152=EDGE_CURVE('',#2599,#2554,#1356,.T.);
#4163=EDGE_CURVE('',#2516,#2599,#1361,.T.);
#4175=EDGE_CURVE('',#2545,#2616,#1375,.T.);
#4177=EDGE_CURVE('',#2516,#2616,#1365,.T.);
#4180=EDGE_CURVE('',#2599,#2545,#1409,.T.);
#4190=EDGE_CURVE('',#2546,#2574,#1385,.T.);
#4192=EDGE_CURVE('',#2616,#2574,#1370,.T.);
#4195=EDGE_CURVE('',#2545,#2546,#1400,.T.);
#4205=EDGE_CURVE('',#2574,#2546,#1380,.T.);
#4210=EDGE_CURVE('',#2504,#2505,#1390,.T.);
#4212=EDGE_CURVE('',#2505,#2504,#1395,.T.);
#4223=EDGE_CURVE('',#2616,#2545,#1405,.T.);
#4248=EDGE_CURVE('',#2596,#2505,#1413,.T.);
#4250=EDGE_CURVE('',#2596,#2595,#1422,.T.);
#4252=EDGE_CURVE('',#2595,#2504,#1417,.T.);
#4263=EDGE_CURVE('',#2595,#2596,#1427,.T.);
#4279=EDGE_CURVE('',#2513,#2512,#1432,.T.);
#4281=EDGE_CURVE('',#2512,#2513,#1437,.T.);
#4291=EDGE_CURVE('',#2513,#2468,#1441,.T.);
#4294=EDGE_CURVE('',#2512,#2469,#1445,.T.);
#4296=EDGE_CURVE('',#2469,#2468,#1460,.T.);
#4306=EDGE_CURVE('',#2468,#2469,#1465,.T.);
#4319=EDGE_CURVE('',#2475,#2558,#1450,.T.);
#4321=EDGE_CURVE('',#2558,#2475,#1455,.T.);
#4336=EDGE_CURVE('',#2519,#2558,#1470,.T.);
#4338=EDGE_CURVE('',#2474,#2519,#1475,.T.);
#4340=EDGE_CURVE('',#2474,#2475,#1480,.T.);
#4351=EDGE_CURVE('',#2519,#2474,#1485,.T.);
#4363=EDGE_CURVE('',#2584,#2474,#1489,.T.);
#4365=EDGE_CURVE('',#2584,#2535,#1513,.T.);
#4367=EDGE_CURVE('',#2535,#2519,#1493,.T.);
#4380=EDGE_CURVE('',#2535,#2584,#1508,.T.);
#4391=EDGE_CURVE('',#2478,#2591,#1498,.T.);
#4393=EDGE_CURVE('',#2591,#2478,#1503,.T.);
#4407=EDGE_CURVE('',#2478,#2479,#1517,.T.);
#4410=EDGE_CURVE('',#2591,#2592,#1521,.T.);
#4412=EDGE_CURVE('',#2592,#2479,#1868,.T.);
#4422=EDGE_CURVE('',#2479,#2592,#1592,.T.);
#4435=EDGE_CURVE('',#2486,#2567,#1526,.T.);
#4437=EDGE_CURVE('',#2482,#2486,#1535,.T.);
#4439=EDGE_CURVE('',#2482,#2597,#2263,.T.);
#4441=EDGE_CURVE('',#2597,#2575,#2256,.T.);
#4443=EDGE_CURVE('',#2575,#2576,#2245,.T.);
#4445=EDGE_CURVE('',#2471,#2576,#1540,.T.);
#4447=EDGE_CURVE('',#2470,#2471,#1549,.T.);
#4449=EDGE_CURVE('',#2470,#2623,#2208,.T.);
#4451=EDGE_CURVE('',#2623,#2587,#2201,.T.);
#4453=EDGE_CURVE('',#2587,#2485,#2190,.T.);
#4455=EDGE_CURVE('',#2521,#2485,#1554,.T.);
#4457=EDGE_CURVE('',#2520,#2521,#1563,.T.);
#4459=EDGE_CURVE('',#2520,#2532,#2153,.T.);
#4461=EDGE_CURVE('',#2532,#2533,#2146,.T.);
#4463=EDGE_CURVE('',#2533,#2493,#2135,.T.);
#4465=EDGE_CURVE('',#2492,#2493,#1568,.T.);
#4467=EDGE_CURVE('',#2612,#2492,#1577,.T.);
#4469=EDGE_CURVE('',#2612,#2621,#2098,.T.);
#4471=EDGE_CURVE('',#2621,#2613,#2091,.T.);
#4473=EDGE_CURVE('',#2613,#2509,#2080,.T.);
#4475=EDGE_CURVE('',#2508,#2509,#1582,.T.);
#4477=EDGE_CURVE('',#2592,#2508,#1587,.T.);
#4480=EDGE_CURVE('',#2479,#2567,#1863,.T.);
#4490=EDGE_CURVE('',#2486,#2487,#1599,.T.);
#4493=EDGE_CURVE('',#2567,#2568,#1915,.T.);
#4495=EDGE_CURVE('',#2500,#2568,#1606,.T.);
#4497=EDGE_CURVE('',#2500,#2501,#1756,.T.);
#4499=EDGE_CURVE('',#2501,#2487,#1751,.T.);
#4511=EDGE_CURVE('',#2483,#2487,#1616,.T.);
#4513=EDGE_CURVE('',#2482,#2483,#1620,.T.);
#4523=EDGE_CURVE('',#2601,#2501,#1625,.T.);
#4525=EDGE_CURVE('',#2562,#2601,#1630,.T.);
#4527=EDGE_CURVE('',#2562,#2524,#1844,.T.);
#4529=EDGE_CURVE('',#2548,#2524,#1635,.T.);
#4531=EDGE_CURVE('',#2541,#2548,#1645,.T.);
#4533=EDGE_CURVE('',#2540,#2541,#1652,.T.);
#4535=EDGE_CURVE('',#2542,#2540,#1659,.T.);
#4537=EDGE_CURVE('',#2542,#2529,#2108,.T.);
#4539=EDGE_CURVE('',#2528,#2529,#1664,.T.);
#4541=EDGE_CURVE('',#2556,#2528,#1674,.T.);
#4543=EDGE_CURVE('',#2555,#2556,#1681,.T.);
#4545=EDGE_CURVE('',#2550,#2555,#1688,.T.);
#4547=EDGE_CURVE('',#2550,#2552,#2167,.T.);
#4549=EDGE_CURVE('',#2484,#2552,#1693,.T.);
#4551=EDGE_CURVE('',#2588,#2484,#1703,.T.);
#4553=EDGE_CURVE('',#2624,#2588,#1710,.T.);
#4555=EDGE_CURVE('',#2563,#2624,#1717,.T.);
#4557=EDGE_CURVE('',#2563,#2564,#2222,.T.);
#4559=EDGE_CURVE('',#2620,#2564,#1722,.T.);
#4561=EDGE_CURVE('',#2582,#2620,#1732,.T.);
#4563=EDGE_CURVE('',#2607,#2582,#1739,.T.);
#4565=EDGE_CURVE('',#2483,#2607,#1746,.T.);
#4578=EDGE_CURVE('',#2580,#2500,#1766,.T.);
#4580=EDGE_CURVE('',#2608,#2580,#1773,.T.);
#4582=EDGE_CURVE('',#2603,#2608,#1780,.T.);
#4584=EDGE_CURVE('',#2603,#2531,#2038,.T.);
#4586=EDGE_CURVE('',#2488,#2531,#1785,.T.);
#4588=EDGE_CURVE('',#2572,#2488,#1795,.T.);
#4590=EDGE_CURVE('',#2605,#2572,#1805,.T.);
#4592=EDGE_CURVE('',#2605,#2606,#1987,.T.);
#4594=EDGE_CURVE('',#2614,#2606,#1810,.T.);
#4596=EDGE_CURVE('',#2497,#2614,#1820,.T.);
#4598=EDGE_CURVE('',#2604,#2497,#1827,.T.);
#4600=EDGE_CURVE('',#2547,#2604,#1834,.T.);
#4602=EDGE_CURVE('',#2547,#2525,#1932,.T.);
#4604=EDGE_CURVE('',#2524,#2525,#1839,.T.);
#4607=EDGE_CURVE('',#2601,#2562,#1849,.T.);
#4619=EDGE_CURVE('',#2579,#2568,#1858,.T.);
#4621=EDGE_CURVE('',#2579,#2580,#2042,.T.);
#4635=EDGE_CURVE('',#2618,#2508,#1873,.T.);
#4637=EDGE_CURVE('',#2610,#2618,#1882,.T.);
#4639=EDGE_CURVE('',#2610,#2609,#1950,.T.);
#4641=EDGE_CURVE('',#2609,#2496,#1943,.T.);
#4643=EDGE_CURVE('',#2496,#2539,#1963,.T.);
#4645=EDGE_CURVE('',#2538,#2539,#1887,.T.);
#4647=EDGE_CURVE('',#2617,#2538,#1896,.T.);
#4649=EDGE_CURVE('',#2617,#2571,#2001,.T.);
#4651=EDGE_CURVE('',#2571,#2489,#2014,.T.);
#4653=EDGE_CURVE('',#2560,#2489,#1901,.T.);
#4655=EDGE_CURVE('',#2559,#2560,#1910,.T.);
#4657=EDGE_CURVE('',#2559,#2622,#2056,.T.);
#4659=EDGE_CURVE('',#2622,#2579,#2049,.T.);
#4672=EDGE_CURVE('',#2618,#2525,#1922,.T.);
#4675=EDGE_CURVE('',#2508,#2524,#2064,.T.);
#4688=EDGE_CURVE('',#2547,#2610,#1954,.T.);
#4698=EDGE_CURVE('',#2496,#2497,#1936,.T.);
#4713=EDGE_CURVE('',#2614,#2539,#1977,.T.);
#4727=EDGE_CURVE('',#2538,#2606,#1970,.T.);
#4742=EDGE_CURVE('',#2605,#2617,#2005,.T.);
#4752=EDGE_CURVE('',#2571,#2572,#1991,.T.);
#4765=EDGE_CURVE('',#2488,#2489,#2028,.T.);
#4778=EDGE_CURVE('',#2560,#2531,#2021,.T.);
#4794=EDGE_CURVE('',#2603,#2559,#2060,.T.);
#4820=EDGE_CURVE('',#2548,#2509,#2071,.T.);
#4833=EDGE_CURVE('',#2541,#2613,#2084,.T.);
#4847=EDGE_CURVE('',#2612,#2542,#2112,.T.);
#4860=EDGE_CURVE('',#2492,#2529,#2119,.T.);
#4874=EDGE_CURVE('',#2528,#2493,#2126,.T.);
#4887=EDGE_CURVE('',#2533,#2556,#2139,.T.);
#4901=EDGE_CURVE('',#2550,#2520,#2157,.T.);
#4914=EDGE_CURVE('',#2521,#2552,#2174,.T.);
#4928=EDGE_CURVE('',#2484,#2485,#2181,.T.);
#4941=EDGE_CURVE('',#2587,#2588,#2194,.T.);
#4955=EDGE_CURVE('',#2563,#2470,#2212,.T.);
#4968=EDGE_CURVE('',#2471,#2564,#2229,.T.);
#4982=EDGE_CURVE('',#2620,#2576,#2236,.T.);
#4995=EDGE_CURVE('',#2582,#2575,#2249,.T.);
#5020=EDGE_CURVE('',#2719,#2720,#2268,.T.);
#5022=EDGE_CURVE('',#2720,#2601,#2317,.T.);
#5025=EDGE_CURVE('',#2719,#2562,#2272,.T.);
#5035=EDGE_CURVE('',#2668,#2638,#2277,.T.);
#5037=EDGE_CURVE('',#2638,#2668,#2282,.T.);
#5042=EDGE_CURVE('',#2720,#2719,#2313,.T.);
#5052=EDGE_CURVE('',#2637,#2638,#2286,.T.);
#5054=EDGE_CURVE('',#2637,#2696,#2308,.T.);
#5056=EDGE_CURVE('',#2696,#2668,#2290,.T.);
#5069=EDGE_CURVE('',#2696,#2637,#2299,.T.);
#5081=EDGE_CURVE('',#2637,#2650,#2294,.T.);
#5084=EDGE_CURVE('',#2696,#2649,#2303,.T.);
#5142=EDGE_CURVE('',#2751,#2752,#2335,.T.);
#5155=EDGE_CURVE('',#2863,#2792,#2362,.T.);
#5169=EDGE_CURVE('',#2791,#2853,#2355,.T.);
#5184=EDGE_CURVE('',#2852,#2866,#2390,.T.);
#5194=EDGE_CURVE('',#2820,#2821,#2376,.T.);
#5207=EDGE_CURVE('',#2743,#2744,#2413,.T.);
#5220=EDGE_CURVE('',#2809,#2786,#2406,.T.);
#5236=EDGE_CURVE('',#2851,#2808,#2431,.T.);
#5246=EDGE_CURVE('',#2828,#2829,#2427,.T.);
#5300=CIRCLE('',#5299,3.E-1);
#5305=CIRCLE('',#5304,3.088986552302E0);
#5310=CIRCLE('',#5309,3.228764300189E0);
#5315=CIRCLE('',#5314,3.228764300189E0);
#5320=CIRCLE('',#5319,3.E-1);
#5325=CIRCLE('',#5324,3.088986552302E0);
#5334=CIRCLE('',#5333,4.9E0);
#5339=CIRCLE('',#5338,4.9E0);
#5344=CIRCLE('',#5343,3.6E0);
#5349=CIRCLE('',#5348,3.6E0);
#5358=CIRCLE('',#5357,5.3E0);
#5363=CIRCLE('',#5362,5.3E0);
#5368=CIRCLE('',#5367,4.9E0);
#5373=CIRCLE('',#5372,4.9E0);
#5382=CIRCLE('',#5381,5.3E0);
#5387=CIRCLE('',#5386,1.66E0);
#5392=CIRCLE('',#5391,5.3E0);
#5397=CIRCLE('',#5396,1.66E0);
#5406=CIRCLE('',#5405,4.9125E0);
#5411=CIRCLE('',#5410,1.66E0);
#5416=CIRCLE('',#5415,5.3E0);
#5421=CIRCLE('',#5420,4.9125E0);
#5426=CIRCLE('',#5425,1.66E0);
#5431=CIRCLE('',#5430,5.3E0);
#5440=CIRCLE('',#5439,5.3E0);
#5445=CIRCLE('',#5444,5.3E0);
#5450=CIRCLE('',#5449,4.9E0);
#5455=CIRCLE('',#5454,4.9E0);
#5468=CIRCLE('',#5467,4.9E0);
#5473=CIRCLE('',#5472,4.9E0);
#5478=CIRCLE('',#5477,3.6E0);
#5483=CIRCLE('',#5482,3.6E0);
#5496=CIRCLE('',#5495,3.E-1);
#5501=CIRCLE('',#5500,3.228764300189E0);
#5506=CIRCLE('',#5505,3.088986552302E0);
#5511=CIRCLE('',#5510,3.088986552302E0);
#5516=CIRCLE('',#5515,3.E-1);
#5521=CIRCLE('',#5520,3.228764300189E0);
#5530=CIRCLE('',#5529,3.E0);
#5535=CIRCLE('',#5534,3.E0);
#5556=CIRCLE('',#5555,3.E0);
#5561=CIRCLE('',#5560,3.E0);
#5647=EDGE_CURVE('',#5592,#5593,#5310,.T.);
#5649=EDGE_CURVE('',#5623,#5593,#5295,.T.);
#5651=EDGE_CURVE('',#5623,#5622,#5349,.T.);
#5653=EDGE_CURVE('',#5622,#5592,#5329,.T.);
#5663=EDGE_CURVE('',#5589,#5592,#5300,.T.);
#5665=EDGE_CURVE('',#5588,#5589,#5305,.T.);
#5667=EDGE_CURVE('',#5588,#5593,#5320,.T.);
#5678=EDGE_CURVE('',#5593,#5592,#5315,.T.);
#5681=EDGE_CURVE('',#5589,#5588,#5325,.T.);
#5693=EDGE_CURVE('',#5622,#5623,#5344,.T.);
#5705=EDGE_CURVE('',#5630,#5584,#5334,.T.);
#5707=EDGE_CURVE('',#5584,#5630,#5339,.T.);
#5721=EDGE_CURVE('',#5585,#5631,#5368,.T.);
#5723=EDGE_CURVE('',#5630,#5631,#5353,.T.);
#5726=EDGE_CURVE('',#5584,#5585,#5573,.T.);
#5736=EDGE_CURVE('',#5637,#5627,#5358,.T.);
#5738=EDGE_CURVE('',#5627,#5637,#5363,.T.);
#5743=EDGE_CURVE('',#5631,#5585,#5373,.T.);
#5753=EDGE_CURVE('',#5615,#5614,#5382,.T.);
#5755=EDGE_CURVE('',#5637,#5614,#5377,.T.);
#5758=EDGE_CURVE('',#5627,#5615,#5401,.T.);
#5768=EDGE_CURVE('',#5641,#5614,#5397,.T.);
#5771=EDGE_CURVE('',#5639,#5615,#5387,.T.);
#5773=EDGE_CURVE('',#5639,#5641,#5421,.T.);
#5784=EDGE_CURVE('',#5614,#5615,#5392,.T.);
#5787=EDGE_CURVE('',#5641,#5639,#5406,.T.);
#5810=EDGE_CURVE('',#5635,#5641,#5411,.T.);
#5812=EDGE_CURVE('',#5600,#5635,#5416,.T.);
#5814=EDGE_CURVE('',#5600,#5639,#5426,.T.);
#5826=EDGE_CURVE('',#5635,#5600,#5431,.T.);
#5837=EDGE_CURVE('',#5601,#5609,#5440,.T.);
#5839=EDGE_CURVE('',#5635,#5609,#5435,.T.);
#5842=EDGE_CURVE('',#5600,#5601,#5459,.T.);
#5853=EDGE_CURVE('',#5609,#5601,#5445,.T.);
#5857=EDGE_CURVE('',#5603,#5576,#5450,.T.);
#5859=EDGE_CURVE('',#5576,#5603,#5455,.T.);
#5881=EDGE_CURVE('',#5577,#5617,#5468,.T.);
#5883=EDGE_CURVE('',#5603,#5617,#5463,.T.);
#5886=EDGE_CURVE('',#5576,#5577,#5487,.T.);
#5897=EDGE_CURVE('',#5617,#5577,#5473,.T.);
#5901=EDGE_CURVE('',#5611,#5633,#5478,.T.);
#5903=EDGE_CURVE('',#5633,#5611,#5483,.T.);
#5925=EDGE_CURVE('',#5596,#5597,#5501,.T.);
#5927=EDGE_CURVE('',#5611,#5597,#5491,.T.);
#5930=EDGE_CURVE('',#5633,#5596,#5569,.T.);
#5940=EDGE_CURVE('',#5597,#5625,#5496,.T.);
#5943=EDGE_CURVE('',#5596,#5619,#5516,.T.);
#5945=EDGE_CURVE('',#5625,#5619,#5506,.T.);
#5955=EDGE_CURVE('',#5619,#5625,#5511,.T.);
#5958=EDGE_CURVE('',#5597,#5596,#5521,.T.);
#5969=EDGE_CURVE('',#5619,#5607,#5525,.T.);
#5972=EDGE_CURVE('',#5625,#5606,#5539,.T.);
#5974=EDGE_CURVE('',#5607,#5606,#5530,.T.);
#5984=EDGE_CURVE('',#5606,#5607,#5535,.T.);
#5998=EDGE_CURVE('',#5580,#5607,#5543,.T.);
#6000=EDGE_CURVE('',#5580,#5581,#5561,.T.);
#6002=EDGE_CURVE('',#5581,#5606,#5547,.T.);
#6013=EDGE_CURVE('',#5581,#5580,#5556,.T.);
#6025=EDGE_CURVE('',#5589,#5581,#5551,.T.);
#6028=EDGE_CURVE('',#5588,#5580,#5565,.T.);
#6072=(LENGTH_UNIT()NAMED_UNIT(*)SI_UNIT(.MILLI.,.METRE.));
#6074=(NAMED_UNIT(*)PLANE_ANGLE_UNIT()SI_UNIT($,.RADIAN.));
#6077=(NAMED_UNIT(*)SI_UNIT($,.STERADIAN.)SOLID_ANGLE_UNIT());
#6080=ADVANCED_BREP_SHAPE_REPRESENTATION('',(#5291,#6071),#6079);
#6087=PRODUCT_DEFINITION('design','',#6086,#6083);
#6088=PRODUCT_DEFINITION_SHAPE('','SHAPE FOR 626ZZ-EA020.',#6087);
#6089=SHAPE_DEFINITION_REPRESENTATION(#6088,#6080);
ENDSEC;
END-ISO-10303-21;
