ISO-10303-21;
HEADER;
FILE_DESCRIPTION((''),'2;1');
FILE_NAME('628ZZ-EA030','2025-12-19T16:36:46',('qinghui.yi'),(''),
'CREO PARAMETRIC BY PTC INC, 2019164','CREO PARAMETRIC BY PTC INC, 2019164','');
FILE_SCHEMA(('CONFIG_CONTROL_DESIGN','SHAPE_APPEARANCE_LAYERS_GROUPS'));
ENDSEC;
DATA;
#204=DIRECTION('',(2.360293337768E-11,-5.200225493259E-1,8.541525321584E-1));
#205=VECTOR('',#204,2.239737692543E-1);
#206=CARTESIAN_POINT('',(-4.519062685498E1,3.345552508700E1,-8.163713022339E0));
#207=LINE('',#206,#205);
#208=CARTESIAN_POINT('',(-4.519062685497E1,3.328469458057E1,-8.267717532210E0));
#209=CARTESIAN_POINT('',(-4.520420200381E1,3.327902348964E1,-8.258402596379E0));
#210=CARTESIAN_POINT('',(-4.523277768016E1,3.327517124745E1,-8.241016847443E0));
#211=CARTESIAN_POINT('',(-4.526951812082E1,3.329251628487E1,-8.217156509179E0));
#212=CARTESIAN_POINT('',(-4.529149369686E1,3.332723533452E1,-8.192519534118E0));
#213=CARTESIAN_POINT('',(-4.529151389808E1,3.336910750805E1,-8.167026784511E0));
#214=CARTESIAN_POINT('',(-4.526959141400E1,3.340694425229E1,-8.147471001712E0));
#215=CARTESIAN_POINT('',(-4.523279801443E1,3.343617269953E1,-8.142980802046E0));
#216=CARTESIAN_POINT('',(-4.520420721368E1,3.344985181962E1,-8.154394511627E0));
#217=CARTESIAN_POINT('',(-4.519062685498E1,3.345552508700E1,-8.163713022339E0));
#219=DIRECTION('',(-2.220706097274E-13,5.200225493265E-1,-8.541525321581E-1));
#220=VECTOR('',#219,2.239737692632E-1);
#221=CARTESIAN_POINT('',(-4.519062685497E1,3.316822317010E1,-8.076409770057E0));
#222=LINE('',#221,#220);
#223=CARTESIAN_POINT('',(-4.519062685498E1,3.345552508700E1,-8.163713022339E0));
#224=CARTESIAN_POINT('',(-4.517097219502E1,3.346980761052E1,-8.173415952417E0));
#225=CARTESIAN_POINT('',(-4.514008893600E1,3.349819771014E1,-8.198431960823E0));
#226=CARTESIAN_POINT('',(-4.511484473019E1,3.354139455446E1,-8.251715331880E0));
#227=CARTESIAN_POINT('',(-4.511468902282E1,3.357824339432E1,-8.312131667792E0));
#228=CARTESIAN_POINT('',(-4.513975015059E1,3.360608804621E1,-8.375407932469E0));
#229=CARTESIAN_POINT('',(-4.517078504976E1,3.361554189123E1,-8.412657865591E0));
#230=CARTESIAN_POINT('',(-4.519062685497E1,3.361770016053E1,-8.430090412866E0));
#232=DIRECTION('',(0.E0,5.200225493259E-1,-8.541525321584E-1));
#233=VECTOR('',#232,2.239724820011E-1);
#234=CARTESIAN_POINT('',(-4.519062685497E1,3.344686965409E1,-8.534094922732E0));
#235=LINE('',#234,#233);
#236=CARTESIAN_POINT('',(-4.519062685497E1,3.361770016053E1,-8.430090412866E0));
#237=CARTESIAN_POINT('',(-4.520428393764E1,3.362340546069E1,-8.439461538387E0));
#238=CARTESIAN_POINT('',(-4.523298093114E1,3.362727431618E1,-8.457015866016E0));
#239=CARTESIAN_POINT('',(-4.526966549330E1,3.361004842E1,-8.481289936262E0));
#240=CARTESIAN_POINT('',(-4.529149075210E1,3.357559886996E1,-8.506235470434E0));
#241=CARTESIAN_POINT('',(-4.529150952113E1,3.353392151793E1,-8.531610136926E0));
#242=CARTESIAN_POINT('',(-4.526973359984E1,3.349593520236E1,-8.550783660130E0));
#243=CARTESIAN_POINT('',(-4.523299932483E1,3.346639769330E1,-8.554974560951E0));
#244=CARTESIAN_POINT('',(-4.520428856933E1,3.345257688917E1,-8.543469226394E0));
#245=CARTESIAN_POINT('',(-4.519062685497E1,3.344686965409E1,-8.534094922732E0));
#247=DIRECTION('',(2.855209963610E-13,-5.200225493259E-1,8.541525321584E-1));
#248=VECTOR('',#247,2.239724820012E-1);
#249=CARTESIAN_POINT('',(-4.519062685497E1,3.373417090160E1,-8.621397075502E0));
#250=LINE('',#249,#248);
#251=CARTESIAN_POINT('',(-4.519062685497E1,3.344686965409E1,-8.534094922732E0));
#252=CARTESIAN_POINT('',(-4.517091364286E1,3.343246824521E1,-8.524237701267E0));
#253=CARTESIAN_POINT('',(-4.513998380044E1,3.340387976959E1,-8.498928458685E0));
#254=CARTESIAN_POINT('',(-4.511477229208E1,3.336047132035E1,-8.445274634890E0));
#255=CARTESIAN_POINT('',(-4.511476090426E1,3.332366317313E1,-8.384824126805E0));
#256=CARTESIAN_POINT('',(-4.513985846749E1,3.329605213730E1,-8.321906081842E0));
#257=CARTESIAN_POINT('',(-4.517084572355E1,3.328676965007E1,-8.284970955003E0));
#258=CARTESIAN_POINT('',(-4.519062685497E1,3.328469458057E1,-8.267717532210E0));
#260=CARTESIAN_POINT('',(-4.531587911303E1,2.001890201990E1,-5.083220419661E0));
#261=DIRECTION('',(0.E0,-5.200225493259E-1,8.541525321584E-1));
#262=DIRECTION('',(0.E0,-8.541525321584E-1,-5.200225493259E-1));
#263=AXIS2_PLACEMENT_3D('',#260,#261,#262);
#265=CARTESIAN_POINT('',(-4.531587911303E1,2.836824302175E1,0.E0));
#266=DIRECTION('',(-1.E0,0.E0,0.E0));
#267=DIRECTION('',(0.E0,8.541525321584E-1,5.200225493259E-1));
#268=AXIS2_PLACEMENT_3D('',#265,#266,#267);
#270=CARTESIAN_POINT('',(-4.519062685497E1,3.780831815823E1,-3.083537909378E0));
#271=CARTESIAN_POINT('',(-4.520426361133E1,3.781869684511E1,-3.087044085612E0));
#272=CARTESIAN_POINT('',(-4.523291721092E1,3.783292314184E1,-3.097996647425E0));
#273=CARTESIAN_POINT('',(-4.526948840355E1,3.783539022327E1,-3.127482407222E0));
#274=CARTESIAN_POINT('',(-4.529150625650E1,3.782505746903E1,-3.168809918875E0));
#275=CARTESIAN_POINT('',(-4.529150647509E1,3.780932973344E1,-3.215365846705E0));
#276=CARTESIAN_POINT('',(-4.526948905619E1,3.779248303570E1,-3.254493221986E0));
#277=CARTESIAN_POINT('',(-4.523291687985E1,3.777263953587E1,-3.276442777929E0));
#278=CARTESIAN_POINT('',(-4.520426346372E1,3.775468578289E1,-3.276523857391E0));
#279=CARTESIAN_POINT('',(-4.519062685497E1,3.774430720835E1,-3.273017719111E0));
#281=CARTESIAN_POINT('',(-4.519062685497E1,3.744884980834E1,-3.173204927189E0));
#282=CARTESIAN_POINT('',(-4.520416912114E1,3.743854300179E1,-3.169723033901E0));
#283=CARTESIAN_POINT('',(-4.523267923477E1,3.742444063422E1,-3.158900153620E0));
#284=CARTESIAN_POINT('',(-4.526931284376E1,3.742230710527E1,-3.129679680023E0));
#285=CARTESIAN_POINT('',(-4.529151477706E1,3.743305830710E1,-3.088366569413E0));
#286=CARTESIAN_POINT('',(-4.529151496273E1,3.744885493004E1,-3.041606721528E0));
#287=CARTESIAN_POINT('',(-4.526931322010E1,3.746536025388E1,-3.002237055352E0));
#288=CARTESIAN_POINT('',(-4.523267901723E1,3.748477743098E1,-2.980296469493E0));
#289=CARTESIAN_POINT('',(-4.520416902467E1,3.750255402509E1,-2.980243248973E0));
#290=CARTESIAN_POINT('',(-4.519062685497E1,3.751286075822E1,-2.983725117457E0));
#292=CARTESIAN_POINT('',(-4.519062685497E1,3.758182008482E1,3.705836251615E0));
#293=CARTESIAN_POINT('',(-4.520426361133E1,3.759202434687E1,3.709821656126E0));
#294=CARTESIAN_POINT('',(-4.523291721092E1,3.760996249346E1,3.710575994284E0));
#295=CARTESIAN_POINT('',(-4.526948840355E1,3.763080546854E1,3.689574401214E0));
#296=CARTESIAN_POINT('',(-4.529150625650E1,3.764945493200E1,3.651273924163E0));
#297=CARTESIAN_POINT('',(-4.529150647509E1,3.766733236111E1,3.605500420789E0));
#298=CARTESIAN_POINT('',(-4.526948905619E1,3.767957763396E1,3.564698263812E0));
#299=CARTESIAN_POINT('',(-4.523291687985E1,3.767848553378E1,3.535128772630E0));
#300=CARTESIAN_POINT('',(-4.520426346372E1,3.766478427795E1,3.523526212193E0));
#301=CARTESIAN_POINT('',(-4.519062685497E1,3.765458012635E1,3.519540850823E0));
#303=CARTESIAN_POINT('',(-4.519062685497E1,3.736408820096E1,3.406085529508E0));
#304=CARTESIAN_POINT('',(-4.520416912114E1,3.735395461121E1,3.402127726965E0));
#305=CARTESIAN_POINT('',(-4.523267923477E1,3.733619475755E1,3.401353707122E0));
#306=CARTESIAN_POINT('',(-4.526931284376E1,3.731577782118E1,3.422366482571E0));
#307=CARTESIAN_POINT('',(-4.529151477706E1,3.729745816398E1,3.460924900709E0));
#308=CARTESIAN_POINT('',(-4.529151496273E1,3.727950242835E1,3.506898895843E0));
#309=CARTESIAN_POINT('',(-4.526931322010E1,3.726683990635E1,3.547667227503E0));
#310=CARTESIAN_POINT('',(-4.523267901723E1,3.726761119022E1,3.576955812233E0));
#311=CARTESIAN_POINT('',(-4.520416902467E1,3.728119464187E1,3.588423155952E0));
#312=CARTESIAN_POINT('',(-4.519062685497E1,3.729132815943E1,3.592380930301E0));
#314=CARTESIAN_POINT('',(-4.519062685497E1,2.107986355009E1,-6.277433695375E0));
#315=CARTESIAN_POINT('',(-4.520416912114E1,2.108803236141E1,-6.270248685712E0));
#316=CARTESIAN_POINT('',(-4.523267923477E1,2.110445643446E1,-6.263447117284E0));
#317=CARTESIAN_POINT('',(-4.526931284376E1,2.113082887138E1,-6.276209663810E0));
#318=CARTESIAN_POINT('',(-4.529151477706E1,2.116123147376E1,-6.306177033023E0));
#319=CARTESIAN_POINT('',(-4.529151496273E1,2.119382837843E1,-6.343237233726E0));
#320=CARTESIAN_POINT('',(-4.526931322010E1,2.121967084756E1,-6.377216096557E0));
#321=CARTESIAN_POINT('',(-4.523267901723E1,2.122896336374E1,-6.405002158123E0));
#322=CARTESIAN_POINT('',(-4.520416902467E1,2.122012115701E1,-6.420423750474E0));
#323=CARTESIAN_POINT('',(-4.519062685497E1,2.121195240388E1,-6.427608708953E0));
#325=CARTESIAN_POINT('',(-4.519062685497E1,2.097778329045E1,-6.633575927138E0));
#326=CARTESIAN_POINT('',(-4.520426361133E1,2.096955750932E1,-6.640811045518E0));
#327=CARTESIAN_POINT('',(-4.523291721092E1,2.095295916419E1,-6.647655098985E0));
#328=CARTESIAN_POINT('',(-4.526948840355E1,2.092619020644E1,-6.635048774277E0));
#329=CARTESIAN_POINT('',(-4.529150625650E1,2.089556590860E1,-6.605436590784E0));
#330=CARTESIAN_POINT('',(-4.529150647509E1,2.086311116019E1,-6.568538008304E0));
#331=CARTESIAN_POINT('',(-4.526948905619E1,2.083764920808E1,-6.534384652455E0));
#332=CARTESIAN_POINT('',(-4.523291687985E1,2.082856208495E1,-6.506224899531E0));
#333=CARTESIAN_POINT('',(-4.520426346372E1,2.083746874457E1,-6.490635953622E0));
#334=CARTESIAN_POINT('',(-4.519062685497E1,2.084569443666E1,-6.483400913561E0));
#336=CARTESIAN_POINT('',(-4.519062685497E1,2.697080282637E1,-9.832109922156E0));
#337=CARTESIAN_POINT('',(-4.520426361133E1,2.696915215690E1,-9.842939774576E0));
#338=CARTESIAN_POINT('',(-4.523291721092E1,2.696083635961E1,-9.858851834296E0));
#339=CARTESIAN_POINT('',(-4.526948840355E1,2.693222695895E1,-9.866401583670E0));
#340=CARTESIAN_POINT('',(-4.529150625650E1,2.688973304112E1,-9.863402254266E0));
#341=CARTESIAN_POINT('',(-4.529150647509E1,2.684115330982E1,-9.855997810348E0));
#342=CARTESIAN_POINT('',(-4.526948905619E1,2.679969496893E1,-9.846201449219E0));
#343=CARTESIAN_POINT('',(-4.523291687985E1,2.677463308848E1,-9.830470917131E0));
#344=CARTESIAN_POINT('',(-4.520426346372E1,2.677143560430E1,-9.812804001297E0));
#345=CARTESIAN_POINT('',(-4.519062685497E1,2.677308625591E1,-9.801974266107E0));
#347=CARTESIAN_POINT('',(-4.519062685497E1,2.682007702816E1,-9.493673218465E0));
#348=CARTESIAN_POINT('',(-4.520416912114E1,2.682171626549E1,-9.482918371039E0));
#349=CARTESIAN_POINT('',(-4.523267923477E1,2.682992587147E1,-9.467150876682E0));
#350=CARTESIAN_POINT('',(-4.526931284376E1,2.685833193700E1,-9.459975678838E0));
#351=CARTESIAN_POINT('',(-4.529151477706E1,2.690088433523E1,-9.463389599386E0));
#352=CARTESIAN_POINT('',(-4.529151496273E1,2.694967685075E1,-9.470826473756E0));
#353=CARTESIAN_POINT('',(-4.526931322010E1,2.699131452264E1,-9.480244573853E0));
#354=CARTESIAN_POINT('',(-4.523267901723E1,2.701629353912E1,-9.495556817649E0));
#355=CARTESIAN_POINT('',(-4.520416902467E1,2.701943282427E1,-9.513054103703E0));
#356=CARTESIAN_POINT('',(-4.519062685497E1,2.701779359862E1,-9.523808874514E0));
#358=CARTESIAN_POINT('',(-4.531587911303E1,3.671758402359E1,5.083220419661E0));
#359=DIRECTION('',(0.E0,5.200225493259E-1,-8.541525321584E-1));
#360=DIRECTION('',(0.E0,8.541525321584E-1,5.200225493259E-1));
#361=AXIS2_PLACEMENT_3D('',#358,#359,#360);
#363=CARTESIAN_POINT('',(-4.531587911303E1,2.836824302175E1,0.E0));
#364=DIRECTION('',(-1.E0,0.E0,0.E0));
#365=DIRECTION('',(0.E0,-8.541525321584E-1,-5.200225493259E-1));
#366=AXIS2_PLACEMENT_3D('',#363,#364,#365);
#368=CARTESIAN_POINT('',(-4.519062685497E1,1.844284199861E1,
-3.311180318284E-1));
#369=CARTESIAN_POINT('',(-4.520426351755E1,1.843189011556E1,
-3.313730221151E-1));
#370=CARTESIAN_POINT('',(-4.523291695760E1,1.841477580604E1,
-3.259467826752E-1));
#371=CARTESIAN_POINT('',(-4.526948842694E1,1.840237266167E1,
-2.990829278934E-1));
#372=CARTESIAN_POINT('',(-4.529150619812E1,1.839794745578E1,
-2.567137727659E-1));
#373=CARTESIAN_POINT('',(-4.529150650864E1,1.839680364067E1,
-2.075868268946E-1));
#374=CARTESIAN_POINT('',(-4.526948969088E1,1.839925185063E1,
-1.650573404215E-1));
#375=CARTESIAN_POINT('',(-4.523291705933E1,1.841039146753E1,
-1.376439239588E-1));
#376=CARTESIAN_POINT('',(-4.520426351512E1,1.842723482308E1,
-1.314272088258E-1));
#377=CARTESIAN_POINT('',(-4.519062685497E1,1.843818670418E1,
-1.311722185846E-1));
#379=CARTESIAN_POINT('',(-4.519062685497E1,2.092056383612E1,6.087587688956E0));
#380=CARTESIAN_POINT('',(-4.520416912114E1,2.092905818854E1,6.080790644073E0));
#381=CARTESIAN_POINT('',(-4.523267923477E1,2.093860843622E1,6.065797169560E0));
#382=CARTESIAN_POINT('',(-4.526931284376E1,2.093061930706E1,6.037609196267E0));
#383=CARTESIAN_POINT('',(-4.529151477706E1,2.090638656602E1,6.002464698677E0));
#384=CARTESIAN_POINT('',(-4.529151496273E1,2.087554978614E1,5.963927577912E0));
#385=CARTESIAN_POINT('',(-4.526931322010E1,2.084657463625E1,5.932577346349E0));
#386=CARTESIAN_POINT('',(-4.523267901723E1,2.082082433590E1,5.918601005416E0));
#387=CARTESIAN_POINT('',(-4.520416902467E1,2.080410159910E1,5.924630947751E0));
#388=CARTESIAN_POINT('',(-4.519062685497E1,2.079560730719E1,5.931427944213E0));
#390=CARTESIAN_POINT('',(-4.519062685497E1,2.055210615404E1,6.126273670541E0));
#391=CARTESIAN_POINT('',(-4.520426361133E1,2.054355256147E1,6.133118118450E0));
#392=CARTESIAN_POINT('',(-4.523291721092E1,2.053393021217E1,6.148275840012E0));
#393=CARTESIAN_POINT('',(-4.526948840355E1,2.054169663775E1,6.176827182455E0));
#394=CARTESIAN_POINT('',(-4.529150625650E1,2.056554109212E1,6.212128330103E0));
#395=CARTESIAN_POINT('',(-4.529150647509E1,2.059624339430E1,6.250497389559E0));
#396=CARTESIAN_POINT('',(-4.526948905619E1,2.062545646235E1,6.281503185407E0));
#397=CARTESIAN_POINT('',(-4.523291687985E1,2.065161044298E1,6.295342144501E0));
#398=CARTESIAN_POINT('',(-4.520426346372E1,2.066850918299E1,6.289277789104E0));
#399=CARTESIAN_POINT('',(-4.519062685497E1,2.067706268297E1,6.282433415284E0));
#401=CARTESIAN_POINT('',(-4.519062685497E1,2.657601570681E1,9.450638622564E0));
#402=CARTESIAN_POINT('',(-4.520416912114E1,2.657815370204E1,9.439971719614E0));
#403=CARTESIAN_POINT('',(-4.523267923477E1,2.657583199656E1,9.422347270904E0));
#404=CARTESIAN_POINT('',(-4.526931284376E1,2.655159308859E1,9.405889343833E0));
#405=CARTESIAN_POINT('',(-4.529151477706E1,2.651043928438E1,9.394543602436E0));
#406=CARTESIAN_POINT('',(-4.529151496273E1,2.646204575676E1,9.384843955254E0));
#407=CARTESIAN_POINT('',(-4.526931322010E1,2.641969796380E1,9.379453151909E0));
#408=CARTESIAN_POINT('',(-4.523267901723E1,2.639098827052E1,9.385298627616E0));
#409=CARTESIAN_POINT('',(-4.520416902467E1,2.638205388314E1,9.400666999447E0));
#410=CARTESIAN_POINT('',(-4.519062685497E1,2.637991590314E1,9.411333826409E0));
#412=CARTESIAN_POINT('',(-4.519062685497E1,2.631862761656E1,9.717113836516E0));
#413=CARTESIAN_POINT('',(-4.520426361133E1,2.631647471081E1,9.727855131131E0));
#414=CARTESIAN_POINT('',(-4.523291721092E1,2.631884675921E1,9.745651746411E0));
#415=CARTESIAN_POINT('',(-4.526948840355E1,2.634314863553E1,9.762531181499E0));
#416=CARTESIAN_POINT('',(-4.529150625650E1,2.638410568761E1,9.774246509659E0));
#417=CARTESIAN_POINT('',(-4.529150647509E1,2.643228817161E1,9.783903855010E0));
#418=CARTESIAN_POINT('',(-4.526948905619E1,2.647459682145E1,9.788877874441E0));
#419=CARTESIAN_POINT('',(-4.523291687985E1,2.650352744442E1,9.782667677461E0));
#420=CARTESIAN_POINT('',(-4.520426346372E1,2.651257453778E1,9.767159811014E0));
#421=CARTESIAN_POINT('',(-4.519062685497E1,2.651472742023E1,9.756418632671E0));
#423=CARTESIAN_POINT('',(-4.531587911303E1,2.836824302175E1,0.E0));
#424=DIRECTION('',(-1.E0,0.E0,0.E0));
#425=DIRECTION('',(0.E0,8.541525321584E-1,5.200225493259E-1));
#426=AXIS2_PLACEMENT_3D('',#423,#424,#425);
#428=CARTESIAN_POINT('',(-4.531587911303E1,2.836824302175E1,0.E0));
#429=DIRECTION('',(-1.E0,0.E0,0.E0));
#430=DIRECTION('',(0.E0,-8.541525321584E-1,-5.200225493259E-1));
#431=AXIS2_PLACEMENT_3D('',#428,#429,#430);
#433=CARTESIAN_POINT('',(-4.531587911303E1,2.836824302175E1,0.E0));
#434=DIRECTION('',(1.E0,0.E0,0.E0));
#435=DIRECTION('',(0.E0,-8.541525321584E-1,-5.200225493259E-1));
#436=AXIS2_PLACEMENT_3D('',#433,#434,#435);
#438=CARTESIAN_POINT('',(-4.531587911303E1,2.836824302175E1,0.E0));
#439=DIRECTION('',(1.E0,0.E0,0.E0));
#440=DIRECTION('',(0.E0,8.541525321584E-1,5.200225493259E-1));
#441=AXIS2_PLACEMENT_3D('',#438,#439,#440);
#443=CARTESIAN_POINT('',(-4.531587911303E1,3.671758402359E1,5.083220419661E0));
#444=DIRECTION('',(0.E0,5.200225493259E-1,-8.541525321584E-1));
#445=DIRECTION('',(0.E0,8.541525321584E-1,5.200225493259E-1));
#446=AXIS2_PLACEMENT_3D('',#443,#444,#445);
#448=CARTESIAN_POINT('',(-4.531587911303E1,2.836824302175E1,0.E0));
#449=DIRECTION('',(1.E0,0.E0,0.E0));
#450=DIRECTION('',(0.E0,-8.541525321584E-1,-5.200225493259E-1));
#451=AXIS2_PLACEMENT_3D('',#448,#449,#450);
#453=CARTESIAN_POINT('',(-4.519062685497E1,3.333905367653E1,-7.972405260193E0));
#454=CARTESIAN_POINT('',(-4.520799783902E1,3.333607512078E1,-7.967512893615E0));
#455=CARTESIAN_POINT('',(-4.524287519916E1,3.332364753290E1,-7.965098547414E0));
#456=CARTESIAN_POINT('',(-4.528102183649E1,3.328911661864E1,-7.981214253131E0));
#457=CARTESIAN_POINT('',(-4.529543007474E1,3.324377704964E1,-8.008217621852E0));
#458=CARTESIAN_POINT('',(-4.528101899405E1,3.319897440235E1,-8.036094571815E0));
#459=CARTESIAN_POINT('',(-4.524287271878E1,3.316880534250E1,-8.059369696939E0));
#460=CARTESIAN_POINT('',(-4.520799697791E1,3.316524476200E1,-8.071517646003E0));
#461=CARTESIAN_POINT('',(-4.519062685497E1,3.316822317010E1,-8.076409770057E0));
#463=CARTESIAN_POINT('',(-4.519062685497E1,3.356334039516E1,-8.725401585367E0));
#464=CARTESIAN_POINT('',(-4.514174092489E1,3.353966904815E1,-8.720736561568E0));
#465=CARTESIAN_POINT('',(-4.505729118384E1,3.348855247608E1,-8.695883490389E0));
#466=CARTESIAN_POINT('',(-4.496192126814E1,3.340029268253E1,-8.617664736915E0));
#467=CARTESIAN_POINT('',(-4.491378909857E1,3.331533614597E1,-8.511809396852E0));
#468=CARTESIAN_POINT('',(-4.491403379528E1,3.324197076306E1,-8.391133303135E0));
#469=CARTESIAN_POINT('',(-4.496225324772E1,3.318774334694E1,-8.268313763336E0));
#470=CARTESIAN_POINT('',(-4.505709156299E1,3.315953982413E1,-8.155610123226E0));
#471=CARTESIAN_POINT('',(-4.514163783085E1,3.316129448113E1,-8.099317217761E0));
#472=CARTESIAN_POINT('',(-4.519062685497E1,3.316822317010E1,-8.076409770057E0));
#474=CARTESIAN_POINT('',(-4.519062685497E1,3.373417090160E1,-8.621397075502E0));
#475=CARTESIAN_POINT('',(-4.520805609974E1,3.373715942277E1,-8.626305810581E0));
#476=CARTESIAN_POINT('',(-4.524297242516E1,3.373365751022E1,-8.638655067280E0));
#477=CARTESIAN_POINT('',(-4.528105315069E1,3.370377511597E1,-8.662451565530E0));
#478=CARTESIAN_POINT('',(-4.529540796063E1,3.365921183874E1,-8.690548093583E0));
#479=CARTESIAN_POINT('',(-4.528107612893E1,3.361380473532E1,-8.717229117723E0));
#480=CARTESIAN_POINT('',(-4.524300013445E1,3.357891912087E1,-8.732869018844E0));
#481=CARTESIAN_POINT('',(-4.520806661798E1,3.356633071986E1,-8.730313282782E0));
#482=CARTESIAN_POINT('',(-4.519062685497E1,3.356334039516E1,-8.725401585367E0));
#484=CARTESIAN_POINT('',(-4.519062685497E1,3.333905367653E1,-7.972405260193E0));
#485=CARTESIAN_POINT('',(-4.514162817392E1,3.336258963919E1,-7.976768995345E0));
#486=CARTESIAN_POINT('',(-4.505706939807E1,3.341341377210E1,-8.001065411685E0));
#487=CARTESIAN_POINT('',(-4.496223023773E1,3.350059552803E1,-8.077884938511E0));
#488=CARTESIAN_POINT('',(-4.491402171940E1,3.358481483196E1,-8.182475914559E0));
#489=CARTESIAN_POINT('',(-4.491380088548E1,3.365832146335E1,-8.303058182458E0));
#490=CARTESIAN_POINT('',(-4.496194008893E1,3.371333488017E1,-8.427112584567E0));
#491=CARTESIAN_POINT('',(-4.505730804036E1,3.374228824686E1,-8.541418564517E0));
#492=CARTESIAN_POINT('',(-4.514174810380E1,3.374089447910E1,-8.598229907504E0));
#493=CARTESIAN_POINT('',(-4.519062685497E1,3.373417090160E1,-8.621397075502E0));
#495=CARTESIAN_POINT('',(-4.519062685497E1,2.685382501053E1,-9.272256590806E0));
#496=CARTESIAN_POINT('',(-4.520799647121E1,2.685468798911E1,-9.266594687704E0));
#497=CARTESIAN_POINT('',(-4.524287248508E1,2.686522357249E1,-9.259577168793E0));
#498=CARTESIAN_POINT('',(-4.528102265650E1,2.690329915887E1,-9.261140053556E0));
#499=CARTESIAN_POINT('',(-4.529543067398E1,2.695554906834E1,-9.268585491802E0));
#500=CARTESIAN_POINT('',(-4.528101577562E1,2.700763366148E1,-9.277043058817E0));
#501=CARTESIAN_POINT('',(-4.524286986735E1,2.704443835513E1,-9.286893500080E0));
#502=CARTESIAN_POINT('',(-4.520799594590E1,2.705240453347E1,-9.296730514987E0));
#503=CARTESIAN_POINT('',(-4.519062685497E1,2.705154158099E1,-9.302392246858E0));
#505=CARTESIAN_POINT('',(-4.519062685497E1,2.673933846750E1,-1.002338962120E1));
#506=CARTESIAN_POINT('',(-4.514174121763E1,2.672420387378E1,-1.000460046959E1));
#507=CARTESIAN_POINT('',(-4.505729187097E1,2.670102168009E1,-9.952704938854E0));
#508=CARTESIAN_POINT('',(-4.496192307957E1,2.668368878728E1,-9.836056403312E0));
#509=CARTESIAN_POINT('',(-4.491378880735E1,2.668665033012E1,-9.700355539408E0));
#510=CARTESIAN_POINT('',(-4.491403374980E1,2.670801914225E1,-9.560748892321E0));
#511=CARTESIAN_POINT('',(-4.496225762413E1,2.674542747092E1,-9.431804114163E0));
#512=CARTESIAN_POINT('',(-4.505709340304E1,2.679626493471E1,-9.327345500353E0));
#513=CARTESIAN_POINT('',(-4.514163859740E1,2.683379301674E1,-9.285350833508E0));
#514=CARTESIAN_POINT('',(-4.519062685497E1,2.685382501053E1,-9.272256590806E0));
#516=CARTESIAN_POINT('',(-4.519062685497E1,2.673933846750E1,-1.002338962120E1));
#517=CARTESIAN_POINT('',(-4.520805778702E1,2.673847244962E1,-1.002907146480E1));
#518=CARTESIAN_POINT('',(-4.524297919483E1,2.674646275779E1,-1.003911835022E1));
#519=CARTESIAN_POINT('',(-4.528106838813E1,2.678323197507E1,-1.004956394559E1));
#520=CARTESIAN_POINT('',(-4.529540677690E1,2.683517413016E1,-1.005831362364E1));
#521=CARTESIAN_POINT('',(-4.528106563382E1,2.688736051002E1,-1.006543482693E1));
#522=CARTESIAN_POINT('',(-4.524297683827E1,2.692556945251E1,-1.006641700536E1));
#523=CARTESIAN_POINT('',(-4.520805697207E1,2.693618906057E1,-1.005920685521E1));
#524=CARTESIAN_POINT('',(-4.519062685497E1,2.693705503796E1,-1.005352527725E1));
#526=CARTESIAN_POINT('',(-4.519062685497E1,2.705154158099E1,-9.302392246858E0));
#527=CARTESIAN_POINT('',(-4.514162849604E1,2.706676611942E1,-9.320863565668E0));
#528=CARTESIAN_POINT('',(-4.505707014389E1,2.709008209081E1,-9.372144704036E0));
#529=CARTESIAN_POINT('',(-4.496223218281E1,2.710748857589E1,-9.487028164435E0));
#530=CARTESIAN_POINT('',(-4.491402133642E1,2.710477499658E1,-9.621287136569E0));
#531=CARTESIAN_POINT('',(-4.491380091710E1,2.708357467577E1,-9.760912433972E0));
#532=CARTESIAN_POINT('',(-4.496194418920E1,2.704597489256E1,-9.891308021687E0));
#533=CARTESIAN_POINT('',(-4.505730993225E1,2.699468168486E1,-9.997476566377E0));
#534=CARTESIAN_POINT('',(-4.514174890122E1,2.695709683872E1,-1.004010024828E1));
#535=CARTESIAN_POINT('',(-4.519062685497E1,2.693705503796E1,-1.005352527725E1));
#537=CARTESIAN_POINT('',(-4.519062685497E1,2.067751908403E1,-6.631322255707E0));
#538=CARTESIAN_POINT('',(-4.520805778702E1,2.067320345718E1,-6.635118134865E0));
#539=CARTESIAN_POINT('',(-4.524297919483E1,2.067286637489E1,-6.647950566693E0));
#540=CARTESIAN_POINT('',(-4.528106838813E1,2.069431893018E1,-6.679587154271E0));
#541=CARTESIAN_POINT('',(-4.529540677690E1,2.072848474481E1,-6.719677570225E0));
#542=CARTESIAN_POINT('',(-4.528106563382E1,2.076388440987E1,-6.758677486802E0));
#543=CARTESIAN_POINT('',(-4.524297683827E1,2.079252282581E1,-6.783990113946E0));
#544=CARTESIAN_POINT('',(-4.520805697207E1,2.080529251274E1,-6.785292970975E0));
#545=CARTESIAN_POINT('',(-4.519062685497E1,2.080960793782E1,-6.781497269286E0));
#547=CARTESIAN_POINT('',(-4.519062685497E1,2.138012872308E1,-6.279686516643E0));
#548=CARTESIAN_POINT('',(-4.514162849604E1,2.137991826128E1,-6.303622512443E0));
#549=CARTESIAN_POINT('',(-4.505707014389E1,2.136481645125E1,-6.357893361044E0));
#550=CARTESIAN_POINT('',(-4.496223218281E1,2.130430492752E1,-6.457087870427E0));
#551=CARTESIAN_POINT('',(-4.491402133642E1,2.121592620139E1,-6.558191954811E0));
#552=CARTESIAN_POINT('',(-4.491380091710E1,2.110993640227E1,-6.651523834466E0));
#553=CARTESIAN_POINT('',(-4.496194418920E1,2.099731662913E1,-6.727243975066E0));
#554=CARTESIAN_POINT('',(-4.505730993225E1,2.088977992734E1,-6.775603160389E0));
#555=CARTESIAN_POINT('',(-4.514174890122E1,2.083359029020E1,-6.784095721645E0));
#556=CARTESIAN_POINT('',(-4.519062685497E1,2.080960793782E1,-6.781497269286E0));
#558=CARTESIAN_POINT('',(-4.519062685497E1,2.138012872308E1,-6.279686516643E0));
#559=CARTESIAN_POINT('',(-4.520799783902E1,2.138442954284E1,-6.275903661302E0));
#560=CARTESIAN_POINT('',(-4.524287519916E1,2.138464918171E1,-6.263245629592E0));
#561=CARTESIAN_POINT('',(-4.528102183649E1,2.136278207944E1,-6.232037780442E0));
#562=CARTESIAN_POINT('',(-4.529543007474E1,2.132831581903E1,-6.192076107139E0));
#563=CARTESIAN_POINT('',(-4.528101899405E1,2.129308248452E1,-6.152794894296E0));
#564=CARTESIAN_POINT('',(-4.524287271878E1,2.126492215858E1,-6.127125853312E0));
#565=CARTESIAN_POINT('',(-4.520799697791E1,2.125234047585E1,-6.125728835248E0));
#566=CARTESIAN_POINT('',(-4.519062685497E1,2.124803986929E1,-6.129511503066E0));
#568=CARTESIAN_POINT('',(-4.519062685497E1,2.067751908403E1,-6.631322255707E0));
#569=CARTESIAN_POINT('',(-4.514174121763E1,2.067800274646E1,-6.607200601205E0));
#570=CARTESIAN_POINT('',(-4.505729187097E1,2.069360195996E1,-6.552545091394E0));
#571=CARTESIAN_POINT('',(-4.496192307957E1,2.075530442707E1,-6.452045760200E0));
#572=CARTESIAN_POINT('',(-4.491378880735E1,2.084479993445E1,-6.349996510523E0));
#573=CARTESIAN_POINT('',(-4.491403374980E1,2.095090681722E1,-6.256787221975E0));
#574=CARTESIAN_POINT('',(-4.496225762413E1,2.106244736526E1,-6.182055401366E0));
#575=CARTESIAN_POINT('',(-4.505709340304E1,2.116853582457E1,-6.134713152549E0));
#576=CARTESIAN_POINT('',(-4.514163859740E1,2.122427765480E1,-6.126665957521E0));
#577=CARTESIAN_POINT('',(-4.519062685497E1,2.124803986929E1,-6.129511503066E0));
#579=CARTESIAN_POINT('',(-4.519062685497E1,3.708270174387E1,3.510899226533E0));
#580=CARTESIAN_POINT('',(-4.520799783902E1,3.707736648255E1,3.508815472274E0));
#581=CARTESIAN_POINT('',(-4.524287519916E1,3.707283078771E1,3.496995934200E0));
#582=CARTESIAN_POINT('',(-4.528102183649E1,3.708270542931E1,3.460191159191E0));
#583=CARTESIAN_POINT('',(-4.529543007474E1,3.710142542265E1,3.410851314350E0));
#584=CARTESIAN_POINT('',(-4.528101899405E1,3.712109896105E1,3.361888538387E0));
#585=CARTESIAN_POINT('',(-4.524287271878E1,3.713878168246E1,3.328136131278E0));
#586=CARTESIAN_POINT('',(-4.520799697791E1,3.715012678856E1,3.322520174777E0));
#587=CARTESIAN_POINT('',(-4.519062685497E1,3.715546178540E1,3.324603825740E0));
#589=CARTESIAN_POINT('',(-4.519062685497E1,3.786320534286E1,3.601022086284E0));
#590=CARTESIAN_POINT('',(-4.514174121763E1,3.785450075710E1,3.578520567844E0));
#591=CARTESIAN_POINT('',(-4.505729187097E1,3.782114900599E1,3.532496433825E0));
#592=CARTESIAN_POINT('',(-4.496192307957E1,3.772879485731E1,3.459161440552E0));
#593=CARTESIAN_POINT('',(-4.491378880735E1,3.760979369043E1,3.393875779934E0));
#594=CARTESIAN_POINT('',(-4.491403374980E1,3.747820638145E1,3.342578390549E0));
#595=CARTESIAN_POINT('',(-4.496225762413E1,3.734783276354E1,3.310502564412E0));
#596=CARTESIAN_POINT('',(-4.505709340304E1,3.723195021844E1,3.302299792609E0));
#597=CARTESIAN_POINT('',(-4.514163859740E1,3.717681772912E1,3.313802731584E0));
#598=CARTESIAN_POINT('',(-4.519062685497E1,3.715546178540E1,3.324603825740E0));
#600=CARTESIAN_POINT('',(-4.519062685497E1,3.786320534286E1,3.601022086284E0));
#601=CARTESIAN_POINT('',(-4.520805778702E1,3.786855897270E1,3.603113014605E0));
#602=CARTESIAN_POINT('',(-4.524297919483E1,3.787326467661E1,3.615056267167E0));
#603=CARTESIAN_POINT('',(-4.528106838813E1,3.786392621892E1,3.652122141096E0));
#604=CARTESIAN_POINT('',(-4.529540677690E1,3.784553258484E1,3.701480205951E0));
#605=CARTESIAN_POINT('',(-4.528106563382E1,3.782560653787E1,3.750235538285E0));
#606=CARTESIAN_POINT('',(-4.524297683827E1,3.780735265810E1,3.783816542352E0));
#607=CARTESIAN_POINT('',(-4.520805697207E1,3.779579868087E1,3.789408317640E0));
#608=CARTESIAN_POINT('',(-4.519062685497E1,3.779044530132E1,3.787317487077E0));
#610=CARTESIAN_POINT('',(-4.519062685497E1,3.708270174387E1,3.510899226533E0));
#611=CARTESIAN_POINT('',(-4.514162849604E1,3.709108610599E1,3.533319722982E0));
#612=CARTESIAN_POINT('',(-4.505707014389E1,3.712383888885E1,3.579152515704E0));
#613=CARTESIAN_POINT('',(-4.496223218281E1,3.721462764149E1,3.651668704174E0));
#614=CARTESIAN_POINT('',(-4.491402133642E1,3.733225611170E1,3.716448161623E0));
#615=CARTESIAN_POINT('',(-4.491380091710E1,3.746377532667E1,3.767900793933E0));
#616=CARTESIAN_POINT('',(-4.496194418920E1,3.759550110978E1,3.800536220350E0));
#617=CARTESIAN_POINT('',(-4.505730993225E1,3.771309237041E1,3.809199271788E0));
#618=CARTESIAN_POINT('',(-4.514174890122E1,3.776879798481E1,3.797961681182E0));
#619=CARTESIAN_POINT('',(-4.519062685497E1,3.779044530132E1,3.787317487077E0));
#621=CARTESIAN_POINT('',(-4.519062685497E1,3.730066822229E1,-2.912041248870E0));
#622=CARTESIAN_POINT('',(-4.520799783902E1,3.729524176359E1,-2.910208057373E0));
#623=CARTESIAN_POINT('',(-4.524287519916E1,3.728416976713E1,-2.916346860387E0));
#624=CARTESIAN_POINT('',(-4.528102183649E1,3.726807652811E1,-2.950888251034E0));
#625=CARTESIAN_POINT('',(-4.529543007474E1,3.725070183405E1,-3.000717744772E0));
#626=CARTESIAN_POINT('',(-4.528101899405E1,3.723429997309E1,-3.050871313939E0));
#627=CARTESIAN_POINT('',(-4.524287271878E1,3.722615009448E1,-3.088093392073E0));
#628=CARTESIAN_POINT('',(-4.520799697791E1,3.723123108271E1,-3.099687957980E0));
#629=CARTESIAN_POINT('',(-4.519062685497E1,3.723665727242E1,-3.101521058602E0));
#631=CARTESIAN_POINT('',(-4.519062685497E1,3.795649852473E1,-3.344701175704E0));
#632=CARTESIAN_POINT('',(-4.514174121763E1,3.793536672793E1,-3.356343138998E0));
#633=CARTESIAN_POINT('',(-4.505729187097E1,3.788023406123E1,-3.370161578734E0));
#634=CARTESIAN_POINT('',(-4.496192307957E1,3.776234785380E1,-3.366975340340E0));
#635=CARTESIAN_POINT('',(-4.491378880735E1,3.762922285745E1,-3.340494582266E0));
#636=CARTESIAN_POINT('',(-4.491403374980E1,3.749544780431E1,-3.295207970544E0));
#637=CARTESIAN_POINT('',(-4.496225762413E1,3.737495787518E1,-3.235976932695E0));
#638=CARTESIAN_POINT('',(-4.505709340304E1,3.728091405537E1,-3.167772756286E0));
#639=CARTESIAN_POINT('',(-4.514163859740E1,3.724607406493E1,-3.123522512774E0));
#640=CARTESIAN_POINT('',(-4.519062685497E1,3.723665727242E1,-3.101521058602E0));
#642=CARTESIAN_POINT('',(-4.519062685497E1,3.795649852473E1,-3.344701175704E0));
#643=CARTESIAN_POINT('',(-4.520805778702E1,3.796194366593E1,-3.346540678611E0));
#644=CARTESIAN_POINT('',(-4.524297919483E1,3.797322541904E1,-3.340416384524E0));
#645=CARTESIAN_POINT('',(-4.528106838813E1,3.798989722992E1,-3.306019632876E0));
#646=CARTESIAN_POINT('',(-4.529540677690E1,3.800753364127E1,-3.256385961485E0));
#647=CARTESIAN_POINT('',(-4.528106563382E1,3.802360872724E1,-3.206228993973E0));
#648=CARTESIAN_POINT('',(-4.524297683827E1,3.803121089741E1,-3.168771084668E0));
#649=CARTESIAN_POINT('',(-4.520805697207E1,3.802595436123E1,-3.157060782876E0));
#650=CARTESIAN_POINT('',(-4.519062685497E1,3.802050947460E1,-3.155221365971E0));
#652=CARTESIAN_POINT('',(-4.519062685497E1,3.730066822229E1,-2.912041248870E0));
#653=CARTESIAN_POINT('',(-4.514162849604E1,3.732150263362E1,-2.900255516236E0));
#654=CARTESIAN_POINT('',(-4.505707014389E1,3.737605347221E1,-2.886198643068E0));
#655=CARTESIAN_POINT('',(-4.496223218281E1,3.749221419912E1,-2.889005905150E0));
#656=CARTESIAN_POINT('',(-4.491402133642E1,3.762396226769E1,-2.914992084940E0));
#657=CARTESIAN_POINT('',(-4.491380091710E1,3.775778494601E1,-2.960116003692E0));
#658=CARTESIAN_POINT('',(-4.496194418920E1,3.787967039791E1,-3.019787517896E0));
#659=CARTESIAN_POINT('',(-4.505730993225E1,3.797531903181E1,-3.088737440823E0));
#660=CARTESIAN_POINT('',(-4.514174890122E1,3.801076862417E1,-3.133152813388E0));
#661=CARTESIAN_POINT('',(-4.519062685497E1,3.802050947460E1,-3.155221365971E0));
#663=CARTESIAN_POINT('',(-4.531587911303E1,2.001890201990E1,-5.083220419661E0));
#664=DIRECTION('',(0.E0,-5.200225493259E-1,8.541525321584E-1));
#665=DIRECTION('',(0.E0,-8.541525321584E-1,-5.200225493259E-1));
#666=AXIS2_PLACEMENT_3D('',#663,#664,#665);
#668=CARTESIAN_POINT('',(-4.531587911303E1,2.836824302175E1,0.E0));
#669=DIRECTION('',(1.E0,0.E0,0.E0));
#670=DIRECTION('',(0.E0,8.541525321584E-1,5.200225493259E-1));
#671=AXIS2_PLACEMENT_3D('',#668,#669,#670);
#673=CARTESIAN_POINT('',(-4.519062685497E1,3.278714317895E1,8.291050934543E0));
#674=CARTESIAN_POINT('',(-4.520799783902E1,3.278439554308E1,8.286025246304E0));
#675=CARTESIAN_POINT('',(-4.524287519916E1,3.278851845188E1,8.274055466394E0));
#676=CARTESIAN_POINT('',(-4.528102183649E1,3.281974051956E1,8.252208670290E0));
#677=CARTESIAN_POINT('',(-4.529543007474E1,3.286579590736E1,8.226445136098E0));
#678=CARTESIAN_POINT('',(-4.528101899405E1,3.291233937785E1,8.201583380372E0));
#679=CARTESIAN_POINT('',(-4.524287271878E1,3.294758075741E1,8.187093770692E0));
#680=CARTESIAN_POINT('',(-4.520799697791E1,3.295988148015E1,8.190084192057E0));
#681=CARTESIAN_POINT('',(-4.519062685497E1,3.296262897981E1,8.195109631163E0));
#683=CARTESIAN_POINT('',(-4.519062685497E1,3.332711376619E1,8.861787093197E0));
#684=CARTESIAN_POINT('',(-4.514174121763E1,3.333490936389E1,8.838954730165E0));
#685=CARTESIAN_POINT('',(-4.505729187097E1,3.333894418338E1,8.782260105673E0));
#686=CARTESIAN_POINT('',(-4.496192307957E1,3.331533562601E1,8.666718139113E0));
#687=CARTESIAN_POINT('',(-4.491378880735E1,3.326614025714E1,8.540213945975E0));
#688=CARTESIAN_POINT('',(-4.491403374980E1,3.319831185661E1,8.416335174084E0));
#689=CARTESIAN_POINT('',(-4.496225762413E1,3.311905781470E1,8.307961119493E0));
#690=CARTESIAN_POINT('',(-4.505709340304E1,3.303555927505E1,8.227189567569E0));
#691=CARTESIAN_POINT('',(-4.514163859740E1,3.298593139132E1,8.200562849019E0));
#692=CARTESIAN_POINT('',(-4.519062685497E1,3.296262897981E1,8.195109631163E0));
#694=CARTESIAN_POINT('',(-4.519062685497E1,3.315162796532E1,8.957728396576E0));
#695=CARTESIAN_POINT('',(-4.520805609974E1,3.315438479401E1,8.962770899374E0));
#696=CARTESIAN_POINT('',(-4.524297242516E1,3.316683052030E1,8.965912782493E0));
#697=CARTESIAN_POINT('',(-4.528105315069E1,3.320238008943E1,8.951932119072E0));
#698=CARTESIAN_POINT('',(-4.529540796063E1,3.324899403510E1,8.927387452942E0));
#699=CARTESIAN_POINT('',(-4.528107612893E1,3.329480403151E1,8.901404259939E0));
#700=CARTESIAN_POINT('',(-4.524300013445E1,3.332579139042E1,8.879012382158E0));
#701=CARTESIAN_POINT('',(-4.520806661798E1,3.332987225857E1,8.866832639057E0));
#702=CARTESIAN_POINT('',(-4.519062685497E1,3.332711376619E1,8.861787093197E0));
#704=CARTESIAN_POINT('',(-4.519062685497E1,3.278714317895E1,8.291050934543E0));
#705=CARTESIAN_POINT('',(-4.514162849604E1,3.277915435563E1,8.313615395342E0));
#706=CARTESIAN_POINT('',(-4.505707014389E1,3.277478369167E1,8.369778434529E0));
#707=CARTESIAN_POINT('',(-4.496223218281E1,3.279771940367E1,8.483686943038E0));
#708=CARTESIAN_POINT('',(-4.491402133642E1,3.284618860702E1,8.608921009642E0));
#709=CARTESIAN_POINT('',(-4.491380091710E1,3.291386505627E1,8.732874934524E0));
#710=CARTESIAN_POINT('',(-4.496194418920E1,3.299379521270E1,8.842546822839E0));
#711=CARTESIAN_POINT('',(-4.505730993225E1,3.307830684234E1,8.924769310596E0));
#712=CARTESIAN_POINT('',(-4.514174890122E1,3.312820320271E1,8.951967695485E0));
#713=CARTESIAN_POINT('',(-4.519062685497E1,3.315162796532E1,8.957728396576E0));
#715=CARTESIAN_POINT('',(-4.519062685497E1,2.647071145648E1,9.976023431410E0));
#716=CARTESIAN_POINT('',(-4.520805778702E1,2.646958194213E1,9.981658813476E0));
#717=CARTESIAN_POINT('',(-4.524297919483E1,2.645863727132E1,9.988366951217E0));
#718=CARTESIAN_POINT('',(-4.528106838813E1,2.642051290514E1,9.985606787147E0));
#719=CARTESIAN_POINT('',(-4.529540677690E1,2.636871067916E1,9.976063531710E0));
#720=CARTESIAN_POINT('',(-4.528106563382E1,2.631723592813E1,9.964906480776E0));
#721=CARTESIAN_POINT('',(-4.524297683827E1,2.628099534201E1,9.952761198614E0));
#722=CARTESIAN_POINT('',(-4.520805697207E1,2.627348219126E1,9.942353753852E0));
#723=CARTESIAN_POINT('',(-4.519062685497E1,2.627461165281E1,9.936718635258E0));
#725=CARTESIAN_POINT('',(-4.519062685497E1,2.642393211986E1,9.191727765513E0));
#726=CARTESIAN_POINT('',(-4.514162849604E1,2.640330817033E1,9.203878028679E0));
#727=CARTESIAN_POINT('',(-4.505707014389E1,2.636385914178E1,9.244092004112E0));
#728=CARTESIAN_POINT('',(-4.496223218281E1,2.630820993860E1,9.346093775577E0));
#729=CARTESIAN_POINT('',(-4.491402133642E1,2.626484059616E1,9.473184039751E0));
#730=CARTESIAN_POINT('',(-4.491380091710E1,2.623700771696E1,9.611639838158E0));
#731=CARTESIAN_POINT('',(-4.496194418920E1,2.622774203819E1,9.747031492962E0));
#732=CARTESIAN_POINT('',(-4.505730993225E1,2.623963010609E1,9.864340601213E0));
#733=CARTESIAN_POINT('',(-4.514174890122E1,2.626037015087E1,9.917248535034E0));
#734=CARTESIAN_POINT('',(-4.519062685497E1,2.627461165281E1,9.936718635258E0));
#736=CARTESIAN_POINT('',(-4.519062685497E1,2.642393211986E1,9.191727765513E0));
#737=CARTESIAN_POINT('',(-4.520799783902E1,2.642505775881E1,9.186111718675E0));
#738=CARTESIAN_POINT('',(-4.524287519916E1,2.643591011639E1,9.179592489979E0));
#739=CARTESIAN_POINT('',(-4.528102183649E1,2.647387045769E1,9.182926031476E0));
#740=CARTESIAN_POINT('',(-4.529543007474E1,2.652571141215E1,9.192793851911E0));
#741=CARTESIAN_POINT('',(-4.528101899405E1,2.657734660762E1,9.203666208236E0));
#742=CARTESIAN_POINT('',(-4.524287271878E1,2.661365681217E1,9.215219245386E0));
#743=CARTESIAN_POINT('',(-4.520799697791E1,2.662115750668E1,9.225416793229E0));
#744=CARTESIAN_POINT('',(-4.519062685497E1,2.662003192353E1,9.231032561668E0));
#746=CARTESIAN_POINT('',(-4.519062685497E1,2.647071145648E1,9.976023431410E0));
#747=CARTESIAN_POINT('',(-4.514174121763E1,2.649135959084E1,9.963543740203E0));
#748=CARTESIAN_POINT('',(-4.505729187097E1,2.653089304405E1,9.922706670128E0));
#749=CARTESIAN_POINT('',(-4.496192307957E1,2.658707678437E1,9.819021100540E0));
#750=CARTESIAN_POINT('',(-4.491378880735E1,2.663070627334E1,9.690491092789E0));
#751=CARTESIAN_POINT('',(-4.491403374980E1,2.665837444371E1,9.551995192519E0));
#752=CARTESIAN_POINT('',(-4.496225762413E1,2.666732382480E1,9.418032334062E0));
#753=CARTESIAN_POINT('',(-4.505709340304E1,2.665527918529E1,9.302485908836E0));
#754=CARTESIAN_POINT('',(-4.514163859740E1,2.663437734551E1,9.250188470295E0));
#755=CARTESIAN_POINT('',(-4.519062685497E1,2.662003192353E1,9.231032561668E0));
#757=CARTESIAN_POINT('',(-4.519062685497E1,2.050218525488E1,6.422367534916E0));
#758=CARTESIAN_POINT('',(-4.520805778702E1,2.049769764292E1,6.425958450199E0));
#759=CARTESIAN_POINT('',(-4.524297919483E1,2.048500163084E1,6.424062083051E0));
#760=CARTESIAN_POINT('',(-4.528106838813E1,2.045757087124E1,6.397441804498E0));
#761=CARTESIAN_POINT('',(-4.529540677690E1,2.042402235024E1,6.356833417685E0));
#762=CARTESIAN_POINT('',(-4.528106563382E1,2.039176201736E1,6.315199288642E0));
#763=CARTESIAN_POINT('',(-4.524297683827E1,2.037180695464E1,6.282600463009E0));
#764=CARTESIAN_POINT('',(-4.520805697207E1,2.037274132380E1,6.269798537571E0));
#765=CARTESIAN_POINT('',(-4.519062685497E1,2.037722872595E1,6.266207790174E0));
#767=CARTESIAN_POINT('',(-4.519062685497E1,2.097048574038E1,5.791493020324E0));
#768=CARTESIAN_POINT('',(-4.514162849604E1,2.094687683983E1,5.787543842686E0));
#769=CARTESIAN_POINT('',(-4.505707014389E1,2.089080808557E1,5.792992188332E0));
#770=CARTESIAN_POINT('',(-4.496223218281E1,2.078261284785E1,5.835359460261E0));
#771=CARTESIAN_POINT('',(-4.491402133642E1,2.066769795695E1,5.904838974946E0));
#772=CARTESIAN_POINT('',(-4.491380091710E1,2.055737906280E1,5.993011640039E0));
#773=CARTESIAN_POINT('',(-4.496194418920E1,2.046325306290E1,6.090771801338E0));
#774=CARTESIAN_POINT('',(-4.505730993225E1,2.039695500997E1,6.188277294589E0));
#775=CARTESIAN_POINT('',(-4.514174890122E1,2.037883424171E1,6.242138567098E0));
#776=CARTESIAN_POINT('',(-4.519062685497E1,2.037722872595E1,6.266207790174E0));
#778=CARTESIAN_POINT('',(-4.519062685497E1,2.097048574038E1,5.791493020324E0));
#779=CARTESIAN_POINT('',(-4.520799783902E1,2.097495795516E1,5.787914425619E0));
#780=CARTESIAN_POINT('',(-4.524287519916E1,2.098746182282E1,5.789896167696E0));
#781=CARTESIAN_POINT('',(-4.528102183649E1,2.101439837215E1,5.816850245680E0));
#782=CARTESIAN_POINT('',(-4.529543007474E1,2.104776793453E1,5.857732157893E0));
#783=CARTESIAN_POINT('',(-4.528101899405E1,2.108033417316E1,5.899251329909E0));
#784=CARTESIAN_POINT('',(-4.524287271878E1,2.110072325445E1,5.931441219411E0));
#785=CARTESIAN_POINT('',(-4.520799697791E1,2.109991426239E1,5.944074347760E0));
#786=CARTESIAN_POINT('',(-4.519062685497E1,2.109544226931E1,5.947652765067E0));
#788=CARTESIAN_POINT('',(-4.519062685497E1,2.050218525488E1,6.422367534916E0));
#789=CARTESIAN_POINT('',(-4.514174121763E1,2.052602443435E1,6.426079901745E0));
#790=CARTESIAN_POINT('',(-4.505729187097E1,2.058255837915E1,6.420208505028E0));
#791=CARTESIAN_POINT('',(-4.496192307957E1,2.069224542066E1,6.376894962760E0));
#792=CARTESIAN_POINT('',(-4.491378880735E1,2.080828504469E1,6.306479759475E0));
#793=CARTESIAN_POINT('',(-4.491403374980E1,2.091850354154E1,6.218170501772E0));
#794=CARTESIAN_POINT('',(-4.496225762413E1,2.101146883077E1,6.121301549751E0));
#795=CARTESIAN_POINT('',(-4.505709340304E1,2.107651391208E1,6.025045707744E0));
#796=CARTESIAN_POINT('',(-4.514163859740E1,2.109411831938E1,5.971548101925E0));
#797=CARTESIAN_POINT('',(-4.519062685497E1,2.109544226931E1,5.947652765067E0));
#799=CARTESIAN_POINT('',(-4.519062685497E1,1.821893019832E1,
-3.363313210745E-1));
#800=CARTESIAN_POINT('',(-4.520805609974E1,1.821318484845E1,
-3.364650887930E-1));
#801=CARTESIAN_POINT('',(-4.524297242516E1,1.820424103471E1,
-3.272577152127E-1));
#802=CARTESIAN_POINT('',(-4.528105315069E1,1.819857385983E1,
-2.894805535411E-1));
#803=CARTESIAN_POINT('',(-4.529540796063E1,1.819652319139E1,
-2.368393593586E-1));
#804=CARTESIAN_POINT('',(-4.528107612893E1,1.819612029840E1,
-1.841751422158E-1));
#805=CARTESIAN_POINT('',(-4.524300013445E1,1.820001855394E1,
-1.461433633140E-1));
#806=CARTESIAN_POINT('',(-4.520806661798E1,1.820852608680E1,
-1.365193562755E-1));
#807=CARTESIAN_POINT('',(-4.519062685497E1,1.821427490389E1,
-1.363855078305E-1));
#809=CARTESIAN_POINT('',(-4.519062685497E1,1.897853220976E1,
-3.186456743498E-1));
#810=CARTESIAN_POINT('',(-4.514162849604E1,1.896298522514E1,
-3.368464286845E-1));
#811=CARTESIAN_POINT('',(-4.505707014389E1,1.891653193844E1,
-3.687130543051E-1));
#812=CARTESIAN_POINT('',(-4.496223218281E1,1.880641642036E1,
-4.058043993079E-1));
#813=CARTESIAN_POINT('',(-4.491402133642E1,1.867372593559E1,
-4.264458712111E-1));
#814=CARTESIAN_POINT('',(-4.491380091710E1,1.853254046311E1,
-4.298133093593E-1));
#815=CARTESIAN_POINT('',(-4.496194418920E1,1.839759674353E1,
-4.154277075207E-1));
#816=CARTESIAN_POINT('',(-4.505730993225E1,1.828413416556E1,
-3.833497332146E-1));
#817=CARTESIAN_POINT('',(-4.514174890122E1,1.823563149311E1,
-3.537374100260E-1));
#818=CARTESIAN_POINT('',(-4.519062685497E1,1.821893019832E1,
-3.363313210745E-1));
#820=CARTESIAN_POINT('',(-4.519062685497E1,1.897853220976E1,
-3.186456743498E-1));
#821=CARTESIAN_POINT('',(-4.520799783902E1,1.898425840138E1,
-3.185123526885E-1));
#822=CARTESIAN_POINT('',(-4.524287519916E1,1.899256308046E1,
-3.089569189807E-1));
#823=CARTESIAN_POINT('',(-4.528102183649E1,1.899587192704E1,
-2.709944171589E-1));
#824=CARTESIAN_POINT('',(-4.529543007474E1,1.899515610824E1,
-2.182275142455E-1));
#825=CARTESIAN_POINT('',(-4.528101899405E1,1.899341528504E1,
-1.654888085569E-1));
#826=CARTESIAN_POINT('',(-4.524287271878E1,1.898834296533E1,
-1.277240737525E-1));
#827=CARTESIAN_POINT('',(-4.520799697791E1,1.897960282309E1,
-1.185665460538E-1));
#828=CARTESIAN_POINT('',(-4.519062685497E1,1.897387691533E1,
-1.186998611060E-1));
#830=CARTESIAN_POINT('',(-4.519062685497E1,1.821427490389E1,
-1.363855078305E-1));
#831=CARTESIAN_POINT('',(-4.514174121763E1,1.823015051145E1,
-1.182181406623E-1));
#832=CARTESIAN_POINT('',(-4.505729187097E1,1.827723208677E1,
-8.637657224332E-2));
#833=CARTESIAN_POINT('',(-4.496192307957E1,1.838909864370E1,
-4.905119938862E-2));
#834=CARTESIAN_POINT('',(-4.491378880735E1,1.852325217308E1,
-2.840354201316E-2));
#835=CARTESIAN_POINT('',(-4.491403374980E1,1.866444853679E1,
-2.520527402108E-2));
#836=CARTESIAN_POINT('',(-4.496225762413E1,1.879793024213E1,
-3.965426037678E-2));
#837=CARTESIAN_POINT('',(-4.505709340304E1,1.890962972783E1,
-7.158034092539E-2));
#838=CARTESIAN_POINT('',(-4.514163859740E1,1.895750308438E1,
-1.012459897002E-1));
#839=CARTESIAN_POINT('',(-4.519062685497E1,1.897387691533E1,
-1.186998611060E-1));
#841=DIRECTION('',(1.E0,0.E0,0.E0));
#842=VECTOR('',#841,6.5E-1);
#843=CARTESIAN_POINT('',(-4.596587911303E1,1.967724100703E1,-5.291229439391E0));
#844=LINE('',#843,#842);
#845=CARTESIAN_POINT('',(-4.596587911303E1,2.836824302175E1,0.E0));
#846=DIRECTION('',(1.E0,0.E0,0.E0));
#847=DIRECTION('',(0.E0,0.E0,-1.E0));
#848=AXIS2_PLACEMENT_3D('',#845,#846,#847);
#850=CARTESIAN_POINT('',(-4.596587911303E1,2.836824302175E1,0.E0));
#851=DIRECTION('',(1.E0,0.E0,0.E0));
#852=DIRECTION('',(0.E0,0.E0,1.E0));
#853=AXIS2_PLACEMENT_3D('',#850,#851,#852);
#855=CARTESIAN_POINT('',(-4.596587911303E1,2.836824302175E1,0.E0));
#856=DIRECTION('',(-1.E0,0.E0,0.E0));
#857=DIRECTION('',(0.E0,-8.541525321584E-1,-5.200225493259E-1));
#858=AXIS2_PLACEMENT_3D('',#855,#856,#857);
#860=CARTESIAN_POINT('',(-4.596587911303E1,2.836824302175E1,0.E0));
#861=DIRECTION('',(-1.E0,0.E0,0.E0));
#862=DIRECTION('',(0.E0,8.541525321584E-1,5.200225493259E-1));
#863=AXIS2_PLACEMENT_3D('',#860,#861,#862);
#865=DIRECTION('',(1.E0,0.E0,0.E0));
#866=VECTOR('',#865,4.E-1);
#867=CARTESIAN_POINT('',(-4.596587911303E1,2.836824302175E1,-1.0475E1));
#868=LINE('',#867,#866);
#869=DIRECTION('',(1.E0,0.E0,0.E0));
#870=VECTOR('',#869,4.E-1);
#871=CARTESIAN_POINT('',(-4.596587911303E1,2.836824302175E1,1.0475E1));
#872=LINE('',#871,#870);
#873=CARTESIAN_POINT('',(-4.513743471100E1,2.836824302175E1,0.E0));
#874=DIRECTION('',(1.E0,0.E0,0.E0));
#875=DIRECTION('',(0.E0,0.E0,1.E0));
#876=AXIS2_PLACEMENT_3D('',#873,#874,#875);
#878=DIRECTION('',(8.191520442890E-1,0.E0,-5.735764363510E-1));
#879=VECTOR('',#878,5.230340386863E-1);
#880=CARTESIAN_POINT('',(-4.556587911303E1,2.836824302175E1,1.0475E1));
#881=LINE('',#880,#879);
#882=CARTESIAN_POINT('',(-4.556587911303E1,2.836824302175E1,0.E0));
#883=DIRECTION('',(-1.E0,0.E0,0.E0));
#884=DIRECTION('',(0.E0,0.E0,-1.E0));
#885=AXIS2_PLACEMENT_3D('',#882,#883,#884);
#887=DIRECTION('',(1.E0,0.E0,0.E0));
#888=VECTOR('',#887,2.715555979774E-1);
#889=CARTESIAN_POINT('',(-4.513743471100E1,2.836824302175E1,1.0175E1));
#890=LINE('',#889,#888);
#891=CARTESIAN_POINT('',(-4.486587911303E1,2.836824302175E1,0.E0));
#892=DIRECTION('',(1.E0,0.E0,0.E0));
#893=DIRECTION('',(0.E0,0.E0,-1.E0));
#894=AXIS2_PLACEMENT_3D('',#891,#892,#893);
#896=CARTESIAN_POINT('',(-4.486587911303E1,2.836824302175E1,0.E0));
#897=DIRECTION('',(1.E0,0.E0,0.E0));
#898=DIRECTION('',(0.E0,0.E0,1.E0));
#899=AXIS2_PLACEMENT_3D('',#896,#897,#898);
#901=CARTESIAN_POINT('',(-4.486587911303E1,2.836824302175E1,0.E0));
#902=DIRECTION('',(-1.E0,0.E0,0.E0));
#903=DIRECTION('',(0.E0,0.E0,1.E0));
#904=AXIS2_PLACEMENT_3D('',#901,#902,#903);
#906=CARTESIAN_POINT('',(-4.486587911303E1,2.836824302175E1,0.E0));
#907=DIRECTION('',(-1.E0,0.E0,0.E0));
#908=DIRECTION('',(0.E0,0.E0,-1.E0));
#909=AXIS2_PLACEMENT_3D('',#906,#907,#908);
#911=DIRECTION('',(5.E-1,2.236921972686E-14,-8.660254037844E-1));
#912=VECTOR('',#911,1.588215289662E-1);
#913=CARTESIAN_POINT('',(-4.494528987751E1,2.836824302175E1,1.153754347875E1));
#914=LINE('',#913,#912);
#915=DIRECTION('',(5.E-1,-2.236921972686E-14,8.660254037844E-1));
#916=VECTOR('',#915,1.588215289662E-1);
#917=CARTESIAN_POINT('',(-4.494528987751E1,2.836824302175E1,-1.153754347875E1));
#918=LINE('',#917,#916);
#919=CARTESIAN_POINT('',(-4.563811020054E1,2.836824302175E1,-1.113754347875E1));
#920=DIRECTION('',(0.E0,-1.E0,0.E0));
#921=DIRECTION('',(2.588190451025E-1,0.E0,-9.659258262891E-1));
#922=AXIS2_PLACEMENT_3D('',#919,#920,#921);
#924=CARTESIAN_POINT('',(-4.543105496445E1,2.836824302175E1,0.E0));
#925=DIRECTION('',(1.E0,0.E0,0.E0));
#926=DIRECTION('',(0.E0,0.E0,1.E0));
#927=AXIS2_PLACEMENT_3D('',#924,#925,#926);
#929=CARTESIAN_POINT('',(-4.494528987751E1,2.836824302175E1,0.E0));
#930=DIRECTION('',(-1.E0,0.E0,0.E0));
#931=DIRECTION('',(0.E0,0.E0,-1.E0));
#932=AXIS2_PLACEMENT_3D('',#929,#930,#931);
#934=CARTESIAN_POINT('',(-4.494528987751E1,2.836824302175E1,0.E0));
#935=DIRECTION('',(-1.E0,0.E0,0.E0));
#936=DIRECTION('',(0.E0,0.E0,1.E0));
#937=AXIS2_PLACEMENT_3D('',#934,#935,#936);
#939=CARTESIAN_POINT('',(-4.563811020054E1,2.836824302175E1,1.113754347875E1));
#940=DIRECTION('',(0.E0,1.E0,0.E0));
#941=DIRECTION('',(2.588190451025E-1,0.E0,9.659258262891E-1));
#942=AXIS2_PLACEMENT_3D('',#939,#940,#941);
#944=CARTESIAN_POINT('',(-4.543105496445E1,2.836824302175E1,0.E0));
#945=DIRECTION('',(1.E0,0.E0,0.E0));
#946=DIRECTION('',(0.E0,0.E0,-1.E0));
#947=AXIS2_PLACEMENT_3D('',#944,#945,#946);
#949=DIRECTION('',(9.659258262891E-1,2.049826997489E-14,-2.588190451025E-1));
#950=VECTOR('',#949,3.466354656420E-1);
#951=CARTESIAN_POINT('',(-4.576587911303E1,2.836824302175E1,1.2E1));
#952=LINE('',#951,#950);
#953=CARTESIAN_POINT('',(-4.576587911303E1,2.836824302175E1,0.E0));
#954=DIRECTION('',(1.E0,0.E0,0.E0));
#955=DIRECTION('',(0.E0,0.E0,-1.E0));
#956=AXIS2_PLACEMENT_3D('',#953,#954,#955);
#958=DIRECTION('',(9.659258262891E-1,0.E0,2.588190451025E-1));
#959=VECTOR('',#958,3.466354656420E-1);
#960=CARTESIAN_POINT('',(-4.576587911303E1,2.836824302175E1,-1.2E1));
#961=LINE('',#960,#959);
#962=CARTESIAN_POINT('',(-4.576587911303E1,2.836824302175E1,0.E0));
#963=DIRECTION('',(1.E0,0.E0,0.E0));
#964=DIRECTION('',(0.E0,0.E0,1.E0));
#965=AXIS2_PLACEMENT_3D('',#962,#963,#964);
#967=DIRECTION('',(1.E0,0.E0,0.E0));
#968=VECTOR('',#967,6.2E0);
#969=CARTESIAN_POINT('',(-5.196587911303E1,2.836824302175E1,-1.2E1));
#970=LINE('',#969,#968);
#971=DIRECTION('',(1.E0,0.E0,0.E0));
#972=VECTOR('',#971,6.2E0);
#973=CARTESIAN_POINT('',(-5.196587911303E1,2.836824302175E1,1.2E1));
#974=LINE('',#973,#972);
#975=DIRECTION('',(-9.659258262891E-1,1.024913498745E-14,2.588190451025E-1));
#976=VECTOR('',#975,3.466354656420E-1);
#977=CARTESIAN_POINT('',(-5.196587911303E1,2.836824302175E1,-1.2E1));
#978=LINE('',#977,#976);
#979=CARTESIAN_POINT('',(-5.196587911303E1,2.836824302175E1,0.E0));
#980=DIRECTION('',(-1.E0,0.E0,0.E0));
#981=DIRECTION('',(0.E0,0.E0,1.E0));
#982=AXIS2_PLACEMENT_3D('',#979,#980,#981);
#984=CARTESIAN_POINT('',(-5.230070326160E1,2.836824302175E1,0.E0));
#985=DIRECTION('',(-1.E0,0.E0,0.E0));
#986=DIRECTION('',(0.E0,0.E0,1.E0));
#987=AXIS2_PLACEMENT_3D('',#984,#985,#986);
#989=CARTESIAN_POINT('',(-5.209364802552E1,2.836824302175E1,1.113754347875E1));
#990=DIRECTION('',(0.E0,1.E0,0.E0));
#991=DIRECTION('',(-8.660254037844E-1,0.E0,5.E-1));
#992=AXIS2_PLACEMENT_3D('',#989,#990,#991);
#994=CARTESIAN_POINT('',(-5.278646834854E1,2.836824302175E1,0.E0));
#995=DIRECTION('',(1.E0,0.E0,0.E0));
#996=DIRECTION('',(0.E0,0.E0,-1.E0));
#997=AXIS2_PLACEMENT_3D('',#994,#995,#996);
#999=CARTESIAN_POINT('',(-5.209364802552E1,2.836824302175E1,-1.113754347875E1));
#1000=DIRECTION('',(0.E0,-1.E0,0.E0));
#1001=DIRECTION('',(-8.660254037844E-1,0.E0,-5.E-1));
#1002=AXIS2_PLACEMENT_3D('',#999,#1000,#1001);
#1004=CARTESIAN_POINT('',(-5.278646834854E1,2.836824302175E1,0.E0));
#1005=DIRECTION('',(1.E0,0.E0,0.E0));
#1006=DIRECTION('',(0.E0,0.E0,1.E0));
#1007=AXIS2_PLACEMENT_3D('',#1004,#1005,#1006);
#1009=CARTESIAN_POINT('',(-5.230070326160E1,2.836824302175E1,0.E0));
#1010=DIRECTION('',(-1.E0,0.E0,0.E0));
#1011=DIRECTION('',(0.E0,0.E0,-1.E0));
#1012=AXIS2_PLACEMENT_3D('',#1009,#1010,#1011);
#1014=DIRECTION('',(-5.E-1,-2.236921972686E-14,-8.660254037845E-1));
#1015=VECTOR('',#1014,1.588215289662E-1);
#1016=CARTESIAN_POINT('',(-5.278646834854E1,2.836824302175E1,1.153754347875E1));
#1017=LINE('',#1016,#1015);
#1018=DIRECTION('',(-5.E-1,-2.236921972686E-14,8.660254037845E-1));
#1019=VECTOR('',#1018,1.588215289662E-1);
#1020=CARTESIAN_POINT('',(-5.278646834854E1,2.836824302175E1,
-1.153754347875E1));
#1021=LINE('',#1020,#1019);
#1022=CARTESIAN_POINT('',(-5.286587911303E1,2.836824302175E1,0.E0));
#1023=DIRECTION('',(-1.E0,0.E0,0.E0));
#1024=DIRECTION('',(0.E0,0.E0,-1.E0));
#1025=AXIS2_PLACEMENT_3D('',#1022,#1023,#1024);
#1027=CARTESIAN_POINT('',(-5.286587911303E1,2.836824302175E1,0.E0));
#1028=DIRECTION('',(-1.E0,0.E0,0.E0));
#1029=DIRECTION('',(0.E0,0.E0,1.E0));
#1030=AXIS2_PLACEMENT_3D('',#1027,#1028,#1029);
#1032=CARTESIAN_POINT('',(-5.286587911303E1,2.836824302175E1,0.E0));
#1033=DIRECTION('',(1.E0,0.E0,0.E0));
#1034=DIRECTION('',(0.E0,0.E0,-1.E0));
#1035=AXIS2_PLACEMENT_3D('',#1032,#1033,#1034);
#1037=CARTESIAN_POINT('',(-5.286587911303E1,2.836824302175E1,0.E0));
#1038=DIRECTION('',(1.E0,0.E0,0.E0));
#1039=DIRECTION('',(0.E0,0.E0,1.E0));
#1040=AXIS2_PLACEMENT_3D('',#1037,#1038,#1039);
#1042=DIRECTION('',(1.E0,1.308282246900E-14,0.E0));
#1043=VECTOR('',#1042,2.715555979774E-1);
#1044=CARTESIAN_POINT('',(-5.286587911303E1,2.836824302175E1,-1.0175E1));
#1045=LINE('',#1044,#1043);
#1046=DIRECTION('',(1.E0,1.308282246900E-14,0.E0));
#1047=VECTOR('',#1046,2.715555979774E-1);
#1048=CARTESIAN_POINT('',(-5.286587911303E1,2.836824302175E1,1.0175E1));
#1049=LINE('',#1048,#1047);
#1050=CARTESIAN_POINT('',(-5.259432351505E1,2.836824302175E1,0.E0));
#1051=DIRECTION('',(-1.E0,0.E0,0.E0));
#1052=DIRECTION('',(0.E0,0.E0,-1.E0));
#1053=AXIS2_PLACEMENT_3D('',#1050,#1051,#1052);
#1055=DIRECTION('',(-8.191520442890E-1,0.E0,5.735764363511E-1));
#1056=VECTOR('',#1055,5.230340386863E-1);
#1057=CARTESIAN_POINT('',(-5.216587911303E1,2.836824302175E1,-1.0475E1));
#1058=LINE('',#1057,#1056);
#1059=CARTESIAN_POINT('',(-5.216587911303E1,2.836824302175E1,0.E0));
#1060=DIRECTION('',(1.E0,0.E0,0.E0));
#1061=DIRECTION('',(0.E0,0.E0,1.E0));
#1062=AXIS2_PLACEMENT_3D('',#1059,#1060,#1061);
#1064=DIRECTION('',(-8.191520442890E-1,0.E0,-5.735764363511E-1));
#1065=VECTOR('',#1064,5.230340386863E-1);
#1066=CARTESIAN_POINT('',(-5.216587911303E1,2.836824302175E1,1.0475E1));
#1067=LINE('',#1066,#1065);
#1068=CARTESIAN_POINT('',(-5.216587911303E1,2.836824302175E1,0.E0));
#1069=DIRECTION('',(1.E0,0.E0,0.E0));
#1070=DIRECTION('',(0.E0,0.E0,-1.E0));
#1071=AXIS2_PLACEMENT_3D('',#1068,#1069,#1070);
#1073=CARTESIAN_POINT('',(-5.259432351505E1,2.836824302175E1,0.E0));
#1074=DIRECTION('',(-1.E0,0.E0,0.E0));
#1075=DIRECTION('',(0.E0,0.E0,1.E0));
#1076=AXIS2_PLACEMENT_3D('',#1073,#1074,#1075);
#1078=DIRECTION('',(1.E0,0.E0,0.E0));
#1079=VECTOR('',#1078,4.E-1);
#1080=CARTESIAN_POINT('',(-5.216587911303E1,2.836824302175E1,-1.0475E1));
#1081=LINE('',#1080,#1079);
#1082=DIRECTION('',(1.E0,0.E0,0.E0));
#1083=VECTOR('',#1082,4.E-1);
#1084=CARTESIAN_POINT('',(-5.216587911303E1,2.836824302175E1,1.0475E1));
#1085=LINE('',#1084,#1083);
#1086=CARTESIAN_POINT('',(-5.176587911303E1,2.836824302175E1,0.E0));
#1087=DIRECTION('',(-1.E0,0.E0,0.E0));
#1088=DIRECTION('',(0.E0,0.E0,1.E0));
#1089=AXIS2_PLACEMENT_3D('',#1086,#1087,#1088);
#1091=CARTESIAN_POINT('',(-5.176587911303E1,2.836824302175E1,0.E0));
#1092=DIRECTION('',(-1.E0,0.E0,0.E0));
#1093=DIRECTION('',(0.E0,0.E0,-1.E0));
#1094=AXIS2_PLACEMENT_3D('',#1091,#1092,#1093);
#1096=CARTESIAN_POINT('',(-5.176587911303E1,2.836824302175E1,0.E0));
#1097=DIRECTION('',(1.E0,0.E0,0.E0));
#1098=DIRECTION('',(0.E0,1.544600664053E-1,9.879990323305E-1));
#1099=AXIS2_PLACEMENT_3D('',#1096,#1097,#1098);
#1101=DIRECTION('',(-1.E0,-1.639714005600E-14,0.E0));
#1102=VECTOR('',#1101,6.5E-1);
#1103=CARTESIAN_POINT('',(-5.176587911303E1,2.993987419742E1,1.005289015396E1));
#1104=LINE('',#1103,#1102);
#1105=CARTESIAN_POINT('',(-5.176587911303E1,2.836824302175E1,0.E0));
#1106=DIRECTION('',(1.E0,0.E0,0.E0));
#1107=DIRECTION('',(0.E0,-1.544600664053E-1,-9.879990323305E-1));
#1108=AXIS2_PLACEMENT_3D('',#1105,#1106,#1107);
#1110=DIRECTION('',(-1.E0,0.E0,0.E0));
#1111=VECTOR('',#1110,6.5E-1);
#1112=CARTESIAN_POINT('',(-5.176587911303E1,2.679661184607E1,
-1.005289015396E1));
#1113=LINE('',#1112,#1111);
#1114=CARTESIAN_POINT('',(-5.241587911303E1,2.685839587263E1,
-9.657690541031E0));
#1115=DIRECTION('',(0.E0,9.879990323305E-1,-1.544600664053E-1));
#1116=DIRECTION('',(0.E0,-1.544600664053E-1,-9.879990323305E-1));
#1117=AXIS2_PLACEMENT_3D('',#1114,#1115,#1116);
#1119=CARTESIAN_POINT('',(-5.241587911303E1,2.836824302175E1,0.E0));
#1120=DIRECTION('',(-1.E0,0.E0,0.E0));
#1121=DIRECTION('',(0.E0,1.544600664053E-1,9.879990323305E-1));
#1122=AXIS2_PLACEMENT_3D('',#1119,#1120,#1121);
#1124=CARTESIAN_POINT('',(-5.254113137108E1,3.766552870161E1,
-1.352288129623E0));
#1125=CARTESIAN_POINT('',(-5.252377769290E1,3.765987533441E1,
-1.351404303380E0));
#1126=CARTESIAN_POINT('',(-5.248892987934E1,3.765001480755E1,
-1.359306801306E0));
#1127=CARTESIAN_POINT('',(-5.245077419345E1,3.764001712338E1,
-1.396077721386E0));
#1128=CARTESIAN_POINT('',(-5.244114923140E1,3.763426159548E1,
-1.430666370468E0));
#1129=CARTESIAN_POINT('',(-5.244113461005E1,3.763153461274E1,
-1.448104451258E0));
#1131=CARTESIAN_POINT('',(-5.254113137108E1,3.841621814099E1,
-1.469648103534E0));
#1132=CARTESIAN_POINT('',(-5.259001730116E1,3.840286772354E1,
-1.449551798638E0));
#1133=CARTESIAN_POINT('',(-5.267446704222E1,3.836037907574E1,
-1.411798733932E0));
#1134=CARTESIAN_POINT('',(-5.276983695791E1,3.825438543813E1,
-1.360094639910E0));
#1135=CARTESIAN_POINT('',(-5.281796912748E1,3.812411073396E1,
-1.321996508982E0));
#1136=CARTESIAN_POINT('',(-5.281772443078E1,3.798456439892E1,
-1.300270502015E0));
#1137=CARTESIAN_POINT('',(-5.276950497833E1,3.785034485787E1,
-1.297050748030E0));
#1138=CARTESIAN_POINT('',(-5.267466666307E1,3.773541188602E1,
-1.314020166837E0));
#1139=CARTESIAN_POINT('',(-5.259012039520E1,3.768405461297E1,
-1.337137271580E0));
#1140=CARTESIAN_POINT('',(-5.254113137108E1,3.766552870161E1,
-1.352288129623E0));
#1142=CARTESIAN_POINT('',(-5.254113137108E1,3.838532612771E1,-1.66724791E0));
#1143=CARTESIAN_POINT('',(-5.252370212631E1,3.839100406617E1,
-1.668135577621E0));
#1144=CARTESIAN_POINT('',(-5.248878580089E1,3.840108034999E1,
-1.660183468664E0));
#1145=CARTESIAN_POINT('',(-5.245070507536E1,3.841166308701E1,
-1.623478748364E0));
#1146=CARTESIAN_POINT('',(-5.243635026542E1,3.842061413215E1,
-1.571563631522E0));
#1147=CARTESIAN_POINT('',(-5.245068209712E1,3.842793471932E1,
-1.519409138967E0));
#1148=CARTESIAN_POINT('',(-5.248875809160E1,3.842906845245E1,
-1.481194910571E0));
#1149=CARTESIAN_POINT('',(-5.252369160807E1,3.842189950598E1,
-1.470536306847E0));
#1150=CARTESIAN_POINT('',(-5.254113137108E1,3.841621814099E1,
-1.469648103534E0));
#1152=CARTESIAN_POINT('',(-5.254113137108E1,3.763463668833E1,
-1.549887936090E0));
#1153=CARTESIAN_POINT('',(-5.259013005213E1,3.764765695097E1,
-1.569974162296E0));
#1154=CARTESIAN_POINT('',(-5.267468882798E1,3.768951945700E1,
-1.607669505808E0));
#1155=CARTESIAN_POINT('',(-5.276952798832E1,3.779380824699E1,
-1.658911544697E0));
#1156=CARTESIAN_POINT('',(-5.281773650665E1,3.792263288306E1,
-1.696811103630E0));
#1157=CARTESIAN_POINT('',(-5.281795734058E1,3.806214643762E1,
-1.718703483246E0));
#1158=CARTESIAN_POINT('',(-5.276981813712E1,3.819780740262E1,
-1.722178147077E0));
#1159=CARTESIAN_POINT('',(-5.267445018569E1,3.831450762373E1,
-1.705289900049E0));
#1160=CARTESIAN_POINT('',(-5.259001012225E1,3.836648185479E1,
-1.682308372998E0));
#1161=CARTESIAN_POINT('',(-5.254113137108E1,3.838532612771E1,-1.66724791E0));
#1163=CARTESIAN_POINT('',(-5.244113461005E1,3.763153461274E1,
-1.448104451258E0));
#1164=CARTESIAN_POINT('',(-5.244111996810E1,3.762880378920E1,
-1.465567092516E0));
#1165=CARTESIAN_POINT('',(-5.245071566597E1,3.762371639198E1,
-1.500319883476E0));
#1166=CARTESIAN_POINT('',(-5.248887659577E1,3.762199779499E1,
-1.538446409056E0));
#1167=CARTESIAN_POINT('',(-5.252375984972E1,3.762897750829E1,
-1.549003201090E0));
#1168=CARTESIAN_POINT('',(-5.254113137108E1,3.763463668833E1,
-1.549887936090E0));
#1170=CARTESIAN_POINT('',(-5.254113137108E1,3.635961110734E1,4.940267231536E0));
#1171=CARTESIAN_POINT('',(-5.252376175485E1,3.635470776503E1,4.937307651671E0));
#1172=CARTESIAN_POINT('',(-5.248888574098E1,3.635224500681E1,4.924890771594E0));
#1173=CARTESIAN_POINT('',(-5.245073556955E1,3.636822860007E1,4.890297164756E0));
#1174=CARTESIAN_POINT('',(-5.243632755207E1,3.639506144953E1,4.844849548981E0));
#1175=CARTESIAN_POINT('',(-5.245074245043E1,3.642276660736E1,4.799941203304E0));
#1176=CARTESIAN_POINT('',(-5.248888835870E1,3.644592447462E1,4.769686784589E0));
#1177=CARTESIAN_POINT('',(-5.252376228015E1,3.645805796549E1,4.766080504098E0));
#1178=CARTESIAN_POINT('',(-5.254113137108E1,3.646296115950E1,4.769039994457E0));
#1180=CARTESIAN_POINT('',(-5.254113137108E1,3.701011011799E1,5.332898146038E0));
#1181=CARTESIAN_POINT('',(-5.259001700843E1,3.698696558770E1,5.339711285011E0));
#1182=CARTESIAN_POINT('',(-5.267446635508E1,3.693015035707E1,5.341320565479E0));
#1183=CARTESIAN_POINT('',(-5.276983514649E1,3.681572235851E1,5.312797887463E0));
#1184=CARTESIAN_POINT('',(-5.281796941870E1,3.669143514595E1,5.258243474311E0));
#1185=CARTESIAN_POINT('',(-5.281772447626E1,3.657056691575E1,5.185185189543E0));
#1186=CARTESIAN_POINT('',(-5.276950060192E1,3.646567732549E1,5.101374016524E0));
#1187=CARTESIAN_POINT('',(-5.267466482301E1,3.638854635659E1,5.014501331747E0));
#1188=CARTESIAN_POINT('',(-5.259011962865E1,3.636406392529E1,4.963781320489E0));
#1189=CARTESIAN_POINT('',(-5.254113137108E1,3.635961110734E1,4.940267231536E0));
#1191=CARTESIAN_POINT('',(-5.244113485442E1,3.707878685876E1,5.257453905716E0));
#1192=CARTESIAN_POINT('',(-5.244112088154E1,3.706967907553E1,5.272545381871E0));
#1193=CARTESIAN_POINT('',(-5.245066586085E1,3.705109094942E1,5.302280822995E0));
#1194=CARTESIAN_POINT('',(-5.248876886982E1,3.702736716876E1,5.332325237215E0));
#1195=CARTESIAN_POINT('',(-5.252369832019E1,3.701503132738E1,5.335868510190E0));
#1196=CARTESIAN_POINT('',(-5.254113137108E1,3.701011011799E1,5.332898146038E0));
#1198=CARTESIAN_POINT('',(-5.254113137108E1,3.711346017016E1,5.161670908958E0));
#1199=CARTESIAN_POINT('',(-5.252371601598E1,3.711837638416E1,5.164638257978E0));
#1200=CARTESIAN_POINT('',(-5.248882151533E1,3.712099504627E1,5.177183706587E0));
#1201=CARTESIAN_POINT('',(-5.245072472509E1,3.710550268932E1,5.212123393673E0));
#1202=CARTESIAN_POINT('',(-5.244114881030E1,3.708788355909E1,5.242380793768E0));
#1203=CARTESIAN_POINT('',(-5.244113485442E1,3.707878685876E1,5.257453905716E0));
#1205=CARTESIAN_POINT('',(-5.254113137108E1,3.646296115950E1,4.769039994457E0));
#1206=CARTESIAN_POINT('',(-5.259012973002E1,3.648584628624E1,4.762022362128E0));
#1207=CARTESIAN_POINT('',(-5.267468808216E1,3.654214476325E1,4.760054835713E0));
#1208=CARTESIAN_POINT('',(-5.276952604324E1,3.665496953712E1,4.787835505209E0));
#1209=CARTESIAN_POINT('',(-5.281773688963E1,3.677801880255E1,4.841610158979E0));
#1210=CARTESIAN_POINT('',(-5.281795730896E1,3.689896860812E1,4.914519841532E0));
#1211=CARTESIAN_POINT('',(-5.276981403685E1,3.700512596547E1,4.999061952190E0));
#1212=CARTESIAN_POINT('',(-5.267444829380E1,3.708366326903E1,5.087008782639E0));
#1213=CARTESIAN_POINT('',(-5.259000932483E1,3.710870537619E1,5.138021445652E0));
#1214=CARTESIAN_POINT('',(-5.254113137108E1,3.711346017016E1,5.161670908958E0));
#1216=CARTESIAN_POINT('',(-5.254113137108E1,3.174960991660E1,9.575386544034E0));
#1217=CARTESIAN_POINT('',(-5.252371601598E1,3.175146857984E1,9.580819746713E0));
#1218=CARTESIAN_POINT('',(-5.248882151532E1,3.174541053246E1,9.592113361460E0));
#1219=CARTESIAN_POINT('',(-5.245072472509E1,3.171108390057E1,9.608920419507E0));
#1220=CARTESIAN_POINT('',(-5.244114881030E1,3.167813778188E1,9.620773574105E0));
#1221=CARTESIAN_POINT('',(-5.244113485442E1,3.166148049554E1,9.626473001490E0));
#1223=CARTESIAN_POINT('',(-5.254113137108E1,3.150367705125E1,8.856481109622E0));
#1224=CARTESIAN_POINT('',(-5.259012973002E1,3.152571892253E1,8.865815567283E0));
#1225=CARTESIAN_POINT('',(-5.267468808216E1,3.157011075960E1,8.900496318074E0));
#1226=CARTESIAN_POINT('',(-5.276952604324E1,3.163868248053E1,8.994299912276E0));
#1227=CARTESIAN_POINT('',(-5.281773688963E1,3.169837800538E1,9.114588230177E0));
#1228=CARTESIAN_POINT('',(-5.281795730896E1,3.174416549126E1,9.248185323761E0));
#1229=CARTESIAN_POINT('',(-5.276981403685E1,3.177114412373E1,9.381184971820E0));
#1230=CARTESIAN_POINT('',(-5.267444829380E1,3.177477605578E1,9.499038958205E0));
#1231=CARTESIAN_POINT('',(-5.259000932483E1,3.176116911509E1,9.554213681436E0));
#1232=CARTESIAN_POINT('',(-5.254113137108E1,3.174960991660E1,9.575386544034E0));
#1234=CARTESIAN_POINT('',(-5.244113461005E1,3.140290121649E1,8.871100678187E0));
#1235=CARTESIAN_POINT('',(-5.244111996810E1,3.141962435846E1,8.865378986165E0));
#1236=CARTESIAN_POINT('',(-5.245071566597E1,3.145296575918E1,8.854334119118E0));
#1237=CARTESIAN_POINT('',(-5.248887659577E1,3.149021462593E1,8.846021029792E0));
#1238=CARTESIAN_POINT('',(-5.252375984972E1,3.150182305107E1,8.851061537868E0));
#1239=CARTESIAN_POINT('',(-5.254113137108E1,3.150367705125E1,8.856481109622E0));
#1241=CARTESIAN_POINT('',(-5.254113137108E1,3.131444357166E1,8.921216650108E0));
#1242=CARTESIAN_POINT('',(-5.252377769290E1,3.131259147581E1,8.915802645075E0));
#1243=CARTESIAN_POINT('',(-5.248892987934E1,3.131866165452E1,8.904719667412E0));
#1244=CARTESIAN_POINT('',(-5.245077419345E1,3.135313786206E1,8.888488667266E0));
#1245=CARTESIAN_POINT('',(-5.244114923140E1,3.138620159491E1,8.876814322891E0));
#1246=CARTESIAN_POINT('',(-5.244113461005E1,3.140290121649E1,8.871100678187E0));
#1248=CARTESIAN_POINT('',(-5.254113137108E1,3.156037643701E1,9.640122084517E0));
#1249=CARTESIAN_POINT('',(-5.259001700843E1,3.153826729687E1,9.630464234462E0));
#1250=CARTESIAN_POINT('',(-5.267446635508E1,3.149370987962E1,9.595176888535E0));
#1251=CARTESIAN_POINT('',(-5.276983514649E1,3.142438697120E1,9.499774349857E0));
#1252=CARTESIAN_POINT('',(-5.281796941870E1,3.136424434350E1,9.378092964540E0));
#1253=CARTESIAN_POINT('',(-5.281772447626E1,3.131861486764E1,9.244434470697E0));
#1254=CARTESIAN_POINT('',(-5.276950060192E1,3.129213756345E1,9.112809658329E0));
#1255=CARTESIAN_POINT('',(-5.267466482302E1,3.128889249873E1,8.996682489766E0));
#1256=CARTESIAN_POINT('',(-5.259011962865E1,3.130274006308E1,8.942091703491E0));
#1257=CARTESIAN_POINT('',(-5.254113137108E1,3.131444357166E1,8.921216650108E0));
#1259=CARTESIAN_POINT('',(-5.244113485442E1,3.166148049554E1,9.626473001490E0));
#1260=CARTESIAN_POINT('',(-5.244112088154E1,3.164480291493E1,9.632179372728E0));
#1261=CARTESIAN_POINT('',(-5.245066586085E1,3.161145001109E1,9.643009825011E0));
#1262=CARTESIAN_POINT('',(-5.248876886982E1,3.157396436354E1,9.650775829311E0));
#1263=CARTESIAN_POINT('',(-5.252369832019E1,3.156223698884E1,9.645560807889E0));
#1264=CARTESIAN_POINT('',(-5.254113137108E1,3.156037643701E1,9.640122084517E0));
#1266=CARTESIAN_POINT('',(-5.254113137108E1,2.865095590294E1,
-9.390861388885E0));
#1267=CARTESIAN_POINT('',(-5.252377769290E1,2.865084460497E1,
-9.385140434219E0));
#1268=CARTESIAN_POINT('',(-5.248892987934E1,2.864134990122E1,
-9.376801965286E0));
#1269=CARTESIAN_POINT('',(-5.245077419345E1,2.860340153440E1,
-9.373341371666E0));
#1270=CARTESIAN_POINT('',(-5.244114923140E1,2.856833892769E1,
-9.373679539053E0));
#1271=CARTESIAN_POINT('',(-5.244113461005E1,2.855069223495E1,
-9.374022076252E0));
#1273=CARTESIAN_POINT('',(-5.254113137108E1,2.866573474389E1,
-1.015052551450E1));
#1274=CARTESIAN_POINT('',(-5.259001700843E1,2.868320736046E1,
-1.013388833279E1));
#1275=CARTESIAN_POINT('',(-5.267446635508E1,2.871300865354E1,
-1.008548953998E1));
#1276=CARTESIAN_POINT('',(-5.276983514649E1,2.874552128908E1,
-9.972130647309E0));
#1277=CARTESIAN_POINT('',(-5.281796941870E1,2.876041938768E1,
-9.837217557291E0));
#1278=CARTESIAN_POINT('',(-5.281772447626E1,2.875758317221E1,
-9.696013457050E0));
#1279=CARTESIAN_POINT('',(-5.276950060192E1,2.873744536239E1,
-9.563270820781E0));
#1280=CARTESIAN_POINT('',(-5.267466482301E1,2.870077689493E1,
-9.453037099910E0));
#1281=CARTESIAN_POINT('',(-5.259011962865E1,2.866909329235E1,
-9.406474686824E0));
#1282=CARTESIAN_POINT('',(-5.254113137108E1,2.865095590294E1,
-9.390861388885E0));
#1284=CARTESIAN_POINT('',(-5.244113485442E1,2.856605974482E1,
-1.017227919649E1));
#1285=CARTESIAN_POINT('',(-5.244112088154E1,2.858368323816E1,
-1.017193736292E1));
#1286=CARTESIAN_POINT('',(-5.245066586085E1,2.861872894862E1,
-1.017070729406E1));
#1287=CARTESIAN_POINT('',(-5.248876886982E1,2.865661006491E1,
-1.016518410445E1));
#1288=CARTESIAN_POINT('',(-5.252369832019E1,2.866584655001E1,
-1.015627258892E1));
#1289=CARTESIAN_POINT('',(-5.254113137108E1,2.866573474389E1,
-1.015052551450E1));
#1291=CARTESIAN_POINT('',(-5.254113137108E1,2.846577258067E1,
-1.015441566661E1));
#1292=CARTESIAN_POINT('',(-5.252371601598E1,2.846588427330E1,
-1.016015690734E1));
#1293=CARTESIAN_POINT('',(-5.248882151533E1,2.847543961945E1,
-1.016869745956E1));
#1294=CARTESIAN_POINT('',(-5.245072472509E1,2.851344445454E1,
-1.017275052842E1));
#1295=CARTESIAN_POINT('',(-5.244114881030E1,2.854845769679E1,
-1.017262061409E1));
#1296=CARTESIAN_POINT('',(-5.244113485442E1,2.856605974482E1,
-1.017227919649E1));
#1298=CARTESIAN_POINT('',(-5.254113137108E1,2.845099373973E1,
-9.394751541002E0));
#1299=CARTESIAN_POINT('',(-5.259012973002E1,2.843347372849E1,
-9.411061825957E0));
#1300=CARTESIAN_POINT('',(-5.267468808216E1,2.840362056213E1,
-9.458833974037E0));
#1301=CARTESIAN_POINT('',(-5.276952604324E1,2.837126694071E1,
-9.570433429131E0));
#1302=CARTESIAN_POINT('',(-5.281773688963E1,2.835631252424E1,
-9.703884545796E0));
#1303=CARTESIAN_POINT('',(-5.281795730896E1,2.835897925873E1,
-9.845084991279E0));
#1304=CARTESIAN_POINT('',(-5.276981403685E1,2.837911619557E1,
-9.979291014870E0));
#1305=CARTESIAN_POINT('',(-5.267444829380E1,2.841601173314E1,
-1.009127973013E1));
#1306=CARTESIAN_POINT('',(-5.259000932483E1,2.844766894165E1,
-1.013847316259E1));
#1307=CARTESIAN_POINT('',(-5.254113137108E1,2.846577258067E1,
-1.015441566661E1));
#1309=CARTESIAN_POINT('',(-5.244113461005E1,2.855069223495E1,
-9.374022076252E0));
#1310=CARTESIAN_POINT('',(-5.244111996810E1,2.853302068792E1,
-9.374365095893E0));
#1311=CARTESIAN_POINT('',(-5.245071566597E1,2.849791245269E1,
-9.375389746484E0));
#1312=CARTESIAN_POINT('',(-5.248887659577E1,2.846006672346E1,
-9.380317860533E0));
#1313=CARTESIAN_POINT('',(-5.252375984972E1,2.845088232732E1,
-9.389024704007E0));
#1314=CARTESIAN_POINT('',(-5.254113137108E1,2.845099373973E1,
-9.394751541002E0));
#1316=CARTESIAN_POINT('',(-5.254113137108E1,3.462114299844E1,
-7.012092845924E0));
#1317=CARTESIAN_POINT('',(-5.252377769290E1,3.461738038047E1,
-7.007781881352E0));
#1318=CARTESIAN_POINT('',(-5.248892987934E1,3.460474715092E1,
-7.007497321486E0));
#1319=CARTESIAN_POINT('',(-5.245077419345E1,3.457345258869E1,
-7.029239092973E0));
#1320=CARTESIAN_POINT('',(-5.244114923140E1,3.454681044346E1,
-7.052035953378E0));
#1321=CARTESIAN_POINT('',(-5.244113461005E1,3.453351247121E1,
-7.063641427544E0));
#1323=CARTESIAN_POINT('',(-5.254113137108E1,3.512076693489E1,
-7.584529672142E0));
#1324=CARTESIAN_POINT('',(-5.259001700843E1,3.512345756147E1,
-7.560553670101E0));
#1325=CARTESIAN_POINT('',(-5.267446635508E1,3.511517653209E1,
-7.504322141872E0));
#1326=CARTESIAN_POINT('',(-5.276983514649E1,3.506721696421E1,
-7.396585472780E0));
#1327=CARTESIAN_POINT('',(-5.281796941870E1,3.499190910721E1,
-7.283659736679E0));
#1328=CARTESIAN_POINT('',(-5.281772447626E1,3.489897219404E1,
-7.177314204506E0));
#1329=CARTESIAN_POINT('',(-5.276950060192E1,3.479822041486E1,
-7.088571780268E0));
#1330=CARTESIAN_POINT('',(-5.267466482301E1,3.469927386917E1,
-7.027697887503E0));
#1331=CARTESIAN_POINT('',(-5.259011962865E1,3.464507307927E1,
-7.012394836867E0));
#1332=CARTESIAN_POINT('',(-5.254113137108E1,3.462114299844E1,
-7.012092845924E0));
#1334=CARTESIAN_POINT('',(-5.244113485442E1,3.505839445298E1,
-7.665263813746E0));
#1335=CARTESIAN_POINT('',(-5.244112088154E1,3.507167510575E1,
-7.653673790880E0));
#1336=CARTESIAN_POINT('',(-5.245066586085E1,3.509773100448E1,
-7.630204555006E0));
#1337=CARTESIAN_POINT('',(-5.248876886982E1,3.512319938526E1,
-7.601624034107E0));
#1338=CARTESIAN_POINT('',(-5.252369832019E1,3.512454673158E1,
-7.588860318979E0));
#1339=CARTESIAN_POINT('',(-5.254113137108E1,3.512076693489E1,
-7.584529672142E0));
#1341=CARTESIAN_POINT('',(-5.254113137108E1,3.497008757251E1,
-7.716042902472E0));
#1342=CARTESIAN_POINT('',(-5.252371601598E1,3.497386353243E1,
-7.720369153393E0));
#1343=CARTESIAN_POINT('',(-5.248882151533E1,3.498667311339E1,
-7.720769537849E0));
#1344=CARTESIAN_POINT('',(-5.245072472509E1,3.501839176857E1,
-7.699445331625E0));
#1345=CARTESIAN_POINT('',(-5.244114881030E1,3.504512996091E1,
-7.676839733183E0));
#1346=CARTESIAN_POINT('',(-5.244113485442E1,3.505839445298E1,
-7.665263813746E0));
#1348=CARTESIAN_POINT('',(-5.254113137108E1,3.447046363606E1,
-7.143606076255E0));
#1349=CARTESIAN_POINT('',(-5.259012973002E1,3.446752657789E1,
-7.167362125555E0));
#1350=CARTESIAN_POINT('',(-5.267468808216E1,3.447536507056E1,
-7.223146959577E0));
#1351=CARTESIAN_POINT('',(-5.276952604324E1,3.452231550564E1,
-7.329433608982E0));
#1352=CARTESIAN_POINT('',(-5.281773688963E1,3.459664048230E1,
-7.441275608949E0));
#1353=CARTESIAN_POINT('',(-5.281795730896E1,3.468944521627E1,
-7.547727281690E0));
#1354=CARTESIAN_POINT('',(-5.276981403685E1,3.479113697395E1,
-7.637591286793E0));
#1355=CARTESIAN_POINT('',(-5.267444829380E1,3.489138555407E1,
-7.699663625406E0));
#1356=CARTESIAN_POINT('',(-5.259000932483E1,3.494597173638E1,
-7.715467030713E0));
#1357=CARTESIAN_POINT('',(-5.254113137108E1,3.497008757251E1,
-7.716042902472E0));
#1359=CARTESIAN_POINT('',(-5.244113461005E1,3.453351247121E1,
-7.063641427544E0));
#1360=CARTESIAN_POINT('',(-5.244111996810E1,3.452019576959E1,
-7.075263247308E0));
#1361=CARTESIAN_POINT('',(-5.245071566597E1,3.449395993378E1,
-7.098615313806E0));
#1362=CARTESIAN_POINT('',(-5.248887659577E1,3.446813615387E1,
-7.126717234011E0));
#1363=CARTESIAN_POINT('',(-5.252375984972E1,3.446669714934E1,
-7.139290679117E0));
#1364=CARTESIAN_POINT('',(-5.254113137108E1,3.447046363606E1,
-7.143606076255E0));
#1366=CARTESIAN_POINT('',(-5.241587911303E1,2.836824302175E1,0.E0));
#1367=DIRECTION('',(1.E0,0.E0,0.E0));
#1368=DIRECTION('',(0.E0,-1.544600664053E-1,-9.879990323305E-1));
#1369=AXIS2_PLACEMENT_3D('',#1366,#1367,#1368);
#1371=CARTESIAN_POINT('',(-5.241587911303E1,2.836824302175E1,0.E0));
#1372=DIRECTION('',(1.E0,0.E0,0.E0));
#1373=DIRECTION('',(0.E0,1.544600664053E-1,9.879990323305E-1));
#1374=AXIS2_PLACEMENT_3D('',#1371,#1372,#1373);
#1376=CARTESIAN_POINT('',(-5.241587911303E1,2.836824302175E1,0.E0));
#1377=DIRECTION('',(-1.E0,0.E0,0.E0));
#1378=DIRECTION('',(0.E0,1.544600664053E-1,9.879990323305E-1));
#1379=AXIS2_PLACEMENT_3D('',#1376,#1377,#1378);
#1381=CARTESIAN_POINT('',(-5.241587911303E1,2.836824302175E1,0.E0));
#1382=DIRECTION('',(-1.E0,0.E0,0.E0));
#1383=DIRECTION('',(0.E0,-1.544600664053E-1,-9.879990323305E-1));
#1384=AXIS2_PLACEMENT_3D('',#1381,#1382,#1383);
#1386=CARTESIAN_POINT('',(-5.241587911303E1,2.987809017086E1,9.657690541031E0));
#1387=DIRECTION('',(0.E0,-9.879990323305E-1,1.544600664053E-1));
#1388=DIRECTION('',(0.E0,1.544600664053E-1,9.879990323305E-1));
#1389=AXIS2_PLACEMENT_3D('',#1386,#1387,#1388);
#1391=CARTESIAN_POINT('',(-5.241587911303E1,2.836824302175E1,0.E0));
#1392=DIRECTION('',(1.E0,0.E0,0.E0));
#1393=DIRECTION('',(0.E0,-1.544600664053E-1,-9.879990323305E-1));
#1394=AXIS2_PLACEMENT_3D('',#1391,#1392,#1393);
#1396=CARTESIAN_POINT('',(-5.241587911303E1,2.685839587263E1,
-9.657690541031E0));
#1397=DIRECTION('',(0.E0,9.879990323305E-1,-1.544600664053E-1));
#1398=DIRECTION('',(0.E0,-1.544600664053E-1,-9.879990323305E-1));
#1399=AXIS2_PLACEMENT_3D('',#1396,#1397,#1398);
#1401=CARTESIAN_POINT('',(-5.241587911303E1,2.836824302175E1,0.E0));
#1402=DIRECTION('',(1.E0,0.E0,0.E0));
#1403=DIRECTION('',(0.E0,1.544600664053E-1,9.879990323305E-1));
#1404=AXIS2_PLACEMENT_3D('',#1401,#1402,#1403);
#1406=DIRECTION('',(-1.E0,1.578983857245E-14,0.E0));
#1407=VECTOR('',#1406,4.5E-1);
#1408=CARTESIAN_POINT('',(-5.196587911303E1,2.682750385935E1,
-9.855290347497E0));
#1409=LINE('',#1408,#1407);
#1410=DIRECTION('',(-1.E0,-2.368475785867E-14,0.E0));
#1411=VECTOR('',#1410,4.5E-1);
#1412=CARTESIAN_POINT('',(-5.196587911303E1,2.990898218414E1,9.855290347497E0));
#1413=LINE('',#1412,#1411);
#1414=CARTESIAN_POINT('',(-5.196587911303E1,2.836824302175E1,0.E0));
#1415=DIRECTION('',(-1.E0,0.E0,0.E0));
#1416=DIRECTION('',(0.E0,1.544600664053E-1,9.879990323305E-1));
#1417=AXIS2_PLACEMENT_3D('',#1414,#1415,#1416);
#1419=CARTESIAN_POINT('',(-5.196587911303E1,2.836824302175E1,0.E0));
#1420=DIRECTION('',(-1.E0,0.E0,0.E0));
#1421=DIRECTION('',(0.E0,-1.544600664053E-1,-9.879990323305E-1));
#1422=AXIS2_PLACEMENT_3D('',#1419,#1420,#1421);
#1424=CARTESIAN_POINT('',(-5.196587911303E1,2.836824302175E1,0.E0));
#1425=DIRECTION('',(1.E0,0.E0,0.E0));
#1426=DIRECTION('',(0.E0,-1.544600664053E-1,-9.879990323305E-1));
#1427=AXIS2_PLACEMENT_3D('',#1424,#1425,#1426);
#1429=CARTESIAN_POINT('',(-5.196587911303E1,2.836824302175E1,0.E0));
#1430=DIRECTION('',(1.E0,0.E0,0.E0));
#1431=DIRECTION('',(0.E0,1.544600664053E-1,9.879990323305E-1));
#1432=AXIS2_PLACEMENT_3D('',#1429,#1430,#1431);
#1434=CARTESIAN_POINT('',(-5.216587911303E1,2.984333665592E1,9.435390758757E0));
#1435=DIRECTION('',(0.E0,-9.879990323305E-1,1.544600664053E-1));
#1436=DIRECTION('',(6.E-1,-1.235680531242E-1,-7.903992258644E-1));
#1437=AXIS2_PLACEMENT_3D('',#1434,#1435,#1436);
#1439=CARTESIAN_POINT('',(-5.204587911303E1,2.836824302175E1,0.E0));
#1440=DIRECTION('',(1.E0,0.E0,0.E0));
#1441=DIRECTION('',(0.E0,-1.544600664053E-1,-9.879990323305E-1));
#1442=AXIS2_PLACEMENT_3D('',#1439,#1440,#1441);
#1444=CARTESIAN_POINT('',(-5.216587911303E1,2.689314938758E1,
-9.435390758757E0));
#1445=DIRECTION('',(0.E0,9.879990323305E-1,-1.544600664053E-1));
#1446=DIRECTION('',(6.E-1,1.235680531242E-1,7.903992258644E-1));
#1447=AXIS2_PLACEMENT_3D('',#1444,#1445,#1446);
#1449=CARTESIAN_POINT('',(-5.204587911303E1,2.836824302175E1,0.E0));
#1450=DIRECTION('',(1.E0,0.E0,0.E0));
#1451=DIRECTION('',(0.E0,1.544600664053E-1,9.879990323305E-1));
#1452=AXIS2_PLACEMENT_3D('',#1449,#1450,#1451);
#1454=DIRECTION('',(-8.E-1,-9.267603984318E-2,-5.927994193983E-1));
#1455=VECTOR('',#1454,5.5E-1);
#1456=CARTESIAN_POINT('',(-5.204587911303E1,2.981862304529E1,9.277310913584E0));
#1457=LINE('',#1456,#1455);
#1458=DIRECTION('',(-8.E-1,9.267603984319E-2,5.927994193983E-1));
#1459=VECTOR('',#1458,5.5E-1);
#1460=CARTESIAN_POINT('',(-5.204587911303E1,2.691786299820E1,
-9.277310913584E0));
#1461=LINE('',#1460,#1459);
#1462=CARTESIAN_POINT('',(-5.236587911303E1,2.699354843074E1,
-8.793191387742E0));
#1463=DIRECTION('',(0.E0,9.879990323305E-1,-1.544600664053E-1));
#1464=DIRECTION('',(-6.E-1,-1.235680531243E-1,-7.903992258644E-1));
#1465=AXIS2_PLACEMENT_3D('',#1462,#1463,#1464);
#1467=CARTESIAN_POINT('',(-5.248587911303E1,2.836824302175E1,0.E0));
#1468=DIRECTION('',(-1.E0,0.E0,0.E0));
#1469=DIRECTION('',(0.E0,1.544600664053E-1,9.879990323305E-1));
#1470=AXIS2_PLACEMENT_3D('',#1467,#1468,#1469);
#1472=CARTESIAN_POINT('',(-5.256587911303E1,2.836824302175E1,0.E0));
#1473=DIRECTION('',(-1.E0,0.E0,0.E0));
#1474=DIRECTION('',(0.E0,1.544600664053E-1,9.879990323305E-1));
#1475=AXIS2_PLACEMENT_3D('',#1472,#1473,#1474);
#1477=CARTESIAN_POINT('',(-5.256587911303E1,2.836824302175E1,0.E0));
#1478=DIRECTION('',(-1.E0,0.E0,0.E0));
#1479=DIRECTION('',(0.E0,-1.544600664053E-1,-9.879990323305E-1));
#1480=AXIS2_PLACEMENT_3D('',#1477,#1478,#1479);
#1482=CARTESIAN_POINT('',(-5.256587911303E1,2.836824302175E1,0.E0));
#1483=DIRECTION('',(1.E0,0.E0,0.E0));
#1484=DIRECTION('',(0.E0,-1.544600664053E-1,-9.879990323305E-1));
#1485=AXIS2_PLACEMENT_3D('',#1482,#1483,#1484);
#1487=CARTESIAN_POINT('',(-5.256587911303E1,2.836824302175E1,0.E0));
#1488=DIRECTION('',(1.E0,0.E0,0.E0));
#1489=DIRECTION('',(0.E0,1.544600664053E-1,9.879990323305E-1));
#1490=AXIS2_PLACEMENT_3D('',#1487,#1488,#1489);
#1492=CARTESIAN_POINT('',(-5.236587911303E1,2.974293761275E1,8.793191387742E0));
#1493=DIRECTION('',(0.E0,-9.879990323305E-1,1.544600664053E-1));
#1494=DIRECTION('',(-6.E-1,1.235680531243E-1,7.903992258644E-1));
#1495=AXIS2_PLACEMENT_3D('',#1492,#1493,#1494);
#1497=CARTESIAN_POINT('',(-5.248587911303E1,2.836824302175E1,0.E0));
#1498=DIRECTION('',(-1.E0,0.E0,0.E0));
#1499=DIRECTION('',(0.E0,-1.544600664053E-1,-9.879990323305E-1));
#1500=AXIS2_PLACEMENT_3D('',#1497,#1498,#1499);
#1502=DIRECTION('',(-1.E0,0.E0,0.E0));
#1503=VECTOR('',#1502,4.E-1);
#1504=CARTESIAN_POINT('',(-5.216587911303E1,2.937995645670E1,6.471393661765E0));
#1505=LINE('',#1504,#1503);
#1506=DIRECTION('',(-1.E0,0.E0,0.E0));
#1507=VECTOR('',#1506,4.E-1);
#1508=CARTESIAN_POINT('',(-5.216587911303E1,2.735652958679E1,
-6.471393661765E0));
#1509=LINE('',#1508,#1507);
#1510=CARTESIAN_POINT('',(-5.216587911303E1,2.836824302175E1,0.E0));
#1511=DIRECTION('',(1.E0,0.E0,0.E0));
#1512=DIRECTION('',(0.E0,-1.544600664053E-1,-9.879990323305E-1));
#1513=AXIS2_PLACEMENT_3D('',#1510,#1511,#1512);
#1515=CARTESIAN_POINT('',(-5.216587911303E1,2.836824302175E1,0.E0));
#1516=DIRECTION('',(1.E0,0.E0,0.E0));
#1517=DIRECTION('',(0.E0,1.544600664053E-1,9.879990323305E-1));
#1518=AXIS2_PLACEMENT_3D('',#1515,#1516,#1517);
#1520=CARTESIAN_POINT('',(-5.216587911303E1,2.836824302175E1,0.E0));
#1521=DIRECTION('',(-1.E0,0.E0,0.E0));
#1522=DIRECTION('',(0.E0,1.544600664053E-1,9.879990323305E-1));
#1523=AXIS2_PLACEMENT_3D('',#1520,#1521,#1522);
#1525=CARTESIAN_POINT('',(-5.216587911303E1,2.836824302175E1,0.E0));
#1526=DIRECTION('',(-1.E0,0.E0,0.E0));
#1527=DIRECTION('',(0.E0,-1.544600664053E-1,-9.879990323305E-1));
#1528=AXIS2_PLACEMENT_3D('',#1525,#1526,#1527);
#1530=DIRECTION('',(-1.E0,0.E0,0.E0));
#1531=VECTOR('',#1530,2.E-1);
#1532=CARTESIAN_POINT('',(-5.216587911303E1,2.732563757351E1,
-6.668993468231E0));
#1533=LINE('',#1532,#1531);
#1534=CARTESIAN_POINT('',(-5.236587911303E1,2.836824302175E1,0.E0));
#1535=DIRECTION('',(1.E0,0.E0,0.E0));
#1536=DIRECTION('',(0.E0,-1.544600664053E-1,-9.879990323305E-1));
#1537=AXIS2_PLACEMENT_3D('',#1534,#1535,#1536);
#1539=CARTESIAN_POINT('',(-5.236587911303E1,2.836824302175E1,0.E0));
#1540=DIRECTION('',(1.E0,0.E0,0.E0));
#1541=DIRECTION('',(0.E0,1.544600664053E-1,9.879990323305E-1));
#1542=AXIS2_PLACEMENT_3D('',#1539,#1540,#1541);
#1544=CARTESIAN_POINT('',(-5.236587911303E1,2.836824302175E1,0.E0));
#1545=DIRECTION('',(-1.E0,0.E0,0.E0));
#1546=DIRECTION('',(0.E0,1.544600664053E-1,9.879990323305E-1));
#1547=AXIS2_PLACEMENT_3D('',#1544,#1545,#1546);
#1549=CARTESIAN_POINT('',(-5.236587911303E1,2.836824302175E1,0.E0));
#1550=DIRECTION('',(-1.E0,0.E0,0.E0));
#1551=DIRECTION('',(0.E0,-1.544600664053E-1,-9.879990323305E-1));
#1552=AXIS2_PLACEMENT_3D('',#1549,#1550,#1551);
#1554=CARTESIAN_POINT('',(-5.216587911303E1,2.972749160611E1,8.694391484509E0));
#1555=DIRECTION('',(0.E0,-9.879990323305E-1,1.544600664053E-1));
#1556=DIRECTION('',(-6.E-1,1.235680531242E-1,7.903992258644E-1));
#1557=AXIS2_PLACEMENT_3D('',#1554,#1555,#1556);
#1559=CARTESIAN_POINT('',(-5.228587911303E1,2.836824302175E1,0.E0));
#1560=DIRECTION('',(1.E0,0.E0,0.E0));
#1561=DIRECTION('',(0.E0,-1.544600664053E-1,-9.879990323305E-1));
#1562=AXIS2_PLACEMENT_3D('',#1559,#1560,#1561);
#1564=CARTESIAN_POINT('',(-5.216587911303E1,2.700899443738E1,
-8.694391484509E0));
#1565=DIRECTION('',(0.E0,9.879990323305E-1,-1.544600664053E-1));
#1566=DIRECTION('',(-6.E-1,-1.235680531242E-1,-7.903992258644E-1));
#1567=AXIS2_PLACEMENT_3D('',#1564,#1565,#1566);
#1569=CARTESIAN_POINT('',(-5.228587911303E1,2.836824302175E1,0.E0));
#1570=DIRECTION('',(1.E0,0.E0,0.E0));
#1571=DIRECTION('',(0.E0,1.544600664053E-1,9.879990323305E-1));
#1572=AXIS2_PLACEMENT_3D('',#1569,#1570,#1571);
#1574=DIRECTION('',(-8.E-1,9.267603984318E-2,5.927994193983E-1));
#1575=VECTOR('',#1574,5.5E-1);
#1576=CARTESIAN_POINT('',(-5.184587911303E1,2.693330900484E1,
-9.178511010351E0));
#1577=LINE('',#1576,#1575);
#1578=DIRECTION('',(-8.E-1,-9.267603984318E-2,-5.927994193983E-1));
#1579=VECTOR('',#1578,5.5E-1);
#1580=CARTESIAN_POINT('',(-5.184587911303E1,2.980317703865E1,9.178511010351E0));
#1581=LINE('',#1580,#1579);
#1582=CARTESIAN_POINT('',(-5.196587911303E1,2.690859539422E1,
-9.336590855524E0));
#1583=DIRECTION('',(0.E0,9.879990323305E-1,-1.544600664053E-1));
#1584=DIRECTION('',(6.E-1,1.235680531242E-1,7.903992258644E-1));
#1585=AXIS2_PLACEMENT_3D('',#1582,#1583,#1584);
#1587=CARTESIAN_POINT('',(-5.184587911303E1,2.836824302175E1,0.E0));
#1588=DIRECTION('',(-1.E0,0.E0,0.E0));
#1589=DIRECTION('',(0.E0,1.544600664053E-1,9.879990323305E-1));
#1590=AXIS2_PLACEMENT_3D('',#1587,#1588,#1589);
#1592=CARTESIAN_POINT('',(-5.176587911303E1,2.836824302175E1,0.E0));
#1593=DIRECTION('',(-1.E0,0.E0,0.E0));
#1594=DIRECTION('',(0.E0,0.E0,-1.E0));
#1595=AXIS2_PLACEMENT_3D('',#1592,#1593,#1594);
#1597=CARTESIAN_POINT('',(-5.176587911303E1,2.836824302175E1,0.E0));
#1598=DIRECTION('',(-1.E0,0.E0,0.E0));
#1599=DIRECTION('',(0.E0,0.E0,1.E0));
#1600=AXIS2_PLACEMENT_3D('',#1597,#1598,#1599);
#1602=CARTESIAN_POINT('',(-5.176587911303E1,2.836824302175E1,0.E0));
#1603=DIRECTION('',(-1.E0,0.E0,0.E0));
#1604=DIRECTION('',(0.E0,1.544600664053E-1,9.879990323305E-1));
#1605=AXIS2_PLACEMENT_3D('',#1602,#1603,#1604);
#1607=CARTESIAN_POINT('',(-5.176587911303E1,2.836824302175E1,0.E0));
#1608=DIRECTION('',(-1.E0,0.E0,0.E0));
#1609=DIRECTION('',(0.E0,-1.544600664053E-1,-9.879990323305E-1));
#1610=AXIS2_PLACEMENT_3D('',#1607,#1608,#1609);
#1612=DIRECTION('',(1.E0,0.E0,0.E0));
#1613=VECTOR('',#1612,1.680163945442E0);
#1614=CARTESIAN_POINT('',(-5.176587911303E1,2.836824302175E1,9.5E0));
#1615=LINE('',#1614,#1613);
#1616=DIRECTION('',(1.E0,0.E0,0.E0));
#1617=VECTOR('',#1616,1.680163945442E0);
#1618=CARTESIAN_POINT('',(-5.176587911303E1,2.836824302175E1,-9.5E0));
#1619=LINE('',#1618,#1617);
#1620=CARTESIAN_POINT('',(-5.008571516758E1,2.836824302175E1,0.E0));
#1621=DIRECTION('',(-1.E0,0.E0,0.E0));
#1622=DIRECTION('',(0.E0,0.E0,1.E0));
#1623=AXIS2_PLACEMENT_3D('',#1620,#1621,#1622);
#1625=CARTESIAN_POINT('',(-4.764604305847E1,2.836824302175E1,0.E0));
#1626=DIRECTION('',(1.E0,0.E0,0.E0));
#1627=DIRECTION('',(0.E0,0.E0,-1.E0));
#1628=AXIS2_PLACEMENT_3D('',#1625,#1626,#1627);
#1630=CARTESIAN_POINT('',(-4.764604305847E1,2.836824302175E1,0.E0));
#1631=DIRECTION('',(1.E0,0.E0,0.E0));
#1632=DIRECTION('',(0.E0,0.E0,1.E0));
#1633=AXIS2_PLACEMENT_3D('',#1630,#1631,#1632);
#1635=CARTESIAN_POINT('',(-4.886587911303E1,2.836824302175E1,7.84E0));
#1636=DIRECTION('',(0.E0,-1.E0,0.E0));
#1637=DIRECTION('',(5.921534245428E-1,0.E0,8.058252427184E-1));
#1638=AXIS2_PLACEMENT_3D('',#1635,#1636,#1637);
#1640=CARTESIAN_POINT('',(-5.008571516758E1,2.836824302175E1,0.E0));
#1641=DIRECTION('',(-1.E0,0.E0,0.E0));
#1642=DIRECTION('',(0.E0,0.E0,-1.E0));
#1643=AXIS2_PLACEMENT_3D('',#1640,#1641,#1642);
#1645=CARTESIAN_POINT('',(-4.886587911303E1,2.836824302175E1,-7.84E0));
#1646=DIRECTION('',(0.E0,-1.E0,0.E0));
#1647=DIRECTION('',(-5.921534245428E-1,0.E0,-8.058252427184E-1));
#1648=AXIS2_PLACEMENT_3D('',#1645,#1646,#1647);
#1650=CARTESIAN_POINT('',(-4.596587911303E1,2.836824302175E1,0.E0));
#1651=DIRECTION('',(-1.E0,0.E0,0.E0));
#1652=DIRECTION('',(0.E0,0.E0,-1.E0));
#1653=AXIS2_PLACEMENT_3D('',#1650,#1651,#1652);
#1655=DIRECTION('',(1.E0,0.E0,0.E0));
#1656=VECTOR('',#1655,1.680163945442E0);
#1657=CARTESIAN_POINT('',(-4.764604305847E1,2.836824302175E1,9.5E0));
#1658=LINE('',#1657,#1656);
#1659=CARTESIAN_POINT('',(-4.596587911303E1,2.836824302175E1,0.E0));
#1660=DIRECTION('',(1.E0,0.E0,0.E0));
#1661=DIRECTION('',(0.E0,-8.541525321584E-1,-5.200225493259E-1));
#1662=AXIS2_PLACEMENT_3D('',#1659,#1660,#1661);
#1664=CARTESIAN_POINT('',(-4.596587911303E1,2.836824302175E1,0.E0));
#1665=DIRECTION('',(1.E0,0.E0,0.E0));
#1666=DIRECTION('',(0.E0,8.541525321584E-1,5.200225493259E-1));
#1667=AXIS2_PLACEMENT_3D('',#1664,#1665,#1666);
#1669=CARTESIAN_POINT('',(-4.596587911303E1,2.836824302175E1,0.E0));
#1670=DIRECTION('',(-1.E0,0.E0,0.E0));
#1671=DIRECTION('',(0.E0,0.E0,1.E0));
#1672=AXIS2_PLACEMENT_3D('',#1669,#1670,#1671);
#1674=DIRECTION('',(1.E0,0.E0,0.E0));
#1675=VECTOR('',#1674,1.680163945442E0);
#1676=CARTESIAN_POINT('',(-4.764604305847E1,2.836824302175E1,-9.5E0));
#1677=LINE('',#1676,#1675);
#1678=CARTESIAN_POINT('',(-4.576587911303E1,3.643998445064E1,4.914213091130E0));
#1679=DIRECTION('',(0.E0,5.200225493259E-1,-8.541525321584E-1));
#1680=DIRECTION('',(-6.E-1,-6.833220257267E-1,-4.160180394607E-1));
#1681=AXIS2_PLACEMENT_3D('',#1678,#1679,#1680);
#1683=CARTESIAN_POINT('',(-4.588587911303E1,2.836824302175E1,0.E0));
#1684=DIRECTION('',(1.E0,0.E0,0.E0));
#1685=DIRECTION('',(0.E0,-8.541525321584E-1,-5.200225493259E-1));
#1686=AXIS2_PLACEMENT_3D('',#1683,#1684,#1685);
#1688=CARTESIAN_POINT('',(-4.576587911303E1,2.029650159285E1,
-4.914213091130E0));
#1689=DIRECTION('',(0.E0,-5.200225493259E-1,8.541525321584E-1));
#1690=DIRECTION('',(-6.E-1,6.833220257267E-1,4.160180394607E-1));
#1691=AXIS2_PLACEMENT_3D('',#1688,#1689,#1690);
#1693=CARTESIAN_POINT('',(-4.588587911303E1,2.836824302175E1,0.E0));
#1694=DIRECTION('',(1.E0,0.E0,0.E0));
#1695=DIRECTION('',(0.E0,8.541525321584E-1,5.200225493259E-1));
#1696=AXIS2_PLACEMENT_3D('',#1693,#1694,#1695);
#1698=DIRECTION('',(8.E-1,-5.124915192950E-1,-3.120135295955E-1));
#1699=VECTOR('',#1698,5.5E-1);
#1700=CARTESIAN_POINT('',(-4.588587911303E1,3.630332004550E1,4.831009483238E0));
#1701=LINE('',#1700,#1699);
#1702=CARTESIAN_POINT('',(-4.556587911303E1,3.588478530474E1,4.576198434068E0));
#1703=DIRECTION('',(0.E0,5.200225493259E-1,-8.541525321584E-1));
#1704=DIRECTION('',(6.E-1,6.833220257267E-1,4.160180394607E-1));
#1705=AXIS2_PLACEMENT_3D('',#1702,#1703,#1704);
#1707=CARTESIAN_POINT('',(-4.544587911303E1,2.836824302175E1,0.E0));
#1708=DIRECTION('',(-1.E0,0.E0,0.E0));
#1709=DIRECTION('',(0.E0,-8.541525321584E-1,-5.200225493259E-1));
#1710=AXIS2_PLACEMENT_3D('',#1707,#1708,#1709);
#1712=CARTESIAN_POINT('',(-4.536587911303E1,2.836824302175E1,0.E0));
#1713=DIRECTION('',(-1.E0,0.E0,0.E0));
#1714=DIRECTION('',(0.E0,8.541525321584E-1,5.200225493259E-1));
#1715=AXIS2_PLACEMENT_3D('',#1712,#1713,#1714);
#1717=CARTESIAN_POINT('',(-4.536587911303E1,2.836824302175E1,0.E0));
#1718=DIRECTION('',(-1.E0,0.E0,0.E0));
#1719=DIRECTION('',(0.E0,-8.541525321584E-1,-5.200225493259E-1));
#1720=AXIS2_PLACEMENT_3D('',#1717,#1718,#1719);
#1722=CARTESIAN_POINT('',(-4.536587911303E1,2.836824302175E1,0.E0));
#1723=DIRECTION('',(1.E0,0.E0,0.E0));
#1724=DIRECTION('',(0.E0,-8.541525321584E-1,-5.200225493259E-1));
#1725=AXIS2_PLACEMENT_3D('',#1722,#1723,#1724);
#1727=CARTESIAN_POINT('',(-4.536587911303E1,2.836824302175E1,0.E0));
#1728=DIRECTION('',(1.E0,0.E0,0.E0));
#1729=DIRECTION('',(0.E0,8.541525321584E-1,5.200225493259E-1));
#1730=AXIS2_PLACEMENT_3D('',#1727,#1728,#1729);
#1732=CARTESIAN_POINT('',(-4.556587911303E1,2.085170073875E1,
-4.576198434068E0));
#1733=DIRECTION('',(0.E0,-5.200225493259E-1,8.541525321584E-1));
#1734=DIRECTION('',(6.E-1,-6.833220257267E-1,-4.160180394607E-1));
#1735=AXIS2_PLACEMENT_3D('',#1732,#1733,#1734);
#1737=CARTESIAN_POINT('',(-4.544587911303E1,2.836824302175E1,0.E0));
#1738=DIRECTION('',(-1.E0,0.E0,0.E0));
#1739=DIRECTION('',(0.E0,8.541525321584E-1,5.200225493259E-1));
#1740=AXIS2_PLACEMENT_3D('',#1737,#1738,#1739);
#1742=DIRECTION('',(8.E-1,5.124915192950E-1,3.120135295955E-1));
#1743=VECTOR('',#1742,5.5E-1);
#1744=CARTESIAN_POINT('',(-4.588587911303E1,2.043316599799E1,
-4.831009483238E0));
#1745=LINE('',#1744,#1743);
#1746=DIRECTION('',(1.E0,0.E0,0.E0));
#1747=VECTOR('',#1746,2.E-1);
#1748=CARTESIAN_POINT('',(-4.556587911303E1,3.413377261382E1,3.510152207950E0));
#1749=LINE('',#1748,#1747);
#1750=DIRECTION('',(1.E0,0.E0,0.E0));
#1751=VECTOR('',#1750,2.E-1);
#1752=CARTESIAN_POINT('',(-4.556587911303E1,2.260271342968E1,
-3.510152207950E0));
#1753=LINE('',#1752,#1751);
#1754=CARTESIAN_POINT('',(-4.556587911303E1,2.836824302175E1,0.E0));
#1755=DIRECTION('',(-1.E0,0.E0,0.E0));
#1756=DIRECTION('',(0.E0,8.541525321584E-1,5.200225493259E-1));
#1757=AXIS2_PLACEMENT_3D('',#1754,#1755,#1756);
#1759=CARTESIAN_POINT('',(-4.556587911303E1,2.836824302175E1,0.E0));
#1760=DIRECTION('',(-1.E0,0.E0,0.E0));
#1761=DIRECTION('',(0.E0,-8.541525321584E-1,-5.200225493259E-1));
#1762=AXIS2_PLACEMENT_3D('',#1759,#1760,#1761);
#1764=CARTESIAN_POINT('',(-4.556587911303E1,2.836824302175E1,0.E0));
#1765=DIRECTION('',(1.E0,0.E0,0.E0));
#1766=DIRECTION('',(0.E0,-8.541525321584E-1,-5.200225493259E-1));
#1767=AXIS2_PLACEMENT_3D('',#1764,#1765,#1766);
#1769=CARTESIAN_POINT('',(-4.556587911303E1,2.836824302175E1,0.E0));
#1770=DIRECTION('',(1.E0,0.E0,0.E0));
#1771=DIRECTION('',(0.E0,8.541525321584E-1,5.200225493259E-1));
#1772=AXIS2_PLACEMENT_3D('',#1769,#1770,#1771);
#1774=DIRECTION('',(1.E0,0.E0,0.E0));
#1775=VECTOR('',#1774,4.E-1);
#1776=CARTESIAN_POINT('',(-4.556587911303E1,2.277354393611E1,
-3.406147698085E0));
#1777=LINE('',#1776,#1775);
#1778=DIRECTION('',(1.E0,0.E0,0.E0));
#1779=VECTOR('',#1778,4.E-1);
#1780=CARTESIAN_POINT('',(-4.556587911303E1,3.396294210738E1,3.406147698085E0));
#1781=LINE('',#1780,#1779);
#1782=CARTESIAN_POINT('',(-4.516587911303E1,2.836824302175E1,0.E0));
#1783=DIRECTION('',(1.E0,0.E0,0.E0));
#1784=DIRECTION('',(0.E0,-8.541525321584E-1,-5.200225493259E-1));
#1785=AXIS2_PLACEMENT_3D('',#1782,#1783,#1784);
#1787=CARTESIAN_POINT('',(-4.516587911303E1,2.836824302175E1,0.E0));
#1788=DIRECTION('',(1.E0,0.E0,0.E0));
#1789=DIRECTION('',(0.E0,8.541525321584E-1,5.200225493259E-1));
#1790=AXIS2_PLACEMENT_3D('',#1787,#1788,#1789);
#1792=CARTESIAN_POINT('',(-4.516587911303E1,2.836824302175E1,0.E0));
#1793=DIRECTION('',(-1.E0,0.E0,0.E0));
#1794=DIRECTION('',(0.E0,8.541525321584E-1,5.200225493259E-1));
#1795=AXIS2_PLACEMENT_3D('',#1792,#1793,#1794);
#1797=CARTESIAN_POINT('',(-4.516587911303E1,2.836824302175E1,0.E0));
#1798=DIRECTION('',(-1.E0,0.E0,0.E0));
#1799=DIRECTION('',(0.E0,-8.541525321584E-1,-5.200225493259E-1));
#1800=AXIS2_PLACEMENT_3D('',#1797,#1798,#1799);
#1802=CARTESIAN_POINT('',(-4.536587911303E1,3.597020055796E1,4.628200689E0));
#1803=DIRECTION('',(0.E0,5.200225493259E-1,-8.541525321584E-1));
#1804=DIRECTION('',(6.E-1,6.833220257267E-1,4.160180394607E-1));
#1805=AXIS2_PLACEMENT_3D('',#1802,#1803,#1804);
#1807=CARTESIAN_POINT('',(-4.524587911303E1,2.836824302175E1,0.E0));
#1808=DIRECTION('',(1.E0,0.E0,0.E0));
#1809=DIRECTION('',(0.E0,-8.541525321584E-1,-5.200225493259E-1));
#1810=AXIS2_PLACEMENT_3D('',#1807,#1808,#1809);
#1812=CARTESIAN_POINT('',(-4.536587911303E1,2.076628548554E1,-4.628200689E0));
#1813=DIRECTION('',(0.E0,-5.200225493259E-1,8.541525321584E-1));
#1814=DIRECTION('',(6.E-1,-6.833220257267E-1,-4.160180394607E-1));
#1815=AXIS2_PLACEMENT_3D('',#1812,#1813,#1814);
#1817=CARTESIAN_POINT('',(-4.524587911303E1,2.836824302175E1,0.E0));
#1818=DIRECTION('',(1.E0,0.E0,0.E0));
#1819=DIRECTION('',(0.E0,8.541525321584E-1,5.200225493259E-1));
#1820=AXIS2_PLACEMENT_3D('',#1817,#1818,#1819);
#1822=DIRECTION('',(8.E-1,5.124915192950E-1,3.120135295955E-1));
#1823=VECTOR('',#1822,5.5E-1);
#1824=CARTESIAN_POINT('',(-4.568587911303E1,2.034775074478E1,
-4.883011738170E0));
#1825=LINE('',#1824,#1823);
#1826=DIRECTION('',(8.E-1,-5.124915192950E-1,-3.120135295955E-1));
#1827=VECTOR('',#1826,5.5E-1);
#1828=CARTESIAN_POINT('',(-4.568587911303E1,3.638873529871E1,4.883011738170E0));
#1829=LINE('',#1828,#1827);
#1830=CARTESIAN_POINT('',(-4.556587911303E1,2.021108633963E1,
-4.966215346062E0));
#1831=DIRECTION('',(0.E0,-5.200225493259E-1,8.541525321584E-1));
#1832=DIRECTION('',(-6.E-1,6.833220257267E-1,4.160180394607E-1));
#1833=AXIS2_PLACEMENT_3D('',#1830,#1831,#1832);
#1835=CARTESIAN_POINT('',(-4.568587911303E1,2.836824302175E1,0.E0));
#1836=DIRECTION('',(-1.E0,0.E0,0.E0));
#1837=DIRECTION('',(0.E0,8.541525321584E-1,5.200225493259E-1));
#1838=AXIS2_PLACEMENT_3D('',#1835,#1836,#1837);
#1840=CARTESIAN_POINT('',(-4.556587911303E1,3.652539970386E1,4.966215346062E0));
#1841=DIRECTION('',(0.E0,5.200225493259E-1,-8.541525321584E-1));
#1842=DIRECTION('',(-6.E-1,-6.833220257267E-1,-4.160180394607E-1));
#1843=AXIS2_PLACEMENT_3D('',#1840,#1841,#1842);
#1845=CARTESIAN_POINT('',(-4.568587911303E1,2.836824302175E1,0.E0));
#1846=DIRECTION('',(-1.E0,0.E0,0.E0));
#1847=DIRECTION('',(0.E0,-8.541525321584E-1,-5.200225493259E-1));
#1848=AXIS2_PLACEMENT_3D('',#1845,#1846,#1847);
#1850=CARTESIAN_POINT('',(-4.576587911303E1,2.836824302175E1,0.E0));
#1851=DIRECTION('',(1.E0,0.E0,0.E0));
#1852=DIRECTION('',(0.E0,-8.541525321584E-1,-5.200225493259E-1));
#1853=AXIS2_PLACEMENT_3D('',#1850,#1851,#1852);
#1855=CARTESIAN_POINT('',(-4.576587911303E1,2.836824302175E1,0.E0));
#1856=DIRECTION('',(1.E0,0.E0,0.E0));
#1857=DIRECTION('',(0.E0,8.541525321584E-1,5.200225493259E-1));
#1858=AXIS2_PLACEMENT_3D('',#1855,#1856,#1857);
#1860=CARTESIAN_POINT('',(-4.576587911303E1,2.836824302175E1,0.E0));
#1861=DIRECTION('',(-1.E0,0.E0,0.E0));
#1862=DIRECTION('',(0.E0,8.541525321584E-1,5.200225493259E-1));
#1863=AXIS2_PLACEMENT_3D('',#1860,#1861,#1862);
#1865=CARTESIAN_POINT('',(-4.576587911303E1,2.836824302175E1,0.E0));
#1866=DIRECTION('',(-1.E0,0.E0,0.E0));
#1867=DIRECTION('',(0.E0,-8.541525321584E-1,-5.200225493259E-1));
#1868=AXIS2_PLACEMENT_3D('',#1865,#1866,#1867);
#1870=DIRECTION('',(1.E0,0.E0,0.E0));
#1871=VECTOR('',#1870,4.5E-1);
#1872=CARTESIAN_POINT('',(-4.576587911303E1,1.984807151347E1,
-5.187224929526E0));
#1873=LINE('',#1872,#1871);
#1874=DIRECTION('',(1.E0,0.E0,0.E0));
#1875=VECTOR('',#1874,4.5E-1);
#1876=CARTESIAN_POINT('',(-4.576587911303E1,3.688841453003E1,5.187224929526E0));
#1877=LINE('',#1876,#1875);
#1878=CARTESIAN_POINT('',(-5.196587911303E1,2.982789064928E1,9.336590855524E0));
#1879=DIRECTION('',(0.E0,-9.879990323305E-1,1.544600664053E-1));
#1880=DIRECTION('',(6.E-1,-1.235680531242E-1,-7.903992258644E-1));
#1881=AXIS2_PLACEMENT_3D('',#1878,#1879,#1880);
#1883=CARTESIAN_POINT('',(-5.184587911303E1,2.836824302175E1,0.E0));
#1884=DIRECTION('',(-1.E0,0.E0,0.E0));
#1885=DIRECTION('',(0.E0,-1.544600664053E-1,-9.879990323305E-1));
#1886=AXIS2_PLACEMENT_3D('',#1883,#1884,#1885);
#1888=DIRECTION('',(-1.E0,0.E0,0.E0));
#1889=VECTOR('',#1888,2.E-1);
#1890=CARTESIAN_POINT('',(-5.216587911303E1,2.941084846998E1,6.668993468231E0));
#1891=LINE('',#1890,#1889);
#1892=CARTESIAN_POINT('',(-5.254113137108E1,2.469769037266E1,9.227690278250E0));
#1893=CARTESIAN_POINT('',(-5.256621211255E1,2.469646581218E1,9.205520479344E0));
#1894=CARTESIAN_POINT('',(-5.260219220724E1,2.470131157766E1,9.156618499652E0));
#1895=CARTESIAN_POINT('',(-5.262271015312E1,2.472622597560E1,9.071369205205E0));
#1896=CARTESIAN_POINT('',(-5.260224165117E1,2.476510814983E1,8.991360503008E0));
#1897=CARTESIAN_POINT('',(-5.256621802162E1,2.479428987023E1,8.952188658934E0));
#1898=CARTESIAN_POINT('',(-5.254113137108E1,2.481003327334E1,8.936766334028E0));
#1900=DIRECTION('',(3.172437281850E-14,3.602331747880E-1,-9.328622941153E-1));
#1901=VECTOR('',#1900,2.239737692610E-1);
#1902=CARTESIAN_POINT('',(-5.254113137108E1,2.499660573216E1,9.008812968986E0));
#1903=LINE('',#1902,#1901);
#1904=CARTESIAN_POINT('',(-5.254113137108E1,2.481003327334E1,8.936766334028E0));
#1905=CARTESIAN_POINT('',(-5.252543903624E1,2.481457447833E1,8.925006398496E0));
#1906=CARTESIAN_POINT('',(-5.249188348582E1,2.482859149970E1,8.910407123677E0));
#1907=CARTESIAN_POINT('',(-5.245184302240E1,2.486658291686E1,8.914563138624E0));
#1908=CARTESIAN_POINT('',(-5.243579650613E1,2.491850918205E1,8.933214218779E0));
#1909=CARTESIAN_POINT('',(-5.245175934939E1,2.496956193932E1,8.954314996804E0));
#1910=CARTESIAN_POINT('',(-5.249185474020E1,2.500058621860E1,8.976806190475E0));
#1911=CARTESIAN_POINT('',(-5.252543252218E1,2.500114882226E1,8.997048151774E0));
#1912=CARTESIAN_POINT('',(-5.254113137108E1,2.499660573216E1,9.008812968986E0));
#1914=DIRECTION('',(0.E0,-3.602331747881E-1,9.328622941153E-1));
#1915=VECTOR('',#1914,2.239737692610E-1);
#1916=CARTESIAN_POINT('',(-5.254113137108E1,2.489071605531E1,8.727829649814E0));
#1917=LINE('',#1916,#1915);
#1918=CARTESIAN_POINT('',(-5.254113137108E1,2.499660573216E1,9.008812968986E0));
#1919=CARTESIAN_POINT('',(-5.256613119798E1,2.499789340402E1,9.030737580253E0));
#1920=CARTESIAN_POINT('',(-5.260207037259E1,2.499319156002E1,9.079225515318E0));
#1921=CARTESIAN_POINT('',(-5.262270857401E1,2.496846355971E1,9.164113616252E0));
#1922=CARTESIAN_POINT('',(-5.260236702594E1,2.492948252449E1,9.244506600434E0));
#1923=CARTESIAN_POINT('',(-5.256630174329E1,2.490012629454E1,9.284088270424E0));
#1924=CARTESIAN_POINT('',(-5.254113137108E1,2.488426283149E1,9.299736913208E0));
#1926=DIRECTION('',(0.E0,-3.602331747880E-1,9.328622941153E-1));
#1927=VECTOR('',#1926,2.239724820011E-1);
#1928=CARTESIAN_POINT('',(-5.254113137108E1,2.469769037266E1,9.227690278250E0));
#1929=LINE('',#1928,#1927);
#1930=CARTESIAN_POINT('',(-5.244113137409E1,2.477548528712E1,9.303805004248E0));
#1931=CARTESIAN_POINT('',(-5.244113304598E1,2.475817182649E1,9.297119009444E0));
#1932=CARTESIAN_POINT('',(-5.245166907593E1,2.472473763863E1,9.283047225766E0));
#1933=CARTESIAN_POINT('',(-5.249168381086E1,2.469365687106E1,9.259933010988E0));
#1934=CARTESIAN_POINT('',(-5.252535366017E1,2.469312447594E1,9.239514155647E0));
#1935=CARTESIAN_POINT('',(-5.254113137108E1,2.469769037266E1,9.227690278250E0));
#1937=CARTESIAN_POINT('',(-5.254113137108E1,2.488426283149E1,9.299736913208E0));
#1938=CARTESIAN_POINT('',(-5.252531998700E1,2.487968719011E1,9.311586025408E0));
#1939=CARTESIAN_POINT('',(-5.249159221034E1,2.486552110279E1,9.326337805086E0));
#1940=CARTESIAN_POINT('',(-5.245165990833E1,2.482699743361E1,9.322533079748E0));
#1941=CARTESIAN_POINT('',(-5.244112970279E1,2.479279264587E1,9.310488642669E0));
#1942=CARTESIAN_POINT('',(-5.244113137409E1,2.477548528712E1,9.303805004248E0));
#1944=DIRECTION('',(-3.172455515088E-14,3.602331747875E-1,-9.328622941156E-1));
#1945=VECTOR('',#1944,2.239724820036E-1);
#1946=CARTESIAN_POINT('',(-5.254113137108E1,2.480358051323E1,9.508672396588E0));
#1947=LINE('',#1946,#1945);
#1948=CARTESIAN_POINT('',(-5.241587911303E1,2.987809017086E1,9.657690541031E0));
#1949=DIRECTION('',(0.E0,-9.879990323305E-1,1.544600664053E-1));
#1950=DIRECTION('',(0.E0,1.544600664053E-1,9.879990323305E-1));
#1951=AXIS2_PLACEMENT_3D('',#1948,#1949,#1950);
#1953=CARTESIAN_POINT('',(-5.241587911303E1,2.836824302175E1,0.E0));
#1954=DIRECTION('',(-1.E0,0.E0,0.E0));
#1955=DIRECTION('',(0.E0,-1.544600664053E-1,-9.879990323305E-1));
#1956=AXIS2_PLACEMENT_3D('',#1953,#1954,#1955);
#1958=CARTESIAN_POINT('',(-5.254113137108E1,2.254848430833E1,
-7.375541520188E0));
#1959=CARTESIAN_POINT('',(-5.252377769290E1,2.255207640791E1,
-7.371087473697E0));
#1960=CARTESIAN_POINT('',(-5.248892987934E1,2.255016290738E1,
-7.358596757983E0));
#1961=CARTESIAN_POINT('',(-5.245077419345E1,2.252331719855E1,
-7.331553049472E0));
#1962=CARTESIAN_POINT('',(-5.244114923140E1,2.249624031371E1,
-7.309274291562E0));
#1963=CARTESIAN_POINT('',(-5.244113461005E1,2.248250198413E1,
-7.298193614831E0));
#1965=CARTESIAN_POINT('',(-5.254113137108E1,2.207150286984E1,
-7.966977658095E0));
#1966=CARTESIAN_POINT('',(-5.259001700843E1,2.209558184494E1,
-7.965464018943E0));
#1967=CARTESIAN_POINT('',(-5.267446635508E1,2.214952110424E1,
-7.947544294602E0));
#1968=CARTESIAN_POINT('',(-5.276983514649E1,2.224729291968E1,
-7.881605064075E0));
#1969=CARTESIAN_POINT('',(-5.281796941870E1,2.234542598798E1,
-7.787831954352E0));
#1970=CARTESIAN_POINT('',(-5.281772447626E1,2.243401756695E1,
-7.677840253854E0));
#1971=CARTESIAN_POINT('',(-5.276950060192E1,2.250391643151E1,
-7.563209160333E0));
#1972=CARTESIAN_POINT('',(-5.267466482301E1,2.254668362571E1,
-7.455195194464E0));
#1973=CARTESIAN_POINT('',(-5.259011962865E1,2.255234232023E1,
-7.399160489495E0));
#1974=CARTESIAN_POINT('',(-5.254113137108E1,2.254848430833E1,
-7.375541520188E0));
#1976=CARTESIAN_POINT('',(-5.254113137108E1,2.191582242430E1,
-7.841424486586E0));
#1977=CARTESIAN_POINT('',(-5.252370212631E1,2.191221471236E1,
-7.845897891718E0));
#1978=CARTESIAN_POINT('',(-5.248878580089E1,2.191406329882E1,
-7.858600263963E0));
#1979=CARTESIAN_POINT('',(-5.245070507536E1,2.194055915053E1,
-7.886117543212E0));
#1980=CARTESIAN_POINT('',(-5.243635026542E1,2.198104343798E1,
-7.919826934122E0));
#1981=CARTESIAN_POINT('',(-5.245068209712E1,2.202255025987E1,
-7.952243994855E0));
#1982=CARTESIAN_POINT('',(-5.248875809160E1,2.205507788588E1,
-7.972332950749E0));
#1983=CARTESIAN_POINT('',(-5.252369160807E1,2.206789298071E1,
-7.971453762849E0));
#1984=CARTESIAN_POINT('',(-5.254113137108E1,2.207150286984E1,
-7.966977658095E0));
#1986=CARTESIAN_POINT('',(-5.254113137108E1,2.239280386278E1,
-7.249988348681E0));
#1987=CARTESIAN_POINT('',(-5.259012973002E1,2.236889870645E1,
-7.251221105691E0));
#1988=CARTESIAN_POINT('',(-5.267468808216E1,2.231532250937E1,
-7.268627448815E0));
#1989=CARTESIAN_POINT('',(-5.276952604324E1,2.221880345049E1,
-7.333321084270E0));
#1990=CARTESIAN_POINT('',(-5.281773688963E1,2.212156697856E1,
-7.425938057002E0));
#1991=CARTESIAN_POINT('',(-5.281795730896E1,2.203284791886E1,
-7.535818017517E0));
#1992=CARTESIAN_POINT('',(-5.276981403685E1,2.196200773832E1,
-7.651569569623E0));
#1993=CARTESIAN_POINT('',(-5.267444829380E1,2.191828640126E1,
-7.761073897039E0));
#1994=CARTESIAN_POINT('',(-5.259000932483E1,2.191220187627E1,
-7.817575025117E0));
#1995=CARTESIAN_POINT('',(-5.254113137108E1,2.191582242430E1,
-7.841424486586E0));
#1997=CARTESIAN_POINT('',(-5.244113461005E1,2.248250198413E1,
-7.298193614831E0));
#1998=CARTESIAN_POINT('',(-5.244111996810E1,2.246874430495E1,
-7.287097331646E0));
#1999=CARTESIAN_POINT('',(-5.245071566597E1,2.244119120374E1,
-7.265315120933E0));
#2000=CARTESIAN_POINT('',(-5.248887659577E1,2.240903196252E1,
-7.244763509491E0));
#2001=CARTESIAN_POINT('',(-5.252375984972E1,2.239639965579E1,
-7.245529722506E0));
#2002=CARTESIAN_POINT('',(-5.254113137108E1,2.239280386278E1,
-7.249988348681E0));
#2004=CARTESIAN_POINT('',(-5.254113137108E1,1.838503157613E1,
-1.859343641560E0));
#2005=CARTESIAN_POINT('',(-5.252371601598E1,1.837939695297E1,
-1.860450593318E0));
#2006=CARTESIAN_POINT('',(-5.248882151532E1,1.837264541938E1,
-1.871343823612E0));
#2007=CARTESIAN_POINT('',(-5.245072472509E1,1.837525339610E1,
-1.909475087882E0));
#2008=CARTESIAN_POINT('',(-5.244114881030E1,1.838146132245E1,
-1.943933840922E0));
#2009=CARTESIAN_POINT('',(-5.244113485442E1,1.838485411671E1,
-1.961209187744E0));
#2011=CARTESIAN_POINT('',(-5.254113137108E1,1.913058837792E1,
-1.712875033367E0));
#2012=CARTESIAN_POINT('',(-5.259012973002E1,1.911148356482E1,
-1.698453441727E0));
#2013=CARTESIAN_POINT('',(-5.267468808216E1,1.905925323508E1,
-1.677349358496E0));
#2014=CARTESIAN_POINT('',(-5.276952604324E1,1.894373107907E1,
-1.664866303294E0));
#2015=CARTESIAN_POINT('',(-5.281773688963E1,1.880971057756E1,
-1.673312621228E0));
#2016=CARTESIAN_POINT('',(-5.281795730896E1,1.867111835770E1,
-1.700458042071E0));
#2017=CARTESIAN_POINT('',(-5.276981403685E1,1.854244796756E1,
-1.743593685026E0));
#2018=CARTESIAN_POINT('',(-5.267444829380E1,1.843856745539E1,
-1.799375332799E0));
#2019=CARTESIAN_POINT('',(-5.259000932483E1,1.839758821377E1,
-1.838746650721E0));
#2020=CARTESIAN_POINT('',(-5.254113137108E1,1.838503157613E1,
-1.859343641560E0));
#2022=CARTESIAN_POINT('',(-5.244113461005E1,1.916831537753E1,
-1.807459250643E0));
#2023=CARTESIAN_POINT('',(-5.244111996810E1,1.916490893719E1,
-1.790115738856E0));
#2024=CARTESIAN_POINT('',(-5.245071566597E1,1.915780337228E1,
-1.755718805313E0));
#2025=CARTESIAN_POINT('',(-5.248887659577E1,1.914637828544E1,
-1.719303795781E0));
#2026=CARTESIAN_POINT('',(-5.252375984972E1,1.913620886483E1,
-1.711770858751E0));
#2027=CARTESIAN_POINT('',(-5.254113137108E1,1.913058837792E1,
-1.712875033367E0));
#2029=CARTESIAN_POINT('',(-5.254113137108E1,1.916914249513E1,
-1.909123804182E0));
#2030=CARTESIAN_POINT('',(-5.252377769290E1,1.917475720895E1,
-1.908020763721E0));
#2031=CARTESIAN_POINT('',(-5.248892987934E1,1.918132025980E1,
-1.897222345926E0));
#2032=CARTESIAN_POINT('',(-5.245077419345E1,1.917813861448E1,
-1.859249574294E0));
#2033=CARTESIAN_POINT('',(-5.244114923140E1,1.917171702686E1,
-1.824778369513E0));
#2034=CARTESIAN_POINT('',(-5.244113461005E1,1.916831537753E1,
-1.807459250643E0));
#2036=CARTESIAN_POINT('',(-5.254113137108E1,1.842358569334E1,
-2.055592412375E0));
#2037=CARTESIAN_POINT('',(-5.259001700843E1,1.844300420690E1,
-2.069910564361E0));
#2038=CARTESIAN_POINT('',(-5.267446635508E1,1.849584265353E1,
-2.090854746663E0));
#2039=CARTESIAN_POINT('',(-5.276983514649E1,1.861312512982E1,
-2.103188877077E0));
#2040=CARTESIAN_POINT('',(-5.281796941870E1,1.874857561453E1,
-2.094433227860E0));
#2041=CARTESIAN_POINT('',(-5.281772447626E1,1.888714200355E1,
-2.067120266190E0));
#2042=CARTESIAN_POINT('',(-5.276950060192E1,1.901437108693E1,
-2.024237878060E0));
#2043=CARTESIAN_POINT('',(-5.267466482302E1,1.911656269733E1,
-1.968984602264E0));
#2044=CARTESIAN_POINT('',(-5.259011962865E1,1.915691592289E1,
-1.929696866623E0));
#2045=CARTESIAN_POINT('',(-5.254113137108E1,1.916914249513E1,
-1.909123804182E0));
#2047=CARTESIAN_POINT('',(-5.244113485442E1,1.838485411671E1,
-1.961209187744E0));
#2048=CARTESIAN_POINT('',(-5.244112088154E1,1.838825104456E1,
-1.978505581849E0));
#2049=CARTESIAN_POINT('',(-5.245066586085E1,1.839554804967E1,
-2.012805270006E0));
#2050=CARTESIAN_POINT('',(-5.248876886982E1,1.840756531643E1,
-2.049151795204E0));
#2051=CARTESIAN_POINT('',(-5.252369832019E1,1.841794534482E1,
-2.056700488910E0));
#2052=CARTESIAN_POINT('',(-5.254113137108E1,1.842358569334E1,
-2.055592412375E0));
#2054=CARTESIAN_POINT('',(-5.254113137108E1,1.952549631441E1,4.992744757656E0));
#2055=CARTESIAN_POINT('',(-5.252371601598E1,1.952046840777E1,4.995518649367E0));
#2056=CARTESIAN_POINT('',(-5.248882151532E1,1.950829439952E1,4.991513752969E0));
#2057=CARTESIAN_POINT('',(-5.245072472509E1,1.948578192138E1,4.960627134747E0));
#2058=CARTESIAN_POINT('',(-5.244114881030E1,1.946838780936E1,4.930239820325E0));
#2059=CARTESIAN_POINT('',(-5.244113485442E1,1.945988246166E1,4.914825290772E0));
#2061=CARTESIAN_POINT('',(-5.254113137108E1,2.019077416600E1,4.625711546545E0));
#2062=CARTESIAN_POINT('',(-5.259012973002E1,2.018540905051E1,4.649039463829E0));
#2063=CARTESIAN_POINT('',(-5.267468808216E1,2.015896373986E1,4.698779138324E0));
#2064=CARTESIAN_POINT('',(-5.276952604324E1,2.007849258741E1,4.782597923922E0));
#2065=CARTESIAN_POINT('',(-5.281773688963E1,1.997039773845E1,4.862274386817E0));
#2066=CARTESIAN_POINT('',(-5.281795730896E1,1.984678119839E1,4.930565149747E0));
#2067=CARTESIAN_POINT('',(-5.276981403685E1,1.972048690420E1,4.980229062681E0));
#2068=CARTESIAN_POINT('',(-5.267444829380E1,1.960505406306E1,5.004270947487E0));
#2069=CARTESIAN_POINT('',(-5.259000932483E1,1.954835474740E1,5.000451716942E0));
#2070=CARTESIAN_POINT('',(-5.254113137108E1,1.952549631441E1,4.992744757656E0));
#2072=CARTESIAN_POINT('',(-5.244113461005E1,2.015887716147E1,4.529005384592E0));
#2073=CARTESIAN_POINT('',(-5.244111996810E1,2.016741587127E1,4.544480903065E0));
#2074=CARTESIAN_POINT('',(-5.245071566597E1,2.018408261544E1,4.575397851954E0));
#2075=CARTESIAN_POINT('',(-5.248887659577E1,2.019873760809E1,4.610637271909E0));
#2076=CARTESIAN_POINT('',(-5.252375984972E1,2.019578945853E1,4.622944614027E0));
#2077=CARTESIAN_POINT('',(-5.254113137108E1,2.019077416600E1,4.625711546545E0));
#2079=CARTESIAN_POINT('',(-5.254113137108E1,2.009416205495E1,4.450594157350E0));
#2080=CARTESIAN_POINT('',(-5.252377769290E1,2.009917219601E1,4.447830066891E0));
#2081=CARTESIAN_POINT('',(-5.248892987934E1,2.011114087381E1,4.451883487067E0));
#2082=CARTESIAN_POINT('',(-5.245077419345E1,2.013311201921E1,4.483017439954E0));
#2083=CARTESIAN_POINT('',(-5.244114923140E1,2.015035046102E1,4.513551631783E0));
#2084=CARTESIAN_POINT('',(-5.244113461005E1,2.015887716147E1,4.529005384592E0));
#2086=CARTESIAN_POINT('',(-5.254113137108E1,1.942888420336E1,4.817627368460E0));
#2087=CARTESIAN_POINT('',(-5.259001700843E1,1.943455611708E1,4.794177047779E0));
#2088=CARTESIAN_POINT('',(-5.267446635508E1,1.946157005462E1,4.744168974503E0));
#2089=CARTESIAN_POINT('',(-5.276983514649E1,1.954348541765E1,4.659332759846E0));
#2090=CARTESIAN_POINT('',(-5.281796941870E1,1.965287453161E1,4.578974082980E0));
#2091=CARTESIAN_POINT('',(-5.281772447626E1,1.977657897727E1,4.510828267508E0));
#2092=CARTESIAN_POINT('',(-5.276950060192E1,1.990160637736E1,4.461896804257E0));
#2093=CARTESIAN_POINT('',(-5.267466482302E1,2.001540581372E1,4.438535768162E0));
#2094=CARTESIAN_POINT('',(-5.259011962865E1,2.007157184760E1,4.442693366336E0));
#2095=CARTESIAN_POINT('',(-5.254113137108E1,2.009416205495E1,4.450594157350E0));
#2097=CARTESIAN_POINT('',(-5.244113485442E1,1.945988246166E1,4.914825290772E0));
#2098=CARTESIAN_POINT('',(-5.244112088154E1,1.945136675155E1,4.899391981048E0));
#2099=CARTESIAN_POINT('',(-5.245066586085E1,1.943490916720E1,4.868426471063E0));
#2100=CARTESIAN_POINT('',(-5.248876886982E1,1.942075183157E1,4.832858867232E0));
#2101=CARTESIAN_POINT('',(-5.252369832019E1,1.942385118785E1,4.820404078731E0));
#2102=CARTESIAN_POINT('',(-5.254113137108E1,1.942888420336E1,4.817627368460E0));
#2104=CARTESIAN_POINT('',(-5.254113137108E1,2.480358051323E1,9.508672396588E0));
#2105=CARTESIAN_POINT('',(-5.252370212631E1,2.480151028671E1,9.514033469341E0));
#2106=CARTESIAN_POINT('',(-5.248878580089E1,2.478958541643E1,9.518783732625E0));
#2107=CARTESIAN_POINT('',(-5.245070507536E1,2.475250682770E1,9.509596291576E0));
#2108=CARTESIAN_POINT('',(-5.243635026542E1,2.470307149510E1,9.491390565644E0));
#2109=CARTESIAN_POINT('',(-5.245068209712E1,2.465424408605E1,9.471653133823E0));
#2110=CARTESIAN_POINT('',(-5.248875809160E1,2.462058272690E1,9.453527861320E0));
#2111=CARTESIAN_POINT('',(-5.252369160807E1,2.461493657854E1,9.441990069695E0));
#2112=CARTESIAN_POINT('',(-5.254113137108E1,2.461700805441E1,9.436625761628E0));
#2114=CARTESIAN_POINT('',(-5.254113137108E1,2.507728851413E1,8.799876284771E0));
#2115=CARTESIAN_POINT('',(-5.259012973002E1,2.508817349341E1,8.821195135941E0));
#2116=CARTESIAN_POINT('',(-5.267468808216E1,2.509988725661E1,8.876296655210E0));
#2117=CARTESIAN_POINT('',(-5.276952604324E1,2.509212045429E1,8.992231429880E0));
#2118=CARTESIAN_POINT('',(-5.281773688963E1,2.506053003904E1,9.122749171110E0));
#2119=CARTESIAN_POINT('',(-5.281795730896E1,2.500973073172E1,9.254522110871E0));
#2120=CARTESIAN_POINT('',(-5.276981403685E1,2.494490703734E1,9.373747282878E0));
#2121=CARTESIAN_POINT('',(-5.267444829380E1,2.487193417650E1,9.466363235167E0));
#2122=CARTESIAN_POINT('',(-5.259000932483E1,2.482604502674E1,9.499883152417E0));
#2123=CARTESIAN_POINT('',(-5.254113137108E1,2.480358051323E1,9.508672396588E0));
#2125=CARTESIAN_POINT('',(-5.244113461005E1,2.499069246837E1,8.746298066089E0));
#2126=CARTESIAN_POINT('',(-5.244111996810E1,2.500718097109E1,8.752664424162E0));
#2127=CARTESIAN_POINT('',(-5.245071566597E1,2.503982146952E1,8.765635004408E0));
#2128=CARTESIAN_POINT('',(-5.248887659577E1,2.507369930773E1,8.783209918547E0));
#2129=CARTESIAN_POINT('',(-5.252375984972E1,2.507935190116E1,8.794532923596E0));
#2130=CARTESIAN_POINT('',(-5.254113137108E1,2.507728851413E1,8.799876284771E0));
#2132=CARTESIAN_POINT('',(-5.254113137108E1,2.489071605531E1,8.727829649814E0));
#2133=CARTESIAN_POINT('',(-5.252377769290E1,2.489277732293E1,8.722491777080E0));
#2134=CARTESIAN_POINT('',(-5.248892987934E1,2.490455135031E1,8.717903559287E0));
#2135=CARTESIAN_POINT('',(-5.245077419345E1,2.494139474331E1,8.727630770858E0));
#2136=CARTESIAN_POINT('',(-5.244114923140E1,2.497422715604E1,8.739940662029E0));
#2137=CARTESIAN_POINT('',(-5.244113461005E1,2.499069246837E1,8.746298066089E0));
#2139=CARTESIAN_POINT('',(-5.254113137108E1,2.461700805441E1,9.436625761628E0));
#2140=CARTESIAN_POINT('',(-5.259001700843E1,2.460627941681E1,9.415015937921E0));
#2141=CARTESIAN_POINT('',(-5.267446635508E1,2.459482872367E1,9.359343306933E0));
#2142=CARTESIAN_POINT('',(-5.276983514649E1,2.460304786469E1,9.241700815722E0));
#2143=CARTESIAN_POINT('',(-5.281796941870E1,2.463519122576E1,9.109828530766E0));
#2144=CARTESIAN_POINT('',(-5.281772447626E1,2.468615104311E1,8.978110122566E0));
#2145=CARTESIAN_POINT('',(-5.276950060192E1,2.475047504988E1,8.860260383403E0));
#2146=CARTESIAN_POINT('',(-5.267466482302E1,2.482263429118E1,8.769215923835E0));
#2147=CARTESIAN_POINT('',(-5.259011962865E1,2.486833242192E1,8.736297998149E0));
#2148=CARTESIAN_POINT('',(-5.254113137108E1,2.489071605531E1,8.727829649814E0));
#2150=DIRECTION('',(3.172437281850E-14,6.277658575425E-1,7.784022277100E-1));
#2151=VECTOR('',#2150,2.239737692610E-1);
#2152=CARTESIAN_POINT('',(-5.254113137108E1,2.225220077746E1,
-7.424330029623E0));
#2153=LINE('',#2152,#2151);
#2154=CARTESIAN_POINT('',(-5.254113137108E1,2.240788122300E1,
-7.549883201131E0));
#2155=CARTESIAN_POINT('',(-5.252543903624E1,2.241579502342E1,
-7.540070434473E0));
#2156=CARTESIAN_POINT('',(-5.249188348582E1,2.242142985560E1,
-7.520631700474E0));
#2157=CARTESIAN_POINT('',(-5.245184302240E1,2.239883493250E1,
-7.489808175560E0));
#2158=CARTESIAN_POINT('',(-5.243579650613E1,2.235671949068E1,
-7.454164250859E0));
#2159=CARTESIAN_POINT('',(-5.245175934939E1,2.231291930224E1,
-7.420501655148E0));
#2160=CARTESIAN_POINT('',(-5.249185474020E1,2.227792921752E1,
-7.404879437993E0));
#2161=CARTESIAN_POINT('',(-5.252543252218E1,2.226011786298E1,
-7.414513189577E0));
#2162=CARTESIAN_POINT('',(-5.254113137108E1,2.225220077746E1,
-7.424330029623E0));
#2164=DIRECTION('',(1.586218640910E-13,-6.277658575430E-1,-7.784022277096E-1));
#2165=VECTOR('',#2164,2.239737692632E-1);
#2166=CARTESIAN_POINT('',(-5.254113137108E1,2.254848430833E1,
-7.375541520188E0));
#2167=LINE('',#2166,#2165);
#2168=CARTESIAN_POINT('',(-5.254113137108E1,2.225220077746E1,
-7.424330029623E0));
#2169=CARTESIAN_POINT('',(-5.256613119798E1,2.223256967120E1,
-7.434177178710E0));
#2170=CARTESIAN_POINT('',(-5.260207037259E1,2.219292880966E1,
-7.462493062594E0));
#2171=CARTESIAN_POINT('',(-5.262270857401E1,2.213177755792E1,
-7.526352189514E0));
#2172=CARTESIAN_POINT('',(-5.260236702594E1,2.208164570894E1,
-7.600307248367E0));
#2173=CARTESIAN_POINT('',(-5.256630174329E1,2.206204509218E1,
-7.645521324258E0));
#2174=CARTESIAN_POINT('',(-5.254113137108E1,2.205642470153E1,
-7.667083807651E0));
#2176=DIRECTION('',(0.E0,-6.277658575425E-1,-7.784022277100E-1));
#2177=VECTOR('',#2176,2.239724820011E-1);
#2178=CARTESIAN_POINT('',(-5.254113137108E1,2.221210514707E1,
-7.792636979159E0));
#2179=LINE('',#2178,#2177);
#2180=CARTESIAN_POINT('',(-5.254113137108E1,2.205642470153E1,
-7.667083807651E0));
#2181=CARTESIAN_POINT('',(-5.252534263753E1,2.204846231288E1,
-7.676956821584E0));
#2182=CARTESIAN_POINT('',(-5.249166211022E1,2.204279019335E1,
-7.696598729519E0));
#2183=CARTESIAN_POINT('',(-5.245174450089E1,2.206513073405E1,
-7.727909509841E0));
#2184=CARTESIAN_POINT('',(-5.243584445931E1,2.210687721373E1,
-7.763689970369E0));
#2185=CARTESIAN_POINT('',(-5.245166603908E1,2.215072973200E1,
-7.796961493465E0));
#2186=CARTESIAN_POINT('',(-5.249163613882E1,2.218613871038E1,
-7.812226526465E0));
#2187=CARTESIAN_POINT('',(-5.252533690920E1,2.220413986958E1,
-7.802513575136E0));
#2188=CARTESIAN_POINT('',(-5.254113137108E1,2.221210514707E1,
-7.792636979159E0));
#2190=DIRECTION('',(-2.855209963610E-13,6.277658575425E-1,7.784022277100E-1));
#2191=VECTOR('',#2190,2.239724820012E-1);
#2192=CARTESIAN_POINT('',(-5.254113137108E1,2.191582242430E1,
-7.841424486586E0));
#2193=LINE('',#2192,#2191);
#2194=CARTESIAN_POINT('',(-5.254113137108E1,2.221210514707E1,
-7.792636979159E0));
#2195=CARTESIAN_POINT('',(-5.256621211255E1,2.223191703636E1,
-7.782612580195E0));
#2196=CARTESIAN_POINT('',(-5.260219220724E1,2.227184451033E1,
-7.753965034339E0));
#2197=CARTESIAN_POINT('',(-5.262271015312E1,2.233321536600E1,
-7.689763885582E0));
#2198=CARTESIAN_POINT('',(-5.260224165117E1,2.238306384752E1,
-7.616086583845E0));
#2199=CARTESIAN_POINT('',(-5.256621802162E1,2.240239679940E1,
-7.571228550616E0));
#2200=CARTESIAN_POINT('',(-5.254113137108E1,2.240788122300E1,
-7.549883201131E0));
#2202=CARTESIAN_POINT('',(-5.244113249031E1,1.858189073104E1,
-1.922500758164E0));
#2203=CARTESIAN_POINT('',(-5.244111783573E1,1.858547311973E1,
-1.940746328167E0));
#2204=CARTESIAN_POINT('',(-5.245166050394E1,1.859353608060E1,
-1.976172360349E0));
#2205=CARTESIAN_POINT('',(-5.249170125982E1,1.861091153183E1,-2.010797984E0));
#2206=CARTESIAN_POINT('',(-5.252536138110E1,1.863092629519E1,
-2.014859245832E0));
#2207=CARTESIAN_POINT('',(-5.254113137108E1,1.864335731479E1,
-2.012417105764E0));
#2209=CARTESIAN_POINT('',(-5.254113137108E1,1.860480319758E1,
-1.816168334949E0));
#2210=CARTESIAN_POINT('',(-5.252538299359E1,1.859238921447E1,
-1.818607128107E0));
#2211=CARTESIAN_POINT('',(-5.249176974877E1,1.857540707375E1,
-1.829911532474E0));
#2212=CARTESIAN_POINT('',(-5.245173108914E1,1.857238822865E1,
-1.868467310034E0));
#2213=CARTESIAN_POINT('',(-5.244114713463E1,1.857831085114E1,
-1.904267965795E0));
#2214=CARTESIAN_POINT('',(-5.244113249031E1,1.858189073104E1,
-1.922500758164E0));
#2216=DIRECTION('',(0.E0,9.812438540747E-1,1.927705860362E-1));
#2217=VECTOR('',#2216,2.239737692610E-1);
#2218=CARTESIAN_POINT('',(-5.254113137108E1,1.894936961057E1,
-1.952299358939E0));
#2219=LINE('',#2218,#2217);
#2220=CARTESIAN_POINT('',(-5.254113137108E1,1.864335731479E1,
-2.012417105764E0));
#2221=CARTESIAN_POINT('',(-5.256621211255E1,1.866497766193E1,
-2.017472807602E0));
#2222=CARTESIAN_POINT('',(-5.260219220724E1,1.871397816902E1,
-2.021192399843E0));
#2223=CARTESIAN_POINT('',(-5.262271015312E1,1.880225867493E1,
-2.011459892221E0));
#2224=CARTESIAN_POINT('',(-5.260224165117E1,1.888780368386E1,
-1.987061790918E0));
#2225=CARTESIAN_POINT('',(-5.256621802162E1,1.893144777217E1,
-1.965125525762E0));
#2226=CARTESIAN_POINT('',(-5.254113137108E1,1.894936961057E1,
-1.952299358939E0));
#2228=DIRECTION('',(0.E0,9.812438540747E-1,1.927705860362E-1));
#2229=VECTOR('',#2228,2.239724820011E-1);
#2230=CARTESIAN_POINT('',(-5.254113137108E1,1.842358569334E1,
-2.055592412375E0));
#2231=LINE('',#2230,#2229);
#2232=CARTESIAN_POINT('',(-5.244113208533E1,1.897127589763E1,
-1.846153948326E0));
#2233=CARTESIAN_POINT('',(-5.244111930941E1,1.896767445571E1,
-1.827814088340E0));
#2234=CARTESIAN_POINT('',(-5.245177111364E1,1.895980923250E1,
-1.792235484259E0));
#2235=CARTESIAN_POINT('',(-5.249194138418E1,1.894297910774E1,
-1.757614521888E0));
#2236=CARTESIAN_POINT('',(-5.252546418131E1,1.892316551983E1,
-1.753624359587E0));
#2237=CARTESIAN_POINT('',(-5.254113137108E1,1.891081549336E1,
-1.756050588124E0));
#2239=CARTESIAN_POINT('',(-5.254113137108E1,1.894936961057E1,
-1.952299358939E0));
#2240=CARTESIAN_POINT('',(-5.252548284093E1,1.896170492816E1,
-1.949876020040E0));
#2241=CARTESIAN_POINT('',(-5.249200022719E1,1.897853017383E1,
-1.938711101128E0));
#2242=CARTESIAN_POINT('',(-5.245182534815E1,1.898104044498E1,
-1.900344935577E0));
#2243=CARTESIAN_POINT('',(-5.244114485E1,1.897487416920E1,-1.864477663719E0));
#2244=CARTESIAN_POINT('',(-5.244113208533E1,1.897127589763E1,
-1.846153948326E0));
#2246=DIRECTION('',(3.172455515088E-14,-9.812438540748E-1,-1.927705860355E-1));
#2247=VECTOR('',#2246,2.239724820035E-1);
#2248=CARTESIAN_POINT('',(-5.254113137108E1,1.860480319758E1,
-1.816168334949E0));
#2249=LINE('',#2248,#2247);
#2250=CARTESIAN_POINT('',(-5.254113137108E1,1.891081549336E1,
-1.756050588124E0));
#2251=CARTESIAN_POINT('',(-5.256613119798E1,1.888944756808E1,
-1.750975310096E0));
#2252=CARTESIAN_POINT('',(-5.260207037259E1,1.884087980705E1,
-1.747185880961E0));
#2253=CARTESIAN_POINT('',(-5.262270857401E1,1.875298737492E1,
-1.756797543350E0));
#2254=CARTESIAN_POINT('',(-5.260236702594E1,1.866704675509E1,
-1.781226273850E0));
#2255=CARTESIAN_POINT('',(-5.256630174329E1,1.862296876377E1,
-1.803263231841E0));
#2256=CARTESIAN_POINT('',(-5.254113137108E1,1.860480319758E1,
-1.816168334949E0));
#2258=DIRECTION('',(-3.172437281850E-14,-9.812438540747E-1,-1.927705860361E-1));
#2259=VECTOR('',#2258,2.239737692610E-1);
#2260=CARTESIAN_POINT('',(-5.254113137108E1,1.913058837792E1,
-1.712875033367E0));
#2261=LINE('',#2260,#2259);
#2262=CARTESIAN_POINT('',(-5.244113249031E1,1.963570256408E1,4.817824973810E0));
#2263=CARTESIAN_POINT('',(-5.244111783573E1,1.962671880671E1,4.801545341232E0));
#2264=CARTESIAN_POINT('',(-5.245166050394E1,1.961012397853E1,4.769224654793E0));
#2265=CARTESIAN_POINT('',(-5.249170125982E1,1.960117742453E1,4.731531163441E0));
#2266=CARTESIAN_POINT('',(-5.252536138110E1,1.961389909399E1,4.715554814489E0));
#2267=CARTESIAN_POINT('',(-5.254113137108E1,1.962499158486E1,4.709435096944E0));
#2269=CARTESIAN_POINT('',(-5.254113137108E1,1.972160369591E1,4.884552486139E0));
#2270=CARTESIAN_POINT('',(-5.252538299359E1,1.971052640711E1,4.890663816719E0));
#2271=CARTESIAN_POINT('',(-5.249176974877E1,1.969025100151E1,4.892920050216E0));
#2272=CARTESIAN_POINT('',(-5.245173108914E1,1.966315525590E1,4.865325087292E0));
#2273=CARTESIAN_POINT('',(-5.244114713463E1,1.964468003001E1,4.834093205529E0));
#2274=CARTESIAN_POINT('',(-5.244113249031E1,1.963570256408E1,4.817824973810E0));
#2276=DIRECTION('',(0.E0,8.755869459746E-1,-4.830605552505E-1));
#2277=VECTOR('',#2276,2.239737692610E-1);
#2278=CARTESIAN_POINT('',(-5.254113137108E1,1.989805354635E1,4.558787050691E0));
#2279=LINE('',#2278,#2277);
#2280=CARTESIAN_POINT('',(-5.254113137108E1,1.962499158486E1,4.709435096944E0));
#2281=CARTESIAN_POINT('',(-5.256621211255E1,1.963830398915E1,4.691664913380E0));
#2282=CARTESIAN_POINT('',(-5.260219220724E1,1.967344964750E1,4.657318621591E0));
#2283=CARTESIAN_POINT('',(-5.262271015312E1,1.974733237380E1,4.608028539597E0));
#2284=CARTESIAN_POINT('',(-5.260224165117E1,1.982854644975E1,4.571731297711E0));
#2285=CARTESIAN_POINT('',(-5.256621802162E1,1.987608012052E1,4.560481572534E0));
#2286=CARTESIAN_POINT('',(-5.254113137108E1,1.989805354635E1,4.558787050691E0));
#2288=DIRECTION('',(0.E0,8.755869459746E-1,-4.830605552505E-1));
#2289=VECTOR('',#2288,2.239724820011E-1);
#2290=CARTESIAN_POINT('',(-5.254113137108E1,1.942888420336E1,4.817627368460E0));
#2291=LINE('',#2290,#2289);
#2292=CARTESIAN_POINT('',(-5.244113208533E1,1.998306369059E1,4.626018062756E0));
#2293=CARTESIAN_POINT('',(-5.244111930941E1,1.999209346078E1,4.642382172831E0));
#2294=CARTESIAN_POINT('',(-5.245177111364E1,2.000893783612E1,4.674692632803E0));
#2295=CARTESIAN_POINT('',(-5.249194138418E1,2.001829913822E1,4.712032024311E0));
#2296=CARTESIAN_POINT('',(-5.252546418131E1,2.000568587619E1,4.727824594779E0));
#2297=CARTESIAN_POINT('',(-5.254113137108E1,1.999466565740E1,4.733904439886E0));
#2299=CARTESIAN_POINT('',(-5.254113137108E1,1.989805354635E1,4.558787050691E0));
#2300=CARTESIAN_POINT('',(-5.252548284093E1,1.990906064006E1,4.552714446678E0));
#2301=CARTESIAN_POINT('',(-5.249200022719E1,1.992912619755E1,4.550452211321E0));
#2302=CARTESIAN_POINT('',(-5.245182534815E1,1.995571047266E1,4.578228828053E0));
#2303=CARTESIAN_POINT('',(-5.244114485E1,1.997404186931E1,4.609668358020E0));
#2304=CARTESIAN_POINT('',(-5.244113208533E1,1.998306369059E1,4.626018062756E0));
#2306=DIRECTION('',(3.172455515088E-14,-8.755869459743E-1,4.830605552510E-1));
#2307=VECTOR('',#2306,2.239724820035E-1);
#2308=CARTESIAN_POINT('',(-5.254113137108E1,1.972160369591E1,4.884552486139E0));
#2309=LINE('',#2308,#2307);
#2310=CARTESIAN_POINT('',(-5.254113137108E1,1.999466565740E1,4.733904439886E0));
#2311=CARTESIAN_POINT('',(-5.256613119798E1,1.998155920280E1,4.751527366034E0));
#2312=CARTESIAN_POINT('',(-5.260207037259E1,1.994678993745E1,4.785648992182E0));
#2313=CARTESIAN_POINT('',(-5.262270857401E1,1.987328217074E1,4.834782197977E0));
#2314=CARTESIAN_POINT('',(-5.260236702594E1,1.979174535119E1,4.871310270326E0));
#2315=CARTESIAN_POINT('',(-5.256630174329E1,1.974381456732E1,4.882761767793E0));
#2316=CARTESIAN_POINT('',(-5.254113137108E1,1.972160369591E1,4.884552486139E0));
#2318=DIRECTION('',(-3.172437281850E-14,-8.755869459746E-1,4.830605552505E-1));
#2319=VECTOR('',#2318,2.239737692610E-1);
#2320=CARTESIAN_POINT('',(-5.254113137108E1,2.019077416600E1,4.625711546545E0));
#2321=LINE('',#2320,#2319);
#2322=CARTESIAN_POINT('',(-5.254113137108E1,3.461774120558E1,
-7.312347199969E0));
#2323=CARTESIAN_POINT('',(-5.256613119798E1,3.462402984852E1,
-7.333390005106E0));
#2324=CARTESIAN_POINT('',(-5.260207037259E1,3.464503198714E1,
-7.377345634525E0));
#2325=CARTESIAN_POINT('',(-5.262270857401E1,3.469730214700E1,
-7.448656882354E0));
#2326=CARTESIAN_POINT('',(-5.260236702594E1,3.476142835812E1,
-7.510869277102E0));
#2327=CARTESIAN_POINT('',(-5.256630174329E1,3.480255191922E1,
-7.538023458335E0));
#2328=CARTESIAN_POINT('',(-5.254113137108E1,3.482281084944E1,
-7.547302748575E0));
#2330=DIRECTION('',(0.E0,6.575661516471E-1,-7.533968119179E-1));
#2331=VECTOR('',#2330,2.239724820011E-1);
#2332=CARTESIAN_POINT('',(-5.254113137108E1,3.497349021183E1,
-7.415789518246E0));
#2333=LINE('',#2332,#2331);
#2334=CARTESIAN_POINT('',(-5.244113249031E1,3.492635366246E1,
-7.513979315054E0));
#2335=CARTESIAN_POINT('',(-5.244111783573E1,3.494036359525E1,
-7.501754090437E0));
#2336=CARTESIAN_POINT('',(-5.245166050394E1,3.496701195864E1,
-7.477058345404E0));
#2337=CARTESIAN_POINT('',(-5.249170125982E1,3.498831090272E1,
-7.444697951409E0));
#2338=CARTESIAN_POINT('',(-5.252536138110E1,3.498182067697E1,
-7.425334026979E0));
#2339=CARTESIAN_POINT('',(-5.254113137108E1,3.497349021183E1,
-7.415789518246E0));
#2341=CARTESIAN_POINT('',(-5.254113137108E1,3.482281084944E1,
-7.547302748575E0));
#2342=CARTESIAN_POINT('',(-5.252538299359E1,3.483112989783E1,
-7.556834176727E0));
#2343=CARTESIAN_POINT('',(-5.249176974877E1,3.484941086955E1,
-7.565888939823E0));
#2344=CARTESIAN_POINT('',(-5.245173108914E1,3.488431057493E1,
-7.549225447591E0));
#2345=CARTESIAN_POINT('',(-5.244114713463E1,3.491235354104E1,
-7.526195978172E0));
#2346=CARTESIAN_POINT('',(-5.244113249031E1,3.492635366246E1,
-7.513979315054E0));
#2348=DIRECTION('',(-2.855209963610E-13,-6.575661516471E-1,7.533968119179E-1));
#2349=VECTOR('',#2348,2.239724820012E-1);
#2350=CARTESIAN_POINT('',(-5.254113137108E1,3.497008757251E1,
-7.716042902472E0));
#2351=LINE('',#2350,#2349);
#2352=CARTESIAN_POINT('',(-5.254113137108E1,3.497349021183E1,
-7.415789518246E0));
#2353=CARTESIAN_POINT('',(-5.256621211255E1,3.496705840448E1,
-7.394537897457E0));
#2354=CARTESIAN_POINT('',(-5.260219220724E1,3.494577941231E1,
-7.350242417404E0));
#2355=CARTESIAN_POINT('',(-5.262271015312E1,3.489321056051E1,
-7.278655510438E0));
#2356=CARTESIAN_POINT('',(-5.260224165117E1,3.482930868051E1,
-7.216770410188E0));
#2357=CARTESIAN_POINT('',(-5.256621802162E1,3.478848927347E1,
-7.189941653562E0));
#2358=CARTESIAN_POINT('',(-5.254113137108E1,3.476842056797E1,
-7.180833969640E0));
#2360=DIRECTION('',(3.172437281850E-14,-6.575661516471E-1,7.533968119179E-1));
#2361=VECTOR('',#2360,2.239737692610E-1);
#2362=CARTESIAN_POINT('',(-5.254113137108E1,3.461774120558E1,
-7.312347199969E0));
#2363=LINE('',#2362,#2361);
#2364=CARTESIAN_POINT('',(-5.244113208533E1,3.466554280235E1,
-7.214935273848E0));
#2365=CARTESIAN_POINT('',(-5.244111930941E1,3.465146073866E1,
-7.227224144038E0));
#2366=CARTESIAN_POINT('',(-5.245177111364E1,3.462458137530E1,
-7.251824929177E0));
#2367=CARTESIAN_POINT('',(-5.249194138418E1,3.460301380476E1,
-7.283710725958E0));
#2368=CARTESIAN_POINT('',(-5.252546418131E1,3.460946501680E1,
-7.302864877576E0));
#2369=CARTESIAN_POINT('',(-5.254113137108E1,3.461774120558E1,
-7.312347199969E0));
#2371=CARTESIAN_POINT('',(-5.254113137108E1,3.476842056797E1,
-7.180833969640E0));
#2372=CARTESIAN_POINT('',(-5.252548284093E1,3.476015423612E1,
-7.171362940690E0));
#2373=CARTESIAN_POINT('',(-5.249200022719E1,3.474207250988E1,
-7.162374309969E0));
#2374=CARTESIAN_POINT('',(-5.245182534815E1,3.470759130029E1,
-7.179383434159E0));
#2375=CARTESIAN_POINT('',(-5.244114485E1,3.467961246959E1,-7.202657221562E0));
#2376=CARTESIAN_POINT('',(-5.244113208533E1,3.466554280235E1,
-7.214935273848E0));
#2378=DIRECTION('',(1.586218640910E-13,6.575661516466E-1,-7.533968119183E-1));
#2379=VECTOR('',#2378,2.239737692632E-1);
#2380=CARTESIAN_POINT('',(-5.254113137108E1,3.462114299844E1,
-7.012092845924E0));
#2381=LINE('',#2380,#2379);
#2382=DIRECTION('',(2.855209963610E-13,1.945076057417E-2,-9.998108160613E-1));
#2383=VECTOR('',#2382,2.239724820011E-1);
#2384=CARTESIAN_POINT('',(-5.254113137108E1,2.846141614555E1,
-9.930485556608E0));
#2385=LINE('',#2384,#2383);
#2386=CARTESIAN_POINT('',(-5.254113137108E1,2.845535019989E1,
-9.618682938023E0));
#2387=CARTESIAN_POINT('',(-5.256613119798E1,2.844664152545E1,
-9.638844923729E0));
#2388=CARTESIAN_POINT('',(-5.260207037259E1,2.843447596307E1,
-9.686016803867E0));
#2389=CARTESIAN_POINT('',(-5.262270857401E1,2.842867924204E1,
-9.774243000117E0));
#2390=CARTESIAN_POINT('',(-5.260236702594E1,2.843781341321E1,
-9.863119993367E0));
#2391=CARTESIAN_POINT('',(-5.256630174329E1,2.845186151742E1,
-9.910355018550E0));
#2392=CARTESIAN_POINT('',(-5.254113137108E1,2.846141614555E1,
-9.930485556608E0));
#2394=DIRECTION('',(-3.172437281850E-14,1.945076057415E-2,-9.998108160613E-1));
#2395=VECTOR('',#2394,2.239737692610E-1);
#2396=CARTESIAN_POINT('',(-5.254113137108E1,2.845099373973E1,
-9.394751541002E0));
#2397=LINE('',#2396,#2395);
#2398=CARTESIAN_POINT('',(-5.244113249031E1,2.856215443227E1,
-9.971514362816E0));
#2399=CARTESIAN_POINT('',(-5.244111783573E1,2.858074488634E1,
-9.971154708636E0));
#2400=CARTESIAN_POINT('',(-5.245166050394E1,2.861703283595E1,
-9.969365908190E0));
#2401=CARTESIAN_POINT('',(-5.249170125982E1,2.865414963402E1,
-9.958267105553E0));
#2402=CARTESIAN_POINT('',(-5.252536138110E1,2.866162472334E1,
-9.939261642145E0));
#2403=CARTESIAN_POINT('',(-5.254113137108E1,2.866137830876E1,
-9.926595404493E0));
#2405=CARTESIAN_POINT('',(-5.254113137108E1,2.846141614555E1,
-9.930485556608E0));
#2406=CARTESIAN_POINT('',(-5.252538299359E1,2.846166222242E1,
-9.943134435404E0));
#2407=CARTESIAN_POINT('',(-5.249176974877E1,2.846984596969E1,
-9.961821568471E0));
#2408=CARTESIAN_POINT('',(-5.245173108914E1,2.850729178141E1,
-9.971489691044E0));
#2409=CARTESIAN_POINT('',(-5.244114713463E1,2.854357699737E1,
-9.971873765124E0));
#2410=CARTESIAN_POINT('',(-5.244113249031E1,2.856215443227E1,
-9.971514362816E0));
#2412=DIRECTION('',(-1.586218640910E-13,-1.945076057355E-2,9.998108160613E-1));
#2413=VECTOR('',#2412,2.239737692632E-1);
#2414=CARTESIAN_POINT('',(-5.254113137108E1,2.865531236310E1,
-9.614792785908E0));
#2415=LINE('',#2414,#2413);
#2416=CARTESIAN_POINT('',(-5.254113137108E1,2.866137830876E1,
-9.926595404493E0));
#2417=CARTESIAN_POINT('',(-5.256621211255E1,2.867011153701E1,
-9.906181432410E0));
#2418=CARTESIAN_POINT('',(-5.260219220724E1,2.868228346905E1,
-9.858571253546E0));
#2419=CARTESIAN_POINT('',(-5.262271015312E1,2.868802856906E1,
-9.769941894673E0));
#2420=CARTESIAN_POINT('',(-5.260224165117E1,2.867885586465E1,
-9.681459820817E0));
#2421=CARTESIAN_POINT('',(-5.256621802162E1,2.866483157705E1,
-9.634669591804E0));
#2422=CARTESIAN_POINT('',(-5.254113137108E1,2.865531236310E1,
-9.614792785908E0));
#2424=DIRECTION('',(0.E0,-1.945076057416E-2,9.998108160613E-1));
#2425=VECTOR('',#2424,2.239724820011E-1);
#2426=CARTESIAN_POINT('',(-5.254113137108E1,2.866573474389E1,
-1.015052551450E1));
#2427=LINE('',#2426,#2425);
#2428=CARTESIAN_POINT('',(-5.244113208533E1,2.855458352661E1,
-9.574787347450E0));
#2429=CARTESIAN_POINT('',(-5.244111930941E1,2.853589690648E1,
-9.575149392113E0));
#2430=CARTESIAN_POINT('',(-5.245177111364E1,2.849949303967E1,
-9.576716965138E0));
#2431=CARTESIAN_POINT('',(-5.249194138418E1,2.846247552701E1,
-9.587279535467E0));
#2432=CARTESIAN_POINT('',(-5.252546418131E1,2.845510539081E1,
-9.606099226040E0));
#2433=CARTESIAN_POINT('',(-5.254113137108E1,2.845535019989E1,
-9.618682938023E0));
#2435=CARTESIAN_POINT('',(-5.254113137108E1,2.865531236310E1,
-9.614792785908E0));
#2436=CARTESIAN_POINT('',(-5.252548284093E1,2.865506784559E1,
-9.602224061123E0));
#2437=CARTESIAN_POINT('',(-5.249200022719E1,2.864699422013E1,
-9.583715660916E0));
#2438=CARTESIAN_POINT('',(-5.245182534815E1,2.860964682685E1,
-9.574581311694E0));
#2439=CARTESIAN_POINT('',(-5.244114485E1,2.857325369690E1,-9.574425621495E0));
#2440=CARTESIAN_POINT('',(-5.244113208533E1,2.855458352661E1,
-9.574787347450E0));
#2442=DIRECTION('',(0.E0,-3.236777024276E-1,-9.461673979541E-1));
#2443=VECTOR('',#2442,2.239737692610E-1);
#2444=CARTESIAN_POINT('',(-5.254113137108E1,3.138693888670E1,9.133133328579E0));
#2445=LINE('',#2444,#2443);
#2446=CARTESIAN_POINT('',(-5.254113137108E1,3.148788153862E1,9.428206624009E0));
#2447=CARTESIAN_POINT('',(-5.256621211255E1,3.147269299882E1,9.412010705059E0));
#2448=CARTESIAN_POINT('',(-5.260219220724E1,3.144497148391E1,9.371434817247E0));
#2449=CARTESIAN_POINT('',(-5.262271015312E1,3.140925982980E1,9.290115402658E0));
#2450=CARTESIAN_POINT('',(-5.260224165117E1,3.138761670086E1,9.203832201106E0));
#2451=CARTESIAN_POINT('',(-5.256621802162E1,3.138479201960E1,9.155067179324E0));
#2452=CARTESIAN_POINT('',(-5.254113137108E1,3.138693888670E1,9.133133328579E0));
#2454=DIRECTION('',(0.E0,-3.236777024276E-1,-9.461673979541E-1));
#2455=VECTOR('',#2454,2.239724820011E-1);
#2456=CARTESIAN_POINT('',(-5.254113137108E1,3.156037643701E1,9.640122084517E0));
#2457=LINE('',#2456,#2455);
#2458=CARTESIAN_POINT('',(-5.244113208533E1,3.146791036526E1,9.061089222175E0));
#2459=CARTESIAN_POINT('',(-5.244111930941E1,3.148559387087E1,9.055038232378E0));
#2460=CARTESIAN_POINT('',(-5.245177111364E1,3.152033845743E1,9.044060413436E0));
#2461=CARTESIAN_POINT('',(-5.249194138418E1,3.155873615273E1,9.041325247847E0));
#2462=CARTESIAN_POINT('',(-5.252546418131E1,3.157209852860E1,9.056489237163E0));
#2463=CARTESIAN_POINT('',(-5.254113137108E1,3.157617236629E1,9.068397788094E0));
#2465=CARTESIAN_POINT('',(-5.254113137108E1,3.138693888670E1,9.133133328579E0));
#2466=CARTESIAN_POINT('',(-5.252548284093E1,3.138286990095E1,9.121238960730E0));
#2467=CARTESIAN_POINT('',(-5.249200022719E1,3.138412638153E1,9.101085411097E0));
#2468=CARTESIAN_POINT('',(-5.245182534815E1,3.141609731996E1,9.079728369736E0));
#2469=CARTESIAN_POINT('',(-5.244114485E1,3.145024242645E1,9.067134885280E0));
#2470=CARTESIAN_POINT('',(-5.244113208533E1,3.146791036526E1,9.061089222175E0));
#2472=DIRECTION('',(3.172455515088E-14,3.236777024282E-1,9.461673979539E-1));
#2473=VECTOR('',#2472,2.239724820035E-1);
#2474=CARTESIAN_POINT('',(-5.254113137108E1,3.167711501821E1,9.363471083524E0));
#2475=LINE('',#2474,#2473);
#2476=CARTESIAN_POINT('',(-5.254113137108E1,3.157617236629E1,9.068397788094E0));
#2477=CARTESIAN_POINT('',(-5.256613119798E1,3.159125164864E1,9.084365315202E0));
#2478=CARTESIAN_POINT('',(-5.260207037259E1,3.161881727105E1,9.124531515486E0));
#2479=CARTESIAN_POINT('',(-5.262270857401E1,3.165443954331E1,9.205454425705E0));
#2480=CARTESIAN_POINT('',(-5.260236702594E1,3.167625395203E1,9.292095550952E0));
#2481=CARTESIAN_POINT('',(-5.256630174329E1,3.167920838225E1,9.341286690176E0));
#2482=CARTESIAN_POINT('',(-5.254113137108E1,3.167711501821E1,9.363471083524E0));
#2484=DIRECTION('',(-3.172437281850E-14,3.236777024276E-1,9.461673979541E-1));
#2485=VECTOR('',#2484,2.239737692610E-1);
#2486=CARTESIAN_POINT('',(-5.254113137108E1,3.150367705125E1,8.856481109622E0));
#2487=LINE('',#2486,#2485);
#2488=CARTESIAN_POINT('',(-5.244113249031E1,3.159648467173E1,9.436480073219E0));
#2489=CARTESIAN_POINT('',(-5.244111783573E1,3.157889235026E1,9.442500418604E0));
#2490=CARTESIAN_POINT('',(-5.245166050394E1,3.154418102600E1,9.453230705753E0));
#2491=CARTESIAN_POINT('',(-5.249170125982E1,3.150550663068E1,9.455495935409E0));
#2492=CARTESIAN_POINT('',(-5.252536138110E1,3.149198209308E1,9.440193272812E0));
#2493=CARTESIAN_POINT('',(-5.254113137108E1,3.148788153862E1,9.428206624009E0));
#2495=CARTESIAN_POINT('',(-5.254113137108E1,3.167711501821E1,9.363471083524E0));
#2496=CARTESIAN_POINT('',(-5.252538299359E1,3.168120995294E1,9.375441304835E0));
#2497=CARTESIAN_POINT('',(-5.249176974877E1,3.167991112194E1,9.395800472297E0));
#2498=CARTESIAN_POINT('',(-5.245173108914E1,3.164803026167E1,9.417692757625E0));
#2499=CARTESIAN_POINT('',(-5.244114713463E1,3.161406467306E1,9.430463943967E0));
#2500=CARTESIAN_POINT('',(-5.244113249031E1,3.159648467173E1,9.436480073219E0));
#2502=CARTESIAN_POINT('',(-5.254113137108E1,3.665471320795E1,4.884778498138E0));
#2503=CARTESIAN_POINT('',(-5.256613119798E1,3.667652833698E1,4.887317557694E0));
#2504=CARTESIAN_POINT('',(-5.260207037259E1,3.672346316472E1,4.900367811685E0));
#2505=CARTESIAN_POINT('',(-5.262270857401E1,3.680276765246E1,4.939460802140E0));
#2506=CARTESIAN_POINT('',(-5.260236702594E1,3.687517030084E1,4.991809723040E0));
#2507=CARTESIAN_POINT('',(-5.256630174329E1,3.690905298049E1,5.027593250757E0));
#2508=CARTESIAN_POINT('',(-5.254113137108E1,3.692170922378E1,5.045933070469E0));
#2510=DIRECTION('',(0.E0,8.561361854004E-1,5.167502608108E-1));
#2511=VECTOR('',#2510,2.239724820011E-1);
#2512=CARTESIAN_POINT('',(-5.254113137108E1,3.681835917162E1,5.217160307549E0));
#2513=LINE('',#2512,#2511);
#2514=CARTESIAN_POINT('',(-5.244113249031E1,3.690687206888E1,5.153689389005E0));
#2515=CARTESIAN_POINT('',(-5.244111783573E1,3.689726537220E1,5.169609367404E0));
#2516=CARTESIAN_POINT('',(-5.245166050394E1,3.687757225076E1,5.200141253397E0));
#2517=CARTESIAN_POINT('',(-5.249170125982E1,3.684940200669E1,5.226735942112E0));
#2518=CARTESIAN_POINT('',(-5.252536138110E1,3.682920524791E1,5.223706827656E0));
#2519=CARTESIAN_POINT('',(-5.254113137108E1,3.681835917162E1,5.217160307549E0));
#2521=CARTESIAN_POINT('',(-5.254113137108E1,3.692170922378E1,5.045933070469E0));
#2522=CARTESIAN_POINT('',(-5.252538299359E1,3.693254043571E1,5.052470618685E0));
#2523=CARTESIAN_POINT('',(-5.249176974877E1,3.694463209404E1,5.068901518256E0));
#2524=CARTESIAN_POINT('',(-5.245173108914E1,3.693428202793E1,5.106164603752E0));
#2525=CARTESIAN_POINT('',(-5.244114713463E1,3.691647203787E1,5.137780559595E0));
#2526=CARTESIAN_POINT('',(-5.244113249031E1,3.690687206888E1,5.153689389005E0));
#2528=DIRECTION('',(-2.855209963610E-13,-8.561361854004E-1,-5.167502608108E-1));
#2529=VECTOR('',#2528,2.239724820012E-1);
#2530=CARTESIAN_POINT('',(-5.254113137108E1,3.711346017016E1,5.161670908958E0));
#2531=LINE('',#2530,#2529);
#2532=CARTESIAN_POINT('',(-5.254113137108E1,3.681835917162E1,5.217160307549E0));
#2533=CARTESIAN_POINT('',(-5.256621211255E1,3.679631353908E1,5.214516519030E0));
#2534=CARTESIAN_POINT('',(-5.260219220724E1,3.674899594868E1,5.201252631955E0));
#2535=CARTESIAN_POINT('',(-5.262271015312E1,3.666936812237E1,5.161913355076E0));
#2536=CARTESIAN_POINT('',(-5.260224165117E1,3.659732675084E1,5.109728523106E0));
#2537=CARTESIAN_POINT('',(-5.256621802162E1,3.656381736766E1,5.074188019270E0));
#2538=CARTESIAN_POINT('',(-5.254113137108E1,3.655136315579E1,5.056005735218E0));
#2540=DIRECTION('',(3.172437281850E-14,-8.561361854004E-1,-5.167502608108E-1));
#2541=VECTOR('',#2540,2.239737692610E-1);
#2542=CARTESIAN_POINT('',(-5.254113137108E1,3.665471320795E1,4.884778498138E0));
#2543=LINE('',#2542,#2541);
#2544=CARTESIAN_POINT('',(-5.244113208533E1,3.656708184804E1,4.948769284694E0));
#2545=CARTESIAN_POINT('',(-5.244111930941E1,3.657673869798E1,4.932767219281E0));
#2546=CARTESIAN_POINT('',(-5.245177111364E1,3.659629818945E1,4.902024332336E0));
#2547=CARTESIAN_POINT('',(-5.249194138418E1,3.662395440001E1,4.875247511155E0));
#2548=CARTESIAN_POINT('',(-5.252546418131E1,3.664393779824E1,4.878274631261E0));
#2549=CARTESIAN_POINT('',(-5.254113137108E1,3.665471320795E1,4.884778498138E0));
#2551=CARTESIAN_POINT('',(-5.254113137108E1,3.655136315579E1,5.056005735218E0));
#2552=CARTESIAN_POINT('',(-5.252548284093E1,3.654060057959E1,5.049509614445E0));
#2553=CARTESIAN_POINT('',(-5.249200022719E1,3.652860864755E1,5.033263449595E0));
#2554=CARTESIAN_POINT('',(-5.245182534815E1,3.653937176572E1,4.996352483641E0));
#2555=CARTESIAN_POINT('',(-5.244114485E1,3.655743349903E1,4.964757263475E0));
#2556=CARTESIAN_POINT('',(-5.244113208533E1,3.656708184804E1,4.948769284694E0));
#2558=DIRECTION('',(1.586218640910E-13,8.561361854007E-1,5.167502608103E-1));
#2559=VECTOR('',#2558,2.239737692632E-1);
#2560=CARTESIAN_POINT('',(-5.254113137108E1,3.635961110734E1,4.940267231536E0));
#2561=LINE('',#2560,#2559);
#2562=CARTESIAN_POINT('',(-5.254113137108E1,3.785592255562E1,
-1.584482939362E0));
#2563=CARTESIAN_POINT('',(-5.256613119797E1,3.787426599001E1,
-1.596560401542E0));
#2564=CARTESIAN_POINT('',(-5.260207037260E1,3.791860869557E1,
-1.616732452726E0));
#2565=CARTESIAN_POINT('',(-5.262270857400E1,3.800448794760E1,
-1.637761426737E0));
#2566=CARTESIAN_POINT('',(-5.260236702594E1,3.809360083180E1,
-1.644199352067E0));
#2567=CARTESIAN_POINT('',(-5.256630174329E1,3.814255767851E1,
-1.638566946166E0));
#2568=CARTESIAN_POINT('',(-5.254113137108E1,3.816404153223E1,
-1.632653105557E0));
#2570=DIRECTION('',(0.E0,9.879990323305E-1,-1.544600664053E-1));
#2571=VECTOR('',#2570,2.239724820011E-1);
#2572=CARTESIAN_POINT('',(-5.254113137108E1,3.819493354551E1,
-1.435053299091E0));
#2573=LINE('',#2572,#2571);
#2574=CARTESIAN_POINT('',(-5.254113137108E1,3.816404153223E1,
-1.632653105557E0));
#2575=CARTESIAN_POINT('',(-5.252534263753E1,3.817657300743E1,
-1.634612229431E0));
#2576=CARTESIAN_POINT('',(-5.249166211022E1,3.819641945844E1,
-1.629703475068E0));
#2577=CARTESIAN_POINT('',(-5.245174450089E1,3.821236511926E1,
-1.594700609132E0));
#2578=CARTESIAN_POINT('',(-5.243584445931E1,3.822247866720E1,
-1.540656866941E0));
#2579=CARTESIAN_POINT('',(-5.245166603908E1,3.822936639229E1,
-1.486043710558E0));
#2580=CARTESIAN_POINT('',(-5.249163613882E1,3.822488180947E1,
-1.447746119260E0));
#2581=CARTESIAN_POINT('',(-5.252533690920E1,3.820746956727E1,
-1.437013133757E0));
#2582=CARTESIAN_POINT('',(-5.254113137108E1,3.819493354551E1,
-1.435053299091E0));
#2584=DIRECTION('',(-2.855209963610E-13,-9.879990323305E-1,1.544600664053E-1));
#2585=VECTOR('',#2584,2.239724820012E-1);
#2586=CARTESIAN_POINT('',(-5.254113137108E1,3.838532612771E1,-1.66724791E0));
#2587=LINE('',#2586,#2585);
#2588=CARTESIAN_POINT('',(-5.254113137108E1,3.819493354551E1,
-1.435053299091E0));
#2589=CARTESIAN_POINT('',(-5.256621211255E1,3.817634621670E1,
-1.422907899150E0));
#2590=CARTESIAN_POINT('',(-5.260219220724E1,3.813157297725E1,
-1.402653465313E0));
#2591=CARTESIAN_POINT('',(-5.262271015312E1,3.804528772363E1,
-1.381605319623E0));
#2592=CARTESIAN_POINT('',(-5.260224165117E1,3.795655706789E1,
-1.375273919163E0));
#2593=CARTESIAN_POINT('',(-5.256621802162E1,3.790804239561E1,
-1.380960108318E0));
#2594=CARTESIAN_POINT('',(-5.254113137108E1,3.788681456891E1,
-1.386883132897E0));
#2596=DIRECTION('',(-2.360293337768E-11,-9.879990323305E-1,1.544600664053E-1));
#2597=VECTOR('',#2596,2.239737692543E-1);
#2598=CARTESIAN_POINT('',(-5.254113137108E1,3.785592255562E1,
-1.584482939362E0));
#2599=LINE('',#2598,#2597);
#2600=CARTESIAN_POINT('',(-5.254113137108E1,3.788681456891E1,
-1.386883132897E0));
#2601=CARTESIAN_POINT('',(-5.252543903624E1,3.787435956349E1,
-1.384935964023E0));
#2602=CARTESIAN_POINT('',(-5.249188348582E1,3.785470770994E1,
-1.389775423202E0));
#2603=CARTESIAN_POINT('',(-5.245184302240E1,3.783931121588E1,
-1.424754963062E0));
#2604=CARTESIAN_POINT('',(-5.243579650613E1,3.782950039250E1,
-1.479049967917E0));
#2605=CARTESIAN_POINT('',(-5.245175934939E1,3.782224782368E1,
-1.533813341653E0));
#2606=CARTESIAN_POINT('',(-5.249185474020E1,3.782621362912E1,
-1.571926752479E0));
#2607=CARTESIAN_POINT('',(-5.252543252217E1,3.784346237999E1,
-1.582534962197E0));
#2608=CARTESIAN_POINT('',(-5.254113137108E1,3.785592255562E1,
-1.584482939362E0));
#2610=DIRECTION('',(1.586218640910E-13,9.879990323304E-1,-1.544600664059E-1));
#2611=VECTOR('',#2610,2.239737692632E-1);
#2612=CARTESIAN_POINT('',(-5.254113137108E1,3.766552870161E1,
-1.352288129623E0));
#2613=LINE('',#2612,#2611);
#2614=DIRECTION('',(-9.659258262891E-1,-1.024913498745E-14,-2.588190451025E-1));
#2615=VECTOR('',#2614,3.466354656420E-1);
#2616=CARTESIAN_POINT('',(-5.196587911303E1,2.836824302175E1,1.2E1));
#2617=LINE('',#2616,#2615);
#2618=CARTESIAN_POINT('',(-5.196587911303E1,2.836824302175E1,0.E0));
#2619=DIRECTION('',(-1.E0,0.E0,0.E0));
#2620=DIRECTION('',(0.E0,0.E0,-1.E0));
#2621=AXIS2_PLACEMENT_3D('',#2618,#2619,#2620);
#2623=DIRECTION('',(1.E0,-1.308282246900E-14,0.E0));
#2624=VECTOR('',#2623,2.715555979774E-1);
#2625=CARTESIAN_POINT('',(-4.513743471100E1,2.836824302175E1,-1.0175E1));
#2626=LINE('',#2625,#2624);
#2627=DIRECTION('',(8.191520442890E-1,0.E0,5.735764363510E-1));
#2628=VECTOR('',#2627,5.230340386863E-1);
#2629=CARTESIAN_POINT('',(-4.556587911303E1,2.836824302175E1,-1.0475E1));
#2630=LINE('',#2629,#2628);
#2631=CARTESIAN_POINT('',(-4.556587911303E1,2.836824302175E1,0.E0));
#2632=DIRECTION('',(-1.E0,0.E0,0.E0));
#2633=DIRECTION('',(0.E0,0.E0,1.E0));
#2634=AXIS2_PLACEMENT_3D('',#2631,#2632,#2633);
#2636=CARTESIAN_POINT('',(-4.513743471100E1,2.836824302175E1,0.E0));
#2637=DIRECTION('',(1.E0,0.E0,0.E0));
#2638=DIRECTION('',(0.E0,0.E0,-1.E0));
#2639=AXIS2_PLACEMENT_3D('',#2636,#2637,#2638);
#2641=DIRECTION('',(1.E0,0.E0,0.E0));
#2642=VECTOR('',#2641,6.5E-1);
#2643=CARTESIAN_POINT('',(-4.596587911303E1,3.705924503646E1,5.291229439391E0));
#2644=LINE('',#2643,#2642);
#2645=DIRECTION('',(-9.517311845551E-14,-4.797065168930E-1,-8.774290043362E-1));
#2646=VECTOR('',#2645,2.239737692610E-1);
#2647=CARTESIAN_POINT('',(-4.519062685497E1,3.289458485567E1,8.487572015903E0));
#2648=LINE('',#2647,#2646);
#2649=CARTESIAN_POINT('',(-4.519062685497E1,3.307007065654E1,8.391630712525E0));
#2650=CARTESIAN_POINT('',(-4.520420200381E1,3.306483923094E1,8.382061935796E0));
#2651=CARTESIAN_POINT('',(-4.523277768016E1,3.305170885179E1,8.370032921730E0));
#2652=CARTESIAN_POINT('',(-4.526951812082E1,3.302237267400E1,8.373123995632E0));
#2653=CARTESIAN_POINT('',(-4.529149369686E1,3.298367690290E1,8.390873087092E0));
#2654=CARTESIAN_POINT('',(-4.529151389808E1,3.294066344736E1,8.414389078281E0));
#2655=CARTESIAN_POINT('',(-4.526959141400E1,3.290480927055E1,8.437378768591E0));
#2656=CARTESIAN_POINT('',(-4.523279801443E1,3.288630641995E1,8.460446246579E0));
#2657=CARTESIAN_POINT('',(-4.520420721367E1,3.288935142236E1,8.477999566875E0));
#2658=CARTESIAN_POINT('',(-4.519062685497E1,3.289458485567E1,8.487572015903E0));
#2660=DIRECTION('',(-2.220706097274E-13,4.797065168925E-1,8.774290043364E-1));
#2661=VECTOR('',#2660,2.239737692632E-1);
#2662=CARTESIAN_POINT('',(-4.519062685497E1,3.296262897981E1,8.195109631163E0));
#2663=LINE('',#2662,#2661);
#2664=CARTESIAN_POINT('',(-4.519062685497E1,3.289458485567E1,8.487572015903E0));
#2665=CARTESIAN_POINT('',(-4.517097219501E1,3.289584657786E1,8.504792509138E0));
#2666=CARTESIAN_POINT('',(-4.514008893600E1,3.290331602682E1,8.541887060820E0));
#2667=CARTESIAN_POINT('',(-4.511484473019E1,3.292786235760E1,8.605938310895E0));
#2668=CARTESIAN_POINT('',(-4.511468902282E1,3.296176001937E1,8.668058510268E0));
#2669=CARTESIAN_POINT('',(-4.513975015059E1,3.300263654609E1,8.723810818506E0));
#2670=CARTESIAN_POINT('',(-4.517078504976E1,3.303016901195E1,8.750623055020E0));
#2671=CARTESIAN_POINT('',(-4.519062685497E1,3.304418690610E1,8.761208444695E0));
#2673=DIRECTION('',(0.E0,4.797065168931E-1,8.774290043362E-1));
#2674=VECTOR('',#2673,2.239724820011E-1);
#2675=CARTESIAN_POINT('',(-4.519062685497E1,3.321967270696E1,8.665267141316E0));
#2676=LINE('',#2675,#2674);
#2677=CARTESIAN_POINT('',(-4.519062685497E1,3.304418690610E1,8.761208444695E0));
#2678=CARTESIAN_POINT('',(-4.520428393764E1,3.304944988878E1,8.770834942335E0));
#2679=CARTESIAN_POINT('',(-4.523298093114E1,3.306271795471E1,8.782962633285E0));
#2680=CARTESIAN_POINT('',(-4.526966549330E1,3.309235286428E1,8.780181604714E0));
#2681=CARTESIAN_POINT('',(-4.529149075210E1,3.313118110561E1,8.762820186314E0));
#2682=CARTESIAN_POINT('',(-4.529150952113E1,3.317399488742E1,8.739413873945E0));
#2683=CARTESIAN_POINT('',(-4.526973359984E1,3.320959280338E1,8.716103521260E0));
#2684=CARTESIAN_POINT('',(-4.523299932483E1,3.322799098448E1,8.692618738466E0));
#2685=CARTESIAN_POINT('',(-4.520428856933E1,3.322493747454E1,8.674896903706E0));
#2686=CARTESIAN_POINT('',(-4.519062685497E1,3.321967270696E1,8.665267141316E0));
#2688=DIRECTION('',(2.855209963610E-13,-4.797065168931E-1,-8.774290043362E-1));
#2689=VECTOR('',#2688,2.239724820012E-1);
#2690=CARTESIAN_POINT('',(-4.519062685497E1,3.315162796532E1,8.957728396576E0));
#2691=LINE('',#2690,#2689);
#2692=CARTESIAN_POINT('',(-4.519062685497E1,3.321967270696E1,8.665267141316E0));
#2693=CARTESIAN_POINT('',(-4.517091364286E1,3.321833680721E1,8.647866544638E0));
#2694=CARTESIAN_POINT('',(-4.513998380044E1,3.321071259799E1,8.610453577208E0));
#2695=CARTESIAN_POINT('',(-4.511477229208E1,3.318595124819E1,8.546033845530E0));
#2696=CARTESIAN_POINT('',(-4.511476090426E1,3.315200364613E1,8.483931800930E0));
#2697=CARTESIAN_POINT('',(-4.513985846749E1,3.311132053875E1,8.428560919994E0));
#2698=CARTESIAN_POINT('',(-4.517084572355E1,3.308397502423E1,8.402054486824E0));
#2699=CARTESIAN_POINT('',(-4.519062685497E1,3.307007065654E1,8.391630712525E0));
#2701=DIRECTION('',(3.172437281850E-14,1.965239807730E-1,-9.804990183479E-1));
#2702=VECTOR('',#2701,2.239737692610E-1);
#2703=CARTESIAN_POINT('',(-4.519062685497E1,2.657601570681E1,9.450638622564E0));
#2704=LINE('',#2703,#2702);
#2705=CARTESIAN_POINT('',(-4.519062685497E1,2.651472742023E1,9.756418632671E0));
#2706=CARTESIAN_POINT('',(-4.517091364286E1,2.652488894959E1,9.742230302468E0));
#2707=CARTESIAN_POINT('',(-4.513998380044E1,2.654309705839E1,9.708669559449E0));
#2708=CARTESIAN_POINT('',(-4.511477229208E1,2.656553696932E1,9.643404893121E0));
#2709=CARTESIAN_POINT('',(-4.511476090426E1,2.657945002220E1,9.574010868963E0));
#2710=CARTESIAN_POINT('',(-4.513985846749E1,2.658387667007E1,9.505443715965E0));
#2711=CARTESIAN_POINT('',(-4.517084572355E1,2.657996679745E1,9.467561252214E0));
#2712=CARTESIAN_POINT('',(-4.519062685497E1,2.657601570681E1,9.450638622564E0));
#2714=DIRECTION('',(0.E0,1.965239807730E-1,-9.804990183479E-1));
#2715=VECTOR('',#2714,2.239724820011E-1);
#2716=CARTESIAN_POINT('',(-4.519062685497E1,2.647071145648E1,9.976023431410E0));
#2717=LINE('',#2716,#2715);
#2718=DIRECTION('',(-3.172455515088E-14,-1.965239807737E-1,9.804990183477E-1));
#2719=VECTOR('',#2718,2.239724820035E-1);
#2720=CARTESIAN_POINT('',(-4.519062685497E1,2.631862761656E1,9.717113836516E0));
#2721=LINE('',#2720,#2719);
#2722=CARTESIAN_POINT('',(-4.519062685497E1,2.637991590314E1,9.411333826409E0));
#2723=CARTESIAN_POINT('',(-4.517097219501E1,2.636981331872E1,9.425336508946E0));
#2724=CARTESIAN_POINT('',(-4.514008893600E1,2.635169133038E1,9.458553853375E0));
#2725=CARTESIAN_POINT('',(-4.511484473019E1,2.632932356074E1,9.523398034857E0));
#2726=CARTESIAN_POINT('',(-4.511468902282E1,2.631536058171E1,9.592773865379E0));
#2727=CARTESIAN_POINT('',(-4.513975015059E1,2.631083692491E1,9.661757536197E0));
#2728=CARTESIAN_POINT('',(-4.517078504976E1,2.631469344397E1,9.699994428906E0));
#2729=CARTESIAN_POINT('',(-4.519062685497E1,2.631862761656E1,9.717113836516E0));
#2731=DIRECTION('',(3.172437281850E-14,-1.965239807730E-1,9.804990183479E-1));
#2732=VECTOR('',#2731,2.239737692610E-1);
#2733=CARTESIAN_POINT('',(-4.519062685497E1,2.642393211986E1,9.191727765513E0));
#2734=LINE('',#2733,#2732);
#2735=DIRECTION('',(3.172437281850E-14,7.807987237146E-1,-6.247826446418E-1));
#2736=VECTOR('',#2735,2.239737692610E-1);
#2737=CARTESIAN_POINT('',(-4.519062685497E1,2.092056383612E1,6.087587688956E0));
#2738=LINE('',#2737,#2736);
#2739=CARTESIAN_POINT('',(-4.519062685497E1,2.067706268297E1,6.282433415284E0));
#2740=CARTESIAN_POINT('',(-4.517091364286E1,2.069396694893E1,6.278096228944E0));
#2741=CARTESIAN_POINT('',(-4.513998380044E1,2.072948759928E1,6.264091154980E0));
#2742=CARTESIAN_POINT('',(-4.511477229208E1,2.078862888722E1,6.228519616713E0));
#2743=CARTESIAN_POINT('',(-4.511476090426E1,2.084389252298E1,6.184303848129E0));
#2744=CARTESIAN_POINT('',(-4.513985846749E1,2.089135764836E1,6.134623755996E0));
#2745=CARTESIAN_POINT('',(-4.517084572355E1,2.091271289049E1,6.103090887470E0));
#2746=CARTESIAN_POINT('',(-4.519062685497E1,2.092056383612E1,6.087587688956E0));
#2748=DIRECTION('',(0.E0,7.807987237146E-1,-6.247826446418E-1));
#2749=VECTOR('',#2748,2.239724820011E-1);
#2750=CARTESIAN_POINT('',(-4.519062685497E1,2.050218525488E1,6.422367534916E0));
#2751=LINE('',#2750,#2749);
#2752=DIRECTION('',(-3.172455515088E-14,-7.807987237150E-1,6.247826446413E-1));
#2753=VECTOR('',#2752,2.239724820035E-1);
#2754=CARTESIAN_POINT('',(-4.519062685497E1,2.055210615404E1,6.126273670541E0));
#2755=LINE('',#2754,#2753);
#2756=CARTESIAN_POINT('',(-4.519062685497E1,2.079560730719E1,5.931427944213E0));
#2757=CARTESIAN_POINT('',(-4.517097219501E1,2.077886752770E1,5.935660805270E0));
#2758=CARTESIAN_POINT('',(-4.514008893600E1,2.074363358181E1,5.949458177819E0));
#2759=CARTESIAN_POINT('',(-4.511484473019E1,2.068481783976E1,5.984753977530E0));
#2760=CARTESIAN_POINT('',(-4.511468902282E1,2.062952765299E1,6.028923717073E0));
#2761=CARTESIAN_POINT('',(-4.513975015059E1,2.058172048196E1,6.078860524228E0));
#2762=CARTESIAN_POINT('',(-4.517078504976E1,2.056009654609E1,6.110630606078E0));
#2763=CARTESIAN_POINT('',(-4.519062685497E1,2.055210615404E1,6.126273670541E0));
#2765=DIRECTION('',(3.172437281850E-14,-7.807987237146E-1,6.247826446418E-1));
#2766=VECTOR('',#2765,2.239737692610E-1);
#2767=CARTESIAN_POINT('',(-4.519062685497E1,2.097048574038E1,5.791493020324E0));
#2768=LINE('',#2767,#2766);
#2769=DIRECTION('',(0.E0,-9.997290662189E-1,-2.327647217776E-2));
#2770=VECTOR('',#2769,2.239724820011E-1);
#2771=CARTESIAN_POINT('',(-4.519062685497E1,1.843818670418E1,
-1.311722185846E-1));
#2772=LINE('',#2771,#2770);
#2773=DIRECTION('',(3.172455515088E-14,9.997290662189E-1,2.327647217841E-2));
#2774=VECTOR('',#2773,2.239724820036E-1);
#2775=CARTESIAN_POINT('',(-4.519062685497E1,1.821893019832E1,
-3.363313210745E-1));
#2776=LINE('',#2775,#2774);
#2777=CARTESIAN_POINT('',(-4.519062685497E1,1.843818670418E1,
-1.311722185846E-1));
#2778=CARTESIAN_POINT('',(-4.517091364286E1,1.845392401282E1,
-1.236288433711E-1));
#2779=CARTESIAN_POINT('',(-4.513998380044E1,1.849013669765E1,
-1.115251185228E-1));
#2780=CARTESIAN_POINT('',(-4.511477229208E1,1.855830649669E1,
-1.007592106400E-1));
#2781=CARTESIAN_POINT('',(-4.511476090426E1,1.862906224597E1,
-9.910767412532E-2));
#2782=CARTESIAN_POINT('',(-4.513985846749E1,1.869735638918E1,
-1.066548381521E-1));
#2783=CARTESIAN_POINT('',(-4.517084572355E1,1.873398439093E1,
-1.170835318207E-1));
#2784=CARTESIAN_POINT('',(-4.519062685497E1,1.874996382812E1,
-1.239131803148E-1));
#2786=DIRECTION('',(-3.172437281850E-14,9.997290662189E-1,2.327647217778E-2));
#2787=VECTOR('',#2786,2.239737692610E-1);
#2788=CARTESIAN_POINT('',(-4.519062685497E1,1.875461912256E1,
-3.238589935585E-1));
#2789=LINE('',#2788,#2787);
#2790=CARTESIAN_POINT('',(-4.519062685497E1,1.874996382812E1,
-1.239131803148E-1));
#2791=CARTESIAN_POINT('',(-4.520420200381E1,1.876086634465E1,
-1.236593394180E-1));
#2792=CARTESIAN_POINT('',(-4.523277768016E1,1.877784896599E1,
-1.290160742877E-1));
#2793=CARTESIAN_POINT('',(-4.526951812082E1,1.878984010636E1,
-1.559674864540E-1));
#2794=CARTESIAN_POINT('',(-4.529149369686E1,1.879381682781E1,
-1.983535529749E-1));
#2795=CARTESIAN_POINT('',(-4.529151389808E1,1.879495810982E1,
-2.473622937718E-1));
#2796=CARTESIAN_POINT('',(-4.526959141400E1,1.879297554239E1,
-2.899077668802E-1));
#2797=CARTESIAN_POINT('',(-4.523279801443E1,1.878224994575E1,
-3.174654445330E-1));
#2798=CARTESIAN_POINT('',(-4.520420721367E1,1.876552582325E1,
-3.236050552429E-1));
#2799=CARTESIAN_POINT('',(-4.519062685497E1,1.875461912256E1,
-3.238589935585E-1));
#2801=DIRECTION('',(0.E0,-9.997290662189E-1,-2.327647217777E-2));
#2802=VECTOR('',#2801,2.239737692610E-1);
#2803=CARTESIAN_POINT('',(-4.519062685497E1,1.897387691533E1,
-1.186998611060E-1));
#2804=LINE('',#2803,#2802);
#2805=CARTESIAN_POINT('',(-4.519062685497E1,1.875461912256E1,
-3.238589935585E-1));
#2806=CARTESIAN_POINT('',(-4.517097219501E1,1.873907487686E1,
-3.313765567131E-1));
#2807=CARTESIAN_POINT('',(-4.514008893600E1,1.870321532828E1,
-3.434551000011E-1));
#2808=CARTESIAN_POINT('',(-4.511484473019E1,1.863547215318E1,
-3.542229790149E-1));
#2809=CARTESIAN_POINT('',(-4.511468902282E1,1.856472565155E1,
-3.559268424753E-1));
#2810=CARTESIAN_POINT('',(-4.513975015059E1,1.849600447294E1,
-3.484028860377E-1));
#2811=CARTESIAN_POINT('',(-4.517078504976E1,1.845901816205E1,
-3.379651894289E-1));
#2812=CARTESIAN_POINT('',(-4.519062685497E1,1.844284199861E1,
-3.311180318284E-1));
#2814=DIRECTION('',(-9.517311845550E-14,1.506782802461E-1,9.885828523002E-1));
#2815=VECTOR('',#2814,2.239737692610E-1);
#2816=CARTESIAN_POINT('',(-4.519062685497E1,2.701779359862E1,
-9.523808874514E0));
#2817=LINE('',#2816,#2815);
#2818=DIRECTION('',(-2.537949825456E-13,-1.506782802455E-1,-9.885828523003E-1));
#2819=VECTOR('',#2818,2.239737692632E-1);
#2820=CARTESIAN_POINT('',(-4.519062685497E1,2.685382501053E1,
-9.272256590806E0));
#2821=LINE('',#2820,#2819);
#2822=CARTESIAN_POINT('',(-4.519062685497E1,2.701779359862E1,
-9.523808874514E0));
#2823=CARTESIAN_POINT('',(-4.517097219501E1,2.702249772316E1,
-9.540422379335E0));
#2824=CARTESIAN_POINT('',(-4.514008893600E1,2.702816582097E1,
-9.577834557826E0));
#2825=CARTESIAN_POINT('',(-4.511484473019E1,2.702700663280E1,
-9.646418384445E0));
#2826=CARTESIAN_POINT('',(-4.511468902282E1,2.701639960966E1,
-9.716385960536E0));
#2827=CARTESIAN_POINT('',(-4.513975015059E1,2.699705665159E1,
-9.782756588706E0));
#2828=CARTESIAN_POINT('',(-4.517078504976E1,2.698035492157E1,
-9.817368507425E0));
#2829=CARTESIAN_POINT('',(-4.519062685497E1,2.697080282637E1,
-9.832109922156E0));
#2831=DIRECTION('',(0.E0,-1.506782802461E-1,-9.885828523002E-1));
#2832=VECTOR('',#2831,2.239724820011E-1);
#2833=CARTESIAN_POINT('',(-4.519062685497E1,2.677308625591E1,
-9.801974266107E0));
#2834=LINE('',#2833,#2832);
#2835=DIRECTION('',(2.855209963610E-13,1.506782802461E-1,9.885828523002E-1));
#2836=VECTOR('',#2835,2.239724820012E-1);
#2837=CARTESIAN_POINT('',(-4.519062685497E1,2.693705503796E1,
-1.005352527725E1));
#2838=LINE('',#2837,#2836);
#2839=CARTESIAN_POINT('',(-4.519062685497E1,2.677308625591E1,
-9.801974266107E0));
#2840=CARTESIAN_POINT('',(-4.517091364286E1,2.676839023649E1,
-9.785166149185E0));
#2841=CARTESIAN_POINT('',(-4.513998380044E1,2.676275866114E1,
-9.747401826640E0));
#2842=CARTESIAN_POINT('',(-4.511477229208E1,2.676399387297E1,
-9.678398199742E0));
#2843=CARTESIAN_POINT('',(-4.511476090426E1,2.677465403393E1,
-9.608430602972E0));
#2844=CARTESIAN_POINT('',(-4.513985846749E1,2.679394569309E1,
-9.542484552534E0));
#2845=CARTESIAN_POINT('',(-4.517084572355E1,2.681057633722E1,
-9.508223936085E0));
#2846=CARTESIAN_POINT('',(-4.519062685497E1,2.682007702816E1,
-9.493673218465E0));
#2848=DIRECTION('',(3.172437281850E-14,7.508750678884E-1,6.604442689762E-1));
#2849=VECTOR('',#2848,2.239737692610E-1);
#2850=CARTESIAN_POINT('',(-4.519062685497E1,2.107986355009E1,
-6.277433695375E0));
#2851=LINE('',#2850,#2849);
#2852=CARTESIAN_POINT('',(-4.519062685497E1,2.084569443666E1,
-6.483400913561E0));
#2853=CARTESIAN_POINT('',(-4.517091364286E1,2.085290112637E1,
-6.467506605891E0));
#2854=CARTESIAN_POINT('',(-4.513998380044E1,2.087286152799E1,
-6.434957549605E0));
#2855=CARTESIAN_POINT('',(-4.511477229208E1,2.091816243154E1,
-6.382891683520E0));
#2856=CARTESIAN_POINT('',(-4.511476090426E1,2.097130289289E1,
-6.336145614198E0));
#2857=CARTESIAN_POINT('',(-4.513985846749E1,2.102847046532E1,
-6.298028448192E0));
#2858=CARTESIAN_POINT('',(-4.517084572355E1,2.106323257759E1,
-6.282473265334E0));
#2859=CARTESIAN_POINT('',(-4.519062685497E1,2.107986355009E1,
-6.277433695375E0));
#2861=DIRECTION('',(0.E0,7.508750678885E-1,6.604442689762E-1));
#2862=VECTOR('',#2861,2.239724820011E-1);
#2863=CARTESIAN_POINT('',(-4.519062685497E1,2.067751908403E1,
-6.631322255707E0));
#2864=LINE('',#2863,#2862);
#2865=DIRECTION('',(-3.172455515088E-14,-7.508750678880E-1,-6.604442689767E-1));
#2866=VECTOR('',#2865,2.239724820036E-1);
#2867=CARTESIAN_POINT('',(-4.519062685497E1,2.097778329045E1,
-6.633575927138E0));
#2868=LINE('',#2867,#2866);
#2869=CARTESIAN_POINT('',(-4.519062685497E1,2.121195240388E1,
-6.427608708953E0));
#2870=CARTESIAN_POINT('',(-4.517097219501E1,2.120487701729E1,
-6.443359144970E0));
#2871=CARTESIAN_POINT('',(-4.514008893600E1,2.118517094734E1,
-6.475661919452E0));
#2872=CARTESIAN_POINT('',(-4.511484473019E1,2.114019812371E1,
-6.527455066929E0));
#2873=CARTESIAN_POINT('',(-4.511468902282E1,2.108709838159E1,
-6.574235276743E0));
#2874=CARTESIAN_POINT('',(-4.513975015059E1,2.102961859861E1,
-6.612644713859E0));
#2875=CARTESIAN_POINT('',(-4.517078504976E1,2.099457621863E1,
-6.628423316737E0));
#2876=CARTESIAN_POINT('',(-4.519062685497E1,2.097778329045E1,
-6.633575927138E0));
#2878=DIRECTION('',(3.172437281850E-14,-7.508750678884E-1,-6.604442689762E-1));
#2879=VECTOR('',#2878,2.239737692610E-1);
#2880=CARTESIAN_POINT('',(-4.519062685497E1,2.138012872308E1,
-6.279686516643E0));
#2881=LINE('',#2880,#2879);
#2882=DIRECTION('',(-2.855209963610E-13,9.314770039608E-1,3.638002076584E-1));
#2883=VECTOR('',#2882,2.239724820012E-1);
#2884=CARTESIAN_POINT('',(-4.519062685497E1,3.758182008482E1,3.705836251615E0));
#2885=LINE('',#2884,#2883);
#2886=CARTESIAN_POINT('',(-4.519062685497E1,3.729132815943E1,3.592380930301E0));
#2887=CARTESIAN_POINT('',(-4.517097219501E1,3.730336381438E1,3.604761574065E0));
#2888=CARTESIAN_POINT('',(-4.514008893600E1,3.733292966246E1,3.628376380007E0));
#2889=CARTESIAN_POINT('',(-4.511484473019E1,3.739290459268E1,3.661664406914E0));
#2890=CARTESIAN_POINT('',(-4.511468902282E1,3.745880180259E1,3.687462243463E0));
#2891=CARTESIAN_POINT('',(-4.513975015059E1,3.752595193168E1,3.703896064478E0));
#2892=CARTESIAN_POINT('',(-4.517078504976E1,3.756427759758E1,3.706737901347E0));
#2893=CARTESIAN_POINT('',(-4.519062685497E1,3.758182008482E1,3.705836251615E0));
#2895=DIRECTION('',(9.517311845550E-14,9.314770039608E-1,3.638002076584E-1));
#2896=VECTOR('',#2895,2.239737692610E-1);
#2897=CARTESIAN_POINT('',(-4.519062685497E1,3.708270174387E1,3.510899226533E0));
#2898=LINE('',#2897,#2896);
#2899=DIRECTION('',(1.903462369092E-13,-9.314770039605E-1,-3.638002076590E-1));
#2900=VECTOR('',#2899,2.239737692632E-1);
#2901=CARTESIAN_POINT('',(-4.519062685497E1,3.736408820096E1,3.406085529508E0));
#2902=LINE('',#2901,#2900);
#2903=CARTESIAN_POINT('',(-4.519062685497E1,3.765458012635E1,3.519540850823E0));
#2904=CARTESIAN_POINT('',(-4.517091364286E1,3.764237187982E1,3.507069920241E0));
#2905=CARTESIAN_POINT('',(-4.513998380044E1,3.761248280481E1,3.483310671660E0));
#2906=CARTESIAN_POINT('',(-4.511477229208E1,3.755210630505E1,3.449878583030E0));
#2907=CARTESIAN_POINT('',(-4.511476090426E1,3.748618250833E1,3.424126754843E0));
#2908=CARTESIAN_POINT('',(-4.513985846749E1,3.741942572379E1,3.407860796538E0));
#2909=CARTESIAN_POINT('',(-4.517084572355E1,3.738143983753E1,3.405133048615E0));
#2910=CARTESIAN_POINT('',(-4.519062685497E1,3.736408820096E1,3.406085529508E0));
#2912=DIRECTION('',(0.E0,-9.314770039608E-1,-3.638002076584E-1));
#2913=VECTOR('',#2912,2.239724820011E-1);
#2914=CARTESIAN_POINT('',(-4.519062685497E1,3.786320534286E1,3.601022086284E0));
#2915=LINE('',#2914,#2913);
#2916=DIRECTION('',(-9.517311845551E-14,-9.473990486615E-1,3.200547493717E-1));
#2917=VECTOR('',#2916,2.239737692610E-1);
#2918=CARTESIAN_POINT('',(-4.519062685497E1,3.751286075822E1,
-2.983725117457E0));
#2919=LINE('',#2918,#2917);
#2920=DIRECTION('',(-2.537949825456E-13,9.473990486617E-1,-3.200547493711E-1));
#2921=VECTOR('',#2920,2.239737692632E-1);
#2922=CARTESIAN_POINT('',(-4.519062685497E1,3.723665727242E1,
-3.101521058602E0));
#2923=LINE('',#2922,#2921);
#2924=CARTESIAN_POINT('',(-4.519062685497E1,3.751286075822E1,
-2.983725117457E0));
#2925=CARTESIAN_POINT('',(-4.517097219501E1,3.753003872922E1,
-2.981977363976E0));
#2926=CARTESIAN_POINT('',(-4.514008893600E1,3.756786678751E1,
-2.982891933923E0));
#2927=CARTESIAN_POINT('',(-4.511484473019E1,3.763520738079E1,
-2.995942967928E0));
#2928=CARTESIAN_POINT('',(-4.511468902282E1,3.770227010194E1,
-3.018538588636E0));
#2929=CARTESIAN_POINT('',(-4.513975015059E1,3.776427354172E1,
-3.049112822338E0));
#2930=CARTESIAN_POINT('',(-4.517078504976E1,3.779545940263E1,
-3.071571112169E0));
#2931=CARTESIAN_POINT('',(-4.519062685497E1,3.780831815823E1,
-3.083537909378E0));
#2933=DIRECTION('',(0.E0,9.473990486615E-1,-3.200547493717E-1));
#2934=VECTOR('',#2933,2.239724820011E-1);
#2935=CARTESIAN_POINT('',(-4.519062685497E1,3.774430720835E1,
-3.273017719111E0));
#2936=LINE('',#2935,#2934);
#2937=DIRECTION('',(2.855209963610E-13,-9.473990486615E-1,3.200547493717E-1));
#2938=VECTOR('',#2937,2.239724820012E-1);
#2939=CARTESIAN_POINT('',(-4.519062685497E1,3.802050947460E1,
-3.155221365971E0));
#2940=LINE('',#2939,#2938);
#2941=CARTESIAN_POINT('',(-4.519062685497E1,3.774430720835E1,
-3.273017719111E0));
#2942=CARTESIAN_POINT('',(-4.517091364286E1,3.772693898928E1,
-3.274723696577E0));
#2943=CARTESIAN_POINT('',(-4.513998380044E1,3.768877047885E1,
-3.273712009844E0));
#2944=CARTESIAN_POINT('',(-4.511477229208E1,3.762102966438E1,
-3.260513209600E0));
#2945=CARTESIAN_POINT('',(-4.511476090426E1,3.755397615015E1,
-3.237865254765E0));
#2946=CARTESIAN_POINT('',(-4.513985846749E1,3.749238192985E1,
-3.207415267773E0));
#2947=CARTESIAN_POINT('',(-4.517084572355E1,3.746152969020E1,
-3.185087986880E0));
#2948=CARTESIAN_POINT('',(-4.519062685497E1,3.744884980834E1,
-3.173204927189E0));
#2950=VERTEX_POINT('',#1191);
#2951=VERTEX_POINT('',#1196);
#2952=VERTEX_POINT('',#1198);
#2953=CARTESIAN_POINT('',(-5.216587911303E1,2.941084846998E1,6.668993468231E0));
#2954=CARTESIAN_POINT('',(-5.216587911303E1,2.732563757351E1,
-6.668993468231E0));
#2955=VERTEX_POINT('',#2953);
#2956=VERTEX_POINT('',#2954);
#2957=VERTEX_POINT('',#2011);
#2958=VERTEX_POINT('',#2020);
#2959=VERTEX_POINT('',#2446);
#2960=VERTEX_POINT('',#2452);
#2961=VERTEX_POINT('',#1284);
#2962=VERTEX_POINT('',#1289);
#2963=VERTEX_POINT('',#1291);
#2964=VERTEX_POINT('',#2154);
#2965=VERTEX_POINT('',#2162);
#2966=CARTESIAN_POINT('',(-5.248587911303E1,2.976765122338E1,8.951271232915E0));
#2967=CARTESIAN_POINT('',(-5.256587911303E1,2.974293761275E1,8.793191387742E0));
#2968=VERTEX_POINT('',#2966);
#2969=VERTEX_POINT('',#2967);
#2970=CARTESIAN_POINT('',(-5.176587911303E1,2.982789064928E1,9.336590855524E0));
#2971=CARTESIAN_POINT('',(-5.176587911303E1,2.690859539422E1,
-9.336590855524E0));
#2972=VERTEX_POINT('',#2970);
#2973=VERTEX_POINT('',#2971);
#2974=VERTEX_POINT('',#1259);
#2975=VERTEX_POINT('',#1264);
#2976=VERTEX_POINT('',#1216);
#2977=VERTEX_POINT('',#2250);
#2978=VERTEX_POINT('',#2256);
#2979=CARTESIAN_POINT('',(-5.254113137108E1,3.766552870161E1,
-1.352288129623E0));
#2980=CARTESIAN_POINT('',(-5.254113137108E1,3.788681456891E1,
-1.386883132897E0));
#2981=VERTEX_POINT('',#2979);
#2982=VERTEX_POINT('',#2980);
#2983=CARTESIAN_POINT('',(-5.254113137108E1,2.221210514707E1,
-7.792636979159E0));
#2984=CARTESIAN_POINT('',(-5.254113137108E1,2.207150286984E1,
-7.966977658095E0));
#2985=VERTEX_POINT('',#2983);
#2986=VERTEX_POINT('',#2984);
#2987=CARTESIAN_POINT('',(-5.204587911303E1,2.691786299820E1,
-9.277310913584E0));
#2988=CARTESIAN_POINT('',(-5.196587911303E1,2.689314938758E1,
-9.435390758757E0));
#2989=VERTEX_POINT('',#2987);
#2990=VERTEX_POINT('',#2988);
#2991=VERTEX_POINT('',#1974);
#2992=CARTESIAN_POINT('',(-5.254113137108E1,3.462114299844E1,
-7.012092845924E0));
#2993=CARTESIAN_POINT('',(-5.254113137108E1,3.476842056797E1,
-7.180833969640E0));
#2994=VERTEX_POINT('',#2992);
#2995=VERTEX_POINT('',#2993);
#2996=CARTESIAN_POINT('',(-5.254113137108E1,2.499660573216E1,9.008812968986E0));
#2997=CARTESIAN_POINT('',(-5.254113137108E1,2.507728851413E1,8.799876284771E0));
#2998=VERTEX_POINT('',#2996);
#2999=VERTEX_POINT('',#2997);
#3000=CARTESIAN_POINT('',(-5.216587911303E1,2.937995645670E1,6.471393661765E0));
#3001=CARTESIAN_POINT('',(-5.256587911303E1,2.937995645670E1,6.471393661765E0));
#3002=VERTEX_POINT('',#3000);
#3003=VERTEX_POINT('',#3001);
#3004=VERTEX_POINT('',#2280);
#3005=VERTEX_POINT('',#2286);
#3006=CARTESIAN_POINT('',(-5.184587911303E1,2.980317703865E1,9.178511010351E0));
#3007=CARTESIAN_POINT('',(-5.184587911303E1,2.693330900484E1,
-9.178511010351E0));
#3008=VERTEX_POINT('',#3006);
#3009=VERTEX_POINT('',#3007);
#3010=VERTEX_POINT('',#2139);
#3011=VERTEX_POINT('',#2148);
#3012=VERTEX_POINT('',#2398);
#3013=VERTEX_POINT('',#2403);
#3014=VERTEX_POINT('',#2405);
#3015=CARTESIAN_POINT('',(-5.241587911303E1,2.688928788592E1,
-9.460090734565E0));
#3016=CARTESIAN_POINT('',(-5.241587911303E1,2.984719815758E1,9.460090734565E0));
#3017=VERTEX_POINT('',#3015);
#3018=VERTEX_POINT('',#3016);
#3019=VERTEX_POINT('',#1359);
#3020=VERTEX_POINT('',#1364);
#3021=CARTESIAN_POINT('',(-5.204587911303E1,2.981862304529E1,9.277310913584E0));
#3022=VERTEX_POINT('',#3021);
#3023=VERTEX_POINT('',#1205);
#3024=CARTESIAN_POINT('',(-5.254113137108E1,3.497349021183E1,
-7.415789518246E0));
#3025=CARTESIAN_POINT('',(-5.254113137108E1,3.512076693489E1,
-7.584529672142E0));
#3026=VERTEX_POINT('',#3024);
#3027=VERTEX_POINT('',#3025);
#3028=CARTESIAN_POINT('',(-5.196587911303E1,2.990898218414E1,9.855290347497E0));
#3029=CARTESIAN_POINT('',(-5.196587911303E1,2.682750385935E1,
-9.855290347497E0));
#3030=VERTEX_POINT('',#3028);
#3031=VERTEX_POINT('',#3029);
#3032=CARTESIAN_POINT('',(-5.254113137108E1,1.842358569334E1,
-2.055592412375E0));
#3033=CARTESIAN_POINT('',(-5.254113137108E1,1.864335731479E1,
-2.012417105764E0));
#3034=VERTEX_POINT('',#3032);
#3035=VERTEX_POINT('',#3033);
#3036=VERTEX_POINT('',#2022);
#3037=VERTEX_POINT('',#2029);
#3038=VERTEX_POINT('',#2588);
#3039=VERTEX_POINT('',#2574);
#3040=VERTEX_POINT('',#1924);
#3041=CARTESIAN_POINT('',(-5.254113137108E1,3.635961110734E1,4.940267231536E0));
#3042=CARTESIAN_POINT('',(-5.254113137108E1,3.655136315579E1,5.056005735218E0));
#3043=VERTEX_POINT('',#3041);
#3044=VERTEX_POINT('',#3042);
#3045=CARTESIAN_POINT('',(-5.254113137108E1,2.865531236310E1,
-9.614792785908E0));
#3046=CARTESIAN_POINT('',(-5.254113137108E1,2.865095590294E1,
-9.390861388885E0));
#3047=VERTEX_POINT('',#3045);
#3048=VERTEX_POINT('',#3046);
#3049=CARTESIAN_POINT('',(-5.254113137108E1,3.131444357166E1,8.921216650108E0));
#3050=VERTEX_POINT('',#3049);
#3051=VERTEX_POINT('',#2488);
#3052=VERTEX_POINT('',#2495);
#3053=VERTEX_POINT('',#2502);
#3054=VERTEX_POINT('',#2508);
#3055=VERTEX_POINT('',#2125);
#3056=CARTESIAN_POINT('',(-5.236587911303E1,2.700899443738E1,
-8.694391484509E0));
#3057=CARTESIAN_POINT('',(-5.236587911303E1,2.972749160611E1,8.694391484509E0));
#3058=VERTEX_POINT('',#3056);
#3059=VERTEX_POINT('',#3057);
#3060=CARTESIAN_POINT('',(-5.254113137108E1,3.461774120558E1,
-7.312347199969E0));
#3061=VERTEX_POINT('',#3060);
#3062=VERTEX_POINT('',#1334);
#3063=VERTEX_POINT('',#1341);
#3064=VERTEX_POINT('',#1152);
#3065=VERTEX_POINT('',#1161);
#3066=CARTESIAN_POINT('',(-5.256587911303E1,2.735652958679E1,
-6.471393661765E0));
#3067=VERTEX_POINT('',#3066);
#3068=CARTESIAN_POINT('',(-5.248587911303E1,2.696883482011E1,
-8.951271232915E0));
#3069=VERTEX_POINT('',#3068);
#3070=CARTESIAN_POINT('',(-5.241587911303E1,2.682750385935E1,
-9.855290347497E0));
#3071=VERTEX_POINT('',#3070);
#3072=CARTESIAN_POINT('',(-5.254113137108E1,1.894936961057E1,
-1.952299358939E0));
#3073=VERTEX_POINT('',#3072);
#3074=VERTEX_POINT('',#2262);
#3075=VERTEX_POINT('',#2269);
#3076=CARTESIAN_POINT('',(-5.254113137108E1,2.845099373973E1,
-9.394751541002E0));
#3077=CARTESIAN_POINT('',(-5.254113137108E1,2.845535019989E1,
-9.618682938023E0));
#3078=VERTEX_POINT('',#3076);
#3079=VERTEX_POINT('',#3077);
#3080=VERTEX_POINT('',#1997);
#3081=VERTEX_POINT('',#2002);
#3082=CARTESIAN_POINT('',(-5.196587911303E1,2.984333665592E1,9.435390758757E0));
#3083=VERTEX_POINT('',#3082);
#3084=CARTESIAN_POINT('',(-5.256587911303E1,2.699354843074E1,
-8.793191387742E0));
#3085=VERTEX_POINT('',#3084);
#3086=VERTEX_POINT('',#2123);
#3087=CARTESIAN_POINT('',(-5.254113137108E1,1.952549631441E1,4.992744757656E0));
#3088=VERTEX_POINT('',#3087);
#3089=VERTEX_POINT('',#2328);
#3090=CARTESIAN_POINT('',(-5.228587911303E1,2.698428082675E1,
-8.852471329682E0));
#3091=VERTEX_POINT('',#3090);
#3092=VERTEX_POINT('',#2532);
#3093=VERTEX_POINT('',#2562);
#3094=VERTEX_POINT('',#1150);
#3095=VERTEX_POINT('',#2174);
#3096=CARTESIAN_POINT('',(-5.228587911303E1,2.975220521674E1,8.852471329682E0));
#3097=VERTEX_POINT('',#3096);
#3098=CARTESIAN_POINT('',(-5.241587911303E1,2.692017989920E1,
-9.262490928099E0));
#3099=CARTESIAN_POINT('',(-5.241587911303E1,2.981630614430E1,9.262490928099E0));
#3100=VERTEX_POINT('',#3098);
#3101=VERTEX_POINT('',#3099);
#3102=VERTEX_POINT('',#2097);
#3103=VERTEX_POINT('',#2102);
#3104=VERTEX_POINT('',#1163);
#3105=CARTESIAN_POINT('',(-5.216587911303E1,2.735652958679E1,
-6.471393661765E0));
#3106=VERTEX_POINT('',#3105);
#3107=VERTEX_POINT('',#2095);
#3108=CARTESIAN_POINT('',(-5.241587911303E1,2.993987419742E1,1.005289015396E1));
#3109=VERTEX_POINT('',#3108);
#3110=VERTEX_POINT('',#2292);
#3111=VERTEX_POINT('',#2297);
#3112=VERTEX_POINT('',#2476);
#3113=VERTEX_POINT('',#1223);
#3114=CARTESIAN_POINT('',(-5.236587911303E1,2.732563757351E1,
-6.668993468231E0));
#3115=VERTEX_POINT('',#3114);
#3116=VERTEX_POINT('',#1234);
#3117=VERTEX_POINT('',#1892);
#3118=VERTEX_POINT('',#1898);
#3119=VERTEX_POINT('',#2458);
#3120=CARTESIAN_POINT('',(-5.236587911303E1,2.941084846998E1,6.668993468231E0));
#3121=VERTEX_POINT('',#3120);
#3122=VERTEX_POINT('',#2544);
#3123=CARTESIAN_POINT('',(-5.241587911303E1,2.679661184607E1,
-1.005289015396E1));
#3124=VERTEX_POINT('',#3123);
#3125=VERTEX_POINT('',#1976);
#3126=VERTEX_POINT('',#2334);
#3127=VERTEX_POINT('',#2202);
#3128=VERTEX_POINT('',#1309);
#3129=VERTEX_POINT('',#2061);
#3130=VERTEX_POINT('',#2514);
#3131=VERTEX_POINT('',#2072);
#3132=CARTESIAN_POINT('',(-5.241587911303E1,2.990898218414E1,9.855290347497E0));
#3133=VERTEX_POINT('',#3132);
#3134=VERTEX_POINT('',#2047);
#3135=VERTEX_POINT('',#2232);
#3136=VERTEX_POINT('',#1930);
#3137=VERTEX_POINT('',#2428);
#3138=VERTEX_POINT('',#2364);
#3139=CARTESIAN_POINT('',(-5.286587911303E1,2.836824302175E1,-1.0175E1));
#3140=CARTESIAN_POINT('',(-5.286587911303E1,2.836824302175E1,1.0175E1));
#3141=VERTEX_POINT('',#3139);
#3142=VERTEX_POINT('',#3140);
#3143=CARTESIAN_POINT('',(-5.216587911303E1,2.836824302175E1,1.0475E1));
#3144=CARTESIAN_POINT('',(-5.176587911303E1,2.836824302175E1,1.0475E1));
#3145=VERTEX_POINT('',#3143);
#3146=VERTEX_POINT('',#3144);
#3147=CARTESIAN_POINT('',(-5.216587911303E1,2.836824302175E1,-1.0475E1));
#3148=VERTEX_POINT('',#3147);
#3149=CARTESIAN_POINT('',(-4.486587911303E1,2.836824302175E1,1.0175E1));
#3150=CARTESIAN_POINT('',(-4.486587911303E1,2.836824302175E1,-1.0175E1));
#3151=VERTEX_POINT('',#3149);
#3152=VERTEX_POINT('',#3150);
#3153=CARTESIAN_POINT('',(-4.543105496445E1,2.836824302175E1,
-1.191028413978E1));
#3154=CARTESIAN_POINT('',(-4.543105496445E1,2.836824302175E1,1.191028413978E1));
#3155=VERTEX_POINT('',#3153);
#3156=VERTEX_POINT('',#3154);
#3157=CARTESIAN_POINT('',(-5.176587911303E1,2.836824302175E1,-1.0475E1));
#3158=VERTEX_POINT('',#3157);
#3159=CARTESIAN_POINT('',(-4.556587911303E1,2.836824302175E1,1.0475E1));
#3160=CARTESIAN_POINT('',(-4.513743471100E1,2.836824302175E1,1.0175E1));
#3161=VERTEX_POINT('',#3159);
#3162=VERTEX_POINT('',#3160);
#3163=CARTESIAN_POINT('',(-4.764604305847E1,2.836824302175E1,-9.5E0));
#3164=CARTESIAN_POINT('',(-4.764604305847E1,2.836824302175E1,9.5E0));
#3165=VERTEX_POINT('',#3163);
#3166=VERTEX_POINT('',#3164);
#3167=CARTESIAN_POINT('',(-5.196587911303E1,2.836824302175E1,-1.2E1));
#3168=CARTESIAN_POINT('',(-5.230070326160E1,2.836824302175E1,
-1.191028413978E1));
#3169=VERTEX_POINT('',#3167);
#3170=VERTEX_POINT('',#3168);
#3171=CARTESIAN_POINT('',(-4.494528987751E1,2.836824302175E1,
-1.153754347875E1));
#3172=VERTEX_POINT('',#3171);
#3173=CARTESIAN_POINT('',(-4.576587911303E1,2.836824302175E1,-1.2E1));
#3174=CARTESIAN_POINT('',(-4.576587911303E1,2.836824302175E1,1.2E1));
#3175=VERTEX_POINT('',#3173);
#3176=VERTEX_POINT('',#3174);
#3177=CARTESIAN_POINT('',(-5.230070326160E1,2.836824302175E1,1.191028413978E1));
#3178=VERTEX_POINT('',#3177);
#3179=CARTESIAN_POINT('',(-5.259432351505E1,2.836824302175E1,-1.0175E1));
#3180=VERTEX_POINT('',#3179);
#3181=CARTESIAN_POINT('',(-5.008571516758E1,2.836824302175E1,-9.5E0));
#3182=CARTESIAN_POINT('',(-5.008571516758E1,2.836824302175E1,9.5E0));
#3183=VERTEX_POINT('',#3181);
#3184=VERTEX_POINT('',#3182);
#3185=CARTESIAN_POINT('',(-5.259432351505E1,2.836824302175E1,1.0175E1));
#3186=VERTEX_POINT('',#3185);
#3187=CARTESIAN_POINT('',(-4.486587911303E1,2.836824302175E1,-1.14E1));
#3188=VERTEX_POINT('',#3187);
#3189=CARTESIAN_POINT('',(-5.278646834854E1,2.836824302175E1,1.153754347875E1));
#3190=CARTESIAN_POINT('',(-5.286587911303E1,2.836824302175E1,1.14E1));
#3191=VERTEX_POINT('',#3189);
#3192=VERTEX_POINT('',#3190);
#3193=CARTESIAN_POINT('',(-4.494528987751E1,2.836824302175E1,1.153754347875E1));
#3194=VERTEX_POINT('',#3193);
#3195=CARTESIAN_POINT('',(-4.596587911303E1,2.836824302175E1,1.0475E1));
#3196=VERTEX_POINT('',#3195);
#3197=CARTESIAN_POINT('',(-5.196587911303E1,2.836824302175E1,1.2E1));
#3198=VERTEX_POINT('',#3197);
#3199=CARTESIAN_POINT('',(-5.278646834854E1,2.836824302175E1,
-1.153754347875E1));
#3200=VERTEX_POINT('',#3199);
#3201=CARTESIAN_POINT('',(-4.486587911303E1,2.836824302175E1,1.14E1));
#3202=VERTEX_POINT('',#3201);
#3203=CARTESIAN_POINT('',(-4.513743471100E1,2.836824302175E1,-1.0175E1));
#3204=VERTEX_POINT('',#3203);
#3205=CARTESIAN_POINT('',(-4.556587911303E1,2.836824302175E1,-1.0475E1));
#3206=VERTEX_POINT('',#3205);
#3207=CARTESIAN_POINT('',(-5.286587911303E1,2.836824302175E1,-1.14E1));
#3208=VERTEX_POINT('',#3207);
#3209=CARTESIAN_POINT('',(-4.596587911303E1,2.836824302175E1,-1.0475E1));
#3210=VERTEX_POINT('',#3209);
#3211=CARTESIAN_POINT('',(-5.176587911303E1,2.836824302175E1,-9.5E0));
#3212=CARTESIAN_POINT('',(-5.176587911303E1,2.836824302175E1,9.5E0));
#3213=VERTEX_POINT('',#3211);
#3214=VERTEX_POINT('',#3212);
#3215=CARTESIAN_POINT('',(-5.176587911303E1,2.993987419742E1,1.005289015396E1));
#3216=CARTESIAN_POINT('',(-5.176587911303E1,2.679661184607E1,
-1.005289015396E1));
#3217=VERTEX_POINT('',#3215);
#3218=VERTEX_POINT('',#3216);
#3219=CARTESIAN_POINT('',(-4.556587911303E1,2.260271342968E1,
-3.510152207950E0));
#3220=CARTESIAN_POINT('',(-4.556587911303E1,3.413377261382E1,3.510152207950E0));
#3221=VERTEX_POINT('',#3219);
#3222=VERTEX_POINT('',#3220);
#3223=VERTEX_POINT('',#725);
#3224=VERTEX_POINT('',#734);
#3225=VERTEX_POINT('',#2852);
#3226=VERTEX_POINT('',#2859);
#3227=VERTEX_POINT('',#2649);
#3228=VERTEX_POINT('',#2658);
#3229=CARTESIAN_POINT('',(-4.524587911303E1,2.062962108039E1,
-4.711404296893E0));
#3230=CARTESIAN_POINT('',(-4.516587911303E1,2.076628548554E1,-4.628200689E0));
#3231=VERTEX_POINT('',#3229);
#3232=VERTEX_POINT('',#3230);
#3233=CARTESIAN_POINT('',(-4.596587911303E1,2.029650159285E1,
-4.914213091130E0));
#3234=CARTESIAN_POINT('',(-4.596587911303E1,3.643998445064E1,4.914213091130E0));
#3235=VERTEX_POINT('',#3233);
#3236=VERTEX_POINT('',#3234);
#3237=VERTEX_POINT('',#2722);
#3238=VERTEX_POINT('',#2729);
#3239=CARTESIAN_POINT('',(-4.519062685497E1,3.316822317010E1,
-8.076409770057E0));
#3240=CARTESIAN_POINT('',(-4.519062685497E1,3.328469458057E1,
-8.267717532210E0));
#3241=VERTEX_POINT('',#3239);
#3242=VERTEX_POINT('',#3240);
#3243=CARTESIAN_POINT('',(-4.519062685497E1,3.321967270696E1,8.665267141316E0));
#3244=CARTESIAN_POINT('',(-4.519062685497E1,3.332711376619E1,8.861787093197E0));
#3245=VERTEX_POINT('',#3243);
#3246=VERTEX_POINT('',#3244);
#3247=CARTESIAN_POINT('',(-4.568587911303E1,3.638873529871E1,4.883011738170E0));
#3248=CARTESIAN_POINT('',(-4.576587911303E1,3.652539970386E1,4.966215346062E0));
#3249=VERTEX_POINT('',#3247);
#3250=VERTEX_POINT('',#3248);
#3251=VERTEX_POINT('',#692);
#3252=CARTESIAN_POINT('',(-4.519062685497E1,3.723665727242E1,
-3.101521058602E0));
#3253=CARTESIAN_POINT('',(-4.519062685497E1,3.744884980834E1,
-3.173204927189E0));
#3254=VERTEX_POINT('',#3252);
#3255=VERTEX_POINT('',#3253);
#3256=CARTESIAN_POINT('',(-4.519062685497E1,1.875461912256E1,
-3.238589935585E-1));
#3257=CARTESIAN_POINT('',(-4.519062685497E1,1.897853220976E1,
-3.186456743498E-1));
#3258=VERTEX_POINT('',#3256);
#3259=VERTEX_POINT('',#3257);
#3260=CARTESIAN_POINT('',(-4.556587911303E1,2.277354393611E1,
-3.406147698085E0));
#3261=CARTESIAN_POINT('',(-4.516587911303E1,2.277354393611E1,
-3.406147698085E0));
#3262=VERTEX_POINT('',#3260);
#3263=VERTEX_POINT('',#3261);
#3264=VERTEX_POINT('',#2739);
#3265=VERTEX_POINT('',#2746);
#3266=CARTESIAN_POINT('',(-4.588587911303E1,2.043316599799E1,
-4.831009483238E0));
#3267=CARTESIAN_POINT('',(-4.588587911303E1,3.630332004550E1,4.831009483238E0));
#3268=VERTEX_POINT('',#3266);
#3269=VERTEX_POINT('',#3267);
#3270=VERTEX_POINT('',#830);
#3271=VERTEX_POINT('',#839);
#3272=CARTESIAN_POINT('',(-4.531587911303E1,3.654675351716E1,4.979215909795E0));
#3273=CARTESIAN_POINT('',(-4.531587911303E1,2.018973252633E1,
-4.979215909795E0));
#3274=VERTEX_POINT('',#3272);
#3275=VERTEX_POINT('',#3273);
#3276=CARTESIAN_POINT('',(-4.568587911303E1,2.034775074478E1,
-4.883011738170E0));
#3277=VERTEX_POINT('',#3276);
#3278=VERTEX_POINT('',#526);
#3279=VERTEX_POINT('',#535);
#3280=CARTESIAN_POINT('',(-4.519062685497E1,3.774430720835E1,
-3.273017719111E0));
#3281=CARTESIAN_POINT('',(-4.519062685497E1,3.795649852473E1,
-3.344701175704E0));
#3282=VERTEX_POINT('',#3280);
#3283=VERTEX_POINT('',#3281);
#3284=CARTESIAN_POINT('',(-4.576587911303E1,1.984807151347E1,
-5.187224929526E0));
#3285=CARTESIAN_POINT('',(-4.576587911303E1,3.688841453003E1,5.187224929526E0));
#3286=VERTEX_POINT('',#3284);
#3287=VERTEX_POINT('',#3285);
#3288=CARTESIAN_POINT('',(-4.519062685497E1,2.647071145648E1,9.976023431410E0));
#3289=CARTESIAN_POINT('',(-4.519062685497E1,2.651472742023E1,9.756418632671E0));
#3290=VERTEX_POINT('',#3288);
#3291=VERTEX_POINT('',#3289);
#3292=VERTEX_POINT('',#251);
#3293=VERTEX_POINT('',#236);
#3294=VERTEX_POINT('',#2812);
#3295=CARTESIAN_POINT('',(-4.519062685497E1,2.685382501053E1,
-9.272256590806E0));
#3296=CARTESIAN_POINT('',(-4.519062685497E1,2.682007702816E1,
-9.493673218465E0));
#3297=VERTEX_POINT('',#3295);
#3298=VERTEX_POINT('',#3296);
#3299=CARTESIAN_POINT('',(-4.519062685497E1,3.736408820096E1,3.406085529508E0));
#3300=CARTESIAN_POINT('',(-4.519062685497E1,3.715546178540E1,3.324603825740E0));
#3301=VERTEX_POINT('',#3299);
#3302=VERTEX_POINT('',#3300);
#3303=CARTESIAN_POINT('',(-4.519062685497E1,2.124803986929E1,
-6.129511503066E0));
#3304=VERTEX_POINT('',#3303);
#3305=VERTEX_POINT('',#2822);
#3306=VERTEX_POINT('',#2829);
#3307=CARTESIAN_POINT('',(-4.536587911303E1,3.588478530474E1,4.576198434068E0));
#3308=CARTESIAN_POINT('',(-4.536587911303E1,2.085170073875E1,
-4.576198434068E0));
#3309=VERTEX_POINT('',#3307);
#3310=VERTEX_POINT('',#3308);
#3311=CARTESIAN_POINT('',(-4.519062685497E1,3.751286075822E1,
-2.983725117457E0));
#3312=CARTESIAN_POINT('',(-4.519062685497E1,3.730066822229E1,
-2.912041248870E0));
#3313=VERTEX_POINT('',#3311);
#3314=VERTEX_POINT('',#3312);
#3315=VERTEX_POINT('',#484);
#3316=VERTEX_POINT('',#493);
#3317=CARTESIAN_POINT('',(-4.516587911303E1,3.396294210738E1,3.406147698085E0));
#3318=VERTEX_POINT('',#3317);
#3319=CARTESIAN_POINT('',(-4.524587911303E1,3.610686496310E1,4.711404296893E0));
#3320=VERTEX_POINT('',#3319);
#3321=CARTESIAN_POINT('',(-4.531587911303E1,3.688841453003E1,5.187224929526E0));
#3322=VERTEX_POINT('',#3321);
#3323=CARTESIAN_POINT('',(-4.519062685497E1,2.657601570681E1,9.450638622564E0));
#3324=CARTESIAN_POINT('',(-4.519062685497E1,2.662003192353E1,9.231032561668E0));
#3325=VERTEX_POINT('',#3323);
#3326=VERTEX_POINT('',#3324);
#3327=VERTEX_POINT('',#589);
#3328=CARTESIAN_POINT('',(-4.519062685497E1,3.708270174387E1,3.510899226533E0));
#3329=CARTESIAN_POINT('',(-4.519062685497E1,3.729132815943E1,3.592380930301E0));
#3330=VERTEX_POINT('',#3328);
#3331=VERTEX_POINT('',#3329);
#3332=CARTESIAN_POINT('',(-4.576587911303E1,2.021108633963E1,
-4.966215346062E0));
#3333=VERTEX_POINT('',#3332);
#3334=CARTESIAN_POINT('',(-4.516587911303E1,3.597020055796E1,4.628200689E0));
#3335=VERTEX_POINT('',#3334);
#3336=VERTEX_POINT('',#818);
#3337=CARTESIAN_POINT('',(-4.519062685497E1,2.055210615404E1,6.126273670541E0));
#3338=CARTESIAN_POINT('',(-4.519062685497E1,2.037722872595E1,6.266207790174E0));
#3339=VERTEX_POINT('',#3337);
#3340=VERTEX_POINT('',#3338);
#3341=VERTEX_POINT('',#2931);
#3342=CARTESIAN_POINT('',(-4.544587911303E1,3.602144970989E1,4.659402041960E0));
#3343=VERTEX_POINT('',#3342);
#3344=VERTEX_POINT('',#2839);
#3345=VERTEX_POINT('',#223);
#3346=VERTEX_POINT('',#482);
#3347=VERTEX_POINT('',#2671);
#3348=CARTESIAN_POINT('',(-4.544587911303E1,2.071503633361E1,
-4.659402041960E0));
#3349=VERTEX_POINT('',#3348);
#3350=CARTESIAN_POINT('',(-4.531587911303E1,3.637592301073E1,4.875211399930E0));
#3351=CARTESIAN_POINT('',(-4.531587911303E1,2.036056303276E1,
-4.875211399930E0));
#3352=VERTEX_POINT('',#3350);
#3353=VERTEX_POINT('',#3351);
#3354=CARTESIAN_POINT('',(-4.556587911303E1,3.396294210738E1,3.406147698085E0));
#3355=VERTEX_POINT('',#3354);
#3356=VERTEX_POINT('',#788);
#3357=VERTEX_POINT('',#797);
#3358=VERTEX_POINT('',#505);
#3359=CARTESIAN_POINT('',(-4.531587911303E1,1.967724100703E1,
-5.291229439391E0));
#3360=VERTEX_POINT('',#3359);
#3361=VERTEX_POINT('',#2869);
#3362=VERTEX_POINT('',#2876);
#3363=VERTEX_POINT('',#547);
#3364=VERTEX_POINT('',#556);
#3365=CARTESIAN_POINT('',(-4.536587911303E1,3.413377261382E1,3.510152207950E0));
#3366=VERTEX_POINT('',#3365);
#3367=CARTESIAN_POINT('',(-4.519062685497E1,3.802050947460E1,
-3.155221365971E0));
#3368=VERTEX_POINT('',#3367);
#3369=CARTESIAN_POINT('',(-4.519062685497E1,3.765458012635E1,3.519540850823E0));
#3370=VERTEX_POINT('',#3369);
#3371=VERTEX_POINT('',#568);
#3372=VERTEX_POINT('',#2777);
#3373=VERTEX_POINT('',#2784);
#3374=VERTEX_POINT('',#619);
#3375=CARTESIAN_POINT('',(-4.536587911303E1,2.260271342968E1,
-3.510152207950E0));
#3376=VERTEX_POINT('',#3375);
#3377=CARTESIAN_POINT('',(-4.531587911303E1,3.705924503646E1,5.291229439391E0));
#3378=VERTEX_POINT('',#3377);
#3379=VERTEX_POINT('',#694);
#3380=VERTEX_POINT('',#2756);
#3381=CARTESIAN_POINT('',(-4.519062685497E1,3.758182008482E1,3.705836251615E0));
#3382=VERTEX_POINT('',#3381);
#3383=VERTEX_POINT('',#767);
#3384=CARTESIAN_POINT('',(-4.531587911303E1,1.984807151347E1,
-5.187224929526E0));
#3385=VERTEX_POINT('',#3384);
#3386=VERTEX_POINT('',#704);
#3387=CARTESIAN_POINT('',(-4.596587911303E1,2.836824302175E1,-9.5E0));
#3388=CARTESIAN_POINT('',(-4.596587911303E1,2.836824302175E1,9.5E0));
#3389=VERTEX_POINT('',#3387);
#3390=VERTEX_POINT('',#3388);
#3391=CARTESIAN_POINT('',(-4.596587911303E1,1.967724100703E1,
-5.291229439391E0));
#3392=CARTESIAN_POINT('',(-4.596587911303E1,3.705924503646E1,5.291229439391E0));
#3393=VERTEX_POINT('',#3391);
#3394=VERTEX_POINT('',#3392);
#3395=CARTESIAN_POINT('',(-4.519062685497E1,2.307649355981E1,8.691856167244E0));
#3396=DIRECTION('',(0.E0,5.200225493259E-1,-8.541525321584E-1));
#3397=DIRECTION('',(0.E0,8.541525321584E-1,5.200225493259E-1));
#3398=AXIS2_PLACEMENT_3D('',#3395,#3396,#3397);
#3399=CYLINDRICAL_SURFACE('',#3398,1.E-1);
#3401=ORIENTED_EDGE('',*,*,#3400,.F.);
#3403=ORIENTED_EDGE('',*,*,#3402,.F.);
#3405=ORIENTED_EDGE('',*,*,#3404,.F.);
#3407=ORIENTED_EDGE('',*,*,#3406,.F.);
#3408=EDGE_LOOP('',(#3401,#3403,#3405,#3407));
#3409=FACE_OUTER_BOUND('',#3408,.F.);
#3410=ADVANCED_FACE('',(#3409),#3399,.F.);
#3411=CARTESIAN_POINT('',(-4.555412231801E1,2.304890312716E1,8.675058643871E0));
#3412=DIRECTION('',(-3.420201433257E-1,8.026408314948E-1,4.886613522438E-1));
#3413=DIRECTION('',(9.396926207859E-1,2.921373714708E-1,1.778581868530E-1));
#3414=AXIS2_PLACEMENT_3D('',#3411,#3412,#3413);
#3415=PLANE('',#3414);
#3417=ORIENTED_EDGE('',*,*,#3416,.T.);
#3419=ORIENTED_EDGE('',*,*,#3418,.F.);
#3420=ORIENTED_EDGE('',*,*,#3400,.T.);
#3422=ORIENTED_EDGE('',*,*,#3421,.T.);
#3423=EDGE_LOOP('',(#3417,#3419,#3420,#3422));
#3424=FACE_OUTER_BOUND('',#3423,.F.);
#3425=ADVANCED_FACE('',(#3424),#3415,.F.);
#3426=CARTESIAN_POINT('',(-4.519062685497E1,2.307649355981E1,8.691856167244E0));
#3427=DIRECTION('',(0.E0,5.200225493259E-1,-8.541525321584E-1));
#3428=DIRECTION('',(0.E0,8.541525321584E-1,5.200225493259E-1));
#3429=AXIS2_PLACEMENT_3D('',#3426,#3427,#3428);
#3430=CYLINDRICAL_SURFACE('',#3429,1.E-1);
#3432=ORIENTED_EDGE('',*,*,#3431,.F.);
#3434=ORIENTED_EDGE('',*,*,#3433,.F.);
#3435=ORIENTED_EDGE('',*,*,#3416,.F.);
#3437=ORIENTED_EDGE('',*,*,#3436,.T.);
#3438=EDGE_LOOP('',(#3432,#3434,#3435,#3437));
#3439=FACE_OUTER_BOUND('',#3438,.F.);
#3440=ADVANCED_FACE('',(#3439),#3430,.F.);
#3441=CARTESIAN_POINT('',(-4.555412231801E1,2.310408399245E1,8.708653690616E0));
#3442=DIRECTION('',(-3.420201433257E-1,-8.026408314948E-1,-4.886613522438E-1));
#3443=DIRECTION('',(-9.396926207859E-1,2.921373714708E-1,1.778581868530E-1));
#3444=AXIS2_PLACEMENT_3D('',#3441,#3442,#3443);
#3445=PLANE('',#3444);
#3446=ORIENTED_EDGE('',*,*,#3404,.T.);
#3448=ORIENTED_EDGE('',*,*,#3447,.F.);
#3449=ORIENTED_EDGE('',*,*,#3431,.T.);
#3451=ORIENTED_EDGE('',*,*,#3450,.T.);
#3452=EDGE_LOOP('',(#3446,#3448,#3449,#3451));
#3453=FACE_OUTER_BOUND('',#3452,.F.);
#3454=ADVANCED_FACE('',(#3453),#3445,.F.);
#3455=CARTESIAN_POINT('',(-4.531587911303E1,2.836824302175E1,0.E0));
#3456=DIRECTION('',(-1.E0,0.E0,0.E0));
#3457=DIRECTION('',(0.E0,8.541525321584E-1,5.200225493259E-1));
#3458=AXIS2_PLACEMENT_3D('',#3455,#3456,#3457);
#3459=TOROIDAL_SURFACE('',#3458,9.775E0,2.E-1);
#3461=ORIENTED_EDGE('',*,*,#3460,.F.);
#3463=ORIENTED_EDGE('',*,*,#3462,.F.);
#3465=ORIENTED_EDGE('',*,*,#3464,.T.);
#3467=ORIENTED_EDGE('',*,*,#3466,.T.);
#3468=EDGE_LOOP('',(#3461,#3463,#3465,#3467));
#3469=FACE_OUTER_BOUND('',#3468,.F.);
#3471=ORIENTED_EDGE('',*,*,#3470,.T.);
#3473=ORIENTED_EDGE('',*,*,#3472,.T.);
#3475=ORIENTED_EDGE('',*,*,#3474,.T.);
#3477=ORIENTED_EDGE('',*,*,#3476,.T.);
#3478=EDGE_LOOP('',(#3471,#3473,#3475,#3477));
#3479=FACE_BOUND('',#3478,.F.);
#3481=ORIENTED_EDGE('',*,*,#3480,.T.);
#3483=ORIENTED_EDGE('',*,*,#3482,.T.);
#3485=ORIENTED_EDGE('',*,*,#3484,.T.);
#3487=ORIENTED_EDGE('',*,*,#3486,.T.);
#3488=EDGE_LOOP('',(#3481,#3483,#3485,#3487));
#3489=FACE_BOUND('',#3488,.F.);
#3491=ORIENTED_EDGE('',*,*,#3490,.T.);
#3493=ORIENTED_EDGE('',*,*,#3492,.T.);
#3495=ORIENTED_EDGE('',*,*,#3494,.T.);
#3497=ORIENTED_EDGE('',*,*,#3496,.T.);
#3498=EDGE_LOOP('',(#3491,#3493,#3495,#3497));
#3499=FACE_BOUND('',#3498,.F.);
#3501=ORIENTED_EDGE('',*,*,#3500,.T.);
#3503=ORIENTED_EDGE('',*,*,#3502,.T.);
#3505=ORIENTED_EDGE('',*,*,#3504,.T.);
#3507=ORIENTED_EDGE('',*,*,#3506,.T.);
#3508=EDGE_LOOP('',(#3501,#3503,#3505,#3507));
#3509=FACE_BOUND('',#3508,.F.);
#3510=ORIENTED_EDGE('',*,*,#3418,.T.);
#3511=ORIENTED_EDGE('',*,*,#3433,.T.);
#3512=ORIENTED_EDGE('',*,*,#3447,.T.);
#3513=ORIENTED_EDGE('',*,*,#3402,.T.);
#3514=EDGE_LOOP('',(#3510,#3511,#3512,#3513));
#3515=FACE_BOUND('',#3514,.F.);
#3516=ADVANCED_FACE('',(#3469,#3479,#3489,#3499,#3509,#3515),#3459,.F.);
#3517=CARTESIAN_POINT('',(-4.531587911303E1,2.836824302175E1,0.E0));
#3518=DIRECTION('',(-1.E0,0.E0,0.E0));
#3519=DIRECTION('',(0.E0,8.541525321584E-1,5.200225493259E-1));
#3520=AXIS2_PLACEMENT_3D('',#3517,#3518,#3519);
#3521=TOROIDAL_SURFACE('',#3520,9.775E0,2.E-1);
#3523=ORIENTED_EDGE('',*,*,#3522,.T.);
#3524=ORIENTED_EDGE('',*,*,#3464,.F.);
#3526=ORIENTED_EDGE('',*,*,#3525,.F.);
#3527=ORIENTED_EDGE('',*,*,#3460,.T.);
#3528=EDGE_LOOP('',(#3523,#3524,#3526,#3527));
#3529=FACE_OUTER_BOUND('',#3528,.F.);
#3531=ORIENTED_EDGE('',*,*,#3530,.T.);
#3533=ORIENTED_EDGE('',*,*,#3532,.T.);
#3535=ORIENTED_EDGE('',*,*,#3534,.T.);
#3537=ORIENTED_EDGE('',*,*,#3536,.T.);
#3538=EDGE_LOOP('',(#3531,#3533,#3535,#3537));
#3539=FACE_BOUND('',#3538,.F.);
#3541=ORIENTED_EDGE('',*,*,#3540,.T.);
#3543=ORIENTED_EDGE('',*,*,#3542,.T.);
#3545=ORIENTED_EDGE('',*,*,#3544,.T.);
#3547=ORIENTED_EDGE('',*,*,#3546,.T.);
#3548=EDGE_LOOP('',(#3541,#3543,#3545,#3547));
#3549=FACE_BOUND('',#3548,.F.);
#3551=ORIENTED_EDGE('',*,*,#3550,.T.);
#3553=ORIENTED_EDGE('',*,*,#3552,.T.);
#3555=ORIENTED_EDGE('',*,*,#3554,.T.);
#3557=ORIENTED_EDGE('',*,*,#3556,.T.);
#3558=EDGE_LOOP('',(#3551,#3553,#3555,#3557));
#3559=FACE_BOUND('',#3558,.F.);
#3561=ORIENTED_EDGE('',*,*,#3560,.T.);
#3563=ORIENTED_EDGE('',*,*,#3562,.T.);
#3565=ORIENTED_EDGE('',*,*,#3564,.T.);
#3567=ORIENTED_EDGE('',*,*,#3566,.T.);
#3568=EDGE_LOOP('',(#3561,#3563,#3565,#3567));
#3569=FACE_BOUND('',#3568,.F.);
#3570=ADVANCED_FACE('',(#3529,#3539,#3549,#3559,#3569),#3521,.F.);
#3571=CARTESIAN_POINT('',(-4.531587911303E1,2.836824302175E1,0.E0));
#3572=DIRECTION('',(1.E0,0.E0,0.E0));
#3573=DIRECTION('',(0.E0,-8.541525321584E-1,-5.200225493259E-1));
#3574=AXIS2_PLACEMENT_3D('',#3571,#3572,#3573);
#3575=PLANE('',#3574);
#3576=ORIENTED_EDGE('',*,*,#3466,.F.);
#3577=ORIENTED_EDGE('',*,*,#3522,.F.);
#3578=EDGE_LOOP('',(#3576,#3577));
#3579=FACE_OUTER_BOUND('',#3578,.F.);
#3581=ORIENTED_EDGE('',*,*,#3580,.F.);
#3583=ORIENTED_EDGE('',*,*,#3582,.F.);
#3584=EDGE_LOOP('',(#3581,#3583));
#3585=FACE_BOUND('',#3584,.F.);
#3586=ADVANCED_FACE('',(#3579,#3585),#3575,.F.);
#3587=CARTESIAN_POINT('',(-4.531587911303E1,2.836824302175E1,0.E0));
#3588=DIRECTION('',(-1.E0,0.E0,0.E0));
#3589=DIRECTION('',(0.E0,8.541525321584E-1,5.200225493259E-1));
#3590=AXIS2_PLACEMENT_3D('',#3587,#3588,#3589);
#3591=TOROIDAL_SURFACE('',#3590,9.775E0,4.E-1);
#3592=ORIENTED_EDGE('',*,*,#3580,.T.);
#3594=ORIENTED_EDGE('',*,*,#3593,.F.);
#3596=ORIENTED_EDGE('',*,*,#3595,.F.);
#3598=ORIENTED_EDGE('',*,*,#3597,.T.);
#3599=EDGE_LOOP('',(#3592,#3594,#3596,#3598));
#3600=FACE_OUTER_BOUND('',#3599,.F.);
#3601=ORIENTED_EDGE('',*,*,#3406,.T.);
#3602=ORIENTED_EDGE('',*,*,#3450,.F.);
#3603=ORIENTED_EDGE('',*,*,#3436,.F.);
#3604=ORIENTED_EDGE('',*,*,#3421,.F.);
#3605=EDGE_LOOP('',(#3601,#3602,#3603,#3604));
#3606=FACE_BOUND('',#3605,.F.);
#3608=ORIENTED_EDGE('',*,*,#3607,.F.);
#3610=ORIENTED_EDGE('',*,*,#3609,.F.);
#3612=ORIENTED_EDGE('',*,*,#3611,.T.);
#3614=ORIENTED_EDGE('',*,*,#3613,.F.);
#3615=EDGE_LOOP('',(#3608,#3610,#3612,#3614));
#3616=FACE_BOUND('',#3615,.F.);
#3618=ORIENTED_EDGE('',*,*,#3617,.T.);
#3620=ORIENTED_EDGE('',*,*,#3619,.F.);
#3622=ORIENTED_EDGE('',*,*,#3621,.T.);
#3624=ORIENTED_EDGE('',*,*,#3623,.F.);
#3625=EDGE_LOOP('',(#3618,#3620,#3622,#3624));
#3626=FACE_BOUND('',#3625,.F.);
#3628=ORIENTED_EDGE('',*,*,#3627,.T.);
#3630=ORIENTED_EDGE('',*,*,#3629,.F.);
#3632=ORIENTED_EDGE('',*,*,#3631,.T.);
#3634=ORIENTED_EDGE('',*,*,#3633,.F.);
#3635=EDGE_LOOP('',(#3628,#3630,#3632,#3634));
#3636=FACE_BOUND('',#3635,.F.);
#3638=ORIENTED_EDGE('',*,*,#3637,.T.);
#3640=ORIENTED_EDGE('',*,*,#3639,.F.);
#3642=ORIENTED_EDGE('',*,*,#3641,.T.);
#3644=ORIENTED_EDGE('',*,*,#3643,.F.);
#3645=EDGE_LOOP('',(#3638,#3640,#3642,#3644));
#3646=FACE_BOUND('',#3645,.F.);
#3647=ADVANCED_FACE('',(#3600,#3606,#3616,#3626,#3636,#3646),#3591,.T.);
#3648=CARTESIAN_POINT('',(-4.531587911303E1,2.836824302175E1,0.E0));
#3649=DIRECTION('',(-1.E0,0.E0,0.E0));
#3650=DIRECTION('',(0.E0,8.541525321584E-1,5.200225493259E-1));
#3651=AXIS2_PLACEMENT_3D('',#3648,#3649,#3650);
#3652=TOROIDAL_SURFACE('',#3651,9.775E0,4.E-1);
#3653=ORIENTED_EDGE('',*,*,#3597,.F.);
#3655=ORIENTED_EDGE('',*,*,#3654,.F.);
#3656=ORIENTED_EDGE('',*,*,#3593,.T.);
#3657=ORIENTED_EDGE('',*,*,#3582,.T.);
#3658=EDGE_LOOP('',(#3653,#3655,#3656,#3657));
#3659=FACE_OUTER_BOUND('',#3658,.F.);
#3661=ORIENTED_EDGE('',*,*,#3660,.T.);
#3663=ORIENTED_EDGE('',*,*,#3662,.F.);
#3665=ORIENTED_EDGE('',*,*,#3664,.F.);
#3667=ORIENTED_EDGE('',*,*,#3666,.F.);
#3668=EDGE_LOOP('',(#3661,#3663,#3665,#3667));
#3669=FACE_BOUND('',#3668,.F.);
#3671=ORIENTED_EDGE('',*,*,#3670,.T.);
#3673=ORIENTED_EDGE('',*,*,#3672,.F.);
#3675=ORIENTED_EDGE('',*,*,#3674,.T.);
#3677=ORIENTED_EDGE('',*,*,#3676,.F.);
#3678=EDGE_LOOP('',(#3671,#3673,#3675,#3677));
#3679=FACE_BOUND('',#3678,.F.);
#3681=ORIENTED_EDGE('',*,*,#3680,.T.);
#3683=ORIENTED_EDGE('',*,*,#3682,.F.);
#3685=ORIENTED_EDGE('',*,*,#3684,.T.);
#3687=ORIENTED_EDGE('',*,*,#3686,.F.);
#3688=EDGE_LOOP('',(#3681,#3683,#3685,#3687));
#3689=FACE_BOUND('',#3688,.F.);
#3691=ORIENTED_EDGE('',*,*,#3690,.F.);
#3693=ORIENTED_EDGE('',*,*,#3692,.F.);
#3695=ORIENTED_EDGE('',*,*,#3694,.T.);
#3697=ORIENTED_EDGE('',*,*,#3696,.F.);
#3698=EDGE_LOOP('',(#3691,#3693,#3695,#3697));
#3699=FACE_BOUND('',#3698,.F.);
#3700=ADVANCED_FACE('',(#3659,#3669,#3679,#3689,#3699),#3652,.T.);
#3701=CARTESIAN_POINT('',(-4.556587911303E1,2.836824302175E1,0.E0));
#3702=DIRECTION('',(-1.E0,0.E0,0.E0));
#3703=DIRECTION('',(0.E0,8.541525321584E-1,5.200225493259E-1));
#3704=AXIS2_PLACEMENT_3D('',#3701,#3702,#3703);
#3705=CYLINDRICAL_SURFACE('',#3704,1.0175E1);
#3707=ORIENTED_EDGE('',*,*,#3706,.T.);
#3709=ORIENTED_EDGE('',*,*,#3708,.T.);
#3710=ORIENTED_EDGE('',*,*,#3654,.T.);
#3712=ORIENTED_EDGE('',*,*,#3711,.F.);
#3713=EDGE_LOOP('',(#3707,#3709,#3710,#3712));
#3714=FACE_OUTER_BOUND('',#3713,.F.);
#3715=ADVANCED_FACE('',(#3714),#3705,.T.);
#3716=CARTESIAN_POINT('',(-4.596587911303E1,2.836824302175E1,0.E0));
#3717=DIRECTION('',(1.E0,0.E0,0.E0));
#3718=DIRECTION('',(0.E0,0.E0,-1.E0));
#3719=AXIS2_PLACEMENT_3D('',#3716,#3717,#3718);
#3720=PLANE('',#3719);
#3722=ORIENTED_EDGE('',*,*,#3721,.F.);
#3724=ORIENTED_EDGE('',*,*,#3723,.F.);
#3725=EDGE_LOOP('',(#3722,#3724));
#3726=FACE_OUTER_BOUND('',#3725,.F.);
#3727=ORIENTED_EDGE('',*,*,#3706,.F.);
#3729=ORIENTED_EDGE('',*,*,#3728,.F.);
#3730=EDGE_LOOP('',(#3727,#3729));
#3731=FACE_BOUND('',#3730,.F.);
#3732=ADVANCED_FACE('',(#3726,#3731),#3720,.T.);
#3733=CARTESIAN_POINT('',(-4.886587911303E1,2.836824302175E1,0.E0));
#3734=DIRECTION('',(-1.E0,0.E0,0.E0));
#3735=DIRECTION('',(0.E0,0.E0,1.E0));
#3736=AXIS2_PLACEMENT_3D('',#3733,#3734,#3735);
#3737=CYLINDRICAL_SURFACE('',#3736,1.0475E1);
#3739=ORIENTED_EDGE('',*,*,#3738,.F.);
#3740=ORIENTED_EDGE('',*,*,#3721,.T.);
#3742=ORIENTED_EDGE('',*,*,#3741,.T.);
#3744=ORIENTED_EDGE('',*,*,#3743,.T.);
#3745=EDGE_LOOP('',(#3739,#3740,#3742,#3744));
#3746=FACE_OUTER_BOUND('',#3745,.F.);
#3747=ADVANCED_FACE('',(#3746),#3737,.F.);
#3748=CARTESIAN_POINT('',(-4.886587911303E1,2.836824302175E1,0.E0));
#3749=DIRECTION('',(-1.E0,0.E0,0.E0));
#3750=DIRECTION('',(0.E0,0.E0,1.E0));
#3751=AXIS2_PLACEMENT_3D('',#3748,#3749,#3750);
#3752=CYLINDRICAL_SURFACE('',#3751,1.0475E1);
#3754=ORIENTED_EDGE('',*,*,#3753,.T.);
#3755=ORIENTED_EDGE('',*,*,#3741,.F.);
#3756=ORIENTED_EDGE('',*,*,#3723,.T.);
#3757=ORIENTED_EDGE('',*,*,#3738,.T.);
#3758=EDGE_LOOP('',(#3754,#3755,#3756,#3757));
#3759=FACE_OUTER_BOUND('',#3758,.F.);
#3760=ADVANCED_FACE('',(#3759),#3752,.F.);
#3761=CARTESIAN_POINT('',(-4.535165691201E1,2.836824302175E1,0.E0));
#3762=DIRECTION('',(-1.E0,0.E0,0.E0));
#3763=DIRECTION('',(0.E0,0.E0,1.E0));
#3764=AXIS2_PLACEMENT_3D('',#3761,#3762,#3763);
#3765=CONICAL_SURFACE('',#3764,1.0325E1,3.5E1);
#3767=ORIENTED_EDGE('',*,*,#3766,.F.);
#3769=ORIENTED_EDGE('',*,*,#3768,.F.);
#3770=ORIENTED_EDGE('',*,*,#3753,.F.);
#3772=ORIENTED_EDGE('',*,*,#3771,.T.);
#3773=EDGE_LOOP('',(#3767,#3769,#3770,#3772));
#3774=FACE_OUTER_BOUND('',#3773,.F.);
#3775=ADVANCED_FACE('',(#3774),#3765,.F.);
#3776=CARTESIAN_POINT('',(-4.886587911303E1,2.836824302175E1,0.E0));
#3777=DIRECTION('',(-1.E0,0.E0,0.E0));
#3778=DIRECTION('',(0.E0,0.E0,1.E0));
#3779=AXIS2_PLACEMENT_3D('',#3776,#3777,#3778);
#3780=CYLINDRICAL_SURFACE('',#3779,1.0175E1);
#3782=ORIENTED_EDGE('',*,*,#3781,.T.);
#3784=ORIENTED_EDGE('',*,*,#3783,.F.);
#3785=ORIENTED_EDGE('',*,*,#3766,.T.);
#3787=ORIENTED_EDGE('',*,*,#3786,.T.);
#3788=EDGE_LOOP('',(#3782,#3784,#3785,#3787));
#3789=FACE_OUTER_BOUND('',#3788,.F.);
#3790=ADVANCED_FACE('',(#3789),#3780,.F.);
#3791=CARTESIAN_POINT('',(-4.486587911303E1,2.836824302175E1,0.E0));
#3792=DIRECTION('',(-1.E0,0.E0,0.E0));
#3793=DIRECTION('',(0.E0,0.E0,1.E0));
#3794=AXIS2_PLACEMENT_3D('',#3791,#3792,#3793);
#3795=PLANE('',#3794);
#3797=ORIENTED_EDGE('',*,*,#3796,.F.);
#3799=ORIENTED_EDGE('',*,*,#3798,.F.);
#3800=EDGE_LOOP('',(#3797,#3799));
#3801=FACE_OUTER_BOUND('',#3800,.F.);
#3803=ORIENTED_EDGE('',*,*,#3802,.F.);
#3804=ORIENTED_EDGE('',*,*,#3781,.F.);
#3805=EDGE_LOOP('',(#3803,#3804));
#3806=FACE_BOUND('',#3805,.F.);
#3807=ADVANCED_FACE('',(#3801,#3806),#3795,.F.);
#3808=CARTESIAN_POINT('',(-4.490558449527E1,2.836824302175E1,0.E0));
#3809=DIRECTION('',(-1.E0,0.E0,0.E0));
#3810=DIRECTION('',(0.E0,0.E0,1.E0));
#3811=AXIS2_PLACEMENT_3D('',#3808,#3809,#3810);
#3812=CONICAL_SURFACE('',#3811,1.146877173938E1,6.E1);
#3813=ORIENTED_EDGE('',*,*,#3796,.T.);
#3815=ORIENTED_EDGE('',*,*,#3814,.F.);
#3817=ORIENTED_EDGE('',*,*,#3816,.T.);
#3819=ORIENTED_EDGE('',*,*,#3818,.T.);
#3820=EDGE_LOOP('',(#3813,#3815,#3817,#3819));
#3821=FACE_OUTER_BOUND('',#3820,.F.);
#3822=ADVANCED_FACE('',(#3821),#3812,.T.);
#3823=CARTESIAN_POINT('',(-4.490558449527E1,2.836824302175E1,0.E0));
#3824=DIRECTION('',(-1.E0,0.E0,0.E0));
#3825=DIRECTION('',(0.E0,0.E0,1.E0));
#3826=AXIS2_PLACEMENT_3D('',#3823,#3824,#3825);
#3827=CONICAL_SURFACE('',#3826,1.146877173938E1,6.E1);
#3828=ORIENTED_EDGE('',*,*,#3818,.F.);
#3830=ORIENTED_EDGE('',*,*,#3829,.T.);
#3831=ORIENTED_EDGE('',*,*,#3814,.T.);
#3832=ORIENTED_EDGE('',*,*,#3798,.T.);
#3833=EDGE_LOOP('',(#3828,#3830,#3831,#3832));
#3834=FACE_OUTER_BOUND('',#3833,.F.);
#3835=ADVANCED_FACE('',(#3834),#3827,.T.);
#3836=CARTESIAN_POINT('',(-4.563811020054E1,2.836824302175E1,0.E0));
#3837=DIRECTION('',(-1.E0,0.E0,0.E0));
#3838=DIRECTION('',(0.E0,0.E0,1.E0));
#3839=AXIS2_PLACEMENT_3D('',#3836,#3837,#3838);
#3840=TOROIDAL_SURFACE('',#3839,1.113754347875E1,8.E-1);
#3842=ORIENTED_EDGE('',*,*,#3841,.F.);
#3844=ORIENTED_EDGE('',*,*,#3843,.F.);
#3846=ORIENTED_EDGE('',*,*,#3845,.T.);
#3847=ORIENTED_EDGE('',*,*,#3829,.F.);
#3848=EDGE_LOOP('',(#3842,#3844,#3846,#3847));
#3849=FACE_OUTER_BOUND('',#3848,.F.);
#3850=ADVANCED_FACE('',(#3849),#3840,.T.);
#3851=CARTESIAN_POINT('',(-4.563811020054E1,2.836824302175E1,0.E0));
#3852=DIRECTION('',(-1.E0,0.E0,0.E0));
#3853=DIRECTION('',(0.E0,0.E0,1.E0));
#3854=AXIS2_PLACEMENT_3D('',#3851,#3852,#3853);
#3855=TOROIDAL_SURFACE('',#3854,1.113754347875E1,8.E-1);
#3856=ORIENTED_EDGE('',*,*,#3816,.F.);
#3857=ORIENTED_EDGE('',*,*,#3845,.F.);
#3859=ORIENTED_EDGE('',*,*,#3858,.F.);
#3860=ORIENTED_EDGE('',*,*,#3841,.T.);
#3861=EDGE_LOOP('',(#3856,#3857,#3859,#3860));
#3862=FACE_OUTER_BOUND('',#3861,.F.);
#3863=ADVANCED_FACE('',(#3862),#3855,.T.);
#3864=CARTESIAN_POINT('',(-4.559846703874E1,2.836824302175E1,0.E0));
#3865=DIRECTION('',(-1.E0,0.E0,0.E0));
#3866=DIRECTION('',(0.E0,0.E0,1.E0));
#3867=AXIS2_PLACEMENT_3D('',#3864,#3865,#3866);
#3868=CONICAL_SURFACE('',#3867,1.195514206989E1,1.5E1);
#3869=ORIENTED_EDGE('',*,*,#3858,.T.);
#3871=ORIENTED_EDGE('',*,*,#3870,.F.);
#3873=ORIENTED_EDGE('',*,*,#3872,.F.);
#3875=ORIENTED_EDGE('',*,*,#3874,.T.);
#3876=EDGE_LOOP('',(#3869,#3871,#3873,#3875));
#3877=FACE_OUTER_BOUND('',#3876,.F.);
#3878=ADVANCED_FACE('',(#3877),#3868,.T.);
#3879=CARTESIAN_POINT('',(-4.559846703874E1,2.836824302175E1,0.E0));
#3880=DIRECTION('',(-1.E0,0.E0,0.E0));
#3881=DIRECTION('',(0.E0,0.E0,1.E0));
#3882=AXIS2_PLACEMENT_3D('',#3879,#3880,#3881);
#3883=CONICAL_SURFACE('',#3882,1.195514206989E1,1.5E1);
#3884=ORIENTED_EDGE('',*,*,#3874,.F.);
#3886=ORIENTED_EDGE('',*,*,#3885,.F.);
#3887=ORIENTED_EDGE('',*,*,#3870,.T.);
#3888=ORIENTED_EDGE('',*,*,#3843,.T.);
#3889=EDGE_LOOP('',(#3884,#3886,#3887,#3888));
#3890=FACE_OUTER_BOUND('',#3889,.F.);
#3891=ADVANCED_FACE('',(#3890),#3883,.T.);
#3892=CARTESIAN_POINT('',(-4.886587911303E1,2.836824302175E1,0.E0));
#3893=DIRECTION('',(-1.E0,0.E0,0.E0));
#3894=DIRECTION('',(0.E0,0.E0,1.E0));
#3895=AXIS2_PLACEMENT_3D('',#3892,#3893,#3894);
#3896=CYLINDRICAL_SURFACE('',#3895,1.2E1);
#3898=ORIENTED_EDGE('',*,*,#3897,.F.);
#3900=ORIENTED_EDGE('',*,*,#3899,.T.);
#3902=ORIENTED_EDGE('',*,*,#3901,.T.);
#3903=ORIENTED_EDGE('',*,*,#3885,.T.);
#3904=EDGE_LOOP('',(#3898,#3900,#3902,#3903));
#3905=FACE_OUTER_BOUND('',#3904,.F.);
#3906=ADVANCED_FACE('',(#3905),#3896,.T.);
#3907=CARTESIAN_POINT('',(-4.886587911303E1,2.836824302175E1,0.E0));
#3908=DIRECTION('',(-1.E0,0.E0,0.E0));
#3909=DIRECTION('',(0.E0,0.E0,1.E0));
#3910=AXIS2_PLACEMENT_3D('',#3907,#3908,#3909);
#3911=CYLINDRICAL_SURFACE('',#3910,1.2E1);
#3912=ORIENTED_EDGE('',*,*,#3872,.T.);
#3913=ORIENTED_EDGE('',*,*,#3901,.F.);
#3915=ORIENTED_EDGE('',*,*,#3914,.T.);
#3916=ORIENTED_EDGE('',*,*,#3897,.T.);
#3917=EDGE_LOOP('',(#3912,#3913,#3915,#3916));
#3918=FACE_OUTER_BOUND('',#3917,.F.);
#3919=ADVANCED_FACE('',(#3918),#3911,.T.);
#3920=CARTESIAN_POINT('',(-5.213329118731E1,2.836824302175E1,0.E0));
#3921=DIRECTION('',(1.E0,0.E0,0.E0));
#3922=DIRECTION('',(0.E0,0.E0,-1.E0));
#3923=AXIS2_PLACEMENT_3D('',#3920,#3921,#3922);
#3924=CONICAL_SURFACE('',#3923,1.195514206989E1,1.5E1);
#3926=ORIENTED_EDGE('',*,*,#3925,.T.);
#3928=ORIENTED_EDGE('',*,*,#3927,.F.);
#3929=ORIENTED_EDGE('',*,*,#3914,.F.);
#3931=ORIENTED_EDGE('',*,*,#3930,.T.);
#3932=EDGE_LOOP('',(#3926,#3928,#3929,#3931));
#3933=FACE_OUTER_BOUND('',#3932,.F.);
#3934=ADVANCED_FACE('',(#3933),#3924,.T.);
#3935=CARTESIAN_POINT('',(-5.209364802552E1,2.836824302175E1,0.E0));
#3936=DIRECTION('',(-1.E0,0.E0,0.E0));
#3937=DIRECTION('',(0.E0,0.E0,1.E0));
#3938=AXIS2_PLACEMENT_3D('',#3935,#3936,#3937);
#3939=TOROIDAL_SURFACE('',#3938,1.113754347875E1,8.E-1);
#3940=ORIENTED_EDGE('',*,*,#3925,.F.);
#3942=ORIENTED_EDGE('',*,*,#3941,.F.);
#3944=ORIENTED_EDGE('',*,*,#3943,.F.);
#3946=ORIENTED_EDGE('',*,*,#3945,.T.);
#3947=EDGE_LOOP('',(#3940,#3942,#3944,#3946));
#3948=FACE_OUTER_BOUND('',#3947,.F.);
#3949=ADVANCED_FACE('',(#3948),#3939,.T.);
#3950=CARTESIAN_POINT('',(-5.209364802552E1,2.836824302175E1,0.E0));
#3951=DIRECTION('',(-1.E0,0.E0,0.E0));
#3952=DIRECTION('',(0.E0,0.E0,1.E0));
#3953=AXIS2_PLACEMENT_3D('',#3950,#3951,#3952);
#3954=TOROIDAL_SURFACE('',#3953,1.113754347875E1,8.E-1);
#3955=ORIENTED_EDGE('',*,*,#3945,.F.);
#3957=ORIENTED_EDGE('',*,*,#3956,.F.);
#3958=ORIENTED_EDGE('',*,*,#3941,.T.);
#3960=ORIENTED_EDGE('',*,*,#3959,.F.);
#3961=EDGE_LOOP('',(#3955,#3957,#3958,#3960));
#3962=FACE_OUTER_BOUND('',#3961,.F.);
#3963=ADVANCED_FACE('',(#3962),#3954,.T.);
#3964=CARTESIAN_POINT('',(-5.282617373078E1,2.836824302175E1,0.E0));
#3965=DIRECTION('',(1.E0,0.E0,0.E0));
#3966=DIRECTION('',(0.E0,0.E0,-1.E0));
#3967=AXIS2_PLACEMENT_3D('',#3964,#3965,#3966);
#3968=CONICAL_SURFACE('',#3967,1.146877173938E1,6.E1);
#3970=ORIENTED_EDGE('',*,*,#3969,.F.);
#3971=ORIENTED_EDGE('',*,*,#3956,.T.);
#3973=ORIENTED_EDGE('',*,*,#3972,.T.);
#3975=ORIENTED_EDGE('',*,*,#3974,.T.);
#3976=EDGE_LOOP('',(#3970,#3971,#3973,#3975));
#3977=FACE_OUTER_BOUND('',#3976,.F.);
#3978=ADVANCED_FACE('',(#3977),#3968,.T.);
#3979=CARTESIAN_POINT('',(-5.282617373078E1,2.836824302175E1,0.E0));
#3980=DIRECTION('',(1.E0,0.E0,0.E0));
#3981=DIRECTION('',(0.E0,0.E0,-1.E0));
#3982=AXIS2_PLACEMENT_3D('',#3979,#3980,#3981);
#3983=CONICAL_SURFACE('',#3982,1.146877173938E1,6.E1);
#3985=ORIENTED_EDGE('',*,*,#3984,.T.);
#3986=ORIENTED_EDGE('',*,*,#3972,.F.);
#3987=ORIENTED_EDGE('',*,*,#3943,.T.);
#3988=ORIENTED_EDGE('',*,*,#3969,.T.);
#3989=EDGE_LOOP('',(#3985,#3986,#3987,#3988));
#3990=FACE_OUTER_BOUND('',#3989,.F.);
#3991=ADVANCED_FACE('',(#3990),#3983,.T.);
#3992=CARTESIAN_POINT('',(-5.286587911303E1,2.836824302175E1,0.E0));
#3993=DIRECTION('',(-1.E0,0.E0,0.E0));
#3994=DIRECTION('',(0.E0,0.E0,1.E0));
#3995=AXIS2_PLACEMENT_3D('',#3992,#3993,#3994);
#3996=PLANE('',#3995);
#3997=ORIENTED_EDGE('',*,*,#3974,.F.);
#3998=ORIENTED_EDGE('',*,*,#3984,.F.);
#3999=EDGE_LOOP('',(#3997,#3998));
#4000=FACE_OUTER_BOUND('',#3999,.F.);
#4002=ORIENTED_EDGE('',*,*,#4001,.F.);
#4004=ORIENTED_EDGE('',*,*,#4003,.F.);
#4005=EDGE_LOOP('',(#4002,#4004));
#4006=FACE_BOUND('',#4005,.F.);
#4007=ADVANCED_FACE('',(#4000,#4006),#3996,.T.);
#4008=CARTESIAN_POINT('',(-4.886587911303E1,2.836824302175E1,0.E0));
#4009=DIRECTION('',(-1.E0,0.E0,0.E0));
#4010=DIRECTION('',(0.E0,0.E0,1.E0));
#4011=AXIS2_PLACEMENT_3D('',#4008,#4009,#4010);
#4012=CYLINDRICAL_SURFACE('',#4011,1.0175E1);
#4014=ORIENTED_EDGE('',*,*,#4013,.F.);
#4015=ORIENTED_EDGE('',*,*,#4001,.T.);
#4017=ORIENTED_EDGE('',*,*,#4016,.T.);
#4019=ORIENTED_EDGE('',*,*,#4018,.T.);
#4020=EDGE_LOOP('',(#4014,#4015,#4017,#4019));
#4021=FACE_OUTER_BOUND('',#4020,.F.);
#4022=ADVANCED_FACE('',(#4021),#4012,.F.);
#4023=CARTESIAN_POINT('',(-4.886587911303E1,2.836824302175E1,0.E0));
#4024=DIRECTION('',(-1.E0,0.E0,0.E0));
#4025=DIRECTION('',(0.E0,0.E0,1.E0));
#4026=AXIS2_PLACEMENT_3D('',#4023,#4024,#4025);
#4027=CYLINDRICAL_SURFACE('',#4026,1.0175E1);
#4029=ORIENTED_EDGE('',*,*,#4028,.T.);
#4030=ORIENTED_EDGE('',*,*,#4016,.F.);
#4031=ORIENTED_EDGE('',*,*,#4003,.T.);
#4032=ORIENTED_EDGE('',*,*,#4013,.T.);
#4033=EDGE_LOOP('',(#4029,#4030,#4031,#4032));
#4034=FACE_OUTER_BOUND('',#4033,.F.);
#4035=ADVANCED_FACE('',(#4034),#4027,.F.);
#4036=CARTESIAN_POINT('',(-5.238010131404E1,2.836824302175E1,0.E0));
#4037=DIRECTION('',(1.E0,0.E0,0.E0));
#4038=DIRECTION('',(0.E0,0.E0,-1.E0));
#4039=AXIS2_PLACEMENT_3D('',#4036,#4037,#4038);
#4040=CONICAL_SURFACE('',#4039,1.0325E1,3.5E1);
#4041=ORIENTED_EDGE('',*,*,#4028,.F.);
#4043=ORIENTED_EDGE('',*,*,#4042,.F.);
#4045=ORIENTED_EDGE('',*,*,#4044,.F.);
#4047=ORIENTED_EDGE('',*,*,#4046,.T.);
#4048=EDGE_LOOP('',(#4041,#4043,#4045,#4047));
#4049=FACE_OUTER_BOUND('',#4048,.F.);
#4050=ADVANCED_FACE('',(#4049),#4040,.F.);
#4051=CARTESIAN_POINT('',(-5.238010131404E1,2.836824302175E1,0.E0));
#4052=DIRECTION('',(1.E0,0.E0,0.E0));
#4053=DIRECTION('',(0.E0,0.E0,-1.E0));
#4054=AXIS2_PLACEMENT_3D('',#4051,#4052,#4053);
#4055=CONICAL_SURFACE('',#4054,1.0325E1,3.5E1);
#4056=ORIENTED_EDGE('',*,*,#4046,.F.);
#4058=ORIENTED_EDGE('',*,*,#4057,.F.);
#4059=ORIENTED_EDGE('',*,*,#4042,.T.);
#4060=ORIENTED_EDGE('',*,*,#4018,.F.);
#4061=EDGE_LOOP('',(#4056,#4058,#4059,#4060));
#4062=FACE_OUTER_BOUND('',#4061,.F.);
#4063=ADVANCED_FACE('',(#4062),#4055,.F.);
#4064=CARTESIAN_POINT('',(-4.886587911303E1,2.836824302175E1,0.E0));
#4065=DIRECTION('',(-1.E0,0.E0,0.E0));
#4066=DIRECTION('',(0.E0,0.E0,1.E0));
#4067=AXIS2_PLACEMENT_3D('',#4064,#4065,#4066);
#4068=CYLINDRICAL_SURFACE('',#4067,1.0475E1);
#4070=ORIENTED_EDGE('',*,*,#4069,.F.);
#4071=ORIENTED_EDGE('',*,*,#4057,.T.);
#4073=ORIENTED_EDGE('',*,*,#4072,.T.);
#4075=ORIENTED_EDGE('',*,*,#4074,.T.);
#4076=EDGE_LOOP('',(#4070,#4071,#4073,#4075));
#4077=FACE_OUTER_BOUND('',#4076,.F.);
#4078=ADVANCED_FACE('',(#4077),#4068,.F.);
#4079=CARTESIAN_POINT('',(-4.886587911303E1,2.836824302175E1,0.E0));
#4080=DIRECTION('',(-1.E0,0.E0,0.E0));
#4081=DIRECTION('',(0.E0,0.E0,1.E0));
#4082=AXIS2_PLACEMENT_3D('',#4079,#4080,#4081);
#4083=CYLINDRICAL_SURFACE('',#4082,1.0475E1);
#4085=ORIENTED_EDGE('',*,*,#4084,.T.);
#4086=ORIENTED_EDGE('',*,*,#4072,.F.);
#4087=ORIENTED_EDGE('',*,*,#4044,.T.);
#4088=ORIENTED_EDGE('',*,*,#4069,.T.);
#4089=EDGE_LOOP('',(#4085,#4086,#4087,#4088));
#4090=FACE_OUTER_BOUND('',#4089,.F.);
#4091=ADVANCED_FACE('',(#4090),#4083,.F.);
#4092=CARTESIAN_POINT('',(-5.176587911303E1,2.836824302175E1,0.E0));
#4093=DIRECTION('',(1.E0,0.E0,0.E0));
#4094=DIRECTION('',(0.E0,0.E0,-1.E0));
#4095=AXIS2_PLACEMENT_3D('',#4092,#4093,#4094);
#4096=PLANE('',#4095);
#4097=ORIENTED_EDGE('',*,*,#4074,.F.);
#4098=ORIENTED_EDGE('',*,*,#4084,.F.);
#4099=EDGE_LOOP('',(#4097,#4098));
#4100=FACE_OUTER_BOUND('',#4099,.F.);
#4102=ORIENTED_EDGE('',*,*,#4101,.F.);
#4104=ORIENTED_EDGE('',*,*,#4103,.F.);
#4105=EDGE_LOOP('',(#4102,#4104));
#4106=FACE_BOUND('',#4105,.F.);
#4107=ADVANCED_FACE('',(#4100,#4106),#4096,.F.);
#4108=CARTESIAN_POINT('',(-5.216587911303E1,2.836824302175E1,0.E0));
#4109=DIRECTION('',(1.E0,0.E0,0.E0));
#4110=DIRECTION('',(0.E0,-1.544600664053E-1,-9.879990323305E-1));
#4111=AXIS2_PLACEMENT_3D('',#4108,#4109,#4110);
#4112=CYLINDRICAL_SURFACE('',#4111,1.0175E1);
#4113=ORIENTED_EDGE('',*,*,#4101,.T.);
#4115=ORIENTED_EDGE('',*,*,#4114,.T.);
#4117=ORIENTED_EDGE('',*,*,#4116,.T.);
#4119=ORIENTED_EDGE('',*,*,#4118,.F.);
#4120=EDGE_LOOP('',(#4113,#4115,#4117,#4119));
#4121=FACE_OUTER_BOUND('',#4120,.F.);
#4122=ADVANCED_FACE('',(#4121),#4112,.T.);
#4123=CARTESIAN_POINT('',(-5.216587911303E1,2.836824302175E1,0.E0));
#4124=DIRECTION('',(1.E0,0.E0,0.E0));
#4125=DIRECTION('',(0.E0,-1.544600664053E-1,-9.879990323305E-1));
#4126=AXIS2_PLACEMENT_3D('',#4123,#4124,#4125);
#4127=CYLINDRICAL_SURFACE('',#4126,1.0175E1);
#4128=ORIENTED_EDGE('',*,*,#4103,.T.);
#4129=ORIENTED_EDGE('',*,*,#4118,.T.);
#4131=ORIENTED_EDGE('',*,*,#4130,.T.);
#4132=ORIENTED_EDGE('',*,*,#4114,.F.);
#4133=EDGE_LOOP('',(#4128,#4129,#4131,#4132));
#4134=FACE_OUTER_BOUND('',#4133,.F.);
#4135=ADVANCED_FACE('',(#4134),#4127,.T.);
#4136=CARTESIAN_POINT('',(-5.241587911303E1,2.836824302175E1,0.E0));
#4137=DIRECTION('',(1.E0,0.E0,0.E0));
#4138=DIRECTION('',(0.E0,-1.544600664053E-1,-9.879990323305E-1));
#4139=AXIS2_PLACEMENT_3D('',#4136,#4137,#4138);
#4140=TOROIDAL_SURFACE('',#4139,9.775E0,4.E-1);
#4142=ORIENTED_EDGE('',*,*,#4141,.T.);
#4144=ORIENTED_EDGE('',*,*,#4143,.F.);
#4145=ORIENTED_EDGE('',*,*,#4130,.F.);
#4147=ORIENTED_EDGE('',*,*,#4146,.T.);
#4148=EDGE_LOOP('',(#4142,#4144,#4145,#4147));
#4149=FACE_OUTER_BOUND('',#4148,.F.);
#4151=ORIENTED_EDGE('',*,*,#4150,.F.);
#4153=ORIENTED_EDGE('',*,*,#4152,.F.);
#4155=ORIENTED_EDGE('',*,*,#4154,.F.);
#4157=ORIENTED_EDGE('',*,*,#4156,.F.);
#4159=ORIENTED_EDGE('',*,*,#4158,.F.);
#4160=EDGE_LOOP('',(#4151,#4153,#4155,#4157,#4159));
#4161=FACE_BOUND('',#4160,.F.);
#4163=ORIENTED_EDGE('',*,*,#4162,.F.);
#4165=ORIENTED_EDGE('',*,*,#4164,.F.);
#4167=ORIENTED_EDGE('',*,*,#4166,.F.);
#4169=ORIENTED_EDGE('',*,*,#4168,.F.);
#4171=ORIENTED_EDGE('',*,*,#4170,.F.);
#4172=EDGE_LOOP('',(#4163,#4165,#4167,#4169,#4171));
#4173=FACE_BOUND('',#4172,.F.);
#4175=ORIENTED_EDGE('',*,*,#4174,.F.);
#4177=ORIENTED_EDGE('',*,*,#4176,.F.);
#4179=ORIENTED_EDGE('',*,*,#4178,.F.);
#4181=ORIENTED_EDGE('',*,*,#4180,.F.);
#4183=ORIENTED_EDGE('',*,*,#4182,.F.);
#4185=ORIENTED_EDGE('',*,*,#4184,.F.);
#4186=EDGE_LOOP('',(#4175,#4177,#4179,#4181,#4183,#4185));
#4187=FACE_BOUND('',#4186,.F.);
#4189=ORIENTED_EDGE('',*,*,#4188,.F.);
#4191=ORIENTED_EDGE('',*,*,#4190,.F.);
#4193=ORIENTED_EDGE('',*,*,#4192,.F.);
#4195=ORIENTED_EDGE('',*,*,#4194,.F.);
#4197=ORIENTED_EDGE('',*,*,#4196,.F.);
#4199=ORIENTED_EDGE('',*,*,#4198,.F.);
#4200=EDGE_LOOP('',(#4189,#4191,#4193,#4195,#4197,#4199));
#4201=FACE_BOUND('',#4200,.F.);
#4203=ORIENTED_EDGE('',*,*,#4202,.F.);
#4205=ORIENTED_EDGE('',*,*,#4204,.F.);
#4207=ORIENTED_EDGE('',*,*,#4206,.F.);
#4209=ORIENTED_EDGE('',*,*,#4208,.F.);
#4211=ORIENTED_EDGE('',*,*,#4210,.F.);
#4213=ORIENTED_EDGE('',*,*,#4212,.F.);
#4214=EDGE_LOOP('',(#4203,#4205,#4207,#4209,#4211,#4213));
#4215=FACE_BOUND('',#4214,.F.);
#4216=ADVANCED_FACE('',(#4149,#4161,#4173,#4187,#4201,#4215),#4140,.T.);
#4217=CARTESIAN_POINT('',(-5.241587911303E1,2.836824302175E1,0.E0));
#4218=DIRECTION('',(-1.E0,0.E0,0.E0));
#4219=DIRECTION('',(0.E0,1.544600664053E-1,9.879990323305E-1));
#4220=AXIS2_PLACEMENT_3D('',#4217,#4218,#4219);
#4221=PLANE('',#4220);
#4223=ORIENTED_EDGE('',*,*,#4222,.F.);
#4225=ORIENTED_EDGE('',*,*,#4224,.F.);
#4226=EDGE_LOOP('',(#4223,#4225));
#4227=FACE_OUTER_BOUND('',#4226,.F.);
#4228=ORIENTED_EDGE('',*,*,#4141,.F.);
#4230=ORIENTED_EDGE('',*,*,#4229,.F.);
#4231=EDGE_LOOP('',(#4228,#4230));
#4232=FACE_BOUND('',#4231,.F.);
#4233=ADVANCED_FACE('',(#4227,#4232),#4221,.F.);
#4234=CARTESIAN_POINT('',(-5.241587911303E1,2.836824302175E1,0.E0));
#4235=DIRECTION('',(1.E0,0.E0,0.E0));
#4236=DIRECTION('',(0.E0,-1.544600664053E-1,-9.879990323305E-1));
#4237=AXIS2_PLACEMENT_3D('',#4234,#4235,#4236);
#4238=TOROIDAL_SURFACE('',#4237,9.775E0,2.E-1);
#4240=ORIENTED_EDGE('',*,*,#4239,.F.);
#4242=ORIENTED_EDGE('',*,*,#4241,.F.);
#4244=ORIENTED_EDGE('',*,*,#4243,.T.);
#4245=ORIENTED_EDGE('',*,*,#4222,.T.);
#4246=EDGE_LOOP('',(#4240,#4242,#4244,#4245));
#4247=FACE_OUTER_BOUND('',#4246,.F.);
#4249=ORIENTED_EDGE('',*,*,#4248,.T.);
#4251=ORIENTED_EDGE('',*,*,#4250,.T.);
#4253=ORIENTED_EDGE('',*,*,#4252,.T.);
#4255=ORIENTED_EDGE('',*,*,#4254,.T.);
#4257=ORIENTED_EDGE('',*,*,#4256,.T.);
#4259=ORIENTED_EDGE('',*,*,#4258,.T.);
#4260=EDGE_LOOP('',(#4249,#4251,#4253,#4255,#4257,#4259));
#4261=FACE_BOUND('',#4260,.F.);
#4263=ORIENTED_EDGE('',*,*,#4262,.T.);
#4265=ORIENTED_EDGE('',*,*,#4264,.T.);
#4267=ORIENTED_EDGE('',*,*,#4266,.T.);
#4269=ORIENTED_EDGE('',*,*,#4268,.T.);
#4271=ORIENTED_EDGE('',*,*,#4270,.T.);
#4273=ORIENTED_EDGE('',*,*,#4272,.T.);
#4274=EDGE_LOOP('',(#4263,#4265,#4267,#4269,#4271,#4273));
#4275=FACE_BOUND('',#4274,.F.);
#4277=ORIENTED_EDGE('',*,*,#4276,.T.);
#4279=ORIENTED_EDGE('',*,*,#4278,.T.);
#4281=ORIENTED_EDGE('',*,*,#4280,.T.);
#4283=ORIENTED_EDGE('',*,*,#4282,.T.);
#4285=ORIENTED_EDGE('',*,*,#4284,.T.);
#4287=ORIENTED_EDGE('',*,*,#4286,.T.);
#4288=EDGE_LOOP('',(#4277,#4279,#4281,#4283,#4285,#4287));
#4289=FACE_BOUND('',#4288,.F.);
#4291=ORIENTED_EDGE('',*,*,#4290,.T.);
#4293=ORIENTED_EDGE('',*,*,#4292,.T.);
#4295=ORIENTED_EDGE('',*,*,#4294,.T.);
#4297=ORIENTED_EDGE('',*,*,#4296,.T.);
#4299=ORIENTED_EDGE('',*,*,#4298,.T.);
#4301=ORIENTED_EDGE('',*,*,#4300,.T.);
#4302=EDGE_LOOP('',(#4291,#4293,#4295,#4297,#4299,#4301));
#4303=FACE_BOUND('',#4302,.F.);
#4305=ORIENTED_EDGE('',*,*,#4304,.T.);
#4307=ORIENTED_EDGE('',*,*,#4306,.T.);
#4309=ORIENTED_EDGE('',*,*,#4308,.T.);
#4311=ORIENTED_EDGE('',*,*,#4310,.T.);
#4312=EDGE_LOOP('',(#4305,#4307,#4309,#4311));
#4313=FACE_BOUND('',#4312,.F.);
#4314=ADVANCED_FACE('',(#4247,#4261,#4275,#4289,#4303,#4313),#4238,.F.);
#4315=CARTESIAN_POINT('',(-5.241587911303E1,2.836824302175E1,0.E0));
#4316=DIRECTION('',(1.E0,0.E0,0.E0));
#4317=DIRECTION('',(0.E0,-1.544600664053E-1,-9.879990323305E-1));
#4318=AXIS2_PLACEMENT_3D('',#4315,#4316,#4317);
#4319=TOROIDAL_SURFACE('',#4318,9.775E0,2.E-1);
#4320=ORIENTED_EDGE('',*,*,#4224,.T.);
#4321=ORIENTED_EDGE('',*,*,#4243,.F.);
#4323=ORIENTED_EDGE('',*,*,#4322,.F.);
#4324=ORIENTED_EDGE('',*,*,#4239,.T.);
#4325=EDGE_LOOP('',(#4320,#4321,#4323,#4324));
#4326=FACE_OUTER_BOUND('',#4325,.F.);
#4328=ORIENTED_EDGE('',*,*,#4327,.T.);
#4330=ORIENTED_EDGE('',*,*,#4329,.T.);
#4332=ORIENTED_EDGE('',*,*,#4331,.T.);
#4334=ORIENTED_EDGE('',*,*,#4333,.T.);
#4336=ORIENTED_EDGE('',*,*,#4335,.T.);
#4337=EDGE_LOOP('',(#4328,#4330,#4332,#4334,#4336));
#4338=FACE_BOUND('',#4337,.F.);
#4340=ORIENTED_EDGE('',*,*,#4339,.T.);
#4342=ORIENTED_EDGE('',*,*,#4341,.T.);
#4344=ORIENTED_EDGE('',*,*,#4343,.T.);
#4346=ORIENTED_EDGE('',*,*,#4345,.T.);
#4348=ORIENTED_EDGE('',*,*,#4347,.T.);
#4350=ORIENTED_EDGE('',*,*,#4349,.T.);
#4351=EDGE_LOOP('',(#4340,#4342,#4344,#4346,#4348,#4350));
#4352=FACE_BOUND('',#4351,.F.);
#4354=ORIENTED_EDGE('',*,*,#4353,.T.);
#4356=ORIENTED_EDGE('',*,*,#4355,.T.);
#4358=ORIENTED_EDGE('',*,*,#4357,.T.);
#4360=ORIENTED_EDGE('',*,*,#4359,.T.);
#4362=ORIENTED_EDGE('',*,*,#4361,.T.);
#4364=ORIENTED_EDGE('',*,*,#4363,.T.);
#4365=EDGE_LOOP('',(#4354,#4356,#4358,#4360,#4362,#4364));
#4366=FACE_BOUND('',#4365,.F.);
#4368=ORIENTED_EDGE('',*,*,#4367,.T.);
#4370=ORIENTED_EDGE('',*,*,#4369,.T.);
#4372=ORIENTED_EDGE('',*,*,#4371,.T.);
#4374=ORIENTED_EDGE('',*,*,#4373,.T.);
#4375=EDGE_LOOP('',(#4368,#4370,#4372,#4374));
#4376=FACE_BOUND('',#4375,.F.);
#4377=ADVANCED_FACE('',(#4326,#4338,#4352,#4366,#4376),#4319,.F.);
#4378=CARTESIAN_POINT('',(-5.216587911303E1,2.836824302175E1,0.E0));
#4379=DIRECTION('',(1.E0,0.E0,0.E0));
#4380=DIRECTION('',(0.E0,-1.544600664053E-1,-9.879990323305E-1));
#4381=AXIS2_PLACEMENT_3D('',#4378,#4379,#4380);
#4382=CYLINDRICAL_SURFACE('',#4381,9.975E0);
#4383=ORIENTED_EDGE('',*,*,#4322,.T.);
#4385=ORIENTED_EDGE('',*,*,#4384,.F.);
#4387=ORIENTED_EDGE('',*,*,#4386,.T.);
#4389=ORIENTED_EDGE('',*,*,#4388,.T.);
#4390=EDGE_LOOP('',(#4383,#4385,#4387,#4389));
#4391=FACE_OUTER_BOUND('',#4390,.F.);
#4392=ADVANCED_FACE('',(#4391),#4382,.F.);
#4393=CARTESIAN_POINT('',(-5.216587911303E1,2.836824302175E1,0.E0));
#4394=DIRECTION('',(1.E0,0.E0,0.E0));
#4395=DIRECTION('',(0.E0,-1.544600664053E-1,-9.879990323305E-1));
#4396=AXIS2_PLACEMENT_3D('',#4393,#4394,#4395);
#4397=CYLINDRICAL_SURFACE('',#4396,9.975E0);
#4398=ORIENTED_EDGE('',*,*,#4388,.F.);
#4400=ORIENTED_EDGE('',*,*,#4399,.T.);
#4401=ORIENTED_EDGE('',*,*,#4384,.T.);
#4402=ORIENTED_EDGE('',*,*,#4241,.T.);
#4403=EDGE_LOOP('',(#4398,#4400,#4401,#4402));
#4404=FACE_OUTER_BOUND('',#4403,.F.);
#4405=ADVANCED_FACE('',(#4404),#4397,.F.);
#4406=CARTESIAN_POINT('',(-5.196587911303E1,2.836824302175E1,0.E0));
#4407=DIRECTION('',(1.E0,0.E0,0.E0));
#4408=DIRECTION('',(0.E0,-1.544600664053E-1,-9.879990323305E-1));
#4409=AXIS2_PLACEMENT_3D('',#4406,#4407,#4408);
#4410=PLANE('',#4409);
#4411=ORIENTED_EDGE('',*,*,#4399,.F.);
#4412=ORIENTED_EDGE('',*,*,#4386,.F.);
#4413=EDGE_LOOP('',(#4411,#4412));
#4414=FACE_OUTER_BOUND('',#4413,.F.);
#4416=ORIENTED_EDGE('',*,*,#4415,.F.);
#4418=ORIENTED_EDGE('',*,*,#4417,.F.);
#4419=EDGE_LOOP('',(#4416,#4418));
#4420=FACE_BOUND('',#4419,.F.);
#4421=ADVANCED_FACE('',(#4414,#4420),#4410,.F.);
#4422=CARTESIAN_POINT('',(-5.216587911303E1,2.836824302175E1,0.E0));
#4423=DIRECTION('',(1.E0,0.E0,0.E0));
#4424=DIRECTION('',(0.E0,-1.544600664053E-1,-9.879990323305E-1));
#4425=AXIS2_PLACEMENT_3D('',#4422,#4423,#4424);
#4426=TOROIDAL_SURFACE('',#4425,9.55E0,2.E-1);
#4428=ORIENTED_EDGE('',*,*,#4427,.F.);
#4430=ORIENTED_EDGE('',*,*,#4429,.F.);
#4432=ORIENTED_EDGE('',*,*,#4431,.T.);
#4433=ORIENTED_EDGE('',*,*,#4415,.T.);
#4434=EDGE_LOOP('',(#4428,#4430,#4432,#4433));
#4435=FACE_OUTER_BOUND('',#4434,.F.);
#4436=ADVANCED_FACE('',(#4435),#4426,.F.);
#4437=CARTESIAN_POINT('',(-5.216587911303E1,2.836824302175E1,0.E0));
#4438=DIRECTION('',(1.E0,0.E0,0.E0));
#4439=DIRECTION('',(0.E0,-1.544600664053E-1,-9.879990323305E-1));
#4440=AXIS2_PLACEMENT_3D('',#4437,#4438,#4439);
#4441=TOROIDAL_SURFACE('',#4440,9.55E0,2.E-1);
#4442=ORIENTED_EDGE('',*,*,#4417,.T.);
#4443=ORIENTED_EDGE('',*,*,#4431,.F.);
#4445=ORIENTED_EDGE('',*,*,#4444,.F.);
#4446=ORIENTED_EDGE('',*,*,#4427,.T.);
#4447=EDGE_LOOP('',(#4442,#4443,#4445,#4446));
#4448=FACE_OUTER_BOUND('',#4447,.F.);
#4449=ADVANCED_FACE('',(#4448),#4441,.F.);
#4450=CARTESIAN_POINT('',(-5.226587911303E1,2.836824302175E1,0.E0));
#4451=DIRECTION('',(1.E0,0.E0,0.E0));
#4452=DIRECTION('',(0.E0,-1.544600664053E-1,-9.879990323305E-1));
#4453=AXIS2_PLACEMENT_3D('',#4450,#4451,#4452);
#4454=CONICAL_SURFACE('',#4453,9.225E0,3.686989764584E1);
#4456=ORIENTED_EDGE('',*,*,#4455,.F.);
#4457=ORIENTED_EDGE('',*,*,#4444,.T.);
#4459=ORIENTED_EDGE('',*,*,#4458,.T.);
#4461=ORIENTED_EDGE('',*,*,#4460,.T.);
#4462=EDGE_LOOP('',(#4456,#4457,#4459,#4461));
#4463=FACE_OUTER_BOUND('',#4462,.F.);
#4464=ADVANCED_FACE('',(#4463),#4454,.T.);
#4465=CARTESIAN_POINT('',(-5.226587911303E1,2.836824302175E1,0.E0));
#4466=DIRECTION('',(1.E0,0.E0,0.E0));
#4467=DIRECTION('',(0.E0,-1.544600664053E-1,-9.879990323305E-1));
#4468=AXIS2_PLACEMENT_3D('',#4465,#4466,#4467);
#4469=CONICAL_SURFACE('',#4468,9.225E0,3.686989764584E1);
#4471=ORIENTED_EDGE('',*,*,#4470,.T.);
#4472=ORIENTED_EDGE('',*,*,#4458,.F.);
#4473=ORIENTED_EDGE('',*,*,#4429,.T.);
#4474=ORIENTED_EDGE('',*,*,#4455,.T.);
#4475=EDGE_LOOP('',(#4471,#4472,#4473,#4474));
#4476=FACE_OUTER_BOUND('',#4475,.F.);
#4477=ADVANCED_FACE('',(#4476),#4469,.T.);
#4478=CARTESIAN_POINT('',(-5.236587911303E1,2.836824302175E1,0.E0));
#4479=DIRECTION('',(1.E0,0.E0,0.E0));
#4480=DIRECTION('',(0.E0,-1.544600664053E-1,-9.879990323305E-1));
#4481=AXIS2_PLACEMENT_3D('',#4478,#4479,#4480);
#4482=TOROIDAL_SURFACE('',#4481,8.9E0,2.E-1);
#4484=ORIENTED_EDGE('',*,*,#4483,.T.);
#4486=ORIENTED_EDGE('',*,*,#4485,.F.);
#4487=ORIENTED_EDGE('',*,*,#4470,.F.);
#4489=ORIENTED_EDGE('',*,*,#4488,.T.);
#4490=EDGE_LOOP('',(#4484,#4486,#4487,#4489));
#4491=FACE_OUTER_BOUND('',#4490,.F.);
#4492=ADVANCED_FACE('',(#4491),#4482,.T.);
#4493=CARTESIAN_POINT('',(-5.256587911303E1,2.836824302175E1,0.E0));
#4494=DIRECTION('',(1.E0,0.E0,0.E0));
#4495=DIRECTION('',(0.E0,-1.544600664053E-1,-9.879990323305E-1));
#4496=AXIS2_PLACEMENT_3D('',#4493,#4494,#4495);
#4497=PLANE('',#4496);
#4498=ORIENTED_EDGE('',*,*,#4483,.F.);
#4500=ORIENTED_EDGE('',*,*,#4499,.F.);
#4501=EDGE_LOOP('',(#4498,#4500));
#4502=FACE_OUTER_BOUND('',#4501,.F.);
#4504=ORIENTED_EDGE('',*,*,#4503,.F.);
#4506=ORIENTED_EDGE('',*,*,#4505,.F.);
#4507=EDGE_LOOP('',(#4504,#4506));
#4508=FACE_BOUND('',#4507,.F.);
#4509=ADVANCED_FACE('',(#4502,#4508),#4497,.F.);
#4510=CARTESIAN_POINT('',(-5.236587911303E1,2.836824302175E1,0.E0));
#4511=DIRECTION('',(1.E0,0.E0,0.E0));
#4512=DIRECTION('',(0.E0,-1.544600664053E-1,-9.879990323305E-1));
#4513=AXIS2_PLACEMENT_3D('',#4510,#4511,#4512);
#4514=TOROIDAL_SURFACE('',#4513,8.9E0,2.E-1);
#4515=ORIENTED_EDGE('',*,*,#4488,.F.);
#4516=ORIENTED_EDGE('',*,*,#4460,.F.);
#4517=ORIENTED_EDGE('',*,*,#4485,.T.);
#4518=ORIENTED_EDGE('',*,*,#4499,.T.);
#4519=EDGE_LOOP('',(#4515,#4516,#4517,#4518));
#4520=FACE_OUTER_BOUND('',#4519,.F.);
#4521=ADVANCED_FACE('',(#4520),#4514,.T.);
#4522=CARTESIAN_POINT('',(-5.216587911303E1,2.836824302175E1,0.E0));
#4523=DIRECTION('',(1.E0,0.E0,0.E0));
#4524=DIRECTION('',(0.E0,-1.544600664053E-1,-9.879990323305E-1));
#4525=AXIS2_PLACEMENT_3D('',#4522,#4523,#4524);
#4526=CYLINDRICAL_SURFACE('',#4525,6.55E0);
#4528=ORIENTED_EDGE('',*,*,#4527,.F.);
#4530=ORIENTED_EDGE('',*,*,#4529,.T.);
#4532=ORIENTED_EDGE('',*,*,#4531,.T.);
#4533=ORIENTED_EDGE('',*,*,#4503,.T.);
#4534=EDGE_LOOP('',(#4528,#4530,#4532,#4533));
#4535=FACE_OUTER_BOUND('',#4534,.F.);
#4536=ADVANCED_FACE('',(#4535),#4526,.F.);
#4537=CARTESIAN_POINT('',(-5.216587911303E1,2.836824302175E1,0.E0));
#4538=DIRECTION('',(1.E0,0.E0,0.E0));
#4539=DIRECTION('',(0.E0,-1.544600664053E-1,-9.879990323305E-1));
#4540=AXIS2_PLACEMENT_3D('',#4537,#4538,#4539);
#4541=CYLINDRICAL_SURFACE('',#4540,6.55E0);
#4542=ORIENTED_EDGE('',*,*,#4505,.T.);
#4543=ORIENTED_EDGE('',*,*,#4531,.F.);
#4545=ORIENTED_EDGE('',*,*,#4544,.T.);
#4546=ORIENTED_EDGE('',*,*,#4527,.T.);
#4547=EDGE_LOOP('',(#4542,#4543,#4545,#4546));
#4548=FACE_OUTER_BOUND('',#4547,.F.);
#4549=ADVANCED_FACE('',(#4548),#4541,.F.);
#4550=CARTESIAN_POINT('',(-5.216587911303E1,2.836824302175E1,0.E0));
#4551=DIRECTION('',(1.E0,0.E0,0.E0));
#4552=DIRECTION('',(0.E0,-1.544600664053E-1,-9.879990323305E-1));
#4553=AXIS2_PLACEMENT_3D('',#4550,#4551,#4552);
#4554=PLANE('',#4553);
#4556=ORIENTED_EDGE('',*,*,#4555,.F.);
#4558=ORIENTED_EDGE('',*,*,#4557,.F.);
#4559=EDGE_LOOP('',(#4556,#4558));
#4560=FACE_OUTER_BOUND('',#4559,.F.);
#4561=ORIENTED_EDGE('',*,*,#4529,.F.);
#4562=ORIENTED_EDGE('',*,*,#4544,.F.);
#4563=EDGE_LOOP('',(#4561,#4562));
#4564=FACE_BOUND('',#4563,.F.);
#4565=ADVANCED_FACE('',(#4560,#4564),#4554,.T.);
#4566=CARTESIAN_POINT('',(-5.216587911303E1,2.836824302175E1,0.E0));
#4567=DIRECTION('',(1.E0,0.E0,0.E0));
#4568=DIRECTION('',(0.E0,-1.544600664053E-1,-9.879990323305E-1));
#4569=AXIS2_PLACEMENT_3D('',#4566,#4567,#4568);
#4570=CYLINDRICAL_SURFACE('',#4569,6.75E0);
#4572=ORIENTED_EDGE('',*,*,#4571,.T.);
#4574=ORIENTED_EDGE('',*,*,#4573,.F.);
#4575=ORIENTED_EDGE('',*,*,#4555,.T.);
#4577=ORIENTED_EDGE('',*,*,#4576,.T.);
#4578=EDGE_LOOP('',(#4572,#4574,#4575,#4577));
#4579=FACE_OUTER_BOUND('',#4578,.F.);
#4580=ADVANCED_FACE('',(#4579),#4570,.T.);
#4581=CARTESIAN_POINT('',(-5.236587911303E1,2.836824302175E1,0.E0));
#4582=DIRECTION('',(1.E0,0.E0,0.E0));
#4583=DIRECTION('',(0.E0,-1.544600664053E-1,-9.879990323305E-1));
#4584=AXIS2_PLACEMENT_3D('',#4581,#4582,#4583);
#4585=PLANE('',#4584);
#4587=ORIENTED_EDGE('',*,*,#4586,.F.);
#4589=ORIENTED_EDGE('',*,*,#4588,.F.);
#4590=EDGE_LOOP('',(#4587,#4589));
#4591=FACE_OUTER_BOUND('',#4590,.F.);
#4592=ORIENTED_EDGE('',*,*,#4571,.F.);
#4594=ORIENTED_EDGE('',*,*,#4593,.F.);
#4595=EDGE_LOOP('',(#4592,#4594));
#4596=FACE_BOUND('',#4595,.F.);
#4597=ADVANCED_FACE('',(#4591,#4596),#4585,.T.);
#4598=CARTESIAN_POINT('',(-5.216587911303E1,2.836824302175E1,0.E0));
#4599=DIRECTION('',(1.E0,0.E0,0.E0));
#4600=DIRECTION('',(0.E0,-1.544600664053E-1,-9.879990323305E-1));
#4601=AXIS2_PLACEMENT_3D('',#4598,#4599,#4600);
#4602=TOROIDAL_SURFACE('',#4601,8.8E0,2.E-1);
#4604=ORIENTED_EDGE('',*,*,#4603,.F.);
#4606=ORIENTED_EDGE('',*,*,#4605,.F.);
#4608=ORIENTED_EDGE('',*,*,#4607,.T.);
#4609=ORIENTED_EDGE('',*,*,#4586,.T.);
#4610=EDGE_LOOP('',(#4604,#4606,#4608,#4609));
#4611=FACE_OUTER_BOUND('',#4610,.F.);
#4612=ADVANCED_FACE('',(#4611),#4602,.F.);
#4613=CARTESIAN_POINT('',(-5.216587911303E1,2.836824302175E1,0.E0));
#4614=DIRECTION('',(1.E0,0.E0,0.E0));
#4615=DIRECTION('',(0.E0,-1.544600664053E-1,-9.879990323305E-1));
#4616=AXIS2_PLACEMENT_3D('',#4613,#4614,#4615);
#4617=TOROIDAL_SURFACE('',#4616,8.8E0,2.E-1);
#4618=ORIENTED_EDGE('',*,*,#4588,.T.);
#4619=ORIENTED_EDGE('',*,*,#4607,.F.);
#4621=ORIENTED_EDGE('',*,*,#4620,.F.);
#4622=ORIENTED_EDGE('',*,*,#4603,.T.);
#4623=EDGE_LOOP('',(#4618,#4619,#4621,#4622));
#4624=FACE_OUTER_BOUND('',#4623,.F.);
#4625=ADVANCED_FACE('',(#4624),#4617,.F.);
#4626=CARTESIAN_POINT('',(-5.206587911303E1,2.836824302175E1,0.E0));
#4627=DIRECTION('',(1.E0,0.E0,0.E0));
#4628=DIRECTION('',(0.E0,-1.544600664053E-1,-9.879990323305E-1));
#4629=AXIS2_PLACEMENT_3D('',#4626,#4627,#4628);
#4630=CONICAL_SURFACE('',#4629,9.125E0,3.686989764584E1);
#4631=ORIENTED_EDGE('',*,*,#4620,.T.);
#4633=ORIENTED_EDGE('',*,*,#4632,.F.);
#4635=ORIENTED_EDGE('',*,*,#4634,.T.);
#4637=ORIENTED_EDGE('',*,*,#4636,.T.);
#4638=EDGE_LOOP('',(#4631,#4633,#4635,#4637));
#4639=FACE_OUTER_BOUND('',#4638,.F.);
#4640=ADVANCED_FACE('',(#4639),#4630,.F.);
#4641=CARTESIAN_POINT('',(-5.206587911303E1,2.836824302175E1,0.E0));
#4642=DIRECTION('',(1.E0,0.E0,0.E0));
#4643=DIRECTION('',(0.E0,-1.544600664053E-1,-9.879990323305E-1));
#4644=AXIS2_PLACEMENT_3D('',#4641,#4642,#4643);
#4645=CONICAL_SURFACE('',#4644,9.125E0,3.686989764584E1);
#4646=ORIENTED_EDGE('',*,*,#4636,.F.);
#4648=ORIENTED_EDGE('',*,*,#4647,.T.);
#4649=ORIENTED_EDGE('',*,*,#4632,.T.);
#4650=ORIENTED_EDGE('',*,*,#4605,.T.);
#4651=EDGE_LOOP('',(#4646,#4648,#4649,#4650));
#4652=FACE_OUTER_BOUND('',#4651,.F.);
#4653=ADVANCED_FACE('',(#4652),#4645,.F.);
#4654=CARTESIAN_POINT('',(-5.196587911303E1,2.836824302175E1,0.E0));
#4655=DIRECTION('',(1.E0,0.E0,0.E0));
#4656=DIRECTION('',(0.E0,-1.544600664053E-1,-9.879990323305E-1));
#4657=AXIS2_PLACEMENT_3D('',#4654,#4655,#4656);
#4658=TOROIDAL_SURFACE('',#4657,9.45E0,2.E-1);
#4660=ORIENTED_EDGE('',*,*,#4659,.T.);
#4662=ORIENTED_EDGE('',*,*,#4661,.F.);
#4663=ORIENTED_EDGE('',*,*,#4647,.F.);
#4665=ORIENTED_EDGE('',*,*,#4664,.T.);
#4666=EDGE_LOOP('',(#4660,#4662,#4663,#4665));
#4667=FACE_OUTER_BOUND('',#4666,.F.);
#4668=ADVANCED_FACE('',(#4667),#4658,.T.);
#4669=CARTESIAN_POINT('',(-5.176587911303E1,2.836824302175E1,0.E0));
#4670=DIRECTION('',(1.E0,0.E0,0.E0));
#4671=DIRECTION('',(0.E0,-1.544600664053E-1,-9.879990323305E-1));
#4672=AXIS2_PLACEMENT_3D('',#4669,#4670,#4671);
#4673=PLANE('',#4672);
#4675=ORIENTED_EDGE('',*,*,#4674,.T.);
#4677=ORIENTED_EDGE('',*,*,#4676,.T.);
#4678=EDGE_LOOP('',(#4675,#4677));
#4679=FACE_OUTER_BOUND('',#4678,.F.);
#4680=ORIENTED_EDGE('',*,*,#4659,.F.);
#4682=ORIENTED_EDGE('',*,*,#4681,.F.);
#4683=EDGE_LOOP('',(#4680,#4682));
#4684=FACE_BOUND('',#4683,.F.);
#4685=ADVANCED_FACE('',(#4679,#4684),#4673,.T.);
#4686=CARTESIAN_POINT('',(-4.886587911303E1,2.836824302175E1,0.E0));
#4687=DIRECTION('',(-1.E0,0.E0,0.E0));
#4688=DIRECTION('',(0.E0,0.E0,1.E0));
#4689=AXIS2_PLACEMENT_3D('',#4686,#4687,#4688);
#4690=CYLINDRICAL_SURFACE('',#4689,9.5E0);
#4691=ORIENTED_EDGE('',*,*,#4674,.F.);
#4693=ORIENTED_EDGE('',*,*,#4692,.T.);
#4695=ORIENTED_EDGE('',*,*,#4694,.T.);
#4697=ORIENTED_EDGE('',*,*,#4696,.F.);
#4698=EDGE_LOOP('',(#4691,#4693,#4695,#4697));
#4699=FACE_OUTER_BOUND('',#4698,.F.);
#4700=ADVANCED_FACE('',(#4699),#4690,.F.);
#4701=CARTESIAN_POINT('',(-4.886587911303E1,2.836824302175E1,0.E0));
#4702=DIRECTION('',(-1.E0,0.E0,0.E0));
#4703=DIRECTION('',(0.E0,0.E0,1.E0));
#4704=AXIS2_PLACEMENT_3D('',#4701,#4702,#4703);
#4705=CYLINDRICAL_SURFACE('',#4704,9.5E0);
#4706=ORIENTED_EDGE('',*,*,#4676,.F.);
#4707=ORIENTED_EDGE('',*,*,#4696,.T.);
#4709=ORIENTED_EDGE('',*,*,#4708,.T.);
#4710=ORIENTED_EDGE('',*,*,#4692,.F.);
#4711=EDGE_LOOP('',(#4706,#4707,#4709,#4710));
#4712=FACE_OUTER_BOUND('',#4711,.F.);
#4713=ADVANCED_FACE('',(#4712),#4705,.F.);
#4714=CARTESIAN_POINT('',(-4.886587911303E1,2.836824302175E1,0.E0));
#4715=DIRECTION('',(-1.E0,0.E0,0.E0));
#4716=DIRECTION('',(0.E0,0.E0,1.E0));
#4717=AXIS2_PLACEMENT_3D('',#4714,#4715,#4716);
#4718=TOROIDAL_SURFACE('',#4717,7.84E0,2.06E0);
#4720=ORIENTED_EDGE('',*,*,#4719,.F.);
#4721=ORIENTED_EDGE('',*,*,#4708,.F.);
#4723=ORIENTED_EDGE('',*,*,#4722,.F.);
#4725=ORIENTED_EDGE('',*,*,#4724,.F.);
#4726=EDGE_LOOP('',(#4720,#4721,#4723,#4725));
#4727=FACE_OUTER_BOUND('',#4726,.F.);
#4728=ADVANCED_FACE('',(#4727),#4718,.F.);
#4729=CARTESIAN_POINT('',(-4.886587911303E1,2.836824302175E1,0.E0));
#4730=DIRECTION('',(-1.E0,0.E0,0.E0));
#4731=DIRECTION('',(0.E0,0.E0,1.E0));
#4732=AXIS2_PLACEMENT_3D('',#4729,#4730,#4731);
#4733=TOROIDAL_SURFACE('',#4732,7.84E0,2.06E0);
#4735=ORIENTED_EDGE('',*,*,#4734,.F.);
#4736=ORIENTED_EDGE('',*,*,#4722,.T.);
#4737=ORIENTED_EDGE('',*,*,#4694,.F.);
#4738=ORIENTED_EDGE('',*,*,#4719,.T.);
#4739=EDGE_LOOP('',(#4735,#4736,#4737,#4738));
#4740=FACE_OUTER_BOUND('',#4739,.F.);
#4741=ADVANCED_FACE('',(#4740),#4733,.F.);
#4742=CARTESIAN_POINT('',(-4.886587911303E1,2.836824302175E1,0.E0));
#4743=DIRECTION('',(-1.E0,0.E0,0.E0));
#4744=DIRECTION('',(0.E0,0.E0,1.E0));
#4745=AXIS2_PLACEMENT_3D('',#4742,#4743,#4744);
#4746=CYLINDRICAL_SURFACE('',#4745,9.5E0);
#4748=ORIENTED_EDGE('',*,*,#4747,.T.);
#4750=ORIENTED_EDGE('',*,*,#4749,.F.);
#4751=ORIENTED_EDGE('',*,*,#4734,.T.);
#4753=ORIENTED_EDGE('',*,*,#4752,.T.);
#4754=EDGE_LOOP('',(#4748,#4750,#4751,#4753));
#4755=FACE_OUTER_BOUND('',#4754,.F.);
#4756=ADVANCED_FACE('',(#4755),#4746,.F.);
#4757=CARTESIAN_POINT('',(-4.596587911303E1,2.836824302175E1,0.E0));
#4758=DIRECTION('',(-1.E0,0.E0,0.E0));
#4759=DIRECTION('',(0.E0,8.541525321584E-1,5.200225493259E-1));
#4760=AXIS2_PLACEMENT_3D('',#4757,#4758,#4759);
#4761=PLANE('',#4760);
#4762=ORIENTED_EDGE('',*,*,#4747,.F.);
#4764=ORIENTED_EDGE('',*,*,#4763,.F.);
#4765=EDGE_LOOP('',(#4762,#4764));
#4766=FACE_OUTER_BOUND('',#4765,.F.);
#4768=ORIENTED_EDGE('',*,*,#4767,.F.);
#4770=ORIENTED_EDGE('',*,*,#4769,.F.);
#4771=EDGE_LOOP('',(#4768,#4770));
#4772=FACE_BOUND('',#4771,.F.);
#4773=ADVANCED_FACE('',(#4766,#4772),#4761,.T.);
#4774=CARTESIAN_POINT('',(-4.886587911303E1,2.836824302175E1,0.E0));
#4775=DIRECTION('',(-1.E0,0.E0,0.E0));
#4776=DIRECTION('',(0.E0,0.E0,1.E0));
#4777=AXIS2_PLACEMENT_3D('',#4774,#4775,#4776);
#4778=CYLINDRICAL_SURFACE('',#4777,9.5E0);
#4779=ORIENTED_EDGE('',*,*,#4763,.T.);
#4780=ORIENTED_EDGE('',*,*,#4752,.F.);
#4781=ORIENTED_EDGE('',*,*,#4724,.T.);
#4782=ORIENTED_EDGE('',*,*,#4749,.T.);
#4783=EDGE_LOOP('',(#4779,#4780,#4781,#4782));
#4784=FACE_OUTER_BOUND('',#4783,.F.);
#4785=ADVANCED_FACE('',(#4784),#4778,.F.);
#4786=CARTESIAN_POINT('',(-4.576587911303E1,2.836824302175E1,0.E0));
#4787=DIRECTION('',(-1.E0,0.E0,0.E0));
#4788=DIRECTION('',(0.E0,8.541525321584E-1,5.200225493259E-1));
#4789=AXIS2_PLACEMENT_3D('',#4786,#4787,#4788);
#4790=TOROIDAL_SURFACE('',#4789,9.45E0,2.E-1);
#4791=ORIENTED_EDGE('',*,*,#4767,.T.);
#4793=ORIENTED_EDGE('',*,*,#4792,.F.);
#4795=ORIENTED_EDGE('',*,*,#4794,.F.);
#4797=ORIENTED_EDGE('',*,*,#4796,.T.);
#4798=EDGE_LOOP('',(#4791,#4793,#4795,#4797));
#4799=FACE_OUTER_BOUND('',#4798,.F.);
#4800=ADVANCED_FACE('',(#4799),#4790,.T.);
#4801=CARTESIAN_POINT('',(-4.576587911303E1,2.836824302175E1,0.E0));
#4802=DIRECTION('',(-1.E0,0.E0,0.E0));
#4803=DIRECTION('',(0.E0,8.541525321584E-1,5.200225493259E-1));
#4804=AXIS2_PLACEMENT_3D('',#4801,#4802,#4803);
#4805=TOROIDAL_SURFACE('',#4804,9.45E0,2.E-1);
#4806=ORIENTED_EDGE('',*,*,#4796,.F.);
#4808=ORIENTED_EDGE('',*,*,#4807,.F.);
#4809=ORIENTED_EDGE('',*,*,#4792,.T.);
#4810=ORIENTED_EDGE('',*,*,#4769,.T.);
#4811=EDGE_LOOP('',(#4806,#4808,#4809,#4810));
#4812=FACE_OUTER_BOUND('',#4811,.F.);
#4813=ADVANCED_FACE('',(#4812),#4805,.T.);
#4814=CARTESIAN_POINT('',(-4.566587911303E1,2.836824302175E1,0.E0));
#4815=DIRECTION('',(-1.E0,0.E0,0.E0));
#4816=DIRECTION('',(0.E0,8.541525321584E-1,5.200225493259E-1));
#4817=AXIS2_PLACEMENT_3D('',#4814,#4815,#4816);
#4818=CONICAL_SURFACE('',#4817,9.125E0,3.686989764584E1);
#4820=ORIENTED_EDGE('',*,*,#4819,.T.);
#4822=ORIENTED_EDGE('',*,*,#4821,.F.);
#4823=ORIENTED_EDGE('',*,*,#4807,.T.);
#4825=ORIENTED_EDGE('',*,*,#4824,.T.);
#4826=EDGE_LOOP('',(#4820,#4822,#4823,#4825));
#4827=FACE_OUTER_BOUND('',#4826,.F.);
#4828=ADVANCED_FACE('',(#4827),#4818,.F.);
#4829=CARTESIAN_POINT('',(-4.556587911303E1,2.836824302175E1,0.E0));
#4830=DIRECTION('',(-1.E0,0.E0,0.E0));
#4831=DIRECTION('',(0.E0,8.541525321584E-1,5.200225493259E-1));
#4832=AXIS2_PLACEMENT_3D('',#4829,#4830,#4831);
#4833=TOROIDAL_SURFACE('',#4832,8.8E0,2.E-1);
#4835=ORIENTED_EDGE('',*,*,#4834,.T.);
#4837=ORIENTED_EDGE('',*,*,#4836,.F.);
#4838=ORIENTED_EDGE('',*,*,#4819,.F.);
#4840=ORIENTED_EDGE('',*,*,#4839,.T.);
#4841=EDGE_LOOP('',(#4835,#4837,#4838,#4840));
#4842=FACE_OUTER_BOUND('',#4841,.F.);
#4843=ADVANCED_FACE('',(#4842),#4833,.F.);
#4844=CARTESIAN_POINT('',(-4.536587911303E1,2.836824302175E1,0.E0));
#4845=DIRECTION('',(-1.E0,0.E0,0.E0));
#4846=DIRECTION('',(0.E0,8.541525321584E-1,5.200225493259E-1));
#4847=AXIS2_PLACEMENT_3D('',#4844,#4845,#4846);
#4848=PLANE('',#4847);
#4850=ORIENTED_EDGE('',*,*,#4849,.F.);
#4851=ORIENTED_EDGE('',*,*,#4834,.F.);
#4852=EDGE_LOOP('',(#4850,#4851));
#4853=FACE_OUTER_BOUND('',#4852,.F.);
#4855=ORIENTED_EDGE('',*,*,#4854,.F.);
#4857=ORIENTED_EDGE('',*,*,#4856,.F.);
#4858=EDGE_LOOP('',(#4855,#4857));
#4859=FACE_BOUND('',#4858,.F.);
#4860=ADVANCED_FACE('',(#4853,#4859),#4848,.T.);
#4861=CARTESIAN_POINT('',(-4.556587911303E1,2.836824302175E1,0.E0));
#4862=DIRECTION('',(-1.E0,0.E0,0.E0));
#4863=DIRECTION('',(0.E0,8.541525321584E-1,5.200225493259E-1));
#4864=AXIS2_PLACEMENT_3D('',#4861,#4862,#4863);
#4865=TOROIDAL_SURFACE('',#4864,8.8E0,2.E-1);
#4866=ORIENTED_EDGE('',*,*,#4839,.F.);
#4868=ORIENTED_EDGE('',*,*,#4867,.F.);
#4869=ORIENTED_EDGE('',*,*,#4836,.T.);
#4870=ORIENTED_EDGE('',*,*,#4849,.T.);
#4871=EDGE_LOOP('',(#4866,#4868,#4869,#4870));
#4872=FACE_OUTER_BOUND('',#4871,.F.);
#4873=ADVANCED_FACE('',(#4872),#4865,.F.);
#4874=CARTESIAN_POINT('',(-4.566587911303E1,2.836824302175E1,0.E0));
#4875=DIRECTION('',(-1.E0,0.E0,0.E0));
#4876=DIRECTION('',(0.E0,8.541525321584E-1,5.200225493259E-1));
#4877=AXIS2_PLACEMENT_3D('',#4874,#4875,#4876);
#4878=CONICAL_SURFACE('',#4877,9.125E0,3.686989764584E1);
#4879=ORIENTED_EDGE('',*,*,#4824,.F.);
#4880=ORIENTED_EDGE('',*,*,#4794,.T.);
#4881=ORIENTED_EDGE('',*,*,#4821,.T.);
#4882=ORIENTED_EDGE('',*,*,#4867,.T.);
#4883=EDGE_LOOP('',(#4879,#4880,#4881,#4882));
#4884=FACE_OUTER_BOUND('',#4883,.F.);
#4885=ADVANCED_FACE('',(#4884),#4878,.F.);
#4886=CARTESIAN_POINT('',(-4.556587911303E1,2.836824302175E1,0.E0));
#4887=DIRECTION('',(-1.E0,0.E0,0.E0));
#4888=DIRECTION('',(0.E0,8.541525321584E-1,5.200225493259E-1));
#4889=AXIS2_PLACEMENT_3D('',#4886,#4887,#4888);
#4890=CYLINDRICAL_SURFACE('',#4889,6.75E0);
#4891=ORIENTED_EDGE('',*,*,#4854,.T.);
#4893=ORIENTED_EDGE('',*,*,#4892,.F.);
#4895=ORIENTED_EDGE('',*,*,#4894,.T.);
#4897=ORIENTED_EDGE('',*,*,#4896,.T.);
#4898=EDGE_LOOP('',(#4891,#4893,#4895,#4897));
#4899=FACE_OUTER_BOUND('',#4898,.F.);
#4900=ADVANCED_FACE('',(#4899),#4890,.T.);
#4901=CARTESIAN_POINT('',(-4.556587911303E1,2.836824302175E1,0.E0));
#4902=DIRECTION('',(-1.E0,0.E0,0.E0));
#4903=DIRECTION('',(0.E0,8.541525321584E-1,5.200225493259E-1));
#4904=AXIS2_PLACEMENT_3D('',#4901,#4902,#4903);
#4905=CYLINDRICAL_SURFACE('',#4904,6.75E0);
#4906=ORIENTED_EDGE('',*,*,#4896,.F.);
#4908=ORIENTED_EDGE('',*,*,#4907,.T.);
#4909=ORIENTED_EDGE('',*,*,#4892,.T.);
#4910=ORIENTED_EDGE('',*,*,#4856,.T.);
#4911=EDGE_LOOP('',(#4906,#4908,#4909,#4910));
#4912=FACE_OUTER_BOUND('',#4911,.F.);
#4913=ADVANCED_FACE('',(#4912),#4905,.T.);
#4914=CARTESIAN_POINT('',(-4.556587911303E1,2.836824302175E1,0.E0));
#4915=DIRECTION('',(-1.E0,0.E0,0.E0));
#4916=DIRECTION('',(0.E0,8.541525321584E-1,5.200225493259E-1));
#4917=AXIS2_PLACEMENT_3D('',#4914,#4915,#4916);
#4918=PLANE('',#4917);
#4919=ORIENTED_EDGE('',*,*,#4894,.F.);
#4920=ORIENTED_EDGE('',*,*,#4907,.F.);
#4921=EDGE_LOOP('',(#4919,#4920));
#4922=FACE_OUTER_BOUND('',#4921,.F.);
#4924=ORIENTED_EDGE('',*,*,#4923,.F.);
#4926=ORIENTED_EDGE('',*,*,#4925,.F.);
#4927=EDGE_LOOP('',(#4924,#4926));
#4928=FACE_BOUND('',#4927,.F.);
#4929=ADVANCED_FACE('',(#4922,#4928),#4918,.T.);
#4930=CARTESIAN_POINT('',(-4.556587911303E1,2.836824302175E1,0.E0));
#4931=DIRECTION('',(-1.E0,0.E0,0.E0));
#4932=DIRECTION('',(0.E0,8.541525321584E-1,5.200225493259E-1));
#4933=AXIS2_PLACEMENT_3D('',#4930,#4931,#4932);
#4934=CYLINDRICAL_SURFACE('',#4933,6.55E0);
#4936=ORIENTED_EDGE('',*,*,#4935,.F.);
#4937=ORIENTED_EDGE('',*,*,#4923,.T.);
#4939=ORIENTED_EDGE('',*,*,#4938,.T.);
#4941=ORIENTED_EDGE('',*,*,#4940,.T.);
#4942=EDGE_LOOP('',(#4936,#4937,#4939,#4941));
#4943=FACE_OUTER_BOUND('',#4942,.F.);
#4944=ADVANCED_FACE('',(#4943),#4934,.F.);
#4945=CARTESIAN_POINT('',(-4.556587911303E1,2.836824302175E1,0.E0));
#4946=DIRECTION('',(-1.E0,0.E0,0.E0));
#4947=DIRECTION('',(0.E0,8.541525321584E-1,5.200225493259E-1));
#4948=AXIS2_PLACEMENT_3D('',#4945,#4946,#4947);
#4949=CYLINDRICAL_SURFACE('',#4948,6.55E0);
#4951=ORIENTED_EDGE('',*,*,#4950,.T.);
#4952=ORIENTED_EDGE('',*,*,#4938,.F.);
#4953=ORIENTED_EDGE('',*,*,#4925,.T.);
#4954=ORIENTED_EDGE('',*,*,#4935,.T.);
#4955=EDGE_LOOP('',(#4951,#4952,#4953,#4954));
#4956=FACE_OUTER_BOUND('',#4955,.F.);
#4957=ADVANCED_FACE('',(#4956),#4949,.F.);
#4958=CARTESIAN_POINT('',(-4.516587911303E1,2.836824302175E1,0.E0));
#4959=DIRECTION('',(-1.E0,0.E0,0.E0));
#4960=DIRECTION('',(0.E0,8.541525321584E-1,5.200225493259E-1));
#4961=AXIS2_PLACEMENT_3D('',#4958,#4959,#4960);
#4962=PLANE('',#4961);
#4964=ORIENTED_EDGE('',*,*,#4963,.F.);
#4966=ORIENTED_EDGE('',*,*,#4965,.F.);
#4967=EDGE_LOOP('',(#4964,#4966));
#4968=FACE_OUTER_BOUND('',#4967,.F.);
#4969=ORIENTED_EDGE('',*,*,#4940,.F.);
#4970=ORIENTED_EDGE('',*,*,#4950,.F.);
#4971=EDGE_LOOP('',(#4969,#4970));
#4972=FACE_BOUND('',#4971,.F.);
#4973=ADVANCED_FACE('',(#4968,#4972),#4962,.F.);
#4974=CARTESIAN_POINT('',(-4.536587911303E1,2.836824302175E1,0.E0));
#4975=DIRECTION('',(-1.E0,0.E0,0.E0));
#4976=DIRECTION('',(0.E0,8.541525321584E-1,5.200225493259E-1));
#4977=AXIS2_PLACEMENT_3D('',#4974,#4975,#4976);
#4978=TOROIDAL_SURFACE('',#4977,8.9E0,2.E-1);
#4979=ORIENTED_EDGE('',*,*,#4963,.T.);
#4981=ORIENTED_EDGE('',*,*,#4980,.F.);
#4983=ORIENTED_EDGE('',*,*,#4982,.F.);
#4985=ORIENTED_EDGE('',*,*,#4984,.T.);
#4986=EDGE_LOOP('',(#4979,#4981,#4983,#4985));
#4987=FACE_OUTER_BOUND('',#4986,.F.);
#4988=ADVANCED_FACE('',(#4987),#4978,.T.);
#4989=CARTESIAN_POINT('',(-4.536587911303E1,2.836824302175E1,0.E0));
#4990=DIRECTION('',(-1.E0,0.E0,0.E0));
#4991=DIRECTION('',(0.E0,8.541525321584E-1,5.200225493259E-1));
#4992=AXIS2_PLACEMENT_3D('',#4989,#4990,#4991);
#4993=TOROIDAL_SURFACE('',#4992,8.9E0,2.E-1);
#4994=ORIENTED_EDGE('',*,*,#4984,.F.);
#4996=ORIENTED_EDGE('',*,*,#4995,.F.);
#4997=ORIENTED_EDGE('',*,*,#4980,.T.);
#4998=ORIENTED_EDGE('',*,*,#4965,.T.);
#4999=EDGE_LOOP('',(#4994,#4996,#4997,#4998));
#5000=FACE_OUTER_BOUND('',#4999,.F.);
#5001=ADVANCED_FACE('',(#5000),#4993,.T.);
#5002=CARTESIAN_POINT('',(-4.546587911303E1,2.836824302175E1,0.E0));
#5003=DIRECTION('',(-1.E0,0.E0,0.E0));
#5004=DIRECTION('',(0.E0,8.541525321584E-1,5.200225493259E-1));
#5005=AXIS2_PLACEMENT_3D('',#5002,#5003,#5004);
#5006=CONICAL_SURFACE('',#5005,9.225E0,3.686989764584E1);
#5008=ORIENTED_EDGE('',*,*,#5007,.F.);
#5010=ORIENTED_EDGE('',*,*,#5009,.T.);
#5012=ORIENTED_EDGE('',*,*,#5011,.T.);
#5013=ORIENTED_EDGE('',*,*,#4995,.T.);
#5014=EDGE_LOOP('',(#5008,#5010,#5012,#5013));
#5015=FACE_OUTER_BOUND('',#5014,.F.);
#5016=ADVANCED_FACE('',(#5015),#5006,.T.);
#5017=CARTESIAN_POINT('',(-4.546587911303E1,2.836824302175E1,0.E0));
#5018=DIRECTION('',(-1.E0,0.E0,0.E0));
#5019=DIRECTION('',(0.E0,8.541525321584E-1,5.200225493259E-1));
#5020=AXIS2_PLACEMENT_3D('',#5017,#5018,#5019);
#5021=CONICAL_SURFACE('',#5020,9.225E0,3.686989764584E1);
#5022=ORIENTED_EDGE('',*,*,#4982,.T.);
#5023=ORIENTED_EDGE('',*,*,#5011,.F.);
#5025=ORIENTED_EDGE('',*,*,#5024,.T.);
#5026=ORIENTED_EDGE('',*,*,#5007,.T.);
#5027=EDGE_LOOP('',(#5022,#5023,#5025,#5026));
#5028=FACE_OUTER_BOUND('',#5027,.F.);
#5029=ADVANCED_FACE('',(#5028),#5021,.T.);
#5030=CARTESIAN_POINT('',(-4.556587911303E1,2.836824302175E1,0.E0));
#5031=DIRECTION('',(-1.E0,0.E0,0.E0));
#5032=DIRECTION('',(0.E0,8.541525321584E-1,5.200225493259E-1));
#5033=AXIS2_PLACEMENT_3D('',#5030,#5031,#5032);
#5034=TOROIDAL_SURFACE('',#5033,9.55E0,2.E-1);
#5036=ORIENTED_EDGE('',*,*,#5035,.F.);
#5037=ORIENTED_EDGE('',*,*,#5024,.F.);
#5039=ORIENTED_EDGE('',*,*,#5038,.T.);
#5041=ORIENTED_EDGE('',*,*,#5040,.T.);
#5042=EDGE_LOOP('',(#5036,#5037,#5039,#5041));
#5043=FACE_OUTER_BOUND('',#5042,.F.);
#5044=ADVANCED_FACE('',(#5043),#5034,.F.);
#5045=CARTESIAN_POINT('',(-4.556587911303E1,2.836824302175E1,0.E0));
#5046=DIRECTION('',(-1.E0,0.E0,0.E0));
#5047=DIRECTION('',(0.E0,8.541525321584E-1,5.200225493259E-1));
#5048=AXIS2_PLACEMENT_3D('',#5045,#5046,#5047);
#5049=TOROIDAL_SURFACE('',#5048,9.55E0,2.E-1);
#5051=ORIENTED_EDGE('',*,*,#5050,.T.);
#5052=ORIENTED_EDGE('',*,*,#5038,.F.);
#5053=ORIENTED_EDGE('',*,*,#5009,.F.);
#5054=ORIENTED_EDGE('',*,*,#5035,.T.);
#5055=EDGE_LOOP('',(#5051,#5052,#5053,#5054));
#5056=FACE_OUTER_BOUND('',#5055,.F.);
#5057=ADVANCED_FACE('',(#5056),#5049,.F.);
#5058=CARTESIAN_POINT('',(-4.576587911303E1,2.836824302175E1,0.E0));
#5059=DIRECTION('',(-1.E0,0.E0,0.E0));
#5060=DIRECTION('',(0.E0,8.541525321584E-1,5.200225493259E-1));
#5061=AXIS2_PLACEMENT_3D('',#5058,#5059,#5060);
#5062=PLANE('',#5061);
#5064=ORIENTED_EDGE('',*,*,#5063,.F.);
#5066=ORIENTED_EDGE('',*,*,#5065,.F.);
#5067=EDGE_LOOP('',(#5064,#5066));
#5068=FACE_OUTER_BOUND('',#5067,.F.);
#5069=ORIENTED_EDGE('',*,*,#5040,.F.);
#5070=ORIENTED_EDGE('',*,*,#5050,.F.);
#5071=EDGE_LOOP('',(#5069,#5070));
#5072=FACE_BOUND('',#5071,.F.);
#5073=ADVANCED_FACE('',(#5068,#5072),#5062,.F.);
#5074=CARTESIAN_POINT('',(-4.556587911303E1,2.836824302175E1,0.E0));
#5075=DIRECTION('',(-1.E0,0.E0,0.E0));
#5076=DIRECTION('',(0.E0,8.541525321584E-1,5.200225493259E-1));
#5077=AXIS2_PLACEMENT_3D('',#5074,#5075,#5076);
#5078=CYLINDRICAL_SURFACE('',#5077,9.975E0);
#5080=ORIENTED_EDGE('',*,*,#5079,.F.);
#5081=ORIENTED_EDGE('',*,*,#5063,.T.);
#5083=ORIENTED_EDGE('',*,*,#5082,.T.);
#5084=ORIENTED_EDGE('',*,*,#3462,.T.);
#5085=EDGE_LOOP('',(#5080,#5081,#5083,#5084));
#5086=FACE_OUTER_BOUND('',#5085,.F.);
#5087=ADVANCED_FACE('',(#5086),#5078,.F.);
#5088=CARTESIAN_POINT('',(-4.556587911303E1,2.836824302175E1,0.E0));
#5089=DIRECTION('',(-1.E0,0.E0,0.E0));
#5090=DIRECTION('',(0.E0,8.541525321584E-1,5.200225493259E-1));
#5091=AXIS2_PLACEMENT_3D('',#5088,#5089,#5090);
#5092=CYLINDRICAL_SURFACE('',#5091,9.975E0);
#5093=ORIENTED_EDGE('',*,*,#3525,.T.);
#5094=ORIENTED_EDGE('',*,*,#5082,.F.);
#5095=ORIENTED_EDGE('',*,*,#5065,.T.);
#5096=ORIENTED_EDGE('',*,*,#5079,.T.);
#5097=EDGE_LOOP('',(#5093,#5094,#5095,#5096));
#5098=FACE_OUTER_BOUND('',#5097,.F.);
#5099=ADVANCED_FACE('',(#5098),#5092,.F.);
#5100=CARTESIAN_POINT('',(-5.196587911303E1,2.836824302175E1,0.E0));
#5101=DIRECTION('',(1.E0,0.E0,0.E0));
#5102=DIRECTION('',(0.E0,-1.544600664053E-1,-9.879990323305E-1));
#5103=AXIS2_PLACEMENT_3D('',#5100,#5101,#5102);
#5104=TOROIDAL_SURFACE('',#5103,9.45E0,2.E-1);
#5105=ORIENTED_EDGE('',*,*,#4664,.F.);
#5106=ORIENTED_EDGE('',*,*,#4634,.F.);
#5107=ORIENTED_EDGE('',*,*,#4661,.T.);
#5108=ORIENTED_EDGE('',*,*,#4681,.T.);
#5109=EDGE_LOOP('',(#5105,#5106,#5107,#5108));
#5110=FACE_OUTER_BOUND('',#5109,.F.);
#5111=ADVANCED_FACE('',(#5110),#5104,.T.);
#5112=CARTESIAN_POINT('',(-5.216587911303E1,2.836824302175E1,0.E0));
#5113=DIRECTION('',(1.E0,0.E0,0.E0));
#5114=DIRECTION('',(0.E0,-1.544600664053E-1,-9.879990323305E-1));
#5115=AXIS2_PLACEMENT_3D('',#5112,#5113,#5114);
#5116=CYLINDRICAL_SURFACE('',#5115,6.75E0);
#5117=ORIENTED_EDGE('',*,*,#4576,.F.);
#5118=ORIENTED_EDGE('',*,*,#4557,.T.);
#5119=ORIENTED_EDGE('',*,*,#4573,.T.);
#5120=ORIENTED_EDGE('',*,*,#4593,.T.);
#5121=EDGE_LOOP('',(#5117,#5118,#5119,#5120));
#5122=FACE_OUTER_BOUND('',#5121,.F.);
#5123=ADVANCED_FACE('',(#5122),#5116,.T.);
#5124=CARTESIAN_POINT('',(-5.217763590804E1,3.340586001008E1,
-1.295577902985E1));
#5125=DIRECTION('',(3.420201433257E-1,-8.766038139896E-1,-3.385084561106E-1));
#5126=DIRECTION('',(0.E0,-3.602331747880E-1,9.328622941153E-1));
#5127=AXIS2_PLACEMENT_3D('',#5124,#5125,#5126);
#5128=PLANE('',#5127);
#5130=ORIENTED_EDGE('',*,*,#5129,.T.);
#5131=ORIENTED_EDGE('',*,*,#4327,.F.);
#5133=ORIENTED_EDGE('',*,*,#5132,.T.);
#5135=ORIENTED_EDGE('',*,*,#5134,.T.);
#5136=EDGE_LOOP('',(#5130,#5131,#5133,#5135));
#5137=FACE_OUTER_BOUND('',#5136,.F.);
#5138=ADVANCED_FACE('',(#5137),#5128,.F.);
#5139=CARTESIAN_POINT('',(-5.254113137108E1,3.337572713179E1,
-1.296741511213E1));
#5140=DIRECTION('',(0.E0,-3.602331747880E-1,9.328622941153E-1));
#5141=DIRECTION('',(0.E0,9.328622941153E-1,3.602331747880E-1));
#5142=AXIS2_PLACEMENT_3D('',#5139,#5140,#5141);
#5143=CYLINDRICAL_SURFACE('',#5142,1.E-1);
#5145=ORIENTED_EDGE('',*,*,#5144,.F.);
#5146=ORIENTED_EDGE('',*,*,#4329,.F.);
#5147=ORIENTED_EDGE('',*,*,#5129,.F.);
#5149=ORIENTED_EDGE('',*,*,#5148,.T.);
#5151=ORIENTED_EDGE('',*,*,#5150,.T.);
#5152=EDGE_LOOP('',(#5145,#5146,#5147,#5149,#5151));
#5153=FACE_OUTER_BOUND('',#5152,.F.);
#5154=ADVANCED_FACE('',(#5153),#5143,.F.);
#5155=CARTESIAN_POINT('',(-5.217763590804E1,3.334559425349E1,
-1.297905119442E1));
#5156=DIRECTION('',(3.420201433257E-1,8.766038139896E-1,3.385084561106E-1));
#5157=DIRECTION('',(0.E0,3.602331747880E-1,-9.328622941153E-1));
#5158=AXIS2_PLACEMENT_3D('',#5155,#5156,#5157);
#5159=PLANE('',#5158);
#5161=ORIENTED_EDGE('',*,*,#5160,.T.);
#5162=ORIENTED_EDGE('',*,*,#4331,.F.);
#5163=ORIENTED_EDGE('',*,*,#5144,.T.);
#5165=ORIENTED_EDGE('',*,*,#5164,.T.);
#5166=EDGE_LOOP('',(#5161,#5162,#5163,#5165));
#5167=FACE_OUTER_BOUND('',#5166,.F.);
#5168=ADVANCED_FACE('',(#5167),#5159,.F.);
#5169=CARTESIAN_POINT('',(-5.254113137108E1,3.337572713179E1,
-1.296741511213E1));
#5170=DIRECTION('',(0.E0,-3.602331747880E-1,9.328622941153E-1));
#5171=DIRECTION('',(0.E0,9.328622941153E-1,3.602331747880E-1));
#5172=AXIS2_PLACEMENT_3D('',#5169,#5170,#5171);
#5173=CYLINDRICAL_SURFACE('',#5172,1.E-1);
#5174=ORIENTED_EDGE('',*,*,#5132,.F.);
#5175=ORIENTED_EDGE('',*,*,#4335,.F.);
#5176=ORIENTED_EDGE('',*,*,#4333,.F.);
#5177=ORIENTED_EDGE('',*,*,#5160,.F.);
#5179=ORIENTED_EDGE('',*,*,#5178,.T.);
#5180=EDGE_LOOP('',(#5174,#5175,#5176,#5177,#5179));
#5181=FACE_OUTER_BOUND('',#5180,.F.);
#5182=ADVANCED_FACE('',(#5181),#5173,.F.);
#5183=CARTESIAN_POINT('',(-5.241587911303E1,2.836824302175E1,0.E0));
#5184=DIRECTION('',(1.E0,0.E0,0.E0));
#5185=DIRECTION('',(0.E0,-1.544600664053E-1,-9.879990323305E-1));
#5186=AXIS2_PLACEMENT_3D('',#5183,#5184,#5185);
#5187=TOROIDAL_SURFACE('',#5186,9.775E0,4.E-1);
#5188=ORIENTED_EDGE('',*,*,#4146,.F.);
#5189=ORIENTED_EDGE('',*,*,#4116,.F.);
#5190=ORIENTED_EDGE('',*,*,#4143,.T.);
#5191=ORIENTED_EDGE('',*,*,#4229,.T.);
#5192=EDGE_LOOP('',(#5188,#5189,#5190,#5191));
#5193=FACE_OUTER_BOUND('',#5192,.F.);
#5195=ORIENTED_EDGE('',*,*,#5194,.F.);
#5197=ORIENTED_EDGE('',*,*,#5196,.F.);
#5199=ORIENTED_EDGE('',*,*,#5198,.F.);
#5201=ORIENTED_EDGE('',*,*,#5200,.F.);
#5203=ORIENTED_EDGE('',*,*,#5202,.F.);
#5204=EDGE_LOOP('',(#5195,#5197,#5199,#5201,#5203));
#5205=FACE_BOUND('',#5204,.F.);
#5207=ORIENTED_EDGE('',*,*,#5206,.F.);
#5209=ORIENTED_EDGE('',*,*,#5208,.F.);
#5211=ORIENTED_EDGE('',*,*,#5210,.F.);
#5213=ORIENTED_EDGE('',*,*,#5212,.F.);
#5215=ORIENTED_EDGE('',*,*,#5214,.F.);
#5217=ORIENTED_EDGE('',*,*,#5216,.F.);
#5218=EDGE_LOOP('',(#5207,#5209,#5211,#5213,#5215,#5217));
#5219=FACE_BOUND('',#5218,.F.);
#5221=ORIENTED_EDGE('',*,*,#5220,.F.);
#5223=ORIENTED_EDGE('',*,*,#5222,.F.);
#5225=ORIENTED_EDGE('',*,*,#5224,.F.);
#5227=ORIENTED_EDGE('',*,*,#5226,.F.);
#5229=ORIENTED_EDGE('',*,*,#5228,.F.);
#5231=ORIENTED_EDGE('',*,*,#5230,.F.);
#5232=EDGE_LOOP('',(#5221,#5223,#5225,#5227,#5229,#5231));
#5233=FACE_BOUND('',#5232,.F.);
#5234=ORIENTED_EDGE('',*,*,#5178,.F.);
#5235=ORIENTED_EDGE('',*,*,#5164,.F.);
#5236=ORIENTED_EDGE('',*,*,#5150,.F.);
#5237=ORIENTED_EDGE('',*,*,#5148,.F.);
#5238=ORIENTED_EDGE('',*,*,#5134,.F.);
#5239=EDGE_LOOP('',(#5234,#5235,#5236,#5237,#5238));
#5240=FACE_BOUND('',#5239,.F.);
#5241=ADVANCED_FACE('',(#5193,#5205,#5219,#5233,#5240),#5187,.T.);
#5242=CARTESIAN_POINT('',(-5.254113137108E1,3.709461187525E1,1.082031600441E1));
#5243=DIRECTION('',(0.E0,-6.277658575425E-1,-7.784022277100E-1));
#5244=DIRECTION('',(0.E0,-7.784022277100E-1,6.277658575425E-1));
#5245=AXIS2_PLACEMENT_3D('',#5242,#5243,#5244);
#5246=CYLINDRICAL_SURFACE('',#5245,1.E-1);
#5248=ORIENTED_EDGE('',*,*,#5247,.F.);
#5249=ORIENTED_EDGE('',*,*,#4373,.F.);
#5251=ORIENTED_EDGE('',*,*,#5250,.F.);
#5252=ORIENTED_EDGE('',*,*,#5194,.T.);
#5253=ORIENTED_EDGE('',*,*,#5202,.T.);
#5254=EDGE_LOOP('',(#5248,#5249,#5251,#5252,#5253));
#5255=FACE_OUTER_BOUND('',#5254,.F.);
#5256=ADVANCED_FACE('',(#5255),#5246,.F.);
#5257=CARTESIAN_POINT('',(-5.217763590804E1,3.711975545726E1,1.080003820746E1));
#5258=DIRECTION('',(3.420201433257E-1,-7.314588293824E-1,5.899069439140E-1));
#5259=DIRECTION('',(0.E0,6.277658575425E-1,7.784022277100E-1));
#5260=AXIS2_PLACEMENT_3D('',#5257,#5258,#5259);
#5261=PLANE('',#5260);
#5263=ORIENTED_EDGE('',*,*,#5262,.T.);
#5264=ORIENTED_EDGE('',*,*,#4367,.F.);
#5265=ORIENTED_EDGE('',*,*,#5247,.T.);
#5266=ORIENTED_EDGE('',*,*,#5200,.T.);
#5267=EDGE_LOOP('',(#5263,#5264,#5265,#5266));
#5268=FACE_OUTER_BOUND('',#5267,.F.);
#5269=ADVANCED_FACE('',(#5268),#5261,.F.);
#5270=CARTESIAN_POINT('',(-5.254113137108E1,3.709461187525E1,1.082031600441E1));
#5271=DIRECTION('',(0.E0,-6.277658575425E-1,-7.784022277100E-1));
#5272=DIRECTION('',(0.E0,-7.784022277100E-1,6.277658575425E-1));
#5273=AXIS2_PLACEMENT_3D('',#5270,#5271,#5272);
#5274=CYLINDRICAL_SURFACE('',#5273,1.E-1);
#5276=ORIENTED_EDGE('',*,*,#5275,.F.);
#5277=ORIENTED_EDGE('',*,*,#4369,.F.);
#5278=ORIENTED_EDGE('',*,*,#5262,.F.);
#5279=ORIENTED_EDGE('',*,*,#5198,.T.);
#5280=EDGE_LOOP('',(#5276,#5277,#5278,#5279));
#5281=FACE_OUTER_BOUND('',#5280,.F.);
#5282=ADVANCED_FACE('',(#5281),#5274,.F.);
#5283=CARTESIAN_POINT('',(-5.217763590804E1,3.706946829325E1,1.084059380136E1));
#5284=DIRECTION('',(3.420201433257E-1,7.314588293824E-1,-5.899069439140E-1));
#5285=DIRECTION('',(0.E0,-6.277658575425E-1,-7.784022277100E-1));
#5286=AXIS2_PLACEMENT_3D('',#5283,#5284,#5285);
#5287=PLANE('',#5286);
#5288=ORIENTED_EDGE('',*,*,#5250,.T.);
#5289=ORIENTED_EDGE('',*,*,#4371,.F.);
#5290=ORIENTED_EDGE('',*,*,#5275,.T.);
#5291=ORIENTED_EDGE('',*,*,#5196,.T.);
#5292=EDGE_LOOP('',(#5288,#5289,#5290,#5291));
#5293=FACE_OUTER_BOUND('',#5292,.F.);
#5294=ADVANCED_FACE('',(#5293),#5287,.F.);
#5295=CARTESIAN_POINT('',(-5.254113137108E1,4.116632115444E1,2.514250674316E0));
#5296=DIRECTION('',(0.E0,-9.812438540747E-1,-1.927705860362E-1));
#5297=DIRECTION('',(0.E0,-1.927705860362E-1,9.812438540747E-1));
#5298=AXIS2_PLACEMENT_3D('',#5295,#5296,#5297);
#5299=CYLINDRICAL_SURFACE('',#5298,1.E-1);
#5301=ORIENTED_EDGE('',*,*,#5300,.T.);
#5302=ORIENTED_EDGE('',*,*,#4363,.F.);
#5303=ORIENTED_EDGE('',*,*,#4361,.F.);
#5305=ORIENTED_EDGE('',*,*,#5304,.T.);
#5306=ORIENTED_EDGE('',*,*,#5206,.T.);
#5307=ORIENTED_EDGE('',*,*,#5216,.T.);
#5308=EDGE_LOOP('',(#5301,#5302,#5303,#5305,#5306,#5307));
#5309=FACE_OUTER_BOUND('',#5308,.F.);
#5310=ADVANCED_FACE('',(#5309),#5299,.F.);
#5311=CARTESIAN_POINT('',(-5.217763590804E1,4.116009436979E1,2.545946350963E0));
#5312=DIRECTION('',(3.420201433257E-1,1.811450972027E-1,-9.220676088655E-1));
#5313=DIRECTION('',(-9.324951671334E-1,-5.578826544340E-2,-3.568479125786E-1));
#5314=AXIS2_PLACEMENT_3D('',#5311,#5312,#5313);
#5315=PLANE('',#5314);
#5317=ORIENTED_EDGE('',*,*,#5316,.F.);
#5318=ORIENTED_EDGE('',*,*,#4353,.F.);
#5319=ORIENTED_EDGE('',*,*,#5300,.F.);
#5320=ORIENTED_EDGE('',*,*,#5214,.T.);
#5321=EDGE_LOOP('',(#5317,#5318,#5319,#5320));
#5322=FACE_OUTER_BOUND('',#5321,.F.);
#5323=ADVANCED_FACE('',(#5322),#5315,.F.);
#5324=CARTESIAN_POINT('',(-5.254113137108E1,4.116632115444E1,2.514250674316E0));
#5325=DIRECTION('',(0.E0,-9.812438540747E-1,-1.927705860362E-1));
#5326=DIRECTION('',(0.E0,-1.927705860362E-1,9.812438540747E-1));
#5327=AXIS2_PLACEMENT_3D('',#5324,#5325,#5326);
#5328=CYLINDRICAL_SURFACE('',#5327,1.E-1);
#5330=ORIENTED_EDGE('',*,*,#5329,.T.);
#5331=ORIENTED_EDGE('',*,*,#4357,.F.);
#5332=ORIENTED_EDGE('',*,*,#4355,.F.);
#5333=ORIENTED_EDGE('',*,*,#5316,.T.);
#5334=ORIENTED_EDGE('',*,*,#5212,.T.);
#5335=ORIENTED_EDGE('',*,*,#5210,.T.);
#5336=EDGE_LOOP('',(#5330,#5331,#5332,#5333,#5334,#5335));
#5337=FACE_OUTER_BOUND('',#5336,.F.);
#5338=ADVANCED_FACE('',(#5337),#5328,.F.);
#5339=CARTESIAN_POINT('',(-5.217763590804E1,4.117254793908E1,2.482554997668E0));
#5340=DIRECTION('',(3.420201433257E-1,-1.811450972027E-1,9.220676088655E-1));
#5341=DIRECTION('',(9.324951671334E-1,-5.578826544340E-2,-3.568479125786E-1));
#5342=AXIS2_PLACEMENT_3D('',#5339,#5340,#5341);
#5343=PLANE('',#5342);
#5344=ORIENTED_EDGE('',*,*,#5304,.F.);
#5345=ORIENTED_EDGE('',*,*,#4359,.F.);
#5346=ORIENTED_EDGE('',*,*,#5329,.F.);
#5347=ORIENTED_EDGE('',*,*,#5208,.T.);
#5348=EDGE_LOOP('',(#5344,#5345,#5346,#5347));
#5349=FACE_OUTER_BOUND('',#5348,.F.);
#5350=ADVANCED_FACE('',(#5349),#5343,.F.);
#5351=CARTESIAN_POINT('',(-5.254113137108E1,3.978826883899E1,
-6.300418293826E0));
#5352=DIRECTION('',(0.E0,-8.755869459746E-1,4.830605552505E-1));
#5353=DIRECTION('',(0.E0,4.830605552505E-1,8.755869459746E-1));
#5354=AXIS2_PLACEMENT_3D('',#5351,#5352,#5353);
#5355=CYLINDRICAL_SURFACE('',#5354,1.E-1);
#5357=ORIENTED_EDGE('',*,*,#5356,.T.);
#5358=ORIENTED_EDGE('',*,*,#4349,.F.);
#5359=ORIENTED_EDGE('',*,*,#4347,.F.);
#5361=ORIENTED_EDGE('',*,*,#5360,.T.);
#5362=ORIENTED_EDGE('',*,*,#5220,.T.);
#5363=ORIENTED_EDGE('',*,*,#5230,.T.);
#5364=EDGE_LOOP('',(#5357,#5358,#5359,#5361,#5362,#5363));
#5365=FACE_OUTER_BOUND('',#5364,.F.);
#5366=ADVANCED_FACE('',(#5365),#5355,.F.);
#5367=CARTESIAN_POINT('',(-5.217763590804E1,3.980387243345E1,
-6.272135496842E0));
#5368=DIRECTION('',(3.420201433257E-1,-4.539284391616E-1,-8.227825919888E-1));
#5369=DIRECTION('',(-9.324951671334E-1,-5.578826544340E-2,-3.568479125786E-1));
#5370=AXIS2_PLACEMENT_3D('',#5367,#5368,#5369);
#5371=PLANE('',#5370);
#5373=ORIENTED_EDGE('',*,*,#5372,.F.);
#5374=ORIENTED_EDGE('',*,*,#4339,.F.);
#5375=ORIENTED_EDGE('',*,*,#5356,.F.);
#5376=ORIENTED_EDGE('',*,*,#5228,.T.);
#5377=EDGE_LOOP('',(#5373,#5374,#5375,#5376));
#5378=FACE_OUTER_BOUND('',#5377,.F.);
#5379=ADVANCED_FACE('',(#5378),#5371,.F.);
#5380=CARTESIAN_POINT('',(-5.254113137108E1,3.978826883899E1,
-6.300418293826E0));
#5381=DIRECTION('',(0.E0,-8.755869459746E-1,4.830605552505E-1));
#5382=DIRECTION('',(0.E0,4.830605552505E-1,8.755869459746E-1));
#5383=AXIS2_PLACEMENT_3D('',#5380,#5381,#5382);
#5384=CYLINDRICAL_SURFACE('',#5383,1.E-1);
#5386=ORIENTED_EDGE('',*,*,#5385,.T.);
#5387=ORIENTED_EDGE('',*,*,#4343,.F.);
#5388=ORIENTED_EDGE('',*,*,#4341,.F.);
#5389=ORIENTED_EDGE('',*,*,#5372,.T.);
#5390=ORIENTED_EDGE('',*,*,#5226,.T.);
#5391=ORIENTED_EDGE('',*,*,#5224,.T.);
#5392=EDGE_LOOP('',(#5386,#5387,#5388,#5389,#5390,#5391));
#5393=FACE_OUTER_BOUND('',#5392,.F.);
#5394=ADVANCED_FACE('',(#5393),#5384,.F.);
#5395=CARTESIAN_POINT('',(-5.217763590804E1,3.977266524454E1,
-6.328701090810E0));
#5396=DIRECTION('',(3.420201433257E-1,4.539284391616E-1,8.227825919888E-1));
#5397=DIRECTION('',(9.324951671334E-1,-5.578826544340E-2,-3.568479125786E-1));
#5398=AXIS2_PLACEMENT_3D('',#5395,#5396,#5397);
#5399=PLANE('',#5398);
#5400=ORIENTED_EDGE('',*,*,#5360,.F.);
#5401=ORIENTED_EDGE('',*,*,#4345,.F.);
#5402=ORIENTED_EDGE('',*,*,#5385,.F.);
#5403=ORIENTED_EDGE('',*,*,#5222,.T.);
#5404=EDGE_LOOP('',(#5400,#5401,#5402,#5403));
#5405=FACE_OUTER_BOUND('',#5404,.F.);
#5406=ADVANCED_FACE('',(#5405),#5399,.F.);
#5407=CARTESIAN_POINT('',(-5.217763590804E1,1.896552973004E1,1.082214424870E1));
#5408=DIRECTION('',(3.420201433257E-1,-7.079614246829E-1,-6.179100603813E-1));
#5409=DIRECTION('',(0.E0,-6.575661516471E-1,7.533968119179E-1));
#5410=AXIS2_PLACEMENT_3D('',#5407,#5408,#5409);
#5411=PLANE('',#5410);
#5413=ORIENTED_EDGE('',*,*,#5412,.T.);
#5414=ORIENTED_EDGE('',*,*,#4248,.F.);
#5416=ORIENTED_EDGE('',*,*,#5415,.T.);
#5417=ORIENTED_EDGE('',*,*,#4210,.T.);
#5418=EDGE_LOOP('',(#5413,#5414,#5416,#5417));
#5419=FACE_OUTER_BOUND('',#5418,.F.);
#5420=ADVANCED_FACE('',(#5419),#5411,.F.);
#5421=CARTESIAN_POINT('',(-5.254113137108E1,1.894119386120E1,1.080090385669E1));
#5422=DIRECTION('',(0.E0,6.575661516471E-1,-7.533968119179E-1));
#5423=DIRECTION('',(0.E0,-7.533968119179E-1,-6.575661516471E-1));
#5424=AXIS2_PLACEMENT_3D('',#5421,#5422,#5423);
#5425=CYLINDRICAL_SURFACE('',#5424,1.E-1);
#5427=ORIENTED_EDGE('',*,*,#5426,.F.);
#5428=ORIENTED_EDGE('',*,*,#4252,.F.);
#5429=ORIENTED_EDGE('',*,*,#4250,.F.);
#5430=ORIENTED_EDGE('',*,*,#5412,.F.);
#5431=ORIENTED_EDGE('',*,*,#4208,.T.);
#5432=ORIENTED_EDGE('',*,*,#4206,.T.);
#5433=EDGE_LOOP('',(#5427,#5428,#5429,#5430,#5431,#5432));
#5434=FACE_OUTER_BOUND('',#5433,.F.);
#5435=ADVANCED_FACE('',(#5434),#5425,.F.);
#5436=CARTESIAN_POINT('',(-5.217763590804E1,1.891685799235E1,1.077966346468E1));
#5437=DIRECTION('',(3.420201433257E-1,7.079614246829E-1,6.179100603813E-1));
#5438=DIRECTION('',(0.E0,6.575661516471E-1,-7.533968119179E-1));
#5439=AXIS2_PLACEMENT_3D('',#5436,#5437,#5438);
#5440=PLANE('',#5439);
#5442=ORIENTED_EDGE('',*,*,#5441,.T.);
#5443=ORIENTED_EDGE('',*,*,#4254,.F.);
#5444=ORIENTED_EDGE('',*,*,#5426,.T.);
#5445=ORIENTED_EDGE('',*,*,#4204,.T.);
#5446=EDGE_LOOP('',(#5442,#5443,#5444,#5445));
#5447=FACE_OUTER_BOUND('',#5446,.F.);
#5448=ADVANCED_FACE('',(#5447),#5440,.F.);
#5449=CARTESIAN_POINT('',(-5.254113137108E1,1.894119386120E1,1.080090385669E1));
#5450=DIRECTION('',(0.E0,6.575661516471E-1,-7.533968119179E-1));
#5451=DIRECTION('',(0.E0,-7.533968119179E-1,-6.575661516471E-1));
#5452=AXIS2_PLACEMENT_3D('',#5449,#5450,#5451);
#5453=CYLINDRICAL_SURFACE('',#5452,1.E-1);
#5454=ORIENTED_EDGE('',*,*,#5415,.F.);
#5455=ORIENTED_EDGE('',*,*,#4258,.F.);
#5456=ORIENTED_EDGE('',*,*,#4256,.F.);
#5457=ORIENTED_EDGE('',*,*,#5441,.F.);
#5458=ORIENTED_EDGE('',*,*,#4202,.T.);
#5459=ORIENTED_EDGE('',*,*,#4212,.T.);
#5460=EDGE_LOOP('',(#5454,#5455,#5456,#5457,#5458,#5459));
#5461=FACE_OUTER_BOUND('',#5460,.F.);
#5462=ADVANCED_FACE('',(#5461),#5453,.F.);
#5463=CARTESIAN_POINT('',(-5.217763590804E1,2.817124416880E1,1.178684565496E1));
#5464=DIRECTION('',(3.420201433257E-1,-9.395148460347E-1,-1.827773618023E-2));
#5465=DIRECTION('',(-9.379884462878E-1,-3.425061842233E-1,5.354613337481E-2));
#5466=AXIS2_PLACEMENT_3D('',#5463,#5464,#5465);
#5467=PLANE('',#5466);
#5469=ORIENTED_EDGE('',*,*,#5468,.F.);
#5470=ORIENTED_EDGE('',*,*,#4262,.F.);
#5472=ORIENTED_EDGE('',*,*,#5471,.F.);
#5473=ORIENTED_EDGE('',*,*,#4196,.T.);
#5474=EDGE_LOOP('',(#5469,#5470,#5472,#5473));
#5475=FACE_OUTER_BOUND('',#5474,.F.);
#5476=ADVANCED_FACE('',(#5475),#5467,.F.);
#5477=CARTESIAN_POINT('',(-5.254113137108E1,2.813894875090E1,1.178621736565E1));
#5478=DIRECTION('',(0.E0,1.945076057418E-2,-9.998108160613E-1));
#5479=DIRECTION('',(0.E0,-9.998108160613E-1,-1.945076057418E-2));
#5480=AXIS2_PLACEMENT_3D('',#5477,#5478,#5479);
#5481=CYLINDRICAL_SURFACE('',#5480,1.E-1);
#5483=ORIENTED_EDGE('',*,*,#5482,.T.);
#5484=ORIENTED_EDGE('',*,*,#4266,.F.);
#5485=ORIENTED_EDGE('',*,*,#4264,.F.);
#5486=ORIENTED_EDGE('',*,*,#5468,.T.);
#5487=ORIENTED_EDGE('',*,*,#4194,.T.);
#5488=ORIENTED_EDGE('',*,*,#4192,.T.);
#5489=EDGE_LOOP('',(#5483,#5484,#5485,#5486,#5487,#5488));
#5490=FACE_OUTER_BOUND('',#5489,.F.);
#5491=ADVANCED_FACE('',(#5490),#5481,.F.);
#5492=CARTESIAN_POINT('',(-5.217763590804E1,2.810665333299E1,1.178558907635E1));
#5493=DIRECTION('',(3.420201433257E-1,9.395148460347E-1,1.827773618023E-2));
#5494=DIRECTION('',(9.379884462878E-1,-3.425061842233E-1,5.354613337481E-2));
#5495=AXIS2_PLACEMENT_3D('',#5492,#5493,#5494);
#5496=PLANE('',#5495);
#5498=ORIENTED_EDGE('',*,*,#5497,.F.);
#5499=ORIENTED_EDGE('',*,*,#4268,.F.);
#5500=ORIENTED_EDGE('',*,*,#5482,.F.);
#5501=ORIENTED_EDGE('',*,*,#4190,.T.);
#5502=EDGE_LOOP('',(#5498,#5499,#5500,#5501));
#5503=FACE_OUTER_BOUND('',#5502,.F.);
#5504=ADVANCED_FACE('',(#5503),#5496,.F.);
#5505=CARTESIAN_POINT('',(-5.254113137108E1,2.813894875090E1,1.178621736565E1));
#5506=DIRECTION('',(0.E0,1.945076057418E-2,-9.998108160613E-1));
#5507=DIRECTION('',(0.E0,-9.998108160613E-1,-1.945076057418E-2));
#5508=AXIS2_PLACEMENT_3D('',#5505,#5506,#5507);
#5509=CYLINDRICAL_SURFACE('',#5508,1.E-1);
#5510=ORIENTED_EDGE('',*,*,#5471,.T.);
#5511=ORIENTED_EDGE('',*,*,#4272,.F.);
#5512=ORIENTED_EDGE('',*,*,#4270,.F.);
#5513=ORIENTED_EDGE('',*,*,#5497,.T.);
#5514=ORIENTED_EDGE('',*,*,#4188,.T.);
#5515=ORIENTED_EDGE('',*,*,#4198,.T.);
#5516=EDGE_LOOP('',(#5510,#5511,#5512,#5513,#5514,#5515));
#5517=FACE_OUTER_BOUND('',#5516,.F.);
#5518=ADVANCED_FACE('',(#5517),#5509,.F.);
#5519=CARTESIAN_POINT('',(-5.217763590804E1,2.458314805687E1,
-1.116430002950E1));
#5520=DIRECTION('',(3.420201433257E-1,-8.891065218857E-1,3.041575484842E-1));
#5521=DIRECTION('',(-9.379884462878E-1,-3.425061842233E-1,5.354613337481E-2));
#5522=AXIS2_PLACEMENT_3D('',#5519,#5520,#5521);
#5523=PLANE('',#5522);
#5525=ORIENTED_EDGE('',*,*,#5524,.F.);
#5526=ORIENTED_EDGE('',*,*,#4276,.F.);
#5528=ORIENTED_EDGE('',*,*,#5527,.F.);
#5529=ORIENTED_EDGE('',*,*,#4182,.T.);
#5530=EDGE_LOOP('',(#5525,#5526,#5528,#5529));
#5531=FACE_OUTER_BOUND('',#5530,.F.);
#5532=ADVANCED_FACE('',(#5531),#5523,.F.);
#5533=CARTESIAN_POINT('',(-5.254113137108E1,2.455258540338E1,
-1.115384474486E1));
#5534=DIRECTION('',(0.E0,3.236777024276E-1,9.461673979541E-1));
#5535=DIRECTION('',(0.E0,9.461673979541E-1,-3.236777024276E-1));
#5536=AXIS2_PLACEMENT_3D('',#5533,#5534,#5535);
#5537=CYLINDRICAL_SURFACE('',#5536,1.E-1);
#5539=ORIENTED_EDGE('',*,*,#5538,.T.);
#5540=ORIENTED_EDGE('',*,*,#4280,.F.);
#5541=ORIENTED_EDGE('',*,*,#4278,.F.);
#5542=ORIENTED_EDGE('',*,*,#5524,.T.);
#5543=ORIENTED_EDGE('',*,*,#4180,.T.);
#5544=ORIENTED_EDGE('',*,*,#4178,.T.);
#5545=EDGE_LOOP('',(#5539,#5540,#5541,#5542,#5543,#5544));
#5546=FACE_OUTER_BOUND('',#5545,.F.);
#5547=ADVANCED_FACE('',(#5546),#5537,.F.);
#5548=CARTESIAN_POINT('',(-5.217763590804E1,2.452202274989E1,
-1.114338946022E1));
#5549=DIRECTION('',(3.420201433257E-1,8.891065218857E-1,-3.041575484842E-1));
#5550=DIRECTION('',(9.379884462878E-1,-3.425061842233E-1,5.354613337481E-2));
#5551=AXIS2_PLACEMENT_3D('',#5548,#5549,#5550);
#5552=PLANE('',#5551);
#5554=ORIENTED_EDGE('',*,*,#5553,.F.);
#5555=ORIENTED_EDGE('',*,*,#4282,.F.);
#5556=ORIENTED_EDGE('',*,*,#5538,.F.);
#5557=ORIENTED_EDGE('',*,*,#4176,.T.);
#5558=EDGE_LOOP('',(#5554,#5555,#5556,#5557));
#5559=FACE_OUTER_BOUND('',#5558,.F.);
#5560=ADVANCED_FACE('',(#5559),#5552,.F.);
#5561=CARTESIAN_POINT('',(-5.254113137108E1,2.455258540338E1,
-1.115384474486E1));
#5562=DIRECTION('',(0.E0,3.236777024276E-1,9.461673979541E-1));
#5563=DIRECTION('',(0.E0,9.461673979541E-1,-3.236777024276E-1));
#5564=AXIS2_PLACEMENT_3D('',#5561,#5562,#5563);
#5565=CYLINDRICAL_SURFACE('',#5564,1.E-1);
#5566=ORIENTED_EDGE('',*,*,#5527,.T.);
#5567=ORIENTED_EDGE('',*,*,#4286,.F.);
#5568=ORIENTED_EDGE('',*,*,#4284,.F.);
#5569=ORIENTED_EDGE('',*,*,#5553,.T.);
#5570=ORIENTED_EDGE('',*,*,#4174,.T.);
#5571=ORIENTED_EDGE('',*,*,#4184,.T.);
#5572=EDGE_LOOP('',(#5566,#5567,#5568,#5569,#5570,#5571));
#5573=FACE_OUTER_BOUND('',#5572,.F.);
#5574=ADVANCED_FACE('',(#5573),#5565,.F.);
#5575=CARTESIAN_POINT('',(-5.217763590804E1,1.607774743319E1,
-7.380619321786E0));
#5576=DIRECTION('',(3.420201433257E-1,4.855864068731E-1,-8.045048558086E-1));
#5577=DIRECTION('',(0.E0,-8.561361854004E-1,-5.167502608108E-1));
#5578=AXIS2_PLACEMENT_3D('',#5575,#5576,#5577);
#5579=PLANE('',#5578);
#5581=ORIENTED_EDGE('',*,*,#5580,.T.);
#5582=ORIENTED_EDGE('',*,*,#4290,.F.);
#5584=ORIENTED_EDGE('',*,*,#5583,.T.);
#5585=ORIENTED_EDGE('',*,*,#4170,.T.);
#5586=EDGE_LOOP('',(#5581,#5582,#5584,#5585));
#5587=FACE_OUTER_BOUND('',#5586,.F.);
#5588=ADVANCED_FACE('',(#5587),#5579,.F.);
#5589=CARTESIAN_POINT('',(-5.254113137108E1,1.609443925664E1,
-7.408273829466E0));
#5590=DIRECTION('',(0.E0,8.561361854004E-1,5.167502608108E-1));
#5591=DIRECTION('',(0.E0,5.167502608108E-1,-8.561361854004E-1));
#5592=AXIS2_PLACEMENT_3D('',#5589,#5590,#5591);
#5593=CYLINDRICAL_SURFACE('',#5592,1.E-1);
#5595=ORIENTED_EDGE('',*,*,#5594,.F.);
#5596=ORIENTED_EDGE('',*,*,#4294,.F.);
#5597=ORIENTED_EDGE('',*,*,#4292,.F.);
#5598=ORIENTED_EDGE('',*,*,#5580,.F.);
#5599=ORIENTED_EDGE('',*,*,#4168,.T.);
#5600=ORIENTED_EDGE('',*,*,#4166,.T.);
#5601=EDGE_LOOP('',(#5595,#5596,#5597,#5598,#5599,#5600));
#5602=FACE_OUTER_BOUND('',#5601,.F.);
#5603=ADVANCED_FACE('',(#5602),#5593,.F.);
#5604=CARTESIAN_POINT('',(-5.217763590804E1,1.611113108009E1,
-7.435928337147E0));
#5605=DIRECTION('',(3.420201433257E-1,-4.855864068731E-1,8.045048558086E-1));
#5606=DIRECTION('',(0.E0,8.561361854004E-1,5.167502608108E-1));
#5607=AXIS2_PLACEMENT_3D('',#5604,#5605,#5606);
#5608=PLANE('',#5607);
#5610=ORIENTED_EDGE('',*,*,#5609,.T.);
#5611=ORIENTED_EDGE('',*,*,#4296,.F.);
#5612=ORIENTED_EDGE('',*,*,#5594,.T.);
#5613=ORIENTED_EDGE('',*,*,#4164,.T.);
#5614=EDGE_LOOP('',(#5610,#5611,#5612,#5613));
#5615=FACE_OUTER_BOUND('',#5614,.F.);
#5616=ADVANCED_FACE('',(#5615),#5608,.F.);
#5617=CARTESIAN_POINT('',(-5.254113137108E1,1.609443925664E1,
-7.408273829466E0));
#5618=DIRECTION('',(0.E0,8.561361854004E-1,5.167502608108E-1));
#5619=DIRECTION('',(0.E0,5.167502608108E-1,-8.561361854004E-1));
#5620=AXIS2_PLACEMENT_3D('',#5617,#5618,#5619);
#5621=CYLINDRICAL_SURFACE('',#5620,1.E-1);
#5622=ORIENTED_EDGE('',*,*,#5583,.F.);
#5623=ORIENTED_EDGE('',*,*,#4300,.F.);
#5624=ORIENTED_EDGE('',*,*,#4298,.F.);
#5625=ORIENTED_EDGE('',*,*,#5609,.F.);
#5626=ORIENTED_EDGE('',*,*,#4162,.T.);
#5627=EDGE_LOOP('',(#5622,#5623,#5624,#5625,#5626));
#5628=FACE_OUTER_BOUND('',#5627,.F.);
#5629=ADVANCED_FACE('',(#5628),#5621,.F.);
#5630=CARTESIAN_POINT('',(-5.217763590804E1,1.831935416504E1,1.603699514973E0));
#5631=DIRECTION('',(3.420201433257E-1,-1.451449846072E-1,-9.284154000246E-1));
#5632=DIRECTION('',(-9.396926207859E-1,-5.282845405003E-2,-3.379155706433E-1));
#5633=AXIS2_PLACEMENT_3D('',#5630,#5631,#5632);
#5634=PLANE('',#5633);
#5636=ORIENTED_EDGE('',*,*,#5635,.T.);
#5637=ORIENTED_EDGE('',*,*,#4304,.F.);
#5639=ORIENTED_EDGE('',*,*,#5638,.T.);
#5640=ORIENTED_EDGE('',*,*,#4156,.T.);
#5641=EDGE_LOOP('',(#5636,#5637,#5639,#5640));
#5642=FACE_OUTER_BOUND('',#5641,.F.);
#5643=ADVANCED_FACE('',(#5642),#5634,.F.);
#5644=CARTESIAN_POINT('',(-5.254113137108E1,1.831436486875E1,1.571785635740E0));
#5645=DIRECTION('',(0.E0,9.879990323305E-1,-1.544600664053E-1));
#5646=DIRECTION('',(0.E0,-1.544600664053E-1,-9.879990323305E-1));
#5647=AXIS2_PLACEMENT_3D('',#5644,#5645,#5646);
#5648=CYLINDRICAL_SURFACE('',#5647,1.E-1);
#5650=ORIENTED_EDGE('',*,*,#5649,.F.);
#5651=ORIENTED_EDGE('',*,*,#4306,.F.);
#5652=ORIENTED_EDGE('',*,*,#5635,.F.);
#5653=ORIENTED_EDGE('',*,*,#4154,.T.);
#5654=EDGE_LOOP('',(#5650,#5651,#5652,#5653));
#5655=FACE_OUTER_BOUND('',#5654,.F.);
#5656=ADVANCED_FACE('',(#5655),#5648,.F.);
#5657=CARTESIAN_POINT('',(-5.217763590804E1,1.830937557246E1,1.539871756507E0));
#5658=DIRECTION('',(3.420201433257E-1,1.451449846072E-1,9.284154000246E-1));
#5659=DIRECTION('',(9.396926207859E-1,-5.282845405003E-2,-3.379155706433E-1));
#5660=AXIS2_PLACEMENT_3D('',#5657,#5658,#5659);
#5661=PLANE('',#5660);
#5663=ORIENTED_EDGE('',*,*,#5662,.T.);
#5664=ORIENTED_EDGE('',*,*,#4308,.F.);
#5665=ORIENTED_EDGE('',*,*,#5649,.T.);
#5666=ORIENTED_EDGE('',*,*,#4152,.T.);
#5667=EDGE_LOOP('',(#5663,#5664,#5665,#5666));
#5668=FACE_OUTER_BOUND('',#5667,.F.);
#5669=ADVANCED_FACE('',(#5668),#5661,.F.);
#5670=CARTESIAN_POINT('',(-5.254113137108E1,1.831436486875E1,1.571785635740E0));
#5671=DIRECTION('',(0.E0,9.879990323305E-1,-1.544600664053E-1));
#5672=DIRECTION('',(0.E0,-1.544600664053E-1,-9.879990323305E-1));
#5673=AXIS2_PLACEMENT_3D('',#5670,#5671,#5672);
#5674=CYLINDRICAL_SURFACE('',#5673,1.E-1);
#5675=ORIENTED_EDGE('',*,*,#5638,.F.);
#5676=ORIENTED_EDGE('',*,*,#4310,.F.);
#5677=ORIENTED_EDGE('',*,*,#5662,.F.);
#5678=ORIENTED_EDGE('',*,*,#4150,.T.);
#5679=ORIENTED_EDGE('',*,*,#4158,.T.);
#5680=EDGE_LOOP('',(#5675,#5676,#5677,#5678,#5679));
#5681=FACE_OUTER_BOUND('',#5680,.F.);
#5682=ADVANCED_FACE('',(#5681),#5674,.F.);
#5683=CARTESIAN_POINT('',(-5.213329118731E1,2.836824302175E1,0.E0));
#5684=DIRECTION('',(1.E0,0.E0,0.E0));
#5685=DIRECTION('',(0.E0,0.E0,-1.E0));
#5686=AXIS2_PLACEMENT_3D('',#5683,#5684,#5685);
#5687=CONICAL_SURFACE('',#5686,1.195514206989E1,1.5E1);
#5688=ORIENTED_EDGE('',*,*,#3930,.F.);
#5689=ORIENTED_EDGE('',*,*,#3899,.F.);
#5690=ORIENTED_EDGE('',*,*,#3927,.T.);
#5691=ORIENTED_EDGE('',*,*,#3959,.T.);
#5692=EDGE_LOOP('',(#5688,#5689,#5690,#5691));
#5693=FACE_OUTER_BOUND('',#5692,.F.);
#5694=ADVANCED_FACE('',(#5693),#5687,.T.);
#5695=CARTESIAN_POINT('',(-4.886587911303E1,2.836824302175E1,0.E0));
#5696=DIRECTION('',(-1.E0,0.E0,0.E0));
#5697=DIRECTION('',(0.E0,0.E0,1.E0));
#5698=AXIS2_PLACEMENT_3D('',#5695,#5696,#5697);
#5699=CYLINDRICAL_SURFACE('',#5698,1.0175E1);
#5700=ORIENTED_EDGE('',*,*,#3786,.F.);
#5702=ORIENTED_EDGE('',*,*,#5701,.T.);
#5703=ORIENTED_EDGE('',*,*,#3783,.T.);
#5704=ORIENTED_EDGE('',*,*,#3802,.T.);
#5705=EDGE_LOOP('',(#5700,#5702,#5703,#5704));
#5706=FACE_OUTER_BOUND('',#5705,.F.);
#5707=ADVANCED_FACE('',(#5706),#5699,.F.);
#5708=CARTESIAN_POINT('',(-4.535165691201E1,2.836824302175E1,0.E0));
#5709=DIRECTION('',(-1.E0,0.E0,0.E0));
#5710=DIRECTION('',(0.E0,0.E0,1.E0));
#5711=AXIS2_PLACEMENT_3D('',#5708,#5709,#5710);
#5712=CONICAL_SURFACE('',#5711,1.0325E1,3.5E1);
#5713=ORIENTED_EDGE('',*,*,#3771,.F.);
#5714=ORIENTED_EDGE('',*,*,#3743,.F.);
#5715=ORIENTED_EDGE('',*,*,#3768,.T.);
#5716=ORIENTED_EDGE('',*,*,#5701,.F.);
#5717=EDGE_LOOP('',(#5713,#5714,#5715,#5716));
#5718=FACE_OUTER_BOUND('',#5717,.F.);
#5719=ADVANCED_FACE('',(#5718),#5712,.F.);
#5720=CARTESIAN_POINT('',(-4.556587911303E1,2.836824302175E1,0.E0));
#5721=DIRECTION('',(-1.E0,0.E0,0.E0));
#5722=DIRECTION('',(0.E0,8.541525321584E-1,5.200225493259E-1));
#5723=AXIS2_PLACEMENT_3D('',#5720,#5721,#5722);
#5724=CYLINDRICAL_SURFACE('',#5723,1.0175E1);
#5725=ORIENTED_EDGE('',*,*,#3728,.T.);
#5726=ORIENTED_EDGE('',*,*,#3711,.T.);
#5727=ORIENTED_EDGE('',*,*,#3595,.T.);
#5728=ORIENTED_EDGE('',*,*,#3708,.F.);
#5729=EDGE_LOOP('',(#5725,#5726,#5727,#5728));
#5730=FACE_OUTER_BOUND('',#5729,.F.);
#5731=ADVANCED_FACE('',(#5730),#5724,.T.);
#5732=CARTESIAN_POINT('',(-4.519062685497E1,2.169999887061E1,
-1.219685499395E1));
#5733=DIRECTION('',(0.E0,4.797065168930E-1,8.774290043362E-1));
#5734=DIRECTION('',(0.E0,-8.774290043362E-1,4.797065168930E-1));
#5735=AXIS2_PLACEMENT_3D('',#5732,#5733,#5734);
#5736=CYLINDRICAL_SURFACE('',#5735,1.E-1);
#5738=ORIENTED_EDGE('',*,*,#5737,.F.);
#5739=ORIENTED_EDGE('',*,*,#3566,.F.);
#5741=ORIENTED_EDGE('',*,*,#5740,.F.);
#5742=ORIENTED_EDGE('',*,*,#3660,.F.);
#5743=EDGE_LOOP('',(#5738,#5739,#5741,#5742));
#5744=FACE_OUTER_BOUND('',#5743,.F.);
#5745=ADVANCED_FACE('',(#5744),#5736,.F.);
#5746=CARTESIAN_POINT('',(-4.555412231801E1,2.172834116890E1,
-1.221235024784E1));
#5747=DIRECTION('',(-3.420201433257E-1,-8.245135606382E-1,4.507766740673E-1));
#5748=DIRECTION('',(0.E0,-4.797065168930E-1,-8.774290043362E-1));
#5749=AXIS2_PLACEMENT_3D('',#5746,#5747,#5748);
#5750=PLANE('',#5749);
#5752=ORIENTED_EDGE('',*,*,#5751,.T.);
#5753=ORIENTED_EDGE('',*,*,#3560,.F.);
#5754=ORIENTED_EDGE('',*,*,#5737,.T.);
#5755=ORIENTED_EDGE('',*,*,#3666,.T.);
#5756=EDGE_LOOP('',(#5752,#5753,#5754,#5755));
#5757=FACE_OUTER_BOUND('',#5756,.F.);
#5758=ADVANCED_FACE('',(#5757),#5750,.F.);
#5759=CARTESIAN_POINT('',(-4.519062685497E1,2.169999887061E1,
-1.219685499395E1));
#5760=DIRECTION('',(0.E0,4.797065168930E-1,8.774290043362E-1));
#5761=DIRECTION('',(0.E0,-8.774290043362E-1,4.797065168930E-1));
#5762=AXIS2_PLACEMENT_3D('',#5759,#5760,#5761);
#5763=CYLINDRICAL_SURFACE('',#5762,1.E-1);
#5765=ORIENTED_EDGE('',*,*,#5764,.F.);
#5766=ORIENTED_EDGE('',*,*,#3562,.F.);
#5767=ORIENTED_EDGE('',*,*,#5751,.F.);
#5768=ORIENTED_EDGE('',*,*,#3664,.T.);
#5769=EDGE_LOOP('',(#5765,#5766,#5767,#5768));
#5770=FACE_OUTER_BOUND('',#5769,.F.);
#5771=ADVANCED_FACE('',(#5770),#5763,.F.);
#5772=CARTESIAN_POINT('',(-4.555412231801E1,2.167165657233E1,
-1.218135974007E1));
#5773=DIRECTION('',(-3.420201433257E-1,8.245135606382E-1,-4.507766740673E-1));
#5774=DIRECTION('',(0.E0,4.797065168930E-1,8.774290043362E-1));
#5775=AXIS2_PLACEMENT_3D('',#5772,#5773,#5774);
#5776=PLANE('',#5775);
#5777=ORIENTED_EDGE('',*,*,#5740,.T.);
#5778=ORIENTED_EDGE('',*,*,#3564,.F.);
#5779=ORIENTED_EDGE('',*,*,#5764,.T.);
#5780=ORIENTED_EDGE('',*,*,#3662,.T.);
#5781=EDGE_LOOP('',(#5777,#5778,#5779,#5780));
#5782=FACE_OUTER_BOUND('',#5781,.F.);
#5783=ADVANCED_FACE('',(#5782),#5776,.F.);
#5784=CARTESIAN_POINT('',(-4.519062685497E1,3.093144813171E1,
-1.278836345699E1));
#5785=DIRECTION('',(0.E0,-1.965239807730E-1,9.804990183479E-1));
#5786=DIRECTION('',(0.E0,-9.804990183479E-1,-1.965239807730E-1));
#5787=AXIS2_PLACEMENT_3D('',#5784,#5785,#5786);
#5788=CYLINDRICAL_SURFACE('',#5787,1.E-1);
#5790=ORIENTED_EDGE('',*,*,#5789,.T.);
#5791=ORIENTED_EDGE('',*,*,#3556,.F.);
#5793=ORIENTED_EDGE('',*,*,#5792,.T.);
#5794=ORIENTED_EDGE('',*,*,#3670,.F.);
#5795=EDGE_LOOP('',(#5790,#5791,#5793,#5794));
#5796=FACE_OUTER_BOUND('',#5795,.F.);
#5797=ADVANCED_FACE('',(#5796),#5788,.F.);
#5798=CARTESIAN_POINT('',(-4.555412231801E1,3.089977651439E1,
-1.279471148202E1));
#5799=DIRECTION('',(-3.420201433257E-1,9.213676922293E-1,1.846721345399E-1));
#5800=DIRECTION('',(9.324951671334E-1,3.085049055215E-1,1.878230192018E-1));
#5801=AXIS2_PLACEMENT_3D('',#5798,#5799,#5800);
#5802=PLANE('',#5801);
#5804=ORIENTED_EDGE('',*,*,#5803,.F.);
#5805=ORIENTED_EDGE('',*,*,#3550,.F.);
#5806=ORIENTED_EDGE('',*,*,#5789,.F.);
#5807=ORIENTED_EDGE('',*,*,#3676,.T.);
#5808=EDGE_LOOP('',(#5804,#5805,#5806,#5807));
#5809=FACE_OUTER_BOUND('',#5808,.F.);
#5810=ADVANCED_FACE('',(#5809),#5802,.F.);
#5811=CARTESIAN_POINT('',(-4.519062685497E1,3.093144813171E1,
-1.278836345699E1));
#5812=DIRECTION('',(0.E0,-1.965239807730E-1,9.804990183479E-1));
#5813=DIRECTION('',(0.E0,-9.804990183479E-1,-1.965239807730E-1));
#5814=AXIS2_PLACEMENT_3D('',#5811,#5812,#5813);
#5815=CYLINDRICAL_SURFACE('',#5814,1.E-1);
#5817=ORIENTED_EDGE('',*,*,#5816,.T.);
#5818=ORIENTED_EDGE('',*,*,#3552,.F.);
#5819=ORIENTED_EDGE('',*,*,#5803,.T.);
#5820=ORIENTED_EDGE('',*,*,#3674,.F.);
#5821=EDGE_LOOP('',(#5817,#5818,#5819,#5820));
#5822=FACE_OUTER_BOUND('',#5821,.F.);
#5823=ADVANCED_FACE('',(#5822),#5815,.F.);
#5824=CARTESIAN_POINT('',(-4.555412231801E1,3.096311974902E1,
-1.278201543196E1));
#5825=DIRECTION('',(-3.420201433257E-1,-9.213676922293E-1,-1.846721345399E-1));
#5826=DIRECTION('',(-9.324951671334E-1,3.085049055215E-1,1.878230192018E-1));
#5827=AXIS2_PLACEMENT_3D('',#5824,#5825,#5826);
#5828=PLANE('',#5827);
#5829=ORIENTED_EDGE('',*,*,#5792,.F.);
#5830=ORIENTED_EDGE('',*,*,#3554,.F.);
#5831=ORIENTED_EDGE('',*,*,#5816,.F.);
#5832=ORIENTED_EDGE('',*,*,#3672,.T.);
#5833=EDGE_LOOP('',(#5829,#5830,#5831,#5832));
#5834=FACE_OUTER_BOUND('',#5833,.F.);
#5835=ADVANCED_FACE('',(#5834),#5828,.F.);
#5836=CARTESIAN_POINT('',(-4.519062685497E1,3.855197363112E1,
-8.148858277044E0));
#5837=DIRECTION('',(0.E0,-7.807987237146E-1,6.247826446418E-1));
#5838=DIRECTION('',(0.E0,-6.247826446418E-1,-7.807987237146E-1));
#5839=AXIS2_PLACEMENT_3D('',#5836,#5837,#5838);
#5840=CYLINDRICAL_SURFACE('',#5839,1.E-1);
#5842=ORIENTED_EDGE('',*,*,#5841,.T.);
#5843=ORIENTED_EDGE('',*,*,#3546,.F.);
#5845=ORIENTED_EDGE('',*,*,#5844,.T.);
#5846=ORIENTED_EDGE('',*,*,#3680,.F.);
#5847=EDGE_LOOP('',(#5842,#5843,#5845,#5846));
#5848=FACE_OUTER_BOUND('',#5847,.F.);
#5849=ADVANCED_FACE('',(#5848),#5840,.F.);
#5850=CARTESIAN_POINT('',(-4.555412231801E1,3.853179219651E1,
-8.174079269534E0));
#5851=DIRECTION('',(-3.420201433257E-1,5.871036407650E-1,7.337107989937E-1));
#5852=DIRECTION('',(9.324951671334E-1,3.085049055215E-1,1.878230192018E-1));
#5853=AXIS2_PLACEMENT_3D('',#5850,#5851,#5852);
#5854=PLANE('',#5853);
#5856=ORIENTED_EDGE('',*,*,#5855,.F.);
#5857=ORIENTED_EDGE('',*,*,#3540,.F.);
#5858=ORIENTED_EDGE('',*,*,#5841,.F.);
#5859=ORIENTED_EDGE('',*,*,#3686,.T.);
#5860=EDGE_LOOP('',(#5856,#5857,#5858,#5859));
#5861=FACE_OUTER_BOUND('',#5860,.F.);
#5862=ADVANCED_FACE('',(#5861),#5854,.F.);
#5863=CARTESIAN_POINT('',(-4.519062685497E1,3.855197363112E1,
-8.148858277044E0));
#5864=DIRECTION('',(0.E0,-7.807987237146E-1,6.247826446418E-1));
#5865=DIRECTION('',(0.E0,-6.247826446418E-1,-7.807987237146E-1));
#5866=AXIS2_PLACEMENT_3D('',#5863,#5864,#5865);
#5867=CYLINDRICAL_SURFACE('',#5866,1.E-1);
#5869=ORIENTED_EDGE('',*,*,#5868,.T.);
#5870=ORIENTED_EDGE('',*,*,#3542,.F.);
#5871=ORIENTED_EDGE('',*,*,#5855,.T.);
#5872=ORIENTED_EDGE('',*,*,#3684,.F.);
#5873=EDGE_LOOP('',(#5869,#5870,#5871,#5872));
#5874=FACE_OUTER_BOUND('',#5873,.F.);
#5875=ADVANCED_FACE('',(#5874),#5867,.F.);
#5876=CARTESIAN_POINT('',(-4.555412231801E1,3.857215506574E1,
-8.123637284555E0));
#5877=DIRECTION('',(-3.420201433257E-1,-5.871036407650E-1,-7.337107989937E-1));
#5878=DIRECTION('',(-9.324951671334E-1,3.085049055215E-1,1.878230192018E-1));
#5879=AXIS2_PLACEMENT_3D('',#5876,#5877,#5878);
#5880=PLANE('',#5879);
#5881=ORIENTED_EDGE('',*,*,#5844,.F.);
#5882=ORIENTED_EDGE('',*,*,#3544,.F.);
#5883=ORIENTED_EDGE('',*,*,#5868,.F.);
#5884=ORIENTED_EDGE('',*,*,#3682,.T.);
#5885=EDGE_LOOP('',(#5881,#5882,#5883,#5884));
#5886=FACE_OUTER_BOUND('',#5885,.F.);
#5887=ADVANCED_FACE('',(#5886),#5880,.F.);
#5888=CARTESIAN_POINT('',(-4.519062685497E1,4.226515136835E1,
3.235586634588E-1));
#5889=DIRECTION('',(0.E0,-9.997290662189E-1,-2.327647217776E-2));
#5890=DIRECTION('',(0.E0,2.327647217776E-2,-9.997290662189E-1));
#5891=AXIS2_PLACEMENT_3D('',#5888,#5889,#5890);
#5892=CYLINDRICAL_SURFACE('',#5891,1.E-1);
#5894=ORIENTED_EDGE('',*,*,#5893,.F.);
#5895=ORIENTED_EDGE('',*,*,#3536,.F.);
#5897=ORIENTED_EDGE('',*,*,#5896,.F.);
#5898=ORIENTED_EDGE('',*,*,#3690,.T.);
#5899=EDGE_LOOP('',(#5894,#5895,#5897,#5898));
#5900=FACE_OUTER_BOUND('',#5899,.F.);
#5901=ADVANCED_FACE('',(#5900),#5892,.F.);
#5902=CARTESIAN_POINT('',(-4.555412231801E1,4.226590323399E1,
2.912658861979E-1));
#5903=DIRECTION('',(-3.420201433257E-1,-2.187272914337E-2,9.394380263111E-1));
#5904=DIRECTION('',(0.E0,-9.997290662189E-1,-2.327647217776E-2));
#5905=AXIS2_PLACEMENT_3D('',#5902,#5903,#5904);
#5906=PLANE('',#5905);
#5908=ORIENTED_EDGE('',*,*,#5907,.T.);
#5909=ORIENTED_EDGE('',*,*,#3530,.F.);
#5910=ORIENTED_EDGE('',*,*,#5893,.T.);
#5911=ORIENTED_EDGE('',*,*,#3696,.T.);
#5912=EDGE_LOOP('',(#5908,#5909,#5910,#5911));
#5913=FACE_OUTER_BOUND('',#5912,.F.);
#5914=ADVANCED_FACE('',(#5913),#5906,.F.);
#5915=CARTESIAN_POINT('',(-4.519062685497E1,4.226515136835E1,
3.235586634588E-1));
#5916=DIRECTION('',(0.E0,-9.997290662189E-1,-2.327647217776E-2));
#5917=DIRECTION('',(0.E0,2.327647217776E-2,-9.997290662189E-1));
#5918=AXIS2_PLACEMENT_3D('',#5915,#5916,#5917);
#5919=CYLINDRICAL_SURFACE('',#5918,1.E-1);
#5921=ORIENTED_EDGE('',*,*,#5920,.F.);
#5922=ORIENTED_EDGE('',*,*,#3532,.F.);
#5923=ORIENTED_EDGE('',*,*,#5907,.F.);
#5924=ORIENTED_EDGE('',*,*,#3694,.F.);
#5925=EDGE_LOOP('',(#5921,#5922,#5923,#5924));
#5926=FACE_OUTER_BOUND('',#5925,.F.);
#5927=ADVANCED_FACE('',(#5926),#5919,.F.);
#5928=CARTESIAN_POINT('',(-4.555412231801E1,4.226439950271E1,
3.558514407197E-1));
#5929=DIRECTION('',(-3.420201433257E-1,2.187272914337E-2,-9.394380263111E-1));
#5930=DIRECTION('',(0.E0,9.997290662189E-1,2.327647217776E-2));
#5931=AXIS2_PLACEMENT_3D('',#5928,#5929,#5930);
#5932=PLANE('',#5931);
#5933=ORIENTED_EDGE('',*,*,#5896,.T.);
#5934=ORIENTED_EDGE('',*,*,#3534,.F.);
#5935=ORIENTED_EDGE('',*,*,#5920,.T.);
#5936=ORIENTED_EDGE('',*,*,#3692,.T.);
#5937=EDGE_LOOP('',(#5933,#5934,#5935,#5936));
#5938=FACE_OUTER_BOUND('',#5937,.F.);
#5939=ADVANCED_FACE('',(#5938),#5932,.F.);
#5940=CARTESIAN_POINT('',(-4.519062685497E1,3.052840827926E1,1.417259560056E1));
#5941=DIRECTION('',(0.E0,-1.506782802461E-1,-9.885828523002E-1));
#5942=DIRECTION('',(0.E0,9.885828523002E-1,-1.506782802461E-1));
#5943=AXIS2_PLACEMENT_3D('',#5940,#5941,#5942);
#5944=CYLINDRICAL_SURFACE('',#5943,1.E-1);
#5946=ORIENTED_EDGE('',*,*,#5945,.F.);
#5947=ORIENTED_EDGE('',*,*,#3506,.F.);
#5949=ORIENTED_EDGE('',*,*,#5948,.F.);
#5950=ORIENTED_EDGE('',*,*,#3607,.T.);
#5951=EDGE_LOOP('',(#5946,#5947,#5949,#5950));
#5952=FACE_OUTER_BOUND('',#5951,.F.);
#5953=ADVANCED_FACE('',(#5952),#5944,.F.);
#5954=CARTESIAN_POINT('',(-4.555412231801E1,3.049647554175E1,1.417746273937E1));
#5955=DIRECTION('',(-3.420201433257E-1,9.289640113420E-1,-1.415912680600E-1));
#5956=DIRECTION('',(0.E0,1.506782802461E-1,9.885828523002E-1));
#5957=AXIS2_PLACEMENT_3D('',#5954,#5955,#5956);
#5958=PLANE('',#5957);
#5960=ORIENTED_EDGE('',*,*,#5959,.T.);
#5961=ORIENTED_EDGE('',*,*,#3500,.F.);
#5962=ORIENTED_EDGE('',*,*,#5945,.T.);
#5963=ORIENTED_EDGE('',*,*,#3613,.T.);
#5964=EDGE_LOOP('',(#5960,#5961,#5962,#5963));
#5965=FACE_OUTER_BOUND('',#5964,.F.);
#5966=ADVANCED_FACE('',(#5965),#5958,.F.);
#5967=CARTESIAN_POINT('',(-4.519062685497E1,3.052840827926E1,1.417259560056E1));
#5968=DIRECTION('',(0.E0,-1.506782802461E-1,-9.885828523002E-1));
#5969=DIRECTION('',(0.E0,9.885828523002E-1,-1.506782802461E-1));
#5970=AXIS2_PLACEMENT_3D('',#5967,#5968,#5969);
#5971=CYLINDRICAL_SURFACE('',#5970,1.E-1);
#5973=ORIENTED_EDGE('',*,*,#5972,.F.);
#5974=ORIENTED_EDGE('',*,*,#3502,.F.);
#5975=ORIENTED_EDGE('',*,*,#5959,.F.);
#5976=ORIENTED_EDGE('',*,*,#3611,.F.);
#5977=EDGE_LOOP('',(#5973,#5974,#5975,#5976));
#5978=FACE_OUTER_BOUND('',#5977,.F.);
#5979=ADVANCED_FACE('',(#5978),#5971,.F.);
#5980=CARTESIAN_POINT('',(-4.555412231801E1,3.056034101677E1,1.416772846175E1));
#5981=DIRECTION('',(-3.420201433257E-1,-9.289640113420E-1,1.415912680600E-1));
#5982=DIRECTION('',(0.E0,-1.506782802461E-1,-9.885828523002E-1));
#5983=AXIS2_PLACEMENT_3D('',#5980,#5981,#5982);
#5984=PLANE('',#5983);
#5985=ORIENTED_EDGE('',*,*,#5948,.T.);
#5986=ORIENTED_EDGE('',*,*,#3504,.F.);
#5987=ORIENTED_EDGE('',*,*,#5972,.T.);
#5988=ORIENTED_EDGE('',*,*,#3609,.T.);
#5989=EDGE_LOOP('',(#5985,#5986,#5987,#5988));
#5990=FACE_OUTER_BOUND('',#5989,.F.);
#5991=ADVANCED_FACE('',(#5990),#5984,.F.);
#5992=CARTESIAN_POINT('',(-4.519062685497E1,3.721989437660E1,7.785612624914E0));
#5993=DIRECTION('',(0.E0,-7.508750678884E-1,-6.604442689762E-1));
#5994=DIRECTION('',(0.E0,6.604442689762E-1,-7.508750678884E-1));
#5995=AXIS2_PLACEMENT_3D('',#5992,#5993,#5994);
#5996=CYLINDRICAL_SURFACE('',#5995,1.E-1);
#5998=ORIENTED_EDGE('',*,*,#5997,.T.);
#5999=ORIENTED_EDGE('',*,*,#3496,.F.);
#6001=ORIENTED_EDGE('',*,*,#6000,.T.);
#6002=ORIENTED_EDGE('',*,*,#3617,.F.);
#6003=EDGE_LOOP('',(#5998,#5999,#6001,#6002));
#6004=FACE_OUTER_BOUND('',#6003,.F.);
#6005=ADVANCED_FACE('',(#6004),#5996,.F.);
#6006=CARTESIAN_POINT('',(-4.555412231801E1,3.724122773619E1,7.761358212257E0));
#6007=DIRECTION('',(-3.420201433257E-1,-6.206146059973E-1,7.055917604269E-1));
#6008=DIRECTION('',(9.379884462878E-1,-1.802744064025E-1,2.961060840760E-1));
#6009=AXIS2_PLACEMENT_3D('',#6006,#6007,#6008);
#6010=PLANE('',#6009);
#6012=ORIENTED_EDGE('',*,*,#6011,.F.);
#6013=ORIENTED_EDGE('',*,*,#3490,.F.);
#6014=ORIENTED_EDGE('',*,*,#5997,.F.);
#6015=ORIENTED_EDGE('',*,*,#3623,.T.);
#6016=EDGE_LOOP('',(#6012,#6013,#6014,#6015));
#6017=FACE_OUTER_BOUND('',#6016,.F.);
#6018=ADVANCED_FACE('',(#6017),#6010,.F.);
#6019=CARTESIAN_POINT('',(-4.519062685497E1,3.721989437660E1,7.785612624914E0));
#6020=DIRECTION('',(0.E0,-7.508750678884E-1,-6.604442689762E-1));
#6021=DIRECTION('',(0.E0,6.604442689762E-1,-7.508750678884E-1));
#6022=AXIS2_PLACEMENT_3D('',#6019,#6020,#6021);
#6023=CYLINDRICAL_SURFACE('',#6022,1.E-1);
#6025=ORIENTED_EDGE('',*,*,#6024,.T.);
#6026=ORIENTED_EDGE('',*,*,#3492,.F.);
#6027=ORIENTED_EDGE('',*,*,#6011,.T.);
#6028=ORIENTED_EDGE('',*,*,#3621,.F.);
#6029=EDGE_LOOP('',(#6025,#6026,#6027,#6028));
#6030=FACE_OUTER_BOUND('',#6029,.F.);
#6031=ADVANCED_FACE('',(#6030),#6023,.F.);
#6032=CARTESIAN_POINT('',(-4.555412231801E1,3.719856101700E1,7.809867037572E0));
#6033=DIRECTION('',(-3.420201433257E-1,6.206146059973E-1,-7.055917604269E-1));
#6034=DIRECTION('',(-9.379884462878E-1,-1.802744064025E-1,2.961060840760E-1));
#6035=AXIS2_PLACEMENT_3D('',#6032,#6033,#6034);
#6036=PLANE('',#6035);
#6037=ORIENTED_EDGE('',*,*,#6000,.F.);
#6038=ORIENTED_EDGE('',*,*,#3494,.F.);
#6039=ORIENTED_EDGE('',*,*,#6024,.F.);
#6040=ORIENTED_EDGE('',*,*,#3619,.T.);
#6041=EDGE_LOOP('',(#6037,#6038,#6039,#6040));
#6042=FACE_OUTER_BOUND('',#6041,.F.);
#6043=ADVANCED_FACE('',(#6042),#6036,.F.);
#6044=CARTESIAN_POINT('',(-4.519062685497E1,1.738757521597E1,
-4.288639666875E0));
#6045=DIRECTION('',(0.E0,9.314770039608E-1,3.638002076584E-1));
#6046=DIRECTION('',(0.E0,-3.638002076584E-1,9.314770039608E-1));
#6047=AXIS2_PLACEMENT_3D('',#6044,#6045,#6046);
#6048=CYLINDRICAL_SURFACE('',#6047,1.E-1);
#6050=ORIENTED_EDGE('',*,*,#6049,.T.);
#6051=ORIENTED_EDGE('',*,*,#3486,.F.);
#6053=ORIENTED_EDGE('',*,*,#6052,.T.);
#6054=ORIENTED_EDGE('',*,*,#3627,.F.);
#6055=EDGE_LOOP('',(#6050,#6051,#6053,#6054));
#6056=FACE_OUTER_BOUND('',#6055,.F.);
#6057=ADVANCED_FACE('',(#6056),#6048,.F.);
#6058=CARTESIAN_POINT('',(-4.555412231801E1,1.739932651887E1,
-4.318727798179E0));
#6059=DIRECTION('',(-3.420201433257E-1,-3.418603705770E-1,8.753020670537E-1));
#6060=DIRECTION('',(9.379884462878E-1,-1.802744064025E-1,2.961060840760E-1));
#6061=AXIS2_PLACEMENT_3D('',#6058,#6059,#6060);
#6062=PLANE('',#6061);
#6064=ORIENTED_EDGE('',*,*,#6063,.F.);
#6065=ORIENTED_EDGE('',*,*,#3480,.F.);
#6066=ORIENTED_EDGE('',*,*,#6049,.F.);
#6067=ORIENTED_EDGE('',*,*,#3633,.T.);
#6068=EDGE_LOOP('',(#6064,#6065,#6066,#6067));
#6069=FACE_OUTER_BOUND('',#6068,.F.);
#6070=ADVANCED_FACE('',(#6069),#6062,.F.);
#6071=CARTESIAN_POINT('',(-4.519062685497E1,1.738757521597E1,
-4.288639666875E0));
#6072=DIRECTION('',(0.E0,9.314770039608E-1,3.638002076584E-1));
#6073=DIRECTION('',(0.E0,-3.638002076584E-1,9.314770039608E-1));
#6074=AXIS2_PLACEMENT_3D('',#6071,#6072,#6073);
#6075=CYLINDRICAL_SURFACE('',#6074,1.E-1);
#6077=ORIENTED_EDGE('',*,*,#6076,.T.);
#6078=ORIENTED_EDGE('',*,*,#3482,.F.);
#6079=ORIENTED_EDGE('',*,*,#6063,.T.);
#6080=ORIENTED_EDGE('',*,*,#3631,.F.);
#6081=EDGE_LOOP('',(#6077,#6078,#6079,#6080));
#6082=FACE_OUTER_BOUND('',#6081,.F.);
#6083=ADVANCED_FACE('',(#6082),#6075,.F.);
#6084=CARTESIAN_POINT('',(-4.555412231801E1,1.737582391307E1,
-4.258551535571E0));
#6085=DIRECTION('',(-3.420201433257E-1,3.418603705770E-1,-8.753020670537E-1));
#6086=DIRECTION('',(-9.379884462878E-1,-1.802744064025E-1,2.961060840760E-1));
#6087=AXIS2_PLACEMENT_3D('',#6084,#6085,#6086);
#6088=PLANE('',#6087);
#6089=ORIENTED_EDGE('',*,*,#6052,.F.);
#6090=ORIENTED_EDGE('',*,*,#3484,.F.);
#6091=ORIENTED_EDGE('',*,*,#6076,.F.);
#6092=ORIENTED_EDGE('',*,*,#3629,.T.);
#6093=EDGE_LOOP('',(#6089,#6090,#6091,#6092));
#6094=FACE_OUTER_BOUND('',#6093,.F.);
#6095=ADVANCED_FACE('',(#6094),#6088,.F.);
#6096=CARTESIAN_POINT('',(-4.519062685497E1,1.478606975444E1,4.588392892238E0));
#6097=DIRECTION('',(0.E0,9.473990486615E-1,-3.200547493717E-1));
#6098=DIRECTION('',(0.E0,3.200547493717E-1,9.473990486615E-1));
#6099=AXIS2_PLACEMENT_3D('',#6096,#6097,#6098);
#6100=CYLINDRICAL_SURFACE('',#6099,1.E-1);
#6102=ORIENTED_EDGE('',*,*,#6101,.F.);
#6103=ORIENTED_EDGE('',*,*,#3476,.F.);
#6105=ORIENTED_EDGE('',*,*,#6104,.F.);
#6106=ORIENTED_EDGE('',*,*,#3637,.F.);
#6107=EDGE_LOOP('',(#6102,#6103,#6105,#6106));
#6108=FACE_OUTER_BOUND('',#6107,.F.);
#6109=ADVANCED_FACE('',(#6108),#6100,.F.);
#6110=CARTESIAN_POINT('',(-4.555412231801E1,1.477573149672E1,4.557790454549E0));
#6111=DIRECTION('',(-3.420201433257E-1,3.007530862320E-1,8.902638949668E-1));
#6112=DIRECTION('',(0.E0,-9.473990486615E-1,3.200547493717E-1));
#6113=AXIS2_PLACEMENT_3D('',#6110,#6111,#6112);
#6114=PLANE('',#6113);
#6116=ORIENTED_EDGE('',*,*,#6115,.T.);
#6117=ORIENTED_EDGE('',*,*,#3470,.F.);
#6118=ORIENTED_EDGE('',*,*,#6101,.T.);
#6119=ORIENTED_EDGE('',*,*,#3643,.T.);
#6120=EDGE_LOOP('',(#6116,#6117,#6118,#6119));
#6121=FACE_OUTER_BOUND('',#6120,.F.);
#6122=ADVANCED_FACE('',(#6121),#6114,.F.);
#6123=CARTESIAN_POINT('',(-4.519062685497E1,1.478606975444E1,4.588392892238E0));
#6124=DIRECTION('',(0.E0,9.473990486615E-1,-3.200547493717E-1));
#6125=DIRECTION('',(0.E0,3.200547493717E-1,9.473990486615E-1));
#6126=AXIS2_PLACEMENT_3D('',#6123,#6124,#6125);
#6127=CYLINDRICAL_SURFACE('',#6126,1.E-1);
#6129=ORIENTED_EDGE('',*,*,#6128,.F.);
#6130=ORIENTED_EDGE('',*,*,#3472,.F.);
#6131=ORIENTED_EDGE('',*,*,#6115,.F.);
#6132=ORIENTED_EDGE('',*,*,#3641,.F.);
#6133=EDGE_LOOP('',(#6129,#6130,#6131,#6132));
#6134=FACE_OUTER_BOUND('',#6133,.F.);
#6135=ADVANCED_FACE('',(#6134),#6127,.F.);
#6136=CARTESIAN_POINT('',(-4.555412231801E1,1.479640801215E1,4.618995329928E0));
#6137=DIRECTION('',(-3.420201433257E-1,-3.007530862320E-1,-8.902638949668E-1));
#6138=DIRECTION('',(0.E0,9.473990486615E-1,-3.200547493717E-1));
#6139=AXIS2_PLACEMENT_3D('',#6136,#6137,#6138);
#6140=PLANE('',#6139);
#6141=ORIENTED_EDGE('',*,*,#6104,.T.);
#6142=ORIENTED_EDGE('',*,*,#3474,.F.);
#6143=ORIENTED_EDGE('',*,*,#6128,.T.);
#6144=ORIENTED_EDGE('',*,*,#3639,.T.);
#6145=EDGE_LOOP('',(#6141,#6142,#6143,#6144));
#6146=FACE_OUTER_BOUND('',#6145,.F.);
#6147=ADVANCED_FACE('',(#6146),#6140,.F.);
#6148=CLOSED_SHELL('',(#3410,#3425,#3440,#3454,#3516,#3570,#3586,#3647,#3700,
#3715,#3732,#3747,#3760,#3775,#3790,#3807,#3822,#3835,#3850,#3863,#3878,#3891,
#3906,#3919,#3934,#3949,#3963,#3978,#3991,#4007,#4022,#4035,#4050,#4063,#4078,
#4091,#4107,#4122,#4135,#4216,#4233,#4314,#4377,#4392,#4405,#4421,#4436,#4449,
#4464,#4477,#4492,#4509,#4521,#4536,#4549,#4565,#4580,#4597,#4612,#4625,#4640,
#4653,#4668,#4685,#4700,#4713,#4728,#4741,#4756,#4773,#4785,#4800,#4813,#4828,
#4843,#4860,#4873,#4885,#4900,#4913,#4929,#4944,#4957,#4973,#4988,#5001,#5016,
#5029,#5044,#5057,#5073,#5087,#5099,#5111,#5123,#5138,#5154,#5168,#5182,#5241,
#5256,#5269,#5282,#5294,#5310,#5323,#5338,#5350,#5366,#5379,#5394,#5406,#5420,
#5435,#5448,#5462,#5476,#5491,#5504,#5518,#5532,#5547,#5560,#5574,#5588,#5603,
#5616,#5629,#5643,#5656,#5669,#5682,#5694,#5707,#5719,#5731,#5745,#5758,#5771,
#5783,#5797,#5810,#5823,#5835,#5849,#5862,#5875,#5887,#5901,#5914,#5927,#5939,
#5953,#5966,#5979,#5991,#6005,#6018,#6031,#6043,#6057,#6070,#6083,#6095,#6109,
#6122,#6135,#6147));
#6149=MANIFOLD_SOLID_BREP('',#6148);
#6150=DIRECTION('',(9.659258262891E-1,0.E0,2.588190451025E-1));
#6151=VECTOR('',#6150,3.466354656420E-1);
#6152=CARTESIAN_POINT('',(-5.230070326160E1,2.836824302175E1,
-4.089715860216E0));
#6153=LINE('',#6152,#6151);
#6154=CARTESIAN_POINT('',(-5.196587911303E1,2.836824302175E1,0.E0));
#6155=DIRECTION('',(1.E0,0.E0,0.E0));
#6156=DIRECTION('',(0.E0,0.E0,-1.E0));
#6157=AXIS2_PLACEMENT_3D('',#6154,#6155,#6156);
#6159=CARTESIAN_POINT('',(-5.196587911303E1,2.836824302175E1,0.E0));
#6160=DIRECTION('',(1.E0,0.E0,0.E0));
#6161=DIRECTION('',(0.E0,0.E0,1.E0));
#6162=AXIS2_PLACEMENT_3D('',#6159,#6160,#6161);
#6164=DIRECTION('',(9.659258262891E-1,0.E0,-2.588190451025E-1));
#6165=VECTOR('',#6164,3.466354656420E-1);
#6166=CARTESIAN_POINT('',(-5.230070326160E1,2.836824302175E1,4.089715860216E0));
#6167=LINE('',#6166,#6165);
#6168=DIRECTION('',(1.E0,0.E0,0.E0));
#6169=VECTOR('',#6168,6.2E0);
#6170=CARTESIAN_POINT('',(-5.196587911303E1,2.836824302175E1,4.E0));
#6171=LINE('',#6170,#6169);
#6172=CARTESIAN_POINT('',(-4.576587911303E1,2.836824302175E1,0.E0));
#6173=DIRECTION('',(-1.E0,0.E0,0.E0));
#6174=DIRECTION('',(0.E0,0.E0,-1.E0));
#6175=AXIS2_PLACEMENT_3D('',#6172,#6173,#6174);
#6177=DIRECTION('',(-9.659258262891E-1,0.E0,2.588190451025E-1));
#6178=VECTOR('',#6177,3.466354656420E-1);
#6179=CARTESIAN_POINT('',(-4.543105496445E1,2.836824302175E1,
-4.089715860216E0));
#6180=LINE('',#6179,#6178);
#6181=DIRECTION('',(-9.659258262891E-1,0.E0,-2.588190451025E-1));
#6182=VECTOR('',#6181,3.466354656420E-1);
#6183=CARTESIAN_POINT('',(-4.543105496445E1,2.836824302175E1,4.089715860216E0));
#6184=LINE('',#6183,#6182);
#6185=CARTESIAN_POINT('',(-4.576587911303E1,2.836824302175E1,0.E0));
#6186=DIRECTION('',(-1.E0,0.E0,0.E0));
#6187=DIRECTION('',(0.E0,0.E0,1.E0));
#6188=AXIS2_PLACEMENT_3D('',#6185,#6186,#6187);
#6190=CARTESIAN_POINT('',(-4.543105496445E1,2.836824302175E1,0.E0));
#6191=DIRECTION('',(-1.E0,0.E0,0.E0));
#6192=DIRECTION('',(0.E0,0.E0,1.E0));
#6193=AXIS2_PLACEMENT_3D('',#6190,#6191,#6192);
#6195=CARTESIAN_POINT('',(-4.563811020054E1,2.836824302175E1,4.862456521247E0));
#6196=DIRECTION('',(0.E0,1.E0,0.E0));
#6197=DIRECTION('',(8.660254037844E-1,0.E0,-5.E-1));
#6198=AXIS2_PLACEMENT_3D('',#6195,#6196,#6197);
#6200=CARTESIAN_POINT('',(-4.494528987751E1,2.836824302175E1,0.E0));
#6201=DIRECTION('',(1.E0,0.E0,0.E0));
#6202=DIRECTION('',(0.E0,0.E0,-1.E0));
#6203=AXIS2_PLACEMENT_3D('',#6200,#6201,#6202);
#6205=CARTESIAN_POINT('',(-4.563811020054E1,2.836824302175E1,
-4.862456521247E0));
#6206=DIRECTION('',(0.E0,-1.E0,0.E0));
#6207=DIRECTION('',(8.660254037844E-1,0.E0,5.E-1));
#6208=AXIS2_PLACEMENT_3D('',#6205,#6206,#6207);
#6210=CARTESIAN_POINT('',(-4.494528987751E1,2.836824302175E1,0.E0));
#6211=DIRECTION('',(1.E0,0.E0,0.E0));
#6212=DIRECTION('',(0.E0,0.E0,1.E0));
#6213=AXIS2_PLACEMENT_3D('',#6210,#6211,#6212);
#6215=CARTESIAN_POINT('',(-4.543105496445E1,2.836824302175E1,0.E0));
#6216=DIRECTION('',(-1.E0,0.E0,0.E0));
#6217=DIRECTION('',(0.E0,0.E0,-1.E0));
#6218=AXIS2_PLACEMENT_3D('',#6215,#6216,#6217);
#6220=DIRECTION('',(-5.000000000001E-1,2.236921972686E-14,8.660254037844E-1));
#6221=VECTOR('',#6220,1.588215289662E-1);
#6222=CARTESIAN_POINT('',(-4.486587911303E1,2.836824302175E1,-4.6E0));
#6223=LINE('',#6222,#6221);
#6224=DIRECTION('',(-5.000000000001E-1,2.236921972686E-14,-8.660254037844E-1));
#6225=VECTOR('',#6224,1.588215289662E-1);
#6226=CARTESIAN_POINT('',(-4.486587911303E1,2.836824302175E1,4.6E0));
#6227=LINE('',#6226,#6225);
#6228=CARTESIAN_POINT('',(-4.486587911303E1,2.836824302175E1,0.E0));
#6229=DIRECTION('',(1.E0,0.E0,0.E0));
#6230=DIRECTION('',(0.E0,0.E0,-1.E0));
#6231=AXIS2_PLACEMENT_3D('',#6228,#6229,#6230);
#6233=CARTESIAN_POINT('',(-4.486587911303E1,2.836824302175E1,0.E0));
#6234=DIRECTION('',(1.E0,0.E0,0.E0));
#6235=DIRECTION('',(0.E0,0.E0,1.E0));
#6236=AXIS2_PLACEMENT_3D('',#6233,#6234,#6235);
#6238=CARTESIAN_POINT('',(-4.486587911303E1,2.836824302175E1,0.E0));
#6239=DIRECTION('',(-1.E0,0.E0,0.E0));
#6240=DIRECTION('',(0.E0,0.E0,-1.E0));
#6241=AXIS2_PLACEMENT_3D('',#6238,#6239,#6240);
#6243=CARTESIAN_POINT('',(-4.486587911303E1,2.836824302175E1,0.E0));
#6244=DIRECTION('',(-1.E0,0.E0,0.E0));
#6245=DIRECTION('',(0.E0,0.E0,1.E0));
#6246=AXIS2_PLACEMENT_3D('',#6243,#6244,#6245);
#6248=DIRECTION('',(1.E0,0.E0,0.E0));
#6249=VECTOR('',#6248,2.807976615162E0);
#6250=CARTESIAN_POINT('',(-4.767385572819E1,2.836824302175E1,6.4E0));
#6251=LINE('',#6250,#6249);
#6252=DIRECTION('',(1.E0,0.E0,0.E0));
#6253=VECTOR('',#6252,2.807976615162E0);
#6254=CARTESIAN_POINT('',(-4.767385572819E1,2.836824302175E1,-6.4E0));
#6255=LINE('',#6254,#6253);
#6256=CARTESIAN_POINT('',(-4.886587911303E1,2.836824302175E1,0.E0));
#6257=DIRECTION('',(1.E0,0.E0,0.E0));
#6258=DIRECTION('',(0.E0,0.E0,1.E0));
#6259=AXIS2_PLACEMENT_3D('',#6256,#6257,#6258);
#6261=CARTESIAN_POINT('',(-4.886587911303E1,2.836824302175E1,8.0555E0));
#6262=DIRECTION('',(0.E0,1.E0,0.E0));
#6263=DIRECTION('',(5.843251886459E-1,0.E0,-8.115196078431E-1));
#6264=AXIS2_PLACEMENT_3D('',#6261,#6262,#6263);
#6266=CARTESIAN_POINT('',(-4.767385572819E1,2.836824302175E1,0.E0));
#6267=DIRECTION('',(-1.E0,0.E0,0.E0));
#6268=DIRECTION('',(0.E0,0.E0,-1.E0));
#6269=AXIS2_PLACEMENT_3D('',#6266,#6267,#6268);
#6271=CARTESIAN_POINT('',(-5.005790249786E1,2.836824302175E1,0.E0));
#6272=DIRECTION('',(1.E0,0.E0,0.E0));
#6273=DIRECTION('',(0.E0,0.E0,1.E0));
#6274=AXIS2_PLACEMENT_3D('',#6271,#6272,#6273);
#6276=CARTESIAN_POINT('',(-4.886587911303E1,2.836824302175E1,8.0555E0));
#6277=DIRECTION('',(0.E0,1.E0,0.E0));
#6278=DIRECTION('',(0.E0,0.E0,-1.E0));
#6279=AXIS2_PLACEMENT_3D('',#6276,#6277,#6278);
#6281=CARTESIAN_POINT('',(-5.005790249786E1,2.836824302175E1,0.E0));
#6282=DIRECTION('',(1.E0,0.E0,0.E0));
#6283=DIRECTION('',(0.E0,0.E0,-1.E0));
#6284=AXIS2_PLACEMENT_3D('',#6281,#6282,#6283);
#6286=CARTESIAN_POINT('',(-4.886587911303E1,2.836824302175E1,-8.0555E0));
#6287=DIRECTION('',(0.E0,-1.E0,0.E0));
#6288=DIRECTION('',(0.E0,0.E0,1.E0));
#6289=AXIS2_PLACEMENT_3D('',#6286,#6287,#6288);
#6291=DIRECTION('',(1.E0,0.E0,0.E0));
#6292=VECTOR('',#6291,2.807976615162E0);
#6293=CARTESIAN_POINT('',(-5.286587911303E1,2.836824302175E1,6.4E0));
#6294=LINE('',#6293,#6292);
#6295=DIRECTION('',(1.E0,0.E0,0.E0));
#6296=VECTOR('',#6295,2.807976615162E0);
#6297=CARTESIAN_POINT('',(-5.286587911303E1,2.836824302175E1,-6.4E0));
#6298=LINE('',#6297,#6296);
#6299=CARTESIAN_POINT('',(-5.286587911303E1,2.836824302175E1,0.E0));
#6300=DIRECTION('',(-1.E0,0.E0,0.E0));
#6301=DIRECTION('',(0.E0,0.E0,1.E0));
#6302=AXIS2_PLACEMENT_3D('',#6299,#6300,#6301);
#6304=CARTESIAN_POINT('',(-5.286587911303E1,2.836824302175E1,0.E0));
#6305=DIRECTION('',(-1.E0,0.E0,0.E0));
#6306=DIRECTION('',(0.E0,0.E0,-1.E0));
#6307=AXIS2_PLACEMENT_3D('',#6304,#6305,#6306);
#6309=CARTESIAN_POINT('',(-5.286587911303E1,2.836824302175E1,0.E0));
#6310=DIRECTION('',(1.E0,0.E0,0.E0));
#6311=DIRECTION('',(0.E0,0.E0,-1.E0));
#6312=AXIS2_PLACEMENT_3D('',#6309,#6310,#6311);
#6314=CARTESIAN_POINT('',(-5.286587911303E1,2.836824302175E1,0.E0));
#6315=DIRECTION('',(1.E0,0.E0,0.E0));
#6316=DIRECTION('',(0.E0,0.E0,1.E0));
#6317=AXIS2_PLACEMENT_3D('',#6314,#6315,#6316);
#6319=DIRECTION('',(5.E-1,2.236921972686E-14,8.660254037845E-1));
#6320=VECTOR('',#6319,1.588215289662E-1);
#6321=CARTESIAN_POINT('',(-5.286587911303E1,2.836824302175E1,-4.6E0));
#6322=LINE('',#6321,#6320);
#6323=DIRECTION('',(5.E-1,2.236921972686E-14,-8.660254037845E-1));
#6324=VECTOR('',#6323,1.588215289662E-1);
#6325=CARTESIAN_POINT('',(-5.286587911303E1,2.836824302175E1,4.6E0));
#6326=LINE('',#6325,#6324);
#6327=CARTESIAN_POINT('',(-5.209364802552E1,2.836824302175E1,
-4.862456521247E0));
#6328=DIRECTION('',(0.E0,-1.E0,0.E0));
#6329=DIRECTION('',(-2.588190451025E-1,0.E0,9.659258262891E-1));
#6330=AXIS2_PLACEMENT_3D('',#6327,#6328,#6329);
#6332=CARTESIAN_POINT('',(-5.230070326160E1,2.836824302175E1,0.E0));
#6333=DIRECTION('',(1.E0,0.E0,0.E0));
#6334=DIRECTION('',(0.E0,0.E0,1.E0));
#6335=AXIS2_PLACEMENT_3D('',#6332,#6333,#6334);
#6337=CARTESIAN_POINT('',(-5.278646834854E1,2.836824302175E1,0.E0));
#6338=DIRECTION('',(-1.E0,0.E0,0.E0));
#6339=DIRECTION('',(0.E0,0.E0,-1.E0));
#6340=AXIS2_PLACEMENT_3D('',#6337,#6338,#6339);
#6342=CARTESIAN_POINT('',(-5.278646834854E1,2.836824302175E1,0.E0));
#6343=DIRECTION('',(-1.E0,0.E0,0.E0));
#6344=DIRECTION('',(0.E0,0.E0,1.E0));
#6345=AXIS2_PLACEMENT_3D('',#6342,#6343,#6344);
#6347=CARTESIAN_POINT('',(-5.209364802552E1,2.836824302175E1,4.862456521247E0));
#6348=DIRECTION('',(0.E0,1.E0,0.E0));
#6349=DIRECTION('',(-2.588190451025E-1,0.E0,-9.659258262891E-1));
#6350=AXIS2_PLACEMENT_3D('',#6347,#6348,#6349);
#6352=CARTESIAN_POINT('',(-5.230070326160E1,2.836824302175E1,0.E0));
#6353=DIRECTION('',(1.E0,0.E0,0.E0));
#6354=DIRECTION('',(0.E0,0.E0,-1.E0));
#6355=AXIS2_PLACEMENT_3D('',#6352,#6353,#6354);
#6357=CARTESIAN_POINT('',(-4.886587911303E1,2.836824302175E1,0.E0));
#6358=DIRECTION('',(1.E0,0.E0,0.E0));
#6359=DIRECTION('',(0.E0,0.E0,-1.E0));
#6360=AXIS2_PLACEMENT_3D('',#6357,#6358,#6359);
#6362=CARTESIAN_POINT('',(-4.886587911303E1,2.836824302175E1,-8.0555E0));
#6363=DIRECTION('',(0.E0,-1.E0,0.E0));
#6364=DIRECTION('',(5.843251886459E-1,0.E0,8.115196078431E-1));
#6365=AXIS2_PLACEMENT_3D('',#6362,#6363,#6364);
#6367=CARTESIAN_POINT('',(-4.767385572819E1,2.836824302175E1,0.E0));
#6368=DIRECTION('',(-1.E0,0.E0,0.E0));
#6369=DIRECTION('',(0.E0,0.E0,1.E0));
#6370=AXIS2_PLACEMENT_3D('',#6367,#6368,#6369);
#6372=DIRECTION('',(1.E0,0.E0,0.E0));
#6373=VECTOR('',#6372,6.2E0);
#6374=CARTESIAN_POINT('',(-5.196587911303E1,2.836824302175E1,-4.E0));
#6375=LINE('',#6374,#6373);
#6376=CARTESIAN_POINT('',(-5.230070326160E1,2.836824302175E1,4.089715860216E0));
#6377=CARTESIAN_POINT('',(-5.196587911303E1,2.836824302175E1,4.E0));
#6378=VERTEX_POINT('',#6376);
#6379=VERTEX_POINT('',#6377);
#6380=CARTESIAN_POINT('',(-4.486587911303E1,2.836824302175E1,-4.6E0));
#6381=CARTESIAN_POINT('',(-4.486587911303E1,2.836824302175E1,4.6E0));
#6382=VERTEX_POINT('',#6380);
#6383=VERTEX_POINT('',#6381);
#6384=CARTESIAN_POINT('',(-4.767385572819E1,2.836824302175E1,6.4E0));
#6385=CARTESIAN_POINT('',(-4.886587911303E1,2.836824302175E1,6.0155E0));
#6386=VERTEX_POINT('',#6384);
#6387=VERTEX_POINT('',#6385);
#6388=CARTESIAN_POINT('',(-4.543105496445E1,2.836824302175E1,4.089715860216E0));
#6389=CARTESIAN_POINT('',(-4.543105496445E1,2.836824302175E1,
-4.089715860216E0));
#6390=VERTEX_POINT('',#6388);
#6391=VERTEX_POINT('',#6389);
#6392=CARTESIAN_POINT('',(-5.230070326160E1,2.836824302175E1,
-4.089715860216E0));
#6393=VERTEX_POINT('',#6392);
#6394=CARTESIAN_POINT('',(-4.494528987751E1,2.836824302175E1,4.462456521247E0));
#6395=VERTEX_POINT('',#6394);
#6396=CARTESIAN_POINT('',(-5.286587911303E1,2.836824302175E1,4.6E0));
#6397=CARTESIAN_POINT('',(-5.286587911303E1,2.836824302175E1,-4.6E0));
#6398=VERTEX_POINT('',#6396);
#6399=VERTEX_POINT('',#6397);
#6400=CARTESIAN_POINT('',(-4.494528987751E1,2.836824302175E1,
-4.462456521247E0));
#6401=VERTEX_POINT('',#6400);
#6402=CARTESIAN_POINT('',(-5.005790249786E1,2.836824302175E1,6.4E0));
#6403=VERTEX_POINT('',#6402);
#6404=CARTESIAN_POINT('',(-5.196587911303E1,2.836824302175E1,-4.E0));
#6405=VERTEX_POINT('',#6404);
#6406=CARTESIAN_POINT('',(-4.886587911303E1,2.836824302175E1,-6.0155E0));
#6407=VERTEX_POINT('',#6406);
#6408=CARTESIAN_POINT('',(-4.576587911303E1,2.836824302175E1,4.E0));
#6409=VERTEX_POINT('',#6408);
#6410=CARTESIAN_POINT('',(-5.005790249786E1,2.836824302175E1,-6.4E0));
#6411=VERTEX_POINT('',#6410);
#6412=CARTESIAN_POINT('',(-4.767385572819E1,2.836824302175E1,-6.4E0));
#6413=VERTEX_POINT('',#6412);
#6414=CARTESIAN_POINT('',(-4.576587911303E1,2.836824302175E1,-4.E0));
#6415=VERTEX_POINT('',#6414);
#6416=CARTESIAN_POINT('',(-5.286587911303E1,2.836824302175E1,-6.4E0));
#6417=VERTEX_POINT('',#6416);
#6418=CARTESIAN_POINT('',(-5.278646834854E1,2.836824302175E1,
-4.462456521247E0));
#6419=CARTESIAN_POINT('',(-5.278646834854E1,2.836824302175E1,4.462456521247E0));
#6420=VERTEX_POINT('',#6418);
#6421=VERTEX_POINT('',#6419);
#6422=CARTESIAN_POINT('',(-4.486587911303E1,2.836824302175E1,-6.4E0));
#6423=VERTEX_POINT('',#6422);
#6424=CARTESIAN_POINT('',(-5.286587911303E1,2.836824302175E1,6.4E0));
#6425=VERTEX_POINT('',#6424);
#6426=CARTESIAN_POINT('',(-4.486587911303E1,2.836824302175E1,6.4E0));
#6427=VERTEX_POINT('',#6426);
#6428=CARTESIAN_POINT('',(-5.213329118731E1,2.836824302175E1,0.E0));
#6429=DIRECTION('',(-1.E0,0.E0,0.E0));
#6430=DIRECTION('',(0.E0,0.E0,1.E0));
#6431=AXIS2_PLACEMENT_3D('',#6428,#6429,#6430);
#6432=CONICAL_SURFACE('',#6431,4.044857930108E0,1.5E1);
#6434=ORIENTED_EDGE('',*,*,#6433,.F.);
#6436=ORIENTED_EDGE('',*,*,#6435,.T.);
#6438=ORIENTED_EDGE('',*,*,#6437,.T.);
#6440=ORIENTED_EDGE('',*,*,#6439,.F.);
#6441=EDGE_LOOP('',(#6434,#6436,#6438,#6440));
#6442=FACE_OUTER_BOUND('',#6441,.F.);
#6443=ADVANCED_FACE('',(#6442),#6432,.F.);
#6444=CARTESIAN_POINT('',(-5.213329118731E1,2.836824302175E1,0.E0));
#6445=DIRECTION('',(-1.E0,0.E0,0.E0));
#6446=DIRECTION('',(0.E0,0.E0,1.E0));
#6447=AXIS2_PLACEMENT_3D('',#6444,#6445,#6446);
#6448=CONICAL_SURFACE('',#6447,4.044857930108E0,1.5E1);
#6450=ORIENTED_EDGE('',*,*,#6449,.F.);
#6451=ORIENTED_EDGE('',*,*,#6437,.F.);
#6453=ORIENTED_EDGE('',*,*,#6452,.T.);
#6454=ORIENTED_EDGE('',*,*,#6433,.T.);
#6455=EDGE_LOOP('',(#6450,#6451,#6453,#6454));
#6456=FACE_OUTER_BOUND('',#6455,.F.);
#6457=ADVANCED_FACE('',(#6456),#6448,.F.);
#6458=CARTESIAN_POINT('',(-4.886587911303E1,2.836824302175E1,0.E0));
#6459=DIRECTION('',(-1.E0,0.E0,0.E0));
#6460=DIRECTION('',(0.E0,0.E0,1.E0));
#6461=AXIS2_PLACEMENT_3D('',#6458,#6459,#6460);
#6462=CYLINDRICAL_SURFACE('',#6461,4.E0);
#6464=ORIENTED_EDGE('',*,*,#6463,.T.);
#6466=ORIENTED_EDGE('',*,*,#6465,.F.);
#6467=ORIENTED_EDGE('',*,*,#6449,.T.);
#6469=ORIENTED_EDGE('',*,*,#6468,.T.);
#6470=EDGE_LOOP('',(#6464,#6466,#6467,#6469));
#6471=FACE_OUTER_BOUND('',#6470,.F.);
#6472=ADVANCED_FACE('',(#6471),#6462,.F.);
#6473=CARTESIAN_POINT('',(-4.559846703874E1,2.836824302175E1,0.E0));
#6474=DIRECTION('',(1.E0,0.E0,0.E0));
#6475=DIRECTION('',(0.E0,0.E0,-1.E0));
#6476=AXIS2_PLACEMENT_3D('',#6473,#6474,#6475);
#6477=CONICAL_SURFACE('',#6476,4.044857930108E0,1.5E1);
#6478=ORIENTED_EDGE('',*,*,#6463,.F.);
#6480=ORIENTED_EDGE('',*,*,#6479,.F.);
#6482=ORIENTED_EDGE('',*,*,#6481,.T.);
#6484=ORIENTED_EDGE('',*,*,#6483,.T.);
#6485=EDGE_LOOP('',(#6478,#6480,#6482,#6484));
#6486=FACE_OUTER_BOUND('',#6485,.F.);
#6487=ADVANCED_FACE('',(#6486),#6477,.F.);
#6488=CARTESIAN_POINT('',(-4.559846703874E1,2.836824302175E1,0.E0));
#6489=DIRECTION('',(1.E0,0.E0,0.E0));
#6490=DIRECTION('',(0.E0,0.E0,-1.E0));
#6491=AXIS2_PLACEMENT_3D('',#6488,#6489,#6490);
#6492=CONICAL_SURFACE('',#6491,4.044857930108E0,1.5E1);
#6493=ORIENTED_EDGE('',*,*,#6483,.F.);
#6495=ORIENTED_EDGE('',*,*,#6494,.T.);
#6496=ORIENTED_EDGE('',*,*,#6479,.T.);
#6498=ORIENTED_EDGE('',*,*,#6497,.F.);
#6499=EDGE_LOOP('',(#6493,#6495,#6496,#6498));
#6500=FACE_OUTER_BOUND('',#6499,.F.);
#6501=ADVANCED_FACE('',(#6500),#6492,.F.);
#6502=CARTESIAN_POINT('',(-4.563811020054E1,2.836824302175E1,0.E0));
#6503=DIRECTION('',(-1.E0,0.E0,0.E0));
#6504=DIRECTION('',(0.E0,0.E0,1.E0));
#6505=AXIS2_PLACEMENT_3D('',#6502,#6503,#6504);
#6506=TOROIDAL_SURFACE('',#6505,4.862456521247E0,8.E-1);
#6507=ORIENTED_EDGE('',*,*,#6494,.F.);
#6509=ORIENTED_EDGE('',*,*,#6508,.F.);
#6511=ORIENTED_EDGE('',*,*,#6510,.F.);
#6513=ORIENTED_EDGE('',*,*,#6512,.T.);
#6514=EDGE_LOOP('',(#6507,#6509,#6511,#6513));
#6515=FACE_OUTER_BOUND('',#6514,.F.);
#6516=ADVANCED_FACE('',(#6515),#6506,.T.);
#6517=CARTESIAN_POINT('',(-4.563811020054E1,2.836824302175E1,0.E0));
#6518=DIRECTION('',(-1.E0,0.E0,0.E0));
#6519=DIRECTION('',(0.E0,0.E0,1.E0));
#6520=AXIS2_PLACEMENT_3D('',#6517,#6518,#6519);
#6521=TOROIDAL_SURFACE('',#6520,4.862456521247E0,8.E-1);
#6522=ORIENTED_EDGE('',*,*,#6512,.F.);
#6524=ORIENTED_EDGE('',*,*,#6523,.F.);
#6525=ORIENTED_EDGE('',*,*,#6508,.T.);
#6526=ORIENTED_EDGE('',*,*,#6481,.F.);
#6527=EDGE_LOOP('',(#6522,#6524,#6525,#6526));
#6528=FACE_OUTER_BOUND('',#6527,.F.);
#6529=ADVANCED_FACE('',(#6528),#6521,.T.);
#6530=CARTESIAN_POINT('',(-4.490558449527E1,2.836824302175E1,0.E0));
#6531=DIRECTION('',(1.E0,0.E0,0.E0));
#6532=DIRECTION('',(0.E0,0.E0,-1.E0));
#6533=AXIS2_PLACEMENT_3D('',#6530,#6531,#6532);
#6534=CONICAL_SURFACE('',#6533,4.531228260624E0,6.E1);
#6535=ORIENTED_EDGE('',*,*,#6523,.T.);
#6537=ORIENTED_EDGE('',*,*,#6536,.F.);
#6539=ORIENTED_EDGE('',*,*,#6538,.T.);
#6541=ORIENTED_EDGE('',*,*,#6540,.T.);
#6542=EDGE_LOOP('',(#6535,#6537,#6539,#6541));
#6543=FACE_OUTER_BOUND('',#6542,.F.);
#6544=ADVANCED_FACE('',(#6543),#6534,.F.);
#6545=CARTESIAN_POINT('',(-4.490558449527E1,2.836824302175E1,0.E0));
#6546=DIRECTION('',(1.E0,0.E0,0.E0));
#6547=DIRECTION('',(0.E0,0.E0,-1.E0));
#6548=AXIS2_PLACEMENT_3D('',#6545,#6546,#6547);
#6549=CONICAL_SURFACE('',#6548,4.531228260624E0,6.E1);
#6550=ORIENTED_EDGE('',*,*,#6540,.F.);
#6552=ORIENTED_EDGE('',*,*,#6551,.T.);
#6553=ORIENTED_EDGE('',*,*,#6536,.T.);
#6554=ORIENTED_EDGE('',*,*,#6510,.T.);
#6555=EDGE_LOOP('',(#6550,#6552,#6553,#6554));
#6556=FACE_OUTER_BOUND('',#6555,.F.);
#6557=ADVANCED_FACE('',(#6556),#6549,.F.);
#6558=CARTESIAN_POINT('',(-4.486587911303E1,2.836824302175E1,0.E0));
#6559=DIRECTION('',(-1.E0,0.E0,0.E0));
#6560=DIRECTION('',(0.E0,0.E0,1.E0));
#6561=AXIS2_PLACEMENT_3D('',#6558,#6559,#6560);
#6562=PLANE('',#6561);
#6564=ORIENTED_EDGE('',*,*,#6563,.F.);
#6566=ORIENTED_EDGE('',*,*,#6565,.F.);
#6567=EDGE_LOOP('',(#6564,#6566));
#6568=FACE_OUTER_BOUND('',#6567,.F.);
#6569=ORIENTED_EDGE('',*,*,#6538,.F.);
#6570=ORIENTED_EDGE('',*,*,#6551,.F.);
#6571=EDGE_LOOP('',(#6569,#6570));
#6572=FACE_BOUND('',#6571,.F.);
#6573=ADVANCED_FACE('',(#6568,#6572),#6562,.F.);
#6574=CARTESIAN_POINT('',(-4.886587911303E1,2.836824302175E1,0.E0));
#6575=DIRECTION('',(-1.E0,0.E0,0.E0));
#6576=DIRECTION('',(0.E0,0.E0,1.E0));
#6577=AXIS2_PLACEMENT_3D('',#6574,#6575,#6576);
#6578=CYLINDRICAL_SURFACE('',#6577,6.4E0);
#6579=ORIENTED_EDGE('',*,*,#6563,.T.);
#6581=ORIENTED_EDGE('',*,*,#6580,.F.);
#6583=ORIENTED_EDGE('',*,*,#6582,.T.);
#6585=ORIENTED_EDGE('',*,*,#6584,.T.);
#6586=EDGE_LOOP('',(#6579,#6581,#6583,#6585));
#6587=FACE_OUTER_BOUND('',#6586,.F.);
#6588=ADVANCED_FACE('',(#6587),#6578,.T.);
#6589=CARTESIAN_POINT('',(-4.886587911303E1,2.836824302175E1,0.E0));
#6590=DIRECTION('',(-1.E0,0.E0,0.E0));
#6591=DIRECTION('',(0.E0,0.E0,1.E0));
#6592=AXIS2_PLACEMENT_3D('',#6589,#6590,#6591);
#6593=CYLINDRICAL_SURFACE('',#6592,6.4E0);
#6594=ORIENTED_EDGE('',*,*,#6584,.F.);
#6596=ORIENTED_EDGE('',*,*,#6595,.T.);
#6597=ORIENTED_EDGE('',*,*,#6580,.T.);
#6598=ORIENTED_EDGE('',*,*,#6565,.T.);
#6599=EDGE_LOOP('',(#6594,#6596,#6597,#6598));
#6600=FACE_OUTER_BOUND('',#6599,.F.);
#6601=ADVANCED_FACE('',(#6600),#6593,.T.);
#6602=CARTESIAN_POINT('',(-4.886587911303E1,2.836824302175E1,0.E0));
#6603=DIRECTION('',(-1.E0,0.E0,0.E0));
#6604=DIRECTION('',(0.E0,0.E0,1.E0));
#6605=AXIS2_PLACEMENT_3D('',#6602,#6603,#6604);
#6606=TOROIDAL_SURFACE('',#6605,8.0555E0,2.04E0);
#6608=ORIENTED_EDGE('',*,*,#6607,.F.);
#6610=ORIENTED_EDGE('',*,*,#6609,.F.);
#6611=ORIENTED_EDGE('',*,*,#6595,.F.);
#6613=ORIENTED_EDGE('',*,*,#6612,.T.);
#6614=EDGE_LOOP('',(#6608,#6610,#6611,#6613));
#6615=FACE_OUTER_BOUND('',#6614,.F.);
#6616=ADVANCED_FACE('',(#6615),#6606,.F.);
#6617=CARTESIAN_POINT('',(-4.886587911303E1,2.836824302175E1,0.E0));
#6618=DIRECTION('',(-1.E0,0.E0,0.E0));
#6619=DIRECTION('',(0.E0,0.E0,1.E0));
#6620=AXIS2_PLACEMENT_3D('',#6617,#6618,#6619);
#6621=TOROIDAL_SURFACE('',#6620,8.0555E0,2.04E0);
#6623=ORIENTED_EDGE('',*,*,#6622,.T.);
#6625=ORIENTED_EDGE('',*,*,#6624,.F.);
#6627=ORIENTED_EDGE('',*,*,#6626,.F.);
#6628=ORIENTED_EDGE('',*,*,#6607,.T.);
#6629=EDGE_LOOP('',(#6623,#6625,#6627,#6628));
#6630=FACE_OUTER_BOUND('',#6629,.F.);
#6631=ADVANCED_FACE('',(#6630),#6621,.F.);
#6632=CARTESIAN_POINT('',(-4.886587911303E1,2.836824302175E1,0.E0));
#6633=DIRECTION('',(-1.E0,0.E0,0.E0));
#6634=DIRECTION('',(0.E0,0.E0,1.E0));
#6635=AXIS2_PLACEMENT_3D('',#6632,#6633,#6634);
#6636=TOROIDAL_SURFACE('',#6635,8.0555E0,2.04E0);
#6637=ORIENTED_EDGE('',*,*,#6626,.T.);
#6639=ORIENTED_EDGE('',*,*,#6638,.F.);
#6640=ORIENTED_EDGE('',*,*,#6622,.F.);
#6642=ORIENTED_EDGE('',*,*,#6641,.T.);
#6643=EDGE_LOOP('',(#6637,#6639,#6640,#6642));
#6644=FACE_OUTER_BOUND('',#6643,.F.);
#6645=ADVANCED_FACE('',(#6644),#6636,.F.);
#6646=CARTESIAN_POINT('',(-4.886587911303E1,2.836824302175E1,0.E0));
#6647=DIRECTION('',(-1.E0,0.E0,0.E0));
#6648=DIRECTION('',(0.E0,0.E0,1.E0));
#6649=AXIS2_PLACEMENT_3D('',#6646,#6647,#6648);
#6650=CYLINDRICAL_SURFACE('',#6649,6.4E0);
#6651=ORIENTED_EDGE('',*,*,#6638,.T.);
#6653=ORIENTED_EDGE('',*,*,#6652,.F.);
#6655=ORIENTED_EDGE('',*,*,#6654,.T.);
#6657=ORIENTED_EDGE('',*,*,#6656,.T.);
#6658=EDGE_LOOP('',(#6651,#6653,#6655,#6657));
#6659=FACE_OUTER_BOUND('',#6658,.F.);
#6660=ADVANCED_FACE('',(#6659),#6650,.T.);
#6661=CARTESIAN_POINT('',(-4.886587911303E1,2.836824302175E1,0.E0));
#6662=DIRECTION('',(-1.E0,0.E0,0.E0));
#6663=DIRECTION('',(0.E0,0.E0,1.E0));
#6664=AXIS2_PLACEMENT_3D('',#6661,#6662,#6663);
#6665=CYLINDRICAL_SURFACE('',#6664,6.4E0);
#6666=ORIENTED_EDGE('',*,*,#6656,.F.);
#6668=ORIENTED_EDGE('',*,*,#6667,.T.);
#6669=ORIENTED_EDGE('',*,*,#6652,.T.);
#6670=ORIENTED_EDGE('',*,*,#6624,.T.);
#6671=EDGE_LOOP('',(#6666,#6668,#6669,#6670));
#6672=FACE_OUTER_BOUND('',#6671,.F.);
#6673=ADVANCED_FACE('',(#6672),#6665,.T.);
#6674=CARTESIAN_POINT('',(-5.286587911303E1,2.836824302175E1,0.E0));
#6675=DIRECTION('',(-1.E0,0.E0,0.E0));
#6676=DIRECTION('',(0.E0,0.E0,1.E0));
#6677=AXIS2_PLACEMENT_3D('',#6674,#6675,#6676);
#6678=PLANE('',#6677);
#6679=ORIENTED_EDGE('',*,*,#6654,.F.);
#6680=ORIENTED_EDGE('',*,*,#6667,.F.);
#6681=EDGE_LOOP('',(#6679,#6680));
#6682=FACE_OUTER_BOUND('',#6681,.F.);
#6684=ORIENTED_EDGE('',*,*,#6683,.F.);
#6686=ORIENTED_EDGE('',*,*,#6685,.F.);
#6687=EDGE_LOOP('',(#6684,#6686));
#6688=FACE_BOUND('',#6687,.F.);
#6689=ADVANCED_FACE('',(#6682,#6688),#6678,.T.);
#6690=CARTESIAN_POINT('',(-5.282617373078E1,2.836824302175E1,0.E0));
#6691=DIRECTION('',(-1.E0,0.E0,0.E0));
#6692=DIRECTION('',(0.E0,0.E0,1.E0));
#6693=AXIS2_PLACEMENT_3D('',#6690,#6691,#6692);
#6694=CONICAL_SURFACE('',#6693,4.531228260624E0,6.E1);
#6696=ORIENTED_EDGE('',*,*,#6695,.F.);
#6697=ORIENTED_EDGE('',*,*,#6683,.T.);
#6699=ORIENTED_EDGE('',*,*,#6698,.T.);
#6701=ORIENTED_EDGE('',*,*,#6700,.T.);
#6702=EDGE_LOOP('',(#6696,#6697,#6699,#6701));
#6703=FACE_OUTER_BOUND('',#6702,.F.);
#6704=ADVANCED_FACE('',(#6703),#6694,.F.);
#6705=CARTESIAN_POINT('',(-5.282617373078E1,2.836824302175E1,0.E0));
#6706=DIRECTION('',(-1.E0,0.E0,0.E0));
#6707=DIRECTION('',(0.E0,0.E0,1.E0));
#6708=AXIS2_PLACEMENT_3D('',#6705,#6706,#6707);
#6709=CONICAL_SURFACE('',#6708,4.531228260624E0,6.E1);
#6711=ORIENTED_EDGE('',*,*,#6710,.T.);
#6712=ORIENTED_EDGE('',*,*,#6698,.F.);
#6713=ORIENTED_EDGE('',*,*,#6685,.T.);
#6714=ORIENTED_EDGE('',*,*,#6695,.T.);
#6715=EDGE_LOOP('',(#6711,#6712,#6713,#6714));
#6716=FACE_OUTER_BOUND('',#6715,.F.);
#6717=ADVANCED_FACE('',(#6716),#6709,.F.);
#6718=CARTESIAN_POINT('',(-5.209364802552E1,2.836824302175E1,0.E0));
#6719=DIRECTION('',(-1.E0,0.E0,0.E0));
#6720=DIRECTION('',(0.E0,0.E0,1.E0));
#6721=AXIS2_PLACEMENT_3D('',#6718,#6719,#6720);
#6722=TOROIDAL_SURFACE('',#6721,4.862456521247E0,8.E-1);
#6724=ORIENTED_EDGE('',*,*,#6723,.F.);
#6725=ORIENTED_EDGE('',*,*,#6452,.F.);
#6727=ORIENTED_EDGE('',*,*,#6726,.T.);
#6728=ORIENTED_EDGE('',*,*,#6710,.F.);
#6729=EDGE_LOOP('',(#6724,#6725,#6727,#6728));
#6730=FACE_OUTER_BOUND('',#6729,.F.);
#6731=ADVANCED_FACE('',(#6730),#6722,.T.);
#6732=CARTESIAN_POINT('',(-5.209364802552E1,2.836824302175E1,0.E0));
#6733=DIRECTION('',(-1.E0,0.E0,0.E0));
#6734=DIRECTION('',(0.E0,0.E0,1.E0));
#6735=AXIS2_PLACEMENT_3D('',#6732,#6733,#6734);
#6736=TOROIDAL_SURFACE('',#6735,4.862456521247E0,8.E-1);
#6737=ORIENTED_EDGE('',*,*,#6700,.F.);
#6738=ORIENTED_EDGE('',*,*,#6726,.F.);
#6739=ORIENTED_EDGE('',*,*,#6435,.F.);
#6740=ORIENTED_EDGE('',*,*,#6723,.T.);
#6741=EDGE_LOOP('',(#6737,#6738,#6739,#6740));
#6742=FACE_OUTER_BOUND('',#6741,.F.);
#6743=ADVANCED_FACE('',(#6742),#6736,.T.);
#6744=CARTESIAN_POINT('',(-4.886587911303E1,2.836824302175E1,0.E0));
#6745=DIRECTION('',(-1.E0,0.E0,0.E0));
#6746=DIRECTION('',(0.E0,0.E0,1.E0));
#6747=AXIS2_PLACEMENT_3D('',#6744,#6745,#6746);
#6748=TOROIDAL_SURFACE('',#6747,8.0555E0,2.04E0);
#6749=ORIENTED_EDGE('',*,*,#6641,.F.);
#6750=ORIENTED_EDGE('',*,*,#6612,.F.);
#6751=ORIENTED_EDGE('',*,*,#6582,.F.);
#6752=ORIENTED_EDGE('',*,*,#6609,.T.);
#6753=EDGE_LOOP('',(#6749,#6750,#6751,#6752));
#6754=FACE_OUTER_BOUND('',#6753,.F.);
#6755=ADVANCED_FACE('',(#6754),#6748,.F.);
#6756=CARTESIAN_POINT('',(-4.886587911303E1,2.836824302175E1,0.E0));
#6757=DIRECTION('',(-1.E0,0.E0,0.E0));
#6758=DIRECTION('',(0.E0,0.E0,1.E0));
#6759=AXIS2_PLACEMENT_3D('',#6756,#6757,#6758);
#6760=CYLINDRICAL_SURFACE('',#6759,4.E0);
#6761=ORIENTED_EDGE('',*,*,#6468,.F.);
#6762=ORIENTED_EDGE('',*,*,#6439,.T.);
#6763=ORIENTED_EDGE('',*,*,#6465,.T.);
#6764=ORIENTED_EDGE('',*,*,#6497,.T.);
#6765=EDGE_LOOP('',(#6761,#6762,#6763,#6764));
#6766=FACE_OUTER_BOUND('',#6765,.F.);
#6767=ADVANCED_FACE('',(#6766),#6760,.F.);
#6768=CLOSED_SHELL('',(#6443,#6457,#6472,#6487,#6501,#6516,#6529,#6544,#6557,
#6573,#6588,#6601,#6616,#6631,#6645,#6660,#6673,#6689,#6704,#6717,#6731,#6743,
#6755,#6767));
#6769=MANIFOLD_SOLID_BREP('',#6768);
#6771=DIMENSIONAL_EXPONENTS(0.E0,0.E0,0.E0,0.E0,0.E0,0.E0,0.E0);
#6773=PLANE_ANGLE_MEASURE_WITH_UNIT(PLANE_ANGLE_MEASURE(1.745329251994E-2),
#6772);
#6774=(CONVERSION_BASED_UNIT('DEGREE',#6773)NAMED_UNIT(*)PLANE_ANGLE_UNIT());
#6776=UNCERTAINTY_MEASURE_WITH_UNIT(LENGTH_MEASURE(5.E-3),#6770,'closure',
'Maximum model space distance between geometric entities at asserted connectivities');
#6777=(GEOMETRIC_REPRESENTATION_CONTEXT(3)GLOBAL_UNCERTAINTY_ASSIGNED_CONTEXT((
#6776))GLOBAL_UNIT_ASSIGNED_CONTEXT((#6770,#6774,#6775))REPRESENTATION_CONTEXT(
'ID1','3'));
#6779=APPLICATION_CONTEXT(
'CONFIGURATION CONTROLLED 3D DESIGNS OF MECHANICAL PARTS AND ASSEMBLIES');
#6780=APPLICATION_PROTOCOL_DEFINITION('international standard',
'config_control_design',1994,#6779);
#6781=DESIGN_CONTEXT('',#6779,'design');
#6782=MECHANICAL_CONTEXT('',#6779,'mechanical');
#6783=PRODUCT('628ZZ-EA030','628ZZ-EA030','NOT SPECIFIED',(#6782));
#6784=PRODUCT_DEFINITION_FORMATION_WITH_SPECIFIED_SOURCE('1','LAST_VERSION',
#6783,.MADE.);
#6788=PRODUCT_CATEGORY('part','');
#6789=PRODUCT_RELATED_PRODUCT_CATEGORY('detail','',(#6783));
#6790=PRODUCT_CATEGORY_RELATIONSHIP('','',#6788,#6789);
#6791=SECURITY_CLASSIFICATION_LEVEL('unclassified');
#6792=SECURITY_CLASSIFICATION('','',#6791);
#6793=CC_DESIGN_SECURITY_CLASSIFICATION(#6792,(#6784));
#6794=APPROVAL_STATUS('approved');
#6795=APPROVAL(#6794,'');
#6796=CC_DESIGN_APPROVAL(#6795,(#6792,#6784,#6785));
#6797=CALENDAR_DATE(125,19,12);
#6798=COORDINATED_UNIVERSAL_TIME_OFFSET(8,0,.AHEAD.);
#6799=LOCAL_TIME(16,36,4.6E1,#6798);
#6800=DATE_AND_TIME(#6797,#6799);
#6801=APPROVAL_DATE_TIME(#6800,#6795);
#6802=DATE_TIME_ROLE('creation_date');
#6803=CC_DESIGN_DATE_AND_TIME_ASSIGNMENT(#6800,#6802,(#6785));
#6804=DATE_TIME_ROLE('classification_date');
#6805=CC_DESIGN_DATE_AND_TIME_ASSIGNMENT(#6800,#6804,(#6792));
#6806=PERSON('UNSPECIFIED','UNSPECIFIED',$,$,$,$);
#6807=ORGANIZATION('UNSPECIFIED','UNSPECIFIED','UNSPECIFIED');
#6808=PERSON_AND_ORGANIZATION(#6806,#6807);
#6809=APPROVAL_ROLE('approver');
#6810=APPROVAL_PERSON_ORGANIZATION(#6808,#6795,#6809);
#6811=PERSON_AND_ORGANIZATION_ROLE('creator');
#6812=CC_DESIGN_PERSON_AND_ORGANIZATION_ASSIGNMENT(#6808,#6811,(#6784,#6785));
#6813=PERSON_AND_ORGANIZATION_ROLE('design_supplier');
#6814=CC_DESIGN_PERSON_AND_ORGANIZATION_ASSIGNMENT(#6808,#6813,(#6784));
#6815=PERSON_AND_ORGANIZATION_ROLE('classification_officer');
#6816=CC_DESIGN_PERSON_AND_ORGANIZATION_ASSIGNMENT(#6808,#6815,(#6792));
#6817=PERSON_AND_ORGANIZATION_ROLE('design_owner');
#6818=CC_DESIGN_PERSON_AND_ORGANIZATION_ASSIGNMENT(#6808,#6817,(#6783));
#1=DRAUGHTING_PRE_DEFINED_COLOUR('black');
#2=COLOUR_RGB('',0.E0,0.E0,4.7E-1);
#3=COLOUR_RGB('',0.E0,0.E0,6.E-1);
#4=COLOUR_RGB('',0.E0,0.E0,8.E-1);
#5=COLOUR_RGB('',0.E0,2.745098039216E-2,7.019607843137E-1);
#6=COLOUR_RGB('',0.E0,3.137254901961E-2,3.411764705882E-1);
#7=COLOUR_RGB('',0.E0,2.E-1,1.E0);
#8=COLOUR_RGB('',0.E0,3.3E-1,0.E0);
#9=COLOUR_RGB('',0.E0,3.3E-1,3.3E-1);
#10=COLOUR_RGB('',0.E0,4.E-1,0.E0);
#11=COLOUR_RGB('',0.E0,4.E-1,4.E-1);
#12=COLOUR_RGB('',0.E0,4.E-1,1.E0);
#13=COLOUR_RGB('',0.E0,5.019607843137E-1,5.019607843137E-1);
#14=COLOUR_RGB('',0.E0,6.E-1,0.E0);
#15=COLOUR_RGB('',0.E0,6.E-1,6.E-1);
#16=COLOUR_RGB('',0.E0,6.E-1,1.E0);
#17=COLOUR_RGB('',0.E0,8.E-1,0.E0);
#18=COLOUR_RGB('',0.E0,8.E-1,8.E-1);
#19=COLOUR_RGB('',0.E0,8.E-1,1.E0);
#20=COLOUR_RGB('',0.E0,9.3E-1,0.E0);
#21=COLOUR_RGB('',0.E0,9.3E-1,9.3E-1);
#22=DRAUGHTING_PRE_DEFINED_COLOUR('green');
#23=COLOUR_RGB('',0.E0,1.E0,2.E-1);
#24=COLOUR_RGB('',0.E0,1.E0,4.E-1);
#25=COLOUR_RGB('',0.E0,1.E0,6.E-1);
#26=COLOUR_RGB('',0.E0,1.E0,8.E-1);
#27=DRAUGHTING_PRE_DEFINED_COLOUR('cyan');
#28=COLOUR_RGB('',3.1E-2,2.E-1,6.27E-1);
#29=COLOUR_RGB('',3.529411764706E-2,5.137254901961E-1,1.725490196078E-1);
#30=COLOUR_RGB('',6.6667E-2,5.17647E-1,6.39216E-1);
#31=COLOUR_RGB('',7.E-2,7.E-2,1.E0);
#32=COLOUR_RGB('',7.E-2,6.E-1,3.E-1);
#33=COLOUR_RGB('',8.E-2,1.E-1,1.1E-1);
#34=COLOUR_RGB('',9.803921568627E-2,9.803921568627E-2,4.392156862745E-1);
#35=COLOUR_RGB('',1.019607843137E-1,6.313725490196E-1,5.019607843137E-1);
#36=COLOUR_RGB('',1.176470588235E-1,5.647058823529E-1,1.E0);
#37=COLOUR_RGB('',1.254901960784E-1,6.980392156863E-1,6.666666666667E-1);
#38=COLOUR_RGB('',1.333333333333E-1,5.450980392157E-1,1.333333333333E-1);
#39=COLOUR_RGB('',1.450980392157E-1,3.529411764706E-2,0.E0);
#40=COLOUR_RGB('',1.686274509804E-1,1.686274509804E-1,1.803921568627E-1);
#41=COLOUR_RGB('',1.803921568627E-1,5.450980392157E-1,3.411764705882E-1);
#42=COLOUR_RGB('',1.9E-1,2.3E-1,3.1E-1);
#43=COLOUR_RGB('',1.960784313725E-1,8.039215686275E-1,1.960784313725E-1);
#44=COLOUR_RGB('',2.E-1,1.E0,0.E0);
#45=COLOUR_RGB('',2.E-1,1.E0,2.E-1);
#46=COLOUR_RGB('',2.E-1,1.E0,1.E0);
#47=COLOUR_RGB('',2.313725490196E-1,3.803921568627E-1,5.607843137255E-1);
#48=COLOUR_RGB('',2.352941176471E-1,7.019607843137E-1,4.431372549020E-1);
#49=COLOUR_RGB('',2.431372549020E-1,8.784313725490E-1,8.156862745098E-1);
#50=COLOUR_RGB('',2.470588235294E-1,5.921568627451E-1,6.313725490196E-1);
#51=COLOUR_RGB('',2.5098E-1,2.35294E-1,8.62745E-1);
#52=COLOUR_RGB('',2.549019607843E-1,4.117647058824E-1,1.E0);
#53=COLOUR_RGB('',2.58824E-1,7.80392E-1,8.86275E-1);
#54=COLOUR_RGB('',2.7E-1,0.E0,4.E-1);
#55=COLOUR_RGB('',2.7E-1,2.7E-1,0.E0);
#56=COLOUR_RGB('',2.7E-1,2.7E-1,1.E0);
#57=COLOUR_RGB('',2.745098039216E-1,5.098039215686E-1,7.058823529412E-1);
#58=COLOUR_RGB('',2.784313725490E-1,2.784313725490E-1,2.784313725490E-1);
#59=COLOUR_RGB('',2.823529411765E-1,2.392156862745E-1,5.450980392157E-1);
#60=COLOUR_RGB('',3.13725E-1,4.70588E-1,1.96078E-1);
#61=COLOUR_RGB('',3.2549E-1,4.98039E-1,9.84314E-1);
#62=COLOUR_RGB('',3.254901960784E-1,5.764705882353E-1,8.117647058824E-1);
#63=COLOUR_RGB('',3.3E-1,0.E0,0.E0);
#64=COLOUR_RGB('',3.3E-1,0.E0,3.3E-1);
#65=COLOUR_RGB('',3.3E-1,0.E0,5.3E-1);
#66=COLOUR_RGB('',3.450980392157E-1,3.647058823529E-1,3.725490196078E-1);
#67=COLOUR_RGB('',3.725490196078E-1,6.196078431373E-1,6.274509803922E-1);
#68=COLOUR_RGB('',3.803921568627E-1,4.392156862745E-1,5.960784313725E-1);
#69=COLOUR_RGB('',3.882352941176E-1,4.392156862745E-1,4.901960784314E-1);
#70=COLOUR_RGB('',3.921568627451E-1,5.843137254902E-1,9.294117647059E-1);
#71=COLOUR_RGB('',3.96078E-1,7.13725E-1,1.E0);
#72=COLOUR_RGB('',4.E-1,0.E0,4.E-1);
#73=COLOUR_RGB('',4.E-1,0.E0,6.7E-1);
#74=COLOUR_RGB('',4.E-1,1.3E-1,0.E0);
#75=COLOUR_RGB('',4.E-1,4.E-1,0.E0);
#76=COLOUR_RGB('',4.E-1,4.E-1,1.E0);
#77=COLOUR_RGB('',4.E-1,8.039215686275E-1,6.666666666667E-1);
#78=COLOUR_RGB('',4.E-1,1.E0,0.E0);
#79=COLOUR_RGB('',4.E-1,1.E0,4.E-1);
#80=COLOUR_RGB('',4.E-1,1.E0,1.E0);
#81=COLOUR_RGB('',4.156862745098E-1,3.529411764706E-1,8.039215686275E-1);
#82=COLOUR_RGB('',4.196078431373E-1,5.568627450980E-1,1.372549019608E-1);
#83=COLOUR_RGB('',4.666666666667E-1,5.333333333333E-1,6.E-1);
#84=COLOUR_RGB('',4.7E-1,0.E0,0.E0);
#85=COLOUR_RGB('',4.7E-1,0.E0,8.E-1);
#86=COLOUR_RGB('',4.7E-1,2.E-1,7.E-2);
#87=COLOUR_RGB('',4.823529411765E-1,4.078431372549E-1,9.333333333333E-1);
#88=COLOUR_RGB('',4.980392156863E-1,1.E0,8.313725490196E-1);
#89=COLOUR_RGB('',5.019607843137E-1,0.E0,5.019607843137E-1);
#90=COLOUR_RGB('',5.019607843137E-1,5.019607843137E-1,0.E0);
#91=COLOUR_RGB('',5.01961E-1,5.01961E-1,5.01961E-1);
#92=COLOUR_RGB('',5.098039215686E-1,3.960784313725E-1,1.058823529412E-1);
#93=COLOUR_RGB('',5.3E-1,0.E0,9.3E-1);
#94=COLOUR_RGB('',5.3E-1,2.7E-1,1.3E-1);
#95=COLOUR_RGB('',5.3E-1,5.3E-1,1.E0);
#96=COLOUR_RGB('',5.294117647059E-1,8.078431372549E-1,9.215686274510E-1);
#97=COLOUR_RGB('',5.411764705882E-1,1.686274509804E-1,8.862745098039E-1);
#98=COLOUR_RGB('',5.5E-1,6.5E-1,7.3E-1);
#99=COLOUR_RGB('',5.607843137255E-1,7.372549019608E-1,5.607843137255E-1);
#100=COLOUR_RGB('',5.68627E-1,9.37255E-1,9.37255E-1);
#101=COLOUR_RGB('',5.725490196078E-1,6.117647058824E-1,6.313725490196E-1);
#102=COLOUR_RGB('',5.764705882353E-1,4.392156862745E-1,8.588235294118E-1);
#103=COLOUR_RGB('',5.803921568627E-1,0.E0,8.274509803922E-1);
#104=COLOUR_RGB('',5.88235E-1,2.35294E-1,1.56863E-1);
#105=COLOUR_RGB('',6.E-1,0.E0,6.E-1);
#106=COLOUR_RGB('',6.E-1,1.960784313725E-1,8.E-1);
#107=COLOUR_RGB('',6.E-1,2.E-1,1.E0);
#108=COLOUR_RGB('',6.E-1,3.3E-1,2.E-1);
#109=COLOUR_RGB('',6.E-1,6.E-1,0.E0);
#110=COLOUR_RGB('',6.E-1,1.E0,6.E-1);
#111=COLOUR_RGB('',6.E-1,1.E0,1.E0);
#112=COLOUR_RGB('',6.27451E-1,4.70588E-1,3.52941E-1);
#113=COLOUR_RGB('',6.627450980392E-1,6.627450980392E-1,6.627450980392E-1);
#114=COLOUR_RGB('',6.66667E-1,8.23529E-1,1.96078E-1);
#115=COLOUR_RGB('',6.66667E-1,8.23529E-1,5.88235E-1);
#116=COLOUR_RGB('',6.7E-1,0.E0,0.E0);
#117=COLOUR_RGB('',6.7E-1,4.E-1,2.7E-1);
#118=COLOUR_RGB('',6.7E-1,4.E-1,1.E0);
#119=COLOUR_RGB('',6.7E-1,6.7E-1,1.E0);
#120=COLOUR_RGB('',6.7E-1,1.E0,0.E0);
#121=COLOUR_RGB('',6.784313725490E-1,8.117647058824E-1,1.E0);
#122=COLOUR_RGB('',6.784313725490E-1,8.470588235294E-1,9.019607843137E-1);
#123=COLOUR_RGB('',6.784313725490E-1,1.E0,1.843137254902E-1);
#124=COLOUR_RGB('',6.862745098039E-1,6.823529411765E-1,7.607843137255E-1);
#125=COLOUR_RGB('',6.980392156863E-1,1.333333333333E-1,1.333333333333E-1);
#126=COLOUR_RGB('',7.17647E-1,1.68627E-1,4.43137E-1);
#127=COLOUR_RGB('',7.215686274510E-1,5.254901960784E-1,4.313725490196E-2);
#128=COLOUR_RGB('',7.294117647059E-1,2.705882352941E-1,1.E0);
#129=COLOUR_RGB('',7.294117647059E-1,3.333333333333E-1,8.274509803922E-1);
#130=COLOUR_RGB('',7.294117647059E-1,4.E-1,0.E0);
#131=COLOUR_RGB('',7.3E-1,4.7E-1,3.3E-1);
#132=COLOUR_RGB('',7.372549019608E-1,5.607843137255E-1,5.607843137255E-1);
#133=COLOUR_RGB('',7.411764705882E-1,7.176470588235E-1,4.196078431373E-1);
#134=COLOUR_RGB('',7.803921568627E-1,8.235294117647E-2,5.215686274510E-1);
#135=COLOUR_RGB('',8.E-1,0.E0,8.E-1);
#136=COLOUR_RGB('',8.E-1,5.3E-1,4.E-1);
#137=COLOUR_RGB('',8.E-1,6.E-1,1.E0);
#138=COLOUR_RGB('',8.E-1,8.E-1,0.E0);
#139=COLOUR_RGB('',8.E-1,8.E-1,1.E0);
#140=COLOUR_RGB('',8.E-1,1.E0,8.E-1);
#141=COLOUR_RGB('',8.E-1,1.E0,1.E0);
#142=COLOUR_RGB('',8.039215686275E-1,3.607843137255E-1,3.607843137255E-1);
#143=COLOUR_RGB('',8.03922E-1,5.88235E-1,1.96078E-1);
#144=COLOUR_RGB('',8.196078431373E-1,7.098039215686E-1,5.490196078431E-2);
#145=COLOUR_RGB('',8.235294117647E-1,4.117647058824E-1,1.176470588235E-1);
#146=COLOUR_RGB('',8.235294117647E-1,7.058823529412E-1,5.490196078431E-1);
#147=COLOUR_RGB('',8.274509803922E-1,8.274509803922E-1,8.274509803922E-1);
#148=COLOUR_RGB('',8.392156862745E-1,8.E-1,7.137254901961E-1);
#149=COLOUR_RGB('',8.431372549020E-1,8.980392156863E-1,9.333333333333E-1);
#150=COLOUR_RGB('',8.549019607843E-1,6.470588235294E-1,1.254901960784E-1);
#151=COLOUR_RGB('',8.588235294118E-1,4.392156862745E-1,5.764705882353E-1);
#152=COLOUR_RGB('',8.627450980392E-1,7.843137254902E-2,2.352941176471E-1);
#153=COLOUR_RGB('',8.666666666667E-1,6.274509803922E-1,8.666666666667E-1);
#154=COLOUR_RGB('',8.7E-1,0.E0,0.E0);
#155=COLOUR_RGB('',8.7E-1,6.E-1,4.7E-1);
#156=COLOUR_RGB('',8.98039E-1,6.07843E-1,1.E0);
#157=COLOUR_RGB('',9.E-1,8.3E-1,1.2E-1);
#158=COLOUR_RGB('',9.09804E-1,3.68627E-1,8.19608E-1);
#159=COLOUR_RGB('',9.3E-1,0.E0,9.3E-1);
#160=COLOUR_RGB('',9.3E-1,6.7E-1,5.3E-1);
#161=COLOUR_RGB('',9.3E-1,8.E-1,1.E0);
#162=COLOUR_RGB('',9.3E-1,9.3E-1,0.E0);
#163=COLOUR_RGB('',9.3E-1,1.E0,9.3E-1);
#164=COLOUR_RGB('',9.3E-1,1.E0,1.E0);
#165=COLOUR_RGB('',9.333333333333E-1,5.098039215686E-1,9.333333333333E-1);
#166=COLOUR_RGB('',9.333333333333E-1,9.098039215686E-1,6.666666666667E-1);
#167=COLOUR_RGB('',9.411764705882E-1,9.019607843137E-1,5.490196078431E-1);
#168=COLOUR_RGB('',9.568627450980E-1,6.431372549020E-1,3.764705882353E-1);
#169=DRAUGHTING_PRE_DEFINED_COLOUR('red');
#170=COLOUR_RGB('',1.E0,0.E0,2.705882352941E-1);
#171=COLOUR_RGB('',1.E0,0.E0,4.705882352941E-1);
#172=COLOUR_RGB('',1.E0,0.E0,7.803921568627E-1);
#173=DRAUGHTING_PRE_DEFINED_COLOUR('magenta');
#174=COLOUR_RGB('',1.E0,3.1E-2,3.1E-2);
#175=COLOUR_RGB('',1.E0,7.E-2,7.E-2);
#176=COLOUR_RGB('',1.E0,7.843137254902E-2,5.764705882353E-1);
#177=COLOUR_RGB('',1.E0,2.E-1,1.E0);
#178=COLOUR_RGB('',1.E0,2.7E-1,0.E0);
#179=COLOUR_RGB('',1.E0,2.7E-1,2.7E-1);
#180=COLOUR_RGB('',1.E0,3.882352941176E-1,2.784313725490E-1);
#181=COLOUR_RGB('',1.E0,4.E-1,1.E0);
#182=COLOUR_RGB('',1.E0,4.117647058824E-1,7.058823529412E-1);
#183=COLOUR_RGB('',1.E0,4.7E-1,0.E0);
#184=COLOUR_RGB('',1.E0,4.7E-1,4.7E-1);
#185=COLOUR_RGB('',1.E0,4.980392156863E-1,3.137254901961E-1);
#186=COLOUR_RGB('',1.E0,6.E-1,1.E0);
#187=COLOUR_RGB('',1.E0,6.7E-1,0.E0);
#188=COLOUR_RGB('',1.E0,6.7E-1,6.7E-1);
#189=COLOUR_RGB('',1.E0,7.3E-1,6.E-1);
#190=COLOUR_RGB('',1.E0,7.686274509804E-1,5.882352941176E-2);
#191=COLOUR_RGB('',1.E0,8.E-1,8.E-1);
#192=COLOUR_RGB('',1.E0,8.E-1,1.E0);
#193=COLOUR_RGB('',1.E0,8.7E-1,0.E0);
#194=COLOUR_RGB('',1.E0,9.215686274510E-1,8.039215686275E-1);
#195=COLOUR_RGB('',1.E0,9.3E-1,9.3E-1);
#196=COLOUR_RGB('',1.E0,9.3E-1,1.E0);
#197=DRAUGHTING_PRE_DEFINED_COLOUR('yellow');
#198=COLOUR_RGB('',1.E0,1.E0,1.3E-1);
#199=COLOUR_RGB('',1.E0,1.E0,3.3E-1);
#200=COLOUR_RGB('',1.E0,1.E0,5.3E-1);
#201=COLOUR_RGB('',1.E0,1.E0,7.3E-1);
#202=COLOUR_RGB('',1.E0,1.E0,9.3E-1);
#203=DRAUGHTING_PRE_DEFINED_COLOUR('white');
#218=B_SPLINE_CURVE_WITH_KNOTS('',3,(#208,#209,#210,#211,#212,#213,#214,#215,
#216,#217),.UNSPECIFIED.,.F.,.F.,(4,1,1,1,1,1,1,4),(0.E0,1.428571428571E-1,
2.857142857143E-1,4.285714285714E-1,5.714285714286E-1,7.142857142857E-1,
8.571428571429E-1,1.E0),.UNSPECIFIED.);
#231=B_SPLINE_CURVE_WITH_KNOTS('',3,(#223,#224,#225,#226,#227,#228,#229,#230),
.UNSPECIFIED.,.F.,.F.,(4,1,1,1,1,4),(0.E0,2.E-1,4.E-1,6.E-1,8.E-1,1.E0),
.UNSPECIFIED.);
#246=B_SPLINE_CURVE_WITH_KNOTS('',3,(#236,#237,#238,#239,#240,#241,#242,#243,
#244,#245),.UNSPECIFIED.,.F.,.F.,(4,1,1,1,1,1,1,4),(0.E0,1.428571428571E-1,
2.857142857143E-1,4.285714285714E-1,5.714285714286E-1,7.142857142857E-1,
8.571428571429E-1,1.E0),.UNSPECIFIED.);
#259=B_SPLINE_CURVE_WITH_KNOTS('',3,(#251,#252,#253,#254,#255,#256,#257,#258),
.UNSPECIFIED.,.F.,.F.,(4,1,1,1,1,4),(0.E0,2.E-1,4.E-1,6.E-1,8.E-1,1.E0),
.UNSPECIFIED.);
#264=CIRCLE('',#263,2.E-1);
#269=CIRCLE('',#268,9.975E0);
#280=B_SPLINE_CURVE_WITH_KNOTS('',3,(#270,#271,#272,#273,#274,#275,#276,#277,
#278,#279),.UNSPECIFIED.,.F.,.F.,(4,1,1,1,1,1,1,4),(0.E0,1.428571428571E-1,
2.857142857143E-1,4.285714285714E-1,5.714285714286E-1,7.142857142857E-1,
8.571428571429E-1,1.E0),.UNSPECIFIED.);
#291=B_SPLINE_CURVE_WITH_KNOTS('',3,(#281,#282,#283,#284,#285,#286,#287,#288,
#289,#290),.UNSPECIFIED.,.F.,.F.,(4,1,1,1,1,1,1,4),(0.E0,1.428571428571E-1,
2.857142857143E-1,4.285714285714E-1,5.714285714286E-1,7.142857142857E-1,
8.571428571429E-1,1.E0),.UNSPECIFIED.);
#302=B_SPLINE_CURVE_WITH_KNOTS('',3,(#292,#293,#294,#295,#296,#297,#298,#299,
#300,#301),.UNSPECIFIED.,.F.,.F.,(4,1,1,1,1,1,1,4),(0.E0,1.428571428571E-1,
2.857142857143E-1,4.285714285714E-1,5.714285714286E-1,7.142857142857E-1,
8.571428571429E-1,1.E0),.UNSPECIFIED.);
#313=B_SPLINE_CURVE_WITH_KNOTS('',3,(#303,#304,#305,#306,#307,#308,#309,#310,
#311,#312),.UNSPECIFIED.,.F.,.F.,(4,1,1,1,1,1,1,4),(0.E0,1.428571428571E-1,
2.857142857143E-1,4.285714285714E-1,5.714285714286E-1,7.142857142857E-1,
8.571428571429E-1,1.E0),.UNSPECIFIED.);
#324=B_SPLINE_CURVE_WITH_KNOTS('',3,(#314,#315,#316,#317,#318,#319,#320,#321,
#322,#323),.UNSPECIFIED.,.F.,.F.,(4,1,1,1,1,1,1,4),(0.E0,1.428571428571E-1,
2.857142857143E-1,4.285714285714E-1,5.714285714286E-1,7.142857142857E-1,
8.571428571429E-1,1.E0),.UNSPECIFIED.);
#335=B_SPLINE_CURVE_WITH_KNOTS('',3,(#325,#326,#327,#328,#329,#330,#331,#332,
#333,#334),.UNSPECIFIED.,.F.,.F.,(4,1,1,1,1,1,1,4),(0.E0,1.428571428571E-1,
2.857142857143E-1,4.285714285714E-1,5.714285714286E-1,7.142857142857E-1,
8.571428571429E-1,1.E0),.UNSPECIFIED.);
#346=B_SPLINE_CURVE_WITH_KNOTS('',3,(#336,#337,#338,#339,#340,#341,#342,#343,
#344,#345),.UNSPECIFIED.,.F.,.F.,(4,1,1,1,1,1,1,4),(0.E0,1.428571428571E-1,
2.857142857143E-1,4.285714285714E-1,5.714285714286E-1,7.142857142857E-1,
8.571428571429E-1,1.E0),.UNSPECIFIED.);
#357=B_SPLINE_CURVE_WITH_KNOTS('',3,(#347,#348,#349,#350,#351,#352,#353,#354,
#355,#356),.UNSPECIFIED.,.F.,.F.,(4,1,1,1,1,1,1,4),(0.E0,1.428571428571E-1,
2.857142857143E-1,4.285714285714E-1,5.714285714286E-1,7.142857142857E-1,
8.571428571429E-1,1.E0),.UNSPECIFIED.);
#362=CIRCLE('',#361,2.E-1);
#367=CIRCLE('',#366,9.975E0);
#378=B_SPLINE_CURVE_WITH_KNOTS('',3,(#368,#369,#370,#371,#372,#373,#374,#375,
#376,#377),.UNSPECIFIED.,.F.,.F.,(4,1,1,1,1,1,1,4),(0.E0,1.428571428571E-1,
2.857142857143E-1,4.285714285714E-1,5.714285714286E-1,7.142857142857E-1,
8.571428571429E-1,1.E0),.UNSPECIFIED.);
#389=B_SPLINE_CURVE_WITH_KNOTS('',3,(#379,#380,#381,#382,#383,#384,#385,#386,
#387,#388),.UNSPECIFIED.,.F.,.F.,(4,1,1,1,1,1,1,4),(0.E0,1.428571428571E-1,
2.857142857143E-1,4.285714285714E-1,5.714285714286E-1,7.142857142857E-1,
8.571428571429E-1,1.E0),.UNSPECIFIED.);
#400=B_SPLINE_CURVE_WITH_KNOTS('',3,(#390,#391,#392,#393,#394,#395,#396,#397,
#398,#399),.UNSPECIFIED.,.F.,.F.,(4,1,1,1,1,1,1,4),(0.E0,1.428571428571E-1,
2.857142857143E-1,4.285714285714E-1,5.714285714286E-1,7.142857142857E-1,
8.571428571429E-1,1.E0),.UNSPECIFIED.);
#411=B_SPLINE_CURVE_WITH_KNOTS('',3,(#401,#402,#403,#404,#405,#406,#407,#408,
#409,#410),.UNSPECIFIED.,.F.,.F.,(4,1,1,1,1,1,1,4),(0.E0,1.428571428571E-1,
2.857142857143E-1,4.285714285714E-1,5.714285714286E-1,7.142857142857E-1,
8.571428571429E-1,1.E0),.UNSPECIFIED.);
#422=B_SPLINE_CURVE_WITH_KNOTS('',3,(#412,#413,#414,#415,#416,#417,#418,#419,
#420,#421),.UNSPECIFIED.,.F.,.F.,(4,1,1,1,1,1,1,4),(0.E0,1.428571428571E-1,
2.857142857143E-1,4.285714285714E-1,5.714285714286E-1,7.142857142857E-1,
8.571428571429E-1,1.E0),.UNSPECIFIED.);
#427=CIRCLE('',#426,9.575E0);
#432=CIRCLE('',#431,9.575E0);
#437=CIRCLE('',#436,9.375E0);
#442=CIRCLE('',#441,9.375E0);
#447=CIRCLE('',#446,4.E-1);
#452=CIRCLE('',#451,1.0175E1);
#462=B_SPLINE_CURVE_WITH_KNOTS('',3,(#453,#454,#455,#456,#457,#458,#459,#460,
#461),.UNSPECIFIED.,.F.,.F.,(4,1,1,1,1,1,4),(0.E0,1.666666666667E-1,
3.333333333333E-1,5.E-1,6.666666666667E-1,8.333333333333E-1,1.E0),
.UNSPECIFIED.);
#473=B_SPLINE_CURVE_WITH_KNOTS('',3,(#463,#464,#465,#466,#467,#468,#469,#470,
#471,#472),.UNSPECIFIED.,.F.,.F.,(4,1,1,1,1,1,1,4),(0.E0,1.428571428571E-1,
2.857142857143E-1,4.285714285714E-1,5.714285714286E-1,7.142857142857E-1,
8.571428571429E-1,1.E0),.UNSPECIFIED.);
#483=B_SPLINE_CURVE_WITH_KNOTS('',3,(#474,#475,#476,#477,#478,#479,#480,#481,
#482),.UNSPECIFIED.,.F.,.F.,(4,1,1,1,1,1,4),(0.E0,1.666666666667E-1,
3.333333333333E-1,5.E-1,6.666666666667E-1,8.333333333333E-1,1.E0),
.UNSPECIFIED.);
#494=B_SPLINE_CURVE_WITH_KNOTS('',3,(#484,#485,#486,#487,#488,#489,#490,#491,
#492,#493),.UNSPECIFIED.,.F.,.F.,(4,1,1,1,1,1,1,4),(0.E0,1.428571428571E-1,
2.857142857143E-1,4.285714285714E-1,5.714285714286E-1,7.142857142857E-1,
8.571428571429E-1,1.E0),.UNSPECIFIED.);
#504=B_SPLINE_CURVE_WITH_KNOTS('',3,(#495,#496,#497,#498,#499,#500,#501,#502,
#503),.UNSPECIFIED.,.F.,.F.,(4,1,1,1,1,1,4),(0.E0,1.666666666667E-1,
3.333333333333E-1,5.E-1,6.666666666667E-1,8.333333333333E-1,1.E0),
.UNSPECIFIED.);
#515=B_SPLINE_CURVE_WITH_KNOTS('',3,(#505,#506,#507,#508,#509,#510,#511,#512,
#513,#514),.UNSPECIFIED.,.F.,.F.,(4,1,1,1,1,1,1,4),(0.E0,1.428571428571E-1,
2.857142857143E-1,4.285714285714E-1,5.714285714286E-1,7.142857142857E-1,
8.571428571429E-1,1.E0),.UNSPECIFIED.);
#525=B_SPLINE_CURVE_WITH_KNOTS('',3,(#516,#517,#518,#519,#520,#521,#522,#523,
#524),.UNSPECIFIED.,.F.,.F.,(4,1,1,1,1,1,4),(0.E0,1.666666666667E-1,
3.333333333333E-1,5.E-1,6.666666666667E-1,8.333333333333E-1,1.E0),
.UNSPECIFIED.);
#536=B_SPLINE_CURVE_WITH_KNOTS('',3,(#526,#527,#528,#529,#530,#531,#532,#533,
#534,#535),.UNSPECIFIED.,.F.,.F.,(4,1,1,1,1,1,1,4),(0.E0,1.428571428571E-1,
2.857142857143E-1,4.285714285714E-1,5.714285714286E-1,7.142857142857E-1,
8.571428571429E-1,1.E0),.UNSPECIFIED.);
#546=B_SPLINE_CURVE_WITH_KNOTS('',3,(#537,#538,#539,#540,#541,#542,#543,#544,
#545),.UNSPECIFIED.,.F.,.F.,(4,1,1,1,1,1,4),(0.E0,1.666666666667E-1,
3.333333333333E-1,5.E-1,6.666666666667E-1,8.333333333333E-1,1.E0),
.UNSPECIFIED.);
#557=B_SPLINE_CURVE_WITH_KNOTS('',3,(#547,#548,#549,#550,#551,#552,#553,#554,
#555,#556),.UNSPECIFIED.,.F.,.F.,(4,1,1,1,1,1,1,4),(0.E0,1.428571428571E-1,
2.857142857143E-1,4.285714285714E-1,5.714285714286E-1,7.142857142857E-1,
8.571428571429E-1,1.E0),.UNSPECIFIED.);
#567=B_SPLINE_CURVE_WITH_KNOTS('',3,(#558,#559,#560,#561,#562,#563,#564,#565,
#566),.UNSPECIFIED.,.F.,.F.,(4,1,1,1,1,1,4),(0.E0,1.666666666667E-1,
3.333333333333E-1,5.E-1,6.666666666667E-1,8.333333333333E-1,1.E0),
.UNSPECIFIED.);
#578=B_SPLINE_CURVE_WITH_KNOTS('',3,(#568,#569,#570,#571,#572,#573,#574,#575,
#576,#577),.UNSPECIFIED.,.F.,.F.,(4,1,1,1,1,1,1,4),(0.E0,1.428571428571E-1,
2.857142857143E-1,4.285714285714E-1,5.714285714286E-1,7.142857142857E-1,
8.571428571429E-1,1.E0),.UNSPECIFIED.);
#588=B_SPLINE_CURVE_WITH_KNOTS('',3,(#579,#580,#581,#582,#583,#584,#585,#586,
#587),.UNSPECIFIED.,.F.,.F.,(4,1,1,1,1,1,4),(0.E0,1.666666666667E-1,
3.333333333333E-1,5.E-1,6.666666666667E-1,8.333333333333E-1,1.E0),
.UNSPECIFIED.);
#599=B_SPLINE_CURVE_WITH_KNOTS('',3,(#589,#590,#591,#592,#593,#594,#595,#596,
#597,#598),.UNSPECIFIED.,.F.,.F.,(4,1,1,1,1,1,1,4),(0.E0,1.428571428571E-1,
2.857142857143E-1,4.285714285714E-1,5.714285714286E-1,7.142857142857E-1,
8.571428571429E-1,1.E0),.UNSPECIFIED.);
#609=B_SPLINE_CURVE_WITH_KNOTS('',3,(#600,#601,#602,#603,#604,#605,#606,#607,
#608),.UNSPECIFIED.,.F.,.F.,(4,1,1,1,1,1,4),(0.E0,1.666666666667E-1,
3.333333333333E-1,5.E-1,6.666666666667E-1,8.333333333333E-1,1.E0),
.UNSPECIFIED.);
#620=B_SPLINE_CURVE_WITH_KNOTS('',3,(#610,#611,#612,#613,#614,#615,#616,#617,
#618,#619),.UNSPECIFIED.,.F.,.F.,(4,1,1,1,1,1,1,4),(0.E0,1.428571428571E-1,
2.857142857143E-1,4.285714285714E-1,5.714285714286E-1,7.142857142857E-1,
8.571428571429E-1,1.E0),.UNSPECIFIED.);
#630=B_SPLINE_CURVE_WITH_KNOTS('',3,(#621,#622,#623,#624,#625,#626,#627,#628,
#629),.UNSPECIFIED.,.F.,.F.,(4,1,1,1,1,1,4),(0.E0,1.666666666667E-1,
3.333333333333E-1,5.E-1,6.666666666667E-1,8.333333333333E-1,1.E0),
.UNSPECIFIED.);
#641=B_SPLINE_CURVE_WITH_KNOTS('',3,(#631,#632,#633,#634,#635,#636,#637,#638,
#639,#640),.UNSPECIFIED.,.F.,.F.,(4,1,1,1,1,1,1,4),(0.E0,1.428571428571E-1,
2.857142857143E-1,4.285714285714E-1,5.714285714286E-1,7.142857142857E-1,
8.571428571429E-1,1.E0),.UNSPECIFIED.);
#651=B_SPLINE_CURVE_WITH_KNOTS('',3,(#642,#643,#644,#645,#646,#647,#648,#649,
#650),.UNSPECIFIED.,.F.,.F.,(4,1,1,1,1,1,4),(0.E0,1.666666666667E-1,
3.333333333333E-1,5.E-1,6.666666666667E-1,8.333333333333E-1,1.E0),
.UNSPECIFIED.);
#662=B_SPLINE_CURVE_WITH_KNOTS('',3,(#652,#653,#654,#655,#656,#657,#658,#659,
#660,#661),.UNSPECIFIED.,.F.,.F.,(4,1,1,1,1,1,1,4),(0.E0,1.428571428571E-1,
2.857142857143E-1,4.285714285714E-1,5.714285714286E-1,7.142857142857E-1,
8.571428571429E-1,1.E0),.UNSPECIFIED.);
#667=CIRCLE('',#666,4.E-1);
#672=CIRCLE('',#671,1.0175E1);
#682=B_SPLINE_CURVE_WITH_KNOTS('',3,(#673,#674,#675,#676,#677,#678,#679,#680,
#681),.UNSPECIFIED.,.F.,.F.,(4,1,1,1,1,1,4),(0.E0,1.666666666667E-1,
3.333333333333E-1,5.E-1,6.666666666667E-1,8.333333333333E-1,1.E0),
.UNSPECIFIED.);
#693=B_SPLINE_CURVE_WITH_KNOTS('',3,(#683,#684,#685,#686,#687,#688,#689,#690,
#691,#692),.UNSPECIFIED.,.F.,.F.,(4,1,1,1,1,1,1,4),(0.E0,1.428571428571E-1,
2.857142857143E-1,4.285714285714E-1,5.714285714286E-1,7.142857142857E-1,
8.571428571429E-1,1.E0),.UNSPECIFIED.);
#703=B_SPLINE_CURVE_WITH_KNOTS('',3,(#694,#695,#696,#697,#698,#699,#700,#701,
#702),.UNSPECIFIED.,.F.,.F.,(4,1,1,1,1,1,4),(0.E0,1.666666666667E-1,
3.333333333333E-1,5.E-1,6.666666666667E-1,8.333333333333E-1,1.E0),
.UNSPECIFIED.);
#714=B_SPLINE_CURVE_WITH_KNOTS('',3,(#704,#705,#706,#707,#708,#709,#710,#711,
#712,#713),.UNSPECIFIED.,.F.,.F.,(4,1,1,1,1,1,1,4),(0.E0,1.428571428571E-1,
2.857142857143E-1,4.285714285714E-1,5.714285714286E-1,7.142857142857E-1,
8.571428571429E-1,1.E0),.UNSPECIFIED.);
#724=B_SPLINE_CURVE_WITH_KNOTS('',3,(#715,#716,#717,#718,#719,#720,#721,#722,
#723),.UNSPECIFIED.,.F.,.F.,(4,1,1,1,1,1,4),(0.E0,1.666666666667E-1,
3.333333333333E-1,5.E-1,6.666666666667E-1,8.333333333333E-1,1.E0),
.UNSPECIFIED.);
#735=B_SPLINE_CURVE_WITH_KNOTS('',3,(#725,#726,#727,#728,#729,#730,#731,#732,
#733,#734),.UNSPECIFIED.,.F.,.F.,(4,1,1,1,1,1,1,4),(0.E0,1.428571428571E-1,
2.857142857143E-1,4.285714285714E-1,5.714285714286E-1,7.142857142857E-1,
8.571428571429E-1,1.E0),.UNSPECIFIED.);
#745=B_SPLINE_CURVE_WITH_KNOTS('',3,(#736,#737,#738,#739,#740,#741,#742,#743,
#744),.UNSPECIFIED.,.F.,.F.,(4,1,1,1,1,1,4),(0.E0,1.666666666667E-1,
3.333333333333E-1,5.E-1,6.666666666667E-1,8.333333333333E-1,1.E0),
.UNSPECIFIED.);
#756=B_SPLINE_CURVE_WITH_KNOTS('',3,(#746,#747,#748,#749,#750,#751,#752,#753,
#754,#755),.UNSPECIFIED.,.F.,.F.,(4,1,1,1,1,1,1,4),(0.E0,1.428571428571E-1,
2.857142857143E-1,4.285714285714E-1,5.714285714286E-1,7.142857142857E-1,
8.571428571429E-1,1.E0),.UNSPECIFIED.);
#766=B_SPLINE_CURVE_WITH_KNOTS('',3,(#757,#758,#759,#760,#761,#762,#763,#764,
#765),.UNSPECIFIED.,.F.,.F.,(4,1,1,1,1,1,4),(0.E0,1.666666666667E-1,
3.333333333333E-1,5.E-1,6.666666666667E-1,8.333333333333E-1,1.E0),
.UNSPECIFIED.);
#777=B_SPLINE_CURVE_WITH_KNOTS('',3,(#767,#768,#769,#770,#771,#772,#773,#774,
#775,#776),.UNSPECIFIED.,.F.,.F.,(4,1,1,1,1,1,1,4),(0.E0,1.428571428571E-1,
2.857142857143E-1,4.285714285714E-1,5.714285714286E-1,7.142857142857E-1,
8.571428571429E-1,1.E0),.UNSPECIFIED.);
#787=B_SPLINE_CURVE_WITH_KNOTS('',3,(#778,#779,#780,#781,#782,#783,#784,#785,
#786),.UNSPECIFIED.,.F.,.F.,(4,1,1,1,1,1,4),(0.E0,1.666666666667E-1,
3.333333333333E-1,5.E-1,6.666666666667E-1,8.333333333333E-1,1.E0),
.UNSPECIFIED.);
#798=B_SPLINE_CURVE_WITH_KNOTS('',3,(#788,#789,#790,#791,#792,#793,#794,#795,
#796,#797),.UNSPECIFIED.,.F.,.F.,(4,1,1,1,1,1,1,4),(0.E0,1.428571428571E-1,
2.857142857143E-1,4.285714285714E-1,5.714285714286E-1,7.142857142857E-1,
8.571428571429E-1,1.E0),.UNSPECIFIED.);
#808=B_SPLINE_CURVE_WITH_KNOTS('',3,(#799,#800,#801,#802,#803,#804,#805,#806,
#807),.UNSPECIFIED.,.F.,.F.,(4,1,1,1,1,1,4),(0.E0,1.666666666667E-1,
3.333333333333E-1,5.E-1,6.666666666667E-1,8.333333333333E-1,1.E0),
.UNSPECIFIED.);
#819=B_SPLINE_CURVE_WITH_KNOTS('',3,(#809,#810,#811,#812,#813,#814,#815,#816,
#817,#818),.UNSPECIFIED.,.F.,.F.,(4,1,1,1,1,1,1,4),(0.E0,1.428571428571E-1,
2.857142857143E-1,4.285714285714E-1,5.714285714286E-1,7.142857142857E-1,
8.571428571429E-1,1.E0),.UNSPECIFIED.);
#829=B_SPLINE_CURVE_WITH_KNOTS('',3,(#820,#821,#822,#823,#824,#825,#826,#827,
#828),.UNSPECIFIED.,.F.,.F.,(4,1,1,1,1,1,4),(0.E0,1.666666666667E-1,
3.333333333333E-1,5.E-1,6.666666666667E-1,8.333333333333E-1,1.E0),
.UNSPECIFIED.);
#840=B_SPLINE_CURVE_WITH_KNOTS('',3,(#830,#831,#832,#833,#834,#835,#836,#837,
#838,#839),.UNSPECIFIED.,.F.,.F.,(4,1,1,1,1,1,1,4),(0.E0,1.428571428571E-1,
2.857142857143E-1,4.285714285714E-1,5.714285714286E-1,7.142857142857E-1,
8.571428571429E-1,1.E0),.UNSPECIFIED.);
#849=CIRCLE('',#848,1.0475E1);
#854=CIRCLE('',#853,1.0475E1);
#859=CIRCLE('',#858,1.0175E1);
#864=CIRCLE('',#863,1.0175E1);
#877=CIRCLE('',#876,1.0175E1);
#886=CIRCLE('',#885,1.0475E1);
#895=CIRCLE('',#894,1.14E1);
#900=CIRCLE('',#899,1.14E1);
#905=CIRCLE('',#904,1.0175E1);
#910=CIRCLE('',#909,1.0175E1);
#923=CIRCLE('',#922,8.E-1);
#928=CIRCLE('',#927,1.191028413978E1);
#933=CIRCLE('',#932,1.153754347875E1);
#938=CIRCLE('',#937,1.153754347875E1);
#943=CIRCLE('',#942,8.E-1);
#948=CIRCLE('',#947,1.191028413978E1);
#957=CIRCLE('',#956,1.2E1);
#966=CIRCLE('',#965,1.2E1);
#983=CIRCLE('',#982,1.2E1);
#988=CIRCLE('',#987,1.191028413978E1);
#993=CIRCLE('',#992,8.E-1);
#998=CIRCLE('',#997,1.153754347875E1);
#1003=CIRCLE('',#1002,8.E-1);
#1008=CIRCLE('',#1007,1.153754347875E1);
#1013=CIRCLE('',#1012,1.191028413978E1);
#1026=CIRCLE('',#1025,1.14E1);
#1031=CIRCLE('',#1030,1.14E1);
#1036=CIRCLE('',#1035,1.0175E1);
#1041=CIRCLE('',#1040,1.0175E1);
#1054=CIRCLE('',#1053,1.0175E1);
#1063=CIRCLE('',#1062,1.0475E1);
#1072=CIRCLE('',#1071,1.0475E1);
#1077=CIRCLE('',#1076,1.0175E1);
#1090=CIRCLE('',#1089,1.0475E1);
#1095=CIRCLE('',#1094,1.0475E1);
#1100=CIRCLE('',#1099,1.0175E1);
#1109=CIRCLE('',#1108,1.0175E1);
#1118=CIRCLE('',#1117,4.E-1);
#1123=CIRCLE('',#1122,1.0175E1);
#1130=B_SPLINE_CURVE_WITH_KNOTS('',3,(#1124,#1125,#1126,#1127,#1128,#1129),
.UNSPECIFIED.,.F.,.F.,(4,1,1,4),(0.E0,3.333333333333E-1,6.666666666667E-1,1.E0),
.UNSPECIFIED.);
#1141=B_SPLINE_CURVE_WITH_KNOTS('',3,(#1131,#1132,#1133,#1134,#1135,#1136,#1137,
#1138,#1139,#1140),.UNSPECIFIED.,.F.,.F.,(4,1,1,1,1,1,1,4),(0.E0,
1.428571428571E-1,2.857142857143E-1,4.285714285714E-1,5.714285714286E-1,
7.142857142857E-1,8.571428571429E-1,1.E0),.UNSPECIFIED.);
#1151=B_SPLINE_CURVE_WITH_KNOTS('',3,(#1142,#1143,#1144,#1145,#1146,#1147,#1148,
#1149,#1150),.UNSPECIFIED.,.F.,.F.,(4,1,1,1,1,1,4),(0.E0,1.666666666667E-1,
3.333333333333E-1,5.E-1,6.666666666667E-1,8.333333333333E-1,1.E0),
.UNSPECIFIED.);
#1162=B_SPLINE_CURVE_WITH_KNOTS('',3,(#1152,#1153,#1154,#1155,#1156,#1157,#1158,
#1159,#1160,#1161),.UNSPECIFIED.,.F.,.F.,(4,1,1,1,1,1,1,4),(0.E0,
1.428571428571E-1,2.857142857143E-1,4.285714285714E-1,5.714285714286E-1,
7.142857142857E-1,8.571428571429E-1,1.E0),.UNSPECIFIED.);
#1169=B_SPLINE_CURVE_WITH_KNOTS('',3,(#1163,#1164,#1165,#1166,#1167,#1168),
.UNSPECIFIED.,.F.,.F.,(4,1,1,4),(0.E0,3.333333333333E-1,6.666666666667E-1,1.E0),
.UNSPECIFIED.);
#1179=B_SPLINE_CURVE_WITH_KNOTS('',3,(#1170,#1171,#1172,#1173,#1174,#1175,#1176,
#1177,#1178),.UNSPECIFIED.,.F.,.F.,(4,1,1,1,1,1,4),(0.E0,1.666666666667E-1,
3.333333333333E-1,5.E-1,6.666666666667E-1,8.333333333333E-1,1.E0),
.UNSPECIFIED.);
#1190=B_SPLINE_CURVE_WITH_KNOTS('',3,(#1180,#1181,#1182,#1183,#1184,#1185,#1186,
#1187,#1188,#1189),.UNSPECIFIED.,.F.,.F.,(4,1,1,1,1,1,1,4),(0.E0,
1.428571428571E-1,2.857142857143E-1,4.285714285714E-1,5.714285714286E-1,
7.142857142857E-1,8.571428571429E-1,1.E0),.UNSPECIFIED.);
#1197=B_SPLINE_CURVE_WITH_KNOTS('',3,(#1191,#1192,#1193,#1194,#1195,#1196),
.UNSPECIFIED.,.F.,.F.,(4,1,1,4),(0.E0,3.333333333333E-1,6.666666666667E-1,1.E0),
.UNSPECIFIED.);
#1204=B_SPLINE_CURVE_WITH_KNOTS('',3,(#1198,#1199,#1200,#1201,#1202,#1203),
.UNSPECIFIED.,.F.,.F.,(4,1,1,4),(0.E0,3.333333333333E-1,6.666666666667E-1,1.E0),
.UNSPECIFIED.);
#1215=B_SPLINE_CURVE_WITH_KNOTS('',3,(#1205,#1206,#1207,#1208,#1209,#1210,#1211,
#1212,#1213,#1214),.UNSPECIFIED.,.F.,.F.,(4,1,1,1,1,1,1,4),(0.E0,
1.428571428571E-1,2.857142857143E-1,4.285714285714E-1,5.714285714286E-1,
7.142857142857E-1,8.571428571429E-1,1.E0),.UNSPECIFIED.);
#1222=B_SPLINE_CURVE_WITH_KNOTS('',3,(#1216,#1217,#1218,#1219,#1220,#1221),
.UNSPECIFIED.,.F.,.F.,(4,1,1,4),(0.E0,3.333333333333E-1,6.666666666667E-1,1.E0),
.UNSPECIFIED.);
#1233=B_SPLINE_CURVE_WITH_KNOTS('',3,(#1223,#1224,#1225,#1226,#1227,#1228,#1229,
#1230,#1231,#1232),.UNSPECIFIED.,.F.,.F.,(4,1,1,1,1,1,1,4),(0.E0,
1.428571428571E-1,2.857142857143E-1,4.285714285714E-1,5.714285714286E-1,
7.142857142857E-1,8.571428571429E-1,1.E0),.UNSPECIFIED.);
#1240=B_SPLINE_CURVE_WITH_KNOTS('',3,(#1234,#1235,#1236,#1237,#1238,#1239),
.UNSPECIFIED.,.F.,.F.,(4,1,1,4),(0.E0,3.333333333333E-1,6.666666666667E-1,1.E0),
.UNSPECIFIED.);
#1247=B_SPLINE_CURVE_WITH_KNOTS('',3,(#1241,#1242,#1243,#1244,#1245,#1246),
.UNSPECIFIED.,.F.,.F.,(4,1,1,4),(0.E0,3.333333333333E-1,6.666666666667E-1,1.E0),
.UNSPECIFIED.);
#1258=B_SPLINE_CURVE_WITH_KNOTS('',3,(#1248,#1249,#1250,#1251,#1252,#1253,#1254,
#1255,#1256,#1257),.UNSPECIFIED.,.F.,.F.,(4,1,1,1,1,1,1,4),(0.E0,
1.428571428571E-1,2.857142857143E-1,4.285714285714E-1,5.714285714286E-1,
7.142857142857E-1,8.571428571429E-1,1.E0),.UNSPECIFIED.);
#1265=B_SPLINE_CURVE_WITH_KNOTS('',3,(#1259,#1260,#1261,#1262,#1263,#1264),
.UNSPECIFIED.,.F.,.F.,(4,1,1,4),(0.E0,3.333333333333E-1,6.666666666667E-1,1.E0),
.UNSPECIFIED.);
#1272=B_SPLINE_CURVE_WITH_KNOTS('',3,(#1266,#1267,#1268,#1269,#1270,#1271),
.UNSPECIFIED.,.F.,.F.,(4,1,1,4),(0.E0,3.333333333333E-1,6.666666666667E-1,1.E0),
.UNSPECIFIED.);
#1283=B_SPLINE_CURVE_WITH_KNOTS('',3,(#1273,#1274,#1275,#1276,#1277,#1278,#1279,
#1280,#1281,#1282),.UNSPECIFIED.,.F.,.F.,(4,1,1,1,1,1,1,4),(0.E0,
1.428571428571E-1,2.857142857143E-1,4.285714285714E-1,5.714285714286E-1,
7.142857142857E-1,8.571428571429E-1,1.E0),.UNSPECIFIED.);
#1290=B_SPLINE_CURVE_WITH_KNOTS('',3,(#1284,#1285,#1286,#1287,#1288,#1289),
.UNSPECIFIED.,.F.,.F.,(4,1,1,4),(0.E0,3.333333333333E-1,6.666666666667E-1,1.E0),
.UNSPECIFIED.);
#1297=B_SPLINE_CURVE_WITH_KNOTS('',3,(#1291,#1292,#1293,#1294,#1295,#1296),
.UNSPECIFIED.,.F.,.F.,(4,1,1,4),(0.E0,3.333333333333E-1,6.666666666667E-1,1.E0),
.UNSPECIFIED.);
#1308=B_SPLINE_CURVE_WITH_KNOTS('',3,(#1298,#1299,#1300,#1301,#1302,#1303,#1304,
#1305,#1306,#1307),.UNSPECIFIED.,.F.,.F.,(4,1,1,1,1,1,1,4),(0.E0,
1.428571428571E-1,2.857142857143E-1,4.285714285714E-1,5.714285714286E-1,
7.142857142857E-1,8.571428571429E-1,1.E0),.UNSPECIFIED.);
#1315=B_SPLINE_CURVE_WITH_KNOTS('',3,(#1309,#1310,#1311,#1312,#1313,#1314),
.UNSPECIFIED.,.F.,.F.,(4,1,1,4),(0.E0,3.333333333333E-1,6.666666666667E-1,1.E0),
.UNSPECIFIED.);
#1322=B_SPLINE_CURVE_WITH_KNOTS('',3,(#1316,#1317,#1318,#1319,#1320,#1321),
.UNSPECIFIED.,.F.,.F.,(4,1,1,4),(0.E0,3.333333333333E-1,6.666666666667E-1,1.E0),
.UNSPECIFIED.);
#1333=B_SPLINE_CURVE_WITH_KNOTS('',3,(#1323,#1324,#1325,#1326,#1327,#1328,#1329,
#1330,#1331,#1332),.UNSPECIFIED.,.F.,.F.,(4,1,1,1,1,1,1,4),(0.E0,
1.428571428571E-1,2.857142857143E-1,4.285714285714E-1,5.714285714286E-1,
7.142857142857E-1,8.571428571429E-1,1.E0),.UNSPECIFIED.);
#1340=B_SPLINE_CURVE_WITH_KNOTS('',3,(#1334,#1335,#1336,#1337,#1338,#1339),
.UNSPECIFIED.,.F.,.F.,(4,1,1,4),(0.E0,3.333333333333E-1,6.666666666667E-1,1.E0),
.UNSPECIFIED.);
#1347=B_SPLINE_CURVE_WITH_KNOTS('',3,(#1341,#1342,#1343,#1344,#1345,#1346),
.UNSPECIFIED.,.F.,.F.,(4,1,1,4),(0.E0,3.333333333333E-1,6.666666666667E-1,1.E0),
.UNSPECIFIED.);
#1358=B_SPLINE_CURVE_WITH_KNOTS('',3,(#1348,#1349,#1350,#1351,#1352,#1353,#1354,
#1355,#1356,#1357),.UNSPECIFIED.,.F.,.F.,(4,1,1,1,1,1,1,4),(0.E0,
1.428571428571E-1,2.857142857143E-1,4.285714285714E-1,5.714285714286E-1,
7.142857142857E-1,8.571428571429E-1,1.E0),.UNSPECIFIED.);
#1365=B_SPLINE_CURVE_WITH_KNOTS('',3,(#1359,#1360,#1361,#1362,#1363,#1364),
.UNSPECIFIED.,.F.,.F.,(4,1,1,4),(0.E0,3.333333333333E-1,6.666666666667E-1,1.E0),
.UNSPECIFIED.);
#1370=CIRCLE('',#1369,9.575E0);
#1375=CIRCLE('',#1374,9.575E0);
#1380=CIRCLE('',#1379,9.375E0);
#1385=CIRCLE('',#1384,9.375E0);
#1390=CIRCLE('',#1389,2.E-1);
#1395=CIRCLE('',#1394,9.975E0);
#1400=CIRCLE('',#1399,2.E-1);
#1405=CIRCLE('',#1404,9.975E0);
#1418=CIRCLE('',#1417,9.975E0);
#1423=CIRCLE('',#1422,9.975E0);
#1428=CIRCLE('',#1427,9.55E0);
#1433=CIRCLE('',#1432,9.55E0);
#1438=CIRCLE('',#1437,2.E-1);
#1443=CIRCLE('',#1442,9.39E0);
#1448=CIRCLE('',#1447,2.E-1);
#1453=CIRCLE('',#1452,9.39E0);
#1466=CIRCLE('',#1465,2.E-1);
#1471=CIRCLE('',#1470,9.06E0);
#1476=CIRCLE('',#1475,8.9E0);
#1481=CIRCLE('',#1480,8.9E0);
#1486=CIRCLE('',#1485,6.55E0);
#1491=CIRCLE('',#1490,6.55E0);
#1496=CIRCLE('',#1495,2.E-1);
#1501=CIRCLE('',#1500,9.06E0);
#1514=CIRCLE('',#1513,6.75E0);
#1519=CIRCLE('',#1518,6.75E0);
#1524=CIRCLE('',#1523,6.55E0);
#1529=CIRCLE('',#1528,6.55E0);
#1538=CIRCLE('',#1537,8.8E0);
#1543=CIRCLE('',#1542,8.8E0);
#1548=CIRCLE('',#1547,6.75E0);
#1553=CIRCLE('',#1552,6.75E0);
#1558=CIRCLE('',#1557,2.E-1);
#1563=CIRCLE('',#1562,8.96E0);
#1568=CIRCLE('',#1567,2.E-1);
#1573=CIRCLE('',#1572,8.96E0);
#1586=CIRCLE('',#1585,2.E-1);
#1591=CIRCLE('',#1590,9.29E0);
#1596=CIRCLE('',#1595,9.5E0);
#1601=CIRCLE('',#1600,9.5E0);
#1606=CIRCLE('',#1605,9.45E0);
#1611=CIRCLE('',#1610,9.45E0);
#1624=CIRCLE('',#1623,9.5E0);
#1629=CIRCLE('',#1628,9.5E0);
#1634=CIRCLE('',#1633,9.5E0);
#1639=CIRCLE('',#1638,2.06E0);
#1644=CIRCLE('',#1643,9.5E0);
#1649=CIRCLE('',#1648,2.06E0);
#1654=CIRCLE('',#1653,9.5E0);
#1663=CIRCLE('',#1662,9.45E0);
#1668=CIRCLE('',#1667,9.45E0);
#1673=CIRCLE('',#1672,9.5E0);
#1682=CIRCLE('',#1681,2.E-1);
#1687=CIRCLE('',#1686,9.29E0);
#1692=CIRCLE('',#1691,2.E-1);
#1697=CIRCLE('',#1696,9.29E0);
#1706=CIRCLE('',#1705,2.E-1);
#1711=CIRCLE('',#1710,8.96E0);
#1716=CIRCLE('',#1715,8.8E0);
#1721=CIRCLE('',#1720,8.8E0);
#1726=CIRCLE('',#1725,6.75E0);
#1731=CIRCLE('',#1730,6.75E0);
#1736=CIRCLE('',#1735,2.E-1);
#1741=CIRCLE('',#1740,8.96E0);
#1758=CIRCLE('',#1757,6.75E0);
#1763=CIRCLE('',#1762,6.75E0);
#1768=CIRCLE('',#1767,6.55E0);
#1773=CIRCLE('',#1772,6.55E0);
#1786=CIRCLE('',#1785,8.9E0);
#1791=CIRCLE('',#1790,8.9E0);
#1796=CIRCLE('',#1795,6.55E0);
#1801=CIRCLE('',#1800,6.55E0);
#1806=CIRCLE('',#1805,2.E-1);
#1811=CIRCLE('',#1810,9.06E0);
#1816=CIRCLE('',#1815,2.E-1);
#1821=CIRCLE('',#1820,9.06E0);
#1834=CIRCLE('',#1833,2.E-1);
#1839=CIRCLE('',#1838,9.39E0);
#1844=CIRCLE('',#1843,2.E-1);
#1849=CIRCLE('',#1848,9.39E0);
#1854=CIRCLE('',#1853,9.975E0);
#1859=CIRCLE('',#1858,9.975E0);
#1864=CIRCLE('',#1863,9.55E0);
#1869=CIRCLE('',#1868,9.55E0);
#1882=CIRCLE('',#1881,2.E-1);
#1887=CIRCLE('',#1886,9.29E0);
#1899=B_SPLINE_CURVE_WITH_KNOTS('',3,(#1892,#1893,#1894,#1895,#1896,#1897,
#1898),.UNSPECIFIED.,.F.,.F.,(4,1,1,1,4),(0.E0,2.5E-1,5.E-1,7.5E-1,1.E0),
.UNSPECIFIED.);
#1913=B_SPLINE_CURVE_WITH_KNOTS('',3,(#1904,#1905,#1906,#1907,#1908,#1909,#1910,
#1911,#1912),.UNSPECIFIED.,.F.,.F.,(4,1,1,1,1,1,4),(0.E0,1.666666666667E-1,
3.333333333333E-1,5.E-1,6.666666666667E-1,8.333333333333E-1,1.E0),
.UNSPECIFIED.);
#1925=B_SPLINE_CURVE_WITH_KNOTS('',3,(#1918,#1919,#1920,#1921,#1922,#1923,
#1924),.UNSPECIFIED.,.F.,.F.,(4,1,1,1,4),(0.E0,2.5E-1,5.E-1,7.5E-1,1.E0),
.UNSPECIFIED.);
#1936=B_SPLINE_CURVE_WITH_KNOTS('',3,(#1930,#1931,#1932,#1933,#1934,#1935),
.UNSPECIFIED.,.F.,.F.,(4,1,1,4),(0.E0,3.333333333333E-1,6.666666666667E-1,1.E0),
.UNSPECIFIED.);
#1943=B_SPLINE_CURVE_WITH_KNOTS('',3,(#1937,#1938,#1939,#1940,#1941,#1942),
.UNSPECIFIED.,.F.,.F.,(4,1,1,4),(0.E0,3.333333333333E-1,6.666666666667E-1,1.E0),
.UNSPECIFIED.);
#1952=CIRCLE('',#1951,4.E-1);
#1957=CIRCLE('',#1956,1.0175E1);
#1964=B_SPLINE_CURVE_WITH_KNOTS('',3,(#1958,#1959,#1960,#1961,#1962,#1963),
.UNSPECIFIED.,.F.,.F.,(4,1,1,4),(0.E0,3.333333333333E-1,6.666666666667E-1,1.E0),
.UNSPECIFIED.);
#1975=B_SPLINE_CURVE_WITH_KNOTS('',3,(#1965,#1966,#1967,#1968,#1969,#1970,#1971,
#1972,#1973,#1974),.UNSPECIFIED.,.F.,.F.,(4,1,1,1,1,1,1,4),(0.E0,
1.428571428571E-1,2.857142857143E-1,4.285714285714E-1,5.714285714286E-1,
7.142857142857E-1,8.571428571429E-1,1.E0),.UNSPECIFIED.);
#1985=B_SPLINE_CURVE_WITH_KNOTS('',3,(#1976,#1977,#1978,#1979,#1980,#1981,#1982,
#1983,#1984),.UNSPECIFIED.,.F.,.F.,(4,1,1,1,1,1,4),(0.E0,1.666666666667E-1,
3.333333333333E-1,5.E-1,6.666666666667E-1,8.333333333333E-1,1.E0),
.UNSPECIFIED.);
#1996=B_SPLINE_CURVE_WITH_KNOTS('',3,(#1986,#1987,#1988,#1989,#1990,#1991,#1992,
#1993,#1994,#1995),.UNSPECIFIED.,.F.,.F.,(4,1,1,1,1,1,1,4),(0.E0,
1.428571428571E-1,2.857142857143E-1,4.285714285714E-1,5.714285714286E-1,
7.142857142857E-1,8.571428571429E-1,1.E0),.UNSPECIFIED.);
#2003=B_SPLINE_CURVE_WITH_KNOTS('',3,(#1997,#1998,#1999,#2000,#2001,#2002),
.UNSPECIFIED.,.F.,.F.,(4,1,1,4),(0.E0,3.333333333333E-1,6.666666666667E-1,1.E0),
.UNSPECIFIED.);
#2010=B_SPLINE_CURVE_WITH_KNOTS('',3,(#2004,#2005,#2006,#2007,#2008,#2009),
.UNSPECIFIED.,.F.,.F.,(4,1,1,4),(0.E0,3.333333333333E-1,6.666666666667E-1,1.E0),
.UNSPECIFIED.);
#2021=B_SPLINE_CURVE_WITH_KNOTS('',3,(#2011,#2012,#2013,#2014,#2015,#2016,#2017,
#2018,#2019,#2020),.UNSPECIFIED.,.F.,.F.,(4,1,1,1,1,1,1,4),(0.E0,
1.428571428571E-1,2.857142857143E-1,4.285714285714E-1,5.714285714286E-1,
7.142857142857E-1,8.571428571429E-1,1.E0),.UNSPECIFIED.);
#2028=B_SPLINE_CURVE_WITH_KNOTS('',3,(#2022,#2023,#2024,#2025,#2026,#2027),
.UNSPECIFIED.,.F.,.F.,(4,1,1,4),(0.E0,3.333333333333E-1,6.666666666667E-1,1.E0),
.UNSPECIFIED.);
#2035=B_SPLINE_CURVE_WITH_KNOTS('',3,(#2029,#2030,#2031,#2032,#2033,#2034),
.UNSPECIFIED.,.F.,.F.,(4,1,1,4),(0.E0,3.333333333333E-1,6.666666666667E-1,1.E0),
.UNSPECIFIED.);
#2046=B_SPLINE_CURVE_WITH_KNOTS('',3,(#2036,#2037,#2038,#2039,#2040,#2041,#2042,
#2043,#2044,#2045),.UNSPECIFIED.,.F.,.F.,(4,1,1,1,1,1,1,4),(0.E0,
1.428571428571E-1,2.857142857143E-1,4.285714285714E-1,5.714285714286E-1,
7.142857142857E-1,8.571428571429E-1,1.E0),.UNSPECIFIED.);
#2053=B_SPLINE_CURVE_WITH_KNOTS('',3,(#2047,#2048,#2049,#2050,#2051,#2052),
.UNSPECIFIED.,.F.,.F.,(4,1,1,4),(0.E0,3.333333333333E-1,6.666666666667E-1,1.E0),
.UNSPECIFIED.);
#2060=B_SPLINE_CURVE_WITH_KNOTS('',3,(#2054,#2055,#2056,#2057,#2058,#2059),
.UNSPECIFIED.,.F.,.F.,(4,1,1,4),(0.E0,3.333333333333E-1,6.666666666667E-1,1.E0),
.UNSPECIFIED.);
#2071=B_SPLINE_CURVE_WITH_KNOTS('',3,(#2061,#2062,#2063,#2064,#2065,#2066,#2067,
#2068,#2069,#2070),.UNSPECIFIED.,.F.,.F.,(4,1,1,1,1,1,1,4),(0.E0,
1.428571428571E-1,2.857142857143E-1,4.285714285714E-1,5.714285714286E-1,
7.142857142857E-1,8.571428571429E-1,1.E0),.UNSPECIFIED.);
#2078=B_SPLINE_CURVE_WITH_KNOTS('',3,(#2072,#2073,#2074,#2075,#2076,#2077),
.UNSPECIFIED.,.F.,.F.,(4,1,1,4),(0.E0,3.333333333333E-1,6.666666666667E-1,1.E0),
.UNSPECIFIED.);
#2085=B_SPLINE_CURVE_WITH_KNOTS('',3,(#2079,#2080,#2081,#2082,#2083,#2084),
.UNSPECIFIED.,.F.,.F.,(4,1,1,4),(0.E0,3.333333333333E-1,6.666666666667E-1,1.E0),
.UNSPECIFIED.);
#2096=B_SPLINE_CURVE_WITH_KNOTS('',3,(#2086,#2087,#2088,#2089,#2090,#2091,#2092,
#2093,#2094,#2095),.UNSPECIFIED.,.F.,.F.,(4,1,1,1,1,1,1,4),(0.E0,
1.428571428571E-1,2.857142857143E-1,4.285714285714E-1,5.714285714286E-1,
7.142857142857E-1,8.571428571429E-1,1.E0),.UNSPECIFIED.);
#2103=B_SPLINE_CURVE_WITH_KNOTS('',3,(#2097,#2098,#2099,#2100,#2101,#2102),
.UNSPECIFIED.,.F.,.F.,(4,1,1,4),(0.E0,3.333333333333E-1,6.666666666667E-1,1.E0),
.UNSPECIFIED.);
#2113=B_SPLINE_CURVE_WITH_KNOTS('',3,(#2104,#2105,#2106,#2107,#2108,#2109,#2110,
#2111,#2112),.UNSPECIFIED.,.F.,.F.,(4,1,1,1,1,1,4),(0.E0,1.666666666667E-1,
3.333333333333E-1,5.E-1,6.666666666667E-1,8.333333333333E-1,1.E0),
.UNSPECIFIED.);
#2124=B_SPLINE_CURVE_WITH_KNOTS('',3,(#2114,#2115,#2116,#2117,#2118,#2119,#2120,
#2121,#2122,#2123),.UNSPECIFIED.,.F.,.F.,(4,1,1,1,1,1,1,4),(0.E0,
1.428571428571E-1,2.857142857143E-1,4.285714285714E-1,5.714285714286E-1,
7.142857142857E-1,8.571428571429E-1,1.E0),.UNSPECIFIED.);
#2131=B_SPLINE_CURVE_WITH_KNOTS('',3,(#2125,#2126,#2127,#2128,#2129,#2130),
.UNSPECIFIED.,.F.,.F.,(4,1,1,4),(0.E0,3.333333333333E-1,6.666666666667E-1,1.E0),
.UNSPECIFIED.);
#2138=B_SPLINE_CURVE_WITH_KNOTS('',3,(#2132,#2133,#2134,#2135,#2136,#2137),
.UNSPECIFIED.,.F.,.F.,(4,1,1,4),(0.E0,3.333333333333E-1,6.666666666667E-1,1.E0),
.UNSPECIFIED.);
#2149=B_SPLINE_CURVE_WITH_KNOTS('',3,(#2139,#2140,#2141,#2142,#2143,#2144,#2145,
#2146,#2147,#2148),.UNSPECIFIED.,.F.,.F.,(4,1,1,1,1,1,1,4),(0.E0,
1.428571428571E-1,2.857142857143E-1,4.285714285714E-1,5.714285714286E-1,
7.142857142857E-1,8.571428571429E-1,1.E0),.UNSPECIFIED.);
#2163=B_SPLINE_CURVE_WITH_KNOTS('',3,(#2154,#2155,#2156,#2157,#2158,#2159,#2160,
#2161,#2162),.UNSPECIFIED.,.F.,.F.,(4,1,1,1,1,1,4),(0.E0,1.666666666667E-1,
3.333333333333E-1,5.E-1,6.666666666667E-1,8.333333333333E-1,1.E0),
.UNSPECIFIED.);
#2175=B_SPLINE_CURVE_WITH_KNOTS('',3,(#2168,#2169,#2170,#2171,#2172,#2173,
#2174),.UNSPECIFIED.,.F.,.F.,(4,1,1,1,4),(0.E0,2.5E-1,5.E-1,7.5E-1,1.E0),
.UNSPECIFIED.);
#2189=B_SPLINE_CURVE_WITH_KNOTS('',3,(#2180,#2181,#2182,#2183,#2184,#2185,#2186,
#2187,#2188),.UNSPECIFIED.,.F.,.F.,(4,1,1,1,1,1,4),(0.E0,1.666666666667E-1,
3.333333333333E-1,5.E-1,6.666666666667E-1,8.333333333333E-1,1.E0),
.UNSPECIFIED.);
#2201=B_SPLINE_CURVE_WITH_KNOTS('',3,(#2194,#2195,#2196,#2197,#2198,#2199,
#2200),.UNSPECIFIED.,.F.,.F.,(4,1,1,1,4),(0.E0,2.5E-1,5.E-1,7.5E-1,1.E0),
.UNSPECIFIED.);
#2208=B_SPLINE_CURVE_WITH_KNOTS('',3,(#2202,#2203,#2204,#2205,#2206,#2207),
.UNSPECIFIED.,.F.,.F.,(4,1,1,4),(0.E0,3.333333333333E-1,6.666666666667E-1,1.E0),
.UNSPECIFIED.);
#2215=B_SPLINE_CURVE_WITH_KNOTS('',3,(#2209,#2210,#2211,#2212,#2213,#2214),
.UNSPECIFIED.,.F.,.F.,(4,1,1,4),(0.E0,3.333333333333E-1,6.666666666667E-1,1.E0),
.UNSPECIFIED.);
#2227=B_SPLINE_CURVE_WITH_KNOTS('',3,(#2220,#2221,#2222,#2223,#2224,#2225,
#2226),.UNSPECIFIED.,.F.,.F.,(4,1,1,1,4),(0.E0,2.5E-1,5.E-1,7.5E-1,1.E0),
.UNSPECIFIED.);
#2238=B_SPLINE_CURVE_WITH_KNOTS('',3,(#2232,#2233,#2234,#2235,#2236,#2237),
.UNSPECIFIED.,.F.,.F.,(4,1,1,4),(0.E0,3.333333333333E-1,6.666666666667E-1,1.E0),
.UNSPECIFIED.);
#2245=B_SPLINE_CURVE_WITH_KNOTS('',3,(#2239,#2240,#2241,#2242,#2243,#2244),
.UNSPECIFIED.,.F.,.F.,(4,1,1,4),(0.E0,3.333333333333E-1,6.666666666667E-1,1.E0),
.UNSPECIFIED.);
#2257=B_SPLINE_CURVE_WITH_KNOTS('',3,(#2250,#2251,#2252,#2253,#2254,#2255,
#2256),.UNSPECIFIED.,.F.,.F.,(4,1,1,1,4),(0.E0,2.5E-1,5.E-1,7.5E-1,1.E0),
.UNSPECIFIED.);
#2268=B_SPLINE_CURVE_WITH_KNOTS('',3,(#2262,#2263,#2264,#2265,#2266,#2267),
.UNSPECIFIED.,.F.,.F.,(4,1,1,4),(0.E0,3.333333333333E-1,6.666666666667E-1,1.E0),
.UNSPECIFIED.);
#2275=B_SPLINE_CURVE_WITH_KNOTS('',3,(#2269,#2270,#2271,#2272,#2273,#2274),
.UNSPECIFIED.,.F.,.F.,(4,1,1,4),(0.E0,3.333333333333E-1,6.666666666667E-1,1.E0),
.UNSPECIFIED.);
#2287=B_SPLINE_CURVE_WITH_KNOTS('',3,(#2280,#2281,#2282,#2283,#2284,#2285,
#2286),.UNSPECIFIED.,.F.,.F.,(4,1,1,1,4),(0.E0,2.5E-1,5.E-1,7.5E-1,1.E0),
.UNSPECIFIED.);
#2298=B_SPLINE_CURVE_WITH_KNOTS('',3,(#2292,#2293,#2294,#2295,#2296,#2297),
.UNSPECIFIED.,.F.,.F.,(4,1,1,4),(0.E0,3.333333333333E-1,6.666666666667E-1,1.E0),
.UNSPECIFIED.);
#2305=B_SPLINE_CURVE_WITH_KNOTS('',3,(#2299,#2300,#2301,#2302,#2303,#2304),
.UNSPECIFIED.,.F.,.F.,(4,1,1,4),(0.E0,3.333333333333E-1,6.666666666667E-1,1.E0),
.UNSPECIFIED.);
#2317=B_SPLINE_CURVE_WITH_KNOTS('',3,(#2310,#2311,#2312,#2313,#2314,#2315,
#2316),.UNSPECIFIED.,.F.,.F.,(4,1,1,1,4),(0.E0,2.5E-1,5.E-1,7.5E-1,1.E0),
.UNSPECIFIED.);
#2329=B_SPLINE_CURVE_WITH_KNOTS('',3,(#2322,#2323,#2324,#2325,#2326,#2327,
#2328),.UNSPECIFIED.,.F.,.F.,(4,1,1,1,4),(0.E0,2.5E-1,5.E-1,7.5E-1,1.E0),
.UNSPECIFIED.);
#2340=B_SPLINE_CURVE_WITH_KNOTS('',3,(#2334,#2335,#2336,#2337,#2338,#2339),
.UNSPECIFIED.,.F.,.F.,(4,1,1,4),(0.E0,3.333333333333E-1,6.666666666667E-1,1.E0),
.UNSPECIFIED.);
#2347=B_SPLINE_CURVE_WITH_KNOTS('',3,(#2341,#2342,#2343,#2344,#2345,#2346),
.UNSPECIFIED.,.F.,.F.,(4,1,1,4),(0.E0,3.333333333333E-1,6.666666666667E-1,1.E0),
.UNSPECIFIED.);
#2359=B_SPLINE_CURVE_WITH_KNOTS('',3,(#2352,#2353,#2354,#2355,#2356,#2357,
#2358),.UNSPECIFIED.,.F.,.F.,(4,1,1,1,4),(0.E0,2.5E-1,5.E-1,7.5E-1,1.E0),
.UNSPECIFIED.);
#2370=B_SPLINE_CURVE_WITH_KNOTS('',3,(#2364,#2365,#2366,#2367,#2368,#2369),
.UNSPECIFIED.,.F.,.F.,(4,1,1,4),(0.E0,3.333333333333E-1,6.666666666667E-1,1.E0),
.UNSPECIFIED.);
#2377=B_SPLINE_CURVE_WITH_KNOTS('',3,(#2371,#2372,#2373,#2374,#2375,#2376),
.UNSPECIFIED.,.F.,.F.,(4,1,1,4),(0.E0,3.333333333333E-1,6.666666666667E-1,1.E0),
.UNSPECIFIED.);
#2393=B_SPLINE_CURVE_WITH_KNOTS('',3,(#2386,#2387,#2388,#2389,#2390,#2391,
#2392),.UNSPECIFIED.,.F.,.F.,(4,1,1,1,4),(0.E0,2.5E-1,5.E-1,7.5E-1,1.E0),
.UNSPECIFIED.);
#2404=B_SPLINE_CURVE_WITH_KNOTS('',3,(#2398,#2399,#2400,#2401,#2402,#2403),
.UNSPECIFIED.,.F.,.F.,(4,1,1,4),(0.E0,3.333333333333E-1,6.666666666667E-1,1.E0),
.UNSPECIFIED.);
#2411=B_SPLINE_CURVE_WITH_KNOTS('',3,(#2405,#2406,#2407,#2408,#2409,#2410),
.UNSPECIFIED.,.F.,.F.,(4,1,1,4),(0.E0,3.333333333333E-1,6.666666666667E-1,1.E0),
.UNSPECIFIED.);
#2423=B_SPLINE_CURVE_WITH_KNOTS('',3,(#2416,#2417,#2418,#2419,#2420,#2421,
#2422),.UNSPECIFIED.,.F.,.F.,(4,1,1,1,4),(0.E0,2.5E-1,5.E-1,7.5E-1,1.E0),
.UNSPECIFIED.);
#2434=B_SPLINE_CURVE_WITH_KNOTS('',3,(#2428,#2429,#2430,#2431,#2432,#2433),
.UNSPECIFIED.,.F.,.F.,(4,1,1,4),(0.E0,3.333333333333E-1,6.666666666667E-1,1.E0),
.UNSPECIFIED.);
#2441=B_SPLINE_CURVE_WITH_KNOTS('',3,(#2435,#2436,#2437,#2438,#2439,#2440),
.UNSPECIFIED.,.F.,.F.,(4,1,1,4),(0.E0,3.333333333333E-1,6.666666666667E-1,1.E0),
.UNSPECIFIED.);
#2453=B_SPLINE_CURVE_WITH_KNOTS('',3,(#2446,#2447,#2448,#2449,#2450,#2451,
#2452),.UNSPECIFIED.,.F.,.F.,(4,1,1,1,4),(0.E0,2.5E-1,5.E-1,7.5E-1,1.E0),
.UNSPECIFIED.);
#2464=B_SPLINE_CURVE_WITH_KNOTS('',3,(#2458,#2459,#2460,#2461,#2462,#2463),
.UNSPECIFIED.,.F.,.F.,(4,1,1,4),(0.E0,3.333333333333E-1,6.666666666667E-1,1.E0),
.UNSPECIFIED.);
#2471=B_SPLINE_CURVE_WITH_KNOTS('',3,(#2465,#2466,#2467,#2468,#2469,#2470),
.UNSPECIFIED.,.F.,.F.,(4,1,1,4),(0.E0,3.333333333333E-1,6.666666666667E-1,1.E0),
.UNSPECIFIED.);
#2483=B_SPLINE_CURVE_WITH_KNOTS('',3,(#2476,#2477,#2478,#2479,#2480,#2481,
#2482),.UNSPECIFIED.,.F.,.F.,(4,1,1,1,4),(0.E0,2.5E-1,5.E-1,7.5E-1,1.E0),
.UNSPECIFIED.);
#2494=B_SPLINE_CURVE_WITH_KNOTS('',3,(#2488,#2489,#2490,#2491,#2492,#2493),
.UNSPECIFIED.,.F.,.F.,(4,1,1,4),(0.E0,3.333333333333E-1,6.666666666667E-1,1.E0),
.UNSPECIFIED.);
#2501=B_SPLINE_CURVE_WITH_KNOTS('',3,(#2495,#2496,#2497,#2498,#2499,#2500),
.UNSPECIFIED.,.F.,.F.,(4,1,1,4),(0.E0,3.333333333333E-1,6.666666666667E-1,1.E0),
.UNSPECIFIED.);
#2509=B_SPLINE_CURVE_WITH_KNOTS('',3,(#2502,#2503,#2504,#2505,#2506,#2507,
#2508),.UNSPECIFIED.,.F.,.F.,(4,1,1,1,4),(0.E0,2.5E-1,5.E-1,7.5E-1,1.E0),
.UNSPECIFIED.);
#2520=B_SPLINE_CURVE_WITH_KNOTS('',3,(#2514,#2515,#2516,#2517,#2518,#2519),
.UNSPECIFIED.,.F.,.F.,(4,1,1,4),(0.E0,3.333333333333E-1,6.666666666667E-1,1.E0),
.UNSPECIFIED.);
#2527=B_SPLINE_CURVE_WITH_KNOTS('',3,(#2521,#2522,#2523,#2524,#2525,#2526),
.UNSPECIFIED.,.F.,.F.,(4,1,1,4),(0.E0,3.333333333333E-1,6.666666666667E-1,1.E0),
.UNSPECIFIED.);
#2539=B_SPLINE_CURVE_WITH_KNOTS('',3,(#2532,#2533,#2534,#2535,#2536,#2537,
#2538),.UNSPECIFIED.,.F.,.F.,(4,1,1,1,4),(0.E0,2.5E-1,5.E-1,7.5E-1,1.E0),
.UNSPECIFIED.);
#2550=B_SPLINE_CURVE_WITH_KNOTS('',3,(#2544,#2545,#2546,#2547,#2548,#2549),
.UNSPECIFIED.,.F.,.F.,(4,1,1,4),(0.E0,3.333333333333E-1,6.666666666667E-1,1.E0),
.UNSPECIFIED.);
#2557=B_SPLINE_CURVE_WITH_KNOTS('',3,(#2551,#2552,#2553,#2554,#2555,#2556),
.UNSPECIFIED.,.F.,.F.,(4,1,1,4),(0.E0,3.333333333333E-1,6.666666666667E-1,1.E0),
.UNSPECIFIED.);
#2569=B_SPLINE_CURVE_WITH_KNOTS('',3,(#2562,#2563,#2564,#2565,#2566,#2567,
#2568),.UNSPECIFIED.,.F.,.F.,(4,1,1,1,4),(0.E0,2.5E-1,5.E-1,7.5E-1,1.E0),
.UNSPECIFIED.);
#2583=B_SPLINE_CURVE_WITH_KNOTS('',3,(#2574,#2575,#2576,#2577,#2578,#2579,#2580,
#2581,#2582),.UNSPECIFIED.,.F.,.F.,(4,1,1,1,1,1,4),(0.E0,1.666666666667E-1,
3.333333333333E-1,5.E-1,6.666666666667E-1,8.333333333333E-1,1.E0),
.UNSPECIFIED.);
#2595=B_SPLINE_CURVE_WITH_KNOTS('',3,(#2588,#2589,#2590,#2591,#2592,#2593,
#2594),.UNSPECIFIED.,.F.,.F.,(4,1,1,1,4),(0.E0,2.5E-1,5.E-1,7.5E-1,1.E0),
.UNSPECIFIED.);
#2609=B_SPLINE_CURVE_WITH_KNOTS('',3,(#2600,#2601,#2602,#2603,#2604,#2605,#2606,
#2607,#2608),.UNSPECIFIED.,.F.,.F.,(4,1,1,1,1,1,4),(0.E0,1.666666666667E-1,
3.333333333333E-1,5.E-1,6.666666666667E-1,8.333333333333E-1,1.E0),
.UNSPECIFIED.);
#2622=CIRCLE('',#2621,1.2E1);
#2635=CIRCLE('',#2634,1.0475E1);
#2640=CIRCLE('',#2639,1.0175E1);
#2659=B_SPLINE_CURVE_WITH_KNOTS('',3,(#2649,#2650,#2651,#2652,#2653,#2654,#2655,
#2656,#2657,#2658),.UNSPECIFIED.,.F.,.F.,(4,1,1,1,1,1,1,4),(0.E0,
1.428571428571E-1,2.857142857143E-1,4.285714285714E-1,5.714285714286E-1,
7.142857142857E-1,8.571428571429E-1,1.E0),.UNSPECIFIED.);
#2672=B_SPLINE_CURVE_WITH_KNOTS('',3,(#2664,#2665,#2666,#2667,#2668,#2669,#2670,
#2671),.UNSPECIFIED.,.F.,.F.,(4,1,1,1,1,4),(0.E0,2.E-1,4.E-1,6.E-1,8.E-1,1.E0),
.UNSPECIFIED.);
#2687=B_SPLINE_CURVE_WITH_KNOTS('',3,(#2677,#2678,#2679,#2680,#2681,#2682,#2683,
#2684,#2685,#2686),.UNSPECIFIED.,.F.,.F.,(4,1,1,1,1,1,1,4),(0.E0,
1.428571428571E-1,2.857142857143E-1,4.285714285714E-1,5.714285714286E-1,
7.142857142857E-1,8.571428571429E-1,1.E0),.UNSPECIFIED.);
#2700=B_SPLINE_CURVE_WITH_KNOTS('',3,(#2692,#2693,#2694,#2695,#2696,#2697,#2698,
#2699),.UNSPECIFIED.,.F.,.F.,(4,1,1,1,1,4),(0.E0,2.E-1,4.E-1,6.E-1,8.E-1,1.E0),
.UNSPECIFIED.);
#2713=B_SPLINE_CURVE_WITH_KNOTS('',3,(#2705,#2706,#2707,#2708,#2709,#2710,#2711,
#2712),.UNSPECIFIED.,.F.,.F.,(4,1,1,1,1,4),(0.E0,2.E-1,4.E-1,6.E-1,8.E-1,1.E0),
.UNSPECIFIED.);
#2730=B_SPLINE_CURVE_WITH_KNOTS('',3,(#2722,#2723,#2724,#2725,#2726,#2727,#2728,
#2729),.UNSPECIFIED.,.F.,.F.,(4,1,1,1,1,4),(0.E0,2.E-1,4.E-1,6.E-1,8.E-1,1.E0),
.UNSPECIFIED.);
#2747=B_SPLINE_CURVE_WITH_KNOTS('',3,(#2739,#2740,#2741,#2742,#2743,#2744,#2745,
#2746),.UNSPECIFIED.,.F.,.F.,(4,1,1,1,1,4),(0.E0,2.E-1,4.E-1,6.E-1,8.E-1,1.E0),
.UNSPECIFIED.);
#2764=B_SPLINE_CURVE_WITH_KNOTS('',3,(#2756,#2757,#2758,#2759,#2760,#2761,#2762,
#2763),.UNSPECIFIED.,.F.,.F.,(4,1,1,1,1,4),(0.E0,2.E-1,4.E-1,6.E-1,8.E-1,1.E0),
.UNSPECIFIED.);
#2785=B_SPLINE_CURVE_WITH_KNOTS('',3,(#2777,#2778,#2779,#2780,#2781,#2782,#2783,
#2784),.UNSPECIFIED.,.F.,.F.,(4,1,1,1,1,4),(0.E0,2.E-1,4.E-1,6.E-1,8.E-1,1.E0),
.UNSPECIFIED.);
#2800=B_SPLINE_CURVE_WITH_KNOTS('',3,(#2790,#2791,#2792,#2793,#2794,#2795,#2796,
#2797,#2798,#2799),.UNSPECIFIED.,.F.,.F.,(4,1,1,1,1,1,1,4),(0.E0,
1.428571428571E-1,2.857142857143E-1,4.285714285714E-1,5.714285714286E-1,
7.142857142857E-1,8.571428571429E-1,1.E0),.UNSPECIFIED.);
#2813=B_SPLINE_CURVE_WITH_KNOTS('',3,(#2805,#2806,#2807,#2808,#2809,#2810,#2811,
#2812),.UNSPECIFIED.,.F.,.F.,(4,1,1,1,1,4),(0.E0,2.E-1,4.E-1,6.E-1,8.E-1,1.E0),
.UNSPECIFIED.);
#2830=B_SPLINE_CURVE_WITH_KNOTS('',3,(#2822,#2823,#2824,#2825,#2826,#2827,#2828,
#2829),.UNSPECIFIED.,.F.,.F.,(4,1,1,1,1,4),(0.E0,2.E-1,4.E-1,6.E-1,8.E-1,1.E0),
.UNSPECIFIED.);
#2847=B_SPLINE_CURVE_WITH_KNOTS('',3,(#2839,#2840,#2841,#2842,#2843,#2844,#2845,
#2846),.UNSPECIFIED.,.F.,.F.,(4,1,1,1,1,4),(0.E0,2.E-1,4.E-1,6.E-1,8.E-1,1.E0),
.UNSPECIFIED.);
#2860=B_SPLINE_CURVE_WITH_KNOTS('',3,(#2852,#2853,#2854,#2855,#2856,#2857,#2858,
#2859),.UNSPECIFIED.,.F.,.F.,(4,1,1,1,1,4),(0.E0,2.E-1,4.E-1,6.E-1,8.E-1,1.E0),
.UNSPECIFIED.);
#2877=B_SPLINE_CURVE_WITH_KNOTS('',3,(#2869,#2870,#2871,#2872,#2873,#2874,#2875,
#2876),.UNSPECIFIED.,.F.,.F.,(4,1,1,1,1,4),(0.E0,2.E-1,4.E-1,6.E-1,8.E-1,1.E0),
.UNSPECIFIED.);
#2894=B_SPLINE_CURVE_WITH_KNOTS('',3,(#2886,#2887,#2888,#2889,#2890,#2891,#2892,
#2893),.UNSPECIFIED.,.F.,.F.,(4,1,1,1,1,4),(0.E0,2.E-1,4.E-1,6.E-1,8.E-1,1.E0),
.UNSPECIFIED.);
#2911=B_SPLINE_CURVE_WITH_KNOTS('',3,(#2903,#2904,#2905,#2906,#2907,#2908,#2909,
#2910),.UNSPECIFIED.,.F.,.F.,(4,1,1,1,1,4),(0.E0,2.E-1,4.E-1,6.E-1,8.E-1,1.E0),
.UNSPECIFIED.);
#2932=B_SPLINE_CURVE_WITH_KNOTS('',3,(#2924,#2925,#2926,#2927,#2928,#2929,#2930,
#2931),.UNSPECIFIED.,.F.,.F.,(4,1,1,1,1,4),(0.E0,2.E-1,4.E-1,6.E-1,8.E-1,1.E0),
.UNSPECIFIED.);
#2949=B_SPLINE_CURVE_WITH_KNOTS('',3,(#2941,#2942,#2943,#2944,#2945,#2946,#2947,
#2948),.UNSPECIFIED.,.F.,.F.,(4,1,1,1,1,4),(0.E0,2.E-1,4.E-1,6.E-1,8.E-1,1.E0),
.UNSPECIFIED.);
#3400=EDGE_CURVE('',#3345,#3315,#207,.T.);
#3402=EDGE_CURVE('',#3242,#3345,#218,.T.);
#3404=EDGE_CURVE('',#3241,#3242,#222,.T.);
#3406=EDGE_CURVE('',#3315,#3241,#462,.T.);
#3416=EDGE_CURVE('',#3316,#3293,#250,.T.);
#3418=EDGE_CURVE('',#3345,#3293,#231,.T.);
#3421=EDGE_CURVE('',#3315,#3316,#494,.T.);
#3431=EDGE_CURVE('',#3292,#3346,#235,.T.);
#3433=EDGE_CURVE('',#3293,#3292,#246,.T.);
#3436=EDGE_CURVE('',#3316,#3346,#483,.T.);
#3447=EDGE_CURVE('',#3292,#3242,#259,.T.);
#3450=EDGE_CURVE('',#3346,#3241,#473,.T.);
#3460=EDGE_CURVE('',#3385,#3275,#264,.T.);
#3462=EDGE_CURVE('',#3322,#3385,#269,.T.);
#3464=EDGE_CURVE('',#3322,#3274,#362,.T.);
#3466=EDGE_CURVE('',#3274,#3275,#427,.T.);
#3470=EDGE_CURVE('',#3313,#3341,#2932,.T.);
#3472=EDGE_CURVE('',#3341,#3282,#280,.T.);
#3474=EDGE_CURVE('',#3282,#3255,#2949,.T.);
#3476=EDGE_CURVE('',#3255,#3313,#291,.T.);
#3480=EDGE_CURVE('',#3331,#3382,#2894,.T.);
#3482=EDGE_CURVE('',#3382,#3370,#302,.T.);
#3484=EDGE_CURVE('',#3370,#3301,#2911,.T.);
#3486=EDGE_CURVE('',#3301,#3331,#313,.T.);
#3490=EDGE_CURVE('',#3225,#3226,#2860,.T.);
#3492=EDGE_CURVE('',#3226,#3361,#324,.T.);
#3494=EDGE_CURVE('',#3361,#3362,#2877,.T.);
#3496=EDGE_CURVE('',#3362,#3225,#335,.T.);
#3500=EDGE_CURVE('',#3305,#3306,#2830,.T.);
#3502=EDGE_CURVE('',#3306,#3344,#346,.T.);
#3504=EDGE_CURVE('',#3344,#3298,#2847,.T.);
#3506=EDGE_CURVE('',#3298,#3305,#357,.T.);
#3522=EDGE_CURVE('',#3275,#3274,#432,.T.);
#3525=EDGE_CURVE('',#3385,#3322,#367,.T.);
#3530=EDGE_CURVE('',#3372,#3373,#2785,.T.);
#3532=EDGE_CURVE('',#3373,#3258,#2800,.T.);
#3534=EDGE_CURVE('',#3258,#3294,#2813,.T.);
#3536=EDGE_CURVE('',#3294,#3372,#378,.T.);
#3540=EDGE_CURVE('',#3264,#3265,#2747,.T.);
#3542=EDGE_CURVE('',#3265,#3380,#389,.T.);
#3544=EDGE_CURVE('',#3380,#3339,#2764,.T.);
#3546=EDGE_CURVE('',#3339,#3264,#400,.T.);
#3550=EDGE_CURVE('',#3291,#3325,#2713,.T.);
#3552=EDGE_CURVE('',#3325,#3237,#411,.T.);
#3554=EDGE_CURVE('',#3237,#3238,#2730,.T.);
#3556=EDGE_CURVE('',#3238,#3291,#422,.T.);
#3560=EDGE_CURVE('',#3228,#3347,#2672,.T.);
#3562=EDGE_CURVE('',#3347,#3245,#2687,.T.);
#3564=EDGE_CURVE('',#3245,#3227,#2700,.T.);
#3566=EDGE_CURVE('',#3227,#3228,#2659,.T.);
#3580=EDGE_CURVE('',#3353,#3352,#437,.T.);
#3582=EDGE_CURVE('',#3352,#3353,#442,.T.);
#3593=EDGE_CURVE('',#3378,#3352,#447,.T.);
#3595=EDGE_CURVE('',#3360,#3378,#452,.T.);
#3597=EDGE_CURVE('',#3360,#3353,#667,.T.);
#3607=EDGE_CURVE('',#3297,#3278,#504,.T.);
#3609=EDGE_CURVE('',#3358,#3297,#515,.T.);
#3611=EDGE_CURVE('',#3358,#3279,#525,.T.);
#3613=EDGE_CURVE('',#3278,#3279,#536,.T.);
#3617=EDGE_CURVE('',#3371,#3364,#546,.T.);
#3619=EDGE_CURVE('',#3363,#3364,#557,.T.);
#3621=EDGE_CURVE('',#3363,#3304,#567,.T.);
#3623=EDGE_CURVE('',#3371,#3304,#578,.T.);
#3627=EDGE_CURVE('',#3330,#3302,#588,.T.);
#3629=EDGE_CURVE('',#3327,#3302,#599,.T.);
#3631=EDGE_CURVE('',#3327,#3374,#609,.T.);
#3633=EDGE_CURVE('',#3330,#3374,#620,.T.);
#3637=EDGE_CURVE('',#3314,#3254,#630,.T.);
#3639=EDGE_CURVE('',#3283,#3254,#641,.T.);
#3641=EDGE_CURVE('',#3283,#3368,#651,.T.);
#3643=EDGE_CURVE('',#3314,#3368,#662,.T.);
#3654=EDGE_CURVE('',#3378,#3360,#672,.T.);
#3660=EDGE_CURVE('',#3386,#3251,#682,.T.);
#3662=EDGE_CURVE('',#3246,#3251,#693,.T.);
#3664=EDGE_CURVE('',#3379,#3246,#703,.T.);
#3666=EDGE_CURVE('',#3386,#3379,#714,.T.);
#3670=EDGE_CURVE('',#3290,#3224,#724,.T.);
#3672=EDGE_CURVE('',#3223,#3224,#735,.T.);
#3674=EDGE_CURVE('',#3223,#3326,#745,.T.);
#3676=EDGE_CURVE('',#3290,#3326,#756,.T.);
#3680=EDGE_CURVE('',#3356,#3340,#766,.T.);
#3682=EDGE_CURVE('',#3383,#3340,#777,.T.);
#3684=EDGE_CURVE('',#3383,#3357,#787,.T.);
#3686=EDGE_CURVE('',#3356,#3357,#798,.T.);
#3690=EDGE_CURVE('',#3336,#3270,#808,.T.);
#3692=EDGE_CURVE('',#3259,#3336,#819,.T.);
#3694=EDGE_CURVE('',#3259,#3271,#829,.T.);
#3696=EDGE_CURVE('',#3270,#3271,#840,.T.);
#3706=EDGE_CURVE('',#3393,#3394,#859,.T.);
#3708=EDGE_CURVE('',#3394,#3378,#2644,.T.);
#3711=EDGE_CURVE('',#3393,#3360,#844,.T.);
#3721=EDGE_CURVE('',#3210,#3196,#849,.T.);
#3723=EDGE_CURVE('',#3196,#3210,#854,.T.);
#3728=EDGE_CURVE('',#3394,#3393,#864,.T.);
#3738=EDGE_CURVE('',#3210,#3206,#868,.T.);
#3741=EDGE_CURVE('',#3196,#3161,#872,.T.);
#3743=EDGE_CURVE('',#3161,#3206,#2635,.T.);
#3753=EDGE_CURVE('',#3206,#3161,#886,.T.);
#3766=EDGE_CURVE('',#3162,#3204,#877,.T.);
#3768=EDGE_CURVE('',#3161,#3162,#881,.T.);
#3771=EDGE_CURVE('',#3206,#3204,#2630,.T.);
#3781=EDGE_CURVE('',#3152,#3151,#910,.T.);
#3783=EDGE_CURVE('',#3162,#3151,#890,.T.);
#3786=EDGE_CURVE('',#3204,#3152,#2626,.T.);
#3796=EDGE_CURVE('',#3188,#3202,#895,.T.);
#3798=EDGE_CURVE('',#3202,#3188,#900,.T.);
#3802=EDGE_CURVE('',#3151,#3152,#905,.T.);
#3814=EDGE_CURVE('',#3194,#3202,#914,.T.);
#3816=EDGE_CURVE('',#3194,#3172,#938,.T.);
#3818=EDGE_CURVE('',#3172,#3188,#918,.T.);
#3829=EDGE_CURVE('',#3172,#3194,#933,.T.);
#3841=EDGE_CURVE('',#3155,#3172,#923,.T.);
#3843=EDGE_CURVE('',#3156,#3155,#928,.T.);
#3845=EDGE_CURVE('',#3156,#3194,#943,.T.);
#3858=EDGE_CURVE('',#3155,#3156,#948,.T.);
#3870=EDGE_CURVE('',#3176,#3156,#952,.T.);
#3872=EDGE_CURVE('',#3175,#3176,#957,.T.);
#3874=EDGE_CURVE('',#3175,#3155,#961,.T.);
#3885=EDGE_CURVE('',#3176,#3175,#966,.T.);
#3897=EDGE_CURVE('',#3169,#3175,#970,.T.);
#3899=EDGE_CURVE('',#3169,#3198,#2622,.T.);
#3901=EDGE_CURVE('',#3198,#3176,#974,.T.);
#3914=EDGE_CURVE('',#3198,#3169,#983,.T.);
#3925=EDGE_CURVE('',#3178,#3170,#988,.T.);
#3927=EDGE_CURVE('',#3169,#3170,#978,.T.);
#3930=EDGE_CURVE('',#3198,#3178,#2617,.T.);
#3941=EDGE_CURVE('',#3191,#3178,#993,.T.);
#3943=EDGE_CURVE('',#3200,#3191,#998,.T.);
#3945=EDGE_CURVE('',#3200,#3170,#1003,.T.);
#3956=EDGE_CURVE('',#3191,#3200,#1008,.T.);
#3959=EDGE_CURVE('',#3170,#3178,#1013,.T.);
#3969=EDGE_CURVE('',#3191,#3192,#1017,.T.);
#3972=EDGE_CURVE('',#3200,#3208,#1021,.T.);
#3974=EDGE_CURVE('',#3208,#3192,#1026,.T.);
#3984=EDGE_CURVE('',#3192,#3208,#1031,.T.);
#4001=EDGE_CURVE('',#3141,#3142,#1036,.T.);
#4003=EDGE_CURVE('',#3142,#3141,#1041,.T.);
#4013=EDGE_CURVE('',#3141,#3180,#1045,.T.);
#4016=EDGE_CURVE('',#3142,#3186,#1049,.T.);
#4018=EDGE_CURVE('',#3186,#3180,#1077,.T.);
#4028=EDGE_CURVE('',#3180,#3186,#1054,.T.);
#4042=EDGE_CURVE('',#3148,#3180,#1058,.T.);
#4044=EDGE_CURVE('',#3145,#3148,#1063,.T.);
#4046=EDGE_CURVE('',#3145,#3186,#1067,.T.);
#4057=EDGE_CURVE('',#3148,#3145,#1072,.T.);
#4069=EDGE_CURVE('',#3148,#3158,#1081,.T.);
#4072=EDGE_CURVE('',#3145,#3146,#1085,.T.);
#4074=EDGE_CURVE('',#3146,#3158,#1090,.T.);
#4084=EDGE_CURVE('',#3158,#3146,#1095,.T.);
#4101=EDGE_CURVE('',#3217,#3218,#1100,.T.);
#4103=EDGE_CURVE('',#3218,#3217,#1109,.T.);
#4114=EDGE_CURVE('',#3218,#3124,#1113,.T.);
#4116=EDGE_CURVE('',#3124,#3109,#1957,.T.);
#4118=EDGE_CURVE('',#3217,#3109,#1104,.T.);
#4130=EDGE_CURVE('',#3109,#3124,#1123,.T.);
#4141=EDGE_CURVE('',#3101,#3100,#1380,.T.);
#4143=EDGE_CURVE('',#3124,#3100,#1118,.T.);
#4146=EDGE_CURVE('',#3109,#3101,#1952,.T.);
#4150=EDGE_CURVE('',#2981,#3104,#1130,.T.);
#4152=EDGE_CURVE('',#3094,#2981,#1141,.T.);
#4154=EDGE_CURVE('',#3065,#3094,#1151,.T.);
#4156=EDGE_CURVE('',#3064,#3065,#1162,.T.);
#4158=EDGE_CURVE('',#3104,#3064,#1169,.T.);
#4162=EDGE_CURVE('',#3043,#3023,#1179,.T.);
#4164=EDGE_CURVE('',#2951,#3043,#1190,.T.);
#4166=EDGE_CURVE('',#2950,#2951,#1197,.T.);
#4168=EDGE_CURVE('',#2952,#2950,#1204,.T.);
#4170=EDGE_CURVE('',#3023,#2952,#1215,.T.);
#4174=EDGE_CURVE('',#2976,#2974,#1222,.T.);
#4176=EDGE_CURVE('',#3113,#2976,#1233,.T.);
#4178=EDGE_CURVE('',#3116,#3113,#1240,.T.);
#4180=EDGE_CURVE('',#3050,#3116,#1247,.T.);
#4182=EDGE_CURVE('',#2975,#3050,#1258,.T.);
#4184=EDGE_CURVE('',#2974,#2975,#1265,.T.);
#4188=EDGE_CURVE('',#3048,#3128,#1272,.T.);
#4190=EDGE_CURVE('',#2962,#3048,#1283,.T.);
#4192=EDGE_CURVE('',#2961,#2962,#1290,.T.);
#4194=EDGE_CURVE('',#2963,#2961,#1297,.T.);
#4196=EDGE_CURVE('',#3078,#2963,#1308,.T.);
#4198=EDGE_CURVE('',#3128,#3078,#1315,.T.);
#4202=EDGE_CURVE('',#2994,#3019,#1322,.T.);
#4204=EDGE_CURVE('',#3027,#2994,#1333,.T.);
#4206=EDGE_CURVE('',#3062,#3027,#1340,.T.);
#4208=EDGE_CURVE('',#3063,#3062,#1347,.T.);
#4210=EDGE_CURVE('',#3020,#3063,#1358,.T.);
#4212=EDGE_CURVE('',#3019,#3020,#1365,.T.);
#4222=EDGE_CURVE('',#3017,#3018,#1370,.T.);
#4224=EDGE_CURVE('',#3018,#3017,#1375,.T.);
#4229=EDGE_CURVE('',#3100,#3101,#1385,.T.);
#4239=EDGE_CURVE('',#3133,#3018,#1390,.T.);
#4241=EDGE_CURVE('',#3071,#3133,#1395,.T.);
#4243=EDGE_CURVE('',#3071,#3017,#1400,.T.);
#4248=EDGE_CURVE('',#3061,#3089,#2329,.T.);
#4250=EDGE_CURVE('',#3089,#3126,#2347,.T.);
#4252=EDGE_CURVE('',#3126,#3026,#2340,.T.);
#4254=EDGE_CURVE('',#3026,#2995,#2359,.T.);
#4256=EDGE_CURVE('',#2995,#3138,#2377,.T.);
#4258=EDGE_CURVE('',#3138,#3061,#2370,.T.);
#4262=EDGE_CURVE('',#3079,#3014,#2393,.T.);
#4264=EDGE_CURVE('',#3014,#3012,#2411,.T.);
#4266=EDGE_CURVE('',#3012,#3013,#2404,.T.);
#4268=EDGE_CURVE('',#3013,#3047,#2423,.T.);
#4270=EDGE_CURVE('',#3047,#3137,#2441,.T.);
#4272=EDGE_CURVE('',#3137,#3079,#2434,.T.);
#4276=EDGE_CURVE('',#2959,#2960,#2453,.T.);
#4278=EDGE_CURVE('',#2960,#3119,#2471,.T.);
#4280=EDGE_CURVE('',#3119,#3112,#2464,.T.);
#4282=EDGE_CURVE('',#3112,#3052,#2483,.T.);
#4284=EDGE_CURVE('',#3052,#3051,#2501,.T.);
#4286=EDGE_CURVE('',#3051,#2959,#2494,.T.);
#4290=EDGE_CURVE('',#3053,#3054,#2509,.T.);
#4292=EDGE_CURVE('',#3054,#3130,#2527,.T.);
#4294=EDGE_CURVE('',#3130,#3092,#2520,.T.);
#4296=EDGE_CURVE('',#3092,#3044,#2539,.T.);
#4298=EDGE_CURVE('',#3044,#3122,#2557,.T.);
#4300=EDGE_CURVE('',#3122,#3053,#2550,.T.);
#4304=EDGE_CURVE('',#3093,#3039,#2569,.T.);
#4306=EDGE_CURVE('',#3039,#3038,#2583,.T.);
#4308=EDGE_CURVE('',#3038,#2982,#2595,.T.);
#4310=EDGE_CURVE('',#2982,#3093,#2609,.T.);
#4322=EDGE_CURVE('',#3133,#3071,#1405,.T.);
#4327=EDGE_CURVE('',#3117,#3118,#1899,.T.);
#4329=EDGE_CURVE('',#3118,#2998,#1913,.T.);
#4331=EDGE_CURVE('',#2998,#3040,#1925,.T.);
#4333=EDGE_CURVE('',#3040,#3136,#1943,.T.);
#4335=EDGE_CURVE('',#3136,#3117,#1936,.T.);
#4339=EDGE_CURVE('',#3004,#3005,#2287,.T.);
#4341=EDGE_CURVE('',#3005,#3110,#2305,.T.);
#4343=EDGE_CURVE('',#3110,#3111,#2298,.T.);
#4345=EDGE_CURVE('',#3111,#3075,#2317,.T.);
#4347=EDGE_CURVE('',#3075,#3074,#2275,.T.);
#4349=EDGE_CURVE('',#3074,#3004,#2268,.T.);
#4353=EDGE_CURVE('',#3035,#3073,#2227,.T.);
#4355=EDGE_CURVE('',#3073,#3135,#2245,.T.);
#4357=EDGE_CURVE('',#3135,#2977,#2238,.T.);
#4359=EDGE_CURVE('',#2977,#2978,#2257,.T.);
#4361=EDGE_CURVE('',#2978,#3127,#2215,.T.);
#4363=EDGE_CURVE('',#3127,#3035,#2208,.T.);
#4367=EDGE_CURVE('',#2965,#3095,#2175,.T.);
#4369=EDGE_CURVE('',#3095,#2985,#2189,.T.);
#4371=EDGE_CURVE('',#2985,#2964,#2201,.T.);
#4373=EDGE_CURVE('',#2964,#2965,#2163,.T.);
#4384=EDGE_CURVE('',#3031,#3071,#1409,.T.);
#4386=EDGE_CURVE('',#3031,#3030,#1423,.T.);
#4388=EDGE_CURVE('',#3030,#3133,#1413,.T.);
#4399=EDGE_CURVE('',#3030,#3031,#1418,.T.);
#4415=EDGE_CURVE('',#2990,#3083,#1428,.T.);
#4417=EDGE_CURVE('',#3083,#2990,#1433,.T.);
#4427=EDGE_CURVE('',#3022,#3083,#1438,.T.);
#4429=EDGE_CURVE('',#2989,#3022,#1443,.T.);
#4431=EDGE_CURVE('',#2989,#2990,#1448,.T.);
#4444=EDGE_CURVE('',#3022,#2989,#1453,.T.);
#4455=EDGE_CURVE('',#3022,#2968,#1457,.T.);
#4458=EDGE_CURVE('',#2989,#3069,#1461,.T.);
#4460=EDGE_CURVE('',#3069,#2968,#1501,.T.);
#4470=EDGE_CURVE('',#2968,#3069,#1471,.T.);
#4483=EDGE_CURVE('',#2969,#3085,#1476,.T.);
#4485=EDGE_CURVE('',#3069,#3085,#1466,.T.);
#4488=EDGE_CURVE('',#2968,#2969,#1496,.T.);
#4499=EDGE_CURVE('',#3085,#2969,#1481,.T.);
#4503=EDGE_CURVE('',#3067,#3003,#1486,.T.);
#4505=EDGE_CURVE('',#3003,#3067,#1491,.T.);
#4527=EDGE_CURVE('',#3002,#3003,#1505,.T.);
#4529=EDGE_CURVE('',#3002,#3106,#1524,.T.);
#4531=EDGE_CURVE('',#3106,#3067,#1509,.T.);
#4544=EDGE_CURVE('',#3106,#3002,#1529,.T.);
#4555=EDGE_CURVE('',#2956,#2955,#1514,.T.);
#4557=EDGE_CURVE('',#2955,#2956,#1519,.T.);
#4571=EDGE_CURVE('',#3121,#3115,#1548,.T.);
#4573=EDGE_CURVE('',#2956,#3115,#1533,.T.);
#4576=EDGE_CURVE('',#2955,#3121,#1891,.T.);
#4586=EDGE_CURVE('',#3058,#3059,#1538,.T.);
#4588=EDGE_CURVE('',#3059,#3058,#1543,.T.);
#4593=EDGE_CURVE('',#3115,#3121,#1553,.T.);
#4603=EDGE_CURVE('',#3097,#3059,#1558,.T.);
#4605=EDGE_CURVE('',#3091,#3097,#1563,.T.);
#4607=EDGE_CURVE('',#3091,#3058,#1568,.T.);
#4620=EDGE_CURVE('',#3097,#3091,#1573,.T.);
#4632=EDGE_CURVE('',#3009,#3091,#1577,.T.);
#4634=EDGE_CURVE('',#3009,#3008,#1887,.T.);
#4636=EDGE_CURVE('',#3008,#3097,#1581,.T.);
#4647=EDGE_CURVE('',#3008,#3009,#1591,.T.);
#4659=EDGE_CURVE('',#2972,#2973,#1606,.T.);
#4661=EDGE_CURVE('',#3009,#2973,#1586,.T.);
#4664=EDGE_CURVE('',#3008,#2972,#1882,.T.);
#4674=EDGE_CURVE('',#3213,#3214,#1596,.T.);
#4676=EDGE_CURVE('',#3214,#3213,#1601,.T.);
#4681=EDGE_CURVE('',#2973,#2972,#1611,.T.);
#4692=EDGE_CURVE('',#3213,#3183,#1619,.T.);
#4694=EDGE_CURVE('',#3183,#3184,#1644,.T.);
#4696=EDGE_CURVE('',#3214,#3184,#1615,.T.);
#4708=EDGE_CURVE('',#3184,#3183,#1624,.T.);
#4719=EDGE_CURVE('',#3183,#3165,#1649,.T.);
#4722=EDGE_CURVE('',#3166,#3184,#1639,.T.);
#4724=EDGE_CURVE('',#3165,#3166,#1629,.T.);
#4734=EDGE_CURVE('',#3166,#3165,#1634,.T.);
#4747=EDGE_CURVE('',#3389,#3390,#1654,.T.);
#4749=EDGE_CURVE('',#3166,#3390,#1658,.T.);
#4752=EDGE_CURVE('',#3165,#3389,#1677,.T.);
#4763=EDGE_CURVE('',#3390,#3389,#1673,.T.);
#4767=EDGE_CURVE('',#3235,#3236,#1663,.T.);
#4769=EDGE_CURVE('',#3236,#3235,#1668,.T.);
#4792=EDGE_CURVE('',#3269,#3236,#1682,.T.);
#4794=EDGE_CURVE('',#3268,#3269,#1687,.T.);
#4796=EDGE_CURVE('',#3268,#3235,#1692,.T.);
#4807=EDGE_CURVE('',#3269,#3268,#1697,.T.);
#4819=EDGE_CURVE('',#3349,#3343,#1711,.T.);
#4821=EDGE_CURVE('',#3269,#3343,#1701,.T.);
#4824=EDGE_CURVE('',#3268,#3349,#1745,.T.);
#4834=EDGE_CURVE('',#3310,#3309,#1721,.T.);
#4836=EDGE_CURVE('',#3343,#3309,#1706,.T.);
#4839=EDGE_CURVE('',#3349,#3310,#1736,.T.);
#4849=EDGE_CURVE('',#3309,#3310,#1716,.T.);
#4854=EDGE_CURVE('',#3376,#3366,#1726,.T.);
#4856=EDGE_CURVE('',#3366,#3376,#1731,.T.);
#4867=EDGE_CURVE('',#3343,#3349,#1741,.T.);
#4892=EDGE_CURVE('',#3222,#3366,#1749,.T.);
#4894=EDGE_CURVE('',#3222,#3221,#1758,.T.);
#4896=EDGE_CURVE('',#3221,#3376,#1753,.T.);
#4907=EDGE_CURVE('',#3221,#3222,#1763,.T.);
#4923=EDGE_CURVE('',#3262,#3355,#1768,.T.);
#4925=EDGE_CURVE('',#3355,#3262,#1773,.T.);
#4935=EDGE_CURVE('',#3262,#3263,#1777,.T.);
#4938=EDGE_CURVE('',#3355,#3318,#1781,.T.);
#4940=EDGE_CURVE('',#3318,#3263,#1796,.T.);
#4950=EDGE_CURVE('',#3263,#3318,#1801,.T.);
#4963=EDGE_CURVE('',#3232,#3335,#1786,.T.);
#4965=EDGE_CURVE('',#3335,#3232,#1791,.T.);
#4980=EDGE_CURVE('',#3320,#3335,#1806,.T.);
#4982=EDGE_CURVE('',#3231,#3320,#1811,.T.);
#4984=EDGE_CURVE('',#3231,#3232,#1816,.T.);
#4995=EDGE_CURVE('',#3320,#3231,#1821,.T.);
#5007=EDGE_CURVE('',#3277,#3231,#1825,.T.);
#5009=EDGE_CURVE('',#3277,#3249,#1849,.T.);
#5011=EDGE_CURVE('',#3249,#3320,#1829,.T.);
#5024=EDGE_CURVE('',#3249,#3277,#1839,.T.);
#5035=EDGE_CURVE('',#3277,#3333,#1834,.T.);
#5038=EDGE_CURVE('',#3249,#3250,#1844,.T.);
#5040=EDGE_CURVE('',#3250,#3333,#1864,.T.);
#5050=EDGE_CURVE('',#3333,#3250,#1869,.T.);
#5063=EDGE_CURVE('',#3286,#3287,#1854,.T.);
#5065=EDGE_CURVE('',#3287,#3286,#1859,.T.);
#5079=EDGE_CURVE('',#3286,#3385,#1873,.T.);
#5082=EDGE_CURVE('',#3287,#3322,#1877,.T.);
#5129=EDGE_CURVE('',#3011,#3118,#1917,.T.);
#5132=EDGE_CURVE('',#3117,#3010,#1929,.T.);
#5134=EDGE_CURVE('',#3010,#3011,#2149,.T.);
#5144=EDGE_CURVE('',#2998,#2999,#1903,.T.);
#5148=EDGE_CURVE('',#3011,#3055,#2138,.T.);
#5150=EDGE_CURVE('',#3055,#2999,#2131,.T.);
#5160=EDGE_CURVE('',#3086,#3040,#1947,.T.);
#5164=EDGE_CURVE('',#2999,#3086,#2124,.T.);
#5178=EDGE_CURVE('',#3086,#3010,#2113,.T.);
#5194=EDGE_CURVE('',#2991,#3080,#1964,.T.);
#5196=EDGE_CURVE('',#2986,#2991,#1975,.T.);
#5198=EDGE_CURVE('',#3125,#2986,#1985,.T.);
#5200=EDGE_CURVE('',#3081,#3125,#1996,.T.);
#5202=EDGE_CURVE('',#3080,#3081,#2003,.T.);
#5206=EDGE_CURVE('',#2958,#3134,#2010,.T.);
#5208=EDGE_CURVE('',#2957,#2958,#2021,.T.);
#5210=EDGE_CURVE('',#3036,#2957,#2028,.T.);
#5212=EDGE_CURVE('',#3037,#3036,#2035,.T.);
#5214=EDGE_CURVE('',#3034,#3037,#2046,.T.);
#5216=EDGE_CURVE('',#3134,#3034,#2053,.T.);
#5220=EDGE_CURVE('',#3088,#3102,#2060,.T.);
#5222=EDGE_CURVE('',#3129,#3088,#2071,.T.);
#5224=EDGE_CURVE('',#3131,#3129,#2078,.T.);
#5226=EDGE_CURVE('',#3107,#3131,#2085,.T.);
#5228=EDGE_CURVE('',#3103,#3107,#2096,.T.);
#5230=EDGE_CURVE('',#3102,#3103,#2103,.T.);
#5247=EDGE_CURVE('',#2965,#3081,#2153,.T.);
#5250=EDGE_CURVE('',#2991,#2964,#2167,.T.);
#5262=EDGE_CURVE('',#3125,#3095,#2193,.T.);
#5275=EDGE_CURVE('',#2985,#2986,#2179,.T.);
#5300=EDGE_CURVE('',#3034,#3035,#2231,.T.);
#5304=EDGE_CURVE('',#2978,#2958,#2249,.T.);
#5316=EDGE_CURVE('',#3073,#3037,#2219,.T.);
#5329=EDGE_CURVE('',#2957,#2977,#2261,.T.);
#5356=EDGE_CURVE('',#3103,#3004,#2291,.T.);
#5360=EDGE_CURVE('',#3075,#3088,#2309,.T.);
#5372=EDGE_CURVE('',#3005,#3107,#2279,.T.);
#5385=EDGE_CURVE('',#3129,#3111,#2321,.T.);
#5412=EDGE_CURVE('',#3063,#3089,#2351,.T.);
#5415=EDGE_CURVE('',#3061,#3020,#2363,.T.);
#5426=EDGE_CURVE('',#3026,#3027,#2333,.T.);
#5441=EDGE_CURVE('',#2994,#2995,#2381,.T.);
#5468=EDGE_CURVE('',#3014,#2963,#2385,.T.);
#5471=EDGE_CURVE('',#3078,#3079,#2397,.T.);
#5482=EDGE_CURVE('',#2962,#3013,#2427,.T.);
#5497=EDGE_CURVE('',#3047,#3048,#2415,.T.);
#5524=EDGE_CURVE('',#2960,#3050,#2445,.T.);
#5527=EDGE_CURVE('',#2975,#2959,#2457,.T.);
#5538=EDGE_CURVE('',#3113,#3112,#2487,.T.);
#5553=EDGE_CURVE('',#3052,#2976,#2475,.T.);
#5580=EDGE_CURVE('',#2952,#3054,#2531,.T.);
#5583=EDGE_CURVE('',#3053,#3023,#2543,.T.);
#5594=EDGE_CURVE('',#3092,#2951,#2513,.T.);
#5609=EDGE_CURVE('',#3043,#3044,#2561,.T.);
#5635=EDGE_CURVE('',#3065,#3039,#2587,.T.);
#5638=EDGE_CURVE('',#3093,#3064,#2599,.T.);
#5649=EDGE_CURVE('',#3038,#3094,#2573,.T.);
#5662=EDGE_CURVE('',#2981,#2982,#2613,.T.);
#5701=EDGE_CURVE('',#3204,#3162,#2640,.T.);
#5737=EDGE_CURVE('',#3228,#3386,#2648,.T.);
#5740=EDGE_CURVE('',#3251,#3227,#2663,.T.);
#5751=EDGE_CURVE('',#3379,#3347,#2691,.T.);
#5764=EDGE_CURVE('',#3245,#3246,#2676,.T.);
#5789=EDGE_CURVE('',#3290,#3291,#2717,.T.);
#5792=EDGE_CURVE('',#3238,#3224,#2721,.T.);
#5803=EDGE_CURVE('',#3325,#3326,#2704,.T.);
#5816=EDGE_CURVE('',#3223,#3237,#2734,.T.);
#5841=EDGE_CURVE('',#3356,#3264,#2751,.T.);
#5844=EDGE_CURVE('',#3339,#3340,#2755,.T.);
#5855=EDGE_CURVE('',#3265,#3357,#2738,.T.);
#5868=EDGE_CURVE('',#3383,#3380,#2768,.T.);
#5893=EDGE_CURVE('',#3372,#3270,#2772,.T.);
#5896=EDGE_CURVE('',#3336,#3294,#2776,.T.);
#5907=EDGE_CURVE('',#3271,#3373,#2804,.T.);
#5920=EDGE_CURVE('',#3258,#3259,#2789,.T.);
#5945=EDGE_CURVE('',#3305,#3278,#2817,.T.);
#5948=EDGE_CURVE('',#3297,#3298,#2821,.T.);
#5959=EDGE_CURVE('',#3279,#3306,#2838,.T.);
#5972=EDGE_CURVE('',#3344,#3358,#2834,.T.);
#5997=EDGE_CURVE('',#3371,#3225,#2864,.T.);
#6000=EDGE_CURVE('',#3362,#3364,#2868,.T.);
#6011=EDGE_CURVE('',#3226,#3304,#2851,.T.);
#6024=EDGE_CURVE('',#3363,#3361,#2881,.T.);
#6049=EDGE_CURVE('',#3330,#3331,#2898,.T.);
#6052=EDGE_CURVE('',#3301,#3302,#2902,.T.);
#6063=EDGE_CURVE('',#3382,#3374,#2885,.T.);
#6076=EDGE_CURVE('',#3327,#3370,#2915,.T.);
#6101=EDGE_CURVE('',#3313,#3314,#2919,.T.);
#6104=EDGE_CURVE('',#3254,#3255,#2923,.T.);
#6115=EDGE_CURVE('',#3368,#3341,#2940,.T.);
#6128=EDGE_CURVE('',#3282,#3283,#2936,.T.);
#6158=CIRCLE('',#6157,4.E0);
#6163=CIRCLE('',#6162,4.E0);
#6176=CIRCLE('',#6175,4.E0);
#6189=CIRCLE('',#6188,4.E0);
#6194=CIRCLE('',#6193,4.089715860216E0);
#6199=CIRCLE('',#6198,8.E-1);
#6204=CIRCLE('',#6203,4.462456521247E0);
#6209=CIRCLE('',#6208,8.E-1);
#6214=CIRCLE('',#6213,4.462456521247E0);
#6219=CIRCLE('',#6218,4.089715860216E0);
#6232=CIRCLE('',#6231,6.4E0);
#6237=CIRCLE('',#6236,6.4E0);
#6242=CIRCLE('',#6241,4.6E0);
#6247=CIRCLE('',#6246,4.6E0);
#6260=CIRCLE('',#6259,6.0155E0);
#6265=CIRCLE('',#6264,2.04E0);
#6270=CIRCLE('',#6269,6.4E0);
#6275=CIRCLE('',#6274,6.4E0);
#6280=CIRCLE('',#6279,2.04E0);
#6285=CIRCLE('',#6284,6.4E0);
#6290=CIRCLE('',#6289,2.04E0);
#6303=CIRCLE('',#6302,6.4E0);
#6308=CIRCLE('',#6307,6.4E0);
#6313=CIRCLE('',#6312,4.6E0);
#6318=CIRCLE('',#6317,4.6E0);
#6331=CIRCLE('',#6330,8.E-1);
#6336=CIRCLE('',#6335,4.089715860216E0);
#6341=CIRCLE('',#6340,4.462456521247E0);
#6346=CIRCLE('',#6345,4.462456521247E0);
#6351=CIRCLE('',#6350,8.E-1);
#6356=CIRCLE('',#6355,4.089715860216E0);
#6361=CIRCLE('',#6360,6.0155E0);
#6366=CIRCLE('',#6365,2.04E0);
#6371=CIRCLE('',#6370,6.4E0);
#6433=EDGE_CURVE('',#6393,#6405,#6153,.T.);
#6435=EDGE_CURVE('',#6393,#6378,#6356,.T.);
#6437=EDGE_CURVE('',#6378,#6379,#6167,.T.);
#6439=EDGE_CURVE('',#6405,#6379,#6158,.T.);
#6449=EDGE_CURVE('',#6379,#6405,#6163,.T.);
#6452=EDGE_CURVE('',#6378,#6393,#6336,.T.);
#6463=EDGE_CURVE('',#6415,#6409,#6176,.T.);
#6465=EDGE_CURVE('',#6379,#6409,#6171,.T.);
#6468=EDGE_CURVE('',#6405,#6415,#6375,.T.);
#6479=EDGE_CURVE('',#6391,#6415,#6180,.T.);
#6481=EDGE_CURVE('',#6391,#6390,#6219,.T.);
#6483=EDGE_CURVE('',#6390,#6409,#6184,.T.);
#6494=EDGE_CURVE('',#6390,#6391,#6194,.T.);
#6497=EDGE_CURVE('',#6409,#6415,#6189,.T.);
#6508=EDGE_CURVE('',#6395,#6390,#6199,.T.);
#6510=EDGE_CURVE('',#6401,#6395,#6204,.T.);
#6512=EDGE_CURVE('',#6401,#6391,#6209,.T.);
#6523=EDGE_CURVE('',#6395,#6401,#6214,.T.);
#6536=EDGE_CURVE('',#6382,#6401,#6223,.T.);
#6538=EDGE_CURVE('',#6382,#6383,#6242,.T.);
#6540=EDGE_CURVE('',#6383,#6395,#6227,.T.);
#6551=EDGE_CURVE('',#6383,#6382,#6247,.T.);
#6563=EDGE_CURVE('',#6423,#6427,#6232,.T.);
#6565=EDGE_CURVE('',#6427,#6423,#6237,.T.);
#6580=EDGE_CURVE('',#6386,#6427,#6251,.T.);
#6582=EDGE_CURVE('',#6386,#6413,#6371,.T.);
#6584=EDGE_CURVE('',#6413,#6423,#6255,.T.);
#6595=EDGE_CURVE('',#6413,#6386,#6270,.T.);
#6607=EDGE_CURVE('',#6387,#6407,#6260,.T.);
#6609=EDGE_CURVE('',#6386,#6387,#6265,.T.);
#6612=EDGE_CURVE('',#6413,#6407,#6366,.T.);
#6622=EDGE_CURVE('',#6407,#6411,#6290,.T.);
#6624=EDGE_CURVE('',#6403,#6411,#6275,.T.);
#6626=EDGE_CURVE('',#6387,#6403,#6280,.T.);
#6638=EDGE_CURVE('',#6411,#6403,#6285,.T.);
#6641=EDGE_CURVE('',#6407,#6387,#6361,.T.);
#6652=EDGE_CURVE('',#6425,#6403,#6294,.T.);
#6654=EDGE_CURVE('',#6425,#6417,#6303,.T.);
#6656=EDGE_CURVE('',#6417,#6411,#6298,.T.);
#6667=EDGE_CURVE('',#6417,#6425,#6308,.T.);
#6683=EDGE_CURVE('',#6399,#6398,#6313,.T.);
#6685=EDGE_CURVE('',#6398,#6399,#6318,.T.);
#6695=EDGE_CURVE('',#6399,#6420,#6322,.T.);
#6698=EDGE_CURVE('',#6398,#6421,#6326,.T.);
#6700=EDGE_CURVE('',#6421,#6420,#6346,.T.);
#6710=EDGE_CURVE('',#6420,#6421,#6341,.T.);
#6723=EDGE_CURVE('',#6393,#6420,#6331,.T.);
#6726=EDGE_CURVE('',#6378,#6421,#6351,.T.);
#6770=(LENGTH_UNIT()NAMED_UNIT(*)SI_UNIT(.MILLI.,.METRE.));
#6772=(NAMED_UNIT(*)PLANE_ANGLE_UNIT()SI_UNIT($,.RADIAN.));
#6775=(NAMED_UNIT(*)SI_UNIT($,.STERADIAN.)SOLID_ANGLE_UNIT());
#6778=ADVANCED_BREP_SHAPE_REPRESENTATION('',(#6149,#6769),#6777);
#6785=PRODUCT_DEFINITION('design','',#6784,#6781);
#6786=PRODUCT_DEFINITION_SHAPE('','SHAPE FOR 628ZZ-EA030.',#6785);
#6787=SHAPE_DEFINITION_REPRESENTATION(#6786,#6778);
ENDSEC;
END-ISO-10303-21;
